day,resolve_step,resolve_clock,offset_step,offset_clock,steps_ahead,cev,scenario_id,activity_planned,planned_power_kW,planned_charging,soe_cev_planned_kWh,soe_mcs_planned_kWh,changed_from_prior_resolve
1,1,08:00,1,08:00,0,1,,Digging,4.7925,false,13.601875,250.0,
1,1,08:00,2,08:15,1,1,,Digging,4.7925,false,12.403749999999977,250.0,
1,1,08:00,3,08:30,2,1,,Charging,-2.6645352591003757e-15,true,14.303749999999978,247.89473684210526,
1,1,08:00,4,08:45,3,1,,Digging,4.7925,false,13.105624999999979,247.8947368421053,
1,1,08:00,5,09:00,4,1,,Digging,4.7925,false,11.907499999999978,247.8947368421053,
1,1,08:00,6,09:15,5,1,,Charging,0.0,true,13.807499999999978,245.78947368421055,
1,1,08:00,7,09:30,6,1,,Charging,0.0,true,14.8,244.68975069252076,
1,1,08:00,8,09:45,7,1,,Traveling,4.7101,false,13.622475000000001,244.68975069252076,
1,1,08:00,9,10:00,8,1,,Loading/Swinging,3.1586,false,12.832825000000001,244.68975069252076,
1,1,08:00,10,10:15,9,1,,Digging,4.792499999999997,false,11.634700000000002,244.68975069252076,
1,1,08:00,11,10:30,10,1,,Digging,4.7925000000000075,false,10.436575000000001,244.68975069252076,
1,1,08:00,12,10:45,11,1,,Charging,5.329070518200751e-15,true,12.336575,242.58448753462602,
1,1,08:00,13,11:00,12,1,,Digging,4.7925,false,11.138449999999999,242.58448753462602,
1,1,08:00,14,11:15,13,1,,Traveling,4.7101000000000015,false,9.960924999999998,242.58448753462602,
1,1,08:00,15,11:30,14,1,,Digging,4.7925,false,8.762799999999999,242.58448753462602,
1,1,08:00,16,11:45,15,1,,Digging,4.7925,false,7.5646749999999985,242.58448753462602,
1,1,08:00,17,12:00,16,1,,Charging,0.0,true,9.464674999999998,240.47922437673128,
1,1,08:00,18,12:15,17,1,,Charging,0.0,true,11.364674999999998,238.37396121883654,
1,1,08:00,19,12:30,18,1,,,0.0,false,11.364674999999998,238.37396121883654,
1,1,08:00,20,12:45,19,1,,,0.0,false,11.364674999999998,238.83710939398355,
1,1,08:00,21,13:00,20,1,,,0.0,false,11.364674999999998,239.30025756913057,
1,1,08:00,22,13:15,21,1,,,0.0,false,11.364674999999998,239.76340574427758,
1,1,08:00,23,13:30,22,1,,,0.0,false,11.364674999999998,240.2265539194246,
1,1,08:00,24,13:45,23,1,,,0.0,false,11.364674999999998,240.6897020945716,
1,1,08:00,25,14:00,24,1,,Digging,4.7925,false,10.166549999999997,241.1528502697186,
1,1,08:00,26,14:15,25,1,,Digging,4.7925,false,8.968424999999996,241.61599844486562,
1,1,08:00,27,14:30,26,1,,Traveling,4.710099999999922,false,7.790900000000016,242.07914662001264,
1,1,08:00,28,14:45,27,1,,Digging,4.792500000000054,false,6.592775000000002,242.54229479515965,
1,1,08:00,29,15:00,28,1,,Idle,0.0,false,6.592775000000002,243.00544297030666,
1,1,08:00,30,15:15,29,1,,Loading/Swinging,3.1586,false,5.803125000000002,243.46859114545367,
1,1,08:00,31,15:30,30,1,,Loading/Swinging,3.1586,false,5.013475000000002,243.93173932060068,
1,1,08:00,32,15:45,31,1,,Loading/Swinging,3.158599999999968,false,4.223825000000007,244.3948874957477,
1,1,08:00,33,16:00,32,1,,Traveling,4.71010000000001,false,3.0463000000000044,244.3948874957477,
1,1,08:00,34,16:15,33,1,,Charging,0.0,true,4.946299999999997,242.28962433785296,
1,1,08:00,35,16:30,34,1,,Loading/Swinging,3.1585999999999887,false,4.156649999999996,242.28962433785296,
1,1,08:00,36,16:45,35,1,,Loading/Swinging,3.1586,false,3.3669999999999964,242.28962433785296,
1,1,08:00,37,17:00,36,1,,,0.0,false,3.3669999999999964,242.28962433785296,
1,1,08:00,38,17:15,37,1,,,0.0,false,3.3669999999999964,242.28962433785296,
1,1,08:00,39,17:30,38,1,,,0.0,false,3.366999999999991,242.28962433785296,
1,1,08:00,40,17:45,39,1,,,0.0,false,3.366999999999991,242.28962433785296,
1,1,08:00,41,18:00,40,1,,,0.0,false,3.366999999999991,242.28962433785296,
1,1,08:00,42,18:15,41,1,,,0.0,false,3.366999999999991,242.28962433785296,
1,1,08:00,43,18:30,42,1,,,0.0,false,3.3669999999999907,242.28962433785296,
1,1,08:00,44,18:45,43,1,,Charging,0.0,true,5.266999999999991,240.18436117995822,
1,1,08:00,45,19:00,44,1,,Charging,0.0,true,7.166999999999991,238.07909802206348,
1,1,08:00,46,19:15,45,1,,,0.0,false,7.166999999999991,238.07909802206348,
1,1,08:00,47,19:30,46,1,,Charging,0.0,true,9.066999999999991,235.97383486416874,
1,1,08:00,48,19:45,47,1,,Charging,0.0,true,10.966999999999992,233.868571706274,
1,1,08:00,49,20:00,48,1,,Charging,0.0,true,11.00000000000001,233.83200660932107,
1,1,08:00,50,20:15,49,1,,Charging,0.0,true,12.900000000000011,231.72674345142633,
1,1,08:00,51,20:30,50,1,,Charging,0.0,true,14.8,229.6214802935316,
1,1,08:00,52,20:45,51,1,,,0.0,false,14.8,229.6214802935316,
1,1,08:00,53,21:00,52,1,,,0.0,false,14.8,230.0846284686786,
1,1,08:00,54,21:15,53,1,,,0.0,false,14.8,230.5477766438256,
1,1,08:00,55,21:30,54,1,,,0.0,false,14.8,231.01092481897263,
1,1,08:00,56,21:45,55,1,,,0.0,false,14.8,231.47407299411964,
1,1,08:00,57,22:00,56,1,,,0.0,false,14.8,231.93722116926665,
1,1,08:00,58,22:15,57,1,,,0.0,false,14.8,232.40036934441366,
1,1,08:00,59,22:30,58,1,,,0.0,false,14.8,232.86351751956067,
1,1,08:00,60,22:45,59,1,,,0.0,false,14.8,233.32666569470769,
1,1,08:00,61,23:00,60,1,,,0.0,false,14.8,233.7898138698547,
1,1,08:00,62,23:15,61,1,,,0.0,false,14.8,234.2529620450017,
1,1,08:00,63,23:30,62,1,,,0.0,false,14.8,234.71611022014872,
1,1,08:00,64,23:45,63,1,,,0.0,false,14.8,235.17925839529573,
1,1,08:00,65,00:00,64,1,,,0.0,false,14.8,235.64240657044274,
1,1,08:00,66,00:15,65,1,,,0.0,false,14.8,236.10555474558976,
1,1,08:00,67,00:30,66,1,,,0.0,false,14.8,236.56870292073677,
1,1,08:00,68,00:45,67,1,,,0.0,false,14.8,237.03185109588378,
1,1,08:00,69,01:00,68,1,,,0.0,false,14.8,237.4949992710308,
1,1,08:00,70,01:15,69,1,,,0.0,false,14.8,237.9581474461778,
1,1,08:00,71,01:30,70,1,,,0.0,false,14.8,238.42129562132482,
1,1,08:00,72,01:45,71,1,,,0.0,false,14.8,238.88444379647183,
1,1,08:00,73,02:00,72,1,,,0.0,false,14.8,239.34759197161884,
1,1,08:00,74,02:15,73,1,,,0.0,false,14.8,239.81074014676585,
1,1,08:00,75,02:30,74,1,,,0.0,false,14.8,240.27388832191286,
1,1,08:00,76,02:45,75,1,,,0.0,false,14.8,240.73703649705988,
1,1,08:00,77,03:00,76,1,,,0.0,false,14.8,241.2001846722069,
1,1,08:00,78,03:15,77,1,,,0.0,false,14.8,241.6633328473539,
1,1,08:00,79,03:30,78,1,,,0.0,false,14.8,242.1264810225009,
1,1,08:00,80,03:45,79,1,,,0.0,false,14.8,242.58962919764792,
1,1,08:00,81,04:00,80,1,,,0.0,false,14.8,243.05277737279494,
1,1,08:00,82,04:15,81,1,,,0.0,false,14.8,243.51592554794195,
1,1,08:00,83,04:30,82,1,,,0.0,false,14.8,243.97907372308896,
1,1,08:00,84,04:45,83,1,,,0.0,false,14.8,244.44222189823597,
1,1,08:00,85,05:00,84,1,,,0.0,false,14.8,244.90537007338298,
1,1,08:00,86,05:15,85,1,,,0.0,false,14.8,245.36851824853,
1,1,08:00,87,05:30,86,1,,,0.0,false,14.8,245.831666423677,
1,1,08:00,88,05:45,87,1,,,0.0,false,14.8,246.29481459882402,
1,1,08:00,89,06:00,88,1,,,0.0,false,14.8,246.75796277397103,
1,1,08:00,90,06:15,89,1,,,0.0,false,14.8,247.22111094911804,
1,1,08:00,91,06:30,90,1,,,0.0,false,14.8,247.68425912426505,
1,1,08:00,92,06:45,91,1,,,0.0,false,14.8,248.14740729941207,
1,1,08:00,93,07:00,92,1,,,0.0,false,14.8,248.61055547455908,
1,1,08:00,94,07:15,93,1,,,0.0,false,14.8,249.0737036497061,
1,1,08:00,95,07:30,94,1,,,0.0,false,14.8,249.536851824853,
1,1,08:00,96,07:45,95,1,,,0.0,false,14.8,250.0,
1,2,08:15,2,08:15,0,1,,Charging,0.0,true,14.594375000000003,248.85293628808864,true
1,2,08:15,3,08:30,1,1,,Digging,4.7925,false,13.396250000000002,248.85293628808864,true
1,2,08:15,4,08:45,2,1,,Digging,4.7925,false,12.198125000000001,248.85293628808847,false
1,2,08:15,5,09:00,3,1,,Digging,4.7925,false,11.0,248.8529362880883,false
1,2,08:15,6,09:15,4,1,,Charging,0.0,true,12.9,246.7476731301934,false
1,2,08:15,7,09:30,5,1,,Charging,0.0,true,14.8,244.6424099722985,false
1,2,08:15,8,09:45,6,1,,Traveling,4.7101,false,13.622475000000001,244.64240997229692,false
1,2,08:15,9,10:00,7,1,,Digging,4.792499999999191,false,12.424350000000178,244.64240997229695,true
1,2,08:15,10,10:15,8,1,,Digging,4.7925,false,11.226225000000177,244.64240997229695,false
1,2,08:15,11,10:30,9,1,,Digging,4.792500000000004,false,10.028100000000176,244.64240997229695,false
1,2,08:15,12,10:45,10,1,,Charging,0.0,true,11.928100000000201,242.5371468144022,false
1,2,08:15,13,11:00,11,1,,Digging,4.7925,false,10.729975000000202,242.5371468144022,false
1,2,08:15,14,11:15,12,1,,Traveling,4.7101,false,9.552450000000203,242.5371468144022,false
1,2,08:15,15,11:30,13,1,,Digging,4.7925,false,8.354325000000202,242.5371468144022,false
1,2,08:15,16,11:45,14,1,,Digging,4.7925,false,7.156200000000203,242.5371468144022,false
1,2,08:15,17,12:00,15,1,,Charging,0.0,true,9.056200000000201,240.43188365650747,false
1,2,08:15,18,12:15,16,1,,Charging,0.0,true,10.956200000000202,238.32662049861273,false
1,2,08:15,19,12:30,17,1,,,0.0,false,10.956200000000202,238.32662049861273,false
1,2,08:15,20,12:45,18,1,,,0.0,false,10.956200000000202,238.79059921271104,false
1,2,08:15,21,13:00,19,1,,,0.0,false,10.956200000000202,239.25457792680933,false
1,2,08:15,22,13:15,20,1,,,0.0,false,10.956200000000202,239.71855664090762,false
1,2,08:15,23,13:30,21,1,,,0.0,false,10.956200000000202,240.1825353550059,false
1,2,08:15,24,13:45,22,1,,,0.0,false,10.956200000000202,240.6465140691042,false
1,2,08:15,25,14:00,23,1,,Digging,4.7925,false,9.7580750000002,241.1104927832025,false
1,2,08:15,26,14:15,24,1,,Loading/Swinging,3.1586,false,8.9684250000002,241.57447149730078,true
1,2,08:15,27,14:30,25,1,,Traveling,4.710099999999958,false,7.790900000000211,242.03845021139907,false
1,2,08:15,28,14:45,26,1,,Loading/Swinging,3.1585999999998875,false,7.001250000000241,242.50242892549736,true
1,2,08:15,29,15:00,27,1,,Idle,2.3803181647963356e-13,false,7.001250000000182,242.96640763959564,false
1,2,08:15,30,15:15,28,1,,Loading/Swinging,3.1585999999999985,false,6.211600000000182,243.43038635369393,false
1,2,08:15,31,15:30,29,1,,Digging,4.7925,false,5.013475000000182,243.89436506779222,true
1,2,08:15,32,15:45,30,1,,Loading/Swinging,3.158600000000025,false,4.223825000000176,244.3583437818905,false
1,2,08:15,33,16:00,31,1,,Traveling,4.710099999999863,false,3.046300000000242,244.3583437818905,false
1,2,08:15,34,16:15,32,1,,Charging,-7.714850980278242e-14,true,4.946300000000275,242.25308062399571,false
1,2,08:15,35,16:30,33,1,,Loading/Swinging,3.158599999999963,false,4.156650000000275,242.25308062399571,false
1,2,08:15,36,16:45,34,1,,Loading/Swinging,3.1585999999997565,false,3.367000000000336,242.25308062399571,false
1,2,08:15,37,17:00,35,1,,,0.0,false,3.366999999999075,242.2530806239971,false
1,2,08:15,38,17:15,36,1,,,0.0,false,3.366999999999075,242.2530806239971,false
1,2,08:15,39,17:30,37,1,,,0.0,false,3.366999999999075,242.2530806239971,false
1,2,08:15,40,17:45,38,1,,,0.0,false,3.366999999999075,242.2530806239971,false
1,2,08:15,41,18:00,39,1,,,0.0,false,3.366999999999075,242.2530806239971,false
1,2,08:15,42,18:15,40,1,,Charging,0.0,true,5.2669999999996655,240.14781746610237,true
1,2,08:15,43,18:30,41,1,,Charging,0.0,true,7.166999999999666,238.04255430820763,true
1,2,08:15,44,18:45,42,1,,Charging,0.0,true,9.066999999999666,235.9372911503129,false
1,2,08:15,45,19:00,43,1,,Charging,0.0,true,10.966999999999667,233.83202799241815,false
1,2,08:15,46,19:15,44,1,,Charging,0.0,true,11.000000000000195,233.79546289546465,true
1,2,08:15,47,19:30,45,1,,Charging,0.0,true,12.900000000000196,231.6901997375699,false
1,2,08:15,48,19:45,46,1,,Charging,0.0,true,14.8,229.5849365796754,false
1,2,08:15,49,20:00,47,1,,,0.0,false,14.8,229.5849365796754,true
1,2,08:15,50,20:15,48,1,,,0.0,false,14.8,229.5849365796754,true
1,2,08:15,51,20:30,49,1,,,0.0,false,14.8,229.5849365796754,true
1,2,08:15,52,20:45,50,1,,,0.0,false,14.8,229.5849365796754,false
1,2,08:15,53,21:00,51,1,,,0.0,false,14.8,230.0489152937737,false
1,2,08:15,54,21:15,52,1,,,0.0,false,14.8,230.51289400787198,false
1,2,08:15,55,21:30,53,1,,,0.0,false,14.8,230.97687272197027,false
1,2,08:15,56,21:45,54,1,,,0.0,false,14.8,231.44085143606856,false
1,2,08:15,57,22:00,55,1,,,0.0,false,14.8,231.90483015016684,false
1,2,08:15,58,22:15,56,1,,,0.0,false,14.8,232.36880886426513,false
1,2,08:15,59,22:30,57,1,,,0.0,false,14.8,232.83278757836342,false
1,2,08:15,60,22:45,58,1,,,0.0,false,14.8,233.2967662924617,false
1,2,08:15,61,23:00,59,1,,,0.0,false,14.8,233.76074500656,false
1,2,08:15,62,23:15,60,1,,,0.0,false,14.8,234.2247237206583,false
1,2,08:15,63,23:30,61,1,,,0.0,false,14.8,234.68870243475658,false
1,2,08:15,64,23:45,62,1,,,0.0,false,14.8,235.15268114885487,false
1,2,08:15,65,00:00,63,1,,,0.0,false,14.8,235.61665986295316,false
1,2,08:15,66,00:15,64,1,,,0.0,false,14.8,236.08063857705142,false
1,2,08:15,67,00:30,65,1,,,0.0,false,14.8,236.5446172911497,false
1,2,08:15,68,00:45,66,1,,,0.0,false,14.8,237.008596005248,false
1,2,08:15,69,01:00,67,1,,,0.0,false,14.8,237.47257471934628,false
1,2,08:15,70,01:15,68,1,,,0.0,false,14.8,237.93655343344457,false
1,2,08:15,71,01:30,69,1,,,0.0,false,14.8,238.40053214754286,false
1,2,08:15,72,01:45,70,1,,,0.0,false,14.8,238.86451086164115,false
1,2,08:15,73,02:00,71,1,,,0.0,false,14.8,239.32848957573944,false
1,2,08:15,74,02:15,72,1,,,0.0,false,14.8,239.7924682898377,false
1,2,08:15,75,02:30,73,1,,,0.0,false,14.8,240.256447003936,false
1,2,08:15,76,02:45,74,1,,,0.0,false,14.8,240.72042571803428,false
1,2,08:15,77,03:00,75,1,,,0.0,false,14.8,241.18440443213257,false
1,2,08:15,78,03:15,76,1,,,0.0,false,14.8,241.64838314623086,false
1,2,08:15,79,03:30,77,1,,,0.0,false,14.8,242.11236186032914,false
1,2,08:15,80,03:45,78,1,,,0.0,false,14.8,242.57634057442743,false
1,2,08:15,81,04:00,79,1,,,0.0,false,14.8,243.04031928852572,false
1,2,08:15,82,04:15,80,1,,,0.0,false,14.8,243.504298002624,false
1,2,08:15,83,04:30,81,1,,,0.0,false,14.8,243.96827671672227,false
1,2,08:15,84,04:45,82,1,,,0.0,false,14.8,244.43225543082056,false
1,2,08:15,85,05:00,83,1,,,0.0,false,14.8,244.89623414491885,false
1,2,08:15,86,05:15,84,1,,,0.0,false,14.8,245.36021285901714,false
1,2,08:15,87,05:30,85,1,,,0.0,false,14.8,245.82419157311543,false
1,2,08:15,88,05:45,86,1,,,0.0,false,14.8,246.28817028721372,false
1,2,08:15,89,06:00,87,1,,,0.0,false,14.8,246.752149001312,false
1,2,08:15,90,06:15,88,1,,,0.0,false,14.8,247.2161277154103,false
1,2,08:15,91,06:30,89,1,,,0.0,false,14.8,247.68010642950858,false
1,2,08:15,92,06:45,90,1,,,0.0,false,14.8,248.14408514360684,false
1,2,08:15,93,07:00,91,1,,,0.0,false,14.8,248.60806385770513,false
1,2,08:15,94,07:15,92,1,,,0.0,false,14.8,249.07204257180342,false
1,2,08:15,95,07:30,93,1,,,0.0,false,14.8,249.5360212859017,false
1,2,08:15,96,07:45,94,1,,,0.0,false,14.8,250.0,false
1,3,08:30,3,08:30,0,1,,Digging,4.7925,false,13.450735526315793,248.85293628808864,false
1,3,08:30,4,08:45,1,1,,Digging,4.7925,false,12.252610526315792,248.85293628808864,false
1,3,08:30,5,09:00,2,1,,Digging,4.7925,false,11.05448552631579,248.85293628808864,false
1,3,08:30,6,09:15,3,1,,Charging,0.0,true,12.954485526315784,246.74767313019393,false
1,3,08:30,7,09:30,4,1,,Traveling,4.7101,false,11.776960526315785,246.74767313019393,true
1,3,08:30,8,09:45,5,1,,Digging,4.792499999999997,false,10.578835526315785,246.74767313019393,true
1,3,08:30,9,10:00,6,1,,Charging,0.0,true,12.478835526315786,244.6424099722992,true
1,3,08:30,10,10:15,7,1,,Digging,4.7925,false,11.280710526315787,244.6424099722992,false
1,3,08:30,11,10:30,8,1,,Digging,4.7925,false,10.082585526315786,244.6424099722992,false
1,3,08:30,12,10:45,9,1,,Charging,0.0,true,11.982585526315786,242.53714681440445,false
1,3,08:30,13,11:00,10,1,,Digging,4.7925,false,10.784460526315787,242.53714681440445,false
1,3,08:30,14,11:15,11,1,,Traveling,4.7101,false,9.606935526315786,242.53714681440445,false
1,3,08:30,15,11:30,12,1,,Digging,4.7925,false,8.408810526315786,242.53714681440445,false
1,3,08:30,16,11:45,13,1,,Digging,4.7925,false,7.210685526315785,242.53714681440445,false
1,3,08:30,17,12:00,14,1,,Charging,0.0,true,9.110685526315786,240.4318836565097,false
1,3,08:30,18,12:15,15,1,,Charging,0.0,true,11.010685526315786,238.32662049861497,false
1,3,08:30,19,12:30,16,1,,,0.0,false,11.010685526315786,238.32662049861497,false
1,3,08:30,20,12:45,17,1,,,0.0,false,11.010685526315786,238.78954005877796,false
1,3,08:30,21,13:00,18,1,,,0.0,false,11.010685526315786,239.25245961894095,false
1,3,08:30,22,13:15,19,1,,,0.0,false,11.010685526315786,239.71537917910393,false
1,3,08:30,23,13:30,20,1,,,0.0,false,11.010685526315786,240.17829873926692,false
1,3,08:30,24,13:45,21,1,,,0.0,false,11.010685526315786,240.6412182994299,false
1,3,08:30,25,14:00,22,1,,Digging,4.7925,false,9.812560526315789,241.1041378595929,false
1,3,08:30,26,14:15,23,1,,Digging,4.792500000000004,false,8.614435526315788,241.56705741975588,true
1,3,08:30,27,14:30,24,1,,Traveling,4.7101,false,7.4369105263157875,242.02997697991887,false
1,3,08:30,28,14:45,25,1,,Loading/Swinging,3.1586,false,6.647260526315788,242.49289654008186,false
1,3,08:30,29,15:00,26,1,,Idle,0.0,false,6.647260526315788,242.95581610024485,false
1,3,08:30,30,15:15,27,1,,Loading/Swinging,3.1586,false,5.857610526315788,243.41873566040783,false
1,3,08:30,31,15:30,28,1,,Loading/Swinging,3.1586,false,5.067960526315788,243.88165522057082,true
1,3,08:30,32,15:45,29,1,,Loading/Swinging,3.1586,false,4.278310526315789,244.3445747807338,false
1,3,08:30,33,16:00,30,1,,Traveling,4.7101,false,3.100785526315789,244.3445747807338,false
1,3,08:30,34,16:15,31,1,,Charging,0.0,true,5.000785526315789,242.23931162283907,false
1,3,08:30,35,16:30,32,1,,Loading/Swinging,3.1586,false,4.211135526315789,242.23931162283907,false
1,3,08:30,36,16:45,33,1,,Loading/Swinging,3.1586,false,3.4214855263157893,242.23931162283907,false
1,3,08:30,37,17:00,34,1,,Charging,0.0,true,5.321485526315789,240.13404846494433,true
1,3,08:30,38,17:15,35,1,,Charging,0.0,true,7.199999999999998,238.0525919844078,true
1,3,08:30,39,17:30,36,1,,Charging,0.0,true,9.099999999999998,235.94732882651306,true
1,3,08:30,40,17:45,37,1,,Charging,0.0,true,10.999999999999998,233.84206566861832,true
1,3,08:30,41,18:00,38,1,,Charging,0.0,true,12.899999999999997,231.73680251072358,true
1,3,08:30,42,18:15,39,1,,Charging,0.0,true,14.799999999999997,229.63153935282884,false
1,3,08:30,43,18:30,40,1,,,0.0,false,14.8,229.63153935282884,true
1,3,08:30,44,18:45,41,1,,,0.0,false,14.8,229.63153935282884,true
1,3,08:30,45,19:00,42,1,,,0.0,false,14.8,229.63153935282884,true
1,3,08:30,46,19:15,43,1,,,0.0,false,14.8,229.63153935282884,true
1,3,08:30,47,19:30,44,1,,,0.0,false,14.8,229.63153935282884,true
1,3,08:30,48,19:45,45,1,,,0.0,false,14.8,229.63153935282884,true
1,3,08:30,49,20:00,46,1,,,0.0,false,14.8,229.63153935282884,false
1,3,08:30,50,20:15,47,1,,,0.0,false,14.8,229.63153935282884,false
1,3,08:30,51,20:30,48,1,,,0.0,false,14.8,229.63153935282884,false
1,3,08:30,52,20:45,49,1,,,0.0,false,14.8,229.63153935282884,false
1,3,08:30,53,21:00,50,1,,,0.0,false,14.8,230.09445891299185,false
1,3,08:30,54,21:15,51,1,,,0.0,false,14.8,230.55737847315484,false
1,3,08:30,55,21:30,52,1,,,0.0,false,14.8,231.02029803331783,false
1,3,08:30,56,21:45,53,1,,,0.0,false,14.8,231.48321759348082,false
1,3,08:30,57,22:00,54,1,,,0.0,false,14.8,231.9461371536438,false
1,3,08:30,58,22:15,55,1,,,0.0,false,14.8,232.4090567138068,false
1,3,08:30,59,22:30,56,1,,,0.0,false,14.8,232.87197627396978,false
1,3,08:30,60,22:45,57,1,,,0.0,false,14.8,233.33489583413277,false
1,3,08:30,61,23:00,58,1,,,0.0,false,14.8,233.79781539429575,false
1,3,08:30,62,23:15,59,1,,,0.0,false,14.8,234.26073495445874,false
1,3,08:30,63,23:30,60,1,,,0.0,false,14.8,234.72365451462173,false
1,3,08:30,64,23:45,61,1,,,0.0,false,14.8,235.18657407478472,false
1,3,08:30,65,00:00,62,1,,,0.0,false,14.8,235.6494936349477,false
1,3,08:30,66,00:15,63,1,,,0.0,false,14.8,236.1124131951107,false
1,3,08:30,67,00:30,64,1,,,0.0,false,14.8,236.57533275527368,false
1,3,08:30,68,00:45,65,1,,,0.0,false,14.8,237.03825231543667,false
1,3,08:30,69,01:00,66,1,,,0.0,false,14.8,237.50117187559965,false
1,3,08:30,70,01:15,67,1,,,0.0,false,14.8,237.96409143576264,false
1,3,08:30,71,01:30,68,1,,,0.0,false,14.8,238.42701099592563,false
1,3,08:30,72,01:45,69,1,,,0.0,false,14.8,238.88993055608861,false
1,3,08:30,73,02:00,70,1,,,0.0,false,14.8,239.3528501162516,false
1,3,08:30,74,02:15,71,1,,,0.0,false,14.8,239.8157696764146,false
1,3,08:30,75,02:30,72,1,,,0.0,false,14.8,240.27868923657758,false
1,3,08:30,76,02:45,73,1,,,0.0,false,14.8,240.74160879674056,false
1,3,08:30,77,03:00,74,1,,,0.0,false,14.8,241.20452835690355,false
1,3,08:30,78,03:15,75,1,,,0.0,false,14.8,241.66744791706654,false
1,3,08:30,79,03:30,76,1,,,0.0,false,14.8,242.13036747722953,false
1,3,08:30,80,03:45,77,1,,,0.0,false,14.8,242.5932870373925,false
1,3,08:30,81,04:00,78,1,,,0.0,false,14.8,243.0562065975555,false
1,3,08:30,82,04:15,79,1,,,0.0,false,14.8,243.5191261577185,false
1,3,08:30,83,04:30,80,1,,,0.0,false,14.8,243.98204571788148,false
1,3,08:30,84,04:45,81,1,,,0.0,false,14.8,244.44496527804446,false
1,3,08:30,85,05:00,82,1,,,0.0,false,14.8,244.90788483820745,false
1,3,08:30,86,05:15,83,1,,,0.0,false,14.8,245.37080439837044,false
1,3,08:30,87,05:30,84,1,,,0.0,false,14.8,245.83372395853343,false
1,3,08:30,88,05:45,85,1,,,0.0,false,14.8,246.2966435186964,false
1,3,08:30,89,06:00,86,1,,,0.0,false,14.8,246.7595630788594,false
1,3,08:30,90,06:15,87,1,,,0.0,false,14.8,247.2224826390224,false
1,3,08:30,91,06:30,88,1,,,0.0,false,14.8,247.68540219918538,false
1,3,08:30,92,06:45,89,1,,,0.0,false,14.8,248.14832175934836,false
1,3,08:30,93,07:00,90,1,,,0.0,false,14.8,248.61124131951135,false
1,3,08:30,94,07:15,91,1,,,0.0,false,14.8,249.07416087967434,false
1,3,08:30,95,07:30,92,1,,,0.0,false,14.8,249.53708043983698,false
1,3,08:30,96,07:45,93,1,,,0.0,false,14.8,250.0,false
1,4,08:45,4,08:45,0,1,,Digging,4.792500000000004,false,12.254660526315792,248.85293628808864,false
1,4,08:45,5,09:00,1,1,,Digging,4.7925,false,11.056535526315791,248.85293628808864,false
1,4,08:45,6,09:15,2,1,,Charging,-1.4472423259803693e-13,true,12.956535526315784,246.74767313019393,false
1,4,08:45,7,09:30,3,1,,Traveling,4.710100000000129,false,11.779010526315751,246.74767313019393,false
1,4,08:45,8,09:45,4,1,,Digging,4.7925000000000475,false,10.580885526315763,246.74767313019393,false
1,4,08:45,9,10:00,5,1,,Digging,4.7925,false,9.382760526315764,246.74767313019393,true
1,4,08:45,10,10:15,6,1,,Digging,4.7925,false,8.184635526315763,246.74767313019393,false
1,4,08:45,11,10:30,7,1,,Charging,0.0,true,10.084635526315765,244.6424099722992,true
1,4,08:45,12,10:45,8,1,,Charging,0.0,true,11.984635526315765,242.53714681440445,false
1,4,08:45,13,11:00,9,1,,Digging,4.7925,false,10.786510526315764,242.53714681440445,false
1,4,08:45,14,11:15,10,1,,Traveling,4.7101,false,9.608985526315765,242.53714681440445,false
1,4,08:45,15,11:30,11,1,,Digging,4.792500000000009,false,8.410860526315762,242.53714681440445,false
1,4,08:45,16,11:45,12,1,,Digging,4.7925,false,7.212735526315762,242.53714681440445,false
1,4,08:45,17,12:00,13,1,,Charging,0.0,true,9.112735526315761,240.4318836565097,false
1,4,08:45,18,12:15,14,1,,Charging,0.0,true,11.012735526315762,238.32662049861497,false
1,4,08:45,19,12:30,15,1,,,0.0,false,11.012735526315762,238.32662049861497,false
1,4,08:45,20,12:45,16,1,,,0.0,false,11.012735526315762,238.78950020845963,false
1,4,08:45,21,13:00,17,1,,,0.0,false,11.012735526315762,239.25237991830429,false
1,4,08:45,22,13:15,18,1,,,0.0,false,11.012735526315762,239.71525962814894,false
1,4,08:45,23,13:30,19,1,,,0.0,false,11.012735526315762,240.1781393379936,false
1,4,08:45,24,13:45,20,1,,,0.0,false,11.012735526315762,240.64101904783826,false
1,4,08:45,25,14:00,21,1,,Digging,4.792500000000116,false,9.814610526315732,241.1038987576829,false
1,4,08:45,26,14:15,22,1,,Digging,4.792499999999826,false,8.616485526315776,241.56677846752757,false
1,4,08:45,27,14:30,23,1,,Traveling,4.710100000000023,false,7.438960526315771,242.02965817737223,false
1,4,08:45,28,14:45,24,1,,Loading/Swinging,3.1586,false,6.649310526315771,242.49253788721688,false
1,4,08:45,29,15:00,25,1,,Idle,0.0,false,6.649310526315771,242.95541759706154,false
1,4,08:45,30,15:15,26,1,,Loading/Swinging,3.1586,false,5.859660526315771,243.4182973069062,false
1,4,08:45,31,15:30,27,1,,Loading/Swinging,3.1586,false,5.070010526315771,243.88117701675085,false
1,4,08:45,32,15:45,28,1,,Loading/Swinging,3.158599999999976,false,4.280360526315778,244.3440567265955,false
1,4,08:45,33,16:00,29,1,,Traveling,4.710100000000036,false,3.1028355263157685,244.3440567265955,false
1,4,08:45,34,16:15,30,1,,Charging,0.0,true,5.002835526315769,242.23879356870077,false
1,4,08:45,35,16:30,31,1,,Loading/Swinging,3.158599999999985,false,4.2131855263157725,242.23879356870077,false
1,4,08:45,36,16:45,32,1,,Loading/Swinging,3.1586,false,3.4235355263157725,242.23879356870077,false
1,4,08:45,37,17:00,33,1,,,0.0,false,3.423535526315773,242.23879356870077,true
1,4,08:45,38,17:15,34,1,,Charging,0.0,true,5.323535526315773,240.13353041080603,false
1,4,08:45,39,17:30,35,1,,Charging,0.0,true,7.223535526315772,238.0282672529113,false
1,4,08:45,40,17:45,36,1,,Charging,0.0,true,9.123535526315772,235.92300409501655,false
1,4,08:45,41,18:00,37,1,,Charging,0.0,true,10.999999999999998,233.84381908262407,false
1,4,08:45,42,18:15,38,1,,Charging,0.0,true,12.899999999999999,231.73855592472933,false
1,4,08:45,43,18:30,39,1,,Charging,0.0,true,14.799999999999999,229.6332927668346,true
1,4,08:45,44,18:45,40,1,,,0.0,false,14.799999999999999,229.6332927668346,false
1,4,08:45,45,19:00,41,1,,,0.0,false,14.799999999999999,229.6332927668346,false
1,4,08:45,46,19:15,42,1,,,0.0,false,14.799999999999999,229.6332927668346,false
1,4,08:45,47,19:30,43,1,,,0.0,false,14.799999999999999,229.6332927668346,false
1,4,08:45,48,19:45,44,1,,,0.0,false,14.799999999999999,229.6332927668346,false
1,4,08:45,49,20:00,45,1,,,0.0,false,14.799999999999999,229.6332927668346,false
1,4,08:45,50,20:15,46,1,,,0.0,false,14.799999999999999,229.6332927668346,false
1,4,08:45,51,20:30,47,1,,,0.0,false,14.8,229.6332927668346,false
1,4,08:45,52,20:45,48,1,,,0.0,false,14.8,229.6332927668346,false
1,4,08:45,53,21:00,49,1,,,0.0,false,14.8,230.09617247667924,false
1,4,08:45,54,21:15,50,1,,,0.0,false,14.8,230.5590521865239,false
1,4,08:45,55,21:30,51,1,,,0.0,false,14.8,231.02193189636856,false
1,4,08:45,56,21:45,52,1,,,0.0,false,14.8,231.4848116062132,false
1,4,08:45,57,22:00,53,1,,,0.0,false,14.8,231.94769131605787,false
1,4,08:45,58,22:15,54,1,,,0.0,false,14.8,232.41057102590253,false
1,4,08:45,59,22:30,55,1,,,0.0,false,14.8,232.87345073574718,false
1,4,08:45,60,22:45,56,1,,,0.0,false,14.8,233.33633044559184,false
1,4,08:45,61,23:00,57,1,,,0.0,false,14.8,233.7992101554365,false
1,4,08:45,62,23:15,58,1,,,0.0,false,14.8,234.26208986528115,false
1,4,08:45,63,23:30,59,1,,,0.0,false,14.8,234.7249695751258,false
1,4,08:45,64,23:45,60,1,,,0.0,false,14.8,235.18784928497047,false
1,4,08:45,65,00:00,61,1,,,0.0,false,14.8,235.65072899481513,false
1,4,08:45,66,00:15,62,1,,,0.0,false,14.8,236.11360870465978,false
1,4,08:45,67,00:30,63,1,,,0.0,false,14.8,236.57648841450444,false
1,4,08:45,68,00:45,64,1,,,0.0,false,14.8,237.0393681243491,false
1,4,08:45,69,01:00,65,1,,,0.0,false,14.8,237.50224783419375,false
1,4,08:45,70,01:15,66,1,,,0.0,false,14.8,237.9651275440384,false
1,4,08:45,71,01:30,67,1,,,0.0,false,14.8,238.42800725388307,false
1,4,08:45,72,01:45,68,1,,,0.0,false,14.8,238.89088696372772,false
1,4,08:45,73,02:00,69,1,,,0.0,false,14.8,239.35376667357238,false
1,4,08:45,74,02:15,70,1,,,0.0,false,14.8,239.81664638341704,false
1,4,08:45,75,02:30,71,1,,,0.0,false,14.8,240.2795260932617,false
1,4,08:45,76,02:45,72,1,,,0.0,false,14.8,240.74240580310635,false
1,4,08:45,77,03:00,73,1,,,0.0,false,14.8,241.205285512951,false
1,4,08:45,78,03:15,74,1,,,0.0,false,14.8,241.66816522279566,false
1,4,08:45,79,03:30,75,1,,,0.0,false,14.8,242.13104493264032,false
1,4,08:45,80,03:45,76,1,,,0.0,false,14.8,242.59392464248498,false
1,4,08:45,81,04:00,77,1,,,0.0,false,14.8,243.05680435232964,false
1,4,08:45,82,04:15,78,1,,,0.0,false,14.8,243.5196840621743,false
1,4,08:45,83,04:30,79,1,,,0.0,false,14.8,243.98256377201895,false
1,4,08:45,84,04:45,80,1,,,0.0,false,14.8,244.4454434818636,false
1,4,08:45,85,05:00,81,1,,,0.0,false,14.8,244.90832319170826,false
1,4,08:45,86,05:15,82,1,,,0.0,false,14.8,245.37120290155292,false
1,4,08:45,87,05:30,83,1,,,0.0,false,14.8,245.83408261139758,false
1,4,08:45,88,05:45,84,1,,,0.0,false,14.8,246.29696232124223,false
1,4,08:45,89,06:00,85,1,,,0.0,false,14.8,246.7598420310869,false
1,4,08:45,90,06:15,86,1,,,0.0,false,14.8,247.22272174093155,false
1,4,08:45,91,06:30,87,1,,,0.0,false,14.8,247.6856014507762,false
1,4,08:45,92,06:45,88,1,,,0.0,false,14.8,248.14848116062086,false
1,4,08:45,93,07:00,89,1,,,0.0,false,14.8,248.61136087046552,false
1,4,08:45,94,07:15,90,1,,,0.0,false,14.8,249.07424058031017,false
1,4,08:45,95,07:30,91,1,,,0.0,false,14.8,249.53712029015531,false
1,4,08:45,96,07:45,92,1,,,0.0,false,14.8,250.0,false
1,5,09:00,5,09:00,0,1,,Charging,2.4993340730361524e-12,true,14.111935526315168,246.7476731301939,true
1,5,09:00,6,09:15,1,1,,Digging,4.79249999999351,false,12.91381052631679,246.7476731301939,true
1,5,09:00,7,09:30,2,1,,Charging,3.552713678800501e-15,true,14.79999999999984,244.6577124945322,true
1,5,09:00,8,09:45,3,1,,Traveling,4.710099999999997,false,13.622474999999842,244.6577124945332,true
1,5,09:00,9,10:00,4,1,,Digging,4.7924999998845905,false,12.424350000028694,244.6577124945332,false
1,5,09:00,10,10:15,5,1,,Digging,4.792499999999997,false,11.226225000028695,244.6577124945332,false
1,5,09:00,11,10:30,6,1,,Digging,4.792500000000004,false,10.028100000028694,244.6577124945332,true
1,5,09:00,12,10:45,7,1,,Charging,8.881784197001252e-16,true,11.92810000003091,242.55244933663602,false
1,5,09:00,13,11:00,8,1,,Digging,4.792500000000004,false,10.729975000030908,242.55244933663602,false
1,5,09:00,14,11:15,9,1,,Traveling,4.710100000003656,false,9.552450000029994,242.55244933663602,false
1,5,09:00,15,11:30,10,1,,Digging,4.792500000000118,false,8.354325000029965,242.55244933663602,false
1,5,09:00,16,11:45,11,1,,Digging,4.792500000001748,false,7.156200000029528,242.55244933663602,false
1,5,09:00,17,12:00,12,1,,Charging,0.0,true,9.056200000029527,240.44718617888975,false
1,5,09:00,18,12:15,13,1,,Charging,0.0,true,10.956200000029527,238.341923020995,false
1,5,09:00,19,12:30,14,1,,,0.0,false,10.956200000029524,238.341923020995,false
1,5,09:00,20,12:45,15,1,,,0.0,false,10.956200000029524,238.80563326979035,false
1,5,09:00,21,13:00,16,1,,,0.0,false,10.956200000029524,239.26934351858506,false
1,5,09:00,22,13:15,17,1,,,0.0,false,10.956200000029524,239.73305376738037,false
1,5,09:00,23,13:30,18,1,,,0.0,false,10.956200000029524,240.19676401617568,false
1,5,09:00,24,13:45,19,1,,,0.0,false,10.956199999896075,240.660474264971,false
1,5,09:00,25,14:00,20,1,,Digging,4.792499999999876,false,9.758074999896106,241.1241845137663,false
1,5,09:00,26,14:15,21,1,,Digging,4.792500000000004,false,8.559949999896105,241.5878947625616,false
1,5,09:00,27,14:30,22,1,,Traveling,4.7100999999999615,false,7.382424999896115,242.0516050113569,false
1,5,09:00,28,14:45,23,1,,Loading/Swinging,3.1586000000003622,false,6.592774999896024,242.51531526015222,false
1,5,09:00,29,15:00,24,1,,Idle,0.0,false,6.592774999896024,242.97902550894753,false
1,5,09:00,30,15:15,25,1,,Loading/Swinging,3.158599999999666,false,5.803124999896108,243.44273575774284,false
1,5,09:00,31,15:30,26,1,,Loading/Swinging,3.158600000000014,false,5.013474999896104,243.90644600653818,false
1,5,09:00,32,15:45,27,1,,Loading/Swinging,3.158600000000071,false,4.223824999896086,244.37015625533348,false
1,5,09:00,33,16:00,28,1,,Traveling,4.710100000061614,false,3.046299999880683,244.37015625533348,false
1,5,09:00,34,16:15,29,1,,Charging,-3.487583555283891e-10,true,4.946299999967346,242.26489309743934,false
1,5,09:00,35,16:30,30,1,,Loading/Swinging,3.1586000002742196,false,4.156649999898791,242.26489309743934,false
1,5,09:00,36,16:45,31,1,,Loading/Swinging,3.158599999998909,false,3.366999999899064,242.26489309743934,false
1,5,09:00,37,17:00,32,1,,,0.0,false,3.366999999903074,242.2648930974349,false
1,5,09:00,38,17:15,33,1,,Charging,0.0,true,5.266999999903073,240.15962993954017,false
1,5,09:00,39,17:30,34,1,,,0.0,false,5.266999999903073,240.15962993954017,true
1,5,09:00,40,17:45,35,1,,Charging,0.0,true,7.166999999903074,238.05436678164543,false
1,5,09:00,41,18:00,36,1,,Charging,0.0,true,9.066999999903073,235.9491036237507,false
1,5,09:00,42,18:15,37,1,,Charging,0.0,true,10.966999999903074,233.84384046585595,false
1,5,09:00,43,18:30,38,1,,Charging,0.0,true,12.866999999903074,231.7385773079612,false
1,5,09:00,44,18:45,39,1,,Charging,0.0,true,12.899999999897501,231.70201221101448,true
1,5,09:00,45,19:00,40,1,,Charging,0.0,true,14.8,229.59674905311977,true
1,5,09:00,46,19:15,41,1,,,0.0,false,14.8,229.59674905311977,false
1,5,09:00,47,19:30,42,1,,,0.0,false,14.8,229.59674905311977,false
1,5,09:00,48,19:45,43,1,,,0.0,false,14.8,229.59674905311977,false
1,5,09:00,49,20:00,44,1,,,0.0,false,14.8,229.59674905311977,false
1,5,09:00,50,20:15,45,1,,,0.0,false,14.8,229.59674905311977,false
1,5,09:00,51,20:30,46,1,,,0.0,false,14.8,229.59674905311977,false
1,5,09:00,52,20:45,47,1,,,0.0,false,14.8,229.59674905311977,false
1,5,09:00,53,21:00,48,1,,,0.0,false,14.8,230.06045930191507,false
1,5,09:00,54,21:15,49,1,,,0.0,false,14.8,230.52416955071038,false
1,5,09:00,55,21:30,50,1,,,0.0,false,14.8,230.9878797995057,false
1,5,09:00,56,21:45,51,1,,,0.0,false,14.8,231.451590048301,false
1,5,09:00,57,22:00,52,1,,,0.0,false,14.8,231.9153002970963,false
1,5,09:00,58,22:15,53,1,,,0.0,false,14.8,232.37901054589162,false
1,5,09:00,59,22:30,54,1,,,0.0,false,14.8,232.84272079468693,false
1,5,09:00,60,22:45,55,1,,,0.0,false,14.8,233.30643104348223,false
1,5,09:00,61,23:00,56,1,,,0.0,false,14.8,233.77014129227754,false
1,5,09:00,62,23:15,57,1,,,0.0,false,14.8,234.23385154107285,false
1,5,09:00,63,23:30,58,1,,,0.0,false,14.8,234.69756178986816,false
1,5,09:00,64,23:45,59,1,,,0.0,false,14.8,235.16127203866347,false
1,5,09:00,65,00:00,60,1,,,0.0,false,14.8,235.62498228745878,false
1,5,09:00,66,00:15,61,1,,,0.0,false,14.8,236.0886925362541,false
1,5,09:00,67,00:30,62,1,,,0.0,false,14.8,236.5524027850494,false
1,5,09:00,68,00:45,63,1,,,0.0,false,14.8,237.0161130338447,false
1,5,09:00,69,01:00,64,1,,,0.0,false,14.8,237.47982328264,false
1,5,09:00,70,01:15,65,1,,,0.0,false,14.8,237.94353353143532,false
1,5,09:00,71,01:30,66,1,,,0.0,false,14.8,238.40724378023063,false
1,5,09:00,72,01:45,67,1,,,0.0,false,14.8,238.87095402902594,false
1,5,09:00,73,02:00,68,1,,,0.0,false,14.8,239.33466427782125,false
1,5,09:00,74,02:15,69,1,,,0.0,false,14.8,239.79837452650298,false
1,5,09:00,75,02:30,70,1,,,0.0,false,14.8,240.2620847752983,false
1,5,09:00,76,02:45,71,1,,,0.0,false,14.8,240.72579502409363,false
1,5,09:00,77,03:00,72,1,,,0.0,false,14.8,241.18950527288894,false
1,5,09:00,78,03:15,73,1,,,0.0,false,14.8,241.65321552168425,false
1,5,09:00,79,03:30,74,1,,,0.0,false,14.8,242.11692577047958,false
1,5,09:00,80,03:45,75,1,,,0.0,false,14.8,242.5806360192749,false
1,5,09:00,81,04:00,76,1,,,0.0,false,14.8,243.0443462680702,false
1,5,09:00,82,04:15,77,1,,,0.0,false,14.8,243.50805651686554,false
1,5,09:00,83,04:30,78,1,,,0.0,false,14.8,243.97176676566085,false
1,5,09:00,84,04:45,79,1,,,0.0,false,14.8,244.43547701445618,false
1,5,09:00,85,05:00,80,1,,,0.0,false,14.8,244.8991872632515,false
1,5,09:00,86,05:15,81,1,,,0.0,false,14.8,245.3628975120468,false
1,5,09:00,87,05:30,82,1,,,0.0,false,14.8,245.82660776084214,false
1,5,09:00,88,05:45,83,1,,,0.0,false,14.8,246.29031800963745,false
1,5,09:00,89,06:00,84,1,,,0.0,false,14.8,246.75402825843275,false
1,5,09:00,90,06:15,85,1,,,0.0,false,14.8,247.2177385072281,false
1,5,09:00,91,06:30,86,1,,,0.0,false,14.8,247.6814487560234,false
1,5,09:00,92,06:45,87,1,,,0.0,false,14.8,248.1451590048187,false
1,5,09:00,93,07:00,88,1,,,0.0,false,14.8,248.60886925361405,false
1,5,09:00,94,07:15,89,1,,,0.0,false,14.8,249.07257950240935,false
1,5,09:00,95,07:30,90,1,,,0.0,false,14.8,249.5362897512047,false
1,5,09:00,96,07:45,91,1,,,0.0,false,14.8,250.0,false
1,6,09:15,6,09:15,0,1,,Digging,4.792499999999997,false,12.948085526315793,246.7476731301939,false
1,6,09:15,7,09:30,1,1,,Traveling,4.7101,false,11.770560526315794,246.7476731301939,true
1,6,09:15,8,09:45,2,1,,Digging,4.792500000000004,false,10.572435526315793,246.7476731301939,true
1,6,09:15,9,10:00,3,1,,Digging,4.792500000000004,false,9.374310526315792,246.7476731301939,false
1,6,09:15,10,10:15,4,1,,Charging,3.552713678800501e-15,true,11.274310526315784,244.64240997229916,true
1,6,09:15,11,10:30,5,1,,Digging,4.792500000000004,false,10.076185526315783,244.64240997229916,false
1,6,09:15,12,10:45,6,1,,Charging,1.7763568394002505e-15,true,11.976185526315797,242.53714681440442,false
1,6,09:15,13,11:00,7,1,,Digging,4.792499999999997,false,10.778060526315798,242.53714681440442,false
1,6,09:15,14,11:15,8,1,,Traveling,4.710099999999997,false,9.600535526315799,242.53714681440442,false
1,6,09:15,15,11:30,9,1,,Digging,4.792500000000004,false,8.402410526315798,242.53714681440442,false
1,6,09:15,16,11:45,10,1,,Digging,4.7925,false,7.204285526315798,242.53714681440442,false
1,6,09:15,17,12:00,11,1,,Charging,0.0,true,9.104285526315797,240.43188365650968,false
1,6,09:15,18,12:15,12,1,,Charging,0.0,true,11.004285526315797,238.32662049861494,false
1,6,09:15,19,12:30,13,1,,,0.0,false,11.004285526315797,238.32662049861494,false
1,6,09:15,20,12:45,14,1,,,0.0,false,11.004285526315797,238.7896644695278,false
1,6,09:15,21,13:00,15,1,,,0.0,false,11.004285526315797,239.25270844044064,false
1,6,09:15,22,13:15,16,1,,,0.0,false,11.004285526315797,239.7157524113535,false
1,6,09:15,23,13:30,17,1,,,0.0,false,11.004285526315797,240.17879638226634,false
1,6,09:15,24,13:45,18,1,,,0.0,false,11.004285526315797,240.6418403531792,false
1,6,09:15,25,14:00,19,1,,Digging,4.792499999999979,false,9.806160526315804,241.10488432409204,false
1,6,09:15,26,14:15,20,1,,Digging,4.792500000000004,false,8.608035526315803,241.5679282950049,false
1,6,09:15,27,14:30,21,1,,Traveling,4.710100000000001,false,7.4305105263158024,242.03097226591774,false
1,6,09:15,28,14:45,22,1,,Loading/Swinging,3.1586000000000247,false,6.640860526315796,242.4940162368306,false
1,6,09:15,29,15:00,23,1,,Idle,0.0,false,6.640860526315796,242.95706020774344,false
1,6,09:15,30,15:15,24,1,,Loading/Swinging,3.158599999999968,false,5.851210526315804,243.4201041786563,false
1,6,09:15,31,15:30,25,1,,Loading/Swinging,3.1586,false,5.061560526315804,243.88314814956914,false
1,6,09:15,32,15:45,26,1,,Loading/Swinging,3.1586,false,4.271910526315804,244.346192120482,false
1,6,09:15,33,16:00,27,1,,Traveling,4.710099999999983,false,3.0943855263158087,244.346192120482,false
1,6,09:15,34,16:15,28,1,,Charging,0.0,true,4.979299999999768,242.25764422720337,false
1,6,09:15,35,16:30,29,1,,Loading/Swinging,3.1586000000001384,false,4.189649999999733,242.25764422720337,false
1,6,09:15,36,16:45,30,1,,Loading/Swinging,3.1586,false,3.399999999999733,242.25764422720337,false
1,6,09:15,37,17:00,31,1,,Charging,0.0,true,5.2999999999997325,240.15238106930863,true
1,6,09:15,38,17:15,32,1,,Charging,0.0,true,7.199999999999733,238.0471179114139,false
1,6,09:15,39,17:30,33,1,,Charging,0.0,true,9.099999999999733,235.94185475351915,true
1,6,09:15,40,17:45,34,1,,Charging,0.0,true,10.999999999999734,233.8365915956244,false
1,6,09:15,41,18:00,35,1,,Charging,0.0,true,12.899999999999732,231.73132843772967,false
1,6,09:15,42,18:15,36,1,,Charging,0.0,true,14.799999999999732,229.62606527983493,false
1,6,09:15,43,18:30,37,1,,,0.0,false,14.799999999999732,229.62606527983493,true
1,6,09:15,44,18:45,38,1,,,0.0,false,14.799999999999732,229.62606527983493,true
1,6,09:15,45,19:00,39,1,,,0.0,false,14.799999999999732,229.62606527983493,true
1,6,09:15,46,19:15,40,1,,,0.0,false,14.799999999999732,229.62606527983493,false
1,6,09:15,47,19:30,41,1,,,0.0,false,14.799999999999732,229.62606527983493,false
1,6,09:15,48,19:45,42,1,,,0.0,false,14.799999999999732,229.62606527983493,false
1,6,09:15,49,20:00,43,1,,,0.0,false,14.799999999999732,229.62606527983493,false
1,6,09:15,50,20:15,44,1,,,0.0,false,14.799999999999732,229.62606527983493,false
1,6,09:15,51,20:30,45,1,,,0.0,false,14.799999999999732,229.62606527983493,false
1,6,09:15,52,20:45,46,1,,,0.0,false,14.799999999999732,229.62606527983493,false
1,6,09:15,53,21:00,47,1,,,0.0,false,14.799999999999732,230.08910925074778,false
1,6,09:15,54,21:15,48,1,,,0.0,false,14.799999999999732,230.55215322166063,false
1,6,09:15,55,21:30,49,1,,,0.0,false,14.799999999999766,231.01519719257348,false
1,6,09:15,56,21:45,50,1,,,0.0,false,14.799999999999766,231.47824116348633,false
1,6,09:15,57,22:00,51,1,,,0.0,false,14.799999999999766,231.94128513439918,false
1,6,09:15,58,22:15,52,1,,,0.0,false,14.799999999999766,232.40432910531203,false
1,6,09:15,59,22:30,53,1,,,0.0,false,14.799999999999766,232.86737307622488,false
1,6,09:15,60,22:45,54,1,,,0.0,false,14.799999999999766,233.33041704713773,false
1,6,09:15,61,23:00,55,1,,,0.0,false,14.799999999999766,233.79346101805058,false
1,6,09:15,62,23:15,56,1,,,0.0,false,14.799999999999766,234.25650498896343,false
1,6,09:15,63,23:30,57,1,,,0.0,false,14.799999999999766,234.71954895987628,false
1,6,09:15,64,23:45,58,1,,,0.0,false,14.799999999999766,235.18259293078913,false
1,6,09:15,65,00:00,59,1,,,0.0,false,14.799999999999766,235.64563690170198,false
1,6,09:15,66,00:15,60,1,,,0.0,false,14.799999999999766,236.10868087261483,false
1,6,09:15,67,00:30,61,1,,,0.0,false,14.799999999999766,236.57172484352768,false
1,6,09:15,68,00:45,62,1,,,0.0,false,14.799999999999766,237.03476881444053,false
1,6,09:15,69,01:00,63,1,,,0.0,false,14.799999999999766,237.49781278535337,false
1,6,09:15,70,01:15,64,1,,,0.0,false,14.799999999999766,237.96085675626622,false
1,6,09:15,71,01:30,65,1,,,0.0,false,14.799999999999766,238.42390072717907,false
1,6,09:15,72,01:45,66,1,,,0.0,false,14.799999999999766,238.88694469809192,false
1,6,09:15,73,02:00,67,1,,,0.0,false,14.799999999999766,239.34998866900477,false
1,6,09:15,74,02:15,68,1,,,0.0,false,14.799999999999766,239.81303263991762,false
1,6,09:15,75,02:30,69,1,,,0.0,false,14.799999999999766,240.27607661083047,false
1,6,09:15,76,02:45,70,1,,,0.0,false,14.799999999999766,240.73912058174332,false
1,6,09:15,77,03:00,71,1,,,0.0,false,14.799999999999766,241.20216455265617,false
1,6,09:15,78,03:15,72,1,,,0.0,false,14.799999999999766,241.66520852356902,false
1,6,09:15,79,03:30,73,1,,,0.0,false,14.799999999999766,242.12825249448187,false
1,6,09:15,80,03:45,74,1,,,0.0,false,14.799999999999766,242.59129646539472,false
1,6,09:15,81,04:00,75,1,,,0.0,false,14.799999999999766,243.05434043630757,false
1,6,09:15,82,04:15,76,1,,,0.0,false,14.799999999999766,243.51738440722042,false
1,6,09:15,83,04:30,77,1,,,0.0,false,14.799999999999766,243.98042837813327,false
1,6,09:15,84,04:45,78,1,,,0.0,false,14.799999999999766,244.44347234904603,false
1,6,09:15,85,05:00,79,1,,,0.0,false,14.799999999999766,244.90651631995885,false
1,6,09:15,86,05:15,80,1,,,0.0,false,14.799999999999766,245.36956029087168,false
1,6,09:15,87,05:30,81,1,,,0.0,false,14.799999999999766,245.83260426178452,false
1,6,09:15,88,05:45,82,1,,,0.0,false,14.799999999999766,246.29564823269737,false
1,6,09:15,89,06:00,83,1,,,0.0,false,14.799999999999805,246.7586922036102,false
1,6,09:15,90,06:15,84,1,,,0.0,false,14.799999999999843,247.22173617452302,false
1,6,09:15,91,06:30,85,1,,,0.0,false,14.79999999999988,247.68478014543584,false
1,6,09:15,92,06:45,86,1,,,0.0,false,14.799999999999917,248.14782411634866,false
1,6,09:15,93,07:00,87,1,,,0.0,false,14.799999999999958,248.61086808726148,false
1,6,09:15,94,07:15,88,1,,,0.0,false,14.8,249.07391205817427,false
1,6,09:15,95,07:30,89,1,,,0.0,false,14.8,249.53695602908712,false
1,6,09:15,96,07:45,90,1,,,0.0,false,14.8,250.0,false
1,7,09:30,7,09:30,0,1,,Traveling,4.710100000001994,false,11.845710526315294,246.7476731301939,false
1,7,09:30,8,09:45,1,1,,Charging,-3.205435916697752e-12,true,13.745710526315195,244.64240997229967,true
1,7,09:30,9,10:00,2,1,,Digging,4.7925000000013185,false,12.547585526314865,244.64240997229967,false
1,7,09:30,10,10:15,3,1,,Digging,4.792499999994582,false,11.349460526317383,244.6424099722984,true
1,7,09:30,11,10:30,4,1,,Digging,4.792500000007671,false,10.151335526315465,244.6424099722984,false
1,7,09:30,12,10:45,5,1,,Charging,5.329070518200751e-15,true,12.051335526315462,242.53714681440366,false
1,7,09:30,13,11:00,6,1,,Digging,4.7925000000040825,false,10.853210526314442,242.53714681440366,false
1,7,09:30,14,11:15,7,1,,Traveling,4.710099999995599,false,9.675685526315542,242.53714681440366,false
1,7,09:30,15,11:30,8,1,,Digging,4.792500000001255,false,8.477560526315434,242.53714681440366,false
1,7,09:30,16,11:45,9,1,,Digging,4.79249999999999,false,7.279435526315437,242.53714681440366,false
1,7,09:30,17,12:00,10,1,,Charging,0.0,true,9.17943552631712,240.431883656507,false
1,7,09:30,18,12:15,11,1,,Charging,0.0,true,11.079435526317024,238.32662049861239,false
1,7,09:30,19,12:30,12,1,,,0.0,false,11.079435526317024,238.32662049861204,false
1,7,09:30,20,12:45,13,1,,,0.0,false,11.079435526317024,238.78820361517293,false
1,7,09:30,21,13:00,14,1,,,0.0,false,11.079435526317024,239.24978673173382,false
1,7,09:30,22,13:15,15,1,,,0.0,false,11.079435526317024,239.7113698482947,false
1,7,09:30,23,13:30,16,1,,,0.0,false,11.079435526317024,240.1729529648556,false
1,7,09:30,24,13:45,17,1,,,0.0,false,11.079435526317024,240.63453608141648,false
1,7,09:30,25,14:00,18,1,,Loading/Swinging,3.1586,false,10.289785526317024,241.09611919797737,true
1,7,09:30,26,14:15,19,1,,Digging,4.792499999999976,false,9.09166052631703,241.55770231453826,false
1,7,09:30,27,14:30,20,1,,Traveling,4.710099999995791,false,7.914135526318082,242.01928543109915,false
1,7,09:30,28,14:45,21,1,,Digging,4.792499999987502,false,6.716010526321207,242.48086854766026,true
1,7,09:30,29,15:00,22,1,,Idle,1.3805845355818747e-11,false,6.716010526317755,242.94245166422115,false
1,7,09:30,30,15:15,23,1,,Loading/Swinging,3.1586,false,5.9263605263177555,243.40403478078204,false
1,7,09:30,31,15:30,24,1,,Loading/Swinging,3.1586,false,5.1367105263177555,243.86561789734293,false
1,7,09:30,32,15:45,25,1,,Loading/Swinging,3.158599999994255,false,4.347060526319192,244.32720101390385,false
1,7,09:30,33,16:00,26,1,,Traveling,4.7100999999952515,false,3.169535526320225,244.32720101390385,false
1,7,09:30,34,16:15,27,1,,Charging,-8.881784197001252e-16,true,5.0695355263192985,242.22193785601013,false
1,7,09:30,35,16:30,28,1,,Loading/Swinging,3.158599999998298,false,4.279885526319724,242.22193785601013,false
1,7,09:30,36,16:45,29,1,,Loading/Swinging,3.1586000000087537,false,3.4902355263175355,242.22193785601013,false
1,7,09:30,37,17:00,30,1,,Charging,0.0,true,5.29999999999996,240.21665866079414,false
1,7,09:30,38,17:15,31,1,,Charging,0.0,true,7.199999999999946,238.11139550289943,false
1,7,09:30,39,17:30,32,1,,Charging,0.0,true,9.099999999999955,236.0061323450047,false
1,7,09:30,40,17:45,33,1,,Charging,0.0,true,10.999999999999945,233.90086918710998,false
1,7,09:30,41,18:00,34,1,,Charging,0.0,true,12.899999999999961,231.7956060292152,false
1,7,09:30,42,18:15,35,1,,Charging,0.0,true,14.799999999999962,229.69034287132047,false
1,7,09:30,43,18:30,36,1,,,0.0,false,14.799999999999962,229.69034287132044,false
1,7,09:30,44,18:45,37,1,,,0.0,false,14.799999999999962,229.69034287132044,false
1,7,09:30,45,19:00,38,1,,,0.0,false,14.799999999999969,229.69034287132044,false
1,7,09:30,46,19:15,39,1,,,0.0,false,14.799999999999969,229.69034287132044,false
1,7,09:30,47,19:30,40,1,,,0.0,false,14.799999999999969,229.69034287132044,false
1,7,09:30,48,19:45,41,1,,,0.0,false,14.799999999999969,229.69034287132044,false
1,7,09:30,49,20:00,42,1,,,0.0,false,14.799999999999965,229.69034287132044,false
1,7,09:30,50,20:15,43,1,,,0.0,false,14.799999999999962,229.69034287132044,false
1,7,09:30,51,20:30,44,1,,,0.0,false,14.799999999999969,229.69034287132044,false
1,7,09:30,52,20:45,45,1,,,0.0,false,14.799999999999969,229.69034287132044,false
1,7,09:30,53,21:00,46,1,,,0.0,false,14.799999999999969,230.15192598788133,false
1,7,09:30,54,21:15,47,1,,,0.0,false,14.799999999999976,230.61350910444222,false
1,7,09:30,55,21:30,48,1,,,0.0,false,14.799999999999976,231.0750922210031,false
1,7,09:30,56,21:45,49,1,,,0.0,false,14.799999999999992,231.536675337564,false
1,7,09:30,57,22:00,50,1,,,0.0,false,14.799999999999992,231.99825845412488,false
1,7,09:30,58,22:15,51,1,,,0.0,false,14.799999999999992,232.45984157068577,false
1,7,09:30,59,22:30,52,1,,,0.0,false,14.799999999999992,232.92142468724666,false
1,7,09:30,60,22:45,53,1,,,0.0,false,14.799999999999992,233.38300780380754,false
1,7,09:30,61,23:00,54,1,,,0.0,false,14.799999999999992,233.84459092036843,false
1,7,09:30,62,23:15,55,1,,,0.0,false,14.799999999999992,234.30617403692932,false
1,7,09:30,63,23:30,56,1,,,0.0,false,14.799999999999992,234.7677571534902,false
1,7,09:30,64,23:45,57,1,,,0.0,false,14.799999999999992,235.2293402700511,false
1,7,09:30,65,00:00,58,1,,,0.0,false,14.799999999999992,235.69092338661198,false
1,7,09:30,66,00:15,59,1,,,0.0,false,14.799999999999992,236.15250650317287,false
1,7,09:30,67,00:30,60,1,,,0.0,false,14.799999999999992,236.61408961973376,false
1,7,09:30,68,00:45,61,1,,,0.0,false,14.799999999999992,237.07567273629465,false
1,7,09:30,69,01:00,62,1,,,0.0,false,14.799999999999992,237.53725585285554,false
1,7,09:30,70,01:15,63,1,,,0.0,false,14.799999999999999,237.99883896941643,false
1,7,09:30,71,01:30,64,1,,,0.0,false,14.799999999999999,238.4604220859773,false
1,7,09:30,72,01:45,65,1,,,0.0,false,14.799999999999997,238.9220052025382,false
1,7,09:30,73,02:00,66,1,,,0.0,false,14.799999999999997,239.3835883190991,false
1,7,09:30,74,02:15,67,1,,,0.0,false,14.799999999999997,239.84517143565998,false
1,7,09:30,75,02:30,68,1,,,0.0,false,14.799999999999997,240.30675455222087,false
1,7,09:30,76,02:45,69,1,,,0.0,false,14.799999999999997,240.76833766878175,false
1,7,09:30,77,03:00,70,1,,,0.0,false,14.799999999999997,241.22992078534264,false
1,7,09:30,78,03:15,71,1,,,0.0,false,14.799999999999997,241.69150390190353,false
1,7,09:30,79,03:30,72,1,,,0.0,false,14.799999999999997,242.15308701846442,false
1,7,09:30,80,03:45,73,1,,,0.0,false,14.799999999999997,242.6146701350253,false
1,7,09:30,81,04:00,74,1,,,0.0,false,14.799999999999997,243.0762532515862,false
1,7,09:30,82,04:15,75,1,,,0.0,false,14.799999999999997,243.53783636814708,false
1,7,09:30,83,04:30,76,1,,,0.0,false,14.799999999999997,243.99941948470797,false
1,7,09:30,84,04:45,77,1,,,0.0,false,14.8,244.46100260126886,false
1,7,09:30,85,05:00,78,1,,,0.0,false,14.8,244.92258571782975,false
1,7,09:30,86,05:15,79,1,,,0.0,false,14.8,245.38416883439064,false
1,7,09:30,87,05:30,80,1,,,0.0,false,14.8,245.84575195095152,false
1,7,09:30,88,05:45,81,1,,,0.0,false,14.8,246.3073350675124,false
1,7,09:30,89,06:00,82,1,,,0.0,false,14.8,246.7689181840733,false
1,7,09:30,90,06:15,83,1,,,0.0,false,14.8,247.2305013006342,false
1,7,09:30,91,06:30,84,1,,,0.0,false,14.8,247.69208441719508,false
1,7,09:30,92,06:45,85,1,,,0.0,false,14.8,248.15366753375596,false
1,7,09:30,93,07:00,86,1,,,0.0,false,14.8,248.61525065031685,false
1,7,09:30,94,07:15,87,1,,,0.0,false,14.8,249.07683376687822,false
1,7,09:30,95,07:30,88,1,,,0.0,false,14.8,249.5384168834391,false
1,7,09:30,96,07:45,89,1,,,0.0,false,14.8,250.0,false
1,8,09:45,8,09:45,0,1,,Charging,-1.7763568394002505e-15,true,13.768985526315788,244.64240997229916,false
1,8,09:45,9,10:00,1,1,,Digging,4.792500000004196,false,12.570860526314739,244.64240997229916,false
1,8,09:45,10,10:15,2,1,,Digging,4.792499999998952,false,11.372735526315001,244.64240997229916,false
1,8,09:45,11,10:30,3,1,,Digging,4.792499999997254,false,10.174610526315687,244.64240997229916,false
1,8,09:45,12,10:45,4,1,,Charging,1.4948042803553108e-12,true,12.074610526315098,242.53714681440468,false
1,8,09:45,13,11:00,5,1,,Digging,4.792500000001311,false,10.87648552631477,242.53714681440468,false
1,8,09:45,14,11:15,6,1,,Traveling,4.710099999999846,false,9.698960526314808,242.53714681440468,false
1,8,09:45,15,11:30,7,1,,Digging,4.792499999995272,false,8.50083552631599,242.53714681440468,false
1,8,09:45,16,11:45,8,1,,Digging,4.792500000002062,false,7.302710526317382,242.53714681440468,false
1,8,09:45,17,12:00,9,1,,Charging,0.0,true,9.202710526317897,240.43188365650937,false
1,8,09:45,18,12:15,10,1,,Charging,0.0,true,11.102710526317898,238.32662049861545,false
1,8,09:45,19,12:30,11,1,,,0.0,false,11.102710526317168,238.32662049861545,false
1,8,09:45,20,12:45,12,1,,,0.0,false,11.102710526317168,238.78775116826966,false
1,8,09:45,21,13:00,13,1,,,0.0,false,11.102710526317168,239.2488818379239,false
1,8,09:45,22,13:15,14,1,,,0.0,false,11.102710526317168,239.7100125075781,false
1,8,09:45,23,13:30,15,1,,,0.0,false,11.102710526317168,240.17114317723232,false
1,8,09:45,24,13:45,16,1,,,0.0,false,11.102710526317168,240.63227384688656,false
1,8,09:45,25,14:00,17,1,,Digging,4.7924999999999045,false,9.904585526314651,241.09340451654077,true
1,8,09:45,26,14:15,18,1,,Digging,4.7924999999976095,false,8.706460526315249,241.554535186195,false
1,8,09:45,27,14:30,19,1,,Traveling,4.710100000000001,false,7.528935526315249,242.01566585584922,false
1,8,09:45,28,14:45,20,1,,Loading/Swinging,3.1586000000004866,false,6.739285526315127,242.47679652550343,true
1,8,09:45,29,15:00,21,1,,Idle,-6.632916438320535e-12,false,6.7392855263167855,242.93792719515767,false
1,8,09:45,30,15:15,22,1,,Loading/Swinging,3.158600000007226,false,5.949635526314979,243.39905786481188,false
1,8,09:45,31,15:30,23,1,,Loading/Swinging,3.1586000000000105,false,5.159985526314976,243.8601885344661,false
1,8,09:45,32,15:45,24,1,,Loading/Swinging,3.158600000000077,false,4.370335526314957,244.3213192041203,false
1,8,09:45,33,16:00,25,1,,Traveling,4.710100000000011,false,3.192810526314954,244.3213192041203,false
1,8,09:45,34,16:15,26,1,,Charging,-8.032194909191048e-12,true,5.092810526318127,242.21605604622215,false
1,8,09:45,35,16:30,27,1,,Loading/Swinging,3.1586,false,4.303160526318127,242.21605604622215,false
1,8,09:45,36,16:45,28,1,,Loading/Swinging,3.158600000010855,false,3.513510526315413,242.21605604622215,false
1,8,09:45,37,17:00,29,1,,Charging,0.0,true,5.299999999999999,240.23656632468797,false
1,8,09:45,38,17:15,30,1,,Charging,0.0,true,7.199999999999999,238.13130316679323,false
1,8,09:45,39,17:30,31,1,,Charging,0.0,true,9.1,236.0260400088985,false
1,8,09:45,40,17:45,32,1,,Charging,0.0,true,11.0,233.92077685100375,false
1,8,09:45,41,18:00,33,1,,Charging,0.0,true,12.899999999999999,231.815513693109,false
1,8,09:45,42,18:15,34,1,,Charging,0.0,true,14.799999999999999,229.71025053521427,false
1,8,09:45,43,18:30,35,1,,,0.0,false,14.799999999999999,229.71025053521427,false
1,8,09:45,44,18:45,36,1,,,0.0,false,14.799999999999999,229.71025053521427,false
1,8,09:45,45,19:00,37,1,,,0.0,false,14.799999999999999,229.71025053521427,false
1,8,09:45,46,19:15,38,1,,,0.0,false,14.799999999999999,229.71025053521427,false
1,8,09:45,47,19:30,39,1,,,0.0,false,14.799999999999999,229.71025053521427,false
1,8,09:45,48,19:45,40,1,,,0.0,false,14.799999999999999,229.71025053521427,false
1,8,09:45,49,20:00,41,1,,,0.0,false,14.799999999999999,229.71025053521427,false
1,8,09:45,50,20:15,42,1,,,0.0,false,14.799999999999999,229.71025053521427,false
1,8,09:45,51,20:30,43,1,,,0.0,false,14.799999999999999,229.71025053521427,false
1,8,09:45,52,20:45,44,1,,,0.0,false,14.799999999999999,229.7102505352143,false
1,8,09:45,53,21:00,45,1,,,0.0,false,14.799999999999999,230.17138120486854,false
1,8,09:45,54,21:15,46,1,,,0.0,false,14.799999999999999,230.63251187452275,false
1,8,09:45,55,21:30,47,1,,,0.0,false,14.799999999999999,231.093642544177,false
1,8,09:45,56,21:45,48,1,,,0.0,false,14.799999999999999,231.5547732138312,false
1,8,09:45,57,22:00,49,1,,,0.0,false,14.799999999999999,232.0159038834854,false
1,8,09:45,58,22:15,50,1,,,0.0,false,14.799999999999999,232.47703455313965,false
1,8,09:45,59,22:30,51,1,,,0.0,false,14.799999999999999,232.93816522279386,false
1,8,09:45,60,22:45,52,1,,,0.0,false,14.799999999999999,233.3992958924481,false
1,8,09:45,61,23:00,53,1,,,0.0,false,14.799999999999999,233.8604265621023,false
1,8,09:45,62,23:15,54,1,,,0.0,false,14.799999999999999,234.32155723175651,false
1,8,09:45,63,23:30,55,1,,,0.0,false,14.799999999999999,234.78268790141075,false
1,8,09:45,64,23:45,56,1,,,0.0,false,14.799999999999999,235.24381857106496,false
1,8,09:45,65,00:00,57,1,,,0.0,false,14.799999999999999,235.70494924071917,false
1,8,09:45,66,00:15,58,1,,,0.0,false,14.8,236.1660799103734,false
1,8,09:45,67,00:30,59,1,,,0.0,false,14.8,236.62721058002762,false
1,8,09:45,68,00:45,60,1,,,0.0,false,14.8,237.08834124968183,false
1,8,09:45,69,01:00,61,1,,,0.0,false,14.8,237.54947191933607,false
1,8,09:45,70,01:15,62,1,,,0.0,false,14.8,238.01060258899028,false
1,8,09:45,71,01:30,63,1,,,0.0,false,14.8,238.47173325864452,false
1,8,09:45,72,01:45,64,1,,,0.0,false,14.8,238.93286392829873,false
1,8,09:45,73,02:00,65,1,,,0.0,false,14.8,239.39399459795294,false
1,8,09:45,74,02:15,66,1,,,0.0,false,14.8,239.85512526760715,false
1,8,09:45,75,02:30,67,1,,,0.0,false,14.8,240.3162559372614,false
1,8,09:45,76,02:45,68,1,,,0.0,false,14.8,240.7773866069156,false
1,8,09:45,77,03:00,69,1,,,0.0,false,14.8,241.23851727656984,false
1,8,09:45,78,03:15,70,1,,,0.0,false,14.8,241.69964794622405,false
1,8,09:45,79,03:30,71,1,,,0.0,false,14.8,242.16077861587826,false
1,8,09:45,80,03:45,72,1,,,0.0,false,14.8,242.62190928553247,false
1,8,09:45,81,04:00,73,1,,,0.0,false,14.8,243.0830399551867,false
1,8,09:45,82,04:15,74,1,,,0.0,false,14.8,243.54417062484092,false
1,8,09:45,83,04:30,75,1,,,0.0,false,14.8,244.00530129449515,false
1,8,09:45,84,04:45,76,1,,,0.0,false,14.8,244.46643196414936,false
1,8,09:45,85,05:00,77,1,,,0.0,false,14.8,244.92756263380357,false
1,8,09:45,86,05:15,78,1,,,0.0,false,14.8,245.3886933034578,false
1,8,09:45,87,05:30,79,1,,,0.0,false,14.8,245.84982397311202,false
1,8,09:45,88,05:45,80,1,,,0.0,false,14.8,246.31095464276623,false
1,8,09:45,89,06:00,81,1,,,0.0,false,14.8,246.77208531242047,false
1,8,09:45,90,06:15,82,1,,,0.0,false,14.8,247.23321598207468,false
1,8,09:45,91,06:30,83,1,,,0.0,false,14.8,247.6943466517289,false
1,8,09:45,92,06:45,84,1,,,0.0,false,14.8,248.15547732138313,false
1,8,09:45,93,07:00,85,1,,,0.0,false,14.8,248.61660799103734,false
1,8,09:45,94,07:15,86,1,,,0.0,false,14.8,249.07773866069155,false
1,8,09:45,95,07:30,87,1,,,0.0,false,14.8,249.53886933034576,false
1,8,09:45,96,07:45,88,1,,,0.0,false,14.8,250.0,false
1,9,10:00,9,10:00,0,1,,Digging,4.792499999999997,false,12.670860526315789,244.64240997229916,false
1,9,10:00,10,10:15,1,1,,Digging,4.792500000000999,false,11.472735526315539,244.64240997229916,false
1,9,10:00,11,10:30,2,1,,Digging,4.792499999999502,false,10.274610526315664,244.64240997229916,false
1,9,10:00,12,10:45,3,1,,Charging,2.3145929617385264e-12,true,12.17461052631679,242.53714681440255,false
1,9,10:00,13,11:00,4,1,,Digging,4.792500000000478,false,10.97648552631667,242.53714681440292,false
1,9,10:00,14,11:15,5,1,,Traveling,4.710099999999223,false,9.798960526316865,242.53714681440292,false
1,9,10:00,15,11:30,6,1,,Digging,4.792499999999554,false,8.600835526316976,242.53714681440292,false
1,9,10:00,16,11:45,7,1,,Digging,4.7925,false,7.402710526316976,242.53714681440292,false
1,9,10:00,17,12:00,8,1,,Charging,0.0,true,9.302710526316975,240.43188365650818,false
1,9,10:00,18,12:15,9,1,,Charging,0.0,true,11.202710526316974,238.32662049861344,false
1,9,10:00,19,12:30,10,1,,,0.0,false,11.202710526316974,238.32662049861344,false
1,9,10:00,20,12:45,11,1,,,0.0,false,11.202710526316974,238.7858072503011,false
1,9,10:00,21,13:00,12,1,,,0.0,false,11.202710526316974,239.24499400198877,false
1,9,10:00,22,13:15,13,1,,,0.0,false,11.202710526316974,239.70418075367644,false
1,9,10:00,23,13:30,14,1,,,0.0,false,11.202710526316974,240.1633675053641,false
1,9,10:00,24,13:45,15,1,,,0.0,false,11.202710526316974,240.62255425705177,false
1,9,10:00,25,14:00,16,1,,Digging,4.792499999999684,false,10.004585526317053,241.08174100873944,false
1,9,10:00,26,14:15,17,1,,Digging,4.792500000007735,false,8.806460526315119,241.5409277604271,false
1,9,10:00,27,14:30,18,1,,Traveling,4.710099999999795,false,7.62893552631517,242.00011451211478,false
1,9,10:00,28,14:45,19,1,,Loading/Swinging,3.1585999999992858,false,6.839285526315349,242.45930126380244,false
1,9,10:00,29,15:00,20,1,,Idle,-2.659168862884087e-12,false,6.839285526316013,242.9184880154901,false
1,9,10:00,30,15:15,21,1,,Loading/Swinging,3.158600000003183,false,6.0496355263152175,243.37767476717778,false
1,9,10:00,31,15:30,22,1,,Loading/Swinging,3.1586,false,5.2599855263152175,243.83686151886545,false
1,9,10:00,32,15:45,23,1,,Loading/Swinging,3.1585999999992787,false,4.470335526315398,244.29604827055311,false
1,9,10:00,33,16:00,24,1,,Traveling,4.7100999999997635,false,3.292810526315457,244.29604827055311,false
1,9,10:00,34,16:15,25,1,,Charging,-2.3705482021796342e-12,true,5.192810526316485,242.1907851126579,false
1,9,10:00,35,16:30,26,1,,Loading/Swinging,3.1585999999994563,false,4.403160526316621,242.1907851126579,false
1,9,10:00,36,16:45,27,1,,Loading/Swinging,3.158599999997877,false,3.613510526317152,242.1907851126579,false
1,9,10:00,37,17:00,28,1,,,0.0,false,3.613510526316925,242.19078511265815,true
1,9,10:00,38,17:15,29,1,,Charging,0.0,true,5.300000000000191,240.32209871522517,false
1,9,10:00,39,17:30,30,1,,Charging,0.0,true,7.200000000000195,238.21683555733043,false
1,9,10:00,40,17:45,31,1,,Charging,0.0,true,9.100000000001044,236.111572399436,false
1,9,10:00,41,18:00,32,1,,Charging,0.0,true,11.00000000000042,234.00630924154194,false
1,9,10:00,42,18:15,33,1,,,0.0,false,11.0000000000009,234.0063092415414,true
1,9,10:00,43,18:30,34,1,,Charging,0.0,true,12.90000000000035,231.9010460836473,true
1,9,10:00,44,18:45,35,1,,Charging,0.0,true,14.800000000000345,229.79578292575255,true
1,9,10:00,45,19:00,36,1,,,0.0,false,14.800000000000345,229.79578292575255,false
1,9,10:00,46,19:15,37,1,,,0.0,false,14.800000000000345,229.79578292575255,false
1,9,10:00,47,19:30,38,1,,,0.0,false,14.800000000000345,229.79578292575255,false
1,9,10:00,48,19:45,39,1,,,0.0,false,14.800000000000345,229.79578292575255,false
1,9,10:00,49,20:00,40,1,,,0.0,false,14.800000000000345,229.79578292575255,false
1,9,10:00,50,20:15,41,1,,,0.0,false,14.800000000000345,229.79578292575255,false
1,9,10:00,51,20:30,42,1,,,0.0,false,14.800000000000345,229.79578292575255,false
1,9,10:00,52,20:45,43,1,,,0.0,false,14.800000000000345,229.79578292575255,false
1,9,10:00,53,21:00,44,1,,,0.0,false,14.800000000000345,230.25496967744044,false
1,9,10:00,54,21:15,45,1,,,0.0,false,14.800000000000345,230.71415642912828,false
1,9,10:00,55,21:30,46,1,,,0.0,false,14.799999999999972,231.17334318081595,false
1,9,10:00,56,21:45,47,1,,,0.0,false,14.799999999999972,231.6325299325043,false
1,9,10:00,57,22:00,48,1,,,0.0,false,14.799999999999342,232.09171668419197,false
1,9,10:00,58,22:15,49,1,,,0.0,false,14.799999999999342,232.55090343587963,false
1,9,10:00,59,22:30,50,1,,,0.0,false,14.799999999999342,233.0100901875673,false
1,9,10:00,60,22:45,51,1,,,0.0,false,14.799999999999342,233.46927693925497,false
1,9,10:00,61,23:00,52,1,,,0.0,false,14.799999999999342,233.92846369094264,false
1,9,10:00,62,23:15,53,1,,,0.0,false,14.799999999999342,234.3876504426303,false
1,9,10:00,63,23:30,54,1,,,0.0,false,14.799999999999342,234.84683719431797,false
1,9,10:00,64,23:45,55,1,,,0.0,false,14.799999999999342,235.30602394600564,false
1,9,10:00,65,00:00,56,1,,,0.0,false,14.799999999999342,235.7652106976933,false
1,9,10:00,66,00:15,57,1,,,0.0,false,14.799999999999342,236.22439744938097,false
1,9,10:00,67,00:30,58,1,,,0.0,false,14.799999999999342,236.68358420106864,false
1,9,10:00,68,00:45,59,1,,,0.0,false,14.799999999999342,237.1427709527563,false
1,9,10:00,69,01:00,60,1,,,0.0,false,14.799999999999342,237.60195770444398,false
1,9,10:00,70,01:15,61,1,,,0.0,false,14.799999999999342,238.06114445613164,false
1,9,10:00,71,01:30,62,1,,,0.0,false,14.799999999999342,238.5203312078193,false
1,9,10:00,72,01:45,63,1,,,0.0,false,14.799999999999342,238.97951795950698,false
1,9,10:00,73,02:00,64,1,,,0.0,false,14.799999999999342,239.43870471119465,false
1,9,10:00,74,02:15,65,1,,,0.0,false,14.799999999999342,239.8978914628734,false
1,9,10:00,75,02:30,66,1,,,0.0,false,14.799999999999342,240.35707821456106,false
1,9,10:00,76,02:45,67,1,,,0.0,false,14.799999999999342,240.81626496624872,false
1,9,10:00,77,03:00,68,1,,,0.0,false,14.799999999999466,241.2754517179364,false
1,9,10:00,78,03:15,69,1,,,0.0,false,14.799999999999466,241.73463846962383,false
1,9,10:00,79,03:30,70,1,,,0.0,false,14.8,242.19382522131139,false
1,9,10:00,80,03:45,71,1,,,0.0,false,14.8,242.6530119729991,false
1,9,10:00,81,04:00,72,1,,,0.0,false,14.8,243.11219872468678,false
1,9,10:00,82,04:15,73,1,,,0.0,false,14.8,243.57138547637445,false
1,9,10:00,83,04:30,74,1,,,0.0,false,14.8,244.03057222806197,false
1,9,10:00,84,04:45,75,1,,,0.0,false,14.8,244.48975897974964,false
1,9,10:00,85,05:00,76,1,,,0.0,false,14.8,244.94894573143733,false
1,9,10:00,86,05:15,77,1,,,0.0,false,14.8,245.408132483125,false
1,9,10:00,87,05:30,78,1,,,0.0,false,14.8,245.867319234811,false
1,9,10:00,88,05:45,79,1,,,0.0,false,14.8,246.32650598649866,false
1,9,10:00,89,06:00,80,1,,,0.0,false,14.8,246.78569273818633,false
1,9,10:00,90,06:15,81,1,,,0.0,false,14.8,247.244879489874,false
1,9,10:00,91,06:30,82,1,,,0.0,false,14.8,247.70406624156166,false
1,9,10:00,92,06:45,83,1,,,0.0,false,14.8,248.16325299324933,false
1,9,10:00,93,07:00,84,1,,,0.0,false,14.8,248.622439744937,false
1,9,10:00,94,07:15,85,1,,,0.0,false,14.8,249.08162649662466,false
1,9,10:00,95,07:30,86,1,,,0.0,false,14.8,249.5408132483123,false
1,9,10:00,96,07:45,87,1,,,0.0,false,14.8,250.0,false
1,10,10:15,10,10:15,0,1,,Digging,4.7925,false,11.475635526315788,244.64240997229916,false
1,10,10:15,11,10:30,1,1,,Digging,4.792500000000011,false,10.277510526315785,244.64240997229916,false
1,10,10:15,12,10:45,2,1,,Charging,0.0,true,12.177510526315785,242.53714681440442,false
1,10,10:15,13,11:00,3,1,,Digging,4.7925000000001035,false,10.97938552631576,242.53714681440442,false
1,10,10:15,14,11:15,4,1,,Traveling,4.7101,false,9.801860526315764,242.53714681440442,false
1,10,10:15,15,11:30,5,1,,Digging,4.7924999999999045,false,8.603735526315788,242.53714681440442,false
1,10,10:15,16,11:45,6,1,,Digging,4.7925,false,7.405610526315788,242.53714681440442,false
1,10,10:15,17,12:00,7,1,,Charging,0.0,true,9.305610526315787,240.43188365650968,false
1,10,10:15,18,12:15,8,1,,Charging,0.0,true,11.205610526315782,238.32662049861494,false
1,10,10:15,19,12:30,9,1,,,0.0,false,11.205610526315782,238.32662049861494,false
1,10,10:15,20,12:45,10,1,,,0.0,false,11.205610526315782,238.78575087668142,false
1,10,10:15,21,13:00,11,1,,,0.0,false,11.205610526315782,239.2448812547479,false
1,10,10:15,22,13:15,12,1,,,0.0,false,11.205610526315782,239.70401163281437,false
1,10,10:15,23,13:30,13,1,,,0.0,false,11.205610526315782,240.16314201088085,false
1,10,10:15,24,13:45,14,1,,,0.0,false,11.205610526315782,240.62227238894732,false
1,10,10:15,25,14:00,15,1,,Digging,4.792499999999997,false,10.007485526315783,241.0814027670138,false
1,10,10:15,26,14:15,16,1,,Digging,4.792500000000004,false,8.809360526315782,241.54053314508027,false
1,10,10:15,27,14:30,17,1,,Traveling,4.710100000000001,false,7.631835526315782,241.99966352314675,false
1,10,10:15,28,14:45,18,1,,Loading/Swinging,3.1585999999999816,false,6.842185526315782,242.45879390121323,false
1,10,10:15,29,15:00,19,1,,Idle,0.0,false,6.842185526315782,242.91792427927967,false
1,10,10:15,30,15:15,20,1,,Loading/Swinging,3.1586,false,6.052535526315774,243.37705465734615,false
1,10,10:15,31,15:30,21,1,,Loading/Swinging,3.1586,false,5.262885526315774,243.83618503541263,false
1,10,10:15,32,15:45,22,1,,Loading/Swinging,3.158599999999974,false,4.47323552631578,244.2953154134791,false
1,10,10:15,33,16:00,23,1,,Traveling,4.710099999999969,false,3.295710526315788,244.2953154134791,false
1,10,10:15,34,16:15,24,1,,Charging,1.7763568394002505e-15,true,5.1957105263157874,242.19005225558436,false
1,10,10:15,35,16:30,25,1,,Loading/Swinging,3.1586000000000602,false,4.406060526315772,242.19005225558436,false
1,10,10:15,36,16:45,26,1,,Loading/Swinging,3.158599999999998,false,3.616410526315773,242.19005225558436,false
1,10,10:15,37,17:00,27,1,,Charging,0.0,true,5.516410526315773,240.08478909768962,true
1,10,10:15,38,17:15,28,1,,Charging,0.0,true,7.416410526315804,237.97952593979485,false
1,10,10:15,39,17:30,29,1,,Charging,0.0,true,9.316410526315805,235.87426278190011,false
1,10,10:15,40,17:45,30,1,,Charging,0.0,true,11.216410526315808,233.76899962400537,false
1,10,10:15,41,18:00,31,1,,Charging,0.0,true,13.11641052631579,231.66373646611066,false
1,10,10:15,42,18:15,32,1,,Charging,0.0,true,14.799999999999999,229.7982633650755,true
1,10,10:15,43,18:30,33,1,,,0.0,false,14.8,229.7982633650755,true
1,10,10:15,44,18:45,34,1,,,0.0,false,14.8,229.7982633650755,true
1,10,10:15,45,19:00,35,1,,,0.0,false,14.8,229.7982633650755,false
1,10,10:15,46,19:15,36,1,,,0.0,false,14.8,229.7982633650755,false
1,10,10:15,47,19:30,37,1,,,0.0,false,14.8,229.7982633650755,false
1,10,10:15,48,19:45,38,1,,,0.0,false,14.8,229.7982633650755,false
1,10,10:15,49,20:00,39,1,,,0.0,false,14.8,229.7982633650755,false
1,10,10:15,50,20:15,40,1,,,0.0,false,14.8,229.7982633650755,false
1,10,10:15,51,20:30,41,1,,,0.0,false,14.8,229.7982633650755,false
1,10,10:15,52,20:45,42,1,,,0.0,false,14.8,229.7982633650755,false
1,10,10:15,53,21:00,43,1,,,0.0,false,14.8,230.257393743142,false
1,10,10:15,54,21:15,44,1,,,0.0,false,14.8,230.71652412120847,false
1,10,10:15,55,21:30,45,1,,,0.0,false,14.8,231.17565449927494,false
1,10,10:15,56,21:45,46,1,,,0.0,false,14.8,231.63478487734142,false
1,10,10:15,57,22:00,47,1,,,0.0,false,14.8,232.0939152554079,false
1,10,10:15,58,22:15,48,1,,,0.0,false,14.8,232.55304563347437,false
1,10,10:15,59,22:30,49,1,,,0.0,false,14.8,233.01217601154084,false
1,10,10:15,60,22:45,50,1,,,0.0,false,14.8,233.47130638960732,false
1,10,10:15,61,23:00,51,1,,,0.0,false,14.8,233.9304367676738,false
1,10,10:15,62,23:15,52,1,,,0.0,false,14.8,234.38956714574027,false
1,10,10:15,63,23:30,53,1,,,0.0,false,14.8,234.84869752380675,false
1,10,10:15,64,23:45,54,1,,,0.0,false,14.8,235.30782790187322,false
1,10,10:15,65,00:00,55,1,,,0.0,false,14.8,235.7669582799397,false
1,10,10:15,66,00:15,56,1,,,0.0,false,14.8,236.22608865800618,false
1,10,10:15,67,00:30,57,1,,,0.0,false,14.8,236.68521903607265,false
1,10,10:15,68,00:45,58,1,,,0.0,false,14.8,237.14434941413913,false
1,10,10:15,69,01:00,59,1,,,0.0,false,14.8,237.6034797922056,false
1,10,10:15,70,01:15,60,1,,,0.0,false,14.8,238.06261017027208,false
1,10,10:15,71,01:30,61,1,,,0.0,false,14.8,238.52174054833856,false
1,10,10:15,72,01:45,62,1,,,0.0,false,14.8,238.98087092640503,false
1,10,10:15,73,02:00,63,1,,,0.0,false,14.8,239.4400013044715,false
1,10,10:15,74,02:15,64,1,,,0.0,false,14.8,239.89913168253798,false
1,10,10:15,75,02:30,65,1,,,0.0,false,14.8,240.35826206060446,false
1,10,10:15,76,02:45,66,1,,,0.0,false,14.8,240.81739243867094,false
1,10,10:15,77,03:00,67,1,,,0.0,false,14.8,241.2765228167374,false
1,10,10:15,78,03:15,68,1,,,0.0,false,14.8,241.7356531948039,false
1,10,10:15,79,03:30,69,1,,,0.0,false,14.8,242.19478357287036,false
1,10,10:15,80,03:45,70,1,,,0.0,false,14.8,242.65391395093684,false
1,10,10:15,81,04:00,71,1,,,0.0,false,14.8,243.11304432900332,false
1,10,10:15,82,04:15,72,1,,,0.0,false,14.8,243.5721747070698,false
1,10,10:15,83,04:30,73,1,,,0.0,false,14.8,244.03130508513627,false
1,10,10:15,84,04:45,74,1,,,0.0,false,14.8,244.49043546320274,false
1,10,10:15,85,05:00,75,1,,,0.0,false,14.8,244.94956584126922,false
1,10,10:15,86,05:15,76,1,,,0.0,false,14.8,245.4086962193357,false
1,10,10:15,87,05:30,77,1,,,0.0,false,14.8,245.86782659740217,false
1,10,10:15,88,05:45,78,1,,,0.0,false,14.8,246.32695697546865,false
1,10,10:15,89,06:00,79,1,,,0.0,false,14.8,246.78608735353512,false
1,10,10:15,90,06:15,80,1,,,0.0,false,14.8,247.2452177316016,false
1,10,10:15,91,06:30,81,1,,,0.0,false,14.8,247.70434810966808,false
1,10,10:15,92,06:45,82,1,,,0.0,false,14.8,248.16347848773455,false
1,10,10:15,93,07:00,83,1,,,0.0,false,14.8,248.62260886580103,false
1,10,10:15,94,07:15,84,1,,,0.0,false,14.8,249.0817392438675,false
1,10,10:15,95,07:30,85,1,,,0.0,false,14.8,249.54086962193355,false
1,10,10:15,96,07:45,86,1,,,0.0,false,14.8,250.0,false
1,11,10:30,11,10:30,0,1,,Digging,4.792500000000004,false,10.134160526315785,244.64240997229916,false
1,11,10:30,12,10:45,1,1,,Charging,-8.881784197001252e-15,true,12.034160526315787,242.53714681440442,false
1,11,10:30,13,11:00,2,1,,Digging,4.7925,false,10.836035526315786,242.53714681440442,false
1,11,10:30,14,11:15,3,1,,Traveling,4.710099999999997,false,9.658510526315787,242.53714681440442,false
1,11,10:30,15,11:30,4,1,,Digging,4.7925,false,8.460385526315786,242.53714681440442,false
1,11,10:30,16,11:45,5,1,,Digging,4.7925,false,7.262260526315786,242.53714681440442,false
1,11,10:30,17,12:00,6,1,,Charging,0.0,true,9.162260526315785,240.43188365650968,false
1,11,10:30,18,12:15,7,1,,Charging,0.0,true,11.062260526315786,238.32662049861494,false
1,11,10:30,19,12:30,8,1,,,0.0,false,11.062260526315786,238.32662049861494,false
1,11,10:30,20,12:45,9,1,,,0.0,false,11.062260526315786,238.78853748308663,false
1,11,10:30,21,13:00,10,1,,,0.0,false,11.062260526315786,239.2504544675583,false
1,11,10:30,22,13:15,11,1,,,0.0,false,11.062260526315786,239.71237145203,false
1,11,10:30,23,13:30,12,1,,,0.0,false,11.062260526315786,240.17428843650168,false
1,11,10:30,24,13:45,13,1,,,0.0,false,11.062260526315786,240.63620542097337,false
1,11,10:30,25,14:00,14,1,,Digging,4.792500000000004,false,9.864135526315785,241.09812240544505,false
1,11,10:30,26,14:15,15,1,,Digging,4.792500000000004,false,8.666010526315784,241.56003938991674,false
1,11,10:30,27,14:30,16,1,,Traveling,4.7101,false,7.488485526315784,242.02195637438842,false
1,11,10:30,28,14:45,17,1,,Loading/Swinging,3.1586,false,6.698835526315784,242.4838733588601,false
1,11,10:30,29,15:00,18,1,,Idle,0.0,false,6.698835526315784,242.94579034333168,false
1,11,10:30,30,15:15,19,1,,Loading/Swinging,3.1586,false,5.909185526315784,243.40770732780337,false
1,11,10:30,31,15:30,20,1,,Loading/Swinging,3.1586,false,5.119535526315784,243.86962431227505,false
1,11,10:30,32,15:45,21,1,,Loading/Swinging,3.1586,false,4.329885526315784,244.33154129674674,false
1,11,10:30,33,16:00,22,1,,Traveling,4.7101,false,3.1523605263157837,244.33154129674674,false
1,11,10:30,34,16:15,23,1,,Charging,-1.7763568394002505e-15,true,5.052360526315784,242.226278138852,false
1,11,10:30,35,16:30,24,1,,Loading/Swinging,3.1586,false,4.262710526315784,242.226278138852,false
1,11,10:30,36,16:45,25,1,,Loading/Swinging,3.1586,false,3.473060526315784,242.226278138852,false
1,11,10:30,37,17:00,26,1,,Charging,0.0,true,5.373060526315784,240.12101498095726,false
1,11,10:30,38,17:15,27,1,,Charging,0.0,true,7.199999999999998,238.09670531482516,false
1,11,10:30,39,17:30,28,1,,Charging,0.0,true,9.099999999999998,235.99144215693042,false
1,11,10:30,40,17:45,29,1,,Charging,0.0,true,10.999999999999998,233.88617899903568,false
1,11,10:30,41,18:00,30,1,,Charging,0.0,true,12.899999999999999,231.78091584114094,false
1,11,10:30,42,18:15,31,1,,Charging,0.0,true,14.799999999999997,229.6756526832462,false
1,11,10:30,43,18:30,32,1,,,0.0,false,14.799999999999997,229.6756526832462,false
1,11,10:30,44,18:45,33,1,,,0.0,false,14.8,229.6756526832462,false
1,11,10:30,45,19:00,34,1,,,0.0,false,14.8,229.6756526832462,false
1,11,10:30,46,19:15,35,1,,,0.0,false,14.8,229.6756526832462,false
1,11,10:30,47,19:30,36,1,,,0.0,false,14.8,229.6756526832462,false
1,11,10:30,48,19:45,37,1,,,0.0,false,14.8,229.6756526832462,false
1,11,10:30,49,20:00,38,1,,,0.0,false,14.8,229.6756526832462,false
1,11,10:30,50,20:15,39,1,,,0.0,false,14.8,229.6756526832462,false
1,11,10:30,51,20:30,40,1,,,0.0,false,14.8,229.6756526832462,false
1,11,10:30,52,20:45,41,1,,,0.0,false,14.8,229.6756526832462,false
1,11,10:30,53,21:00,42,1,,,0.0,false,14.8,230.13756966771788,false
1,11,10:30,54,21:15,43,1,,,0.0,false,14.8,230.59948665218957,false
1,11,10:30,55,21:30,44,1,,,0.0,false,14.8,231.06140363666125,false
1,11,10:30,56,21:45,45,1,,,0.0,false,14.8,231.52332062113294,false
1,11,10:30,57,22:00,46,1,,,0.0,false,14.8,231.98523760560462,false
1,11,10:30,58,22:15,47,1,,,0.0,false,14.8,232.4471545900763,false
1,11,10:30,59,22:30,48,1,,,0.0,false,14.8,232.909071574548,false
1,11,10:30,60,22:45,49,1,,,0.0,false,14.8,233.37098855901968,false
1,11,10:30,61,23:00,50,1,,,0.0,false,14.8,233.83290554349136,false
1,11,10:30,62,23:15,51,1,,,0.0,false,14.8,234.29482252796305,false
1,11,10:30,63,23:30,52,1,,,0.0,false,14.8,234.75673951243473,false
1,11,10:30,64,23:45,53,1,,,0.0,false,14.8,235.21865649690642,false
1,11,10:30,65,00:00,54,1,,,0.0,false,14.8,235.6805734813781,false
1,11,10:30,66,00:15,55,1,,,0.0,false,14.8,236.1424904658498,false
1,11,10:30,67,00:30,56,1,,,0.0,false,14.8,236.60440745032147,false
1,11,10:30,68,00:45,57,1,,,0.0,false,14.8,237.06632443479316,false
1,11,10:30,69,01:00,58,1,,,0.0,false,14.8,237.52824141926484,false
1,11,10:30,70,01:15,59,1,,,0.0,false,14.8,237.99015840373653,false
1,11,10:30,71,01:30,60,1,,,0.0,false,14.8,238.45207538820821,false
1,11,10:30,72,01:45,61,1,,,0.0,false,14.8,238.9139923726799,false
1,11,10:30,73,02:00,62,1,,,0.0,false,14.8,239.37590935715158,false
1,11,10:30,74,02:15,63,1,,,0.0,false,14.8,239.83782634162327,false
1,11,10:30,75,02:30,64,1,,,0.0,false,14.8,240.29974332609495,false
1,11,10:30,76,02:45,65,1,,,0.0,false,14.8,240.76166031056664,false
1,11,10:30,77,03:00,66,1,,,0.0,false,14.8,241.22357729503833,false
1,11,10:30,78,03:15,67,1,,,0.0,false,14.8,241.68549427951,false
1,11,10:30,79,03:30,68,1,,,0.0,false,14.8,242.1474112639817,false
1,11,10:30,80,03:45,69,1,,,0.0,false,14.8,242.60932824845338,false
1,11,10:30,81,04:00,70,1,,,0.0,false,14.8,243.07124523292507,false
1,11,10:30,82,04:15,71,1,,,0.0,false,14.8,243.53316221739675,false
1,11,10:30,83,04:30,72,1,,,0.0,false,14.8,243.99507920186844,false
1,11,10:30,84,04:45,73,1,,,0.0,false,14.8,244.45699618634012,false
1,11,10:30,85,05:00,74,1,,,0.0,false,14.8,244.9189131708118,false
1,11,10:30,86,05:15,75,1,,,0.0,false,14.8,245.3808301552835,false
1,11,10:30,87,05:30,76,1,,,0.0,false,14.8,245.84274713975518,false
1,11,10:30,88,05:45,77,1,,,0.0,false,14.8,246.30466412422686,false
1,11,10:30,89,06:00,78,1,,,0.0,false,14.8,246.76658110869855,false
1,11,10:30,90,06:15,79,1,,,0.0,false,14.8,247.22849809317023,false
1,11,10:30,91,06:30,80,1,,,0.0,false,14.8,247.69041507764192,false
1,11,10:30,92,06:45,81,1,,,0.0,false,14.8,248.1523320621136,false
1,11,10:30,93,07:00,82,1,,,0.0,false,14.8,248.6142490465853,false
1,11,10:30,94,07:15,83,1,,,0.0,false,14.8,249.0761660310566,false
1,11,10:30,95,07:30,84,1,,,0.0,false,14.8,249.5380830155283,false
1,11,10:30,96,07:45,85,1,,,0.0,false,14.8,250.0,false
1,12,10:45,12,10:45,0,1,,Charging,-5.773159728050814e-14,true,12.15961052631582,242.5371468144044,false
1,12,10:45,13,11:00,1,1,,Digging,4.792500000000047,false,10.961485526315808,242.5371468144044,false
1,12,10:45,14,11:15,2,1,,Traveling,4.710099999999965,false,9.783960526315818,242.5371468144044,false
1,12,10:45,15,11:30,3,1,,Digging,4.792499999999997,false,8.585835526315819,242.5371468144044,false
1,12,10:45,16,11:45,4,1,,Digging,4.7925,false,7.387710526315819,242.5371468144044,false
1,12,10:45,17,12:00,5,1,,Charging,0.0,true,9.28771052631582,240.43188365650965,false
1,12,10:45,18,12:15,6,1,,Charging,0.0,true,11.187710526315819,238.32662049861491,false
1,12,10:45,19,12:30,7,1,,,0.0,false,11.187710526315819,238.32662049861491,false
1,12,10:45,20,12:45,8,1,,,0.0,false,11.187710526315824,238.7860988379974,false
1,12,10:45,21,13:00,9,1,,,0.0,false,11.187710526315824,239.2455771773799,false
1,12,10:45,22,13:15,10,1,,,0.0,false,11.187710526315824,239.70505551676237,false
1,12,10:45,23,13:30,11,1,,,0.0,false,11.187710526315824,240.16453385614486,false
1,12,10:45,24,13:45,12,1,,,0.0,false,11.187710526315824,240.62401219552734,false
1,12,10:45,25,14:00,13,1,,Digging,4.792499999999997,false,9.989585526315825,241.0834905349099,false
1,12,10:45,26,14:15,14,1,,Digging,4.792500000000034,false,8.791460526315817,241.5429688742924,false
1,12,10:45,27,14:30,15,1,,Traveling,4.710100000000406,false,7.613935526315715,242.00244721367488,false
1,12,10:45,28,14:45,16,1,,Loading/Swinging,3.1586,false,6.824285526315715,242.46192555305737,false
1,12,10:45,29,15:00,17,1,,Idle,-3.161915174132446e-13,false,6.824285526315794,242.9214038924399,false
1,12,10:45,30,15:15,18,1,,Loading/Swinging,3.1585999999998617,false,6.034635526315829,243.3808822318224,false
1,12,10:45,31,15:30,19,1,,Loading/Swinging,3.1586,false,5.244985526315829,243.84036057120488,false
1,12,10:45,32,15:45,20,1,,Loading/Swinging,3.158600000000373,false,4.455335526315733,244.29983891058737,false
1,12,10:45,33,16:00,21,1,,Traveling,4.710100000000066,false,3.2778105263157165,244.29983891058737,false
1,12,10:45,34,16:15,22,1,,Charging,-3.6859404417555197e-13,true,4.979299999999947,242.41453201453845,false
1,12,10:45,35,16:30,23,1,,Loading/Swinging,3.1585999999997276,false,4.189650000000065,242.41453201453845,false
1,12,10:45,36,16:45,24,1,,Loading/Swinging,3.1586000000001153,false,3.4000000000000363,242.41453201453845,false
1,12,10:45,37,17:00,25,1,,Charging,0.0,true,5.300000000000036,240.3092688566437,false
1,12,10:45,38,17:15,26,1,,Charging,0.0,true,7.200000000000036,238.20400569874897,false
1,12,10:45,39,17:30,27,1,,Charging,0.0,true,9.100000000000012,236.09874254085426,false
1,12,10:45,40,17:45,28,1,,Charging,0.0,true,11.000000000000034,233.9934793829595,false
1,12,10:45,41,18:00,29,1,,Charging,0.0,true,12.900000000000032,231.88821622506478,false
1,12,10:45,42,18:15,30,1,,Charging,0.0,true,14.80000000000007,229.78295306717007,false
1,12,10:45,43,18:30,31,1,,,0.0,false,14.800000000000068,229.78295306717007,false
1,12,10:45,44,18:45,32,1,,,0.0,false,14.800000000000068,229.78295306717007,false
1,12,10:45,45,19:00,33,1,,,0.0,false,14.800000000000068,229.78295306717007,false
1,12,10:45,46,19:15,34,1,,,0.0,false,14.800000000000068,229.78295306717007,false
1,12,10:45,47,19:30,35,1,,,0.0,false,14.800000000000068,229.78295306717007,false
1,12,10:45,48,19:45,36,1,,,0.0,false,14.800000000000068,229.78295306717007,false
1,12,10:45,49,20:00,37,1,,,0.0,false,14.800000000000068,229.78295306717007,false
1,12,10:45,50,20:15,38,1,,,0.0,false,14.800000000000068,229.78295306717007,false
1,12,10:45,51,20:30,39,1,,,0.0,false,14.800000000000068,229.78295306717007,false
1,12,10:45,52,20:45,40,1,,,0.0,false,14.79999999999999,229.78295306717007,false
1,12,10:45,53,21:00,41,1,,,0.0,false,14.79999999999999,230.24243140655256,false
1,12,10:45,54,21:15,42,1,,,0.0,false,14.79999999999999,230.70190974593504,false
1,12,10:45,55,21:30,43,1,,,0.0,false,14.79999999999999,231.16138808531753,false
1,12,10:45,56,21:45,44,1,,,0.0,false,14.79999999999999,231.6208664247,false
1,12,10:45,57,22:00,45,1,,,0.0,false,14.79999999999999,232.0803447640825,false
1,12,10:45,58,22:15,46,1,,,0.0,false,14.79999999999999,232.53982310346498,false
1,12,10:45,59,22:30,47,1,,,0.0,false,14.79999999999999,232.99930144284747,false
1,12,10:45,60,22:45,48,1,,,0.0,false,14.79999999999999,233.45877978222995,false
1,12,10:45,61,23:00,49,1,,,0.0,false,14.79999999999999,233.91825812161244,false
1,12,10:45,62,23:15,50,1,,,0.0,false,14.79999999999999,234.37773646099492,false
1,12,10:45,63,23:30,51,1,,,0.0,false,14.79999999999999,234.8372148003774,false
1,12,10:45,64,23:45,52,1,,,0.0,false,14.79999999999999,235.2966931397599,false
1,12,10:45,65,00:00,53,1,,,0.0,false,14.79999999999999,235.75617147914238,false
1,12,10:45,66,00:15,54,1,,,0.0,false,14.79999999999999,236.21564981852487,false
1,12,10:45,67,00:30,55,1,,,0.0,false,14.79999999999999,236.67512815790735,false
1,12,10:45,68,00:45,56,1,,,0.0,false,14.79999999999999,237.13460649728984,false
1,12,10:45,69,01:00,57,1,,,0.0,false,14.79999999999999,237.59408483667232,false
1,12,10:45,70,01:15,58,1,,,0.0,false,14.79999999999999,238.0535631760548,false
1,12,10:45,71,01:30,59,1,,,0.0,false,14.79999999999999,238.5130415154373,false
1,12,10:45,72,01:45,60,1,,,0.0,false,14.79999999999999,238.97251985481978,false
1,12,10:45,73,02:00,61,1,,,0.0,false,14.79999999999999,239.43199819420227,false
1,12,10:45,74,02:15,62,1,,,0.0,false,14.79999999999999,239.89147653358475,false
1,12,10:45,75,02:30,63,1,,,0.0,false,14.79999999999999,240.35095487296724,false
1,12,10:45,76,02:45,64,1,,,0.0,false,14.79999999999999,240.81043321234972,false
1,12,10:45,77,03:00,65,1,,,0.0,false,14.79999999999999,241.2699115517322,false
1,12,10:45,78,03:15,66,1,,,0.0,false,14.79999999999999,241.7293898911147,false
1,12,10:45,79,03:30,67,1,,,0.0,false,14.79999999999999,242.18886823049718,false
1,12,10:45,80,03:45,68,1,,,0.0,false,14.79999999999999,242.64834656987966,false
1,12,10:45,81,04:00,69,1,,,0.0,false,14.79999999999999,243.10782490926215,false
1,12,10:45,82,04:15,70,1,,,0.0,false,14.79999999999999,243.56730324864463,false
1,12,10:45,83,04:30,71,1,,,0.0,false,14.79999999999999,244.02678158802712,false
1,12,10:45,84,04:45,72,1,,,0.0,false,14.79999999999999,244.4862599274096,false
1,12,10:45,85,05:00,73,1,,,0.0,false,14.79999999999999,244.9457382667921,false
1,12,10:45,86,05:15,74,1,,,0.0,false,14.79999999999999,245.40521660617458,false
1,12,10:45,87,05:30,75,1,,,0.0,false,14.79999999999999,245.86469494555706,false
1,12,10:45,88,05:45,76,1,,,0.0,false,14.79999999999999,246.32417328493955,false
1,12,10:45,89,06:00,77,1,,,0.0,false,14.79999999999999,246.78365162432203,false
1,12,10:45,90,06:15,78,1,,,0.0,false,14.79999999999999,247.24312996370452,false
1,12,10:45,91,06:30,79,1,,,0.0,false,14.79999999999999,247.702608303087,false
1,12,10:45,92,06:45,80,1,,,0.0,false,14.79999999999999,248.1620866424695,false
1,12,10:45,93,07:00,81,1,,,0.0,false,14.79999999999999,248.62156498185198,false
1,12,10:45,94,07:15,82,1,,,0.0,false,14.8,249.08104332123446,false
1,12,10:45,95,07:30,83,1,,,0.0,false,14.8,249.5405216606175,false
1,12,10:45,96,07:45,84,1,,,0.0,false,14.8,250.0,false
1,13,11:00,13,11:00,0,1,,Digging,4.792500000000004,false,11.061485526315806,242.5371468144044,false
1,13,11:00,14,11:15,1,1,,Traveling,4.710099999999997,false,9.883960526315807,242.5371468144044,false
1,13,11:00,15,11:30,2,1,,Digging,4.7925,false,8.685835526315808,242.5371468144044,false
1,13,11:00,16,11:45,3,1,,Digging,4.7925,false,7.487710526315808,242.5371468144044,false
1,13,11:00,17,12:00,4,1,,Charging,0.0,true,9.387710526315807,240.43188365650965,false
1,13,11:00,18,12:15,5,1,,Charging,0.0,true,10.989199999999997,238.6573800845604,false
1,13,11:00,19,12:30,6,1,,,0.0,false,10.989199999999997,238.6573800845604,false
1,13,11:00,20,12:45,7,1,,,0.0,false,10.989199999999997,239.11491450597623,false
1,13,11:00,21,13:00,8,1,,,0.0,false,10.989199999999997,239.57244892739206,false
1,13,11:00,22,13:15,9,1,,,0.0,false,10.989199999999997,240.02998334880792,false
1,13,11:00,23,13:30,10,1,,,0.0,false,10.9892,240.48751777022375,false
1,13,11:00,24,13:45,11,1,,,0.0,false,10.9892,240.94505219163958,false
1,13,11:00,25,14:00,12,1,,Digging,4.7925,false,9.791075,241.4025866130554,false
1,13,11:00,26,14:15,13,1,,Digging,4.792500000000004,false,8.592949999999998,241.86012103447123,false
1,13,11:00,27,14:30,14,1,,Traveling,4.7101,false,7.415424999999998,242.31765545588706,false
1,13,11:00,28,14:45,15,1,,Loading/Swinging,3.1586,false,6.625774999999998,242.7751898773029,false
1,13,11:00,29,15:00,16,1,,Idle,0.0,false,6.625774999999998,243.23272429871872,false
1,13,11:00,30,15:15,17,1,,Loading/Swinging,3.1586,false,5.836124999999998,243.69025872013455,false
1,13,11:00,31,15:30,18,1,,Loading/Swinging,3.1586,false,5.046474999999998,244.14779314155038,false
1,13,11:00,32,15:45,19,1,,Loading/Swinging,3.1586,false,4.256824999999998,244.6053275629662,false
1,13,11:00,33,16:00,20,1,,Traveling,4.7101,false,3.0792999999999986,244.6053275629662,false
1,13,11:00,34,16:15,21,1,,Charging,0.0,true,4.9792999999999985,242.50006440507147,false
1,13,11:00,35,16:30,22,1,,Loading/Swinging,3.1586,false,4.1896499999999985,242.50006440507147,false
1,13,11:00,36,16:45,23,1,,Loading/Swinging,3.1586,false,3.399999999999999,242.50006440507147,false
1,13,11:00,37,17:00,24,1,,Charging,0.0,true,5.299999999999999,240.39480124717673,false
1,13,11:00,38,17:15,25,1,,Charging,0.0,true,7.199999999999999,238.289538089282,false
1,13,11:00,39,17:30,26,1,,Charging,0.0,true,9.1,236.18427493138725,false
1,13,11:00,40,17:45,27,1,,Charging,0.0,true,11.0,234.0790117734925,false
1,13,11:00,41,18:00,28,1,,Charging,0.0,true,12.9,231.97374861559777,false
1,13,11:00,42,18:15,29,1,,Charging,0.0,true,14.799999999999999,229.86848545770303,false
1,13,11:00,43,18:30,30,1,,,0.0,false,14.799999999999999,229.86848545770303,false
1,13,11:00,44,18:45,31,1,,,0.0,false,14.799999999999999,229.86848545770303,false
1,13,11:00,45,19:00,32,1,,,0.0,false,14.799999999999999,229.86848545770303,false
1,13,11:00,46,19:15,33,1,,,0.0,false,14.8,229.86848545770303,false
1,13,11:00,47,19:30,34,1,,,0.0,false,14.8,229.86848545770303,false
1,13,11:00,48,19:45,35,1,,,0.0,false,14.8,229.86848545770303,false
1,13,11:00,49,20:00,36,1,,,0.0,false,14.8,229.86848545770303,false
1,13,11:00,50,20:15,37,1,,,0.0,false,14.8,229.86848545770303,false
1,13,11:00,51,20:30,38,1,,,0.0,false,14.8,229.86848545770303,false
1,13,11:00,52,20:45,39,1,,,0.0,false,14.8,229.86848545770303,false
1,13,11:00,53,21:00,40,1,,,0.0,false,14.8,230.3260198791189,false
1,13,11:00,54,21:15,41,1,,,0.0,false,14.8,230.78355430053472,false
1,13,11:00,55,21:30,42,1,,,0.0,false,14.8,231.24108872195055,false
1,13,11:00,56,21:45,43,1,,,0.0,false,14.8,231.69862314336638,false
1,13,11:00,57,22:00,44,1,,,0.0,false,14.8,232.1561575647822,false
1,13,11:00,58,22:15,45,1,,,0.0,false,14.8,232.61369198619803,false
1,13,11:00,59,22:30,46,1,,,0.0,false,14.8,233.07122640761386,false
1,13,11:00,60,22:45,47,1,,,0.0,false,14.8,233.5287608290297,false
1,13,11:00,61,23:00,48,1,,,0.0,false,14.8,233.98629525044552,false
1,13,11:00,62,23:15,49,1,,,0.0,false,14.8,234.44382967186135,false
1,13,11:00,63,23:30,50,1,,,0.0,false,14.8,234.90136409327718,false
1,13,11:00,64,23:45,51,1,,,0.0,false,14.8,235.358898514693,false
1,13,11:00,65,00:00,52,1,,,0.0,false,14.8,235.81643293610884,false
1,13,11:00,66,00:15,53,1,,,0.0,false,14.8,236.27396735752467,false
1,13,11:00,67,00:30,54,1,,,0.0,false,14.8,236.7315017789405,false
1,13,11:00,68,00:45,55,1,,,0.0,false,14.8,237.18903620035633,false
1,13,11:00,69,01:00,56,1,,,0.0,false,14.8,237.64657062177216,false
1,13,11:00,70,01:15,57,1,,,0.0,false,14.8,238.10410504318799,false
1,13,11:00,71,01:30,58,1,,,0.0,false,14.8,238.56163946460381,false
1,13,11:00,72,01:45,59,1,,,0.0,false,14.8,239.01917388601964,false
1,13,11:00,73,02:00,60,1,,,0.0,false,14.8,239.47670830743547,false
1,13,11:00,74,02:15,61,1,,,0.0,false,14.8,239.9342427288513,false
1,13,11:00,75,02:30,62,1,,,0.0,false,14.8,240.39177715026713,false
1,13,11:00,76,02:45,63,1,,,0.0,false,14.8,240.84931157168296,false
1,13,11:00,77,03:00,64,1,,,0.0,false,14.8,241.3068459930988,false
1,13,11:00,78,03:15,65,1,,,0.0,false,14.8,241.76438041451462,false
1,13,11:00,79,03:30,66,1,,,0.0,false,14.8,242.22191483593045,false
1,13,11:00,80,03:45,67,1,,,0.0,false,14.8,242.67944925734628,false
1,13,11:00,81,04:00,68,1,,,0.0,false,14.8,243.1369836787621,false
1,13,11:00,82,04:15,69,1,,,0.0,false,14.8,243.59451810017794,false
1,13,11:00,83,04:30,70,1,,,0.0,false,14.8,244.05205252159377,false
1,13,11:00,84,04:45,71,1,,,0.0,false,14.8,244.5095869430096,false
1,13,11:00,85,05:00,72,1,,,0.0,false,14.8,244.96712136442542,false
1,13,11:00,86,05:15,73,1,,,0.0,false,14.8,245.42465578584125,false
1,13,11:00,87,05:30,74,1,,,0.0,false,14.8,245.88219020725708,false
1,13,11:00,88,05:45,75,1,,,0.0,false,14.8,246.3397246286729,false
1,13,11:00,89,06:00,76,1,,,0.0,false,14.8,246.79725905008874,false
1,13,11:00,90,06:15,77,1,,,0.0,false,14.8,247.25479347150457,false
1,13,11:00,91,06:30,78,1,,,0.0,false,14.8,247.7123278929204,false
1,13,11:00,92,06:45,79,1,,,0.0,false,14.8,248.16986231433623,false
1,13,11:00,93,07:00,80,1,,,0.0,false,14.8,248.62739673575206,false
1,13,11:00,94,07:15,81,1,,,0.0,false,14.8,249.08493115716834,false
1,13,11:00,95,07:30,82,1,,,0.0,false,14.8,249.54246557858417,false
1,13,11:00,96,07:45,83,1,,,0.0,false,14.8,250.0,false
1,14,11:15,14,11:15,0,1,,Traveling,4.710099999999997,false,9.848310526315808,242.5371468144044,false
1,14,11:15,15,11:30,1,1,,Loading/Swinging,3.1586000000000025,false,9.058660526315808,242.53714681440442,true
1,14,11:15,16,11:45,2,1,,Digging,4.7925,false,7.860535526315808,242.53714681440442,false
1,14,11:15,17,12:00,3,1,,Charging,0.0,true,9.760535526315808,240.43188365650968,false
1,14,11:15,18,12:15,4,1,,Charging,0.0,true,11.660535526315808,238.32662049861494,false
1,14,11:15,19,12:30,5,1,,,0.0,false,11.660535526315808,238.32662049861494,false
1,14,11:15,20,12:45,6,1,,,0.0,false,11.660535526315808,238.7848479267859,false
1,14,11:15,21,13:00,7,1,,,0.0,false,11.660535526315808,239.24307535495683,false
1,14,11:15,22,13:15,8,1,,,0.0,false,11.660535526315808,239.70130278312777,false
1,14,11:15,23,13:30,9,1,,,0.0,false,11.660535526315808,240.15953021129872,false
1,14,11:15,24,13:45,10,1,,,0.0,false,11.660535526315808,240.61775763946966,false
1,14,11:15,25,14:00,11,1,,Digging,4.792500000000004,false,10.462410526315807,241.07598506764063,false
1,14,11:15,26,14:15,12,1,,Digging,4.7925,false,9.264285526315808,241.53421249581157,false
1,14,11:15,27,14:30,13,1,,Traveling,4.710100000000004,false,8.086760526315807,241.99243992398252,false
1,14,11:15,28,14:45,14,1,,Loading/Swinging,3.1586,false,7.297110526315809,242.45066735215346,false
1,14,11:15,29,15:00,15,1,,Idle,0.0,false,7.297110526315809,242.90889478032443,false
1,14,11:15,30,15:15,16,1,,Loading/Swinging,3.1586,false,6.507460526315809,243.36712220849537,false
1,14,11:15,31,15:30,17,1,,Loading/Swinging,3.1586,false,5.717810526315809,243.82534963666632,false
1,14,11:15,32,15:45,18,1,,Digging,4.792500000000327,false,4.519685526315727,244.28357706483726,true
1,14,11:15,33,16:00,19,1,,Traveling,4.710099999999676,false,3.3421605263158076,244.28357706483726,false
1,14,11:15,34,16:15,20,1,,Charging,1.7763568394002505e-15,true,5.242160526315807,242.17831390694252,false
1,14,11:15,35,16:30,21,1,,Loading/Swinging,3.158599999999997,false,4.452510526315808,242.17831390694252,false
1,14,11:15,36,16:45,22,1,,Loading/Swinging,3.1586,false,3.662860526315808,242.17831390694252,false
1,14,11:15,37,17:00,23,1,,Charging,0.0,true,5.5628605263158075,240.07305074904778,false
1,14,11:15,38,17:15,24,1,,Charging,0.0,true,7.462860526315808,237.96778759115304,false
1,14,11:15,39,17:30,25,1,,Charging,0.0,true,9.362860526315808,235.8625244332583,false
1,14,11:15,40,17:45,26,1,,Charging,0.0,true,11.262860526315809,233.75726127536356,false
1,14,11:15,41,18:00,27,1,,Charging,0.0,true,13.162860526315805,231.65199811746882,false
1,14,11:15,42,18:15,28,1,,Charging,0.0,true,14.800000000000002,229.83799316047805,false
1,14,11:15,43,18:30,29,1,,,0.0,false,14.800000000000002,229.83799316047805,false
1,14,11:15,44,18:45,30,1,,,0.0,false,14.800000000000002,229.83799316047805,false
1,14,11:15,45,19:00,31,1,,,0.0,false,14.800000000000002,229.83799316047805,false
1,14,11:15,46,19:15,32,1,,,0.0,false,14.800000000000002,229.83799316047805,false
1,14,11:15,47,19:30,33,1,,,0.0,false,14.800000000000002,229.83799316047805,false
1,14,11:15,48,19:45,34,1,,,0.0,false,14.800000000000002,229.83799316047805,false
1,14,11:15,49,20:00,35,1,,,0.0,false,14.800000000000002,229.83799316047805,false
1,14,11:15,50,20:15,36,1,,,0.0,false,14.800000000000002,229.83799316047805,false
1,14,11:15,51,20:30,37,1,,,0.0,false,14.800000000000002,229.83799316047805,false
1,14,11:15,52,20:45,38,1,,,0.0,false,14.800000000000002,229.83799316047805,false
1,14,11:15,53,21:00,39,1,,,0.0,false,14.800000000000002,230.296220588649,false
1,14,11:15,54,21:15,40,1,,,0.0,false,14.8,230.75444801681994,false
1,14,11:15,55,21:30,41,1,,,0.0,false,14.8,231.21267544499088,false
1,14,11:15,56,21:45,42,1,,,0.0,false,14.8,231.67090287316182,false
1,14,11:15,57,22:00,43,1,,,0.0,false,14.8,232.12913030133276,false
1,14,11:15,58,22:15,44,1,,,0.0,false,14.8,232.5873577295037,false
1,14,11:15,59,22:30,45,1,,,0.0,false,14.8,233.04558515767465,false
1,14,11:15,60,22:45,46,1,,,0.0,false,14.8,233.5038125858456,false
1,14,11:15,61,23:00,47,1,,,0.0,false,14.8,233.96204001401654,false
1,14,11:15,62,23:15,48,1,,,0.0,false,14.8,234.42026744218748,false
1,14,11:15,63,23:30,49,1,,,0.0,false,14.8,234.87849487035842,false
1,14,11:15,64,23:45,50,1,,,0.0,false,14.8,235.33672229852937,false
1,14,11:15,65,00:00,51,1,,,0.0,false,14.8,235.7949497267003,false
1,14,11:15,66,00:15,52,1,,,0.0,false,14.8,236.25317715487125,false
1,14,11:15,67,00:30,53,1,,,0.0,false,14.8,236.7114045830422,false
1,14,11:15,68,00:45,54,1,,,0.0,false,14.8,237.16963201121314,false
1,14,11:15,69,01:00,55,1,,,0.0,false,14.8,237.62785943938408,false
1,14,11:15,70,01:15,56,1,,,0.0,false,14.8,238.08608686755503,false
1,14,11:15,71,01:30,57,1,,,0.0,false,14.8,238.54431429572597,false
1,14,11:15,72,01:45,58,1,,,0.0,false,14.8,239.0025417238969,false
1,14,11:15,73,02:00,59,1,,,0.0,false,14.8,239.46076915206785,false
1,14,11:15,74,02:15,60,1,,,0.0,false,14.8,239.9189965802388,false
1,14,11:15,75,02:30,61,1,,,0.0,false,14.8,240.37722400840974,false
1,14,11:15,76,02:45,62,1,,,0.0,false,14.8,240.83545143658068,false
1,14,11:15,77,03:00,63,1,,,0.0,false,14.8,241.29367886475163,false
1,14,11:15,78,03:15,64,1,,,0.0,false,14.8,241.75190629292257,false
1,14,11:15,79,03:30,65,1,,,0.0,false,14.8,242.2101337210935,false
1,14,11:15,80,03:45,66,1,,,0.0,false,14.8,242.66836114926446,false
1,14,11:15,81,04:00,67,1,,,0.0,false,14.8,243.1265885774354,false
1,14,11:15,82,04:15,68,1,,,0.0,false,14.8,243.58481600560634,false
1,14,11:15,83,04:30,69,1,,,0.0,false,14.8,244.04304343377729,false
1,14,11:15,84,04:45,70,1,,,0.0,false,14.8,244.50127086194823,false
1,14,11:15,85,05:00,71,1,,,0.0,false,14.8,244.95949829011917,false
1,14,11:15,86,05:15,72,1,,,0.0,false,14.8,245.41772571829011,false
1,14,11:15,87,05:30,73,1,,,0.0,false,14.8,245.87595314646106,false
1,14,11:15,88,05:45,74,1,,,0.0,false,14.8,246.334180574632,false
1,14,11:15,89,06:00,75,1,,,0.0,false,14.8,246.79240800280294,false
1,14,11:15,90,06:15,76,1,,,0.0,false,14.8,247.2506354309739,false
1,14,11:15,91,06:30,77,1,,,0.0,false,14.8,247.70886285914483,false
1,14,11:15,92,06:45,78,1,,,0.0,false,14.8,248.16709028731577,false
1,14,11:15,93,07:00,79,1,,,0.0,false,14.8,248.62531771548672,false
1,14,11:15,94,07:15,80,1,,,0.0,false,14.8,249.08354514365766,false
1,14,11:15,95,07:30,81,1,,,0.0,false,14.8,249.54177257182906,false
1,14,11:15,96,07:45,82,1,,,0.0,false,14.8,250.0,false
1,15,11:30,15,11:30,0,1,,Digging,4.7925,false,8.690060526315808,242.5371468144044,true
1,15,11:30,16,11:45,1,1,,Digging,4.7924999999999365,false,7.491935526315823,242.5371468144044,false
1,15,11:30,17,12:00,2,1,,Charging,0.0,true,9.391935526315821,240.43188365650965,false
1,15,11:30,18,12:15,3,1,,Charging,0.0,true,11.291935526315822,238.32662049861497,false
1,15,11:30,19,12:30,4,1,,,0.0,false,11.291935526315822,238.32662049861503,false
1,15,11:30,20,12:45,5,1,,,0.0,false,11.291935526315822,238.78407278949675,false
1,15,11:30,21,13:00,6,1,,,0.0,false,11.291935526315822,239.2415250803777,false
1,15,11:30,22,13:15,7,1,,,0.0,false,11.291935526315822,239.69897737125945,false
1,15,11:30,23,13:30,8,1,,,0.0,false,11.291935526315642,240.15642966214122,false
1,15,11:30,24,13:45,9,1,,,0.0,false,11.291935526315642,240.61388195302297,false
1,15,11:30,25,14:00,10,1,,Digging,4.792499999993094,false,10.09381052631737,241.07133424390472,false
1,15,11:30,26,14:15,11,1,,Digging,4.792500000000004,false,8.895685526317369,241.52878653478646,false
1,15,11:30,27,14:30,12,1,,Traveling,4.7101,false,7.7181605263173685,241.9862388256682,false
1,15,11:30,28,14:45,13,1,,Loading/Swinging,3.1585999999974455,false,6.928510526318007,242.44369111654996,false
1,15,11:30,29,15:00,14,1,,Idle,-1.0181791004306132e-12,false,6.928510526318262,242.90114340743187,false
1,15,11:30,30,15:15,15,1,,Loading/Swinging,3.1585999999875285,false,6.13886052632138,243.35859569831362,false
1,15,11:30,31,15:30,16,1,,Loading/Swinging,3.15860000000365,false,5.349210526317043,243.81604798919537,false
1,15,11:30,32,15:45,17,1,,Loading/Swinging,3.158599999986965,false,4.559560526320301,244.27350028007714,true
1,15,11:30,33,16:00,18,1,,Traveling,4.71010000000247,false,3.3820355263252435,244.27350028007714,false
1,15,11:30,34,16:15,19,1,,Charging,8.762071059831351e-13,true,5.2820355263250285,242.1682371221824,false
1,15,11:30,35,16:30,20,1,,Loading/Swinging,3.1585999999983905,false,4.492385526325431,242.1682371221824,false
1,15,11:30,36,16:45,21,1,,Loading/Swinging,3.1586000000062917,false,3.702735526323796,242.1682371221824,false
1,15,11:30,37,17:00,22,1,,Charging,0.0,true,5.602735526323794,240.06297396428766,false
1,15,11:30,38,17:15,23,1,,,0.0,false,5.602735526323791,240.06297396428766,true
1,15,11:30,39,17:30,24,1,,Charging,0.0,true,7.502735526323789,237.95771080639292,false
1,15,11:30,40,17:45,25,1,,Charging,0.0,true,9.402735526323783,235.85244764849818,false
1,15,11:30,41,18:00,26,1,,Charging,0.0,true,11.30273552632378,233.74718449060344,false
1,15,11:30,42,18:15,27,1,,Charging,0.0,true,12.900000000000103,231.97736235910614,false
1,15,11:30,43,18:30,28,1,,Charging,0.0,true,14.800000000000102,229.8720992012114,true
1,15,11:30,44,18:45,29,1,,,0.0,false,14.800000000000102,229.8720992012114,false
1,15,11:30,45,19:00,30,1,,,0.0,false,14.800000000000102,229.8720992012114,false
1,15,11:30,46,19:15,31,1,,,0.0,false,14.800000000000102,229.8720992012114,false
1,15,11:30,47,19:30,32,1,,,0.0,false,14.800000000000102,229.8720992012114,false
1,15,11:30,48,19:45,33,1,,,0.0,false,14.800000000000102,229.8720992012114,false
1,15,11:30,49,20:00,34,1,,,0.0,false,14.800000000000102,229.8720992012114,false
1,15,11:30,50,20:15,35,1,,,0.0,false,14.800000000000102,229.8720992012114,false
1,15,11:30,51,20:30,36,1,,,0.0,false,14.800000000000102,229.8720992012114,false
1,15,11:30,52,20:45,37,1,,,0.0,false,14.800000000000102,229.8720992012114,false
1,15,11:30,53,21:00,38,1,,,0.0,false,14.800000000000102,230.32955149209315,false
1,15,11:30,54,21:15,39,1,,,0.0,false,14.800000000000102,230.7870037829749,false
1,15,11:30,55,21:30,40,1,,,0.0,false,14.800000000000102,231.24445607385664,false
1,15,11:30,56,21:45,41,1,,,0.0,false,14.800000000000102,231.7019083647384,false
1,15,11:30,57,22:00,42,1,,,0.0,false,14.800000000000102,232.15936065562013,false
1,15,11:30,58,22:15,43,1,,,0.0,false,14.800000000000102,232.61681294650188,false
1,15,11:30,59,22:30,44,1,,,0.0,false,14.800000000000102,233.07426523738363,false
1,15,11:30,60,22:45,45,1,,,0.0,false,14.800000000000102,233.53171752826537,false
1,15,11:30,61,23:00,46,1,,,0.0,false,14.800000000000102,233.98916981914712,false
1,15,11:30,62,23:15,47,1,,,0.0,false,14.800000000000102,234.44662211002887,false
1,15,11:30,63,23:30,48,1,,,0.0,false,14.800000000000102,234.90407440091062,false
1,15,11:30,64,23:45,49,1,,,0.0,false,14.800000000000102,235.36152669179236,false
1,15,11:30,65,00:00,50,1,,,0.0,false,14.800000000000102,235.8189789826741,false
1,15,11:30,66,00:15,51,1,,,0.0,false,14.800000000000095,236.27643127355586,false
1,15,11:30,67,00:30,52,1,,,0.0,false,14.800000000000095,236.7338835644376,false
1,15,11:30,68,00:45,53,1,,,0.0,false,14.800000000000095,237.19133585531935,false
1,15,11:30,69,01:00,54,1,,,0.0,false,14.800000000000095,237.6487881462011,false
1,15,11:30,70,01:15,55,1,,,0.0,false,14.800000000000095,238.10624043708285,false
1,15,11:30,71,01:30,56,1,,,0.0,false,14.800000000000095,238.5636927279646,false
1,15,11:30,72,01:45,57,1,,,0.0,false,14.800000000000095,239.02114501884634,false
1,15,11:30,73,02:00,58,1,,,0.0,false,14.800000000000006,239.4785973097281,false
1,15,11:30,74,02:15,59,1,,,0.0,false,14.800000000000006,239.93604960060983,false
1,15,11:30,75,02:30,60,1,,,0.0,false,14.800000000000006,240.39350189149158,false
1,15,11:30,76,02:45,61,1,,,0.0,false,14.800000000000006,240.85095418237333,false
1,15,11:30,77,03:00,62,1,,,0.0,false,14.800000000000006,241.30840647325508,false
1,15,11:30,78,03:15,63,1,,,0.0,false,14.800000000000006,241.76585876413682,false
1,15,11:30,79,03:30,64,1,,,0.0,false,14.8,242.2233110550186,false
1,15,11:30,80,03:45,65,1,,,0.0,false,14.8,242.68076334590035,false
1,15,11:30,81,04:00,66,1,,,0.0,false,14.8,243.1382156367821,false
1,15,11:30,82,04:15,67,1,,,0.0,false,14.8,243.59566792766384,false
1,15,11:30,83,04:30,68,1,,,0.0,false,14.8,244.0531202185456,false
1,15,11:30,84,04:45,69,1,,,0.0,false,14.8,244.51057250942733,false
1,15,11:30,85,05:00,70,1,,,0.0,false,14.8,244.96802480030908,false
1,15,11:30,86,05:15,71,1,,,0.0,false,14.8,245.42547709119083,false
1,15,11:30,87,05:30,72,1,,,0.0,false,14.8,245.88292938207258,false
1,15,11:30,88,05:45,73,1,,,0.0,false,14.8,246.34038167295432,false
1,15,11:30,89,06:00,74,1,,,0.0,false,14.8,246.79783396383607,false
1,15,11:30,90,06:15,75,1,,,0.0,false,14.8,247.25528625471782,false
1,15,11:30,91,06:30,76,1,,,0.0,false,14.8,247.71273854559956,false
1,15,11:30,92,06:45,77,1,,,0.0,false,14.8,248.1701908364813,false
1,15,11:30,93,07:00,78,1,,,0.0,false,14.8,248.62764312736306,false
1,15,11:30,94,07:15,79,1,,,0.0,false,14.8,249.0850954182448,false
1,15,11:30,95,07:30,80,1,,,0.0,false,14.8,249.54254770911825,false
1,15,11:30,96,07:45,81,1,,,0.0,false,14.8,250.0,false
1,16,11:45,16,11:45,0,1,,Digging,4.792500000000004,false,7.495060526315806,242.5371468144044,false
1,16,11:45,17,12:00,1,1,,Charging,0.0,true,9.395060526315806,240.43188365650965,false
1,16,11:45,18,12:15,2,1,,Charging,0.0,true,11.295060526315806,238.32662049861491,false
1,16,11:45,19,12:30,3,1,,,0.0,false,11.295060526315806,238.32662049861491,false
1,16,11:45,20,12:45,4,1,,,0.0,false,11.295060526315808,238.78401204206023,false
1,16,11:45,21,13:00,5,1,,,0.0,false,11.295060526315808,239.2414035855055,false
1,16,11:45,22,13:15,6,1,,,0.0,false,11.295060526315808,239.6987951289508,false
1,16,11:45,23,13:30,7,1,,,0.0,false,11.295060526315808,240.15618667239607,false
1,16,11:45,24,13:45,8,1,,,0.0,false,11.295060526315808,240.61357821584136,false
1,16,11:45,25,14:00,9,1,,Digging,4.792500000000004,false,10.096935526315807,241.07096975928664,false
1,16,11:45,26,14:15,10,1,,Digging,4.792500000000007,false,8.898810526315806,241.52836130273192,false
1,16,11:45,27,14:30,11,1,,Traveling,4.710100000000001,false,7.721285526315806,241.9857528461772,false
1,16,11:45,28,14:45,12,1,,Loading/Swinging,3.158600000000004,false,6.931635526315805,242.4431443896225,false
1,16,11:45,29,15:00,13,1,,Idle,0.0,false,6.931635526315805,242.9005359330678,false
1,16,11:45,30,15:15,14,1,,Loading/Swinging,3.158600000000004,false,6.141985526315804,243.35792747651308,false
1,16,11:45,31,15:30,15,1,,Loading/Swinging,3.1586,false,5.352335526315804,243.81531901995837,false
1,16,11:45,32,15:45,16,1,,Loading/Swinging,3.1586,false,4.562685526315804,244.27271056340365,false
1,16,11:45,33,16:00,17,1,,Traveling,4.7101,false,3.385160526315804,244.27271056340365,false
1,16,11:45,34,16:15,18,1,,Charging,-1.7763568394002505e-15,true,5.285160526315805,242.1674474055089,false
1,16,11:45,35,16:30,19,1,,Loading/Swinging,3.1586,false,4.495510526315808,242.1674474055089,false
1,16,11:45,36,16:45,20,1,,Loading/Swinging,3.1586,false,3.705860526315808,242.1674474055089,false
1,16,11:45,37,17:00,21,1,,Charging,0.0,true,5.605860526315809,240.06218424761417,false
1,16,11:45,38,17:15,22,1,,Charging,0.0,true,7.505860526315808,237.95692108971943,true
1,16,11:45,39,17:30,23,1,,Charging,0.0,true,9.405860526315807,235.8516579318247,false
1,16,11:45,40,17:45,24,1,,Charging,0.0,true,11.305860526315808,233.74639477392995,false
1,16,11:45,41,18:00,25,1,,Charging,0.0,true,13.205860526315808,231.6411316160352,false
1,16,11:45,42,18:15,26,1,,,0.0,false,13.205860526315808,231.6411316160352,true
1,16,11:45,43,18:30,27,1,,Charging,0.0,true,14.799999999999999,229.87477208840733,false
1,16,11:45,44,18:45,28,1,,,0.0,false,14.799999999999999,229.87477208840733,false
1,16,11:45,45,19:00,29,1,,,0.0,false,14.799999999999999,229.87477208840733,false
1,16,11:45,46,19:15,30,1,,,0.0,false,14.799999999999999,229.87477208840733,false
1,16,11:45,47,19:30,31,1,,,0.0,false,14.799999999999999,229.87477208840733,false
1,16,11:45,48,19:45,32,1,,,0.0,false,14.799999999999999,229.87477208840733,false
1,16,11:45,49,20:00,33,1,,,0.0,false,14.799999999999997,229.87477208840733,false
1,16,11:45,50,20:15,34,1,,,0.0,false,14.799999999999997,229.87477208840733,false
1,16,11:45,51,20:30,35,1,,,0.0,false,14.799999999999997,229.87477208840733,false
1,16,11:45,52,20:45,36,1,,,0.0,false,14.799999999999997,229.87477208840733,false
1,16,11:45,53,21:00,37,1,,,0.0,false,14.799999999999997,230.3321636318526,false
1,16,11:45,54,21:15,38,1,,,0.0,false,14.799999999999997,230.7895551752979,false
1,16,11:45,55,21:30,39,1,,,0.0,false,14.799999999999997,231.24694671874317,false
1,16,11:45,56,21:45,40,1,,,0.0,false,14.8,231.70433826218846,false
1,16,11:45,57,22:00,41,1,,,0.0,false,14.8,232.16172980563374,false
1,16,11:45,58,22:15,42,1,,,0.0,false,14.8,232.61912134907902,false
1,16,11:45,59,22:30,43,1,,,0.0,false,14.8,233.0765128925243,false
1,16,11:45,60,22:45,44,1,,,0.0,false,14.8,233.5339044359696,false
1,16,11:45,61,23:00,45,1,,,0.0,false,14.8,233.99129597941487,false
1,16,11:45,62,23:15,46,1,,,0.0,false,14.8,234.44868752286015,false
1,16,11:45,63,23:30,47,1,,,0.0,false,14.8,234.90607906630544,false
1,16,11:45,64,23:45,48,1,,,0.0,false,14.8,235.36347060975072,false
1,16,11:45,65,00:00,49,1,,,0.0,false,14.8,235.820862153196,false
1,16,11:45,66,00:15,50,1,,,0.0,false,14.8,236.2782536966413,false
1,16,11:45,67,00:30,51,1,,,0.0,false,14.8,236.73564524008657,false
1,16,11:45,68,00:45,52,1,,,0.0,false,14.8,237.19303678353185,false
1,16,11:45,69,01:00,53,1,,,0.0,false,14.8,237.65042832697713,false
1,16,11:45,70,01:15,54,1,,,0.0,false,14.8,238.10781987042242,false
1,16,11:45,71,01:30,55,1,,,0.0,false,14.8,238.5652114138677,false
1,16,11:45,72,01:45,56,1,,,0.0,false,14.8,239.02260295731298,false
1,16,11:45,73,02:00,57,1,,,0.0,false,14.8,239.47999450075838,false
1,16,11:45,74,02:15,58,1,,,0.0,false,14.8,239.93738604420366,false
1,16,11:45,75,02:30,59,1,,,0.0,false,14.8,240.39477758764895,false
1,16,11:45,76,02:45,60,1,,,0.0,false,14.8,240.85216913109426,false
1,16,11:45,77,03:00,61,1,,,0.0,false,14.8,241.30956067453954,false
1,16,11:45,78,03:15,62,1,,,0.0,false,14.8,241.76695221798482,false
1,16,11:45,79,03:30,63,1,,,0.0,false,14.8,242.2243437614301,false
1,16,11:45,80,03:45,64,1,,,0.0,false,14.8,242.6817353048754,false
1,16,11:45,81,04:00,65,1,,,0.0,false,14.8,243.13912684832067,false
1,16,11:45,82,04:15,66,1,,,0.0,false,14.8,243.59651839176598,false
1,16,11:45,83,04:30,67,1,,,0.0,false,14.8,244.05390993521127,false
1,16,11:45,84,04:45,68,1,,,0.0,false,14.8,244.51130147865655,false
1,16,11:45,85,05:00,69,1,,,0.0,false,14.8,244.96869302210183,false
1,16,11:45,86,05:15,70,1,,,0.0,false,14.8,245.42608456554711,false
1,16,11:45,87,05:30,71,1,,,0.0,false,14.8,245.8834761089924,false
1,16,11:45,88,05:45,72,1,,,0.0,false,14.8,246.3408676524377,false
1,16,11:45,89,06:00,73,1,,,0.0,false,14.8,246.798259195883,false
1,16,11:45,90,06:15,74,1,,,0.0,false,14.8,247.25565073932827,false
1,16,11:45,91,06:30,75,1,,,0.0,false,14.8,247.71304228277356,false
1,16,11:45,92,06:45,76,1,,,0.0,false,14.8,248.17043382621884,false
1,16,11:45,93,07:00,77,1,,,0.0,false,14.8,248.62782536966412,false
1,16,11:45,94,07:15,78,1,,,0.0,false,14.8,249.0852169131094,false
1,16,11:45,95,07:30,79,1,,,0.0,false,14.8,249.5426084565547,false
1,16,11:45,96,07:45,80,1,,,0.0,false,14.8,250.0,false
1,17,12:00,17,12:00,0,1,,Charging,0.0,true,9.290735526315807,240.43188365650965,false
1,17,12:00,18,12:15,1,1,,Charging,0.0,true,11.190735526315805,238.32662049861491,false
1,17,12:00,19,12:30,2,1,,,0.0,false,11.190735526315805,238.32662049861491,false
1,17,12:00,20,12:45,3,1,,,0.0,false,11.190735526315805,238.78604003447893,false
1,17,12:00,21,13:00,4,1,,,0.0,false,11.190735526315805,239.24545957034292,false
1,17,12:00,22,13:15,5,1,,,0.0,false,11.190735526315805,239.70487910620693,false
1,17,12:00,23,13:30,6,1,,,0.0,false,11.190735526315807,240.16429864207095,false
1,17,12:00,24,13:45,7,1,,,0.0,false,11.190735526315807,240.62371817793496,false
1,17,12:00,25,14:00,8,1,,Digging,4.7925,false,9.992610526315808,241.08313771379898,false
1,17,12:00,26,14:15,9,1,,Digging,4.792500000000004,false,8.794485526315807,241.542557249663,false
1,17,12:00,27,14:30,10,1,,Traveling,4.7101,false,7.616960526315807,242.001976785527,false
1,17,12:00,28,14:45,11,1,,Loading/Swinging,3.1586,false,6.827310526315807,242.46139632139102,false
1,17,12:00,29,15:00,12,1,,Idle,0.0,false,6.827310526315807,242.920815857255,false
1,17,12:00,30,15:15,13,1,,Loading/Swinging,3.1586,false,6.037660526315807,243.38023539311902,false
1,17,12:00,31,15:30,14,1,,Loading/Swinging,3.1586,false,5.248010526315807,243.83965492898304,false
1,17,12:00,32,15:45,15,1,,Loading/Swinging,3.1586,false,4.458360526315807,244.29907446484705,false
1,17,12:00,33,16:00,16,1,,Traveling,4.710100000000001,false,3.2808355263158067,244.29907446484705,false
1,17,12:00,34,16:15,17,1,,Charging,0.0,true,5.180835526315807,242.1938113069523,false
1,17,12:00,35,16:30,18,1,,Loading/Swinging,3.158600000000039,false,4.391185526315797,242.1938113069523,false
1,17,12:00,36,16:45,19,1,,Loading/Swinging,3.15859999999996,false,3.6015355263158075,242.1938113069523,false
1,17,12:00,37,17:00,20,1,,,0.0,false,3.6015355263158075,242.1938113069523,true
1,17,12:00,38,17:15,21,1,,Charging,0.0,true,5.5015355263158074,240.08854814905757,false
1,17,12:00,39,17:30,22,1,,Charging,0.0,true,7.401535526315806,237.98328499116283,false
1,17,12:00,40,17:45,23,1,,Charging,0.0,true,9.301535526315806,235.8780218332681,false
1,17,12:00,41,18:00,24,1,,Charging,0.0,true,10.999999999999998,233.99606673777313,false
1,17,12:00,42,18:15,25,1,,Charging,0.0,true,12.899999999999999,231.8908035798784,true
1,17,12:00,43,18:30,26,1,,Charging,0.0,true,14.799999999999999,229.78554042198365,false
1,17,12:00,44,18:45,27,1,,,0.0,false,14.799999999999999,229.78554042198365,false
1,17,12:00,45,19:00,28,1,,,0.0,false,14.799999999999999,229.78554042198365,false
1,17,12:00,46,19:15,29,1,,,0.0,false,14.799999999999999,229.78554042198365,false
1,17,12:00,47,19:30,30,1,,,0.0,false,14.799999999999999,229.78554042198365,false
1,17,12:00,48,19:45,31,1,,,0.0,false,14.799999999999999,229.78554042198365,false
1,17,12:00,49,20:00,32,1,,,0.0,false,14.799999999999999,229.78554042198365,false
1,17,12:00,50,20:15,33,1,,,0.0,false,14.799999999999999,229.78554042198365,false
1,17,12:00,51,20:30,34,1,,,0.0,false,14.799999999999999,229.78554042198365,false
1,17,12:00,52,20:45,35,1,,,0.0,false,14.799999999999999,229.78554042198365,false
1,17,12:00,53,21:00,36,1,,,0.0,false,14.799999999999999,230.2449599578477,false
1,17,12:00,54,21:15,37,1,,,0.0,false,14.799999999999999,230.7043794937117,false
1,17,12:00,55,21:30,38,1,,,0.0,false,14.799999999999999,231.16379902957573,false
1,17,12:00,56,21:45,39,1,,,0.0,false,14.799999999999999,231.62321856543974,false
1,17,12:00,57,22:00,40,1,,,0.0,false,14.799999999999999,232.08263810130376,false
1,17,12:00,58,22:15,41,1,,,0.0,false,14.799999999999999,232.54205763716777,false
1,17,12:00,59,22:30,42,1,,,0.0,false,14.799999999999999,233.0014771730318,false
1,17,12:00,60,22:45,43,1,,,0.0,false,14.799999999999999,233.4608967088958,false
1,17,12:00,61,23:00,44,1,,,0.0,false,14.799999999999999,233.92031624475982,false
1,17,12:00,62,23:15,45,1,,,0.0,false,14.799999999999999,234.37973578062383,false
1,17,12:00,63,23:30,46,1,,,0.0,false,14.799999999999999,234.83915531648785,false
1,17,12:00,64,23:45,47,1,,,0.0,false,14.799999999999999,235.29857485235186,false
1,17,12:00,65,00:00,48,1,,,0.0,false,14.799999999999999,235.75799438821588,false
1,17,12:00,66,00:15,49,1,,,0.0,false,14.8,236.2174139240799,false
1,17,12:00,67,00:30,50,1,,,0.0,false,14.8,236.6768334599439,false
1,17,12:00,68,00:45,51,1,,,0.0,false,14.8,237.13625299580792,false
1,17,12:00,69,01:00,52,1,,,0.0,false,14.8,237.59567253167194,false
1,17,12:00,70,01:15,53,1,,,0.0,false,14.8,238.05509206753595,false
1,17,12:00,71,01:30,54,1,,,0.0,false,14.8,238.51451160339997,false
1,17,12:00,72,01:45,55,1,,,0.0,false,14.8,238.97393113926398,false
1,17,12:00,73,02:00,56,1,,,0.0,false,14.8,239.433350675128,false
1,17,12:00,74,02:15,57,1,,,0.0,false,14.8,239.892770210992,false
1,17,12:00,75,02:30,58,1,,,0.0,false,14.8,240.35218974685603,false
1,17,12:00,76,02:45,59,1,,,0.0,false,14.8,240.81160928272004,false
1,17,12:00,77,03:00,60,1,,,0.0,false,14.8,241.27102881858406,false
1,17,12:00,78,03:15,61,1,,,0.0,false,14.8,241.73044835444807,false
1,17,12:00,79,03:30,62,1,,,0.0,false,14.8,242.1898678903121,false
1,17,12:00,80,03:45,63,1,,,0.0,false,14.8,242.6492874261761,false
1,17,12:00,81,04:00,64,1,,,0.0,false,14.8,243.10870696204012,false
1,17,12:00,82,04:15,65,1,,,0.0,false,14.8,243.56812649790413,false
1,17,12:00,83,04:30,66,1,,,0.0,false,14.8,244.02754603376815,false
1,17,12:00,84,04:45,67,1,,,0.0,false,14.8,244.48696556963216,false
1,17,12:00,85,05:00,68,1,,,0.0,false,14.8,244.94638510549618,false
1,17,12:00,86,05:15,69,1,,,0.0,false,14.8,245.4058046413602,false
1,17,12:00,87,05:30,70,1,,,0.0,false,14.8,245.8652241772242,false
1,17,12:00,88,05:45,71,1,,,0.0,false,14.8,246.32464371308822,false
1,17,12:00,89,06:00,72,1,,,0.0,false,14.8,246.78406324895224,false
1,17,12:00,90,06:15,73,1,,,0.0,false,14.8,247.24348278481625,false
1,17,12:00,91,06:30,74,1,,,0.0,false,14.8,247.70290232068027,false
1,17,12:00,92,06:45,75,1,,,0.0,false,14.8,248.16232185654428,false
1,17,12:00,93,07:00,76,1,,,0.0,false,14.8,248.6217413924083,false
1,17,12:00,94,07:15,77,1,,,0.0,false,14.8,249.0811609282723,false
1,17,12:00,95,07:30,78,1,,,0.0,false,14.8,249.54058046413599,false
1,17,12:00,96,07:45,79,1,,,0.0,false,14.8,250.0,false
1,18,12:15,18,12:15,0,1,,Charging,0.0,true,11.290735526315807,238.32662049861491,false
1,18,12:15,19,12:30,1,1,,,0.0,false,11.290735526315807,238.3266204986151,false
1,18,12:15,20,12:45,2,1,,,0.0,false,11.290735526315807,238.78409611651244,false
1,18,12:15,21,13:00,3,1,,,0.0,false,11.290735526315807,239.24157173440977,false
1,18,12:15,22,13:15,4,1,,,0.0,false,11.290735526315807,239.6990473523071,false
1,18,12:15,23,13:30,5,1,,,0.0,false,11.290735526315807,240.15652297020443,false
1,18,12:15,24,13:45,6,1,,,0.0,false,11.290735526315807,240.6139985881018,false
1,18,12:15,25,14:00,7,1,,Digging,4.792500000000004,false,10.092610526315806,241.07147420599912,false
1,18,12:15,26,14:15,8,1,,Digging,4.792499999999997,false,8.894485526315806,241.52894982389645,false
1,18,12:15,27,14:30,9,1,,Traveling,4.710100000000001,false,7.716960526315806,241.98642544179378,false
1,18,12:15,28,14:45,10,1,,Loading/Swinging,3.1586,false,6.927310526315806,242.44390105969111,false
1,18,12:15,29,15:00,11,1,,Idle,3.552713678800501e-15,false,6.9273105263158055,242.90137667758847,false
1,18,12:15,30,15:15,12,1,,Loading/Swinging,3.1586,false,6.1376605263158055,243.3588522954858,false
1,18,12:15,31,15:30,13,1,,Loading/Swinging,3.1586,false,5.3480105263158055,243.81632791338313,false
1,18,12:15,32,15:45,14,1,,Loading/Swinging,3.1586,false,4.558360526315806,244.27380353128046,false
1,18,12:15,33,16:00,15,1,,Traveling,4.710100000000008,false,3.3808355263158036,244.27380353128046,false
1,18,12:15,34,16:15,16,1,,Charging,1.7763568394002505e-15,true,4.9793,242.50265175988523,false
1,18,12:15,35,16:30,17,1,,Loading/Swinging,3.1586,false,4.18965,242.50265175988523,false
1,18,12:15,36,16:45,18,1,,Loading/Swinging,3.158599999999998,false,3.400000000000001,242.50265175988523,false
1,18,12:15,37,17:00,19,1,,Charging,0.0,true,5.300000000000001,240.39738860199049,true
1,18,12:15,38,17:15,20,1,,Charging,0.0,true,7.200000000000001,238.29212544409575,false
1,18,12:15,39,17:30,21,1,,Charging,0.0,true,9.100000000000001,236.186862286201,false
1,18,12:15,40,17:45,22,1,,Charging,0.0,true,11.000000000000002,234.08159912830627,false
1,18,12:15,41,18:00,23,1,,Charging,0.0,true,12.900000000000002,231.97633597041155,false
1,18,12:15,42,18:15,24,1,,Charging,0.0,true,14.8,229.87107281251681,false
1,18,12:15,43,18:30,25,1,,,0.0,false,14.8,229.87107281251681,true
1,18,12:15,44,18:45,26,1,,,0.0,false,14.8,229.87107281251681,false
1,18,12:15,45,19:00,27,1,,,0.0,false,14.8,229.87107281251681,false
1,18,12:15,46,19:15,28,1,,,0.0,false,14.8,229.87107281251681,false
1,18,12:15,47,19:30,29,1,,,0.0,false,14.8,229.87107281251681,false
1,18,12:15,48,19:45,30,1,,,0.0,false,14.8,229.87107281251681,false
1,18,12:15,49,20:00,31,1,,,0.0,false,14.8,229.87107281251681,false
1,18,12:15,50,20:15,32,1,,,0.0,false,14.8,229.87107281251681,false
1,18,12:15,51,20:30,33,1,,,0.0,false,14.8,229.87107281251681,false
1,18,12:15,52,20:45,34,1,,,0.0,false,14.8,229.87107281251681,false
1,18,12:15,53,21:00,35,1,,,0.0,false,14.8,230.32854843041417,false
1,18,12:15,54,21:15,36,1,,,0.0,false,14.8,230.7860240483115,false
1,18,12:15,55,21:30,37,1,,,0.0,false,14.8,231.24349966620886,false
1,18,12:15,56,21:45,38,1,,,0.0,false,14.8,231.7009752841062,false
1,18,12:15,57,22:00,39,1,,,0.0,false,14.8,232.15845090200355,false
1,18,12:15,58,22:15,40,1,,,0.0,false,14.8,232.61592651990088,false
1,18,12:15,59,22:30,41,1,,,0.0,false,14.8,233.0734021377982,false
1,18,12:15,60,22:45,42,1,,,0.0,false,14.8,233.53087775569557,false
1,18,12:15,61,23:00,43,1,,,0.0,false,14.8,233.9883533735929,false
1,18,12:15,62,23:15,44,1,,,0.0,false,14.8,234.44582899149026,false
1,18,12:15,63,23:30,45,1,,,0.0,false,14.8,234.9033046093876,false
1,18,12:15,64,23:45,46,1,,,0.0,false,14.8,235.36078022728495,false
1,18,12:15,65,00:00,47,1,,,0.0,false,14.8,235.81825584518228,false
1,18,12:15,66,00:15,48,1,,,0.0,false,14.8,236.27573146307964,false
1,18,12:15,67,00:30,49,1,,,0.0,false,14.8,236.73320708097697,false
1,18,12:15,68,00:45,50,1,,,0.0,false,14.8,237.1906826988743,false
1,18,12:15,69,01:00,51,1,,,0.0,false,14.8,237.64815831677166,false
1,18,12:15,70,01:15,52,1,,,0.0,false,14.8,238.105633934669,false
1,18,12:15,71,01:30,53,1,,,0.0,false,14.8,238.56310955256635,false
1,18,12:15,72,01:45,54,1,,,0.0,false,14.8,239.02058517046368,false
1,18,12:15,73,02:00,55,1,,,0.0,false,14.8,239.47806078836103,false
1,18,12:15,74,02:15,56,1,,,0.0,false,14.8,239.93553640625836,false
1,18,12:15,75,02:30,57,1,,,0.0,false,14.8,240.39301202415575,false
1,18,12:15,76,02:45,58,1,,,0.0,false,14.8,240.85048764205308,false
1,18,12:15,77,03:00,59,1,,,0.0,false,14.8,241.3079632599504,false
1,18,12:15,78,03:15,60,1,,,0.0,false,14.8,241.76543887784777,false
1,18,12:15,79,03:30,61,1,,,0.0,false,14.8,242.2229144957451,false
1,18,12:15,80,03:45,62,1,,,0.0,false,14.8,242.68039011364246,false
1,18,12:15,81,04:00,63,1,,,0.0,false,14.8,243.1378657315398,false
1,18,12:15,82,04:15,64,1,,,0.0,false,14.8,243.59534134943715,false
1,18,12:15,83,04:30,65,1,,,0.0,false,14.8,244.05281696733448,false
1,18,12:15,84,04:45,66,1,,,0.0,false,14.8,244.5102925852319,false
1,18,12:15,85,05:00,67,1,,,0.0,false,14.8,244.96776820312922,false
1,18,12:15,86,05:15,68,1,,,0.0,false,14.8,245.42524382102656,false
1,18,12:15,87,05:30,69,1,,,0.0,false,14.8,245.8827194389239,false
1,18,12:15,88,05:45,70,1,,,0.0,false,14.8,246.34019505682124,false
1,18,12:15,89,06:00,71,1,,,0.0,false,14.8,246.7976706747186,false
1,18,12:15,90,06:15,72,1,,,0.0,false,14.8,247.25514629261593,false
1,18,12:15,91,06:30,73,1,,,0.0,false,14.8,247.7126219105133,false
1,18,12:15,92,06:45,74,1,,,0.0,false,14.8,248.17009752841062,false
1,18,12:15,93,07:00,75,1,,,0.0,false,14.8,248.62757314630795,false
1,18,12:15,94,07:15,76,1,,,0.0,false,14.8,249.0850487642053,false
1,18,12:15,95,07:30,77,1,,,0.0,false,14.8,249.54252438210264,false
1,18,12:15,96,07:45,78,1,,,0.0,false,14.8,250.0,false
1,19,12:30,19,12:30,0,1,,,0.0,false,11.390735526315806,238.32662049861491,false
1,19,12:30,20,12:45,1,1,,,0.0,false,11.390735526315806,238.7821521985456,false
1,19,12:30,21,13:00,2,1,,,0.0,false,11.390735526315806,239.2376838984763,false
1,19,12:30,22,13:15,3,1,,,0.0,false,11.390735526315806,239.69321559840697,false
1,19,12:30,23,13:30,4,1,,,0.0,false,11.390735526315806,240.14874729833767,false
1,19,12:30,24,13:45,5,1,,,0.0,false,11.390735526315806,240.60427899826834,false
1,19,12:30,25,14:00,6,1,,Loading/Swinging,3.1586,false,10.601085526315806,241.05981069819904,true
1,19,12:30,26,14:15,7,1,,Loading/Swinging,3.1586,false,9.811435526315806,241.51534239812972,true
1,19,12:30,27,14:30,8,1,,Traveling,4.710099999999997,false,8.633910526315807,241.9708740980604,false
1,19,12:30,28,14:45,9,1,,Loading/Swinging,3.1586000000000034,false,7.844260526315806,242.4264057979911,false
1,19,12:30,29,15:00,10,1,,Idle,0.0,false,7.844260526315806,242.88193749792177,false
1,19,12:30,30,15:15,11,1,,Digging,4.7925,false,6.646135526315806,243.33746919785247,true
1,19,12:30,31,15:30,12,1,,Loading/Swinging,3.1586,false,5.856485526315806,243.79300089778314,false
1,19,12:30,32,15:45,13,1,,Digging,4.7925,false,4.658360526315806,244.24853259771382,true
1,19,12:30,33,16:00,14,1,,Traveling,4.710099999999999,false,3.4808355263158064,244.24853259771382,false
1,19,12:30,34,16:15,15,1,,Charging,0.0,true,4.9793,242.5881841504183,false
1,19,12:30,35,16:30,16,1,,Loading/Swinging,3.1586,false,4.18965,242.5881841504183,false
1,19,12:30,36,16:45,17,1,,Loading/Swinging,3.1586,false,3.4000000000000004,242.5881841504183,false
1,19,12:30,37,17:00,18,1,,Charging,0.0,true,5.300000000000001,240.48292099252356,false
1,19,12:30,38,17:15,19,1,,Charging,0.0,true,7.2,238.37765783462882,false
1,19,12:30,39,17:30,20,1,,Charging,0.0,true,9.1,236.27239467673408,false
1,19,12:30,40,17:45,21,1,,Charging,0.0,true,11.0,234.16713151883934,false
1,19,12:30,41,18:00,22,1,,Charging,0.0,true,12.9,232.0618683609446,false
1,19,12:30,42,18:15,23,1,,Charging,0.0,true,14.8,229.95660520304986,false
1,19,12:30,43,18:30,24,1,,,0.0,false,14.8,229.95660520304986,false
1,19,12:30,44,18:45,25,1,,,0.0,false,14.8,229.95660520304986,false
1,19,12:30,45,19:00,26,1,,,0.0,false,14.8,229.95660520304986,false
1,19,12:30,46,19:15,27,1,,,0.0,false,14.8,229.95660520304986,false
1,19,12:30,47,19:30,28,1,,,0.0,false,14.8,229.95660520304986,false
1,19,12:30,48,19:45,29,1,,,0.0,false,14.8,229.95660520304986,false
1,19,12:30,49,20:00,30,1,,,0.0,false,14.8,229.95660520304986,false
1,19,12:30,50,20:15,31,1,,,0.0,false,14.8,229.95660520304986,false
1,19,12:30,51,20:30,32,1,,,0.0,false,14.8,229.95660520304986,false
1,19,12:30,52,20:45,33,1,,,0.0,false,14.8,229.95660520304995,false
1,19,12:30,53,21:00,34,1,,,0.0,false,14.8,230.41213690298062,false
1,19,12:30,54,21:15,35,1,,,0.0,false,14.8,230.8676686029113,false
1,19,12:30,55,21:30,36,1,,,0.0,false,14.8,231.32320030284197,false
1,19,12:30,56,21:45,37,1,,,0.0,false,14.8,231.77873200277264,false
1,19,12:30,57,22:00,38,1,,,0.0,false,14.8,232.23426370270332,false
1,19,12:30,58,22:15,39,1,,,0.0,false,14.8,232.68979540263405,false
1,19,12:30,59,22:30,40,1,,,0.0,false,14.8,233.14532710256472,false
1,19,12:30,60,22:45,41,1,,,0.0,false,14.8,233.6008588024954,false
1,19,12:30,61,23:00,42,1,,,0.0,false,14.8,234.0563905024261,false
1,19,12:30,62,23:15,43,1,,,0.0,false,14.8,234.5119222023568,false
1,19,12:30,63,23:30,44,1,,,0.0,false,14.8,234.96745390228747,false
1,19,12:30,64,23:45,45,1,,,0.0,false,14.8,235.42298560221815,false
1,19,12:30,65,00:00,46,1,,,0.0,false,14.8,235.87851730214882,false
1,19,12:30,66,00:15,47,1,,,0.0,false,14.8,236.33404900207952,false
1,19,12:30,67,00:30,48,1,,,0.0,false,14.8,236.7895807020102,false
1,19,12:30,68,00:45,49,1,,,0.0,false,14.8,237.2451124019409,false
1,19,12:30,69,01:00,50,1,,,0.0,false,14.8,237.70064410187157,false
1,19,12:30,70,01:15,51,1,,,0.0,false,14.8,238.15617580180228,false
1,19,12:30,71,01:30,52,1,,,0.0,false,14.8,238.61170750173295,false
1,19,12:30,72,01:45,53,1,,,0.0,false,14.8,239.06723920166363,false
1,19,12:30,73,02:00,54,1,,,0.0,false,14.8,239.52277090159433,false
1,19,12:30,74,02:15,55,1,,,0.0,false,14.8,239.978302601525,false
1,19,12:30,75,02:30,56,1,,,0.0,false,14.8,240.43383430145565,false
1,19,12:30,76,02:45,57,1,,,0.0,false,14.8,240.88936600138632,false
1,19,12:30,77,03:00,58,1,,,0.0,false,14.8,241.34489770131702,false
1,19,12:30,78,03:15,59,1,,,0.0,false,14.8,241.8004294012477,false
1,19,12:30,79,03:30,60,1,,,0.0,false,14.8,242.25596110117837,false
1,19,12:30,80,03:45,61,1,,,0.0,false,14.8,242.71149280110905,false
1,19,12:30,81,04:00,62,1,,,0.0,false,14.8,243.16702450103972,false
1,19,12:30,82,04:15,63,1,,,0.0,false,14.8,243.62255620097042,false
1,19,12:30,83,04:30,64,1,,,0.0,false,14.8,244.0780879009011,false
1,19,12:30,84,04:45,65,1,,,0.0,false,14.8,244.5336196008318,false
1,19,12:30,85,05:00,66,1,,,0.0,false,14.8,244.98915130076247,false
1,19,12:30,86,05:15,67,1,,,0.0,false,14.8,245.44468300069317,false
1,19,12:30,87,05:30,68,1,,,0.0,false,14.8,245.90021470062385,false
1,19,12:30,88,05:45,69,1,,,0.0,false,14.8,246.35574640055455,false
1,19,12:30,89,06:00,70,1,,,0.0,false,14.8,246.81127810048523,false
1,19,12:30,90,06:15,71,1,,,0.0,false,14.8,247.26680980041587,false
1,19,12:30,91,06:30,72,1,,,0.0,false,14.8,247.72234150034657,false
1,19,12:30,92,06:45,73,1,,,0.0,false,14.8,248.17787320027725,false
1,19,12:30,93,07:00,74,1,,,0.0,false,14.8,248.63340490020795,false
1,19,12:30,94,07:15,75,1,,,0.0,false,14.8,249.08893660013862,false
1,19,12:30,95,07:30,76,1,,,0.0,false,14.8,249.5444683000693,false
1,19,12:30,96,07:45,77,1,,,0.0,false,14.8,250.0,false
1,20,12:45,20,12:45,0,1,,,0.0,false,11.390735526315806,238.7821521985456,false
1,20,12:45,21,13:00,1,1,,,0.0,false,11.390735526315806,239.2376838984763,false
1,20,12:45,22,13:15,2,1,,,0.0,false,11.390735526315806,239.69321559840697,false
1,20,12:45,23,13:30,3,1,,,0.0,false,11.390735526315806,240.14874729833764,false
1,20,12:45,24,13:45,4,1,,,0.0,false,11.390735526315806,240.6042789982683,false
1,20,12:45,25,14:00,5,1,,Digging,4.792499999999997,false,10.192610526315807,241.05981069819907,true
1,20,12:45,26,14:15,6,1,,Digging,4.792500000000004,false,8.994485526315806,241.51534239812975,true
1,20,12:45,27,14:30,7,1,,Traveling,4.710100000000001,false,7.816960526315806,241.97087409806045,false
1,20,12:45,28,14:45,8,1,,Loading/Swinging,3.1586,false,7.027310526315806,242.42640579799112,false
1,20,12:45,29,15:00,9,1,,Idle,0.0,false,7.027310526315806,242.8819374979218,false
1,20,12:45,30,15:15,10,1,,Loading/Swinging,3.1586,false,6.237660526315806,243.3374691978525,true
1,20,12:45,31,15:30,11,1,,Loading/Swinging,3.1586,false,5.448010526315806,243.79300089778317,false
1,20,12:45,32,15:45,12,1,,Loading/Swinging,3.1586,false,4.658360526315806,244.24853259771385,true
1,20,12:45,33,16:00,13,1,,Traveling,4.710100000000001,false,3.480835526315806,244.24853259771385,false
1,20,12:45,34,16:15,14,1,,Charging,8.881784197001252e-16,true,5.3808355263158045,242.1432694398191,false
1,20,12:45,35,16:30,15,1,,Loading/Swinging,3.1586,false,4.591185526315805,242.1432694398191,false
1,20,12:45,36,16:45,16,1,,Loading/Swinging,3.1586,false,3.8015355263158046,242.1432694398191,false
1,20,12:45,37,17:00,17,1,,Charging,0.0,true,5.701535526315803,240.03800628192437,false
1,20,12:45,38,17:15,18,1,,Charging,0.0,true,7.6015355263158035,237.93274312402963,false
1,20,12:45,39,17:30,19,1,,Charging,0.0,true,9.501535526315804,235.8274799661349,false
1,20,12:45,40,17:45,20,1,,Charging,0.0,true,11.401535526315804,233.72221680824015,false
1,20,12:45,41,18:00,21,1,,Charging,0.0,true,12.899999999999999,232.06186836094463,false
1,20,12:45,42,18:15,22,1,,Charging,0.0,true,14.799999999999999,229.95660520304992,false
1,20,12:45,43,18:30,23,1,,,0.0,false,14.799999999999999,229.95660520304992,false
1,20,12:45,44,18:45,24,1,,,0.0,false,14.799999999999999,229.95660520304992,false
1,20,12:45,45,19:00,25,1,,,0.0,false,14.799999999999999,229.95660520304992,false
1,20,12:45,46,19:15,26,1,,,0.0,false,14.799999999999999,229.95660520304992,false
1,20,12:45,47,19:30,27,1,,,0.0,false,14.799999999999999,229.95660520304992,false
1,20,12:45,48,19:45,28,1,,,0.0,false,14.799999999999999,229.95660520304992,false
1,20,12:45,49,20:00,29,1,,,0.0,false,14.799999999999999,229.95660520304992,false
1,20,12:45,50,20:15,30,1,,,0.0,false,14.799999999999999,229.95660520304992,false
1,20,12:45,51,20:30,31,1,,,0.0,false,14.8,229.95660520304992,false
1,20,12:45,52,20:45,32,1,,,0.0,false,14.8,229.95660520304992,false
1,20,12:45,53,21:00,33,1,,,0.0,false,14.8,230.4121369029806,false
1,20,12:45,54,21:15,34,1,,,0.0,false,14.8,230.8676686029113,false
1,20,12:45,55,21:30,35,1,,,0.0,false,14.8,231.32320030284197,false
1,20,12:45,56,21:45,36,1,,,0.0,false,14.8,231.77873200277264,false
1,20,12:45,57,22:00,37,1,,,0.0,false,14.8,232.23426370270332,false
1,20,12:45,58,22:15,38,1,,,0.0,false,14.8,232.68979540263402,false
1,20,12:45,59,22:30,39,1,,,0.0,false,14.8,233.1453271025647,false
1,20,12:45,60,22:45,40,1,,,0.0,false,14.8,233.60085880249537,false
1,20,12:45,61,23:00,41,1,,,0.0,false,14.8,234.05639050242607,false
1,20,12:45,62,23:15,42,1,,,0.0,false,14.8,234.51192220235674,false
1,20,12:45,63,23:30,43,1,,,0.0,false,14.8,234.96745390228745,false
1,20,12:45,64,23:45,44,1,,,0.0,false,14.8,235.42298560221812,false
1,20,12:45,65,00:00,45,1,,,0.0,false,14.8,235.8785173021488,false
1,20,12:45,66,00:15,46,1,,,0.0,false,14.8,236.33404900207947,false
1,20,12:45,67,00:30,47,1,,,0.0,false,14.8,236.78958070201017,false
1,20,12:45,68,00:45,48,1,,,0.0,false,14.8,237.24511240194084,false
1,20,12:45,69,01:00,49,1,,,0.0,false,14.8,237.70064410187152,false
1,20,12:45,70,01:15,50,1,,,0.0,false,14.8,238.1561758018022,false
1,20,12:45,71,01:30,51,1,,,0.0,false,14.8,238.61170750173287,false
1,20,12:45,72,01:45,52,1,,,0.0,false,14.8,239.06723920166357,false
1,20,12:45,73,02:00,53,1,,,0.0,false,14.8,239.52277090159424,false
1,20,12:45,74,02:15,54,1,,,0.0,false,14.8,239.97830260152494,false
1,20,12:45,75,02:30,55,1,,,0.0,false,14.8,240.43383430145562,false
1,20,12:45,76,02:45,56,1,,,0.0,false,14.8,240.88936600138632,false
1,20,12:45,77,03:00,57,1,,,0.0,false,14.8,241.344897701317,false
1,20,12:45,78,03:15,58,1,,,0.0,false,14.8,241.80042940124767,false
1,20,12:45,79,03:30,59,1,,,0.0,false,14.8,242.25596110117834,false
1,20,12:45,80,03:45,60,1,,,0.0,false,14.8,242.71149280110902,false
1,20,12:45,81,04:00,61,1,,,0.0,false,14.8,243.16702450103972,false
1,20,12:45,82,04:15,62,1,,,0.0,false,14.8,243.6225562009704,false
1,20,12:45,83,04:30,63,1,,,0.0,false,14.8,244.0780879009011,false
1,20,12:45,84,04:45,64,1,,,0.0,false,14.8,244.53361960083177,false
1,20,12:45,85,05:00,65,1,,,0.0,false,14.8,244.98915130076247,false
1,20,12:45,86,05:15,66,1,,,0.0,false,14.8,245.44468300069315,false
1,20,12:45,87,05:30,67,1,,,0.0,false,14.8,245.90021470062382,false
1,20,12:45,88,05:45,68,1,,,0.0,false,14.8,246.35574640055452,false
1,20,12:45,89,06:00,69,1,,,0.0,false,14.8,246.8112781004852,false
1,20,12:45,90,06:15,70,1,,,0.0,false,14.8,247.2668098004159,false
1,20,12:45,91,06:30,71,1,,,0.0,false,14.8,247.72234150034657,false
1,20,12:45,92,06:45,72,1,,,0.0,false,14.8,248.17787320027725,false
1,20,12:45,93,07:00,73,1,,,0.0,false,14.8,248.63340490020792,false
1,20,12:45,94,07:15,74,1,,,0.0,false,14.8,249.08893660013862,false
1,20,12:45,95,07:30,75,1,,,0.0,false,14.8,249.5444683000693,false
1,20,12:45,96,07:45,76,1,,,0.0,false,14.8,250.0,false
1,21,13:00,21,13:00,0,1,,,0.0,false,11.390735526315806,239.23768389847626,false
1,21,13:00,22,13:15,1,1,,,0.0,false,11.390735526315806,239.69321559840697,false
1,21,13:00,23,13:30,2,1,,,0.0,false,11.390735526315806,240.14874729833764,false
1,21,13:00,24,13:45,3,1,,,0.0,false,11.390735526315806,240.60427899826834,false
1,21,13:00,25,14:00,4,1,,Loading/Swinging,3.1586,false,10.601085526315806,241.05981069819902,true
1,21,13:00,26,14:15,5,1,,Loading/Swinging,3.1586,false,9.811435526315806,241.51534239812958,true
1,21,13:00,27,14:30,6,1,,Traveling,4.7101,false,8.633910526315807,241.97087409806025,false
1,21,13:00,28,14:45,7,1,,Digging,4.792500000000004,false,7.435785526315806,242.42640579799092,true
1,21,13:00,29,15:00,8,1,,Idle,0.0,false,7.435785526315806,242.88193749792163,false
1,21,13:00,30,15:15,9,1,,Digging,4.7925,false,6.237660526315806,243.3374691978523,true
1,21,13:00,31,15:30,10,1,,Loading/Swinging,3.1586,false,5.448010526315806,243.793000897783,false
1,21,13:00,32,15:45,11,1,,Loading/Swinging,3.1586,false,4.658360526315806,244.24853259771368,false
1,21,13:00,33,16:00,12,1,,Traveling,4.710099999999999,false,3.4808355263158064,244.24853259771368,false
1,21,13:00,34,16:15,13,1,,Charging,0.0,true,4.9793,242.58818415041816,false
1,21,13:00,35,16:30,14,1,,Loading/Swinging,3.1586,false,4.18965,242.58818415041816,false
1,21,13:00,36,16:45,15,1,,Loading/Swinging,3.1586,false,3.4000000000000004,242.58818415041816,false
1,21,13:00,37,17:00,16,1,,Charging,0.0,true,5.300000000000001,240.48292099252342,false
1,21,13:00,38,17:15,17,1,,Charging,0.0,true,7.2,238.37765783462868,false
1,21,13:00,39,17:30,18,1,,Charging,0.0,true,9.1,236.27239467673394,false
1,21,13:00,40,17:45,19,1,,Charging,0.0,true,11.0,234.1671315188392,false
1,21,13:00,41,18:00,20,1,,Charging,0.0,true,12.9,232.06186836094446,false
1,21,13:00,42,18:15,21,1,,Charging,0.0,true,14.8,229.95660520304972,false
1,21,13:00,43,18:30,22,1,,,0.0,false,14.8,229.95660520304972,false
1,21,13:00,44,18:45,23,1,,,0.0,false,14.8,229.95660520304972,false
1,21,13:00,45,19:00,24,1,,,0.0,false,14.8,229.95660520304972,false
1,21,13:00,46,19:15,25,1,,,0.0,false,14.8,229.95660520304972,false
1,21,13:00,47,19:30,26,1,,,0.0,false,14.8,229.95660520304972,false
1,21,13:00,48,19:45,27,1,,,0.0,false,14.8,229.95660520304972,false
1,21,13:00,49,20:00,28,1,,,0.0,false,14.8,229.95660520304972,false
1,21,13:00,50,20:15,29,1,,,0.0,false,14.8,229.95660520304972,false
1,21,13:00,51,20:30,30,1,,,0.0,false,14.8,229.95660520304972,false
1,21,13:00,52,20:45,31,1,,,0.0,false,14.8,229.95660520304972,false
1,21,13:00,53,21:00,32,1,,,0.0,false,14.8,230.4121369029804,false
1,21,13:00,54,21:15,33,1,,,0.0,false,14.8,230.86766860291107,false
1,21,13:00,55,21:30,34,1,,,0.0,false,14.8,231.32320030284174,false
1,21,13:00,56,21:45,35,1,,,0.0,false,14.8,231.77873200277244,false
1,21,13:00,57,22:00,36,1,,,0.0,false,14.8,232.23426370270312,false
1,21,13:00,58,22:15,37,1,,,0.0,false,14.8,232.68979540263382,false
1,21,13:00,59,22:30,38,1,,,0.0,false,14.8,233.1453271025645,false
1,21,13:00,60,22:45,39,1,,,0.0,false,14.8,233.60085880249517,false
1,21,13:00,61,23:00,40,1,,,0.0,false,14.8,234.05639050242584,false
1,21,13:00,62,23:15,41,1,,,0.0,false,14.8,234.51192220235654,false
1,21,13:00,63,23:30,42,1,,,0.0,false,14.8,234.96745390228722,false
1,21,13:00,64,23:45,43,1,,,0.0,false,14.8,235.4229856022182,false
1,21,13:00,65,00:00,44,1,,,0.0,false,14.8,235.8785173021489,false
1,21,13:00,66,00:15,45,1,,,0.0,false,14.8,236.33404900207958,false
1,21,13:00,67,00:30,46,1,,,0.0,false,14.8,236.78958070201028,false
1,21,13:00,68,00:45,47,1,,,0.0,false,14.8,237.24511240194096,false
1,21,13:00,69,01:00,48,1,,,0.0,false,14.8,237.70064410187163,false
1,21,13:00,70,01:15,49,1,,,0.0,false,14.8,238.1561758018023,false
1,21,13:00,71,01:30,50,1,,,0.0,false,14.8,238.61170750173298,false
1,21,13:00,72,01:45,51,1,,,0.0,false,14.8,239.06723920166365,false
1,21,13:00,73,02:00,52,1,,,0.0,false,14.8,239.52277090159433,false
1,21,13:00,74,02:15,53,1,,,0.0,false,14.8,239.978302601525,false
1,21,13:00,75,02:30,54,1,,,0.0,false,14.8,240.43383430145568,false
1,21,13:00,76,02:45,55,1,,,0.0,false,14.8,240.88936600138638,false
1,21,13:00,77,03:00,56,1,,,0.0,false,14.8,241.34489770131705,false
1,21,13:00,78,03:15,57,1,,,0.0,false,14.8,241.80042940124775,false
1,21,13:00,79,03:30,58,1,,,0.0,false,14.8,242.25596110117843,false
1,21,13:00,80,03:45,59,1,,,0.0,false,14.8,242.7114928011091,false
1,21,13:00,81,04:00,60,1,,,0.0,false,14.8,243.16702450103975,false
1,21,13:00,82,04:15,61,1,,,0.0,false,14.8,243.62255620097042,false
1,21,13:00,83,04:30,62,1,,,0.0,false,14.8,244.07808790090112,false
1,21,13:00,84,04:45,63,1,,,0.0,false,14.8,244.5336196008318,false
1,21,13:00,85,05:00,64,1,,,0.0,false,14.8,244.9891513007625,false
1,21,13:00,86,05:15,65,1,,,0.0,false,14.8,245.44468300069317,false
1,21,13:00,87,05:30,66,1,,,0.0,false,14.8,245.90021470062388,false
1,21,13:00,88,05:45,67,1,,,0.0,false,14.8,246.35574640055455,false
1,21,13:00,89,06:00,68,1,,,0.0,false,14.8,246.81127810048525,false
1,21,13:00,90,06:15,69,1,,,0.0,false,14.8,247.26680980041593,false
1,21,13:00,91,06:30,70,1,,,0.0,false,14.8,247.7223415003466,false
1,21,13:00,92,06:45,71,1,,,0.0,false,14.8,248.17787320027728,false
1,21,13:00,93,07:00,72,1,,,0.0,false,14.8,248.63340490020795,false
1,21,13:00,94,07:15,73,1,,,0.0,false,14.8,249.08893660013862,false
1,21,13:00,95,07:30,74,1,,,0.0,false,14.8,249.5444683000693,false
1,21,13:00,96,07:45,75,1,,,0.0,false,14.8,250.0,false
1,22,13:15,22,13:15,0,1,,,0.0,false,11.390735526315806,239.69321559840694,false
1,22,13:15,23,13:30,1,1,,,0.0,false,11.390735526315806,240.14874729833764,false
1,22,13:15,24,13:45,2,1,,,0.0,false,11.390735526315806,240.6042789982683,false
1,22,13:15,25,14:00,3,1,,Loading/Swinging,3.1586,false,10.601085526315806,241.05981069819896,false
1,22,13:15,26,14:15,4,1,,Digging,4.792500000000004,false,9.402960526315805,241.51534239812963,true
1,22,13:15,27,14:30,5,1,,Traveling,4.710099999999997,false,8.225435526315806,241.9708740980603,false
1,22,13:15,28,14:45,6,1,,Digging,4.7925,false,7.027310526315806,242.42640579799098,false
1,22,13:15,29,15:00,7,1,,Idle,0.0,false,7.027310526315806,242.88193749792165,false
1,22,13:15,30,15:15,8,1,,Loading/Swinging,3.1586,false,6.237660526315806,243.33746919785233,true
1,22,13:15,31,15:30,9,1,,Loading/Swinging,3.1586,false,5.448010526315806,243.793000897783,false
1,22,13:15,32,15:45,10,1,,Loading/Swinging,3.1586,false,4.658360526315806,244.2485325977137,false
1,22,13:15,33,16:00,11,1,,Traveling,4.710100000000018,false,3.4808355263158015,244.2485325977137,false
1,22,13:15,34,16:15,12,1,,Charging,-7.105427357601002e-15,true,5.380835526315804,242.14326943981897,false
1,22,13:15,35,16:30,13,1,,Loading/Swinging,3.1586,false,4.591185526315804,242.14326943981897,false
1,22,13:15,36,16:45,14,1,,Loading/Swinging,3.1586,false,3.8015355263158037,242.14326943981897,false
1,22,13:15,37,17:00,15,1,,Charging,0.0,true,5.701535526315803,240.03800628192423,false
1,22,13:15,38,17:15,16,1,,Charging,0.0,true,7.6015355263158035,237.93274312402949,false
1,22,13:15,39,17:30,17,1,,Charging,0.0,true,9.501535526315802,235.82747996613475,false
1,22,13:15,40,17:45,18,1,,Charging,0.0,true,11.000000000000002,234.16713151883923,false
1,22,13:15,41,18:00,19,1,,Charging,0.0,true,12.900000000000002,232.0618683609445,false
1,22,13:15,42,18:15,20,1,,Charging,0.0,true,14.800000000000002,229.95660520304975,false
1,22,13:15,43,18:30,21,1,,,0.0,false,14.800000000000002,229.95660520304975,false
1,22,13:15,44,18:45,22,1,,,0.0,false,14.800000000000002,229.95660520304975,false
1,22,13:15,45,19:00,23,1,,,0.0,false,14.800000000000002,229.95660520304975,false
1,22,13:15,46,19:15,24,1,,,0.0,false,14.800000000000002,229.95660520304975,false
1,22,13:15,47,19:30,25,1,,,0.0,false,14.800000000000002,229.95660520304975,false
1,22,13:15,48,19:45,26,1,,,0.0,false,14.800000000000002,229.95660520304975,false
1,22,13:15,49,20:00,27,1,,,0.0,false,14.800000000000002,229.95660520304975,false
1,22,13:15,50,20:15,28,1,,,0.0,false,14.800000000000002,229.95660520304975,false
1,22,13:15,51,20:30,29,1,,,0.0,false,14.800000000000002,229.95660520304975,false
1,22,13:15,52,20:45,30,1,,,0.0,false,14.800000000000002,229.95660520304975,false
1,22,13:15,53,21:00,31,1,,,0.0,false,14.8,230.41213690298042,false
1,22,13:15,54,21:15,32,1,,,0.0,false,14.8,230.8676686029111,false
1,22,13:15,55,21:30,33,1,,,0.0,false,14.8,231.32320030284177,false
1,22,13:15,56,21:45,34,1,,,0.0,false,14.8,231.77873200277244,false
1,22,13:15,57,22:00,35,1,,,0.0,false,14.8,232.23426370270312,false
1,22,13:15,58,22:15,36,1,,,0.0,false,14.8,232.6897954026338,false
1,22,13:15,59,22:30,37,1,,,0.0,false,14.8,233.14532710256447,false
1,22,13:15,60,22:45,38,1,,,0.0,false,14.8,233.60085880249514,false
1,22,13:15,61,23:00,39,1,,,0.0,false,14.8,234.0563905024258,false
1,22,13:15,62,23:15,40,1,,,0.0,false,14.8,234.5119222023565,false
1,22,13:15,63,23:30,41,1,,,0.0,false,14.8,234.96745390228716,false
1,22,13:15,64,23:45,42,1,,,0.0,false,14.8,235.42298560221818,false
1,22,13:15,65,00:00,43,1,,,0.0,false,14.8,235.87851730214885,false
1,22,13:15,66,00:15,44,1,,,0.0,false,14.8,236.33404900207955,false
1,22,13:15,67,00:30,45,1,,,0.0,false,14.8,236.78958070201023,false
1,22,13:15,68,00:45,46,1,,,0.0,false,14.8,237.24511240194093,false
1,22,13:15,69,01:00,47,1,,,0.0,false,14.8,237.7006441018716,false
1,22,13:15,70,01:15,48,1,,,0.0,false,14.8,238.1561758018023,false
1,22,13:15,71,01:30,49,1,,,0.0,false,14.8,238.61170750173298,false
1,22,13:15,72,01:45,50,1,,,0.0,false,14.8,239.06723920166368,false
1,22,13:15,73,02:00,51,1,,,0.0,false,14.8,239.52277090159436,false
1,22,13:15,74,02:15,52,1,,,0.0,false,14.8,239.97830260152503,false
1,22,13:15,75,02:30,53,1,,,0.0,false,14.8,240.43383430145573,false
1,22,13:15,76,02:45,54,1,,,0.0,false,14.8,240.8893660013864,false
1,22,13:15,77,03:00,55,1,,,0.0,false,14.8,241.34489770131708,false
1,22,13:15,78,03:15,56,1,,,0.0,false,14.8,241.80042940124775,false
1,22,13:15,79,03:30,57,1,,,0.0,false,14.8,242.25596110117846,false
1,22,13:15,80,03:45,58,1,,,0.0,false,14.8,242.71149280110913,false
1,22,13:15,81,04:00,59,1,,,0.0,false,14.8,243.1670245010398,false
1,22,13:15,82,04:15,60,1,,,0.0,false,14.8,243.62255620097048,false
1,22,13:15,83,04:30,61,1,,,0.0,false,14.8,244.07808790090115,false
1,22,13:15,84,04:45,62,1,,,0.0,false,14.8,244.53361960083186,false
1,22,13:15,85,05:00,63,1,,,0.0,false,14.8,244.98915130076253,false
1,22,13:15,86,05:15,64,1,,,0.0,false,14.8,245.44468300069323,false
1,22,13:15,87,05:30,65,1,,,0.0,false,14.8,245.9002147006239,false
1,22,13:15,88,05:45,66,1,,,0.0,false,14.8,246.35574640055458,false
1,22,13:15,89,06:00,67,1,,,0.0,false,14.8,246.81127810048525,false
1,22,13:15,90,06:15,68,1,,,0.0,false,14.8,247.26680980041593,false
1,22,13:15,91,06:30,69,1,,,0.0,false,14.8,247.7223415003466,false
1,22,13:15,92,06:45,70,1,,,0.0,false,14.8,248.17787320027728,false
1,22,13:15,93,07:00,71,1,,,0.0,false,14.8,248.63340490020795,false
1,22,13:15,94,07:15,72,1,,,0.0,false,14.8,249.08893660013862,false
1,22,13:15,95,07:30,73,1,,,0.0,false,14.8,249.5444683000693,false
1,22,13:15,96,07:45,74,1,,,0.0,false,14.8,250.0,false
1,23,13:30,23,13:30,0,1,,,0.0,false,11.390735526315806,240.1487472983376,false
1,23,13:30,24,13:45,1,1,,,0.0,false,11.390735526315806,240.6042789982683,false
1,23,13:30,25,14:00,2,1,,Loading/Swinging,3.1586,false,10.601085526315806,241.059810698199,false
1,23,13:30,26,14:15,3,1,,Loading/Swinging,3.1586,false,9.811435526315806,241.5153423981297,true
1,23,13:30,27,14:30,4,1,,Traveling,4.7101,false,8.633910526315805,241.97087409806036,false
1,23,13:30,28,14:45,5,1,,Digging,4.792499999999997,false,7.435785526315806,242.42640579799107,false
1,23,13:30,29,15:00,6,1,,Idle,0.0,false,7.435785526315806,242.88193749792174,false
1,23,13:30,30,15:15,7,1,,Loading/Swinging,3.1586,false,6.646135526315806,243.33746919785233,false
1,23,13:30,31,15:30,8,1,,Digging,4.7925,false,5.448010526315806,243.793000897783,true
1,23,13:30,32,15:45,9,1,,Loading/Swinging,3.1586,false,4.658360526315806,244.24853259771368,false
1,23,13:30,33,16:00,10,1,,Traveling,4.710099999999999,false,3.4808355263158064,244.24853259771368,false
1,23,13:30,34,16:15,11,1,,Charging,0.0,true,4.9793,242.58818415041816,false
1,23,13:30,35,16:30,12,1,,Loading/Swinging,3.1586,false,4.18965,242.58818415041816,false
1,23,13:30,36,16:45,13,1,,Loading/Swinging,3.1586,false,3.4000000000000004,242.58818415041816,false
1,23,13:30,37,17:00,14,1,,Charging,0.0,true,5.300000000000001,240.48292099252342,false
1,23,13:30,38,17:15,15,1,,,0.0,false,5.300000000000001,240.48292099252342,true
1,23,13:30,39,17:30,16,1,,Charging,0.0,true,7.200000000000001,238.37765783462868,false
1,23,13:30,40,17:45,17,1,,Charging,0.0,true,9.1,236.27239467673394,false
1,23,13:30,41,18:00,18,1,,,0.0,false,9.1,236.27239467673394,true
1,23,13:30,42,18:15,19,1,,Charging,0.0,true,11.0,234.1671315188392,false
1,23,13:30,43,18:30,20,1,,,0.0,false,11.0,234.1671315188392,false
1,23,13:30,44,18:45,21,1,,,0.0,false,11.0,234.1671315188392,false
1,23,13:30,45,19:00,22,1,,Charging,0.0,true,12.9,232.06186836094446,true
1,23,13:30,46,19:15,23,1,,,0.0,false,12.9,232.06186836094446,false
1,23,13:30,47,19:30,24,1,,,0.0,false,12.9,232.06186836094446,false
1,23,13:30,48,19:45,25,1,,Charging,0.0,true,14.8,229.95660520304972,true
1,23,13:30,49,20:00,26,1,,,0.0,false,14.8,229.95660520304972,false
1,23,13:30,50,20:15,27,1,,,0.0,false,14.8,229.95660520304972,false
1,23,13:30,51,20:30,28,1,,,0.0,false,14.8,229.95660520304972,false
1,23,13:30,52,20:45,29,1,,,0.0,false,14.8,229.95660520304972,false
1,23,13:30,53,21:00,30,1,,,0.0,false,14.8,230.4121369029804,false
1,23,13:30,54,21:15,31,1,,,0.0,false,14.8,230.86766860291107,false
1,23,13:30,55,21:30,32,1,,,0.0,false,14.8,231.32320030284174,false
1,23,13:30,56,21:45,33,1,,,0.0,false,14.8,231.77873200277241,false
1,23,13:30,57,22:00,34,1,,,0.0,false,14.8,232.2342637027031,false
1,23,13:30,58,22:15,35,1,,,0.0,false,14.8,232.68979540263376,false
1,23,13:30,59,22:30,36,1,,,0.0,false,14.8,233.14532710256444,false
1,23,13:30,60,22:45,37,1,,,0.0,false,14.8,233.60085880249514,false
1,23,13:30,61,23:00,38,1,,,0.0,false,14.8,234.0563905024258,false
1,23,13:30,62,23:15,39,1,,,0.0,false,14.8,234.51192220235652,false
1,23,13:30,63,23:30,40,1,,,0.0,false,14.8,234.9674539022872,false
1,23,13:30,64,23:45,41,1,,,0.0,false,14.8,235.4229856022182,false
1,23,13:30,65,00:00,42,1,,,0.0,false,14.8,235.87851730214888,false
1,23,13:30,66,00:15,43,1,,,0.0,false,14.8,236.33404900207958,false
1,23,13:30,67,00:30,44,1,,,0.0,false,14.8,236.78958070201026,false
1,23,13:30,68,00:45,45,1,,,0.0,false,14.8,237.24511240194093,false
1,23,13:30,69,01:00,46,1,,,0.0,false,14.8,237.70064410187163,false
1,23,13:30,70,01:15,47,1,,,0.0,false,14.8,238.1561758018023,false
1,23,13:30,71,01:30,48,1,,,0.0,false,14.8,238.61170750173298,false
1,23,13:30,72,01:45,49,1,,,0.0,false,14.8,239.06723920166365,false
1,23,13:30,73,02:00,50,1,,,0.0,false,14.8,239.52277090159436,false
1,23,13:30,74,02:15,51,1,,,0.0,false,14.8,239.97830260152503,false
1,23,13:30,75,02:30,52,1,,,0.0,false,14.8,240.4338343014557,false
1,23,13:30,76,02:45,53,1,,,0.0,false,14.8,240.88936600138638,false
1,23,13:30,77,03:00,54,1,,,0.0,false,14.8,241.34489770131705,false
1,23,13:30,78,03:15,55,1,,,0.0,false,14.8,241.80042940124775,false
1,23,13:30,79,03:30,56,1,,,0.0,false,14.8,242.25596110117843,false
1,23,13:30,80,03:45,57,1,,,0.0,false,14.8,242.71149280110913,false
1,23,13:30,81,04:00,58,1,,,0.0,false,14.8,243.1670245010398,false
1,23,13:30,82,04:15,59,1,,,0.0,false,14.8,243.62255620097048,false
1,23,13:30,83,04:30,60,1,,,0.0,false,14.8,244.07808790090115,false
1,23,13:30,84,04:45,61,1,,,0.0,false,14.8,244.53361960083183,false
1,23,13:30,85,05:00,62,1,,,0.0,false,14.8,244.98915130076253,false
1,23,13:30,86,05:15,63,1,,,0.0,false,14.8,245.4446830006932,false
1,23,13:30,87,05:30,64,1,,,0.0,false,14.8,245.90021470062388,false
1,23,13:30,88,05:45,65,1,,,0.0,false,14.8,246.35574640055455,false
1,23,13:30,89,06:00,66,1,,,0.0,false,14.8,246.81127810048523,false
1,23,13:30,90,06:15,67,1,,,0.0,false,14.8,247.2668098004159,false
1,23,13:30,91,06:30,68,1,,,0.0,false,14.8,247.72234150034657,false
1,23,13:30,92,06:45,69,1,,,0.0,false,14.8,248.17787320027725,false
1,23,13:30,93,07:00,70,1,,,0.0,false,14.8,248.63340490020792,false
1,23,13:30,94,07:15,71,1,,,0.0,false,14.8,249.08893660013862,false
1,23,13:30,95,07:30,72,1,,,0.0,false,14.8,249.5444683000693,false
1,23,13:30,96,07:45,73,1,,,0.0,false,14.8,250.0,false
1,24,13:45,24,13:45,0,1,,,0.0,false,11.390735526315806,240.60427899826828,false
1,24,13:45,25,14:00,1,1,,Loading/Swinging,3.1586,false,10.601085526315806,241.059810698199,false
1,24,13:45,26,14:15,2,1,,Loading/Swinging,3.1586,false,9.811435526315806,241.51534239812966,false
1,24,13:45,27,14:30,3,1,,Traveling,4.7101,false,8.633910526315805,241.97087409806025,false
1,24,13:45,28,14:45,4,1,,Digging,4.7925,false,7.435785526315806,242.42640579799092,false
1,24,13:45,29,15:00,5,1,,Idle,0.0,false,7.435785526315806,242.88193749792163,false
1,24,13:45,30,15:15,6,1,,Loading/Swinging,3.1586,false,6.646135526315806,243.3374691978523,false
1,24,13:45,31,15:30,7,1,,Loading/Swinging,3.1586,false,5.856485526315806,243.793000897783,true
1,24,13:45,32,15:45,8,1,,Digging,4.7925,false,4.658360526315806,244.24853259771368,true
1,24,13:45,33,16:00,9,1,,Traveling,4.7101,false,3.4808355263158064,244.24853259771368,false
1,24,13:45,34,16:15,10,1,,Charging,0.0,true,4.9793,242.58818415041816,false
1,24,13:45,35,16:30,11,1,,Loading/Swinging,3.1586,false,4.18965,242.58818415041816,false
1,24,13:45,36,16:45,12,1,,Loading/Swinging,3.1586,false,3.4000000000000004,242.58818415041816,false
1,24,13:45,37,17:00,13,1,,Charging,0.0,true,5.300000000000001,240.48292099252342,false
1,24,13:45,38,17:15,14,1,,Charging,0.0,true,7.2,238.37765783462868,true
1,24,13:45,39,17:30,15,1,,Charging,0.0,true,9.1,236.27239467673394,false
1,24,13:45,40,17:45,16,1,,Charging,0.0,true,11.0,234.1671315188392,false
1,24,13:45,41,18:00,17,1,,Charging,0.0,true,12.9,232.06186836094446,true
1,24,13:45,42,18:15,18,1,,Charging,0.0,true,14.8,229.95660520304972,false
1,24,13:45,43,18:30,19,1,,,0.0,false,14.8,229.95660520304972,false
1,24,13:45,44,18:45,20,1,,,0.0,false,14.8,229.95660520304972,false
1,24,13:45,45,19:00,21,1,,,0.0,false,14.8,229.95660520304972,true
1,24,13:45,46,19:15,22,1,,,0.0,false,14.8,229.95660520304972,false
1,24,13:45,47,19:30,23,1,,,0.0,false,14.8,229.95660520304972,false
1,24,13:45,48,19:45,24,1,,,0.0,false,14.8,229.95660520304972,true
1,24,13:45,49,20:00,25,1,,,0.0,false,14.8,229.95660520304972,false
1,24,13:45,50,20:15,26,1,,,0.0,false,14.8,229.95660520304972,false
1,24,13:45,51,20:30,27,1,,,0.0,false,14.8,229.95660520304972,false
1,24,13:45,52,20:45,28,1,,,0.0,false,14.8,229.95660520304972,false
1,24,13:45,53,21:00,29,1,,,0.0,false,14.8,230.4121369029804,false
1,24,13:45,54,21:15,30,1,,,0.0,false,14.8,230.8676686029111,false
1,24,13:45,55,21:30,31,1,,,0.0,false,14.8,231.32320030284177,false
1,24,13:45,56,21:45,32,1,,,0.0,false,14.8,231.77873200277244,false
1,24,13:45,57,22:00,33,1,,,0.0,false,14.8,232.23426370270312,false
1,24,13:45,58,22:15,34,1,,,0.0,false,14.8,232.68979540263382,false
1,24,13:45,59,22:30,35,1,,,0.0,false,14.8,233.1453271025645,false
1,24,13:45,60,22:45,36,1,,,0.0,false,14.8,233.60085880249517,false
1,24,13:45,61,23:00,37,1,,,0.0,false,14.8,234.05639050242587,false
1,24,13:45,62,23:15,38,1,,,0.0,false,14.8,234.51192220235654,false
1,24,13:45,63,23:30,39,1,,,0.0,false,14.8,234.96745390228722,false
1,24,13:45,64,23:45,40,1,,,0.0,false,14.8,235.42298560221818,false
1,24,13:45,65,00:00,41,1,,,0.0,false,14.8,235.87851730214888,false
1,24,13:45,66,00:15,42,1,,,0.0,false,14.8,236.33404900207955,false
1,24,13:45,67,00:30,43,1,,,0.0,false,14.8,236.78958070201026,false
1,24,13:45,68,00:45,44,1,,,0.0,false,14.8,237.24511240194093,false
1,24,13:45,69,01:00,45,1,,,0.0,false,14.8,237.7006441018716,false
1,24,13:45,70,01:15,46,1,,,0.0,false,14.8,238.15617580180228,false
1,24,13:45,71,01:30,47,1,,,0.0,false,14.8,238.61170750173295,false
1,24,13:45,72,01:45,48,1,,,0.0,false,14.8,239.06723920166363,false
1,24,13:45,73,02:00,49,1,,,0.0,false,14.8,239.5227709015943,false
1,24,13:45,74,02:15,50,1,,,0.0,false,14.8,239.978302601525,false
1,24,13:45,75,02:30,51,1,,,0.0,false,14.8,240.43383430145568,false
1,24,13:45,76,02:45,52,1,,,0.0,false,14.8,240.88936600138635,false
1,24,13:45,77,03:00,53,1,,,0.0,false,14.8,241.34489770131702,false
1,24,13:45,78,03:15,54,1,,,0.0,false,14.8,241.8004294012477,false
1,24,13:45,79,03:30,55,1,,,0.0,false,14.8,242.25596110117837,false
1,24,13:45,80,03:45,56,1,,,0.0,false,14.8,242.71149280110905,false
1,24,13:45,81,04:00,57,1,,,0.0,false,14.8,243.16702450103972,false
1,24,13:45,82,04:15,58,1,,,0.0,false,14.8,243.6225562009704,false
1,24,13:45,83,04:30,59,1,,,0.0,false,14.8,244.0780879009011,false
1,24,13:45,84,04:45,60,1,,,0.0,false,14.8,244.53361960083177,false
1,24,13:45,85,05:00,61,1,,,0.0,false,14.8,244.98915130076244,false
1,24,13:45,86,05:15,62,1,,,0.0,false,14.8,245.44468300069312,false
1,24,13:45,87,05:30,63,1,,,0.0,false,14.8,245.9002147006238,false
1,24,13:45,88,05:45,64,1,,,0.0,false,14.8,246.3557464005545,false
1,24,13:45,89,06:00,65,1,,,0.0,false,14.8,246.81127810048517,false
1,24,13:45,90,06:15,66,1,,,0.0,false,14.8,247.26680980041587,false
1,24,13:45,91,06:30,67,1,,,0.0,false,14.8,247.72234150034654,false
1,24,13:45,92,06:45,68,1,,,0.0,false,14.8,248.17787320027725,false
1,24,13:45,93,07:00,69,1,,,0.0,false,14.8,248.63340490020792,false
1,24,13:45,94,07:15,70,1,,,0.0,false,14.8,249.08893660013862,false
1,24,13:45,95,07:30,71,1,,,0.0,false,14.8,249.5444683000693,false
1,24,13:45,96,07:45,72,1,,,0.0,false,14.8,250.0,false
1,25,14:00,25,14:00,0,1,,Digging,4.7925,false,10.192610526315807,241.05981069819896,true
1,25,14:00,26,14:15,1,1,,Digging,4.7925,false,8.994485526315806,241.51534239812963,true
1,25,14:00,27,14:30,2,1,,Traveling,4.7101,false,7.816960526315806,241.9708740980603,false
1,25,14:00,28,14:45,3,1,,Loading/Swinging,3.1586,false,7.027310526315806,242.42640579799098,true
1,25,14:00,29,15:00,4,1,,Idle,0.0,false,7.027310526315806,242.88193749792165,false
1,25,14:00,30,15:15,5,1,,Loading/Swinging,3.1586,false,6.237660526315806,243.33746919785233,false
1,25,14:00,31,15:30,6,1,,Loading/Swinging,3.1586,false,5.448010526315806,243.793000897783,false
1,25,14:00,32,15:45,7,1,,Loading/Swinging,3.1586,false,4.658360526315806,244.24853259771368,true
1,25,14:00,33,16:00,8,1,,Traveling,4.710100000000001,false,3.480835526315806,244.24853259771368,false
1,25,14:00,34,16:15,9,1,,Charging,0.0,true,4.979300000000001,242.58818415041816,false
1,25,14:00,35,16:30,10,1,,Loading/Swinging,3.1586,false,4.189650000000001,242.58818415041816,false
1,25,14:00,36,16:45,11,1,,Loading/Swinging,3.1586,false,3.4000000000000012,242.58818415041816,false
1,25,14:00,37,17:00,12,1,,Charging,0.0,true,5.300000000000001,240.48292099252342,false
1,25,14:00,38,17:15,13,1,,Charging,0.0,true,7.200000000000001,238.37765783462868,false
1,25,14:00,39,17:30,14,1,,Charging,0.0,true,9.100000000000001,236.27239467673394,false
1,25,14:00,40,17:45,15,1,,Charging,0.0,true,11.0,234.1671315188392,false
1,25,14:00,41,18:00,16,1,,Charging,0.0,true,12.9,232.06186836094446,false
1,25,14:00,42,18:15,17,1,,Charging,0.0,true,14.8,229.95660520304972,false
1,25,14:00,43,18:30,18,1,,,0.0,false,14.8,229.95660520304972,false
1,25,14:00,44,18:45,19,1,,,0.0,false,14.8,229.95660520304972,false
1,25,14:00,45,19:00,20,1,,,0.0,false,14.8,229.95660520304972,false
1,25,14:00,46,19:15,21,1,,,0.0,false,14.8,229.95660520304972,false
1,25,14:00,47,19:30,22,1,,,0.0,false,14.8,229.95660520304972,false
1,25,14:00,48,19:45,23,1,,,0.0,false,14.8,229.95660520304972,false
1,25,14:00,49,20:00,24,1,,,0.0,false,14.8,229.95660520304972,false
1,25,14:00,50,20:15,25,1,,,0.0,false,14.8,229.95660520304972,false
1,25,14:00,51,20:30,26,1,,,0.0,false,14.8,229.95660520304972,false
1,25,14:00,52,20:45,27,1,,,0.0,false,14.8,229.95660520304972,false
1,25,14:00,53,21:00,28,1,,,0.0,false,14.8,230.4121369029804,false
1,25,14:00,54,21:15,29,1,,,0.0,false,14.8,230.86766860291107,false
1,25,14:00,55,21:30,30,1,,,0.0,false,14.8,231.32320030284174,false
1,25,14:00,56,21:45,31,1,,,0.0,false,14.8,231.77873200277241,false
1,25,14:00,57,22:00,32,1,,,0.0,false,14.8,232.2342637027031,false
1,25,14:00,58,22:15,33,1,,,0.0,false,14.8,232.68979540263376,false
1,25,14:00,59,22:30,34,1,,,0.0,false,14.8,233.14532710256444,false
1,25,14:00,60,22:45,35,1,,,0.0,false,14.8,233.6008588024951,false
1,25,14:00,61,23:00,36,1,,,0.0,false,14.8,234.05639050242578,false
1,25,14:00,62,23:15,37,1,,,0.0,false,14.8,234.51192220235646,false
1,25,14:00,63,23:30,38,1,,,0.0,false,14.8,234.96745390228713,false
1,25,14:00,64,23:45,39,1,,,0.0,false,14.8,235.4229856022184,false
1,25,14:00,65,00:00,40,1,,,0.0,false,14.8,235.87851730214908,false
1,25,14:00,66,00:15,41,1,,,0.0,false,14.8,236.33404900207975,false
1,25,14:00,67,00:30,42,1,,,0.0,false,14.8,236.78958070201043,false
1,25,14:00,68,00:45,43,1,,,0.0,false,14.8,237.2451124019411,false
1,25,14:00,69,01:00,44,1,,,0.0,false,14.8,237.70064410187177,false
1,25,14:00,70,01:15,45,1,,,0.0,false,14.8,238.15617580180245,false
1,25,14:00,71,01:30,46,1,,,0.0,false,14.8,238.61170750173312,false
1,25,14:00,72,01:45,47,1,,,0.0,false,14.8,239.0672392016638,false
1,25,14:00,73,02:00,48,1,,,0.0,false,14.8,239.52277090159447,false
1,25,14:00,74,02:15,49,1,,,0.0,false,14.8,239.97830260152514,false
1,25,14:00,75,02:30,50,1,,,0.0,false,14.8,240.43383430145582,false
1,25,14:00,76,02:45,51,1,,,0.0,false,14.8,240.8893660013865,false
1,25,14:00,77,03:00,52,1,,,0.0,false,14.8,241.34489770131717,false
1,25,14:00,78,03:15,53,1,,,0.0,false,14.8,241.80042940124784,false
1,25,14:00,79,03:30,54,1,,,0.0,false,14.8,242.2559611011785,false
1,25,14:00,80,03:45,55,1,,,0.0,false,14.8,242.7114928011092,false
1,25,14:00,81,04:00,56,1,,,0.0,false,14.8,243.16702450103986,false
1,25,14:00,82,04:15,57,1,,,0.0,false,14.8,243.62255620097054,false
1,25,14:00,83,04:30,58,1,,,0.0,false,14.8,244.0780879009012,false
1,25,14:00,84,04:45,59,1,,,0.0,false,14.8,244.53361960083188,false
1,25,14:00,85,05:00,60,1,,,0.0,false,14.8,244.98915130076256,false
1,25,14:00,86,05:15,61,1,,,0.0,false,14.8,245.44468300069323,false
1,25,14:00,87,05:30,62,1,,,0.0,false,14.8,245.9002147006239,false
1,25,14:00,88,05:45,63,1,,,0.0,false,14.8,246.35574640055458,false
1,25,14:00,89,06:00,64,1,,,0.0,false,14.8,246.81127810048525,false
1,25,14:00,90,06:15,65,1,,,0.0,false,14.8,247.26680980041593,false
1,25,14:00,91,06:30,66,1,,,0.0,false,14.8,247.7223415003466,false
1,25,14:00,92,06:45,67,1,,,0.0,false,14.8,248.17787320027728,false
1,25,14:00,93,07:00,68,1,,,0.0,false,14.8,248.63340490020795,false
1,25,14:00,94,07:15,69,1,,,0.0,false,14.8,249.08893660013862,false
1,25,14:00,95,07:30,70,1,,,0.0,false,14.8,249.5444683000693,false
1,25,14:00,96,07:45,71,1,,,0.0,false,14.8,250.0,false
1,26,14:15,26,14:15,0,1,,Digging,4.7925,false,8.951760526315805,241.51627064754575,false
1,26,14:15,27,14:30,1,1,,Traveling,4.710100000000001,false,7.774235526315806,241.97273059689255,false
1,26,14:15,28,14:45,2,1,,Loading/Swinging,3.1586,false,6.984585526315806,242.4291905462394,false
1,26,14:15,29,15:00,3,1,,Idle,0.0,false,6.984585526315806,242.8856504955862,false
1,26,14:15,30,15:15,4,1,,Loading/Swinging,3.1586,false,6.194935526315806,243.34211044493298,false
1,26,14:15,31,15:30,5,1,,Loading/Swinging,3.1586,false,5.405285526315806,243.79857039427978,false
1,26,14:15,32,15:45,6,1,,Loading/Swinging,3.1586,false,4.615635526315806,244.25503034362657,false
1,26,14:15,33,16:00,7,1,,Traveling,4.7101,false,3.438110526315806,244.25503034362657,false
1,26,14:15,34,16:15,8,1,,Charging,0.0,true,4.979300000000001,242.54734117610946,false
1,26,14:15,35,16:30,9,1,,Loading/Swinging,3.1586,false,4.189650000000001,242.54734117610946,false
1,26,14:15,36,16:45,10,1,,Loading/Swinging,3.1586,false,3.4000000000000012,242.54734117610946,false
1,26,14:15,37,17:00,11,1,,Charging,0.0,true,5.300000000000001,240.44207801821472,false
1,26,14:15,38,17:15,12,1,,Charging,0.0,true,7.200000000000001,238.33681486031998,false
1,26,14:15,39,17:30,13,1,,Charging,0.0,true,9.1,236.23155170242524,false
1,26,14:15,40,17:45,14,1,,Charging,0.0,true,11.0,234.1262885445305,false
1,26,14:15,41,18:00,15,1,,Charging,0.0,true,12.9,232.02102538663576,false
1,26,14:15,42,18:15,16,1,,Charging,0.0,true,14.8,229.91576222874102,false
1,26,14:15,43,18:30,17,1,,,0.0,false,14.8,229.91576222874102,false
1,26,14:15,44,18:45,18,1,,,0.0,false,14.8,229.91576222874102,false
1,26,14:15,45,19:00,19,1,,,0.0,false,14.8,229.91576222874102,false
1,26,14:15,46,19:15,20,1,,,0.0,false,14.8,229.91576222874102,false
1,26,14:15,47,19:30,21,1,,,0.0,false,14.8,229.91576222874102,false
1,26,14:15,48,19:45,22,1,,,0.0,false,14.8,229.91576222874102,false
1,26,14:15,49,20:00,23,1,,,0.0,false,14.8,229.91576222874102,false
1,26,14:15,50,20:15,24,1,,,0.0,false,14.8,229.91576222874102,false
1,26,14:15,51,20:30,25,1,,,0.0,false,14.8,229.91576222874102,false
1,26,14:15,52,20:45,26,1,,,0.0,false,14.8,229.91576222874102,false
1,26,14:15,53,21:00,27,1,,,0.0,false,14.8,230.3722221780878,false
1,26,14:15,54,21:15,28,1,,,0.0,false,14.8,230.8286821274346,false
1,26,14:15,55,21:30,29,1,,,0.0,false,14.8,231.2851420767814,false
1,26,14:15,56,21:45,30,1,,,0.0,false,14.8,231.7416020261282,false
1,26,14:15,57,22:00,31,1,,,0.0,false,14.8,232.19806197547499,false
1,26,14:15,58,22:15,32,1,,,0.0,false,14.8,232.65452192482178,false
1,26,14:15,59,22:30,33,1,,,0.0,false,14.8,233.11098187416857,false
1,26,14:15,60,22:45,34,1,,,0.0,false,14.8,233.56744182351537,false
1,26,14:15,61,23:00,35,1,,,0.0,false,14.8,234.0239017728622,false
1,26,14:15,62,23:15,36,1,,,0.0,false,14.8,234.48036172220898,false
1,26,14:15,63,23:30,37,1,,,0.0,false,14.8,234.93682167155578,false
1,26,14:15,64,23:45,38,1,,,0.0,false,14.8,235.39328162090257,false
1,26,14:15,65,00:00,39,1,,,0.0,false,14.8,235.84974157024936,false
1,26,14:15,66,00:15,40,1,,,0.0,false,14.8,236.30620151959616,false
1,26,14:15,67,00:30,41,1,,,0.0,false,14.8,236.76266146894295,false
1,26,14:15,68,00:45,42,1,,,0.0,false,14.8,237.21912141828975,false
1,26,14:15,69,01:00,43,1,,,0.0,false,14.8,237.67558136763654,false
1,26,14:15,70,01:15,44,1,,,0.0,false,14.8,238.13204131698333,false
1,26,14:15,71,01:30,45,1,,,0.0,false,14.8,238.58850126633013,false
1,26,14:15,72,01:45,46,1,,,0.0,false,14.8,239.04496121567692,false
1,26,14:15,73,02:00,47,1,,,0.0,false,14.8,239.50142116502371,false
1,26,14:15,74,02:15,48,1,,,0.0,false,14.8,239.9578811143705,false
1,26,14:15,75,02:30,49,1,,,0.0,false,14.8,240.4143410637173,false
1,26,14:15,76,02:45,50,1,,,0.0,false,14.8,240.8708010130641,false
1,26,14:15,77,03:00,51,1,,,0.0,false,14.8,241.3272609624109,false
1,26,14:15,78,03:15,52,1,,,0.0,false,14.8,241.78372091175768,false
1,26,14:15,79,03:30,53,1,,,0.0,false,14.8,242.24018086110448,false
1,26,14:15,80,03:45,54,1,,,0.0,false,14.8,242.69664081045127,false
1,26,14:15,81,04:00,55,1,,,0.0,false,14.8,243.15310075979806,false
1,26,14:15,82,04:15,56,1,,,0.0,false,14.8,243.60956070914486,false
1,26,14:15,83,04:30,57,1,,,0.0,false,14.8,244.06602065849165,false
1,26,14:15,84,04:45,58,1,,,0.0,false,14.8,244.52248060783845,false
1,26,14:15,85,05:00,59,1,,,0.0,false,14.8,244.97894055718524,false
1,26,14:15,86,05:15,60,1,,,0.0,false,14.8,245.43540050653203,false
1,26,14:15,87,05:30,61,1,,,0.0,false,14.8,245.89186045587883,false
1,26,14:15,88,05:45,62,1,,,0.0,false,14.8,246.34832040522562,false
1,26,14:15,89,06:00,63,1,,,0.0,false,14.8,246.80478035457242,false
1,26,14:15,90,06:15,64,1,,,0.0,false,14.8,247.2612403039192,false
1,26,14:15,91,06:30,65,1,,,0.0,false,14.8,247.717700253266,false
1,26,14:15,92,06:45,66,1,,,0.0,false,14.8,248.1741602026128,false
1,26,14:15,93,07:00,67,1,,,0.0,false,14.8,248.6306201519596,false
1,26,14:15,94,07:15,68,1,,,0.0,false,14.8,249.08708010130638,false
1,26,14:15,95,07:30,69,1,,,0.0,false,14.8,249.54354005065318,false
1,26,14:15,96,07:45,70,1,,,0.0,false,14.8,250.0,false
1,27,14:30,27,14:30,0,1,,Traveling,4.7101,false,7.7771355263158055,241.97273059689255,false
1,27,14:30,28,14:45,1,1,,Loading/Swinging,3.1586,false,6.9874855263158056,242.42919054623934,false
1,27,14:30,29,15:00,2,1,,Idle,0.0,false,6.9874855263158056,242.88565049558613,false
1,27,14:30,30,15:15,3,1,,Loading/Swinging,3.1586,false,6.197835526315806,243.34211044493293,false
1,27,14:30,31,15:30,4,1,,Loading/Swinging,3.1586,false,5.408185526315806,243.79857039427972,false
1,27,14:30,32,15:45,5,1,,Loading/Swinging,3.1586,false,4.618535526315806,244.25503034362652,false
1,27,14:30,33,16:00,6,1,,Traveling,4.7101,false,3.4410105263158055,244.25503034362652,false
1,27,14:30,34,16:15,7,1,,Charging,0.0,true,4.979300000000001,242.55055447250828,false
1,27,14:30,35,16:30,8,1,,Loading/Swinging,3.1586,false,4.189650000000001,242.55055447250828,false
1,27,14:30,36,16:45,9,1,,Loading/Swinging,3.1586,false,3.4000000000000012,242.55055447250828,false
1,27,14:30,37,17:00,10,1,,Charging,0.0,true,5.300000000000001,240.44529131461354,false
1,27,14:30,38,17:15,11,1,,Charging,0.0,true,7.200000000000001,238.3400281567188,false
1,27,14:30,39,17:30,12,1,,Charging,0.0,true,9.100000000000001,236.23476499882406,false
1,27,14:30,40,17:45,13,1,,Charging,0.0,true,11.000000000000002,234.12950184092932,false
1,27,14:30,41,18:00,14,1,,Charging,0.0,true,12.900000000000002,232.02423868303458,false
1,27,14:30,42,18:15,15,1,,Charging,0.0,true,14.8,229.91897552513984,false
1,27,14:30,43,18:30,16,1,,,0.0,false,14.8,229.91897552513984,false
1,27,14:30,44,18:45,17,1,,,0.0,false,14.8,229.91897552513984,false
1,27,14:30,45,19:00,18,1,,,0.0,false,14.8,229.91897552513984,false
1,27,14:30,46,19:15,19,1,,,0.0,false,14.8,229.91897552513984,false
1,27,14:30,47,19:30,20,1,,,0.0,false,14.8,229.91897552513984,false
1,27,14:30,48,19:45,21,1,,,0.0,false,14.8,229.91897552513984,false
1,27,14:30,49,20:00,22,1,,,0.0,false,14.8,229.91897552513984,false
1,27,14:30,50,20:15,23,1,,,0.0,false,14.8,229.91897552513984,false
1,27,14:30,51,20:30,24,1,,,0.0,false,14.8,229.91897552513984,false
1,27,14:30,52,20:45,25,1,,,0.0,false,14.8,229.91897552513984,false
1,27,14:30,53,21:00,26,1,,,0.0,false,14.8,230.37543547448664,false
1,27,14:30,54,21:15,27,1,,,0.0,false,14.8,230.83189542383343,false
1,27,14:30,55,21:30,28,1,,,0.0,false,14.8,231.28835537318022,false
1,27,14:30,56,21:45,29,1,,,0.0,false,14.8,231.74481532252702,false
1,27,14:30,57,22:00,30,1,,,0.0,false,14.8,232.2012752718738,false
1,27,14:30,58,22:15,31,1,,,0.0,false,14.8,232.6577352212206,false
1,27,14:30,59,22:30,32,1,,,0.0,false,14.8,233.1141951705674,false
1,27,14:30,60,22:45,33,1,,,0.0,false,14.8,233.5706551199142,false
1,27,14:30,61,23:00,34,1,,,0.0,false,14.8,234.027115069261,false
1,27,14:30,62,23:15,35,1,,,0.0,false,14.8,234.48357501860778,false
1,27,14:30,63,23:30,36,1,,,0.0,false,14.8,234.94003496795457,false
1,27,14:30,64,23:45,37,1,,,0.0,false,14.8,235.39328162090257,false
1,27,14:30,65,00:00,38,1,,,0.0,false,14.8,235.84974157024936,false
1,27,14:30,66,00:15,39,1,,,0.0,false,14.8,236.30620151959616,false
1,27,14:30,67,00:30,40,1,,,0.0,false,14.8,236.76266146894295,false
1,27,14:30,68,00:45,41,1,,,0.0,false,14.8,237.21912141828975,false
1,27,14:30,69,01:00,42,1,,,0.0,false,14.8,237.67558136763654,false
1,27,14:30,70,01:15,43,1,,,0.0,false,14.8,238.13204131698333,false
1,27,14:30,71,01:30,44,1,,,0.0,false,14.8,238.58850126633013,false
1,27,14:30,72,01:45,45,1,,,0.0,false,14.8,239.04496121567692,false
1,27,14:30,73,02:00,46,1,,,0.0,false,14.8,239.50142116502371,false
1,27,14:30,74,02:15,47,1,,,0.0,false,14.8,239.9578811143705,false
1,27,14:30,75,02:30,48,1,,,0.0,false,14.8,240.4143410637173,false
1,27,14:30,76,02:45,49,1,,,0.0,false,14.8,240.8708010130641,false
1,27,14:30,77,03:00,50,1,,,0.0,false,14.8,241.3272609624109,false
1,27,14:30,78,03:15,51,1,,,0.0,false,14.8,241.78372091175768,false
1,27,14:30,79,03:30,52,1,,,0.0,false,14.8,242.24018086110448,false
1,27,14:30,80,03:45,53,1,,,0.0,false,14.8,242.69664081045127,false
1,27,14:30,81,04:00,54,1,,,0.0,false,14.8,243.15310075979806,false
1,27,14:30,82,04:15,55,1,,,0.0,false,14.8,243.60956070914486,false
1,27,14:30,83,04:30,56,1,,,0.0,false,14.8,244.06602065849165,false
1,27,14:30,84,04:45,57,1,,,0.0,false,14.8,244.52248060783845,false
1,27,14:30,85,05:00,58,1,,,0.0,false,14.8,244.97894055718524,false
1,27,14:30,86,05:15,59,1,,,0.0,false,14.8,245.43540050653203,false
1,27,14:30,87,05:30,60,1,,,0.0,false,14.8,245.89186045587883,false
1,27,14:30,88,05:45,61,1,,,0.0,false,14.8,246.34832040522562,false
1,27,14:30,89,06:00,62,1,,,0.0,false,14.8,246.80478035457242,false
1,27,14:30,90,06:15,63,1,,,0.0,false,14.8,247.2612403039192,false
1,27,14:30,91,06:30,64,1,,,0.0,false,14.8,247.717700253266,false
1,27,14:30,92,06:45,65,1,,,0.0,false,14.8,248.1741602026128,false
1,27,14:30,93,07:00,66,1,,,0.0,false,14.8,248.6306201519596,false
1,27,14:30,94,07:15,67,1,,,0.0,false,14.8,249.08708010130638,false
1,27,14:30,95,07:30,68,1,,,0.0,false,14.8,249.54354005065318,false
1,27,14:30,96,07:45,69,1,,,0.0,false,14.8,250.0,false
1,28,14:45,28,14:45,0,1,,Loading/Swinging,3.1586,false,6.875535526315806,242.43165648552363,false
1,28,14:45,29,15:00,1,1,,Idle,0.0,false,6.875535526315806,242.89058237415475,false
1,28,14:45,30,15:15,2,1,,Loading/Swinging,3.1586,false,6.085885526315806,243.34950826278583,false
1,28,14:45,31,15:30,3,1,,Loading/Swinging,3.1586,false,5.296235526315806,243.80843415141695,false
1,28,14:45,32,15:45,4,1,,Loading/Swinging,3.1586,false,4.506585526315806,244.26736004004803,false
1,28,14:45,33,16:00,5,1,,Traveling,4.7101,false,3.329060526315806,244.26736004004803,false
1,28,14:45,34,16:15,6,1,,Charging,0.0,true,4.979300000000001,242.43883984760018,false
1,28,14:45,35,16:30,7,1,,Loading/Swinging,3.1586,false,4.189650000000001,242.43883984760018,false
1,28,14:45,36,16:45,8,1,,Loading/Swinging,3.1586,false,3.4000000000000012,242.43883984760018,false
1,28,14:45,37,17:00,9,1,,Charging,0.0,true,5.300000000000001,240.33357668970544,false
1,28,14:45,38,17:15,10,1,,Charging,0.0,true,7.2,238.2283135318107,false
1,28,14:45,39,17:30,11,1,,Charging,0.0,true,9.1,236.12305037391596,false
1,28,14:45,40,17:45,12,1,,Charging,0.0,true,11.0,234.01778721602122,false
1,28,14:45,41,18:00,13,1,,Charging,0.0,true,12.9,231.91252405812648,false
1,28,14:45,42,18:15,14,1,,Charging,0.0,true,14.8,229.80726090023174,false
1,28,14:45,43,18:30,15,1,,,0.0,false,14.8,229.80726090023174,false
1,28,14:45,44,18:45,16,1,,,0.0,false,14.8,229.80726090023174,false
1,28,14:45,45,19:00,17,1,,,0.0,false,14.8,229.80726090023174,false
1,28,14:45,46,19:15,18,1,,,0.0,false,14.8,229.80726090023174,false
1,28,14:45,47,19:30,19,1,,,0.0,false,14.8,229.80726090023174,false
1,28,14:45,48,19:45,20,1,,,0.0,false,14.8,229.80726090023174,false
1,28,14:45,49,20:00,21,1,,,0.0,false,14.8,229.80726090023174,false
1,28,14:45,50,20:15,22,1,,,0.0,false,14.8,229.80726090023174,false
1,28,14:45,51,20:30,23,1,,,0.0,false,14.8,229.80726090023174,false
1,28,14:45,52,20:45,24,1,,,0.0,false,14.8,229.80726090023174,false
1,28,14:45,53,21:00,25,1,,,0.0,false,14.8,230.26618678886285,false
1,28,14:45,54,21:15,26,1,,,0.0,false,14.8,230.72511267749394,false
1,28,14:45,55,21:30,27,1,,,0.0,false,14.8,231.18403856612503,false
1,28,14:45,56,21:45,28,1,,,0.0,false,14.8,231.64296445475614,false
1,28,14:45,57,22:00,29,1,,,0.0,false,14.8,232.10189034338723,false
1,28,14:45,58,22:15,30,1,,,0.0,false,14.8,232.56081623201834,false
1,28,14:45,59,22:30,31,1,,,0.0,false,14.8,233.01974212064943,false
1,28,14:45,60,22:45,32,1,,,0.0,false,14.8,233.4786680092805,false
1,28,14:45,61,23:00,33,1,,,0.0,false,14.8,233.93759389791163,false
1,28,14:45,62,23:15,34,1,,,0.0,false,14.8,234.3965197865427,false
1,28,14:45,63,23:30,35,1,,,0.0,false,14.8,234.85544567517383,false
1,28,14:45,64,23:45,36,1,,,0.0,false,14.8,235.3143715638049,false
1,28,14:45,65,00:00,37,1,,,0.0,false,14.8,235.773297452436,false
1,28,14:45,66,00:15,38,1,,,0.0,false,14.8,236.2322233410671,false
1,28,14:45,67,00:30,39,1,,,0.0,false,14.8,236.6911492296982,false
1,28,14:45,68,00:45,40,1,,,0.0,false,14.8,237.1500751183293,false
1,28,14:45,69,01:00,41,1,,,0.0,false,14.8,237.6090010069604,false
1,28,14:45,70,01:15,42,1,,,0.0,false,14.8,238.06792689559148,false
1,28,14:45,71,01:30,43,1,,,0.0,false,14.8,238.5268527842226,false
1,28,14:45,72,01:45,44,1,,,0.0,false,14.8,238.98577867285368,false
1,28,14:45,73,02:00,45,1,,,0.0,false,14.8,239.44470456148477,false
1,28,14:45,74,02:15,46,1,,,0.0,false,14.8,239.90363045011588,false
1,28,14:45,75,02:30,47,1,,,0.0,false,14.8,240.36255633874697,false
1,28,14:45,76,02:45,48,1,,,0.0,false,14.8,240.82148222737806,false
1,28,14:45,77,03:00,49,1,,,0.0,false,14.8,241.28040811600917,false
1,28,14:45,78,03:15,50,1,,,0.0,false,14.8,241.73933400464026,false
1,28,14:45,79,03:30,51,1,,,0.0,false,14.8,242.19825989327137,false
1,28,14:45,80,03:45,52,1,,,0.0,false,14.8,242.65718578190246,false
1,28,14:45,81,04:00,53,1,,,0.0,false,14.8,243.11611167053354,false
1,28,14:45,82,04:15,54,1,,,0.0,false,14.8,243.57503755916466,false
1,28,14:45,83,04:30,55,1,,,0.0,false,14.8,244.03396344779574,false
1,28,14:45,84,04:45,56,1,,,0.0,false,14.8,244.49288933642683,false
1,28,14:45,85,05:00,57,1,,,0.0,false,14.8,244.95181522505794,false
1,28,14:45,86,05:15,58,1,,,0.0,false,14.8,245.41074111368903,false
1,28,14:45,87,05:30,59,1,,,0.0,false,14.8,245.86966700232014,false
1,28,14:45,88,05:45,60,1,,,0.0,false,14.8,246.32859289095123,false
1,28,14:45,89,06:00,61,1,,,0.0,false,14.8,246.7875187795823,false
1,28,14:45,90,06:15,62,1,,,0.0,false,14.8,247.24644466821343,false
1,28,14:45,91,06:30,63,1,,,0.0,false,14.8,247.7053705568445,false
1,28,14:45,92,06:45,64,1,,,0.0,false,14.8,248.1642964454756,false
1,28,14:45,93,07:00,65,1,,,0.0,false,14.8,248.6232223341067,false
1,28,14:45,94,07:15,66,1,,,0.0,false,14.8,249.0821482227378,false
1,28,14:45,95,07:30,67,1,,,0.0,false,14.8,249.54107411136889,false
1,28,14:45,96,07:45,68,1,,,0.0,false,14.8,250.0,false
1,29,15:00,29,15:00,0,1,,Idle,0.0,false,6.582210526315806,242.8973534960384,false
1,29,15:00,30,15:15,1,1,,Loading/Swinging,3.1586,false,5.792560526315806,243.36305050655312,false
1,29,15:00,31,15:30,2,1,,Loading/Swinging,3.1586,false,5.002910526315806,243.82874751706788,false
1,29,15:00,32,15:45,3,1,,Loading/Swinging,3.1586,false,4.213260526315806,244.29444452758264,false
1,29,15:00,33,16:00,4,1,,Traveling,4.7101,false,3.035735526315806,244.29444452758264,false
1,29,15:00,34,16:15,5,1,,Charging,0.0,true,4.935735526315806,242.1891813696879,false
1,29,15:00,35,16:30,6,1,,Loading/Swinging,3.1586,false,4.146085526315806,242.1891813696879,false
1,29,15:00,36,16:45,7,1,,Loading/Swinging,3.1586,false,3.3564355263158063,242.1891813696879,false
1,29,15:00,37,17:00,8,1,,Charging,0.0,true,5.256435526315807,240.08391821179316,false
1,29,15:00,38,17:15,9,1,,Charging,0.0,true,5.300000000000001,240.03564732682452,false
1,29,15:00,39,17:30,10,1,,Charging,0.0,true,7.2,237.93038416892978,false
1,29,15:00,40,17:45,11,1,,Charging,0.0,true,9.1,235.82512101103504,false
1,29,15:00,41,18:00,12,1,,Charging,0.0,true,11.0,233.7198578531403,false
1,29,15:00,42,18:15,13,1,,Charging,0.0,true,12.9,231.61459469524556,false
1,29,15:00,43,18:30,14,1,,Charging,0.0,true,14.8,229.50933153735082,true
1,29,15:00,44,18:45,15,1,,,0.0,false,14.8,229.50933153735082,false
1,29,15:00,45,19:00,16,1,,,0.0,false,14.8,229.50933153735082,false
1,29,15:00,46,19:15,17,1,,,0.0,false,14.8,229.50933153735082,false
1,29,15:00,47,19:30,18,1,,,0.0,false,14.8,229.50933153735082,false
1,29,15:00,48,19:45,19,1,,,0.0,false,14.8,229.50933153735082,false
1,29,15:00,49,20:00,20,1,,,0.0,false,14.8,229.50933153735082,false
1,29,15:00,50,20:15,21,1,,,0.0,false,14.8,229.50933153735082,false
1,29,15:00,51,20:30,22,1,,,0.0,false,14.8,229.50933153735082,false
1,29,15:00,52,20:45,23,1,,,0.0,false,14.8,229.50933153735082,false
1,29,15:00,53,21:00,24,1,,,0.0,false,14.8,229.97502854786563,false
1,29,15:00,54,21:15,25,1,,,0.0,false,14.8,230.4407255583804,false
1,29,15:00,55,21:30,26,1,,,0.0,false,14.8,230.90642256889515,false
1,29,15:00,56,21:45,27,1,,,0.0,false,14.8,231.37211957940988,false
1,29,15:00,57,22:00,28,1,,,0.0,false,14.8,231.83781658992464,false
1,29,15:00,58,22:15,29,1,,,0.0,false,14.8,232.3035136004394,false
1,29,15:00,59,22:30,30,1,,,0.0,false,14.8,232.76921061095416,false
1,29,15:00,60,22:45,31,1,,,0.0,false,14.8,233.23490762146892,false
1,29,15:00,61,23:00,32,1,,,0.0,false,14.8,233.70060463198365,false
1,29,15:00,62,23:15,33,1,,,0.0,false,14.8,234.1663016424984,false
1,29,15:00,63,23:30,34,1,,,0.0,false,14.8,234.63199865301317,false
1,29,15:00,64,23:45,35,1,,,0.0,false,14.8,235.09769566352793,false
1,29,15:00,65,00:00,36,1,,,0.0,false,14.8,235.5633926740427,false
1,29,15:00,66,00:15,37,1,,,0.0,false,14.8,236.02908968455742,false
1,29,15:00,67,00:30,38,1,,,0.0,false,14.8,236.49478669507218,false
1,29,15:00,68,00:45,39,1,,,0.0,false,14.8,236.96048370558694,false
1,29,15:00,69,01:00,40,1,,,0.0,false,14.8,237.4261807161017,false
1,29,15:00,70,01:15,41,1,,,0.0,false,14.8,237.89187772661643,false
1,29,15:00,71,01:30,42,1,,,0.0,false,14.8,238.3575747371312,false
1,29,15:00,72,01:45,43,1,,,0.0,false,14.8,238.82327174764595,false
1,29,15:00,73,02:00,44,1,,,0.0,false,14.8,239.2889687581607,false
1,29,15:00,74,02:15,45,1,,,0.0,false,14.8,239.75466576867544,false
1,29,15:00,75,02:30,46,1,,,0.0,false,14.8,240.2203627791902,false
1,29,15:00,76,02:45,47,1,,,0.0,false,14.8,240.68605978970496,false
1,29,15:00,77,03:00,48,1,,,0.0,false,14.8,241.15175680021972,false
1,29,15:00,78,03:15,49,1,,,0.0,false,14.8,241.61745381073445,false
1,29,15:00,79,03:30,50,1,,,0.0,false,14.8,242.0831508212492,false
1,29,15:00,80,03:45,51,1,,,0.0,false,14.8,242.54884783176396,false
1,29,15:00,81,04:00,52,1,,,0.0,false,14.8,243.01454484227872,false
1,29,15:00,82,04:15,53,1,,,0.0,false,14.8,243.48024185279345,false
1,29,15:00,83,04:30,54,1,,,0.0,false,14.8,243.9459388633082,false
1,29,15:00,84,04:45,55,1,,,0.0,false,14.8,244.41163587382297,false
1,29,15:00,85,05:00,56,1,,,0.0,false,14.8,244.87733288433773,false
1,29,15:00,86,05:15,57,1,,,0.0,false,14.8,245.34302989485246,false
1,29,15:00,87,05:30,58,1,,,0.0,false,14.8,245.80872690536722,false
1,29,15:00,88,05:45,59,1,,,0.0,false,14.8,246.27442391588198,false
1,29,15:00,89,06:00,60,1,,,0.0,false,14.8,246.74012092639674,false
1,29,15:00,90,06:15,61,1,,,0.0,false,14.8,247.20581793691147,false
1,29,15:00,91,06:30,62,1,,,0.0,false,14.8,247.67151494742623,false
1,29,15:00,92,06:45,63,1,,,0.0,false,14.8,248.137211957941,false
1,29,15:00,93,07:00,64,1,,,0.0,false,14.8,248.60290896845575,false
1,29,15:00,94,07:15,65,1,,,0.0,false,14.8,249.06860597897048,false
1,29,15:00,95,07:30,66,1,,,0.0,false,14.8,249.53430298948524,false
1,29,15:00,96,07:45,67,1,,,0.0,false,14.8,250.0,false
1,30,15:15,30,15:15,0,1,,Loading/Swinging,3.1586,false,5.792560526315806,243.36305050655315,false
1,30,15:15,31,15:30,1,1,,Loading/Swinging,3.1586,false,5.002910526315806,243.8287475170679,false
1,30,15:15,32,15:45,2,1,,Loading/Swinging,3.1586,false,4.213260526315806,244.29444452758267,false
1,30,15:15,33,16:00,3,1,,Traveling,4.7101,false,3.035735526315806,244.29444452758267,false
1,30,15:15,34,16:15,4,1,,Charging,0.0,true,4.935735526315806,242.18918136968793,false
1,30,15:15,35,16:30,5,1,,Loading/Swinging,3.1586,false,4.146085526315806,242.18918136968793,false
1,30,15:15,36,16:45,6,1,,Loading/Swinging,3.1586,false,3.3564355263158063,242.18918136968793,false
1,30,15:15,37,17:00,7,1,,Charging,0.0,true,5.256435526315807,240.0839182117932,false
1,30,15:15,38,17:15,8,1,,Charging,0.0,true,5.300000000000001,240.03564732682455,false
1,30,15:15,39,17:30,9,1,,Charging,0.0,true,7.200000000000001,237.9303841689298,false
1,30,15:15,40,17:45,10,1,,Charging,0.0,true,9.1,235.82512101103507,false
1,30,15:15,41,18:00,11,1,,Charging,0.0,true,11.0,233.71985785314033,false
1,30,15:15,42,18:15,12,1,,,0.0,false,11.0,233.71985785314033,true
1,30,15:15,43,18:30,13,1,,Charging,0.0,true,12.9,231.6145946952456,false
1,30,15:15,44,18:45,14,1,,Charging,0.0,true,14.8,229.50933153735085,true
1,30,15:15,45,19:00,15,1,,,0.0,false,14.8,229.50933153735085,false
1,30,15:15,46,19:15,16,1,,,0.0,false,14.8,229.50933153735085,false
1,30,15:15,47,19:30,17,1,,,0.0,false,14.8,229.50933153735085,false
1,30,15:15,48,19:45,18,1,,,0.0,false,14.8,229.50933153735085,false
1,30,15:15,49,20:00,19,1,,,0.0,false,14.8,229.50933153735085,false
1,30,15:15,50,20:15,20,1,,,0.0,false,14.8,229.50933153735085,false
1,30,15:15,51,20:30,21,1,,,0.0,false,14.8,229.50933153735085,false
1,30,15:15,52,20:45,22,1,,,0.0,false,14.8,229.50933153735085,false
1,30,15:15,53,21:00,23,1,,,0.0,false,14.8,229.9750285478656,false
1,30,15:15,54,21:15,24,1,,,0.0,false,14.8,230.44072555838036,false
1,30,15:15,55,21:30,25,1,,,0.0,false,14.8,230.90642256889512,false
1,30,15:15,56,21:45,26,1,,,0.0,false,14.8,231.37211957940988,false
1,30,15:15,57,22:00,27,1,,,0.0,false,14.8,231.83781658992464,false
1,30,15:15,58,22:15,28,1,,,0.0,false,14.8,232.3035136004394,false
1,30,15:15,59,22:30,29,1,,,0.0,false,14.8,232.76921061095416,false
1,30,15:15,60,22:45,30,1,,,0.0,false,14.8,233.23490762146892,false
1,30,15:15,61,23:00,31,1,,,0.0,false,14.8,233.70060463198365,false
1,30,15:15,62,23:15,32,1,,,0.0,false,14.8,234.1663016424984,false
1,30,15:15,63,23:30,33,1,,,0.0,false,14.8,234.63199865301317,false
1,30,15:15,64,23:45,34,1,,,0.0,false,14.8,235.0976956635279,false
1,30,15:15,65,00:00,35,1,,,0.0,false,14.8,235.56339267404266,false
1,30,15:15,66,00:15,36,1,,,0.0,false,14.8,236.0290896845574,false
1,30,15:15,67,00:30,37,1,,,0.0,false,14.8,236.49478669507215,false
1,30,15:15,68,00:45,38,1,,,0.0,false,14.8,236.96048370558688,false
1,30,15:15,69,01:00,39,1,,,0.0,false,14.8,237.42618071610164,false
1,30,15:15,70,01:15,40,1,,,0.0,false,14.8,237.8918777266164,false
1,30,15:15,71,01:30,41,1,,,0.0,false,14.8,238.35757473713116,false
1,30,15:15,72,01:45,42,1,,,0.0,false,14.8,238.82327174764592,false
1,30,15:15,73,02:00,43,1,,,0.0,false,14.8,239.28896875816065,false
1,30,15:15,74,02:15,44,1,,,0.0,false,14.8,239.7546657686754,false
1,30,15:15,75,02:30,45,1,,,0.0,false,14.8,240.22036277919017,false
1,30,15:15,76,02:45,46,1,,,0.0,false,14.8,240.68605978970493,false
1,30,15:15,77,03:00,47,1,,,0.0,false,14.8,241.15175680021966,false
1,30,15:15,78,03:15,48,1,,,0.0,false,14.8,241.61745381073442,false
1,30,15:15,79,03:30,49,1,,,0.0,false,14.8,242.08315082124918,false
1,30,15:15,80,03:45,50,1,,,0.0,false,14.8,242.54884783176394,false
1,30,15:15,81,04:00,51,1,,,0.0,false,14.8,243.0145448422787,false
1,30,15:15,82,04:15,52,1,,,0.0,false,14.8,243.48024185279343,false
1,30,15:15,83,04:30,53,1,,,0.0,false,14.8,243.94593886330819,false
1,30,15:15,84,04:45,54,1,,,0.0,false,14.8,244.41163587382295,false
1,30,15:15,85,05:00,55,1,,,0.0,false,14.8,244.8773328843377,false
1,30,15:15,86,05:15,56,1,,,0.0,false,14.8,245.34302989485246,false
1,30,15:15,87,05:30,57,1,,,0.0,false,14.8,245.80872690536722,false
1,30,15:15,88,05:45,58,1,,,0.0,false,14.8,246.27442391588198,false
1,30,15:15,89,06:00,59,1,,,0.0,false,14.8,246.74012092639674,false
1,30,15:15,90,06:15,60,1,,,0.0,false,14.8,247.2058179369115,false
1,30,15:15,91,06:30,61,1,,,0.0,false,14.8,247.6715149474262,false
1,30,15:15,92,06:45,62,1,,,0.0,false,14.8,248.13721195794096,false
1,30,15:15,93,07:00,63,1,,,0.0,false,14.8,248.60290896845572,false
1,30,15:15,94,07:15,64,1,,,0.0,false,14.8,249.06860597897048,false
1,30,15:15,95,07:30,65,1,,,0.0,false,14.8,249.53430298948524,false
1,30,15:15,96,07:45,66,1,,,0.0,false,14.8,250.0,false
1,31,15:30,31,15:30,0,1,,Loading/Swinging,3.1586,false,4.805135526315806,243.84396614561797,false
1,31,15:30,32,15:45,1,1,,Loading/Swinging,3.1586,false,4.015485526315806,243.84396614561797,false
1,31,15:30,33,16:00,2,1,,Charging,0.0,true,5.915485526315806,241.73870298772323,true
1,31,15:30,34,16:15,3,1,,Traveling,4.7101,false,4.737960526315806,241.73870298772323,true
1,31,15:30,35,16:30,4,1,,Loading/Swinging,3.1586,false,3.948310526315806,241.73870298772323,false
1,31,15:30,36,16:45,5,1,,Loading/Swinging,3.1586,false,3.158660526315806,241.73870298772323,false
1,31,15:30,37,17:00,6,1,,Charging,0.0,true,5.058660526315807,239.6334398298285,false
1,31,15:30,38,17:15,7,1,,Charging,0.0,true,5.300000000000001,239.36602767062163,false
1,31,15:30,39,17:30,8,1,,Charging,0.0,true,7.199999999999999,237.2607645127269,false
1,31,15:30,40,17:45,9,1,,Charging,0.0,true,9.1,235.15550135483215,false
1,31,15:30,41,18:00,10,1,,Charging,0.0,true,11.0,233.0502381969374,false
1,31,15:30,42,18:15,11,1,,Charging,0.0,true,12.9,230.94497503904267,true
1,31,15:30,43,18:30,12,1,,Charging,0.0,true,14.8,228.83971188114793,false
1,31,15:30,44,18:45,13,1,,,0.0,false,14.8,228.83971188114793,true
1,31,15:30,45,19:00,14,1,,,0.0,false,14.8,228.83971188114793,false
1,31,15:30,46,19:15,15,1,,,0.0,false,14.8,228.83971188114793,false
1,31,15:30,47,19:30,16,1,,,0.0,false,14.8,228.83971188114793,false
1,31,15:30,48,19:45,17,1,,,0.0,false,14.8,228.83971188114793,false
1,31,15:30,49,20:00,18,1,,,0.0,false,14.8,228.83971188114793,false
1,31,15:30,50,20:15,19,1,,,0.0,false,14.8,228.83971188114793,false
1,31,15:30,51,20:30,20,1,,,0.0,false,14.8,228.83971188114793,false
1,31,15:30,52,20:45,21,1,,,0.0,false,14.8,228.83971188114793,false
1,31,15:30,53,21:00,22,1,,,0.0,false,14.8,229.32062752021278,false
1,31,15:30,54,21:15,23,1,,,0.0,false,14.8,229.8015431592776,false
1,31,15:30,55,21:30,24,1,,,0.0,false,14.8,230.28245879834242,false
1,31,15:30,56,21:45,25,1,,,0.0,false,14.8,230.76337443740724,false
1,31,15:30,57,22:00,26,1,,,0.0,false,14.8,231.24429007647205,false
1,31,15:30,58,22:15,27,1,,,0.0,false,14.8,231.72520571553687,false
1,31,15:30,59,22:30,28,1,,,0.0,false,14.8,232.2061213546017,false
1,31,15:30,60,22:45,29,1,,,0.0,false,14.8,232.68703699366654,false
1,31,15:30,61,23:00,30,1,,,0.0,false,14.8,233.16795263273136,false
1,31,15:30,62,23:15,31,1,,,0.0,false,14.8,233.64886827179618,false
1,31,15:30,63,23:30,32,1,,,0.0,false,14.8,234.129783910861,false
1,31,15:30,64,23:45,33,1,,,0.0,false,14.8,234.6106995499258,false
1,31,15:30,65,00:00,34,1,,,0.0,false,14.8,235.09161518899063,false
1,31,15:30,66,00:15,35,1,,,0.0,false,14.8,235.57253082805545,false
1,31,15:30,67,00:30,36,1,,,0.0,false,14.8,236.05344646712027,false
1,31,15:30,68,00:45,37,1,,,0.0,false,14.8,236.53436210618509,false
1,31,15:30,69,01:00,38,1,,,0.0,false,14.8,237.0152777452499,false
1,31,15:30,70,01:15,39,1,,,0.0,false,14.8,237.49619338431472,false
1,31,15:30,71,01:30,40,1,,,0.0,false,14.8,237.97710902337954,false
1,31,15:30,72,01:45,41,1,,,0.0,false,14.8,238.45802466244436,false
1,31,15:30,73,02:00,42,1,,,0.0,false,14.8,238.93894030150918,false
1,31,15:30,74,02:15,43,1,,,0.0,false,14.8,239.41985594057397,false
1,31,15:30,75,02:30,44,1,,,0.0,false,14.8,239.90077157963879,false
1,31,15:30,76,02:45,45,1,,,0.0,false,14.8,240.3816872187036,false
1,31,15:30,77,03:00,46,1,,,0.0,false,14.8,240.86260285776842,false
1,31,15:30,78,03:15,47,1,,,0.0,false,14.8,241.34351849683324,false
1,31,15:30,79,03:30,48,1,,,0.0,false,14.8,241.82443413589806,false
1,31,15:30,80,03:45,49,1,,,0.0,false,14.8,242.30534977496288,false
1,31,15:30,81,04:00,50,1,,,0.0,false,14.8,242.7862654140277,false
1,31,15:30,82,04:15,51,1,,,0.0,false,14.8,243.26718105309251,false
1,31,15:30,83,04:30,52,1,,,0.0,false,14.8,243.74809669215733,false
1,31,15:30,84,04:45,53,1,,,0.0,false,14.8,244.22901233122215,false
1,31,15:30,85,05:00,54,1,,,0.0,false,14.8,244.70992797028697,false
1,31,15:30,86,05:15,55,1,,,0.0,false,14.8,245.1908436093518,false
1,31,15:30,87,05:30,56,1,,,0.0,false,14.8,245.6717592484166,false
1,31,15:30,88,05:45,57,1,,,0.0,false,14.8,246.15267488748142,false
1,31,15:30,89,06:00,58,1,,,0.0,false,14.8,246.63359052654624,false
1,31,15:30,90,06:15,59,1,,,0.0,false,14.8,247.11450616561106,false
1,31,15:30,91,06:30,60,1,,,0.0,false,14.8,247.59542180467588,false
1,31,15:30,92,06:45,61,1,,,0.0,false,14.8,248.0763374437407,false
1,31,15:30,93,07:00,62,1,,,0.0,false,14.8,248.55725308280552,false
1,31,15:30,94,07:15,63,1,,,0.0,false,14.8,249.03816872187033,false
1,31,15:30,95,07:30,64,1,,,0.0,false,14.8,249.51908436093515,false
1,31,15:30,96,07:45,65,1,,,0.0,false,14.8,250.0,false
1,32,15:45,32,15:45,0,1,,Loading/Swinging,3.1586,false,4.237610526315806,243.84396614561797,false
1,32,15:45,33,16:00,1,1,,Charging,0.0,true,6.137610526315806,241.73870298772323,false
1,32,15:45,34,16:15,2,1,,Traveling,4.7101,false,4.960085526315806,241.73870298772323,false
1,32,15:45,35,16:30,3,1,,Loading/Swinging,3.1586,false,4.170435526315806,241.73870298772323,false
1,32,15:45,36,16:45,4,1,,Loading/Swinging,3.1586,false,3.380785526315806,241.73870298772323,false
1,32,15:45,37,17:00,5,1,,Charging,0.0,true,5.280785526315806,239.6334398298285,false
1,32,15:45,38,17:15,6,1,,Charging,0.0,true,5.300000000000001,239.61214955427815,false
1,32,15:45,39,17:30,7,1,,Charging,0.0,true,7.200000000000001,237.50688639638344,false
1,32,15:45,40,17:45,8,1,,Charging,0.0,true,9.1,235.4016232384887,false
1,32,15:45,41,18:00,9,1,,Charging,0.0,true,11.0,233.29636008059396,false
1,32,15:45,42,18:15,10,1,,Charging,0.0,true,12.9,231.19109692269922,false
1,32,15:45,43,18:30,11,1,,Charging,0.0,true,14.8,229.08583376480448,false
1,32,15:45,44,18:45,12,1,,,0.0,false,14.8,229.08583376480448,false
1,32,15:45,45,19:00,13,1,,,0.0,false,14.8,229.08583376480448,false
1,32,15:45,46,19:15,14,1,,,0.0,false,14.8,229.08583376480448,false
1,32,15:45,47,19:30,15,1,,,0.0,false,14.8,229.08583376480448,false
1,32,15:45,48,19:45,16,1,,,0.0,false,14.8,229.08583376480448,false
1,32,15:45,49,20:00,17,1,,,0.0,false,14.8,229.08583376480448,false
1,32,15:45,50,20:15,18,1,,,0.0,false,14.8,229.08583376480448,false
1,32,15:45,51,20:30,19,1,,,0.0,false,14.8,229.08583376480448,false
1,32,15:45,52,20:45,20,1,,,0.0,false,14.8,229.08583376480448,false
1,32,15:45,53,21:00,21,1,,,0.0,false,14.8,229.5667494038693,false
1,32,15:45,54,21:15,22,1,,,0.0,false,14.8,230.0476650429341,false
1,32,15:45,55,21:30,23,1,,,0.0,false,14.8,230.52858068199893,false
1,32,15:45,56,21:45,24,1,,,0.0,false,14.8,231.00949632106375,false
1,32,15:45,57,22:00,25,1,,,0.0,false,14.8,231.49041196012857,false
1,32,15:45,58,22:15,26,1,,,0.0,false,14.8,231.9713275991934,false
1,32,15:45,59,22:30,27,1,,,0.0,false,14.8,232.4522432382582,false
1,32,15:45,60,22:45,28,1,,,0.0,false,14.8,232.93315887732302,false
1,32,15:45,61,23:00,29,1,,,0.0,false,14.8,233.41407451638784,false
1,32,15:45,62,23:15,30,1,,,0.0,false,14.8,233.89499015545266,false
1,32,15:45,63,23:30,31,1,,,0.0,false,14.8,234.37590579451748,false
1,32,15:45,64,23:45,32,1,,,0.0,false,14.8,234.61069954992578,false
1,32,15:45,65,00:00,33,1,,,0.0,false,14.8,235.0916151889906,false
1,32,15:45,66,00:15,34,1,,,0.0,false,14.8,235.57253082805542,false
1,32,15:45,67,00:30,35,1,,,0.0,false,14.8,236.05344646712024,false
1,32,15:45,68,00:45,36,1,,,0.0,false,14.8,236.53436210618506,false
1,32,15:45,69,01:00,37,1,,,0.0,false,14.8,237.01527774524988,false
1,32,15:45,70,01:15,38,1,,,0.0,false,14.8,237.4961933843147,false
1,32,15:45,71,01:30,39,1,,,0.0,false,14.8,237.9771090233795,false
1,32,15:45,72,01:45,40,1,,,0.0,false,14.8,238.45802466244433,false
1,32,15:45,73,02:00,41,1,,,0.0,false,14.8,238.93894030150915,false
1,32,15:45,74,02:15,42,1,,,0.0,false,14.8,239.41985594057397,false
1,32,15:45,75,02:30,43,1,,,0.0,false,14.8,239.90077157963879,false
1,32,15:45,76,02:45,44,1,,,0.0,false,14.8,240.3816872187036,false
1,32,15:45,77,03:00,45,1,,,0.0,false,14.8,240.86260285776842,false
1,32,15:45,78,03:15,46,1,,,0.0,false,14.8,241.34351849683324,false
1,32,15:45,79,03:30,47,1,,,0.0,false,14.8,241.82443413589806,false
1,32,15:45,80,03:45,48,1,,,0.0,false,14.8,242.30534977496288,false
1,32,15:45,81,04:00,49,1,,,0.0,false,14.8,242.7862654140277,false
1,32,15:45,82,04:15,50,1,,,0.0,false,14.8,243.26718105309251,false
1,32,15:45,83,04:30,51,1,,,0.0,false,14.8,243.74809669215733,false
1,32,15:45,84,04:45,52,1,,,0.0,false,14.8,244.22901233122215,false
1,32,15:45,85,05:00,53,1,,,0.0,false,14.8,244.70992797028697,false
1,32,15:45,86,05:15,54,1,,,0.0,false,14.8,245.1908436093518,false
1,32,15:45,87,05:30,55,1,,,0.0,false,14.8,245.6717592484166,false
1,32,15:45,88,05:45,56,1,,,0.0,false,14.8,246.15267488748142,false
1,32,15:45,89,06:00,57,1,,,0.0,false,14.8,246.63359052654624,false
1,32,15:45,90,06:15,58,1,,,0.0,false,14.8,247.11450616561106,false
1,32,15:45,91,06:30,59,1,,,0.0,false,14.8,247.59542180467588,false
1,32,15:45,92,06:45,60,1,,,0.0,false,14.8,248.0763374437407,false
1,32,15:45,93,07:00,61,1,,,0.0,false,14.8,248.55725308280552,false
1,32,15:45,94,07:15,62,1,,,0.0,false,14.8,249.03816872187033,false
1,32,15:45,95,07:30,63,1,,,0.0,false,14.8,249.51908436093515,false
1,32,15:45,96,07:45,64,1,,,0.0,false,14.8,250.0,false
1,33,16:00,33,16:00,0,1,,Charging,0.0,true,5.844285526315806,241.73870298772323,false
1,33,16:00,34,16:15,1,1,,Traveling,4.7101,false,4.666760526315805,241.73870298772323,false
1,33,16:00,35,16:30,2,1,,Loading/Swinging,3.1586,false,3.8771105263158057,241.73870298772323,false
1,33,16:00,36,16:45,3,1,,Loading/Swinging,3.1586,false,3.0874605263158057,241.73870298772323,false
1,33,16:00,37,17:00,4,1,,Charging,0.0,true,4.987460526315806,239.6334398298285,false
1,33,16:00,38,17:15,5,1,,Charging,0.0,true,5.299999999999999,239.28713570386262,false
1,33,16:00,39,17:30,6,1,,Charging,0.0,true,7.199999999999999,237.1818725459679,false
1,33,16:00,40,17:45,7,1,,Charging,0.0,true,9.1,235.07660938807317,false
1,33,16:00,41,18:00,8,1,,Charging,0.0,true,10.999999999999998,232.97134623017843,false
1,33,16:00,42,18:15,9,1,,Charging,0.0,true,12.899999999999999,230.8660830722837,false
1,33,16:00,43,18:30,10,1,,Charging,0.0,true,14.799999999999999,228.76081991438895,false
1,33,16:00,44,18:45,11,1,,,0.0,false,14.799999999999999,228.76081991438895,false
1,33,16:00,45,19:00,12,1,,,0.0,false,14.799999999999999,228.76081991438895,false
1,33,16:00,46,19:15,13,1,,,0.0,false,14.799999999999999,228.76081991438895,false
1,33,16:00,47,19:30,14,1,,,0.0,false,14.799999999999999,228.76081991438895,false
1,33,16:00,48,19:45,15,1,,,0.0,false,14.799999999999999,228.76081991438895,false
1,33,16:00,49,20:00,16,1,,,0.0,false,14.799999999999999,228.76081991438895,false
1,33,16:00,50,20:15,17,1,,,0.0,false,14.799999999999999,228.76081991438895,false
1,33,16:00,51,20:30,18,1,,,0.0,false,14.799999999999999,228.76081991438895,false
1,33,16:00,52,20:45,19,1,,,0.0,false,14.799999999999999,228.76081991438895,false
1,33,16:00,53,21:00,20,1,,,0.0,false,14.799999999999999,229.24352855269828,false
1,33,16:00,54,21:15,21,1,,,0.0,false,14.799999999999999,229.72623719100764,false
1,33,16:00,55,21:30,22,1,,,0.0,false,14.8,230.20894582931697,false
1,33,16:00,56,21:45,23,1,,,0.0,false,14.8,230.6916544676263,false
1,33,16:00,57,22:00,24,1,,,0.0,false,14.8,231.17436310593567,false
1,33,16:00,58,22:15,25,1,,,0.0,false,14.8,231.657071744245,false
1,33,16:00,59,22:30,26,1,,,0.0,false,14.8,232.13978038255436,false
1,33,16:00,60,22:45,27,1,,,0.0,false,14.8,232.6224890208637,false
1,33,16:00,61,23:00,28,1,,,0.0,false,14.8,233.10519765917303,false
1,33,16:00,62,23:15,29,1,,,0.0,false,14.8,233.5879062974824,false
1,33,16:00,63,23:30,30,1,,,0.0,false,14.8,234.07061493579172,false
1,33,16:00,64,23:45,31,1,,,0.0,false,14.8,234.55332357410106,false
1,33,16:00,65,00:00,32,1,,,0.0,false,14.8,235.0360322124104,false
1,33,16:00,66,00:15,33,1,,,0.0,false,14.8,235.51874085071975,false
1,33,16:00,67,00:30,34,1,,,0.0,false,14.8,236.00144948902908,false
1,33,16:00,68,00:45,35,1,,,0.0,false,14.8,236.48415812733845,false
1,33,16:00,69,01:00,36,1,,,0.0,false,14.8,236.96686676564778,false
1,33,16:00,70,01:15,37,1,,,0.0,false,14.8,237.4495754039571,false
1,33,16:00,71,01:30,38,1,,,0.0,false,14.8,237.93228404226647,false
1,33,16:00,72,01:45,39,1,,,0.0,false,14.8,238.4149926805758,false
1,33,16:00,73,02:00,40,1,,,0.0,false,14.8,238.89770131888514,false
1,33,16:00,74,02:15,41,1,,,0.0,false,14.8,239.38040995719447,false
1,33,16:00,75,02:30,42,1,,,0.0,false,14.8,239.86311859550383,false
1,33,16:00,76,02:45,43,1,,,0.0,false,14.8,240.34582723381317,false
1,33,16:00,77,03:00,44,1,,,0.0,false,14.8,240.82853587212253,false
1,33,16:00,78,03:15,45,1,,,0.0,false,14.8,241.31124451043186,false
1,33,16:00,79,03:30,46,1,,,0.0,false,14.8,241.7939531487412,false
1,33,16:00,80,03:45,47,1,,,0.0,false,14.8,242.27666178705056,false
1,33,16:00,81,04:00,48,1,,,0.0,false,14.8,242.7593704253599,false
1,33,16:00,82,04:15,49,1,,,0.0,false,14.8,243.24207906366922,false
1,33,16:00,83,04:30,50,1,,,0.0,false,14.8,243.72478770197856,false
1,33,16:00,84,04:45,51,1,,,0.0,false,14.8,244.20749634028792,false
1,33,16:00,85,05:00,52,1,,,0.0,false,14.8,244.69020497859725,false
1,33,16:00,86,05:15,53,1,,,0.0,false,14.8,245.17291361690658,false
1,33,16:00,87,05:30,54,1,,,0.0,false,14.8,245.65562225521592,false
1,33,16:00,88,05:45,55,1,,,0.0,false,14.8,246.13833089352525,false
1,33,16:00,89,06:00,56,1,,,0.0,false,14.8,246.6210395318346,false
1,33,16:00,90,06:15,57,1,,,0.0,false,14.8,247.10374817014394,false
1,33,16:00,91,06:30,58,1,,,0.0,false,14.8,247.5864568084533,false
1,33,16:00,92,06:45,59,1,,,0.0,false,14.8,248.06916544676264,false
1,33,16:00,93,07:00,60,1,,,0.0,false,14.8,248.55187408507197,false
1,33,16:00,94,07:15,61,1,,,0.0,false,14.8,249.03458272338133,false
1,33,16:00,95,07:30,62,1,,,0.0,false,14.8,249.51729136169067,false
1,33,16:00,96,07:45,63,1,,,0.0,false,14.8,250.0,false
1,34,16:15,34,16:15,0,1,,Traveling,4.710100000000001,false,4.766760526315806,241.73870298772323,false
1,34,16:15,35,16:30,1,1,,Loading/Swinging,3.1586,false,3.9771105263158057,241.73870298772323,false
1,34,16:15,36,16:45,2,1,,Loading/Swinging,3.1586,false,3.187460526315806,241.73870298772323,false
1,34,16:15,37,17:00,3,1,,Charging,0.0,true,5.087460526315805,239.6334398298285,false
1,34,16:15,38,17:15,4,1,,Charging,0.0,true,6.987460526315806,237.52817667193378,false
1,34,16:15,39,17:30,5,1,,Charging,0.0,true,8.887460526315806,235.42291351403904,false
1,34,16:15,40,17:45,6,1,,Charging,0.0,true,10.787460526315805,233.3176503561443,false
1,34,16:15,41,18:00,7,1,,Charging,0.0,true,12.687460526315805,231.21238719824956,false
1,34,16:15,42,18:15,8,1,,Charging,0.0,true,14.587460526315805,229.10712404035482,false
1,34,16:15,43,18:30,9,1,,Charging,0.0,true,14.8,228.87162323848867,false
1,34,16:15,44,18:45,10,1,,,0.0,false,14.8,228.87162323848867,false
1,34,16:15,45,19:00,11,1,,,0.0,false,14.8,228.87162323848867,false
1,34,16:15,46,19:15,12,1,,,0.0,false,14.8,228.87162323848867,false
1,34,16:15,47,19:30,13,1,,,0.0,false,14.8,228.87162323848867,false
1,34,16:15,48,19:45,14,1,,,0.0,false,14.8,228.87162323848867,false
1,34,16:15,49,20:00,15,1,,,0.0,false,14.8,228.87162323848867,false
1,34,16:15,50,20:15,16,1,,,0.0,false,14.8,228.87162323848867,false
1,34,16:15,51,20:30,17,1,,,0.0,false,14.8,228.87162323848867,false
1,34,16:15,52,20:45,18,1,,,0.0,false,14.8,228.87162323848867,false
1,34,16:15,53,21:00,19,1,,,0.0,false,14.8,229.35253887755349,false
1,34,16:15,54,21:15,20,1,,,0.0,false,14.8,229.8334545166183,false
1,34,16:15,55,21:30,21,1,,,0.0,false,14.8,230.31437015568312,false
1,34,16:15,56,21:45,22,1,,,0.0,false,14.8,230.79528579474794,false
1,34,16:15,57,22:00,23,1,,,0.0,false,14.8,231.27620143381276,false
1,34,16:15,58,22:15,24,1,,,0.0,false,14.8,231.75711707287758,false
1,34,16:15,59,22:30,25,1,,,0.0,false,14.8,232.2380327119424,false
1,34,16:15,60,22:45,26,1,,,0.0,false,14.8,232.7189483510072,false
1,34,16:15,61,23:00,27,1,,,0.0,false,14.8,233.19986399007203,false
1,34,16:15,62,23:15,28,1,,,0.0,false,14.8,233.68077962913685,false
1,34,16:15,63,23:30,29,1,,,0.0,false,14.8,234.16169526820167,false
1,34,16:15,64,23:45,30,1,,,0.0,false,14.8,234.61069954992578,false
1,34,16:15,65,00:00,31,1,,,0.0,false,14.8,235.0916151889906,false
1,34,16:15,66,00:15,32,1,,,0.0,false,14.8,235.57253082805542,false
1,34,16:15,67,00:30,33,1,,,0.0,false,14.8,236.05344646712024,false
1,34,16:15,68,00:45,34,1,,,0.0,false,14.8,236.53436210618506,false
1,34,16:15,69,01:00,35,1,,,0.0,false,14.8,237.01527774524988,false
1,34,16:15,70,01:15,36,1,,,0.0,false,14.8,237.4961933843147,false
1,34,16:15,71,01:30,37,1,,,0.0,false,14.8,237.9771090233795,false
1,34,16:15,72,01:45,38,1,,,0.0,false,14.8,238.45802466244433,false
1,34,16:15,73,02:00,39,1,,,0.0,false,14.8,238.93894030150915,false
1,34,16:15,74,02:15,40,1,,,0.0,false,14.8,239.41985594057397,false
1,34,16:15,75,02:30,41,1,,,0.0,false,14.8,239.90077157963879,false
1,34,16:15,76,02:45,42,1,,,0.0,false,14.8,240.3816872187036,false
1,34,16:15,77,03:00,43,1,,,0.0,false,14.8,240.86260285776842,false
1,34,16:15,78,03:15,44,1,,,0.0,false,14.8,241.34351849683324,false
1,34,16:15,79,03:30,45,1,,,0.0,false,14.8,241.82443413589806,false
1,34,16:15,80,03:45,46,1,,,0.0,false,14.8,242.30534977496288,false
1,34,16:15,81,04:00,47,1,,,0.0,false,14.8,242.7862654140277,false
1,34,16:15,82,04:15,48,1,,,0.0,false,14.8,243.26718105309251,false
1,34,16:15,83,04:30,49,1,,,0.0,false,14.8,243.74809669215733,false
1,34,16:15,84,04:45,50,1,,,0.0,false,14.8,244.22901233122215,false
1,34,16:15,85,05:00,51,1,,,0.0,false,14.8,244.70992797028697,false
1,34,16:15,86,05:15,52,1,,,0.0,false,14.8,245.1908436093518,false
1,34,16:15,87,05:30,53,1,,,0.0,false,14.8,245.6717592484166,false
1,34,16:15,88,05:45,54,1,,,0.0,false,14.8,246.15267488748142,false
1,34,16:15,89,06:00,55,1,,,0.0,false,14.8,246.63359052654624,false
1,34,16:15,90,06:15,56,1,,,0.0,false,14.8,247.11450616561106,false
1,34,16:15,91,06:30,57,1,,,0.0,false,14.8,247.59542180467588,false
1,34,16:15,92,06:45,58,1,,,0.0,false,14.8,248.0763374437407,false
1,34,16:15,93,07:00,59,1,,,0.0,false,14.8,248.55725308280552,false
1,34,16:15,94,07:15,60,1,,,0.0,false,14.8,249.03816872187033,false
1,34,16:15,95,07:30,61,1,,,0.0,false,14.8,249.51908436093515,false
1,34,16:15,96,07:45,62,1,,,0.0,false,14.8,250.0,false
1,35,16:30,35,16:30,0,1,,Loading/Swinging,3.1586,false,3.9772605263158063,241.73870298772323,false
1,35,16:30,36,16:45,1,1,,Loading/Swinging,3.1586,false,3.1876105263158063,241.73870298772323,false
1,35,16:30,37,17:00,2,1,,Charging,0.0,true,5.087610526315807,239.6334398298285,false
1,35,16:30,38,17:15,3,1,,Charging,0.0,true,6.987610526315806,237.52817667193375,false
1,35,16:30,39,17:30,4,1,,Charging,0.0,true,7.200000000000001,237.29284207505376,false
1,35,16:30,40,17:45,5,1,,Charging,0.0,true,9.100000000000001,235.18757891715902,false
1,35,16:30,41,18:00,6,1,,Charging,0.0,true,11.0,233.0823157592643,false
1,35,16:30,42,18:15,7,1,,Charging,0.0,true,12.9,230.97705260136956,false
1,35,16:30,43,18:30,8,1,,Charging,0.0,true,14.8,228.87178944347482,false
1,35,16:30,44,18:45,9,1,,,0.0,false,14.8,228.87178944347482,false
1,35,16:30,45,19:00,10,1,,,0.0,false,14.8,228.87178944347482,false
1,35,16:30,46,19:15,11,1,,,0.0,false,14.8,228.87178944347482,false
1,35,16:30,47,19:30,12,1,,,0.0,false,14.8,228.87178944347482,false
1,35,16:30,48,19:45,13,1,,,0.0,false,14.8,228.87178944347482,false
1,35,16:30,49,20:00,14,1,,,0.0,false,14.8,228.87178944347482,false
1,35,16:30,50,20:15,15,1,,,0.0,false,14.8,228.87178944347482,false
1,35,16:30,51,20:30,16,1,,,0.0,false,14.8,228.87178944347482,false
1,35,16:30,52,20:45,17,1,,,0.0,false,14.8,228.87178944347482,false
1,35,16:30,53,21:00,18,1,,,0.0,false,14.8,229.35270508253964,false
1,35,16:30,54,21:15,19,1,,,0.0,false,14.8,229.83362072160446,false
1,35,16:30,55,21:30,20,1,,,0.0,false,14.8,230.31453636066928,false
1,35,16:30,56,21:45,21,1,,,0.0,false,14.8,230.7954519997341,false
1,35,16:30,57,22:00,22,1,,,0.0,false,14.8,231.27636763879892,false
1,35,16:30,58,22:15,23,1,,,0.0,false,14.8,231.75728327786373,false
1,35,16:30,59,22:30,24,1,,,0.0,false,14.8,232.23819891692855,false
1,35,16:30,60,22:45,25,1,,,0.0,false,14.8,232.71911455599337,false
1,35,16:30,61,23:00,26,1,,,0.0,false,14.8,233.2000301950582,false
1,35,16:30,62,23:15,27,1,,,0.0,false,14.8,233.680945834123,false
1,35,16:30,63,23:30,28,1,,,0.0,false,14.8,234.16186147318783,false
1,35,16:30,64,23:45,29,1,,,0.0,false,14.8,234.61069954992578,false
1,35,16:30,65,00:00,30,1,,,0.0,false,14.8,235.0916151889906,false
1,35,16:30,66,00:15,31,1,,,0.0,false,14.8,235.57253082805542,false
1,35,16:30,67,00:30,32,1,,,0.0,false,14.8,236.05344646712024,false
1,35,16:30,68,00:45,33,1,,,0.0,false,14.8,236.53436210618506,false
1,35,16:30,69,01:00,34,1,,,0.0,false,14.8,237.01527774524988,false
1,35,16:30,70,01:15,35,1,,,0.0,false,14.8,237.4961933843147,false
1,35,16:30,71,01:30,36,1,,,0.0,false,14.8,237.9771090233795,false
1,35,16:30,72,01:45,37,1,,,0.0,false,14.8,238.45802466244433,false
1,35,16:30,73,02:00,38,1,,,0.0,false,14.8,238.93894030150915,false
1,35,16:30,74,02:15,39,1,,,0.0,false,14.8,239.41985594057397,false
1,35,16:30,75,02:30,40,1,,,0.0,false,14.8,239.90077157963879,false
1,35,16:30,76,02:45,41,1,,,0.0,false,14.8,240.3816872187036,false
1,35,16:30,77,03:00,42,1,,,0.0,false,14.8,240.86260285776842,false
1,35,16:30,78,03:15,43,1,,,0.0,false,14.8,241.34351849683324,false
1,35,16:30,79,03:30,44,1,,,0.0,false,14.8,241.82443413589806,false
1,35,16:30,80,03:45,45,1,,,0.0,false,14.8,242.30534977496288,false
1,35,16:30,81,04:00,46,1,,,0.0,false,14.8,242.7862654140277,false
1,35,16:30,82,04:15,47,1,,,0.0,false,14.8,243.26718105309251,false
1,35,16:30,83,04:30,48,1,,,0.0,false,14.8,243.74809669215733,false
1,35,16:30,84,04:45,49,1,,,0.0,false,14.8,244.22901233122215,false
1,35,16:30,85,05:00,50,1,,,0.0,false,14.8,244.70992797028697,false
1,35,16:30,86,05:15,51,1,,,0.0,false,14.8,245.1908436093518,false
1,35,16:30,87,05:30,52,1,,,0.0,false,14.8,245.6717592484166,false
1,35,16:30,88,05:45,53,1,,,0.0,false,14.8,246.15267488748142,false
1,35,16:30,89,06:00,54,1,,,0.0,false,14.8,246.63359052654624,false
1,35,16:30,90,06:15,55,1,,,0.0,false,14.8,247.11450616561106,false
1,35,16:30,91,06:30,56,1,,,0.0,false,14.8,247.59542180467588,false
1,35,16:30,92,06:45,57,1,,,0.0,false,14.8,248.0763374437407,false
1,35,16:30,93,07:00,58,1,,,0.0,false,14.8,248.55725308280552,false
1,35,16:30,94,07:15,59,1,,,0.0,false,14.8,249.03816872187033,false
1,35,16:30,95,07:30,60,1,,,0.0,false,14.8,249.51908436093515,false
1,35,16:30,96,07:45,61,1,,,0.0,false,14.8,250.0,false
1,36,16:45,36,16:45,0,1,,Loading/Swinging,3.1586,false,3.2271605263158065,241.73870298772323,false
1,36,16:45,37,17:00,1,1,,Charging,0.0,true,5.127160526315806,239.6334398298285,false
1,36,16:45,38,17:15,2,1,,Charging,0.0,true,7.0271605263158055,237.52817667193375,false
1,36,16:45,39,17:30,3,1,,Charging,0.0,true,8.927160526315806,235.422913514039,false
1,36,16:45,40,17:45,4,1,,Charging,0.0,true,10.827160526315806,233.3176503561443,false
1,36,16:45,41,18:00,5,1,,Charging,0.0,true,12.727160526315807,231.21238719824956,false
1,36,16:45,42,18:15,6,1,,Charging,0.0,true,14.627160526315807,229.1071240403548,false
1,36,16:45,43,18:30,7,1,,Charging,0.0,true,14.8,228.91561215815625,false
1,36,16:45,44,18:45,8,1,,,0.0,false,14.8,228.91561215815625,false
1,36,16:45,45,19:00,9,1,,,0.0,false,14.8,228.91561215815625,false
1,36,16:45,46,19:15,10,1,,,0.0,false,14.8,228.91561215815625,false
1,36,16:45,47,19:30,11,1,,,0.0,false,14.8,228.91561215815625,false
1,36,16:45,48,19:45,12,1,,,0.0,false,14.8,228.91561215815625,false
1,36,16:45,49,20:00,13,1,,,0.0,false,14.8,228.91561215815625,false
1,36,16:45,50,20:15,14,1,,,0.0,false,14.8,228.91561215815625,false
1,36,16:45,51,20:30,15,1,,,0.0,false,14.8,228.91561215815625,false
1,36,16:45,52,20:45,16,1,,,0.0,false,14.8,228.91561215815625,false
1,36,16:45,53,21:00,17,1,,,0.0,false,14.8,229.39652779722107,false
1,36,16:45,54,21:15,18,1,,,0.0,false,14.8,229.8774434362859,false
1,36,16:45,55,21:30,19,1,,,0.0,false,14.8,230.3583590753507,false
1,36,16:45,56,21:45,20,1,,,0.0,false,14.8,230.83927471441552,false
1,36,16:45,57,22:00,21,1,,,0.0,false,14.8,231.32019035348034,false
1,36,16:45,58,22:15,22,1,,,0.0,false,14.8,231.80110599254516,false
1,36,16:45,59,22:30,23,1,,,0.0,false,14.8,232.28202163160998,false
1,36,16:45,60,22:45,24,1,,,0.0,false,14.8,232.7629372706748,false
1,36,16:45,61,23:00,25,1,,,0.0,false,14.8,233.24385290973962,false
1,36,16:45,62,23:15,26,1,,,0.0,false,14.8,233.72476854880443,false
1,36,16:45,63,23:30,27,1,,,0.0,false,14.8,234.20568418786925,false
1,36,16:45,64,23:45,28,1,,,0.0,false,14.8,234.61069954992578,false
1,36,16:45,65,00:00,29,1,,,0.0,false,14.8,235.0916151889906,false
1,36,16:45,66,00:15,30,1,,,0.0,false,14.8,235.57253082805542,false
1,36,16:45,67,00:30,31,1,,,0.0,false,14.8,236.05344646712024,false
1,36,16:45,68,00:45,32,1,,,0.0,false,14.8,236.53436210618506,false
1,36,16:45,69,01:00,33,1,,,0.0,false,14.8,237.01527774524988,false
1,36,16:45,70,01:15,34,1,,,0.0,false,14.8,237.4961933843147,false
1,36,16:45,71,01:30,35,1,,,0.0,false,14.8,237.9771090233795,false
1,36,16:45,72,01:45,36,1,,,0.0,false,14.8,238.45802466244433,false
1,36,16:45,73,02:00,37,1,,,0.0,false,14.8,238.93894030150915,false
1,36,16:45,74,02:15,38,1,,,0.0,false,14.8,239.41985594057397,false
1,36,16:45,75,02:30,39,1,,,0.0,false,14.8,239.90077157963879,false
1,36,16:45,76,02:45,40,1,,,0.0,false,14.8,240.3816872187036,false
1,36,16:45,77,03:00,41,1,,,0.0,false,14.8,240.86260285776842,false
1,36,16:45,78,03:15,42,1,,,0.0,false,14.8,241.34351849683324,false
1,36,16:45,79,03:30,43,1,,,0.0,false,14.8,241.82443413589806,false
1,36,16:45,80,03:45,44,1,,,0.0,false,14.8,242.30534977496288,false
1,36,16:45,81,04:00,45,1,,,0.0,false,14.8,242.7862654140277,false
1,36,16:45,82,04:15,46,1,,,0.0,false,14.8,243.26718105309251,false
1,36,16:45,83,04:30,47,1,,,0.0,false,14.8,243.74809669215733,false
1,36,16:45,84,04:45,48,1,,,0.0,false,14.8,244.22901233122215,false
1,36,16:45,85,05:00,49,1,,,0.0,false,14.8,244.70992797028697,false
1,36,16:45,86,05:15,50,1,,,0.0,false,14.8,245.1908436093518,false
1,36,16:45,87,05:30,51,1,,,0.0,false,14.8,245.6717592484166,false
1,36,16:45,88,05:45,52,1,,,0.0,false,14.8,246.15267488748142,false
1,36,16:45,89,06:00,53,1,,,0.0,false,14.8,246.63359052654624,false
1,36,16:45,90,06:15,54,1,,,0.0,false,14.8,247.11450616561106,false
1,36,16:45,91,06:30,55,1,,,0.0,false,14.8,247.59542180467588,false
1,36,16:45,92,06:45,56,1,,,0.0,false,14.8,248.0763374437407,false
1,36,16:45,93,07:00,57,1,,,0.0,false,14.8,248.55725308280552,false
1,36,16:45,94,07:15,58,1,,,0.0,false,14.8,249.03816872187033,false
1,36,16:45,95,07:30,59,1,,,0.0,false,14.8,249.51908436093515,false
1,36,16:45,96,07:45,60,1,,,0.0,false,14.8,250.0,false
1,37,17:00,37,17:00,0,1,,Charging,0.0,true,3.4000000000000012,241.47032129943048,false
1,37,17:00,38,17:15,1,1,,Charging,0.0,true,5.300000000000001,239.36505814153577,false
1,37,17:00,39,17:30,2,1,,Charging,0.0,true,7.200000000000001,237.259794983641,false
1,37,17:00,40,17:45,3,1,,Charging,0.0,true,9.100000000000001,235.15453182574626,false
1,37,17:00,41,18:00,4,1,,Charging,0.0,true,11.000000000000002,233.04926866785152,false
1,37,17:00,42,18:15,5,1,,Charging,0.0,true,12.900000000000002,230.94400550995678,false
1,37,17:00,43,18:30,6,1,,,0.0,false,12.9,230.94400550995678,true
1,37,17:00,44,18:45,7,1,,,0.0,false,12.9,230.94400550995678,false
1,37,17:00,45,19:00,8,1,,Charging,0.0,true,14.8,228.83874235206204,true
1,37,17:00,46,19:15,9,1,,,0.0,false,14.8,228.83874235206204,false
1,37,17:00,47,19:30,10,1,,,0.0,false,14.8,228.83874235206204,false
1,37,17:00,48,19:45,11,1,,,0.0,false,14.8,228.83874235206204,false
1,37,17:00,49,20:00,12,1,,,0.0,false,14.8,228.83874235206204,false
1,37,17:00,50,20:15,13,1,,,0.0,false,14.8,228.83874235206204,false
1,37,17:00,51,20:30,14,1,,,0.0,false,14.8,228.83874235206204,false
1,37,17:00,52,20:45,15,1,,,0.0,false,14.8,228.83874235206204,false
1,37,17:00,53,21:00,16,1,,,0.0,false,14.8,229.31968002587882,false
1,37,17:00,54,21:15,17,1,,,0.0,false,14.8,229.80061769969558,false
1,37,17:00,55,21:30,18,1,,,0.0,false,14.8,230.28155537351236,false
1,37,17:00,56,21:45,19,1,,,0.0,false,14.8,230.76249304732914,false
1,37,17:00,57,22:00,20,1,,,0.0,false,14.8,231.2434307211459,false
1,37,17:00,58,22:15,21,1,,,0.0,false,14.8,231.72436839496268,false
1,37,17:00,59,22:30,22,1,,,0.0,false,14.8,232.20530606877946,false
1,37,17:00,60,22:45,23,1,,,0.0,false,14.8,232.68624374259622,false
1,37,17:00,61,23:00,24,1,,,0.0,false,14.8,233.167181416413,false
1,37,17:00,62,23:15,25,1,,,0.0,false,14.8,233.64811909022978,false
1,37,17:00,63,23:30,26,1,,,0.0,false,14.8,234.12905676404654,false
1,37,17:00,64,23:45,27,1,,,0.0,false,14.8,234.60999443786332,false
1,37,17:00,65,00:00,28,1,,,0.0,false,14.8,235.09093211168008,false
1,37,17:00,66,00:15,29,1,,,0.0,false,14.8,235.57186978549686,false
1,37,17:00,67,00:30,30,1,,,0.0,false,14.8,236.05280745931364,false
1,37,17:00,68,00:45,31,1,,,0.0,false,14.8,236.5337451331304,false
1,37,17:00,69,01:00,32,1,,,0.0,false,14.8,237.01468280694718,false
1,37,17:00,70,01:15,33,1,,,0.0,false,14.8,237.49562048076393,false
1,37,17:00,71,01:30,34,1,,,0.0,false,14.8,237.97655815458072,false
1,37,17:00,72,01:45,35,1,,,0.0,false,14.8,238.4574958283975,false
1,37,17:00,73,02:00,36,1,,,0.0,false,14.8,238.93843350221425,false
1,37,17:00,74,02:15,37,1,,,0.0,false,14.8,239.41937117603104,false
1,37,17:00,75,02:30,38,1,,,0.0,false,14.8,239.9003088498478,false
1,37,17:00,76,02:45,39,1,,,0.0,false,14.8,240.38124652366457,false
1,37,17:00,77,03:00,40,1,,,0.0,false,14.8,240.86218419748135,false
1,37,17:00,78,03:15,41,1,,,0.0,false,14.8,241.3431218712981,false
1,37,17:00,79,03:30,42,1,,,0.0,false,14.8,241.8240595451149,false
1,37,17:00,80,03:45,43,1,,,0.0,false,14.8,242.30499721893165,false
1,37,17:00,81,04:00,44,1,,,0.0,false,14.8,242.78593489274843,false
1,37,17:00,82,04:15,45,1,,,0.0,false,14.8,243.2668725665652,false
1,37,17:00,83,04:30,46,1,,,0.0,false,14.8,243.74781024038197,false
1,37,17:00,84,04:45,47,1,,,0.0,false,14.8,244.22874791419875,false
1,37,17:00,85,05:00,48,1,,,0.0,false,14.8,244.7096855880155,false
1,37,17:00,86,05:15,49,1,,,0.0,false,14.8,245.1906232618323,false
1,37,17:00,87,05:30,50,1,,,0.0,false,14.8,245.67156093564904,false
1,37,17:00,88,05:45,51,1,,,0.0,false,14.8,246.15249860946582,false
1,37,17:00,89,06:00,52,1,,,0.0,false,14.8,246.6334362832826,false
1,37,17:00,90,06:15,53,1,,,0.0,false,14.8,247.11437395709936,false
1,37,17:00,91,06:30,54,1,,,0.0,false,14.8,247.59531163091614,false
1,37,17:00,92,06:45,55,1,,,0.0,false,14.8,248.07624930473293,false
1,37,17:00,93,07:00,56,1,,,0.0,false,14.8,248.55718697854968,false
1,37,17:00,94,07:15,57,1,,,0.0,false,14.8,249.03812465236646,false
1,37,17:00,95,07:30,58,1,,,0.0,false,14.8,249.51906232618325,false
1,37,17:00,96,07:45,59,1,,,0.0,false,14.8,250.0,false
1,38,17:15,38,17:15,0,1,,Charging,0.0,true,5.312748130193906,239.36505814153574,false
1,38,17:15,39,17:30,1,1,,Charging,0.0,true,7.212748130193906,237.259794983641,false
1,38,17:15,40,17:45,2,1,,Charging,0.0,true,9.112748130193905,235.15453182574626,false
1,38,17:15,41,18:00,3,1,,Charging,0.0,true,11.012748130193906,233.04926866785152,false
1,38,17:15,42,18:15,4,1,,Charging,0.0,true,12.912748130193906,230.94400550995678,false
1,38,17:15,43,18:30,5,1,,Charging,0.0,true,14.8,228.85286770407745,true
1,38,17:15,44,18:45,6,1,,,0.0,false,14.8,228.85286770407745,false
1,38,17:15,45,19:00,7,1,,,0.0,false,14.8,228.85286770407745,true
1,38,17:15,46,19:15,8,1,,,0.0,false,14.8,228.85286770407745,false
1,38,17:15,47,19:30,9,1,,,0.0,false,14.8,228.85286770407745,false
1,38,17:15,48,19:45,10,1,,,0.0,false,14.8,228.85286770407745,false
1,38,17:15,49,20:00,11,1,,,0.0,false,14.8,228.85286770407745,false
1,38,17:15,50,20:15,12,1,,,0.0,false,14.8,228.85286770407745,false
1,38,17:15,51,20:30,13,1,,,0.0,false,14.8,228.85286770407745,false
1,38,17:15,52,20:45,14,1,,,0.0,false,14.8,228.85286770407745,false
1,38,17:15,53,21:00,15,1,,,0.0,false,14.8,229.33378334314227,false
1,38,17:15,54,21:15,16,1,,,0.0,false,14.8,229.8146989822071,false
1,38,17:15,55,21:30,17,1,,,0.0,false,14.8,230.2956146212719,false
1,38,17:15,56,21:45,18,1,,,0.0,false,14.8,230.77653026033673,false
1,38,17:15,57,22:00,19,1,,,0.0,false,14.8,231.25744589940155,false
1,38,17:15,58,22:15,20,1,,,0.0,false,14.8,231.73836153846636,false
1,38,17:15,59,22:30,21,1,,,0.0,false,14.8,232.21927717753118,false
1,38,17:15,60,22:45,22,1,,,0.0,false,14.8,232.700192816596,false
1,38,17:15,61,23:00,23,1,,,0.0,false,14.8,233.18110845566082,false
1,38,17:15,62,23:15,24,1,,,0.0,false,14.8,233.66202409472564,false
1,38,17:15,63,23:30,25,1,,,0.0,false,14.8,234.14293973379046,false
1,38,17:15,64,23:45,26,1,,,0.0,false,14.8,234.61069954992578,false
1,38,17:15,65,00:00,27,1,,,0.0,false,14.8,235.0916151889906,false
1,38,17:15,66,00:15,28,1,,,0.0,false,14.8,235.57253082805542,false
1,38,17:15,67,00:30,29,1,,,0.0,false,14.8,236.05344646712024,false
1,38,17:15,68,00:45,30,1,,,0.0,false,14.8,236.53436210618506,false
1,38,17:15,69,01:00,31,1,,,0.0,false,14.8,237.01527774524988,false
1,38,17:15,70,01:15,32,1,,,0.0,false,14.8,237.4961933843147,false
1,38,17:15,71,01:30,33,1,,,0.0,false,14.8,237.9771090233795,false
1,38,17:15,72,01:45,34,1,,,0.0,false,14.8,238.45802466244433,false
1,38,17:15,73,02:00,35,1,,,0.0,false,14.8,238.93894030150915,false
1,38,17:15,74,02:15,36,1,,,0.0,false,14.8,239.41985594057397,false
1,38,17:15,75,02:30,37,1,,,0.0,false,14.8,239.90077157963879,false
1,38,17:15,76,02:45,38,1,,,0.0,false,14.8,240.3816872187036,false
1,38,17:15,77,03:00,39,1,,,0.0,false,14.8,240.86260285776842,false
1,38,17:15,78,03:15,40,1,,,0.0,false,14.8,241.34351849683324,false
1,38,17:15,79,03:30,41,1,,,0.0,false,14.8,241.82443413589806,false
1,38,17:15,80,03:45,42,1,,,0.0,false,14.8,242.30534977496288,false
1,38,17:15,81,04:00,43,1,,,0.0,false,14.8,242.7862654140277,false
1,38,17:15,82,04:15,44,1,,,0.0,false,14.8,243.26718105309251,false
1,38,17:15,83,04:30,45,1,,,0.0,false,14.8,243.74809669215733,false
1,38,17:15,84,04:45,46,1,,,0.0,false,14.8,244.22901233122215,false
1,38,17:15,85,05:00,47,1,,,0.0,false,14.8,244.70992797028697,false
1,38,17:15,86,05:15,48,1,,,0.0,false,14.8,245.1908436093518,false
1,38,17:15,87,05:30,49,1,,,0.0,false,14.8,245.6717592484166,false
1,38,17:15,88,05:45,50,1,,,0.0,false,14.8,246.15267488748142,false
1,38,17:15,89,06:00,51,1,,,0.0,false,14.8,246.63359052654624,false
1,38,17:15,90,06:15,52,1,,,0.0,false,14.8,247.11450616561106,false
1,38,17:15,91,06:30,53,1,,,0.0,false,14.8,247.59542180467588,false
1,38,17:15,92,06:45,54,1,,,0.0,false,14.8,248.0763374437407,false
1,38,17:15,93,07:00,55,1,,,0.0,false,14.8,248.55725308280552,false
1,38,17:15,94,07:15,56,1,,,0.0,false,14.8,249.03816872187033,false
1,38,17:15,95,07:30,57,1,,,0.0,false,14.8,249.51908436093515,false
1,38,17:15,96,07:45,58,1,,,0.0,false,14.8,250.0,false
1,39,17:30,39,17:30,0,1,,Charging,0.0,true,7.312748130193906,237.259794983641,false
1,39,17:30,40,17:45,1,1,,Charging,0.0,true,9.212748130193905,235.15453182574626,false
1,39,17:30,41,18:00,2,1,,Charging,0.0,true,11.112748130193905,233.04926866785152,false
1,39,17:30,42,18:15,3,1,,Charging,0.0,true,13.012748130193904,230.94400550995678,false
1,39,17:30,43,18:30,4,1,,Charging,0.0,true,14.799999999999999,228.96367102817717,false
1,39,17:30,44,18:45,5,1,,,0.0,false,14.799999999999999,228.96367102817717,false
1,39,17:30,45,19:00,6,1,,,0.0,false,14.8,228.96367102817717,false
1,39,17:30,46,19:15,7,1,,,0.0,false,14.8,228.96367102817717,false
1,39,17:30,47,19:30,8,1,,,0.0,false,14.8,228.96367102817717,false
1,39,17:30,48,19:45,9,1,,,0.0,false,14.8,228.96367102817717,false
1,39,17:30,49,20:00,10,1,,,0.0,false,14.8,228.96367102817717,false
1,39,17:30,50,20:15,11,1,,,0.0,false,14.8,228.96367102817717,false
1,39,17:30,51,20:30,12,1,,,0.0,false,14.8,228.96367102817717,false
1,39,17:30,52,20:45,13,1,,,0.0,false,14.8,228.96367102817717,false
1,39,17:30,53,21:00,14,1,,,0.0,false,14.8,229.444586667242,false
1,39,17:30,54,21:15,15,1,,,0.0,false,14.8,229.9255023063068,false
1,39,17:30,55,21:30,16,1,,,0.0,false,14.8,230.40641794537163,false
1,39,17:30,56,21:45,17,1,,,0.0,false,14.8,230.88733358443645,false
1,39,17:30,57,22:00,18,1,,,0.0,false,14.8,231.36824922350127,false
1,39,17:30,58,22:15,19,1,,,0.0,false,14.8,231.84916486256608,false
1,39,17:30,59,22:30,20,1,,,0.0,false,14.8,232.3300805016309,false
1,39,17:30,60,22:45,21,1,,,0.0,false,14.8,232.81099614069572,false
1,39,17:30,61,23:00,22,1,,,0.0,false,14.8,233.29191177976054,false
1,39,17:30,62,23:15,23,1,,,0.0,false,14.8,233.77282741882536,false
1,39,17:30,63,23:30,24,1,,,0.0,false,14.8,234.25374305789018,false
1,39,17:30,64,23:45,25,1,,,0.0,false,14.8,234.61069954992578,false
1,39,17:30,65,00:00,26,1,,,0.0,false,14.8,235.0916151889906,false
1,39,17:30,66,00:15,27,1,,,0.0,false,14.8,235.57253082805542,false
1,39,17:30,67,00:30,28,1,,,0.0,false,14.8,236.05344646712024,false
1,39,17:30,68,00:45,29,1,,,0.0,false,14.8,236.53436210618506,false
1,39,17:30,69,01:00,30,1,,,0.0,false,14.8,237.01527774524988,false
1,39,17:30,70,01:15,31,1,,,0.0,false,14.8,237.4961933843147,false
1,39,17:30,71,01:30,32,1,,,0.0,false,14.8,237.9771090233795,false
1,39,17:30,72,01:45,33,1,,,0.0,false,14.8,238.45802466244433,false
1,39,17:30,73,02:00,34,1,,,0.0,false,14.8,238.93894030150915,false
1,39,17:30,74,02:15,35,1,,,0.0,false,14.8,239.41985594057397,false
1,39,17:30,75,02:30,36,1,,,0.0,false,14.8,239.90077157963879,false
1,39,17:30,76,02:45,37,1,,,0.0,false,14.8,240.3816872187036,false
1,39,17:30,77,03:00,38,1,,,0.0,false,14.8,240.86260285776842,false
1,39,17:30,78,03:15,39,1,,,0.0,false,14.8,241.34351849683324,false
1,39,17:30,79,03:30,40,1,,,0.0,false,14.8,241.82443413589806,false
1,39,17:30,80,03:45,41,1,,,0.0,false,14.8,242.30534977496288,false
1,39,17:30,81,04:00,42,1,,,0.0,false,14.8,242.7862654140277,false
1,39,17:30,82,04:15,43,1,,,0.0,false,14.8,243.26718105309251,false
1,39,17:30,83,04:30,44,1,,,0.0,false,14.8,243.74809669215733,false
1,39,17:30,84,04:45,45,1,,,0.0,false,14.8,244.22901233122215,false
1,39,17:30,85,05:00,46,1,,,0.0,false,14.8,244.70992797028697,false
1,39,17:30,86,05:15,47,1,,,0.0,false,14.8,245.1908436093518,false
1,39,17:30,87,05:30,48,1,,,0.0,false,14.8,245.6717592484166,false
1,39,17:30,88,05:45,49,1,,,0.0,false,14.8,246.15267488748142,false
1,39,17:30,89,06:00,50,1,,,0.0,false,14.8,246.63359052654624,false
1,39,17:30,90,06:15,51,1,,,0.0,false,14.8,247.11450616561106,false
1,39,17:30,91,06:30,52,1,,,0.0,false,14.8,247.59542180467588,false
1,39,17:30,92,06:45,53,1,,,0.0,false,14.8,248.0763374437407,false
1,39,17:30,93,07:00,54,1,,,0.0,false,14.8,248.55725308280552,false
1,39,17:30,94,07:15,55,1,,,0.0,false,14.8,249.03816872187033,false
1,39,17:30,95,07:30,56,1,,,0.0,false,14.8,249.51908436093515,false
1,39,17:30,96,07:45,57,1,,,0.0,false,14.8,250.0,false
1,40,17:45,40,17:45,0,1,,Charging,0.0,true,9.312748130193906,235.15453182574626,false
1,40,17:45,41,18:00,1,1,,Charging,0.0,true,11.212748130193905,233.04926866785152,false
1,40,17:45,42,18:15,2,1,,Charging,0.0,true,13.112748130193905,230.94400550995678,false
1,40,17:45,43,18:30,3,1,,Charging,0.0,true,14.8,229.0744743522769,false
1,40,17:45,44,18:45,4,1,,,0.0,false,14.8,229.0744743522769,false
1,40,17:45,45,19:00,5,1,,,0.0,false,14.8,229.0744743522769,false
1,40,17:45,46,19:15,6,1,,,0.0,false,14.8,229.0744743522769,false
1,40,17:45,47,19:30,7,1,,,0.0,false,14.8,229.0744743522769,false
1,40,17:45,48,19:45,8,1,,,0.0,false,14.8,229.0744743522769,false
1,40,17:45,49,20:00,9,1,,,0.0,false,14.8,229.0744743522769,false
1,40,17:45,50,20:15,10,1,,,0.0,false,14.8,229.0744743522769,false
1,40,17:45,51,20:30,11,1,,,0.0,false,14.8,229.0744743522769,false
1,40,17:45,52,20:45,12,1,,,0.0,false,14.8,229.0744743522769,false
1,40,17:45,53,21:00,13,1,,,0.0,false,14.8,229.5553899913417,false
1,40,17:45,54,21:15,14,1,,,0.0,false,14.8,230.03630563040653,false
1,40,17:45,55,21:30,15,1,,,0.0,false,14.8,230.51722126947135,false
1,40,17:45,56,21:45,16,1,,,0.0,false,14.8,230.99813690853617,false
1,40,17:45,57,22:00,17,1,,,0.0,false,14.8,231.479052547601,false
1,40,17:45,58,22:15,18,1,,,0.0,false,14.8,231.9599681866658,false
1,40,17:45,59,22:30,19,1,,,0.0,false,14.8,232.44088382573062,false
1,40,17:45,60,22:45,20,1,,,0.0,false,14.8,232.92179946479544,false
1,40,17:45,61,23:00,21,1,,,0.0,false,14.8,233.40271510386026,false
1,40,17:45,62,23:15,22,1,,,0.0,false,14.8,233.88363074292508,false
1,40,17:45,63,23:30,23,1,,,0.0,false,14.8,234.3645463819899,false
1,40,17:45,64,23:45,24,1,,,0.0,false,14.8,234.61069954992578,false
1,40,17:45,65,00:00,25,1,,,0.0,false,14.8,235.0916151889906,false
1,40,17:45,66,00:15,26,1,,,0.0,false,14.8,235.57253082805542,false
1,40,17:45,67,00:30,27,1,,,0.0,false,14.8,236.05344646712024,false
1,40,17:45,68,00:45,28,1,,,0.0,false,14.8,236.53436210618506,false
1,40,17:45,69,01:00,29,1,,,0.0,false,14.8,237.01527774524988,false
1,40,17:45,70,01:15,30,1,,,0.0,false,14.8,237.4961933843147,false
1,40,17:45,71,01:30,31,1,,,0.0,false,14.8,237.9771090233795,false
1,40,17:45,72,01:45,32,1,,,0.0,false,14.8,238.45802466244433,false
1,40,17:45,73,02:00,33,1,,,0.0,false,14.8,238.93894030150915,false
1,40,17:45,74,02:15,34,1,,,0.0,false,14.8,239.41985594057397,false
1,40,17:45,75,02:30,35,1,,,0.0,false,14.8,239.90077157963879,false
1,40,17:45,76,02:45,36,1,,,0.0,false,14.8,240.3816872187036,false
1,40,17:45,77,03:00,37,1,,,0.0,false,14.8,240.86260285776842,false
1,40,17:45,78,03:15,38,1,,,0.0,false,14.8,241.34351849683324,false
1,40,17:45,79,03:30,39,1,,,0.0,false,14.8,241.82443413589806,false
1,40,17:45,80,03:45,40,1,,,0.0,false,14.8,242.30534977496288,false
1,40,17:45,81,04:00,41,1,,,0.0,false,14.8,242.7862654140277,false
1,40,17:45,82,04:15,42,1,,,0.0,false,14.8,243.26718105309251,false
1,40,17:45,83,04:30,43,1,,,0.0,false,14.8,243.74809669215733,false
1,40,17:45,84,04:45,44,1,,,0.0,false,14.8,244.22901233122215,false
1,40,17:45,85,05:00,45,1,,,0.0,false,14.8,244.70992797028697,false
1,40,17:45,86,05:15,46,1,,,0.0,false,14.8,245.1908436093518,false
1,40,17:45,87,05:30,47,1,,,0.0,false,14.8,245.6717592484166,false
1,40,17:45,88,05:45,48,1,,,0.0,false,14.8,246.15267488748142,false
1,40,17:45,89,06:00,49,1,,,0.0,false,14.8,246.63359052654624,false
1,40,17:45,90,06:15,50,1,,,0.0,false,14.8,247.11450616561106,false
1,40,17:45,91,06:30,51,1,,,0.0,false,14.8,247.59542180467588,false
1,40,17:45,92,06:45,52,1,,,0.0,false,14.8,248.0763374437407,false
1,40,17:45,93,07:00,53,1,,,0.0,false,14.8,248.55725308280552,false
1,40,17:45,94,07:15,54,1,,,0.0,false,14.8,249.03816872187033,false
1,40,17:45,95,07:30,55,1,,,0.0,false,14.8,249.51908436093515,false
1,40,17:45,96,07:45,56,1,,,0.0,false,14.8,250.0,false
1,41,18:00,41,18:00,0,1,,Charging,0.0,true,11.000000000000002,233.3958039921661,false
1,41,18:00,42,18:15,1,1,,Charging,0.0,true,12.9,231.29054083427135,false
1,41,18:00,43,18:30,2,1,,Charging,0.0,true,14.8,229.18527767637661,false
1,41,18:00,44,18:45,3,1,,,0.0,false,14.8,229.18527767637661,false
1,41,18:00,45,19:00,4,1,,,0.0,false,14.8,229.18527767637661,false
1,41,18:00,46,19:15,5,1,,,0.0,false,14.8,229.18527767637661,false
1,41,18:00,47,19:30,6,1,,,0.0,false,14.8,229.18527767637661,false
1,41,18:00,48,19:45,7,1,,,0.0,false,14.8,229.18527767637661,false
1,41,18:00,49,20:00,8,1,,,0.0,false,14.8,229.18527767637661,false
1,41,18:00,50,20:15,9,1,,,0.0,false,14.8,229.18527767637661,false
1,41,18:00,51,20:30,10,1,,,0.0,false,14.8,229.18527767637661,false
1,41,18:00,52,20:45,11,1,,,0.0,false,14.8,229.18527767637661,false
1,41,18:00,53,21:00,12,1,,,0.0,false,14.8,229.66619331544143,false
1,41,18:00,54,21:15,13,1,,,0.0,false,14.8,230.14710895450625,false
1,41,18:00,55,21:30,14,1,,,0.0,false,14.8,230.62802459357107,false
1,41,18:00,56,21:45,15,1,,,0.0,false,14.8,231.1089402326359,false
1,41,18:00,57,22:00,16,1,,,0.0,false,14.8,231.5898558717007,false
1,41,18:00,58,22:15,17,1,,,0.0,false,14.8,232.07077151076552,false
1,41,18:00,59,22:30,18,1,,,0.0,false,14.8,232.55168714983034,false
1,41,18:00,60,22:45,19,1,,,0.0,false,14.8,233.03260278889516,false
1,41,18:00,61,23:00,20,1,,,0.0,false,14.8,233.51351842795998,false
1,41,18:00,62,23:15,21,1,,,0.0,false,14.8,233.9944340670248,false
1,41,18:00,63,23:30,22,1,,,0.0,false,14.8,234.47534970608962,false
1,41,18:00,64,23:45,23,1,,,0.0,false,14.8,234.61069954992578,false
1,41,18:00,65,00:00,24,1,,,0.0,false,14.8,235.0916151889906,false
1,41,18:00,66,00:15,25,1,,,0.0,false,14.8,235.57253082805542,false
1,41,18:00,67,00:30,26,1,,,0.0,false,14.8,236.05344646712024,false
1,41,18:00,68,00:45,27,1,,,0.0,false,14.8,236.53436210618506,false
1,41,18:00,69,01:00,28,1,,,0.0,false,14.8,237.01527774524988,false
1,41,18:00,70,01:15,29,1,,,0.0,false,14.8,237.4961933843147,false
1,41,18:00,71,01:30,30,1,,,0.0,false,14.8,237.9771090233795,false
1,41,18:00,72,01:45,31,1,,,0.0,false,14.8,238.45802466244433,false
1,41,18:00,73,02:00,32,1,,,0.0,false,14.8,238.93894030150915,false
1,41,18:00,74,02:15,33,1,,,0.0,false,14.8,239.41985594057397,false
1,41,18:00,75,02:30,34,1,,,0.0,false,14.8,239.90077157963879,false
1,41,18:00,76,02:45,35,1,,,0.0,false,14.8,240.3816872187036,false
1,41,18:00,77,03:00,36,1,,,0.0,false,14.8,240.86260285776842,false
1,41,18:00,78,03:15,37,1,,,0.0,false,14.8,241.34351849683324,false
1,41,18:00,79,03:30,38,1,,,0.0,false,14.8,241.82443413589806,false
1,41,18:00,80,03:45,39,1,,,0.0,false,14.8,242.30534977496288,false
1,41,18:00,81,04:00,40,1,,,0.0,false,14.8,242.7862654140277,false
1,41,18:00,82,04:15,41,1,,,0.0,false,14.8,243.26718105309251,false
1,41,18:00,83,04:30,42,1,,,0.0,false,14.8,243.74809669215733,false
1,41,18:00,84,04:45,43,1,,,0.0,false,14.8,244.22901233122215,false
1,41,18:00,85,05:00,44,1,,,0.0,false,14.8,244.70992797028697,false
1,41,18:00,86,05:15,45,1,,,0.0,false,14.8,245.1908436093518,false
1,41,18:00,87,05:30,46,1,,,0.0,false,14.8,245.6717592484166,false
1,41,18:00,88,05:45,47,1,,,0.0,false,14.8,246.15267488748142,false
1,41,18:00,89,06:00,48,1,,,0.0,false,14.8,246.63359052654624,false
1,41,18:00,90,06:15,49,1,,,0.0,false,14.8,247.11450616561106,false
1,41,18:00,91,06:30,50,1,,,0.0,false,14.8,247.59542180467588,false
1,41,18:00,92,06:45,51,1,,,0.0,false,14.8,248.0763374437407,false
1,41,18:00,93,07:00,52,1,,,0.0,false,14.8,248.55725308280552,false
1,41,18:00,94,07:15,53,1,,,0.0,false,14.8,249.03816872187033,false
1,41,18:00,95,07:30,54,1,,,0.0,false,14.8,249.51908436093515,false
1,41,18:00,96,07:45,55,1,,,0.0,false,14.8,250.0,false
1,42,18:15,42,18:15,0,1,,Charging,0.0,true,12.98353957209506,231.29054083427135,false
1,42,18:15,43,18:30,1,1,,Charging,0.0,true,14.8,229.27784229919664,false
1,42,18:15,44,18:45,2,1,,,0.0,false,14.8,229.27784229919664,false
1,42,18:15,45,19:00,3,1,,,0.0,false,14.8,229.27784229919664,false
1,42,18:15,46,19:15,4,1,,,0.0,false,14.8,229.27784229919664,false
1,42,18:15,47,19:30,5,1,,,0.0,false,14.8,229.27784229919664,false
1,42,18:15,48,19:45,6,1,,,0.0,false,14.8,229.27784229919664,false
1,42,18:15,49,20:00,7,1,,,0.0,false,14.8,229.27784229919664,false
1,42,18:15,50,20:15,8,1,,,0.0,false,14.8,229.27784229919664,false
1,42,18:15,51,20:30,9,1,,,0.0,false,14.8,229.27784229919664,false
1,42,18:15,52,20:45,10,1,,,0.0,false,14.8,229.27784229919664,false
1,42,18:15,53,21:00,11,1,,,0.0,false,14.8,229.75875793826145,false
1,42,18:15,54,21:15,12,1,,,0.0,false,14.8,230.23967357732627,false
1,42,18:15,55,21:30,13,1,,,0.0,false,14.8,230.7205892163911,false
1,42,18:15,56,21:45,14,1,,,0.0,false,14.8,231.2015048554559,false
1,42,18:15,57,22:00,15,1,,,0.0,false,14.8,231.68242049452073,false
1,42,18:15,58,22:15,16,1,,,0.0,false,14.8,232.16333613358555,false
1,42,18:15,59,22:30,17,1,,,0.0,false,14.8,232.64425177265036,false
1,42,18:15,60,22:45,18,1,,,0.0,false,14.8,233.12516741171518,false
1,42,18:15,61,23:00,19,1,,,0.0,false,14.8,233.60608305078,false
1,42,18:15,62,23:15,20,1,,,0.0,false,14.8,234.08699868984482,false
1,42,18:15,63,23:30,21,1,,,0.0,false,14.8,234.56791432890964,false
1,42,18:15,64,23:45,22,1,,,0.0,false,14.8,234.61069954992578,false
1,42,18:15,65,00:00,23,1,,,0.0,false,14.8,235.0916151889906,false
1,42,18:15,66,00:15,24,1,,,0.0,false,14.8,235.57253082805542,false
1,42,18:15,67,00:30,25,1,,,0.0,false,14.8,236.05344646712024,false
1,42,18:15,68,00:45,26,1,,,0.0,false,14.8,236.53436210618506,false
1,42,18:15,69,01:00,27,1,,,0.0,false,14.8,237.01527774524988,false
1,42,18:15,70,01:15,28,1,,,0.0,false,14.8,237.4961933843147,false
1,42,18:15,71,01:30,29,1,,,0.0,false,14.8,237.9771090233795,false
1,42,18:15,72,01:45,30,1,,,0.0,false,14.8,238.45802466244433,false
1,42,18:15,73,02:00,31,1,,,0.0,false,14.8,238.93894030150915,false
1,42,18:15,74,02:15,32,1,,,0.0,false,14.8,239.41985594057397,false
1,42,18:15,75,02:30,33,1,,,0.0,false,14.8,239.90077157963879,false
1,42,18:15,76,02:45,34,1,,,0.0,false,14.8,240.3816872187036,false
1,42,18:15,77,03:00,35,1,,,0.0,false,14.8,240.86260285776842,false
1,42,18:15,78,03:15,36,1,,,0.0,false,14.8,241.34351849683324,false
1,42,18:15,79,03:30,37,1,,,0.0,false,14.8,241.82443413589806,false
1,42,18:15,80,03:45,38,1,,,0.0,false,14.8,242.30534977496288,false
1,42,18:15,81,04:00,39,1,,,0.0,false,14.8,242.7862654140277,false
1,42,18:15,82,04:15,40,1,,,0.0,false,14.8,243.26718105309251,false
1,42,18:15,83,04:30,41,1,,,0.0,false,14.8,243.74809669215733,false
1,42,18:15,84,04:45,42,1,,,0.0,false,14.8,244.22901233122215,false
1,42,18:15,85,05:00,43,1,,,0.0,false,14.8,244.70992797028697,false
1,42,18:15,86,05:15,44,1,,,0.0,false,14.8,245.1908436093518,false
1,42,18:15,87,05:30,45,1,,,0.0,false,14.8,245.6717592484166,false
1,42,18:15,88,05:45,46,1,,,0.0,false,14.8,246.15267488748142,false
1,42,18:15,89,06:00,47,1,,,0.0,false,14.8,246.63359052654624,false
1,42,18:15,90,06:15,48,1,,,0.0,false,14.8,247.11450616561106,false
1,42,18:15,91,06:30,49,1,,,0.0,false,14.8,247.59542180467588,false
1,42,18:15,92,06:45,50,1,,,0.0,false,14.8,248.0763374437407,false
1,42,18:15,93,07:00,51,1,,,0.0,false,14.8,248.55725308280552,false
1,42,18:15,94,07:15,52,1,,,0.0,false,14.8,249.03816872187033,false
1,42,18:15,95,07:30,53,1,,,0.0,false,14.8,249.51908436093515,false
1,42,18:15,96,07:45,54,1,,,0.0,false,14.8,250.0,false
1,43,18:30,43,18:30,0,1,,Charging,0.0,true,14.8,229.38864562329636,false
1,43,18:30,44,18:45,1,1,,,0.0,false,14.8,229.38864562329636,false
1,43,18:30,45,19:00,2,1,,,0.0,false,14.8,229.38864562329636,false
1,43,18:30,46,19:15,3,1,,,0.0,false,14.8,229.38864562329636,false
1,43,18:30,47,19:30,4,1,,,0.0,false,14.8,229.38864562329636,false
1,43,18:30,48,19:45,5,1,,,0.0,false,14.8,229.38864562329636,false
1,43,18:30,49,20:00,6,1,,,0.0,false,14.8,229.38864562329636,false
1,43,18:30,50,20:15,7,1,,,0.0,false,14.8,229.38864562329636,false
1,43,18:30,51,20:30,8,1,,,0.0,false,14.8,229.38864562329636,false
1,43,18:30,52,20:45,9,1,,,0.0,false,14.8,229.38864562329636,false
1,43,18:30,53,21:00,10,1,,,0.0,false,14.8,229.86956126236117,false
1,43,18:30,54,21:15,11,1,,,0.0,false,14.8,230.350476901426,false
1,43,18:30,55,21:30,12,1,,,0.0,false,14.8,230.8313925404908,false
1,43,18:30,56,21:45,13,1,,,0.0,false,14.8,231.31230817955563,false
1,43,18:30,57,22:00,14,1,,,0.0,false,14.8,231.79322381862045,false
1,43,18:30,58,22:15,15,1,,,0.0,false,14.8,232.27413945768527,false
1,43,18:30,59,22:30,16,1,,,0.0,false,14.8,232.75505509675008,false
1,43,18:30,60,22:45,17,1,,,0.0,false,14.8,233.2359707358149,false
1,43,18:30,61,23:00,18,1,,,0.0,false,14.8,233.64886827179615,false
1,43,18:30,62,23:15,19,1,,,0.0,false,14.8,234.12978391086097,false
1,43,18:30,63,23:30,20,1,,,0.0,false,14.8,234.61069954992578,false
1,43,18:30,64,23:45,21,1,,,0.0,false,14.8,234.61069954992578,false
1,43,18:30,65,00:00,22,1,,,0.0,false,14.8,235.0916151889906,false
1,43,18:30,66,00:15,23,1,,,0.0,false,14.8,235.57253082805542,false
1,43,18:30,67,00:30,24,1,,,0.0,false,14.8,236.05344646712024,false
1,43,18:30,68,00:45,25,1,,,0.0,false,14.8,236.53436210618506,false
1,43,18:30,69,01:00,26,1,,,0.0,false,14.8,237.01527774524988,false
1,43,18:30,70,01:15,27,1,,,0.0,false,14.8,237.4961933843147,false
1,43,18:30,71,01:30,28,1,,,0.0,false,14.8,237.9771090233795,false
1,43,18:30,72,01:45,29,1,,,0.0,false,14.8,238.45802466244433,false
1,43,18:30,73,02:00,30,1,,,0.0,false,14.8,238.93894030150915,false
1,43,18:30,74,02:15,31,1,,,0.0,false,14.8,239.41985594057397,false
1,43,18:30,75,02:30,32,1,,,0.0,false,14.8,239.90077157963879,false
1,43,18:30,76,02:45,33,1,,,0.0,false,14.8,240.3816872187036,false
1,43,18:30,77,03:00,34,1,,,0.0,false,14.8,240.86260285776842,false
1,43,18:30,78,03:15,35,1,,,0.0,false,14.8,241.34351849683324,false
1,43,18:30,79,03:30,36,1,,,0.0,false,14.8,241.82443413589806,false
1,43,18:30,80,03:45,37,1,,,0.0,false,14.8,242.30534977496288,false
1,43,18:30,81,04:00,38,1,,,0.0,false,14.8,242.7862654140277,false
1,43,18:30,82,04:15,39,1,,,0.0,false,14.8,243.26718105309251,false
1,43,18:30,83,04:30,40,1,,,0.0,false,14.8,243.74809669215733,false
1,43,18:30,84,04:45,41,1,,,0.0,false,14.8,244.22901233122215,false
1,43,18:30,85,05:00,42,1,,,0.0,false,14.8,244.70992797028697,false
1,43,18:30,86,05:15,43,1,,,0.0,false,14.8,245.1908436093518,false
1,43,18:30,87,05:30,44,1,,,0.0,false,14.8,245.6717592484166,false
1,43,18:30,88,05:45,45,1,,,0.0,false,14.8,246.15267488748142,false
1,43,18:30,89,06:00,46,1,,,0.0,false,14.8,246.63359052654624,false
1,43,18:30,90,06:15,47,1,,,0.0,false,14.8,247.11450616561106,false
1,43,18:30,91,06:30,48,1,,,0.0,false,14.8,247.59542180467588,false
1,43,18:30,92,06:45,49,1,,,0.0,false,14.8,248.0763374437407,false
1,43,18:30,93,07:00,50,1,,,0.0,false,14.8,248.55725308280552,false
1,43,18:30,94,07:15,51,1,,,0.0,false,14.8,249.03816872187033,false
1,43,18:30,95,07:30,52,1,,,0.0,false,14.8,249.51908436093515,false
1,43,18:30,96,07:45,53,1,,,0.0,false,14.8,250.0,false
1,44,18:45,44,18:45,0,1,,,0.0,false,14.8,229.38864562329636,false
1,44,18:45,45,19:00,1,1,,,0.0,false,14.8,229.38864562329636,false
1,44,18:45,46,19:15,2,1,,,0.0,false,14.8,229.38864562329636,false
1,44,18:45,47,19:30,3,1,,,0.0,false,14.8,229.38864562329636,false
1,44,18:45,48,19:45,4,1,,,0.0,false,14.8,229.38864562329636,false
1,44,18:45,49,20:00,5,1,,,0.0,false,14.8,229.38864562329636,false
1,44,18:45,50,20:15,6,1,,,0.0,false,14.8,229.38864562329636,false
1,44,18:45,51,20:30,7,1,,,0.0,false,14.8,229.38864562329636,false
1,44,18:45,52,20:45,8,1,,,0.0,false,14.8,229.38864562329636,false
1,44,18:45,53,21:00,9,1,,,0.0,false,14.8,229.86956126236117,false
1,44,18:45,54,21:15,10,1,,,0.0,false,14.8,230.350476901426,false
1,44,18:45,55,21:30,11,1,,,0.0,false,14.8,230.8313925404908,false
1,44,18:45,56,21:45,12,1,,,0.0,false,14.8,231.31230817955563,false
1,44,18:45,57,22:00,13,1,,,0.0,false,14.8,231.79322381862045,false
1,44,18:45,58,22:15,14,1,,,0.0,false,14.8,232.27413945768527,false
1,44,18:45,59,22:30,15,1,,,0.0,false,14.8,232.75505509675008,false
1,44,18:45,60,22:45,16,1,,,0.0,false,14.8,233.2359707358149,false
1,44,18:45,61,23:00,17,1,,,0.0,false,14.8,233.64886827179618,false
1,44,18:45,62,23:15,18,1,,,0.0,false,14.8,234.129783910861,false
1,44,18:45,63,23:30,19,1,,,0.0,false,14.8,234.6106995499258,false
1,44,18:45,64,23:45,20,1,,,0.0,false,14.8,234.6106995499258,false
1,44,18:45,65,00:00,21,1,,,0.0,false,14.8,235.09161518899063,false
1,44,18:45,66,00:15,22,1,,,0.0,false,14.8,235.57253082805545,false
1,44,18:45,67,00:30,23,1,,,0.0,false,14.8,236.05344646712027,false
1,44,18:45,68,00:45,24,1,,,0.0,false,14.8,236.53436210618509,false
1,44,18:45,69,01:00,25,1,,,0.0,false,14.8,237.0152777452499,false
1,44,18:45,70,01:15,26,1,,,0.0,false,14.8,237.49619338431472,false
1,44,18:45,71,01:30,27,1,,,0.0,false,14.8,237.97710902337954,false
1,44,18:45,72,01:45,28,1,,,0.0,false,14.8,238.45802466244436,false
1,44,18:45,73,02:00,29,1,,,0.0,false,14.8,238.93894030150918,false
1,44,18:45,74,02:15,30,1,,,0.0,false,14.8,239.419855940574,false
1,44,18:45,75,02:30,31,1,,,0.0,false,14.8,239.9007715796388,false
1,44,18:45,76,02:45,32,1,,,0.0,false,14.8,240.38168721870363,false
1,44,18:45,77,03:00,33,1,,,0.0,false,14.8,240.86260285776845,false
1,44,18:45,78,03:15,34,1,,,0.0,false,14.8,241.34351849683327,false
1,44,18:45,79,03:30,35,1,,,0.0,false,14.8,241.8244341358981,false
1,44,18:45,80,03:45,36,1,,,0.0,false,14.8,242.3053497749629,false
1,44,18:45,81,04:00,37,1,,,0.0,false,14.8,242.78626541402772,false
1,44,18:45,82,04:15,38,1,,,0.0,false,14.8,243.26718105309254,false
1,44,18:45,83,04:30,39,1,,,0.0,false,14.8,243.74809669215736,false
1,44,18:45,84,04:45,40,1,,,0.0,false,14.8,244.22901233122218,false
1,44,18:45,85,05:00,41,1,,,0.0,false,14.8,244.709927970287,false
1,44,18:45,86,05:15,42,1,,,0.0,false,14.8,245.19084360935182,false
1,44,18:45,87,05:30,43,1,,,0.0,false,14.8,245.67175924841663,false
1,44,18:45,88,05:45,44,1,,,0.0,false,14.8,246.15267488748145,false
1,44,18:45,89,06:00,45,1,,,0.0,false,14.8,246.63359052654627,false
1,44,18:45,90,06:15,46,1,,,0.0,false,14.8,247.1145061656111,false
1,44,18:45,91,06:30,47,1,,,0.0,false,14.8,247.5954218046759,false
1,44,18:45,92,06:45,48,1,,,0.0,false,14.8,248.07633744374073,false
1,44,18:45,93,07:00,49,1,,,0.0,false,14.8,248.55725308280554,false
1,44,18:45,94,07:15,50,1,,,0.0,false,14.8,249.03816872187036,false
1,44,18:45,95,07:30,51,1,,,0.0,false,14.8,249.51908436093518,false
1,44,18:45,96,07:45,52,1,,,0.0,false,14.8,250.0,false
1,45,19:00,45,19:00,0,1,,,0.0,false,14.8,229.38864562329636,false
1,45,19:00,46,19:15,1,1,,,0.0,false,14.8,229.38864562329636,false
1,45,19:00,47,19:30,2,1,,,0.0,false,14.8,229.38864562329636,false
1,45,19:00,48,19:45,3,1,,,0.0,false,14.8,229.38864562329636,false
1,45,19:00,49,20:00,4,1,,,0.0,false,14.8,229.38864562329636,false
1,45,19:00,50,20:15,5,1,,,0.0,false,14.8,229.38864562329636,false
1,45,19:00,51,20:30,6,1,,,0.0,false,14.8,229.38864562329636,false
1,45,19:00,52,20:45,7,1,,,0.0,false,14.8,229.38864562329636,false
1,45,19:00,53,21:00,8,1,,,0.0,false,14.8,229.86956126236117,false
1,45,19:00,54,21:15,9,1,,,0.0,false,14.8,230.350476901426,false
1,45,19:00,55,21:30,10,1,,,0.0,false,14.8,230.8313925404908,false
1,45,19:00,56,21:45,11,1,,,0.0,false,14.8,231.31230817955563,false
1,45,19:00,57,22:00,12,1,,,0.0,false,14.8,231.79322381862045,false
1,45,19:00,58,22:15,13,1,,,0.0,false,14.8,232.27413945768527,false
1,45,19:00,59,22:30,14,1,,,0.0,false,14.8,232.75505509675008,false
1,45,19:00,60,22:45,15,1,,,0.0,false,14.8,233.2359707358149,false
1,45,19:00,61,23:00,16,1,,,0.0,false,14.8,233.64886827179618,false
1,45,19:00,62,23:15,17,1,,,0.0,false,14.8,234.129783910861,false
1,45,19:00,63,23:30,18,1,,,0.0,false,14.8,234.6106995499258,false
1,45,19:00,64,23:45,19,1,,,0.0,false,14.8,234.6106995499258,false
1,45,19:00,65,00:00,20,1,,,0.0,false,14.8,235.09161518899063,false
1,45,19:00,66,00:15,21,1,,,0.0,false,14.8,235.57253082805545,false
1,45,19:00,67,00:30,22,1,,,0.0,false,14.8,236.05344646712027,false
1,45,19:00,68,00:45,23,1,,,0.0,false,14.8,236.53436210618509,false
1,45,19:00,69,01:00,24,1,,,0.0,false,14.8,237.0152777452499,false
1,45,19:00,70,01:15,25,1,,,0.0,false,14.8,237.49619338431472,false
1,45,19:00,71,01:30,26,1,,,0.0,false,14.8,237.97710902337954,false
1,45,19:00,72,01:45,27,1,,,0.0,false,14.8,238.45802466244436,false
1,45,19:00,73,02:00,28,1,,,0.0,false,14.8,238.93894030150918,false
1,45,19:00,74,02:15,29,1,,,0.0,false,14.8,239.419855940574,false
1,45,19:00,75,02:30,30,1,,,0.0,false,14.8,239.9007715796388,false
1,45,19:00,76,02:45,31,1,,,0.0,false,14.8,240.38168721870363,false
1,45,19:00,77,03:00,32,1,,,0.0,false,14.8,240.86260285776845,false
1,45,19:00,78,03:15,33,1,,,0.0,false,14.8,241.34351849683327,false
1,45,19:00,79,03:30,34,1,,,0.0,false,14.8,241.8244341358981,false
1,45,19:00,80,03:45,35,1,,,0.0,false,14.8,242.3053497749629,false
1,45,19:00,81,04:00,36,1,,,0.0,false,14.8,242.78626541402772,false
1,45,19:00,82,04:15,37,1,,,0.0,false,14.8,243.26718105309254,false
1,45,19:00,83,04:30,38,1,,,0.0,false,14.8,243.74809669215736,false
1,45,19:00,84,04:45,39,1,,,0.0,false,14.8,244.22901233122218,false
1,45,19:00,85,05:00,40,1,,,0.0,false,14.8,244.709927970287,false
1,45,19:00,86,05:15,41,1,,,0.0,false,14.8,245.19084360935182,false
1,45,19:00,87,05:30,42,1,,,0.0,false,14.8,245.67175924841663,false
1,45,19:00,88,05:45,43,1,,,0.0,false,14.8,246.15267488748145,false
1,45,19:00,89,06:00,44,1,,,0.0,false,14.8,246.63359052654627,false
1,45,19:00,90,06:15,45,1,,,0.0,false,14.8,247.1145061656111,false
1,45,19:00,91,06:30,46,1,,,0.0,false,14.8,247.5954218046759,false
1,45,19:00,92,06:45,47,1,,,0.0,false,14.8,248.07633744374073,false
1,45,19:00,93,07:00,48,1,,,0.0,false,14.8,248.55725308280554,false
1,45,19:00,94,07:15,49,1,,,0.0,false,14.8,249.03816872187036,false
1,45,19:00,95,07:30,50,1,,,0.0,false,14.8,249.51908436093518,false
1,45,19:00,96,07:45,51,1,,,0.0,false,14.8,250.0,false
1,46,19:15,46,19:15,0,1,,,0.0,false,14.8,229.38864562329636,false
1,46,19:15,47,19:30,1,1,,,0.0,false,14.8,229.38864562329636,false
1,46,19:15,48,19:45,2,1,,,0.0,false,14.8,229.38864562329636,false
1,46,19:15,49,20:00,3,1,,,0.0,false,14.8,229.38864562329636,false
1,46,19:15,50,20:15,4,1,,,0.0,false,14.8,229.38864562329636,false
1,46,19:15,51,20:30,5,1,,,0.0,false,14.8,229.38864562329636,false
1,46,19:15,52,20:45,6,1,,,0.0,false,14.8,229.38864562329636,false
1,46,19:15,53,21:00,7,1,,,0.0,false,14.8,229.86956126236117,false
1,46,19:15,54,21:15,8,1,,,0.0,false,14.8,230.350476901426,false
1,46,19:15,55,21:30,9,1,,,0.0,false,14.8,230.8313925404908,false
1,46,19:15,56,21:45,10,1,,,0.0,false,14.8,231.31230817955563,false
1,46,19:15,57,22:00,11,1,,,0.0,false,14.8,231.79322381862045,false
1,46,19:15,58,22:15,12,1,,,0.0,false,14.8,232.27413945768527,false
1,46,19:15,59,22:30,13,1,,,0.0,false,14.8,232.75505509675008,false
1,46,19:15,60,22:45,14,1,,,0.0,false,14.8,233.2359707358149,false
1,46,19:15,61,23:00,15,1,,,0.0,false,14.8,233.64886827179618,false
1,46,19:15,62,23:15,16,1,,,0.0,false,14.8,234.129783910861,false
1,46,19:15,63,23:30,17,1,,,0.0,false,14.8,234.6106995499258,false
1,46,19:15,64,23:45,18,1,,,0.0,false,14.8,234.6106995499258,false
1,46,19:15,65,00:00,19,1,,,0.0,false,14.8,235.09161518899063,false
1,46,19:15,66,00:15,20,1,,,0.0,false,14.8,235.57253082805545,false
1,46,19:15,67,00:30,21,1,,,0.0,false,14.8,236.05344646712027,false
1,46,19:15,68,00:45,22,1,,,0.0,false,14.8,236.53436210618509,false
1,46,19:15,69,01:00,23,1,,,0.0,false,14.8,237.0152777452499,false
1,46,19:15,70,01:15,24,1,,,0.0,false,14.8,237.49619338431472,false
1,46,19:15,71,01:30,25,1,,,0.0,false,14.8,237.97710902337954,false
1,46,19:15,72,01:45,26,1,,,0.0,false,14.8,238.45802466244436,false
1,46,19:15,73,02:00,27,1,,,0.0,false,14.8,238.93894030150918,false
1,46,19:15,74,02:15,28,1,,,0.0,false,14.8,239.419855940574,false
1,46,19:15,75,02:30,29,1,,,0.0,false,14.8,239.9007715796388,false
1,46,19:15,76,02:45,30,1,,,0.0,false,14.8,240.38168721870363,false
1,46,19:15,77,03:00,31,1,,,0.0,false,14.8,240.86260285776845,false
1,46,19:15,78,03:15,32,1,,,0.0,false,14.8,241.34351849683327,false
1,46,19:15,79,03:30,33,1,,,0.0,false,14.8,241.8244341358981,false
1,46,19:15,80,03:45,34,1,,,0.0,false,14.8,242.3053497749629,false
1,46,19:15,81,04:00,35,1,,,0.0,false,14.8,242.78626541402772,false
1,46,19:15,82,04:15,36,1,,,0.0,false,14.8,243.26718105309254,false
1,46,19:15,83,04:30,37,1,,,0.0,false,14.8,243.74809669215736,false
1,46,19:15,84,04:45,38,1,,,0.0,false,14.8,244.22901233122218,false
1,46,19:15,85,05:00,39,1,,,0.0,false,14.8,244.709927970287,false
1,46,19:15,86,05:15,40,1,,,0.0,false,14.8,245.19084360935182,false
1,46,19:15,87,05:30,41,1,,,0.0,false,14.8,245.67175924841663,false
1,46,19:15,88,05:45,42,1,,,0.0,false,14.8,246.15267488748145,false
1,46,19:15,89,06:00,43,1,,,0.0,false,14.8,246.63359052654627,false
1,46,19:15,90,06:15,44,1,,,0.0,false,14.8,247.1145061656111,false
1,46,19:15,91,06:30,45,1,,,0.0,false,14.8,247.5954218046759,false
1,46,19:15,92,06:45,46,1,,,0.0,false,14.8,248.07633744374073,false
1,46,19:15,93,07:00,47,1,,,0.0,false,14.8,248.55725308280554,false
1,46,19:15,94,07:15,48,1,,,0.0,false,14.8,249.03816872187036,false
1,46,19:15,95,07:30,49,1,,,0.0,false,14.8,249.51908436093518,false
1,46,19:15,96,07:45,50,1,,,0.0,false,14.8,250.0,false
1,47,19:30,47,19:30,0,1,,,0.0,false,14.8,229.38864562329636,false
1,47,19:30,48,19:45,1,1,,,0.0,false,14.8,229.38864562329636,false
1,47,19:30,49,20:00,2,1,,,0.0,false,14.8,229.38864562329636,false
1,47,19:30,50,20:15,3,1,,,0.0,false,14.8,229.38864562329636,false
1,47,19:30,51,20:30,4,1,,,0.0,false,14.8,229.38864562329636,false
1,47,19:30,52,20:45,5,1,,,0.0,false,14.8,229.38864562329636,false
1,47,19:30,53,21:00,6,1,,,0.0,false,14.8,229.86956126236117,false
1,47,19:30,54,21:15,7,1,,,0.0,false,14.8,230.350476901426,false
1,47,19:30,55,21:30,8,1,,,0.0,false,14.8,230.8313925404908,false
1,47,19:30,56,21:45,9,1,,,0.0,false,14.8,231.31230817955563,false
1,47,19:30,57,22:00,10,1,,,0.0,false,14.8,231.79322381862045,false
1,47,19:30,58,22:15,11,1,,,0.0,false,14.8,232.27413945768527,false
1,47,19:30,59,22:30,12,1,,,0.0,false,14.8,232.75505509675008,false
1,47,19:30,60,22:45,13,1,,,0.0,false,14.8,233.2359707358149,false
1,47,19:30,61,23:00,14,1,,,0.0,false,14.8,233.64886827179618,false
1,47,19:30,62,23:15,15,1,,,0.0,false,14.8,234.129783910861,false
1,47,19:30,63,23:30,16,1,,,0.0,false,14.8,234.6106995499258,false
1,47,19:30,64,23:45,17,1,,,0.0,false,14.8,234.6106995499258,false
1,47,19:30,65,00:00,18,1,,,0.0,false,14.8,235.09161518899063,false
1,47,19:30,66,00:15,19,1,,,0.0,false,14.8,235.57253082805545,false
1,47,19:30,67,00:30,20,1,,,0.0,false,14.8,236.05344646712027,false
1,47,19:30,68,00:45,21,1,,,0.0,false,14.8,236.53436210618509,false
1,47,19:30,69,01:00,22,1,,,0.0,false,14.8,237.0152777452499,false
1,47,19:30,70,01:15,23,1,,,0.0,false,14.8,237.49619338431472,false
1,47,19:30,71,01:30,24,1,,,0.0,false,14.8,237.97710902337954,false
1,47,19:30,72,01:45,25,1,,,0.0,false,14.8,238.45802466244436,false
1,47,19:30,73,02:00,26,1,,,0.0,false,14.8,238.93894030150918,false
1,47,19:30,74,02:15,27,1,,,0.0,false,14.8,239.419855940574,false
1,47,19:30,75,02:30,28,1,,,0.0,false,14.8,239.9007715796388,false
1,47,19:30,76,02:45,29,1,,,0.0,false,14.8,240.38168721870363,false
1,47,19:30,77,03:00,30,1,,,0.0,false,14.8,240.86260285776845,false
1,47,19:30,78,03:15,31,1,,,0.0,false,14.8,241.34351849683327,false
1,47,19:30,79,03:30,32,1,,,0.0,false,14.8,241.8244341358981,false
1,47,19:30,80,03:45,33,1,,,0.0,false,14.8,242.3053497749629,false
1,47,19:30,81,04:00,34,1,,,0.0,false,14.8,242.78626541402772,false
1,47,19:30,82,04:15,35,1,,,0.0,false,14.8,243.26718105309254,false
1,47,19:30,83,04:30,36,1,,,0.0,false,14.8,243.74809669215736,false
1,47,19:30,84,04:45,37,1,,,0.0,false,14.8,244.22901233122218,false
1,47,19:30,85,05:00,38,1,,,0.0,false,14.8,244.709927970287,false
1,47,19:30,86,05:15,39,1,,,0.0,false,14.8,245.19084360935182,false
1,47,19:30,87,05:30,40,1,,,0.0,false,14.8,245.67175924841663,false
1,47,19:30,88,05:45,41,1,,,0.0,false,14.8,246.15267488748145,false
1,47,19:30,89,06:00,42,1,,,0.0,false,14.8,246.63359052654627,false
1,47,19:30,90,06:15,43,1,,,0.0,false,14.8,247.1145061656111,false
1,47,19:30,91,06:30,44,1,,,0.0,false,14.8,247.5954218046759,false
1,47,19:30,92,06:45,45,1,,,0.0,false,14.8,248.07633744374073,false
1,47,19:30,93,07:00,46,1,,,0.0,false,14.8,248.55725308280554,false
1,47,19:30,94,07:15,47,1,,,0.0,false,14.8,249.03816872187036,false
1,47,19:30,95,07:30,48,1,,,0.0,false,14.8,249.51908436093518,false
1,47,19:30,96,07:45,49,1,,,0.0,false,14.8,250.0,false
1,48,19:45,48,19:45,0,1,,,0.0,false,14.8,229.38864562329636,false
1,48,19:45,49,20:00,1,1,,,0.0,false,14.8,229.38864562329636,false
1,48,19:45,50,20:15,2,1,,,0.0,false,14.8,229.38864562329636,false
1,48,19:45,51,20:30,3,1,,,0.0,false,14.8,229.38864562329636,false
1,48,19:45,52,20:45,4,1,,,0.0,false,14.8,229.38864562329636,false
1,48,19:45,53,21:00,5,1,,,0.0,false,14.8,229.86956126236117,false
1,48,19:45,54,21:15,6,1,,,0.0,false,14.8,230.350476901426,false
1,48,19:45,55,21:30,7,1,,,0.0,false,14.8,230.8313925404908,false
1,48,19:45,56,21:45,8,1,,,0.0,false,14.8,231.31230817955563,false
1,48,19:45,57,22:00,9,1,,,0.0,false,14.8,231.79322381862045,false
1,48,19:45,58,22:15,10,1,,,0.0,false,14.8,232.27413945768527,false
1,48,19:45,59,22:30,11,1,,,0.0,false,14.8,232.75505509675008,false
1,48,19:45,60,22:45,12,1,,,0.0,false,14.8,233.2359707358149,false
1,48,19:45,61,23:00,13,1,,,0.0,false,14.8,233.64886827179618,false
1,48,19:45,62,23:15,14,1,,,0.0,false,14.8,234.129783910861,false
1,48,19:45,63,23:30,15,1,,,0.0,false,14.8,234.6106995499258,false
1,48,19:45,64,23:45,16,1,,,0.0,false,14.8,234.6106995499258,false
1,48,19:45,65,00:00,17,1,,,0.0,false,14.8,235.09161518899063,false
1,48,19:45,66,00:15,18,1,,,0.0,false,14.8,235.57253082805545,false
1,48,19:45,67,00:30,19,1,,,0.0,false,14.8,236.05344646712027,false
1,48,19:45,68,00:45,20,1,,,0.0,false,14.8,236.53436210618509,false
1,48,19:45,69,01:00,21,1,,,0.0,false,14.8,237.0152777452499,false
1,48,19:45,70,01:15,22,1,,,0.0,false,14.8,237.49619338431472,false
1,48,19:45,71,01:30,23,1,,,0.0,false,14.8,237.97710902337954,false
1,48,19:45,72,01:45,24,1,,,0.0,false,14.8,238.45802466244436,false
1,48,19:45,73,02:00,25,1,,,0.0,false,14.8,238.93894030150918,false
1,48,19:45,74,02:15,26,1,,,0.0,false,14.8,239.419855940574,false
1,48,19:45,75,02:30,27,1,,,0.0,false,14.8,239.9007715796388,false
1,48,19:45,76,02:45,28,1,,,0.0,false,14.8,240.38168721870363,false
1,48,19:45,77,03:00,29,1,,,0.0,false,14.8,240.86260285776845,false
1,48,19:45,78,03:15,30,1,,,0.0,false,14.8,241.34351849683327,false
1,48,19:45,79,03:30,31,1,,,0.0,false,14.8,241.8244341358981,false
1,48,19:45,80,03:45,32,1,,,0.0,false,14.8,242.3053497749629,false
1,48,19:45,81,04:00,33,1,,,0.0,false,14.8,242.78626541402772,false
1,48,19:45,82,04:15,34,1,,,0.0,false,14.8,243.26718105309254,false
1,48,19:45,83,04:30,35,1,,,0.0,false,14.8,243.74809669215736,false
1,48,19:45,84,04:45,36,1,,,0.0,false,14.8,244.22901233122218,false
1,48,19:45,85,05:00,37,1,,,0.0,false,14.8,244.709927970287,false
1,48,19:45,86,05:15,38,1,,,0.0,false,14.8,245.19084360935182,false
1,48,19:45,87,05:30,39,1,,,0.0,false,14.8,245.67175924841663,false
1,48,19:45,88,05:45,40,1,,,0.0,false,14.8,246.15267488748145,false
1,48,19:45,89,06:00,41,1,,,0.0,false,14.8,246.63359052654627,false
1,48,19:45,90,06:15,42,1,,,0.0,false,14.8,247.1145061656111,false
1,48,19:45,91,06:30,43,1,,,0.0,false,14.8,247.5954218046759,false
1,48,19:45,92,06:45,44,1,,,0.0,false,14.8,248.07633744374073,false
1,48,19:45,93,07:00,45,1,,,0.0,false,14.8,248.55725308280554,false
1,48,19:45,94,07:15,46,1,,,0.0,false,14.8,249.03816872187036,false
1,48,19:45,95,07:30,47,1,,,0.0,false,14.8,249.51908436093518,false
1,48,19:45,96,07:45,48,1,,,0.0,false,14.8,250.0,false
1,49,20:00,49,20:00,0,1,,,0.0,false,14.8,229.38864562329636,false
1,49,20:00,50,20:15,1,1,,,0.0,false,14.8,229.38864562329636,false
1,49,20:00,51,20:30,2,1,,,0.0,false,14.8,229.38864562329636,false
1,49,20:00,52,20:45,3,1,,,0.0,false,14.8,229.38864562329636,false
1,49,20:00,53,21:00,4,1,,,0.0,false,14.8,229.86956126236117,false
1,49,20:00,54,21:15,5,1,,,0.0,false,14.8,230.350476901426,false
1,49,20:00,55,21:30,6,1,,,0.0,false,14.8,230.8313925404908,false
1,49,20:00,56,21:45,7,1,,,0.0,false,14.8,231.31230817955563,false
1,49,20:00,57,22:00,8,1,,,0.0,false,14.8,231.79322381862045,false
1,49,20:00,58,22:15,9,1,,,0.0,false,14.8,232.27413945768527,false
1,49,20:00,59,22:30,10,1,,,0.0,false,14.8,232.75505509675008,false
1,49,20:00,60,22:45,11,1,,,0.0,false,14.8,233.2359707358149,false
1,49,20:00,61,23:00,12,1,,,0.0,false,14.8,233.64886827179618,false
1,49,20:00,62,23:15,13,1,,,0.0,false,14.8,234.129783910861,false
1,49,20:00,63,23:30,14,1,,,0.0,false,14.8,234.6106995499258,false
1,49,20:00,64,23:45,15,1,,,0.0,false,14.8,234.6106995499258,false
1,49,20:00,65,00:00,16,1,,,0.0,false,14.8,235.09161518899063,false
1,49,20:00,66,00:15,17,1,,,0.0,false,14.8,235.57253082805545,false
1,49,20:00,67,00:30,18,1,,,0.0,false,14.8,236.05344646712027,false
1,49,20:00,68,00:45,19,1,,,0.0,false,14.8,236.53436210618509,false
1,49,20:00,69,01:00,20,1,,,0.0,false,14.8,237.0152777452499,false
1,49,20:00,70,01:15,21,1,,,0.0,false,14.8,237.49619338431472,false
1,49,20:00,71,01:30,22,1,,,0.0,false,14.8,237.97710902337954,false
1,49,20:00,72,01:45,23,1,,,0.0,false,14.8,238.45802466244436,false
1,49,20:00,73,02:00,24,1,,,0.0,false,14.8,238.93894030150918,false
1,49,20:00,74,02:15,25,1,,,0.0,false,14.8,239.419855940574,false
1,49,20:00,75,02:30,26,1,,,0.0,false,14.8,239.9007715796388,false
1,49,20:00,76,02:45,27,1,,,0.0,false,14.8,240.38168721870363,false
1,49,20:00,77,03:00,28,1,,,0.0,false,14.8,240.86260285776845,false
1,49,20:00,78,03:15,29,1,,,0.0,false,14.8,241.34351849683327,false
1,49,20:00,79,03:30,30,1,,,0.0,false,14.8,241.8244341358981,false
1,49,20:00,80,03:45,31,1,,,0.0,false,14.8,242.3053497749629,false
1,49,20:00,81,04:00,32,1,,,0.0,false,14.8,242.78626541402772,false
1,49,20:00,82,04:15,33,1,,,0.0,false,14.8,243.26718105309254,false
1,49,20:00,83,04:30,34,1,,,0.0,false,14.8,243.74809669215736,false
1,49,20:00,84,04:45,35,1,,,0.0,false,14.8,244.22901233122218,false
1,49,20:00,85,05:00,36,1,,,0.0,false,14.8,244.709927970287,false
1,49,20:00,86,05:15,37,1,,,0.0,false,14.8,245.19084360935182,false
1,49,20:00,87,05:30,38,1,,,0.0,false,14.8,245.67175924841663,false
1,49,20:00,88,05:45,39,1,,,0.0,false,14.8,246.15267488748145,false
1,49,20:00,89,06:00,40,1,,,0.0,false,14.8,246.63359052654627,false
1,49,20:00,90,06:15,41,1,,,0.0,false,14.8,247.1145061656111,false
1,49,20:00,91,06:30,42,1,,,0.0,false,14.8,247.5954218046759,false
1,49,20:00,92,06:45,43,1,,,0.0,false,14.8,248.07633744374073,false
1,49,20:00,93,07:00,44,1,,,0.0,false,14.8,248.55725308280554,false
1,49,20:00,94,07:15,45,1,,,0.0,false,14.8,249.03816872187036,false
1,49,20:00,95,07:30,46,1,,,0.0,false,14.8,249.51908436093518,false
1,49,20:00,96,07:45,47,1,,,0.0,false,14.8,250.0,false
1,50,20:15,50,20:15,0,1,,,0.0,false,14.8,229.38864562329636,false
1,50,20:15,51,20:30,1,1,,,0.0,false,14.8,229.38864562329636,false
1,50,20:15,52,20:45,2,1,,,0.0,false,14.8,229.38864562329636,false
1,50,20:15,53,21:00,3,1,,,0.0,false,14.8,229.86956126236117,false
1,50,20:15,54,21:15,4,1,,,0.0,false,14.8,230.350476901426,false
1,50,20:15,55,21:30,5,1,,,0.0,false,14.8,230.8313925404908,false
1,50,20:15,56,21:45,6,1,,,0.0,false,14.8,231.31230817955563,false
1,50,20:15,57,22:00,7,1,,,0.0,false,14.8,231.79322381862045,false
1,50,20:15,58,22:15,8,1,,,0.0,false,14.8,232.27413945768527,false
1,50,20:15,59,22:30,9,1,,,0.0,false,14.8,232.75505509675008,false
1,50,20:15,60,22:45,10,1,,,0.0,false,14.8,233.2359707358149,false
1,50,20:15,61,23:00,11,1,,,0.0,false,14.8,233.64886827179618,false
1,50,20:15,62,23:15,12,1,,,0.0,false,14.8,234.129783910861,false
1,50,20:15,63,23:30,13,1,,,0.0,false,14.8,234.6106995499258,false
1,50,20:15,64,23:45,14,1,,,0.0,false,14.8,234.6106995499258,false
1,50,20:15,65,00:00,15,1,,,0.0,false,14.8,235.09161518899063,false
1,50,20:15,66,00:15,16,1,,,0.0,false,14.8,235.57253082805545,false
1,50,20:15,67,00:30,17,1,,,0.0,false,14.8,236.05344646712027,false
1,50,20:15,68,00:45,18,1,,,0.0,false,14.8,236.53436210618509,false
1,50,20:15,69,01:00,19,1,,,0.0,false,14.8,237.0152777452499,false
1,50,20:15,70,01:15,20,1,,,0.0,false,14.8,237.49619338431472,false
1,50,20:15,71,01:30,21,1,,,0.0,false,14.8,237.97710902337954,false
1,50,20:15,72,01:45,22,1,,,0.0,false,14.8,238.45802466244436,false
1,50,20:15,73,02:00,23,1,,,0.0,false,14.8,238.93894030150918,false
1,50,20:15,74,02:15,24,1,,,0.0,false,14.8,239.419855940574,false
1,50,20:15,75,02:30,25,1,,,0.0,false,14.8,239.9007715796388,false
1,50,20:15,76,02:45,26,1,,,0.0,false,14.8,240.38168721870363,false
1,50,20:15,77,03:00,27,1,,,0.0,false,14.8,240.86260285776845,false
1,50,20:15,78,03:15,28,1,,,0.0,false,14.8,241.34351849683327,false
1,50,20:15,79,03:30,29,1,,,0.0,false,14.8,241.8244341358981,false
1,50,20:15,80,03:45,30,1,,,0.0,false,14.8,242.3053497749629,false
1,50,20:15,81,04:00,31,1,,,0.0,false,14.8,242.78626541402772,false
1,50,20:15,82,04:15,32,1,,,0.0,false,14.8,243.26718105309254,false
1,50,20:15,83,04:30,33,1,,,0.0,false,14.8,243.74809669215736,false
1,50,20:15,84,04:45,34,1,,,0.0,false,14.8,244.22901233122218,false
1,50,20:15,85,05:00,35,1,,,0.0,false,14.8,244.709927970287,false
1,50,20:15,86,05:15,36,1,,,0.0,false,14.8,245.19084360935182,false
1,50,20:15,87,05:30,37,1,,,0.0,false,14.8,245.67175924841663,false
1,50,20:15,88,05:45,38,1,,,0.0,false,14.8,246.15267488748145,false
1,50,20:15,89,06:00,39,1,,,0.0,false,14.8,246.63359052654627,false
1,50,20:15,90,06:15,40,1,,,0.0,false,14.8,247.1145061656111,false
1,50,20:15,91,06:30,41,1,,,0.0,false,14.8,247.5954218046759,false
1,50,20:15,92,06:45,42,1,,,0.0,false,14.8,248.07633744374073,false
1,50,20:15,93,07:00,43,1,,,0.0,false,14.8,248.55725308280554,false
1,50,20:15,94,07:15,44,1,,,0.0,false,14.8,249.03816872187036,false
1,50,20:15,95,07:30,45,1,,,0.0,false,14.8,249.51908436093518,false
1,50,20:15,96,07:45,46,1,,,0.0,false,14.8,250.0,false
1,51,20:30,51,20:30,0,1,,,0.0,false,14.8,229.38864562329636,false
1,51,20:30,52,20:45,1,1,,,0.0,false,14.8,229.38864562329636,false
1,51,20:30,53,21:00,2,1,,,0.0,false,14.8,229.86956126236117,false
1,51,20:30,54,21:15,3,1,,,0.0,false,14.8,230.350476901426,false
1,51,20:30,55,21:30,4,1,,,0.0,false,14.8,230.8313925404908,false
1,51,20:30,56,21:45,5,1,,,0.0,false,14.8,231.31230817955563,false
1,51,20:30,57,22:00,6,1,,,0.0,false,14.8,231.79322381862045,false
1,51,20:30,58,22:15,7,1,,,0.0,false,14.8,232.27413945768527,false
1,51,20:30,59,22:30,8,1,,,0.0,false,14.8,232.75505509675008,false
1,51,20:30,60,22:45,9,1,,,0.0,false,14.8,233.2359707358149,false
1,51,20:30,61,23:00,10,1,,,0.0,false,14.8,233.64886827179618,false
1,51,20:30,62,23:15,11,1,,,0.0,false,14.8,234.129783910861,false
1,51,20:30,63,23:30,12,1,,,0.0,false,14.8,234.6106995499258,false
1,51,20:30,64,23:45,13,1,,,0.0,false,14.8,234.6106995499258,false
1,51,20:30,65,00:00,14,1,,,0.0,false,14.8,235.09161518899063,false
1,51,20:30,66,00:15,15,1,,,0.0,false,14.8,235.57253082805545,false
1,51,20:30,67,00:30,16,1,,,0.0,false,14.8,236.05344646712027,false
1,51,20:30,68,00:45,17,1,,,0.0,false,14.8,236.53436210618509,false
1,51,20:30,69,01:00,18,1,,,0.0,false,14.8,237.0152777452499,false
1,51,20:30,70,01:15,19,1,,,0.0,false,14.8,237.49619338431472,false
1,51,20:30,71,01:30,20,1,,,0.0,false,14.8,237.97710902337954,false
1,51,20:30,72,01:45,21,1,,,0.0,false,14.8,238.45802466244436,false
1,51,20:30,73,02:00,22,1,,,0.0,false,14.8,238.93894030150918,false
1,51,20:30,74,02:15,23,1,,,0.0,false,14.8,239.419855940574,false
1,51,20:30,75,02:30,24,1,,,0.0,false,14.8,239.9007715796388,false
1,51,20:30,76,02:45,25,1,,,0.0,false,14.8,240.38168721870363,false
1,51,20:30,77,03:00,26,1,,,0.0,false,14.8,240.86260285776845,false
1,51,20:30,78,03:15,27,1,,,0.0,false,14.8,241.34351849683327,false
1,51,20:30,79,03:30,28,1,,,0.0,false,14.8,241.8244341358981,false
1,51,20:30,80,03:45,29,1,,,0.0,false,14.8,242.3053497749629,false
1,51,20:30,81,04:00,30,1,,,0.0,false,14.8,242.78626541402772,false
1,51,20:30,82,04:15,31,1,,,0.0,false,14.8,243.26718105309254,false
1,51,20:30,83,04:30,32,1,,,0.0,false,14.8,243.74809669215736,false
1,51,20:30,84,04:45,33,1,,,0.0,false,14.8,244.22901233122218,false
1,51,20:30,85,05:00,34,1,,,0.0,false,14.8,244.709927970287,false
1,51,20:30,86,05:15,35,1,,,0.0,false,14.8,245.19084360935182,false
1,51,20:30,87,05:30,36,1,,,0.0,false,14.8,245.67175924841663,false
1,51,20:30,88,05:45,37,1,,,0.0,false,14.8,246.15267488748145,false
1,51,20:30,89,06:00,38,1,,,0.0,false,14.8,246.63359052654627,false
1,51,20:30,90,06:15,39,1,,,0.0,false,14.8,247.1145061656111,false
1,51,20:30,91,06:30,40,1,,,0.0,false,14.8,247.5954218046759,false
1,51,20:30,92,06:45,41,1,,,0.0,false,14.8,248.07633744374073,false
1,51,20:30,93,07:00,42,1,,,0.0,false,14.8,248.55725308280554,false
1,51,20:30,94,07:15,43,1,,,0.0,false,14.8,249.03816872187036,false
1,51,20:30,95,07:30,44,1,,,0.0,false,14.8,249.51908436093518,false
1,51,20:30,96,07:45,45,1,,,0.0,false,14.8,250.0,false
1,52,20:45,52,20:45,0,1,,,0.0,false,14.8,229.38864562329636,false
1,52,20:45,53,21:00,1,1,,,0.0,false,14.8,229.86956126236117,false
1,52,20:45,54,21:15,2,1,,,0.0,false,14.8,230.350476901426,false
1,52,20:45,55,21:30,3,1,,,0.0,false,14.8,230.8313925404908,false
1,52,20:45,56,21:45,4,1,,,0.0,false,14.8,231.31230817955563,false
1,52,20:45,57,22:00,5,1,,,0.0,false,14.8,231.79322381862045,false
1,52,20:45,58,22:15,6,1,,,0.0,false,14.8,232.27413945768527,false
1,52,20:45,59,22:30,7,1,,,0.0,false,14.8,232.75505509675008,false
1,52,20:45,60,22:45,8,1,,,0.0,false,14.8,233.2359707358149,false
1,52,20:45,61,23:00,9,1,,,0.0,false,14.8,233.64886827179618,false
1,52,20:45,62,23:15,10,1,,,0.0,false,14.8,234.129783910861,false
1,52,20:45,63,23:30,11,1,,,0.0,false,14.8,234.6106995499258,false
1,52,20:45,64,23:45,12,1,,,0.0,false,14.8,234.6106995499258,false
1,52,20:45,65,00:00,13,1,,,0.0,false,14.8,235.09161518899063,false
1,52,20:45,66,00:15,14,1,,,0.0,false,14.8,235.57253082805545,false
1,52,20:45,67,00:30,15,1,,,0.0,false,14.8,236.05344646712027,false
1,52,20:45,68,00:45,16,1,,,0.0,false,14.8,236.53436210618509,false
1,52,20:45,69,01:00,17,1,,,0.0,false,14.8,237.0152777452499,false
1,52,20:45,70,01:15,18,1,,,0.0,false,14.8,237.49619338431472,false
1,52,20:45,71,01:30,19,1,,,0.0,false,14.8,237.97710902337954,false
1,52,20:45,72,01:45,20,1,,,0.0,false,14.8,238.45802466244436,false
1,52,20:45,73,02:00,21,1,,,0.0,false,14.8,238.93894030150918,false
1,52,20:45,74,02:15,22,1,,,0.0,false,14.8,239.419855940574,false
1,52,20:45,75,02:30,23,1,,,0.0,false,14.8,239.9007715796388,false
1,52,20:45,76,02:45,24,1,,,0.0,false,14.8,240.38168721870363,false
1,52,20:45,77,03:00,25,1,,,0.0,false,14.8,240.86260285776845,false
1,52,20:45,78,03:15,26,1,,,0.0,false,14.8,241.34351849683327,false
1,52,20:45,79,03:30,27,1,,,0.0,false,14.8,241.8244341358981,false
1,52,20:45,80,03:45,28,1,,,0.0,false,14.8,242.3053497749629,false
1,52,20:45,81,04:00,29,1,,,0.0,false,14.8,242.78626541402772,false
1,52,20:45,82,04:15,30,1,,,0.0,false,14.8,243.26718105309254,false
1,52,20:45,83,04:30,31,1,,,0.0,false,14.8,243.74809669215736,false
1,52,20:45,84,04:45,32,1,,,0.0,false,14.8,244.22901233122218,false
1,52,20:45,85,05:00,33,1,,,0.0,false,14.8,244.709927970287,false
1,52,20:45,86,05:15,34,1,,,0.0,false,14.8,245.19084360935182,false
1,52,20:45,87,05:30,35,1,,,0.0,false,14.8,245.67175924841663,false
1,52,20:45,88,05:45,36,1,,,0.0,false,14.8,246.15267488748145,false
1,52,20:45,89,06:00,37,1,,,0.0,false,14.8,246.63359052654627,false
1,52,20:45,90,06:15,38,1,,,0.0,false,14.8,247.1145061656111,false
1,52,20:45,91,06:30,39,1,,,0.0,false,14.8,247.5954218046759,false
1,52,20:45,92,06:45,40,1,,,0.0,false,14.8,248.07633744374073,false
1,52,20:45,93,07:00,41,1,,,0.0,false,14.8,248.55725308280554,false
1,52,20:45,94,07:15,42,1,,,0.0,false,14.8,249.03816872187036,false
1,52,20:45,95,07:30,43,1,,,0.0,false,14.8,249.51908436093518,false
1,52,20:45,96,07:45,44,1,,,0.0,false,14.8,250.0,false
1,53,21:00,53,21:00,0,1,,,0.0,false,14.8,229.86956126236117,false
1,53,21:00,54,21:15,1,1,,,0.0,false,14.8,230.350476901426,false
1,53,21:00,55,21:30,2,1,,,0.0,false,14.8,230.8313925404908,false
1,53,21:00,56,21:45,3,1,,,0.0,false,14.8,231.31230817955563,false
1,53,21:00,57,22:00,4,1,,,0.0,false,14.8,231.79322381862045,false
1,53,21:00,58,22:15,5,1,,,0.0,false,14.8,232.27413945768527,false
1,53,21:00,59,22:30,6,1,,,0.0,false,14.8,232.75505509675008,false
1,53,21:00,60,22:45,7,1,,,0.0,false,14.8,233.2359707358149,false
1,53,21:00,61,23:00,8,1,,,0.0,false,14.8,233.64886827179618,false
1,53,21:00,62,23:15,9,1,,,0.0,false,14.8,234.129783910861,false
1,53,21:00,63,23:30,10,1,,,0.0,false,14.8,234.6106995499258,false
1,53,21:00,64,23:45,11,1,,,0.0,false,14.8,234.6106995499258,false
1,53,21:00,65,00:00,12,1,,,0.0,false,14.8,235.09161518899063,false
1,53,21:00,66,00:15,13,1,,,0.0,false,14.8,235.57253082805545,false
1,53,21:00,67,00:30,14,1,,,0.0,false,14.8,236.05344646712027,false
1,53,21:00,68,00:45,15,1,,,0.0,false,14.8,236.53436210618509,false
1,53,21:00,69,01:00,16,1,,,0.0,false,14.8,237.0152777452499,false
1,53,21:00,70,01:15,17,1,,,0.0,false,14.8,237.49619338431472,false
1,53,21:00,71,01:30,18,1,,,0.0,false,14.8,237.97710902337954,false
1,53,21:00,72,01:45,19,1,,,0.0,false,14.8,238.45802466244436,false
1,53,21:00,73,02:00,20,1,,,0.0,false,14.8,238.93894030150918,false
1,53,21:00,74,02:15,21,1,,,0.0,false,14.8,239.419855940574,false
1,53,21:00,75,02:30,22,1,,,0.0,false,14.8,239.9007715796388,false
1,53,21:00,76,02:45,23,1,,,0.0,false,14.8,240.38168721870363,false
1,53,21:00,77,03:00,24,1,,,0.0,false,14.8,240.86260285776845,false
1,53,21:00,78,03:15,25,1,,,0.0,false,14.8,241.34351849683327,false
1,53,21:00,79,03:30,26,1,,,0.0,false,14.8,241.8244341358981,false
1,53,21:00,80,03:45,27,1,,,0.0,false,14.8,242.3053497749629,false
1,53,21:00,81,04:00,28,1,,,0.0,false,14.8,242.78626541402772,false
1,53,21:00,82,04:15,29,1,,,0.0,false,14.8,243.26718105309254,false
1,53,21:00,83,04:30,30,1,,,0.0,false,14.8,243.74809669215736,false
1,53,21:00,84,04:45,31,1,,,0.0,false,14.8,244.22901233122218,false
1,53,21:00,85,05:00,32,1,,,0.0,false,14.8,244.709927970287,false
1,53,21:00,86,05:15,33,1,,,0.0,false,14.8,245.19084360935182,false
1,53,21:00,87,05:30,34,1,,,0.0,false,14.8,245.67175924841663,false
1,53,21:00,88,05:45,35,1,,,0.0,false,14.8,246.15267488748145,false
1,53,21:00,89,06:00,36,1,,,0.0,false,14.8,246.63359052654627,false
1,53,21:00,90,06:15,37,1,,,0.0,false,14.8,247.1145061656111,false
1,53,21:00,91,06:30,38,1,,,0.0,false,14.8,247.5954218046759,false
1,53,21:00,92,06:45,39,1,,,0.0,false,14.8,248.07633744374073,false
1,53,21:00,93,07:00,40,1,,,0.0,false,14.8,248.55725308280554,false
1,53,21:00,94,07:15,41,1,,,0.0,false,14.8,249.03816872187036,false
1,53,21:00,95,07:30,42,1,,,0.0,false,14.8,249.51908436093518,false
1,53,21:00,96,07:45,43,1,,,0.0,false,14.8,250.0,false
1,54,21:15,54,21:15,0,1,,,0.0,false,14.8,230.350476901426,false
1,54,21:15,55,21:30,1,1,,,0.0,false,14.8,230.8313925404908,false
1,54,21:15,56,21:45,2,1,,,0.0,false,14.8,231.31230817955563,false
1,54,21:15,57,22:00,3,1,,,0.0,false,14.8,231.79322381862045,false
1,54,21:15,58,22:15,4,1,,,0.0,false,14.8,232.27413945768527,false
1,54,21:15,59,22:30,5,1,,,0.0,false,14.8,232.75505509675008,false
1,54,21:15,60,22:45,6,1,,,0.0,false,14.8,233.2359707358149,false
1,54,21:15,61,23:00,7,1,,,0.0,false,14.8,233.64886827179618,false
1,54,21:15,62,23:15,8,1,,,0.0,false,14.8,234.129783910861,false
1,54,21:15,63,23:30,9,1,,,0.0,false,14.8,234.6106995499258,false
1,54,21:15,64,23:45,10,1,,,0.0,false,14.8,234.6106995499258,false
1,54,21:15,65,00:00,11,1,,,0.0,false,14.8,235.09161518899063,false
1,54,21:15,66,00:15,12,1,,,0.0,false,14.8,235.57253082805545,false
1,54,21:15,67,00:30,13,1,,,0.0,false,14.8,236.05344646712027,false
1,54,21:15,68,00:45,14,1,,,0.0,false,14.8,236.53436210618509,false
1,54,21:15,69,01:00,15,1,,,0.0,false,14.8,237.0152777452499,false
1,54,21:15,70,01:15,16,1,,,0.0,false,14.8,237.49619338431472,false
1,54,21:15,71,01:30,17,1,,,0.0,false,14.8,237.97710902337954,false
1,54,21:15,72,01:45,18,1,,,0.0,false,14.8,238.45802466244436,false
1,54,21:15,73,02:00,19,1,,,0.0,false,14.8,238.93894030150918,false
1,54,21:15,74,02:15,20,1,,,0.0,false,14.8,239.419855940574,false
1,54,21:15,75,02:30,21,1,,,0.0,false,14.8,239.9007715796388,false
1,54,21:15,76,02:45,22,1,,,0.0,false,14.8,240.38168721870363,false
1,54,21:15,77,03:00,23,1,,,0.0,false,14.8,240.86260285776845,false
1,54,21:15,78,03:15,24,1,,,0.0,false,14.8,241.34351849683327,false
1,54,21:15,79,03:30,25,1,,,0.0,false,14.8,241.8244341358981,false
1,54,21:15,80,03:45,26,1,,,0.0,false,14.8,242.3053497749629,false
1,54,21:15,81,04:00,27,1,,,0.0,false,14.8,242.78626541402772,false
1,54,21:15,82,04:15,28,1,,,0.0,false,14.8,243.26718105309254,false
1,54,21:15,83,04:30,29,1,,,0.0,false,14.8,243.74809669215736,false
1,54,21:15,84,04:45,30,1,,,0.0,false,14.8,244.22901233122218,false
1,54,21:15,85,05:00,31,1,,,0.0,false,14.8,244.709927970287,false
1,54,21:15,86,05:15,32,1,,,0.0,false,14.8,245.19084360935182,false
1,54,21:15,87,05:30,33,1,,,0.0,false,14.8,245.67175924841663,false
1,54,21:15,88,05:45,34,1,,,0.0,false,14.8,246.15267488748145,false
1,54,21:15,89,06:00,35,1,,,0.0,false,14.8,246.63359052654627,false
1,54,21:15,90,06:15,36,1,,,0.0,false,14.8,247.1145061656111,false
1,54,21:15,91,06:30,37,1,,,0.0,false,14.8,247.5954218046759,false
1,54,21:15,92,06:45,38,1,,,0.0,false,14.8,248.07633744374073,false
1,54,21:15,93,07:00,39,1,,,0.0,false,14.8,248.55725308280554,false
1,54,21:15,94,07:15,40,1,,,0.0,false,14.8,249.03816872187036,false
1,54,21:15,95,07:30,41,1,,,0.0,false,14.8,249.51908436093518,false
1,54,21:15,96,07:45,42,1,,,0.0,false,14.8,250.0,false
1,55,21:30,55,21:30,0,1,,,0.0,false,14.8,230.8313925404908,false
1,55,21:30,56,21:45,1,1,,,0.0,false,14.8,231.31230817955563,false
1,55,21:30,57,22:00,2,1,,,0.0,false,14.8,231.79322381862045,false
1,55,21:30,58,22:15,3,1,,,0.0,false,14.8,232.27413945768527,false
1,55,21:30,59,22:30,4,1,,,0.0,false,14.8,232.75505509675008,false
1,55,21:30,60,22:45,5,1,,,0.0,false,14.8,233.2359707358149,false
1,55,21:30,61,23:00,6,1,,,0.0,false,14.8,233.64886827179618,false
1,55,21:30,62,23:15,7,1,,,0.0,false,14.8,234.129783910861,false
1,55,21:30,63,23:30,8,1,,,0.0,false,14.8,234.6106995499258,false
1,55,21:30,64,23:45,9,1,,,0.0,false,14.8,234.6106995499258,false
1,55,21:30,65,00:00,10,1,,,0.0,false,14.8,235.09161518899063,false
1,55,21:30,66,00:15,11,1,,,0.0,false,14.8,235.57253082805545,false
1,55,21:30,67,00:30,12,1,,,0.0,false,14.8,236.05344646712027,false
1,55,21:30,68,00:45,13,1,,,0.0,false,14.8,236.53436210618509,false
1,55,21:30,69,01:00,14,1,,,0.0,false,14.8,237.0152777452499,false
1,55,21:30,70,01:15,15,1,,,0.0,false,14.8,237.49619338431472,false
1,55,21:30,71,01:30,16,1,,,0.0,false,14.8,237.97710902337954,false
1,55,21:30,72,01:45,17,1,,,0.0,false,14.8,238.45802466244436,false
1,55,21:30,73,02:00,18,1,,,0.0,false,14.8,238.93894030150918,false
1,55,21:30,74,02:15,19,1,,,0.0,false,14.8,239.419855940574,false
1,55,21:30,75,02:30,20,1,,,0.0,false,14.8,239.9007715796388,false
1,55,21:30,76,02:45,21,1,,,0.0,false,14.8,240.38168721870363,false
1,55,21:30,77,03:00,22,1,,,0.0,false,14.8,240.86260285776845,false
1,55,21:30,78,03:15,23,1,,,0.0,false,14.8,241.34351849683327,false
1,55,21:30,79,03:30,24,1,,,0.0,false,14.8,241.8244341358981,false
1,55,21:30,80,03:45,25,1,,,0.0,false,14.8,242.3053497749629,false
1,55,21:30,81,04:00,26,1,,,0.0,false,14.8,242.78626541402772,false
1,55,21:30,82,04:15,27,1,,,0.0,false,14.8,243.26718105309254,false
1,55,21:30,83,04:30,28,1,,,0.0,false,14.8,243.74809669215736,false
1,55,21:30,84,04:45,29,1,,,0.0,false,14.8,244.22901233122218,false
1,55,21:30,85,05:00,30,1,,,0.0,false,14.8,244.709927970287,false
1,55,21:30,86,05:15,31,1,,,0.0,false,14.8,245.19084360935182,false
1,55,21:30,87,05:30,32,1,,,0.0,false,14.8,245.67175924841663,false
1,55,21:30,88,05:45,33,1,,,0.0,false,14.8,246.15267488748145,false
1,55,21:30,89,06:00,34,1,,,0.0,false,14.8,246.63359052654627,false
1,55,21:30,90,06:15,35,1,,,0.0,false,14.8,247.1145061656111,false
1,55,21:30,91,06:30,36,1,,,0.0,false,14.8,247.5954218046759,false
1,55,21:30,92,06:45,37,1,,,0.0,false,14.8,248.07633744374073,false
1,55,21:30,93,07:00,38,1,,,0.0,false,14.8,248.55725308280554,false
1,55,21:30,94,07:15,39,1,,,0.0,false,14.8,249.03816872187036,false
1,55,21:30,95,07:30,40,1,,,0.0,false,14.8,249.51908436093518,false
1,55,21:30,96,07:45,41,1,,,0.0,false,14.8,250.0,false
1,56,21:45,56,21:45,0,1,,,0.0,false,14.8,231.31230817955563,false
1,56,21:45,57,22:00,1,1,,,0.0,false,14.8,231.79322381862045,false
1,56,21:45,58,22:15,2,1,,,0.0,false,14.8,232.27413945768527,false
1,56,21:45,59,22:30,3,1,,,0.0,false,14.8,232.75505509675008,false
1,56,21:45,60,22:45,4,1,,,0.0,false,14.8,233.2359707358149,false
1,56,21:45,61,23:00,5,1,,,0.0,false,14.8,233.64886827179618,false
1,56,21:45,62,23:15,6,1,,,0.0,false,14.8,234.129783910861,false
1,56,21:45,63,23:30,7,1,,,0.0,false,14.8,234.6106995499258,false
1,56,21:45,64,23:45,8,1,,,0.0,false,14.8,234.6106995499258,false
1,56,21:45,65,00:00,9,1,,,0.0,false,14.8,235.09161518899063,false
1,56,21:45,66,00:15,10,1,,,0.0,false,14.8,235.57253082805545,false
1,56,21:45,67,00:30,11,1,,,0.0,false,14.8,236.05344646712027,false
1,56,21:45,68,00:45,12,1,,,0.0,false,14.8,236.53436210618509,false
1,56,21:45,69,01:00,13,1,,,0.0,false,14.8,237.0152777452499,false
1,56,21:45,70,01:15,14,1,,,0.0,false,14.8,237.49619338431472,false
1,56,21:45,71,01:30,15,1,,,0.0,false,14.8,237.97710902337954,false
1,56,21:45,72,01:45,16,1,,,0.0,false,14.8,238.45802466244436,false
1,56,21:45,73,02:00,17,1,,,0.0,false,14.8,238.93894030150918,false
1,56,21:45,74,02:15,18,1,,,0.0,false,14.8,239.419855940574,false
1,56,21:45,75,02:30,19,1,,,0.0,false,14.8,239.9007715796388,false
1,56,21:45,76,02:45,20,1,,,0.0,false,14.8,240.38168721870363,false
1,56,21:45,77,03:00,21,1,,,0.0,false,14.8,240.86260285776845,false
1,56,21:45,78,03:15,22,1,,,0.0,false,14.8,241.34351849683327,false
1,56,21:45,79,03:30,23,1,,,0.0,false,14.8,241.8244341358981,false
1,56,21:45,80,03:45,24,1,,,0.0,false,14.8,242.3053497749629,false
1,56,21:45,81,04:00,25,1,,,0.0,false,14.8,242.78626541402772,false
1,56,21:45,82,04:15,26,1,,,0.0,false,14.8,243.26718105309254,false
1,56,21:45,83,04:30,27,1,,,0.0,false,14.8,243.74809669215736,false
1,56,21:45,84,04:45,28,1,,,0.0,false,14.8,244.22901233122218,false
1,56,21:45,85,05:00,29,1,,,0.0,false,14.8,244.709927970287,false
1,56,21:45,86,05:15,30,1,,,0.0,false,14.8,245.19084360935182,false
1,56,21:45,87,05:30,31,1,,,0.0,false,14.8,245.67175924841663,false
1,56,21:45,88,05:45,32,1,,,0.0,false,14.8,246.15267488748145,false
1,56,21:45,89,06:00,33,1,,,0.0,false,14.8,246.63359052654627,false
1,56,21:45,90,06:15,34,1,,,0.0,false,14.8,247.1145061656111,false
1,56,21:45,91,06:30,35,1,,,0.0,false,14.8,247.5954218046759,false
1,56,21:45,92,06:45,36,1,,,0.0,false,14.8,248.07633744374073,false
1,56,21:45,93,07:00,37,1,,,0.0,false,14.8,248.55725308280554,false
1,56,21:45,94,07:15,38,1,,,0.0,false,14.8,249.03816872187036,false
1,56,21:45,95,07:30,39,1,,,0.0,false,14.8,249.51908436093518,false
1,56,21:45,96,07:45,40,1,,,0.0,false,14.8,250.0,false
1,57,22:00,57,22:00,0,1,,,0.0,false,14.8,231.79322381862045,false
1,57,22:00,58,22:15,1,1,,,0.0,false,14.8,232.27413945768527,false
1,57,22:00,59,22:30,2,1,,,0.0,false,14.8,232.75505509675008,false
1,57,22:00,60,22:45,3,1,,,0.0,false,14.8,233.2359707358149,false
1,57,22:00,61,23:00,4,1,,,0.0,false,14.8,233.64886827179618,false
1,57,22:00,62,23:15,5,1,,,0.0,false,14.8,234.129783910861,false
1,57,22:00,63,23:30,6,1,,,0.0,false,14.8,234.6106995499258,false
1,57,22:00,64,23:45,7,1,,,0.0,false,14.8,234.6106995499258,false
1,57,22:00,65,00:00,8,1,,,0.0,false,14.8,235.09161518899063,false
1,57,22:00,66,00:15,9,1,,,0.0,false,14.8,235.57253082805545,false
1,57,22:00,67,00:30,10,1,,,0.0,false,14.8,236.05344646712027,false
1,57,22:00,68,00:45,11,1,,,0.0,false,14.8,236.53436210618509,false
1,57,22:00,69,01:00,12,1,,,0.0,false,14.8,237.0152777452499,false
1,57,22:00,70,01:15,13,1,,,0.0,false,14.8,237.49619338431472,false
1,57,22:00,71,01:30,14,1,,,0.0,false,14.8,237.97710902337954,false
1,57,22:00,72,01:45,15,1,,,0.0,false,14.8,238.45802466244436,false
1,57,22:00,73,02:00,16,1,,,0.0,false,14.8,238.93894030150918,false
1,57,22:00,74,02:15,17,1,,,0.0,false,14.8,239.419855940574,false
1,57,22:00,75,02:30,18,1,,,0.0,false,14.8,239.9007715796388,false
1,57,22:00,76,02:45,19,1,,,0.0,false,14.8,240.38168721870363,false
1,57,22:00,77,03:00,20,1,,,0.0,false,14.8,240.86260285776845,false
1,57,22:00,78,03:15,21,1,,,0.0,false,14.8,241.34351849683327,false
1,57,22:00,79,03:30,22,1,,,0.0,false,14.8,241.8244341358981,false
1,57,22:00,80,03:45,23,1,,,0.0,false,14.8,242.3053497749629,false
1,57,22:00,81,04:00,24,1,,,0.0,false,14.8,242.78626541402772,false
1,57,22:00,82,04:15,25,1,,,0.0,false,14.8,243.26718105309254,false
1,57,22:00,83,04:30,26,1,,,0.0,false,14.8,243.74809669215736,false
1,57,22:00,84,04:45,27,1,,,0.0,false,14.8,244.22901233122218,false
1,57,22:00,85,05:00,28,1,,,0.0,false,14.8,244.709927970287,false
1,57,22:00,86,05:15,29,1,,,0.0,false,14.8,245.19084360935182,false
1,57,22:00,87,05:30,30,1,,,0.0,false,14.8,245.67175924841663,false
1,57,22:00,88,05:45,31,1,,,0.0,false,14.8,246.15267488748145,false
1,57,22:00,89,06:00,32,1,,,0.0,false,14.8,246.63359052654627,false
1,57,22:00,90,06:15,33,1,,,0.0,false,14.8,247.1145061656111,false
1,57,22:00,91,06:30,34,1,,,0.0,false,14.8,247.5954218046759,false
1,57,22:00,92,06:45,35,1,,,0.0,false,14.8,248.07633744374073,false
1,57,22:00,93,07:00,36,1,,,0.0,false,14.8,248.55725308280554,false
1,57,22:00,94,07:15,37,1,,,0.0,false,14.8,249.03816872187036,false
1,57,22:00,95,07:30,38,1,,,0.0,false,14.8,249.51908436093518,false
1,57,22:00,96,07:45,39,1,,,0.0,false,14.8,250.0,false
1,58,22:15,58,22:15,0,1,,,0.0,false,14.8,232.27413945768527,false
1,58,22:15,59,22:30,1,1,,,0.0,false,14.8,232.75505509675008,false
1,58,22:15,60,22:45,2,1,,,0.0,false,14.8,233.2359707358149,false
1,58,22:15,61,23:00,3,1,,,0.0,false,14.8,233.64886827179618,false
1,58,22:15,62,23:15,4,1,,,0.0,false,14.8,234.129783910861,false
1,58,22:15,63,23:30,5,1,,,0.0,false,14.8,234.6106995499258,false
1,58,22:15,64,23:45,6,1,,,0.0,false,14.8,234.6106995499258,false
1,58,22:15,65,00:00,7,1,,,0.0,false,14.8,235.09161518899063,false
1,58,22:15,66,00:15,8,1,,,0.0,false,14.8,235.57253082805545,false
1,58,22:15,67,00:30,9,1,,,0.0,false,14.8,236.05344646712027,false
1,58,22:15,68,00:45,10,1,,,0.0,false,14.8,236.53436210618509,false
1,58,22:15,69,01:00,11,1,,,0.0,false,14.8,237.0152777452499,false
1,58,22:15,70,01:15,12,1,,,0.0,false,14.8,237.49619338431472,false
1,58,22:15,71,01:30,13,1,,,0.0,false,14.8,237.97710902337954,false
1,58,22:15,72,01:45,14,1,,,0.0,false,14.8,238.45802466244436,false
1,58,22:15,73,02:00,15,1,,,0.0,false,14.8,238.93894030150918,false
1,58,22:15,74,02:15,16,1,,,0.0,false,14.8,239.419855940574,false
1,58,22:15,75,02:30,17,1,,,0.0,false,14.8,239.9007715796388,false
1,58,22:15,76,02:45,18,1,,,0.0,false,14.8,240.38168721870363,false
1,58,22:15,77,03:00,19,1,,,0.0,false,14.8,240.86260285776845,false
1,58,22:15,78,03:15,20,1,,,0.0,false,14.8,241.34351849683327,false
1,58,22:15,79,03:30,21,1,,,0.0,false,14.8,241.8244341358981,false
1,58,22:15,80,03:45,22,1,,,0.0,false,14.8,242.3053497749629,false
1,58,22:15,81,04:00,23,1,,,0.0,false,14.8,242.78626541402772,false
1,58,22:15,82,04:15,24,1,,,0.0,false,14.8,243.26718105309254,false
1,58,22:15,83,04:30,25,1,,,0.0,false,14.8,243.74809669215736,false
1,58,22:15,84,04:45,26,1,,,0.0,false,14.8,244.22901233122218,false
1,58,22:15,85,05:00,27,1,,,0.0,false,14.8,244.709927970287,false
1,58,22:15,86,05:15,28,1,,,0.0,false,14.8,245.19084360935182,false
1,58,22:15,87,05:30,29,1,,,0.0,false,14.8,245.67175924841663,false
1,58,22:15,88,05:45,30,1,,,0.0,false,14.8,246.15267488748145,false
1,58,22:15,89,06:00,31,1,,,0.0,false,14.8,246.63359052654627,false
1,58,22:15,90,06:15,32,1,,,0.0,false,14.8,247.1145061656111,false
1,58,22:15,91,06:30,33,1,,,0.0,false,14.8,247.5954218046759,false
1,58,22:15,92,06:45,34,1,,,0.0,false,14.8,248.07633744374073,false
1,58,22:15,93,07:00,35,1,,,0.0,false,14.8,248.55725308280554,false
1,58,22:15,94,07:15,36,1,,,0.0,false,14.8,249.03816872187036,false
1,58,22:15,95,07:30,37,1,,,0.0,false,14.8,249.51908436093518,false
1,58,22:15,96,07:45,38,1,,,0.0,false,14.8,250.0,false
1,59,22:30,59,22:30,0,1,,,0.0,false,14.8,232.75505509675008,false
1,59,22:30,60,22:45,1,1,,,0.0,false,14.8,233.2359707358149,false
1,59,22:30,61,23:00,2,1,,,0.0,false,14.8,233.64886827179618,false
1,59,22:30,62,23:15,3,1,,,0.0,false,14.8,234.129783910861,false
1,59,22:30,63,23:30,4,1,,,0.0,false,14.8,234.6106995499258,false
1,59,22:30,64,23:45,5,1,,,0.0,false,14.8,234.6106995499258,false
1,59,22:30,65,00:00,6,1,,,0.0,false,14.8,235.09161518899063,false
1,59,22:30,66,00:15,7,1,,,0.0,false,14.8,235.57253082805545,false
1,59,22:30,67,00:30,8,1,,,0.0,false,14.8,236.05344646712027,false
1,59,22:30,68,00:45,9,1,,,0.0,false,14.8,236.53436210618509,false
1,59,22:30,69,01:00,10,1,,,0.0,false,14.8,237.0152777452499,false
1,59,22:30,70,01:15,11,1,,,0.0,false,14.8,237.49619338431472,false
1,59,22:30,71,01:30,12,1,,,0.0,false,14.8,237.97710902337954,false
1,59,22:30,72,01:45,13,1,,,0.0,false,14.8,238.45802466244436,false
1,59,22:30,73,02:00,14,1,,,0.0,false,14.8,238.93894030150918,false
1,59,22:30,74,02:15,15,1,,,0.0,false,14.8,239.419855940574,false
1,59,22:30,75,02:30,16,1,,,0.0,false,14.8,239.9007715796388,false
1,59,22:30,76,02:45,17,1,,,0.0,false,14.8,240.38168721870363,false
1,59,22:30,77,03:00,18,1,,,0.0,false,14.8,240.86260285776845,false
1,59,22:30,78,03:15,19,1,,,0.0,false,14.8,241.34351849683327,false
1,59,22:30,79,03:30,20,1,,,0.0,false,14.8,241.8244341358981,false
1,59,22:30,80,03:45,21,1,,,0.0,false,14.8,242.3053497749629,false
1,59,22:30,81,04:00,22,1,,,0.0,false,14.8,242.78626541402772,false
1,59,22:30,82,04:15,23,1,,,0.0,false,14.8,243.26718105309254,false
1,59,22:30,83,04:30,24,1,,,0.0,false,14.8,243.74809669215736,false
1,59,22:30,84,04:45,25,1,,,0.0,false,14.8,244.22901233122218,false
1,59,22:30,85,05:00,26,1,,,0.0,false,14.8,244.709927970287,false
1,59,22:30,86,05:15,27,1,,,0.0,false,14.8,245.19084360935182,false
1,59,22:30,87,05:30,28,1,,,0.0,false,14.8,245.67175924841663,false
1,59,22:30,88,05:45,29,1,,,0.0,false,14.8,246.15267488748145,false
1,59,22:30,89,06:00,30,1,,,0.0,false,14.8,246.63359052654627,false
1,59,22:30,90,06:15,31,1,,,0.0,false,14.8,247.1145061656111,false
1,59,22:30,91,06:30,32,1,,,0.0,false,14.8,247.5954218046759,false
1,59,22:30,92,06:45,33,1,,,0.0,false,14.8,248.07633744374073,false
1,59,22:30,93,07:00,34,1,,,0.0,false,14.8,248.55725308280554,false
1,59,22:30,94,07:15,35,1,,,0.0,false,14.8,249.03816872187036,false
1,59,22:30,95,07:30,36,1,,,0.0,false,14.8,249.51908436093518,false
1,59,22:30,96,07:45,37,1,,,0.0,false,14.8,250.0,false
1,60,22:45,60,22:45,0,1,,,0.0,false,14.8,233.2359707358149,false
1,60,22:45,61,23:00,1,1,,,0.0,false,14.8,233.64886827179618,false
1,60,22:45,62,23:15,2,1,,,0.0,false,14.8,234.129783910861,false
1,60,22:45,63,23:30,3,1,,,0.0,false,14.8,234.6106995499258,false
1,60,22:45,64,23:45,4,1,,,0.0,false,14.8,234.6106995499258,false
1,60,22:45,65,00:00,5,1,,,0.0,false,14.8,235.09161518899063,false
1,60,22:45,66,00:15,6,1,,,0.0,false,14.8,235.57253082805545,false
1,60,22:45,67,00:30,7,1,,,0.0,false,14.8,236.05344646712027,false
1,60,22:45,68,00:45,8,1,,,0.0,false,14.8,236.53436210618509,false
1,60,22:45,69,01:00,9,1,,,0.0,false,14.8,237.0152777452499,false
1,60,22:45,70,01:15,10,1,,,0.0,false,14.8,237.49619338431472,false
1,60,22:45,71,01:30,11,1,,,0.0,false,14.8,237.97710902337954,false
1,60,22:45,72,01:45,12,1,,,0.0,false,14.8,238.45802466244436,false
1,60,22:45,73,02:00,13,1,,,0.0,false,14.8,238.93894030150918,false
1,60,22:45,74,02:15,14,1,,,0.0,false,14.8,239.419855940574,false
1,60,22:45,75,02:30,15,1,,,0.0,false,14.8,239.9007715796388,false
1,60,22:45,76,02:45,16,1,,,0.0,false,14.8,240.38168721870363,false
1,60,22:45,77,03:00,17,1,,,0.0,false,14.8,240.86260285776845,false
1,60,22:45,78,03:15,18,1,,,0.0,false,14.8,241.34351849683327,false
1,60,22:45,79,03:30,19,1,,,0.0,false,14.8,241.8244341358981,false
1,60,22:45,80,03:45,20,1,,,0.0,false,14.8,242.3053497749629,false
1,60,22:45,81,04:00,21,1,,,0.0,false,14.8,242.78626541402772,false
1,60,22:45,82,04:15,22,1,,,0.0,false,14.8,243.26718105309254,false
1,60,22:45,83,04:30,23,1,,,0.0,false,14.8,243.74809669215736,false
1,60,22:45,84,04:45,24,1,,,0.0,false,14.8,244.22901233122218,false
1,60,22:45,85,05:00,25,1,,,0.0,false,14.8,244.709927970287,false
1,60,22:45,86,05:15,26,1,,,0.0,false,14.8,245.19084360935182,false
1,60,22:45,87,05:30,27,1,,,0.0,false,14.8,245.67175924841663,false
1,60,22:45,88,05:45,28,1,,,0.0,false,14.8,246.15267488748145,false
1,60,22:45,89,06:00,29,1,,,0.0,false,14.8,246.63359052654627,false
1,60,22:45,90,06:15,30,1,,,0.0,false,14.8,247.1145061656111,false
1,60,22:45,91,06:30,31,1,,,0.0,false,14.8,247.5954218046759,false
1,60,22:45,92,06:45,32,1,,,0.0,false,14.8,248.07633744374073,false
1,60,22:45,93,07:00,33,1,,,0.0,false,14.8,248.55725308280554,false
1,60,22:45,94,07:15,34,1,,,0.0,false,14.8,249.03816872187036,false
1,60,22:45,95,07:30,35,1,,,0.0,false,14.8,249.51908436093518,false
1,60,22:45,96,07:45,36,1,,,0.0,false,14.8,250.0,false
1,61,23:00,61,23:00,0,1,,,0.0,false,14.8,233.64886827179618,false
1,61,23:00,62,23:15,1,1,,,0.0,false,14.8,234.129783910861,false
1,61,23:00,63,23:30,2,1,,,0.0,false,14.8,234.6106995499258,false
1,61,23:00,64,23:45,3,1,,,0.0,false,14.8,234.6106995499258,false
1,61,23:00,65,00:00,4,1,,,0.0,false,14.8,235.09161518899063,false
1,61,23:00,66,00:15,5,1,,,0.0,false,14.8,235.57253082805545,false
1,61,23:00,67,00:30,6,1,,,0.0,false,14.8,236.05344646712027,false
1,61,23:00,68,00:45,7,1,,,0.0,false,14.8,236.53436210618509,false
1,61,23:00,69,01:00,8,1,,,0.0,false,14.8,237.0152777452499,false
1,61,23:00,70,01:15,9,1,,,0.0,false,14.8,237.49619338431472,false
1,61,23:00,71,01:30,10,1,,,0.0,false,14.8,237.97710902337954,false
1,61,23:00,72,01:45,11,1,,,0.0,false,14.8,238.45802466244436,false
1,61,23:00,73,02:00,12,1,,,0.0,false,14.8,238.93894030150918,false
1,61,23:00,74,02:15,13,1,,,0.0,false,14.8,239.419855940574,false
1,61,23:00,75,02:30,14,1,,,0.0,false,14.8,239.9007715796388,false
1,61,23:00,76,02:45,15,1,,,0.0,false,14.8,240.38168721870363,false
1,61,23:00,77,03:00,16,1,,,0.0,false,14.8,240.86260285776845,false
1,61,23:00,78,03:15,17,1,,,0.0,false,14.8,241.34351849683327,false
1,61,23:00,79,03:30,18,1,,,0.0,false,14.8,241.8244341358981,false
1,61,23:00,80,03:45,19,1,,,0.0,false,14.8,242.3053497749629,false
1,61,23:00,81,04:00,20,1,,,0.0,false,14.8,242.78626541402772,false
1,61,23:00,82,04:15,21,1,,,0.0,false,14.8,243.26718105309254,false
1,61,23:00,83,04:30,22,1,,,0.0,false,14.8,243.74809669215736,false
1,61,23:00,84,04:45,23,1,,,0.0,false,14.8,244.22901233122218,false
1,61,23:00,85,05:00,24,1,,,0.0,false,14.8,244.709927970287,false
1,61,23:00,86,05:15,25,1,,,0.0,false,14.8,245.19084360935182,false
1,61,23:00,87,05:30,26,1,,,0.0,false,14.8,245.67175924841663,false
1,61,23:00,88,05:45,27,1,,,0.0,false,14.8,246.15267488748145,false
1,61,23:00,89,06:00,28,1,,,0.0,false,14.8,246.63359052654627,false
1,61,23:00,90,06:15,29,1,,,0.0,false,14.8,247.1145061656111,false
1,61,23:00,91,06:30,30,1,,,0.0,false,14.8,247.5954218046759,false
1,61,23:00,92,06:45,31,1,,,0.0,false,14.8,248.07633744374073,false
1,61,23:00,93,07:00,32,1,,,0.0,false,14.8,248.55725308280554,false
1,61,23:00,94,07:15,33,1,,,0.0,false,14.8,249.03816872187036,false
1,61,23:00,95,07:30,34,1,,,0.0,false,14.8,249.51908436093518,false
1,61,23:00,96,07:45,35,1,,,0.0,false,14.8,250.0,false
1,62,23:15,62,23:15,0,1,,,0.0,false,14.8,234.129783910861,false
1,62,23:15,63,23:30,1,1,,,0.0,false,14.8,234.6106995499258,false
1,62,23:15,64,23:45,2,1,,,0.0,false,14.8,234.6106995499258,false
1,62,23:15,65,00:00,3,1,,,0.0,false,14.8,235.09161518899063,false
1,62,23:15,66,00:15,4,1,,,0.0,false,14.8,235.57253082805545,false
1,62,23:15,67,00:30,5,1,,,0.0,false,14.8,236.05344646712027,false
1,62,23:15,68,00:45,6,1,,,0.0,false,14.8,236.53436210618509,false
1,62,23:15,69,01:00,7,1,,,0.0,false,14.8,237.0152777452499,false
1,62,23:15,70,01:15,8,1,,,0.0,false,14.8,237.49619338431472,false
1,62,23:15,71,01:30,9,1,,,0.0,false,14.8,237.97710902337954,false
1,62,23:15,72,01:45,10,1,,,0.0,false,14.8,238.45802466244436,false
1,62,23:15,73,02:00,11,1,,,0.0,false,14.8,238.93894030150918,false
1,62,23:15,74,02:15,12,1,,,0.0,false,14.8,239.419855940574,false
1,62,23:15,75,02:30,13,1,,,0.0,false,14.8,239.9007715796388,false
1,62,23:15,76,02:45,14,1,,,0.0,false,14.8,240.38168721870363,false
1,62,23:15,77,03:00,15,1,,,0.0,false,14.8,240.86260285776845,false
1,62,23:15,78,03:15,16,1,,,0.0,false,14.8,241.34351849683327,false
1,62,23:15,79,03:30,17,1,,,0.0,false,14.8,241.8244341358981,false
1,62,23:15,80,03:45,18,1,,,0.0,false,14.8,242.3053497749629,false
1,62,23:15,81,04:00,19,1,,,0.0,false,14.8,242.78626541402772,false
1,62,23:15,82,04:15,20,1,,,0.0,false,14.8,243.26718105309254,false
1,62,23:15,83,04:30,21,1,,,0.0,false,14.8,243.74809669215736,false
1,62,23:15,84,04:45,22,1,,,0.0,false,14.8,244.22901233122218,false
1,62,23:15,85,05:00,23,1,,,0.0,false,14.8,244.709927970287,false
1,62,23:15,86,05:15,24,1,,,0.0,false,14.8,245.19084360935182,false
1,62,23:15,87,05:30,25,1,,,0.0,false,14.8,245.67175924841663,false
1,62,23:15,88,05:45,26,1,,,0.0,false,14.8,246.15267488748145,false
1,62,23:15,89,06:00,27,1,,,0.0,false,14.8,246.63359052654627,false
1,62,23:15,90,06:15,28,1,,,0.0,false,14.8,247.1145061656111,false
1,62,23:15,91,06:30,29,1,,,0.0,false,14.8,247.5954218046759,false
1,62,23:15,92,06:45,30,1,,,0.0,false,14.8,248.07633744374073,false
1,62,23:15,93,07:00,31,1,,,0.0,false,14.8,248.55725308280554,false
1,62,23:15,94,07:15,32,1,,,0.0,false,14.8,249.03816872187036,false
1,62,23:15,95,07:30,33,1,,,0.0,false,14.8,249.51908436093518,false
1,62,23:15,96,07:45,34,1,,,0.0,false,14.8,250.0,false
1,63,23:30,63,23:30,0,1,,,0.0,false,14.8,234.6106995499258,false
1,63,23:30,64,23:45,1,1,,,0.0,false,14.8,234.6106995499258,false
1,63,23:30,65,00:00,2,1,,,0.0,false,14.8,235.09161518899063,false
1,63,23:30,66,00:15,3,1,,,0.0,false,14.8,235.57253082805545,false
1,63,23:30,67,00:30,4,1,,,0.0,false,14.8,236.05344646712027,false
1,63,23:30,68,00:45,5,1,,,0.0,false,14.8,236.53436210618509,false
1,63,23:30,69,01:00,6,1,,,0.0,false,14.8,237.0152777452499,false
1,63,23:30,70,01:15,7,1,,,0.0,false,14.8,237.49619338431472,false
1,63,23:30,71,01:30,8,1,,,0.0,false,14.8,237.97710902337954,false
1,63,23:30,72,01:45,9,1,,,0.0,false,14.8,238.45802466244436,false
1,63,23:30,73,02:00,10,1,,,0.0,false,14.8,238.93894030150918,false
1,63,23:30,74,02:15,11,1,,,0.0,false,14.8,239.419855940574,false
1,63,23:30,75,02:30,12,1,,,0.0,false,14.8,239.9007715796388,false
1,63,23:30,76,02:45,13,1,,,0.0,false,14.8,240.38168721870363,false
1,63,23:30,77,03:00,14,1,,,0.0,false,14.8,240.86260285776845,false
1,63,23:30,78,03:15,15,1,,,0.0,false,14.8,241.34351849683327,false
1,63,23:30,79,03:30,16,1,,,0.0,false,14.8,241.8244341358981,false
1,63,23:30,80,03:45,17,1,,,0.0,false,14.8,242.3053497749629,false
1,63,23:30,81,04:00,18,1,,,0.0,false,14.8,242.78626541402772,false
1,63,23:30,82,04:15,19,1,,,0.0,false,14.8,243.26718105309254,false
1,63,23:30,83,04:30,20,1,,,0.0,false,14.8,243.74809669215736,false
1,63,23:30,84,04:45,21,1,,,0.0,false,14.8,244.22901233122218,false
1,63,23:30,85,05:00,22,1,,,0.0,false,14.8,244.709927970287,false
1,63,23:30,86,05:15,23,1,,,0.0,false,14.8,245.19084360935182,false
1,63,23:30,87,05:30,24,1,,,0.0,false,14.8,245.67175924841663,false
1,63,23:30,88,05:45,25,1,,,0.0,false,14.8,246.15267488748145,false
1,63,23:30,89,06:00,26,1,,,0.0,false,14.8,246.63359052654627,false
1,63,23:30,90,06:15,27,1,,,0.0,false,14.8,247.1145061656111,false
1,63,23:30,91,06:30,28,1,,,0.0,false,14.8,247.5954218046759,false
1,63,23:30,92,06:45,29,1,,,0.0,false,14.8,248.07633744374073,false
1,63,23:30,93,07:00,30,1,,,0.0,false,14.8,248.55725308280554,false
1,63,23:30,94,07:15,31,1,,,0.0,false,14.8,249.03816872187036,false
1,63,23:30,95,07:30,32,1,,,0.0,false,14.8,249.51908436093518,false
1,63,23:30,96,07:45,33,1,,,0.0,false,14.8,250.0,false
1,64,23:45,64,23:45,0,1,,,0.0,false,14.8,234.6106995499258,false
1,64,23:45,65,00:00,1,1,,,0.0,false,14.8,235.09161518899063,false
1,64,23:45,66,00:15,2,1,,,0.0,false,14.8,235.57253082805545,false
1,64,23:45,67,00:30,3,1,,,0.0,false,14.8,236.05344646712027,false
1,64,23:45,68,00:45,4,1,,,0.0,false,14.8,236.53436210618509,false
1,64,23:45,69,01:00,5,1,,,0.0,false,14.8,237.0152777452499,false
1,64,23:45,70,01:15,6,1,,,0.0,false,14.8,237.49619338431472,false
1,64,23:45,71,01:30,7,1,,,0.0,false,14.8,237.97710902337954,false
1,64,23:45,72,01:45,8,1,,,0.0,false,14.8,238.45802466244436,false
1,64,23:45,73,02:00,9,1,,,0.0,false,14.8,238.93894030150918,false
1,64,23:45,74,02:15,10,1,,,0.0,false,14.8,239.419855940574,false
1,64,23:45,75,02:30,11,1,,,0.0,false,14.8,239.9007715796388,false
1,64,23:45,76,02:45,12,1,,,0.0,false,14.8,240.38168721870363,false
1,64,23:45,77,03:00,13,1,,,0.0,false,14.8,240.86260285776845,false
1,64,23:45,78,03:15,14,1,,,0.0,false,14.8,241.34351849683327,false
1,64,23:45,79,03:30,15,1,,,0.0,false,14.8,241.8244341358981,false
1,64,23:45,80,03:45,16,1,,,0.0,false,14.8,242.3053497749629,false
1,64,23:45,81,04:00,17,1,,,0.0,false,14.8,242.78626541402772,false
1,64,23:45,82,04:15,18,1,,,0.0,false,14.8,243.26718105309254,false
1,64,23:45,83,04:30,19,1,,,0.0,false,14.8,243.74809669215736,false
1,64,23:45,84,04:45,20,1,,,0.0,false,14.8,244.22901233122218,false
1,64,23:45,85,05:00,21,1,,,0.0,false,14.8,244.709927970287,false
1,64,23:45,86,05:15,22,1,,,0.0,false,14.8,245.19084360935182,false
1,64,23:45,87,05:30,23,1,,,0.0,false,14.8,245.67175924841663,false
1,64,23:45,88,05:45,24,1,,,0.0,false,14.8,246.15267488748145,false
1,64,23:45,89,06:00,25,1,,,0.0,false,14.8,246.63359052654627,false
1,64,23:45,90,06:15,26,1,,,0.0,false,14.8,247.1145061656111,false
1,64,23:45,91,06:30,27,1,,,0.0,false,14.8,247.5954218046759,false
1,64,23:45,92,06:45,28,1,,,0.0,false,14.8,248.07633744374073,false
1,64,23:45,93,07:00,29,1,,,0.0,false,14.8,248.55725308280554,false
1,64,23:45,94,07:15,30,1,,,0.0,false,14.8,249.03816872187036,false
1,64,23:45,95,07:30,31,1,,,0.0,false,14.8,249.51908436093518,false
1,64,23:45,96,07:45,32,1,,,0.0,false,14.8,250.0,false
1,65,00:00,65,00:00,0,1,,,0.0,false,14.8,235.09161518899063,false
1,65,00:00,66,00:15,1,1,,,0.0,false,14.8,235.57253082805545,false
1,65,00:00,67,00:30,2,1,,,0.0,false,14.8,236.05344646712027,false
1,65,00:00,68,00:45,3,1,,,0.0,false,14.8,236.53436210618509,false
1,65,00:00,69,01:00,4,1,,,0.0,false,14.8,237.0152777452499,false
1,65,00:00,70,01:15,5,1,,,0.0,false,14.8,237.49619338431472,false
1,65,00:00,71,01:30,6,1,,,0.0,false,14.8,237.97710902337954,false
1,65,00:00,72,01:45,7,1,,,0.0,false,14.8,238.45802466244436,false
1,65,00:00,73,02:00,8,1,,,0.0,false,14.8,238.93894030150918,false
1,65,00:00,74,02:15,9,1,,,0.0,false,14.8,239.419855940574,false
1,65,00:00,75,02:30,10,1,,,0.0,false,14.8,239.9007715796388,false
1,65,00:00,76,02:45,11,1,,,0.0,false,14.8,240.38168721870363,false
1,65,00:00,77,03:00,12,1,,,0.0,false,14.8,240.86260285776845,false
1,65,00:00,78,03:15,13,1,,,0.0,false,14.8,241.34351849683327,false
1,65,00:00,79,03:30,14,1,,,0.0,false,14.8,241.8244341358981,false
1,65,00:00,80,03:45,15,1,,,0.0,false,14.8,242.3053497749629,false
1,65,00:00,81,04:00,16,1,,,0.0,false,14.8,242.78626541402772,false
1,65,00:00,82,04:15,17,1,,,0.0,false,14.8,243.26718105309254,false
1,65,00:00,83,04:30,18,1,,,0.0,false,14.8,243.74809669215736,false
1,65,00:00,84,04:45,19,1,,,0.0,false,14.8,244.22901233122218,false
1,65,00:00,85,05:00,20,1,,,0.0,false,14.8,244.709927970287,false
1,65,00:00,86,05:15,21,1,,,0.0,false,14.8,245.19084360935182,false
1,65,00:00,87,05:30,22,1,,,0.0,false,14.8,245.67175924841663,false
1,65,00:00,88,05:45,23,1,,,0.0,false,14.8,246.15267488748145,false
1,65,00:00,89,06:00,24,1,,,0.0,false,14.8,246.63359052654627,false
1,65,00:00,90,06:15,25,1,,,0.0,false,14.8,247.1145061656111,false
1,65,00:00,91,06:30,26,1,,,0.0,false,14.8,247.5954218046759,false
1,65,00:00,92,06:45,27,1,,,0.0,false,14.8,248.07633744374073,false
1,65,00:00,93,07:00,28,1,,,0.0,false,14.8,248.55725308280554,false
1,65,00:00,94,07:15,29,1,,,0.0,false,14.8,249.03816872187036,false
1,65,00:00,95,07:30,30,1,,,0.0,false,14.8,249.51908436093518,false
1,65,00:00,96,07:45,31,1,,,0.0,false,14.8,250.0,false
1,66,00:15,66,00:15,0,1,,,0.0,false,14.8,235.57253082805545,false
1,66,00:15,67,00:30,1,1,,,0.0,false,14.8,236.05344646712027,false
1,66,00:15,68,00:45,2,1,,,0.0,false,14.8,236.53436210618509,false
1,66,00:15,69,01:00,3,1,,,0.0,false,14.8,237.0152777452499,false
1,66,00:15,70,01:15,4,1,,,0.0,false,14.8,237.49619338431472,false
1,66,00:15,71,01:30,5,1,,,0.0,false,14.8,237.97710902337954,false
1,66,00:15,72,01:45,6,1,,,0.0,false,14.8,238.45802466244436,false
1,66,00:15,73,02:00,7,1,,,0.0,false,14.8,238.93894030150918,false
1,66,00:15,74,02:15,8,1,,,0.0,false,14.8,239.419855940574,false
1,66,00:15,75,02:30,9,1,,,0.0,false,14.8,239.9007715796388,false
1,66,00:15,76,02:45,10,1,,,0.0,false,14.8,240.38168721870363,false
1,66,00:15,77,03:00,11,1,,,0.0,false,14.8,240.86260285776845,false
1,66,00:15,78,03:15,12,1,,,0.0,false,14.8,241.34351849683327,false
1,66,00:15,79,03:30,13,1,,,0.0,false,14.8,241.8244341358981,false
1,66,00:15,80,03:45,14,1,,,0.0,false,14.8,242.3053497749629,false
1,66,00:15,81,04:00,15,1,,,0.0,false,14.8,242.78626541402772,false
1,66,00:15,82,04:15,16,1,,,0.0,false,14.8,243.26718105309254,false
1,66,00:15,83,04:30,17,1,,,0.0,false,14.8,243.74809669215736,false
1,66,00:15,84,04:45,18,1,,,0.0,false,14.8,244.22901233122218,false
1,66,00:15,85,05:00,19,1,,,0.0,false,14.8,244.709927970287,false
1,66,00:15,86,05:15,20,1,,,0.0,false,14.8,245.19084360935182,false
1,66,00:15,87,05:30,21,1,,,0.0,false,14.8,245.67175924841663,false
1,66,00:15,88,05:45,22,1,,,0.0,false,14.8,246.15267488748145,false
1,66,00:15,89,06:00,23,1,,,0.0,false,14.8,246.63359052654627,false
1,66,00:15,90,06:15,24,1,,,0.0,false,14.8,247.1145061656111,false
1,66,00:15,91,06:30,25,1,,,0.0,false,14.8,247.5954218046759,false
1,66,00:15,92,06:45,26,1,,,0.0,false,14.8,248.07633744374073,false
1,66,00:15,93,07:00,27,1,,,0.0,false,14.8,248.55725308280554,false
1,66,00:15,94,07:15,28,1,,,0.0,false,14.8,249.03816872187036,false
1,66,00:15,95,07:30,29,1,,,0.0,false,14.8,249.51908436093518,false
1,66,00:15,96,07:45,30,1,,,0.0,false,14.8,250.0,false
1,67,00:30,67,00:30,0,1,,,0.0,false,14.8,236.05344646712027,false
1,67,00:30,68,00:45,1,1,,,0.0,false,14.8,236.53436210618509,false
1,67,00:30,69,01:00,2,1,,,0.0,false,14.8,237.0152777452499,false
1,67,00:30,70,01:15,3,1,,,0.0,false,14.8,237.49619338431472,false
1,67,00:30,71,01:30,4,1,,,0.0,false,14.8,237.97710902337954,false
1,67,00:30,72,01:45,5,1,,,0.0,false,14.8,238.45802466244436,false
1,67,00:30,73,02:00,6,1,,,0.0,false,14.8,238.93894030150918,false
1,67,00:30,74,02:15,7,1,,,0.0,false,14.8,239.419855940574,false
1,67,00:30,75,02:30,8,1,,,0.0,false,14.8,239.9007715796388,false
1,67,00:30,76,02:45,9,1,,,0.0,false,14.8,240.38168721870363,false
1,67,00:30,77,03:00,10,1,,,0.0,false,14.8,240.86260285776845,false
1,67,00:30,78,03:15,11,1,,,0.0,false,14.8,241.34351849683327,false
1,67,00:30,79,03:30,12,1,,,0.0,false,14.8,241.8244341358981,false
1,67,00:30,80,03:45,13,1,,,0.0,false,14.8,242.3053497749629,false
1,67,00:30,81,04:00,14,1,,,0.0,false,14.8,242.78626541402772,false
1,67,00:30,82,04:15,15,1,,,0.0,false,14.8,243.26718105309254,false
1,67,00:30,83,04:30,16,1,,,0.0,false,14.8,243.74809669215736,false
1,67,00:30,84,04:45,17,1,,,0.0,false,14.8,244.22901233122218,false
1,67,00:30,85,05:00,18,1,,,0.0,false,14.8,244.709927970287,false
1,67,00:30,86,05:15,19,1,,,0.0,false,14.8,245.19084360935182,false
1,67,00:30,87,05:30,20,1,,,0.0,false,14.8,245.67175924841663,false
1,67,00:30,88,05:45,21,1,,,0.0,false,14.8,246.15267488748145,false
1,67,00:30,89,06:00,22,1,,,0.0,false,14.8,246.63359052654627,false
1,67,00:30,90,06:15,23,1,,,0.0,false,14.8,247.1145061656111,false
1,67,00:30,91,06:30,24,1,,,0.0,false,14.8,247.5954218046759,false
1,67,00:30,92,06:45,25,1,,,0.0,false,14.8,248.07633744374073,false
1,67,00:30,93,07:00,26,1,,,0.0,false,14.8,248.55725308280554,false
1,67,00:30,94,07:15,27,1,,,0.0,false,14.8,249.03816872187036,false
1,67,00:30,95,07:30,28,1,,,0.0,false,14.8,249.51908436093518,false
1,67,00:30,96,07:45,29,1,,,0.0,false,14.8,250.0,false
1,68,00:45,68,00:45,0,1,,,0.0,false,14.8,236.53436210618509,false
1,68,00:45,69,01:00,1,1,,,0.0,false,14.8,237.0152777452499,false
1,68,00:45,70,01:15,2,1,,,0.0,false,14.8,237.49619338431472,false
1,68,00:45,71,01:30,3,1,,,0.0,false,14.8,237.97710902337954,false
1,68,00:45,72,01:45,4,1,,,0.0,false,14.8,238.45802466244436,false
1,68,00:45,73,02:00,5,1,,,0.0,false,14.8,238.93894030150918,false
1,68,00:45,74,02:15,6,1,,,0.0,false,14.8,239.419855940574,false
1,68,00:45,75,02:30,7,1,,,0.0,false,14.8,239.9007715796388,false
1,68,00:45,76,02:45,8,1,,,0.0,false,14.8,240.38168721870363,false
1,68,00:45,77,03:00,9,1,,,0.0,false,14.8,240.86260285776845,false
1,68,00:45,78,03:15,10,1,,,0.0,false,14.8,241.34351849683327,false
1,68,00:45,79,03:30,11,1,,,0.0,false,14.8,241.8244341358981,false
1,68,00:45,80,03:45,12,1,,,0.0,false,14.8,242.3053497749629,false
1,68,00:45,81,04:00,13,1,,,0.0,false,14.8,242.78626541402772,false
1,68,00:45,82,04:15,14,1,,,0.0,false,14.8,243.26718105309254,false
1,68,00:45,83,04:30,15,1,,,0.0,false,14.8,243.74809669215736,false
1,68,00:45,84,04:45,16,1,,,0.0,false,14.8,244.22901233122218,false
1,68,00:45,85,05:00,17,1,,,0.0,false,14.8,244.709927970287,false
1,68,00:45,86,05:15,18,1,,,0.0,false,14.8,245.19084360935182,false
1,68,00:45,87,05:30,19,1,,,0.0,false,14.8,245.67175924841663,false
1,68,00:45,88,05:45,20,1,,,0.0,false,14.8,246.15267488748145,false
1,68,00:45,89,06:00,21,1,,,0.0,false,14.8,246.63359052654627,false
1,68,00:45,90,06:15,22,1,,,0.0,false,14.8,247.1145061656111,false
1,68,00:45,91,06:30,23,1,,,0.0,false,14.8,247.5954218046759,false
1,68,00:45,92,06:45,24,1,,,0.0,false,14.8,248.07633744374073,false
1,68,00:45,93,07:00,25,1,,,0.0,false,14.8,248.55725308280554,false
1,68,00:45,94,07:15,26,1,,,0.0,false,14.8,249.03816872187036,false
1,68,00:45,95,07:30,27,1,,,0.0,false,14.8,249.51908436093518,false
1,68,00:45,96,07:45,28,1,,,0.0,false,14.8,250.0,false
1,69,01:00,69,01:00,0,1,,,0.0,false,14.8,237.0152777452499,false
1,69,01:00,70,01:15,1,1,,,0.0,false,14.8,237.49619338431472,false
1,69,01:00,71,01:30,2,1,,,0.0,false,14.8,237.97710902337954,false
1,69,01:00,72,01:45,3,1,,,0.0,false,14.8,238.45802466244436,false
1,69,01:00,73,02:00,4,1,,,0.0,false,14.8,238.93894030150918,false
1,69,01:00,74,02:15,5,1,,,0.0,false,14.8,239.419855940574,false
1,69,01:00,75,02:30,6,1,,,0.0,false,14.8,239.9007715796388,false
1,69,01:00,76,02:45,7,1,,,0.0,false,14.8,240.38168721870363,false
1,69,01:00,77,03:00,8,1,,,0.0,false,14.8,240.86260285776845,false
1,69,01:00,78,03:15,9,1,,,0.0,false,14.8,241.34351849683327,false
1,69,01:00,79,03:30,10,1,,,0.0,false,14.8,241.8244341358981,false
1,69,01:00,80,03:45,11,1,,,0.0,false,14.8,242.3053497749629,false
1,69,01:00,81,04:00,12,1,,,0.0,false,14.8,242.78626541402772,false
1,69,01:00,82,04:15,13,1,,,0.0,false,14.8,243.26718105309254,false
1,69,01:00,83,04:30,14,1,,,0.0,false,14.8,243.74809669215736,false
1,69,01:00,84,04:45,15,1,,,0.0,false,14.8,244.22901233122218,false
1,69,01:00,85,05:00,16,1,,,0.0,false,14.8,244.709927970287,false
1,69,01:00,86,05:15,17,1,,,0.0,false,14.8,245.19084360935182,false
1,69,01:00,87,05:30,18,1,,,0.0,false,14.8,245.67175924841663,false
1,69,01:00,88,05:45,19,1,,,0.0,false,14.8,246.15267488748145,false
1,69,01:00,89,06:00,20,1,,,0.0,false,14.8,246.63359052654627,false
1,69,01:00,90,06:15,21,1,,,0.0,false,14.8,247.1145061656111,false
1,69,01:00,91,06:30,22,1,,,0.0,false,14.8,247.5954218046759,false
1,69,01:00,92,06:45,23,1,,,0.0,false,14.8,248.07633744374073,false
1,69,01:00,93,07:00,24,1,,,0.0,false,14.8,248.55725308280554,false
1,69,01:00,94,07:15,25,1,,,0.0,false,14.8,249.03816872187036,false
1,69,01:00,95,07:30,26,1,,,0.0,false,14.8,249.51908436093518,false
1,69,01:00,96,07:45,27,1,,,0.0,false,14.8,250.0,false
1,70,01:15,70,01:15,0,1,,,0.0,false,14.8,237.49619338431472,false
1,70,01:15,71,01:30,1,1,,,0.0,false,14.8,237.97710902337954,false
1,70,01:15,72,01:45,2,1,,,0.0,false,14.8,238.45802466244436,false
1,70,01:15,73,02:00,3,1,,,0.0,false,14.8,238.93894030150918,false
1,70,01:15,74,02:15,4,1,,,0.0,false,14.8,239.419855940574,false
1,70,01:15,75,02:30,5,1,,,0.0,false,14.8,239.9007715796388,false
1,70,01:15,76,02:45,6,1,,,0.0,false,14.8,240.38168721870363,false
1,70,01:15,77,03:00,7,1,,,0.0,false,14.8,240.86260285776845,false
1,70,01:15,78,03:15,8,1,,,0.0,false,14.8,241.34351849683327,false
1,70,01:15,79,03:30,9,1,,,0.0,false,14.8,241.8244341358981,false
1,70,01:15,80,03:45,10,1,,,0.0,false,14.8,242.3053497749629,false
1,70,01:15,81,04:00,11,1,,,0.0,false,14.8,242.78626541402772,false
1,70,01:15,82,04:15,12,1,,,0.0,false,14.8,243.26718105309254,false
1,70,01:15,83,04:30,13,1,,,0.0,false,14.8,243.74809669215736,false
1,70,01:15,84,04:45,14,1,,,0.0,false,14.8,244.22901233122218,false
1,70,01:15,85,05:00,15,1,,,0.0,false,14.8,244.709927970287,false
1,70,01:15,86,05:15,16,1,,,0.0,false,14.8,245.19084360935182,false
1,70,01:15,87,05:30,17,1,,,0.0,false,14.8,245.67175924841663,false
1,70,01:15,88,05:45,18,1,,,0.0,false,14.8,246.15267488748145,false
1,70,01:15,89,06:00,19,1,,,0.0,false,14.8,246.63359052654627,false
1,70,01:15,90,06:15,20,1,,,0.0,false,14.8,247.1145061656111,false
1,70,01:15,91,06:30,21,1,,,0.0,false,14.8,247.5954218046759,false
1,70,01:15,92,06:45,22,1,,,0.0,false,14.8,248.07633744374073,false
1,70,01:15,93,07:00,23,1,,,0.0,false,14.8,248.55725308280554,false
1,70,01:15,94,07:15,24,1,,,0.0,false,14.8,249.03816872187036,false
1,70,01:15,95,07:30,25,1,,,0.0,false,14.8,249.51908436093518,false
1,70,01:15,96,07:45,26,1,,,0.0,false,14.8,250.0,false
1,71,01:30,71,01:30,0,1,,,0.0,false,14.8,237.97710902337954,false
1,71,01:30,72,01:45,1,1,,,0.0,false,14.8,238.45802466244436,false
1,71,01:30,73,02:00,2,1,,,0.0,false,14.8,238.93894030150918,false
1,71,01:30,74,02:15,3,1,,,0.0,false,14.8,239.419855940574,false
1,71,01:30,75,02:30,4,1,,,0.0,false,14.8,239.9007715796388,false
1,71,01:30,76,02:45,5,1,,,0.0,false,14.8,240.38168721870363,false
1,71,01:30,77,03:00,6,1,,,0.0,false,14.8,240.86260285776845,false
1,71,01:30,78,03:15,7,1,,,0.0,false,14.8,241.34351849683327,false
1,71,01:30,79,03:30,8,1,,,0.0,false,14.8,241.8244341358981,false
1,71,01:30,80,03:45,9,1,,,0.0,false,14.8,242.3053497749629,false
1,71,01:30,81,04:00,10,1,,,0.0,false,14.8,242.78626541402772,false
1,71,01:30,82,04:15,11,1,,,0.0,false,14.8,243.26718105309254,false
1,71,01:30,83,04:30,12,1,,,0.0,false,14.8,243.74809669215736,false
1,71,01:30,84,04:45,13,1,,,0.0,false,14.8,244.22901233122218,false
1,71,01:30,85,05:00,14,1,,,0.0,false,14.8,244.709927970287,false
1,71,01:30,86,05:15,15,1,,,0.0,false,14.8,245.19084360935182,false
1,71,01:30,87,05:30,16,1,,,0.0,false,14.8,245.67175924841663,false
1,71,01:30,88,05:45,17,1,,,0.0,false,14.8,246.15267488748145,false
1,71,01:30,89,06:00,18,1,,,0.0,false,14.8,246.63359052654627,false
1,71,01:30,90,06:15,19,1,,,0.0,false,14.8,247.1145061656111,false
1,71,01:30,91,06:30,20,1,,,0.0,false,14.8,247.5954218046759,false
1,71,01:30,92,06:45,21,1,,,0.0,false,14.8,248.07633744374073,false
1,71,01:30,93,07:00,22,1,,,0.0,false,14.8,248.55725308280554,false
1,71,01:30,94,07:15,23,1,,,0.0,false,14.8,249.03816872187036,false
1,71,01:30,95,07:30,24,1,,,0.0,false,14.8,249.51908436093518,false
1,71,01:30,96,07:45,25,1,,,0.0,false,14.8,250.0,false
1,72,01:45,72,01:45,0,1,,,0.0,false,14.8,238.45802466244436,false
1,72,01:45,73,02:00,1,1,,,0.0,false,14.8,238.93894030150918,false
1,72,01:45,74,02:15,2,1,,,0.0,false,14.8,239.419855940574,false
1,72,01:45,75,02:30,3,1,,,0.0,false,14.8,239.9007715796388,false
1,72,01:45,76,02:45,4,1,,,0.0,false,14.8,240.38168721870363,false
1,72,01:45,77,03:00,5,1,,,0.0,false,14.8,240.86260285776845,false
1,72,01:45,78,03:15,6,1,,,0.0,false,14.8,241.34351849683327,false
1,72,01:45,79,03:30,7,1,,,0.0,false,14.8,241.8244341358981,false
1,72,01:45,80,03:45,8,1,,,0.0,false,14.8,242.3053497749629,false
1,72,01:45,81,04:00,9,1,,,0.0,false,14.8,242.78626541402772,false
1,72,01:45,82,04:15,10,1,,,0.0,false,14.8,243.26718105309254,false
1,72,01:45,83,04:30,11,1,,,0.0,false,14.8,243.74809669215736,false
1,72,01:45,84,04:45,12,1,,,0.0,false,14.8,244.22901233122218,false
1,72,01:45,85,05:00,13,1,,,0.0,false,14.8,244.709927970287,false
1,72,01:45,86,05:15,14,1,,,0.0,false,14.8,245.19084360935182,false
1,72,01:45,87,05:30,15,1,,,0.0,false,14.8,245.67175924841663,false
1,72,01:45,88,05:45,16,1,,,0.0,false,14.8,246.15267488748145,false
1,72,01:45,89,06:00,17,1,,,0.0,false,14.8,246.63359052654627,false
1,72,01:45,90,06:15,18,1,,,0.0,false,14.8,247.1145061656111,false
1,72,01:45,91,06:30,19,1,,,0.0,false,14.8,247.5954218046759,false
1,72,01:45,92,06:45,20,1,,,0.0,false,14.8,248.07633744374073,false
1,72,01:45,93,07:00,21,1,,,0.0,false,14.8,248.55725308280554,false
1,72,01:45,94,07:15,22,1,,,0.0,false,14.8,249.03816872187036,false
1,72,01:45,95,07:30,23,1,,,0.0,false,14.8,249.51908436093518,false
1,72,01:45,96,07:45,24,1,,,0.0,false,14.8,250.0,false
1,73,02:00,73,02:00,0,1,,,0.0,false,14.8,238.93894030150918,false
1,73,02:00,74,02:15,1,1,,,0.0,false,14.8,239.419855940574,false
1,73,02:00,75,02:30,2,1,,,0.0,false,14.8,239.9007715796388,false
1,73,02:00,76,02:45,3,1,,,0.0,false,14.8,240.38168721870363,false
1,73,02:00,77,03:00,4,1,,,0.0,false,14.8,240.86260285776845,false
1,73,02:00,78,03:15,5,1,,,0.0,false,14.8,241.34351849683327,false
1,73,02:00,79,03:30,6,1,,,0.0,false,14.8,241.8244341358981,false
1,73,02:00,80,03:45,7,1,,,0.0,false,14.8,242.3053497749629,false
1,73,02:00,81,04:00,8,1,,,0.0,false,14.8,242.78626541402772,false
1,73,02:00,82,04:15,9,1,,,0.0,false,14.8,243.26718105309254,false
1,73,02:00,83,04:30,10,1,,,0.0,false,14.8,243.74809669215736,false
1,73,02:00,84,04:45,11,1,,,0.0,false,14.8,244.22901233122218,false
1,73,02:00,85,05:00,12,1,,,0.0,false,14.8,244.709927970287,false
1,73,02:00,86,05:15,13,1,,,0.0,false,14.8,245.19084360935182,false
1,73,02:00,87,05:30,14,1,,,0.0,false,14.8,245.67175924841663,false
1,73,02:00,88,05:45,15,1,,,0.0,false,14.8,246.15267488748145,false
1,73,02:00,89,06:00,16,1,,,0.0,false,14.8,246.63359052654627,false
1,73,02:00,90,06:15,17,1,,,0.0,false,14.8,247.1145061656111,false
1,73,02:00,91,06:30,18,1,,,0.0,false,14.8,247.5954218046759,false
1,73,02:00,92,06:45,19,1,,,0.0,false,14.8,248.07633744374073,false
1,73,02:00,93,07:00,20,1,,,0.0,false,14.8,248.55725308280554,false
1,73,02:00,94,07:15,21,1,,,0.0,false,14.8,249.03816872187036,false
1,73,02:00,95,07:30,22,1,,,0.0,false,14.8,249.51908436093518,false
1,73,02:00,96,07:45,23,1,,,0.0,false,14.8,250.0,false
1,74,02:15,74,02:15,0,1,,,0.0,false,14.8,239.419855940574,false
1,74,02:15,75,02:30,1,1,,,0.0,false,14.8,239.9007715796388,false
1,74,02:15,76,02:45,2,1,,,0.0,false,14.8,240.38168721870363,false
1,74,02:15,77,03:00,3,1,,,0.0,false,14.8,240.86260285776845,false
1,74,02:15,78,03:15,4,1,,,0.0,false,14.8,241.34351849683327,false
1,74,02:15,79,03:30,5,1,,,0.0,false,14.8,241.8244341358981,false
1,74,02:15,80,03:45,6,1,,,0.0,false,14.8,242.3053497749629,false
1,74,02:15,81,04:00,7,1,,,0.0,false,14.8,242.78626541402772,false
1,74,02:15,82,04:15,8,1,,,0.0,false,14.8,243.26718105309254,false
1,74,02:15,83,04:30,9,1,,,0.0,false,14.8,243.74809669215736,false
1,74,02:15,84,04:45,10,1,,,0.0,false,14.8,244.22901233122218,false
1,74,02:15,85,05:00,11,1,,,0.0,false,14.8,244.709927970287,false
1,74,02:15,86,05:15,12,1,,,0.0,false,14.8,245.19084360935182,false
1,74,02:15,87,05:30,13,1,,,0.0,false,14.8,245.67175924841663,false
1,74,02:15,88,05:45,14,1,,,0.0,false,14.8,246.15267488748145,false
1,74,02:15,89,06:00,15,1,,,0.0,false,14.8,246.63359052654627,false
1,74,02:15,90,06:15,16,1,,,0.0,false,14.8,247.1145061656111,false
1,74,02:15,91,06:30,17,1,,,0.0,false,14.8,247.5954218046759,false
1,74,02:15,92,06:45,18,1,,,0.0,false,14.8,248.07633744374073,false
1,74,02:15,93,07:00,19,1,,,0.0,false,14.8,248.55725308280554,false
1,74,02:15,94,07:15,20,1,,,0.0,false,14.8,249.03816872187036,false
1,74,02:15,95,07:30,21,1,,,0.0,false,14.8,249.51908436093518,false
1,74,02:15,96,07:45,22,1,,,0.0,false,14.8,250.0,false
1,75,02:30,75,02:30,0,1,,,0.0,false,14.8,239.9007715796388,false
1,75,02:30,76,02:45,1,1,,,0.0,false,14.8,240.38168721870363,false
1,75,02:30,77,03:00,2,1,,,0.0,false,14.8,240.86260285776845,false
1,75,02:30,78,03:15,3,1,,,0.0,false,14.8,241.34351849683327,false
1,75,02:30,79,03:30,4,1,,,0.0,false,14.8,241.8244341358981,false
1,75,02:30,80,03:45,5,1,,,0.0,false,14.8,242.3053497749629,false
1,75,02:30,81,04:00,6,1,,,0.0,false,14.8,242.78626541402772,false
1,75,02:30,82,04:15,7,1,,,0.0,false,14.8,243.26718105309254,false
1,75,02:30,83,04:30,8,1,,,0.0,false,14.8,243.74809669215736,false
1,75,02:30,84,04:45,9,1,,,0.0,false,14.8,244.22901233122218,false
1,75,02:30,85,05:00,10,1,,,0.0,false,14.8,244.709927970287,false
1,75,02:30,86,05:15,11,1,,,0.0,false,14.8,245.19084360935182,false
1,75,02:30,87,05:30,12,1,,,0.0,false,14.8,245.67175924841663,false
1,75,02:30,88,05:45,13,1,,,0.0,false,14.8,246.15267488748145,false
1,75,02:30,89,06:00,14,1,,,0.0,false,14.8,246.63359052654627,false
1,75,02:30,90,06:15,15,1,,,0.0,false,14.8,247.1145061656111,false
1,75,02:30,91,06:30,16,1,,,0.0,false,14.8,247.5954218046759,false
1,75,02:30,92,06:45,17,1,,,0.0,false,14.8,248.07633744374073,false
1,75,02:30,93,07:00,18,1,,,0.0,false,14.8,248.55725308280554,false
1,75,02:30,94,07:15,19,1,,,0.0,false,14.8,249.03816872187036,false
1,75,02:30,95,07:30,20,1,,,0.0,false,14.8,249.51908436093518,false
1,75,02:30,96,07:45,21,1,,,0.0,false,14.8,250.0,false
1,76,02:45,76,02:45,0,1,,,0.0,false,14.8,240.38168721870363,false
1,76,02:45,77,03:00,1,1,,,0.0,false,14.8,240.86260285776845,false
1,76,02:45,78,03:15,2,1,,,0.0,false,14.8,241.34351849683327,false
1,76,02:45,79,03:30,3,1,,,0.0,false,14.8,241.8244341358981,false
1,76,02:45,80,03:45,4,1,,,0.0,false,14.8,242.3053497749629,false
1,76,02:45,81,04:00,5,1,,,0.0,false,14.8,242.78626541402772,false
1,76,02:45,82,04:15,6,1,,,0.0,false,14.8,243.26718105309254,false
1,76,02:45,83,04:30,7,1,,,0.0,false,14.8,243.74809669215736,false
1,76,02:45,84,04:45,8,1,,,0.0,false,14.8,244.22901233122218,false
1,76,02:45,85,05:00,9,1,,,0.0,false,14.8,244.709927970287,false
1,76,02:45,86,05:15,10,1,,,0.0,false,14.8,245.19084360935182,false
1,76,02:45,87,05:30,11,1,,,0.0,false,14.8,245.67175924841663,false
1,76,02:45,88,05:45,12,1,,,0.0,false,14.8,246.15267488748145,false
1,76,02:45,89,06:00,13,1,,,0.0,false,14.8,246.63359052654627,false
1,76,02:45,90,06:15,14,1,,,0.0,false,14.8,247.1145061656111,false
1,76,02:45,91,06:30,15,1,,,0.0,false,14.8,247.5954218046759,false
1,76,02:45,92,06:45,16,1,,,0.0,false,14.8,248.07633744374073,false
1,76,02:45,93,07:00,17,1,,,0.0,false,14.8,248.55725308280554,false
1,76,02:45,94,07:15,18,1,,,0.0,false,14.8,249.03816872187036,false
1,76,02:45,95,07:30,19,1,,,0.0,false,14.8,249.51908436093518,false
1,76,02:45,96,07:45,20,1,,,0.0,false,14.8,250.0,false
1,77,03:00,77,03:00,0,1,,,0.0,false,14.8,240.86260285776845,false
1,77,03:00,78,03:15,1,1,,,0.0,false,14.8,241.34351849683327,false
1,77,03:00,79,03:30,2,1,,,0.0,false,14.8,241.8244341358981,false
1,77,03:00,80,03:45,3,1,,,0.0,false,14.8,242.3053497749629,false
1,77,03:00,81,04:00,4,1,,,0.0,false,14.8,242.78626541402772,false
1,77,03:00,82,04:15,5,1,,,0.0,false,14.8,243.26718105309254,false
1,77,03:00,83,04:30,6,1,,,0.0,false,14.8,243.74809669215736,false
1,77,03:00,84,04:45,7,1,,,0.0,false,14.8,244.22901233122218,false
1,77,03:00,85,05:00,8,1,,,0.0,false,14.8,244.709927970287,false
1,77,03:00,86,05:15,9,1,,,0.0,false,14.8,245.19084360935182,false
1,77,03:00,87,05:30,10,1,,,0.0,false,14.8,245.67175924841663,false
1,77,03:00,88,05:45,11,1,,,0.0,false,14.8,246.15267488748145,false
1,77,03:00,89,06:00,12,1,,,0.0,false,14.8,246.63359052654627,false
1,77,03:00,90,06:15,13,1,,,0.0,false,14.8,247.1145061656111,false
1,77,03:00,91,06:30,14,1,,,0.0,false,14.8,247.5954218046759,false
1,77,03:00,92,06:45,15,1,,,0.0,false,14.8,248.07633744374073,false
1,77,03:00,93,07:00,16,1,,,0.0,false,14.8,248.55725308280554,false
1,77,03:00,94,07:15,17,1,,,0.0,false,14.8,249.03816872187036,false
1,77,03:00,95,07:30,18,1,,,0.0,false,14.8,249.51908436093518,false
1,77,03:00,96,07:45,19,1,,,0.0,false,14.8,250.0,false
1,78,03:15,78,03:15,0,1,,,0.0,false,14.8,241.34351849683327,false
1,78,03:15,79,03:30,1,1,,,0.0,false,14.8,241.8244341358981,false
1,78,03:15,80,03:45,2,1,,,0.0,false,14.8,242.3053497749629,false
1,78,03:15,81,04:00,3,1,,,0.0,false,14.8,242.78626541402772,false
1,78,03:15,82,04:15,4,1,,,0.0,false,14.8,243.26718105309254,false
1,78,03:15,83,04:30,5,1,,,0.0,false,14.8,243.74809669215736,false
1,78,03:15,84,04:45,6,1,,,0.0,false,14.8,244.22901233122218,false
1,78,03:15,85,05:00,7,1,,,0.0,false,14.8,244.709927970287,false
1,78,03:15,86,05:15,8,1,,,0.0,false,14.8,245.19084360935182,false
1,78,03:15,87,05:30,9,1,,,0.0,false,14.8,245.67175924841663,false
1,78,03:15,88,05:45,10,1,,,0.0,false,14.8,246.15267488748145,false
1,78,03:15,89,06:00,11,1,,,0.0,false,14.8,246.63359052654627,false
1,78,03:15,90,06:15,12,1,,,0.0,false,14.8,247.1145061656111,false
1,78,03:15,91,06:30,13,1,,,0.0,false,14.8,247.5954218046759,false
1,78,03:15,92,06:45,14,1,,,0.0,false,14.8,248.07633744374073,false
1,78,03:15,93,07:00,15,1,,,0.0,false,14.8,248.55725308280554,false
1,78,03:15,94,07:15,16,1,,,0.0,false,14.8,249.03816872187036,false
1,78,03:15,95,07:30,17,1,,,0.0,false,14.8,249.51908436093518,false
1,78,03:15,96,07:45,18,1,,,0.0,false,14.8,250.0,false
1,79,03:30,79,03:30,0,1,,,0.0,false,14.8,241.8244341358981,false
1,79,03:30,80,03:45,1,1,,,0.0,false,14.8,242.3053497749629,false
1,79,03:30,81,04:00,2,1,,,0.0,false,14.8,242.78626541402772,false
1,79,03:30,82,04:15,3,1,,,0.0,false,14.8,243.26718105309254,false
1,79,03:30,83,04:30,4,1,,,0.0,false,14.8,243.74809669215736,false
1,79,03:30,84,04:45,5,1,,,0.0,false,14.8,244.22901233122218,false
1,79,03:30,85,05:00,6,1,,,0.0,false,14.8,244.709927970287,false
1,79,03:30,86,05:15,7,1,,,0.0,false,14.8,245.19084360935182,false
1,79,03:30,87,05:30,8,1,,,0.0,false,14.8,245.67175924841663,false
1,79,03:30,88,05:45,9,1,,,0.0,false,14.8,246.15267488748145,false
1,79,03:30,89,06:00,10,1,,,0.0,false,14.8,246.63359052654627,false
1,79,03:30,90,06:15,11,1,,,0.0,false,14.8,247.1145061656111,false
1,79,03:30,91,06:30,12,1,,,0.0,false,14.8,247.5954218046759,false
1,79,03:30,92,06:45,13,1,,,0.0,false,14.8,248.07633744374073,false
1,79,03:30,93,07:00,14,1,,,0.0,false,14.8,248.55725308280554,false
1,79,03:30,94,07:15,15,1,,,0.0,false,14.8,249.03816872187036,false
1,79,03:30,95,07:30,16,1,,,0.0,false,14.8,249.51908436093518,false
1,79,03:30,96,07:45,17,1,,,0.0,false,14.8,250.0,false
1,80,03:45,80,03:45,0,1,,,0.0,false,14.8,242.3053497749629,false
1,80,03:45,81,04:00,1,1,,,0.0,false,14.8,242.78626541402772,false
1,80,03:45,82,04:15,2,1,,,0.0,false,14.8,243.26718105309254,false
1,80,03:45,83,04:30,3,1,,,0.0,false,14.8,243.74809669215736,false
1,80,03:45,84,04:45,4,1,,,0.0,false,14.8,244.22901233122218,false
1,80,03:45,85,05:00,5,1,,,0.0,false,14.8,244.709927970287,false
1,80,03:45,86,05:15,6,1,,,0.0,false,14.8,245.19084360935182,false
1,80,03:45,87,05:30,7,1,,,0.0,false,14.8,245.67175924841663,false
1,80,03:45,88,05:45,8,1,,,0.0,false,14.8,246.15267488748145,false
1,80,03:45,89,06:00,9,1,,,0.0,false,14.8,246.63359052654627,false
1,80,03:45,90,06:15,10,1,,,0.0,false,14.8,247.1145061656111,false
1,80,03:45,91,06:30,11,1,,,0.0,false,14.8,247.5954218046759,false
1,80,03:45,92,06:45,12,1,,,0.0,false,14.8,248.07633744374073,false
1,80,03:45,93,07:00,13,1,,,0.0,false,14.8,248.55725308280554,false
1,80,03:45,94,07:15,14,1,,,0.0,false,14.8,249.03816872187036,false
1,80,03:45,95,07:30,15,1,,,0.0,false,14.8,249.51908436093518,false
1,80,03:45,96,07:45,16,1,,,0.0,false,14.8,250.0,false
1,81,04:00,81,04:00,0,1,,,0.0,false,14.8,242.78626541402772,false
1,81,04:00,82,04:15,1,1,,,0.0,false,14.8,243.26718105309254,false
1,81,04:00,83,04:30,2,1,,,0.0,false,14.8,243.74809669215736,false
1,81,04:00,84,04:45,3,1,,,0.0,false,14.8,244.22901233122218,false
1,81,04:00,85,05:00,4,1,,,0.0,false,14.8,244.709927970287,false
1,81,04:00,86,05:15,5,1,,,0.0,false,14.8,245.19084360935182,false
1,81,04:00,87,05:30,6,1,,,0.0,false,14.8,245.67175924841663,false
1,81,04:00,88,05:45,7,1,,,0.0,false,14.8,246.15267488748145,false
1,81,04:00,89,06:00,8,1,,,0.0,false,14.8,246.63359052654627,false
1,81,04:00,90,06:15,9,1,,,0.0,false,14.8,247.1145061656111,false
1,81,04:00,91,06:30,10,1,,,0.0,false,14.8,247.5954218046759,false
1,81,04:00,92,06:45,11,1,,,0.0,false,14.8,248.07633744374073,false
1,81,04:00,93,07:00,12,1,,,0.0,false,14.8,248.55725308280554,false
1,81,04:00,94,07:15,13,1,,,0.0,false,14.8,249.03816872187036,false
1,81,04:00,95,07:30,14,1,,,0.0,false,14.8,249.51908436093518,false
1,81,04:00,96,07:45,15,1,,,0.0,false,14.8,250.0,false
1,82,04:15,82,04:15,0,1,,,0.0,false,14.8,243.26718105309254,false
1,82,04:15,83,04:30,1,1,,,0.0,false,14.8,243.74809669215736,false
1,82,04:15,84,04:45,2,1,,,0.0,false,14.8,244.22901233122218,false
1,82,04:15,85,05:00,3,1,,,0.0,false,14.8,244.709927970287,false
1,82,04:15,86,05:15,4,1,,,0.0,false,14.8,245.19084360935182,false
1,82,04:15,87,05:30,5,1,,,0.0,false,14.8,245.67175924841663,false
1,82,04:15,88,05:45,6,1,,,0.0,false,14.8,246.15267488748145,false
1,82,04:15,89,06:00,7,1,,,0.0,false,14.8,246.63359052654627,false
1,82,04:15,90,06:15,8,1,,,0.0,false,14.8,247.1145061656111,false
1,82,04:15,91,06:30,9,1,,,0.0,false,14.8,247.5954218046759,false
1,82,04:15,92,06:45,10,1,,,0.0,false,14.8,248.07633744374073,false
1,82,04:15,93,07:00,11,1,,,0.0,false,14.8,248.55725308280554,false
1,82,04:15,94,07:15,12,1,,,0.0,false,14.8,249.03816872187036,false
1,82,04:15,95,07:30,13,1,,,0.0,false,14.8,249.51908436093518,false
1,82,04:15,96,07:45,14,1,,,0.0,false,14.8,250.0,false
1,83,04:30,83,04:30,0,1,,,0.0,false,14.8,243.74809669215736,false
1,83,04:30,84,04:45,1,1,,,0.0,false,14.8,244.22901233122218,false
1,83,04:30,85,05:00,2,1,,,0.0,false,14.8,244.709927970287,false
1,83,04:30,86,05:15,3,1,,,0.0,false,14.8,245.19084360935182,false
1,83,04:30,87,05:30,4,1,,,0.0,false,14.8,245.67175924841663,false
1,83,04:30,88,05:45,5,1,,,0.0,false,14.8,246.15267488748145,false
1,83,04:30,89,06:00,6,1,,,0.0,false,14.8,246.63359052654627,false
1,83,04:30,90,06:15,7,1,,,0.0,false,14.8,247.1145061656111,false
1,83,04:30,91,06:30,8,1,,,0.0,false,14.8,247.5954218046759,false
1,83,04:30,92,06:45,9,1,,,0.0,false,14.8,248.07633744374073,false
1,83,04:30,93,07:00,10,1,,,0.0,false,14.8,248.55725308280554,false
1,83,04:30,94,07:15,11,1,,,0.0,false,14.8,249.03816872187036,false
1,83,04:30,95,07:30,12,1,,,0.0,false,14.8,249.51908436093518,false
1,83,04:30,96,07:45,13,1,,,0.0,false,14.8,250.0,false
1,84,04:45,84,04:45,0,1,,,0.0,false,14.8,244.22901233122218,false
1,84,04:45,85,05:00,1,1,,,0.0,false,14.8,244.709927970287,false
1,84,04:45,86,05:15,2,1,,,0.0,false,14.8,245.19084360935182,false
1,84,04:45,87,05:30,3,1,,,0.0,false,14.8,245.67175924841663,false
1,84,04:45,88,05:45,4,1,,,0.0,false,14.8,246.15267488748145,false
1,84,04:45,89,06:00,5,1,,,0.0,false,14.8,246.63359052654627,false
1,84,04:45,90,06:15,6,1,,,0.0,false,14.8,247.1145061656111,false
1,84,04:45,91,06:30,7,1,,,0.0,false,14.8,247.5954218046759,false
1,84,04:45,92,06:45,8,1,,,0.0,false,14.8,248.07633744374073,false
1,84,04:45,93,07:00,9,1,,,0.0,false,14.8,248.55725308280554,false
1,84,04:45,94,07:15,10,1,,,0.0,false,14.8,249.03816872187036,false
1,84,04:45,95,07:30,11,1,,,0.0,false,14.8,249.51908436093518,false
1,84,04:45,96,07:45,12,1,,,0.0,false,14.8,250.0,false
1,85,05:00,85,05:00,0,1,,,0.0,false,14.8,244.709927970287,false
1,85,05:00,86,05:15,1,1,,,0.0,false,14.8,245.19084360935182,false
1,85,05:00,87,05:30,2,1,,,0.0,false,14.8,245.67175924841663,false
1,85,05:00,88,05:45,3,1,,,0.0,false,14.8,246.15267488748145,false
1,85,05:00,89,06:00,4,1,,,0.0,false,14.8,246.63359052654627,false
1,85,05:00,90,06:15,5,1,,,0.0,false,14.8,247.1145061656111,false
1,85,05:00,91,06:30,6,1,,,0.0,false,14.8,247.5954218046759,false
1,85,05:00,92,06:45,7,1,,,0.0,false,14.8,248.07633744374073,false
1,85,05:00,93,07:00,8,1,,,0.0,false,14.8,248.55725308280554,false
1,85,05:00,94,07:15,9,1,,,0.0,false,14.8,249.03816872187036,false
1,85,05:00,95,07:30,10,1,,,0.0,false,14.8,249.51908436093518,false
1,85,05:00,96,07:45,11,1,,,0.0,false,14.8,250.0,false
1,86,05:15,86,05:15,0,1,,,0.0,false,14.8,245.19084360935182,false
1,86,05:15,87,05:30,1,1,,,0.0,false,14.8,245.67175924841663,false
1,86,05:15,88,05:45,2,1,,,0.0,false,14.8,246.15267488748145,false
1,86,05:15,89,06:00,3,1,,,0.0,false,14.8,246.63359052654627,false
1,86,05:15,90,06:15,4,1,,,0.0,false,14.8,247.1145061656111,false
1,86,05:15,91,06:30,5,1,,,0.0,false,14.8,247.5954218046759,false
1,86,05:15,92,06:45,6,1,,,0.0,false,14.8,248.07633744374073,false
1,86,05:15,93,07:00,7,1,,,0.0,false,14.8,248.55725308280554,false
1,86,05:15,94,07:15,8,1,,,0.0,false,14.8,249.03816872187036,false
1,86,05:15,95,07:30,9,1,,,0.0,false,14.8,249.51908436093518,false
1,86,05:15,96,07:45,10,1,,,0.0,false,14.8,250.0,false
1,87,05:30,87,05:30,0,1,,,0.0,false,14.8,245.67175924841663,false
1,87,05:30,88,05:45,1,1,,,0.0,false,14.8,246.15267488748145,false
1,87,05:30,89,06:00,2,1,,,0.0,false,14.8,246.63359052654627,false
1,87,05:30,90,06:15,3,1,,,0.0,false,14.8,247.1145061656111,false
1,87,05:30,91,06:30,4,1,,,0.0,false,14.8,247.5954218046759,false
1,87,05:30,92,06:45,5,1,,,0.0,false,14.8,248.07633744374073,false
1,87,05:30,93,07:00,6,1,,,0.0,false,14.8,248.55725308280554,false
1,87,05:30,94,07:15,7,1,,,0.0,false,14.8,249.03816872187036,false
1,87,05:30,95,07:30,8,1,,,0.0,false,14.8,249.51908436093518,false
1,87,05:30,96,07:45,9,1,,,0.0,false,14.8,250.0,false
1,88,05:45,88,05:45,0,1,,,0.0,false,14.8,246.15267488748145,false
1,88,05:45,89,06:00,1,1,,,0.0,false,14.8,246.63359052654627,false
1,88,05:45,90,06:15,2,1,,,0.0,false,14.8,247.1145061656111,false
1,88,05:45,91,06:30,3,1,,,0.0,false,14.8,247.5954218046759,false
1,88,05:45,92,06:45,4,1,,,0.0,false,14.8,248.07633744374073,false
1,88,05:45,93,07:00,5,1,,,0.0,false,14.8,248.55725308280554,false
1,88,05:45,94,07:15,6,1,,,0.0,false,14.8,249.03816872187036,false
1,88,05:45,95,07:30,7,1,,,0.0,false,14.8,249.51908436093518,false
1,88,05:45,96,07:45,8,1,,,0.0,false,14.8,250.0,false
1,89,06:00,89,06:00,0,1,,,0.0,false,14.8,246.63359052654627,false
1,89,06:00,90,06:15,1,1,,,0.0,false,14.8,247.1145061656111,false
1,89,06:00,91,06:30,2,1,,,0.0,false,14.8,247.5954218046759,false
1,89,06:00,92,06:45,3,1,,,0.0,false,14.8,248.07633744374073,false
1,89,06:00,93,07:00,4,1,,,0.0,false,14.8,248.55725308280554,false
1,89,06:00,94,07:15,5,1,,,0.0,false,14.8,249.03816872187036,false
1,89,06:00,95,07:30,6,1,,,0.0,false,14.8,249.51908436093518,false
1,89,06:00,96,07:45,7,1,,,0.0,false,14.8,250.0,false
1,90,06:15,90,06:15,0,1,,,0.0,false,14.8,247.1145061656111,false
1,90,06:15,91,06:30,1,1,,,0.0,false,14.8,247.5954218046759,false
1,90,06:15,92,06:45,2,1,,,0.0,false,14.8,248.07633744374073,false
1,90,06:15,93,07:00,3,1,,,0.0,false,14.8,248.55725308280554,false
1,90,06:15,94,07:15,4,1,,,0.0,false,14.8,249.03816872187036,false
1,90,06:15,95,07:30,5,1,,,0.0,false,14.8,249.51908436093518,false
1,90,06:15,96,07:45,6,1,,,0.0,false,14.8,250.0,false
1,91,06:30,91,06:30,0,1,,,0.0,false,14.8,247.5954218046759,false
1,91,06:30,92,06:45,1,1,,,0.0,false,14.8,248.07633744374073,false
1,91,06:30,93,07:00,2,1,,,0.0,false,14.8,248.55725308280554,false
1,91,06:30,94,07:15,3,1,,,0.0,false,14.8,249.03816872187036,false
1,91,06:30,95,07:30,4,1,,,0.0,false,14.8,249.51908436093518,false
1,91,06:30,96,07:45,5,1,,,0.0,false,14.8,250.0,false
1,92,06:45,92,06:45,0,1,,,0.0,false,14.8,248.07633744374073,false
1,92,06:45,93,07:00,1,1,,,0.0,false,14.8,248.55725308280554,false
1,92,06:45,94,07:15,2,1,,,0.0,false,14.8,249.03816872187036,false
1,92,06:45,95,07:30,3,1,,,0.0,false,14.8,249.51908436093518,false
1,92,06:45,96,07:45,4,1,,,0.0,false,14.8,250.0,false
1,93,07:00,93,07:00,0,1,,,0.0,false,14.8,248.55725308280554,false
1,93,07:00,94,07:15,1,1,,,0.0,false,14.8,249.03816872187036,false
1,93,07:00,95,07:30,2,1,,,0.0,false,14.8,249.51908436093518,false
1,93,07:00,96,07:45,3,1,,,0.0,false,14.8,250.0,false
1,94,07:15,94,07:15,0,1,,,0.0,false,14.8,249.03816872187036,false
1,94,07:15,95,07:30,1,1,,,0.0,false,14.8,249.51908436093518,false
1,94,07:15,96,07:45,2,1,,,0.0,false,14.8,250.0,false
1,95,07:30,95,07:30,0,1,,,0.0,false,14.8,249.51908436093518,false
1,95,07:30,96,07:45,1,1,,,0.0,false,14.8,250.0,false
1,96,07:45,96,07:45,0,1,,,0.0,false,14.8,250.0,false
