day,resolve_step,resolve_clock,offset_step,offset_clock,steps_ahead,cev,scenario_id,activity_planned,planned_power_kW,planned_charging,soe_cev_planned_kWh,soe_mcs_planned_kWh,changed_from_prior_resolve
1,1,08:00,1,08:00,0,1,,Digging,4.7925,false,13.601875,250.0,
1,1,08:00,2,08:15,1,1,,Digging,4.7925,false,12.403749999999977,250.0,
1,1,08:00,3,08:30,2,1,,Charging,-2.6645352591003757e-15,true,14.303749999999978,247.89473684210526,
1,1,08:00,4,08:45,3,1,,Digging,4.7925,false,13.105624999999979,247.8947368421053,
1,1,08:00,5,09:00,4,1,,Digging,4.7925,false,11.907499999999978,247.8947368421053,
1,1,08:00,6,09:15,5,1,,Charging,0.0,true,13.807499999999978,245.78947368421055,
1,1,08:00,7,09:30,6,1,,Charging,0.0,true,14.8,244.68975069252076,
1,1,08:00,8,09:45,7,1,,Traveling,4.7101,false,13.622475000000001,244.68975069252076,
1,1,08:00,9,10:00,8,1,,Loading/Swinging,3.1586,false,12.832825000000001,244.68975069252076,
1,1,08:00,10,10:15,9,1,,Digging,4.792499999999997,false,11.634700000000002,244.68975069252076,
1,1,08:00,11,10:30,10,1,,Digging,4.7925000000000075,false,10.436575000000001,244.68975069252076,
1,1,08:00,12,10:45,11,1,,Charging,5.329070518200751e-15,true,12.336575,242.58448753462602,
1,1,08:00,13,11:00,12,1,,Digging,4.7925,false,11.138449999999999,242.58448753462602,
1,1,08:00,14,11:15,13,1,,Traveling,4.7101000000000015,false,9.960924999999998,242.58448753462602,
1,1,08:00,15,11:30,14,1,,Digging,4.7925,false,8.762799999999999,242.58448753462602,
1,1,08:00,16,11:45,15,1,,Digging,4.7925,false,7.5646749999999985,242.58448753462602,
1,1,08:00,17,12:00,16,1,,Charging,0.0,true,9.464674999999998,240.47922437673128,
1,1,08:00,18,12:15,17,1,,Charging,0.0,true,11.364674999999998,238.37396121883654,
1,1,08:00,19,12:30,18,1,,,0.0,false,11.364674999999998,238.37396121883654,
1,1,08:00,20,12:45,19,1,,,0.0,false,11.364674999999998,238.83710939398355,
1,1,08:00,21,13:00,20,1,,,0.0,false,11.364674999999998,239.30025756913057,
1,1,08:00,22,13:15,21,1,,,0.0,false,11.364674999999998,239.76340574427758,
1,1,08:00,23,13:30,22,1,,,0.0,false,11.364674999999998,240.2265539194246,
1,1,08:00,24,13:45,23,1,,,0.0,false,11.364674999999998,240.6897020945716,
1,1,08:00,25,14:00,24,1,,Digging,4.7925,false,10.166549999999997,241.1528502697186,
1,1,08:00,26,14:15,25,1,,Digging,4.7925,false,8.968424999999996,241.61599844486562,
1,1,08:00,27,14:30,26,1,,Traveling,4.710099999999922,false,7.790900000000016,242.07914662001264,
1,1,08:00,28,14:45,27,1,,Digging,4.792500000000054,false,6.592775000000002,242.54229479515965,
1,1,08:00,29,15:00,28,1,,Idle,0.0,false,6.592775000000002,243.00544297030666,
1,1,08:00,30,15:15,29,1,,Loading/Swinging,3.1586,false,5.803125000000002,243.46859114545367,
1,1,08:00,31,15:30,30,1,,Loading/Swinging,3.1586,false,5.013475000000002,243.93173932060068,
1,1,08:00,32,15:45,31,1,,Loading/Swinging,3.158599999999968,false,4.223825000000007,244.3948874957477,
1,1,08:00,33,16:00,32,1,,Traveling,4.71010000000001,false,3.0463000000000044,244.3948874957477,
1,1,08:00,34,16:15,33,1,,Charging,0.0,true,4.946299999999997,242.28962433785296,
1,1,08:00,35,16:30,34,1,,Loading/Swinging,3.1585999999999887,false,4.156649999999996,242.28962433785296,
1,1,08:00,36,16:45,35,1,,Loading/Swinging,3.1586,false,3.3669999999999964,242.28962433785296,
1,1,08:00,37,17:00,36,1,,,0.0,false,3.3669999999999964,242.28962433785296,
1,1,08:00,38,17:15,37,1,,,0.0,false,3.3669999999999964,242.28962433785296,
1,1,08:00,39,17:30,38,1,,,0.0,false,3.366999999999991,242.28962433785296,
1,1,08:00,40,17:45,39,1,,,0.0,false,3.366999999999991,242.28962433785296,
1,1,08:00,41,18:00,40,1,,,0.0,false,3.366999999999991,242.28962433785296,
1,1,08:00,42,18:15,41,1,,,0.0,false,3.366999999999991,242.28962433785296,
1,1,08:00,43,18:30,42,1,,,0.0,false,3.3669999999999907,242.28962433785296,
1,1,08:00,44,18:45,43,1,,Charging,0.0,true,5.266999999999991,240.18436117995822,
1,1,08:00,45,19:00,44,1,,Charging,0.0,true,7.166999999999991,238.07909802206348,
1,1,08:00,46,19:15,45,1,,,0.0,false,7.166999999999991,238.07909802206348,
1,1,08:00,47,19:30,46,1,,Charging,0.0,true,9.066999999999991,235.97383486416874,
1,1,08:00,48,19:45,47,1,,Charging,0.0,true,10.966999999999992,233.868571706274,
1,1,08:00,49,20:00,48,1,,Charging,0.0,true,11.00000000000001,233.83200660932107,
1,1,08:00,50,20:15,49,1,,Charging,0.0,true,12.900000000000011,231.72674345142633,
1,1,08:00,51,20:30,50,1,,Charging,0.0,true,14.8,229.6214802935316,
1,1,08:00,52,20:45,51,1,,,0.0,false,14.8,229.6214802935316,
1,1,08:00,53,21:00,52,1,,,0.0,false,14.8,230.0846284686786,
1,1,08:00,54,21:15,53,1,,,0.0,false,14.8,230.5477766438256,
1,1,08:00,55,21:30,54,1,,,0.0,false,14.8,231.01092481897263,
1,1,08:00,56,21:45,55,1,,,0.0,false,14.8,231.47407299411964,
1,1,08:00,57,22:00,56,1,,,0.0,false,14.8,231.93722116926665,
1,1,08:00,58,22:15,57,1,,,0.0,false,14.8,232.40036934441366,
1,1,08:00,59,22:30,58,1,,,0.0,false,14.8,232.86351751956067,
1,1,08:00,60,22:45,59,1,,,0.0,false,14.8,233.32666569470769,
1,1,08:00,61,23:00,60,1,,,0.0,false,14.8,233.7898138698547,
1,1,08:00,62,23:15,61,1,,,0.0,false,14.8,234.2529620450017,
1,1,08:00,63,23:30,62,1,,,0.0,false,14.8,234.71611022014872,
1,1,08:00,64,23:45,63,1,,,0.0,false,14.8,235.17925839529573,
1,1,08:00,65,00:00,64,1,,,0.0,false,14.8,235.64240657044274,
1,1,08:00,66,00:15,65,1,,,0.0,false,14.8,236.10555474558976,
1,1,08:00,67,00:30,66,1,,,0.0,false,14.8,236.56870292073677,
1,1,08:00,68,00:45,67,1,,,0.0,false,14.8,237.03185109588378,
1,1,08:00,69,01:00,68,1,,,0.0,false,14.8,237.4949992710308,
1,1,08:00,70,01:15,69,1,,,0.0,false,14.8,237.9581474461778,
1,1,08:00,71,01:30,70,1,,,0.0,false,14.8,238.42129562132482,
1,1,08:00,72,01:45,71,1,,,0.0,false,14.8,238.88444379647183,
1,1,08:00,73,02:00,72,1,,,0.0,false,14.8,239.34759197161884,
1,1,08:00,74,02:15,73,1,,,0.0,false,14.8,239.81074014676585,
1,1,08:00,75,02:30,74,1,,,0.0,false,14.8,240.27388832191286,
1,1,08:00,76,02:45,75,1,,,0.0,false,14.8,240.73703649705988,
1,1,08:00,77,03:00,76,1,,,0.0,false,14.8,241.2001846722069,
1,1,08:00,78,03:15,77,1,,,0.0,false,14.8,241.6633328473539,
1,1,08:00,79,03:30,78,1,,,0.0,false,14.8,242.1264810225009,
1,1,08:00,80,03:45,79,1,,,0.0,false,14.8,242.58962919764792,
1,1,08:00,81,04:00,80,1,,,0.0,false,14.8,243.05277737279494,
1,1,08:00,82,04:15,81,1,,,0.0,false,14.8,243.51592554794195,
1,1,08:00,83,04:30,82,1,,,0.0,false,14.8,243.97907372308896,
1,1,08:00,84,04:45,83,1,,,0.0,false,14.8,244.44222189823597,
1,1,08:00,85,05:00,84,1,,,0.0,false,14.8,244.90537007338298,
1,1,08:00,86,05:15,85,1,,,0.0,false,14.8,245.36851824853,
1,1,08:00,87,05:30,86,1,,,0.0,false,14.8,245.831666423677,
1,1,08:00,88,05:45,87,1,,,0.0,false,14.8,246.29481459882402,
1,1,08:00,89,06:00,88,1,,,0.0,false,14.8,246.75796277397103,
1,1,08:00,90,06:15,89,1,,,0.0,false,14.8,247.22111094911804,
1,1,08:00,91,06:30,90,1,,,0.0,false,14.8,247.68425912426505,
1,1,08:00,92,06:45,91,1,,,0.0,false,14.8,248.14740729941207,
1,1,08:00,93,07:00,92,1,,,0.0,false,14.8,248.61055547455908,
1,1,08:00,94,07:15,93,1,,,0.0,false,14.8,249.0737036497061,
1,1,08:00,95,07:30,94,1,,,0.0,false,14.8,249.536851824853,
1,1,08:00,96,07:45,95,1,,,0.0,false,14.8,250.0,
1,2,08:15,2,08:15,0,1,,Digging,4.792499999999997,false,12.390432205832944,250.0,false
1,2,08:15,3,08:30,1,1,,Digging,4.7925,false,11.192307205832943,250.0,true
1,2,08:15,4,08:45,2,1,,Digging,4.7925,false,9.994182205832942,250.0,false
1,2,08:15,5,09:00,3,1,,Charging,0.0,true,11.033000000000003,248.8489553527235,true
1,2,08:15,6,09:15,4,1,,Traveling,4.7101,false,9.855475000000004,248.8489553527235,true
1,2,08:15,7,09:30,5,1,,Charging,0.0,true,11.755475000000004,246.74369219482875,false
1,2,08:15,8,09:45,6,1,,Charging,0.0,true,13.655475000000004,244.638429036934,true
1,2,08:15,9,10:00,7,1,,Digging,4.792499999999997,false,12.457350000000005,244.638429036934,true
1,2,08:15,10,10:15,8,1,,Digging,4.7925,false,11.259225000000004,244.638429036934,false
1,2,08:15,11,10:30,9,1,,Digging,4.792500000000004,false,10.061100000000003,244.638429036934,false
1,2,08:15,12,10:45,10,1,,Charging,0.0,true,11.961100000000004,242.53316587903927,false
1,2,08:15,13,11:00,11,1,,Digging,4.7925,false,10.762975000000004,242.53316587903927,false
1,2,08:15,14,11:15,12,1,,Traveling,4.7101,false,9.585450000000002,242.53316587903927,false
1,2,08:15,15,11:30,13,1,,Digging,4.7925,false,8.387325,242.53316587903927,false
1,2,08:15,16,11:45,14,1,,Digging,4.7925,false,7.1892000000000005,242.53316587903927,false
1,2,08:15,17,12:00,15,1,,Charging,0.0,true,9.0892,240.42790272114453,false
1,2,08:15,18,12:15,16,1,,Charging,0.0,true,10.9892,238.3226395632498,false
1,2,08:15,19,12:30,17,1,,,0.0,false,10.9892,238.3226395632498,false
1,2,08:15,20,12:45,18,1,,,0.0,false,10.9892,238.78604662539038,false
1,2,08:15,21,13:00,19,1,,,0.0,false,10.9892,239.24945368753097,false
1,2,08:15,22,13:15,20,1,,,0.0,false,10.9892,239.71286074967156,false
1,2,08:15,23,13:30,21,1,,,0.0,false,10.9892,240.17626781181215,false
1,2,08:15,24,13:45,22,1,,,0.0,false,10.9892,240.63967487395274,false
1,2,08:15,25,14:00,23,1,,Digging,4.7925,false,9.791075,241.10308193609333,false
1,2,08:15,26,14:15,24,1,,Digging,4.7925,false,8.59295,241.56648899823392,false
1,2,08:15,27,14:30,25,1,,Traveling,4.710100000000001,false,7.415425,242.0298960603745,false
1,2,08:15,28,14:45,26,1,,Loading/Swinging,3.1586,false,6.625775,242.4933031225151,true
1,2,08:15,29,15:00,27,1,,Idle,0.0,false,6.625775,242.9567101846557,false
1,2,08:15,30,15:15,28,1,,Loading/Swinging,3.1586,false,5.836124999999996,243.42011724679628,false
1,2,08:15,31,15:30,29,1,,Loading/Swinging,3.1586,false,5.046474999999996,243.88352430893687,false
1,2,08:15,32,15:45,30,1,,Loading/Swinging,3.1586,false,4.256824999999996,244.34693137107746,false
1,2,08:15,33,16:00,31,1,,Traveling,4.7101,false,3.0792999999999955,244.34693137107746,false
1,2,08:15,34,16:15,32,1,,Charging,0.0,true,4.979299999999995,242.24166821318272,false
1,2,08:15,35,16:30,33,1,,Loading/Swinging,3.1586,false,4.189649999999996,242.24166821318272,false
1,2,08:15,36,16:45,34,1,,Loading/Swinging,3.1585999999999874,false,3.399999999999999,242.24166821318272,false
1,2,08:15,37,17:00,35,1,,,0.0,false,3.399999999999999,242.24166821318272,false
1,2,08:15,38,17:15,36,1,,Charging,0.0,true,5.299999999999999,240.13640505528798,true
1,2,08:15,39,17:30,37,1,,,0.0,false,5.299999999999999,240.13640505528798,false
1,2,08:15,40,17:45,38,1,,,0.0,false,5.299999999999999,240.13640505528798,false
1,2,08:15,41,18:00,39,1,,Charging,0.0,true,7.199999999999999,238.03114189739324,true
1,2,08:15,42,18:15,40,1,,Charging,0.0,true,9.1,235.9258787394985,true
1,2,08:15,43,18:30,41,1,,Charging,0.0,true,11.0,233.82061558160376,true
1,2,08:15,44,18:45,42,1,,Charging,0.0,true,12.9,231.71535242370902,false
1,2,08:15,45,19:00,43,1,,Charging,0.0,true,14.8,229.61008926581428,false
1,2,08:15,46,19:15,44,1,,,0.0,false,14.8,229.61008926581428,false
1,2,08:15,47,19:30,45,1,,,0.0,false,14.8,229.61008926581428,true
1,2,08:15,48,19:45,46,1,,,0.0,false,14.8,229.61008926581428,true
1,2,08:15,49,20:00,47,1,,,0.0,false,14.8,229.61008926581428,true
1,2,08:15,50,20:15,48,1,,,0.0,false,14.8,229.61008926581428,true
1,2,08:15,51,20:30,49,1,,,0.0,false,14.8,229.61008926581428,true
1,2,08:15,52,20:45,50,1,,,0.0,false,14.8,229.61008926581428,false
1,2,08:15,53,21:00,51,1,,,0.0,false,14.8,230.07349632795487,false
1,2,08:15,54,21:15,52,1,,,0.0,false,14.8,230.53690339009546,false
1,2,08:15,55,21:30,53,1,,,0.0,false,14.8,231.00031045223605,false
1,2,08:15,56,21:45,54,1,,,0.0,false,14.8,231.46371751437664,false
1,2,08:15,57,22:00,55,1,,,0.0,false,14.8,231.92712457651723,false
1,2,08:15,58,22:15,56,1,,,0.0,false,14.8,232.39053163865782,false
1,2,08:15,59,22:30,57,1,,,0.0,false,14.8,232.8539387007984,false
1,2,08:15,60,22:45,58,1,,,0.0,false,14.8,233.317345762939,false
1,2,08:15,61,23:00,59,1,,,0.0,false,14.8,233.7807528250796,false
1,2,08:15,62,23:15,60,1,,,0.0,false,14.8,234.24415988722018,false
1,2,08:15,63,23:30,61,1,,,0.0,false,14.8,234.70756694936077,false
1,2,08:15,64,23:45,62,1,,,0.0,false,14.8,235.17097401150136,false
1,2,08:15,65,00:00,63,1,,,0.0,false,14.8,235.63438107364195,false
1,2,08:15,66,00:15,64,1,,,0.0,false,14.8,236.09778813578254,false
1,2,08:15,67,00:30,65,1,,,0.0,false,14.8,236.56119519792313,false
1,2,08:15,68,00:45,66,1,,,0.0,false,14.8,237.02460226006372,false
1,2,08:15,69,01:00,67,1,,,0.0,false,14.8,237.4880093222043,false
1,2,08:15,70,01:15,68,1,,,0.0,false,14.8,237.9514163843449,false
1,2,08:15,71,01:30,69,1,,,0.0,false,14.8,238.41482344648549,false
1,2,08:15,72,01:45,70,1,,,0.0,false,14.8,238.87823050862607,false
1,2,08:15,73,02:00,71,1,,,0.0,false,14.8,239.34163757076666,false
1,2,08:15,74,02:15,72,1,,,0.0,false,14.8,239.80504463290725,false
1,2,08:15,75,02:30,73,1,,,0.0,false,14.8,240.26845169504784,false
1,2,08:15,76,02:45,74,1,,,0.0,false,14.8,240.73185875718843,false
1,2,08:15,77,03:00,75,1,,,0.0,false,14.8,241.19526581932902,false
1,2,08:15,78,03:15,76,1,,,0.0,false,14.8,241.6586728814696,false
1,2,08:15,79,03:30,77,1,,,0.0,false,14.8,242.1220799436102,false
1,2,08:15,80,03:45,78,1,,,0.0,false,14.8,242.5854870057508,false
1,2,08:15,81,04:00,79,1,,,0.0,false,14.8,243.04889406789138,false
1,2,08:15,82,04:15,80,1,,,0.0,false,14.8,243.51230113003197,false
1,2,08:15,83,04:30,81,1,,,0.0,false,14.8,243.97570819217256,false
1,2,08:15,84,04:45,82,1,,,0.0,false,14.8,244.43911525431315,false
1,2,08:15,85,05:00,83,1,,,0.0,false,14.8,244.90252231645374,false
1,2,08:15,86,05:15,84,1,,,0.0,false,14.8,245.36592937859433,false
1,2,08:15,87,05:30,85,1,,,0.0,false,14.8,245.82933644073492,false
1,2,08:15,88,05:45,86,1,,,0.0,false,14.8,246.2927435028755,false
1,2,08:15,89,06:00,87,1,,,0.0,false,14.8,246.7561505650161,false
1,2,08:15,90,06:15,88,1,,,0.0,false,14.8,247.2195576271567,false
1,2,08:15,91,06:30,89,1,,,0.0,false,14.8,247.68296468929728,false
1,2,08:15,92,06:45,90,1,,,0.0,false,14.8,248.14637175143787,false
1,2,08:15,93,07:00,91,1,,,0.0,false,14.8,248.60977881357846,false
1,2,08:15,94,07:15,92,1,,,0.0,false,14.8,249.07318587571885,false
1,2,08:15,95,07:30,93,1,,,0.0,false,14.8,249.53659293785944,false
1,2,08:15,96,07:45,94,1,,,0.0,false,14.8,250.0,false
1,3,08:30,3,08:30,0,1,,Charging,-1.1226575225009583e-12,true,14.098125000000364,248.09148970418985,true
1,3,08:30,4,08:45,1,1,,Digging,4.792499999999924,false,12.900000000000382,248.09148970418985,false
1,3,08:30,5,09:00,2,1,,Charging,0.0,true,14.800000000000745,245.98622654629472,false
1,3,08:30,6,09:15,3,1,,Digging,4.792499999984906,false,13.601875000004519,245.98622654629472,true
1,3,08:30,7,09:30,4,1,,Traveling,4.7101,false,12.42435000000452,245.98622654629472,true
1,3,08:30,8,09:45,5,1,,Charging,2.6000535058301466e-11,true,14.324349999998121,243.88096338839986,false
1,3,08:30,9,10:00,6,1,,Digging,4.7925,false,13.12622499999812,243.88096338839986,false
1,3,08:30,10,10:15,7,1,,Digging,4.792499999990555,false,11.928100000000482,244.35293718226546,false
1,3,08:30,11,10:30,8,1,,Digging,4.792499999999975,false,10.729975000000488,244.82491097613106,false
1,3,08:30,12,10:45,9,1,,Digging,4.792499999983613,false,9.531850000004585,245.29688476999667,true
1,3,08:30,13,11:00,10,1,,Idle,8.014467738348653e-12,false,9.531850000002589,245.76885856386227,true
1,3,08:30,14,11:15,11,1,,Traveling,4.710100000001262,false,8.354325000002273,246.24083235772787,false
1,3,08:30,15,11:30,12,1,,Digging,4.7925,false,7.156200000002273,246.71280615159347,false
1,3,08:30,16,11:45,13,1,,Digging,4.7925,false,5.958075000002273,247.18477994545907,false
1,3,08:30,17,12:00,14,1,,,0.0,false,5.958075000002273,247.65675373932467,true
1,3,08:30,18,12:15,15,1,,,0.0,false,5.958075000002273,248.12872753319027,true
1,3,08:30,19,12:30,16,1,,,0.0,false,5.958075000002273,248.60070132705587,false
1,3,08:30,20,12:45,17,1,,,0.0,false,5.958075000002274,249.07267512092147,false
1,3,08:30,21,13:00,18,1,,,0.0,false,5.958075000002274,249.54464891478437,false
1,3,08:30,22,13:15,19,1,,,0.0,false,5.958075000002274,249.54464891478625,false
1,3,08:30,23,13:30,20,1,,Charging,0.0,true,7.858075000002273,247.4393857568915,true
1,3,08:30,24,13:45,21,1,,Charging,0.0,true,9.758075000004155,245.3341225989947,true
1,3,08:30,25,14:00,22,1,,Digging,4.792499999999686,false,8.559950000004232,245.3341225989947,false
1,3,08:30,26,14:15,23,1,,Digging,4.7925,false,7.361825000004232,245.3341225989947,false
1,3,08:30,27,14:30,24,1,,Charging,0.0,true,9.261825000004231,243.22885944109996,true
1,3,08:30,28,14:45,25,1,,Traveling,4.710099999994084,false,8.084300000005712,243.22885944109996,true
1,3,08:30,29,15:00,26,1,,Loading/Swinging,3.1586,false,7.294650000005712,243.22885944109996,true
1,3,08:30,30,15:15,27,1,,Loading/Swinging,3.1586000000075867,false,6.505000000003815,243.22885944109996,false
1,3,08:30,31,15:30,28,1,,Loading/Swinging,3.1586,false,5.715350000003815,243.22885944109996,false
1,3,08:30,32,15:45,29,1,,Charging,3.5914331556844793e-11,true,7.615349999996596,241.12359628320328,true
1,3,08:30,33,16:00,30,1,,Loading/Swinging,3.158599999970002,false,6.825700000004096,241.12359628320328,true
1,3,08:30,34,16:15,31,1,,Traveling,4.7101,false,5.648175000004095,241.12359628320328,true
1,3,08:30,35,16:30,32,1,,Loading/Swinging,3.1585999999967314,false,4.858525000004912,241.12359628320328,false
1,3,08:30,36,16:45,33,1,,Loading/Swinging,3.1586,false,4.068875000004912,241.12359628320328,false
1,3,08:30,37,17:00,34,1,,Charging,0.0,true,5.968875000004912,239.01833312530854,true
1,3,08:30,38,17:15,35,1,,,0.0,false,5.968875000004912,239.01833312530854,true
1,3,08:30,39,17:30,36,1,,,0.0,false,5.968875000004912,239.01833312530854,false
1,3,08:30,40,17:45,37,1,,,0.0,false,5.968875000004912,239.01833312530854,false
1,3,08:30,41,18:00,38,1,,Charging,0.0,true,7.868875000004911,236.9130699674138,false
1,3,08:30,42,18:15,39,1,,Charging,0.0,true,9.099999999999998,235.54894254359652,false
1,3,08:30,43,18:30,40,1,,Charging,0.0,true,11.0,233.44367938570178,false
1,3,08:30,44,18:45,41,1,,Charging,0.0,true,12.9,231.33841622780704,false
1,3,08:30,45,19:00,42,1,,Charging,0.0,true,14.8,229.2331530699123,false
1,3,08:30,46,19:15,43,1,,,0.0,false,14.8,229.2331530699123,false
1,3,08:30,47,19:30,44,1,,,0.0,false,14.8,229.2331530699123,false
1,3,08:30,48,19:45,45,1,,,0.0,false,14.8,229.2331530699123,false
1,3,08:30,49,20:00,46,1,,,0.0,false,14.8,229.2331530699123,false
1,3,08:30,50,20:15,47,1,,,0.0,false,14.8,229.2331530699123,false
1,3,08:30,51,20:30,48,1,,,0.0,false,14.8,229.2331530699123,false
1,3,08:30,52,20:45,49,1,,,0.0,false,14.8,229.2331530699123,false
1,3,08:30,53,21:00,50,1,,,0.0,false,14.8,229.7051268637779,false
1,3,08:30,54,21:15,51,1,,,0.0,false,14.8,230.1771006576435,false
1,3,08:30,55,21:30,52,1,,,0.0,false,14.8,230.6490744515091,false
1,3,08:30,56,21:45,53,1,,,0.0,false,14.8,231.1210482453747,false
1,3,08:30,57,22:00,54,1,,,0.0,false,14.8,231.5930220392403,false
1,3,08:30,58,22:15,55,1,,,0.0,false,14.8,232.0649958331059,false
1,3,08:30,59,22:30,56,1,,,0.0,false,14.8,232.5369696269715,false
1,3,08:30,60,22:45,57,1,,,0.0,false,14.8,233.0089434208371,false
1,3,08:30,61,23:00,58,1,,,0.0,false,14.8,233.4809172147027,false
1,3,08:30,62,23:15,59,1,,,0.0,false,14.8,233.95289100856832,false
1,3,08:30,63,23:30,60,1,,,0.0,false,14.8,234.42486480243392,false
1,3,08:30,64,23:45,61,1,,,0.0,false,14.8,234.89683859629952,false
1,3,08:30,65,00:00,62,1,,,0.0,false,14.8,235.36881239016512,false
1,3,08:30,66,00:15,63,1,,,0.0,false,14.8,235.84078618403072,false
1,3,08:30,67,00:30,64,1,,,0.0,false,14.8,236.31275997789632,false
1,3,08:30,68,00:45,65,1,,,0.0,false,14.8,236.78473377176192,false
1,3,08:30,69,01:00,66,1,,,0.0,false,14.8,237.25670756562752,false
1,3,08:30,70,01:15,67,1,,,0.0,false,14.8,237.72868135949312,false
1,3,08:30,71,01:30,68,1,,,0.0,false,14.8,238.20065515335872,false
1,3,08:30,72,01:45,69,1,,,0.0,false,14.8,238.67262894722433,false
1,3,08:30,73,02:00,70,1,,,0.0,false,14.8,239.14460274108993,false
1,3,08:30,74,02:15,71,1,,,0.0,false,14.8,239.61657653495553,false
1,3,08:30,75,02:30,72,1,,,0.0,false,14.8,240.08855032882113,false
1,3,08:30,76,02:45,73,1,,,0.0,false,14.8,240.56052412268673,false
1,3,08:30,77,03:00,74,1,,,0.0,false,14.8,241.03249791655233,false
1,3,08:30,78,03:15,75,1,,,0.0,false,14.8,241.50447171041793,false
1,3,08:30,79,03:30,76,1,,,0.0,false,14.8,241.97644550428353,false
1,3,08:30,80,03:45,77,1,,,0.0,false,14.8,242.44841929814913,false
1,3,08:30,81,04:00,78,1,,,0.0,false,14.8,242.92039309201473,false
1,3,08:30,82,04:15,79,1,,,0.0,false,14.8,243.39236688588034,false
1,3,08:30,83,04:30,80,1,,,0.0,false,14.8,243.86434067974594,false
1,3,08:30,84,04:45,81,1,,,0.0,false,14.8,244.33631447361154,false
1,3,08:30,85,05:00,82,1,,,0.0,false,14.8,244.80828826747714,false
1,3,08:30,86,05:15,83,1,,,0.0,false,14.8,245.28026206134274,false
1,3,08:30,87,05:30,84,1,,,0.0,false,14.8,245.75223585520834,false
1,3,08:30,88,05:45,85,1,,,0.0,false,14.8,246.22420964907394,false
1,3,08:30,89,06:00,86,1,,,0.0,false,14.8,246.69618344293954,false
1,3,08:30,90,06:15,87,1,,,0.0,false,14.8,247.16815723680514,false
1,3,08:30,91,06:30,88,1,,,0.0,false,14.8,247.64013103067074,false
1,3,08:30,92,06:45,89,1,,,0.0,false,14.8,248.11210482453635,false
1,3,08:30,93,07:00,90,1,,,0.0,false,14.8,248.58407861840195,false
1,3,08:30,94,07:15,91,1,,,0.0,false,14.8,249.05605241226755,false
1,3,08:30,95,07:30,92,1,,,0.0,false,14.8,249.52802620613437,false
1,3,08:30,96,07:45,93,1,,,0.0,false,14.8,250.0,false
1,4,08:45,4,08:45,0,1,,Digging,4.792500000000004,false,12.990654239051064,248.09148970418985,false
1,4,08:45,5,09:00,1,1,,Digging,4.792500000001437,false,11.792529239050715,248.09148970418985,true
1,4,08:45,6,09:15,2,1,,Charging,0.0,true,13.69252923905073,245.9862265462951,true
1,4,08:45,7,09:30,3,1,,Traveling,4.710099999998203,false,12.51500423905118,245.9862265462951,false
1,4,08:45,8,09:45,4,1,,Digging,4.792500000001687,false,11.316879239050758,245.9862265462951,true
1,4,08:45,9,10:00,5,1,,Digging,4.7925,false,10.118754239050759,245.9862265462951,false
1,4,08:45,10,10:15,6,1,,Charging,0.0,true,12.018754239050718,243.8809633884004,true
1,4,08:45,11,10:30,7,1,,Digging,4.79249999999996,false,10.820629239050714,243.8809633884004,false
1,4,08:45,12,10:45,8,1,,Digging,4.792499999999834,false,9.622504239050713,243.8809633884004,false
1,4,08:45,13,11:00,9,1,,Traveling,4.7101000000001,false,8.444979239050687,243.8809633884004,true
1,4,08:45,14,11:15,10,1,,Charging,-1.5323742275086263e-13,true,10.344979239051549,241.77570023050475,true
1,4,08:45,15,11:30,11,1,,Digging,4.7925000000017945,false,9.1468542390511,241.77570023050475,false
1,4,08:45,16,11:45,12,1,,Digging,4.7925000000001505,false,7.948729239051063,241.77570023050475,false
1,4,08:45,17,12:00,13,1,,Charging,0.0,true,9.848729239051062,239.67043707261,true
1,4,08:45,18,12:15,14,1,,Charging,0.0,true,11.748729239051231,237.5651739147151,true
1,4,08:45,19,12:30,15,1,,,0.0,false,11.748729239051231,237.5651739147151,false
1,4,08:45,20,12:45,16,1,,,0.0,false,11.748729239051231,238.02710522254264,false
1,4,08:45,21,13:00,17,1,,,0.0,false,11.748729239051231,238.48903653037019,false
1,4,08:45,22,13:15,18,1,,,0.0,false,11.748729239051231,238.95096783819773,false
1,4,08:45,23,13:30,19,1,,,0.0,false,11.748729239051231,239.41289914602527,true
1,4,08:45,24,13:45,20,1,,,0.0,false,11.748729239051231,239.8748304538528,true
1,4,08:45,25,14:00,21,1,,Digging,4.792499999999979,false,10.550604239051232,240.33676176168035,false
1,4,08:45,26,14:15,22,1,,Digging,4.7925,false,9.352479239051231,240.7986930695079,false
1,4,08:45,27,14:30,23,1,,Traveling,4.710100000000119,false,8.174954239051202,241.26062437733538,true
1,4,08:45,28,14:45,24,1,,Loading/Swinging,3.1586000000027545,false,7.385304239050513,241.72255568516292,true
1,4,08:45,29,15:00,25,1,,Idle,-3.2875785427322057e-12,false,7.385304239051335,242.18448699299046,true
1,4,08:45,30,15:15,26,1,,Loading/Swinging,3.1586000000000642,false,6.595654239051319,242.646418300818,false
1,4,08:45,31,15:30,27,1,,Loading/Swinging,3.158599999999999,false,5.806004239051319,243.10834960864554,false
1,4,08:45,32,15:45,28,1,,Loading/Swinging,3.1586000000032164,false,5.016354239050515,243.57028091647308,true
1,4,08:45,33,16:00,29,1,,Traveling,4.710100000000069,false,3.838829239050498,243.57028091647308,true
1,4,08:45,34,16:15,30,1,,Charging,-4.868176930462797e-12,true,4.979300000002102,242.30660140295464,true
1,4,08:45,35,16:30,31,1,,Loading/Swinging,3.1586000000000105,false,4.189650000001912,242.30660140295464,false
1,4,08:45,36,16:45,32,1,,Loading/Swinging,3.1586,false,3.4000000000019117,242.30660140295464,false
1,4,08:45,37,17:00,33,1,,Charging,0.0,true,5.300000000000105,240.20133824506192,false
1,4,08:45,38,17:15,34,1,,Charging,0.0,true,7.200000000000005,238.0960750871673,true
1,4,08:45,39,17:30,35,1,,Charging,0.0,true,9.100000000000005,235.99081192927255,true
1,4,08:45,40,17:45,36,1,,Charging,0.0,true,11.000000000000005,233.8855487713778,true
1,4,08:45,41,18:00,37,1,,Charging,0.0,true,12.900000000000006,231.78028561348307,false
1,4,08:45,42,18:15,38,1,,Charging,0.0,true,14.800000000000004,229.67502245558833,false
1,4,08:45,43,18:30,39,1,,,0.0,false,14.800000000000004,229.67502245558833,true
1,4,08:45,44,18:45,40,1,,,0.0,false,14.800000000000004,229.67502245558833,true
1,4,08:45,45,19:00,41,1,,,0.0,false,14.800000000000004,229.67502245558833,true
1,4,08:45,46,19:15,42,1,,,0.0,false,14.800000000000004,229.67502245558833,false
1,4,08:45,47,19:30,43,1,,,0.0,false,14.800000000000004,229.67502245558833,false
1,4,08:45,48,19:45,44,1,,,0.0,false,14.800000000000004,229.67502245558833,false
1,4,08:45,49,20:00,45,1,,,0.0,false,14.800000000000004,229.67502245558833,false
1,4,08:45,50,20:15,46,1,,,0.0,false,14.800000000000004,229.67502245558833,false
1,4,08:45,51,20:30,47,1,,,0.0,false,14.8,229.67502245558833,false
1,4,08:45,52,20:45,48,1,,,0.0,false,14.8,229.67502245558833,false
1,4,08:45,53,21:00,49,1,,,0.0,false,14.8,230.13695376341587,false
1,4,08:45,54,21:15,50,1,,,0.0,false,14.8,230.59888507124342,false
1,4,08:45,55,21:30,51,1,,,0.0,false,14.8,231.06081637907096,false
1,4,08:45,56,21:45,52,1,,,0.0,false,14.8,231.5227476868985,false
1,4,08:45,57,22:00,53,1,,,0.0,false,14.8,231.98467899472604,false
1,4,08:45,58,22:15,54,1,,,0.0,false,14.8,232.44661030255358,false
1,4,08:45,59,22:30,55,1,,,0.0,false,14.8,232.90854161038112,false
1,4,08:45,60,22:45,56,1,,,0.0,false,14.8,233.37047291820866,false
1,4,08:45,61,23:00,57,1,,,0.0,false,14.8,233.8324042260362,false
1,4,08:45,62,23:15,58,1,,,0.0,false,14.8,234.29433553386374,false
1,4,08:45,63,23:30,59,1,,,0.0,false,14.8,234.75626684169126,false
1,4,08:45,64,23:45,60,1,,,0.0,false,14.8,235.2181981495188,false
1,4,08:45,65,00:00,61,1,,,0.0,false,14.8,235.68012945734634,false
1,4,08:45,66,00:15,62,1,,,0.0,false,14.8,236.14206076517388,false
1,4,08:45,67,00:30,63,1,,,0.0,false,14.8,236.60399207300142,false
1,4,08:45,68,00:45,64,1,,,0.0,false,14.8,237.06592338082896,false
1,4,08:45,69,01:00,65,1,,,0.0,false,14.8,237.5278546886565,false
1,4,08:45,70,01:15,66,1,,,0.0,false,14.8,237.98978599648404,false
1,4,08:45,71,01:30,67,1,,,0.0,false,14.8,238.45171730431156,false
1,4,08:45,72,01:45,68,1,,,0.0,false,14.8,238.9136486121391,false
1,4,08:45,73,02:00,69,1,,,0.0,false,14.8,239.37557991996664,false
1,4,08:45,74,02:15,70,1,,,0.0,false,14.8,239.83751122779418,false
1,4,08:45,75,02:30,71,1,,,0.0,false,14.8,240.29944253562172,false
1,4,08:45,76,02:45,72,1,,,0.0,false,14.8,240.76137384344926,false
1,4,08:45,77,03:00,73,1,,,0.0,false,14.8,241.2233051512768,false
1,4,08:45,78,03:15,74,1,,,0.0,false,14.8,241.68523645910432,false
1,4,08:45,79,03:30,75,1,,,0.0,false,14.8,242.14716776693186,false
1,4,08:45,80,03:45,76,1,,,0.0,false,14.8,242.6090990747594,false
1,4,08:45,81,04:00,77,1,,,0.0,false,14.8,243.07103038258694,false
1,4,08:45,82,04:15,78,1,,,0.0,false,14.8,243.53296169041448,false
1,4,08:45,83,04:30,79,1,,,0.0,false,14.8,243.99489299824202,false
1,4,08:45,84,04:45,80,1,,,0.0,false,14.8,244.45682430606956,false
1,4,08:45,85,05:00,81,1,,,0.0,false,14.8,244.91875561389708,false
1,4,08:45,86,05:15,82,1,,,0.0,false,14.8,245.38068692172462,false
1,4,08:45,87,05:30,83,1,,,0.0,false,14.8,245.84261822955216,false
1,4,08:45,88,05:45,84,1,,,0.0,false,14.8,246.3045495373797,false
1,4,08:45,89,06:00,85,1,,,0.0,false,14.8,246.76648084520724,false
1,4,08:45,90,06:15,86,1,,,0.0,false,14.8,247.22841215303478,false
1,4,08:45,91,06:30,87,1,,,0.0,false,14.8,247.69034346086232,false
1,4,08:45,92,06:45,88,1,,,0.0,false,14.8,248.15227476868986,false
1,4,08:45,93,07:00,89,1,,,0.0,false,14.8,248.61420607651738,false
1,4,08:45,94,07:15,90,1,,,0.0,false,14.8,249.07613738434492,false
1,4,08:45,95,07:30,91,1,,,0.0,false,14.8,249.53806869217243,false
1,4,08:45,96,07:45,92,1,,,0.0,false,14.8,250.0,false
1,5,09:00,5,09:00,0,1,,Digging,4.792499999976269,false,11.775603487436427,248.09148970418957,false
1,5,09:00,6,09:15,1,1,,Charging,4.147882037841555e-11,true,13.675603487426057,245.98622654629483,false
1,5,09:00,7,09:30,2,1,,Traveling,4.710099999999997,false,12.498078487426058,245.98622654629483,false
1,5,09:00,8,09:45,3,1,,Charging,3.552713678800501e-15,true,14.398078487421568,243.88096338840506,true
1,5,09:00,9,10:00,4,1,,Digging,4.792500000008694,false,13.199953487419394,243.88096338840506,false
1,5,09:00,10,10:15,5,1,,Digging,4.792500000027495,false,12.00182848741252,243.88096338840506,true
1,5,09:00,11,10:30,6,1,,Digging,4.792500000008097,false,10.803703487410496,243.88096338840506,false
1,5,09:00,12,10:45,7,1,,Charging,9.800160682971182e-12,true,12.7037034874105,241.77570023051032,true
1,5,09:00,13,11:00,8,1,,Digging,4.792500000034472,false,11.505578487401882,241.77570023051032,true
1,5,09:00,14,11:15,9,1,,Traveling,4.710099999998327,false,10.3280534874023,241.77570023051032,true
1,5,09:00,15,11:30,10,1,,Digging,4.792499999990838,false,9.129928487404591,241.77570023051032,false
1,5,09:00,16,11:45,11,1,,Digging,4.792499999997645,false,7.93180348740518,241.77570023051032,false
1,5,09:00,17,12:00,12,1,,Charging,0.0,true,9.831803487404958,239.67043707261584,false
1,5,09:00,18,12:15,13,1,,Charging,0.0,true,11.731803487405154,237.56517391472087,false
1,5,09:00,19,12:30,14,1,,,0.0,false,11.731803487405278,237.56517391472073,false
1,5,09:00,20,12:45,15,1,,,0.0,false,11.731803487405278,238.02743424527452,false
1,5,09:00,21,13:00,16,1,,,0.0,false,11.731803487405278,238.48969457582865,false
1,5,09:00,22,13:15,17,1,,,0.0,false,11.731803487405278,238.95195490638278,false
1,5,09:00,23,13:30,18,1,,,0.0,false,11.731803487405278,239.4142152369369,false
1,5,09:00,24,13:45,19,1,,,0.0,false,11.73180348740528,239.87647556749104,false
1,5,09:00,25,14:00,20,1,,Digging,4.792500000000004,false,10.533678487405279,240.33873589804517,false
1,5,09:00,26,14:15,21,1,,Loading/Swinging,3.158600000022048,false,9.744028487399767,240.8009962285993,true
1,5,09:00,27,14:30,22,1,,Traveling,4.71010000000004,false,8.566503487399757,241.26325655915343,false
1,5,09:00,28,14:45,23,1,,Loading/Swinging,3.158600000000021,false,7.776853487399752,241.72551688970756,false
1,5,09:00,29,15:00,24,1,,Idle,0.0,false,7.776853487399752,242.1877772202617,false
1,5,09:00,30,15:15,25,1,,Digging,4.792500000034831,false,6.578728487391044,242.65003755081582,true
1,5,09:00,31,15:30,26,1,,Loading/Swinging,3.158599999966807,false,5.789078487399342,243.11229788136995,false
1,5,09:00,32,15:45,27,1,,Loading/Swinging,3.158599999999172,false,4.999428487399549,243.57455821192409,false
1,5,09:00,33,16:00,28,1,,Traveling,4.710100000000967,false,3.8219034873993074,243.57455821192409,false
1,5,09:00,34,16:15,29,1,,Charging,2.985167668612121e-12,true,5.721903487397541,241.46929505403048,false
1,5,09:00,35,16:30,30,1,,Loading/Swinging,3.1585999998464764,false,4.932253487435922,241.46929505403048,false
1,5,09:00,36,16:45,31,1,,Loading/Swinging,3.158599999996685,false,4.142603487436751,241.46929505403048,false
1,5,09:00,37,17:00,32,1,,Charging,0.0,true,6.042603487436985,239.3640318961355,false
1,5,09:00,38,17:15,33,1,,Charging,0.0,true,7.942603487438707,237.25876873823884,false
1,5,09:00,39,17:30,34,1,,Charging,0.0,true,9.842603487438867,235.15350558034393,false
1,5,09:00,40,17:45,35,1,,,0.0,false,9.842603487437241,235.15350558034572,true
1,5,09:00,41,18:00,36,1,,Charging,0.0,true,11.74260348743719,233.04824242245104,false
1,5,09:00,42,18:15,37,1,,Charging,0.0,true,13.642603487436949,230.94297926455658,false
1,5,09:00,43,18:30,38,1,,Charging,0.0,true,14.800000000028666,229.6605454555907,true
1,5,09:00,44,18:45,39,1,,,0.0,false,14.800000000028666,229.6605454555907,false
1,5,09:00,45,19:00,40,1,,,0.0,false,14.79999999999999,229.6605454555907,false
1,5,09:00,46,19:15,41,1,,,0.0,false,14.79999999999999,229.6605454555907,false
1,5,09:00,47,19:30,42,1,,,0.0,false,14.79999999999999,229.6605454555907,false
1,5,09:00,48,19:45,43,1,,,0.0,false,14.79999999999999,229.6605454555907,false
1,5,09:00,49,20:00,44,1,,,0.0,false,14.79999999999999,229.6605454555907,false
1,5,09:00,50,20:15,45,1,,,0.0,false,14.79999999999999,229.6605454555907,false
1,5,09:00,51,20:30,46,1,,,0.0,false,14.79999999999999,229.6605454555907,false
1,5,09:00,52,20:45,47,1,,,0.0,false,14.79999999999999,229.6605454555907,false
1,5,09:00,53,21:00,48,1,,,0.0,false,14.79999999999999,230.12280578614482,false
1,5,09:00,54,21:15,49,1,,,0.0,false,14.79999999999999,230.58506611669895,false
1,5,09:00,55,21:30,50,1,,,0.0,false,14.79999999999999,231.04732644725308,false
1,5,09:00,56,21:45,51,1,,,0.0,false,14.79999999999999,231.50958677780721,false
1,5,09:00,57,22:00,52,1,,,0.0,false,14.79999999999999,231.97184710836135,false
1,5,09:00,58,22:15,53,1,,,0.0,false,14.79999999999999,232.43410743891548,false
1,5,09:00,59,22:30,54,1,,,0.0,false,14.79999999999999,232.8963677694696,false
1,5,09:00,60,22:45,55,1,,,0.0,false,14.79999999999999,233.35862810002374,false
1,5,09:00,61,23:00,56,1,,,0.0,false,14.79999999999999,233.82088843057787,false
1,5,09:00,62,23:15,57,1,,,0.0,false,14.79999999999999,234.283148761132,false
1,5,09:00,63,23:30,58,1,,,0.0,false,14.79999999999999,234.74540909168613,false
1,5,09:00,64,23:45,59,1,,,0.0,false,14.79999999999999,235.20766942224026,false
1,5,09:00,65,00:00,60,1,,,0.0,false,14.79999999999999,235.6699297527944,false
1,5,09:00,66,00:15,61,1,,,0.0,false,14.79999999999999,236.13219008334852,false
1,5,09:00,67,00:30,62,1,,,0.0,false,14.79999999999999,236.59445041390265,false
1,5,09:00,68,00:45,63,1,,,0.0,false,14.8,237.05671074445678,false
1,5,09:00,69,01:00,64,1,,,0.0,false,14.8,237.5189710750109,false
1,5,09:00,70,01:15,65,1,,,0.0,false,14.8,237.98123140556504,false
1,5,09:00,71,01:30,66,1,,,0.0,false,14.8,238.44349173611917,false
1,5,09:00,72,01:45,67,1,,,0.0,false,14.8,238.9057520666733,false
1,5,09:00,73,02:00,68,1,,,0.0,false,14.8,239.36801239722743,false
1,5,09:00,74,02:15,69,1,,,0.0,false,14.8,239.83027272778156,false
1,5,09:00,75,02:30,70,1,,,0.0,false,14.8,240.2925330583357,false
1,5,09:00,76,02:45,71,1,,,0.0,false,14.8,240.75479338888982,false
1,5,09:00,77,03:00,72,1,,,0.0,false,14.8,241.21705371944392,false
1,5,09:00,78,03:15,73,1,,,0.0,false,14.8,241.67931404999806,false
1,5,09:00,79,03:30,74,1,,,0.0,false,14.8,242.14157438055219,false
1,5,09:00,80,03:45,75,1,,,0.0,false,14.8,242.60383471110632,false
1,5,09:00,81,04:00,76,1,,,0.0,false,14.8,243.06609504166045,false
1,5,09:00,82,04:15,77,1,,,0.0,false,14.8,243.52835537221458,false
1,5,09:00,83,04:30,78,1,,,0.0,false,14.8,243.9906157027687,false
1,5,09:00,84,04:45,79,1,,,0.0,false,14.8,244.45287603332284,false
1,5,09:00,85,05:00,80,1,,,0.0,false,14.8,244.91513636387697,false
1,5,09:00,86,05:15,81,1,,,0.0,false,14.8,245.3773966944311,false
1,5,09:00,87,05:30,82,1,,,0.0,false,14.8,245.83965702498523,false
1,5,09:00,88,05:45,83,1,,,0.0,false,14.8,246.30191735553936,false
1,5,09:00,89,06:00,84,1,,,0.0,false,14.8,246.7641776860935,false
1,5,09:00,90,06:15,85,1,,,0.0,false,14.8,247.22643801664762,false
1,5,09:00,91,06:30,86,1,,,0.0,false,14.8,247.68869834720175,false
1,5,09:00,92,06:45,87,1,,,0.0,false,14.8,248.15095867775588,false
1,5,09:00,93,07:00,88,1,,,0.0,false,14.8,248.61321900831,false
1,5,09:00,94,07:15,89,1,,,0.0,false,14.8,249.07547933886414,false
1,5,09:00,95,07:30,90,1,,,0.0,false,14.8,249.53773966944587,false
1,5,09:00,96,07:45,91,1,,,0.0,false,14.8,250.0,false
1,6,09:15,6,09:15,0,1,,Charging,3.552713678800501e-15,true,12.932999999999996,246.8200296217374,false
1,6,09:15,7,09:30,1,1,,Traveling,4.7101,false,11.755474999999997,246.8200296217374,false
1,6,09:15,8,09:45,2,1,,Digging,4.792500000000004,false,10.557349999999996,246.8200296217374,true
1,6,09:15,9,10:00,3,1,,Charging,-1.7763568394002505e-15,true,12.457349999999996,244.71476646384266,true
1,6,09:15,10,10:15,4,1,,Digging,4.792499999999997,false,11.259224999999997,244.71476646384266,false
1,6,09:15,11,10:30,5,1,,Digging,4.792500000000004,false,10.061099999999996,244.71476646384266,false
1,6,09:15,12,10:45,6,1,,Digging,4.79249999999999,false,8.862974999999999,244.71476646384266,true
1,6,09:15,13,11:00,7,1,,Charging,-1.7763568394002505e-15,true,10.762974999999999,242.60950330594792,true
1,6,09:15,14,11:15,8,1,,Traveling,4.710100000000004,false,9.585449999999998,242.60950330594792,false
1,6,09:15,15,11:30,9,1,,Digging,4.792499999999997,false,8.387324999999999,242.60950330594792,false
1,6,09:15,16,11:45,10,1,,Digging,4.7925,false,7.189199999999999,242.60950330594792,false
1,6,09:15,17,12:00,11,1,,Charging,0.0,true,9.089199999999998,240.50424014805319,false
1,6,09:15,18,12:15,12,1,,Charging,0.0,true,10.989199999999999,238.39897699015845,false
1,6,09:15,19,12:30,13,1,,,0.0,false,10.989199999999999,238.39897699015845,false
1,6,09:15,20,12:45,14,1,,,0.0,false,10.989199999999999,238.86104479919538,false
1,6,09:15,21,13:00,15,1,,,0.0,false,10.989199999999999,239.32311260823232,false
1,6,09:15,22,13:15,16,1,,,0.0,false,10.989199999999999,239.78518041726926,false
1,6,09:15,23,13:30,17,1,,,0.0,false,10.989199999999999,240.2472482263062,false
1,6,09:15,24,13:45,18,1,,,0.0,false,10.989199999999999,240.70931603534314,false
1,6,09:15,25,14:00,19,1,,Digging,4.7925,false,9.791075,241.17138384438007,false
1,6,09:15,26,14:15,20,1,,Digging,4.792500000000004,false,8.592949999999998,241.633451653417,true
1,6,09:15,27,14:30,21,1,,Traveling,4.710099999999997,false,7.415424999999999,242.09551946245395,false
1,6,09:15,28,14:45,22,1,,Loading/Swinging,3.1586,false,6.625774999999999,242.5575872714909,false
1,6,09:15,29,15:00,23,1,,Idle,0.0,false,6.625774999999999,243.01965508052783,false
1,6,09:15,30,15:15,24,1,,Loading/Swinging,3.1586,false,5.836124999999999,243.48172288956476,true
1,6,09:15,31,15:30,25,1,,Loading/Swinging,3.1586,false,5.046474999999999,243.9437906986017,false
1,6,09:15,32,15:45,26,1,,Loading/Swinging,3.1586,false,4.256824999999999,244.40585850763864,false
1,6,09:15,33,16:00,27,1,,Traveling,4.710100000000001,false,3.079299999999999,244.40585850763864,false
1,6,09:15,34,16:15,28,1,,Charging,0.0,true,4.9792999999999985,242.3005953497439,false
1,6,09:15,35,16:30,29,1,,Loading/Swinging,3.1586,false,4.1896499999999985,242.3005953497439,false
1,6,09:15,36,16:45,30,1,,Loading/Swinging,3.158599999999998,false,3.399999999999999,242.3005953497439,false
1,6,09:15,37,17:00,31,1,,,0.0,false,3.399999999999999,242.3005953497439,true
1,6,09:15,38,17:15,32,1,,Charging,0.0,true,5.299999999999999,240.19533219184916,false
1,6,09:15,39,17:30,33,1,,Charging,0.0,true,7.1999999999999975,238.09006903395442,false
1,6,09:15,40,17:45,34,1,,Charging,0.0,true,9.099999999999998,235.98480587605968,true
1,6,09:15,41,18:00,35,1,,Charging,0.0,true,10.999999999999998,233.87954271816494,false
1,6,09:15,42,18:15,36,1,,Charging,0.0,true,12.899999999999999,231.7742795602702,false
1,6,09:15,43,18:30,37,1,,Charging,0.0,true,14.799999999999999,229.66901640237546,false
1,6,09:15,44,18:45,38,1,,,0.0,false,14.799999999999999,229.66901640237546,false
1,6,09:15,45,19:00,39,1,,,0.0,false,14.799999999999999,229.66901640237546,false
1,6,09:15,46,19:15,40,1,,,0.0,false,14.799999999999999,229.66901640237546,false
1,6,09:15,47,19:30,41,1,,,0.0,false,14.799999999999999,229.66901640237546,false
1,6,09:15,48,19:45,42,1,,,0.0,false,14.799999999999999,229.66901640237546,false
1,6,09:15,49,20:00,43,1,,,0.0,false,14.799999999999999,229.66901640237546,false
1,6,09:15,50,20:15,44,1,,,0.0,false,14.799999999999999,229.66901640237546,false
1,6,09:15,51,20:30,45,1,,,0.0,false,14.799999999999999,229.66901640237546,false
1,6,09:15,52,20:45,46,1,,,0.0,false,14.799999999999999,229.66901640237546,false
1,6,09:15,53,21:00,47,1,,,0.0,false,14.799999999999999,230.1310842114124,false
1,6,09:15,54,21:15,48,1,,,0.0,false,14.799999999999999,230.59315202044934,false
1,6,09:15,55,21:30,49,1,,,0.0,false,14.8,231.05521982948628,false
1,6,09:15,56,21:45,50,1,,,0.0,false,14.8,231.51728763852321,false
1,6,09:15,57,22:00,51,1,,,0.0,false,14.8,231.97935544756015,false
1,6,09:15,58,22:15,52,1,,,0.0,false,14.8,232.4414232565971,false
1,6,09:15,59,22:30,53,1,,,0.0,false,14.8,232.90349106563403,false
1,6,09:15,60,22:45,54,1,,,0.0,false,14.8,233.36555887467097,false
1,6,09:15,61,23:00,55,1,,,0.0,false,14.8,233.8276266837079,false
1,6,09:15,62,23:15,56,1,,,0.0,false,14.8,234.28969449274484,false
1,6,09:15,63,23:30,57,1,,,0.0,false,14.8,234.75176230178178,false
1,6,09:15,64,23:45,58,1,,,0.0,false,14.8,235.21383011081872,false
1,6,09:15,65,00:00,59,1,,,0.0,false,14.8,235.67589791985566,false
1,6,09:15,66,00:15,60,1,,,0.0,false,14.8,236.1379657288926,false
1,6,09:15,67,00:30,61,1,,,0.0,false,14.8,236.60003353792953,false
1,6,09:15,68,00:45,62,1,,,0.0,false,14.8,237.06210134696647,false
1,6,09:15,69,01:00,63,1,,,0.0,false,14.8,237.5241691560034,false
1,6,09:15,70,01:15,64,1,,,0.0,false,14.8,237.98623696504035,false
1,6,09:15,71,01:30,65,1,,,0.0,false,14.8,238.4483047740773,false
1,6,09:15,72,01:45,66,1,,,0.0,false,14.8,238.91037258311422,false
1,6,09:15,73,02:00,67,1,,,0.0,false,14.8,239.37244039215116,false
1,6,09:15,74,02:15,68,1,,,0.0,false,14.8,239.8345082011881,false
1,6,09:15,75,02:30,69,1,,,0.0,false,14.8,240.29657601022504,false
1,6,09:15,76,02:45,70,1,,,0.0,false,14.8,240.75864381926198,false
1,6,09:15,77,03:00,71,1,,,0.0,false,14.8,241.22071162829891,false
1,6,09:15,78,03:15,72,1,,,0.0,false,14.8,241.68277943733585,false
1,6,09:15,79,03:30,73,1,,,0.0,false,14.8,242.1448472463728,false
1,6,09:15,80,03:45,74,1,,,0.0,false,14.8,242.60691505540973,false
1,6,09:15,81,04:00,75,1,,,0.0,false,14.8,243.06898286444667,false
1,6,09:15,82,04:15,76,1,,,0.0,false,14.8,243.5310506734836,false
1,6,09:15,83,04:30,77,1,,,0.0,false,14.8,243.99311848252054,false
1,6,09:15,84,04:45,78,1,,,0.0,false,14.8,244.45518629155748,false
1,6,09:15,85,05:00,79,1,,,0.0,false,14.8,244.91725410059442,false
1,6,09:15,86,05:15,80,1,,,0.0,false,14.8,245.37932190963136,false
1,6,09:15,87,05:30,81,1,,,0.0,false,14.8,245.8413897186683,false
1,6,09:15,88,05:45,82,1,,,0.0,false,14.8,246.30345752770523,false
1,6,09:15,89,06:00,83,1,,,0.0,false,14.8,246.76552533674217,false
1,6,09:15,90,06:15,84,1,,,0.0,false,14.8,247.2275931457791,false
1,6,09:15,91,06:30,85,1,,,0.0,false,14.8,247.68966095481605,false
1,6,09:15,92,06:45,86,1,,,0.0,false,14.8,248.151728763853,false
1,6,09:15,93,07:00,87,1,,,0.0,false,14.8,248.61379657288992,false
1,6,09:15,94,07:15,88,1,,,0.0,false,14.8,249.0758643819261,false
1,6,09:15,95,07:30,89,1,,,0.0,false,14.8,249.53793219096303,false
1,6,09:15,96,07:45,90,1,,,0.0,false,14.8,250.0,false
1,7,09:30,7,09:30,0,1,,Traveling,4.710099999999997,false,11.815869353916476,246.8200296217374,false
1,7,09:30,8,09:45,1,1,,Digging,4.792500000000004,false,10.617744353916475,246.8200296217374,false
1,7,09:30,9,10:00,2,1,,Digging,4.792500000000004,false,9.419619353916474,246.8200296217374,true
1,7,09:30,10,10:15,3,1,,Charging,-1.7763568394002505e-15,true,11.319619353916474,244.71476646384266,true
1,7,09:30,11,10:30,4,1,,Digging,4.792499999999997,false,10.121494353916475,244.71476646384266,false
1,7,09:30,12,10:45,5,1,,Charging,-1.7763568394002505e-15,true,12.021494353916475,242.60950330594792,true
1,7,09:30,13,11:00,6,1,,Digging,4.792499999999997,false,10.823369353916476,242.60950330594792,true
1,7,09:30,14,11:15,7,1,,Traveling,4.710100000000011,false,9.645844353916473,242.60950330594792,false
1,7,09:30,15,11:30,8,1,,Digging,4.7925,false,8.447719353916472,242.60950330594792,false
1,7,09:30,16,11:45,9,1,,Digging,4.792499999999997,false,7.249594353916473,242.60950330594792,false
1,7,09:30,17,12:00,10,1,,Charging,0.0,true,9.149594353916473,240.50424014805319,false
1,7,09:30,18,12:15,11,1,,Charging,0.0,true,10.989199999999999,238.46589594186645,false
1,7,09:30,19,12:30,12,1,,,0.0,false,10.989199999999999,238.46589594186645,false
1,7,09:30,20,12:45,13,1,,,0.0,false,10.989199999999999,238.92678973420675,false
1,7,09:30,21,13:00,14,1,,,0.0,false,10.989199999999999,239.38768352654705,false
1,7,09:30,22,13:15,15,1,,,0.0,false,10.989199999999999,239.84857731888735,false
1,7,09:30,23,13:30,16,1,,,0.0,false,10.989199999999999,240.30947111122765,false
1,7,09:30,24,13:45,17,1,,,0.0,false,10.989199999999999,240.77036490356795,false
1,7,09:30,25,14:00,18,1,,Loading/Swinging,3.1586,false,10.199549999999999,241.23125869590822,true
1,7,09:30,26,14:15,19,1,,Digging,4.792500000000004,false,9.001424999999998,241.69215248824852,false
1,7,09:30,27,14:30,20,1,,Traveling,4.710099999999997,false,7.823899999999998,242.15304628058882,false
1,7,09:30,28,14:45,21,1,,Digging,4.7925,false,6.625774999999998,242.61394007292913,true
1,7,09:30,29,15:00,22,1,,Idle,0.0,false,6.625774999999998,243.0748338652694,false
1,7,09:30,30,15:15,23,1,,Loading/Swinging,3.1586,false,5.836124999999998,243.5357276576097,false
1,7,09:30,31,15:30,24,1,,Loading/Swinging,3.1586,false,5.046474999999998,243.99662144995,false
1,7,09:30,32,15:45,25,1,,Loading/Swinging,3.1586,false,4.256824999999998,244.4575152422903,false
1,7,09:30,33,16:00,26,1,,Traveling,4.7101,false,3.0792999999999986,244.4575152422903,false
1,7,09:30,34,16:15,27,1,,Charging,0.0,true,4.9792999999999985,242.35225208439556,false
1,7,09:30,35,16:30,28,1,,Loading/Swinging,3.1586,false,4.1896499999999985,242.35225208439556,false
1,7,09:30,36,16:45,29,1,,Loading/Swinging,3.158599999999998,false,3.399999999999999,242.35225208439556,false
1,7,09:30,37,17:00,30,1,,Charging,0.0,true,5.299999999999999,240.24698892650082,true
1,7,09:30,38,17:15,31,1,,Charging,0.0,true,7.199999999999999,238.14172576860608,false
1,7,09:30,39,17:30,32,1,,Charging,0.0,true,9.1,236.03646261071134,false
1,7,09:30,40,17:45,33,1,,Charging,0.0,true,11.0,233.9311994528166,false
1,7,09:30,41,18:00,34,1,,Charging,0.0,true,12.9,231.82593629492186,false
1,7,09:30,42,18:15,35,1,,Charging,0.0,true,14.799999999999999,229.72067313702712,false
1,7,09:30,43,18:30,36,1,,,0.0,false,14.799999999999999,229.72067313702712,true
1,7,09:30,44,18:45,37,1,,,0.0,false,14.799999999999999,229.72067313702712,false
1,7,09:30,45,19:00,38,1,,,0.0,false,14.799999999999999,229.72067313702712,false
1,7,09:30,46,19:15,39,1,,,0.0,false,14.799999999999999,229.72067313702712,false
1,7,09:30,47,19:30,40,1,,,0.0,false,14.799999999999999,229.72067313702712,false
1,7,09:30,48,19:45,41,1,,,0.0,false,14.799999999999999,229.72067313702712,false
1,7,09:30,49,20:00,42,1,,,0.0,false,14.799999999999999,229.72067313702712,false
1,7,09:30,50,20:15,43,1,,,0.0,false,14.799999999999999,229.72067313702712,false
1,7,09:30,51,20:30,44,1,,,0.0,false,14.799999999999999,229.72067313702712,false
1,7,09:30,52,20:45,45,1,,,0.0,false,14.799999999999999,229.72067313702712,false
1,7,09:30,53,21:00,46,1,,,0.0,false,14.799999999999999,230.18156692936745,false
1,7,09:30,54,21:15,47,1,,,0.0,false,14.799999999999999,230.64246072170775,false
1,7,09:30,55,21:30,48,1,,,0.0,false,14.799999999999999,231.10335451404805,false
1,7,09:30,56,21:45,49,1,,,0.0,false,14.8,231.56424830638835,false
1,7,09:30,57,22:00,50,1,,,0.0,false,14.8,232.02514209872865,false
1,7,09:30,58,22:15,51,1,,,0.0,false,14.8,232.48603589106895,false
1,7,09:30,59,22:30,52,1,,,0.0,false,14.8,232.94692968340925,false
1,7,09:30,60,22:45,53,1,,,0.0,false,14.8,233.40782347574955,false
1,7,09:30,61,23:00,54,1,,,0.0,false,14.8,233.86871726808985,false
1,7,09:30,62,23:15,55,1,,,0.0,false,14.8,234.32961106043015,false
1,7,09:30,63,23:30,56,1,,,0.0,false,14.8,234.79050485277045,false
1,7,09:30,64,23:45,57,1,,,0.0,false,14.8,235.25139864511075,false
1,7,09:30,65,00:00,58,1,,,0.0,false,14.8,235.71229243745105,false
1,7,09:30,66,00:15,59,1,,,0.0,false,14.8,236.17318622979136,false
1,7,09:30,67,00:30,60,1,,,0.0,false,14.8,236.63408002213166,false
1,7,09:30,68,00:45,61,1,,,0.0,false,14.8,237.09497381447196,false
1,7,09:30,69,01:00,62,1,,,0.0,false,14.8,237.55586760681226,false
1,7,09:30,70,01:15,63,1,,,0.0,false,14.8,238.01676139915256,false
1,7,09:30,71,01:30,64,1,,,0.0,false,14.8,238.47765519149286,false
1,7,09:30,72,01:45,65,1,,,0.0,false,14.8,238.93854898383316,false
1,7,09:30,73,02:00,66,1,,,0.0,false,14.8,239.39944277617346,false
1,7,09:30,74,02:15,67,1,,,0.0,false,14.8,239.86033656851376,false
1,7,09:30,75,02:30,68,1,,,0.0,false,14.8,240.32123036085406,false
1,7,09:30,76,02:45,69,1,,,0.0,false,14.8,240.78212415319436,false
1,7,09:30,77,03:00,70,1,,,0.0,false,14.8,241.24301794553466,false
1,7,09:30,78,03:15,71,1,,,0.0,false,14.8,241.70391173787496,false
1,7,09:30,79,03:30,72,1,,,0.0,false,14.8,242.16480553021526,false
1,7,09:30,80,03:45,73,1,,,0.0,false,14.8,242.62569932255556,false
1,7,09:30,81,04:00,74,1,,,0.0,false,14.8,243.08659311489586,false
1,7,09:30,82,04:15,75,1,,,0.0,false,14.8,243.54748690723616,false
1,7,09:30,83,04:30,76,1,,,0.0,false,14.8,244.00838069957646,false
1,7,09:30,84,04:45,77,1,,,0.0,false,14.8,244.46927449191676,false
1,7,09:30,85,05:00,78,1,,,0.0,false,14.8,244.93016828425706,false
1,7,09:30,86,05:15,79,1,,,0.0,false,14.8,245.39106207659736,false
1,7,09:30,87,05:30,80,1,,,0.0,false,14.8,245.85195586893767,false
1,7,09:30,88,05:45,81,1,,,0.0,false,14.8,246.31284966127797,false
1,7,09:30,89,06:00,82,1,,,0.0,false,14.8,246.77374345361827,false
1,7,09:30,90,06:15,83,1,,,0.0,false,14.8,247.23463724595857,false
1,7,09:30,91,06:30,84,1,,,0.0,false,14.8,247.69553103829887,false
1,7,09:30,92,06:45,85,1,,,0.0,false,14.8,248.15642483063917,false
1,7,09:30,93,07:00,86,1,,,0.0,false,14.8,248.61731862297947,false
1,7,09:30,94,07:15,87,1,,,0.0,false,14.8,249.0782124153194,false
1,7,09:30,95,07:30,88,1,,,0.0,false,14.8,249.5391062076597,false
1,7,09:30,96,07:45,89,1,,,0.0,false,14.8,250.0,false
1,8,09:45,8,09:45,0,1,,Charging,-1.759214995900038e-11,true,13.719790536767292,244.71476646384392,true
1,8,09:45,9,10:00,1,1,,Digging,4.792499999969635,false,12.521665536774883,244.71476646384392,false
1,8,09:45,10,10:15,2,1,,Digging,4.7924999999998334,false,11.323540536774924,244.71476646384266,true
1,8,09:45,11,10:30,3,1,,Digging,4.7925000000172275,false,10.125415536770618,244.71476646384266,false
1,8,09:45,12,10:45,4,1,,Charging,-1.0077272349917621e-11,true,12.025415536775837,242.60950330594494,false
1,8,09:45,13,11:00,5,1,,Digging,4.7924999999999995,false,10.82729053677633,242.6095033059444,false
1,8,09:45,14,11:15,6,1,,Traveling,4.710099999994123,false,9.649765536776364,242.609503305946,false
1,8,09:45,15,11:30,7,1,,Digging,4.79249999999729,false,8.451640536777042,242.609503305946,false
1,8,09:45,16,11:45,8,1,,Digging,4.7925,false,7.253515536777042,242.609503305946,false
1,8,09:45,17,12:00,9,1,,Charging,0.0,true,9.153515536776485,240.50424014805188,false
1,8,09:45,18,12:15,10,1,,Charging,0.0,true,11.053515536776475,238.39897699015714,false
1,8,09:45,19,12:30,11,1,,,0.0,false,11.053515536784849,238.39897699015714,false
1,8,09:45,20,12:45,12,1,,,0.0,false,11.053515536784849,238.85979455791954,false
1,8,09:45,21,13:00,13,1,,,0.0,false,11.053515536784849,239.32061212568195,false
1,8,09:45,22,13:15,14,1,,,0.0,false,11.053515536784849,239.78142969344435,false
1,8,09:45,23,13:30,15,1,,,0.0,false,11.053515536784849,240.24224726120676,false
1,8,09:45,24,13:45,16,1,,,0.0,false,11.053515536784849,240.70306482896018,false
1,8,09:45,25,14:00,17,1,,Digging,4.792499999999246,false,9.855390536785036,241.16388239672258,true
1,8,09:45,26,14:15,18,1,,Digging,4.792499999996814,false,8.657265536785832,241.624699964485,false
1,8,09:45,27,14:30,19,1,,Traveling,4.710100000001027,false,7.479740536785576,242.0855175322474,false
1,8,09:45,28,14:45,20,1,,Loading/Swinging,3.158600000010143,false,6.69009053678304,242.5463351000098,true
1,8,09:45,29,15:00,21,1,,Idle,8.924416761146858e-12,false,6.690090536780809,243.00715266777155,false
1,8,09:45,30,15:15,22,1,,Loading/Swinging,3.158599999992898,false,5.900440536782584,243.46797023553395,false
1,8,09:45,31,15:30,23,1,,Loading/Swinging,3.1586,false,5.110790536782584,243.92878780329636,false
1,8,09:45,32,15:45,24,1,,Loading/Swinging,3.1586000000040597,false,4.32114053677418,244.38960537105876,false
1,8,09:45,33,16:00,25,1,,Traveling,4.710099999996288,false,3.1436155367751084,244.38960537105876,false
1,8,09:45,34,16:15,26,1,,Charging,0.0,true,5.0436155367759214,242.28434221316311,false
1,8,09:45,35,16:30,27,1,,Loading/Swinging,3.1585999999977687,false,4.253965536776479,242.28434221316311,false
1,8,09:45,36,16:45,28,1,,Loading/Swinging,3.1586000000094465,false,3.4643155367741176,242.28434221316311,false
1,8,09:45,37,17:00,29,1,,Charging,0.0,true,5.364315536774117,240.1790790552714,false
1,8,09:45,38,17:15,30,1,,Charging,0.0,true,7.264315536771364,238.0738158973797,false
1,8,09:45,39,17:30,31,1,,Charging,0.0,true,9.164315536767932,235.96855273948876,false
1,8,09:45,40,17:45,32,1,,Charging,0.0,true,11.064315536763038,233.86328958159945,false
1,8,09:45,41,18:00,33,1,,Charging,0.0,true,12.899999999993957,231.82929017635743,false
1,8,09:45,42,18:15,34,1,,Charging,0.0,true,14.799999999993958,229.7240270184627,false
1,8,09:45,43,18:30,35,1,,,0.0,false,14.799999999993958,229.7240270184627,false
1,8,09:45,44,18:45,36,1,,,0.0,false,14.799999999993958,229.7240270184627,false
1,8,09:45,45,19:00,37,1,,,0.0,false,14.799999999993958,229.7240270184627,false
1,8,09:45,46,19:15,38,1,,,0.0,false,14.799999999993958,229.7240270184627,false
1,8,09:45,47,19:30,39,1,,,0.0,false,14.799999999993958,229.7240270184627,false
1,8,09:45,48,19:45,40,1,,,0.0,false,14.799999999993958,229.7240270184627,false
1,8,09:45,49,20:00,41,1,,,0.0,false,14.799999999993958,229.7240270184627,false
1,8,09:45,50,20:15,42,1,,,0.0,false,14.799999999993958,229.7240270184627,false
1,8,09:45,51,20:30,43,1,,,0.0,false,14.799999999993958,229.7240270184627,false
1,8,09:45,52,20:45,44,1,,,0.0,false,14.799999999993958,229.7240270184627,false
1,8,09:45,53,21:00,45,1,,,0.0,false,14.799999999993958,230.1848445862251,false
1,8,09:45,54,21:15,46,1,,,0.0,false,14.799999999993958,230.6456621539875,false
1,8,09:45,55,21:30,47,1,,,0.0,false,14.799999999993958,231.1064797217499,false
1,8,09:45,56,21:45,48,1,,,0.0,false,14.799999999993958,231.5672972895123,false
1,8,09:45,57,22:00,49,1,,,0.0,false,14.799999999993958,232.02811485727472,false
1,8,09:45,58,22:15,50,1,,,0.0,false,14.799999999993958,232.48893242503712,false
1,8,09:45,59,22:30,51,1,,,0.0,false,14.799999999993958,232.94974999279952,false
1,8,09:45,60,22:45,52,1,,,0.0,false,14.799999999993958,233.41056756056193,false
1,8,09:45,61,23:00,53,1,,,0.0,false,14.799999999993958,233.87138512832433,false
1,8,09:45,62,23:15,54,1,,,0.0,false,14.799999999993958,234.33220269608674,false
1,8,09:45,63,23:30,55,1,,,0.0,false,14.799999999993958,234.79302026384914,false
1,8,09:45,64,23:45,56,1,,,0.0,false,14.799999999993958,235.25383783161155,false
1,8,09:45,65,00:00,57,1,,,0.0,false,14.799999999993958,235.71465539937395,false
1,8,09:45,66,00:15,58,1,,,0.0,false,14.800000000000002,236.17547296713636,false
1,8,09:45,67,00:30,59,1,,,0.0,false,14.800000000000002,236.63629053489876,false
1,8,09:45,68,00:45,60,1,,,0.0,false,14.800000000000002,237.09710810266117,false
1,8,09:45,69,01:00,61,1,,,0.0,false,14.800000000000002,237.55792567042357,false
1,8,09:45,70,01:15,62,1,,,0.0,false,14.800000000000002,238.01874323818598,false
1,8,09:45,71,01:30,63,1,,,0.0,false,14.800000000000002,238.47956080594838,false
1,8,09:45,72,01:45,64,1,,,0.0,false,14.800000000000002,238.9403783737108,false
1,8,09:45,73,02:00,65,1,,,0.0,false,14.800000000000002,239.4011959414732,false
1,8,09:45,74,02:15,66,1,,,0.0,false,14.800000000000002,239.8620135092356,false
1,8,09:45,75,02:30,67,1,,,0.0,false,14.800000000000002,240.322831076998,false
1,8,09:45,76,02:45,68,1,,,0.0,false,14.800000000000002,240.7836486447604,false
1,8,09:45,77,03:00,69,1,,,0.0,false,14.800000000000002,241.2444662125228,false
1,8,09:45,78,03:15,70,1,,,0.0,false,14.800000000000002,241.7052837802852,false
1,8,09:45,79,03:30,71,1,,,0.0,false,14.800000000000002,242.16610134804762,false
1,8,09:45,80,03:45,72,1,,,0.0,false,14.800000000000002,242.62691891581002,false
1,8,09:45,81,04:00,73,1,,,0.0,false,14.800000000000002,243.08773648357243,false
1,8,09:45,82,04:15,74,1,,,0.0,false,14.800000000000002,243.54855405133483,false
1,8,09:45,83,04:30,75,1,,,0.0,false,14.800000000000002,244.00937161909724,false
1,8,09:45,84,04:45,76,1,,,0.0,false,14.800000000000002,244.47018918685964,false
1,8,09:45,85,05:00,77,1,,,0.0,false,14.800000000000002,244.93100675462205,false
1,8,09:45,86,05:15,78,1,,,0.0,false,14.800000000000002,245.39182432238445,false
1,8,09:45,87,05:30,79,1,,,0.0,false,14.800000000000002,245.85264189014686,false
1,8,09:45,88,05:45,80,1,,,0.0,false,14.800000000000002,246.31345945790926,false
1,8,09:45,89,06:00,81,1,,,0.0,false,14.800000000000002,246.77427702567167,false
1,8,09:45,90,06:15,82,1,,,0.0,false,14.800000000000002,247.23509459343407,false
1,8,09:45,91,06:30,83,1,,,0.0,false,14.800000000000002,247.69591216119647,false
1,8,09:45,92,06:45,84,1,,,0.0,false,14.800000000000002,248.15672972895888,false
1,8,09:45,93,07:00,85,1,,,0.0,false,14.800000000000002,248.61754729672128,false
1,8,09:45,94,07:15,86,1,,,0.0,false,14.800000000000002,249.07836486447505,false
1,8,09:45,95,07:30,87,1,,,0.0,false,14.8,249.53918243223757,false
1,8,09:45,96,07:45,88,1,,,0.0,false,14.8,250.0,false
1,9,10:00,9,10:00,0,1,,Digging,4.792500000002647,false,12.621665536762173,244.71476646384392,false
1,9,10:00,10,10:15,1,1,,Digging,4.79249999999395,false,11.423540536763685,244.71476646384392,false
1,9,10:00,11,10:30,2,1,,Digging,4.792500000005184,false,10.225415536762391,244.71476646384392,false
1,9,10:00,12,10:45,3,1,,Charging,6.661338147750939e-14,true,12.125415536762349,242.6095033059492,false
1,9,10:00,13,11:00,4,1,,Digging,4.7925,false,10.92729053676235,242.60950330594923,false
1,9,10:00,14,11:15,5,1,,Traveling,4.710099999999997,false,9.74976553676235,242.60950330594923,false
1,9,10:00,15,11:30,6,1,,Digging,4.792499999999996,false,8.551640536762351,242.60950330594926,false
1,9,10:00,16,11:45,7,1,,Digging,4.7925,false,7.353515536762351,242.6095033059492,false
1,9,10:00,17,12:00,8,1,,Charging,0.0,true,9.253515536762349,240.50424014805452,false
1,9,10:00,18,12:15,9,1,,Charging,0.0,true,11.153515536762333,238.39897699015972,false
1,9,10:00,19,12:30,10,1,,,0.0,false,11.153515536762333,238.39897699015972,false
1,9,10:00,20,12:45,11,1,,,0.0,false,11.153515536762333,238.85785063995547,false
1,9,10:00,21,13:00,12,1,,,0.0,false,11.153515536762333,239.31672428975122,false
1,9,10:00,22,13:15,13,1,,,0.0,false,11.153515536762333,239.77559793954697,false
1,9,10:00,23,13:30,14,1,,,0.0,false,11.153515536762333,240.23447158934272,false
1,9,10:00,24,13:45,15,1,,,0.0,false,11.153515536762333,240.6933452391384,false
1,9,10:00,25,14:00,16,1,,Digging,4.792499999998455,false,9.95539053676272,241.15221888893416,false
1,9,10:00,26,14:15,17,1,,Loading/Swinging,3.158600000024471,false,9.165740536756601,241.6110925387299,true
1,9,10:00,27,14:30,18,1,,Traveling,4.710099999999986,false,7.988215536756605,242.06996618852565,false
1,9,10:00,28,14:45,19,1,,Digging,4.79249999997673,false,6.790090536762422,242.5288398383214,true
1,9,10:00,29,15:00,20,1,,Idle,0.0,false,6.790090536762422,242.98771348811718,false
1,9,10:00,30,15:15,21,1,,Loading/Swinging,3.1586,false,6.000440536762422,243.44658713791293,false
1,9,10:00,31,15:30,22,1,,Loading/Swinging,3.1586000000152312,false,5.210790536758615,243.90546078770868,false
1,9,10:00,32,15:45,23,1,,Loading/Swinging,3.158599999987427,false,4.421140536761758,244.36433443750443,false
1,9,10:00,33,16:00,24,1,,Traveling,4.7101,false,3.243615536761758,244.36433443750443,false
1,9,10:00,34,16:15,25,1,,Charging,-4.1948666762436915e-12,true,5.1436155367629475,242.25907127960954,false
1,9,10:00,35,16:30,26,1,,Loading/Swinging,3.1586,false,4.3539655367629475,242.25907127960954,false
1,9,10:00,36,16:45,27,1,,Loading/Swinging,3.1586,false,3.5643155367629475,242.25907127960954,false
1,9,10:00,37,17:00,28,1,,Charging,0.0,true,5.464315536762951,240.1538081217148,false
1,9,10:00,38,17:15,29,1,,Charging,0.0,true,7.3643155367628435,238.04854496382018,false
1,9,10:00,39,17:30,30,1,,Charging,0.0,true,9.264315536762748,235.94328180592555,false
1,9,10:00,40,17:45,31,1,,Charging,0.0,true,11.164315536762754,233.8380186480308,false
1,9,10:00,41,18:00,32,1,,Charging,0.0,true,13.064315536762724,231.7327554901361,false
1,9,10:00,42,18:15,33,1,,Charging,0.0,true,14.799999999999976,229.8095594089868,false
1,9,10:00,43,18:30,34,1,,,0.0,false,14.799999999999976,229.8095594089868,false
1,9,10:00,44,18:45,35,1,,,0.0,false,14.799999999999976,229.8095594089868,false
1,9,10:00,45,19:00,36,1,,,0.0,false,14.799999999999976,229.8095594089868,false
1,9,10:00,46,19:15,37,1,,,0.0,false,14.799999999999976,229.8095594089868,false
1,9,10:00,47,19:30,38,1,,,0.0,false,14.799999999999976,229.8095594089868,false
1,9,10:00,48,19:45,39,1,,,0.0,false,14.799999999999976,229.8095594089868,false
1,9,10:00,49,20:00,40,1,,,0.0,false,14.799999999999976,229.8095594089868,false
1,9,10:00,50,20:15,41,1,,,0.0,false,14.799999999999976,229.8095594089868,false
1,9,10:00,51,20:30,42,1,,,0.0,false,14.799999999999976,229.8095594089868,false
1,9,10:00,52,20:45,43,1,,,0.0,false,14.799999999999976,229.8095594089868,false
1,9,10:00,53,21:00,44,1,,,0.0,false,14.799999999999976,230.26843305878253,false
1,9,10:00,54,21:15,45,1,,,0.0,false,14.799999999999976,230.72730670857828,false
1,9,10:00,55,21:30,46,1,,,0.0,false,14.799999999999976,231.18618035837403,false
1,9,10:00,56,21:45,47,1,,,0.0,false,14.799999999999976,231.64505400816978,false
1,9,10:00,57,22:00,48,1,,,0.0,false,14.799999999999976,232.10392765796553,false
1,9,10:00,58,22:15,49,1,,,0.0,false,14.799999999999976,232.56280130776128,false
1,9,10:00,59,22:30,50,1,,,0.0,false,14.799999999999976,233.02167495755702,false
1,9,10:00,60,22:45,51,1,,,0.0,false,14.799999999999976,233.48054860735277,false
1,9,10:00,61,23:00,52,1,,,0.0,false,14.799999999999976,233.93942225714852,false
1,9,10:00,62,23:15,53,1,,,0.0,false,14.799999999999976,234.39829590694427,false
1,9,10:00,63,23:30,54,1,,,0.0,false,14.799999999999976,234.85716955674002,false
1,9,10:00,64,23:45,55,1,,,0.0,false,14.799999999999976,235.31604320653577,false
1,9,10:00,65,00:00,56,1,,,0.0,false,14.799999999999976,235.77491685633152,false
1,9,10:00,66,00:15,57,1,,,0.0,false,14.799999999999976,236.23379050612726,false
1,9,10:00,67,00:30,58,1,,,0.0,false,14.799999999999976,236.692664155923,false
1,9,10:00,68,00:45,59,1,,,0.0,false,14.799999999999976,237.15153780571876,false
1,9,10:00,69,01:00,60,1,,,0.0,false,14.799999999999976,237.6104114555145,false
1,9,10:00,70,01:15,61,1,,,0.0,false,14.799999999999976,238.06928510531026,false
1,9,10:00,71,01:30,62,1,,,0.0,false,14.799999999999976,238.528158755106,false
1,9,10:00,72,01:45,63,1,,,0.0,false,14.799999999999976,238.98703240490175,false
1,9,10:00,73,02:00,64,1,,,0.0,false,14.799999999999976,239.4459060546975,false
1,9,10:00,74,02:15,65,1,,,0.0,false,14.799999999999976,239.90477970449325,false
1,9,10:00,75,02:30,66,1,,,0.0,false,14.799999999999976,240.363653354289,false
1,9,10:00,76,02:45,67,1,,,0.0,false,14.799999999999976,240.82252700408475,false
1,9,10:00,77,03:00,68,1,,,0.0,false,14.799999999999976,241.2814006538805,false
1,9,10:00,78,03:15,69,1,,,0.0,false,14.799999999999976,241.74027430367624,false
1,9,10:00,79,03:30,70,1,,,0.0,false,14.799999999999976,242.199147953472,false
1,9,10:00,80,03:45,71,1,,,0.0,false,14.799999999999976,242.65802160326774,false
1,9,10:00,81,04:00,72,1,,,0.0,false,14.799999999999976,243.1168952530635,false
1,9,10:00,82,04:15,73,1,,,0.0,false,14.799999999999976,243.57576890285924,false
1,9,10:00,83,04:30,74,1,,,0.0,false,14.799999999999976,244.034642552655,false
1,9,10:00,84,04:45,75,1,,,0.0,false,14.799999999999976,244.49351620245073,false
1,9,10:00,85,05:00,76,1,,,0.0,false,14.799999999999976,244.95238985224648,false
1,9,10:00,86,05:15,77,1,,,0.0,false,14.799999999999976,245.41126350204223,false
1,9,10:00,87,05:30,78,1,,,0.0,false,14.799999999999976,245.87013715183798,false
1,9,10:00,88,05:45,79,1,,,0.0,false,14.799999999999976,246.32901080163373,false
1,9,10:00,89,06:00,80,1,,,0.0,false,14.799999999999976,246.78788445142948,false
1,9,10:00,90,06:15,81,1,,,0.0,false,14.799999999999976,247.24675810122523,false
1,9,10:00,91,06:30,82,1,,,0.0,false,14.799999999999972,247.70563175102097,false
1,9,10:00,92,06:45,83,1,,,0.0,false,14.799999999999972,248.16450540081672,false
1,9,10:00,93,07:00,84,1,,,0.0,false,14.799999999999972,248.62337905061247,false
1,9,10:00,94,07:15,85,1,,,0.0,false,14.799999999999986,249.08225270040822,false
1,9,10:00,95,07:30,86,1,,,0.0,false,14.8,249.54112635020422,false
1,9,10:00,96,07:45,87,1,,,0.0,false,14.8,250.0,false
1,10,10:15,10,10:15,0,1,,Digging,4.79249999999708,false,11.418137486887138,244.71476646384392,false
1,10,10:15,11,10:30,1,1,,Digging,4.792500000000011,false,10.220012486887136,244.71476646384392,false
1,10,10:15,12,10:45,2,1,,Charging,0.0,true,12.120012486887136,242.60950330594918,false
1,10,10:15,13,11:00,3,1,,Digging,4.792500000004431,false,10.921887486886028,242.60950330594918,false
1,10,10:15,14,11:15,4,1,,Traveling,4.7101,false,9.744362486886029,242.60950330594918,false
1,10,10:15,15,11:30,5,1,,Digging,4.792499999998952,false,8.546237486886291,242.60950330594918,false
1,10,10:15,16,11:45,6,1,,Digging,4.792500000000339,false,7.348112486885575,242.6095033059499,false
1,10,10:15,17,12:00,7,1,,Charging,0.0,true,9.248112486885574,240.50424014805515,false
1,10,10:15,18,12:15,8,1,,Charging,0.0,true,11.148112486885305,238.39897699016038,false
1,10,10:15,19,12:30,9,1,,,0.0,false,11.148112486885305,238.39897699016038,false
1,10,10:15,20,12:45,10,1,,,0.0,false,11.148112486885305,238.85795567081342,false
1,10,10:15,21,13:00,11,1,,,0.0,false,11.148112486885305,239.31693435146647,false
1,10,10:15,22,13:15,12,1,,,0.0,false,11.148112486885305,239.77591303211952,false
1,10,10:15,23,13:30,13,1,,,0.0,false,11.148112486885305,240.23489171277257,false
1,10,10:15,24,13:45,14,1,,,0.0,false,11.148112486885305,240.6938703934256,false
1,10,10:15,25,14:00,15,1,,Digging,4.792499999999997,false,9.949987486885306,241.15284907407815,false
1,10,10:15,26,14:15,16,1,,Digging,4.792499999997318,false,8.751862486885976,241.6118277547312,true
1,10,10:15,27,14:30,17,1,,Traveling,4.710100000000175,false,7.574337486885932,242.07080643538424,false
1,10,10:15,28,14:45,18,1,,Loading/Swinging,3.1586,false,6.784687486885964,242.5297851160373,true
1,10,10:15,29,15:00,19,1,,Idle,2.8137492336099967e-12,false,6.784687486885261,242.98876379669042,false
1,10,10:15,30,15:15,20,1,,Loading/Swinging,3.158599999999945,false,5.995037486885274,243.44774247734347,false
1,10,10:15,31,15:30,21,1,,Loading/Swinging,3.1586,false,5.205387486885274,243.90672115799651,false
1,10,10:15,32,15:45,22,1,,Loading/Swinging,3.1586000000005687,false,4.415737486885132,244.36569983864956,false
1,10,10:15,33,16:00,23,1,,Traveling,4.710099999986031,false,3.2382124868886244,244.36569983864956,false
1,10,10:15,34,16:15,24,1,,Charging,-1.341149413747189e-13,true,5.138212486888848,242.26043668075462,false
1,10,10:15,35,16:30,25,1,,Loading/Swinging,3.1585999999998116,false,4.348562486888895,242.26043668075462,false
1,10,10:15,36,16:45,26,1,,Loading/Swinging,3.1586000000000016,false,3.5589124868888944,242.26043668075462,false
1,10,10:15,37,17:00,27,1,,Charging,0.0,true,5.458912486888894,240.15517352285988,false
1,10,10:15,38,17:15,28,1,,Charging,0.0,true,7.358912486888894,238.04991036496514,false
1,10,10:15,39,17:30,29,1,,Charging,0.0,true,9.258912486888894,235.9446472070704,false
1,10,10:15,40,17:45,30,1,,Charging,0.0,true,11.158912486889063,233.8393840491755,false
1,10,10:15,41,18:00,31,1,,Charging,0.0,true,13.05891248688905,231.73412089128078,false
1,10,10:15,42,18:15,32,1,,Charging,0.0,true,14.799999999999766,229.80493805126892,false
1,10,10:15,43,18:30,33,1,,,0.0,false,14.8,229.80493805126866,false
1,10,10:15,44,18:45,34,1,,,0.0,false,14.8,229.80493805126866,false
1,10,10:15,45,19:00,35,1,,,0.0,false,14.8,229.80493805126866,false
1,10,10:15,46,19:15,36,1,,,0.0,false,14.8,229.80493805126866,false
1,10,10:15,47,19:30,37,1,,,0.0,false,14.8,229.80493805126866,false
1,10,10:15,48,19:45,38,1,,,0.0,false,14.8,229.80493805126866,false
1,10,10:15,49,20:00,39,1,,,0.0,false,14.8,229.80493805126866,false
1,10,10:15,50,20:15,40,1,,,0.0,false,14.8,229.80493805126866,false
1,10,10:15,51,20:30,41,1,,,0.0,false,14.8,229.80493805126866,false
1,10,10:15,52,20:45,42,1,,,0.0,false,14.8,229.80493805126866,false
1,10,10:15,53,21:00,43,1,,,0.0,false,14.8,230.2639167319217,false
1,10,10:15,54,21:15,44,1,,,0.0,false,14.8,230.72289541257476,false
1,10,10:15,55,21:30,45,1,,,0.0,false,14.8,231.1818740932278,false
1,10,10:15,56,21:45,46,1,,,0.0,false,14.8,231.64085277388085,false
1,10,10:15,57,22:00,47,1,,,0.0,false,14.8,232.0998314545339,false
1,10,10:15,58,22:15,48,1,,,0.0,false,14.8,232.55881013518695,false
1,10,10:15,59,22:30,49,1,,,0.0,false,14.8,233.01778881584,false
1,10,10:15,60,22:45,50,1,,,0.0,false,14.8,233.47676749649304,false
1,10,10:15,61,23:00,51,1,,,0.0,false,14.8,233.9357461771461,false
1,10,10:15,62,23:15,52,1,,,0.0,false,14.8,234.39472485779913,false
1,10,10:15,63,23:30,53,1,,,0.0,false,14.8,234.85370353845218,false
1,10,10:15,64,23:45,54,1,,,0.0,false,14.8,235.31268221910523,false
1,10,10:15,65,00:00,55,1,,,0.0,false,14.8,235.77166089975827,false
1,10,10:15,66,00:15,56,1,,,0.0,false,14.8,236.23063958041132,false
1,10,10:15,67,00:30,57,1,,,0.0,false,14.8,236.68961826106437,false
1,10,10:15,68,00:45,58,1,,,0.0,false,14.8,237.14859694171741,false
1,10,10:15,69,01:00,59,1,,,0.0,false,14.8,237.60757562237046,false
1,10,10:15,70,01:15,60,1,,,0.0,false,14.8,238.0665543030235,false
1,10,10:15,71,01:30,61,1,,,0.0,false,14.8,238.52553298367656,false
1,10,10:15,72,01:45,62,1,,,0.0,false,14.8,238.9845116643296,false
1,10,10:15,73,02:00,63,1,,,0.0,false,14.8,239.44349034498265,false
1,10,10:15,74,02:15,64,1,,,0.0,false,14.8,239.9024690256357,false
1,10,10:15,75,02:30,65,1,,,0.0,false,14.8,240.36144770628874,false
1,10,10:15,76,02:45,66,1,,,0.0,false,14.8,240.8204263869418,false
1,10,10:15,77,03:00,67,1,,,0.0,false,14.8,241.27940506759484,false
1,10,10:15,78,03:15,68,1,,,0.0,false,14.8,241.73838374824788,false
1,10,10:15,79,03:30,69,1,,,0.0,false,14.8,242.19736242890093,false
1,10,10:15,80,03:45,70,1,,,0.0,false,14.8,242.65634110955398,false
1,10,10:15,81,04:00,71,1,,,0.0,false,14.8,243.11531979020702,false
1,10,10:15,82,04:15,72,1,,,0.0,false,14.8,243.57429847086007,false
1,10,10:15,83,04:30,73,1,,,0.0,false,14.8,244.03327715151312,false
1,10,10:15,84,04:45,74,1,,,0.0,false,14.8,244.49225583216617,false
1,10,10:15,85,05:00,75,1,,,0.0,false,14.8,244.9512345128192,false
1,10,10:15,86,05:15,76,1,,,0.0,false,14.8,245.41021319347226,false
1,10,10:15,87,05:30,77,1,,,0.0,false,14.8,245.8691918741253,false
1,10,10:15,88,05:45,78,1,,,0.0,false,14.8,246.32817055477835,false
1,10,10:15,89,06:00,79,1,,,0.0,false,14.8,246.7871492354314,false
1,10,10:15,90,06:15,80,1,,,0.0,false,14.8,247.24612791608445,false
1,10,10:15,91,06:30,81,1,,,0.0,false,14.8,247.7051065967375,false
1,10,10:15,92,06:45,82,1,,,0.0,false,14.8,248.16408527739054,false
1,10,10:15,93,07:00,83,1,,,0.0,false,14.8,248.6230639580436,false
1,10,10:15,94,07:15,84,1,,,0.0,false,14.8,249.08204263869663,false
1,10,10:15,95,07:30,85,1,,,0.0,false,14.8,249.54102131934695,false
1,10,10:15,96,07:45,86,1,,,0.0,false,14.8,250.0,false
1,11,10:30,11,10:30,0,1,,Digging,4.792500000000004,false,10.17512059446645,244.71476646384392,false
1,11,10:30,12,10:45,1,1,,Charging,7.105427357601002e-15,true,12.075120594466446,242.60950330594918,false
1,11,10:30,13,11:00,2,1,,Digging,4.792499999999996,false,10.876995594466447,242.60950330594918,false
1,11,10:30,14,11:15,3,1,,Traveling,4.710099999999997,false,9.699470594466447,242.60950330594918,false
1,11,10:30,15,11:30,4,1,,Digging,4.7925,false,8.501345594466446,242.60950330594918,false
1,11,10:30,16,11:45,5,1,,Digging,4.7925,false,7.303220594466446,242.60950330594918,false
1,11,10:30,17,12:00,6,1,,Charging,0.0,true,9.203220594466446,240.50424014805444,false
1,11,10:30,18,12:15,7,1,,Charging,0.0,true,11.103220594466446,238.3989769901597,false
1,11,10:30,19,12:30,8,1,,,0.0,false,11.103220594466451,238.3989769901597,false
1,11,10:30,20,12:45,9,1,,,0.0,false,11.103220594466451,238.85882833237508,false
1,11,10:30,21,13:00,10,1,,,0.0,false,11.103220594466451,239.31867967459047,false
1,11,10:30,22,13:15,11,1,,,0.0,false,11.103220594466451,239.77853101680586,false
1,11,10:30,23,13:30,12,1,,,0.0,false,11.103220594466451,240.23838235902124,false
1,11,10:30,24,13:45,13,1,,,0.0,false,11.103220594466451,240.6982337012366,false
1,11,10:30,25,14:00,14,1,,Digging,4.792499999999997,false,9.905095594466452,241.158085043452,false
1,11,10:30,26,14:15,15,1,,Digging,4.792500000000004,false,8.706970594466451,241.61793638566738,false
1,11,10:30,27,14:30,16,1,,Traveling,4.7101,false,7.529445594466451,242.07778772788276,false
1,11,10:30,28,14:45,17,1,,Loading/Swinging,3.1586,false,6.739795594466451,242.53763907009815,false
1,11,10:30,29,15:00,18,1,,Idle,0.0,false,6.739795594466451,242.9974904123135,false
1,11,10:30,30,15:15,19,1,,Loading/Swinging,3.1586,false,5.950145594466451,243.4573417545289,false
1,11,10:30,31,15:30,20,1,,Loading/Swinging,3.1586,false,5.160495594466451,243.91719309674428,false
1,11,10:30,32,15:45,21,1,,Loading/Swinging,3.1586,false,4.370845594466451,244.37704443895967,false
1,11,10:30,33,16:00,22,1,,Traveling,4.7101,false,3.193320594466452,244.37704443895967,false
1,11,10:30,34,16:15,23,1,,Charging,1.7763568394002505e-15,true,5.093320594466451,242.27178128106493,false
1,11,10:30,35,16:30,24,1,,Loading/Swinging,3.1586000000017727,false,4.303670594466007,242.27178128106493,false
1,11,10:30,36,16:45,25,1,,Loading/Swinging,3.1586,false,3.5140205944660075,242.27178128106493,false
1,11,10:30,37,17:00,26,1,,Charging,0.0,true,5.414020594466008,240.1665181231702,false
1,11,10:30,38,17:15,27,1,,Charging,0.0,true,7.314020594466008,238.06125496527545,false
1,11,10:30,39,17:30,28,1,,Charging,0.0,true,9.214020594466007,235.9559918073807,false
1,11,10:30,40,17:45,29,1,,Charging,0.0,true,10.999999999999588,233.97706725831304,false
1,11,10:30,41,18:00,30,1,,Charging,0.0,true,12.899999999999588,231.8718041004183,false
1,11,10:30,42,18:15,31,1,,Charging,0.0,true,14.799999999999589,229.76654094252356,false
1,11,10:30,43,18:30,32,1,,,0.0,false,14.799999999999589,229.76654094252356,false
1,11,10:30,44,18:45,33,1,,,0.0,false,14.8,229.76654094252356,false
1,11,10:30,45,19:00,34,1,,,0.0,false,14.8,229.76654094252356,false
1,11,10:30,46,19:15,35,1,,,0.0,false,14.8,229.76654094252356,false
1,11,10:30,47,19:30,36,1,,,0.0,false,14.8,229.76654094252356,false
1,11,10:30,48,19:45,37,1,,,0.0,false,14.8,229.76654094252356,false
1,11,10:30,49,20:00,38,1,,,0.0,false,14.8,229.76654094252356,false
1,11,10:30,50,20:15,39,1,,,0.0,false,14.8,229.76654094252356,false
1,11,10:30,51,20:30,40,1,,,0.0,false,14.8,229.76654094252356,false
1,11,10:30,52,20:45,41,1,,,0.0,false,14.8,229.76654094252356,false
1,11,10:30,53,21:00,42,1,,,0.0,false,14.8,230.22639228473895,false
1,11,10:30,54,21:15,43,1,,,0.0,false,14.8,230.68624362695434,false
1,11,10:30,55,21:30,44,1,,,0.0,false,14.8,231.14609496916972,false
1,11,10:30,56,21:45,45,1,,,0.0,false,14.8,231.6059463113851,false
1,11,10:30,57,22:00,46,1,,,0.0,false,14.8,232.0657976536005,false
1,11,10:30,58,22:15,47,1,,,0.0,false,14.8,232.52564899581589,false
1,11,10:30,59,22:30,48,1,,,0.0,false,14.8,232.98550033803127,false
1,11,10:30,60,22:45,49,1,,,0.0,false,14.8,233.44535168024666,false
1,11,10:30,61,23:00,50,1,,,0.0,false,14.8,233.90520302246205,false
1,11,10:30,62,23:15,51,1,,,0.0,false,14.8,234.36505436467743,false
1,11,10:30,63,23:30,52,1,,,0.0,false,14.8,234.82490570689282,false
1,11,10:30,64,23:45,53,1,,,0.0,false,14.8,235.2847570491082,false
1,11,10:30,65,00:00,54,1,,,0.0,false,14.8,235.7446083913236,false
1,11,10:30,66,00:15,55,1,,,0.0,false,14.8,236.20445973353898,false
1,11,10:30,67,00:30,56,1,,,0.0,false,14.8,236.66431107575437,false
1,11,10:30,68,00:45,57,1,,,0.0,false,14.8,237.12416241796976,false
1,11,10:30,69,01:00,58,1,,,0.0,false,14.8,237.58401376018514,false
1,11,10:30,70,01:15,59,1,,,0.0,false,14.8,238.04386510240053,false
1,11,10:30,71,01:30,60,1,,,0.0,false,14.8,238.50371644461592,false
1,11,10:30,72,01:45,61,1,,,0.0,false,14.8,238.9635677868313,false
1,11,10:30,73,02:00,62,1,,,0.0,false,14.8,239.4234191290467,false
1,11,10:30,74,02:15,63,1,,,0.0,false,14.8,239.88327047126208,false
1,11,10:30,75,02:30,64,1,,,0.0,false,14.8,240.34312181347747,false
1,11,10:30,76,02:45,65,1,,,0.0,false,14.8,240.80297315569285,false
1,11,10:30,77,03:00,66,1,,,0.0,false,14.8,241.26282449790824,false
1,11,10:30,78,03:15,67,1,,,0.0,false,14.8,241.72267584012363,false
1,11,10:30,79,03:30,68,1,,,0.0,false,14.8,242.18252718233902,false
1,11,10:30,80,03:45,69,1,,,0.0,false,14.8,242.6423785245544,false
1,11,10:30,81,04:00,70,1,,,0.0,false,14.8,243.1022298667698,false
1,11,10:30,82,04:15,71,1,,,0.0,false,14.8,243.56208120898518,false
1,11,10:30,83,04:30,72,1,,,0.0,false,14.8,244.02193255120056,false
1,11,10:30,84,04:45,73,1,,,0.0,false,14.8,244.48178389341595,false
1,11,10:30,85,05:00,74,1,,,0.0,false,14.8,244.94163523563134,false
1,11,10:30,86,05:15,75,1,,,0.0,false,14.8,245.40148657784673,false
1,11,10:30,87,05:30,76,1,,,0.0,false,14.8,245.8613379200621,false
1,11,10:30,88,05:45,77,1,,,0.0,false,14.8,246.3211892622775,false
1,11,10:30,89,06:00,78,1,,,0.0,false,14.8,246.78104060449238,false
1,11,10:30,90,06:15,79,1,,,0.0,false,14.8,247.24089194670776,false
1,11,10:30,91,06:30,80,1,,,0.0,false,14.8,247.70074328892312,false
1,11,10:30,92,06:45,81,1,,,0.0,false,14.8,248.1605946311385,false
1,11,10:30,93,07:00,82,1,,,0.0,false,14.8,248.62044597335387,false
1,11,10:30,94,07:15,83,1,,,0.0,false,14.8,249.08029731556923,false
1,11,10:30,95,07:30,84,1,,,0.0,false,14.8,249.5401486577846,false
1,11,10:30,96,07:45,85,1,,,0.0,false,14.8,250.0,false
1,12,10:45,12,10:45,0,1,,Charging,-1.7763568394002505e-15,true,12.10007970459304,242.60950330594918,false
1,12,10:45,13,11:00,1,1,,Digging,4.792499999999997,false,10.901954704593042,242.60950330594918,false
1,12,10:45,14,11:15,2,1,,Traveling,4.7101,false,9.724429704593042,242.60950330594918,false
1,12,10:45,15,11:30,3,1,,Digging,4.792500000000004,false,8.526304704593041,242.60950330594918,false
1,12,10:45,16,11:45,4,1,,Digging,4.7925,false,7.328179704593041,242.60950330594918,false
1,12,10:45,17,12:00,5,1,,Charging,0.0,true,9.22817970459304,240.50424014805444,false
1,12,10:45,18,12:15,6,1,,Charging,0.0,true,11.128179704593041,238.3989769901597,false
1,12,10:45,19,12:30,7,1,,,0.0,false,11.128179704593041,238.3989769901597,false
1,12,10:45,20,12:45,8,1,,,0.0,false,11.128179704593041,238.858343147749,false
1,12,10:45,21,13:00,9,1,,,0.0,false,11.128179704593041,239.3177093053383,false
1,12,10:45,22,13:15,10,1,,,0.0,false,11.128179704593041,239.7770754629276,false
1,12,10:45,23,13:30,11,1,,,0.0,false,11.128179704593041,240.23644162051693,false
1,12,10:45,24,13:45,12,1,,,0.0,false,11.128179704593041,240.69580777810623,false
1,12,10:45,25,14:00,13,1,,Digging,4.792500000000004,false,9.93005470459304,241.15517393569553,false
1,12,10:45,26,14:15,14,1,,Digging,4.7925,false,8.731929704593039,241.61454009328483,false
1,12,10:45,27,14:30,15,1,,Traveling,4.710100000000001,false,7.554404704593039,242.07390625087413,false
1,12,10:45,28,14:45,16,1,,Loading/Swinging,3.1586,false,6.76475470459304,242.53327240846343,false
1,12,10:45,29,15:00,17,1,,Idle,0.0,false,6.76475470459304,242.99263856605273,false
1,12,10:45,30,15:15,18,1,,Loading/Swinging,3.1586,false,5.97510470459304,243.45200472364203,false
1,12,10:45,31,15:30,19,1,,Loading/Swinging,3.1586,false,5.18545470459304,243.91137088123133,false
1,12,10:45,32,15:45,20,1,,Loading/Swinging,3.1586,false,4.39580470459304,244.37073703882064,false
1,12,10:45,33,16:00,21,1,,Traveling,4.710100000000001,false,3.21827970459304,244.37073703882064,false
1,12,10:45,34,16:15,22,1,,Charging,1.7763568394002505e-15,true,5.118279704593039,242.2654738809259,false
1,12,10:45,35,16:30,23,1,,Loading/Swinging,3.1586,false,4.328629704593039,242.2654738809259,false
1,12,10:45,36,16:45,24,1,,Loading/Swinging,3.158599999999888,false,3.5389797045930673,242.2654738809259,false
1,12,10:45,37,17:00,25,1,,Charging,0.0,true,5.438979704593067,240.16021072303116,false
1,12,10:45,38,17:15,26,1,,Charging,0.0,true,7.338979704593067,238.05494756513642,false
1,12,10:45,39,17:30,27,1,,Charging,0.0,true,9.238979704593067,235.94968440724168,false
1,12,10:45,40,17:45,28,1,,Charging,0.0,true,11.138979704593067,233.84442124934694,false
1,12,10:45,41,18:00,29,1,,Charging,0.0,true,13.038979704593068,231.7391580914522,false
1,12,10:45,42,18:15,30,1,,Charging,0.0,true,14.800000000000047,229.7878890660705,false
1,12,10:45,43,18:30,31,1,,,0.0,false,14.800000000000047,229.7878890660705,false
1,12,10:45,44,18:45,32,1,,,0.0,false,14.800000000000047,229.7878890660705,false
1,12,10:45,45,19:00,33,1,,,0.0,false,14.800000000000047,229.7878890660705,false
1,12,10:45,46,19:15,34,1,,,0.0,false,14.800000000000047,229.7878890660705,false
1,12,10:45,47,19:30,35,1,,,0.0,false,14.800000000000047,229.7878890660705,false
1,12,10:45,48,19:45,36,1,,,0.0,false,14.800000000000047,229.7878890660705,false
1,12,10:45,49,20:00,37,1,,,0.0,false,14.800000000000047,229.7878890660705,false
1,12,10:45,50,20:15,38,1,,,0.0,false,14.800000000000047,229.7878890660705,false
1,12,10:45,51,20:30,39,1,,,0.0,false,14.800000000000047,229.7878890660705,false
1,12,10:45,52,20:45,40,1,,,0.0,false,14.8,229.7878890660705,false
1,12,10:45,53,21:00,41,1,,,0.0,false,14.8,230.24725522365983,false
1,12,10:45,54,21:15,42,1,,,0.0,false,14.8,230.70662138124914,false
1,12,10:45,55,21:30,43,1,,,0.0,false,14.8,231.16598753883844,false
1,12,10:45,56,21:45,44,1,,,0.0,false,14.8,231.62535369642774,false
1,12,10:45,57,22:00,45,1,,,0.0,false,14.8,232.0847198540171,false
1,12,10:45,58,22:15,46,1,,,0.0,false,14.8,232.5440860116064,false
1,12,10:45,59,22:30,47,1,,,0.0,false,14.8,233.00345216919573,false
1,12,10:45,60,22:45,48,1,,,0.0,false,14.8,233.46281832678503,false
1,12,10:45,61,23:00,49,1,,,0.0,false,14.8,233.92218448437433,false
1,12,10:45,62,23:15,50,1,,,0.0,false,14.8,234.38155064196363,false
1,12,10:45,63,23:30,51,1,,,0.0,false,14.8,234.84091679955293,false
1,12,10:45,64,23:45,52,1,,,0.0,false,14.8,235.30028295714226,false
1,12,10:45,65,00:00,53,1,,,0.0,false,14.8,235.75964911473156,false
1,12,10:45,66,00:15,54,1,,,0.0,false,14.8,236.21901527232086,false
1,12,10:45,67,00:30,55,1,,,0.0,false,14.8,236.67838142991016,false
1,12,10:45,68,00:45,56,1,,,0.0,false,14.8,237.13774758749946,false
1,12,10:45,69,01:00,57,1,,,0.0,false,14.8,237.59711374508876,false
1,12,10:45,70,01:15,58,1,,,0.0,false,14.8,238.05647990267806,false
1,12,10:45,71,01:30,59,1,,,0.0,false,14.8,238.51584606026736,false
1,12,10:45,72,01:45,60,1,,,0.0,false,14.8,238.9752122178567,false
1,12,10:45,73,02:00,61,1,,,0.0,false,14.8,239.434578375446,false
1,12,10:45,74,02:15,62,1,,,0.0,false,14.8,239.8939445330353,false
1,12,10:45,75,02:30,63,1,,,0.0,false,14.8,240.3533106906246,false
1,12,10:45,76,02:45,64,1,,,0.0,false,14.8,240.8126768482139,false
1,12,10:45,77,03:00,65,1,,,0.0,false,14.8,241.2720430058032,false
1,12,10:45,78,03:15,66,1,,,0.0,false,14.8,241.7314091633925,false
1,12,10:45,79,03:30,67,1,,,0.0,false,14.8,242.19077532098183,false
1,12,10:45,80,03:45,68,1,,,0.0,false,14.8,242.65014147857113,false
1,12,10:45,81,04:00,69,1,,,0.0,false,14.8,243.10950763616043,false
1,12,10:45,82,04:15,70,1,,,0.0,false,14.8,243.56887379374973,false
1,12,10:45,83,04:30,71,1,,,0.0,false,14.8,244.02823995133903,false
1,12,10:45,84,04:45,72,1,,,0.0,false,14.8,244.48760610892833,false
1,12,10:45,85,05:00,73,1,,,0.0,false,14.8,244.94697226651763,false
1,12,10:45,86,05:15,74,1,,,0.0,false,14.8,245.40633842410693,false
1,12,10:45,87,05:30,75,1,,,0.0,false,14.8,245.86570458169626,false
1,12,10:45,88,05:45,76,1,,,0.0,false,14.8,246.32507073928556,false
1,12,10:45,89,06:00,77,1,,,0.0,false,14.8,246.78443689687487,false
1,12,10:45,90,06:15,78,1,,,0.0,false,14.8,247.24380305446417,false
1,12,10:45,91,06:30,79,1,,,0.0,false,14.8,247.70316921205347,false
1,12,10:45,92,06:45,80,1,,,0.0,false,14.8,248.16253536964277,false
1,12,10:45,93,07:00,81,1,,,0.0,false,14.8,248.6219015272321,false
1,12,10:45,94,07:15,82,1,,,0.0,false,14.8,249.0812676848214,false
1,12,10:45,95,07:30,83,1,,,0.0,false,14.8,249.54063384241067,false
1,12,10:45,96,07:45,84,1,,,0.0,false,14.8,250.0,false
1,13,11:00,13,11:00,0,1,,Digging,4.792500000000004,false,11.00195470459304,242.60950330594918,false
1,13,11:00,14,11:15,1,1,,Traveling,4.710099999999997,false,9.82442970459304,242.60950330594918,false
1,13,11:00,15,11:30,2,1,,Digging,4.7925,false,8.626304704593041,242.60950330594918,false
1,13,11:00,16,11:45,3,1,,Digging,4.7925,false,7.428179704593041,242.60950330594918,false
1,13,11:00,17,12:00,4,1,,Charging,0.0,true,9.32817970459304,240.50424014805444,false
1,13,11:00,18,12:15,5,1,,Charging,0.0,true,11.22817970459304,238.3989769901597,false
1,13,11:00,19,12:30,6,1,,,0.0,false,11.22817970459304,238.3989769901597,false
1,13,11:00,20,12:45,7,1,,,0.0,false,11.22817970459304,238.85639922978234,false
1,13,11:00,21,13:00,8,1,,,0.0,false,11.22817970459304,239.31382146940499,false
1,13,11:00,22,13:15,9,1,,,0.0,false,11.22817970459304,239.77124370902763,false
1,13,11:00,23,13:30,10,1,,,0.0,false,11.228179704593042,240.22866594865027,false
1,13,11:00,24,13:45,11,1,,,0.0,false,11.228179704593042,240.68608818827292,false
1,13,11:00,25,14:00,12,1,,Digging,4.7925000000000075,false,10.030054704593041,241.14351042789556,false
1,13,11:00,26,14:15,13,1,,Digging,4.792500000000004,false,8.83192970459304,241.6009326675182,false
1,13,11:00,27,14:30,14,1,,Traveling,4.7101000000000015,false,7.65440470459304,242.05835490714085,false
1,13,11:00,28,14:45,15,1,,Loading/Swinging,3.1586000000000034,false,6.8647547045930395,242.5157771467635,false
1,13,11:00,29,15:00,16,1,,Idle,0.0,false,6.8647547045930395,242.97319938638614,false
1,13,11:00,30,15:15,17,1,,Loading/Swinging,3.1586000000000105,false,6.075104704593037,243.4306216260088,false
1,13,11:00,31,15:30,18,1,,Loading/Swinging,3.158599999999997,false,5.285454704593038,243.88804386563143,false
1,13,11:00,32,15:45,19,1,,Loading/Swinging,3.1586,false,4.495804704593038,244.34546610525408,false
1,13,11:00,33,16:00,20,1,,Traveling,4.7101,false,3.3182797045930457,244.34546610525408,false
1,13,11:00,34,16:15,21,1,,Charging,0.0,true,5.218279704593046,242.24020294735934,false
1,13,11:00,35,16:30,22,1,,Loading/Swinging,3.1586,false,4.428629704593046,242.24020294735934,false
1,13,11:00,36,16:45,23,1,,Loading/Swinging,3.1586,false,3.638979704593046,242.24020294735934,false
1,13,11:00,37,17:00,24,1,,Charging,0.0,true,5.5389797045930464,240.1349397894646,false
1,13,11:00,38,17:15,25,1,,Charging,0.0,true,7.438979704593046,238.02967663156986,false
1,13,11:00,39,17:30,26,1,,Charging,0.0,true,9.09999999999994,236.18921093028797,false
1,13,11:00,40,17:45,27,1,,Charging,0.0,true,10.999999999999922,234.08394777239326,false
1,13,11:00,41,18:00,28,1,,Charging,0.0,true,12.899999999999924,231.97868461449852,false
1,13,11:00,42,18:15,29,1,,Charging,0.0,true,14.799999999999924,229.87342145660378,false
1,13,11:00,43,18:30,30,1,,,0.0,false,14.799999999999924,229.87342145660378,false
1,13,11:00,44,18:45,31,1,,,0.0,false,14.799999999999924,229.87342145660378,false
1,13,11:00,45,19:00,32,1,,,0.0,false,14.799999999999924,229.87342145660378,false
1,13,11:00,46,19:15,33,1,,,0.0,false,14.8,229.87342145660378,false
1,13,11:00,47,19:30,34,1,,,0.0,false,14.8,229.87342145660378,false
1,13,11:00,48,19:45,35,1,,,0.0,false,14.8,229.87342145660378,false
1,13,11:00,49,20:00,36,1,,,0.0,false,14.8,229.87342145660378,false
1,13,11:00,50,20:15,37,1,,,0.0,false,14.8,229.87342145660378,false
1,13,11:00,51,20:30,38,1,,,0.0,false,14.8,229.87342145660378,false
1,13,11:00,52,20:45,39,1,,,0.0,false,14.8,229.87342145660378,false
1,13,11:00,53,21:00,40,1,,,0.0,false,14.8,230.33084369622642,false
1,13,11:00,54,21:15,41,1,,,0.0,false,14.8,230.78826593584907,false
1,13,11:00,55,21:30,42,1,,,0.0,false,14.8,231.24568817547174,false
1,13,11:00,56,21:45,43,1,,,0.0,false,14.8,231.7031104150944,false
1,13,11:00,57,22:00,44,1,,,0.0,false,14.8,232.16053265471703,false
1,13,11:00,58,22:15,45,1,,,0.0,false,14.8,232.61795489433968,false
1,13,11:00,59,22:30,46,1,,,0.0,false,14.8,233.07537713396232,false
1,13,11:00,60,22:45,47,1,,,0.0,false,14.8,233.53279937358462,false
1,13,11:00,61,23:00,48,1,,,0.0,false,14.8,233.9902216132075,false
1,13,11:00,62,23:15,49,1,,,0.0,false,14.8,234.44764385283014,false
1,13,11:00,63,23:30,50,1,,,0.0,false,14.8,234.90506609245278,false
1,13,11:00,64,23:45,51,1,,,0.0,false,14.8,235.36248833207543,false
1,13,11:00,65,00:00,52,1,,,0.0,false,14.8,235.81991057169807,false
1,13,11:00,66,00:15,53,1,,,0.0,false,14.8,236.2773328113207,false
1,13,11:00,67,00:30,54,1,,,0.0,false,14.8,236.73475505094333,false
1,13,11:00,68,00:45,55,1,,,0.0,false,14.8,237.19217729056598,false
1,13,11:00,69,01:00,56,1,,,0.0,false,14.8,237.64959953018862,false
1,13,11:00,70,01:15,57,1,,,0.0,false,14.8,238.10702176981127,false
1,13,11:00,71,01:30,58,1,,,0.0,false,14.8,238.5644440094339,false
1,13,11:00,72,01:45,59,1,,,0.0,false,14.8,239.02186624905656,false
1,13,11:00,73,02:00,60,1,,,0.0,false,14.8,239.4792884886792,false
1,13,11:00,74,02:15,61,1,,,0.0,false,14.8,239.93671072830185,false
1,13,11:00,75,02:30,62,1,,,0.0,false,14.8,240.3941329679245,false
1,13,11:00,76,02:45,63,1,,,0.0,false,14.8,240.85155520754714,false
1,13,11:00,77,03:00,64,1,,,0.0,false,14.8,241.30897744716978,false
1,13,11:00,78,03:15,65,1,,,0.0,false,14.8,241.76639968679243,false
1,13,11:00,79,03:30,66,1,,,0.0,false,14.8,242.22382192641507,false
1,13,11:00,80,03:45,67,1,,,0.0,false,14.8,242.68124416603771,false
1,13,11:00,81,04:00,68,1,,,0.0,false,14.8,243.13866640566036,false
1,13,11:00,82,04:15,69,1,,,0.0,false,14.8,243.596088645283,false
1,13,11:00,83,04:30,70,1,,,0.0,false,14.8,244.05351088490565,false
1,13,11:00,84,04:45,71,1,,,0.0,false,14.8,244.5109331245283,false
1,13,11:00,85,05:00,72,1,,,0.0,false,14.8,244.96835536415094,false
1,13,11:00,86,05:15,73,1,,,0.0,false,14.8,245.42577760377358,false
1,13,11:00,87,05:30,74,1,,,0.0,false,14.8,245.88319984339623,false
1,13,11:00,88,05:45,75,1,,,0.0,false,14.8,246.34062208301887,false
1,13,11:00,89,06:00,76,1,,,0.0,false,14.8,246.79804432264152,false
1,13,11:00,90,06:15,77,1,,,0.0,false,14.8,247.25546656226416,false
1,13,11:00,91,06:30,78,1,,,0.0,false,14.8,247.71288880188678,false
1,13,11:00,92,06:45,79,1,,,0.0,false,14.8,248.17031104150942,false
1,13,11:00,93,07:00,80,1,,,0.0,false,14.8,248.62773328113207,false
1,13,11:00,94,07:15,81,1,,,0.0,false,14.8,249.0851555207547,false
1,13,11:00,95,07:30,82,1,,,0.0,false,14.8,249.54257776037736,false
1,13,11:00,96,07:45,83,1,,,0.0,false,14.8,250.0,false
1,14,11:15,14,11:15,0,1,,Traveling,4.710099999999997,false,9.864402396803506,242.60950330594918,false
1,14,11:15,15,11:30,1,1,,Digging,4.7925,false,8.666277396803505,242.60950330594918,false
1,14,11:15,16,11:45,2,1,,Loading/Swinging,3.1586,false,7.876627396803505,242.60950330594918,true
1,14,11:15,17,12:00,3,1,,Charging,0.0,true,9.776627396803505,240.5042401480545,false
1,14,11:15,18,12:15,4,1,,Charging,0.0,true,11.397675000000035,238.70806551847386,false
1,14,11:15,19,12:30,5,1,,,0.0,false,11.397675000000035,238.70806551847386,false
1,14,11:15,20,12:45,6,1,,,0.0,false,11.397675000000035,239.16471072175085,false
1,14,11:15,21,13:00,7,1,,,0.0,false,11.397675000000035,239.62135592502784,false
1,14,11:15,22,13:15,8,1,,,0.0,false,11.397675000000035,240.07800112830483,false
1,14,11:15,23,13:30,9,1,,,0.0,false,11.397675000000035,240.53464633158183,false
1,14,11:15,24,13:45,10,1,,,0.0,false,11.397675000000035,240.99129153485887,false
1,14,11:15,25,14:00,11,1,,Digging,4.792500000000004,false,10.199550000000034,241.44793673813587,false
1,14,11:15,26,14:15,12,1,,Digging,4.7925,false,9.001425000000035,241.90458194141286,false
1,14,11:15,27,14:30,13,1,,Traveling,4.710100000000001,false,7.823900000000035,242.36122714468985,false
1,14,11:15,28,14:45,14,1,,Digging,4.7925,false,6.625775000000035,242.81787234796684,true
1,14,11:15,29,15:00,15,1,,Idle,0.0,false,6.625775000000035,243.27451755124383,false
1,14,11:15,30,15:15,16,1,,Loading/Swinging,3.1586,false,5.836125000000035,243.73116275452088,false
1,14,11:15,31,15:30,17,1,,Loading/Swinging,3.1586,false,5.046475000000035,244.18780795779787,false
1,14,11:15,32,15:45,18,1,,Loading/Swinging,3.1586,false,4.256825000000035,244.64445316107486,false
1,14,11:15,33,16:00,19,1,,Traveling,4.7101,false,3.079299999999999,244.64445316107486,false
1,14,11:15,34,16:15,20,1,,Charging,1.7763568394002505e-15,true,4.9792999999999985,242.53919000318012,false
1,14,11:15,35,16:30,21,1,,Loading/Swinging,3.1586,false,4.1896499999999985,242.53919000318012,false
1,14,11:15,36,16:45,22,1,,Loading/Swinging,3.1586,false,3.3999999999999986,242.53919000318012,false
1,14,11:15,37,17:00,23,1,,Charging,0.0,true,5.299999999999999,240.43392684528538,false
1,14,11:15,38,17:15,24,1,,Charging,0.0,true,7.199999999999998,238.32866368739064,false
1,14,11:15,39,17:30,25,1,,Charging,0.0,true,9.099999999999998,236.2234005294959,false
1,14,11:15,40,17:45,26,1,,Charging,0.0,true,10.999999999999998,234.11813737160116,false
1,14,11:15,41,18:00,27,1,,Charging,0.0,true,12.899999999999999,232.01287421370645,false
1,14,11:15,42,18:15,28,1,,Charging,0.0,true,14.799999999999999,229.9076110558117,false
1,14,11:15,43,18:30,29,1,,,0.0,false,14.799999999999999,229.9076110558117,false
1,14,11:15,44,18:45,30,1,,,0.0,false,14.799999999999999,229.9076110558117,false
1,14,11:15,45,19:00,31,1,,,0.0,false,14.799999999999997,229.9076110558117,false
1,14,11:15,46,19:15,32,1,,,0.0,false,14.799999999999997,229.9076110558117,false
1,14,11:15,47,19:30,33,1,,,0.0,false,14.799999999999997,229.9076110558117,false
1,14,11:15,48,19:45,34,1,,,0.0,false,14.799999999999997,229.9076110558117,false
1,14,11:15,49,20:00,35,1,,,0.0,false,14.799999999999997,229.9076110558117,false
1,14,11:15,50,20:15,36,1,,,0.0,false,14.799999999999997,229.9076110558117,false
1,14,11:15,51,20:30,37,1,,,0.0,false,14.799999999999997,229.9076110558117,false
1,14,11:15,52,20:45,38,1,,,0.0,false,14.799999999999997,229.9076110558117,false
1,14,11:15,53,21:00,39,1,,,0.0,false,14.799999999999997,230.36425625908873,false
1,14,11:15,54,21:15,40,1,,,0.0,false,14.8,230.82090146236573,false
1,14,11:15,55,21:30,41,1,,,0.0,false,14.8,231.27754666564272,false
1,14,11:15,56,21:45,42,1,,,0.0,false,14.8,231.7341918689197,false
1,14,11:15,57,22:00,43,1,,,0.0,false,14.8,232.1908370721967,false
1,14,11:15,58,22:15,44,1,,,0.0,false,14.8,232.6474822754737,false
1,14,11:15,59,22:30,45,1,,,0.0,false,14.8,233.10412747875068,false
1,14,11:15,60,22:45,46,1,,,0.0,false,14.8,233.56077268202768,false
1,14,11:15,61,23:00,47,1,,,0.0,false,14.8,234.01741788530467,false
1,14,11:15,62,23:15,48,1,,,0.0,false,14.8,234.47406308858166,false
1,14,11:15,63,23:30,49,1,,,0.0,false,14.8,234.93070829185865,false
1,14,11:15,64,23:45,50,1,,,0.0,false,14.8,235.38735349513564,false
1,14,11:15,65,00:00,51,1,,,0.0,false,14.8,235.84399869841263,false
1,14,11:15,66,00:15,52,1,,,0.0,false,14.8,236.30064390168963,false
1,14,11:15,67,00:30,53,1,,,0.0,false,14.8,236.75728910496662,false
1,14,11:15,68,00:45,54,1,,,0.0,false,14.8,237.2139343082436,false
1,14,11:15,69,01:00,55,1,,,0.0,false,14.8,237.6705795115206,false
1,14,11:15,70,01:15,56,1,,,0.0,false,14.8,238.1272247147976,false
1,14,11:15,71,01:30,57,1,,,0.0,false,14.8,238.58386991807458,false
1,14,11:15,72,01:45,58,1,,,0.0,false,14.8,239.04051512135158,false
1,14,11:15,73,02:00,59,1,,,0.0,false,14.8,239.49716032462857,false
1,14,11:15,74,02:15,60,1,,,0.0,false,14.8,239.95380552790556,false
1,14,11:15,75,02:30,61,1,,,0.0,false,14.8,240.41045073118255,false
1,14,11:15,76,02:45,62,1,,,0.0,false,14.8,240.86709593445954,false
1,14,11:15,77,03:00,63,1,,,0.0,false,14.8,241.32374113773653,false
1,14,11:15,78,03:15,64,1,,,0.0,false,14.8,241.78038634101352,false
1,14,11:15,79,03:30,65,1,,,0.0,false,14.8,242.23703154429052,false
1,14,11:15,80,03:45,66,1,,,0.0,false,14.8,242.6936767475675,false
1,14,11:15,81,04:00,67,1,,,0.0,false,14.8,243.1503219508445,false
1,14,11:15,82,04:15,68,1,,,0.0,false,14.8,243.6069671541215,false
1,14,11:15,83,04:30,69,1,,,0.0,false,14.8,244.06361235739848,false
1,14,11:15,84,04:45,70,1,,,0.0,false,14.8,244.52025756067547,false
1,14,11:15,85,05:00,71,1,,,0.0,false,14.8,244.97690276395247,false
1,14,11:15,86,05:15,72,1,,,0.0,false,14.8,245.43354796722946,false
1,14,11:15,87,05:30,73,1,,,0.0,false,14.8,245.89019317050645,false
1,14,11:15,88,05:45,74,1,,,0.0,false,14.8,246.34683837378344,false
1,14,11:15,89,06:00,75,1,,,0.0,false,14.8,246.80348357706043,false
1,14,11:15,90,06:15,76,1,,,0.0,false,14.8,247.26012878033742,false
1,14,11:15,91,06:30,77,1,,,0.0,false,14.8,247.71677398361442,false
1,14,11:15,92,06:45,78,1,,,0.0,false,14.8,248.1734191868914,false
1,14,11:15,93,07:00,79,1,,,0.0,false,14.8,248.6300643901684,false
1,14,11:15,94,07:15,80,1,,,0.0,false,14.8,249.0867095934454,false
1,14,11:15,95,07:30,81,1,,,0.0,false,14.8,249.543354796723,false
1,14,11:15,96,07:45,82,1,,,0.0,false,14.8,250.0,false
1,15,11:30,15,11:30,0,1,,Digging,4.7925,false,8.683759769384025,242.60950330594918,false
1,15,11:30,16,11:45,1,1,,Digging,4.7925,false,7.485634769384024,242.60950330594918,true
1,15,11:30,17,12:00,2,1,,Charging,0.0,true,9.385634769384025,240.50424014805444,false
1,15,11:30,18,12:15,3,1,,Charging,0.0,true,11.285634769384025,238.39897699015984,false
1,15,11:30,19,12:30,4,1,,,0.0,false,11.285634769384025,238.39897699015984,false
1,15,11:30,20,12:45,5,1,,,0.0,false,11.285634769384025,238.85528235045524,false
1,15,11:30,21,13:00,6,1,,,0.0,false,11.285634769384025,239.31158771075064,false
1,15,11:30,22,13:15,7,1,,,0.0,false,11.285634769384025,239.76789307104605,false
1,15,11:30,23,13:30,8,1,,,0.0,false,11.285634769384025,240.22419843134145,false
1,15,11:30,24,13:45,9,1,,,0.0,false,11.285634769384025,240.68050379163685,false
1,15,11:30,25,14:00,10,1,,Digging,4.7925,false,10.087509769384024,241.13680915193225,false
1,15,11:30,26,14:15,11,1,,Digging,4.792499999999997,false,8.889384769384025,241.59311451222766,false
1,15,11:30,27,14:30,12,1,,Traveling,4.7101,false,7.7118597693840245,242.04941987252306,false
1,15,11:30,28,14:45,13,1,,Loading/Swinging,3.1586,false,6.9222097693840245,242.50572523281846,true
1,15,11:30,29,15:00,14,1,,Idle,0.0,false,6.9222097693840245,242.9620305931139,false
1,15,11:30,30,15:15,15,1,,Loading/Swinging,3.1586,false,6.132559769384025,243.4183359534093,false
1,15,11:30,31,15:30,16,1,,Loading/Swinging,3.1586,false,5.342909769384025,243.8746413137047,false
1,15,11:30,32,15:45,17,1,,Loading/Swinging,3.1586,false,4.553259769384025,244.3309466740001,false
1,15,11:30,33,16:00,18,1,,Traveling,4.7101,false,3.3757347693840236,244.3309466740001,false
1,15,11:30,34,16:15,19,1,,Charging,0.0,true,5.275734769384025,242.22568351610536,false
1,15,11:30,35,16:30,20,1,,Loading/Swinging,3.1586,false,4.486084769384025,242.22568351610536,false
1,15,11:30,36,16:45,21,1,,Loading/Swinging,3.1586,false,3.6964347693840245,242.22568351610536,false
1,15,11:30,37,17:00,22,1,,Charging,0.0,true,5.5964347693840235,240.12042035821062,false
1,15,11:30,38,17:15,23,1,,Charging,0.0,true,7.496434769384024,238.01515720031588,false
1,15,11:30,39,17:30,24,1,,Charging,0.0,true,9.396434769384024,235.90989404242114,false
1,15,11:30,40,17:45,25,1,,Charging,0.0,true,11.0,234.13309046279124,false
1,15,11:30,41,18:00,26,1,,Charging,0.0,true,12.9,232.02782730489653,false
1,15,11:30,42,18:15,27,1,,Charging,0.0,true,14.8,229.9225641470018,false
1,15,11:30,43,18:30,28,1,,,0.0,false,14.8,229.9225641470018,false
1,15,11:30,44,18:45,29,1,,,0.0,false,14.8,229.9225641470018,false
1,15,11:30,45,19:00,30,1,,,0.0,false,14.8,229.9225641470018,false
1,15,11:30,46,19:15,31,1,,,0.0,false,14.8,229.9225641470018,false
1,15,11:30,47,19:30,32,1,,,0.0,false,14.8,229.9225641470018,false
1,15,11:30,48,19:45,33,1,,,0.0,false,14.8,229.9225641470018,false
1,15,11:30,49,20:00,34,1,,,0.0,false,14.8,229.9225641470018,false
1,15,11:30,50,20:15,35,1,,,0.0,false,14.8,229.9225641470018,false
1,15,11:30,51,20:30,36,1,,,0.0,false,14.8,229.92256414700174,false
1,15,11:30,52,20:45,37,1,,,0.0,false,14.8,229.92256414700174,false
1,15,11:30,53,21:00,38,1,,,0.0,false,14.8,230.37886950729714,false
1,15,11:30,54,21:15,39,1,,,0.0,false,14.8,230.83517486759257,false
1,15,11:30,55,21:30,40,1,,,0.0,false,14.8,231.29148022788797,false
1,15,11:30,56,21:45,41,1,,,0.0,false,14.8,231.7477855881834,false
1,15,11:30,57,22:00,42,1,,,0.0,false,14.8,232.2040909484788,false
1,15,11:30,58,22:15,43,1,,,0.0,false,14.8,232.66039630877424,false
1,15,11:30,59,22:30,44,1,,,0.0,false,14.8,233.11670166906964,false
1,15,11:30,60,22:45,45,1,,,0.0,false,14.8,233.57300702936507,false
1,15,11:30,61,23:00,46,1,,,0.0,false,14.8,234.02931238966048,false
1,15,11:30,62,23:15,47,1,,,0.0,false,14.8,234.4856177499559,false
1,15,11:30,63,23:30,48,1,,,0.0,false,14.8,234.9419231102513,false
1,15,11:30,64,23:45,49,1,,,0.0,false,14.8,235.3982284705467,false
1,15,11:30,65,00:00,50,1,,,0.0,false,14.8,235.85453383084214,false
1,15,11:30,66,00:15,51,1,,,0.0,false,14.8,236.31083919113755,false
1,15,11:30,67,00:30,52,1,,,0.0,false,14.8,236.76714455143298,false
1,15,11:30,68,00:45,53,1,,,0.0,false,14.8,237.22344991172838,false
1,15,11:30,69,01:00,54,1,,,0.0,false,14.8,237.67975527202378,false
1,15,11:30,70,01:15,55,1,,,0.0,false,14.8,238.1360606323192,false
1,15,11:30,71,01:30,56,1,,,0.0,false,14.8,238.5923659926146,false
1,15,11:30,72,01:45,57,1,,,0.0,false,14.8,239.04867135291002,false
1,15,11:30,73,02:00,58,1,,,0.0,false,14.8,239.50497671320542,false
1,15,11:30,74,02:15,59,1,,,0.0,false,14.8,239.96128207350085,false
1,15,11:30,75,02:30,60,1,,,0.0,false,14.8,240.41758743379626,false
1,15,11:30,76,02:45,61,1,,,0.0,false,14.8,240.8738927940917,false
1,15,11:30,77,03:00,62,1,,,0.0,false,14.8,241.3301981543871,false
1,15,11:30,78,03:15,63,1,,,0.0,false,14.8,241.78650351468252,false
1,15,11:30,79,03:30,64,1,,,0.0,false,14.8,242.24280887497792,false
1,15,11:30,80,03:45,65,1,,,0.0,false,14.8,242.69911423527333,false
1,15,11:30,81,04:00,66,1,,,0.0,false,14.8,243.15541959556876,false
1,15,11:30,82,04:15,67,1,,,0.0,false,14.8,243.61172495586416,false
1,15,11:30,83,04:30,68,1,,,0.0,false,14.8,244.0680303161596,false
1,15,11:30,84,04:45,69,1,,,0.0,false,14.8,244.524335676455,false
1,15,11:30,85,05:00,70,1,,,0.0,false,14.8,244.98064103675043,false
1,15,11:30,86,05:15,71,1,,,0.0,false,14.8,245.43694639704583,false
1,15,11:30,87,05:30,72,1,,,0.0,false,14.8,245.89325175734126,false
1,15,11:30,88,05:45,73,1,,,0.0,false,14.8,246.34955711763666,false
1,15,11:30,89,06:00,74,1,,,0.0,false,14.8,246.8058624779321,false
1,15,11:30,90,06:15,75,1,,,0.0,false,14.8,247.2621678382275,false
1,15,11:30,91,06:30,76,1,,,0.0,false,14.8,247.7184731985229,false
1,15,11:30,92,06:45,77,1,,,0.0,false,14.8,248.1747785588183,false
1,15,11:30,93,07:00,78,1,,,0.0,false,14.8,248.6310839191137,false
1,15,11:30,94,07:15,79,1,,,0.0,false,14.8,249.08738927940914,false
1,15,11:30,95,07:30,80,1,,,0.0,false,14.8,249.54369463970454,false
1,15,11:30,96,07:45,81,1,,,0.0,false,14.8,250.0,false
1,16,11:45,16,11:45,0,1,,Digging,4.792500000000004,false,7.4483716058852085,242.60950330594918,false
1,16,11:45,17,12:00,1,1,,Charging,0.0,true,9.348371605885209,240.50424014805444,false
1,16,11:45,18,12:15,2,1,,Charging,0.0,true,11.24837160588521,238.3989769901597,false
1,16,11:45,19,12:30,3,1,,,0.0,false,11.24837160588521,238.39897699015978,false
1,16,11:45,20,12:45,4,1,,,0.0,false,11.248371605885206,238.85600671578538,false
1,16,11:45,21,13:00,5,1,,,0.0,false,11.248371605885206,239.313036441411,false
1,16,11:45,22,13:15,6,1,,,0.0,false,11.248371605885206,239.7700661670366,false
1,16,11:45,23,13:30,7,1,,,0.0,false,11.248371605885206,240.2270958926622,false
1,16,11:45,24,13:45,8,1,,,0.0,false,11.248371605885206,240.6841256182878,false
1,16,11:45,25,14:00,9,1,,Digging,4.792499999999997,false,10.050246605885206,241.1411553439134,false
1,16,11:45,26,14:15,10,1,,Digging,4.7925,false,8.852121605885205,241.598185069539,false
1,16,11:45,27,14:30,11,1,,Traveling,4.710100000000001,false,7.674596605885205,242.05521479516463,false
1,16,11:45,28,14:45,12,1,,Loading/Swinging,3.1586,false,6.884946605885206,242.51224452079023,false
1,16,11:45,29,15:00,13,1,,Idle,0.0,false,6.884946605885206,242.96927424641584,false
1,16,11:45,30,15:15,14,1,,Loading/Swinging,3.1586,false,6.095296605885206,243.4263039720415,false
1,16,11:45,31,15:30,15,1,,Loading/Swinging,3.1586,false,5.305646605885206,243.8833336976671,false
1,16,11:45,32,15:45,16,1,,Loading/Swinging,3.1586,false,4.515996605885206,244.3403634232927,false
1,16,11:45,33,16:00,17,1,,Traveling,4.7101,false,3.338471605885206,244.3403634232927,false
1,16,11:45,34,16:15,18,1,,Charging,1.7763568394002505e-15,true,5.238471605885206,242.23510026539796,false
1,16,11:45,35,16:30,19,1,,Loading/Swinging,3.1586,false,4.448821605885206,242.23510026539796,false
1,16,11:45,36,16:45,20,1,,Loading/Swinging,3.1586,false,3.6591716058852057,242.23510026539796,false
1,16,11:45,37,17:00,21,1,,Charging,0.0,true,5.559171605885206,240.12983710750322,false
1,16,11:45,38,17:15,22,1,,Charging,0.0,true,7.459171605885206,238.02457394960848,false
1,16,11:45,39,17:30,23,1,,Charging,0.0,true,9.359171605885205,235.91931079171374,false
1,16,11:45,40,17:45,24,1,,Charging,0.0,true,11.000000000000002,234.10121838826245,false
1,16,11:45,41,18:00,25,1,,Charging,0.0,true,12.900000000000002,231.9959552303677,false
1,16,11:45,42,18:15,26,1,,Charging,0.0,true,14.8,229.89069207247297,false
1,16,11:45,43,18:30,27,1,,,0.0,false,14.8,229.89069207247297,false
1,16,11:45,44,18:45,28,1,,,0.0,false,14.8,229.890692072473,false
1,16,11:45,45,19:00,29,1,,,0.0,false,14.8,229.890692072473,false
1,16,11:45,46,19:15,30,1,,,0.0,false,14.8,229.890692072473,false
1,16,11:45,47,19:30,31,1,,,0.0,false,14.8,229.890692072473,false
1,16,11:45,48,19:45,32,1,,,0.0,false,14.8,229.890692072473,false
1,16,11:45,49,20:00,33,1,,,0.0,false,14.8,229.890692072473,false
1,16,11:45,50,20:15,34,1,,,0.0,false,14.8,229.890692072473,false
1,16,11:45,51,20:30,35,1,,,0.0,false,14.8,229.890692072473,false
1,16,11:45,52,20:45,36,1,,,0.0,false,14.8,229.890692072473,false
1,16,11:45,53,21:00,37,1,,,0.0,false,14.8,230.3477217980986,false
1,16,11:45,54,21:15,38,1,,,0.0,false,14.8,230.80475152372424,false
1,16,11:45,55,21:30,39,1,,,0.0,false,14.8,231.26178124934984,false
1,16,11:45,56,21:45,40,1,,,0.0,false,14.8,231.71881097497547,false
1,16,11:45,57,22:00,41,1,,,0.0,false,14.8,232.17584070060107,false
1,16,11:45,58,22:15,42,1,,,0.0,false,14.8,232.6328704262267,false
1,16,11:45,59,22:30,43,1,,,0.0,false,14.8,233.0899001518523,false
1,16,11:45,60,22:45,44,1,,,0.0,false,14.8,233.54692987747794,false
1,16,11:45,61,23:00,45,1,,,0.0,false,14.8,234.00395960310354,false
1,16,11:45,62,23:15,46,1,,,0.0,false,14.8,234.46098932872914,false
1,16,11:45,63,23:30,47,1,,,0.0,false,14.8,234.91801905435477,false
1,16,11:45,64,23:45,48,1,,,0.0,false,14.8,235.37504877998038,false
1,16,11:45,65,00:00,49,1,,,0.0,false,14.8,235.832078505606,false
1,16,11:45,66,00:15,50,1,,,0.0,false,14.8,236.2891082312316,false
1,16,11:45,67,00:30,51,1,,,0.0,false,14.8,236.74613795685724,false
1,16,11:45,68,00:45,52,1,,,0.0,false,14.8,237.20316768248284,false
1,16,11:45,69,01:00,53,1,,,0.0,false,14.8,237.66019740810847,false
1,16,11:45,70,01:15,54,1,,,0.0,false,14.8,238.11722713373408,false
1,16,11:45,71,01:30,55,1,,,0.0,false,14.8,238.57425685935968,false
1,16,11:45,72,01:45,56,1,,,0.0,false,14.8,239.03128658498528,false
1,16,11:45,73,02:00,57,1,,,0.0,false,14.8,239.48831631061088,false
1,16,11:45,74,02:15,58,1,,,0.0,false,14.8,239.9453460362365,false
1,16,11:45,75,02:30,59,1,,,0.0,false,14.8,240.40237576186212,false
1,16,11:45,76,02:45,60,1,,,0.0,false,14.8,240.85940548748772,false
1,16,11:45,77,03:00,61,1,,,0.0,false,14.8,241.31643521311332,false
1,16,11:45,78,03:15,62,1,,,0.0,false,14.8,241.77346493873895,false
1,16,11:45,79,03:30,63,1,,,0.0,false,14.8,242.23049466436456,false
1,16,11:45,80,03:45,64,1,,,0.0,false,14.8,242.6875243899902,false
1,16,11:45,81,04:00,65,1,,,0.0,false,14.8,243.1445541156158,false
1,16,11:45,82,04:15,66,1,,,0.0,false,14.8,243.60158384124142,false
1,16,11:45,83,04:30,67,1,,,0.0,false,14.8,244.05861356686702,false
1,16,11:45,84,04:45,68,1,,,0.0,false,14.8,244.51564329249265,false
1,16,11:45,85,05:00,69,1,,,0.0,false,14.8,244.97267301811826,false
1,16,11:45,86,05:15,70,1,,,0.0,false,14.8,245.42970274374386,false
1,16,11:45,87,05:30,71,1,,,0.0,false,14.8,245.8867324693695,false
1,16,11:45,88,05:45,72,1,,,0.0,false,14.8,246.3437621949951,false
1,16,11:45,89,06:00,73,1,,,0.0,false,14.8,246.80079192062072,false
1,16,11:45,90,06:15,74,1,,,0.0,false,14.8,247.25782164624633,false
1,16,11:45,91,06:30,75,1,,,0.0,false,14.8,247.71485137187196,false
1,16,11:45,92,06:45,76,1,,,0.0,false,14.8,248.17188109749756,false
1,16,11:45,93,07:00,77,1,,,0.0,false,14.8,248.62891082312316,false
1,16,11:45,94,07:15,78,1,,,0.0,false,14.8,249.0859405487488,false
1,16,11:45,95,07:30,79,1,,,0.0,false,14.8,249.5429702743744,false
1,16,11:45,96,07:45,80,1,,,0.0,false,14.8,250.0,false
1,17,12:00,17,12:00,0,1,,Charging,0.0,true,9.37707449814833,240.50424014805444,false
1,17,12:00,18,12:15,1,1,,Charging,0.0,true,11.27707449814833,238.3989769901597,false
1,17,12:00,19,12:30,2,1,,,0.0,false,11.27707449814833,238.3989769901597,false
1,17,12:00,20,12:45,3,1,,,0.0,false,11.27707449814833,238.8554487551058,false
1,17,12:00,21,13:00,4,1,,,0.0,false,11.27707449814833,239.31192052005176,false
1,17,12:00,22,13:15,5,1,,,0.0,false,11.27707449814833,239.7683922849977,false
1,17,12:00,23,13:30,6,1,,,0.0,false,11.27707449814833,240.22486404994365,false
1,17,12:00,24,13:45,7,1,,,0.0,false,11.27707449814833,240.6813358148896,false
1,17,12:00,25,14:00,8,1,,Loading/Swinging,3.1586,false,10.48742449814833,241.13780757983554,true
1,17,12:00,26,14:15,9,1,,Digging,4.792500000000004,false,9.28929949814833,241.59427934478148,false
1,17,12:00,27,14:30,10,1,,Traveling,4.7101,false,8.11177449814833,242.05075110972743,false
1,17,12:00,28,14:45,11,1,,Loading/Swinging,3.1586,false,7.32212449814833,242.50722287467337,false
1,17,12:00,29,15:00,12,1,,Idle,0.0,false,7.32212449814833,242.96369463961935,false
1,17,12:00,30,15:15,13,1,,Digging,4.7925,false,6.12399949814833,243.4201664045653,true
1,17,12:00,31,15:30,14,1,,Loading/Swinging,3.1586,false,5.33434949814833,243.87663816951124,false
1,17,12:00,32,15:45,15,1,,Loading/Swinging,3.1586,false,4.54469949814833,244.33310993445718,false
1,17,12:00,33,16:00,16,1,,Traveling,4.710100000000001,false,3.36717449814833,244.3331099344572,false
1,17,12:00,34,16:15,17,1,,Charging,0.0,true,5.26717449814833,242.22784677656247,false
1,17,12:00,35,16:30,18,1,,Loading/Swinging,3.1586,false,4.47752449814833,242.22784677656247,false
1,17,12:00,36,16:45,19,1,,Loading/Swinging,3.1586,false,3.6878744981483305,242.22784677656247,false
1,17,12:00,37,17:00,20,1,,Charging,0.0,true,5.587874498148331,240.12258361866773,false
1,17,12:00,38,17:15,21,1,,Charging,0.0,true,7.48787449814833,238.017320460773,false
1,17,12:00,39,17:30,22,1,,Charging,0.0,true,9.38787449814833,235.91205730287825,false
1,17,12:00,40,17:45,23,1,,Charging,0.0,true,11.28787449814833,233.8067941449835,false
1,17,12:00,41,18:00,24,1,,Charging,0.0,true,13.18787449814833,231.70153098708877,false
1,17,12:00,42,18:15,25,1,,Charging,0.0,true,14.8,229.91524234237778,false
1,17,12:00,43,18:30,26,1,,,0.0,false,14.8,229.91524234237778,false
1,17,12:00,44,18:45,27,1,,,0.0,false,14.8,229.91524234237778,false
1,17,12:00,45,19:00,28,1,,,0.0,false,14.8,229.91524234237778,false
1,17,12:00,46,19:15,29,1,,,0.0,false,14.8,229.91524234237778,false
1,17,12:00,47,19:30,30,1,,,0.0,false,14.8,229.91524234237778,false
1,17,12:00,48,19:45,31,1,,,0.0,false,14.8,229.91524234237778,false
1,17,12:00,49,20:00,32,1,,,0.0,false,14.8,229.91524234237778,false
1,17,12:00,50,20:15,33,1,,,0.0,false,14.8,229.91524234237778,false
1,17,12:00,51,20:30,34,1,,,0.0,false,14.8,229.91524234237778,false
1,17,12:00,52,20:45,35,1,,,0.0,false,14.8,229.91524234237784,false
1,17,12:00,53,21:00,36,1,,,0.0,false,14.8,230.37171410732378,false
1,17,12:00,54,21:15,37,1,,,0.0,false,14.8,230.82818587226973,false
1,17,12:00,55,21:30,38,1,,,0.0,false,14.8,231.2846576372157,false
1,17,12:00,56,21:45,39,1,,,0.0,false,14.8,231.74112940216165,false
1,17,12:00,57,22:00,40,1,,,0.0,false,14.8,232.19760116710762,false
1,17,12:00,58,22:15,41,1,,,0.0,false,14.8,232.65407293205357,false
1,17,12:00,59,22:30,42,1,,,0.0,false,14.8,233.11054469699954,false
1,17,12:00,60,22:45,43,1,,,0.0,false,14.8,233.56701646194549,false
1,17,12:00,61,23:00,44,1,,,0.0,false,14.8,234.02348822689146,false
1,17,12:00,62,23:15,45,1,,,0.0,false,14.8,234.4799599918374,false
1,17,12:00,63,23:30,46,1,,,0.0,false,14.8,234.93643175678335,false
1,17,12:00,64,23:45,47,1,,,0.0,false,14.8,235.39290352172932,false
1,17,12:00,65,00:00,48,1,,,0.0,false,14.8,235.84937528667527,false
1,17,12:00,66,00:15,49,1,,,0.0,false,14.8,236.30584705162124,false
1,17,12:00,67,00:30,50,1,,,0.0,false,14.8,236.7623188165672,false
1,17,12:00,68,00:45,51,1,,,0.0,false,14.8,237.21879058151316,false
1,17,12:00,69,01:00,52,1,,,0.0,false,14.8,237.6752623464591,false
1,17,12:00,70,01:15,53,1,,,0.0,false,14.8,238.13173411140508,false
1,17,12:00,71,01:30,54,1,,,0.0,false,14.8,238.58820587635103,false
1,17,12:00,72,01:45,55,1,,,0.0,false,14.8,239.04467764129697,false
1,17,12:00,73,02:00,56,1,,,0.0,false,14.8,239.50114940624294,false
1,17,12:00,74,02:15,57,1,,,0.0,false,14.8,239.9576211711889,false
1,17,12:00,75,02:30,58,1,,,0.0,false,14.8,240.41409293613486,false
1,17,12:00,76,02:45,59,1,,,0.0,false,14.8,240.8705647010808,false
1,17,12:00,77,03:00,60,1,,,0.0,false,14.8,241.32703646602678,false
1,17,12:00,78,03:15,61,1,,,0.0,false,14.8,241.78350823097273,false
1,17,12:00,79,03:30,62,1,,,0.0,false,14.8,242.2399799959187,false
1,17,12:00,80,03:45,63,1,,,0.0,false,14.8,242.69645176086465,false
1,17,12:00,81,04:00,64,1,,,0.0,false,14.8,243.1529235258106,false
1,17,12:00,82,04:15,65,1,,,0.0,false,14.8,243.60939529075657,false
1,17,12:00,83,04:30,66,1,,,0.0,false,14.8,244.0658670557025,false
1,17,12:00,84,04:45,67,1,,,0.0,false,14.8,244.52233882064849,false
1,17,12:00,85,05:00,68,1,,,0.0,false,14.8,244.97881058559443,false
1,17,12:00,86,05:15,69,1,,,0.0,false,14.8,245.4352823505404,false
1,17,12:00,87,05:30,70,1,,,0.0,false,14.8,245.89175411548635,false
1,17,12:00,88,05:45,71,1,,,0.0,false,14.8,246.34822588043232,false
1,17,12:00,89,06:00,72,1,,,0.0,false,14.8,246.80469764537827,false
1,17,12:00,90,06:15,73,1,,,0.0,false,14.8,247.26116941032421,false
1,17,12:00,91,06:30,74,1,,,0.0,false,14.8,247.71764117527016,false
1,17,12:00,92,06:45,75,1,,,0.0,false,14.8,248.17411294021616,false
1,17,12:00,93,07:00,76,1,,,0.0,false,14.8,248.6305847051621,false
1,17,12:00,94,07:15,77,1,,,0.0,false,14.8,249.08705647010808,false
1,17,12:00,95,07:30,78,1,,,0.0,false,14.8,249.54352823505403,false
1,17,12:00,96,07:45,79,1,,,0.0,false,14.8,250.0,false
1,18,12:15,18,12:15,0,1,,Charging,0.0,true,11.37707449814833,238.3989769901597,false
1,18,12:15,19,12:30,1,1,,,0.0,false,11.37707449814833,238.39897699015984,false
1,18,12:15,20,12:45,2,1,,,0.0,false,11.37707449814833,238.85350483713913,false
1,18,12:15,21,13:00,3,1,,,0.0,false,11.37707449814833,239.30803268411844,false
1,18,12:15,22,13:15,4,1,,,0.0,false,11.37707449814833,239.76256053109773,false
1,18,12:15,23,13:30,5,1,,,0.0,false,11.37707449814833,240.21708837807702,false
1,18,12:15,24,13:45,6,1,,,0.0,false,11.37707449814833,240.67161622505634,false
1,18,12:15,25,14:00,7,1,,Digging,4.792499999999997,false,10.17894949814833,241.12614407203563,true
1,18,12:15,26,14:15,8,1,,Digging,4.792500000000004,false,8.98082449814833,241.58067191901492,false
1,18,12:15,27,14:30,9,1,,Traveling,4.710100000000001,false,7.80329949814833,242.0351997659942,false
1,18,12:15,28,14:45,10,1,,Loading/Swinging,3.1586,false,7.01364949814833,242.4897276129735,false
1,18,12:15,29,15:00,11,1,,Idle,0.0,false,7.01364949814833,242.9442554599528,false
1,18,12:15,30,15:15,12,1,,Loading/Swinging,3.1586,false,6.22399949814833,243.3987833069321,true
1,18,12:15,31,15:30,13,1,,Loading/Swinging,3.1586,false,5.43434949814833,243.8533111539114,false
1,18,12:15,32,15:45,14,1,,Loading/Swinging,3.1586,false,4.64469949814833,244.30783900089068,false
1,18,12:15,33,16:00,15,1,,Traveling,4.710100000000001,false,3.4671744981483297,244.30783900089068,false
1,18,12:15,34,16:15,16,1,,Charging,-4.085620730620576e-14,true,5.36717449814834,242.20257584299594,false
1,18,12:15,35,16:30,17,1,,Loading/Swinging,3.1586,false,4.57752449814834,242.20257584299594,false
1,18,12:15,36,16:45,18,1,,Loading/Swinging,3.1586,false,3.78787449814834,242.20257584299594,false
1,18,12:15,37,17:00,19,1,,Charging,0.0,true,5.687874498148339,240.0973126851012,false
1,18,12:15,38,17:15,20,1,,Charging,0.0,true,7.58787449814834,237.99204952720646,false
1,18,12:15,39,17:30,21,1,,Charging,0.0,true,9.48787449814834,235.88678636931175,false
1,18,12:15,40,17:45,22,1,,Charging,0.0,true,11.38787449814834,233.781523211417,false
1,18,12:15,41,18:00,23,1,,Charging,0.0,true,13.28787449814834,231.67626005352227,false
1,18,12:15,42,18:15,24,1,,Charging,0.0,true,14.8,230.000774732911,false
1,18,12:15,43,18:30,25,1,,,0.0,false,14.8,230.000774732911,false
1,18,12:15,44,18:45,26,1,,,0.0,false,14.8,230.000774732911,false
1,18,12:15,45,19:00,27,1,,,0.0,false,14.8,230.000774732911,false
1,18,12:15,46,19:15,28,1,,,0.0,false,14.8,230.000774732911,false
1,18,12:15,47,19:30,29,1,,,0.0,false,14.8,230.000774732911,false
1,18,12:15,48,19:45,30,1,,,0.0,false,14.8,230.000774732911,false
1,18,12:15,49,20:00,31,1,,,0.0,false,14.8,230.000774732911,false
1,18,12:15,50,20:15,32,1,,,0.0,false,14.8,230.000774732911,false
1,18,12:15,51,20:30,33,1,,,0.0,false,14.8,230.00077473291094,false
1,18,12:15,52,20:45,34,1,,,0.0,false,14.8,230.00077473291094,false
1,18,12:15,53,21:00,35,1,,,0.0,false,14.8,230.45530257989026,false
1,18,12:15,54,21:15,36,1,,,0.0,false,14.8,230.90983042686955,false
1,18,12:15,55,21:30,37,1,,,0.0,false,14.8,231.36435827384886,false
1,18,12:15,56,21:45,38,1,,,0.0,false,14.8,231.81888612082815,false
1,18,12:15,57,22:00,39,1,,,0.0,false,14.8,232.27341396780747,false
1,18,12:15,58,22:15,40,1,,,0.0,false,14.8,232.72794181478676,false
1,18,12:15,59,22:30,41,1,,,0.0,false,14.8,233.18246966176608,false
1,18,12:15,60,22:45,42,1,,,0.0,false,14.8,233.63699750874537,false
1,18,12:15,61,23:00,43,1,,,0.0,false,14.8,234.09152535572463,false
1,18,12:15,62,23:15,44,1,,,0.0,false,14.8,234.54605320270392,false
1,18,12:15,63,23:30,45,1,,,0.0,false,14.8,235.00058104968323,false
1,18,12:15,64,23:45,46,1,,,0.0,false,14.8,235.45510889666252,false
1,18,12:15,65,00:00,47,1,,,0.0,false,14.8,235.90963674364184,false
1,18,12:15,66,00:15,48,1,,,0.0,false,14.8,236.36416459062113,false
1,18,12:15,67,00:30,49,1,,,0.0,false,14.8,236.81869243760045,false
1,18,12:15,68,00:45,50,1,,,0.0,false,14.8,237.27322028457974,false
1,18,12:15,69,01:00,51,1,,,0.0,false,14.8,237.72774813155903,false
1,18,12:15,70,01:15,52,1,,,0.0,false,14.8,238.1822759785383,false
1,18,12:15,71,01:30,53,1,,,0.0,false,14.8,238.6368038255176,false
1,18,12:15,72,01:45,54,1,,,0.0,false,14.8,239.09133167249692,false
1,18,12:15,73,02:00,55,1,,,0.0,false,14.8,239.5458595194762,false
1,18,12:15,74,02:15,56,1,,,0.0,false,14.8,240.00038736645553,false
1,18,12:15,75,02:30,57,1,,,0.0,false,14.8,240.45491521343482,false
1,18,12:15,76,02:45,58,1,,,0.0,false,14.8,240.90944306041413,false
1,18,12:15,77,03:00,59,1,,,0.0,false,14.8,241.36397090739342,false
1,18,12:15,78,03:15,60,1,,,0.0,false,14.8,241.8184987543727,false
1,18,12:15,79,03:30,61,1,,,0.0,false,14.8,242.273026601352,false
1,18,12:15,80,03:45,62,1,,,0.0,false,14.8,242.7275544483313,false
1,18,12:15,81,04:00,63,1,,,0.0,false,14.8,243.1820822953106,false
1,18,12:15,82,04:15,64,1,,,0.0,false,14.8,243.6366101422899,false
1,18,12:15,83,04:30,65,1,,,0.0,false,14.8,244.0911379892692,false
1,18,12:15,84,04:45,66,1,,,0.0,false,14.8,244.5456658362485,false
1,18,12:15,85,05:00,67,1,,,0.0,false,14.8,245.00019368322776,false
1,18,12:15,86,05:15,68,1,,,0.0,false,14.8,245.454721530207,false
1,18,12:15,87,05:30,69,1,,,0.0,false,14.8,245.9092493771863,false
1,18,12:15,88,05:45,70,1,,,0.0,false,14.8,246.3637772241656,false
1,18,12:15,89,06:00,71,1,,,0.0,false,14.8,246.8183050711449,false
1,18,12:15,90,06:15,72,1,,,0.0,false,14.8,247.2728329181242,false
1,18,12:15,91,06:30,73,1,,,0.0,false,14.8,247.7273607651035,false
1,18,12:15,92,06:45,74,1,,,0.0,false,14.8,248.1818886120828,false
1,18,12:15,93,07:00,75,1,,,0.0,false,14.8,248.63641645906208,false
1,18,12:15,94,07:15,76,1,,,0.0,false,14.8,249.0909443060414,false
1,18,12:15,95,07:30,77,1,,,0.0,false,14.8,249.54547215302068,false
1,18,12:15,96,07:45,78,1,,,0.0,false,14.8,250.0,false
1,19,12:30,19,12:30,0,1,,,0.0,false,11.47707449814833,238.3989769901597,false
1,19,12:30,20,12:45,1,1,,,0.0,false,11.47707449814833,238.85156091917233,false
1,19,12:30,21,13:00,2,1,,,0.0,false,11.47707449814833,239.30414484818496,false
1,19,12:30,22,13:15,3,1,,,0.0,false,11.47707449814833,239.7567287771976,false
1,19,12:30,23,13:30,4,1,,,0.0,false,11.47707449814833,240.20931270621026,false
1,19,12:30,24,13:45,5,1,,,0.0,false,11.47707449814833,240.6618966352229,false
1,19,12:30,25,14:00,6,1,,Digging,4.792500000000004,false,10.278949498148329,241.11448056423555,false
1,19,12:30,26,14:15,7,1,,Digging,4.792499999999997,false,9.08082449814833,241.56706449324818,false
1,19,12:30,27,14:30,8,1,,Traveling,4.710100000000001,false,7.903299498148329,242.01964842226081,false
1,19,12:30,28,14:45,9,1,,Loading/Swinging,3.1586,false,7.113649498148329,242.47223235127345,false
1,19,12:30,29,15:00,10,1,,Idle,0.0,false,7.113649498148329,242.92481628028608,false
1,19,12:30,30,15:15,11,1,,Loading/Swinging,3.1586,false,6.323999498148329,243.3774002092987,false
1,19,12:30,31,15:30,12,1,,Loading/Swinging,3.1586,false,5.534349498148329,243.82998413831135,false
1,19,12:30,32,15:45,13,1,,Loading/Swinging,3.1586,false,4.7446994981483295,244.28256806732398,false
1,19,12:30,33,16:00,14,1,,Traveling,4.710099999999999,false,3.5671744981483298,244.28256806732398,false
1,19,12:30,34,16:15,15,1,,Charging,0.0,true,4.979300000000001,242.71788607081243,false
1,19,12:30,35,16:30,16,1,,Loading/Swinging,3.1586,false,4.189650000000001,242.71788607081243,false
1,19,12:30,36,16:45,17,1,,Loading/Swinging,3.1586,false,3.4000000000000012,242.71788607081243,false
1,19,12:30,37,17:00,18,1,,Charging,0.0,true,5.300000000000001,240.6126229129177,false
1,19,12:30,38,17:15,19,1,,Charging,0.0,true,7.2,238.50735975502297,false
1,19,12:30,39,17:30,20,1,,Charging,0.0,true,9.1,236.40209659712824,false
1,19,12:30,40,17:45,21,1,,Charging,0.0,true,11.0,234.2968334392335,false
1,19,12:30,41,18:00,22,1,,Charging,0.0,true,12.9,232.19157028133876,false
1,19,12:30,42,18:15,23,1,,Charging,0.0,true,14.8,230.08630712344402,false
1,19,12:30,43,18:30,24,1,,,0.0,false,14.8,230.08630712344402,false
1,19,12:30,44,18:45,25,1,,,0.0,false,14.8,230.08630712344402,false
1,19,12:30,45,19:00,26,1,,,0.0,false,14.8,230.08630712344402,false
1,19,12:30,46,19:15,27,1,,,0.0,false,14.8,230.08630712344402,false
1,19,12:30,47,19:30,28,1,,,0.0,false,14.8,230.08630712344402,false
1,19,12:30,48,19:45,29,1,,,0.0,false,14.8,230.08630712344402,false
1,19,12:30,49,20:00,30,1,,,0.0,false,14.8,230.08630712344402,false
1,19,12:30,50,20:15,31,1,,,0.0,false,14.8,230.08630712344402,false
1,19,12:30,51,20:30,32,1,,,0.0,false,14.8,230.08630712344402,false
1,19,12:30,52,20:45,33,1,,,0.0,false,14.8,230.08630712344404,false
1,19,12:30,53,21:00,34,1,,,0.0,false,14.8,230.53889105245668,false
1,19,12:30,54,21:15,35,1,,,0.0,false,14.8,230.9914749814693,false
1,19,12:30,55,21:30,36,1,,,0.0,false,14.8,231.44405891048194,false
1,19,12:30,56,21:45,37,1,,,0.0,false,14.8,231.89664283949458,false
1,19,12:30,57,22:00,38,1,,,0.0,false,14.8,232.3492267685072,false
1,19,12:30,58,22:15,39,1,,,0.0,false,14.8,232.80181069751984,false
1,19,12:30,59,22:30,40,1,,,0.0,false,14.8,233.25439462653247,false
1,19,12:30,60,22:45,41,1,,,0.0,false,14.8,233.7069785555451,false
1,19,12:30,61,23:00,42,1,,,0.0,false,14.8,234.15956248455774,false
1,19,12:30,62,23:15,43,1,,,0.0,false,14.8,234.61214641357037,false
1,19,12:30,63,23:30,44,1,,,0.0,false,14.8,235.064730342583,false
1,19,12:30,64,23:45,45,1,,,0.0,false,14.8,235.51731427159564,false
1,19,12:30,65,00:00,46,1,,,0.0,false,14.8,235.96989820060827,false
1,19,12:30,66,00:15,47,1,,,0.0,false,14.8,236.4224821296209,false
1,19,12:30,67,00:30,48,1,,,0.0,false,14.8,236.87506605863354,false
1,19,12:30,68,00:45,49,1,,,0.0,false,14.8,237.32764998764617,false
1,19,12:30,69,01:00,50,1,,,0.0,false,14.8,237.7802339166588,false
1,19,12:30,70,01:15,51,1,,,0.0,false,14.8,238.23281784567143,false
1,19,12:30,71,01:30,52,1,,,0.0,false,14.8,238.68540177468407,false
1,19,12:30,72,01:45,53,1,,,0.0,false,14.8,239.1379857036967,false
1,19,12:30,73,02:00,54,1,,,0.0,false,14.8,239.59056963270933,false
1,19,12:30,74,02:15,55,1,,,0.0,false,14.8,240.04315356172197,false
1,19,12:30,75,02:30,56,1,,,0.0,false,14.8,240.49573749073463,false
1,19,12:30,76,02:45,57,1,,,0.0,false,14.8,240.94832141974726,false
1,19,12:30,77,03:00,58,1,,,0.0,false,14.8,241.4009053487599,false
1,19,12:30,78,03:15,59,1,,,0.0,false,14.8,241.85348927777252,false
1,19,12:30,79,03:30,60,1,,,0.0,false,14.8,242.30607320678516,false
1,19,12:30,80,03:45,61,1,,,0.0,false,14.8,242.7586571357978,false
1,19,12:30,81,04:00,62,1,,,0.0,false,14.8,243.21124106481042,false
1,19,12:30,82,04:15,63,1,,,0.0,false,14.8,243.66382499382306,false
1,19,12:30,83,04:30,64,1,,,0.0,false,14.8,244.1164089228357,false
1,19,12:30,84,04:45,65,1,,,0.0,false,14.8,244.56899285184832,false
1,19,12:30,85,05:00,66,1,,,0.0,false,14.8,245.02157678086095,false
1,19,12:30,86,05:15,67,1,,,0.0,false,14.8,245.47416070987362,false
1,19,12:30,87,05:30,68,1,,,0.0,false,14.8,245.92674463888625,false
1,19,12:30,88,05:45,69,1,,,0.0,false,14.8,246.37932856789888,false
1,19,12:30,89,06:00,70,1,,,0.0,false,14.8,246.8319124969115,false
1,19,12:30,90,06:15,71,1,,,0.0,false,14.8,247.28449642592417,false
1,19,12:30,91,06:30,72,1,,,0.0,false,14.8,247.7370803549368,false
1,19,12:30,92,06:45,73,1,,,0.0,false,14.8,248.18966428394944,false
1,19,12:30,93,07:00,74,1,,,0.0,false,14.8,248.64224821296207,false
1,19,12:30,94,07:15,75,1,,,0.0,false,14.8,249.0948321419747,false
1,19,12:30,95,07:30,76,1,,,0.0,false,14.8,249.54741607098734,false
1,19,12:30,96,07:45,77,1,,,0.0,false,14.8,250.0,false
1,20,12:45,20,12:45,0,1,,,0.0,false,11.47707449814833,238.85156091917233,false
1,20,12:45,21,13:00,1,1,,,0.0,false,11.47707449814833,239.30414484818496,false
1,20,12:45,22,13:15,2,1,,,0.0,false,11.47707449814833,239.7567287771976,false
1,20,12:45,23,13:30,3,1,,,0.0,false,11.47707449814833,240.20931270621026,false
1,20,12:45,24,13:45,4,1,,,0.0,false,11.47707449814833,240.6618966352229,false
1,20,12:45,25,14:00,5,1,,Digging,4.792500000000004,false,10.278949498148329,241.11448056423552,false
1,20,12:45,26,14:15,6,1,,Digging,4.792499999999997,false,9.08082449814833,241.56706449324815,false
1,20,12:45,27,14:30,7,1,,Traveling,4.710100000000001,false,7.903299498148329,242.0196484222608,false
1,20,12:45,28,14:45,8,1,,Loading/Swinging,3.1586,false,7.113649498148329,242.47223235127342,false
1,20,12:45,29,15:00,9,1,,Idle,0.0,false,7.113649498148329,242.92481628028605,false
1,20,12:45,30,15:15,10,1,,Loading/Swinging,3.1586,false,6.323999498148329,243.3774002092987,false
1,20,12:45,31,15:30,11,1,,Loading/Swinging,3.1586,false,5.534349498148329,243.82998413831135,false
1,20,12:45,32,15:45,12,1,,Loading/Swinging,3.1586,false,4.7446994981483295,244.28256806732398,false
1,20,12:45,33,16:00,13,1,,Traveling,4.710099999999999,false,3.5671744981483298,244.28256806732398,false
1,20,12:45,34,16:15,14,1,,Charging,0.0,true,4.979300000000001,242.71788607081243,false
1,20,12:45,35,16:30,15,1,,Loading/Swinging,3.1586,false,4.189650000000001,242.71788607081243,false
1,20,12:45,36,16:45,16,1,,Loading/Swinging,3.1586,false,3.4000000000000012,242.71788607081243,false
1,20,12:45,37,17:00,17,1,,Charging,0.0,true,5.300000000000001,240.6126229129177,false
1,20,12:45,38,17:15,18,1,,Charging,0.0,true,7.200000000000001,238.50735975502297,false
1,20,12:45,39,17:30,19,1,,Charging,0.0,true,9.100000000000001,236.40209659712824,false
1,20,12:45,40,17:45,20,1,,Charging,0.0,true,11.000000000000002,234.2968334392335,false
1,20,12:45,41,18:00,21,1,,Charging,0.0,true,12.900000000000002,232.19157028133876,false
1,20,12:45,42,18:15,22,1,,Charging,0.0,true,14.8,230.08630712344402,false
1,20,12:45,43,18:30,23,1,,,0.0,false,14.8,230.08630712344402,false
1,20,12:45,44,18:45,24,1,,,0.0,false,14.8,230.08630712344402,false
1,20,12:45,45,19:00,25,1,,,0.0,false,14.8,230.08630712344402,false
1,20,12:45,46,19:15,26,1,,,0.0,false,14.8,230.08630712344402,false
1,20,12:45,47,19:30,27,1,,,0.0,false,14.8,230.08630712344402,false
1,20,12:45,48,19:45,28,1,,,0.0,false,14.8,230.08630712344402,false
1,20,12:45,49,20:00,29,1,,,0.0,false,14.8,230.08630712344402,false
1,20,12:45,50,20:15,30,1,,,0.0,false,14.8,230.08630712344402,false
1,20,12:45,51,20:30,31,1,,,0.0,false,14.8,230.08630712344402,false
1,20,12:45,52,20:45,32,1,,,0.0,false,14.8,230.08630712344402,false
1,20,12:45,53,21:00,33,1,,,0.0,false,14.8,230.53889105245665,false
1,20,12:45,54,21:15,34,1,,,0.0,false,14.8,230.99147498146928,false
1,20,12:45,55,21:30,35,1,,,0.0,false,14.8,231.44405891048194,false
1,20,12:45,56,21:45,36,1,,,0.0,false,14.8,231.89664283949458,false
1,20,12:45,57,22:00,37,1,,,0.0,false,14.8,232.3492267685072,false
1,20,12:45,58,22:15,38,1,,,0.0,false,14.8,232.80181069751984,false
1,20,12:45,59,22:30,39,1,,,0.0,false,14.8,233.25439462653247,false
1,20,12:45,60,22:45,40,1,,,0.0,false,14.8,233.7069785555451,false
1,20,12:45,61,23:00,41,1,,,0.0,false,14.8,234.15956248455774,false
1,20,12:45,62,23:15,42,1,,,0.0,false,14.8,234.61214641357037,false
1,20,12:45,63,23:30,43,1,,,0.0,false,14.8,235.064730342583,false
1,20,12:45,64,23:45,44,1,,,0.0,false,14.8,235.51731427159564,false
1,20,12:45,65,00:00,45,1,,,0.0,false,14.8,235.96989820060827,false
1,20,12:45,66,00:15,46,1,,,0.0,false,14.8,236.4224821296209,false
1,20,12:45,67,00:30,47,1,,,0.0,false,14.8,236.87506605863354,false
1,20,12:45,68,00:45,48,1,,,0.0,false,14.8,237.32764998764617,false
1,20,12:45,69,01:00,49,1,,,0.0,false,14.8,237.7802339166588,false
1,20,12:45,70,01:15,50,1,,,0.0,false,14.8,238.23281784567143,false
1,20,12:45,71,01:30,51,1,,,0.0,false,14.8,238.68540177468407,false
1,20,12:45,72,01:45,52,1,,,0.0,false,14.8,239.1379857036967,false
1,20,12:45,73,02:00,53,1,,,0.0,false,14.8,239.59056963270933,false
1,20,12:45,74,02:15,54,1,,,0.0,false,14.8,240.04315356172197,false
1,20,12:45,75,02:30,55,1,,,0.0,false,14.8,240.49573749073463,false
1,20,12:45,76,02:45,56,1,,,0.0,false,14.8,240.94832141974726,false
1,20,12:45,77,03:00,57,1,,,0.0,false,14.8,241.4009053487599,false
1,20,12:45,78,03:15,58,1,,,0.0,false,14.8,241.85348927777252,false
1,20,12:45,79,03:30,59,1,,,0.0,false,14.8,242.30607320678516,false
1,20,12:45,80,03:45,60,1,,,0.0,false,14.8,242.7586571357978,false
1,20,12:45,81,04:00,61,1,,,0.0,false,14.8,243.21124106481042,false
1,20,12:45,82,04:15,62,1,,,0.0,false,14.8,243.66382499382306,false
1,20,12:45,83,04:30,63,1,,,0.0,false,14.8,244.1164089228357,false
1,20,12:45,84,04:45,64,1,,,0.0,false,14.8,244.56899285184832,false
1,20,12:45,85,05:00,65,1,,,0.0,false,14.8,245.02157678086095,false
1,20,12:45,86,05:15,66,1,,,0.0,false,14.8,245.47416070987362,false
1,20,12:45,87,05:30,67,1,,,0.0,false,14.8,245.92674463888625,false
1,20,12:45,88,05:45,68,1,,,0.0,false,14.8,246.37932856789888,false
1,20,12:45,89,06:00,69,1,,,0.0,false,14.8,246.8319124969115,false
1,20,12:45,90,06:15,70,1,,,0.0,false,14.8,247.28449642592415,false
1,20,12:45,91,06:30,71,1,,,0.0,false,14.8,247.7370803549368,false
1,20,12:45,92,06:45,72,1,,,0.0,false,14.8,248.18966428394944,false
1,20,12:45,93,07:00,73,1,,,0.0,false,14.8,248.64224821296207,false
1,20,12:45,94,07:15,74,1,,,0.0,false,14.8,249.0948321419747,false
1,20,12:45,95,07:30,75,1,,,0.0,false,14.8,249.54741607098734,false
1,20,12:45,96,07:45,76,1,,,0.0,false,14.8,250.0,false
1,21,13:00,21,13:00,0,1,,,0.0,false,11.47707449814833,239.30414484818496,false
1,21,13:00,22,13:15,1,1,,,0.0,false,11.47707449814833,239.7567287771976,false
1,21,13:00,23,13:30,2,1,,,0.0,false,11.47707449814833,240.20931270621023,false
1,21,13:00,24,13:45,3,1,,,0.0,false,11.47707449814833,240.66189663522286,false
1,21,13:00,25,14:00,4,1,,Digging,4.7925,false,10.278949498148329,241.1144805642355,false
1,21,13:00,26,14:15,5,1,,Digging,4.792499999999997,false,9.08082449814833,241.56706449324813,false
1,21,13:00,27,14:30,6,1,,Traveling,4.7101,false,7.903299498148329,242.01964842226076,false
1,21,13:00,28,14:45,7,1,,Loading/Swinging,3.1586,false,7.113649498148329,242.4722323512734,false
1,21,13:00,29,15:00,8,1,,Idle,0.0,false,7.113649498148329,242.92481628028602,false
1,21,13:00,30,15:15,9,1,,Loading/Swinging,3.1586,false,6.323999498148329,243.37740020929866,false
1,21,13:00,31,15:30,10,1,,Loading/Swinging,3.1586,false,5.534349498148329,243.8299841383113,false
1,21,13:00,32,15:45,11,1,,Loading/Swinging,3.1586,false,4.7446994981483295,244.28256806732392,false
1,21,13:00,33,16:00,12,1,,Traveling,4.710100000000001,false,3.5671744981483293,244.28256806732392,false
1,21,13:00,34,16:15,13,1,,Charging,0.0,true,4.979300000000001,242.71788607081237,false
1,21,13:00,35,16:30,14,1,,Loading/Swinging,3.1586,false,4.189650000000001,242.71788607081237,false
1,21,13:00,36,16:45,15,1,,Loading/Swinging,3.1586,false,3.4000000000000012,242.71788607081237,false
1,21,13:00,37,17:00,16,1,,Charging,0.0,true,5.300000000000001,240.61262291291763,false
1,21,13:00,38,17:15,17,1,,Charging,0.0,true,7.200000000000001,238.5073597550229,false
1,21,13:00,39,17:30,18,1,,Charging,0.0,true,9.100000000000001,236.40209659712815,false
1,21,13:00,40,17:45,19,1,,Charging,0.0,true,11.0,234.2968334392334,false
1,21,13:00,41,18:00,20,1,,Charging,0.0,true,12.9,232.19157028133867,false
1,21,13:00,42,18:15,21,1,,Charging,0.0,true,14.8,230.08630712344393,false
1,21,13:00,43,18:30,22,1,,,0.0,false,14.8,230.08630712344393,false
1,21,13:00,44,18:45,23,1,,,0.0,false,14.8,230.08630712344393,false
1,21,13:00,45,19:00,24,1,,,0.0,false,14.8,230.08630712344393,false
1,21,13:00,46,19:15,25,1,,,0.0,false,14.8,230.08630712344393,false
1,21,13:00,47,19:30,26,1,,,0.0,false,14.8,230.08630712344393,false
1,21,13:00,48,19:45,27,1,,,0.0,false,14.8,230.08630712344393,false
1,21,13:00,49,20:00,28,1,,,0.0,false,14.8,230.08630712344393,false
1,21,13:00,50,20:15,29,1,,,0.0,false,14.8,230.08630712344393,false
1,21,13:00,51,20:30,30,1,,,0.0,false,14.8,230.08630712344393,false
1,21,13:00,52,20:45,31,1,,,0.0,false,14.8,230.08630712344393,false
1,21,13:00,53,21:00,32,1,,,0.0,false,14.8,230.53889105245656,false
1,21,13:00,54,21:15,33,1,,,0.0,false,14.8,230.9914749814692,false
1,21,13:00,55,21:30,34,1,,,0.0,false,14.8,231.44405891048183,false
1,21,13:00,56,21:45,35,1,,,0.0,false,14.8,231.89664283949446,false
1,21,13:00,57,22:00,36,1,,,0.0,false,14.8,232.3492267685071,false
1,21,13:00,58,22:15,37,1,,,0.0,false,14.8,232.80181069751976,false
1,21,13:00,59,22:30,38,1,,,0.0,false,14.8,233.2543946265324,false
1,21,13:00,60,22:45,39,1,,,0.0,false,14.8,233.70697855554502,false
1,21,13:00,61,23:00,40,1,,,0.0,false,14.8,234.15956248455765,false
1,21,13:00,62,23:15,41,1,,,0.0,false,14.8,234.6121464135703,false
1,21,13:00,63,23:30,42,1,,,0.0,false,14.8,235.06473034258292,false
1,21,13:00,64,23:45,43,1,,,0.0,false,14.8,235.51731427159564,false
1,21,13:00,65,00:00,44,1,,,0.0,false,14.8,235.96989820060827,false
1,21,13:00,66,00:15,45,1,,,0.0,false,14.8,236.4224821296209,false
1,21,13:00,67,00:30,46,1,,,0.0,false,14.8,236.87506605863354,false
1,21,13:00,68,00:45,47,1,,,0.0,false,14.8,237.32764998764617,false
1,21,13:00,69,01:00,48,1,,,0.0,false,14.8,237.7802339166588,false
1,21,13:00,70,01:15,49,1,,,0.0,false,14.8,238.23281784567143,false
1,21,13:00,71,01:30,50,1,,,0.0,false,14.8,238.68540177468407,false
1,21,13:00,72,01:45,51,1,,,0.0,false,14.8,239.1379857036967,false
1,21,13:00,73,02:00,52,1,,,0.0,false,14.8,239.59056963270933,false
1,21,13:00,74,02:15,53,1,,,0.0,false,14.8,240.043153561722,false
1,21,13:00,75,02:30,54,1,,,0.0,false,14.8,240.49573749073463,false
1,21,13:00,76,02:45,55,1,,,0.0,false,14.8,240.94832141974726,false
1,21,13:00,77,03:00,56,1,,,0.0,false,14.8,241.4009053487599,false
1,21,13:00,78,03:15,57,1,,,0.0,false,14.8,241.85348927777252,false
1,21,13:00,79,03:30,58,1,,,0.0,false,14.8,242.30607320678516,false
1,21,13:00,80,03:45,59,1,,,0.0,false,14.8,242.75865713579782,false
1,21,13:00,81,04:00,60,1,,,0.0,false,14.8,243.21124106481045,false
1,21,13:00,82,04:15,61,1,,,0.0,false,14.8,243.66382499382308,false
1,21,13:00,83,04:30,62,1,,,0.0,false,14.8,244.11640892283572,false
1,21,13:00,84,04:45,63,1,,,0.0,false,14.8,244.56899285184835,false
1,21,13:00,85,05:00,64,1,,,0.0,false,14.8,245.02157678086098,false
1,21,13:00,86,05:15,65,1,,,0.0,false,14.8,245.47416070987362,false
1,21,13:00,87,05:30,66,1,,,0.0,false,14.8,245.92674463888625,false
1,21,13:00,88,05:45,67,1,,,0.0,false,14.8,246.37932856789888,false
1,21,13:00,89,06:00,68,1,,,0.0,false,14.8,246.83191249691154,false
1,21,13:00,90,06:15,69,1,,,0.0,false,14.8,247.28449642592417,false
1,21,13:00,91,06:30,70,1,,,0.0,false,14.8,247.7370803549368,false
1,21,13:00,92,06:45,71,1,,,0.0,false,14.8,248.18966428394944,false
1,21,13:00,93,07:00,72,1,,,0.0,false,14.8,248.64224821296207,false
1,21,13:00,94,07:15,73,1,,,0.0,false,14.8,249.0948321419747,false
1,21,13:00,95,07:30,74,1,,,0.0,false,14.8,249.54741607098734,false
1,21,13:00,96,07:45,75,1,,,0.0,false,14.8,250.0,false
1,22,13:15,22,13:15,0,1,,,0.0,false,11.47707449814833,239.7567287771976,false
1,22,13:15,23,13:30,1,1,,,0.0,false,11.47707449814833,240.20931270621023,false
1,22,13:15,24,13:45,2,1,,,0.0,false,11.47707449814833,240.66189663522286,false
1,22,13:15,25,14:00,3,1,,Loading/Swinging,3.1586,false,10.68742449814833,241.11448056423552,true
1,22,13:15,26,14:15,4,1,,Digging,4.792499999999997,false,9.48929949814833,241.56706449324815,false
1,22,13:15,27,14:30,5,1,,Traveling,4.710100000000004,false,8.31177449814833,242.0196484222608,false
1,22,13:15,28,14:45,6,1,,Loading/Swinging,3.1586,false,7.5221244981483295,242.47223235127342,false
1,22,13:15,29,15:00,7,1,,Idle,0.0,false,7.5221244981483295,242.92481628028602,false
1,22,13:15,30,15:15,8,1,,Loading/Swinging,3.1586,false,6.7324744981483295,243.37740020929866,false
1,22,13:15,31,15:30,9,1,,Digging,4.7925,false,5.534349498148329,243.8299841383113,true
1,22,13:15,32,15:45,10,1,,Loading/Swinging,3.1586,false,4.7446994981483295,244.28256806732392,false
1,22,13:15,33,16:00,11,1,,Traveling,4.710099999999999,false,3.5671744981483298,244.28256806732392,false
1,22,13:15,34,16:15,12,1,,Charging,0.0,true,4.979300000000001,242.71788607081237,false
1,22,13:15,35,16:30,13,1,,Loading/Swinging,3.1586,false,4.189650000000001,242.71788607081237,false
1,22,13:15,36,16:45,14,1,,Loading/Swinging,3.1586,false,3.4000000000000012,242.71788607081237,false
1,22,13:15,37,17:00,15,1,,Charging,0.0,true,5.300000000000001,240.61262291291763,false
1,22,13:15,38,17:15,16,1,,Charging,0.0,true,7.200000000000001,238.5073597550229,false
1,22,13:15,39,17:30,17,1,,Charging,0.0,true,9.1,236.40209659712815,false
1,22,13:15,40,17:45,18,1,,Charging,0.0,true,11.0,234.2968334392334,false
1,22,13:15,41,18:00,19,1,,Charging,0.0,true,12.9,232.19157028133867,false
1,22,13:15,42,18:15,20,1,,Charging,0.0,true,14.8,230.08630712344393,false
1,22,13:15,43,18:30,21,1,,,0.0,false,14.8,230.08630712344393,false
1,22,13:15,44,18:45,22,1,,,0.0,false,14.8,230.08630712344393,false
1,22,13:15,45,19:00,23,1,,,0.0,false,14.8,230.08630712344393,false
1,22,13:15,46,19:15,24,1,,,0.0,false,14.8,230.08630712344393,false
1,22,13:15,47,19:30,25,1,,,0.0,false,14.8,230.08630712344393,false
1,22,13:15,48,19:45,26,1,,,0.0,false,14.8,230.08630712344393,false
1,22,13:15,49,20:00,27,1,,,0.0,false,14.8,230.08630712344393,false
1,22,13:15,50,20:15,28,1,,,0.0,false,14.8,230.08630712344393,false
1,22,13:15,51,20:30,29,1,,,0.0,false,14.8,230.08630712344393,false
1,22,13:15,52,20:45,30,1,,,0.0,false,14.8,230.08630712344393,false
1,22,13:15,53,21:00,31,1,,,0.0,false,14.8,230.53889105245656,false
1,22,13:15,54,21:15,32,1,,,0.0,false,14.8,230.9914749814692,false
1,22,13:15,55,21:30,33,1,,,0.0,false,14.8,231.44405891048183,false
1,22,13:15,56,21:45,34,1,,,0.0,false,14.8,231.8966428394945,false
1,22,13:15,57,22:00,35,1,,,0.0,false,14.8,232.34922676850712,false
1,22,13:15,58,22:15,36,1,,,0.0,false,14.8,232.80181069751976,false
1,22,13:15,59,22:30,37,1,,,0.0,false,14.8,233.2543946265324,false
1,22,13:15,60,22:45,38,1,,,0.0,false,14.8,233.70697855554502,false
1,22,13:15,61,23:00,39,1,,,0.0,false,14.8,234.15956248455765,false
1,22,13:15,62,23:15,40,1,,,0.0,false,14.8,234.6121464135703,false
1,22,13:15,63,23:30,41,1,,,0.0,false,14.8,235.06473034258292,false
1,22,13:15,64,23:45,42,1,,,0.0,false,14.8,235.5173142715957,false
1,22,13:15,65,00:00,43,1,,,0.0,false,14.8,235.96989820060833,false
1,22,13:15,66,00:15,44,1,,,0.0,false,14.8,236.42248212962096,false
1,22,13:15,67,00:30,45,1,,,0.0,false,14.8,236.8750660586336,false
1,22,13:15,68,00:45,46,1,,,0.0,false,14.8,237.32764998764623,false
1,22,13:15,69,01:00,47,1,,,0.0,false,14.8,237.78023391665886,false
1,22,13:15,70,01:15,48,1,,,0.0,false,14.8,238.2328178456715,false
1,22,13:15,71,01:30,49,1,,,0.0,false,14.8,238.68540177468412,false
1,22,13:15,72,01:45,50,1,,,0.0,false,14.8,239.13798570369676,false
1,22,13:15,73,02:00,51,1,,,0.0,false,14.8,239.5905696327094,false
1,22,13:15,74,02:15,52,1,,,0.0,false,14.8,240.04315356172202,false
1,22,13:15,75,02:30,53,1,,,0.0,false,14.8,240.49573749073465,false
1,22,13:15,76,02:45,54,1,,,0.0,false,14.8,240.9483214197473,false
1,22,13:15,77,03:00,55,1,,,0.0,false,14.8,241.40090534875992,false
1,22,13:15,78,03:15,56,1,,,0.0,false,14.8,241.85348927777255,false
1,22,13:15,79,03:30,57,1,,,0.0,false,14.8,242.3060732067852,false
1,22,13:15,80,03:45,58,1,,,0.0,false,14.8,242.75865713579782,false
1,22,13:15,81,04:00,59,1,,,0.0,false,14.8,243.21124106481045,false
1,22,13:15,82,04:15,60,1,,,0.0,false,14.8,243.66382499382308,false
1,22,13:15,83,04:30,61,1,,,0.0,false,14.8,244.11640892283572,false
1,22,13:15,84,04:45,62,1,,,0.0,false,14.8,244.56899285184835,false
1,22,13:15,85,05:00,63,1,,,0.0,false,14.8,245.02157678086098,false
1,22,13:15,86,05:15,64,1,,,0.0,false,14.8,245.47416070987362,false
1,22,13:15,87,05:30,65,1,,,0.0,false,14.8,245.92674463888625,false
1,22,13:15,88,05:45,66,1,,,0.0,false,14.8,246.37932856789888,false
1,22,13:15,89,06:00,67,1,,,0.0,false,14.8,246.8319124969115,false
1,22,13:15,90,06:15,68,1,,,0.0,false,14.8,247.28449642592417,false
1,22,13:15,91,06:30,69,1,,,0.0,false,14.8,247.7370803549368,false
1,22,13:15,92,06:45,70,1,,,0.0,false,14.8,248.18966428394944,false
1,22,13:15,93,07:00,71,1,,,0.0,false,14.8,248.64224821296207,false
1,22,13:15,94,07:15,72,1,,,0.0,false,14.8,249.0948321419747,false
1,22,13:15,95,07:30,73,1,,,0.0,false,14.8,249.54741607098734,false
1,22,13:15,96,07:45,74,1,,,0.0,false,14.8,250.0,false
1,23,13:30,23,13:30,0,1,,,0.0,false,11.47707449814833,240.20931270621023,false
1,23,13:30,24,13:45,1,1,,,0.0,false,11.47707449814833,240.66189663522286,false
1,23,13:30,25,14:00,2,1,,Digging,4.7925,false,10.278949498148329,241.1144805642355,true
1,23,13:30,26,14:15,3,1,,Loading/Swinging,3.1585999999999927,false,9.48929949814833,241.56706449324815,true
1,23,13:30,27,14:30,4,1,,Traveling,4.7101,false,8.31177449814833,242.0196484222608,false
1,23,13:30,28,14:45,5,1,,Loading/Swinging,3.1586,false,7.5221244981483295,242.47223235127342,false
1,23,13:30,29,15:00,6,1,,Idle,0.0,false,7.5221244981483295,242.92481628028605,false
1,23,13:30,30,15:15,7,1,,Digging,4.7925,false,6.323999498148329,243.37740020929866,true
1,23,13:30,31,15:30,8,1,,Loading/Swinging,3.1586,false,5.534349498148329,243.8299841383113,true
1,23,13:30,32,15:45,9,1,,Loading/Swinging,3.1586,false,4.7446994981483295,244.28256806732392,false
1,23,13:30,33,16:00,10,1,,Traveling,4.710099999999999,false,3.5671744981483298,244.28256806732392,false
1,23,13:30,34,16:15,11,1,,Charging,0.0,true,4.979300000000001,242.71788607081237,false
1,23,13:30,35,16:30,12,1,,Loading/Swinging,3.1586,false,4.189650000000001,242.71788607081237,false
1,23,13:30,36,16:45,13,1,,Loading/Swinging,3.1586,false,3.4000000000000012,242.71788607081237,false
1,23,13:30,37,17:00,14,1,,Charging,0.0,true,5.300000000000001,240.61262291291763,false
1,23,13:30,38,17:15,15,1,,Charging,0.0,true,7.200000000000001,238.5073597550229,false
1,23,13:30,39,17:30,16,1,,Charging,0.0,true,9.100000000000001,236.40209659712815,false
1,23,13:30,40,17:45,17,1,,Charging,0.0,true,11.0,234.2968334392334,false
1,23,13:30,41,18:00,18,1,,Charging,0.0,true,12.9,232.19157028133867,false
1,23,13:30,42,18:15,19,1,,Charging,0.0,true,14.8,230.08630712344393,false
1,23,13:30,43,18:30,20,1,,,0.0,false,14.8,230.08630712344393,false
1,23,13:30,44,18:45,21,1,,,0.0,false,14.8,230.08630712344393,false
1,23,13:30,45,19:00,22,1,,,0.0,false,14.8,230.08630712344393,false
1,23,13:30,46,19:15,23,1,,,0.0,false,14.8,230.08630712344393,false
1,23,13:30,47,19:30,24,1,,,0.0,false,14.8,230.08630712344393,false
1,23,13:30,48,19:45,25,1,,,0.0,false,14.8,230.08630712344393,false
1,23,13:30,49,20:00,26,1,,,0.0,false,14.8,230.08630712344393,false
1,23,13:30,50,20:15,27,1,,,0.0,false,14.8,230.08630712344393,false
1,23,13:30,51,20:30,28,1,,,0.0,false,14.8,230.08630712344393,false
1,23,13:30,52,20:45,29,1,,,0.0,false,14.8,230.08630712344393,false
1,23,13:30,53,21:00,30,1,,,0.0,false,14.8,230.53889105245656,false
1,23,13:30,54,21:15,31,1,,,0.0,false,14.8,230.9914749814692,false
1,23,13:30,55,21:30,32,1,,,0.0,false,14.8,231.44405891048183,false
1,23,13:30,56,21:45,33,1,,,0.0,false,14.8,231.89664283949446,false
1,23,13:30,57,22:00,34,1,,,0.0,false,14.8,232.3492267685071,false
1,23,13:30,58,22:15,35,1,,,0.0,false,14.8,232.80181069751973,false
1,23,13:30,59,22:30,36,1,,,0.0,false,14.8,233.25439462653236,false
1,23,13:30,60,22:45,37,1,,,0.0,false,14.8,233.706978555545,false
1,23,13:30,61,23:00,38,1,,,0.0,false,14.8,234.15956248455763,false
1,23,13:30,62,23:15,39,1,,,0.0,false,14.8,234.6121464135703,false
1,23,13:30,63,23:30,40,1,,,0.0,false,14.8,235.06473034258292,false
1,23,13:30,64,23:45,41,1,,,0.0,false,14.8,235.51731427159567,false
1,23,13:30,65,00:00,42,1,,,0.0,false,14.8,235.9698982006083,false
1,23,13:30,66,00:15,43,1,,,0.0,false,14.8,236.42248212962093,false
1,23,13:30,67,00:30,44,1,,,0.0,false,14.8,236.87506605863356,false
1,23,13:30,68,00:45,45,1,,,0.0,false,14.8,237.3276499876462,false
1,23,13:30,69,01:00,46,1,,,0.0,false,14.8,237.78023391665883,false
1,23,13:30,70,01:15,47,1,,,0.0,false,14.8,238.23281784567146,false
1,23,13:30,71,01:30,48,1,,,0.0,false,14.8,238.68540177468412,false
1,23,13:30,72,01:45,49,1,,,0.0,false,14.8,239.13798570369676,false
1,23,13:30,73,02:00,50,1,,,0.0,false,14.8,239.5905696327094,false
1,23,13:30,74,02:15,51,1,,,0.0,false,14.8,240.04315356172202,false
1,23,13:30,75,02:30,52,1,,,0.0,false,14.8,240.49573749073465,false
1,23,13:30,76,02:45,53,1,,,0.0,false,14.8,240.9483214197473,false
1,23,13:30,77,03:00,54,1,,,0.0,false,14.8,241.40090534875992,false
1,23,13:30,78,03:15,55,1,,,0.0,false,14.8,241.85348927777255,false
1,23,13:30,79,03:30,56,1,,,0.0,false,14.8,242.3060732067852,false
1,23,13:30,80,03:45,57,1,,,0.0,false,14.8,242.75865713579782,false
1,23,13:30,81,04:00,58,1,,,0.0,false,14.8,243.21124106481045,false
1,23,13:30,82,04:15,59,1,,,0.0,false,14.8,243.66382499382308,false
1,23,13:30,83,04:30,60,1,,,0.0,false,14.8,244.11640892283572,false
1,23,13:30,84,04:45,61,1,,,0.0,false,14.8,244.56899285184835,false
1,23,13:30,85,05:00,62,1,,,0.0,false,14.8,245.02157678086098,false
1,23,13:30,86,05:15,63,1,,,0.0,false,14.8,245.47416070987362,false
1,23,13:30,87,05:30,64,1,,,0.0,false,14.8,245.92674463888628,false
1,23,13:30,88,05:45,65,1,,,0.0,false,14.8,246.3793285678989,false
1,23,13:30,89,06:00,66,1,,,0.0,false,14.8,246.83191249691154,false
1,23,13:30,90,06:15,67,1,,,0.0,false,14.8,247.28449642592417,false
1,23,13:30,91,06:30,68,1,,,0.0,false,14.8,247.7370803549368,false
1,23,13:30,92,06:45,69,1,,,0.0,false,14.8,248.18966428394944,false
1,23,13:30,93,07:00,70,1,,,0.0,false,14.8,248.64224821296207,false
1,23,13:30,94,07:15,71,1,,,0.0,false,14.8,249.0948321419747,false
1,23,13:30,95,07:30,72,1,,,0.0,false,14.8,249.54741607098734,false
1,23,13:30,96,07:45,73,1,,,0.0,false,14.8,250.0,false
1,24,13:45,24,13:45,0,1,,,0.0,false,11.47707449814833,240.66189663522286,false
1,24,13:45,25,14:00,1,1,,Loading/Swinging,3.1586,false,10.68742449814833,241.1144805642355,true
1,24,13:45,26,14:15,2,1,,Digging,4.7925,false,9.489299498148329,241.56706449324813,true
1,24,13:45,27,14:30,3,1,,Traveling,4.7101,false,8.31177449814833,242.01964842226076,false
1,24,13:45,28,14:45,4,1,,Loading/Swinging,3.1586,false,7.5221244981483295,242.4722323512734,false
1,24,13:45,29,15:00,5,1,,Idle,0.0,false,7.5221244981483295,242.92481628028602,false
1,24,13:45,30,15:15,6,1,,Loading/Swinging,3.1586,false,6.7324744981483295,243.37740020929866,true
1,24,13:45,31,15:30,7,1,,Loading/Swinging,3.1586,false,5.94282449814833,243.8299841383113,false
1,24,13:45,32,15:45,8,1,,Digging,4.7925,false,4.7446994981483295,244.28256806732392,true
1,24,13:45,33,16:00,9,1,,Traveling,4.7101,false,3.5671744981483298,244.28256806732392,false
1,24,13:45,34,16:15,10,1,,Charging,0.0,true,4.9793,242.71788607081237,false
1,24,13:45,35,16:30,11,1,,Loading/Swinging,3.1586,false,4.18965,242.71788607081237,false
1,24,13:45,36,16:45,12,1,,Loading/Swinging,3.1586,false,3.4000000000000004,242.71788607081237,false
1,24,13:45,37,17:00,13,1,,Charging,0.0,true,5.300000000000001,240.61262291291763,false
1,24,13:45,38,17:15,14,1,,Charging,0.0,true,7.2,238.5073597550229,false
1,24,13:45,39,17:30,15,1,,Charging,0.0,true,9.1,236.40209659712815,false
1,24,13:45,40,17:45,16,1,,Charging,0.0,true,11.0,234.2968334392334,false
1,24,13:45,41,18:00,17,1,,Charging,0.0,true,12.9,232.19157028133867,false
1,24,13:45,42,18:15,18,1,,Charging,0.0,true,14.8,230.08630712344393,false
1,24,13:45,43,18:30,19,1,,,0.0,false,14.8,230.08630712344393,false
1,24,13:45,44,18:45,20,1,,,0.0,false,14.8,230.08630712344393,false
1,24,13:45,45,19:00,21,1,,,0.0,false,14.8,230.08630712344393,false
1,24,13:45,46,19:15,22,1,,,0.0,false,14.8,230.08630712344393,false
1,24,13:45,47,19:30,23,1,,,0.0,false,14.8,230.08630712344393,false
1,24,13:45,48,19:45,24,1,,,0.0,false,14.8,230.08630712344393,false
1,24,13:45,49,20:00,25,1,,,0.0,false,14.8,230.08630712344393,false
1,24,13:45,50,20:15,26,1,,,0.0,false,14.8,230.08630712344393,false
1,24,13:45,51,20:30,27,1,,,0.0,false,14.8,230.08630712344393,false
1,24,13:45,52,20:45,28,1,,,0.0,false,14.8,230.08630712344393,false
1,24,13:45,53,21:00,29,1,,,0.0,false,14.8,230.53889105245656,false
1,24,13:45,54,21:15,30,1,,,0.0,false,14.8,230.9914749814692,false
1,24,13:45,55,21:30,31,1,,,0.0,false,14.8,231.44405891048183,false
1,24,13:45,56,21:45,32,1,,,0.0,false,14.8,231.89664283949446,false
1,24,13:45,57,22:00,33,1,,,0.0,false,14.8,232.3492267685071,false
1,24,13:45,58,22:15,34,1,,,0.0,false,14.8,232.80181069751973,false
1,24,13:45,59,22:30,35,1,,,0.0,false,14.8,233.2543946265324,false
1,24,13:45,60,22:45,36,1,,,0.0,false,14.8,233.70697855554502,false
1,24,13:45,61,23:00,37,1,,,0.0,false,14.8,234.15956248455765,false
1,24,13:45,62,23:15,38,1,,,0.0,false,14.8,234.6121464135703,false
1,24,13:45,63,23:30,39,1,,,0.0,false,14.8,235.06473034258292,false
1,24,13:45,64,23:45,40,1,,,0.0,false,14.8,235.51731427159567,false
1,24,13:45,65,00:00,41,1,,,0.0,false,14.8,235.9698982006083,false
1,24,13:45,66,00:15,42,1,,,0.0,false,14.8,236.42248212962093,false
1,24,13:45,67,00:30,43,1,,,0.0,false,14.8,236.87506605863356,false
1,24,13:45,68,00:45,44,1,,,0.0,false,14.8,237.3276499876462,false
1,24,13:45,69,01:00,45,1,,,0.0,false,14.8,237.78023391665883,false
1,24,13:45,70,01:15,46,1,,,0.0,false,14.8,238.23281784567146,false
1,24,13:45,71,01:30,47,1,,,0.0,false,14.8,238.6854017746841,false
1,24,13:45,72,01:45,48,1,,,0.0,false,14.8,239.13798570369676,false
1,24,13:45,73,02:00,49,1,,,0.0,false,14.8,239.5905696327094,false
1,24,13:45,74,02:15,50,1,,,0.0,false,14.8,240.04315356172202,false
1,24,13:45,75,02:30,51,1,,,0.0,false,14.8,240.49573749073465,false
1,24,13:45,76,02:45,52,1,,,0.0,false,14.8,240.9483214197473,false
1,24,13:45,77,03:00,53,1,,,0.0,false,14.8,241.40090534875992,false
1,24,13:45,78,03:15,54,1,,,0.0,false,14.8,241.85348927777255,false
1,24,13:45,79,03:30,55,1,,,0.0,false,14.8,242.3060732067852,false
1,24,13:45,80,03:45,56,1,,,0.0,false,14.8,242.75865713579782,false
1,24,13:45,81,04:00,57,1,,,0.0,false,14.8,243.21124106481045,false
1,24,13:45,82,04:15,58,1,,,0.0,false,14.8,243.66382499382308,false
1,24,13:45,83,04:30,59,1,,,0.0,false,14.8,244.11640892283572,false
1,24,13:45,84,04:45,60,1,,,0.0,false,14.8,244.56899285184835,false
1,24,13:45,85,05:00,61,1,,,0.0,false,14.8,245.02157678086098,false
1,24,13:45,86,05:15,62,1,,,0.0,false,14.8,245.47416070987362,false
1,24,13:45,87,05:30,63,1,,,0.0,false,14.8,245.92674463888628,false
1,24,13:45,88,05:45,64,1,,,0.0,false,14.8,246.3793285678989,false
1,24,13:45,89,06:00,65,1,,,0.0,false,14.8,246.83191249691154,false
1,24,13:45,90,06:15,66,1,,,0.0,false,14.8,247.28449642592417,false
1,24,13:45,91,06:30,67,1,,,0.0,false,14.8,247.7370803549368,false
1,24,13:45,92,06:45,68,1,,,0.0,false,14.8,248.18966428394944,false
1,24,13:45,93,07:00,69,1,,,0.0,false,14.8,248.64224821296207,false
1,24,13:45,94,07:15,70,1,,,0.0,false,14.8,249.0948321419747,false
1,24,13:45,95,07:30,71,1,,,0.0,false,14.8,249.54741607098734,false
1,24,13:45,96,07:45,72,1,,,0.0,false,14.8,250.0,false
1,25,14:00,25,14:00,0,1,,Loading/Swinging,3.1586,false,10.68742449814833,241.1144805642355,false
1,25,14:00,26,14:15,1,1,,Digging,4.792500000000004,false,9.489299498148329,241.56706449324813,false
1,25,14:00,27,14:30,2,1,,Traveling,4.7101,false,8.31177449814833,242.01964842226076,false
1,25,14:00,28,14:45,3,1,,Loading/Swinging,3.1586,false,7.5221244981483295,242.47223235127342,false
1,25,14:00,29,15:00,4,1,,Idle,0.0,false,7.5221244981483295,242.92481628028605,false
1,25,14:00,30,15:15,5,1,,Loading/Swinging,3.1586,false,6.7324744981483295,243.37740020929868,false
1,25,14:00,31,15:30,6,1,,Digging,4.7925,false,5.534349498148329,243.82998413831132,true
1,25,14:00,32,15:45,7,1,,Loading/Swinging,3.1586,false,4.7446994981483295,244.28256806732392,true
1,25,14:00,33,16:00,8,1,,Traveling,4.710099999999999,false,3.5671744981483298,244.28256806732392,false
1,25,14:00,34,16:15,9,1,,Charging,0.0,true,4.979300000000001,242.71788607081237,false
1,25,14:00,35,16:30,10,1,,Loading/Swinging,3.1586,false,4.189650000000001,242.71788607081237,false
1,25,14:00,36,16:45,11,1,,Loading/Swinging,3.1586,false,3.4000000000000012,242.71788607081237,false
1,25,14:00,37,17:00,12,1,,Charging,0.0,true,5.300000000000001,240.61262291291763,false
1,25,14:00,38,17:15,13,1,,Charging,0.0,true,7.200000000000001,238.5073597550229,false
1,25,14:00,39,17:30,14,1,,Charging,0.0,true,9.100000000000001,236.40209659712815,false
1,25,14:00,40,17:45,15,1,,Charging,0.0,true,11.0,234.2968334392334,false
1,25,14:00,41,18:00,16,1,,Charging,0.0,true,12.9,232.19157028133867,false
1,25,14:00,42,18:15,17,1,,Charging,0.0,true,14.8,230.08630712344393,false
1,25,14:00,43,18:30,18,1,,,0.0,false,14.8,230.08630712344393,false
1,25,14:00,44,18:45,19,1,,,0.0,false,14.8,230.08630712344393,false
1,25,14:00,45,19:00,20,1,,,0.0,false,14.8,230.08630712344393,false
1,25,14:00,46,19:15,21,1,,,0.0,false,14.8,230.08630712344393,false
1,25,14:00,47,19:30,22,1,,,0.0,false,14.8,230.08630712344393,false
1,25,14:00,48,19:45,23,1,,,0.0,false,14.8,230.08630712344393,false
1,25,14:00,49,20:00,24,1,,,0.0,false,14.8,230.08630712344393,false
1,25,14:00,50,20:15,25,1,,,0.0,false,14.8,230.08630712344393,false
1,25,14:00,51,20:30,26,1,,,0.0,false,14.8,230.08630712344393,false
1,25,14:00,52,20:45,27,1,,,0.0,false,14.8,230.08630712344393,false
1,25,14:00,53,21:00,28,1,,,0.0,false,14.8,230.53889105245656,false
1,25,14:00,54,21:15,29,1,,,0.0,false,14.8,230.9914749814692,false
1,25,14:00,55,21:30,30,1,,,0.0,false,14.8,231.44405891048183,false
1,25,14:00,56,21:45,31,1,,,0.0,false,14.8,231.89664283949446,false
1,25,14:00,57,22:00,32,1,,,0.0,false,14.8,232.3492267685071,false
1,25,14:00,58,22:15,33,1,,,0.0,false,14.8,232.80181069751973,false
1,25,14:00,59,22:30,34,1,,,0.0,false,14.8,233.25439462653236,false
1,25,14:00,60,22:45,35,1,,,0.0,false,14.8,233.706978555545,false
1,25,14:00,61,23:00,36,1,,,0.0,false,14.8,234.15956248455763,false
1,25,14:00,62,23:15,37,1,,,0.0,false,14.8,234.61214641357026,false
1,25,14:00,63,23:30,38,1,,,0.0,false,14.8,235.0647303425829,false
1,25,14:00,64,23:45,39,1,,,0.0,false,14.8,235.51731427159567,false
1,25,14:00,65,00:00,40,1,,,0.0,false,14.8,235.9698982006083,false
1,25,14:00,66,00:15,41,1,,,0.0,false,14.8,236.42248212962093,false
1,25,14:00,67,00:30,42,1,,,0.0,false,14.8,236.87506605863356,false
1,25,14:00,68,00:45,43,1,,,0.0,false,14.8,237.3276499876462,false
1,25,14:00,69,01:00,44,1,,,0.0,false,14.8,237.78023391665883,false
1,25,14:00,70,01:15,45,1,,,0.0,false,14.8,238.23281784567146,false
1,25,14:00,71,01:30,46,1,,,0.0,false,14.8,238.6854017746841,false
1,25,14:00,72,01:45,47,1,,,0.0,false,14.8,239.13798570369673,false
1,25,14:00,73,02:00,48,1,,,0.0,false,14.8,239.59056963270936,false
1,25,14:00,74,02:15,49,1,,,0.0,false,14.8,240.043153561722,false
1,25,14:00,75,02:30,50,1,,,0.0,false,14.8,240.49573749073463,false
1,25,14:00,76,02:45,51,1,,,0.0,false,14.8,240.94832141974726,false
1,25,14:00,77,03:00,52,1,,,0.0,false,14.8,241.4009053487599,false
1,25,14:00,78,03:15,53,1,,,0.0,false,14.8,241.85348927777252,false
1,25,14:00,79,03:30,54,1,,,0.0,false,14.8,242.30607320678516,false
1,25,14:00,80,03:45,55,1,,,0.0,false,14.8,242.7586571357978,false
1,25,14:00,81,04:00,56,1,,,0.0,false,14.8,243.21124106481042,false
1,25,14:00,82,04:15,57,1,,,0.0,false,14.8,243.66382499382306,false
1,25,14:00,83,04:30,58,1,,,0.0,false,14.8,244.1164089228357,false
1,25,14:00,84,04:45,59,1,,,0.0,false,14.8,244.56899285184835,false
1,25,14:00,85,05:00,60,1,,,0.0,false,14.8,245.02157678086098,false
1,25,14:00,86,05:15,61,1,,,0.0,false,14.8,245.47416070987364,false
1,25,14:00,87,05:30,62,1,,,0.0,false,14.8,245.92674463888628,false
1,25,14:00,88,05:45,63,1,,,0.0,false,14.8,246.3793285678989,false
1,25,14:00,89,06:00,64,1,,,0.0,false,14.8,246.83191249691154,false
1,25,14:00,90,06:15,65,1,,,0.0,false,14.8,247.28449642592417,false
1,25,14:00,91,06:30,66,1,,,0.0,false,14.8,247.7370803549368,false
1,25,14:00,92,06:45,67,1,,,0.0,false,14.8,248.18966428394944,false
1,25,14:00,93,07:00,68,1,,,0.0,false,14.8,248.64224821296207,false
1,25,14:00,94,07:15,69,1,,,0.0,false,14.8,249.0948321419747,false
1,25,14:00,95,07:30,70,1,,,0.0,false,14.8,249.54741607098734,false
1,25,14:00,96,07:45,71,1,,,0.0,false,14.8,250.0,false
1,26,14:15,26,14:15,0,1,,Digging,4.7925,false,9.48712531885015,241.56711172977626,false
1,26,14:15,27,14:30,1,1,,Traveling,4.710100000000001,false,8.309600318850151,242.01974289531702,false
1,26,14:15,28,14:45,2,1,,Loading/Swinging,3.1586,false,7.519950318850151,242.47237406085776,false
1,26,14:15,29,15:00,3,1,,Idle,0.0,false,7.519950318850151,242.92500522639853,false
1,26,14:15,30,15:15,4,1,,Loading/Swinging,3.1586,false,6.730300318850151,243.3776363919393,false
1,26,14:15,31,15:30,5,1,,Loading/Swinging,3.1586,false,5.940650318850151,243.83026755748006,true
1,26,14:15,32,15:45,6,1,,Digging,4.7925,false,4.742525318850151,244.28289872302082,true
1,26,14:15,33,16:00,7,1,,Traveling,4.7101,false,3.565000318850151,244.28289872302082,false
1,26,14:15,34,16:15,8,1,,Charging,0.0,true,4.979300000000001,242.71580766357502,false
1,26,14:15,35,16:30,9,1,,Loading/Swinging,3.1586,false,4.189650000000001,242.71580766357502,false
1,26,14:15,36,16:45,10,1,,Loading/Swinging,3.1586,false,3.4000000000000012,242.71580766357502,false
1,26,14:15,37,17:00,11,1,,Charging,0.0,true,5.300000000000001,240.61054450568028,false
1,26,14:15,38,17:15,12,1,,Charging,0.0,true,7.200000000000001,238.50528134778554,false
1,26,14:15,39,17:30,13,1,,Charging,0.0,true,9.1,236.4000181898908,false
1,26,14:15,40,17:45,14,1,,Charging,0.0,true,11.0,234.29475503199606,false
1,26,14:15,41,18:00,15,1,,Charging,0.0,true,12.9,232.18949187410132,false
1,26,14:15,42,18:15,16,1,,Charging,0.0,true,14.8,230.08422871620658,false
1,26,14:15,43,18:30,17,1,,,0.0,false,14.8,230.08422871620658,false
1,26,14:15,44,18:45,18,1,,,0.0,false,14.8,230.08422871620658,false
1,26,14:15,45,19:00,19,1,,,0.0,false,14.8,230.08422871620658,false
1,26,14:15,46,19:15,20,1,,,0.0,false,14.8,230.08422871620658,false
1,26,14:15,47,19:30,21,1,,,0.0,false,14.8,230.08422871620658,false
1,26,14:15,48,19:45,22,1,,,0.0,false,14.8,230.08422871620658,false
1,26,14:15,49,20:00,23,1,,,0.0,false,14.8,230.08422871620658,false
1,26,14:15,50,20:15,24,1,,,0.0,false,14.8,230.08422871620658,false
1,26,14:15,51,20:30,25,1,,,0.0,false,14.8,230.08422871620658,false
1,26,14:15,52,20:45,26,1,,,0.0,false,14.8,230.08422871620658,false
1,26,14:15,53,21:00,27,1,,,0.0,false,14.8,230.53685988174735,false
1,26,14:15,54,21:15,28,1,,,0.0,false,14.8,230.98949104728808,false
1,26,14:15,55,21:30,29,1,,,0.0,false,14.8,231.44212221282885,false
1,26,14:15,56,21:45,30,1,,,0.0,false,14.8,231.89475337836961,false
1,26,14:15,57,22:00,31,1,,,0.0,false,14.8,232.34738454391038,false
1,26,14:15,58,22:15,32,1,,,0.0,false,14.8,232.80001570945115,false
1,26,14:15,59,22:30,33,1,,,0.0,false,14.8,233.2526468749919,false
1,26,14:15,60,22:45,34,1,,,0.0,false,14.8,233.70527804053268,false
1,26,14:15,61,23:00,35,1,,,0.0,false,14.8,234.1579092060734,false
1,26,14:15,62,23:15,36,1,,,0.0,false,14.8,234.61054037161415,false
1,26,14:15,63,23:30,37,1,,,0.0,false,14.8,235.06317153715491,false
1,26,14:15,64,23:45,38,1,,,0.0,false,14.8,235.51580270269568,false
1,26,14:15,65,00:00,39,1,,,0.0,false,14.8,235.96843386823645,false
1,26,14:15,66,00:15,40,1,,,0.0,false,14.8,236.4210650337772,false
1,26,14:15,67,00:30,41,1,,,0.0,false,14.8,236.87369619931798,false
1,26,14:15,68,00:45,42,1,,,0.0,false,14.8,237.32632736485874,false
1,26,14:15,69,01:00,43,1,,,0.0,false,14.8,237.7789585303995,false
1,26,14:15,70,01:15,44,1,,,0.0,false,14.8,238.23158969594027,false
1,26,14:15,71,01:30,45,1,,,0.0,false,14.8,238.684220861481,false
1,26,14:15,72,01:45,46,1,,,0.0,false,14.8,239.13685202702177,false
1,26,14:15,73,02:00,47,1,,,0.0,false,14.8,239.58948319256254,false
1,26,14:15,74,02:15,48,1,,,0.0,false,14.8,240.0421143581033,false
1,26,14:15,75,02:30,49,1,,,0.0,false,14.8,240.49474552364407,false
1,26,14:15,76,02:45,50,1,,,0.0,false,14.8,240.9473766891848,false
1,26,14:15,77,03:00,51,1,,,0.0,false,14.8,241.40000785472557,false
1,26,14:15,78,03:15,52,1,,,0.0,false,14.8,241.85263902026634,false
1,26,14:15,79,03:30,53,1,,,0.0,false,14.8,242.3052701858071,false
1,26,14:15,80,03:45,54,1,,,0.0,false,14.8,242.75790135134784,false
1,26,14:15,81,04:00,55,1,,,0.0,false,14.8,243.21053251688852,false
1,26,14:15,82,04:15,56,1,,,0.0,false,14.8,243.66316368242929,false
1,26,14:15,83,04:30,57,1,,,0.0,false,14.8,244.11579484797005,false
1,26,14:15,84,04:45,58,1,,,0.0,false,14.8,244.56842601351082,false
1,26,14:15,85,05:00,59,1,,,0.0,false,14.8,245.02105717905158,false
1,26,14:15,86,05:15,60,1,,,0.0,false,14.8,245.47368834459235,false
1,26,14:15,87,05:30,61,1,,,0.0,false,14.8,245.9263195101331,false
1,26,14:15,88,05:45,62,1,,,0.0,false,14.8,246.37895067567388,false
1,26,14:15,89,06:00,63,1,,,0.0,false,14.8,246.83158184121464,false
1,26,14:15,90,06:15,64,1,,,0.0,false,14.8,247.2842130067554,false
1,26,14:15,91,06:30,65,1,,,0.0,false,14.8,247.73684417229617,false
1,26,14:15,92,06:45,66,1,,,0.0,false,14.8,248.1894753378369,false
1,26,14:15,93,07:00,67,1,,,0.0,false,14.8,248.64210650337768,false
1,26,14:15,94,07:15,68,1,,,0.0,false,14.8,249.09473766891844,false
1,26,14:15,95,07:30,69,1,,,0.0,false,14.8,249.5473688344592,false
1,26,14:15,96,07:45,70,1,,,0.0,false,14.8,250.0,false
1,27,14:30,27,14:30,0,1,,Traveling,4.7101,false,8.319644650596938,242.01974289531702,false
1,27,14:30,28,14:45,1,1,,Loading/Swinging,3.158599999999997,false,7.529994650596938,242.4723740608578,false
1,27,14:30,29,15:00,2,1,,Idle,0.0,false,7.529994650596938,242.92500522639855,false
1,27,14:30,30,15:15,3,1,,Digging,4.7925,false,6.331869650596938,243.37763639193932,true
1,27,14:30,31,15:30,4,1,,Loading/Swinging,3.1586,false,5.542219650596938,243.83026755748008,false
1,27,14:30,32,15:45,5,1,,Loading/Swinging,3.1586,false,4.752569650596938,244.28289872302085,true
1,27,14:30,33,16:00,6,1,,Traveling,4.710100000000001,false,3.575044650596938,244.28289872302085,false
1,27,14:30,34,16:15,7,1,,Charging,0.0,true,4.9793,242.72693711703408,false
1,27,14:30,35,16:30,8,1,,Loading/Swinging,3.1586,false,4.18965,242.72693711703408,false
1,27,14:30,36,16:45,9,1,,Loading/Swinging,3.1586,false,3.4000000000000004,242.72693711703408,false
1,27,14:30,37,17:00,10,1,,Charging,0.0,true,5.300000000000001,240.62167395913934,false
1,27,14:30,38,17:15,11,1,,Charging,0.0,true,7.199999999999999,238.5164108012446,false
1,27,14:30,39,17:30,12,1,,Charging,0.0,true,9.1,236.41114764334986,false
1,27,14:30,40,17:45,13,1,,Charging,0.0,true,10.999999999999998,234.30588448545512,false
1,27,14:30,41,18:00,14,1,,Charging,0.0,true,12.899999999999999,232.20062132756038,false
1,27,14:30,42,18:15,15,1,,Charging,0.0,true,14.8,230.09535816966564,false
1,27,14:30,43,18:30,16,1,,,0.0,false,14.8,230.09535816966564,false
1,27,14:30,44,18:45,17,1,,,0.0,false,14.8,230.09535816966564,false
1,27,14:30,45,19:00,18,1,,,0.0,false,14.8,230.09535816966564,false
1,27,14:30,46,19:15,19,1,,,0.0,false,14.8,230.09535816966564,false
1,27,14:30,47,19:30,20,1,,,0.0,false,14.8,230.09535816966564,false
1,27,14:30,48,19:45,21,1,,,0.0,false,14.8,230.09535816966564,false
1,27,14:30,49,20:00,22,1,,,0.0,false,14.8,230.09535816966564,false
1,27,14:30,50,20:15,23,1,,,0.0,false,14.8,230.09535816966564,false
1,27,14:30,51,20:30,24,1,,,0.0,false,14.8,230.09535816966564,false
1,27,14:30,52,20:45,25,1,,,0.0,false,14.8,230.09535816966564,false
1,27,14:30,53,21:00,26,1,,,0.0,false,14.8,230.5479893352064,false
1,27,14:30,54,21:15,27,1,,,0.0,false,14.8,231.00062050074717,false
1,27,14:30,55,21:30,28,1,,,0.0,false,14.8,231.45325166628794,false
1,27,14:30,56,21:45,29,1,,,0.0,false,14.8,231.9058828318287,false
1,27,14:30,57,22:00,30,1,,,0.0,false,14.8,232.35851399736947,false
1,27,14:30,58,22:15,31,1,,,0.0,false,14.8,232.81114516291024,false
1,27,14:30,59,22:30,32,1,,,0.0,false,14.8,233.26377632845097,false
1,27,14:30,60,22:45,33,1,,,0.0,false,14.8,233.71640749399174,false
1,27,14:30,61,23:00,34,1,,,0.0,false,14.8,234.1690386595325,false
1,27,14:30,62,23:15,35,1,,,0.0,false,14.8,234.62166982507327,false
1,27,14:30,63,23:30,36,1,,,0.0,false,14.8,235.07430099061403,false
1,27,14:30,64,23:45,37,1,,,0.0,false,14.8,235.51580270269565,false
1,27,14:30,65,00:00,38,1,,,0.0,false,14.8,235.96843386823642,false
1,27,14:30,66,00:15,39,1,,,0.0,false,14.8,236.42106503377718,false
1,27,14:30,67,00:30,40,1,,,0.0,false,14.8,236.87369619931795,false
1,27,14:30,68,00:45,41,1,,,0.0,false,14.8,237.3263273648587,false
1,27,14:30,69,01:00,42,1,,,0.0,false,14.8,237.77895853039948,false
1,27,14:30,70,01:15,43,1,,,0.0,false,14.8,238.23158969594022,false
1,27,14:30,71,01:30,44,1,,,0.0,false,14.8,238.68422086148098,false
1,27,14:30,72,01:45,45,1,,,0.0,false,14.8,239.13685202702175,false
1,27,14:30,73,02:00,46,1,,,0.0,false,14.8,239.5894831925625,false
1,27,14:30,74,02:15,47,1,,,0.0,false,14.8,240.04211435810328,false
1,27,14:30,75,02:30,48,1,,,0.0,false,14.8,240.49474552364404,false
1,27,14:30,76,02:45,49,1,,,0.0,false,14.8,240.9473766891848,false
1,27,14:30,77,03:00,50,1,,,0.0,false,14.8,241.40000785472554,false
1,27,14:30,78,03:15,51,1,,,0.0,false,14.8,241.8526390202663,false
1,27,14:30,79,03:30,52,1,,,0.0,false,14.8,242.30527018580707,false
1,27,14:30,80,03:45,53,1,,,0.0,false,14.8,242.75790135134784,false
1,27,14:30,81,04:00,54,1,,,0.0,false,14.8,243.21053251688858,false
1,27,14:30,82,04:15,55,1,,,0.0,false,14.8,243.66316368242934,false
1,27,14:30,83,04:30,56,1,,,0.0,false,14.8,244.1157948479701,false
1,27,14:30,84,04:45,57,1,,,0.0,false,14.8,244.56842601351082,false
1,27,14:30,85,05:00,58,1,,,0.0,false,14.8,245.02105717905158,false
1,27,14:30,86,05:15,59,1,,,0.0,false,14.8,245.47368834459235,false
1,27,14:30,87,05:30,60,1,,,0.0,false,14.8,245.9263195101331,false
1,27,14:30,88,05:45,61,1,,,0.0,false,14.8,246.37895067567388,false
1,27,14:30,89,06:00,62,1,,,0.0,false,14.8,246.83158184121464,false
1,27,14:30,90,06:15,63,1,,,0.0,false,14.8,247.2842130067554,false
1,27,14:30,91,06:30,64,1,,,0.0,false,14.8,247.73684417229617,false
1,27,14:30,92,06:45,65,1,,,0.0,false,14.8,248.1894753378369,false
1,27,14:30,93,07:00,66,1,,,0.0,false,14.8,248.64210650337768,false
1,27,14:30,94,07:15,67,1,,,0.0,false,14.8,249.09473766891844,false
1,27,14:30,95,07:30,68,1,,,0.0,false,14.8,249.5473688344592,false
1,27,14:30,96,07:45,69,1,,,0.0,false,14.8,250.0,false
1,28,14:45,28,14:45,0,1,,Digging,4.7925,false,7.112286475459011,242.4723740608578,true
1,28,14:45,29,15:00,1,1,,Idle,0.0,false,7.112286475459011,242.92500522639855,false
1,28,14:45,30,15:15,2,1,,Loading/Swinging,3.1586,false,6.322636475459011,243.37763639193932,true
1,28,14:45,31,15:30,3,1,,Loading/Swinging,3.1586,false,5.532986475459011,243.83026755748008,false
1,28,14:45,32,15:45,4,1,,Loading/Swinging,3.1586,false,4.743336475459011,244.28289872302085,false
1,28,14:45,33,16:00,5,1,,Traveling,4.7101,false,3.565811475459011,244.28289872302085,false
1,28,14:45,34,16:15,6,1,,Charging,0.0,true,4.9793,242.71670645206132,false
1,28,14:45,35,16:30,7,1,,Loading/Swinging,3.1586,false,4.18965,242.71670645206132,false
1,28,14:45,36,16:45,8,1,,Loading/Swinging,3.1586,false,3.4000000000000004,242.71670645206132,false
1,28,14:45,37,17:00,9,1,,Charging,0.0,true,5.300000000000001,240.61144329416658,false
1,28,14:45,38,17:15,10,1,,Charging,0.0,true,7.2,238.50618013627184,false
1,28,14:45,39,17:30,11,1,,Charging,0.0,true,9.1,236.4009169783771,false
1,28,14:45,40,17:45,12,1,,Charging,0.0,true,11.0,234.29565382048236,false
1,28,14:45,41,18:00,13,1,,Charging,0.0,true,12.9,232.19039066258762,false
1,28,14:45,42,18:15,14,1,,Charging,0.0,true,14.8,230.08512750469288,false
1,28,14:45,43,18:30,15,1,,,0.0,false,14.8,230.08512750469288,false
1,28,14:45,44,18:45,16,1,,,0.0,false,14.8,230.08512750469288,false
1,28,14:45,45,19:00,17,1,,,0.0,false,14.8,230.08512750469288,false
1,28,14:45,46,19:15,18,1,,,0.0,false,14.8,230.08512750469288,false
1,28,14:45,47,19:30,19,1,,,0.0,false,14.8,230.08512750469288,false
1,28,14:45,48,19:45,20,1,,,0.0,false,14.8,230.08512750469288,false
1,28,14:45,49,20:00,21,1,,,0.0,false,14.8,230.08512750469288,false
1,28,14:45,50,20:15,22,1,,,0.0,false,14.8,230.08512750469288,false
1,28,14:45,51,20:30,23,1,,,0.0,false,14.8,230.08512750469288,false
1,28,14:45,52,20:45,24,1,,,0.0,false,14.8,230.08512750469288,false
1,28,14:45,53,21:00,25,1,,,0.0,false,14.8,230.53775867023364,false
1,28,14:45,54,21:15,26,1,,,0.0,false,14.8,230.9903898357744,false
1,28,14:45,55,21:30,27,1,,,0.0,false,14.8,231.44302100131515,false
1,28,14:45,56,21:45,28,1,,,0.0,false,14.8,231.8956521668559,false
1,28,14:45,57,22:00,29,1,,,0.0,false,14.8,232.34828333239668,false
1,28,14:45,58,22:15,30,1,,,0.0,false,14.8,232.80091449793744,false
1,28,14:45,59,22:30,31,1,,,0.0,false,14.8,233.2535456634782,false
1,28,14:45,60,22:45,32,1,,,0.0,false,14.8,233.70617682901894,false
1,28,14:45,61,23:00,33,1,,,0.0,false,14.8,234.1588079945597,false
1,28,14:45,62,23:15,34,1,,,0.0,false,14.8,234.61143916010047,false
1,28,14:45,63,23:30,35,1,,,0.0,false,14.8,235.06407032564124,false
1,28,14:45,64,23:45,36,1,,,0.0,false,14.8,235.51580270269565,false
1,28,14:45,65,00:00,37,1,,,0.0,false,14.8,235.96843386823642,false
1,28,14:45,66,00:15,38,1,,,0.0,false,14.8,236.42106503377718,false
1,28,14:45,67,00:30,39,1,,,0.0,false,14.8,236.87369619931795,false
1,28,14:45,68,00:45,40,1,,,0.0,false,14.8,237.3263273648587,false
1,28,14:45,69,01:00,41,1,,,0.0,false,14.8,237.77895853039945,false
1,28,14:45,70,01:15,42,1,,,0.0,false,14.8,238.23158969594022,false
1,28,14:45,71,01:30,43,1,,,0.0,false,14.8,238.68422086148098,false
1,28,14:45,72,01:45,44,1,,,0.0,false,14.8,239.13685202702175,false
1,28,14:45,73,02:00,45,1,,,0.0,false,14.8,239.58948319256248,false
1,28,14:45,74,02:15,46,1,,,0.0,false,14.8,240.04211435810325,false
1,28,14:45,75,02:30,47,1,,,0.0,false,14.8,240.494745523644,false
1,28,14:45,76,02:45,48,1,,,0.0,false,14.8,240.94737668918478,false
1,28,14:45,77,03:00,49,1,,,0.0,false,14.8,241.40000785472554,false
1,28,14:45,78,03:15,50,1,,,0.0,false,14.8,241.85263902026628,false
1,28,14:45,79,03:30,51,1,,,0.0,false,14.8,242.30527018580705,false
1,28,14:45,80,03:45,52,1,,,0.0,false,14.8,242.7579013513478,false
1,28,14:45,81,04:00,53,1,,,0.0,false,14.8,243.21053251688858,false
1,28,14:45,82,04:15,54,1,,,0.0,false,14.8,243.6631636824293,false
1,28,14:45,83,04:30,55,1,,,0.0,false,14.8,244.11579484797008,false
1,28,14:45,84,04:45,56,1,,,0.0,false,14.8,244.56842601351084,false
1,28,14:45,85,05:00,57,1,,,0.0,false,14.8,245.0210571790516,false
1,28,14:45,86,05:15,58,1,,,0.0,false,14.8,245.47368834459238,false
1,28,14:45,87,05:30,59,1,,,0.0,false,14.8,245.9263195101331,false
1,28,14:45,88,05:45,60,1,,,0.0,false,14.8,246.37895067567388,false
1,28,14:45,89,06:00,61,1,,,0.0,false,14.8,246.83158184121464,false
1,28,14:45,90,06:15,62,1,,,0.0,false,14.8,247.28421300675538,false
1,28,14:45,91,06:30,63,1,,,0.0,false,14.8,247.73684417229614,false
1,28,14:45,92,06:45,64,1,,,0.0,false,14.8,248.1894753378369,false
1,28,14:45,93,07:00,65,1,,,0.0,false,14.8,248.64210650337768,false
1,28,14:45,94,07:15,66,1,,,0.0,false,14.8,249.09473766891844,false
1,28,14:45,95,07:30,67,1,,,0.0,false,14.8,249.5473688344592,false
1,28,14:45,96,07:45,68,1,,,0.0,false,14.8,250.0,false
1,29,15:00,29,15:00,0,1,,Idle,0.0,false,7.1315566399865755,242.92500522639855,false
1,29,15:00,30,15:15,1,1,,Loading/Swinging,3.1586,false,6.3419066399865756,243.37763639193932,false
1,29,15:00,31,15:30,2,1,,Loading/Swinging,3.1586,false,5.552256639986576,243.83026755748006,false
1,29,15:00,32,15:45,3,1,,Loading/Swinging,3.1586,false,4.762606639986576,244.28289872302082,false
1,29,15:00,33,16:00,4,1,,Traveling,4.7101,false,3.5850816399865755,244.28289872302082,false
1,29,15:00,34,16:15,5,1,,Charging,0.0,true,4.979300000000001,242.7380584349173,false
1,29,15:00,35,16:30,6,1,,Loading/Swinging,3.1586,false,4.189650000000001,242.7380584349173,false
1,29,15:00,36,16:45,7,1,,Loading/Swinging,3.1586,false,3.4000000000000012,242.73805843491732,false
1,29,15:00,37,17:00,8,1,,Charging,0.0,true,5.300000000000001,240.63279527702258,false
1,29,15:00,38,17:15,9,1,,Charging,0.0,true,7.200000000000001,238.52753211912784,false
1,29,15:00,39,17:30,10,1,,Charging,0.0,true,9.100000000000001,236.4222689612331,false
1,29,15:00,40,17:45,11,1,,Charging,0.0,true,11.000000000000002,234.31700580333836,false
1,29,15:00,41,18:00,12,1,,Charging,0.0,true,12.900000000000002,232.21174264544362,false
1,29,15:00,42,18:15,13,1,,Charging,0.0,true,14.8,230.10647948754888,false
1,29,15:00,43,18:30,14,1,,,0.0,false,14.8,230.10647948754888,false
1,29,15:00,44,18:45,15,1,,,0.0,false,14.8,230.10647948754888,false
1,29,15:00,45,19:00,16,1,,,0.0,false,14.8,230.10647948754888,false
1,29,15:00,46,19:15,17,1,,,0.0,false,14.8,230.10647948754888,false
1,29,15:00,47,19:30,18,1,,,0.0,false,14.8,230.10647948754888,false
1,29,15:00,48,19:45,19,1,,,0.0,false,14.8,230.10647948754888,false
1,29,15:00,49,20:00,20,1,,,0.0,false,14.8,230.10647948754888,false
1,29,15:00,50,20:15,21,1,,,0.0,false,14.8,230.10647948754888,false
1,29,15:00,51,20:30,22,1,,,0.0,false,14.8,230.10647948754888,false
1,29,15:00,52,20:45,23,1,,,0.0,false,14.8,230.10647948754888,false
1,29,15:00,53,21:00,24,1,,,0.0,false,14.8,230.55911065308965,false
1,29,15:00,54,21:15,25,1,,,0.0,false,14.8,231.0117418186304,false
1,29,15:00,55,21:30,26,1,,,0.0,false,14.8,231.46437298417118,false
1,29,15:00,56,21:45,27,1,,,0.0,false,14.8,231.91700414971191,false
1,29,15:00,57,22:00,28,1,,,0.0,false,14.8,232.36963531525268,false
1,29,15:00,58,22:15,29,1,,,0.0,false,14.8,232.82226648079342,false
1,29,15:00,59,22:30,30,1,,,0.0,false,14.8,233.27489764633418,false
1,29,15:00,60,22:45,31,1,,,0.0,false,14.8,233.72752881187495,false
1,29,15:00,61,23:00,32,1,,,0.0,false,14.8,234.1801599774157,false
1,29,15:00,62,23:15,33,1,,,0.0,false,14.8,234.63279114295648,false
1,29,15:00,63,23:30,34,1,,,0.0,false,14.8,235.08542230849724,false
1,29,15:00,64,23:45,35,1,,,0.0,false,14.8,235.51580270269557,false
1,29,15:00,65,00:00,36,1,,,0.0,false,14.8,235.96843386823633,false
1,29,15:00,66,00:15,37,1,,,0.0,false,14.8,236.4210650337771,false
1,29,15:00,67,00:30,38,1,,,0.0,false,14.8,236.87369619931783,false
1,29,15:00,68,00:45,39,1,,,0.0,false,14.8,237.3263273648586,false
1,29,15:00,69,01:00,40,1,,,0.0,false,14.8,237.77895853039936,false
1,29,15:00,70,01:15,41,1,,,0.0,false,14.8,238.23158969594013,false
1,29,15:00,71,01:30,42,1,,,0.0,false,14.8,238.6842208614809,false
1,29,15:00,72,01:45,43,1,,,0.0,false,14.8,239.13685202702172,false
1,29,15:00,73,02:00,44,1,,,0.0,false,14.8,239.58948319256248,false
1,29,15:00,74,02:15,45,1,,,0.0,false,14.8,240.04211435810325,false
1,29,15:00,75,02:30,46,1,,,0.0,false,14.8,240.494745523644,false
1,29,15:00,76,02:45,47,1,,,0.0,false,14.8,240.94737668918475,false
1,29,15:00,77,03:00,48,1,,,0.0,false,14.8,241.40000785472552,false
1,29,15:00,78,03:15,49,1,,,0.0,false,14.8,241.85263902026628,false
1,29,15:00,79,03:30,50,1,,,0.0,false,14.8,242.30527018580705,false
1,29,15:00,80,03:45,51,1,,,0.0,false,14.8,242.7579013513478,false
1,29,15:00,81,04:00,52,1,,,0.0,false,14.8,243.21053251688855,false
1,29,15:00,82,04:15,53,1,,,0.0,false,14.8,243.6631636824293,false
1,29,15:00,83,04:30,54,1,,,0.0,false,14.8,244.11579484797008,false
1,29,15:00,84,04:45,55,1,,,0.0,false,14.8,244.56842601351084,false
1,29,15:00,85,05:00,56,1,,,0.0,false,14.8,245.02105717905155,false
1,29,15:00,86,05:15,57,1,,,0.0,false,14.8,245.47368834459232,false
1,29,15:00,87,05:30,58,1,,,0.0,false,14.8,245.92631951013308,false
1,29,15:00,88,05:45,59,1,,,0.0,false,14.8,246.37895067567385,false
1,29,15:00,89,06:00,60,1,,,0.0,false,14.8,246.83158184121461,false
1,29,15:00,90,06:15,61,1,,,0.0,false,14.8,247.28421300675538,false
1,29,15:00,91,06:30,62,1,,,0.0,false,14.8,247.73684417229614,false
1,29,15:00,92,06:45,63,1,,,0.0,false,14.8,248.1894753378369,false
1,29,15:00,93,07:00,64,1,,,0.0,false,14.8,248.64210650337768,false
1,29,15:00,94,07:15,65,1,,,0.0,false,14.8,249.09473766891844,false
1,29,15:00,95,07:30,66,1,,,0.0,false,14.8,249.5473688344592,false
1,29,15:00,96,07:45,67,1,,,0.0,false,14.8,250.0,false
1,30,15:15,30,15:15,0,1,,Loading/Swinging,3.1586,false,6.3419066399865756,243.37763639193932,false
1,30,15:15,31,15:30,1,1,,Loading/Swinging,3.1586,false,5.552256639986576,243.83026755748008,false
1,30,15:15,32,15:45,2,1,,Loading/Swinging,3.1586,false,4.762606639986576,244.28289872302082,false
1,30,15:15,33,16:00,3,1,,Traveling,4.7101,false,3.5850816399865755,244.28289872302082,false
1,30,15:15,34,16:15,4,1,,Charging,0.0,true,4.979300000000001,242.73805843491735,false
1,30,15:15,35,16:30,5,1,,Loading/Swinging,3.1586,false,4.189650000000001,242.73805843491735,false
1,30,15:15,36,16:45,6,1,,Loading/Swinging,3.1586,false,3.4000000000000012,242.73805843491735,false
1,30,15:15,37,17:00,7,1,,Charging,0.0,true,5.300000000000001,240.6327952770226,false
1,30,15:15,38,17:15,8,1,,Charging,0.0,true,7.200000000000001,238.52753211912787,false
1,30,15:15,39,17:30,9,1,,Charging,0.0,true,9.100000000000001,236.42226896123313,false
1,30,15:15,40,17:45,10,1,,Charging,0.0,true,11.0,234.3170058033384,false
1,30,15:15,41,18:00,11,1,,Charging,0.0,true,12.9,232.21174264544365,false
1,30,15:15,42,18:15,12,1,,Charging,0.0,true,14.8,230.1064794875489,false
1,30,15:15,43,18:30,13,1,,,0.0,false,14.8,230.1064794875489,false
1,30,15:15,44,18:45,14,1,,,0.0,false,14.8,230.1064794875489,false
1,30,15:15,45,19:00,15,1,,,0.0,false,14.8,230.1064794875489,false
1,30,15:15,46,19:15,16,1,,,0.0,false,14.8,230.1064794875489,false
1,30,15:15,47,19:30,17,1,,,0.0,false,14.8,230.1064794875489,false
1,30,15:15,48,19:45,18,1,,,0.0,false,14.8,230.1064794875489,false
1,30,15:15,49,20:00,19,1,,,0.0,false,14.8,230.1064794875489,false
1,30,15:15,50,20:15,20,1,,,0.0,false,14.8,230.1064794875489,false
1,30,15:15,51,20:30,21,1,,,0.0,false,14.8,230.1064794875489,false
1,30,15:15,52,20:45,22,1,,,0.0,false,14.8,230.1064794875489,false
1,30,15:15,53,21:00,23,1,,,0.0,false,14.8,230.55911065308968,false
1,30,15:15,54,21:15,24,1,,,0.0,false,14.8,231.01174181863044,false
1,30,15:15,55,21:30,25,1,,,0.0,false,14.8,231.4643729841712,false
1,30,15:15,56,21:45,26,1,,,0.0,false,14.8,231.91700414971197,false
1,30,15:15,57,22:00,27,1,,,0.0,false,14.8,232.36963531525274,false
1,30,15:15,58,22:15,28,1,,,0.0,false,14.8,232.8222664807935,false
1,30,15:15,59,22:30,29,1,,,0.0,false,14.8,233.27489764633427,false
1,30,15:15,60,22:45,30,1,,,0.0,false,14.8,233.727528811875,false
1,30,15:15,61,23:00,31,1,,,0.0,false,14.8,234.18015997741577,false
1,30,15:15,62,23:15,32,1,,,0.0,false,14.8,234.63279114295653,false
1,30,15:15,63,23:30,33,1,,,0.0,false,14.8,235.0854223084973,false
1,30,15:15,64,23:45,34,1,,,0.0,false,14.8,235.51580270269565,false
1,30,15:15,65,00:00,35,1,,,0.0,false,14.8,235.96843386823642,false
1,30,15:15,66,00:15,36,1,,,0.0,false,14.8,236.42106503377718,false
1,30,15:15,67,00:30,37,1,,,0.0,false,14.8,236.87369619931795,false
1,30,15:15,68,00:45,38,1,,,0.0,false,14.8,237.32632736485868,false
1,30,15:15,69,01:00,39,1,,,0.0,false,14.8,237.77895853039945,false
1,30,15:15,70,01:15,40,1,,,0.0,false,14.8,238.23158969594022,false
1,30,15:15,71,01:30,41,1,,,0.0,false,14.8,238.68422086148098,false
1,30,15:15,72,01:45,42,1,,,0.0,false,14.8,239.13685202702175,false
1,30,15:15,73,02:00,43,1,,,0.0,false,14.8,239.58948319256248,false
1,30,15:15,74,02:15,44,1,,,0.0,false,14.8,240.04211435810325,false
1,30,15:15,75,02:30,45,1,,,0.0,false,14.8,240.494745523644,false
1,30,15:15,76,02:45,46,1,,,0.0,false,14.8,240.94737668918478,false
1,30,15:15,77,03:00,47,1,,,0.0,false,14.8,241.40000785472552,false
1,30,15:15,78,03:15,48,1,,,0.0,false,14.8,241.85263902026628,false
1,30,15:15,79,03:30,49,1,,,0.0,false,14.8,242.30527018580705,false
1,30,15:15,80,03:45,50,1,,,0.0,false,14.8,242.7579013513478,false
1,30,15:15,81,04:00,51,1,,,0.0,false,14.8,243.21053251688858,false
1,30,15:15,82,04:15,52,1,,,0.0,false,14.8,243.6631636824293,false
1,30,15:15,83,04:30,53,1,,,0.0,false,14.8,244.11579484797008,false
1,30,15:15,84,04:45,54,1,,,0.0,false,14.8,244.56842601351084,false
1,30,15:15,85,05:00,55,1,,,0.0,false,14.8,245.0210571790516,false
1,30,15:15,86,05:15,56,1,,,0.0,false,14.8,245.47368834459235,false
1,30,15:15,87,05:30,57,1,,,0.0,false,14.8,245.9263195101331,false
1,30,15:15,88,05:45,58,1,,,0.0,false,14.8,246.37895067567388,false
1,30,15:15,89,06:00,59,1,,,0.0,false,14.8,246.83158184121464,false
1,30,15:15,90,06:15,60,1,,,0.0,false,14.8,247.2842130067554,false
1,30,15:15,91,06:30,61,1,,,0.0,false,14.8,247.73684417229617,false
1,30,15:15,92,06:45,62,1,,,0.0,false,14.8,248.18947533783694,false
1,30,15:15,93,07:00,63,1,,,0.0,false,14.8,248.64210650337768,false
1,30,15:15,94,07:15,64,1,,,0.0,false,14.8,249.09473766891844,false
1,30,15:15,95,07:30,65,1,,,0.0,false,14.8,249.5473688344592,false
1,30,15:15,96,07:45,66,1,,,0.0,false,14.8,250.0,false
1,31,15:30,31,15:30,0,1,,Loading/Swinging,3.1586,false,5.550419951141193,243.83026755748008,false
1,31,15:30,32,15:45,1,1,,Loading/Swinging,3.1586,false,4.760769951141193,244.28289872302085,false
1,31,15:30,33,16:00,2,1,,Traveling,4.7101,false,3.583244951141193,244.28289872302085,false
1,31,15:30,34,16:15,3,1,,Charging,0.0,true,4.979300000000001,242.73602332262328,false
1,31,15:30,35,16:30,4,1,,Loading/Swinging,3.1586,false,4.189650000000001,242.73602332262328,false
1,31,15:30,36,16:45,5,1,,Loading/Swinging,3.1586,false,3.4000000000000012,242.73602332262328,false
1,31,15:30,37,17:00,6,1,,Charging,0.0,true,5.300000000000001,240.63076016472854,false
1,31,15:30,38,17:15,7,1,,Charging,0.0,true,7.200000000000001,238.5254970068338,false
1,31,15:30,39,17:30,8,1,,Charging,0.0,true,9.1,236.42023384893906,false
1,31,15:30,40,17:45,9,1,,Charging,0.0,true,11.0,234.31497069104432,false
1,31,15:30,41,18:00,10,1,,Charging,0.0,true,12.9,232.20970753314958,false
1,31,15:30,42,18:15,11,1,,Charging,0.0,true,14.8,230.10444437525484,false
1,31,15:30,43,18:30,12,1,,,0.0,false,14.8,230.10444437525484,false
1,31,15:30,44,18:45,13,1,,,0.0,false,14.8,230.10444437525484,false
1,31,15:30,45,19:00,14,1,,,0.0,false,14.8,230.10444437525484,false
1,31,15:30,46,19:15,15,1,,,0.0,false,14.8,230.10444437525484,false
1,31,15:30,47,19:30,16,1,,,0.0,false,14.8,230.10444437525484,false
1,31,15:30,48,19:45,17,1,,,0.0,false,14.8,230.10444437525484,false
1,31,15:30,49,20:00,18,1,,,0.0,false,14.8,230.10444437525484,false
1,31,15:30,50,20:15,19,1,,,0.0,false,14.8,230.10444437525484,false
1,31,15:30,51,20:30,20,1,,,0.0,false,14.8,230.10444437525484,false
1,31,15:30,52,20:45,21,1,,,0.0,false,14.8,230.10444437525484,false
1,31,15:30,53,21:00,22,1,,,0.0,false,14.8,230.5570755407956,false
1,31,15:30,54,21:15,23,1,,,0.0,false,14.8,231.00970670633637,false
1,31,15:30,55,21:30,24,1,,,0.0,false,14.8,231.46233787187714,false
1,31,15:30,56,21:45,25,1,,,0.0,false,14.8,231.9149690374179,false
1,31,15:30,57,22:00,26,1,,,0.0,false,14.8,232.36760020295867,false
1,31,15:30,58,22:15,27,1,,,0.0,false,14.8,232.82023136849944,false
1,31,15:30,59,22:30,28,1,,,0.0,false,14.8,233.2728625340402,false
1,31,15:30,60,22:45,29,1,,,0.0,false,14.8,233.72549369958097,false
1,31,15:30,61,23:00,30,1,,,0.0,false,14.8,234.17812486512173,false
1,31,15:30,62,23:15,31,1,,,0.0,false,14.8,234.6307560306625,false
1,31,15:30,63,23:30,32,1,,,0.0,false,14.8,235.08338719620326,false
1,31,15:30,64,23:45,33,1,,,0.0,false,14.8,235.51580270269548,false
1,31,15:30,65,00:00,34,1,,,0.0,false,14.8,235.96843386823625,false
1,31,15:30,66,00:15,35,1,,,0.0,false,14.8,236.421065033777,false
1,31,15:30,67,00:30,36,1,,,0.0,false,14.8,236.87369619931778,false
1,31,15:30,68,00:45,37,1,,,0.0,false,14.8,237.32632736485854,false
1,31,15:30,69,01:00,38,1,,,0.0,false,14.8,237.7789585303993,false
1,31,15:30,70,01:15,39,1,,,0.0,false,14.8,238.23158969594007,false
1,31,15:30,71,01:30,40,1,,,0.0,false,14.8,238.68422086148084,false
1,31,15:30,72,01:45,41,1,,,0.0,false,14.8,239.1368520270216,false
1,31,15:30,73,02:00,42,1,,,0.0,false,14.8,239.58948319256237,false
1,31,15:30,74,02:15,43,1,,,0.0,false,14.8,240.04211435810313,false
1,31,15:30,75,02:30,44,1,,,0.0,false,14.8,240.4947455236439,false
1,31,15:30,76,02:45,45,1,,,0.0,false,14.8,240.94737668918467,false
1,31,15:30,77,03:00,46,1,,,0.0,false,14.8,241.40000785472543,false
1,31,15:30,78,03:15,47,1,,,0.0,false,14.8,241.8526390202662,false
1,31,15:30,79,03:30,48,1,,,0.0,false,14.8,242.30527018580696,false
1,31,15:30,80,03:45,49,1,,,0.0,false,14.8,242.75790135134773,false
1,31,15:30,81,04:00,50,1,,,0.0,false,14.8,243.2105325168885,false
1,31,15:30,82,04:15,51,1,,,0.0,false,14.8,243.66316368242926,false
1,31,15:30,83,04:30,52,1,,,0.0,false,14.8,244.11579484797002,false
1,31,15:30,84,04:45,53,1,,,0.0,false,14.8,244.5684260135108,false
1,31,15:30,85,05:00,54,1,,,0.0,false,14.8,245.02105717905155,false
1,31,15:30,86,05:15,55,1,,,0.0,false,14.8,245.47368834459232,false
1,31,15:30,87,05:30,56,1,,,0.0,false,14.8,245.92631951013308,false
1,31,15:30,88,05:45,57,1,,,0.0,false,14.8,246.37895067567385,false
1,31,15:30,89,06:00,58,1,,,0.0,false,14.8,246.83158184121461,false
1,31,15:30,90,06:15,59,1,,,0.0,false,14.8,247.28421300675538,false
1,31,15:30,91,06:30,60,1,,,0.0,false,14.8,247.73684417229614,false
1,31,15:30,92,06:45,61,1,,,0.0,false,14.8,248.1894753378369,false
1,31,15:30,93,07:00,62,1,,,0.0,false,14.8,248.64210650337768,false
1,31,15:30,94,07:15,63,1,,,0.0,false,14.8,249.09473766891844,false
1,31,15:30,95,07:30,64,1,,,0.0,false,14.8,249.5473688344592,false
1,31,15:30,96,07:45,65,1,,,0.0,false,14.8,250.0,false
1,32,15:45,32,15:45,0,1,,Loading/Swinging,3.1586,false,4.784051766995219,244.28289872302085,false
1,32,15:45,33,16:00,1,1,,Traveling,4.7101,false,3.606526766995219,244.28289872302085,false
1,32,15:45,34,16:15,2,1,,Charging,0.0,true,4.979300000000001,242.76182034850032,false
1,32,15:45,35,16:30,3,1,,Loading/Swinging,3.1586,false,4.189650000000001,242.76182034850032,false
1,32,15:45,36,16:45,4,1,,Loading/Swinging,3.1586,false,3.4000000000000012,242.76182034850032,false
1,32,15:45,37,17:00,5,1,,Charging,0.0,true,5.300000000000001,240.65655719060558,false
1,32,15:45,38,17:15,6,1,,Charging,0.0,true,7.200000000000001,238.55129403271084,false
1,32,15:45,39,17:30,7,1,,Charging,0.0,true,9.100000000000001,236.4460308748161,false
1,32,15:45,40,17:45,8,1,,Charging,0.0,true,11.0,234.34076771692136,false
1,32,15:45,41,18:00,9,1,,Charging,0.0,true,12.9,232.23550455902662,false
1,32,15:45,42,18:15,10,1,,Charging,0.0,true,14.8,230.13024140113188,false
1,32,15:45,43,18:30,11,1,,,0.0,false,14.8,230.13024140113188,false
1,32,15:45,44,18:45,12,1,,,0.0,false,14.8,230.13024140113188,false
1,32,15:45,45,19:00,13,1,,,0.0,false,14.8,230.13024140113188,false
1,32,15:45,46,19:15,14,1,,,0.0,false,14.8,230.13024140113188,false
1,32,15:45,47,19:30,15,1,,,0.0,false,14.8,230.13024140113188,false
1,32,15:45,48,19:45,16,1,,,0.0,false,14.8,230.13024140113188,false
1,32,15:45,49,20:00,17,1,,,0.0,false,14.8,230.13024140113188,false
1,32,15:45,50,20:15,18,1,,,0.0,false,14.8,230.13024140113188,false
1,32,15:45,51,20:30,19,1,,,0.0,false,14.8,230.13024140113188,false
1,32,15:45,52,20:45,20,1,,,0.0,false,14.8,230.13024140113188,false
1,32,15:45,53,21:00,21,1,,,0.0,false,14.8,230.58287256667265,false
1,32,15:45,54,21:15,22,1,,,0.0,false,14.8,231.0355037322134,false
1,32,15:45,55,21:30,23,1,,,0.0,false,14.8,231.48813489775418,false
1,32,15:45,56,21:45,24,1,,,0.0,false,14.8,231.94076606329494,false
1,32,15:45,57,22:00,25,1,,,0.0,false,14.8,232.3933972288357,false
1,32,15:45,58,22:15,26,1,,,0.0,false,14.8,232.84602839437648,false
1,32,15:45,59,22:30,27,1,,,0.0,false,14.8,233.29865955991724,false
1,32,15:45,60,22:45,28,1,,,0.0,false,14.8,233.751290725458,false
1,32,15:45,61,23:00,29,1,,,0.0,false,14.8,234.20392189099877,false
1,32,15:45,62,23:15,30,1,,,0.0,false,14.8,234.65655305653954,false
1,32,15:45,63,23:30,31,1,,,0.0,false,14.8,235.1091842220803,false
1,32,15:45,64,23:45,32,1,,,0.0,false,14.8,235.51580270269548,false
1,32,15:45,65,00:00,33,1,,,0.0,false,14.8,235.96843386823625,false
1,32,15:45,66,00:15,34,1,,,0.0,false,14.8,236.421065033777,false
1,32,15:45,67,00:30,35,1,,,0.0,false,14.8,236.87369619931778,false
1,32,15:45,68,00:45,36,1,,,0.0,false,14.8,237.32632736485854,false
1,32,15:45,69,01:00,37,1,,,0.0,false,14.8,237.7789585303993,false
1,32,15:45,70,01:15,38,1,,,0.0,false,14.8,238.23158969594007,false
1,32,15:45,71,01:30,39,1,,,0.0,false,14.8,238.68422086148084,false
1,32,15:45,72,01:45,40,1,,,0.0,false,14.8,239.1368520270216,false
1,32,15:45,73,02:00,41,1,,,0.0,false,14.8,239.58948319256237,false
1,32,15:45,74,02:15,42,1,,,0.0,false,14.8,240.04211435810313,false
1,32,15:45,75,02:30,43,1,,,0.0,false,14.8,240.4947455236439,false
1,32,15:45,76,02:45,44,1,,,0.0,false,14.8,240.94737668918467,false
1,32,15:45,77,03:00,45,1,,,0.0,false,14.8,241.40000785472543,false
1,32,15:45,78,03:15,46,1,,,0.0,false,14.8,241.8526390202662,false
1,32,15:45,79,03:30,47,1,,,0.0,false,14.8,242.30527018580696,false
1,32,15:45,80,03:45,48,1,,,0.0,false,14.8,242.75790135134773,false
1,32,15:45,81,04:00,49,1,,,0.0,false,14.8,243.2105325168885,false
1,32,15:45,82,04:15,50,1,,,0.0,false,14.8,243.66316368242926,false
1,32,15:45,83,04:30,51,1,,,0.0,false,14.8,244.11579484797002,false
1,32,15:45,84,04:45,52,1,,,0.0,false,14.8,244.5684260135108,false
1,32,15:45,85,05:00,53,1,,,0.0,false,14.8,245.02105717905155,false
1,32,15:45,86,05:15,54,1,,,0.0,false,14.8,245.47368834459232,false
1,32,15:45,87,05:30,55,1,,,0.0,false,14.8,245.92631951013308,false
1,32,15:45,88,05:45,56,1,,,0.0,false,14.8,246.37895067567385,false
1,32,15:45,89,06:00,57,1,,,0.0,false,14.8,246.83158184121461,false
1,32,15:45,90,06:15,58,1,,,0.0,false,14.8,247.28421300675538,false
1,32,15:45,91,06:30,59,1,,,0.0,false,14.8,247.73684417229614,false
1,32,15:45,92,06:45,60,1,,,0.0,false,14.8,248.1894753378369,false
1,32,15:45,93,07:00,61,1,,,0.0,false,14.8,248.64210650337768,false
1,32,15:45,94,07:15,62,1,,,0.0,false,14.8,249.09473766891844,false
1,32,15:45,95,07:30,63,1,,,0.0,false,14.8,249.5473688344592,false
1,32,15:45,96,07:45,64,1,,,0.0,false,14.8,250.0,false
1,33,16:00,33,16:00,0,1,,Traveling,4.7101,false,3.635474907789935,244.28289872302085,false
1,33,16:00,34,16:15,1,1,,Charging,0.0,true,4.9793,242.79389585076592,false
1,33,16:00,35,16:30,2,1,,Loading/Swinging,3.1586,false,4.18965,242.79389585076592,false
1,33,16:00,36,16:45,3,1,,Loading/Swinging,3.1586,false,3.4000000000000004,242.79389585076592,false
1,33,16:00,37,17:00,4,1,,Charging,0.0,true,5.300000000000001,240.68863269287118,false
1,33,16:00,38,17:15,5,1,,Charging,0.0,true,7.2,238.58336953497644,false
1,33,16:00,39,17:30,6,1,,Charging,0.0,true,9.1,236.4781063770817,false
1,33,16:00,40,17:45,7,1,,Charging,0.0,true,11.0,234.37284321918696,false
1,33,16:00,41,18:00,8,1,,Charging,0.0,true,12.9,232.26758006129222,false
1,33,16:00,42,18:15,9,1,,Charging,0.0,true,14.8,230.16231690339748,false
1,33,16:00,43,18:30,10,1,,,0.0,false,14.8,230.16231690339748,false
1,33,16:00,44,18:45,11,1,,,0.0,false,14.8,230.16231690339748,false
1,33,16:00,45,19:00,12,1,,,0.0,false,14.8,230.16231690339748,false
1,33,16:00,46,19:15,13,1,,,0.0,false,14.8,230.16231690339748,false
1,33,16:00,47,19:30,14,1,,,0.0,false,14.8,230.16231690339748,false
1,33,16:00,48,19:45,15,1,,,0.0,false,14.8,230.16231690339748,false
1,33,16:00,49,20:00,16,1,,,0.0,false,14.8,230.16231690339748,false
1,33,16:00,50,20:15,17,1,,,0.0,false,14.8,230.16231690339748,false
1,33,16:00,51,20:30,18,1,,,0.0,false,14.8,230.16231690339748,false
1,33,16:00,52,20:45,19,1,,,0.0,false,14.8,230.16231690339748,false
1,33,16:00,53,21:00,20,1,,,0.0,false,14.8,230.61494806893825,false
1,33,16:00,54,21:15,21,1,,,0.0,false,14.8,231.067579234479,false
1,33,16:00,55,21:30,22,1,,,0.0,false,14.8,231.52021040001978,false
1,33,16:00,56,21:45,23,1,,,0.0,false,14.8,231.97284156556054,false
1,33,16:00,57,22:00,24,1,,,0.0,false,14.8,232.4254727311013,false
1,33,16:00,58,22:15,25,1,,,0.0,false,14.8,232.87810389664207,false
1,33,16:00,59,22:30,26,1,,,0.0,false,14.8,233.33073506218284,false
1,33,16:00,60,22:45,27,1,,,0.0,false,14.8,233.7833662277236,false
1,33,16:00,61,23:00,28,1,,,0.0,false,14.8,234.23599739326437,false
1,33,16:00,62,23:15,29,1,,,0.0,false,14.8,234.68862855880514,false
1,33,16:00,63,23:30,30,1,,,0.0,false,14.8,235.1412597243459,false
1,33,16:00,64,23:45,31,1,,,0.0,false,14.8,235.51580270269548,false
1,33,16:00,65,00:00,32,1,,,0.0,false,14.8,235.96843386823625,false
1,33,16:00,66,00:15,33,1,,,0.0,false,14.8,236.421065033777,false
1,33,16:00,67,00:30,34,1,,,0.0,false,14.8,236.87369619931778,false
1,33,16:00,68,00:45,35,1,,,0.0,false,14.8,237.32632736485854,false
1,33,16:00,69,01:00,36,1,,,0.0,false,14.8,237.7789585303993,false
1,33,16:00,70,01:15,37,1,,,0.0,false,14.8,238.23158969594007,false
1,33,16:00,71,01:30,38,1,,,0.0,false,14.8,238.68422086148084,false
1,33,16:00,72,01:45,39,1,,,0.0,false,14.8,239.1368520270216,false
1,33,16:00,73,02:00,40,1,,,0.0,false,14.8,239.58948319256237,false
1,33,16:00,74,02:15,41,1,,,0.0,false,14.8,240.04211435810313,false
1,33,16:00,75,02:30,42,1,,,0.0,false,14.8,240.4947455236439,false
1,33,16:00,76,02:45,43,1,,,0.0,false,14.8,240.94737668918467,false
1,33,16:00,77,03:00,44,1,,,0.0,false,14.8,241.40000785472543,false
1,33,16:00,78,03:15,45,1,,,0.0,false,14.8,241.8526390202662,false
1,33,16:00,79,03:30,46,1,,,0.0,false,14.8,242.30527018580696,false
1,33,16:00,80,03:45,47,1,,,0.0,false,14.8,242.75790135134773,false
1,33,16:00,81,04:00,48,1,,,0.0,false,14.8,243.2105325168885,false
1,33,16:00,82,04:15,49,1,,,0.0,false,14.8,243.66316368242926,false
1,33,16:00,83,04:30,50,1,,,0.0,false,14.8,244.11579484797002,false
1,33,16:00,84,04:45,51,1,,,0.0,false,14.8,244.5684260135108,false
1,33,16:00,85,05:00,52,1,,,0.0,false,14.8,245.02105717905155,false
1,33,16:00,86,05:15,53,1,,,0.0,false,14.8,245.47368834459232,false
1,33,16:00,87,05:30,54,1,,,0.0,false,14.8,245.92631951013308,false
1,33,16:00,88,05:45,55,1,,,0.0,false,14.8,246.37895067567385,false
1,33,16:00,89,06:00,56,1,,,0.0,false,14.8,246.83158184121461,false
1,33,16:00,90,06:15,57,1,,,0.0,false,14.8,247.28421300675538,false
1,33,16:00,91,06:30,58,1,,,0.0,false,14.8,247.73684417229614,false
1,33,16:00,92,06:45,59,1,,,0.0,false,14.8,248.1894753378369,false
1,33,16:00,93,07:00,60,1,,,0.0,false,14.8,248.64210650337768,false
1,33,16:00,94,07:15,61,1,,,0.0,false,14.8,249.09473766891844,false
1,33,16:00,95,07:30,62,1,,,0.0,false,14.8,249.5473688344592,false
1,33,16:00,96,07:45,63,1,,,0.0,false,14.8,250.0,false
1,34,16:15,34,16:15,0,1,,Charging,0.0,true,4.9793,242.7989438853834,false
1,34,16:15,35,16:30,1,1,,Loading/Swinging,3.1586,false,4.18965,242.7989438853834,false
1,34,16:15,36,16:45,2,1,,Loading/Swinging,3.1586,false,3.4000000000000004,242.7989438853834,false
1,34,16:15,37,17:00,3,1,,Charging,0.0,true,5.300000000000001,240.69368072748867,false
1,34,16:15,38,17:15,4,1,,Charging,0.0,true,7.2,238.58841756959393,false
1,34,16:15,39,17:30,5,1,,Charging,0.0,true,9.1,236.4831544116992,false
1,34,16:15,40,17:45,6,1,,Charging,0.0,true,11.0,234.37789125380445,false
1,34,16:15,41,18:00,7,1,,Charging,0.0,true,12.9,232.2726280959097,false
1,34,16:15,42,18:15,8,1,,Charging,0.0,true,14.8,230.16736493801497,false
1,34,16:15,43,18:30,9,1,,,0.0,false,14.8,230.16736493801497,false
1,34,16:15,44,18:45,10,1,,,0.0,false,14.8,230.16736493801497,false
1,34,16:15,45,19:00,11,1,,,0.0,false,14.8,230.16736493801497,false
1,34,16:15,46,19:15,12,1,,,0.0,false,14.8,230.16736493801497,false
1,34,16:15,47,19:30,13,1,,,0.0,false,14.8,230.16736493801497,false
1,34,16:15,48,19:45,14,1,,,0.0,false,14.8,230.16736493801497,false
1,34,16:15,49,20:00,15,1,,,0.0,false,14.8,230.16736493801497,false
1,34,16:15,50,20:15,16,1,,,0.0,false,14.8,230.16736493801497,false
1,34,16:15,51,20:30,17,1,,,0.0,false,14.8,230.16736493801497,false
1,34,16:15,52,20:45,18,1,,,0.0,false,14.8,230.16736493801497,false
1,34,16:15,53,21:00,19,1,,,0.0,false,14.8,230.61999610355574,false
1,34,16:15,54,21:15,20,1,,,0.0,false,14.8,231.0726272690965,false
1,34,16:15,55,21:30,21,1,,,0.0,false,14.8,231.52525843463727,false
1,34,16:15,56,21:45,22,1,,,0.0,false,14.8,231.97788960017803,false
1,34,16:15,57,22:00,23,1,,,0.0,false,14.8,232.4305207657188,false
1,34,16:15,58,22:15,24,1,,,0.0,false,14.8,232.88315193125956,false
1,34,16:15,59,22:30,25,1,,,0.0,false,14.8,233.33578309680033,false
1,34,16:15,60,22:45,26,1,,,0.0,false,14.8,233.7884142623411,false
1,34,16:15,61,23:00,27,1,,,0.0,false,14.8,234.24104542788186,false
1,34,16:15,62,23:15,28,1,,,0.0,false,14.8,234.69367659342262,false
1,34,16:15,63,23:30,29,1,,,0.0,false,14.8,235.1463077589634,false
1,34,16:15,64,23:45,30,1,,,0.0,false,14.8,235.51580270269548,false
1,34,16:15,65,00:00,31,1,,,0.0,false,14.8,235.96843386823625,false
1,34,16:15,66,00:15,32,1,,,0.0,false,14.8,236.421065033777,false
1,34,16:15,67,00:30,33,1,,,0.0,false,14.8,236.87369619931778,false
1,34,16:15,68,00:45,34,1,,,0.0,false,14.8,237.32632736485854,false
1,34,16:15,69,01:00,35,1,,,0.0,false,14.8,237.7789585303993,false
1,34,16:15,70,01:15,36,1,,,0.0,false,14.8,238.23158969594007,false
1,34,16:15,71,01:30,37,1,,,0.0,false,14.8,238.68422086148084,false
1,34,16:15,72,01:45,38,1,,,0.0,false,14.8,239.1368520270216,false
1,34,16:15,73,02:00,39,1,,,0.0,false,14.8,239.58948319256237,false
1,34,16:15,74,02:15,40,1,,,0.0,false,14.8,240.04211435810313,false
1,34,16:15,75,02:30,41,1,,,0.0,false,14.8,240.4947455236439,false
1,34,16:15,76,02:45,42,1,,,0.0,false,14.8,240.94737668918467,false
1,34,16:15,77,03:00,43,1,,,0.0,false,14.8,241.40000785472543,false
1,34,16:15,78,03:15,44,1,,,0.0,false,14.8,241.8526390202662,false
1,34,16:15,79,03:30,45,1,,,0.0,false,14.8,242.30527018580696,false
1,34,16:15,80,03:45,46,1,,,0.0,false,14.8,242.75790135134773,false
1,34,16:15,81,04:00,47,1,,,0.0,false,14.8,243.2105325168885,false
1,34,16:15,82,04:15,48,1,,,0.0,false,14.8,243.66316368242926,false
1,34,16:15,83,04:30,49,1,,,0.0,false,14.8,244.11579484797002,false
1,34,16:15,84,04:45,50,1,,,0.0,false,14.8,244.5684260135108,false
1,34,16:15,85,05:00,51,1,,,0.0,false,14.8,245.02105717905155,false
1,34,16:15,86,05:15,52,1,,,0.0,false,14.8,245.47368834459232,false
1,34,16:15,87,05:30,53,1,,,0.0,false,14.8,245.92631951013308,false
1,34,16:15,88,05:45,54,1,,,0.0,false,14.8,246.37895067567385,false
1,34,16:15,89,06:00,55,1,,,0.0,false,14.8,246.83158184121461,false
1,34,16:15,90,06:15,56,1,,,0.0,false,14.8,247.28421300675538,false
1,34,16:15,91,06:30,57,1,,,0.0,false,14.8,247.73684417229614,false
1,34,16:15,92,06:45,58,1,,,0.0,false,14.8,248.1894753378369,false
1,34,16:15,93,07:00,59,1,,,0.0,false,14.8,248.64210650337768,false
1,34,16:15,94,07:15,60,1,,,0.0,false,14.8,249.09473766891844,false
1,34,16:15,95,07:30,61,1,,,0.0,false,14.8,249.5473688344592,false
1,34,16:15,96,07:45,62,1,,,0.0,false,14.8,250.0,false
1,35,16:30,35,16:30,0,1,,Loading/Swinging,3.1586,false,4.260137854787779,242.7989438853834,false
1,35,16:30,36,16:45,1,1,,Loading/Swinging,3.1586,false,3.4704878547877787,242.7989438853834,false
1,35,16:30,37,17:00,2,1,,Charging,0.0,true,5.300000000000001,240.77178361368013,false
1,35,16:30,38,17:15,3,1,,Charging,0.0,true,7.199999999999999,238.6665204557854,false
1,35,16:30,39,17:30,4,1,,Charging,0.0,true,9.1,236.56125729789065,false
1,35,16:30,40,17:45,5,1,,Charging,0.0,true,11.0,234.4559941399959,false
1,35,16:30,41,18:00,6,1,,Charging,0.0,true,12.9,232.35073098210117,false
1,35,16:30,42,18:15,7,1,,Charging,0.0,true,14.8,230.24546782420643,false
1,35,16:30,43,18:30,8,1,,,0.0,false,14.8,230.24546782420643,false
1,35,16:30,44,18:45,9,1,,,0.0,false,14.8,230.24546782420643,false
1,35,16:30,45,19:00,10,1,,,0.0,false,14.8,230.24546782420643,false
1,35,16:30,46,19:15,11,1,,,0.0,false,14.8,230.24546782420643,false
1,35,16:30,47,19:30,12,1,,,0.0,false,14.8,230.24546782420643,false
1,35,16:30,48,19:45,13,1,,,0.0,false,14.8,230.24546782420643,false
1,35,16:30,49,20:00,14,1,,,0.0,false,14.8,230.24546782420643,false
1,35,16:30,50,20:15,15,1,,,0.0,false,14.8,230.24546782420643,false
1,35,16:30,51,20:30,16,1,,,0.0,false,14.8,230.24546782420643,false
1,35,16:30,52,20:45,17,1,,,0.0,false,14.8,230.24546782420643,false
1,35,16:30,53,21:00,18,1,,,0.0,false,14.8,230.6980989897472,false
1,35,16:30,54,21:15,19,1,,,0.0,false,14.8,231.15073015528796,false
1,35,16:30,55,21:30,20,1,,,0.0,false,14.8,231.60336132082872,false
1,35,16:30,56,21:45,21,1,,,0.0,false,14.8,232.0559924863695,false
1,35,16:30,57,22:00,22,1,,,0.0,false,14.8,232.50862365191026,false
1,35,16:30,58,22:15,23,1,,,0.0,false,14.8,232.96125481745102,false
1,35,16:30,59,22:30,24,1,,,0.0,false,14.8,233.4138859829918,false
1,35,16:30,60,22:45,25,1,,,0.0,false,14.8,233.86651714853255,false
1,35,16:30,61,23:00,26,1,,,0.0,false,14.8,234.31914831407332,false
1,35,16:30,62,23:15,27,1,,,0.0,false,14.8,234.77177947961408,false
1,35,16:30,63,23:30,28,1,,,0.0,false,14.8,235.22441064515485,false
1,35,16:30,64,23:45,29,1,,,0.0,false,14.8,235.51580270269548,false
1,35,16:30,65,00:00,30,1,,,0.0,false,14.8,235.96843386823625,false
1,35,16:30,66,00:15,31,1,,,0.0,false,14.8,236.421065033777,false
1,35,16:30,67,00:30,32,1,,,0.0,false,14.8,236.87369619931778,false
1,35,16:30,68,00:45,33,1,,,0.0,false,14.8,237.32632736485854,false
1,35,16:30,69,01:00,34,1,,,0.0,false,14.8,237.7789585303993,false
1,35,16:30,70,01:15,35,1,,,0.0,false,14.8,238.23158969594007,false
1,35,16:30,71,01:30,36,1,,,0.0,false,14.8,238.68422086148084,false
1,35,16:30,72,01:45,37,1,,,0.0,false,14.8,239.1368520270216,false
1,35,16:30,73,02:00,38,1,,,0.0,false,14.8,239.58948319256237,false
1,35,16:30,74,02:15,39,1,,,0.0,false,14.8,240.04211435810313,false
1,35,16:30,75,02:30,40,1,,,0.0,false,14.8,240.4947455236439,false
1,35,16:30,76,02:45,41,1,,,0.0,false,14.8,240.94737668918467,false
1,35,16:30,77,03:00,42,1,,,0.0,false,14.8,241.40000785472543,false
1,35,16:30,78,03:15,43,1,,,0.0,false,14.8,241.8526390202662,false
1,35,16:30,79,03:30,44,1,,,0.0,false,14.8,242.30527018580696,false
1,35,16:30,80,03:45,45,1,,,0.0,false,14.8,242.75790135134773,false
1,35,16:30,81,04:00,46,1,,,0.0,false,14.8,243.2105325168885,false
1,35,16:30,82,04:15,47,1,,,0.0,false,14.8,243.66316368242926,false
1,35,16:30,83,04:30,48,1,,,0.0,false,14.8,244.11579484797002,false
1,35,16:30,84,04:45,49,1,,,0.0,false,14.8,244.5684260135108,false
1,35,16:30,85,05:00,50,1,,,0.0,false,14.8,245.02105717905155,false
1,35,16:30,86,05:15,51,1,,,0.0,false,14.8,245.47368834459232,false
1,35,16:30,87,05:30,52,1,,,0.0,false,14.8,245.92631951013308,false
1,35,16:30,88,05:45,53,1,,,0.0,false,14.8,246.37895067567385,false
1,35,16:30,89,06:00,54,1,,,0.0,false,14.8,246.83158184121461,false
1,35,16:30,90,06:15,55,1,,,0.0,false,14.8,247.28421300675538,false
1,35,16:30,91,06:30,56,1,,,0.0,false,14.8,247.73684417229614,false
1,35,16:30,92,06:45,57,1,,,0.0,false,14.8,248.1894753378369,false
1,35,16:30,93,07:00,58,1,,,0.0,false,14.8,248.64210650337768,false
1,35,16:30,94,07:15,59,1,,,0.0,false,14.8,249.09473766891844,false
1,35,16:30,95,07:30,60,1,,,0.0,false,14.8,249.5473688344592,false
1,35,16:30,96,07:45,61,1,,,0.0,false,14.8,250.0,false
1,36,16:45,36,16:45,0,1,,Loading/Swinging,3.1586,false,3.459532469779056,242.7989438853834,false
1,36,16:45,37,17:00,1,1,,Charging,0.0,true,5.300000000000001,240.75964468292253,false
1,36,16:45,38,17:15,2,1,,Charging,0.0,true,7.199999999999999,238.6543815250278,false
1,36,16:45,39,17:30,3,1,,Charging,0.0,true,9.1,236.54911836713305,false
1,36,16:45,40,17:45,4,1,,Charging,0.0,true,10.999999999999998,234.4438552092383,false
1,36,16:45,41,18:00,5,1,,Charging,0.0,true,12.899999999999999,232.33859205134357,false
1,36,16:45,42,18:15,6,1,,Charging,0.0,true,14.8,230.23332889344883,false
1,36,16:45,43,18:30,7,1,,,0.0,false,14.8,230.23332889344883,false
1,36,16:45,44,18:45,8,1,,,0.0,false,14.8,230.23332889344883,false
1,36,16:45,45,19:00,9,1,,,0.0,false,14.8,230.23332889344883,false
1,36,16:45,46,19:15,10,1,,,0.0,false,14.8,230.23332889344883,false
1,36,16:45,47,19:30,11,1,,,0.0,false,14.8,230.23332889344883,false
1,36,16:45,48,19:45,12,1,,,0.0,false,14.8,230.23332889344883,false
1,36,16:45,49,20:00,13,1,,,0.0,false,14.8,230.23332889344883,false
1,36,16:45,50,20:15,14,1,,,0.0,false,14.8,230.23332889344883,false
1,36,16:45,51,20:30,15,1,,,0.0,false,14.8,230.23332889344883,false
1,36,16:45,52,20:45,16,1,,,0.0,false,14.8,230.23332889344883,false
1,36,16:45,53,21:00,17,1,,,0.0,false,14.8,230.6859600589896,false
1,36,16:45,54,21:15,18,1,,,0.0,false,14.8,231.13859122453036,false
1,36,16:45,55,21:30,19,1,,,0.0,false,14.8,231.59122239007112,false
1,36,16:45,56,21:45,20,1,,,0.0,false,14.8,232.0438535556119,false
1,36,16:45,57,22:00,21,1,,,0.0,false,14.8,232.49648472115265,false
1,36,16:45,58,22:15,22,1,,,0.0,false,14.8,232.94911588669342,false
1,36,16:45,59,22:30,23,1,,,0.0,false,14.8,233.40174705223419,false
1,36,16:45,60,22:45,24,1,,,0.0,false,14.8,233.85437821777495,false
1,36,16:45,61,23:00,25,1,,,0.0,false,14.8,234.30700938331572,false
1,36,16:45,62,23:15,26,1,,,0.0,false,14.8,234.75964054885648,false
1,36,16:45,63,23:30,27,1,,,0.0,false,14.8,235.21227171439725,false
1,36,16:45,64,23:45,28,1,,,0.0,false,14.8,235.51580270269548,false
1,36,16:45,65,00:00,29,1,,,0.0,false,14.8,235.96843386823625,false
1,36,16:45,66,00:15,30,1,,,0.0,false,14.8,236.421065033777,false
1,36,16:45,67,00:30,31,1,,,0.0,false,14.8,236.87369619931778,false
1,36,16:45,68,00:45,32,1,,,0.0,false,14.8,237.32632736485854,false
1,36,16:45,69,01:00,33,1,,,0.0,false,14.8,237.7789585303993,false
1,36,16:45,70,01:15,34,1,,,0.0,false,14.8,238.23158969594007,false
1,36,16:45,71,01:30,35,1,,,0.0,false,14.8,238.68422086148084,false
1,36,16:45,72,01:45,36,1,,,0.0,false,14.8,239.1368520270216,false
1,36,16:45,73,02:00,37,1,,,0.0,false,14.8,239.58948319256237,false
1,36,16:45,74,02:15,38,1,,,0.0,false,14.8,240.04211435810313,false
1,36,16:45,75,02:30,39,1,,,0.0,false,14.8,240.4947455236439,false
1,36,16:45,76,02:45,40,1,,,0.0,false,14.8,240.94737668918467,false
1,36,16:45,77,03:00,41,1,,,0.0,false,14.8,241.40000785472543,false
1,36,16:45,78,03:15,42,1,,,0.0,false,14.8,241.8526390202662,false
1,36,16:45,79,03:30,43,1,,,0.0,false,14.8,242.30527018580696,false
1,36,16:45,80,03:45,44,1,,,0.0,false,14.8,242.75790135134773,false
1,36,16:45,81,04:00,45,1,,,0.0,false,14.8,243.2105325168885,false
1,36,16:45,82,04:15,46,1,,,0.0,false,14.8,243.66316368242926,false
1,36,16:45,83,04:30,47,1,,,0.0,false,14.8,244.11579484797002,false
1,36,16:45,84,04:45,48,1,,,0.0,false,14.8,244.5684260135108,false
1,36,16:45,85,05:00,49,1,,,0.0,false,14.8,245.02105717905155,false
1,36,16:45,86,05:15,50,1,,,0.0,false,14.8,245.47368834459232,false
1,36,16:45,87,05:30,51,1,,,0.0,false,14.8,245.92631951013308,false
1,36,16:45,88,05:45,52,1,,,0.0,false,14.8,246.37895067567385,false
1,36,16:45,89,06:00,53,1,,,0.0,false,14.8,246.83158184121461,false
1,36,16:45,90,06:15,54,1,,,0.0,false,14.8,247.28421300675538,false
1,36,16:45,91,06:30,55,1,,,0.0,false,14.8,247.73684417229614,false
1,36,16:45,92,06:45,56,1,,,0.0,false,14.8,248.1894753378369,false
1,36,16:45,93,07:00,57,1,,,0.0,false,14.8,248.64210650337768,false
1,36,16:45,94,07:15,58,1,,,0.0,false,14.8,249.09473766891844,false
1,36,16:45,95,07:30,59,1,,,0.0,false,14.8,249.5473688344592,false
1,36,16:45,96,07:45,60,1,,,0.0,false,14.8,250.0,false
1,37,17:00,37,17:00,0,1,,Charging,0.0,true,5.300000000000001,240.7649032735455,false
1,37,17:00,38,17:15,1,1,,Charging,0.0,true,7.199999999999999,238.65964011565077,false
1,37,17:00,39,17:30,2,1,,Charging,0.0,true,9.1,236.55437695775603,false
1,37,17:00,40,17:45,3,1,,Charging,0.0,true,11.0,234.4491137998613,false
1,37,17:00,41,18:00,4,1,,Charging,0.0,true,12.9,232.34385064196655,false
1,37,17:00,42,18:15,5,1,,Charging,0.0,true,14.8,230.23858748407181,false
1,37,17:00,43,18:30,6,1,,,0.0,false,14.8,230.23858748407181,false
1,37,17:00,44,18:45,7,1,,,0.0,false,14.8,230.23858748407181,false
1,37,17:00,45,19:00,8,1,,,0.0,false,14.8,230.23858748407181,false
1,37,17:00,46,19:15,9,1,,,0.0,false,14.8,230.23858748407181,false
1,37,17:00,47,19:30,10,1,,,0.0,false,14.8,230.23858748407181,false
1,37,17:00,48,19:45,11,1,,,0.0,false,14.8,230.23858748407181,false
1,37,17:00,49,20:00,12,1,,,0.0,false,14.8,230.23858748407181,false
1,37,17:00,50,20:15,13,1,,,0.0,false,14.8,230.23858748407181,false
1,37,17:00,51,20:30,14,1,,,0.0,false,14.8,230.23858748407181,false
1,37,17:00,52,20:45,15,1,,,0.0,false,14.8,230.23858748407181,false
1,37,17:00,53,21:00,16,1,,,0.0,false,14.8,230.69121864961258,false
1,37,17:00,54,21:15,17,1,,,0.0,false,14.8,231.14384981515335,false
1,37,17:00,55,21:30,18,1,,,0.0,false,14.8,231.5964809806941,false
1,37,17:00,56,21:45,19,1,,,0.0,false,14.8,232.04911214623488,false
1,37,17:00,57,22:00,20,1,,,0.0,false,14.8,232.50174331177564,false
1,37,17:00,58,22:15,21,1,,,0.0,false,14.8,232.9543744773164,false
1,37,17:00,59,22:30,22,1,,,0.0,false,14.8,233.40700564285717,false
1,37,17:00,60,22:45,23,1,,,0.0,false,14.8,233.85963680839794,false
1,37,17:00,61,23:00,24,1,,,0.0,false,14.8,234.3122679739387,false
1,37,17:00,62,23:15,25,1,,,0.0,false,14.8,234.76489913947947,false
1,37,17:00,63,23:30,26,1,,,0.0,false,14.8,235.21753030502023,false
1,37,17:00,64,23:45,27,1,,,0.0,false,14.8,235.51580270269562,false
1,37,17:00,65,00:00,28,1,,,0.0,false,14.8,235.9684338682364,false
1,37,17:00,66,00:15,29,1,,,0.0,false,14.8,236.42106503377715,false
1,37,17:00,67,00:30,30,1,,,0.0,false,14.8,236.87369619931792,false
1,37,17:00,68,00:45,31,1,,,0.0,false,14.8,237.32632736485868,false
1,37,17:00,69,01:00,32,1,,,0.0,false,14.8,237.77895853039945,false
1,37,17:00,70,01:15,33,1,,,0.0,false,14.8,238.2315896959402,false
1,37,17:00,71,01:30,34,1,,,0.0,false,14.8,238.68422086148095,false
1,37,17:00,72,01:45,35,1,,,0.0,false,14.8,239.13685202702172,false
1,37,17:00,73,02:00,36,1,,,0.0,false,14.8,239.58948319256248,false
1,37,17:00,74,02:15,37,1,,,0.0,false,14.8,240.04211435810325,false
1,37,17:00,75,02:30,38,1,,,0.0,false,14.8,240.49474552364399,false
1,37,17:00,76,02:45,39,1,,,0.0,false,14.8,240.94737668918475,false
1,37,17:00,77,03:00,40,1,,,0.0,false,14.8,241.40000785472552,false
1,37,17:00,78,03:15,41,1,,,0.0,false,14.8,241.85263902026628,false
1,37,17:00,79,03:30,42,1,,,0.0,false,14.8,242.30527018580702,false
1,37,17:00,80,03:45,43,1,,,0.0,false,14.8,242.75790135134778,false
1,37,17:00,81,04:00,44,1,,,0.0,false,14.8,243.21053251688855,false
1,37,17:00,82,04:15,45,1,,,0.0,false,14.8,243.6631636824293,false
1,37,17:00,83,04:30,46,1,,,0.0,false,14.8,244.11579484797008,false
1,37,17:00,84,04:45,47,1,,,0.0,false,14.8,244.56842601351082,false
1,37,17:00,85,05:00,48,1,,,0.0,false,14.8,245.02105717905158,false
1,37,17:00,86,05:15,49,1,,,0.0,false,14.8,245.47368834459235,false
1,37,17:00,87,05:30,50,1,,,0.0,false,14.8,245.9263195101331,false
1,37,17:00,88,05:45,51,1,,,0.0,false,14.8,246.37895067567388,false
1,37,17:00,89,06:00,52,1,,,0.0,false,14.8,246.83158184121464,false
1,37,17:00,90,06:15,53,1,,,0.0,false,14.8,247.28421300675538,false
1,37,17:00,91,06:30,54,1,,,0.0,false,14.8,247.73684417229614,false
1,37,17:00,92,06:45,55,1,,,0.0,false,14.8,248.1894753378369,false
1,37,17:00,93,07:00,56,1,,,0.0,false,14.8,248.64210650337768,false
1,37,17:00,94,07:15,57,1,,,0.0,false,14.8,249.09473766891844,false
1,37,17:00,95,07:30,58,1,,,0.0,false,14.8,249.5473688344592,false
1,37,17:00,96,07:45,59,1,,,0.0,false,14.8,250.0,false
1,38,17:15,38,17:15,0,1,,Charging,0.0,true,7.200000000000001,238.76669488469489,false
1,38,17:15,39,17:30,1,1,,Charging,0.0,true,9.100000000000001,236.66143172680015,false
1,38,17:15,40,17:45,2,1,,Charging,0.0,true,11.000000000000002,234.5561685689054,false
1,38,17:15,41,18:00,3,1,,Charging,0.0,true,12.900000000000002,232.45090541101067,false
1,38,17:15,42,18:15,4,1,,Charging,0.0,true,14.800000000000002,230.34564225311593,false
1,38,17:15,43,18:30,5,1,,,0.0,false,14.800000000000002,230.34564225311593,false
1,38,17:15,44,18:45,6,1,,,0.0,false,14.8,230.34564225311593,false
1,38,17:15,45,19:00,7,1,,,0.0,false,14.8,230.34564225311593,false
1,38,17:15,46,19:15,8,1,,,0.0,false,14.8,230.34564225311593,false
1,38,17:15,47,19:30,9,1,,,0.0,false,14.8,230.34564225311593,false
1,38,17:15,48,19:45,10,1,,,0.0,false,14.8,230.34564225311593,false
1,38,17:15,49,20:00,11,1,,,0.0,false,14.8,230.34564225311593,false
1,38,17:15,50,20:15,12,1,,,0.0,false,14.8,230.34564225311593,false
1,38,17:15,51,20:30,13,1,,,0.0,false,14.8,230.34564225311593,false
1,38,17:15,52,20:45,14,1,,,0.0,false,14.8,230.34564225311593,false
1,38,17:15,53,21:00,15,1,,,0.0,false,14.8,230.7982734186567,false
1,38,17:15,54,21:15,16,1,,,0.0,false,14.8,231.25090458419746,false
1,38,17:15,55,21:30,17,1,,,0.0,false,14.8,231.70353574973822,false
1,38,17:15,56,21:45,18,1,,,0.0,false,14.8,232.156166915279,false
1,38,17:15,57,22:00,19,1,,,0.0,false,14.8,232.60879808081975,false
1,38,17:15,58,22:15,20,1,,,0.0,false,14.8,233.06142924636052,false
1,38,17:15,59,22:30,21,1,,,0.0,false,14.8,233.51406041190128,false
1,38,17:15,60,22:45,22,1,,,0.0,false,14.8,233.96669157744205,false
1,38,17:15,61,23:00,23,1,,,0.0,false,14.8,234.4193227429828,false
1,38,17:15,62,23:15,24,1,,,0.0,false,14.8,234.87195390852358,false
1,38,17:15,63,23:30,25,1,,,0.0,false,14.8,235.32458507406434,false
1,38,17:15,64,23:45,26,1,,,0.0,false,14.8,235.51580270269548,false
1,38,17:15,65,00:00,27,1,,,0.0,false,14.8,235.96843386823625,false
1,38,17:15,66,00:15,28,1,,,0.0,false,14.8,236.421065033777,false
1,38,17:15,67,00:30,29,1,,,0.0,false,14.8,236.87369619931778,false
1,38,17:15,68,00:45,30,1,,,0.0,false,14.8,237.32632736485854,false
1,38,17:15,69,01:00,31,1,,,0.0,false,14.8,237.7789585303993,false
1,38,17:15,70,01:15,32,1,,,0.0,false,14.8,238.23158969594007,false
1,38,17:15,71,01:30,33,1,,,0.0,false,14.8,238.68422086148084,false
1,38,17:15,72,01:45,34,1,,,0.0,false,14.8,239.1368520270216,false
1,38,17:15,73,02:00,35,1,,,0.0,false,14.8,239.58948319256237,false
1,38,17:15,74,02:15,36,1,,,0.0,false,14.8,240.04211435810313,false
1,38,17:15,75,02:30,37,1,,,0.0,false,14.8,240.4947455236439,false
1,38,17:15,76,02:45,38,1,,,0.0,false,14.8,240.94737668918467,false
1,38,17:15,77,03:00,39,1,,,0.0,false,14.8,241.40000785472543,false
1,38,17:15,78,03:15,40,1,,,0.0,false,14.8,241.8526390202662,false
1,38,17:15,79,03:30,41,1,,,0.0,false,14.8,242.30527018580696,false
1,38,17:15,80,03:45,42,1,,,0.0,false,14.8,242.75790135134773,false
1,38,17:15,81,04:00,43,1,,,0.0,false,14.8,243.2105325168885,false
1,38,17:15,82,04:15,44,1,,,0.0,false,14.8,243.66316368242926,false
1,38,17:15,83,04:30,45,1,,,0.0,false,14.8,244.11579484797002,false
1,38,17:15,84,04:45,46,1,,,0.0,false,14.8,244.5684260135108,false
1,38,17:15,85,05:00,47,1,,,0.0,false,14.8,245.02105717905155,false
1,38,17:15,86,05:15,48,1,,,0.0,false,14.8,245.47368834459232,false
1,38,17:15,87,05:30,49,1,,,0.0,false,14.8,245.92631951013308,false
1,38,17:15,88,05:45,50,1,,,0.0,false,14.8,246.37895067567385,false
1,38,17:15,89,06:00,51,1,,,0.0,false,14.8,246.83158184121461,false
1,38,17:15,90,06:15,52,1,,,0.0,false,14.8,247.28421300675538,false
1,38,17:15,91,06:30,53,1,,,0.0,false,14.8,247.73684417229614,false
1,38,17:15,92,06:45,54,1,,,0.0,false,14.8,248.1894753378369,false
1,38,17:15,93,07:00,55,1,,,0.0,false,14.8,248.64210650337768,false
1,38,17:15,94,07:15,56,1,,,0.0,false,14.8,249.09473766891844,false
1,38,17:15,95,07:30,57,1,,,0.0,false,14.8,249.5473688344592,false
1,38,17:15,96,07:45,58,1,,,0.0,false,14.8,250.0,false
1,39,17:30,39,17:30,0,1,,Charging,0.0,true,9.100000000000001,236.76660058937122,false
1,39,17:30,40,17:45,1,1,,Charging,0.0,true,11.000000000000002,234.6613374314765,false
1,39,17:30,41,18:00,2,1,,Charging,0.0,true,12.9,232.55607427358177,false
1,39,17:30,42,18:15,3,1,,Charging,0.0,true,14.8,230.45081111568703,false
1,39,17:30,43,18:30,4,1,,,0.0,false,14.8,230.45081111568703,false
1,39,17:30,44,18:45,5,1,,,0.0,false,14.8,230.45081111568703,false
1,39,17:30,45,19:00,6,1,,,0.0,false,14.8,230.45081111568703,false
1,39,17:30,46,19:15,7,1,,,0.0,false,14.8,230.45081111568703,false
1,39,17:30,47,19:30,8,1,,,0.0,false,14.8,230.45081111568703,false
1,39,17:30,48,19:45,9,1,,,0.0,false,14.8,230.45081111568703,false
1,39,17:30,49,20:00,10,1,,,0.0,false,14.8,230.45081111568703,false
1,39,17:30,50,20:15,11,1,,,0.0,false,14.8,230.45081111568703,false
1,39,17:30,51,20:30,12,1,,,0.0,false,14.8,230.45081111568703,false
1,39,17:30,52,20:45,13,1,,,0.0,false,14.8,230.45081111568703,false
1,39,17:30,53,21:00,14,1,,,0.0,false,14.8,230.9034422812278,false
1,39,17:30,54,21:15,15,1,,,0.0,false,14.8,231.35607344676856,false
1,39,17:30,55,21:30,16,1,,,0.0,false,14.8,231.80870461230933,false
1,39,17:30,56,21:45,17,1,,,0.0,false,14.8,232.2613357778501,false
1,39,17:30,57,22:00,18,1,,,0.0,false,14.8,232.71396694339086,false
1,39,17:30,58,22:15,19,1,,,0.0,false,14.8,233.16659810893162,false
1,39,17:30,59,22:30,20,1,,,0.0,false,14.8,233.6192292744724,false
1,39,17:30,60,22:45,21,1,,,0.0,false,14.8,234.07186044001315,false
1,39,17:30,61,23:00,22,1,,,0.0,false,14.8,234.52449160555392,false
1,39,17:30,62,23:15,23,1,,,0.0,false,14.8,234.97712277109468,false
1,39,17:30,63,23:30,24,1,,,0.0,false,14.8,235.42975393663545,false
1,39,17:30,64,23:45,25,1,,,0.0,false,14.8,235.51580270269548,false
1,39,17:30,65,00:00,26,1,,,0.0,false,14.8,235.96843386823625,false
1,39,17:30,66,00:15,27,1,,,0.0,false,14.8,236.421065033777,false
1,39,17:30,67,00:30,28,1,,,0.0,false,14.8,236.87369619931778,false
1,39,17:30,68,00:45,29,1,,,0.0,false,14.8,237.32632736485854,false
1,39,17:30,69,01:00,30,1,,,0.0,false,14.8,237.7789585303993,false
1,39,17:30,70,01:15,31,1,,,0.0,false,14.8,238.23158969594007,false
1,39,17:30,71,01:30,32,1,,,0.0,false,14.8,238.68422086148084,false
1,39,17:30,72,01:45,33,1,,,0.0,false,14.8,239.1368520270216,false
1,39,17:30,73,02:00,34,1,,,0.0,false,14.8,239.58948319256237,false
1,39,17:30,74,02:15,35,1,,,0.0,false,14.8,240.04211435810313,false
1,39,17:30,75,02:30,36,1,,,0.0,false,14.8,240.4947455236439,false
1,39,17:30,76,02:45,37,1,,,0.0,false,14.8,240.94737668918467,false
1,39,17:30,77,03:00,38,1,,,0.0,false,14.8,241.40000785472543,false
1,39,17:30,78,03:15,39,1,,,0.0,false,14.8,241.8526390202662,false
1,39,17:30,79,03:30,40,1,,,0.0,false,14.8,242.30527018580696,false
1,39,17:30,80,03:45,41,1,,,0.0,false,14.8,242.75790135134773,false
1,39,17:30,81,04:00,42,1,,,0.0,false,14.8,243.2105325168885,false
1,39,17:30,82,04:15,43,1,,,0.0,false,14.8,243.66316368242926,false
1,39,17:30,83,04:30,44,1,,,0.0,false,14.8,244.11579484797002,false
1,39,17:30,84,04:45,45,1,,,0.0,false,14.8,244.5684260135108,false
1,39,17:30,85,05:00,46,1,,,0.0,false,14.8,245.02105717905155,false
1,39,17:30,86,05:15,47,1,,,0.0,false,14.8,245.47368834459232,false
1,39,17:30,87,05:30,48,1,,,0.0,false,14.8,245.92631951013308,false
1,39,17:30,88,05:45,49,1,,,0.0,false,14.8,246.37895067567385,false
1,39,17:30,89,06:00,50,1,,,0.0,false,14.8,246.83158184121461,false
1,39,17:30,90,06:15,51,1,,,0.0,false,14.8,247.28421300675538,false
1,39,17:30,91,06:30,52,1,,,0.0,false,14.8,247.73684417229614,false
1,39,17:30,92,06:45,53,1,,,0.0,false,14.8,248.1894753378369,false
1,39,17:30,93,07:00,54,1,,,0.0,false,14.8,248.64210650337768,false
1,39,17:30,94,07:15,55,1,,,0.0,false,14.8,249.09473766891844,false
1,39,17:30,95,07:30,56,1,,,0.0,false,14.8,249.5473688344592,false
1,39,17:30,96,07:45,57,1,,,0.0,false,14.8,250.0,false
1,40,17:45,40,17:45,0,1,,Charging,0.0,true,11.0,234.76660555228298,false
1,40,17:45,41,18:00,1,1,,Charging,0.0,true,12.9,232.66134239438827,false
1,40,17:45,42,18:15,2,1,,Charging,0.0,true,14.8,230.55607923649353,false
1,40,17:45,43,18:30,3,1,,,0.0,false,14.8,230.55607923649353,false
1,40,17:45,44,18:45,4,1,,,0.0,false,14.8,230.55607923649353,false
1,40,17:45,45,19:00,5,1,,,0.0,false,14.8,230.55607923649353,false
1,40,17:45,46,19:15,6,1,,,0.0,false,14.8,230.55607923649353,false
1,40,17:45,47,19:30,7,1,,,0.0,false,14.8,230.55607923649353,false
1,40,17:45,48,19:45,8,1,,,0.0,false,14.8,230.55607923649353,false
1,40,17:45,49,20:00,9,1,,,0.0,false,14.8,230.55607923649353,false
1,40,17:45,50,20:15,10,1,,,0.0,false,14.8,230.55607923649353,false
1,40,17:45,51,20:30,11,1,,,0.0,false,14.8,230.55607923649353,false
1,40,17:45,52,20:45,12,1,,,0.0,false,14.8,230.55607923649353,false
1,40,17:45,53,21:00,13,1,,,0.0,false,14.8,231.0087104020343,false
1,40,17:45,54,21:15,14,1,,,0.0,false,14.8,231.46134156757506,false
1,40,17:45,55,21:30,15,1,,,0.0,false,14.8,231.91397273311583,false
1,40,17:45,56,21:45,16,1,,,0.0,false,14.8,232.3666038986566,false
1,40,17:45,57,22:00,17,1,,,0.0,false,14.8,232.81923506419736,false
1,40,17:45,58,22:15,18,1,,,0.0,false,14.8,233.27186622973812,false
1,40,17:45,59,22:30,19,1,,,0.0,false,14.8,233.7244973952789,false
1,40,17:45,60,22:45,20,1,,,0.0,false,14.8,234.17712856081965,false
1,40,17:45,61,23:00,21,1,,,0.0,false,14.8,234.61054037161406,false
1,40,17:45,62,23:15,22,1,,,0.0,false,14.8,235.06317153715483,false
1,40,17:45,63,23:30,23,1,,,0.0,false,14.8,235.5158027026956,false
1,40,17:45,64,23:45,24,1,,,0.0,false,14.8,235.5158027026956,false
1,40,17:45,65,00:00,25,1,,,0.0,false,14.8,235.96843386823636,false
1,40,17:45,66,00:15,26,1,,,0.0,false,14.8,236.42106503377713,false
1,40,17:45,67,00:30,27,1,,,0.0,false,14.8,236.8736961993179,false
1,40,17:45,68,00:45,28,1,,,0.0,false,14.8,237.32632736485866,false
1,40,17:45,69,01:00,29,1,,,0.0,false,14.8,237.77895853039942,false
1,40,17:45,70,01:15,30,1,,,0.0,false,14.8,238.2315896959402,false
1,40,17:45,71,01:30,31,1,,,0.0,false,14.8,238.68422086148095,false
1,40,17:45,72,01:45,32,1,,,0.0,false,14.8,239.13685202702172,false
1,40,17:45,73,02:00,33,1,,,0.0,false,14.8,239.58948319256248,false
1,40,17:45,74,02:15,34,1,,,0.0,false,14.8,240.04211435810325,false
1,40,17:45,75,02:30,35,1,,,0.0,false,14.8,240.494745523644,false
1,40,17:45,76,02:45,36,1,,,0.0,false,14.8,240.94737668918475,false
1,40,17:45,77,03:00,37,1,,,0.0,false,14.8,241.40000785472552,false
1,40,17:45,78,03:15,38,1,,,0.0,false,14.8,241.85263902026628,false
1,40,17:45,79,03:30,39,1,,,0.0,false,14.8,242.30527018580705,false
1,40,17:45,80,03:45,40,1,,,0.0,false,14.8,242.7579013513478,false
1,40,17:45,81,04:00,41,1,,,0.0,false,14.8,243.21053251688855,false
1,40,17:45,82,04:15,42,1,,,0.0,false,14.8,243.6631636824293,false
1,40,17:45,83,04:30,43,1,,,0.0,false,14.8,244.11579484797008,false
1,40,17:45,84,04:45,44,1,,,0.0,false,14.8,244.56842601351084,false
1,40,17:45,85,05:00,45,1,,,0.0,false,14.8,245.02105717905158,false
1,40,17:45,86,05:15,46,1,,,0.0,false,14.8,245.47368834459235,false
1,40,17:45,87,05:30,47,1,,,0.0,false,14.8,245.9263195101331,false
1,40,17:45,88,05:45,48,1,,,0.0,false,14.8,246.37895067567388,false
1,40,17:45,89,06:00,49,1,,,0.0,false,14.8,246.83158184121464,false
1,40,17:45,90,06:15,50,1,,,0.0,false,14.8,247.28421300675538,false
1,40,17:45,91,06:30,51,1,,,0.0,false,14.8,247.73684417229614,false
1,40,17:45,92,06:45,52,1,,,0.0,false,14.8,248.1894753378369,false
1,40,17:45,93,07:00,53,1,,,0.0,false,14.8,248.64210650337768,false
1,40,17:45,94,07:15,54,1,,,0.0,false,14.8,249.09473766891844,false
1,40,17:45,95,07:30,55,1,,,0.0,false,14.8,249.5473688344592,false
1,40,17:45,96,07:45,56,1,,,0.0,false,14.8,250.0,false
1,41,18:00,41,18:00,0,1,,Charging,0.0,true,12.994999764261692,232.66134239438824,false
1,41,18:00,42,18:15,1,1,,Charging,0.0,true,14.8,230.66134213318236,false
1,41,18:00,43,18:30,2,1,,,0.0,false,14.8,230.66134213318236,false
1,41,18:00,44,18:45,3,1,,,0.0,false,14.8,230.66134213318236,false
1,41,18:00,45,19:00,4,1,,,0.0,false,14.8,230.66134213318236,false
1,41,18:00,46,19:15,5,1,,,0.0,false,14.8,230.66134213318236,false
1,41,18:00,47,19:30,6,1,,,0.0,false,14.8,230.66134213318236,false
1,41,18:00,48,19:45,7,1,,,0.0,false,14.8,230.66134213318236,false
1,41,18:00,49,20:00,8,1,,,0.0,false,14.8,230.66134213318236,false
1,41,18:00,50,20:15,9,1,,,0.0,false,14.8,230.66134213318236,false
1,41,18:00,51,20:30,10,1,,,0.0,false,14.8,230.66134213318236,false
1,41,18:00,52,20:45,11,1,,,0.0,false,14.8,230.66134213318236,false
1,41,18:00,53,21:00,12,1,,,0.0,false,14.8,231.11397329872312,false
1,41,18:00,54,21:15,13,1,,,0.0,false,14.8,231.5666044642639,false
1,41,18:00,55,21:30,14,1,,,0.0,false,14.8,232.01923562980465,false
1,41,18:00,56,21:45,15,1,,,0.0,false,14.8,232.47186679534542,false
1,41,18:00,57,22:00,16,1,,,0.0,false,14.8,232.92449796088619,false
1,41,18:00,58,22:15,17,1,,,0.0,false,14.8,233.37712912642695,false
1,41,18:00,59,22:30,18,1,,,0.0,false,14.8,233.82976029196772,false
1,41,18:00,60,22:45,19,1,,,0.0,false,14.8,234.28239145750848,false
1,41,18:00,61,23:00,20,1,,,0.0,false,14.8,234.6105403716141,false
1,41,18:00,62,23:15,21,1,,,0.0,false,14.8,235.06317153715486,false
1,41,18:00,63,23:30,22,1,,,0.0,false,14.8,235.51580270269562,false
1,41,18:00,64,23:45,23,1,,,0.0,false,14.8,235.51580270269562,false
1,41,18:00,65,00:00,24,1,,,0.0,false,14.8,235.9684338682364,false
1,41,18:00,66,00:15,25,1,,,0.0,false,14.8,236.42106503377715,false
1,41,18:00,67,00:30,26,1,,,0.0,false,14.8,236.87369619931792,false
1,41,18:00,68,00:45,27,1,,,0.0,false,14.8,237.32632736485868,false
1,41,18:00,69,01:00,28,1,,,0.0,false,14.8,237.77895853039945,false
1,41,18:00,70,01:15,29,1,,,0.0,false,14.8,238.23158969594022,false
1,41,18:00,71,01:30,30,1,,,0.0,false,14.8,238.68422086148098,false
1,41,18:00,72,01:45,31,1,,,0.0,false,14.8,239.13685202702175,false
1,41,18:00,73,02:00,32,1,,,0.0,false,14.8,239.5894831925625,false
1,41,18:00,74,02:15,33,1,,,0.0,false,14.8,240.04211435810328,false
1,41,18:00,75,02:30,34,1,,,0.0,false,14.8,240.49474552364404,false
1,41,18:00,76,02:45,35,1,,,0.0,false,14.8,240.9473766891848,false
1,41,18:00,77,03:00,36,1,,,0.0,false,14.8,241.40000785472557,false
1,41,18:00,78,03:15,37,1,,,0.0,false,14.8,241.8526390202663,false
1,41,18:00,79,03:30,38,1,,,0.0,false,14.8,242.30527018580707,false
1,41,18:00,80,03:45,39,1,,,0.0,false,14.8,242.75790135134784,false
1,41,18:00,81,04:00,40,1,,,0.0,false,14.8,243.2105325168886,false
1,41,18:00,82,04:15,41,1,,,0.0,false,14.8,243.66316368242937,false
1,41,18:00,83,04:30,42,1,,,0.0,false,14.8,244.11579484797008,false
1,41,18:00,84,04:45,43,1,,,0.0,false,14.8,244.56842601351084,false
1,41,18:00,85,05:00,44,1,,,0.0,false,14.8,245.0210571790516,false
1,41,18:00,86,05:15,45,1,,,0.0,false,14.8,245.47368834459238,false
1,41,18:00,87,05:30,46,1,,,0.0,false,14.8,245.92631951013308,false
1,41,18:00,88,05:45,47,1,,,0.0,false,14.8,246.37895067567385,false
1,41,18:00,89,06:00,48,1,,,0.0,false,14.8,246.83158184121461,false
1,41,18:00,90,06:15,49,1,,,0.0,false,14.8,247.28421300675538,false
1,41,18:00,91,06:30,50,1,,,0.0,false,14.8,247.73684417229614,false
1,41,18:00,92,06:45,51,1,,,0.0,false,14.8,248.1894753378369,false
1,41,18:00,93,07:00,52,1,,,0.0,false,14.8,248.64210650337768,false
1,41,18:00,94,07:15,53,1,,,0.0,false,14.8,249.09473766891844,false
1,41,18:00,95,07:30,54,1,,,0.0,false,14.8,249.5473688344592,false
1,41,18:00,96,07:45,55,1,,,0.0,false,14.8,250.0,false
1,42,18:15,42,18:15,0,1,,Charging,0.0,true,14.8,230.77214545728208,false
1,42,18:15,43,18:30,1,1,,,0.0,false,14.8,230.77214545728208,false
1,42,18:15,44,18:45,2,1,,,0.0,false,14.8,230.77214545728208,false
1,42,18:15,45,19:00,3,1,,,0.0,false,14.8,230.77214545728208,false
1,42,18:15,46,19:15,4,1,,,0.0,false,14.8,230.77214545728208,false
1,42,18:15,47,19:30,5,1,,,0.0,false,14.8,230.77214545728208,false
1,42,18:15,48,19:45,6,1,,,0.0,false,14.8,230.77214545728208,false
1,42,18:15,49,20:00,7,1,,,0.0,false,14.8,230.77214545728208,false
1,42,18:15,50,20:15,8,1,,,0.0,false,14.8,230.77214545728208,false
1,42,18:15,51,20:30,9,1,,,0.0,false,14.8,230.77214545728208,false
1,42,18:15,52,20:45,10,1,,,0.0,false,14.8,230.77214545728208,false
1,42,18:15,53,21:00,11,1,,,0.0,false,14.8,231.22477662282284,false
1,42,18:15,54,21:15,12,1,,,0.0,false,14.8,231.6774077883636,false
1,42,18:15,55,21:30,13,1,,,0.0,false,14.8,232.13003895390437,false
1,42,18:15,56,21:45,14,1,,,0.0,false,14.8,232.58267011944514,false
1,42,18:15,57,22:00,15,1,,,0.0,false,14.8,233.0353012849859,false
1,42,18:15,58,22:15,16,1,,,0.0,false,14.8,233.48793245052667,false
1,42,18:15,59,22:30,17,1,,,0.0,false,14.8,233.94056361606744,false
1,42,18:15,60,22:45,18,1,,,0.0,false,14.8,234.3931947816082,false
1,42,18:15,61,23:00,19,1,,,0.0,false,14.8,234.61054037161406,false
1,42,18:15,62,23:15,20,1,,,0.0,false,14.8,235.06317153715483,false
1,42,18:15,63,23:30,21,1,,,0.0,false,14.8,235.5158027026956,false
1,42,18:15,64,23:45,22,1,,,0.0,false,14.8,235.5158027026956,false
1,42,18:15,65,00:00,23,1,,,0.0,false,14.8,235.96843386823636,false
1,42,18:15,66,00:15,24,1,,,0.0,false,14.8,236.42106503377713,false
1,42,18:15,67,00:30,25,1,,,0.0,false,14.8,236.8736961993179,false
1,42,18:15,68,00:45,26,1,,,0.0,false,14.8,237.32632736485866,false
1,42,18:15,69,01:00,27,1,,,0.0,false,14.8,237.77895853039942,false
1,42,18:15,70,01:15,28,1,,,0.0,false,14.8,238.2315896959402,false
1,42,18:15,71,01:30,29,1,,,0.0,false,14.8,238.68422086148095,false
1,42,18:15,72,01:45,30,1,,,0.0,false,14.8,239.13685202702172,false
1,42,18:15,73,02:00,31,1,,,0.0,false,14.8,239.58948319256248,false
1,42,18:15,74,02:15,32,1,,,0.0,false,14.8,240.04211435810325,false
1,42,18:15,75,02:30,33,1,,,0.0,false,14.8,240.494745523644,false
1,42,18:15,76,02:45,34,1,,,0.0,false,14.8,240.94737668918478,false
1,42,18:15,77,03:00,35,1,,,0.0,false,14.8,241.40000785472552,false
1,42,18:15,78,03:15,36,1,,,0.0,false,14.8,241.85263902026628,false
1,42,18:15,79,03:30,37,1,,,0.0,false,14.8,242.30527018580705,false
1,42,18:15,80,03:45,38,1,,,0.0,false,14.8,242.7579013513478,false
1,42,18:15,81,04:00,39,1,,,0.0,false,14.8,243.21053251688855,false
1,42,18:15,82,04:15,40,1,,,0.0,false,14.8,243.6631636824293,false
1,42,18:15,83,04:30,41,1,,,0.0,false,14.8,244.11579484797008,false
1,42,18:15,84,04:45,42,1,,,0.0,false,14.8,244.56842601351084,false
1,42,18:15,85,05:00,43,1,,,0.0,false,14.8,245.0210571790516,false
1,42,18:15,86,05:15,44,1,,,0.0,false,14.8,245.47368834459235,false
1,42,18:15,87,05:30,45,1,,,0.0,false,14.8,245.9263195101331,false
1,42,18:15,88,05:45,46,1,,,0.0,false,14.8,246.37895067567388,false
1,42,18:15,89,06:00,47,1,,,0.0,false,14.8,246.83158184121464,false
1,42,18:15,90,06:15,48,1,,,0.0,false,14.8,247.2842130067554,false
1,42,18:15,91,06:30,49,1,,,0.0,false,14.8,247.73684417229617,false
1,42,18:15,92,06:45,50,1,,,0.0,false,14.8,248.1894753378369,false
1,42,18:15,93,07:00,51,1,,,0.0,false,14.8,248.64210650337768,false
1,42,18:15,94,07:15,52,1,,,0.0,false,14.8,249.09473766891844,false
1,42,18:15,95,07:30,53,1,,,0.0,false,14.8,249.5473688344592,false
1,42,18:15,96,07:45,54,1,,,0.0,false,14.8,250.0,false
1,43,18:30,43,18:30,0,1,,,0.0,false,14.8,230.77214545728208,false
1,43,18:30,44,18:45,1,1,,,0.0,false,14.8,230.77214545728208,false
1,43,18:30,45,19:00,2,1,,,0.0,false,14.8,230.77214545728208,false
1,43,18:30,46,19:15,3,1,,,0.0,false,14.8,230.77214545728208,false
1,43,18:30,47,19:30,4,1,,,0.0,false,14.8,230.77214545728208,false
1,43,18:30,48,19:45,5,1,,,0.0,false,14.8,230.77214545728208,false
1,43,18:30,49,20:00,6,1,,,0.0,false,14.8,230.77214545728208,false
1,43,18:30,50,20:15,7,1,,,0.0,false,14.8,230.77214545728208,false
1,43,18:30,51,20:30,8,1,,,0.0,false,14.8,230.77214545728208,false
1,43,18:30,52,20:45,9,1,,,0.0,false,14.8,230.77214545728208,false
1,43,18:30,53,21:00,10,1,,,0.0,false,14.8,231.22477662282284,false
1,43,18:30,54,21:15,11,1,,,0.0,false,14.8,231.6774077883636,false
1,43,18:30,55,21:30,12,1,,,0.0,false,14.8,232.13003895390437,false
1,43,18:30,56,21:45,13,1,,,0.0,false,14.8,232.5826701194451,false
1,43,18:30,57,22:00,14,1,,,0.0,false,14.8,233.03530128498588,false
1,43,18:30,58,22:15,15,1,,,0.0,false,14.8,233.48793245052664,false
1,43,18:30,59,22:30,16,1,,,0.0,false,14.8,233.9405636160674,false
1,43,18:30,60,22:45,17,1,,,0.0,false,14.8,234.39319478160814,false
1,43,18:30,61,23:00,18,1,,,0.0,false,14.8,234.61054037161418,false
1,43,18:30,62,23:15,19,1,,,0.0,false,14.8,235.06317153715494,false
1,43,18:30,63,23:30,20,1,,,0.0,false,14.8,235.5158027026957,false
1,43,18:30,64,23:45,21,1,,,0.0,false,14.8,235.5158027026957,false
1,43,18:30,65,00:00,22,1,,,0.0,false,14.8,235.96843386823645,false
1,43,18:30,66,00:15,23,1,,,0.0,false,14.8,236.4210650337772,false
1,43,18:30,67,00:30,24,1,,,0.0,false,14.8,236.87369619931798,false
1,43,18:30,68,00:45,25,1,,,0.0,false,14.8,237.32632736485874,false
1,43,18:30,69,01:00,26,1,,,0.0,false,14.8,237.77895853039948,false
1,43,18:30,70,01:15,27,1,,,0.0,false,14.8,238.23158969594024,false
1,43,18:30,71,01:30,28,1,,,0.0,false,14.8,238.684220861481,false
1,43,18:30,72,01:45,29,1,,,0.0,false,14.8,239.13685202702177,false
1,43,18:30,73,02:00,30,1,,,0.0,false,14.8,239.58948319256254,false
1,43,18:30,74,02:15,31,1,,,0.0,false,14.8,240.04211435810328,false
1,43,18:30,75,02:30,32,1,,,0.0,false,14.8,240.49474552364404,false
1,43,18:30,76,02:45,33,1,,,0.0,false,14.8,240.9473766891848,false
1,43,18:30,77,03:00,34,1,,,0.0,false,14.8,241.40000785472557,false
1,43,18:30,78,03:15,35,1,,,0.0,false,14.8,241.8526390202663,false
1,43,18:30,79,03:30,36,1,,,0.0,false,14.8,242.30527018580707,false
1,43,18:30,80,03:45,37,1,,,0.0,false,14.8,242.75790135134784,false
1,43,18:30,81,04:00,38,1,,,0.0,false,14.8,243.2105325168886,false
1,43,18:30,82,04:15,39,1,,,0.0,false,14.8,243.66316368242937,false
1,43,18:30,83,04:30,40,1,,,0.0,false,14.8,244.1157948479701,false
1,43,18:30,84,04:45,41,1,,,0.0,false,14.8,244.56842601351087,false
1,43,18:30,85,05:00,42,1,,,0.0,false,14.8,245.02105717905164,false
1,43,18:30,86,05:15,43,1,,,0.0,false,14.8,245.4736883445924,false
1,43,18:30,87,05:30,44,1,,,0.0,false,14.8,245.92631951013314,false
1,43,18:30,88,05:45,45,1,,,0.0,false,14.8,246.3789506756739,false
1,43,18:30,89,06:00,46,1,,,0.0,false,14.8,246.83158184121467,false
1,43,18:30,90,06:15,47,1,,,0.0,false,14.8,247.28421300675544,false
1,43,18:30,91,06:30,48,1,,,0.0,false,14.8,247.7368441722962,false
1,43,18:30,92,06:45,49,1,,,0.0,false,14.8,248.18947533783697,false
1,43,18:30,93,07:00,50,1,,,0.0,false,14.8,248.64210650337773,false
1,43,18:30,94,07:15,51,1,,,0.0,false,14.8,249.09473766891847,false
1,43,18:30,95,07:30,52,1,,,0.0,false,14.8,249.54736883445923,false
1,43,18:30,96,07:45,53,1,,,0.0,false,14.8,250.0,false
1,44,18:45,44,18:45,0,1,,,0.0,false,14.8,230.77214545728208,false
1,44,18:45,45,19:00,1,1,,,0.0,false,14.8,230.77214545728208,false
1,44,18:45,46,19:15,2,1,,,0.0,false,14.8,230.77214545728208,false
1,44,18:45,47,19:30,3,1,,,0.0,false,14.8,230.77214545728208,false
1,44,18:45,48,19:45,4,1,,,0.0,false,14.8,230.77214545728208,false
1,44,18:45,49,20:00,5,1,,,0.0,false,14.8,230.77214545728208,false
1,44,18:45,50,20:15,6,1,,,0.0,false,14.8,230.77214545728208,false
1,44,18:45,51,20:30,7,1,,,0.0,false,14.8,230.77214545728208,false
1,44,18:45,52,20:45,8,1,,,0.0,false,14.8,230.77214545728208,false
1,44,18:45,53,21:00,9,1,,,0.0,false,14.8,231.22477662282284,false
1,44,18:45,54,21:15,10,1,,,0.0,false,14.8,231.6774077883636,false
1,44,18:45,55,21:30,11,1,,,0.0,false,14.8,232.13003895390437,false
1,44,18:45,56,21:45,12,1,,,0.0,false,14.8,232.5826701194451,false
1,44,18:45,57,22:00,13,1,,,0.0,false,14.8,233.03530128498588,false
1,44,18:45,58,22:15,14,1,,,0.0,false,14.8,233.48793245052664,false
1,44,18:45,59,22:30,15,1,,,0.0,false,14.8,233.9405636160674,false
1,44,18:45,60,22:45,16,1,,,0.0,false,14.8,234.39319478160814,false
1,44,18:45,61,23:00,17,1,,,0.0,false,14.8,234.61054037161418,false
1,44,18:45,62,23:15,18,1,,,0.0,false,14.8,235.06317153715494,false
1,44,18:45,63,23:30,19,1,,,0.0,false,14.8,235.5158027026957,false
1,44,18:45,64,23:45,20,1,,,0.0,false,14.8,235.5158027026957,false
1,44,18:45,65,00:00,21,1,,,0.0,false,14.8,235.96843386823645,false
1,44,18:45,66,00:15,22,1,,,0.0,false,14.8,236.4210650337772,false
1,44,18:45,67,00:30,23,1,,,0.0,false,14.8,236.87369619931798,false
1,44,18:45,68,00:45,24,1,,,0.0,false,14.8,237.32632736485874,false
1,44,18:45,69,01:00,25,1,,,0.0,false,14.8,237.77895853039948,false
1,44,18:45,70,01:15,26,1,,,0.0,false,14.8,238.23158969594024,false
1,44,18:45,71,01:30,27,1,,,0.0,false,14.8,238.684220861481,false
1,44,18:45,72,01:45,28,1,,,0.0,false,14.8,239.13685202702177,false
1,44,18:45,73,02:00,29,1,,,0.0,false,14.8,239.58948319256254,false
1,44,18:45,74,02:15,30,1,,,0.0,false,14.8,240.04211435810328,false
1,44,18:45,75,02:30,31,1,,,0.0,false,14.8,240.49474552364404,false
1,44,18:45,76,02:45,32,1,,,0.0,false,14.8,240.9473766891848,false
1,44,18:45,77,03:00,33,1,,,0.0,false,14.8,241.40000785472557,false
1,44,18:45,78,03:15,34,1,,,0.0,false,14.8,241.8526390202663,false
1,44,18:45,79,03:30,35,1,,,0.0,false,14.8,242.30527018580707,false
1,44,18:45,80,03:45,36,1,,,0.0,false,14.8,242.75790135134784,false
1,44,18:45,81,04:00,37,1,,,0.0,false,14.8,243.2105325168886,false
1,44,18:45,82,04:15,38,1,,,0.0,false,14.8,243.66316368242937,false
1,44,18:45,83,04:30,39,1,,,0.0,false,14.8,244.1157948479701,false
1,44,18:45,84,04:45,40,1,,,0.0,false,14.8,244.56842601351087,false
1,44,18:45,85,05:00,41,1,,,0.0,false,14.8,245.02105717905164,false
1,44,18:45,86,05:15,42,1,,,0.0,false,14.8,245.4736883445924,false
1,44,18:45,87,05:30,43,1,,,0.0,false,14.8,245.92631951013314,false
1,44,18:45,88,05:45,44,1,,,0.0,false,14.8,246.3789506756739,false
1,44,18:45,89,06:00,45,1,,,0.0,false,14.8,246.83158184121467,false
1,44,18:45,90,06:15,46,1,,,0.0,false,14.8,247.28421300675544,false
1,44,18:45,91,06:30,47,1,,,0.0,false,14.8,247.7368441722962,false
1,44,18:45,92,06:45,48,1,,,0.0,false,14.8,248.18947533783697,false
1,44,18:45,93,07:00,49,1,,,0.0,false,14.8,248.64210650337773,false
1,44,18:45,94,07:15,50,1,,,0.0,false,14.8,249.09473766891847,false
1,44,18:45,95,07:30,51,1,,,0.0,false,14.8,249.54736883445923,false
1,44,18:45,96,07:45,52,1,,,0.0,false,14.8,250.0,false
1,45,19:00,45,19:00,0,1,,,0.0,false,14.8,230.77214545728208,false
1,45,19:00,46,19:15,1,1,,,0.0,false,14.8,230.77214545728208,false
1,45,19:00,47,19:30,2,1,,,0.0,false,14.8,230.77214545728208,false
1,45,19:00,48,19:45,3,1,,,0.0,false,14.8,230.77214545728208,false
1,45,19:00,49,20:00,4,1,,,0.0,false,14.8,230.77214545728208,false
1,45,19:00,50,20:15,5,1,,,0.0,false,14.8,230.77214545728208,false
1,45,19:00,51,20:30,6,1,,,0.0,false,14.8,230.77214545728208,false
1,45,19:00,52,20:45,7,1,,,0.0,false,14.8,230.77214545728208,false
1,45,19:00,53,21:00,8,1,,,0.0,false,14.8,231.22477662282282,false
1,45,19:00,54,21:15,9,1,,,0.0,false,14.8,231.67740778836358,false
1,45,19:00,55,21:30,10,1,,,0.0,false,14.8,232.13003895390435,false
1,45,19:00,56,21:45,11,1,,,0.0,false,14.8,232.5826701194451,false
1,45,19:00,57,22:00,12,1,,,0.0,false,14.8,233.03530128498588,false
1,45,19:00,58,22:15,13,1,,,0.0,false,14.8,233.48793245052664,false
1,45,19:00,59,22:30,14,1,,,0.0,false,14.8,233.9405636160674,false
1,45,19:00,60,22:45,15,1,,,0.0,false,14.8,234.39319478160814,false
1,45,19:00,61,23:00,16,1,,,0.0,false,14.8,234.61054037161418,false
1,45,19:00,62,23:15,17,1,,,0.0,false,14.8,235.06317153715494,false
1,45,19:00,63,23:30,18,1,,,0.0,false,14.8,235.5158027026957,false
1,45,19:00,64,23:45,19,1,,,0.0,false,14.8,235.5158027026957,false
1,45,19:00,65,00:00,20,1,,,0.0,false,14.8,235.96843386823645,false
1,45,19:00,66,00:15,21,1,,,0.0,false,14.8,236.4210650337772,false
1,45,19:00,67,00:30,22,1,,,0.0,false,14.8,236.87369619931798,false
1,45,19:00,68,00:45,23,1,,,0.0,false,14.8,237.32632736485874,false
1,45,19:00,69,01:00,24,1,,,0.0,false,14.8,237.77895853039948,false
1,45,19:00,70,01:15,25,1,,,0.0,false,14.8,238.23158969594024,false
1,45,19:00,71,01:30,26,1,,,0.0,false,14.8,238.684220861481,false
1,45,19:00,72,01:45,27,1,,,0.0,false,14.8,239.13685202702177,false
1,45,19:00,73,02:00,28,1,,,0.0,false,14.8,239.58948319256254,false
1,45,19:00,74,02:15,29,1,,,0.0,false,14.8,240.04211435810328,false
1,45,19:00,75,02:30,30,1,,,0.0,false,14.8,240.49474552364404,false
1,45,19:00,76,02:45,31,1,,,0.0,false,14.8,240.9473766891848,false
1,45,19:00,77,03:00,32,1,,,0.0,false,14.8,241.40000785472557,false
1,45,19:00,78,03:15,33,1,,,0.0,false,14.8,241.8526390202663,false
1,45,19:00,79,03:30,34,1,,,0.0,false,14.8,242.30527018580707,false
1,45,19:00,80,03:45,35,1,,,0.0,false,14.8,242.75790135134784,false
1,45,19:00,81,04:00,36,1,,,0.0,false,14.8,243.2105325168886,false
1,45,19:00,82,04:15,37,1,,,0.0,false,14.8,243.66316368242937,false
1,45,19:00,83,04:30,38,1,,,0.0,false,14.8,244.1157948479701,false
1,45,19:00,84,04:45,39,1,,,0.0,false,14.8,244.56842601351087,false
1,45,19:00,85,05:00,40,1,,,0.0,false,14.8,245.02105717905164,false
1,45,19:00,86,05:15,41,1,,,0.0,false,14.8,245.4736883445924,false
1,45,19:00,87,05:30,42,1,,,0.0,false,14.8,245.92631951013314,false
1,45,19:00,88,05:45,43,1,,,0.0,false,14.8,246.3789506756739,false
1,45,19:00,89,06:00,44,1,,,0.0,false,14.8,246.83158184121467,false
1,45,19:00,90,06:15,45,1,,,0.0,false,14.8,247.28421300675544,false
1,45,19:00,91,06:30,46,1,,,0.0,false,14.8,247.7368441722962,false
1,45,19:00,92,06:45,47,1,,,0.0,false,14.8,248.18947533783697,false
1,45,19:00,93,07:00,48,1,,,0.0,false,14.8,248.64210650337773,false
1,45,19:00,94,07:15,49,1,,,0.0,false,14.8,249.09473766891847,false
1,45,19:00,95,07:30,50,1,,,0.0,false,14.8,249.54736883445923,false
1,45,19:00,96,07:45,51,1,,,0.0,false,14.8,250.0,false
1,46,19:15,46,19:15,0,1,,,0.0,false,14.8,230.77214545728208,false
1,46,19:15,47,19:30,1,1,,,0.0,false,14.8,230.77214545728208,false
1,46,19:15,48,19:45,2,1,,,0.0,false,14.8,230.77214545728208,false
1,46,19:15,49,20:00,3,1,,,0.0,false,14.8,230.77214545728208,false
1,46,19:15,50,20:15,4,1,,,0.0,false,14.8,230.77214545728208,false
1,46,19:15,51,20:30,5,1,,,0.0,false,14.8,230.77214545728208,false
1,46,19:15,52,20:45,6,1,,,0.0,false,14.8,230.77214545728208,false
1,46,19:15,53,21:00,7,1,,,0.0,false,14.8,231.22477662282284,false
1,46,19:15,54,21:15,8,1,,,0.0,false,14.8,231.6774077883636,false
1,46,19:15,55,21:30,9,1,,,0.0,false,14.8,232.13003895390437,false
1,46,19:15,56,21:45,10,1,,,0.0,false,14.8,232.5826701194451,false
1,46,19:15,57,22:00,11,1,,,0.0,false,14.8,233.03530128498588,false
1,46,19:15,58,22:15,12,1,,,0.0,false,14.8,233.48793245052664,false
1,46,19:15,59,22:30,13,1,,,0.0,false,14.8,233.9405636160674,false
1,46,19:15,60,22:45,14,1,,,0.0,false,14.8,234.39319478160814,false
1,46,19:15,61,23:00,15,1,,,0.0,false,14.8,234.61054037161418,false
1,46,19:15,62,23:15,16,1,,,0.0,false,14.8,235.06317153715494,false
1,46,19:15,63,23:30,17,1,,,0.0,false,14.8,235.5158027026957,false
1,46,19:15,64,23:45,18,1,,,0.0,false,14.8,235.5158027026957,false
1,46,19:15,65,00:00,19,1,,,0.0,false,14.8,235.96843386823645,false
1,46,19:15,66,00:15,20,1,,,0.0,false,14.8,236.4210650337772,false
1,46,19:15,67,00:30,21,1,,,0.0,false,14.8,236.87369619931798,false
1,46,19:15,68,00:45,22,1,,,0.0,false,14.8,237.32632736485874,false
1,46,19:15,69,01:00,23,1,,,0.0,false,14.8,237.77895853039948,false
1,46,19:15,70,01:15,24,1,,,0.0,false,14.8,238.23158969594024,false
1,46,19:15,71,01:30,25,1,,,0.0,false,14.8,238.684220861481,false
1,46,19:15,72,01:45,26,1,,,0.0,false,14.8,239.13685202702177,false
1,46,19:15,73,02:00,27,1,,,0.0,false,14.8,239.58948319256254,false
1,46,19:15,74,02:15,28,1,,,0.0,false,14.8,240.04211435810328,false
1,46,19:15,75,02:30,29,1,,,0.0,false,14.8,240.49474552364404,false
1,46,19:15,76,02:45,30,1,,,0.0,false,14.8,240.9473766891848,false
1,46,19:15,77,03:00,31,1,,,0.0,false,14.8,241.40000785472557,false
1,46,19:15,78,03:15,32,1,,,0.0,false,14.8,241.8526390202663,false
1,46,19:15,79,03:30,33,1,,,0.0,false,14.8,242.30527018580707,false
1,46,19:15,80,03:45,34,1,,,0.0,false,14.8,242.75790135134784,false
1,46,19:15,81,04:00,35,1,,,0.0,false,14.8,243.2105325168886,false
1,46,19:15,82,04:15,36,1,,,0.0,false,14.8,243.66316368242937,false
1,46,19:15,83,04:30,37,1,,,0.0,false,14.8,244.1157948479701,false
1,46,19:15,84,04:45,38,1,,,0.0,false,14.8,244.56842601351087,false
1,46,19:15,85,05:00,39,1,,,0.0,false,14.8,245.02105717905164,false
1,46,19:15,86,05:15,40,1,,,0.0,false,14.8,245.4736883445924,false
1,46,19:15,87,05:30,41,1,,,0.0,false,14.8,245.92631951013314,false
1,46,19:15,88,05:45,42,1,,,0.0,false,14.8,246.3789506756739,false
1,46,19:15,89,06:00,43,1,,,0.0,false,14.8,246.83158184121467,false
1,46,19:15,90,06:15,44,1,,,0.0,false,14.8,247.28421300675544,false
1,46,19:15,91,06:30,45,1,,,0.0,false,14.8,247.7368441722962,false
1,46,19:15,92,06:45,46,1,,,0.0,false,14.8,248.18947533783697,false
1,46,19:15,93,07:00,47,1,,,0.0,false,14.8,248.64210650337773,false
1,46,19:15,94,07:15,48,1,,,0.0,false,14.8,249.09473766891847,false
1,46,19:15,95,07:30,49,1,,,0.0,false,14.8,249.54736883445923,false
1,46,19:15,96,07:45,50,1,,,0.0,false,14.8,250.0,false
1,47,19:30,47,19:30,0,1,,,0.0,false,14.8,230.77214545728208,false
1,47,19:30,48,19:45,1,1,,,0.0,false,14.8,230.77214545728208,false
1,47,19:30,49,20:00,2,1,,,0.0,false,14.8,230.77214545728208,false
1,47,19:30,50,20:15,3,1,,,0.0,false,14.8,230.77214545728208,false
1,47,19:30,51,20:30,4,1,,,0.0,false,14.8,230.77214545728208,false
1,47,19:30,52,20:45,5,1,,,0.0,false,14.8,230.77214545728208,false
1,47,19:30,53,21:00,6,1,,,0.0,false,14.8,231.22477662282282,false
1,47,19:30,54,21:15,7,1,,,0.0,false,14.8,231.67740778836358,false
1,47,19:30,55,21:30,8,1,,,0.0,false,14.8,232.13003895390435,false
1,47,19:30,56,21:45,9,1,,,0.0,false,14.8,232.5826701194451,false
1,47,19:30,57,22:00,10,1,,,0.0,false,14.8,233.03530128498588,false
1,47,19:30,58,22:15,11,1,,,0.0,false,14.8,233.48793245052664,false
1,47,19:30,59,22:30,12,1,,,0.0,false,14.8,233.9405636160674,false
1,47,19:30,60,22:45,13,1,,,0.0,false,14.8,234.39319478160814,false
1,47,19:30,61,23:00,14,1,,,0.0,false,14.8,234.61054037161418,false
1,47,19:30,62,23:15,15,1,,,0.0,false,14.8,235.06317153715494,false
1,47,19:30,63,23:30,16,1,,,0.0,false,14.8,235.5158027026957,false
1,47,19:30,64,23:45,17,1,,,0.0,false,14.8,235.5158027026957,false
1,47,19:30,65,00:00,18,1,,,0.0,false,14.8,235.96843386823645,false
1,47,19:30,66,00:15,19,1,,,0.0,false,14.8,236.4210650337772,false
1,47,19:30,67,00:30,20,1,,,0.0,false,14.8,236.87369619931798,false
1,47,19:30,68,00:45,21,1,,,0.0,false,14.8,237.32632736485874,false
1,47,19:30,69,01:00,22,1,,,0.0,false,14.8,237.77895853039948,false
1,47,19:30,70,01:15,23,1,,,0.0,false,14.8,238.23158969594024,false
1,47,19:30,71,01:30,24,1,,,0.0,false,14.8,238.684220861481,false
1,47,19:30,72,01:45,25,1,,,0.0,false,14.8,239.13685202702177,false
1,47,19:30,73,02:00,26,1,,,0.0,false,14.8,239.58948319256254,false
1,47,19:30,74,02:15,27,1,,,0.0,false,14.8,240.04211435810328,false
1,47,19:30,75,02:30,28,1,,,0.0,false,14.8,240.49474552364404,false
1,47,19:30,76,02:45,29,1,,,0.0,false,14.8,240.9473766891848,false
1,47,19:30,77,03:00,30,1,,,0.0,false,14.8,241.40000785472557,false
1,47,19:30,78,03:15,31,1,,,0.0,false,14.8,241.8526390202663,false
1,47,19:30,79,03:30,32,1,,,0.0,false,14.8,242.30527018580707,false
1,47,19:30,80,03:45,33,1,,,0.0,false,14.8,242.75790135134784,false
1,47,19:30,81,04:00,34,1,,,0.0,false,14.8,243.2105325168886,false
1,47,19:30,82,04:15,35,1,,,0.0,false,14.8,243.66316368242937,false
1,47,19:30,83,04:30,36,1,,,0.0,false,14.8,244.1157948479701,false
1,47,19:30,84,04:45,37,1,,,0.0,false,14.8,244.56842601351087,false
1,47,19:30,85,05:00,38,1,,,0.0,false,14.8,245.02105717905164,false
1,47,19:30,86,05:15,39,1,,,0.0,false,14.8,245.4736883445924,false
1,47,19:30,87,05:30,40,1,,,0.0,false,14.8,245.92631951013314,false
1,47,19:30,88,05:45,41,1,,,0.0,false,14.8,246.3789506756739,false
1,47,19:30,89,06:00,42,1,,,0.0,false,14.8,246.83158184121467,false
1,47,19:30,90,06:15,43,1,,,0.0,false,14.8,247.28421300675544,false
1,47,19:30,91,06:30,44,1,,,0.0,false,14.8,247.7368441722962,false
1,47,19:30,92,06:45,45,1,,,0.0,false,14.8,248.18947533783697,false
1,47,19:30,93,07:00,46,1,,,0.0,false,14.8,248.64210650337773,false
1,47,19:30,94,07:15,47,1,,,0.0,false,14.8,249.09473766891847,false
1,47,19:30,95,07:30,48,1,,,0.0,false,14.8,249.54736883445923,false
1,47,19:30,96,07:45,49,1,,,0.0,false,14.8,250.0,false
1,48,19:45,48,19:45,0,1,,,0.0,false,14.8,230.77214545728208,false
1,48,19:45,49,20:00,1,1,,,0.0,false,14.8,230.77214545728208,false
1,48,19:45,50,20:15,2,1,,,0.0,false,14.8,230.77214545728208,false
1,48,19:45,51,20:30,3,1,,,0.0,false,14.8,230.77214545728208,false
1,48,19:45,52,20:45,4,1,,,0.0,false,14.8,230.77214545728208,false
1,48,19:45,53,21:00,5,1,,,0.0,false,14.8,231.22477662282284,false
1,48,19:45,54,21:15,6,1,,,0.0,false,14.8,231.6774077883636,false
1,48,19:45,55,21:30,7,1,,,0.0,false,14.8,232.13003895390437,false
1,48,19:45,56,21:45,8,1,,,0.0,false,14.8,232.5826701194451,false
1,48,19:45,57,22:00,9,1,,,0.0,false,14.8,233.03530128498588,false
1,48,19:45,58,22:15,10,1,,,0.0,false,14.8,233.48793245052664,false
1,48,19:45,59,22:30,11,1,,,0.0,false,14.8,233.9405636160674,false
1,48,19:45,60,22:45,12,1,,,0.0,false,14.8,234.39319478160814,false
1,48,19:45,61,23:00,13,1,,,0.0,false,14.8,234.61054037161418,false
1,48,19:45,62,23:15,14,1,,,0.0,false,14.8,235.06317153715494,false
1,48,19:45,63,23:30,15,1,,,0.0,false,14.8,235.5158027026957,false
1,48,19:45,64,23:45,16,1,,,0.0,false,14.8,235.5158027026957,false
1,48,19:45,65,00:00,17,1,,,0.0,false,14.8,235.96843386823645,false
1,48,19:45,66,00:15,18,1,,,0.0,false,14.8,236.4210650337772,false
1,48,19:45,67,00:30,19,1,,,0.0,false,14.8,236.87369619931798,false
1,48,19:45,68,00:45,20,1,,,0.0,false,14.8,237.32632736485874,false
1,48,19:45,69,01:00,21,1,,,0.0,false,14.8,237.77895853039948,false
1,48,19:45,70,01:15,22,1,,,0.0,false,14.8,238.23158969594024,false
1,48,19:45,71,01:30,23,1,,,0.0,false,14.8,238.684220861481,false
1,48,19:45,72,01:45,24,1,,,0.0,false,14.8,239.13685202702177,false
1,48,19:45,73,02:00,25,1,,,0.0,false,14.8,239.58948319256254,false
1,48,19:45,74,02:15,26,1,,,0.0,false,14.8,240.04211435810328,false
1,48,19:45,75,02:30,27,1,,,0.0,false,14.8,240.49474552364404,false
1,48,19:45,76,02:45,28,1,,,0.0,false,14.8,240.9473766891848,false
1,48,19:45,77,03:00,29,1,,,0.0,false,14.8,241.40000785472557,false
1,48,19:45,78,03:15,30,1,,,0.0,false,14.8,241.8526390202663,false
1,48,19:45,79,03:30,31,1,,,0.0,false,14.8,242.30527018580707,false
1,48,19:45,80,03:45,32,1,,,0.0,false,14.8,242.75790135134784,false
1,48,19:45,81,04:00,33,1,,,0.0,false,14.8,243.2105325168886,false
1,48,19:45,82,04:15,34,1,,,0.0,false,14.8,243.66316368242937,false
1,48,19:45,83,04:30,35,1,,,0.0,false,14.8,244.1157948479701,false
1,48,19:45,84,04:45,36,1,,,0.0,false,14.8,244.56842601351087,false
1,48,19:45,85,05:00,37,1,,,0.0,false,14.8,245.02105717905164,false
1,48,19:45,86,05:15,38,1,,,0.0,false,14.8,245.4736883445924,false
1,48,19:45,87,05:30,39,1,,,0.0,false,14.8,245.92631951013314,false
1,48,19:45,88,05:45,40,1,,,0.0,false,14.8,246.3789506756739,false
1,48,19:45,89,06:00,41,1,,,0.0,false,14.8,246.83158184121467,false
1,48,19:45,90,06:15,42,1,,,0.0,false,14.8,247.28421300675544,false
1,48,19:45,91,06:30,43,1,,,0.0,false,14.8,247.7368441722962,false
1,48,19:45,92,06:45,44,1,,,0.0,false,14.8,248.18947533783697,false
1,48,19:45,93,07:00,45,1,,,0.0,false,14.8,248.64210650337773,false
1,48,19:45,94,07:15,46,1,,,0.0,false,14.8,249.09473766891847,false
1,48,19:45,95,07:30,47,1,,,0.0,false,14.8,249.54736883445923,false
1,48,19:45,96,07:45,48,1,,,0.0,false,14.8,250.0,false
1,49,20:00,49,20:00,0,1,,,0.0,false,14.8,230.77214545728208,false
1,49,20:00,50,20:15,1,1,,,0.0,false,14.8,230.77214545728208,false
1,49,20:00,51,20:30,2,1,,,0.0,false,14.8,230.77214545728208,false
1,49,20:00,52,20:45,3,1,,,0.0,false,14.8,230.77214545728208,false
1,49,20:00,53,21:00,4,1,,,0.0,false,14.8,231.22477662282282,false
1,49,20:00,54,21:15,5,1,,,0.0,false,14.8,231.67740778836358,false
1,49,20:00,55,21:30,6,1,,,0.0,false,14.8,232.13003895390435,false
1,49,20:00,56,21:45,7,1,,,0.0,false,14.8,232.5826701194451,false
1,49,20:00,57,22:00,8,1,,,0.0,false,14.8,233.03530128498588,false
1,49,20:00,58,22:15,9,1,,,0.0,false,14.8,233.48793245052664,false
1,49,20:00,59,22:30,10,1,,,0.0,false,14.8,233.9405636160674,false
1,49,20:00,60,22:45,11,1,,,0.0,false,14.8,234.39319478160814,false
1,49,20:00,61,23:00,12,1,,,0.0,false,14.8,234.61054037161418,false
1,49,20:00,62,23:15,13,1,,,0.0,false,14.8,235.06317153715494,false
1,49,20:00,63,23:30,14,1,,,0.0,false,14.8,235.5158027026957,false
1,49,20:00,64,23:45,15,1,,,0.0,false,14.8,235.5158027026957,false
1,49,20:00,65,00:00,16,1,,,0.0,false,14.8,235.96843386823645,false
1,49,20:00,66,00:15,17,1,,,0.0,false,14.8,236.4210650337772,false
1,49,20:00,67,00:30,18,1,,,0.0,false,14.8,236.87369619931798,false
1,49,20:00,68,00:45,19,1,,,0.0,false,14.8,237.32632736485874,false
1,49,20:00,69,01:00,20,1,,,0.0,false,14.8,237.77895853039948,false
1,49,20:00,70,01:15,21,1,,,0.0,false,14.8,238.23158969594024,false
1,49,20:00,71,01:30,22,1,,,0.0,false,14.8,238.684220861481,false
1,49,20:00,72,01:45,23,1,,,0.0,false,14.8,239.13685202702177,false
1,49,20:00,73,02:00,24,1,,,0.0,false,14.8,239.58948319256254,false
1,49,20:00,74,02:15,25,1,,,0.0,false,14.8,240.04211435810328,false
1,49,20:00,75,02:30,26,1,,,0.0,false,14.8,240.49474552364404,false
1,49,20:00,76,02:45,27,1,,,0.0,false,14.8,240.9473766891848,false
1,49,20:00,77,03:00,28,1,,,0.0,false,14.8,241.40000785472557,false
1,49,20:00,78,03:15,29,1,,,0.0,false,14.8,241.8526390202663,false
1,49,20:00,79,03:30,30,1,,,0.0,false,14.8,242.30527018580707,false
1,49,20:00,80,03:45,31,1,,,0.0,false,14.8,242.75790135134784,false
1,49,20:00,81,04:00,32,1,,,0.0,false,14.8,243.2105325168886,false
1,49,20:00,82,04:15,33,1,,,0.0,false,14.8,243.66316368242937,false
1,49,20:00,83,04:30,34,1,,,0.0,false,14.8,244.1157948479701,false
1,49,20:00,84,04:45,35,1,,,0.0,false,14.8,244.56842601351087,false
1,49,20:00,85,05:00,36,1,,,0.0,false,14.8,245.02105717905164,false
1,49,20:00,86,05:15,37,1,,,0.0,false,14.8,245.4736883445924,false
1,49,20:00,87,05:30,38,1,,,0.0,false,14.8,245.92631951013314,false
1,49,20:00,88,05:45,39,1,,,0.0,false,14.8,246.3789506756739,false
1,49,20:00,89,06:00,40,1,,,0.0,false,14.8,246.83158184121467,false
1,49,20:00,90,06:15,41,1,,,0.0,false,14.8,247.28421300675544,false
1,49,20:00,91,06:30,42,1,,,0.0,false,14.8,247.7368441722962,false
1,49,20:00,92,06:45,43,1,,,0.0,false,14.8,248.18947533783697,false
1,49,20:00,93,07:00,44,1,,,0.0,false,14.8,248.64210650337773,false
1,49,20:00,94,07:15,45,1,,,0.0,false,14.8,249.09473766891847,false
1,49,20:00,95,07:30,46,1,,,0.0,false,14.8,249.54736883445923,false
1,49,20:00,96,07:45,47,1,,,0.0,false,14.8,250.0,false
1,50,20:15,50,20:15,0,1,,,0.0,false,14.8,230.77214545728208,false
1,50,20:15,51,20:30,1,1,,,0.0,false,14.8,230.77214545728208,false
1,50,20:15,52,20:45,2,1,,,0.0,false,14.8,230.77214545728208,false
1,50,20:15,53,21:00,3,1,,,0.0,false,14.8,231.22477662282284,false
1,50,20:15,54,21:15,4,1,,,0.0,false,14.8,231.6774077883636,false
1,50,20:15,55,21:30,5,1,,,0.0,false,14.8,232.13003895390437,false
1,50,20:15,56,21:45,6,1,,,0.0,false,14.8,232.5826701194451,false
1,50,20:15,57,22:00,7,1,,,0.0,false,14.8,233.03530128498588,false
1,50,20:15,58,22:15,8,1,,,0.0,false,14.8,233.48793245052664,false
1,50,20:15,59,22:30,9,1,,,0.0,false,14.8,233.9405636160674,false
1,50,20:15,60,22:45,10,1,,,0.0,false,14.8,234.39319478160814,false
1,50,20:15,61,23:00,11,1,,,0.0,false,14.8,234.61054037161418,false
1,50,20:15,62,23:15,12,1,,,0.0,false,14.8,235.06317153715494,false
1,50,20:15,63,23:30,13,1,,,0.0,false,14.8,235.5158027026957,false
1,50,20:15,64,23:45,14,1,,,0.0,false,14.8,235.5158027026957,false
1,50,20:15,65,00:00,15,1,,,0.0,false,14.8,235.96843386823645,false
1,50,20:15,66,00:15,16,1,,,0.0,false,14.8,236.4210650337772,false
1,50,20:15,67,00:30,17,1,,,0.0,false,14.8,236.87369619931798,false
1,50,20:15,68,00:45,18,1,,,0.0,false,14.8,237.32632736485874,false
1,50,20:15,69,01:00,19,1,,,0.0,false,14.8,237.77895853039948,false
1,50,20:15,70,01:15,20,1,,,0.0,false,14.8,238.23158969594024,false
1,50,20:15,71,01:30,21,1,,,0.0,false,14.8,238.684220861481,false
1,50,20:15,72,01:45,22,1,,,0.0,false,14.8,239.13685202702177,false
1,50,20:15,73,02:00,23,1,,,0.0,false,14.8,239.58948319256254,false
1,50,20:15,74,02:15,24,1,,,0.0,false,14.8,240.04211435810328,false
1,50,20:15,75,02:30,25,1,,,0.0,false,14.8,240.49474552364404,false
1,50,20:15,76,02:45,26,1,,,0.0,false,14.8,240.9473766891848,false
1,50,20:15,77,03:00,27,1,,,0.0,false,14.8,241.40000785472557,false
1,50,20:15,78,03:15,28,1,,,0.0,false,14.8,241.8526390202663,false
1,50,20:15,79,03:30,29,1,,,0.0,false,14.8,242.30527018580707,false
1,50,20:15,80,03:45,30,1,,,0.0,false,14.8,242.75790135134784,false
1,50,20:15,81,04:00,31,1,,,0.0,false,14.8,243.2105325168886,false
1,50,20:15,82,04:15,32,1,,,0.0,false,14.8,243.66316368242937,false
1,50,20:15,83,04:30,33,1,,,0.0,false,14.8,244.1157948479701,false
1,50,20:15,84,04:45,34,1,,,0.0,false,14.8,244.56842601351087,false
1,50,20:15,85,05:00,35,1,,,0.0,false,14.8,245.02105717905164,false
1,50,20:15,86,05:15,36,1,,,0.0,false,14.8,245.4736883445924,false
1,50,20:15,87,05:30,37,1,,,0.0,false,14.8,245.92631951013314,false
1,50,20:15,88,05:45,38,1,,,0.0,false,14.8,246.3789506756739,false
1,50,20:15,89,06:00,39,1,,,0.0,false,14.8,246.83158184121467,false
1,50,20:15,90,06:15,40,1,,,0.0,false,14.8,247.28421300675544,false
1,50,20:15,91,06:30,41,1,,,0.0,false,14.8,247.7368441722962,false
1,50,20:15,92,06:45,42,1,,,0.0,false,14.8,248.18947533783697,false
1,50,20:15,93,07:00,43,1,,,0.0,false,14.8,248.64210650337773,false
1,50,20:15,94,07:15,44,1,,,0.0,false,14.8,249.09473766891847,false
1,50,20:15,95,07:30,45,1,,,0.0,false,14.8,249.54736883445923,false
1,50,20:15,96,07:45,46,1,,,0.0,false,14.8,250.0,false
1,51,20:30,51,20:30,0,1,,,0.0,false,14.8,230.77214545728208,false
1,51,20:30,52,20:45,1,1,,,0.0,false,14.8,230.77214545728208,false
1,51,20:30,53,21:00,2,1,,,0.0,false,14.8,231.22477662282284,false
1,51,20:30,54,21:15,3,1,,,0.0,false,14.8,231.6774077883636,false
1,51,20:30,55,21:30,4,1,,,0.0,false,14.8,232.13003895390437,false
1,51,20:30,56,21:45,5,1,,,0.0,false,14.8,232.58267011944514,false
1,51,20:30,57,22:00,6,1,,,0.0,false,14.8,233.0353012849859,false
1,51,20:30,58,22:15,7,1,,,0.0,false,14.8,233.4879324505266,false
1,51,20:30,59,22:30,8,1,,,0.0,false,14.8,233.94056361606738,false
1,51,20:30,60,22:45,9,1,,,0.0,false,14.8,234.39319478160814,false
1,51,20:30,61,23:00,10,1,,,0.0,false,14.8,234.61054037161418,false
1,51,20:30,62,23:15,11,1,,,0.0,false,14.8,235.06317153715491,false
1,51,20:30,63,23:30,12,1,,,0.0,false,14.8,235.51580270269568,false
1,51,20:30,64,23:45,13,1,,,0.0,false,14.8,235.51580270269568,false
1,51,20:30,65,00:00,14,1,,,0.0,false,14.8,235.96843386823645,false
1,51,20:30,66,00:15,15,1,,,0.0,false,14.8,236.4210650337772,false
1,51,20:30,67,00:30,16,1,,,0.0,false,14.8,236.87369619931798,false
1,51,20:30,68,00:45,17,1,,,0.0,false,14.8,237.32632736485874,false
1,51,20:30,69,01:00,18,1,,,0.0,false,14.8,237.77895853039948,false
1,51,20:30,70,01:15,19,1,,,0.0,false,14.8,238.23158969594024,false
1,51,20:30,71,01:30,20,1,,,0.0,false,14.8,238.684220861481,false
1,51,20:30,72,01:45,21,1,,,0.0,false,14.8,239.13685202702177,false
1,51,20:30,73,02:00,22,1,,,0.0,false,14.8,239.58948319256254,false
1,51,20:30,74,02:15,23,1,,,0.0,false,14.8,240.04211435810328,false
1,51,20:30,75,02:30,24,1,,,0.0,false,14.8,240.49474552364404,false
1,51,20:30,76,02:45,25,1,,,0.0,false,14.8,240.9473766891848,false
1,51,20:30,77,03:00,26,1,,,0.0,false,14.8,241.40000785472557,false
1,51,20:30,78,03:15,27,1,,,0.0,false,14.8,241.8526390202663,false
1,51,20:30,79,03:30,28,1,,,0.0,false,14.8,242.30527018580707,false
1,51,20:30,80,03:45,29,1,,,0.0,false,14.8,242.75790135134784,false
1,51,20:30,81,04:00,30,1,,,0.0,false,14.8,243.2105325168886,false
1,51,20:30,82,04:15,31,1,,,0.0,false,14.8,243.66316368242937,false
1,51,20:30,83,04:30,32,1,,,0.0,false,14.8,244.1157948479701,false
1,51,20:30,84,04:45,33,1,,,0.0,false,14.8,244.56842601351087,false
1,51,20:30,85,05:00,34,1,,,0.0,false,14.8,245.02105717905164,false
1,51,20:30,86,05:15,35,1,,,0.0,false,14.8,245.4736883445924,false
1,51,20:30,87,05:30,36,1,,,0.0,false,14.8,245.92631951013314,false
1,51,20:30,88,05:45,37,1,,,0.0,false,14.8,246.3789506756739,false
1,51,20:30,89,06:00,38,1,,,0.0,false,14.8,246.83158184121467,false
1,51,20:30,90,06:15,39,1,,,0.0,false,14.8,247.28421300675544,false
1,51,20:30,91,06:30,40,1,,,0.0,false,14.8,247.7368441722962,false
1,51,20:30,92,06:45,41,1,,,0.0,false,14.8,248.18947533783697,false
1,51,20:30,93,07:00,42,1,,,0.0,false,14.8,248.64210650337773,false
1,51,20:30,94,07:15,43,1,,,0.0,false,14.8,249.09473766891847,false
1,51,20:30,95,07:30,44,1,,,0.0,false,14.8,249.54736883445923,false
1,51,20:30,96,07:45,45,1,,,0.0,false,14.8,250.0,false
1,52,20:45,52,20:45,0,1,,,0.0,false,14.8,230.77214545728208,false
1,52,20:45,53,21:00,1,1,,,0.0,false,14.8,231.22477662282282,false
1,52,20:45,54,21:15,2,1,,,0.0,false,14.8,231.67740778836358,false
1,52,20:45,55,21:30,3,1,,,0.0,false,14.8,232.13003895390435,false
1,52,20:45,56,21:45,4,1,,,0.0,false,14.8,232.5826701194451,false
1,52,20:45,57,22:00,5,1,,,0.0,false,14.8,233.03530128498588,false
1,52,20:45,58,22:15,6,1,,,0.0,false,14.8,233.48793245052664,false
1,52,20:45,59,22:30,7,1,,,0.0,false,14.8,233.9405636160674,false
1,52,20:45,60,22:45,8,1,,,0.0,false,14.8,234.39319478160817,false
1,52,20:45,61,23:00,9,1,,,0.0,false,14.8,234.6105403716142,false
1,52,20:45,62,23:15,10,1,,,0.0,false,14.8,235.06317153715494,false
1,52,20:45,63,23:30,11,1,,,0.0,false,14.8,235.5158027026957,false
1,52,20:45,64,23:45,12,1,,,0.0,false,14.8,235.5158027026957,false
1,52,20:45,65,00:00,13,1,,,0.0,false,14.8,235.96843386823647,false
1,52,20:45,66,00:15,14,1,,,0.0,false,14.8,236.42106503377724,false
1,52,20:45,67,00:30,15,1,,,0.0,false,14.8,236.87369619931795,false
1,52,20:45,68,00:45,16,1,,,0.0,false,14.8,237.3263273648587,false
1,52,20:45,69,01:00,17,1,,,0.0,false,14.8,237.77895853039948,false
1,52,20:45,70,01:15,18,1,,,0.0,false,14.8,238.23158969594024,false
1,52,20:45,71,01:30,19,1,,,0.0,false,14.8,238.68422086148098,false
1,52,20:45,72,01:45,20,1,,,0.0,false,14.8,239.13685202702175,false
1,52,20:45,73,02:00,21,1,,,0.0,false,14.8,239.5894831925625,false
1,52,20:45,74,02:15,22,1,,,0.0,false,14.8,240.04211435810328,false
1,52,20:45,75,02:30,23,1,,,0.0,false,14.8,240.49474552364404,false
1,52,20:45,76,02:45,24,1,,,0.0,false,14.8,240.9473766891848,false
1,52,20:45,77,03:00,25,1,,,0.0,false,14.8,241.40000785472557,false
1,52,20:45,78,03:15,26,1,,,0.0,false,14.8,241.8526390202663,false
1,52,20:45,79,03:30,27,1,,,0.0,false,14.8,242.30527018580707,false
1,52,20:45,80,03:45,28,1,,,0.0,false,14.8,242.75790135134784,false
1,52,20:45,81,04:00,29,1,,,0.0,false,14.8,243.2105325168886,false
1,52,20:45,82,04:15,30,1,,,0.0,false,14.8,243.66316368242937,false
1,52,20:45,83,04:30,31,1,,,0.0,false,14.8,244.1157948479701,false
1,52,20:45,84,04:45,32,1,,,0.0,false,14.8,244.56842601351087,false
1,52,20:45,85,05:00,33,1,,,0.0,false,14.8,245.02105717905164,false
1,52,20:45,86,05:15,34,1,,,0.0,false,14.8,245.4736883445924,false
1,52,20:45,87,05:30,35,1,,,0.0,false,14.8,245.92631951013314,false
1,52,20:45,88,05:45,36,1,,,0.0,false,14.8,246.3789506756739,false
1,52,20:45,89,06:00,37,1,,,0.0,false,14.8,246.83158184121467,false
1,52,20:45,90,06:15,38,1,,,0.0,false,14.8,247.28421300675544,false
1,52,20:45,91,06:30,39,1,,,0.0,false,14.8,247.7368441722962,false
1,52,20:45,92,06:45,40,1,,,0.0,false,14.8,248.18947533783697,false
1,52,20:45,93,07:00,41,1,,,0.0,false,14.8,248.64210650337773,false
1,52,20:45,94,07:15,42,1,,,0.0,false,14.8,249.09473766891847,false
1,52,20:45,95,07:30,43,1,,,0.0,false,14.8,249.54736883445923,false
1,52,20:45,96,07:45,44,1,,,0.0,false,14.8,250.0,false
1,53,21:00,53,21:00,0,1,,,0.0,false,14.8,231.22477662282284,false
1,53,21:00,54,21:15,1,1,,,0.0,false,14.8,231.6774077883636,false
1,53,21:00,55,21:30,2,1,,,0.0,false,14.8,232.13003895390437,false
1,53,21:00,56,21:45,3,1,,,0.0,false,14.8,232.5826701194451,false
1,53,21:00,57,22:00,4,1,,,0.0,false,14.8,233.03530128498588,false
1,53,21:00,58,22:15,5,1,,,0.0,false,14.8,233.48793245052664,false
1,53,21:00,59,22:30,6,1,,,0.0,false,14.8,233.9405636160674,false
1,53,21:00,60,22:45,7,1,,,0.0,false,14.8,234.39319478160817,false
1,53,21:00,61,23:00,8,1,,,0.0,false,14.8,234.6105403716142,false
1,53,21:00,62,23:15,9,1,,,0.0,false,14.8,235.06317153715494,false
1,53,21:00,63,23:30,10,1,,,0.0,false,14.8,235.5158027026957,false
1,53,21:00,64,23:45,11,1,,,0.0,false,14.8,235.5158027026957,false
1,53,21:00,65,00:00,12,1,,,0.0,false,14.8,235.96843386823647,false
1,53,21:00,66,00:15,13,1,,,0.0,false,14.8,236.42106503377724,false
1,53,21:00,67,00:30,14,1,,,0.0,false,14.8,236.87369619931798,false
1,53,21:00,68,00:45,15,1,,,0.0,false,14.8,237.32632736485874,false
1,53,21:00,69,01:00,16,1,,,0.0,false,14.8,237.7789585303995,false
1,53,21:00,70,01:15,17,1,,,0.0,false,14.8,238.23158969594027,false
1,53,21:00,71,01:30,18,1,,,0.0,false,14.8,238.684220861481,false
1,53,21:00,72,01:45,19,1,,,0.0,false,14.8,239.13685202702177,false
1,53,21:00,73,02:00,20,1,,,0.0,false,14.8,239.58948319256254,false
1,53,21:00,74,02:15,21,1,,,0.0,false,14.8,240.0421143581033,false
1,53,21:00,75,02:30,22,1,,,0.0,false,14.8,240.49474552364407,false
1,53,21:00,76,02:45,23,1,,,0.0,false,14.8,240.9473766891848,false
1,53,21:00,77,03:00,24,1,,,0.0,false,14.8,241.40000785472557,false
1,53,21:00,78,03:15,25,1,,,0.0,false,14.8,241.85263902026634,false
1,53,21:00,79,03:30,26,1,,,0.0,false,14.8,242.3052701858071,false
1,53,21:00,80,03:45,27,1,,,0.0,false,14.8,242.75790135134784,false
1,53,21:00,81,04:00,28,1,,,0.0,false,14.8,243.2105325168886,false
1,53,21:00,82,04:15,29,1,,,0.0,false,14.8,243.66316368242937,false
1,53,21:00,83,04:30,30,1,,,0.0,false,14.8,244.11579484797014,false
1,53,21:00,84,04:45,31,1,,,0.0,false,14.8,244.5684260135109,false
1,53,21:00,85,05:00,32,1,,,0.0,false,14.8,245.02105717905164,false
1,53,21:00,86,05:15,33,1,,,0.0,false,14.8,245.4736883445924,false
1,53,21:00,87,05:30,34,1,,,0.0,false,14.8,245.92631951013314,false
1,53,21:00,88,05:45,35,1,,,0.0,false,14.8,246.3789506756739,false
1,53,21:00,89,06:00,36,1,,,0.0,false,14.8,246.83158184121467,false
1,53,21:00,90,06:15,37,1,,,0.0,false,14.8,247.28421300675544,false
1,53,21:00,91,06:30,38,1,,,0.0,false,14.8,247.7368441722962,false
1,53,21:00,92,06:45,39,1,,,0.0,false,14.8,248.18947533783697,false
1,53,21:00,93,07:00,40,1,,,0.0,false,14.8,248.64210650337773,false
1,53,21:00,94,07:15,41,1,,,0.0,false,14.8,249.09473766891847,false
1,53,21:00,95,07:30,42,1,,,0.0,false,14.8,249.54736883445923,false
1,53,21:00,96,07:45,43,1,,,0.0,false,14.8,250.0,false
1,54,21:15,54,21:15,0,1,,,0.0,false,14.8,231.6774077883636,false
1,54,21:15,55,21:30,1,1,,,0.0,false,14.8,232.13003895390437,false
1,54,21:15,56,21:45,2,1,,,0.0,false,14.8,232.5826701194451,false
1,54,21:15,57,22:00,3,1,,,0.0,false,14.8,233.03530128498588,false
1,54,21:15,58,22:15,4,1,,,0.0,false,14.8,233.48793245052664,false
1,54,21:15,59,22:30,5,1,,,0.0,false,14.8,233.9405636160674,false
1,54,21:15,60,22:45,6,1,,,0.0,false,14.8,234.39319478160817,false
1,54,21:15,61,23:00,7,1,,,0.0,false,14.8,234.61054037161418,false
1,54,21:15,62,23:15,8,1,,,0.0,false,14.8,235.06317153715494,false
1,54,21:15,63,23:30,9,1,,,0.0,false,14.8,235.5158027026957,false
1,54,21:15,64,23:45,10,1,,,0.0,false,14.8,235.5158027026957,false
1,54,21:15,65,00:00,11,1,,,0.0,false,14.8,235.96843386823647,false
1,54,21:15,66,00:15,12,1,,,0.0,false,14.8,236.42106503377724,false
1,54,21:15,67,00:30,13,1,,,0.0,false,14.8,236.87369619931798,false
1,54,21:15,68,00:45,14,1,,,0.0,false,14.8,237.32632736485874,false
1,54,21:15,69,01:00,15,1,,,0.0,false,14.8,237.7789585303995,false
1,54,21:15,70,01:15,16,1,,,0.0,false,14.8,238.23158969594027,false
1,54,21:15,71,01:30,17,1,,,0.0,false,14.8,238.684220861481,false
1,54,21:15,72,01:45,18,1,,,0.0,false,14.8,239.13685202702177,false
1,54,21:15,73,02:00,19,1,,,0.0,false,14.8,239.58948319256254,false
1,54,21:15,74,02:15,20,1,,,0.0,false,14.8,240.0421143581033,false
1,54,21:15,75,02:30,21,1,,,0.0,false,14.8,240.49474552364407,false
1,54,21:15,76,02:45,22,1,,,0.0,false,14.8,240.9473766891848,false
1,54,21:15,77,03:00,23,1,,,0.0,false,14.8,241.40000785472557,false
1,54,21:15,78,03:15,24,1,,,0.0,false,14.8,241.85263902026634,false
1,54,21:15,79,03:30,25,1,,,0.0,false,14.8,242.3052701858071,false
1,54,21:15,80,03:45,26,1,,,0.0,false,14.8,242.75790135134784,false
1,54,21:15,81,04:00,27,1,,,0.0,false,14.8,243.2105325168886,false
1,54,21:15,82,04:15,28,1,,,0.0,false,14.8,243.66316368242937,false
1,54,21:15,83,04:30,29,1,,,0.0,false,14.8,244.11579484797014,false
1,54,21:15,84,04:45,30,1,,,0.0,false,14.8,244.5684260135109,false
1,54,21:15,85,05:00,31,1,,,0.0,false,14.8,245.02105717905164,false
1,54,21:15,86,05:15,32,1,,,0.0,false,14.8,245.4736883445924,false
1,54,21:15,87,05:30,33,1,,,0.0,false,14.8,245.92631951013317,false
1,54,21:15,88,05:45,34,1,,,0.0,false,14.8,246.37895067567393,false
1,54,21:15,89,06:00,35,1,,,0.0,false,14.8,246.83158184121467,false
1,54,21:15,90,06:15,36,1,,,0.0,false,14.8,247.28421300675544,false
1,54,21:15,91,06:30,37,1,,,0.0,false,14.8,247.7368441722962,false
1,54,21:15,92,06:45,38,1,,,0.0,false,14.8,248.18947533783697,false
1,54,21:15,93,07:00,39,1,,,0.0,false,14.8,248.64210650337773,false
1,54,21:15,94,07:15,40,1,,,0.0,false,14.8,249.09473766891847,false
1,54,21:15,95,07:30,41,1,,,0.0,false,14.8,249.54736883445923,false
1,54,21:15,96,07:45,42,1,,,0.0,false,14.8,250.0,false
1,55,21:30,55,21:30,0,1,,,0.0,false,14.8,232.13003895390437,false
1,55,21:30,56,21:45,1,1,,,0.0,false,14.8,232.5826701194451,false
1,55,21:30,57,22:00,2,1,,,0.0,false,14.8,233.03530128498588,false
1,55,21:30,58,22:15,3,1,,,0.0,false,14.8,233.48793245052664,false
1,55,21:30,59,22:30,4,1,,,0.0,false,14.8,233.9405636160674,false
1,55,21:30,60,22:45,5,1,,,0.0,false,14.8,234.39319478160817,false
1,55,21:30,61,23:00,6,1,,,0.0,false,14.8,234.61054037161418,false
1,55,21:30,62,23:15,7,1,,,0.0,false,14.8,235.06317153715491,false
1,55,21:30,63,23:30,8,1,,,0.0,false,14.8,235.51580270269568,false
1,55,21:30,64,23:45,9,1,,,0.0,false,14.8,235.51580270269568,false
1,55,21:30,65,00:00,10,1,,,0.0,false,14.8,235.96843386823645,false
1,55,21:30,66,00:15,11,1,,,0.0,false,14.8,236.4210650337772,false
1,55,21:30,67,00:30,12,1,,,0.0,false,14.8,236.87369619931798,false
1,55,21:30,68,00:45,13,1,,,0.0,false,14.8,237.32632736485874,false
1,55,21:30,69,01:00,14,1,,,0.0,false,14.8,237.7789585303995,false
1,55,21:30,70,01:15,15,1,,,0.0,false,14.8,238.23158969594027,false
1,55,21:30,71,01:30,16,1,,,0.0,false,14.8,238.684220861481,false
1,55,21:30,72,01:45,17,1,,,0.0,false,14.8,239.13685202702177,false
1,55,21:30,73,02:00,18,1,,,0.0,false,14.8,239.58948319256254,false
1,55,21:30,74,02:15,19,1,,,0.0,false,14.8,240.0421143581033,false
1,55,21:30,75,02:30,20,1,,,0.0,false,14.8,240.49474552364407,false
1,55,21:30,76,02:45,21,1,,,0.0,false,14.8,240.9473766891848,false
1,55,21:30,77,03:00,22,1,,,0.0,false,14.8,241.40000785472557,false
1,55,21:30,78,03:15,23,1,,,0.0,false,14.8,241.85263902026634,false
1,55,21:30,79,03:30,24,1,,,0.0,false,14.8,242.3052701858071,false
1,55,21:30,80,03:45,25,1,,,0.0,false,14.8,242.75790135134784,false
1,55,21:30,81,04:00,26,1,,,0.0,false,14.8,243.2105325168886,false
1,55,21:30,82,04:15,27,1,,,0.0,false,14.8,243.66316368242937,false
1,55,21:30,83,04:30,28,1,,,0.0,false,14.8,244.11579484797014,false
1,55,21:30,84,04:45,29,1,,,0.0,false,14.8,244.5684260135109,false
1,55,21:30,85,05:00,30,1,,,0.0,false,14.8,245.02105717905164,false
1,55,21:30,86,05:15,31,1,,,0.0,false,14.8,245.4736883445924,false
1,55,21:30,87,05:30,32,1,,,0.0,false,14.8,245.92631951013317,false
1,55,21:30,88,05:45,33,1,,,0.0,false,14.8,246.37895067567393,false
1,55,21:30,89,06:00,34,1,,,0.0,false,14.8,246.83158184121467,false
1,55,21:30,90,06:15,35,1,,,0.0,false,14.8,247.28421300675544,false
1,55,21:30,91,06:30,36,1,,,0.0,false,14.8,247.7368441722962,false
1,55,21:30,92,06:45,37,1,,,0.0,false,14.8,248.18947533783697,false
1,55,21:30,93,07:00,38,1,,,0.0,false,14.8,248.64210650337773,false
1,55,21:30,94,07:15,39,1,,,0.0,false,14.8,249.09473766891847,false
1,55,21:30,95,07:30,40,1,,,0.0,false,14.8,249.54736883445923,false
1,55,21:30,96,07:45,41,1,,,0.0,false,14.8,250.0,false
1,56,21:45,56,21:45,0,1,,,0.0,false,14.8,232.58267011944514,false
1,56,21:45,57,22:00,1,1,,,0.0,false,14.8,233.0353012849859,false
1,56,21:45,58,22:15,2,1,,,0.0,false,14.8,233.48793245052664,false
1,56,21:45,59,22:30,3,1,,,0.0,false,14.8,233.9405636160674,false
1,56,21:45,60,22:45,4,1,,,0.0,false,14.8,234.39319478160817,false
1,56,21:45,61,23:00,5,1,,,0.0,false,14.8,234.61054037161418,false
1,56,21:45,62,23:15,6,1,,,0.0,false,14.8,235.06317153715494,false
1,56,21:45,63,23:30,7,1,,,0.0,false,14.8,235.5158027026957,false
1,56,21:45,64,23:45,8,1,,,0.0,false,14.8,235.5158027026957,false
1,56,21:45,65,00:00,9,1,,,0.0,false,14.8,235.96843386823647,false
1,56,21:45,66,00:15,10,1,,,0.0,false,14.8,236.42106503377724,false
1,56,21:45,67,00:30,11,1,,,0.0,false,14.8,236.87369619931798,false
1,56,21:45,68,00:45,12,1,,,0.0,false,14.8,237.32632736485874,false
1,56,21:45,69,01:00,13,1,,,0.0,false,14.8,237.7789585303995,false
1,56,21:45,70,01:15,14,1,,,0.0,false,14.8,238.23158969594027,false
1,56,21:45,71,01:30,15,1,,,0.0,false,14.8,238.684220861481,false
1,56,21:45,72,01:45,16,1,,,0.0,false,14.8,239.13685202702177,false
1,56,21:45,73,02:00,17,1,,,0.0,false,14.8,239.58948319256254,false
1,56,21:45,74,02:15,18,1,,,0.0,false,14.8,240.0421143581033,false
1,56,21:45,75,02:30,19,1,,,0.0,false,14.8,240.49474552364407,false
1,56,21:45,76,02:45,20,1,,,0.0,false,14.8,240.9473766891848,false
1,56,21:45,77,03:00,21,1,,,0.0,false,14.8,241.40000785472557,false
1,56,21:45,78,03:15,22,1,,,0.0,false,14.8,241.85263902026634,false
1,56,21:45,79,03:30,23,1,,,0.0,false,14.8,242.3052701858071,false
1,56,21:45,80,03:45,24,1,,,0.0,false,14.8,242.75790135134784,false
1,56,21:45,81,04:00,25,1,,,0.0,false,14.8,243.2105325168886,false
1,56,21:45,82,04:15,26,1,,,0.0,false,14.8,243.66316368242937,false
1,56,21:45,83,04:30,27,1,,,0.0,false,14.8,244.11579484797014,false
1,56,21:45,84,04:45,28,1,,,0.0,false,14.8,244.5684260135109,false
1,56,21:45,85,05:00,29,1,,,0.0,false,14.8,245.02105717905164,false
1,56,21:45,86,05:15,30,1,,,0.0,false,14.8,245.4736883445924,false
1,56,21:45,87,05:30,31,1,,,0.0,false,14.8,245.92631951013317,false
1,56,21:45,88,05:45,32,1,,,0.0,false,14.8,246.37895067567393,false
1,56,21:45,89,06:00,33,1,,,0.0,false,14.8,246.83158184121467,false
1,56,21:45,90,06:15,34,1,,,0.0,false,14.8,247.28421300675544,false
1,56,21:45,91,06:30,35,1,,,0.0,false,14.8,247.7368441722962,false
1,56,21:45,92,06:45,36,1,,,0.0,false,14.8,248.18947533783697,false
1,56,21:45,93,07:00,37,1,,,0.0,false,14.8,248.64210650337773,false
1,56,21:45,94,07:15,38,1,,,0.0,false,14.8,249.09473766891847,false
1,56,21:45,95,07:30,39,1,,,0.0,false,14.8,249.54736883445923,false
1,56,21:45,96,07:45,40,1,,,0.0,false,14.8,250.0,false
1,57,22:00,57,22:00,0,1,,,0.0,false,14.8,233.0353012849859,false
1,57,22:00,58,22:15,1,1,,,0.0,false,14.8,233.48793245052664,false
1,57,22:00,59,22:30,2,1,,,0.0,false,14.8,233.9405636160674,false
1,57,22:00,60,22:45,3,1,,,0.0,false,14.8,234.39319478160817,false
1,57,22:00,61,23:00,4,1,,,0.0,false,14.8,234.61054037161418,false
1,57,22:00,62,23:15,5,1,,,0.0,false,14.8,235.06317153715491,false
1,57,22:00,63,23:30,6,1,,,0.0,false,14.8,235.51580270269568,false
1,57,22:00,64,23:45,7,1,,,0.0,false,14.8,235.51580270269568,false
1,57,22:00,65,00:00,8,1,,,0.0,false,14.8,235.96843386823645,false
1,57,22:00,66,00:15,9,1,,,0.0,false,14.8,236.4210650337772,false
1,57,22:00,67,00:30,10,1,,,0.0,false,14.8,236.87369619931798,false
1,57,22:00,68,00:45,11,1,,,0.0,false,14.8,237.32632736485874,false
1,57,22:00,69,01:00,12,1,,,0.0,false,14.8,237.7789585303995,false
1,57,22:00,70,01:15,13,1,,,0.0,false,14.8,238.23158969594027,false
1,57,22:00,71,01:30,14,1,,,0.0,false,14.8,238.684220861481,false
1,57,22:00,72,01:45,15,1,,,0.0,false,14.8,239.13685202702177,false
1,57,22:00,73,02:00,16,1,,,0.0,false,14.8,239.58948319256254,false
1,57,22:00,74,02:15,17,1,,,0.0,false,14.8,240.0421143581033,false
1,57,22:00,75,02:30,18,1,,,0.0,false,14.8,240.49474552364407,false
1,57,22:00,76,02:45,19,1,,,0.0,false,14.8,240.9473766891848,false
1,57,22:00,77,03:00,20,1,,,0.0,false,14.8,241.40000785472557,false
1,57,22:00,78,03:15,21,1,,,0.0,false,14.8,241.85263902026634,false
1,57,22:00,79,03:30,22,1,,,0.0,false,14.8,242.3052701858071,false
1,57,22:00,80,03:45,23,1,,,0.0,false,14.8,242.75790135134784,false
1,57,22:00,81,04:00,24,1,,,0.0,false,14.8,243.2105325168886,false
1,57,22:00,82,04:15,25,1,,,0.0,false,14.8,243.66316368242937,false
1,57,22:00,83,04:30,26,1,,,0.0,false,14.8,244.11579484797014,false
1,57,22:00,84,04:45,27,1,,,0.0,false,14.8,244.5684260135109,false
1,57,22:00,85,05:00,28,1,,,0.0,false,14.8,245.02105717905164,false
1,57,22:00,86,05:15,29,1,,,0.0,false,14.8,245.4736883445924,false
1,57,22:00,87,05:30,30,1,,,0.0,false,14.8,245.92631951013317,false
1,57,22:00,88,05:45,31,1,,,0.0,false,14.8,246.37895067567393,false
1,57,22:00,89,06:00,32,1,,,0.0,false,14.8,246.83158184121467,false
1,57,22:00,90,06:15,33,1,,,0.0,false,14.8,247.28421300675544,false
1,57,22:00,91,06:30,34,1,,,0.0,false,14.8,247.7368441722962,false
1,57,22:00,92,06:45,35,1,,,0.0,false,14.8,248.18947533783697,false
1,57,22:00,93,07:00,36,1,,,0.0,false,14.8,248.64210650337773,false
1,57,22:00,94,07:15,37,1,,,0.0,false,14.8,249.09473766891847,false
1,57,22:00,95,07:30,38,1,,,0.0,false,14.8,249.54736883445923,false
1,57,22:00,96,07:45,39,1,,,0.0,false,14.8,250.0,false
1,58,22:15,58,22:15,0,1,,,0.0,false,14.8,233.48793245052667,false
1,58,22:15,59,22:30,1,1,,,0.0,false,14.8,233.94056361606744,false
1,58,22:15,60,22:45,2,1,,,0.0,false,14.8,234.39319478160817,false
1,58,22:15,61,23:00,3,1,,,0.0,false,14.8,234.61054037161415,false
1,58,22:15,62,23:15,4,1,,,0.0,false,14.8,235.06317153715491,false
1,58,22:15,63,23:30,5,1,,,0.0,false,14.8,235.51580270269568,false
1,58,22:15,64,23:45,6,1,,,0.0,false,14.8,235.51580270269568,false
1,58,22:15,65,00:00,7,1,,,0.0,false,14.8,235.96843386823645,false
1,58,22:15,66,00:15,8,1,,,0.0,false,14.8,236.4210650337772,false
1,58,22:15,67,00:30,9,1,,,0.0,false,14.8,236.87369619931798,false
1,58,22:15,68,00:45,10,1,,,0.0,false,14.8,237.32632736485874,false
1,58,22:15,69,01:00,11,1,,,0.0,false,14.8,237.7789585303995,false
1,58,22:15,70,01:15,12,1,,,0.0,false,14.8,238.23158969594027,false
1,58,22:15,71,01:30,13,1,,,0.0,false,14.8,238.684220861481,false
1,58,22:15,72,01:45,14,1,,,0.0,false,14.8,239.13685202702177,false
1,58,22:15,73,02:00,15,1,,,0.0,false,14.8,239.58948319256254,false
1,58,22:15,74,02:15,16,1,,,0.0,false,14.8,240.0421143581033,false
1,58,22:15,75,02:30,17,1,,,0.0,false,14.8,240.49474552364407,false
1,58,22:15,76,02:45,18,1,,,0.0,false,14.8,240.9473766891848,false
1,58,22:15,77,03:00,19,1,,,0.0,false,14.8,241.40000785472557,false
1,58,22:15,78,03:15,20,1,,,0.0,false,14.8,241.85263902026634,false
1,58,22:15,79,03:30,21,1,,,0.0,false,14.8,242.3052701858071,false
1,58,22:15,80,03:45,22,1,,,0.0,false,14.8,242.75790135134784,false
1,58,22:15,81,04:00,23,1,,,0.0,false,14.8,243.2105325168886,false
1,58,22:15,82,04:15,24,1,,,0.0,false,14.8,243.66316368242937,false
1,58,22:15,83,04:30,25,1,,,0.0,false,14.8,244.11579484797014,false
1,58,22:15,84,04:45,26,1,,,0.0,false,14.8,244.5684260135109,false
1,58,22:15,85,05:00,27,1,,,0.0,false,14.8,245.02105717905164,false
1,58,22:15,86,05:15,28,1,,,0.0,false,14.8,245.4736883445924,false
1,58,22:15,87,05:30,29,1,,,0.0,false,14.8,245.92631951013317,false
1,58,22:15,88,05:45,30,1,,,0.0,false,14.8,246.37895067567393,false
1,58,22:15,89,06:00,31,1,,,0.0,false,14.8,246.83158184121467,false
1,58,22:15,90,06:15,32,1,,,0.0,false,14.8,247.28421300675544,false
1,58,22:15,91,06:30,33,1,,,0.0,false,14.8,247.7368441722962,false
1,58,22:15,92,06:45,34,1,,,0.0,false,14.8,248.18947533783697,false
1,58,22:15,93,07:00,35,1,,,0.0,false,14.8,248.64210650337773,false
1,58,22:15,94,07:15,36,1,,,0.0,false,14.8,249.09473766891847,false
1,58,22:15,95,07:30,37,1,,,0.0,false,14.8,249.54736883445923,false
1,58,22:15,96,07:45,38,1,,,0.0,false,14.8,250.0,false
1,59,22:30,59,22:30,0,1,,,0.0,false,14.8,233.94056361606744,false
1,59,22:30,60,22:45,1,1,,,0.0,false,14.8,234.3931947816082,false
1,59,22:30,61,23:00,2,1,,,0.0,false,14.8,234.61054037161418,false
1,59,22:30,62,23:15,3,1,,,0.0,false,14.8,235.06317153715491,false
1,59,22:30,63,23:30,4,1,,,0.0,false,14.8,235.51580270269568,false
1,59,22:30,64,23:45,5,1,,,0.0,false,14.8,235.51580270269568,false
1,59,22:30,65,00:00,6,1,,,0.0,false,14.8,235.96843386823645,false
1,59,22:30,66,00:15,7,1,,,0.0,false,14.8,236.4210650337772,false
1,59,22:30,67,00:30,8,1,,,0.0,false,14.8,236.87369619931798,false
1,59,22:30,68,00:45,9,1,,,0.0,false,14.8,237.32632736485874,false
1,59,22:30,69,01:00,10,1,,,0.0,false,14.8,237.7789585303995,false
1,59,22:30,70,01:15,11,1,,,0.0,false,14.8,238.23158969594027,false
1,59,22:30,71,01:30,12,1,,,0.0,false,14.8,238.684220861481,false
1,59,22:30,72,01:45,13,1,,,0.0,false,14.8,239.13685202702177,false
1,59,22:30,73,02:00,14,1,,,0.0,false,14.8,239.58948319256254,false
1,59,22:30,74,02:15,15,1,,,0.0,false,14.8,240.0421143581033,false
1,59,22:30,75,02:30,16,1,,,0.0,false,14.8,240.49474552364407,false
1,59,22:30,76,02:45,17,1,,,0.0,false,14.8,240.9473766891848,false
1,59,22:30,77,03:00,18,1,,,0.0,false,14.8,241.40000785472557,false
1,59,22:30,78,03:15,19,1,,,0.0,false,14.8,241.85263902026634,false
1,59,22:30,79,03:30,20,1,,,0.0,false,14.8,242.3052701858071,false
1,59,22:30,80,03:45,21,1,,,0.0,false,14.8,242.75790135134784,false
1,59,22:30,81,04:00,22,1,,,0.0,false,14.8,243.2105325168886,false
1,59,22:30,82,04:15,23,1,,,0.0,false,14.8,243.66316368242937,false
1,59,22:30,83,04:30,24,1,,,0.0,false,14.8,244.11579484797014,false
1,59,22:30,84,04:45,25,1,,,0.0,false,14.8,244.5684260135109,false
1,59,22:30,85,05:00,26,1,,,0.0,false,14.8,245.02105717905164,false
1,59,22:30,86,05:15,27,1,,,0.0,false,14.8,245.4736883445924,false
1,59,22:30,87,05:30,28,1,,,0.0,false,14.8,245.92631951013317,false
1,59,22:30,88,05:45,29,1,,,0.0,false,14.8,246.37895067567393,false
1,59,22:30,89,06:00,30,1,,,0.0,false,14.8,246.83158184121467,false
1,59,22:30,90,06:15,31,1,,,0.0,false,14.8,247.28421300675544,false
1,59,22:30,91,06:30,32,1,,,0.0,false,14.8,247.7368441722962,false
1,59,22:30,92,06:45,33,1,,,0.0,false,14.8,248.18947533783697,false
1,59,22:30,93,07:00,34,1,,,0.0,false,14.8,248.64210650337773,false
1,59,22:30,94,07:15,35,1,,,0.0,false,14.8,249.09473766891847,false
1,59,22:30,95,07:30,36,1,,,0.0,false,14.8,249.54736883445923,false
1,59,22:30,96,07:45,37,1,,,0.0,false,14.8,250.0,false
1,60,22:45,60,22:45,0,1,,,0.0,false,14.8,234.3931947816082,false
1,60,22:45,61,23:00,1,1,,,0.0,false,14.8,234.61054037161418,false
1,60,22:45,62,23:15,2,1,,,0.0,false,14.8,235.06317153715491,false
1,60,22:45,63,23:30,3,1,,,0.0,false,14.8,235.51580270269568,false
1,60,22:45,64,23:45,4,1,,,0.0,false,14.8,235.51580270269568,false
1,60,22:45,65,00:00,5,1,,,0.0,false,14.8,235.96843386823645,false
1,60,22:45,66,00:15,6,1,,,0.0,false,14.8,236.4210650337772,false
1,60,22:45,67,00:30,7,1,,,0.0,false,14.8,236.87369619931798,false
1,60,22:45,68,00:45,8,1,,,0.0,false,14.8,237.32632736485874,false
1,60,22:45,69,01:00,9,1,,,0.0,false,14.8,237.7789585303995,false
1,60,22:45,70,01:15,10,1,,,0.0,false,14.8,238.23158969594027,false
1,60,22:45,71,01:30,11,1,,,0.0,false,14.8,238.684220861481,false
1,60,22:45,72,01:45,12,1,,,0.0,false,14.8,239.13685202702177,false
1,60,22:45,73,02:00,13,1,,,0.0,false,14.8,239.58948319256254,false
1,60,22:45,74,02:15,14,1,,,0.0,false,14.8,240.0421143581033,false
1,60,22:45,75,02:30,15,1,,,0.0,false,14.8,240.49474552364407,false
1,60,22:45,76,02:45,16,1,,,0.0,false,14.8,240.9473766891848,false
1,60,22:45,77,03:00,17,1,,,0.0,false,14.8,241.40000785472557,false
1,60,22:45,78,03:15,18,1,,,0.0,false,14.8,241.85263902026634,false
1,60,22:45,79,03:30,19,1,,,0.0,false,14.8,242.3052701858071,false
1,60,22:45,80,03:45,20,1,,,0.0,false,14.8,242.75790135134784,false
1,60,22:45,81,04:00,21,1,,,0.0,false,14.8,243.2105325168886,false
1,60,22:45,82,04:15,22,1,,,0.0,false,14.8,243.66316368242937,false
1,60,22:45,83,04:30,23,1,,,0.0,false,14.8,244.11579484797014,false
1,60,22:45,84,04:45,24,1,,,0.0,false,14.8,244.5684260135109,false
1,60,22:45,85,05:00,25,1,,,0.0,false,14.8,245.02105717905164,false
1,60,22:45,86,05:15,26,1,,,0.0,false,14.8,245.4736883445924,false
1,60,22:45,87,05:30,27,1,,,0.0,false,14.8,245.92631951013317,false
1,60,22:45,88,05:45,28,1,,,0.0,false,14.8,246.37895067567393,false
1,60,22:45,89,06:00,29,1,,,0.0,false,14.8,246.83158184121467,false
1,60,22:45,90,06:15,30,1,,,0.0,false,14.8,247.28421300675544,false
1,60,22:45,91,06:30,31,1,,,0.0,false,14.8,247.7368441722962,false
1,60,22:45,92,06:45,32,1,,,0.0,false,14.8,248.18947533783697,false
1,60,22:45,93,07:00,33,1,,,0.0,false,14.8,248.64210650337773,false
1,60,22:45,94,07:15,34,1,,,0.0,false,14.8,249.09473766891847,false
1,60,22:45,95,07:30,35,1,,,0.0,false,14.8,249.54736883445923,false
1,60,22:45,96,07:45,36,1,,,0.0,false,14.8,250.0,false
1,61,23:00,61,23:00,0,1,,,0.0,false,14.8,234.61054037161418,false
1,61,23:00,62,23:15,1,1,,,0.0,false,14.8,235.06317153715491,false
1,61,23:00,63,23:30,2,1,,,0.0,false,14.8,235.51580270269568,false
1,61,23:00,64,23:45,3,1,,,0.0,false,14.8,235.51580270269568,false
1,61,23:00,65,00:00,4,1,,,0.0,false,14.8,235.96843386823645,false
1,61,23:00,66,00:15,5,1,,,0.0,false,14.8,236.4210650337772,false
1,61,23:00,67,00:30,6,1,,,0.0,false,14.8,236.87369619931795,false
1,61,23:00,68,00:45,7,1,,,0.0,false,14.8,237.3263273648587,false
1,61,23:00,69,01:00,8,1,,,0.0,false,14.8,237.77895853039948,false
1,61,23:00,70,01:15,9,1,,,0.0,false,14.8,238.23158969594024,false
1,61,23:00,71,01:30,10,1,,,0.0,false,14.8,238.68422086148098,false
1,61,23:00,72,01:45,11,1,,,0.0,false,14.8,239.13685202702175,false
1,61,23:00,73,02:00,12,1,,,0.0,false,14.8,239.5894831925625,false
1,61,23:00,74,02:15,13,1,,,0.0,false,14.8,240.04211435810328,false
1,61,23:00,75,02:30,14,1,,,0.0,false,14.8,240.49474552364404,false
1,61,23:00,76,02:45,15,1,,,0.0,false,14.8,240.9473766891848,false
1,61,23:00,77,03:00,16,1,,,0.0,false,14.8,241.40000785472557,false
1,61,23:00,78,03:15,17,1,,,0.0,false,14.8,241.85263902026634,false
1,61,23:00,79,03:30,18,1,,,0.0,false,14.8,242.3052701858071,false
1,61,23:00,80,03:45,19,1,,,0.0,false,14.8,242.75790135134784,false
1,61,23:00,81,04:00,20,1,,,0.0,false,14.8,243.2105325168886,false
1,61,23:00,82,04:15,21,1,,,0.0,false,14.8,243.66316368242937,false
1,61,23:00,83,04:30,22,1,,,0.0,false,14.8,244.11579484797014,false
1,61,23:00,84,04:45,23,1,,,0.0,false,14.8,244.5684260135109,false
1,61,23:00,85,05:00,24,1,,,0.0,false,14.8,245.02105717905164,false
1,61,23:00,86,05:15,25,1,,,0.0,false,14.8,245.4736883445924,false
1,61,23:00,87,05:30,26,1,,,0.0,false,14.8,245.92631951013317,false
1,61,23:00,88,05:45,27,1,,,0.0,false,14.8,246.37895067567393,false
1,61,23:00,89,06:00,28,1,,,0.0,false,14.8,246.83158184121467,false
1,61,23:00,90,06:15,29,1,,,0.0,false,14.8,247.28421300675544,false
1,61,23:00,91,06:30,30,1,,,0.0,false,14.8,247.7368441722962,false
1,61,23:00,92,06:45,31,1,,,0.0,false,14.8,248.18947533783697,false
1,61,23:00,93,07:00,32,1,,,0.0,false,14.8,248.64210650337773,false
1,61,23:00,94,07:15,33,1,,,0.0,false,14.8,249.09473766891847,false
1,61,23:00,95,07:30,34,1,,,0.0,false,14.8,249.54736883445923,false
1,61,23:00,96,07:45,35,1,,,0.0,false,14.8,250.0,false
1,62,23:15,62,23:15,0,1,,,0.0,false,14.8,235.06317153715494,false
1,62,23:15,63,23:30,1,1,,,0.0,false,14.8,235.51580270269568,false
1,62,23:15,64,23:45,2,1,,,0.0,false,14.8,235.51580270269568,false
1,62,23:15,65,00:00,3,1,,,0.0,false,14.8,235.96843386823645,false
1,62,23:15,66,00:15,4,1,,,0.0,false,14.8,236.4210650337772,false
1,62,23:15,67,00:30,5,1,,,0.0,false,14.8,236.87369619931798,false
1,62,23:15,68,00:45,6,1,,,0.0,false,14.8,237.32632736485874,false
1,62,23:15,69,01:00,7,1,,,0.0,false,14.8,237.7789585303995,false
1,62,23:15,70,01:15,8,1,,,0.0,false,14.8,238.23158969594027,false
1,62,23:15,71,01:30,9,1,,,0.0,false,14.8,238.684220861481,false
1,62,23:15,72,01:45,10,1,,,0.0,false,14.8,239.13685202702177,false
1,62,23:15,73,02:00,11,1,,,0.0,false,14.8,239.58948319256254,false
1,62,23:15,74,02:15,12,1,,,0.0,false,14.8,240.0421143581033,false
1,62,23:15,75,02:30,13,1,,,0.0,false,14.8,240.49474552364407,false
1,62,23:15,76,02:45,14,1,,,0.0,false,14.8,240.9473766891848,false
1,62,23:15,77,03:00,15,1,,,0.0,false,14.8,241.40000785472557,false
1,62,23:15,78,03:15,16,1,,,0.0,false,14.8,241.85263902026634,false
1,62,23:15,79,03:30,17,1,,,0.0,false,14.8,242.3052701858071,false
1,62,23:15,80,03:45,18,1,,,0.0,false,14.8,242.75790135134784,false
1,62,23:15,81,04:00,19,1,,,0.0,false,14.8,243.2105325168886,false
1,62,23:15,82,04:15,20,1,,,0.0,false,14.8,243.66316368242937,false
1,62,23:15,83,04:30,21,1,,,0.0,false,14.8,244.11579484797014,false
1,62,23:15,84,04:45,22,1,,,0.0,false,14.8,244.5684260135109,false
1,62,23:15,85,05:00,23,1,,,0.0,false,14.8,245.02105717905167,false
1,62,23:15,86,05:15,24,1,,,0.0,false,14.8,245.47368834459243,false
1,62,23:15,87,05:30,25,1,,,0.0,false,14.8,245.92631951013317,false
1,62,23:15,88,05:45,26,1,,,0.0,false,14.8,246.37895067567393,false
1,62,23:15,89,06:00,27,1,,,0.0,false,14.8,246.83158184121467,false
1,62,23:15,90,06:15,28,1,,,0.0,false,14.8,247.28421300675544,false
1,62,23:15,91,06:30,29,1,,,0.0,false,14.8,247.7368441722962,false
1,62,23:15,92,06:45,30,1,,,0.0,false,14.8,248.18947533783697,false
1,62,23:15,93,07:00,31,1,,,0.0,false,14.8,248.64210650337773,false
1,62,23:15,94,07:15,32,1,,,0.0,false,14.8,249.09473766891847,false
1,62,23:15,95,07:30,33,1,,,0.0,false,14.8,249.54736883445923,false
1,62,23:15,96,07:45,34,1,,,0.0,false,14.8,250.0,false
1,63,23:30,63,23:30,0,1,,,0.0,false,14.8,235.51580270269568,false
1,63,23:30,64,23:45,1,1,,,0.0,false,14.8,235.51580270269568,false
1,63,23:30,65,00:00,2,1,,,0.0,false,14.8,235.96843386823645,false
1,63,23:30,66,00:15,3,1,,,0.0,false,14.8,236.4210650337772,false
1,63,23:30,67,00:30,4,1,,,0.0,false,14.8,236.87369619931798,false
1,63,23:30,68,00:45,5,1,,,0.0,false,14.8,237.32632736485874,false
1,63,23:30,69,01:00,6,1,,,0.0,false,14.8,237.7789585303995,false
1,63,23:30,70,01:15,7,1,,,0.0,false,14.8,238.23158969594027,false
1,63,23:30,71,01:30,8,1,,,0.0,false,14.8,238.684220861481,false
1,63,23:30,72,01:45,9,1,,,0.0,false,14.8,239.13685202702177,false
1,63,23:30,73,02:00,10,1,,,0.0,false,14.8,239.58948319256254,false
1,63,23:30,74,02:15,11,1,,,0.0,false,14.8,240.0421143581033,false
1,63,23:30,75,02:30,12,1,,,0.0,false,14.8,240.49474552364407,false
1,63,23:30,76,02:45,13,1,,,0.0,false,14.8,240.9473766891848,false
1,63,23:30,77,03:00,14,1,,,0.0,false,14.8,241.40000785472557,false
1,63,23:30,78,03:15,15,1,,,0.0,false,14.8,241.85263902026634,false
1,63,23:30,79,03:30,16,1,,,0.0,false,14.8,242.3052701858071,false
1,63,23:30,80,03:45,17,1,,,0.0,false,14.8,242.75790135134784,false
1,63,23:30,81,04:00,18,1,,,0.0,false,14.8,243.2105325168886,false
1,63,23:30,82,04:15,19,1,,,0.0,false,14.8,243.66316368242937,false
1,63,23:30,83,04:30,20,1,,,0.0,false,14.8,244.11579484797014,false
1,63,23:30,84,04:45,21,1,,,0.0,false,14.8,244.5684260135109,false
1,63,23:30,85,05:00,22,1,,,0.0,false,14.8,245.02105717905164,false
1,63,23:30,86,05:15,23,1,,,0.0,false,14.8,245.4736883445924,false
1,63,23:30,87,05:30,24,1,,,0.0,false,14.8,245.92631951013317,false
1,63,23:30,88,05:45,25,1,,,0.0,false,14.8,246.37895067567393,false
1,63,23:30,89,06:00,26,1,,,0.0,false,14.8,246.83158184121467,false
1,63,23:30,90,06:15,27,1,,,0.0,false,14.8,247.28421300675544,false
1,63,23:30,91,06:30,28,1,,,0.0,false,14.8,247.7368441722962,false
1,63,23:30,92,06:45,29,1,,,0.0,false,14.8,248.18947533783697,false
1,63,23:30,93,07:00,30,1,,,0.0,false,14.8,248.64210650337773,false
1,63,23:30,94,07:15,31,1,,,0.0,false,14.8,249.09473766891847,false
1,63,23:30,95,07:30,32,1,,,0.0,false,14.8,249.54736883445923,false
1,63,23:30,96,07:45,33,1,,,0.0,false,14.8,250.0,false
1,64,23:45,64,23:45,0,1,,,0.0,false,14.8,235.51580270269568,false
1,64,23:45,65,00:00,1,1,,,0.0,false,14.8,235.96843386823645,false
1,64,23:45,66,00:15,2,1,,,0.0,false,14.8,236.4210650337772,false
1,64,23:45,67,00:30,3,1,,,0.0,false,14.8,236.87369619931795,false
1,64,23:45,68,00:45,4,1,,,0.0,false,14.8,237.3263273648587,false
1,64,23:45,69,01:00,5,1,,,0.0,false,14.8,237.77895853039948,false
1,64,23:45,70,01:15,6,1,,,0.0,false,14.8,238.23158969594024,false
1,64,23:45,71,01:30,7,1,,,0.0,false,14.8,238.68422086148098,false
1,64,23:45,72,01:45,8,1,,,0.0,false,14.8,239.13685202702175,false
1,64,23:45,73,02:00,9,1,,,0.0,false,14.8,239.5894831925625,false
1,64,23:45,74,02:15,10,1,,,0.0,false,14.8,240.04211435810328,false
1,64,23:45,75,02:30,11,1,,,0.0,false,14.8,240.49474552364404,false
1,64,23:45,76,02:45,12,1,,,0.0,false,14.8,240.94737668918478,false
1,64,23:45,77,03:00,13,1,,,0.0,false,14.8,241.40000785472554,false
1,64,23:45,78,03:15,14,1,,,0.0,false,14.8,241.8526390202663,false
1,64,23:45,79,03:30,15,1,,,0.0,false,14.8,242.30527018580707,false
1,64,23:45,80,03:45,16,1,,,0.0,false,14.8,242.7579013513478,false
1,64,23:45,81,04:00,17,1,,,0.0,false,14.8,243.21053251688858,false
1,64,23:45,82,04:15,18,1,,,0.0,false,14.8,243.66316368242934,false
1,64,23:45,83,04:30,19,1,,,0.0,false,14.8,244.1157948479701,false
1,64,23:45,84,04:45,20,1,,,0.0,false,14.8,244.56842601351087,false
1,64,23:45,85,05:00,21,1,,,0.0,false,14.8,245.0210571790516,false
1,64,23:45,86,05:15,22,1,,,0.0,false,14.8,245.47368834459238,false
1,64,23:45,87,05:30,23,1,,,0.0,false,14.8,245.92631951013314,false
1,64,23:45,88,05:45,24,1,,,0.0,false,14.8,246.3789506756739,false
1,64,23:45,89,06:00,25,1,,,0.0,false,14.8,246.83158184121467,false
1,64,23:45,90,06:15,26,1,,,0.0,false,14.8,247.28421300675544,false
1,64,23:45,91,06:30,27,1,,,0.0,false,14.8,247.7368441722962,false
1,64,23:45,92,06:45,28,1,,,0.0,false,14.8,248.18947533783697,false
1,64,23:45,93,07:00,29,1,,,0.0,false,14.8,248.64210650337773,false
1,64,23:45,94,07:15,30,1,,,0.0,false,14.8,249.09473766891847,false
1,64,23:45,95,07:30,31,1,,,0.0,false,14.8,249.54736883445923,false
1,64,23:45,96,07:45,32,1,,,0.0,false,14.8,250.0,false
1,65,00:00,65,00:00,0,1,,,0.0,false,14.8,235.96843386823645,false
1,65,00:00,66,00:15,1,1,,,0.0,false,14.8,236.4210650337772,false
1,65,00:00,67,00:30,2,1,,,0.0,false,14.8,236.87369619931795,false
1,65,00:00,68,00:45,3,1,,,0.0,false,14.8,237.3263273648587,false
1,65,00:00,69,01:00,4,1,,,0.0,false,14.8,237.77895853039948,false
1,65,00:00,70,01:15,5,1,,,0.0,false,14.8,238.23158969594024,false
1,65,00:00,71,01:30,6,1,,,0.0,false,14.8,238.684220861481,false
1,65,00:00,72,01:45,7,1,,,0.0,false,14.8,239.13685202702177,false
1,65,00:00,73,02:00,8,1,,,0.0,false,14.8,239.5894831925625,false
1,65,00:00,74,02:15,9,1,,,0.0,false,14.8,240.04211435810328,false
1,65,00:00,75,02:30,10,1,,,0.0,false,14.8,240.49474552364404,false
1,65,00:00,76,02:45,11,1,,,0.0,false,14.8,240.9473766891848,false
1,65,00:00,77,03:00,12,1,,,0.0,false,14.8,241.40000785472557,false
1,65,00:00,78,03:15,13,1,,,0.0,false,14.8,241.8526390202663,false
1,65,00:00,79,03:30,14,1,,,0.0,false,14.8,242.30527018580707,false
1,65,00:00,80,03:45,15,1,,,0.0,false,14.8,242.7579013513478,false
1,65,00:00,81,04:00,16,1,,,0.0,false,14.8,243.21053251688858,false
1,65,00:00,82,04:15,17,1,,,0.0,false,14.8,243.66316368242934,false
1,65,00:00,83,04:30,18,1,,,0.0,false,14.8,244.1157948479701,false
1,65,00:00,84,04:45,19,1,,,0.0,false,14.8,244.56842601351087,false
1,65,00:00,85,05:00,20,1,,,0.0,false,14.8,245.0210571790516,false
1,65,00:00,86,05:15,21,1,,,0.0,false,14.8,245.47368834459238,false
1,65,00:00,87,05:30,22,1,,,0.0,false,14.8,245.92631951013314,false
1,65,00:00,88,05:45,23,1,,,0.0,false,14.8,246.3789506756739,false
1,65,00:00,89,06:00,24,1,,,0.0,false,14.8,246.83158184121467,false
1,65,00:00,90,06:15,25,1,,,0.0,false,14.8,247.28421300675544,false
1,65,00:00,91,06:30,26,1,,,0.0,false,14.8,247.7368441722962,false
1,65,00:00,92,06:45,27,1,,,0.0,false,14.8,248.18947533783697,false
1,65,00:00,93,07:00,28,1,,,0.0,false,14.8,248.64210650337773,false
1,65,00:00,94,07:15,29,1,,,0.0,false,14.8,249.09473766891847,false
1,65,00:00,95,07:30,30,1,,,0.0,false,14.8,249.54736883445923,false
1,65,00:00,96,07:45,31,1,,,0.0,false,14.8,250.0,false
1,66,00:15,66,00:15,0,1,,,0.0,false,14.8,236.4210650337772,false
1,66,00:15,67,00:30,1,1,,,0.0,false,14.8,236.87369619931795,false
1,66,00:15,68,00:45,2,1,,,0.0,false,14.8,237.3263273648587,false
1,66,00:15,69,01:00,3,1,,,0.0,false,14.8,237.77895853039948,false
1,66,00:15,70,01:15,4,1,,,0.0,false,14.8,238.23158969594024,false
1,66,00:15,71,01:30,5,1,,,0.0,false,14.8,238.68422086148098,false
1,66,00:15,72,01:45,6,1,,,0.0,false,14.8,239.13685202702175,false
1,66,00:15,73,02:00,7,1,,,0.0,false,14.8,239.5894831925625,false
1,66,00:15,74,02:15,8,1,,,0.0,false,14.8,240.04211435810328,false
1,66,00:15,75,02:30,9,1,,,0.0,false,14.8,240.49474552364404,false
1,66,00:15,76,02:45,10,1,,,0.0,false,14.8,240.9473766891848,false
1,66,00:15,77,03:00,11,1,,,0.0,false,14.8,241.40000785472557,false
1,66,00:15,78,03:15,12,1,,,0.0,false,14.8,241.85263902026634,false
1,66,00:15,79,03:30,13,1,,,0.0,false,14.8,242.3052701858071,false
1,66,00:15,80,03:45,14,1,,,0.0,false,14.8,242.75790135134784,false
1,66,00:15,81,04:00,15,1,,,0.0,false,14.8,243.2105325168886,false
1,66,00:15,82,04:15,16,1,,,0.0,false,14.8,243.66316368242937,false
1,66,00:15,83,04:30,17,1,,,0.0,false,14.8,244.11579484797014,false
1,66,00:15,84,04:45,18,1,,,0.0,false,14.8,244.5684260135109,false
1,66,00:15,85,05:00,19,1,,,0.0,false,14.8,245.02105717905164,false
1,66,00:15,86,05:15,20,1,,,0.0,false,14.8,245.4736883445924,false
1,66,00:15,87,05:30,21,1,,,0.0,false,14.8,245.92631951013317,false
1,66,00:15,88,05:45,22,1,,,0.0,false,14.8,246.37895067567393,false
1,66,00:15,89,06:00,23,1,,,0.0,false,14.8,246.8315818412147,false
1,66,00:15,90,06:15,24,1,,,0.0,false,14.8,247.28421300675546,false
1,66,00:15,91,06:30,25,1,,,0.0,false,14.8,247.73684417229623,false
1,66,00:15,92,06:45,26,1,,,0.0,false,14.8,248.189475337837,false
1,66,00:15,93,07:00,27,1,,,0.0,false,14.8,248.64210650337776,false
1,66,00:15,94,07:15,28,1,,,0.0,false,14.8,249.09473766891847,false
1,66,00:15,95,07:30,29,1,,,0.0,false,14.8,249.54736883445923,false
1,66,00:15,96,07:45,30,1,,,0.0,false,14.8,250.0,false
1,67,00:30,67,00:30,0,1,,,0.0,false,14.8,236.87369619931798,false
1,67,00:30,68,00:45,1,1,,,0.0,false,14.8,237.32632736485874,false
1,67,00:30,69,01:00,2,1,,,0.0,false,14.8,237.77895853039948,false
1,67,00:30,70,01:15,3,1,,,0.0,false,14.8,238.23158969594024,false
1,67,00:30,71,01:30,4,1,,,0.0,false,14.8,238.684220861481,false
1,67,00:30,72,01:45,5,1,,,0.0,false,14.8,239.13685202702177,false
1,67,00:30,73,02:00,6,1,,,0.0,false,14.8,239.5894831925625,false
1,67,00:30,74,02:15,7,1,,,0.0,false,14.8,240.04211435810328,false
1,67,00:30,75,02:30,8,1,,,0.0,false,14.8,240.49474552364404,false
1,67,00:30,76,02:45,9,1,,,0.0,false,14.8,240.9473766891848,false
1,67,00:30,77,03:00,10,1,,,0.0,false,14.8,241.40000785472557,false
1,67,00:30,78,03:15,11,1,,,0.0,false,14.8,241.85263902026634,false
1,67,00:30,79,03:30,12,1,,,0.0,false,14.8,242.3052701858071,false
1,67,00:30,80,03:45,13,1,,,0.0,false,14.8,242.75790135134784,false
1,67,00:30,81,04:00,14,1,,,0.0,false,14.8,243.2105325168886,false
1,67,00:30,82,04:15,15,1,,,0.0,false,14.8,243.66316368242937,false
1,67,00:30,83,04:30,16,1,,,0.0,false,14.8,244.11579484797014,false
1,67,00:30,84,04:45,17,1,,,0.0,false,14.8,244.5684260135109,false
1,67,00:30,85,05:00,18,1,,,0.0,false,14.8,245.02105717905164,false
1,67,00:30,86,05:15,19,1,,,0.0,false,14.8,245.4736883445924,false
1,67,00:30,87,05:30,20,1,,,0.0,false,14.8,245.92631951013317,false
1,67,00:30,88,05:45,21,1,,,0.0,false,14.8,246.37895067567393,false
1,67,00:30,89,06:00,22,1,,,0.0,false,14.8,246.83158184121467,false
1,67,00:30,90,06:15,23,1,,,0.0,false,14.8,247.28421300675544,false
1,67,00:30,91,06:30,24,1,,,0.0,false,14.8,247.7368441722962,false
1,67,00:30,92,06:45,25,1,,,0.0,false,14.8,248.18947533783697,false
1,67,00:30,93,07:00,26,1,,,0.0,false,14.8,248.64210650337773,false
1,67,00:30,94,07:15,27,1,,,0.0,false,14.8,249.09473766891847,false
1,67,00:30,95,07:30,28,1,,,0.0,false,14.8,249.54736883445923,false
1,67,00:30,96,07:45,29,1,,,0.0,false,14.8,250.0,false
1,68,00:45,68,00:45,0,1,,,0.0,false,14.8,237.32632736485874,false
1,68,00:45,69,01:00,1,1,,,0.0,false,14.8,237.77895853039948,false
1,68,00:45,70,01:15,2,1,,,0.0,false,14.8,238.23158969594024,false
1,68,00:45,71,01:30,3,1,,,0.0,false,14.8,238.684220861481,false
1,68,00:45,72,01:45,4,1,,,0.0,false,14.8,239.13685202702177,false
1,68,00:45,73,02:00,5,1,,,0.0,false,14.8,239.58948319256254,false
1,68,00:45,74,02:15,6,1,,,0.0,false,14.8,240.0421143581033,false
1,68,00:45,75,02:30,7,1,,,0.0,false,14.8,240.49474552364407,false
1,68,00:45,76,02:45,8,1,,,0.0,false,14.8,240.9473766891848,false
1,68,00:45,77,03:00,9,1,,,0.0,false,14.8,241.40000785472557,false
1,68,00:45,78,03:15,10,1,,,0.0,false,14.8,241.85263902026634,false
1,68,00:45,79,03:30,11,1,,,0.0,false,14.8,242.3052701858071,false
1,68,00:45,80,03:45,12,1,,,0.0,false,14.8,242.75790135134784,false
1,68,00:45,81,04:00,13,1,,,0.0,false,14.8,243.2105325168886,false
1,68,00:45,82,04:15,14,1,,,0.0,false,14.8,243.66316368242937,false
1,68,00:45,83,04:30,15,1,,,0.0,false,14.8,244.11579484797014,false
1,68,00:45,84,04:45,16,1,,,0.0,false,14.8,244.5684260135109,false
1,68,00:45,85,05:00,17,1,,,0.0,false,14.8,245.02105717905164,false
1,68,00:45,86,05:15,18,1,,,0.0,false,14.8,245.4736883445924,false
1,68,00:45,87,05:30,19,1,,,0.0,false,14.8,245.92631951013317,false
1,68,00:45,88,05:45,20,1,,,0.0,false,14.8,246.37895067567393,false
1,68,00:45,89,06:00,21,1,,,0.0,false,14.8,246.83158184121467,false
1,68,00:45,90,06:15,22,1,,,0.0,false,14.8,247.28421300675544,false
1,68,00:45,91,06:30,23,1,,,0.0,false,14.8,247.7368441722962,false
1,68,00:45,92,06:45,24,1,,,0.0,false,14.8,248.18947533783697,false
1,68,00:45,93,07:00,25,1,,,0.0,false,14.8,248.64210650337773,false
1,68,00:45,94,07:15,26,1,,,0.0,false,14.8,249.09473766891847,false
1,68,00:45,95,07:30,27,1,,,0.0,false,14.8,249.54736883445923,false
1,68,00:45,96,07:45,28,1,,,0.0,false,14.8,250.0,false
1,69,01:00,69,01:00,0,1,,,0.0,false,14.8,237.7789585303995,false
1,69,01:00,70,01:15,1,1,,,0.0,false,14.8,238.23158969594027,false
1,69,01:00,71,01:30,2,1,,,0.0,false,14.8,238.684220861481,false
1,69,01:00,72,01:45,3,1,,,0.0,false,14.8,239.13685202702177,false
1,69,01:00,73,02:00,4,1,,,0.0,false,14.8,239.58948319256254,false
1,69,01:00,74,02:15,5,1,,,0.0,false,14.8,240.0421143581033,false
1,69,01:00,75,02:30,6,1,,,0.0,false,14.8,240.49474552364407,false
1,69,01:00,76,02:45,7,1,,,0.0,false,14.8,240.94737668918484,false
1,69,01:00,77,03:00,8,1,,,0.0,false,14.8,241.4000078547256,false
1,69,01:00,78,03:15,9,1,,,0.0,false,14.8,241.85263902026634,false
1,69,01:00,79,03:30,10,1,,,0.0,false,14.8,242.3052701858071,false
1,69,01:00,80,03:45,11,1,,,0.0,false,14.8,242.75790135134784,false
1,69,01:00,81,04:00,12,1,,,0.0,false,14.8,243.2105325168886,false
1,69,01:00,82,04:15,13,1,,,0.0,false,14.8,243.66316368242937,false
1,69,01:00,83,04:30,14,1,,,0.0,false,14.8,244.11579484797014,false
1,69,01:00,84,04:45,15,1,,,0.0,false,14.8,244.5684260135109,false
1,69,01:00,85,05:00,16,1,,,0.0,false,14.8,245.02105717905164,false
1,69,01:00,86,05:15,17,1,,,0.0,false,14.8,245.4736883445924,false
1,69,01:00,87,05:30,18,1,,,0.0,false,14.8,245.92631951013317,false
1,69,01:00,88,05:45,19,1,,,0.0,false,14.8,246.37895067567393,false
1,69,01:00,89,06:00,20,1,,,0.0,false,14.8,246.83158184121467,false
1,69,01:00,90,06:15,21,1,,,0.0,false,14.8,247.28421300675544,false
1,69,01:00,91,06:30,22,1,,,0.0,false,14.8,247.7368441722962,false
1,69,01:00,92,06:45,23,1,,,0.0,false,14.8,248.18947533783697,false
1,69,01:00,93,07:00,24,1,,,0.0,false,14.8,248.64210650337773,false
1,69,01:00,94,07:15,25,1,,,0.0,false,14.8,249.09473766891847,false
1,69,01:00,95,07:30,26,1,,,0.0,false,14.8,249.54736883445923,false
1,69,01:00,96,07:45,27,1,,,0.0,false,14.8,250.0,false
1,70,01:15,70,01:15,0,1,,,0.0,false,14.8,238.23158969594027,false
1,70,01:15,71,01:30,1,1,,,0.0,false,14.8,238.684220861481,false
1,70,01:15,72,01:45,2,1,,,0.0,false,14.8,239.13685202702177,false
1,70,01:15,73,02:00,3,1,,,0.0,false,14.8,239.58948319256254,false
1,70,01:15,74,02:15,4,1,,,0.0,false,14.8,240.0421143581033,false
1,70,01:15,75,02:30,5,1,,,0.0,false,14.8,240.49474552364407,false
1,70,01:15,76,02:45,6,1,,,0.0,false,14.8,240.9473766891848,false
1,70,01:15,77,03:00,7,1,,,0.0,false,14.8,241.40000785472557,false
1,70,01:15,78,03:15,8,1,,,0.0,false,14.8,241.85263902026634,false
1,70,01:15,79,03:30,9,1,,,0.0,false,14.8,242.3052701858071,false
1,70,01:15,80,03:45,10,1,,,0.0,false,14.8,242.75790135134784,false
1,70,01:15,81,04:00,11,1,,,0.0,false,14.8,243.2105325168886,false
1,70,01:15,82,04:15,12,1,,,0.0,false,14.8,243.66316368242937,false
1,70,01:15,83,04:30,13,1,,,0.0,false,14.8,244.11579484797014,false
1,70,01:15,84,04:45,14,1,,,0.0,false,14.8,244.5684260135109,false
1,70,01:15,85,05:00,15,1,,,0.0,false,14.8,245.02105717905164,false
1,70,01:15,86,05:15,16,1,,,0.0,false,14.8,245.4736883445924,false
1,70,01:15,87,05:30,17,1,,,0.0,false,14.8,245.92631951013317,false
1,70,01:15,88,05:45,18,1,,,0.0,false,14.8,246.37895067567393,false
1,70,01:15,89,06:00,19,1,,,0.0,false,14.8,246.83158184121467,false
1,70,01:15,90,06:15,20,1,,,0.0,false,14.8,247.28421300675544,false
1,70,01:15,91,06:30,21,1,,,0.0,false,14.8,247.7368441722962,false
1,70,01:15,92,06:45,22,1,,,0.0,false,14.8,248.18947533783697,false
1,70,01:15,93,07:00,23,1,,,0.0,false,14.8,248.64210650337773,false
1,70,01:15,94,07:15,24,1,,,0.0,false,14.8,249.09473766891847,false
1,70,01:15,95,07:30,25,1,,,0.0,false,14.8,249.54736883445923,false
1,70,01:15,96,07:45,26,1,,,0.0,false,14.8,250.0,false
1,71,01:30,71,01:30,0,1,,,0.0,false,14.8,238.68422086148104,false
1,71,01:30,72,01:45,1,1,,,0.0,false,14.8,239.1368520270218,false
1,71,01:30,73,02:00,2,1,,,0.0,false,14.8,239.58948319256254,false
1,71,01:30,74,02:15,3,1,,,0.0,false,14.8,240.0421143581033,false
1,71,01:30,75,02:30,4,1,,,0.0,false,14.8,240.49474552364407,false
1,71,01:30,76,02:45,5,1,,,0.0,false,14.8,240.94737668918484,false
1,71,01:30,77,03:00,6,1,,,0.0,false,14.8,241.4000078547256,false
1,71,01:30,78,03:15,7,1,,,0.0,false,14.8,241.85263902026637,false
1,71,01:30,79,03:30,8,1,,,0.0,false,14.8,242.30527018580713,false
1,71,01:30,80,03:45,9,1,,,0.0,false,14.8,242.75790135134787,false
1,71,01:30,81,04:00,10,1,,,0.0,false,14.8,243.21053251688863,false
1,71,01:30,82,04:15,11,1,,,0.0,false,14.8,243.6631636824294,false
1,71,01:30,83,04:30,12,1,,,0.0,false,14.8,244.11579484797016,false
1,71,01:30,84,04:45,13,1,,,0.0,false,14.8,244.56842601351093,false
1,71,01:30,85,05:00,14,1,,,0.0,false,14.8,245.02105717905167,false
1,71,01:30,86,05:15,15,1,,,0.0,false,14.8,245.47368834459243,false
1,71,01:30,87,05:30,16,1,,,0.0,false,14.8,245.9263195101332,false
1,71,01:30,88,05:45,17,1,,,0.0,false,14.8,246.37895067567396,false
1,71,01:30,89,06:00,18,1,,,0.0,false,14.8,246.8315818412147,false
1,71,01:30,90,06:15,19,1,,,0.0,false,14.8,247.28421300675546,false
1,71,01:30,91,06:30,20,1,,,0.0,false,14.8,247.73684417229623,false
1,71,01:30,92,06:45,21,1,,,0.0,false,14.8,248.189475337837,false
1,71,01:30,93,07:00,22,1,,,0.0,false,14.8,248.64210650337776,false
1,71,01:30,94,07:15,23,1,,,0.0,false,14.8,249.09473766891847,false
1,71,01:30,95,07:30,24,1,,,0.0,false,14.8,249.54736883445923,false
1,71,01:30,96,07:45,25,1,,,0.0,false,14.8,250.0,false
1,72,01:45,72,01:45,0,1,,,0.0,false,14.8,239.1368520270218,false
1,72,01:45,73,02:00,1,1,,,0.0,false,14.8,239.58948319256257,false
1,72,01:45,74,02:15,2,1,,,0.0,false,14.8,240.0421143581033,false
1,72,01:45,75,02:30,3,1,,,0.0,false,14.8,240.49474552364407,false
1,72,01:45,76,02:45,4,1,,,0.0,false,14.8,240.94737668918484,false
1,72,01:45,77,03:00,5,1,,,0.0,false,14.8,241.4000078547256,false
1,72,01:45,78,03:15,6,1,,,0.0,false,14.8,241.85263902026637,false
1,72,01:45,79,03:30,7,1,,,0.0,false,14.8,242.30527018580713,false
1,72,01:45,80,03:45,8,1,,,0.0,false,14.8,242.75790135134787,false
1,72,01:45,81,04:00,9,1,,,0.0,false,14.8,243.21053251688863,false
1,72,01:45,82,04:15,10,1,,,0.0,false,14.8,243.6631636824294,false
1,72,01:45,83,04:30,11,1,,,0.0,false,14.8,244.11579484797016,false
1,72,01:45,84,04:45,12,1,,,0.0,false,14.8,244.56842601351093,false
1,72,01:45,85,05:00,13,1,,,0.0,false,14.8,245.02105717905167,false
1,72,01:45,86,05:15,14,1,,,0.0,false,14.8,245.47368834459243,false
1,72,01:45,87,05:30,15,1,,,0.0,false,14.8,245.9263195101332,false
1,72,01:45,88,05:45,16,1,,,0.0,false,14.8,246.37895067567396,false
1,72,01:45,89,06:00,17,1,,,0.0,false,14.8,246.83158184121467,false
1,72,01:45,90,06:15,18,1,,,0.0,false,14.8,247.28421300675544,false
1,72,01:45,91,06:30,19,1,,,0.0,false,14.8,247.7368441722962,false
1,72,01:45,92,06:45,20,1,,,0.0,false,14.8,248.18947533783697,false
1,72,01:45,93,07:00,21,1,,,0.0,false,14.8,248.64210650337773,false
1,72,01:45,94,07:15,22,1,,,0.0,false,14.8,249.09473766891847,false
1,72,01:45,95,07:30,23,1,,,0.0,false,14.8,249.54736883445923,false
1,72,01:45,96,07:45,24,1,,,0.0,false,14.8,250.0,false
1,73,02:00,73,02:00,0,1,,,0.0,false,14.8,239.58948319256257,false
1,73,02:00,74,02:15,1,1,,,0.0,false,14.8,240.0421143581033,false
1,73,02:00,75,02:30,2,1,,,0.0,false,14.8,240.49474552364407,false
1,73,02:00,76,02:45,3,1,,,0.0,false,14.8,240.94737668918484,false
1,73,02:00,77,03:00,4,1,,,0.0,false,14.8,241.4000078547256,false
1,73,02:00,78,03:15,5,1,,,0.0,false,14.8,241.85263902026637,false
1,73,02:00,79,03:30,6,1,,,0.0,false,14.8,242.30527018580713,false
1,73,02:00,80,03:45,7,1,,,0.0,false,14.8,242.75790135134787,false
1,73,02:00,81,04:00,8,1,,,0.0,false,14.8,243.21053251688863,false
1,73,02:00,82,04:15,9,1,,,0.0,false,14.8,243.6631636824294,false
1,73,02:00,83,04:30,10,1,,,0.0,false,14.8,244.11579484797016,false
1,73,02:00,84,04:45,11,1,,,0.0,false,14.8,244.56842601351093,false
1,73,02:00,85,05:00,12,1,,,0.0,false,14.8,245.02105717905167,false
1,73,02:00,86,05:15,13,1,,,0.0,false,14.8,245.47368834459243,false
1,73,02:00,87,05:30,14,1,,,0.0,false,14.8,245.9263195101332,false
1,73,02:00,88,05:45,15,1,,,0.0,false,14.8,246.37895067567396,false
1,73,02:00,89,06:00,16,1,,,0.0,false,14.8,246.83158184121467,false
1,73,02:00,90,06:15,17,1,,,0.0,false,14.8,247.28421300675544,false
1,73,02:00,91,06:30,18,1,,,0.0,false,14.8,247.7368441722962,false
1,73,02:00,92,06:45,19,1,,,0.0,false,14.8,248.18947533783697,false
1,73,02:00,93,07:00,20,1,,,0.0,false,14.8,248.64210650337773,false
1,73,02:00,94,07:15,21,1,,,0.0,false,14.8,249.09473766891847,false
1,73,02:00,95,07:30,22,1,,,0.0,false,14.8,249.54736883445923,false
1,73,02:00,96,07:45,23,1,,,0.0,false,14.8,250.0,false
1,74,02:15,74,02:15,0,1,,,0.0,false,14.8,240.04211435810333,false
1,74,02:15,75,02:30,1,1,,,0.0,false,14.8,240.4947455236441,false
1,74,02:15,76,02:45,2,1,,,0.0,false,14.8,240.94737668918484,false
1,74,02:15,77,03:00,3,1,,,0.0,false,14.8,241.4000078547256,false
1,74,02:15,78,03:15,4,1,,,0.0,false,14.8,241.85263902026637,false
1,74,02:15,79,03:30,5,1,,,0.0,false,14.8,242.30527018580713,false
1,74,02:15,80,03:45,6,1,,,0.0,false,14.8,242.7579013513479,false
1,74,02:15,81,04:00,7,1,,,0.0,false,14.8,243.21053251688866,false
1,74,02:15,82,04:15,8,1,,,0.0,false,14.8,243.6631636824294,false
1,74,02:15,83,04:30,9,1,,,0.0,false,14.8,244.11579484797016,false
1,74,02:15,84,04:45,10,1,,,0.0,false,14.8,244.56842601351093,false
1,74,02:15,85,05:00,11,1,,,0.0,false,14.8,245.0210571790517,false
1,74,02:15,86,05:15,12,1,,,0.0,false,14.8,245.47368834459246,false
1,74,02:15,87,05:30,13,1,,,0.0,false,14.8,245.9263195101332,false
1,74,02:15,88,05:45,14,1,,,0.0,false,14.8,246.37895067567396,false
1,74,02:15,89,06:00,15,1,,,0.0,false,14.8,246.83158184121467,false
1,74,02:15,90,06:15,16,1,,,0.0,false,14.8,247.28421300675544,false
1,74,02:15,91,06:30,17,1,,,0.0,false,14.8,247.7368441722962,false
1,74,02:15,92,06:45,18,1,,,0.0,false,14.8,248.18947533783697,false
1,74,02:15,93,07:00,19,1,,,0.0,false,14.8,248.64210650337773,false
1,74,02:15,94,07:15,20,1,,,0.0,false,14.8,249.09473766891847,false
1,74,02:15,95,07:30,21,1,,,0.0,false,14.8,249.54736883445923,false
1,74,02:15,96,07:45,22,1,,,0.0,false,14.8,250.0,false
1,75,02:30,75,02:30,0,1,,,0.0,false,14.8,240.4947455236441,false
1,75,02:30,76,02:45,1,1,,,0.0,false,14.8,240.94737668918484,false
1,75,02:30,77,03:00,2,1,,,0.0,false,14.8,241.4000078547256,false
1,75,02:30,78,03:15,3,1,,,0.0,false,14.8,241.85263902026637,false
1,75,02:30,79,03:30,4,1,,,0.0,false,14.8,242.30527018580713,false
1,75,02:30,80,03:45,5,1,,,0.0,false,14.8,242.75790135134787,false
1,75,02:30,81,04:00,6,1,,,0.0,false,14.8,243.21053251688863,false
1,75,02:30,82,04:15,7,1,,,0.0,false,14.8,243.6631636824294,false
1,75,02:30,83,04:30,8,1,,,0.0,false,14.8,244.11579484797016,false
1,75,02:30,84,04:45,9,1,,,0.0,false,14.8,244.56842601351093,false
1,75,02:30,85,05:00,10,1,,,0.0,false,14.8,245.02105717905167,false
1,75,02:30,86,05:15,11,1,,,0.0,false,14.8,245.47368834459243,false
1,75,02:30,87,05:30,12,1,,,0.0,false,14.8,245.9263195101332,false
1,75,02:30,88,05:45,13,1,,,0.0,false,14.8,246.37895067567396,false
1,75,02:30,89,06:00,14,1,,,0.0,false,14.8,246.83158184121467,false
1,75,02:30,90,06:15,15,1,,,0.0,false,14.8,247.28421300675544,false
1,75,02:30,91,06:30,16,1,,,0.0,false,14.8,247.7368441722962,false
1,75,02:30,92,06:45,17,1,,,0.0,false,14.8,248.18947533783697,false
1,75,02:30,93,07:00,18,1,,,0.0,false,14.8,248.64210650337773,false
1,75,02:30,94,07:15,19,1,,,0.0,false,14.8,249.09473766891847,false
1,75,02:30,95,07:30,20,1,,,0.0,false,14.8,249.54736883445923,false
1,75,02:30,96,07:45,21,1,,,0.0,false,14.8,250.0,false
1,76,02:45,76,02:45,0,1,,,0.0,false,14.8,240.94737668918486,false
1,76,02:45,77,03:00,1,1,,,0.0,false,14.8,241.40000785472563,false
1,76,02:45,78,03:15,2,1,,,0.0,false,14.8,241.85263902026637,false
1,76,02:45,79,03:30,3,1,,,0.0,false,14.8,242.30527018580713,false
1,76,02:45,80,03:45,4,1,,,0.0,false,14.8,242.7579013513479,false
1,76,02:45,81,04:00,5,1,,,0.0,false,14.8,243.21053251688866,false
1,76,02:45,82,04:15,6,1,,,0.0,false,14.8,243.6631636824294,false
1,76,02:45,83,04:30,7,1,,,0.0,false,14.8,244.11579484797016,false
1,76,02:45,84,04:45,8,1,,,0.0,false,14.8,244.56842601351093,false
1,76,02:45,85,05:00,9,1,,,0.0,false,14.8,245.0210571790517,false
1,76,02:45,86,05:15,10,1,,,0.0,false,14.8,245.47368834459246,false
1,76,02:45,87,05:30,11,1,,,0.0,false,14.8,245.9263195101332,false
1,76,02:45,88,05:45,12,1,,,0.0,false,14.8,246.37895067567396,false
1,76,02:45,89,06:00,13,1,,,0.0,false,14.8,246.83158184121467,false
1,76,02:45,90,06:15,14,1,,,0.0,false,14.8,247.28421300675544,false
1,76,02:45,91,06:30,15,1,,,0.0,false,14.8,247.7368441722962,false
1,76,02:45,92,06:45,16,1,,,0.0,false,14.8,248.18947533783697,false
1,76,02:45,93,07:00,17,1,,,0.0,false,14.8,248.64210650337773,false
1,76,02:45,94,07:15,18,1,,,0.0,false,14.8,249.09473766891847,false
1,76,02:45,95,07:30,19,1,,,0.0,false,14.8,249.54736883445923,false
1,76,02:45,96,07:45,20,1,,,0.0,false,14.8,250.0,false
1,77,03:00,77,03:00,0,1,,,0.0,false,14.8,241.40000785472563,false
1,77,03:00,78,03:15,1,1,,,0.0,false,14.8,241.85263902026637,false
1,77,03:00,79,03:30,2,1,,,0.0,false,14.8,242.30527018580713,false
1,77,03:00,80,03:45,3,1,,,0.0,false,14.8,242.7579013513479,false
1,77,03:00,81,04:00,4,1,,,0.0,false,14.8,243.21053251688866,false
1,77,03:00,82,04:15,5,1,,,0.0,false,14.8,243.66316368242943,false
1,77,03:00,83,04:30,6,1,,,0.0,false,14.8,244.1157948479702,false
1,77,03:00,84,04:45,7,1,,,0.0,false,14.8,244.56842601351096,false
1,77,03:00,85,05:00,8,1,,,0.0,false,14.8,245.02105717905167,false
1,77,03:00,86,05:15,9,1,,,0.0,false,14.8,245.47368834459243,false
1,77,03:00,87,05:30,10,1,,,0.0,false,14.8,245.9263195101332,false
1,77,03:00,88,05:45,11,1,,,0.0,false,14.8,246.37895067567396,false
1,77,03:00,89,06:00,12,1,,,0.0,false,14.8,246.83158184121467,false
1,77,03:00,90,06:15,13,1,,,0.0,false,14.8,247.28421300675544,false
1,77,03:00,91,06:30,14,1,,,0.0,false,14.8,247.7368441722962,false
1,77,03:00,92,06:45,15,1,,,0.0,false,14.8,248.18947533783697,false
1,77,03:00,93,07:00,16,1,,,0.0,false,14.8,248.64210650337773,false
1,77,03:00,94,07:15,17,1,,,0.0,false,14.8,249.09473766891847,false
1,77,03:00,95,07:30,18,1,,,0.0,false,14.8,249.54736883445923,false
1,77,03:00,96,07:45,19,1,,,0.0,false,14.8,250.0,false
1,78,03:15,78,03:15,0,1,,,0.0,false,14.8,241.8526390202664,false
1,78,03:15,79,03:30,1,1,,,0.0,false,14.8,242.30527018580716,false
1,78,03:15,80,03:45,2,1,,,0.0,false,14.8,242.7579013513479,false
1,78,03:15,81,04:00,3,1,,,0.0,false,14.8,243.21053251688866,false
1,78,03:15,82,04:15,4,1,,,0.0,false,14.8,243.66316368242943,false
1,78,03:15,83,04:30,5,1,,,0.0,false,14.8,244.1157948479702,false
1,78,03:15,84,04:45,6,1,,,0.0,false,14.8,244.56842601351096,false
1,78,03:15,85,05:00,7,1,,,0.0,false,14.8,245.02105717905172,false
1,78,03:15,86,05:15,8,1,,,0.0,false,14.8,245.4736883445925,false
1,78,03:15,87,05:30,9,1,,,0.0,false,14.8,245.92631951013323,false
1,78,03:15,88,05:45,10,1,,,0.0,false,14.8,246.378950675674,false
1,78,03:15,89,06:00,11,1,,,0.0,false,14.8,246.83158184121467,false
1,78,03:15,90,06:15,12,1,,,0.0,false,14.8,247.28421300675544,false
1,78,03:15,91,06:30,13,1,,,0.0,false,14.8,247.7368441722962,false
1,78,03:15,92,06:45,14,1,,,0.0,false,14.8,248.18947533783697,false
1,78,03:15,93,07:00,15,1,,,0.0,false,14.8,248.64210650337773,false
1,78,03:15,94,07:15,16,1,,,0.0,false,14.8,249.09473766891847,false
1,78,03:15,95,07:30,17,1,,,0.0,false,14.8,249.54736883445923,false
1,78,03:15,96,07:45,18,1,,,0.0,false,14.8,250.0,false
1,79,03:30,79,03:30,0,1,,,0.0,false,14.8,242.30527018580716,false
1,79,03:30,80,03:45,1,1,,,0.0,false,14.8,242.7579013513479,false
1,79,03:30,81,04:00,2,1,,,0.0,false,14.8,243.21053251688866,false
1,79,03:30,82,04:15,3,1,,,0.0,false,14.8,243.66316368242943,false
1,79,03:30,83,04:30,4,1,,,0.0,false,14.8,244.1157948479702,false
1,79,03:30,84,04:45,5,1,,,0.0,false,14.8,244.56842601351096,false
1,79,03:30,85,05:00,6,1,,,0.0,false,14.8,245.0210571790517,false
1,79,03:30,86,05:15,7,1,,,0.0,false,14.8,245.47368834459246,false
1,79,03:30,87,05:30,8,1,,,0.0,false,14.8,245.92631951013323,false
1,79,03:30,88,05:45,9,1,,,0.0,false,14.8,246.378950675674,false
1,79,03:30,89,06:00,10,1,,,0.0,false,14.8,246.83158184121467,false
1,79,03:30,90,06:15,11,1,,,0.0,false,14.8,247.28421300675544,false
1,79,03:30,91,06:30,12,1,,,0.0,false,14.8,247.7368441722962,false
1,79,03:30,92,06:45,13,1,,,0.0,false,14.8,248.18947533783697,false
1,79,03:30,93,07:00,14,1,,,0.0,false,14.8,248.64210650337773,false
1,79,03:30,94,07:15,15,1,,,0.0,false,14.8,249.09473766891847,false
1,79,03:30,95,07:30,16,1,,,0.0,false,14.8,249.54736883445923,false
1,79,03:30,96,07:45,17,1,,,0.0,false,14.8,250.0,false
1,80,03:45,80,03:45,0,1,,,0.0,false,14.8,242.75790135134793,false
1,80,03:45,81,04:00,1,1,,,0.0,false,14.8,243.2105325168887,false
1,80,03:45,82,04:15,2,1,,,0.0,false,14.8,243.66316368242943,false
1,80,03:45,83,04:30,3,1,,,0.0,false,14.8,244.1157948479702,false
1,80,03:45,84,04:45,4,1,,,0.0,false,14.8,244.56842601351096,false
1,80,03:45,85,05:00,5,1,,,0.0,false,14.8,245.02105717905172,false
1,80,03:45,86,05:15,6,1,,,0.0,false,14.8,245.4736883445925,false
1,80,03:45,87,05:30,7,1,,,0.0,false,14.8,245.92631951013323,false
1,80,03:45,88,05:45,8,1,,,0.0,false,14.8,246.378950675674,false
1,80,03:45,89,06:00,9,1,,,0.0,false,14.8,246.83158184121467,false
1,80,03:45,90,06:15,10,1,,,0.0,false,14.8,247.28421300675544,false
1,80,03:45,91,06:30,11,1,,,0.0,false,14.8,247.7368441722962,false
1,80,03:45,92,06:45,12,1,,,0.0,false,14.8,248.18947533783697,false
1,80,03:45,93,07:00,13,1,,,0.0,false,14.8,248.64210650337773,false
1,80,03:45,94,07:15,14,1,,,0.0,false,14.8,249.09473766891847,false
1,80,03:45,95,07:30,15,1,,,0.0,false,14.8,249.54736883445923,false
1,80,03:45,96,07:45,16,1,,,0.0,false,14.8,250.0,false
1,81,04:00,81,04:00,0,1,,,0.0,false,14.8,243.2105325168887,false
1,81,04:00,82,04:15,1,1,,,0.0,false,14.8,243.66316368242946,false
1,81,04:00,83,04:30,2,1,,,0.0,false,14.8,244.1157948479702,false
1,81,04:00,84,04:45,3,1,,,0.0,false,14.8,244.56842601351096,false
1,81,04:00,85,05:00,4,1,,,0.0,false,14.8,245.02105717905172,false
1,81,04:00,86,05:15,5,1,,,0.0,false,14.8,245.4736883445925,false
1,81,04:00,87,05:30,6,1,,,0.0,false,14.8,245.92631951013323,false
1,81,04:00,88,05:45,7,1,,,0.0,false,14.8,246.378950675674,false
1,81,04:00,89,06:00,8,1,,,0.0,false,14.8,246.83158184121467,false
1,81,04:00,90,06:15,9,1,,,0.0,false,14.8,247.28421300675544,false
1,81,04:00,91,06:30,10,1,,,0.0,false,14.8,247.7368441722962,false
1,81,04:00,92,06:45,11,1,,,0.0,false,14.8,248.18947533783697,false
1,81,04:00,93,07:00,12,1,,,0.0,false,14.8,248.64210650337773,false
1,81,04:00,94,07:15,13,1,,,0.0,false,14.8,249.09473766891847,false
1,81,04:00,95,07:30,14,1,,,0.0,false,14.8,249.54736883445923,false
1,81,04:00,96,07:45,15,1,,,0.0,false,14.8,250.0,false
1,82,04:15,82,04:15,0,1,,,0.0,false,14.8,243.66316368242946,false
1,82,04:15,83,04:30,1,1,,,0.0,false,14.8,244.1157948479702,false
1,82,04:15,84,04:45,2,1,,,0.0,false,14.8,244.56842601351096,false
1,82,04:15,85,05:00,3,1,,,0.0,false,14.8,245.02105717905172,false
1,82,04:15,86,05:15,4,1,,,0.0,false,14.8,245.4736883445925,false
1,82,04:15,87,05:30,5,1,,,0.0,false,14.8,245.92631951013325,false
1,82,04:15,88,05:45,6,1,,,0.0,false,14.8,246.37895067567402,false
1,82,04:15,89,06:00,7,1,,,0.0,false,14.8,246.8315818412147,false
1,82,04:15,90,06:15,8,1,,,0.0,false,14.8,247.28421300675546,false
1,82,04:15,91,06:30,9,1,,,0.0,false,14.8,247.73684417229623,false
1,82,04:15,92,06:45,10,1,,,0.0,false,14.8,248.189475337837,false
1,82,04:15,93,07:00,11,1,,,0.0,false,14.8,248.64210650337776,false
1,82,04:15,94,07:15,12,1,,,0.0,false,14.8,249.09473766891847,false
1,82,04:15,95,07:30,13,1,,,0.0,false,14.8,249.54736883445923,false
1,82,04:15,96,07:45,14,1,,,0.0,false,14.8,250.0,false
1,83,04:30,83,04:30,0,1,,,0.0,false,14.8,244.11579484797022,false
1,83,04:30,84,04:45,1,1,,,0.0,false,14.8,244.568426013511,false
1,83,04:30,85,05:00,2,1,,,0.0,false,14.8,245.02105717905172,false
1,83,04:30,86,05:15,3,1,,,0.0,false,14.8,245.4736883445925,false
1,83,04:30,87,05:30,4,1,,,0.0,false,14.8,245.92631951013323,false
1,83,04:30,88,05:45,5,1,,,0.0,false,14.8,246.378950675674,false
1,83,04:30,89,06:00,6,1,,,0.0,false,14.8,246.83158184121467,false
1,83,04:30,90,06:15,7,1,,,0.0,false,14.8,247.28421300675544,false
1,83,04:30,91,06:30,8,1,,,0.0,false,14.8,247.7368441722962,false
1,83,04:30,92,06:45,9,1,,,0.0,false,14.8,248.18947533783697,false
1,83,04:30,93,07:00,10,1,,,0.0,false,14.8,248.64210650337773,false
1,83,04:30,94,07:15,11,1,,,0.0,false,14.8,249.09473766891847,false
1,83,04:30,95,07:30,12,1,,,0.0,false,14.8,249.54736883445923,false
1,83,04:30,96,07:45,13,1,,,0.0,false,14.8,250.0,false
1,84,04:45,84,04:45,0,1,,,0.0,false,14.8,244.568426013511,false
1,84,04:45,85,05:00,1,1,,,0.0,false,14.8,245.02105717905172,false
1,84,04:45,86,05:15,2,1,,,0.0,false,14.8,245.4736883445925,false
1,84,04:45,87,05:30,3,1,,,0.0,false,14.8,245.92631951013325,false
1,84,04:45,88,05:45,4,1,,,0.0,false,14.8,246.37895067567402,false
1,84,04:45,89,06:00,5,1,,,0.0,false,14.8,246.83158184121467,false
1,84,04:45,90,06:15,6,1,,,0.0,false,14.8,247.28421300675544,false
1,84,04:45,91,06:30,7,1,,,0.0,false,14.8,247.7368441722962,false
1,84,04:45,92,06:45,8,1,,,0.0,false,14.8,248.18947533783697,false
1,84,04:45,93,07:00,9,1,,,0.0,false,14.8,248.64210650337773,false
1,84,04:45,94,07:15,10,1,,,0.0,false,14.8,249.09473766891847,false
1,84,04:45,95,07:30,11,1,,,0.0,false,14.8,249.54736883445923,false
1,84,04:45,96,07:45,12,1,,,0.0,false,14.8,250.0,false
1,85,05:00,85,05:00,0,1,,,0.0,false,14.8,245.02105717905175,false
1,85,05:00,86,05:15,1,1,,,0.0,false,14.8,245.47368834459252,false
1,85,05:00,87,05:30,2,1,,,0.0,false,14.8,245.92631951013325,false
1,85,05:00,88,05:45,3,1,,,0.0,false,14.8,246.37895067567402,false
1,85,05:00,89,06:00,4,1,,,0.0,false,14.8,246.83158184121467,false
1,85,05:00,90,06:15,5,1,,,0.0,false,14.8,247.28421300675544,false
1,85,05:00,91,06:30,6,1,,,0.0,false,14.8,247.7368441722962,false
1,85,05:00,92,06:45,7,1,,,0.0,false,14.8,248.18947533783697,false
1,85,05:00,93,07:00,8,1,,,0.0,false,14.8,248.64210650337773,false
1,85,05:00,94,07:15,9,1,,,0.0,false,14.8,249.09473766891847,false
1,85,05:00,95,07:30,10,1,,,0.0,false,14.8,249.54736883445923,false
1,85,05:00,96,07:45,11,1,,,0.0,false,14.8,250.0,false
1,86,05:15,86,05:15,0,1,,,0.0,false,14.8,245.47368834459252,false
1,86,05:15,87,05:30,1,1,,,0.0,false,14.8,245.92631951013325,false
1,86,05:15,88,05:45,2,1,,,0.0,false,14.8,246.37895067567402,false
1,86,05:15,89,06:00,3,1,,,0.0,false,14.8,246.83158184121467,false
1,86,05:15,90,06:15,4,1,,,0.0,false,14.8,247.28421300675544,false
1,86,05:15,91,06:30,5,1,,,0.0,false,14.8,247.7368441722962,false
1,86,05:15,92,06:45,6,1,,,0.0,false,14.8,248.18947533783697,false
1,86,05:15,93,07:00,7,1,,,0.0,false,14.8,248.64210650337773,false
1,86,05:15,94,07:15,8,1,,,0.0,false,14.8,249.09473766891847,false
1,86,05:15,95,07:30,9,1,,,0.0,false,14.8,249.54736883445923,false
1,86,05:15,96,07:45,10,1,,,0.0,false,14.8,250.0,false
1,87,05:30,87,05:30,0,1,,,0.0,false,14.8,245.92631951013328,false
1,87,05:30,88,05:45,1,1,,,0.0,false,14.8,246.37895067567405,false
1,87,05:30,89,06:00,2,1,,,0.0,false,14.8,246.83158184121467,false
1,87,05:30,90,06:15,3,1,,,0.0,false,14.8,247.28421300675544,false
1,87,05:30,91,06:30,4,1,,,0.0,false,14.8,247.7368441722962,false
1,87,05:30,92,06:45,5,1,,,0.0,false,14.8,248.18947533783697,false
1,87,05:30,93,07:00,6,1,,,0.0,false,14.8,248.64210650337773,false
1,87,05:30,94,07:15,7,1,,,0.0,false,14.8,249.09473766891847,false
1,87,05:30,95,07:30,8,1,,,0.0,false,14.8,249.54736883445923,false
1,87,05:30,96,07:45,9,1,,,0.0,false,14.8,250.0,false
1,88,05:45,88,05:45,0,1,,,0.0,false,14.8,246.37895067567405,false
1,88,05:45,89,06:00,1,1,,,0.0,false,14.8,246.83158184121467,false
1,88,05:45,90,06:15,2,1,,,0.0,false,14.8,247.28421300675544,false
1,88,05:45,91,06:30,3,1,,,0.0,false,14.8,247.7368441722962,false
1,88,05:45,92,06:45,4,1,,,0.0,false,14.8,248.18947533783697,false
1,88,05:45,93,07:00,5,1,,,0.0,false,14.8,248.64210650337773,false
1,88,05:45,94,07:15,6,1,,,0.0,false,14.8,249.09473766891847,false
1,88,05:45,95,07:30,7,1,,,0.0,false,14.8,249.54736883445923,false
1,88,05:45,96,07:45,8,1,,,0.0,false,14.8,250.0,false
1,89,06:00,89,06:00,0,1,,,0.0,false,14.8,246.83158184121467,false
1,89,06:00,90,06:15,1,1,,,0.0,false,14.8,247.28421300675544,false
1,89,06:00,91,06:30,2,1,,,0.0,false,14.8,247.7368441722962,false
1,89,06:00,92,06:45,3,1,,,0.0,false,14.8,248.18947533783697,false
1,89,06:00,93,07:00,4,1,,,0.0,false,14.8,248.64210650337773,false
1,89,06:00,94,07:15,5,1,,,0.0,false,14.8,249.09473766891847,false
1,89,06:00,95,07:30,6,1,,,0.0,false,14.8,249.54736883445923,false
1,89,06:00,96,07:45,7,1,,,0.0,false,14.8,250.0,false
1,90,06:15,90,06:15,0,1,,,0.0,false,14.8,247.28421300675544,false
1,90,06:15,91,06:30,1,1,,,0.0,false,14.8,247.7368441722962,false
1,90,06:15,92,06:45,2,1,,,0.0,false,14.8,248.18947533783697,false
1,90,06:15,93,07:00,3,1,,,0.0,false,14.8,248.64210650337773,false
1,90,06:15,94,07:15,4,1,,,0.0,false,14.8,249.09473766891847,false
1,90,06:15,95,07:30,5,1,,,0.0,false,14.8,249.54736883445923,false
1,90,06:15,96,07:45,6,1,,,0.0,false,14.8,250.0,false
1,91,06:30,91,06:30,0,1,,,0.0,false,14.8,247.73684417229614,false
1,91,06:30,92,06:45,1,1,,,0.0,false,14.8,248.1894753378369,false
1,91,06:30,93,07:00,2,1,,,0.0,false,14.8,248.64210650337768,false
1,91,06:30,94,07:15,3,1,,,0.0,false,14.8,249.09473766891847,false
1,91,06:30,95,07:30,4,1,,,0.0,false,14.8,249.54736883445923,false
1,91,06:30,96,07:45,5,1,,,0.0,false,14.8,250.0,false
1,92,06:45,92,06:45,0,1,,,0.0,false,14.8,248.1894753378369,false
1,92,06:45,93,07:00,1,1,,,0.0,false,14.8,248.64210650337768,false
1,92,06:45,94,07:15,2,1,,,0.0,false,14.8,249.09473766891847,false
1,92,06:45,95,07:30,3,1,,,0.0,false,14.8,249.54736883445923,false
1,92,06:45,96,07:45,4,1,,,0.0,false,14.8,250.0,false
1,93,07:00,93,07:00,0,1,,,0.0,false,14.8,248.64210650337768,false
1,93,07:00,94,07:15,1,1,,,0.0,false,14.8,249.09473766891847,false
1,93,07:00,95,07:30,2,1,,,0.0,false,14.8,249.54736883445923,false
1,93,07:00,96,07:45,3,1,,,0.0,false,14.8,250.0,false
1,94,07:15,94,07:15,0,1,,,0.0,false,14.8,249.09473766891844,false
1,94,07:15,95,07:30,1,1,,,0.0,false,14.8,249.54736883445923,false
1,94,07:15,96,07:45,2,1,,,0.0,false,14.8,250.0,false
1,95,07:30,95,07:30,0,1,,,0.0,false,14.8,249.54736883445923,false
1,95,07:30,96,07:45,1,1,,,0.0,false,14.8,250.0,false
1,96,07:45,96,07:45,0,1,,,0.0,false,14.8,250.0,false
