min_activity_duration_s,dist_threshold,idle_window,fsm_min_dwell_seconds,enable_fsm,override_travelling_only,accuracy_percent,cycles_per_hr,productivity_lcy_hr,run_folder
1.0,0.05,20,1.0,True,True,32.48,185.08,279.44,Run_00001
1.0,0.05,20,1.0,True,False,35.28,196.72,298.54,Run_00002
1.0,0.05,20,1.0,False,True,32.42,263.26,395.86,Run_00003
1.0,0.05,20,1.0,False,False,35.62,272.35,411.52,Run_00004
1.0,0.05,20,2.0,True,True,32.54,143.27,216.27,Run_00005
1.0,0.05,20,2.0,True,False,35.25,148.36,225.11,Run_00006
1.0,0.05,20,2.0,False,True,32.42,263.26,395.86,Run_00007
1.0,0.05,20,2.0,False,False,35.62,272.35,411.52,Run_00008
1.0,0.05,20,3.0,True,True,31.54,120.72,182.30,Run_00009
1.0,0.05,20,3.0,True,False,34.26,125.09,190.12,Run_00010
1.0,0.05,20,3.0,False,True,32.42,263.26,395.86,Run_00011
1.0,0.05,20,3.0,False,False,35.62,272.35,411.52,Run_00012
1.0,0.05,30,1.0,True,True,32.05,185.45,279.99,Run_00013
1.0,0.05,30,1.0,True,False,34.43,189.08,286.95,Run_00014
1.0,0.05,30,1.0,False,True,31.96,262.53,394.77,Run_00015
1.0,0.05,30,1.0,False,False,34.83,263.63,398.33,Run_00016
1.0,0.05,30,2.0,True,True,32.07,143.63,216.82,Run_00017
1.0,0.05,30,2.0,True,False,34.29,146.54,222.35,Run_00018
1.0,0.05,30,2.0,False,True,31.96,262.53,394.77,Run_00019
1.0,0.05,30,2.0,False,False,34.83,263.63,398.33,Run_00020
1.0,0.05,30,3.0,True,True,30.89,120.36,181.75,Run_00021
1.0,0.05,30,3.0,True,False,33.36,125.45,190.42,Run_00022
1.0,0.05,30,3.0,False,True,31.96,262.53,394.77,Run_00023
1.0,0.05,30,3.0,False,False,34.83,263.63,398.33,Run_00024
1.0,0.05,40,1.0,True,True,31.97,185.81,280.54,Run_00025
1.0,0.05,40,1.0,True,False,34.14,187.63,284.75,Run_00026
1.0,0.05,40,1.0,False,True,31.86,262.90,395.31,Run_00027
1.0,0.05,40,1.0,False,False,34.42,261.08,394.48,Run_00028
1.0,0.05,40,2.0,True,True,32.01,143.99,217.37,Run_00029
1.0,0.05,40,2.0,True,False,34.21,146.54,222.35,Run_00030
1.0,0.05,40,2.0,False,True,31.86,262.90,395.31,Run_00031
1.0,0.05,40,2.0,False,False,34.42,261.08,394.48,Run_00032
1.0,0.05,40,3.0,True,True,30.87,119.27,180.11,Run_00033
1.0,0.05,40,3.0,True,False,33.20,123.27,187.11,Run_00034
1.0,0.05,40,3.0,False,True,31.86,262.90,395.31,Run_00035
1.0,0.05,40,3.0,False,False,34.42,261.08,394.48,Run_00036
1.0,0.05,50,1.0,True,True,31.81,185.45,279.99,Run_00037
1.0,0.05,50,1.0,True,False,33.63,186.90,283.64,Run_00038
1.0,0.05,50,1.0,False,True,31.64,262.90,395.31,Run_00039
1.0,0.05,50,1.0,False,False,33.91,260.35,393.39,Run_00040
1.0,0.05,50,2.0,True,True,31.83,143.99,217.37,Run_00041
1.0,0.05,50,2.0,True,False,33.70,146.18,221.80,Run_00042
1.0,0.05,50,2.0,False,True,31.64,262.90,395.31,Run_00043
1.0,0.05,50,2.0,False,False,33.91,260.35,393.39,Run_00044
1.0,0.05,50,3.0,True,True,30.80,118.90,179.56,Run_00045
1.0,0.05,50,3.0,True,False,32.84,122.18,185.45,Run_00046
1.0,0.05,50,3.0,False,True,31.64,262.90,395.31,Run_00047
1.0,0.05,50,3.0,False,False,33.91,260.35,393.39,Run_00048
1.0,0.05,60,1.0,True,True,31.77,185.08,279.44,Run_00049
1.0,0.05,60,1.0,True,False,33.52,186.17,282.54,Run_00050
1.0,0.05,60,1.0,False,True,31.63,262.90,395.31,Run_00051
1.0,0.05,60,1.0,False,False,33.73,259.99,392.84,Run_00052
1.0,0.05,60,2.0,True,True,31.84,143.27,216.27,Run_00053
1.0,0.05,60,2.0,True,False,33.65,144.72,219.59,Run_00054
1.0,0.05,60,2.0,False,True,31.63,262.90,395.31,Run_00055
1.0,0.05,60,2.0,False,False,33.73,259.99,392.84,Run_00056
1.0,0.05,60,3.0,True,True,30.90,118.18,178.46,Run_00057
1.0,0.05,60,3.0,True,False,32.81,121.09,183.80,Run_00058
1.0,0.05,60,3.0,False,True,31.63,262.90,395.31,Run_00059
1.0,0.05,60,3.0,False,False,33.73,259.99,392.84,Run_00060
1.0,0.05,70,1.0,True,True,31.53,184.72,278.89,Run_00061
1.0,0.05,70,1.0,True,False,32.84,185.08,280.88,Run_00062
1.0,0.05,70,1.0,False,True,31.38,262.53,394.77,Run_00063
1.0,0.05,70,1.0,False,False,33.06,260.72,393.94,Run_00064
1.0,0.05,70,2.0,True,True,31.67,142.90,215.72,Run_00065
1.0,0.05,70,2.0,True,False,33.10,143.63,217.94,Run_00066
1.0,0.05,70,2.0,False,True,31.38,262.53,394.77,Run_00067
1.0,0.05,70,2.0,False,False,33.06,260.72,393.94,Run_00068
1.0,0.05,70,3.0,True,True,30.80,117.81,177.91,Run_00069
1.0,0.05,70,3.0,True,False,32.35,119.63,181.59,Run_00070
1.0,0.05,70,3.0,False,True,31.38,262.53,394.77,Run_00071
1.0,0.05,70,3.0,False,False,33.06,260.72,393.94,Run_00072
1.0,0.05,80,1.0,True,True,31.39,184.36,278.34,Run_00073
1.0,0.05,80,1.0,True,False,32.73,185.08,280.88,Run_00074
1.0,0.05,80,1.0,False,True,31.21,262.53,394.77,Run_00075
1.0,0.05,80,1.0,False,False,32.92,261.81,395.58,Run_00076
1.0,0.05,80,2.0,True,True,31.51,142.90,215.72,Run_00077
1.0,0.05,80,2.0,True,False,32.95,143.99,218.49,Run_00078
1.0,0.05,80,2.0,False,True,31.21,262.53,394.77,Run_00079
1.0,0.05,80,2.0,False,False,32.92,261.81,395.58,Run_00080
1.0,0.05,80,3.0,True,True,30.59,117.81,177.91,Run_00081
1.0,0.05,80,3.0,True,False,32.18,119.27,181.04,Run_00082
1.0,0.05,80,3.0,False,True,31.21,262.53,394.77,Run_00083
1.0,0.05,80,3.0,False,False,32.92,261.81,395.58,Run_00084
1.0,0.1,20,1.0,True,True,33.55,189.08,285.48,Run_00085
1.0,0.1,20,1.0,True,False,37.67,181.81,276.08,Run_00086
1.0,0.1,20,1.0,False,True,33.34,262.90,395.31,Run_00087
1.0,0.1,20,1.0,False,False,37.38,245.81,371.41,Run_00088
1.0,0.1,20,2.0,True,True,33.25,143.63,216.82,Run_00089
1.0,0.1,20,2.0,True,False,37.14,134.54,204.14,Run_00090
1.0,0.1,20,2.0,False,True,33.34,262.90,395.31,Run_00091
1.0,0.1,20,2.0,False,False,37.38,245.81,371.41,Run_00092
1.0,0.1,20,3.0,True,True,32.21,120.72,182.30,Run_00093
1.0,0.1,20,3.0,True,False,36.28,110.18,167.46,Run_00094
1.0,0.1,20,3.0,False,True,33.34,262.90,395.31,Run_00095
1.0,0.1,20,3.0,False,False,37.38,245.81,371.41,Run_00096
1.0,0.1,30,1.0,True,True,33.55,189.81,286.58,Run_00097
1.0,0.1,30,1.0,True,False,38.14,181.81,275.92,Run_00098
1.0,0.1,30,1.0,False,True,33.34,262.53,394.77,Run_00099
1.0,0.1,30,1.0,False,False,37.86,241.08,364.27,Run_00100
1.0,0.1,30,2.0,True,True,33.27,145.09,219.01,Run_00101
1.0,0.1,30,2.0,True,False,37.83,137.45,208.56,Run_00102
1.0,0.1,30,2.0,False,True,33.34,262.53,394.77,Run_00103
1.0,0.1,30,2.0,False,False,37.86,241.08,364.27,Run_00104
1.0,0.1,30,3.0,True,True,32.19,122.54,185.05,Run_00105
1.0,0.1,30,3.0,True,False,36.29,115.63,175.52,Run_00106
1.0,0.1,30,3.0,False,True,33.34,262.53,394.77,Run_00107
1.0,0.1,30,3.0,False,False,37.86,241.08,364.27,Run_00108
1.0,0.1,40,1.0,True,True,33.49,187.27,282.73,Run_00109
1.0,0.1,40,1.0,True,False,38.33,177.45,269.29,Run_00110
1.0,0.1,40,1.0,False,True,33.32,261.81,393.67,Run_00111
1.0,0.1,40,1.0,False,False,38.15,238.54,360.42,Run_00112
1.0,0.1,40,2.0,True,True,33.18,144.36,217.92,Run_00113
1.0,0.1,40,2.0,True,False,37.83,135.99,206.35,Run_00114
1.0,0.1,40,2.0,False,True,33.32,261.81,393.67,Run_00115
1.0,0.1,40,2.0,False,False,38.15,238.54,360.42,Run_00116
1.0,0.1,40,3.0,True,True,32.22,121.81,183.95,Run_00117
1.0,0.1,40,3.0,True,False,37.13,113.81,172.76,Run_00118
1.0,0.1,40,3.0,False,True,33.32,261.81,393.67,Run_00119
1.0,0.1,40,3.0,False,False,38.15,238.54,360.42,Run_00120
1.0,0.1,50,1.0,True,True,33.42,188.36,284.38,Run_00121
1.0,0.1,50,1.0,True,False,38.46,180.36,273.71,Run_00122
1.0,0.1,50,1.0,False,True,33.27,262.53,394.77,Run_00123
1.0,0.1,50,1.0,False,False,38.43,239.26,361.52,Run_00124
1.0,0.1,50,2.0,True,True,33.30,145.45,219.56,Run_00125
1.0,0.1,50,2.0,True,False,38.24,141.09,214.08,Run_00126
1.0,0.1,50,2.0,False,True,33.27,262.53,394.77,Run_00127
1.0,0.1,50,2.0,False,False,38.43,239.26,361.52,Run_00128
1.0,0.1,50,3.0,True,True,31.97,120.72,182.30,Run_00129
1.0,0.1,50,3.0,True,False,36.73,116.36,176.62,Run_00130
1.0,0.1,50,3.0,False,True,33.27,262.53,394.77,Run_00131
1.0,0.1,50,3.0,False,False,38.43,239.26,361.52,Run_00132
1.0,0.1,60,1.0,True,True,33.51,188.72,284.93,Run_00133
1.0,0.1,60,1.0,True,False,38.89,180.72,274.26,Run_00134
1.0,0.1,60,1.0,False,True,33.36,262.53,394.77,Run_00135
1.0,0.1,60,1.0,False,False,38.92,238.90,360.97,Run_00136
1.0,0.1,60,2.0,True,True,33.43,146.18,220.66,Run_00137
1.0,0.1,60,2.0,True,False,38.70,140.72,213.52,Run_00138
1.0,0.1,60,2.0,False,True,33.36,262.53,394.77,Run_00139
1.0,0.1,60,2.0,False,False,38.92,238.90,360.97,Run_00140
1.0,0.1,60,3.0,True,True,32.26,120.36,181.75,Run_00141
1.0,0.1,60,3.0,True,False,37.29,114.18,173.31,Run_00142
1.0,0.1,60,3.0,False,True,33.36,262.53,394.77,Run_00143
1.0,0.1,60,3.0,False,False,38.92,238.90,360.97,Run_00144
1.0,0.1,70,1.0,True,True,33.45,187.63,283.28,Run_00145
1.0,0.1,70,1.0,True,False,39.10,180.72,274.26,Run_00146
1.0,0.1,70,1.0,False,True,33.35,261.81,393.67,Run_00147
1.0,0.1,70,1.0,False,False,39.09,240.35,363.17,Run_00148
1.0,0.1,70,2.0,True,True,33.48,145.45,219.56,Run_00149
1.0,0.1,70,2.0,True,False,38.99,141.09,214.08,Run_00150
1.0,0.1,70,2.0,False,True,33.35,261.81,393.67,Run_00151
1.0,0.1,70,2.0,False,False,39.09,240.35,363.17,Run_00152
1.0,0.1,70,3.0,True,True,32.21,120.36,181.75,Run_00153
1.0,0.1,70,3.0,True,False,37.34,117.09,177.72,Run_00154
1.0,0.1,70,3.0,False,True,33.35,261.81,393.67,Run_00155
1.0,0.1,70,3.0,False,False,39.09,240.35,363.17,Run_00156
1.0,0.1,80,1.0,True,True,33.54,187.27,282.73,Run_00157
1.0,0.1,80,1.0,True,False,39.28,180.72,274.26,Run_00158
1.0,0.1,80,1.0,False,True,33.48,262.17,394.22,Run_00159
1.0,0.1,80,1.0,False,False,39.36,241.08,364.27,Run_00160
1.0,0.1,80,2.0,True,True,33.63,144.72,218.47,Run_00161
1.0,0.1,80,2.0,True,False,39.13,140.72,213.52,Run_00162
1.0,0.1,80,2.0,False,True,33.48,262.17,394.22,Run_00163
1.0,0.1,80,2.0,False,False,39.36,241.08,364.27,Run_00164
1.0,0.1,80,3.0,True,True,32.31,120.36,181.75,Run_00165
1.0,0.1,80,3.0,True,False,37.74,117.81,178.83,Run_00166
1.0,0.1,80,3.0,False,True,33.48,262.17,394.22,Run_00167
1.0,0.1,80,3.0,False,False,39.36,241.08,364.27,Run_00168
1.0,0.2,20,1.0,True,True,34.53,191.99,289.87,Run_00169
1.0,0.2,20,1.0,True,False,35.17,132.36,200.99,Run_00170
1.0,0.2,20,1.0,False,True,34.38,262.90,395.31,Run_00171
1.0,0.2,20,1.0,False,False,35.00,170.90,258.23,Run_00172
1.0,0.2,20,2.0,True,True,34.34,147.63,222.86,Run_00173
1.0,0.2,20,2.0,True,False,35.78,96.72,146.76,Run_00174
1.0,0.2,20,2.0,False,True,34.38,262.90,395.31,Run_00175
1.0,0.2,20,2.0,False,False,35.00,170.90,258.23,Run_00176
1.0,0.2,20,3.0,True,True,33.47,125.81,189.99,Run_00177
1.0,0.2,20,3.0,True,False,35.12,78.91,119.95,Run_00178
1.0,0.2,20,3.0,False,True,34.38,262.90,395.31,Run_00179
1.0,0.2,20,3.0,False,False,35.00,170.90,258.23,Run_00180
1.0,0.2,30,1.0,True,True,34.31,191.63,289.32,Run_00181
1.0,0.2,30,1.0,True,False,36.22,134.90,204.73,Run_00182
1.0,0.2,30,1.0,False,True,34.16,262.17,394.22,Run_00183
1.0,0.2,30,1.0,False,False,35.91,175.63,265.37,Run_00184
1.0,0.2,30,2.0,True,True,34.20,148.36,223.95,Run_00185
1.0,0.2,30,2.0,True,False,36.74,102.18,155.04,Run_00186
1.0,0.2,30,2.0,False,True,34.16,262.17,394.22,Run_00187
1.0,0.2,30,2.0,False,False,35.91,175.63,265.37,Run_00188
1.0,0.2,30,3.0,True,True,33.32,125.09,188.89,Run_00189
1.0,0.2,30,3.0,True,False,36.50,84.72,128.60,Run_00190
1.0,0.2,30,3.0,False,True,34.16,262.17,394.22,Run_00191
1.0,0.2,30,3.0,False,False,35.91,175.63,265.37,Run_00192
1.0,0.2,40,1.0,True,True,34.18,189.08,285.48,Run_00193
1.0,0.2,40,1.0,True,False,36.89,139.99,212.46,Run_00194
1.0,0.2,40,1.0,False,True,34.07,262.17,394.22,Run_00195
1.0,0.2,40,1.0,False,False,36.60,181.45,274.16,Run_00196
1.0,0.2,40,2.0,True,True,34.01,149.45,225.60,Run_00197
1.0,0.2,40,2.0,True,False,37.14,106.54,161.66,Run_00198
1.0,0.2,40,2.0,False,True,34.07,262.17,394.22,Run_00199
1.0,0.2,40,2.0,False,False,36.60,181.45,274.16,Run_00200
1.0,0.2,40,3.0,True,True,33.08,122.90,185.60,Run_00201
1.0,0.2,40,3.0,True,False,36.59,89.81,136.33,Run_00202
1.0,0.2,40,3.0,False,True,34.07,262.17,394.22,Run_00203
1.0,0.2,40,3.0,False,False,36.60,181.45,274.16,Run_00204
1.0,0.2,50,1.0,True,True,34.12,189.81,286.58,Run_00205
1.0,0.2,50,1.0,True,False,37.20,144.36,219.08,Run_00206
1.0,0.2,50,1.0,False,True,34.01,263.26,395.86,Run_00207
1.0,0.2,50,1.0,False,False,36.91,186.54,281.85,Run_00208
1.0,0.2,50,2.0,True,True,34.07,148.72,224.50,Run_00209
1.0,0.2,50,2.0,True,False,37.68,109.09,165.52,Run_00210
1.0,0.2,50,2.0,False,True,34.01,263.26,395.86,Run_00211
1.0,0.2,50,2.0,False,False,36.91,186.54,281.85,Run_00212
1.0,0.2,50,3.0,True,True,33.26,122.54,185.05,Run_00213
1.0,0.2,50,3.0,True,False,36.90,91.63,139.09,Run_00214
1.0,0.2,50,3.0,False,True,34.01,263.26,395.86,Run_00215
1.0,0.2,50,3.0,False,False,36.91,186.54,281.85,Run_00216
1.0,0.2,60,1.0,True,True,34.11,189.81,286.58,Run_00217
1.0,0.2,60,1.0,True,False,37.97,147.99,224.60,Run_00218
1.0,0.2,60,1.0,False,True,33.93,263.63,396.41,Run_00219
1.0,0.2,60,1.0,False,False,37.43,192.36,290.64,Run_00220
1.0,0.2,60,2.0,True,True,34.08,148.36,223.95,Run_00221
1.0,0.2,60,2.0,True,False,38.47,113.81,172.69,Run_00222
1.0,0.2,60,2.0,False,True,33.93,263.63,396.41,Run_00223
1.0,0.2,60,2.0,False,False,37.43,192.36,290.64,Run_00224
1.0,0.2,60,3.0,True,True,32.98,120.72,182.30,Run_00225
1.0,0.2,60,3.0,True,False,37.53,93.09,141.30,Run_00226
1.0,0.2,60,3.0,False,True,33.93,263.63,396.41,Run_00227
1.0,0.2,60,3.0,False,False,37.43,192.36,290.64,Run_00228
1.0,0.2,70,1.0,True,True,33.97,190.17,287.13,Run_00229
1.0,0.2,70,1.0,True,False,37.89,149.08,226.25,Run_00230
1.0,0.2,70,1.0,False,True,33.84,262.90,395.31,Run_00231
1.0,0.2,70,1.0,False,False,37.65,194.90,294.49,Run_00232
1.0,0.2,70,2.0,True,True,33.98,149.45,225.60,Run_00233
1.0,0.2,70,2.0,True,False,38.30,114.54,173.80,Run_00234
1.0,0.2,70,2.0,False,True,33.84,262.90,395.31,Run_00235
1.0,0.2,70,2.0,False,False,37.65,194.90,294.49,Run_00236
1.0,0.2,70,3.0,True,True,33.06,121.81,183.95,Run_00237
1.0,0.2,70,3.0,True,False,37.59,92.00,139.64,Run_00238
1.0,0.2,70,3.0,False,True,33.84,262.90,395.31,Run_00239
1.0,0.2,70,3.0,False,False,37.65,194.90,294.49,Run_00240
1.0,0.2,80,1.0,True,True,33.97,189.81,286.58,Run_00241
1.0,0.2,80,1.0,True,False,38.45,149.08,226.25,Run_00242
1.0,0.2,80,1.0,False,True,33.80,262.90,395.31,Run_00243
1.0,0.2,80,1.0,False,False,37.97,197.45,298.34,Run_00244
1.0,0.2,80,2.0,True,True,33.93,148.36,223.95,Run_00245
1.0,0.2,80,2.0,True,False,38.40,115.27,174.90,Run_00246
1.0,0.2,80,2.0,False,True,33.80,262.90,395.31,Run_00247
1.0,0.2,80,2.0,False,False,37.97,197.45,298.34,Run_00248
1.0,0.2,80,3.0,True,True,33.24,122.18,184.50,Run_00249
1.0,0.2,80,3.0,True,False,37.58,93.81,142.40,Run_00250
1.0,0.2,80,3.0,False,True,33.80,262.90,395.31,Run_00251
1.0,0.2,80,3.0,False,False,37.97,197.45,298.34,Run_00252
1.0,0.3,20,1.0,True,True,35.08,194.54,292.52,Run_00253
1.0,0.3,20,1.0,True,False,32.68,97.45,147.38,Run_00254
1.0,0.3,20,1.0,False,True,34.77,260.72,392.03,Run_00255
1.0,0.3,20,1.0,False,False,32.67,122.90,185.70,Run_00256
1.0,0.3,20,2.0,True,True,34.94,153.45,230.74,Run_00257
1.0,0.3,20,2.0,True,False,33.03,71.63,108.27,Run_00258
1.0,0.3,20,2.0,False,True,34.77,260.72,392.03,Run_00259
1.0,0.3,20,2.0,False,False,32.67,122.90,185.70,Run_00260
1.0,0.3,20,3.0,True,True,34.01,124.72,188.34,Run_00261
1.0,0.3,20,3.0,True,False,33.25,56.36,85.68,Run_00262
1.0,0.3,20,3.0,False,True,34.77,260.72,392.03,Run_00263
1.0,0.3,20,3.0,False,False,32.67,122.90,185.70,Run_00264
1.0,0.3,30,1.0,True,True,34.94,194.54,293.71,Run_00265
1.0,0.3,30,1.0,True,False,33.86,101.81,154.51,Run_00266
1.0,0.3,30,1.0,False,True,34.64,261.81,393.67,Run_00267
1.0,0.3,30,1.0,False,False,33.73,129.45,195.59,Run_00268
1.0,0.3,30,2.0,True,True,34.65,150.54,227.25,Run_00269
1.0,0.3,30,2.0,True,False,34.35,74.54,113.11,Run_00270
1.0,0.3,30,2.0,False,True,34.64,261.81,393.67,Run_00271
1.0,0.3,30,2.0,False,False,33.73,129.45,195.59,Run_00272
1.0,0.3,30,3.0,True,True,33.76,125.09,188.89,Run_00273
1.0,0.3,30,3.0,True,False,34.46,60.36,91.62,Run_00274
1.0,0.3,30,3.0,False,True,34.64,261.81,393.67,Run_00275
1.0,0.3,30,3.0,False,False,33.73,129.45,195.59,Run_00276
1.0,0.3,40,1.0,True,True,34.87,193.45,292.07,Run_00277
1.0,0.3,40,1.0,True,False,34.68,104.36,158.38,Run_00278
1.0,0.3,40,1.0,False,True,34.48,261.44,393.13,Run_00279
1.0,0.3,40,1.0,False,False,34.21,135.99,205.48,Run_00280
1.0,0.3,40,2.0,True,True,34.56,152.36,229.99,Run_00281
1.0,0.3,40,2.0,True,False,35.30,79.63,120.83,Run_00282
1.0,0.3,40,2.0,False,True,34.48,261.44,393.13,Run_00283
1.0,0.3,40,2.0,False,False,34.21,135.99,205.48,Run_00284
1.0,0.3,40,3.0,True,True,33.95,124.36,187.79,Run_00285
1.0,0.3,40,3.0,True,False,35.32,64.72,98.25,Run_00286
1.0,0.3,40,3.0,False,True,34.48,261.44,393.13,Run_00287
1.0,0.3,40,3.0,False,False,34.21,135.99,205.48,Run_00288
1.0,0.3,50,1.0,True,True,34.74,193.45,292.07,Run_00289
1.0,0.3,50,1.0,True,False,35.25,106.54,161.69,Run_00290
1.0,0.3,50,1.0,False,True,34.41,261.08,392.58,Run_00291
1.0,0.3,50,1.0,False,False,34.66,138.18,208.78,Run_00292
1.0,0.3,50,2.0,True,True,34.52,151.99,229.44,Run_00293
1.0,0.3,50,2.0,True,False,35.81,82.54,125.25,Run_00294
1.0,0.3,50,2.0,False,True,34.41,261.08,392.58,Run_00295
1.0,0.3,50,2.0,False,False,34.66,138.18,208.78,Run_00296
1.0,0.3,50,3.0,True,True,33.84,125.09,188.89,Run_00297
1.0,0.3,50,3.0,True,False,35.85,65.45,99.35,Run_00298
1.0,0.3,50,3.0,False,True,34.41,261.08,392.58,Run_00299
1.0,0.3,50,3.0,False,False,34.66,138.18,208.78,Run_00300
1.0,0.3,60,1.0,True,True,34.60,193.08,291.52,Run_00301
1.0,0.3,60,1.0,True,False,34.87,108.72,165.00,Run_00302
1.0,0.3,60,1.0,False,True,34.28,261.44,393.13,Run_00303
1.0,0.3,60,1.0,False,False,34.81,142.54,215.37,Run_00304
1.0,0.3,60,2.0,True,True,34.52,152.36,229.99,Run_00305
1.0,0.3,60,2.0,True,False,35.25,84.00,127.45,Run_00306
1.0,0.3,60,2.0,False,True,34.28,261.44,393.13,Run_00307
1.0,0.3,60,2.0,False,False,34.81,142.54,215.37,Run_00308
1.0,0.3,60,3.0,True,True,33.75,124.36,187.79,Run_00309
1.0,0.3,60,3.0,True,False,35.41,67.27,102.64,Run_00310
1.0,0.3,60,3.0,False,True,34.28,261.44,393.13,Run_00311
1.0,0.3,60,3.0,False,False,34.81,142.54,215.37,Run_00312
1.0,0.3,70,1.0,True,True,34.53,193.08,291.52,Run_00313
1.0,0.3,70,1.0,True,False,35.04,108.00,163.89,Run_00314
1.0,0.3,70,1.0,False,True,34.20,261.81,393.67,Run_00315
1.0,0.3,70,1.0,False,False,34.94,144.72,218.67,Run_00316
1.0,0.3,70,2.0,True,True,34.47,152.72,230.54,Run_00317
1.0,0.3,70,2.0,True,False,35.50,84.36,128.00,Run_00318
1.0,0.3,70,2.0,False,True,34.20,261.81,393.67,Run_00319
1.0,0.3,70,2.0,False,False,34.94,144.72,218.67,Run_00320
1.0,0.3,70,3.0,True,True,33.73,125.45,189.44,Run_00321
1.0,0.3,70,3.0,True,False,35.72,68.00,103.56,Run_00322
1.0,0.3,70,3.0,False,True,34.20,261.81,393.67,Run_00323
1.0,0.3,70,3.0,False,False,34.94,144.72,218.67,Run_00324
1.0,0.3,80,1.0,True,True,34.45,192.72,290.97,Run_00325
1.0,0.3,80,1.0,True,False,35.07,108.00,163.89,Run_00326
1.0,0.3,80,1.0,False,True,34.16,261.81,393.67,Run_00327
1.0,0.3,80,1.0,False,False,35.04,145.45,219.77,Run_00328
1.0,0.3,80,2.0,True,True,34.45,151.63,228.89,Run_00329
1.0,0.3,80,2.0,True,False,35.60,83.63,126.90,Run_00330
1.0,0.3,80,2.0,False,True,34.16,261.81,393.67,Run_00331
1.0,0.3,80,2.0,False,False,35.04,145.45,219.77,Run_00332
1.0,0.3,80,3.0,True,True,33.73,125.45,189.44,Run_00333
1.0,0.3,80,3.0,True,False,35.68,68.00,103.56,Run_00334
1.0,0.3,80,3.0,False,True,34.16,261.81,393.67,Run_00335
1.0,0.3,80,3.0,False,False,35.04,145.45,219.77,Run_00336
1.0,0.4,20,1.0,True,True,35.48,195.99,294.71,Run_00337
1.0,0.4,20,1.0,True,False,31.52,84.00,126.93,Run_00338
1.0,0.4,20,1.0,False,True,35.06,258.90,389.30,Run_00339
1.0,0.4,20,1.0,False,False,31.43,105.45,159.21,Run_00340
1.0,0.4,20,2.0,True,True,35.37,154.54,232.38,Run_00341
1.0,0.4,20,2.0,True,False,32.22,59.63,90.06,Run_00342
1.0,0.4,20,2.0,False,True,35.06,258.90,389.30,Run_00343
1.0,0.4,20,2.0,False,False,31.43,105.45,159.21,Run_00344
1.0,0.4,20,3.0,True,True,34.82,125.81,189.99,Run_00345
1.0,0.4,20,3.0,True,False,32.34,48.00,72.59,Run_00346
1.0,0.4,20,3.0,False,True,35.06,258.90,389.30,Run_00347
1.0,0.4,20,3.0,False,False,31.43,105.45,159.21,Run_00348
1.0,0.4,30,1.0,True,True,35.24,195.26,294.81,Run_00349
1.0,0.4,30,1.0,True,False,32.33,84.72,127.95,Run_00350
1.0,0.4,30,1.0,False,True,34.72,258.17,388.20,Run_00351
1.0,0.4,30,1.0,False,False,32.13,106.90,161.40,Run_00352
1.0,0.4,30,2.0,True,True,35.00,153.45,231.64,Run_00353
1.0,0.4,30,2.0,True,False,32.87,61.45,92.81,Run_00354
1.0,0.4,30,2.0,False,True,34.72,258.17,388.20,Run_00355
1.0,0.4,30,2.0,False,False,32.13,106.90,161.40,Run_00356
1.0,0.4,30,3.0,True,True,34.44,125.45,189.44,Run_00357
1.0,0.4,30,3.0,True,False,33.13,50.91,77.28,Run_00358
1.0,0.4,30,3.0,False,True,34.72,258.17,388.20,Run_00359
1.0,0.4,30,3.0,False,False,32.13,106.90,161.40,Run_00360
1.0,0.4,40,1.0,True,True,34.98,194.17,293.17,Run_00361
1.0,0.4,40,1.0,True,False,32.61,83.27,125.76,Run_00362
1.0,0.4,40,1.0,False,True,34.46,259.26,389.84,Run_00363
1.0,0.4,40,1.0,False,False,32.50,108.00,163.05,Run_00364
1.0,0.4,40,2.0,True,True,34.72,151.99,229.44,Run_00365
1.0,0.4,40,2.0,True,False,33.31,62.54,94.45,Run_00366
1.0,0.4,40,2.0,False,True,34.46,259.26,389.84,Run_00367
1.0,0.4,40,2.0,False,False,32.50,108.00,163.05,Run_00368
1.0,0.4,40,3.0,True,True,34.20,126.54,191.09,Run_00369
1.0,0.4,40,3.0,True,False,33.41,50.18,76.17,Run_00370
1.0,0.4,40,3.0,False,True,34.46,259.26,389.84,Run_00371
1.0,0.4,40,3.0,False,False,32.50,108.00,163.05,Run_00372
1.0,0.4,50,1.0,True,True,34.77,193.81,292.62,Run_00373
1.0,0.4,50,1.0,True,False,32.85,81.09,122.46,Run_00374
1.0,0.4,50,1.0,False,True,34.34,258.54,388.75,Run_00375
1.0,0.4,50,1.0,False,False,32.65,108.00,163.05,Run_00376
1.0,0.4,50,2.0,True,True,34.67,152.36,229.99,Run_00377
1.0,0.4,50,2.0,True,False,33.47,64.72,97.75,Run_00378
1.0,0.4,50,2.0,False,True,34.34,258.54,388.75,Run_00379
1.0,0.4,50,2.0,False,False,32.65,108.00,163.05,Run_00380
1.0,0.4,50,3.0,True,True,34.13,125.45,189.44,Run_00381
1.0,0.4,50,3.0,True,False,33.63,50.91,77.28,Run_00382
1.0,0.4,50,3.0,False,True,34.34,258.54,388.75,Run_00383
1.0,0.4,50,3.0,False,False,32.65,108.00,163.05,Run_00384
1.0,0.4,60,1.0,True,True,34.70,194.17,293.17,Run_00385
1.0,0.4,60,1.0,True,False,32.95,82.18,124.11,Run_00386
1.0,0.4,60,1.0,False,True,34.26,258.90,389.30,Run_00387
1.0,0.4,60,1.0,False,False,32.73,108.00,163.05,Run_00388
1.0,0.4,60,2.0,True,True,34.64,153.08,231.09,Run_00389
1.0,0.4,60,2.0,True,False,33.67,64.72,97.75,Run_00390
1.0,0.4,60,2.0,False,True,34.26,258.90,389.30,Run_00391
1.0,0.4,60,2.0,False,False,32.73,108.00,163.05,Run_00392
1.0,0.4,60,3.0,True,True,34.14,126.90,191.64,Run_00393
1.0,0.4,60,3.0,True,False,33.88,52.36,79.08,Run_00394
1.0,0.4,60,3.0,False,True,34.26,258.90,389.30,Run_00395
1.0,0.4,60,3.0,False,False,32.73,108.00,163.05,Run_00396
1.0,0.4,70,1.0,True,True,34.62,193.81,292.62,Run_00397
1.0,0.4,70,1.0,True,False,33.11,83.27,125.76,Run_00398
1.0,0.4,70,1.0,False,True,34.27,258.90,389.30,Run_00399
1.0,0.4,70,1.0,False,False,33.02,111.63,168.54,Run_00400
1.0,0.4,70,2.0,True,True,34.67,153.45,231.64,Run_00401
1.0,0.4,70,2.0,True,False,33.79,64.36,97.20,Run_00402
1.0,0.4,70,2.0,False,True,34.27,258.90,389.30,Run_00403
1.0,0.4,70,2.0,False,False,33.02,111.63,168.54,Run_00404
1.0,0.4,70,3.0,True,True,34.14,127.27,192.19,Run_00405
1.0,0.4,70,3.0,True,False,34.10,51.63,77.98,Run_00406
1.0,0.4,70,3.0,False,True,34.27,258.90,389.30,Run_00407
1.0,0.4,70,3.0,False,False,33.02,111.63,168.54,Run_00408
1.0,0.4,80,1.0,True,True,34.62,192.72,290.97,Run_00409
1.0,0.4,80,1.0,True,False,33.50,85.09,128.50,Run_00410
1.0,0.4,80,1.0,False,True,34.25,258.54,388.75,Run_00411
1.0,0.4,80,1.0,False,False,33.11,115.63,174.58,Run_00412
1.0,0.4,80,2.0,True,True,34.65,153.08,231.09,Run_00413
1.0,0.4,80,2.0,True,False,34.07,67.63,102.14,Run_00414
1.0,0.4,80,2.0,False,True,34.25,258.54,388.75,Run_00415
1.0,0.4,80,2.0,False,False,33.11,115.63,174.58,Run_00416
1.0,0.4,80,3.0,True,True,34.10,126.90,191.64,Run_00417
1.0,0.4,80,3.0,True,False,34.24,54.91,82.92,Run_00418
1.0,0.4,80,3.0,False,True,34.25,258.54,388.75,Run_00419
1.0,0.4,80,3.0,False,False,33.11,115.63,174.58,Run_00420
1.0,0.5,20,1.0,True,True,35.64,195.99,294.71,Run_00421
1.0,0.5,20,1.0,True,False,30.86,73.82,111.55,Run_00422
1.0,0.5,20,1.0,False,True,35.17,257.81,387.66,Run_00423
1.0,0.5,20,1.0,False,False,30.83,91.63,138.35,Run_00424
1.0,0.5,20,2.0,True,True,35.49,155.63,234.02,Run_00425
1.0,0.5,20,2.0,True,False,31.40,52.00,78.53,Run_00426
1.0,0.5,20,2.0,False,True,35.17,257.81,387.66,Run_00427
1.0,0.5,20,2.0,False,False,30.83,91.63,138.35,Run_00428
1.0,0.5,20,3.0,True,True,34.89,128.72,194.38,Run_00429
1.0,0.5,20,3.0,True,False,31.62,42.91,64.87,Run_00430
1.0,0.5,20,3.0,False,True,35.17,257.81,387.66,Run_00431
1.0,0.5,20,3.0,False,False,30.83,91.63,138.35,Run_00432
1.0,0.5,30,1.0,True,True,35.29,195.26,293.61,Run_00433
1.0,0.5,30,1.0,True,False,31.39,74.18,112.03,Run_00434
1.0,0.5,30,1.0,False,True,34.81,257.81,387.66,Run_00435
1.0,0.5,30,1.0,False,False,31.28,92.36,139.45,Run_00436
1.0,0.5,30,2.0,True,True,35.17,154.18,231.83,Run_00437
1.0,0.5,30,2.0,True,False,31.97,57.45,86.77,Run_00438
1.0,0.5,30,2.0,False,True,34.81,257.81,387.66,Run_00439
1.0,0.5,30,2.0,False,False,31.28,92.36,139.45,Run_00440
1.0,0.5,30,3.0,True,True,34.67,128.36,193.83,Run_00441
1.0,0.5,30,3.0,True,False,32.28,46.18,69.82,Run_00442
1.0,0.5,30,3.0,False,True,34.81,257.81,387.66,Run_00443
1.0,0.5,30,3.0,False,False,31.28,92.36,139.45,Run_00444
1.0,0.5,40,1.0,True,True,35.08,194.90,293.07,Run_00445
1.0,0.5,40,1.0,True,False,31.78,71.63,108.18,Run_00446
1.0,0.5,40,1.0,False,True,34.55,257.81,387.66,Run_00447
1.0,0.5,40,1.0,False,False,31.61,91.27,137.80,Run_00448
1.0,0.5,40,2.0,True,True,35.03,154.90,232.92,Run_00449
1.0,0.5,40,2.0,True,False,32.35,56.72,85.67,Run_00450
1.0,0.5,40,2.0,False,True,34.55,257.81,387.66,Run_00451
1.0,0.5,40,2.0,False,False,31.61,91.27,137.80,Run_00452
1.0,0.5,40,3.0,True,True,34.63,129.09,194.93,Run_00453
1.0,0.5,40,3.0,True,False,32.61,45.45,68.72,Run_00454
1.0,0.5,40,3.0,False,True,34.55,257.81,387.66,Run_00455
1.0,0.5,40,3.0,False,False,31.61,91.27,137.80,Run_00456
1.0,0.5,50,1.0,True,True,35.01,194.54,293.71,Run_00457
1.0,0.5,50,1.0,True,False,32.07,73.09,110.38,Run_00458
1.0,0.5,50,1.0,False,True,34.47,257.81,387.66,Run_00459
1.0,0.5,50,1.0,False,False,31.85,94.18,142.19,Run_00460
1.0,0.5,50,2.0,True,True,34.96,153.81,232.19,Run_00461
1.0,0.5,50,2.0,True,False,32.43,59.63,90.06,Run_00462
1.0,0.5,50,2.0,False,True,34.47,257.81,387.66,Run_00463
1.0,0.5,50,2.0,False,False,31.85,94.18,142.19,Run_00464
1.0,0.5,50,3.0,True,True,34.82,127.27,192.19,Run_00465
1.0,0.5,50,3.0,True,False,32.92,47.27,71.47,Run_00466
1.0,0.5,50,3.0,False,True,34.47,257.81,387.66,Run_00467
1.0,0.5,50,3.0,False,False,31.85,94.18,142.19,Run_00468
1.0,0.5,60,1.0,True,True,34.88,194.90,294.26,Run_00469
1.0,0.5,60,1.0,True,False,32.20,74.54,112.58,Run_00470
1.0,0.5,60,1.0,False,True,34.36,257.81,387.66,Run_00471
1.0,0.5,60,1.0,False,False,32.00,95.27,143.84,Run_00472
1.0,0.5,60,2.0,True,True,34.89,154.54,233.29,Run_00473
1.0,0.5,60,2.0,True,False,32.69,60.72,91.71,Run_00474
1.0,0.5,60,2.0,False,True,34.36,257.81,387.66,Run_00475
1.0,0.5,60,2.0,False,False,32.00,95.27,143.84,Run_00476
1.0,0.5,60,3.0,True,True,34.58,127.63,192.74,Run_00477
1.0,0.5,60,3.0,True,False,33.05,47.63,72.02,Run_00478
1.0,0.5,60,3.0,False,True,34.36,257.81,387.66,Run_00479
1.0,0.5,60,3.0,False,False,32.00,95.27,143.84,Run_00480
1.0,0.5,70,1.0,True,True,34.72,194.90,294.26,Run_00481
1.0,0.5,70,1.0,True,False,32.18,76.72,115.87,Run_00482
1.0,0.5,70,1.0,False,True,34.24,258.17,388.20,Run_00483
1.0,0.5,70,1.0,False,False,32.03,100.72,152.07,Run_00484
1.0,0.5,70,2.0,True,True,34.81,154.18,232.74,Run_00485
1.0,0.5,70,2.0,True,False,32.65,60.72,91.71,Run_00486
1.0,0.5,70,2.0,False,True,34.24,258.17,388.20,Run_00487
1.0,0.5,70,2.0,False,False,32.03,100.72,152.07,Run_00488
1.0,0.5,70,3.0,True,True,34.42,129.45,195.48,Run_00489
1.0,0.5,70,3.0,True,False,32.97,48.73,73.67,Run_00490
1.0,0.5,70,3.0,False,True,34.24,258.17,388.20,Run_00491
1.0,0.5,70,3.0,False,False,32.03,100.72,152.07,Run_00492
1.0,0.5,80,1.0,True,True,34.66,194.54,293.71,Run_00493
1.0,0.5,80,1.0,True,False,32.41,73.82,111.48,Run_00494
1.0,0.5,80,1.0,False,True,34.21,258.17,388.20,Run_00495
1.0,0.5,80,1.0,False,False,32.08,98.54,148.78,Run_00496
1.0,0.5,80,2.0,True,True,34.83,154.18,232.74,Run_00497
1.0,0.5,80,2.0,True,False,32.94,59.27,89.51,Run_00498
1.0,0.5,80,2.0,False,True,34.21,258.17,388.20,Run_00499
1.0,0.5,80,2.0,False,False,32.08,98.54,148.78,Run_00500
1.0,0.5,80,3.0,True,True,34.45,129.45,195.48,Run_00501
1.0,0.5,80,3.0,True,False,33.14,47.27,71.47,Run_00502
1.0,0.5,80,3.0,False,True,34.21,258.17,388.20,Run_00503
1.0,0.5,80,3.0,False,False,32.08,98.54,148.78,Run_00504
1.0,0.6,20,1.0,True,True,35.75,196.36,295.25,Run_00505
1.0,0.6,20,1.0,True,False,30.63,70.18,106.05,Run_00506
1.0,0.6,20,1.0,False,True,35.32,257.81,387.66,Run_00507
1.0,0.6,20,1.0,False,False,30.66,86.54,130.66,Run_00508
1.0,0.6,20,2.0,True,True,35.63,155.27,233.47,Run_00509
1.0,0.6,20,2.0,True,False,31.03,49.09,74.13,Run_00510
1.0,0.6,20,2.0,False,True,35.32,257.81,387.66,Run_00511
1.0,0.6,20,2.0,False,False,30.66,86.54,130.66,Run_00512
1.0,0.6,20,3.0,True,True,35.32,130.18,196.58,Run_00513
1.0,0.6,20,3.0,True,False,31.29,42.54,64.32,Run_00514
1.0,0.6,20,3.0,False,True,35.32,257.81,387.66,Run_00515
1.0,0.6,20,3.0,False,False,30.66,86.54,130.66,Run_00516
1.0,0.6,30,1.0,True,True,35.59,195.63,294.16,Run_00517
1.0,0.6,30,1.0,True,False,31.31,69.45,104.89,Run_00518
1.0,0.6,30,1.0,False,True,35.08,257.44,387.11,Run_00519
1.0,0.6,30,1.0,False,False,31.19,86.91,131.21,Run_00520
1.0,0.6,30,2.0,True,True,35.47,154.54,232.38,Run_00521
1.0,0.6,30,2.0,True,False,31.69,52.00,78.53,Run_00522
1.0,0.6,30,2.0,False,True,35.08,257.44,387.11,Run_00523
1.0,0.6,30,2.0,False,False,31.19,86.91,131.21,Run_00524
1.0,0.6,30,3.0,True,True,35.07,129.45,195.48,Run_00525
1.0,0.6,30,3.0,True,False,32.03,41.82,63.23,Run_00526
1.0,0.6,30,3.0,False,True,35.08,257.44,387.11,Run_00527
1.0,0.6,30,3.0,False,False,31.19,86.91,131.21,Run_00528
1.0,0.6,40,1.0,True,True,35.17,195.99,294.71,Run_00529
1.0,0.6,40,1.0,True,False,31.37,66.91,101.05,Run_00530
1.0,0.6,40,1.0,False,True,34.62,257.44,387.11,Run_00531
1.0,0.6,40,1.0,False,False,31.26,85.09,128.47,Run_00532
1.0,0.6,40,2.0,True,True,35.14,155.27,233.47,Run_00533
1.0,0.6,40,2.0,True,False,31.88,53.82,81.28,Run_00534
1.0,0.6,40,2.0,False,True,34.62,257.44,387.11,Run_00535
1.0,0.6,40,2.0,False,False,31.26,85.09,128.47,Run_00536
1.0,0.6,40,3.0,True,True,34.79,129.09,194.93,Run_00537
1.0,0.6,40,3.0,True,False,32.05,44.36,67.07,Run_00538
1.0,0.6,40,3.0,False,True,34.62,257.44,387.11,Run_00539
1.0,0.6,40,3.0,False,False,31.26,85.09,128.47,Run_00540
1.0,0.6,50,1.0,True,True,35.13,195.26,294.81,Run_00541
1.0,0.6,50,1.0,True,False,31.52,65.09,98.30,Run_00542
1.0,0.6,50,1.0,False,True,34.56,257.44,387.11,Run_00543
1.0,0.6,50,1.0,False,False,31.48,85.45,129.02,Run_00544
1.0,0.6,50,2.0,True,True,35.14,155.27,234.38,Run_00545
1.0,0.6,50,2.0,True,False,31.82,54.18,81.82,Run_00546
1.0,0.6,50,2.0,False,True,34.56,257.44,387.11,Run_00547
1.0,0.6,50,2.0,False,False,31.48,85.45,129.02,Run_00548
1.0,0.6,50,3.0,True,True,34.98,129.45,195.48,Run_00549
1.0,0.6,50,3.0,True,False,32.31,45.45,68.72,Run_00550
1.0,0.6,50,3.0,False,True,34.56,257.44,387.11,Run_00551
1.0,0.6,50,3.0,False,False,31.48,85.45,129.02,Run_00552
1.0,0.6,60,1.0,True,True,35.03,194.90,294.26,Run_00553
1.0,0.6,60,1.0,True,False,31.65,67.27,102.09,Run_00554
1.0,0.6,60,1.0,False,True,34.46,257.44,387.11,Run_00555
1.0,0.6,60,1.0,False,False,31.60,87.27,131.86,Run_00556
1.0,0.6,60,2.0,True,True,35.03,155.27,234.38,Run_00557
1.0,0.6,60,2.0,True,False,32.01,55.27,83.86,Run_00558
1.0,0.6,60,2.0,False,True,34.46,257.44,387.11,Run_00559
1.0,0.6,60,2.0,False,False,31.60,87.27,131.86,Run_00560
1.0,0.6,60,3.0,True,True,34.86,128.36,193.83,Run_00561
1.0,0.6,60,3.0,True,False,32.31,45.09,68.52,Run_00562
1.0,0.6,60,3.0,False,True,34.46,257.44,387.11,Run_00563
1.0,0.6,60,3.0,False,False,31.60,87.27,131.86,Run_00564
1.0,0.6,70,1.0,True,True,34.94,195.26,294.81,Run_00565
1.0,0.6,70,1.0,True,False,31.71,69.45,105.40,Run_00566
1.0,0.6,70,1.0,False,True,34.41,257.81,387.66,Run_00567
1.0,0.6,70,1.0,False,False,31.71,92.36,139.55,Run_00568
1.0,0.6,70,2.0,True,True,35.00,155.27,234.38,Run_00569
1.0,0.6,70,2.0,True,False,31.99,55.63,84.42,Run_00570
1.0,0.6,70,2.0,False,True,34.41,257.81,387.66,Run_00571
1.0,0.6,70,2.0,False,False,31.71,92.36,139.55,Run_00572
1.0,0.6,70,3.0,True,True,34.87,129.45,195.48,Run_00573
1.0,0.6,70,3.0,True,False,32.25,44.73,67.97,Run_00574
1.0,0.6,70,3.0,False,True,34.41,257.81,387.66,Run_00575
1.0,0.6,70,3.0,False,False,31.71,92.36,139.55,Run_00576
1.0,0.6,80,1.0,True,True,34.96,195.26,294.81,Run_00577
1.0,0.6,80,1.0,True,False,32.09,69.82,105.95,Run_00578
1.0,0.6,80,1.0,False,True,34.42,257.81,387.66,Run_00579
1.0,0.6,80,1.0,False,False,31.87,93.45,141.20,Run_00580
1.0,0.6,80,2.0,True,True,35.02,154.90,233.83,Run_00581
1.0,0.6,80,2.0,True,False,32.43,57.09,86.62,Run_00582
1.0,0.6,80,2.0,False,True,34.42,257.81,387.66,Run_00583
1.0,0.6,80,2.0,False,False,31.87,93.45,141.20,Run_00584
1.0,0.6,80,3.0,True,True,34.84,129.81,196.03,Run_00585
1.0,0.6,80,3.0,True,False,32.59,45.45,69.07,Run_00586
1.0,0.6,80,3.0,False,True,34.42,257.81,387.66,Run_00587
1.0,0.6,80,3.0,False,False,31.87,93.45,141.20,Run_00588
2.0,0.05,20,1.0,True,True,32.68,134.90,203.68,Run_00589
2.0,0.05,20,1.0,True,False,35.62,144.36,219.20,Run_00590
2.0,0.05,20,1.0,False,True,32.49,173.08,261.27,Run_00591
2.0,0.05,20,1.0,False,False,35.78,185.08,280.73,Run_00592
2.0,0.05,20,2.0,True,True,32.33,126.90,191.62,Run_00593
2.0,0.05,20,2.0,True,False,35.37,132.36,201.00,Run_00594
2.0,0.05,20,2.0,False,True,32.49,173.08,261.27,Run_00595
2.0,0.05,20,2.0,False,False,35.78,185.08,280.73,Run_00596
2.0,0.05,20,3.0,True,True,31.56,109.09,164.71,Run_00597
2.0,0.05,20,3.0,True,False,34.89,112.72,171.31,Run_00598
2.0,0.05,20,3.0,False,True,32.49,173.08,261.27,Run_00599
2.0,0.05,20,3.0,False,False,35.78,185.08,280.73,Run_00600
2.0,0.05,30,1.0,True,True,32.40,134.54,203.13,Run_00601
2.0,0.05,30,1.0,True,False,34.95,139.63,211.90,Run_00602
2.0,0.05,30,1.0,False,True,32.18,172.72,260.72,Run_00603
2.0,0.05,30,1.0,False,False,35.12,177.81,269.70,Run_00604
2.0,0.05,30,2.0,True,True,31.98,126.54,191.08,Run_00605
2.0,0.05,30,2.0,True,False,34.63,129.45,196.47,Run_00606
2.0,0.05,30,2.0,False,True,32.18,172.72,260.72,Run_00607
2.0,0.05,30,2.0,False,False,35.12,177.81,269.70,Run_00608
2.0,0.05,30,3.0,True,True,31.29,109.09,164.71,Run_00609
2.0,0.05,30,3.0,True,False,34.22,113.09,171.63,Run_00610
2.0,0.05,30,3.0,False,True,32.18,172.72,260.72,Run_00611
2.0,0.05,30,3.0,False,False,35.12,177.81,269.70,Run_00612
2.0,0.05,40,1.0,True,True,32.21,134.90,203.68,Run_00613
2.0,0.05,40,1.0,True,False,34.52,137.81,209.14,Run_00614
2.0,0.05,40,1.0,False,True,32.01,173.08,261.27,Run_00615
2.0,0.05,40,1.0,False,False,34.65,175.63,266.39,Run_00616
2.0,0.05,40,2.0,True,True,31.83,126.90,191.62,Run_00617
2.0,0.05,40,2.0,True,False,34.13,129.45,196.47,Run_00618
2.0,0.05,40,2.0,False,True,32.01,173.08,261.27,Run_00619
2.0,0.05,40,2.0,False,False,34.65,175.63,266.39,Run_00620
2.0,0.05,40,3.0,True,True,31.13,109.09,164.71,Run_00621
2.0,0.05,40,3.0,True,False,33.71,112.36,170.53,Run_00622
2.0,0.05,40,3.0,False,True,32.01,173.08,261.27,Run_00623
2.0,0.05,40,3.0,False,False,34.65,175.63,266.39,Run_00624
2.0,0.05,50,1.0,True,True,32.00,133.81,202.03,Run_00625
2.0,0.05,50,1.0,True,False,33.89,135.99,206.38,Run_00626
2.0,0.05,50,1.0,False,True,31.76,173.08,261.27,Run_00627
2.0,0.05,50,1.0,False,False,34.03,174.54,264.73,Run_00628
2.0,0.05,50,2.0,True,True,31.62,125.81,189.98,Run_00629
2.0,0.05,50,2.0,True,False,33.56,127.99,194.27,Run_00630
2.0,0.05,50,2.0,False,True,31.76,173.08,261.27,Run_00631
2.0,0.05,50,2.0,False,False,34.03,174.54,264.73,Run_00632
2.0,0.05,50,3.0,True,True,31.04,108.36,163.61,Run_00633
2.0,0.05,50,3.0,True,False,33.20,110.54,167.77,Run_00634
2.0,0.05,50,3.0,False,True,31.76,173.08,261.27,Run_00635
2.0,0.05,50,3.0,False,False,34.03,174.54,264.73,Run_00636
2.0,0.05,60,1.0,True,True,31.96,133.81,202.03,Run_00637
2.0,0.05,60,1.0,True,False,33.83,135.63,205.83,Run_00638
2.0,0.05,60,1.0,False,True,31.73,173.45,261.81,Run_00639
2.0,0.05,60,1.0,False,False,33.82,173.81,263.63,Run_00640
2.0,0.05,60,2.0,True,True,31.60,125.81,189.98,Run_00641
2.0,0.05,60,2.0,True,False,33.48,127.63,193.71,Run_00642
2.0,0.05,60,2.0,False,True,31.73,173.45,261.81,Run_00643
2.0,0.05,60,2.0,False,False,33.82,173.81,263.63,Run_00644
2.0,0.05,60,3.0,True,True,31.04,108.36,163.61,Run_00645
2.0,0.05,60,3.0,True,False,33.06,110.18,167.22,Run_00646
2.0,0.05,60,3.0,False,True,31.73,173.45,261.81,Run_00647
2.0,0.05,60,3.0,False,False,33.82,173.81,263.63,Run_00648
2.0,0.05,70,1.0,True,True,31.67,133.45,201.48,Run_00649
2.0,0.05,70,1.0,True,False,33.12,134.54,204.18,Run_00650
2.0,0.05,70,1.0,False,True,31.44,173.08,261.27,Run_00651
2.0,0.05,70,1.0,False,False,33.13,173.81,263.63,Run_00652
2.0,0.05,70,2.0,True,True,31.36,125.45,189.43,Run_00653
2.0,0.05,70,2.0,True,False,32.78,126.54,192.06,Run_00654
2.0,0.05,70,2.0,False,True,31.44,173.08,261.27,Run_00655
2.0,0.05,70,2.0,False,False,33.13,173.81,263.63,Run_00656
2.0,0.05,70,3.0,True,True,30.87,108.00,163.06,Run_00657
2.0,0.05,70,3.0,True,False,32.45,109.09,165.56,Run_00658
2.0,0.05,70,3.0,False,True,31.44,173.08,261.27,Run_00659
2.0,0.05,70,3.0,False,False,33.13,173.81,263.63,Run_00660
2.0,0.05,80,1.0,True,True,31.50,133.45,201.48,Run_00661
2.0,0.05,80,1.0,True,False,33.04,134.54,204.18,Run_00662
2.0,0.05,80,1.0,False,True,31.26,173.81,262.36,Run_00663
2.0,0.05,80,1.0,False,False,33.03,174.54,264.73,Run_00664
2.0,0.05,80,2.0,True,True,31.19,125.45,189.43,Run_00665
2.0,0.05,80,2.0,True,False,32.70,126.54,192.06,Run_00666
2.0,0.05,80,2.0,False,True,31.26,173.81,262.36,Run_00667
2.0,0.05,80,2.0,False,False,33.03,174.54,264.73,Run_00668
2.0,0.05,80,3.0,True,True,30.68,108.00,163.06,Run_00669
2.0,0.05,80,3.0,True,False,32.34,109.09,165.56,Run_00670
2.0,0.05,80,3.0,False,True,31.26,173.81,262.36,Run_00671
2.0,0.05,80,3.0,False,False,33.03,174.54,264.73,Run_00672
2.0,0.1,20,1.0,True,True,33.51,137.81,208.07,Run_00673
2.0,0.1,20,1.0,True,False,37.00,132.72,201.53,Run_00674
2.0,0.1,20,1.0,False,True,33.26,174.90,264.01,Run_00675
2.0,0.1,20,1.0,False,False,37.13,162.90,247.09,Run_00676
2.0,0.1,20,2.0,True,True,32.91,129.81,196.02,Run_00677
2.0,0.1,20,2.0,True,False,36.42,120.00,182.22,Run_00678
2.0,0.1,20,2.0,False,True,33.26,174.90,264.01,Run_00679
2.0,0.1,20,2.0,False,False,37.13,162.90,247.09,Run_00680
2.0,0.1,20,3.0,True,True,32.19,110.18,166.36,Run_00681
2.0,0.1,20,3.0,True,False,35.85,97.81,148.65,Run_00682
2.0,0.1,20,3.0,False,True,33.26,174.90,264.01,Run_00683
2.0,0.1,20,3.0,False,False,37.13,162.90,247.09,Run_00684
2.0,0.1,30,1.0,True,True,33.53,136.72,206.43,Run_00685
2.0,0.1,30,1.0,True,False,37.76,135.99,206.38,Run_00686
2.0,0.1,30,1.0,False,True,33.38,173.81,262.36,Run_00687
2.0,0.1,30,1.0,False,False,37.76,165.45,250.95,Run_00688
2.0,0.1,30,2.0,True,True,33.10,129.81,196.02,Run_00689
2.0,0.1,30,2.0,True,False,37.43,123.99,188.20,Run_00690
2.0,0.1,30,2.0,False,True,33.38,173.81,262.36,Run_00691
2.0,0.1,30,2.0,False,False,37.76,165.45,250.95,Run_00692
2.0,0.1,30,3.0,True,True,32.37,110.54,166.91,Run_00693
2.0,0.1,30,3.0,True,False,36.52,105.45,160.04,Run_00694
2.0,0.1,30,3.0,False,True,33.38,173.81,262.36,Run_00695
2.0,0.1,30,3.0,False,False,37.76,165.45,250.95,Run_00696
2.0,0.1,40,1.0,True,True,33.59,137.09,206.97,Run_00697
2.0,0.1,40,1.0,True,False,38.21,133.81,203.07,Run_00698
2.0,0.1,40,1.0,False,True,33.43,172.72,260.72,Run_00699
2.0,0.1,40,1.0,False,False,38.18,163.27,247.64,Run_00700
2.0,0.1,40,2.0,True,True,33.22,129.45,195.47,Run_00701
2.0,0.1,40,2.0,True,False,37.90,123.63,187.64,Run_00702
2.0,0.1,40,2.0,False,True,33.43,172.72,260.72,Run_00703
2.0,0.1,40,2.0,False,False,38.18,163.27,247.64,Run_00704
2.0,0.1,40,3.0,True,True,32.35,110.90,167.46,Run_00705
2.0,0.1,40,3.0,True,False,37.15,106.54,161.70,Run_00706
2.0,0.1,40,3.0,False,True,33.43,172.72,260.72,Run_00707
2.0,0.1,40,3.0,False,False,38.18,163.27,247.64,Run_00708
2.0,0.1,50,1.0,True,True,33.52,136.72,206.43,Run_00709
2.0,0.1,50,1.0,True,False,38.43,131.99,200.31,Run_00710
2.0,0.1,50,1.0,False,True,33.37,172.36,260.17,Run_00711
2.0,0.1,50,1.0,False,False,38.53,161.45,244.88,Run_00712
2.0,0.1,50,2.0,True,True,33.21,128.36,193.82,Run_00713
2.0,0.1,50,2.0,True,False,38.01,120.72,183.23,Run_00714
2.0,0.1,50,2.0,False,True,33.37,172.36,260.17,Run_00715
2.0,0.1,50,2.0,False,False,38.53,161.45,244.88,Run_00716
2.0,0.1,50,3.0,True,True,32.25,110.54,166.91,Run_00717
2.0,0.1,50,3.0,True,False,37.21,105.09,159.49,Run_00718
2.0,0.1,50,3.0,False,True,33.37,172.36,260.17,Run_00719
2.0,0.1,50,3.0,False,False,38.53,161.45,244.88,Run_00720
2.0,0.1,60,1.0,True,True,33.60,137.09,206.97,Run_00721
2.0,0.1,60,1.0,True,False,39.04,133.09,201.97,Run_00722
2.0,0.1,60,1.0,False,True,33.45,172.72,260.72,Run_00723
2.0,0.1,60,1.0,False,False,39.05,163.27,247.64,Run_00724
2.0,0.1,60,2.0,True,True,33.24,129.09,194.92,Run_00725
2.0,0.1,60,2.0,True,False,38.53,123.63,187.64,Run_00726
2.0,0.1,60,2.0,False,True,33.45,172.72,260.72,Run_00727
2.0,0.1,60,2.0,False,False,39.05,163.27,247.64,Run_00728
2.0,0.1,60,3.0,True,True,32.41,110.90,167.46,Run_00729
2.0,0.1,60,3.0,True,False,37.74,105.81,160.59,Run_00730
2.0,0.1,60,3.0,False,True,33.45,172.72,260.72,Run_00731
2.0,0.1,60,3.0,False,False,39.05,163.27,247.64,Run_00732
2.0,0.1,70,1.0,True,True,33.59,135.99,205.33,Run_00733
2.0,0.1,70,1.0,True,False,39.09,132.72,201.42,Run_00734
2.0,0.1,70,1.0,False,True,33.44,172.36,260.17,Run_00735
2.0,0.1,70,1.0,False,False,39.21,162.90,247.09,Run_00736
2.0,0.1,70,2.0,True,True,33.23,127.99,193.27,Run_00737
2.0,0.1,70,2.0,True,False,38.67,123.99,188.20,Run_00738
2.0,0.1,70,2.0,False,True,33.44,172.36,260.17,Run_00739
2.0,0.1,70,2.0,False,False,39.21,162.90,247.09,Run_00740
2.0,0.1,70,3.0,True,True,32.36,109.81,165.81,Run_00741
2.0,0.1,70,3.0,True,False,37.86,106.54,161.70,Run_00742
2.0,0.1,70,3.0,False,True,33.44,172.36,260.17,Run_00743
2.0,0.1,70,3.0,False,False,39.21,162.90,247.09,Run_00744
2.0,0.1,80,1.0,True,True,33.69,135.63,204.78,Run_00745
2.0,0.1,80,1.0,True,False,39.35,134.54,204.18,Run_00746
2.0,0.1,80,1.0,False,True,33.55,172.72,260.72,Run_00747
2.0,0.1,80,1.0,False,False,39.50,165.45,250.95,Run_00748
2.0,0.1,80,2.0,True,True,33.32,127.63,192.72,Run_00749
2.0,0.1,80,2.0,True,False,38.91,125.81,190.95,Run_00750
2.0,0.1,80,2.0,False,True,33.55,172.72,260.72,Run_00751
2.0,0.1,80,2.0,False,False,39.50,165.45,250.95,Run_00752
2.0,0.1,80,3.0,True,True,32.60,109.45,165.26,Run_00753
2.0,0.1,80,3.0,True,False,38.14,108.72,165.01,Run_00754
2.0,0.1,80,3.0,False,True,33.55,172.72,260.72,Run_00755
2.0,0.1,80,3.0,False,False,39.50,165.45,250.95,Run_00756
2.0,0.2,20,1.0,True,True,34.81,141.09,213.01,Run_00757
2.0,0.2,20,1.0,True,False,34.28,84.00,127.55,Run_00758
2.0,0.2,20,1.0,False,True,34.46,174.90,264.01,Run_00759
2.0,0.2,20,1.0,False,False,34.38,102.90,156.08,Run_00760
2.0,0.2,20,2.0,True,True,34.28,132.72,200.41,Run_00761
2.0,0.2,20,2.0,True,False,34.23,74.91,113.75,Run_00762
2.0,0.2,20,2.0,False,True,34.46,174.90,264.01,Run_00763
2.0,0.2,20,2.0,False,False,34.38,102.90,156.08,Run_00764
2.0,0.2,20,3.0,True,True,33.86,112.72,170.20,Run_00765
2.0,0.2,20,3.0,True,False,33.91,59.27,90.09,Run_00766
2.0,0.2,20,3.0,False,True,34.46,174.90,264.01,Run_00767
2.0,0.2,20,3.0,False,False,34.38,102.90,156.08,Run_00768
2.0,0.2,30,1.0,True,True,34.57,139.27,210.27,Run_00769
2.0,0.2,30,1.0,True,False,35.19,94.91,144.03,Run_00770
2.0,0.2,30,1.0,False,True,34.27,174.54,263.46,Run_00771
2.0,0.2,30,1.0,False,False,35.27,114.18,173.18,Run_00772
2.0,0.2,30,2.0,True,True,34.04,131.63,198.76,Run_00773
2.0,0.2,30,2.0,True,False,35.15,86.91,131.90,Run_00774
2.0,0.2,30,2.0,False,True,34.27,174.54,263.46,Run_00775
2.0,0.2,30,2.0,False,False,35.27,114.18,173.18,Run_00776
2.0,0.2,30,3.0,True,True,33.51,113.09,170.75,Run_00777
2.0,0.2,30,3.0,True,False,34.63,70.54,107.06,Run_00778
2.0,0.2,30,3.0,False,True,34.27,174.54,263.46,Run_00779
2.0,0.2,30,3.0,False,False,35.27,114.18,173.18,Run_00780
2.0,0.2,40,1.0,True,True,34.38,139.63,210.82,Run_00781
2.0,0.2,40,1.0,True,False,36.18,100.72,152.86,Run_00782
2.0,0.2,40,1.0,False,True,34.11,174.90,264.01,Run_00783
2.0,0.2,40,1.0,False,False,36.21,120.72,183.11,Run_00784
2.0,0.2,40,2.0,True,True,33.97,131.27,198.21,Run_00785
2.0,0.2,40,2.0,True,False,36.16,90.54,137.42,Run_00786
2.0,0.2,40,2.0,False,True,34.11,174.90,264.01,Run_00787
2.0,0.2,40,2.0,False,False,36.21,120.72,183.11,Run_00788
2.0,0.2,40,3.0,True,True,33.47,112.36,169.65,Run_00789
2.0,0.2,40,3.0,True,False,35.72,76.00,115.34,Run_00790
2.0,0.2,40,3.0,False,True,34.11,174.90,264.01,Run_00791
2.0,0.2,40,3.0,False,False,36.21,120.72,183.11,Run_00792
2.0,0.2,50,1.0,True,True,34.27,137.81,208.07,Run_00793
2.0,0.2,50,1.0,True,False,36.57,103.27,156.72,Run_00794
2.0,0.2,50,1.0,False,True,34.00,172.72,260.72,Run_00795
2.0,0.2,50,1.0,False,False,36.51,122.18,185.31,Run_00796
2.0,0.2,50,2.0,True,True,33.80,130.18,196.57,Run_00797
2.0,0.2,50,2.0,True,False,36.42,92.00,139.63,Run_00798
2.0,0.2,50,2.0,False,True,34.00,172.72,260.72,Run_00799
2.0,0.2,50,2.0,False,False,36.51,122.18,185.31,Run_00800
2.0,0.2,50,3.0,True,True,33.26,111.63,168.56,Run_00801
2.0,0.2,50,3.0,True,False,35.92,80.00,121.41,Run_00802
2.0,0.2,50,3.0,False,True,34.00,172.72,260.72,Run_00803
2.0,0.2,50,3.0,False,False,36.51,122.18,185.31,Run_00804
2.0,0.2,60,1.0,True,True,34.17,138.18,208.62,Run_00805
2.0,0.2,60,1.0,True,False,37.11,108.36,164.45,Run_00806
2.0,0.2,60,1.0,False,True,33.92,173.81,262.36,Run_00807
2.0,0.2,60,1.0,False,False,37.09,127.99,194.14,Run_00808
2.0,0.2,60,2.0,True,True,33.64,130.18,196.57,Run_00809
2.0,0.2,60,2.0,True,False,36.82,98.54,149.56,Run_00810
2.0,0.2,60,2.0,False,True,33.92,173.81,262.36,Run_00811
2.0,0.2,60,2.0,False,False,37.09,127.99,194.14,Run_00812
2.0,0.2,60,3.0,True,True,33.14,112.36,169.65,Run_00813
2.0,0.2,60,3.0,True,False,36.64,83.27,126.38,Run_00814
2.0,0.2,60,3.0,False,True,33.92,173.81,262.36,Run_00815
2.0,0.2,60,3.0,False,False,37.09,127.99,194.14,Run_00816
2.0,0.2,70,1.0,True,True,34.06,137.45,207.52,Run_00817
2.0,0.2,70,1.0,True,False,37.66,109.45,166.10,Run_00818
2.0,0.2,70,1.0,False,True,33.86,173.81,262.36,Run_00819
2.0,0.2,70,1.0,False,False,37.42,131.99,200.21,Run_00820
2.0,0.2,70,2.0,True,True,33.53,129.81,196.02,Run_00821
2.0,0.2,70,2.0,True,False,37.40,100.72,152.87,Run_00822
2.0,0.2,70,2.0,False,True,33.86,173.81,262.36,Run_00823
2.0,0.2,70,2.0,False,False,37.42,131.99,200.21,Run_00824
2.0,0.2,70,3.0,True,True,32.99,111.27,168.01,Run_00825
2.0,0.2,70,3.0,True,False,37.03,83.63,126.93,Run_00826
2.0,0.2,70,3.0,False,True,33.86,173.81,262.36,Run_00827
2.0,0.2,70,3.0,False,False,37.42,131.99,200.21,Run_00828
2.0,0.2,80,1.0,True,True,34.04,137.81,208.07,Run_00829
2.0,0.2,80,1.0,True,False,37.68,108.72,165.00,Run_00830
2.0,0.2,80,1.0,False,True,33.80,173.45,261.81,Run_00831
2.0,0.2,80,1.0,False,False,37.80,134.18,203.51,Run_00832
2.0,0.2,80,2.0,True,True,33.52,130.90,197.66,Run_00833
2.0,0.2,80,2.0,True,False,37.43,101.45,153.98,Run_00834
2.0,0.2,80,2.0,False,True,33.80,173.45,261.81,Run_00835
2.0,0.2,80,2.0,False,False,37.80,134.18,203.51,Run_00836
2.0,0.2,80,3.0,True,True,33.16,112.36,169.65,Run_00837
2.0,0.2,80,3.0,True,False,37.06,87.63,133.00,Run_00838
2.0,0.2,80,3.0,False,True,33.80,173.45,261.81,Run_00839
2.0,0.2,80,3.0,False,False,37.80,134.18,203.51,Run_00840
2.0,0.3,20,1.0,True,True,35.19,141.45,213.56,Run_00841
2.0,0.3,20,1.0,True,False,32.06,58.91,89.45,Run_00842
2.0,0.3,20,1.0,False,True,34.75,173.81,262.36,Run_00843
2.0,0.3,20,1.0,False,False,32.07,71.63,108.65,Run_00844
2.0,0.3,20,2.0,True,True,34.73,133.09,200.96,Run_00845
2.0,0.3,20,2.0,True,False,32.21,53.45,81.17,Run_00846
2.0,0.3,20,2.0,False,True,34.75,173.81,262.36,Run_00847
2.0,0.3,20,2.0,False,False,32.07,71.63,108.65,Run_00848
2.0,0.3,20,3.0,True,True,34.58,112.72,170.20,Run_00849
2.0,0.3,20,3.0,True,False,32.44,42.91,65.22,Run_00850
2.0,0.3,20,3.0,False,True,34.75,173.81,262.36,Run_00851
2.0,0.3,20,3.0,False,False,32.07,71.63,108.65,Run_00852
2.0,0.3,30,1.0,True,True,35.04,139.63,210.82,Run_00853
2.0,0.3,30,1.0,True,False,33.07,66.18,100.43,Run_00854
2.0,0.3,30,1.0,False,True,34.68,173.08,261.27,Run_00855
2.0,0.3,30,1.0,False,False,33.17,80.72,122.44,Run_00856
2.0,0.3,30,2.0,True,True,34.64,131.63,198.76,Run_00857
2.0,0.3,30,2.0,True,False,33.25,61.82,93.82,Run_00858
2.0,0.3,30,2.0,False,True,34.68,173.08,261.27,Run_00859
2.0,0.3,30,2.0,False,False,33.17,80.72,122.44,Run_00860
2.0,0.3,30,3.0,True,True,34.37,113.09,170.75,Run_00861
2.0,0.3,30,3.0,True,False,33.23,49.82,75.61,Run_00862
2.0,0.3,30,3.0,False,True,34.68,173.08,261.27,Run_00863
2.0,0.3,30,3.0,False,False,33.17,80.72,122.44,Run_00864
2.0,0.3,40,1.0,True,True,34.92,139.63,210.82,Run_00865
2.0,0.3,40,1.0,True,False,33.58,69.45,105.40,Run_00866
2.0,0.3,40,1.0,False,True,34.43,173.45,261.81,Run_00867
2.0,0.3,40,1.0,False,False,33.62,86.54,131.26,Run_00868
2.0,0.3,40,2.0,True,True,34.56,131.27,198.21,Run_00869
2.0,0.3,40,2.0,True,False,33.77,65.82,99.89,Run_00870
2.0,0.3,40,2.0,False,True,34.43,173.45,261.81,Run_00871
2.0,0.3,40,2.0,False,False,33.62,86.54,131.26,Run_00872
2.0,0.3,40,3.0,True,True,34.22,113.09,170.75,Run_00873
2.0,0.3,40,3.0,True,False,33.86,53.82,81.68,Run_00874
2.0,0.3,40,3.0,False,True,34.43,173.45,261.81,Run_00875
2.0,0.3,40,3.0,False,False,33.62,86.54,131.26,Run_00876
2.0,0.3,50,1.0,True,True,34.87,139.27,210.27,Run_00877
2.0,0.3,50,1.0,True,False,34.20,71.63,108.71,Run_00878
2.0,0.3,50,1.0,False,True,34.38,172.72,260.72,Run_00879
2.0,0.3,50,1.0,False,False,34.18,88.00,133.47,Run_00880
2.0,0.3,50,2.0,True,True,34.40,130.90,197.66,Run_00881
2.0,0.3,50,2.0,True,False,34.29,68.00,103.20,Run_00882
2.0,0.3,50,2.0,False,True,34.38,172.72,260.72,Run_00883
2.0,0.3,50,2.0,False,False,34.18,88.00,133.47,Run_00884
2.0,0.3,50,3.0,True,True,33.95,112.36,169.65,Run_00885
2.0,0.3,50,3.0,True,False,34.19,56.36,85.54,Run_00886
2.0,0.3,50,3.0,False,True,34.38,172.72,260.72,Run_00887
2.0,0.3,50,3.0,False,False,34.18,88.00,133.47,Run_00888
2.0,0.3,60,1.0,True,True,34.70,138.90,209.72,Run_00889
2.0,0.3,60,1.0,True,False,34.27,74.91,113.68,Run_00890
2.0,0.3,60,1.0,False,True,34.22,171.63,259.07,Run_00891
2.0,0.3,60,1.0,False,False,34.39,92.00,139.54,Run_00892
2.0,0.3,60,2.0,True,True,34.32,130.90,197.66,Run_00893
2.0,0.3,60,2.0,True,False,34.38,69.82,105.96,Run_00894
2.0,0.3,60,2.0,False,True,34.22,171.63,259.07,Run_00895
2.0,0.3,60,2.0,False,False,34.39,92.00,139.54,Run_00896
2.0,0.3,60,3.0,True,True,33.78,113.09,170.75,Run_00897
2.0,0.3,60,3.0,True,False,34.26,58.91,89.40,Run_00898
2.0,0.3,60,3.0,False,True,34.22,171.63,259.07,Run_00899
2.0,0.3,60,3.0,False,False,34.39,92.00,139.54,Run_00900
2.0,0.3,70,1.0,True,True,34.59,139.63,210.82,Run_00901
2.0,0.3,70,1.0,True,False,34.66,76.00,115.33,Run_00902
2.0,0.3,70,1.0,False,True,34.13,172.36,260.17,Run_00903
2.0,0.3,70,1.0,False,False,34.55,93.81,142.29,Run_00904
2.0,0.3,70,2.0,True,True,34.17,131.63,198.76,Run_00905
2.0,0.3,70,2.0,True,False,34.72,70.91,107.62,Run_00906
2.0,0.3,70,2.0,False,True,34.13,172.36,260.17,Run_00907
2.0,0.3,70,2.0,False,False,34.55,93.81,142.29,Run_00908
2.0,0.3,70,3.0,True,True,33.67,113.45,171.30,Run_00909
2.0,0.3,70,3.0,True,False,34.56,58.91,89.40,Run_00910
2.0,0.3,70,3.0,False,True,34.13,172.36,260.17,Run_00911
2.0,0.3,70,3.0,False,False,34.55,93.81,142.29,Run_00912
2.0,0.3,80,1.0,True,True,34.52,139.27,210.27,Run_00913
2.0,0.3,80,1.0,True,False,34.82,78.54,119.20,Run_00914
2.0,0.3,80,1.0,False,True,34.09,172.36,260.17,Run_00915
2.0,0.3,80,1.0,False,False,34.71,97.45,147.81,Run_00916
2.0,0.3,80,2.0,True,True,34.12,131.27,198.21,Run_00917
2.0,0.3,80,2.0,True,False,34.87,73.09,110.93,Run_00918
2.0,0.3,80,2.0,False,True,34.09,172.36,260.17,Run_00919
2.0,0.3,80,2.0,False,False,34.71,97.45,147.81,Run_00920
2.0,0.3,80,3.0,True,True,33.61,113.09,170.75,Run_00921
2.0,0.3,80,3.0,True,False,34.57,61.45,93.27,Run_00922
2.0,0.3,80,3.0,False,True,34.09,172.36,260.17,Run_00923
2.0,0.3,80,3.0,False,False,34.71,97.45,147.81,Run_00924
2.0,0.4,20,1.0,True,True,35.43,142.18,214.66,Run_00925
2.0,0.4,20,1.0,True,False,30.72,49.09,74.54,Run_00926
2.0,0.4,20,1.0,False,True,34.97,173.45,261.81,Run_00927
2.0,0.4,20,1.0,False,False,30.80,58.91,89.35,Run_00928
2.0,0.4,20,2.0,True,True,35.07,134.54,203.15,Run_00929
2.0,0.4,20,2.0,True,False,30.97,44.73,67.92,Run_00930
2.0,0.4,20,2.0,False,True,34.97,173.45,261.81,Run_00931
2.0,0.4,20,2.0,False,False,30.80,58.91,89.35,Run_00932
2.0,0.4,20,3.0,True,True,34.85,115.27,174.05,Run_00933
2.0,0.4,20,3.0,True,False,30.98,38.18,58.03,Run_00934
2.0,0.4,20,3.0,False,True,34.97,173.45,261.81,Run_00935
2.0,0.4,20,3.0,False,False,30.80,58.91,89.35,Run_00936
2.0,0.4,30,1.0,True,True,35.15,140.72,212.46,Run_00937
2.0,0.4,30,1.0,True,False,31.39,53.45,81.12,Run_00938
2.0,0.4,30,1.0,False,True,34.64,172.72,260.72,Run_00939
2.0,0.4,30,1.0,False,False,31.50,65.45,99.28,Run_00940
2.0,0.4,30,2.0,True,True,34.76,133.09,200.96,Run_00941
2.0,0.4,30,2.0,True,False,31.59,49.09,74.51,Run_00942
2.0,0.4,30,2.0,False,True,34.64,172.72,260.72,Run_00943
2.0,0.4,30,2.0,False,False,31.50,65.45,99.28,Run_00944
2.0,0.4,30,3.0,True,True,34.53,114.18,172.40,Run_00945
2.0,0.4,30,3.0,True,False,31.58,41.09,62.36,Run_00946
2.0,0.4,30,3.0,False,True,34.64,172.72,260.72,Run_00947
2.0,0.4,30,3.0,False,False,31.50,65.45,99.28,Run_00948
2.0,0.4,40,1.0,True,True,34.79,139.99,211.37,Run_00949
2.0,0.4,40,1.0,True,False,32.05,53.09,80.57,Run_00950
2.0,0.4,40,1.0,False,True,34.32,173.81,262.36,Run_00951
2.0,0.4,40,1.0,False,False,31.95,66.91,101.48,Run_00952
2.0,0.4,40,2.0,True,True,34.56,132.72,200.41,Run_00953
2.0,0.4,40,2.0,True,False,32.33,50.18,76.16,Run_00954
2.0,0.4,40,2.0,False,True,34.32,173.81,262.36,Run_00955
2.0,0.4,40,2.0,False,False,31.95,66.91,101.48,Run_00956
2.0,0.4,40,3.0,True,True,34.30,114.18,172.40,Run_00957
2.0,0.4,40,3.0,True,False,32.43,41.45,62.91,Run_00958
2.0,0.4,40,3.0,False,True,34.32,173.81,262.36,Run_00959
2.0,0.4,40,3.0,False,False,31.95,66.91,101.48,Run_00960
2.0,0.4,50,1.0,True,True,34.67,139.27,210.27,Run_00961
2.0,0.4,50,1.0,True,False,32.35,54.18,82.22,Run_00962
2.0,0.4,50,1.0,False,True,34.18,173.08,261.27,Run_00963
2.0,0.4,50,1.0,False,False,32.13,67.63,102.58,Run_00964
2.0,0.4,50,2.0,True,True,34.45,131.99,199.31,Run_00965
2.0,0.4,50,2.0,True,False,32.59,50.54,76.71,Run_00966
2.0,0.4,50,2.0,False,True,34.18,173.08,261.27,Run_00967
2.0,0.4,50,2.0,False,False,32.13,67.63,102.58,Run_00968
2.0,0.4,50,3.0,True,True,34.04,113.81,171.85,Run_00969
2.0,0.4,50,3.0,True,False,32.70,42.91,65.12,Run_00970
2.0,0.4,50,3.0,False,True,34.18,173.08,261.27,Run_00971
2.0,0.4,50,3.0,False,False,32.13,67.63,102.58,Run_00972
2.0,0.4,60,1.0,True,True,34.56,139.63,210.82,Run_00973
2.0,0.4,60,1.0,True,False,32.37,56.72,86.09,Run_00974
2.0,0.4,60,1.0,False,True,34.06,172.36,260.17,Run_00975
2.0,0.4,60,1.0,False,False,32.17,69.82,105.89,Run_00976
2.0,0.4,60,2.0,True,True,34.35,131.99,199.31,Run_00977
2.0,0.4,60,2.0,True,False,32.53,52.00,78.92,Run_00978
2.0,0.4,60,2.0,False,True,34.06,172.36,260.17,Run_00979
2.0,0.4,60,2.0,False,False,32.17,69.82,105.89,Run_00980
2.0,0.4,60,3.0,True,True,33.90,113.45,171.30,Run_00981
2.0,0.4,60,3.0,True,False,32.55,44.00,66.78,Run_00982
2.0,0.4,60,3.0,False,True,34.06,172.36,260.17,Run_00983
2.0,0.4,60,3.0,False,False,32.17,69.82,105.89,Run_00984
2.0,0.4,70,1.0,True,True,34.61,139.99,211.37,Run_00985
2.0,0.4,70,1.0,True,False,32.81,56.72,86.09,Run_00986
2.0,0.4,70,1.0,False,True,34.10,172.36,260.17,Run_00987
2.0,0.4,70,1.0,False,False,32.57,70.54,107.00,Run_00988
2.0,0.4,70,2.0,True,True,34.43,133.09,200.96,Run_00989
2.0,0.4,70,2.0,True,False,32.96,52.00,78.92,Run_00990
2.0,0.4,70,2.0,False,True,34.10,172.36,260.17,Run_00991
2.0,0.4,70,2.0,False,False,32.57,70.54,107.00,Run_00992
2.0,0.4,70,3.0,True,True,33.97,113.45,171.30,Run_00993
2.0,0.4,70,3.0,True,False,32.90,43.63,66.22,Run_00994
2.0,0.4,70,3.0,False,True,34.10,172.36,260.17,Run_00995
2.0,0.4,70,3.0,False,False,32.57,70.54,107.00,Run_00996
2.0,0.4,80,1.0,True,True,34.63,139.99,211.37,Run_00997
2.0,0.4,80,1.0,True,False,32.94,59.27,89.95,Run_00998
2.0,0.4,80,1.0,False,True,34.10,172.36,260.17,Run_00999
2.0,0.4,80,1.0,False,False,32.72,73.82,111.96,Run_01000
2.0,0.4,80,2.0,True,True,34.33,132.36,199.86,Run_01001
2.0,0.4,80,2.0,True,False,33.02,55.27,83.89,Run_01002
2.0,0.4,80,2.0,False,True,34.10,172.36,260.17,Run_01003
2.0,0.4,80,2.0,False,False,32.72,73.82,111.96,Run_01004
2.0,0.4,80,3.0,True,True,33.84,112.72,170.20,Run_01005
2.0,0.4,80,3.0,True,False,32.92,45.82,69.54,Run_01006
2.0,0.4,80,3.0,False,True,34.10,172.36,260.17,Run_01007
2.0,0.4,80,3.0,False,False,32.72,73.82,111.96,Run_01008
2.0,0.5,20,1.0,True,True,35.52,140.72,212.46,Run_01009
2.0,0.5,20,1.0,True,False,30.08,41.45,62.94,Run_01010
2.0,0.5,20,1.0,False,True,35.05,170.90,257.97,Run_01011
2.0,0.5,20,1.0,False,False,30.20,50.91,77.21,Run_01012
2.0,0.5,20,2.0,True,True,35.25,133.45,201.51,Run_01013
2.0,0.5,20,2.0,True,False,30.21,37.82,57.43,Run_01014
2.0,0.5,20,2.0,False,True,35.05,170.90,257.97,Run_01015
2.0,0.5,20,2.0,False,False,30.20,50.91,77.21,Run_01016
2.0,0.5,20,3.0,True,True,35.06,114.18,172.40,Run_01017
2.0,0.5,20,3.0,True,False,30.38,31.64,48.26,Run_01018
2.0,0.5,20,3.0,False,True,35.05,170.90,257.97,Run_01019
2.0,0.5,20,3.0,False,False,30.20,50.91,77.21,Run_01020
2.0,0.5,30,1.0,True,True,35.18,140.36,211.92,Run_01021
2.0,0.5,30,1.0,True,False,30.61,46.54,70.63,Run_01022
2.0,0.5,30,1.0,False,True,34.69,171.27,258.52,Run_01023
2.0,0.5,30,1.0,False,False,30.73,55.63,84.38,Run_01024
2.0,0.5,30,2.0,True,True,34.94,132.72,200.41,Run_01025
2.0,0.5,30,2.0,True,False,30.74,41.82,63.47,Run_01026
2.0,0.5,30,2.0,False,True,34.69,171.27,258.52,Run_01027
2.0,0.5,30,2.0,False,False,30.73,55.63,84.38,Run_01028
2.0,0.5,30,3.0,True,True,34.81,114.18,172.40,Run_01029
2.0,0.5,30,3.0,True,False,30.76,36.00,54.63,Run_01030
2.0,0.5,30,3.0,False,True,34.69,171.27,258.52,Run_01031
2.0,0.5,30,3.0,False,False,30.73,55.63,84.38,Run_01032
2.0,0.5,40,1.0,True,True,34.89,139.63,210.82,Run_01033
2.0,0.5,40,1.0,True,False,31.09,45.45,68.98,Run_01034
2.0,0.5,40,1.0,False,True,34.34,171.63,259.07,Run_01035
2.0,0.5,40,1.0,False,False,31.05,57.45,87.14,Run_01036
2.0,0.5,40,2.0,True,True,34.72,132.36,199.86,Run_01037
2.0,0.5,40,2.0,True,False,31.25,42.18,64.02,Run_01038
2.0,0.5,40,2.0,False,True,34.34,171.63,259.07,Run_01039
2.0,0.5,40,2.0,False,False,31.05,57.45,87.14,Run_01040
2.0,0.5,40,3.0,True,True,34.44,113.09,170.75,Run_01041
2.0,0.5,40,3.0,True,False,31.15,35.63,54.08,Run_01042
2.0,0.5,40,3.0,False,True,34.34,171.63,259.07,Run_01043
2.0,0.5,40,3.0,False,False,31.05,57.45,87.14,Run_01044
2.0,0.5,50,1.0,True,True,34.78,139.99,211.37,Run_01045
2.0,0.5,50,1.0,True,False,31.48,49.45,75.05,Run_01046
2.0,0.5,50,1.0,False,True,34.26,171.27,258.52,Run_01047
2.0,0.5,50,1.0,False,False,31.36,60.72,92.11,Run_01048
2.0,0.5,50,2.0,True,True,34.55,131.99,199.31,Run_01049
2.0,0.5,50,2.0,True,False,31.62,46.54,70.64,Run_01050
2.0,0.5,50,2.0,False,True,34.26,171.27,258.52,Run_01051
2.0,0.5,50,2.0,False,False,31.36,60.72,92.11,Run_01052
2.0,0.5,50,3.0,True,True,34.32,113.45,171.30,Run_01053
2.0,0.5,50,3.0,True,False,31.65,40.73,61.81,Run_01054
2.0,0.5,50,3.0,False,True,34.26,171.27,258.52,Run_01055
2.0,0.5,50,3.0,False,False,31.36,60.72,92.11,Run_01056
2.0,0.5,60,1.0,True,True,34.65,139.27,210.27,Run_01057
2.0,0.5,60,1.0,True,False,31.72,50.91,77.26,Run_01058
2.0,0.5,60,1.0,False,True,34.13,170.54,257.42,Run_01059
2.0,0.5,60,1.0,False,False,31.54,62.91,95.41,Run_01060
2.0,0.5,60,2.0,True,True,34.41,131.27,198.21,Run_01061
2.0,0.5,60,2.0,True,False,31.77,47.63,72.30,Run_01062
2.0,0.5,60,2.0,False,True,34.13,170.54,257.42,Run_01063
2.0,0.5,60,2.0,False,False,31.54,62.91,95.41,Run_01064
2.0,0.5,60,3.0,True,True,34.05,113.45,171.30,Run_01065
2.0,0.5,60,3.0,True,False,31.71,40.36,61.26,Run_01066
2.0,0.5,60,3.0,False,True,34.13,170.54,257.42,Run_01067
2.0,0.5,60,3.0,False,False,31.54,62.91,95.41,Run_01068
2.0,0.5,70,1.0,True,True,34.50,138.90,209.72,Run_01069
2.0,0.5,70,1.0,True,False,31.78,50.18,76.15,Run_01070
2.0,0.5,70,1.0,False,True,34.01,170.90,257.97,Run_01071
2.0,0.5,70,1.0,False,False,31.62,63.27,95.97,Run_01072
2.0,0.5,70,2.0,True,True,34.29,130.90,197.66,Run_01073
2.0,0.5,70,2.0,True,False,31.86,46.91,71.19,Run_01074
2.0,0.5,70,2.0,False,True,34.01,170.90,257.97,Run_01075
2.0,0.5,70,2.0,False,False,31.62,63.27,95.97,Run_01076
2.0,0.5,70,3.0,True,True,33.83,113.09,170.75,Run_01077
2.0,0.5,70,3.0,True,False,31.81,38.91,59.05,Run_01078
2.0,0.5,70,3.0,False,True,34.01,170.90,257.97,Run_01079
2.0,0.5,70,3.0,False,False,31.62,63.27,95.97,Run_01080
2.0,0.5,80,1.0,True,True,34.50,139.63,210.82,Run_01081
2.0,0.5,80,1.0,True,False,31.80,50.54,76.70,Run_01082
2.0,0.5,80,1.0,False,True,34.00,170.54,257.42,Run_01083
2.0,0.5,80,1.0,False,False,31.69,63.27,95.97,Run_01084
2.0,0.5,80,2.0,True,True,34.29,131.27,198.21,Run_01085
2.0,0.5,80,2.0,True,False,31.90,47.27,71.75,Run_01086
2.0,0.5,80,2.0,False,True,34.00,170.54,257.42,Run_01087
2.0,0.5,80,2.0,False,False,31.69,63.27,95.97,Run_01088
2.0,0.5,80,3.0,True,True,33.88,113.09,170.75,Run_01089
2.0,0.5,80,3.0,True,False,31.79,38.91,59.05,Run_01090
2.0,0.5,80,3.0,False,True,34.00,170.54,257.42,Run_01091
2.0,0.5,80,3.0,False,False,31.69,63.27,95.97,Run_01092
2.0,0.6,20,1.0,True,True,35.69,140.72,212.46,Run_01093
2.0,0.6,20,1.0,True,False,29.92,39.27,59.63,Run_01094
2.0,0.6,20,1.0,False,True,35.16,170.90,257.97,Run_01095
2.0,0.6,20,1.0,False,False,30.10,48.36,73.35,Run_01096
2.0,0.6,20,2.0,True,True,35.45,132.72,200.41,Run_01097
2.0,0.6,20,2.0,True,False,30.09,35.63,54.12,Run_01098
2.0,0.6,20,2.0,False,True,35.16,170.90,257.97,Run_01099
2.0,0.6,20,2.0,False,False,30.10,48.36,73.35,Run_01100
2.0,0.6,20,3.0,True,True,35.32,114.54,172.95,Run_01101
2.0,0.6,20,3.0,True,False,30.23,29.82,45.49,Run_01102
2.0,0.6,20,3.0,False,True,35.16,170.90,257.97,Run_01103
2.0,0.6,20,3.0,False,False,30.10,48.36,73.35,Run_01104
2.0,0.6,30,1.0,True,True,35.47,139.99,211.37,Run_01105
2.0,0.6,30,1.0,True,False,30.52,42.91,65.12,Run_01106
2.0,0.6,30,1.0,False,True,34.93,170.17,256.87,Run_01107
2.0,0.6,30,1.0,False,False,30.68,51.63,78.32,Run_01108
2.0,0.6,30,2.0,True,True,35.29,131.99,199.31,Run_01109
2.0,0.6,30,2.0,True,False,30.65,38.54,58.50,Run_01110
2.0,0.6,30,2.0,False,True,34.93,170.17,256.87,Run_01111
2.0,0.6,30,2.0,False,False,30.68,51.63,78.32,Run_01112
2.0,0.6,30,3.0,True,True,35.08,114.54,172.95,Run_01113
2.0,0.6,30,3.0,True,False,30.60,32.00,48.56,Run_01114
2.0,0.6,30,3.0,False,True,34.93,170.17,256.87,Run_01115
2.0,0.6,30,3.0,False,False,30.68,51.63,78.32,Run_01116
2.0,0.6,40,1.0,True,True,34.91,139.63,210.82,Run_01117
2.0,0.6,40,1.0,True,False,30.84,44.36,67.32,Run_01118
2.0,0.6,40,1.0,False,True,34.39,170.90,257.97,Run_01119
2.0,0.6,40,1.0,False,False,30.76,55.27,83.83,Run_01120
2.0,0.6,40,2.0,True,True,34.75,131.63,198.76,Run_01121
2.0,0.6,40,2.0,True,False,30.99,41.09,62.36,Run_01122
2.0,0.6,40,2.0,False,True,34.39,170.90,257.97,Run_01123
2.0,0.6,40,2.0,False,False,30.76,55.27,83.83,Run_01124
2.0,0.6,40,3.0,True,True,34.49,113.45,171.30,Run_01125
2.0,0.6,40,3.0,True,False,30.80,34.18,51.88,Run_01126
2.0,0.6,40,3.0,False,True,34.39,170.90,257.97,Run_01127
2.0,0.6,40,3.0,False,False,30.76,55.27,83.83,Run_01128
2.0,0.6,50,1.0,True,True,34.80,139.63,210.82,Run_01129
2.0,0.6,50,1.0,True,False,31.12,44.73,67.87,Run_01130
2.0,0.6,50,1.0,False,True,34.32,170.54,257.42,Run_01131
2.0,0.6,50,1.0,False,False,31.05,55.27,83.83,Run_01132
2.0,0.6,50,2.0,True,True,34.65,131.99,199.31,Run_01133
2.0,0.6,50,2.0,True,False,31.20,42.54,64.57,Run_01134
2.0,0.6,50,2.0,False,True,34.32,170.54,257.42,Run_01135
2.0,0.6,50,2.0,False,False,31.05,55.27,83.83,Run_01136
2.0,0.6,50,3.0,True,True,34.33,114.18,172.40,Run_01137
2.0,0.6,50,3.0,True,False,31.18,36.00,54.63,Run_01138
2.0,0.6,50,3.0,False,True,34.32,170.54,257.42,Run_01139
2.0,0.6,50,3.0,False,False,31.05,55.27,83.83,Run_01140
2.0,0.6,60,1.0,True,True,34.70,139.27,210.27,Run_01141
2.0,0.6,60,1.0,True,False,31.26,46.54,70.63,Run_01142
2.0,0.6,60,1.0,False,True,34.19,169.81,256.33,Run_01143
2.0,0.6,60,1.0,False,False,31.19,57.82,87.69,Run_01144
2.0,0.6,60,2.0,True,True,34.51,131.63,198.76,Run_01145
2.0,0.6,60,2.0,True,False,31.31,43.27,65.68,Run_01146
2.0,0.6,60,2.0,False,True,34.19,169.81,256.33,Run_01147
2.0,0.6,60,2.0,False,False,31.19,57.82,87.69,Run_01148
2.0,0.6,60,3.0,True,True,34.12,114.54,172.95,Run_01149
2.0,0.6,60,3.0,True,False,31.13,36.36,55.19,Run_01150
2.0,0.6,60,3.0,False,True,34.19,169.81,256.33,Run_01151
2.0,0.6,60,3.0,False,False,31.19,57.82,87.69,Run_01152
2.0,0.6,70,1.0,True,True,34.65,138.54,209.17,Run_01153
2.0,0.6,70,1.0,True,False,31.41,45.45,68.98,Run_01154
2.0,0.6,70,1.0,False,True,34.16,169.45,255.78,Run_01155
2.0,0.6,70,1.0,False,False,31.38,58.54,88.80,Run_01156
2.0,0.6,70,2.0,True,True,34.43,130.90,197.66,Run_01157
2.0,0.6,70,2.0,True,False,31.37,42.18,64.02,Run_01158
2.0,0.6,70,2.0,False,True,34.16,169.45,255.78,Run_01159
2.0,0.6,70,2.0,False,False,31.38,58.54,88.80,Run_01160
2.0,0.6,70,3.0,True,True,34.03,113.45,171.30,Run_01161
2.0,0.6,70,3.0,True,False,31.23,34.91,52.98,Run_01162
2.0,0.6,70,3.0,False,True,34.16,169.45,255.78,Run_01163
2.0,0.6,70,3.0,False,False,31.38,58.54,88.80,Run_01164
2.0,0.6,80,1.0,True,True,34.70,138.90,209.72,Run_01165
2.0,0.6,80,1.0,True,False,31.66,47.27,71.74,Run_01166
2.0,0.6,80,1.0,False,True,34.16,169.81,256.33,Run_01167
2.0,0.6,80,1.0,False,False,31.56,60.36,91.55,Run_01168
2.0,0.6,80,2.0,True,True,34.47,130.90,197.66,Run_01169
2.0,0.6,80,2.0,True,False,31.63,44.00,66.78,Run_01170
2.0,0.6,80,2.0,False,True,34.16,169.81,256.33,Run_01171
2.0,0.6,80,2.0,False,False,31.56,60.36,91.55,Run_01172
2.0,0.6,80,3.0,True,True,34.09,113.45,171.30,Run_01173
2.0,0.6,80,3.0,True,False,31.46,36.36,55.19,Run_01174
2.0,0.6,80,3.0,False,True,34.16,169.81,256.33,Run_01175
2.0,0.6,80,3.0,False,False,31.56,60.36,91.55,Run_01176
3.0,0.05,20,1.0,True,True,32.61,115.63,175.44,Run_01177
3.0,0.05,20,1.0,True,False,35.81,121.09,183.81,Run_01178
3.0,0.05,20,1.0,False,True,32.32,141.09,213.43,Run_01179
3.0,0.05,20,1.0,False,False,35.64,145.45,220.80,Run_01180
3.0,0.05,20,2.0,True,True,32.41,110.18,167.16,Run_01181
3.0,0.05,20,2.0,True,False,35.68,113.09,171.81,Run_01182
3.0,0.05,20,2.0,False,True,32.32,141.09,213.43,Run_01183
3.0,0.05,20,2.0,False,False,35.64,145.45,220.80,Run_01184
3.0,0.05,20,3.0,True,True,31.89,102.90,156.13,Run_01185
3.0,0.05,20,3.0,True,False,35.29,105.45,160.21,Run_01186
3.0,0.05,20,3.0,False,True,32.32,141.09,213.43,Run_01187
3.0,0.05,20,3.0,False,False,35.64,145.45,220.80,Run_01188
3.0,0.05,30,1.0,True,True,32.29,115.63,175.44,Run_01189
3.0,0.05,30,1.0,True,False,34.91,121.45,184.27,Run_01190
3.0,0.05,30,1.0,False,True,32.00,140.72,212.88,Run_01191
3.0,0.05,30,1.0,False,False,34.92,146.18,221.74,Run_01192
3.0,0.05,30,2.0,True,True,32.04,109.81,166.61,Run_01193
3.0,0.05,30,2.0,True,False,34.76,115.27,174.89,Run_01194
3.0,0.05,30,2.0,False,True,32.00,140.72,212.88,Run_01195
3.0,0.05,30,2.0,False,False,34.92,146.18,221.74,Run_01196
3.0,0.05,30,3.0,True,True,31.67,102.54,155.58,Run_01197
3.0,0.05,30,3.0,True,False,34.57,107.27,162.75,Run_01198
3.0,0.05,30,3.0,False,True,32.00,140.72,212.88,Run_01199
3.0,0.05,30,3.0,False,False,34.92,146.18,221.74,Run_01200
3.0,0.05,40,1.0,True,True,32.16,115.27,174.89,Run_01201
3.0,0.05,40,1.0,True,False,34.65,118.90,180.41,Run_01202
3.0,0.05,40,1.0,False,True,31.87,140.36,212.33,Run_01203
3.0,0.05,40,1.0,False,False,34.58,143.63,217.88,Run_01204
3.0,0.05,40,2.0,True,True,31.96,109.81,166.61,Run_01205
3.0,0.05,40,2.0,True,False,34.46,113.45,172.13,Run_01206
3.0,0.05,40,2.0,False,True,31.87,140.36,212.33,Run_01207
3.0,0.05,40,2.0,False,False,34.58,143.63,217.88,Run_01208
3.0,0.05,40,3.0,True,True,31.58,102.90,156.13,Run_01209
3.0,0.05,40,3.0,True,False,34.22,106.54,161.65,Run_01210
3.0,0.05,40,3.0,False,True,31.87,140.36,212.33,Run_01211
3.0,0.05,40,3.0,False,False,34.58,143.63,217.88,Run_01212
3.0,0.05,50,1.0,True,True,31.95,114.54,173.78,Run_01213
3.0,0.05,50,1.0,True,False,34.09,117.09,177.65,Run_01214
3.0,0.05,50,1.0,False,True,31.59,140.36,212.33,Run_01215
3.0,0.05,50,1.0,False,False,33.93,142.18,215.68,Run_01216
3.0,0.05,50,2.0,True,True,31.68,109.45,166.06,Run_01217
3.0,0.05,50,2.0,True,False,33.75,112.00,169.92,Run_01218
3.0,0.05,50,2.0,False,True,31.59,140.36,212.33,Run_01219
3.0,0.05,50,2.0,False,False,33.93,142.18,215.68,Run_01220
3.0,0.05,50,3.0,True,True,31.37,102.54,155.58,Run_01221
3.0,0.05,50,3.0,True,False,33.53,105.09,159.44,Run_01222
3.0,0.05,50,3.0,False,True,31.59,140.36,212.33,Run_01223
3.0,0.05,50,3.0,False,False,33.93,142.18,215.68,Run_01224
3.0,0.05,60,1.0,True,True,31.88,114.18,173.23,Run_01225
3.0,0.05,60,1.0,True,False,33.94,116.36,176.54,Run_01226
3.0,0.05,60,1.0,False,True,31.54,139.99,211.78,Run_01227
3.0,0.05,60,1.0,False,False,33.69,141.09,214.02,Run_01228
3.0,0.05,60,2.0,True,True,31.64,109.09,165.51,Run_01229
3.0,0.05,60,2.0,True,False,33.65,111.27,168.82,Run_01230
3.0,0.05,60,2.0,False,True,31.54,139.99,211.78,Run_01231
3.0,0.05,60,2.0,False,False,33.69,141.09,214.02,Run_01232
3.0,0.05,60,3.0,True,True,31.31,102.18,155.03,Run_01233
3.0,0.05,60,3.0,True,False,33.39,104.36,158.34,Run_01234
3.0,0.05,60,3.0,False,True,31.54,139.99,211.78,Run_01235
3.0,0.05,60,3.0,False,False,33.69,141.09,214.02,Run_01236
3.0,0.05,70,1.0,True,True,31.57,113.81,172.68,Run_01237
3.0,0.05,70,1.0,True,False,33.10,115.27,174.89,Run_01238
3.0,0.05,70,1.0,False,True,31.23,139.27,210.68,Run_01239
3.0,0.05,70,1.0,False,False,32.93,140.72,213.47,Run_01240
3.0,0.05,70,2.0,True,True,31.34,108.72,164.96,Run_01241
3.0,0.05,70,2.0,True,False,32.86,110.18,167.16,Run_01242
3.0,0.05,70,2.0,False,True,31.23,139.27,210.68,Run_01243
3.0,0.05,70,2.0,False,False,32.93,140.72,213.47,Run_01244
3.0,0.05,70,3.0,True,True,31.03,101.81,154.48,Run_01245
3.0,0.05,70,3.0,True,False,32.66,103.27,156.68,Run_01246
3.0,0.05,70,3.0,False,True,31.23,139.27,210.68,Run_01247
3.0,0.05,70,3.0,False,False,32.93,140.72,213.47,Run_01248
3.0,0.05,80,1.0,True,True,31.41,113.81,172.68,Run_01249
3.0,0.05,80,1.0,True,False,32.99,115.27,174.89,Run_01250
3.0,0.05,80,1.0,False,True,31.07,139.63,211.23,Run_01251
3.0,0.05,80,1.0,False,False,32.79,141.09,214.02,Run_01252
3.0,0.05,80,2.0,True,True,31.16,108.72,164.96,Run_01253
3.0,0.05,80,2.0,True,False,32.72,110.18,167.16,Run_01254
3.0,0.05,80,2.0,False,True,31.07,139.63,211.23,Run_01255
3.0,0.05,80,2.0,False,False,32.79,141.09,214.02,Run_01256
3.0,0.05,80,3.0,True,True,30.85,101.81,154.48,Run_01257
3.0,0.05,80,3.0,True,False,32.45,103.27,156.68,Run_01258
3.0,0.05,80,3.0,False,True,31.07,139.63,211.23,Run_01259
3.0,0.05,80,3.0,False,False,32.79,141.09,214.02,Run_01260
3.0,0.1,20,1.0,True,True,33.47,116.00,175.99,Run_01261
3.0,0.1,20,1.0,True,False,36.69,104.36,158.42,Run_01262
3.0,0.1,20,1.0,False,True,33.13,141.09,213.43,Run_01263
3.0,0.1,20,1.0,False,False,36.87,121.45,184.37,Run_01264
3.0,0.1,20,2.0,True,True,33.12,111.27,168.82,Run_01265
3.0,0.1,20,2.0,True,False,36.75,99.63,151.37,Run_01266
3.0,0.1,20,2.0,False,True,33.13,141.09,213.43,Run_01267
3.0,0.1,20,2.0,False,False,36.87,121.45,184.37,Run_01268
3.0,0.1,20,3.0,True,True,32.54,101.45,153.92,Run_01269
3.0,0.1,20,3.0,True,False,36.45,89.81,136.45,Run_01270
3.0,0.1,20,3.0,False,True,33.13,141.09,213.43,Run_01271
3.0,0.1,20,3.0,False,False,36.87,121.45,184.37,Run_01272
3.0,0.1,30,1.0,True,True,33.48,116.00,175.99,Run_01273
3.0,0.1,30,1.0,True,False,37.50,110.90,168.27,Run_01274
3.0,0.1,30,1.0,False,True,33.15,139.99,211.78,Run_01275
3.0,0.1,30,1.0,False,False,37.45,128.36,194.72,Run_01276
3.0,0.1,30,2.0,True,True,33.11,111.27,168.82,Run_01277
3.0,0.1,30,2.0,True,False,37.49,106.18,161.10,Run_01278
3.0,0.1,30,2.0,False,True,33.15,139.99,211.78,Run_01279
3.0,0.1,30,2.0,False,False,37.45,128.36,194.72,Run_01280
3.0,0.1,30,3.0,True,True,32.64,101.81,154.48,Run_01281
3.0,0.1,30,3.0,True,False,37.09,97.09,147.30,Run_01282
3.0,0.1,30,3.0,False,True,33.15,139.99,211.78,Run_01283
3.0,0.1,30,3.0,False,False,37.45,128.36,194.72,Run_01284
3.0,0.1,40,1.0,True,True,33.61,116.72,177.10,Run_01285
3.0,0.1,40,1.0,True,False,37.94,112.00,169.92,Run_01286
3.0,0.1,40,1.0,False,True,33.22,139.63,211.23,Run_01287
3.0,0.1,40,1.0,False,False,37.85,129.09,195.82,Run_01288
3.0,0.1,40,2.0,True,True,33.36,111.27,168.82,Run_01289
3.0,0.1,40,2.0,True,False,37.90,107.27,162.75,Run_01290
3.0,0.1,40,2.0,False,True,33.22,139.63,211.23,Run_01291
3.0,0.1,40,2.0,False,False,37.85,129.09,195.82,Run_01292
3.0,0.1,40,3.0,True,True,32.91,102.90,156.13,Run_01293
3.0,0.1,40,3.0,True,False,37.34,98.54,149.51,Run_01294
3.0,0.1,40,3.0,False,True,33.22,139.63,211.23,Run_01295
3.0,0.1,40,3.0,False,False,37.85,129.09,195.82,Run_01296
3.0,0.1,50,1.0,True,True,33.51,116.72,177.10,Run_01297
3.0,0.1,50,1.0,True,False,38.20,110.90,168.27,Run_01298
3.0,0.1,50,1.0,False,True,33.13,139.63,211.23,Run_01299
3.0,0.1,50,1.0,False,False,38.20,128.72,195.27,Run_01300
3.0,0.1,50,2.0,True,True,33.27,110.90,168.27,Run_01301
3.0,0.1,50,2.0,True,False,38.13,105.45,159.99,Run_01302
3.0,0.1,50,2.0,False,True,33.13,139.63,211.23,Run_01303
3.0,0.1,50,2.0,False,False,38.20,128.72,195.27,Run_01304
3.0,0.1,50,3.0,True,True,32.80,103.63,157.23,Run_01305
3.0,0.1,50,3.0,True,False,37.44,97.09,147.30,Run_01306
3.0,0.1,50,3.0,False,True,33.13,139.63,211.23,Run_01307
3.0,0.1,50,3.0,False,False,38.20,128.72,195.27,Run_01308
3.0,0.1,60,1.0,True,True,33.61,116.36,176.54,Run_01309
3.0,0.1,60,1.0,True,False,38.86,112.72,171.03,Run_01310
3.0,0.1,60,1.0,False,True,33.27,139.27,210.68,Run_01311
3.0,0.1,60,1.0,False,False,38.83,131.63,199.68,Run_01312
3.0,0.1,60,2.0,True,True,33.42,110.90,168.27,Run_01313
3.0,0.1,60,2.0,True,False,38.89,106.54,161.65,Run_01314
3.0,0.1,60,2.0,False,True,33.27,139.27,210.68,Run_01315
3.0,0.1,60,2.0,False,False,38.83,131.63,199.68,Run_01316
3.0,0.1,60,3.0,True,True,32.90,103.63,157.23,Run_01317
3.0,0.1,60,3.0,True,False,38.03,99.63,151.17,Run_01318
3.0,0.1,60,3.0,False,True,33.27,139.27,210.68,Run_01319
3.0,0.1,60,3.0,False,False,38.83,131.63,199.68,Run_01320
3.0,0.1,70,1.0,True,True,33.55,115.27,174.89,Run_01321
3.0,0.1,70,1.0,True,False,38.97,113.09,171.58,Run_01322
3.0,0.1,70,1.0,False,True,33.18,139.63,211.23,Run_01323
3.0,0.1,70,1.0,False,False,38.92,131.63,199.68,Run_01324
3.0,0.1,70,2.0,True,True,33.29,109.81,166.61,Run_01325
3.0,0.1,70,2.0,True,False,38.91,106.90,162.20,Run_01326
3.0,0.1,70,2.0,False,True,33.18,139.63,211.23,Run_01327
3.0,0.1,70,2.0,False,False,38.92,131.63,199.68,Run_01328
3.0,0.1,70,3.0,True,True,32.90,102.90,156.13,Run_01329
3.0,0.1,70,3.0,True,False,38.08,100.36,152.27,Run_01330
3.0,0.1,70,3.0,False,True,33.18,139.63,211.23,Run_01331
3.0,0.1,70,3.0,False,False,38.92,131.63,199.68,Run_01332
3.0,0.1,80,1.0,True,True,33.74,115.27,174.89,Run_01333
3.0,0.1,80,1.0,True,False,39.28,115.63,175.44,Run_01334
3.0,0.1,80,1.0,False,True,33.36,139.99,211.78,Run_01335
3.0,0.1,80,1.0,False,False,39.29,135.99,206.30,Run_01336
3.0,0.1,80,2.0,True,True,33.47,109.81,166.61,Run_01337
3.0,0.1,80,2.0,True,False,39.15,109.81,166.61,Run_01338
3.0,0.1,80,2.0,False,True,33.36,139.99,211.78,Run_01339
3.0,0.1,80,2.0,False,False,39.29,135.99,206.30,Run_01340
3.0,0.1,80,3.0,True,True,33.07,102.90,156.13,Run_01341
3.0,0.1,80,3.0,True,False,38.39,102.90,156.13,Run_01342
3.0,0.1,80,3.0,False,True,33.36,139.99,211.78,Run_01343
3.0,0.1,80,3.0,False,False,39.29,135.99,206.30,Run_01344
3.0,0.2,20,1.0,True,True,34.57,118.18,179.30,Run_01345
3.0,0.2,20,1.0,True,False,33.67,66.54,101.01,Run_01346
3.0,0.2,20,1.0,False,True,34.24,138.54,209.58,Run_01347
3.0,0.2,20,1.0,False,False,33.90,79.27,120.33,Run_01348
3.0,0.2,20,2.0,True,True,34.20,113.09,171.58,Run_01349
3.0,0.2,20,2.0,True,False,33.78,62.54,95.04,Run_01350
3.0,0.2,20,2.0,False,True,34.24,138.54,209.58,Run_01351
3.0,0.2,20,2.0,False,False,33.90,79.27,120.33,Run_01352
3.0,0.2,20,3.0,True,True,34.01,103.63,157.23,Run_01353
3.0,0.2,20,3.0,True,False,33.82,54.54,82.88,Run_01354
3.0,0.2,20,3.0,False,True,34.24,138.54,209.58,Run_01355
3.0,0.2,20,3.0,False,False,33.90,79.27,120.33,Run_01356
3.0,0.2,30,1.0,True,True,34.21,117.81,178.75,Run_01357
3.0,0.2,30,1.0,True,False,34.48,73.09,110.89,Run_01358
3.0,0.2,30,1.0,False,True,33.92,139.63,211.23,Run_01359
3.0,0.2,30,1.0,False,False,34.62,83.27,126.32,Run_01360
3.0,0.2,30,2.0,True,True,33.91,112.72,171.03,Run_01361
3.0,0.2,30,2.0,True,False,34.49,68.36,103.72,Run_01362
3.0,0.2,30,2.0,False,True,33.92,139.63,211.23,Run_01363
3.0,0.2,30,2.0,False,False,34.62,83.27,126.32,Run_01364
3.0,0.2,30,3.0,True,True,33.75,102.54,155.58,Run_01365
3.0,0.2,30,3.0,True,False,34.59,60.72,92.13,Run_01366
3.0,0.2,30,3.0,False,True,33.92,139.63,211.23,Run_01367
3.0,0.2,30,3.0,False,False,34.62,83.27,126.32,Run_01368
3.0,0.2,40,1.0,True,True,34.24,118.18,179.30,Run_01369
3.0,0.2,40,1.0,True,False,35.61,82.54,125.24,Run_01370
3.0,0.2,40,1.0,False,True,33.92,139.99,211.78,Run_01371
3.0,0.2,40,1.0,False,False,35.75,93.81,142.31,Run_01372
3.0,0.2,40,2.0,True,True,33.91,112.36,170.47,Run_01373
3.0,0.2,40,2.0,True,False,35.60,77.45,117.51,Run_01374
3.0,0.2,40,2.0,False,True,33.92,139.99,211.78,Run_01375
3.0,0.2,40,2.0,False,False,35.75,93.81,142.31,Run_01376
3.0,0.2,40,3.0,True,True,33.81,102.90,156.13,Run_01377
3.0,0.2,40,3.0,True,False,35.69,69.82,105.93,Run_01378
3.0,0.2,40,3.0,False,True,33.92,139.99,211.78,Run_01379
3.0,0.2,40,3.0,False,False,35.75,93.81,142.31,Run_01380
3.0,0.2,50,1.0,True,True,34.16,117.45,178.20,Run_01381
3.0,0.2,50,1.0,True,False,35.90,84.36,127.99,Run_01382
3.0,0.2,50,1.0,False,True,33.87,139.63,211.23,Run_01383
3.0,0.2,50,1.0,False,False,35.99,97.09,147.28,Run_01384
3.0,0.2,50,2.0,True,True,33.87,112.36,170.47,Run_01385
3.0,0.2,50,2.0,True,False,35.85,79.63,120.82,Run_01386
3.0,0.2,50,2.0,False,True,33.87,139.63,211.23,Run_01387
3.0,0.2,50,2.0,False,False,35.99,97.09,147.28,Run_01388
3.0,0.2,50,3.0,True,True,33.87,102.54,155.58,Run_01389
3.0,0.2,50,3.0,True,False,35.78,73.09,110.89,Run_01390
3.0,0.2,50,3.0,False,True,33.87,139.63,211.23,Run_01391
3.0,0.2,50,3.0,False,False,35.99,97.09,147.28,Run_01392
3.0,0.2,60,1.0,True,True,34.06,117.45,178.20,Run_01393
3.0,0.2,60,1.0,True,False,36.53,88.00,133.51,Run_01394
3.0,0.2,60,1.0,False,True,33.82,140.36,212.33,Run_01395
3.0,0.2,60,1.0,False,False,36.59,100.72,152.79,Run_01396
3.0,0.2,60,2.0,True,True,33.77,112.72,171.03,Run_01397
3.0,0.2,60,2.0,True,False,36.52,83.27,126.34,Run_01398
3.0,0.2,60,2.0,False,True,33.82,140.36,212.33,Run_01399
3.0,0.2,60,2.0,False,False,36.59,100.72,152.79,Run_01400
3.0,0.2,60,3.0,True,True,33.67,102.90,156.13,Run_01401
3.0,0.2,60,3.0,True,False,36.55,76.00,115.30,Run_01402
3.0,0.2,60,3.0,False,True,33.82,140.36,212.33,Run_01403
3.0,0.2,60,3.0,False,False,36.59,100.72,152.79,Run_01404
3.0,0.2,70,1.0,True,True,33.91,116.36,176.54,Run_01405
3.0,0.2,70,1.0,True,False,36.90,88.36,134.06,Run_01406
3.0,0.2,70,1.0,False,True,33.74,139.63,211.23,Run_01407
3.0,0.2,70,1.0,False,False,36.97,103.63,157.21,Run_01408
3.0,0.2,70,2.0,True,True,33.63,112.00,169.92,Run_01409
3.0,0.2,70,2.0,True,False,36.79,84.36,127.99,Run_01410
3.0,0.2,70,2.0,False,True,33.74,139.63,211.23,Run_01411
3.0,0.2,70,2.0,False,False,36.97,103.63,157.21,Run_01412
3.0,0.2,70,3.0,True,True,33.58,102.90,156.13,Run_01413
3.0,0.2,70,3.0,True,False,36.88,77.09,116.96,Run_01414
3.0,0.2,70,3.0,False,True,33.74,139.63,211.23,Run_01415
3.0,0.2,70,3.0,False,False,36.97,103.63,157.21,Run_01416
3.0,0.2,80,1.0,True,True,33.86,116.36,176.54,Run_01417
3.0,0.2,80,1.0,True,False,37.31,91.63,139.03,Run_01418
3.0,0.2,80,1.0,False,True,33.68,139.27,210.68,Run_01419
3.0,0.2,80,1.0,False,False,37.39,106.90,162.17,Run_01420
3.0,0.2,80,2.0,True,True,33.61,112.00,169.92,Run_01421
3.0,0.2,80,2.0,True,False,37.25,86.91,131.86,Run_01422
3.0,0.2,80,2.0,False,True,33.68,139.27,210.68,Run_01423
3.0,0.2,80,2.0,False,False,37.39,106.90,162.17,Run_01424
3.0,0.2,80,3.0,True,True,33.52,102.54,155.58,Run_01425
3.0,0.2,80,3.0,True,False,37.07,80.36,121.93,Run_01426
3.0,0.2,80,3.0,False,True,33.68,139.27,210.68,Run_01427
3.0,0.2,80,3.0,False,False,37.39,106.90,162.17,Run_01428
3.0,0.3,20,1.0,True,True,34.89,118.18,179.30,Run_01429
3.0,0.3,20,1.0,True,False,31.30,42.18,64.03,Run_01430
3.0,0.3,20,1.0,False,True,34.40,137.45,207.93,Run_01431
3.0,0.3,20,1.0,False,False,31.45,49.09,74.52,Run_01432
3.0,0.3,20,2.0,True,True,34.69,112.00,169.92,Run_01433
3.0,0.3,20,2.0,True,False,31.41,38.18,58.00,Run_01434
3.0,0.3,20,2.0,False,True,34.40,137.45,207.93,Run_01435
3.0,0.3,20,2.0,False,False,31.45,49.09,74.52,Run_01436
3.0,0.3,20,3.0,True,True,34.48,103.27,156.68,Run_01437
3.0,0.3,20,3.0,True,False,31.72,33.45,50.82,Run_01438
3.0,0.3,20,3.0,False,True,34.40,137.45,207.93,Run_01439
3.0,0.3,20,3.0,False,False,31.45,49.09,74.52,Run_01440
3.0,0.3,30,1.0,True,True,34.81,118.18,179.30,Run_01441
3.0,0.3,30,1.0,True,False,32.32,48.00,72.82,Run_01442
3.0,0.3,30,1.0,False,True,34.32,136.72,206.83,Run_01443
3.0,0.3,30,1.0,False,False,32.49,55.27,83.84,Run_01444
3.0,0.3,30,2.0,True,True,34.56,113.09,171.58,Run_01445
3.0,0.3,30,2.0,True,False,32.59,45.82,69.51,Run_01446
3.0,0.3,30,2.0,False,True,34.32,136.72,206.83,Run_01447
3.0,0.3,30,2.0,False,False,32.49,55.27,83.84,Run_01448
3.0,0.3,30,3.0,True,True,34.35,102.90,156.13,Run_01449
3.0,0.3,30,3.0,True,False,32.80,39.27,59.58,Run_01450
3.0,0.3,30,3.0,False,True,34.32,136.72,206.83,Run_01451
3.0,0.3,30,3.0,False,False,32.49,55.27,83.84,Run_01452
3.0,0.3,40,1.0,True,True,34.67,118.90,180.41,Run_01453
3.0,0.3,40,1.0,True,False,32.86,52.73,80.00,Run_01454
3.0,0.3,40,1.0,False,True,34.22,138.90,210.13,Run_01455
3.0,0.3,40,1.0,False,False,32.96,60.72,92.12,Run_01456
3.0,0.3,40,2.0,True,True,34.53,113.81,172.68,Run_01457
3.0,0.3,40,2.0,True,False,32.95,49.82,75.58,Run_01458
3.0,0.3,40,2.0,False,True,34.22,138.90,210.13,Run_01459
3.0,0.3,40,2.0,False,False,32.96,60.72,92.12,Run_01460
3.0,0.3,40,3.0,True,True,34.37,104.00,157.79,Run_01461
3.0,0.3,40,3.0,True,False,33.17,43.63,66.20,Run_01462
3.0,0.3,40,3.0,False,True,34.22,138.90,210.13,Run_01463
3.0,0.3,40,3.0,False,False,32.96,60.72,92.12,Run_01464
3.0,0.3,50,1.0,True,True,34.66,119.27,180.96,Run_01465
3.0,0.3,50,1.0,True,False,33.62,57.82,87.72,Run_01466
3.0,0.3,50,1.0,False,True,34.21,138.18,209.03,Run_01467
3.0,0.3,50,1.0,False,False,33.63,65.45,99.29,Run_01468
3.0,0.3,50,2.0,True,True,34.47,113.45,172.13,Run_01469
3.0,0.3,50,2.0,True,False,33.67,54.18,82.20,Run_01470
3.0,0.3,50,2.0,False,True,34.21,138.18,209.03,Run_01471
3.0,0.3,50,2.0,False,False,33.63,65.45,99.29,Run_01472
3.0,0.3,50,3.0,True,True,34.40,104.72,158.89,Run_01473
3.0,0.3,50,3.0,True,False,33.87,47.27,71.72,Run_01474
3.0,0.3,50,3.0,False,True,34.21,138.18,209.03,Run_01475
3.0,0.3,50,3.0,False,False,33.63,65.45,99.29,Run_01476
3.0,0.3,60,1.0,True,True,34.51,119.27,180.96,Run_01477
3.0,0.3,60,1.0,True,False,33.92,61.45,93.24,Run_01478
3.0,0.3,60,1.0,False,True,34.03,138.54,209.58,Run_01479
3.0,0.3,60,1.0,False,False,34.02,69.45,105.36,Run_01480
3.0,0.3,60,2.0,True,True,34.27,113.81,172.68,Run_01481
3.0,0.3,60,2.0,True,False,34.00,58.54,88.82,Run_01482
3.0,0.3,60,2.0,False,True,34.03,138.54,209.58,Run_01483
3.0,0.3,60,2.0,False,False,34.02,69.45,105.36,Run_01484
3.0,0.3,60,3.0,True,True,34.01,104.36,158.34,Run_01485
3.0,0.3,60,3.0,True,False,34.12,50.54,76.69,Run_01486
3.0,0.3,60,3.0,False,True,34.03,138.54,209.58,Run_01487
3.0,0.3,60,3.0,False,False,34.02,69.45,105.36,Run_01488
3.0,0.3,70,1.0,True,True,34.37,118.90,180.41,Run_01489
3.0,0.3,70,1.0,True,False,34.33,62.91,95.44,Run_01490
3.0,0.3,70,1.0,False,True,33.95,138.18,209.03,Run_01491
3.0,0.3,70,1.0,False,False,34.20,72.00,109.22,Run_01492
3.0,0.3,70,2.0,True,True,34.17,113.45,172.13,Run_01493
3.0,0.3,70,2.0,True,False,34.43,60.00,91.03,Run_01494
3.0,0.3,70,2.0,False,True,33.95,138.18,209.03,Run_01495
3.0,0.3,70,2.0,False,False,34.20,72.00,109.22,Run_01496
3.0,0.3,70,3.0,True,True,33.91,105.09,159.44,Run_01497
3.0,0.3,70,3.0,True,False,34.63,52.36,79.44,Run_01498
3.0,0.3,70,3.0,False,True,33.95,138.18,209.03,Run_01499
3.0,0.3,70,3.0,False,False,34.20,72.00,109.22,Run_01500
3.0,0.3,80,1.0,True,True,34.35,118.54,179.85,Run_01501
3.0,0.3,80,1.0,True,False,34.69,65.45,99.31,Run_01502
3.0,0.3,80,1.0,False,True,33.93,138.54,209.58,Run_01503
3.0,0.3,80,1.0,False,False,34.34,74.91,113.63,Run_01504
3.0,0.3,80,2.0,True,True,34.08,113.09,171.58,Run_01505
3.0,0.3,80,2.0,True,False,34.69,62.54,94.89,Run_01506
3.0,0.3,80,2.0,False,True,33.93,138.54,209.58,Run_01507
3.0,0.3,80,2.0,False,False,34.34,74.91,113.63,Run_01508
3.0,0.3,80,3.0,True,True,33.98,104.72,158.89,Run_01509
3.0,0.3,80,3.0,True,False,34.92,56.36,85.51,Run_01510
3.0,0.3,80,3.0,False,True,33.93,138.54,209.58,Run_01511
3.0,0.3,80,3.0,False,False,34.34,74.91,113.63,Run_01512
3.0,0.4,20,1.0,True,True,35.14,118.90,180.41,Run_01513
3.0,0.4,20,1.0,True,False,30.42,35.27,53.54,Run_01514
3.0,0.4,20,1.0,False,True,34.60,136.72,206.83,Run_01515
3.0,0.4,20,1.0,False,False,30.32,40.00,60.72,Run_01516
3.0,0.4,20,2.0,True,True,34.92,112.36,170.47,Run_01517
3.0,0.4,20,2.0,True,False,30.49,33.09,50.46,Run_01518
3.0,0.4,20,2.0,False,True,34.60,136.72,206.83,Run_01519
3.0,0.4,20,2.0,False,False,30.32,40.00,60.72,Run_01520
3.0,0.4,20,3.0,True,True,34.80,104.72,158.89,Run_01521
3.0,0.4,20,3.0,True,False,30.66,28.73,43.81,Run_01522
3.0,0.4,20,3.0,False,True,34.60,136.72,206.83,Run_01523
3.0,0.4,20,3.0,False,False,30.32,40.00,60.72,Run_01524
3.0,0.4,30,1.0,True,True,34.73,117.45,178.20,Run_01525
3.0,0.4,30,1.0,True,False,31.14,37.82,57.38,Run_01526
3.0,0.4,30,1.0,False,True,34.26,135.27,204.63,Run_01527
3.0,0.4,30,1.0,False,False,31.01,42.91,65.09,Run_01528
3.0,0.4,30,2.0,True,True,34.51,112.72,171.03,Run_01529
3.0,0.4,30,2.0,True,False,31.27,36.73,55.72,Run_01530
3.0,0.4,30,2.0,False,True,34.26,135.27,204.63,Run_01531
3.0,0.4,30,2.0,False,False,31.01,42.91,65.09,Run_01532
3.0,0.4,30,3.0,True,True,34.49,104.72,158.89,Run_01533
3.0,0.4,30,3.0,True,False,31.49,31.27,47.45,Run_01534
3.0,0.4,30,3.0,False,True,34.26,135.27,204.63,Run_01535
3.0,0.4,30,3.0,False,False,31.01,42.91,65.09,Run_01536
3.0,0.4,40,1.0,True,True,34.53,117.45,178.20,Run_01537
3.0,0.4,40,1.0,True,False,31.53,42.91,65.10,Run_01538
3.0,0.4,40,1.0,False,True,34.06,135.99,205.73,Run_01539
3.0,0.4,40,1.0,False,False,31.42,48.36,73.36,Run_01540
3.0,0.4,40,2.0,True,True,34.35,112.72,171.03,Run_01541
3.0,0.4,40,2.0,True,False,31.62,40.73,61.79,Run_01542
3.0,0.4,40,2.0,False,True,34.06,135.99,205.73,Run_01543
3.0,0.4,40,2.0,False,False,31.42,48.36,73.36,Run_01544
3.0,0.4,40,3.0,True,True,34.40,103.63,157.23,Run_01545
3.0,0.4,40,3.0,True,False,31.90,34.91,52.96,Run_01546
3.0,0.4,40,3.0,False,True,34.06,135.99,205.73,Run_01547
3.0,0.4,40,3.0,False,False,31.42,48.36,73.36,Run_01548
3.0,0.4,50,1.0,True,True,34.43,117.81,178.75,Run_01549
3.0,0.4,50,1.0,True,False,31.72,44.36,67.31,Run_01550
3.0,0.4,50,1.0,False,True,33.92,135.99,205.73,Run_01551
3.0,0.4,50,1.0,False,False,31.57,50.54,76.67,Run_01552
3.0,0.4,50,2.0,True,True,34.21,112.36,170.47,Run_01553
3.0,0.4,50,2.0,True,False,31.70,41.82,63.45,Run_01554
3.0,0.4,50,2.0,False,True,33.92,135.99,205.73,Run_01555
3.0,0.4,50,2.0,False,False,31.57,50.54,76.67,Run_01556
3.0,0.4,50,3.0,True,True,34.15,104.00,157.79,Run_01557
3.0,0.4,50,3.0,True,False,32.00,36.00,54.62,Run_01558
3.0,0.4,50,3.0,False,True,33.92,135.99,205.73,Run_01559
3.0,0.4,50,3.0,False,False,31.57,50.54,76.67,Run_01560
3.0,0.4,60,1.0,True,True,34.28,117.81,178.75,Run_01561
3.0,0.4,60,1.0,True,False,31.86,46.54,70.62,Run_01562
3.0,0.4,60,1.0,False,True,33.79,135.99,205.73,Run_01563
3.0,0.4,60,1.0,False,False,31.72,52.00,78.88,Run_01564
3.0,0.4,60,2.0,True,True,34.09,112.36,170.47,Run_01565
3.0,0.4,60,2.0,True,False,31.87,43.63,66.20,Run_01566
3.0,0.4,60,2.0,False,True,33.79,135.99,205.73,Run_01567
3.0,0.4,60,2.0,False,False,31.72,52.00,78.88,Run_01568
3.0,0.4,60,3.0,True,True,34.08,104.72,158.89,Run_01569
3.0,0.4,60,3.0,True,False,32.13,37.82,57.38,Run_01570
3.0,0.4,60,3.0,False,True,33.79,135.99,205.73,Run_01571
3.0,0.4,60,3.0,False,False,31.72,52.00,78.88,Run_01572
3.0,0.4,70,1.0,True,True,34.28,118.18,179.30,Run_01573
3.0,0.4,70,1.0,True,False,32.37,47.27,71.72,Run_01574
3.0,0.4,70,1.0,False,True,33.83,136.72,206.83,Run_01575
3.0,0.4,70,1.0,False,False,32.17,53.09,80.53,Run_01576
3.0,0.4,70,2.0,True,True,34.08,112.36,170.47,Run_01577
3.0,0.4,70,2.0,True,False,32.44,43.63,66.20,Run_01578
3.0,0.4,70,2.0,False,True,33.83,136.72,206.83,Run_01579
3.0,0.4,70,2.0,False,False,32.17,53.09,80.53,Run_01580
3.0,0.4,70,3.0,True,True,33.91,104.36,158.34,Run_01581
3.0,0.4,70,3.0,True,False,32.53,38.54,58.48,Run_01582
3.0,0.4,70,3.0,False,True,33.83,136.72,206.83,Run_01583
3.0,0.4,70,3.0,False,False,32.17,53.09,80.53,Run_01584
3.0,0.4,80,1.0,True,True,34.28,118.18,179.30,Run_01585
3.0,0.4,80,1.0,True,False,32.51,49.82,75.58,Run_01586
3.0,0.4,80,1.0,False,True,33.83,137.09,207.38,Run_01587
3.0,0.4,80,1.0,False,False,32.30,56.72,86.05,Run_01588
3.0,0.4,80,2.0,True,True,34.04,112.00,169.92,Run_01589
3.0,0.4,80,2.0,True,False,32.53,46.18,70.07,Run_01590
3.0,0.4,80,2.0,False,True,33.83,137.09,207.38,Run_01591
3.0,0.4,80,2.0,False,False,32.30,56.72,86.05,Run_01592
3.0,0.4,80,3.0,True,True,33.90,104.36,158.34,Run_01593
3.0,0.4,80,3.0,True,False,32.68,40.73,61.79,Run_01594
3.0,0.4,80,3.0,False,True,33.83,137.09,207.38,Run_01595
3.0,0.4,80,3.0,False,False,32.30,56.72,86.05,Run_01596
3.0,0.5,20,1.0,True,True,35.07,117.81,178.75,Run_01597
3.0,0.5,20,1.0,True,False,29.91,29.45,44.71,Run_01598
3.0,0.5,20,1.0,False,True,34.62,135.99,205.73,Run_01599
3.0,0.5,20,1.0,False,False,29.80,34.54,52.44,Run_01600
3.0,0.5,20,2.0,True,True,34.83,111.63,169.37,Run_01601
3.0,0.5,20,2.0,True,False,29.94,27.64,42.14,Run_01602
3.0,0.5,20,2.0,False,True,34.62,135.99,205.73,Run_01603
3.0,0.5,20,2.0,False,False,29.80,34.54,52.44,Run_01604
3.0,0.5,20,3.0,True,True,34.77,104.72,158.89,Run_01605
3.0,0.5,20,3.0,True,False,30.14,24.73,37.71,Run_01606
3.0,0.5,20,3.0,False,True,34.62,135.99,205.73,Run_01607
3.0,0.5,20,3.0,False,False,29.80,34.54,52.44,Run_01608
3.0,0.5,30,1.0,True,True,34.75,117.81,178.75,Run_01609
3.0,0.5,30,1.0,True,False,30.35,33.09,50.20,Run_01610
3.0,0.5,30,1.0,False,True,34.25,134.90,204.08,Run_01611
3.0,0.5,30,1.0,False,False,30.21,38.18,57.92,Run_01612
3.0,0.5,30,2.0,True,True,34.55,112.36,170.47,Run_01613
3.0,0.5,30,2.0,True,False,30.45,31.64,48.00,Run_01614
3.0,0.5,30,2.0,False,True,34.25,134.90,204.08,Run_01615
3.0,0.5,30,2.0,False,False,30.21,38.18,57.92,Run_01616
3.0,0.5,30,3.0,True,True,34.53,104.36,158.34,Run_01617
3.0,0.5,30,3.0,True,False,30.76,28.36,43.03,Run_01618
3.0,0.5,30,3.0,False,True,34.25,134.90,204.08,Run_01619
3.0,0.5,30,3.0,False,False,30.21,38.18,57.92,Run_01620
3.0,0.5,40,1.0,True,True,34.52,117.45,178.20,Run_01621
3.0,0.5,40,1.0,True,False,30.70,37.09,56.27,Run_01622
3.0,0.5,40,1.0,False,True,34.01,134.90,204.08,Run_01623
3.0,0.5,40,1.0,False,False,30.61,42.18,63.99,Run_01624
3.0,0.5,40,2.0,True,True,34.34,111.63,169.37,Run_01625
3.0,0.5,40,2.0,True,False,30.75,34.18,51.86,Run_01626
3.0,0.5,40,2.0,False,True,34.01,134.90,204.08,Run_01627
3.0,0.5,40,2.0,False,False,30.61,42.18,63.99,Run_01628
3.0,0.5,40,3.0,True,True,34.39,103.27,156.68,Run_01629
3.0,0.5,40,3.0,True,False,31.09,30.54,46.34,Run_01630
3.0,0.5,40,3.0,False,True,34.01,134.90,204.08,Run_01631
3.0,0.5,40,3.0,False,False,30.61,42.18,63.99,Run_01632
3.0,0.5,50,1.0,True,True,34.48,117.09,177.65,Run_01633
3.0,0.5,50,1.0,True,False,30.97,39.63,60.14,Run_01634
3.0,0.5,50,1.0,False,True,33.97,135.27,204.63,Run_01635
3.0,0.5,50,1.0,False,False,30.92,44.73,67.85,Run_01636
3.0,0.5,50,2.0,True,True,34.33,112.36,170.47,Run_01637
3.0,0.5,50,2.0,True,False,31.06,38.18,57.93,Run_01638
3.0,0.5,50,2.0,False,True,33.97,135.27,204.63,Run_01639
3.0,0.5,50,2.0,False,False,30.92,44.73,67.85,Run_01640
3.0,0.5,50,3.0,True,True,34.38,104.00,157.79,Run_01641
3.0,0.5,50,3.0,True,False,31.36,33.45,50.76,Run_01642
3.0,0.5,50,3.0,False,True,33.97,135.27,204.63,Run_01643
3.0,0.5,50,3.0,False,False,30.92,44.73,67.85,Run_01644
3.0,0.5,60,1.0,True,True,34.35,116.72,177.10,Run_01645
3.0,0.5,60,1.0,True,False,31.27,41.45,62.89,Run_01646
3.0,0.5,60,1.0,False,True,33.84,134.54,203.53,Run_01647
3.0,0.5,60,1.0,False,False,31.17,46.91,71.16,Run_01648
3.0,0.5,60,2.0,True,True,34.10,111.63,169.37,Run_01649
3.0,0.5,60,2.0,True,False,31.30,39.27,59.58,Run_01650
3.0,0.5,60,2.0,False,True,33.84,134.54,203.53,Run_01651
3.0,0.5,60,2.0,False,False,31.17,46.91,71.16,Run_01652
3.0,0.5,60,3.0,True,True,34.08,104.72,158.89,Run_01653
3.0,0.5,60,3.0,True,False,31.61,33.82,51.31,Run_01654
3.0,0.5,60,3.0,False,True,33.84,134.54,203.53,Run_01655
3.0,0.5,60,3.0,False,False,31.17,46.91,71.16,Run_01656
3.0,0.5,70,1.0,True,True,34.16,117.45,178.20,Run_01657
3.0,0.5,70,1.0,True,False,31.45,42.18,64.00,Run_01658
3.0,0.5,70,1.0,False,True,33.69,134.90,204.08,Run_01659
3.0,0.5,70,1.0,False,False,31.29,48.00,72.81,Run_01660
3.0,0.5,70,2.0,True,True,33.93,111.63,169.37,Run_01661
3.0,0.5,70,2.0,True,False,31.49,39.63,60.14,Run_01662
3.0,0.5,70,2.0,False,True,33.69,134.90,204.08,Run_01663
3.0,0.5,70,2.0,False,False,31.29,48.00,72.81,Run_01664
3.0,0.5,70,3.0,True,True,33.97,105.45,159.99,Run_01665
3.0,0.5,70,3.0,True,False,31.71,34.91,52.96,Run_01666
3.0,0.5,70,3.0,False,True,33.69,134.90,204.08,Run_01667
3.0,0.5,70,3.0,False,False,31.29,48.00,72.81,Run_01668
3.0,0.5,80,1.0,True,True,34.15,117.09,177.65,Run_01669
3.0,0.5,80,1.0,True,False,31.53,43.27,65.65,Run_01670
3.0,0.5,80,1.0,False,True,33.65,134.90,204.08,Run_01671
3.0,0.5,80,1.0,False,False,31.37,49.45,75.02,Run_01672
3.0,0.5,80,2.0,True,True,33.89,111.63,169.37,Run_01673
3.0,0.5,80,2.0,True,False,31.52,40.73,61.79,Run_01674
3.0,0.5,80,2.0,False,True,33.65,134.90,204.08,Run_01675
3.0,0.5,80,2.0,False,False,31.37,49.45,75.02,Run_01676
3.0,0.5,80,3.0,True,True,33.93,105.09,159.44,Run_01677
3.0,0.5,80,3.0,True,False,31.70,35.63,54.07,Run_01678
3.0,0.5,80,3.0,False,True,33.65,134.90,204.08,Run_01679
3.0,0.5,80,3.0,False,False,31.37,49.45,75.02,Run_01680
3.0,0.6,20,1.0,True,True,35.05,117.09,177.65,Run_01681
3.0,0.6,20,1.0,True,False,29.79,28.00,42.50,Run_01682
3.0,0.6,20,1.0,False,True,34.65,134.90,204.08,Run_01683
3.0,0.6,20,1.0,False,False,29.72,32.36,49.13,Run_01684
3.0,0.6,20,2.0,True,True,34.86,111.63,169.37,Run_01685
3.0,0.6,20,2.0,True,False,29.80,25.82,39.37,Run_01686
3.0,0.6,20,2.0,False,True,34.65,134.90,204.08,Run_01687
3.0,0.6,20,2.0,False,False,29.72,32.36,49.13,Run_01688
3.0,0.6,20,3.0,True,True,34.86,105.81,160.54,Run_01689
3.0,0.6,20,3.0,True,False,30.08,22.91,34.93,Run_01690
3.0,0.6,20,3.0,False,True,34.65,134.90,204.08,Run_01691
3.0,0.6,20,3.0,False,False,29.72,32.36,49.13,Run_01692
3.0,0.6,30,1.0,True,True,34.88,117.09,177.65,Run_01693
3.0,0.6,30,1.0,True,False,30.33,30.91,46.89,Run_01694
3.0,0.6,30,1.0,False,True,34.42,133.45,201.88,Run_01695
3.0,0.6,30,1.0,False,False,30.21,34.91,52.95,Run_01696
3.0,0.6,30,2.0,True,True,34.71,112.72,171.03,Run_01697
3.0,0.6,30,2.0,True,False,30.42,29.45,44.69,Run_01698
3.0,0.6,30,2.0,False,True,34.42,133.45,201.88,Run_01699
3.0,0.6,30,2.0,False,False,30.21,34.91,52.95,Run_01700
3.0,0.6,30,3.0,True,True,34.73,105.45,159.99,Run_01701
3.0,0.6,30,3.0,True,False,30.71,25.82,39.17,Run_01702
3.0,0.6,30,3.0,False,True,34.42,133.45,201.88,Run_01703
3.0,0.6,30,3.0,False,False,30.21,34.91,52.95,Run_01704
3.0,0.6,40,1.0,True,True,34.48,115.63,175.44,Run_01705
3.0,0.6,40,1.0,True,False,30.41,34.54,52.41,Run_01706
3.0,0.6,40,1.0,False,True,34.03,133.09,201.33,Run_01707
3.0,0.6,40,1.0,False,False,30.34,39.63,60.12,Run_01708
3.0,0.6,40,2.0,True,True,34.32,110.90,168.27,Run_01709
3.0,0.6,40,2.0,True,False,30.46,32.36,49.10,Run_01710
3.0,0.6,40,2.0,False,True,34.03,133.09,201.33,Run_01711
3.0,0.6,40,2.0,False,False,30.34,39.63,60.12,Run_01712
3.0,0.6,40,3.0,True,True,34.45,104.00,157.79,Run_01713
3.0,0.6,40,3.0,True,False,30.67,29.09,44.14,Run_01714
3.0,0.6,40,3.0,False,True,34.03,133.09,201.33,Run_01715
3.0,0.6,40,3.0,False,False,30.34,39.63,60.12,Run_01716
3.0,0.6,50,1.0,True,True,34.44,115.27,174.89,Run_01717
3.0,0.6,50,1.0,True,False,30.71,36.73,55.72,Run_01718
3.0,0.6,50,1.0,False,True,33.96,132.72,200.78,Run_01719
3.0,0.6,50,1.0,False,False,30.68,41.45,62.88,Run_01720
3.0,0.6,50,2.0,True,True,34.29,111.27,168.82,Run_01721
3.0,0.6,50,2.0,True,False,30.79,34.91,52.96,Run_01722
3.0,0.6,50,2.0,False,True,33.96,132.72,200.78,Run_01723
3.0,0.6,50,2.0,False,False,30.68,41.45,62.88,Run_01724
3.0,0.6,50,3.0,True,True,34.47,104.36,158.34,Run_01725
3.0,0.6,50,3.0,True,False,31.00,32.00,48.55,Run_01726
3.0,0.6,50,3.0,False,True,33.96,132.72,200.78,Run_01727
3.0,0.6,50,3.0,False,False,30.68,41.45,62.88,Run_01728
3.0,0.6,60,1.0,True,True,34.30,116.00,175.99,Run_01729
3.0,0.6,60,1.0,True,False,30.87,38.18,57.93,Run_01730
3.0,0.6,60,1.0,False,True,33.83,133.09,201.33,Run_01731
3.0,0.6,60,1.0,False,False,30.83,43.63,66.19,Run_01732
3.0,0.6,60,2.0,True,True,34.17,111.63,169.37,Run_01733
3.0,0.6,60,2.0,True,False,30.95,36.36,55.17,Run_01734
3.0,0.6,60,2.0,False,True,33.83,133.09,201.33,Run_01735
3.0,0.6,60,2.0,False,False,30.83,43.63,66.19,Run_01736
3.0,0.6,60,3.0,True,True,34.24,105.09,159.44,Run_01737
3.0,0.6,60,3.0,True,False,31.12,31.64,48.00,Run_01738
3.0,0.6,60,3.0,False,True,33.83,133.09,201.33,Run_01739
3.0,0.6,60,3.0,False,False,30.83,43.63,66.19,Run_01740
3.0,0.6,70,1.0,True,True,34.26,115.63,175.44,Run_01741
3.0,0.6,70,1.0,True,False,31.16,39.27,59.58,Run_01742
3.0,0.6,70,1.0,False,True,33.81,133.09,201.33,Run_01743
3.0,0.6,70,1.0,False,False,31.14,45.09,68.40,Run_01744
3.0,0.6,70,2.0,True,True,34.11,111.27,168.82,Run_01745
3.0,0.6,70,2.0,True,False,31.23,37.09,56.27,Run_01746
3.0,0.6,70,2.0,False,True,33.81,133.09,201.33,Run_01747
3.0,0.6,70,2.0,False,False,31.14,45.09,68.40,Run_01748
3.0,0.6,70,3.0,True,True,34.16,105.09,159.44,Run_01749
3.0,0.6,70,3.0,True,False,31.38,32.36,49.10,Run_01750
3.0,0.6,70,3.0,False,True,33.81,133.09,201.33,Run_01751
3.0,0.6,70,3.0,False,False,31.14,45.09,68.40,Run_01752
3.0,0.6,80,1.0,True,True,34.27,116.00,175.99,Run_01753
3.0,0.6,80,1.0,True,False,31.41,41.09,62.34,Run_01754
3.0,0.6,80,1.0,False,True,33.80,133.45,201.88,Run_01755
3.0,0.6,80,1.0,False,False,31.32,47.27,71.71,Run_01756
3.0,0.6,80,2.0,True,True,34.11,111.63,169.37,Run_01757
3.0,0.6,80,2.0,True,False,31.46,38.91,59.03,Run_01758
3.0,0.6,80,2.0,False,True,33.80,133.45,201.88,Run_01759
3.0,0.6,80,2.0,False,False,31.32,47.27,71.71,Run_01760
3.0,0.6,80,3.0,True,True,34.22,105.45,159.99,Run_01761
3.0,0.6,80,3.0,True,False,31.59,34.18,51.86,Run_01762
3.0,0.6,80,3.0,False,True,33.80,133.45,201.88,Run_01763
3.0,0.6,80,3.0,False,False,31.32,47.27,71.71,Run_01764
3.5,0.05,20,1.0,True,True,32.35,107.27,162.72,Run_01765
3.5,0.05,20,1.0,True,False,35.47,110.18,167.40,Run_01766
3.5,0.05,20,1.0,False,True,32.29,130.54,198.04,Run_01767
3.5,0.05,20,1.0,False,False,35.54,132.72,201.71,Run_01768
3.5,0.05,20,2.0,True,True,32.28,101.45,153.92,Run_01769
3.5,0.05,20,2.0,True,False,35.55,103.63,157.49,Run_01770
3.5,0.05,20,2.0,False,True,32.29,130.54,198.04,Run_01771
3.5,0.05,20,2.0,False,False,35.54,132.72,201.71,Run_01772
3.5,0.05,20,3.0,True,True,31.79,97.45,147.84,Run_01773
3.5,0.05,20,3.0,True,False,35.03,98.91,150.31,Run_01774
3.5,0.05,20,3.0,False,True,32.29,130.54,198.04,Run_01775
3.5,0.05,20,3.0,False,False,35.54,132.72,201.71,Run_01776
3.5,0.05,30,1.0,True,True,32.03,106.54,161.62,Run_01777
3.5,0.05,30,1.0,True,False,34.52,110.54,167.69,Run_01778
3.5,0.05,30,1.0,False,True,31.98,129.81,196.94,Run_01779
3.5,0.05,30,1.0,False,False,34.81,132.72,201.35,Run_01780
3.5,0.05,30,2.0,True,True,31.88,101.09,153.37,Run_01781
3.5,0.05,30,2.0,True,False,34.55,104.36,158.49,Run_01782
3.5,0.05,30,2.0,False,True,31.98,129.81,196.94,Run_01783
3.5,0.05,30,2.0,False,False,34.81,132.72,201.35,Run_01784
3.5,0.05,30,3.0,True,True,31.50,97.09,147.29,Run_01785
3.5,0.05,30,3.0,True,False,34.08,99.27,150.77,Run_01786
3.5,0.05,30,3.0,False,True,31.98,129.81,196.94,Run_01787
3.5,0.05,30,3.0,False,False,34.81,132.72,201.35,Run_01788
3.5,0.05,40,1.0,True,True,31.85,106.54,161.62,Run_01789
3.5,0.05,40,1.0,True,False,34.23,109.09,165.48,Run_01790
3.5,0.05,40,1.0,False,True,31.86,129.45,196.38,Run_01791
3.5,0.05,40,1.0,False,False,34.47,129.81,196.94,Run_01792
3.5,0.05,40,2.0,True,True,31.77,101.09,153.37,Run_01793
3.5,0.05,40,2.0,True,False,34.14,103.63,157.39,Run_01794
3.5,0.05,40,2.0,False,True,31.86,129.45,196.38,Run_01795
3.5,0.05,40,2.0,False,False,34.47,129.81,196.94,Run_01796
3.5,0.05,40,3.0,True,True,31.35,97.09,147.29,Run_01797
3.5,0.05,40,3.0,True,False,33.80,99.27,150.77,Run_01798
3.5,0.05,40,3.0,False,True,31.86,129.45,196.38,Run_01799
3.5,0.05,40,3.0,False,False,34.47,129.81,196.94,Run_01800
3.5,0.05,50,1.0,True,True,31.61,106.18,161.07,Run_01801
3.5,0.05,50,1.0,True,False,33.77,108.72,164.93,Run_01802
3.5,0.05,50,1.0,False,True,31.58,129.45,196.38,Run_01803
3.5,0.05,50,1.0,False,False,33.91,130.54,198.04,Run_01804
3.5,0.05,50,2.0,True,True,31.59,100.72,152.81,Run_01805
3.5,0.05,50,2.0,True,False,33.73,103.27,156.84,Run_01806
3.5,0.05,50,2.0,False,True,31.58,129.45,196.38,Run_01807
3.5,0.05,50,2.0,False,False,33.91,130.54,198.04,Run_01808
3.5,0.05,50,3.0,True,True,31.19,96.72,146.74,Run_01809
3.5,0.05,50,3.0,True,False,33.38,99.27,150.77,Run_01810
3.5,0.05,50,3.0,False,True,31.58,129.45,196.38,Run_01811
3.5,0.05,50,3.0,False,False,33.91,130.54,198.04,Run_01812
3.5,0.05,60,1.0,True,True,31.55,106.18,161.07,Run_01813
3.5,0.05,60,1.0,True,False,33.59,108.00,163.83,Run_01814
3.5,0.05,60,1.0,False,True,31.52,129.45,196.38,Run_01815
3.5,0.05,60,1.0,False,False,33.66,129.45,196.38,Run_01816
3.5,0.05,60,2.0,True,True,31.54,100.72,152.81,Run_01817
3.5,0.05,60,2.0,True,False,33.57,102.54,155.73,Run_01818
3.5,0.05,60,2.0,False,True,31.52,129.45,196.38,Run_01819
3.5,0.05,60,2.0,False,False,33.66,129.45,196.38,Run_01820
3.5,0.05,60,3.0,True,True,31.09,96.72,146.74,Run_01821
3.5,0.05,60,3.0,True,False,33.14,98.54,149.67,Run_01822
3.5,0.05,60,3.0,False,True,31.52,129.45,196.38,Run_01823
3.5,0.05,60,3.0,False,False,33.66,129.45,196.38,Run_01824
3.5,0.05,70,1.0,True,True,31.22,105.81,160.52,Run_01825
3.5,0.05,70,1.0,True,False,32.77,106.90,162.17,Run_01826
3.5,0.05,70,1.0,False,True,31.19,128.72,195.28,Run_01827
3.5,0.05,70,1.0,False,False,32.90,130.18,197.49,Run_01828
3.5,0.05,70,2.0,True,True,31.22,100.36,152.26,Run_01829
3.5,0.05,70,2.0,True,False,32.74,101.45,154.08,Run_01830
3.5,0.05,70,2.0,False,True,31.19,128.72,195.28,Run_01831
3.5,0.05,70,2.0,False,False,32.90,130.18,197.49,Run_01832
3.5,0.05,70,3.0,True,True,30.78,96.36,146.19,Run_01833
3.5,0.05,70,3.0,True,False,32.33,97.45,148.01,Run_01834
3.5,0.05,70,3.0,False,True,31.19,128.72,195.28,Run_01835
3.5,0.05,70,3.0,False,False,32.90,130.18,197.49,Run_01836
3.5,0.05,80,1.0,True,True,31.10,105.81,160.52,Run_01837
3.5,0.05,80,1.0,True,False,32.71,106.90,162.17,Run_01838
3.5,0.05,80,1.0,False,True,31.06,129.09,195.83,Run_01839
3.5,0.05,80,1.0,False,False,32.80,130.54,198.04,Run_01840
3.5,0.05,80,2.0,True,True,31.10,100.36,152.26,Run_01841
3.5,0.05,80,2.0,True,False,32.68,101.45,154.08,Run_01842
3.5,0.05,80,2.0,False,True,31.06,129.09,195.83,Run_01843
3.5,0.05,80,2.0,False,False,32.80,130.54,198.04,Run_01844
3.5,0.05,80,3.0,True,True,30.63,96.36,146.19,Run_01845
3.5,0.05,80,3.0,True,False,32.23,97.45,148.01,Run_01846
3.5,0.05,80,3.0,False,True,31.06,129.09,195.83,Run_01847
3.5,0.05,80,3.0,False,False,32.80,130.54,198.04,Run_01848
3.5,0.1,20,1.0,True,True,33.35,109.81,166.58,Run_01849
3.5,0.1,20,1.0,True,False,36.81,93.81,142.54,Run_01850
3.5,0.1,20,1.0,False,True,33.19,130.54,198.04,Run_01851
3.5,0.1,20,1.0,False,False,36.77,110.90,168.55,Run_01852
3.5,0.1,20,2.0,True,True,33.12,103.63,157.23,Run_01853
3.5,0.1,20,2.0,True,False,36.85,88.36,134.28,Run_01854
3.5,0.1,20,2.0,False,True,33.19,130.54,198.04,Run_01855
3.5,0.1,20,2.0,False,False,36.77,110.90,168.55,Run_01856
3.5,0.1,20,3.0,True,True,32.62,98.18,148.94,Run_01857
3.5,0.1,20,3.0,True,False,36.72,85.09,129.31,Run_01858
3.5,0.1,20,3.0,False,True,33.19,130.54,198.04,Run_01859
3.5,0.1,20,3.0,False,False,36.77,110.90,168.55,Run_01860
3.5,0.1,30,1.0,True,True,33.37,108.72,164.93,Run_01861
3.5,0.1,30,1.0,True,False,37.44,100.72,152.79,Run_01862
3.5,0.1,30,1.0,False,True,33.20,129.45,196.38,Run_01863
3.5,0.1,30,1.0,False,False,37.31,117.45,178.18,Run_01864
3.5,0.1,30,2.0,True,True,33.19,102.90,156.12,Run_01865
3.5,0.1,30,2.0,True,False,37.35,94.91,144.14,Run_01866
3.5,0.1,30,2.0,False,True,33.20,129.45,196.38,Run_01867
3.5,0.1,30,2.0,False,False,37.31,117.45,178.18,Run_01868
3.5,0.1,30,3.0,True,True,32.82,97.81,148.39,Run_01869
3.5,0.1,30,3.0,True,False,37.22,89.81,136.41,Run_01870
3.5,0.1,30,3.0,False,True,33.20,129.45,196.38,Run_01871
3.5,0.1,30,3.0,False,False,37.31,117.45,178.18,Run_01872
3.5,0.1,40,1.0,True,True,33.51,108.72,164.93,Run_01873
3.5,0.1,40,1.0,True,False,37.88,102.54,155.55,Run_01874
3.5,0.1,40,1.0,False,True,33.27,129.45,196.38,Run_01875
3.5,0.1,40,1.0,False,False,37.81,120.36,182.59,Run_01876
3.5,0.1,40,2.0,True,True,33.34,102.90,156.12,Run_01877
3.5,0.1,40,2.0,True,False,37.79,97.09,147.45,Run_01878
3.5,0.1,40,2.0,False,True,33.27,129.45,196.38,Run_01879
3.5,0.1,40,2.0,False,False,37.81,120.36,182.59,Run_01880
3.5,0.1,40,3.0,True,True,32.95,97.81,148.39,Run_01881
3.5,0.1,40,3.0,True,False,37.38,92.00,139.72,Run_01882
3.5,0.1,40,3.0,False,True,33.27,129.45,196.38,Run_01883
3.5,0.1,40,3.0,False,False,37.81,120.36,182.59,Run_01884
3.5,0.1,50,1.0,True,True,33.26,108.36,164.38,Run_01885
3.5,0.1,50,1.0,True,False,38.05,101.45,153.90,Run_01886
3.5,0.1,50,1.0,False,True,33.12,129.09,195.83,Run_01887
3.5,0.1,50,1.0,False,False,38.16,118.54,179.84,Run_01888
3.5,0.1,50,2.0,True,True,33.08,102.54,155.57,Run_01889
3.5,0.1,50,2.0,True,False,37.97,96.00,145.79,Run_01890
3.5,0.1,50,2.0,False,True,33.12,129.09,195.83,Run_01891
3.5,0.1,50,2.0,False,False,38.16,118.54,179.84,Run_01892
3.5,0.1,50,3.0,True,True,32.63,97.81,148.39,Run_01893
3.5,0.1,50,3.0,True,False,37.47,90.91,138.07,Run_01894
3.5,0.1,50,3.0,False,True,33.12,129.09,195.83,Run_01895
3.5,0.1,50,3.0,False,False,38.16,118.54,179.84,Run_01896
3.5,0.1,60,1.0,True,True,33.33,108.36,164.38,Run_01897
3.5,0.1,60,1.0,True,False,38.65,104.00,157.76,Run_01898
3.5,0.1,60,1.0,False,True,33.21,129.09,195.83,Run_01899
3.5,0.1,60,1.0,False,False,38.74,121.09,183.70,Run_01900
3.5,0.1,60,2.0,True,True,33.23,102.54,155.57,Run_01901
3.5,0.1,60,2.0,True,False,38.65,98.18,149.11,Run_01902
3.5,0.1,60,2.0,False,True,33.21,129.09,195.83,Run_01903
3.5,0.1,60,2.0,False,False,38.74,121.09,183.70,Run_01904
3.5,0.1,60,3.0,True,True,32.76,97.45,147.84,Run_01905
3.5,0.1,60,3.0,True,False,38.01,93.09,141.38,Run_01906
3.5,0.1,60,3.0,False,True,33.21,129.09,195.83,Run_01907
3.5,0.1,60,3.0,False,False,38.74,121.09,183.70,Run_01908
3.5,0.1,70,1.0,True,True,33.20,107.63,163.27,Run_01909
3.5,0.1,70,1.0,True,False,38.62,104.36,158.31,Run_01910
3.5,0.1,70,1.0,False,True,33.15,128.72,195.28,Run_01911
3.5,0.1,70,1.0,False,False,38.85,121.09,183.70,Run_01912
3.5,0.1,70,2.0,True,True,33.13,102.18,155.02,Run_01913
3.5,0.1,70,2.0,True,False,38.69,98.91,150.21,Run_01914
3.5,0.1,70,2.0,False,True,33.15,128.72,195.28,Run_01915
3.5,0.1,70,2.0,False,False,38.85,121.09,183.70,Run_01916
3.5,0.1,70,3.0,True,True,32.73,97.45,147.84,Run_01917
3.5,0.1,70,3.0,True,False,38.07,94.18,143.04,Run_01918
3.5,0.1,70,3.0,False,True,33.15,128.72,195.28,Run_01919
3.5,0.1,70,3.0,False,False,38.85,121.09,183.70,Run_01920
3.5,0.1,80,1.0,True,True,33.38,107.27,162.72,Run_01921
3.5,0.1,80,1.0,True,False,38.95,106.54,161.62,Run_01922
3.5,0.1,80,1.0,False,True,33.33,129.45,196.38,Run_01923
3.5,0.1,80,1.0,False,False,39.22,124.72,189.21,Run_01924
3.5,0.1,80,2.0,True,True,33.35,101.81,154.47,Run_01925
3.5,0.1,80,2.0,True,False,38.99,101.09,153.52,Run_01926
3.5,0.1,80,2.0,False,True,33.33,129.45,196.38,Run_01927
3.5,0.1,80,2.0,False,False,39.22,124.72,189.21,Run_01928
3.5,0.1,80,3.0,True,True,32.89,97.45,147.84,Run_01929
3.5,0.1,80,3.0,True,False,38.43,96.72,146.90,Run_01930
3.5,0.1,80,3.0,False,True,33.33,129.45,196.38,Run_01931
3.5,0.1,80,3.0,False,False,39.22,124.72,189.21,Run_01932
3.5,0.2,20,1.0,True,True,34.45,110.54,167.69,Run_01933
3.5,0.2,20,1.0,True,False,33.45,56.72,86.20,Run_01934
3.5,0.2,20,1.0,False,True,34.15,128.72,195.28,Run_01935
3.5,0.2,20,1.0,False,False,33.61,67.63,102.77,Run_01936
3.5,0.2,20,2.0,True,True,34.23,104.36,158.33,Run_01937
3.5,0.2,20,2.0,True,False,33.58,52.00,79.03,Run_01938
3.5,0.2,20,2.0,False,True,34.15,128.72,195.28,Run_01939
3.5,0.2,20,2.0,False,False,33.61,67.63,102.77,Run_01940
3.5,0.2,20,3.0,True,True,34.12,100.00,151.70,Run_01941
3.5,0.2,20,3.0,True,False,33.61,48.73,74.06,Run_01942
3.5,0.2,20,3.0,False,True,34.15,128.72,195.28,Run_01943
3.5,0.2,20,3.0,False,False,33.61,67.63,102.77,Run_01944
3.5,0.2,30,1.0,True,True,34.17,110.18,167.14,Run_01945
3.5,0.2,30,1.0,True,False,34.14,61.82,93.77,Run_01946
3.5,0.2,30,1.0,False,True,33.86,128.36,194.73,Run_01947
3.5,0.2,30,1.0,False,False,34.39,72.72,110.33,Run_01948
3.5,0.2,30,2.0,True,True,34.02,104.36,158.33,Run_01949
3.5,0.2,30,2.0,True,False,34.34,57.45,87.25,Run_01950
3.5,0.2,30,2.0,False,True,33.86,128.36,194.73,Run_01951
3.5,0.2,30,2.0,False,False,34.39,72.72,110.33,Run_01952
3.5,0.2,30,3.0,True,True,33.92,100.36,152.25,Run_01953
3.5,0.2,30,3.0,True,False,34.43,55.63,84.50,Run_01954
3.5,0.2,30,3.0,False,True,33.86,128.36,194.73,Run_01955
3.5,0.2,30,3.0,False,False,34.39,72.72,110.33,Run_01956
3.5,0.2,40,1.0,True,True,34.25,110.18,167.14,Run_01957
3.5,0.2,40,1.0,True,False,35.20,68.36,103.70,Run_01958
3.5,0.2,40,1.0,False,True,33.90,129.09,195.83,Run_01959
3.5,0.2,40,1.0,False,False,35.41,80.00,121.36,Run_01960
3.5,0.2,40,2.0,True,True,34.12,104.36,158.33,Run_01961
3.5,0.2,40,2.0,True,False,35.31,64.72,98.30,Run_01962
3.5,0.2,40,2.0,False,True,33.90,129.09,195.83,Run_01963
3.5,0.2,40,2.0,False,False,35.41,80.00,121.36,Run_01964
3.5,0.2,40,3.0,True,True,34.10,100.00,151.70,Run_01965
3.5,0.2,40,3.0,True,False,35.54,63.63,96.65,Run_01966
3.5,0.2,40,3.0,False,True,33.90,129.09,195.83,Run_01967
3.5,0.2,40,3.0,False,False,35.41,80.00,121.36,Run_01968
3.5,0.2,50,1.0,True,True,34.12,109.81,166.58,Run_01969
3.5,0.2,50,1.0,True,False,35.57,72.72,110.32,Run_01970
3.5,0.2,50,1.0,False,True,33.84,129.09,195.83,Run_01971
3.5,0.2,50,1.0,False,False,35.70,84.36,127.98,Run_01972
3.5,0.2,50,2.0,True,True,33.95,104.36,158.33,Run_01973
3.5,0.2,50,2.0,True,False,35.69,68.72,104.37,Run_01974
3.5,0.2,50,2.0,False,True,33.84,129.09,195.83,Run_01975
3.5,0.2,50,2.0,False,False,35.70,84.36,127.98,Run_01976
3.5,0.2,50,3.0,True,True,33.96,100.36,152.25,Run_01977
3.5,0.2,50,3.0,True,False,35.68,67.27,102.17,Run_01978
3.5,0.2,50,3.0,False,True,33.84,129.09,195.83,Run_01979
3.5,0.2,50,3.0,False,False,35.70,84.36,127.98,Run_01980
3.5,0.2,60,1.0,True,True,34.05,109.81,166.58,Run_01981
3.5,0.2,60,1.0,True,False,36.27,77.82,118.04,Run_01982
3.5,0.2,60,1.0,False,True,33.80,129.09,195.83,Run_01983
3.5,0.2,60,1.0,False,False,36.38,89.81,136.26,Run_01984
3.5,0.2,60,2.0,True,True,33.89,104.36,158.33,Run_01985
3.5,0.2,60,2.0,True,False,36.37,73.45,111.55,Run_01986
3.5,0.2,60,2.0,False,True,33.80,129.09,195.83,Run_01987
3.5,0.2,60,2.0,False,False,36.38,89.81,136.26,Run_01988
3.5,0.2,60,3.0,True,True,33.89,99.63,151.15,Run_01989
3.5,0.2,60,3.0,True,False,36.50,71.63,108.80,Run_01990
3.5,0.2,60,3.0,False,True,33.80,129.09,195.83,Run_01991
3.5,0.2,60,3.0,False,False,36.38,89.81,136.26,Run_01992
3.5,0.2,70,1.0,True,True,33.92,108.36,164.38,Run_01993
3.5,0.2,70,1.0,True,False,36.70,79.63,120.80,Run_01994
3.5,0.2,70,1.0,False,True,33.74,128.36,194.73,Run_01995
3.5,0.2,70,1.0,False,False,36.86,93.45,141.77,Run_01996
3.5,0.2,70,2.0,True,True,33.79,102.90,156.12,Run_01997
3.5,0.2,70,2.0,True,False,36.72,76.00,115.42,Run_01998
3.5,0.2,70,2.0,False,True,33.74,128.36,194.73,Run_01999
3.5,0.2,70,2.0,False,False,36.86,93.45,141.77,Run_02000
3.5,0.2,70,3.0,True,True,33.80,98.54,149.50,Run_02001
3.5,0.2,70,3.0,True,False,36.88,73.82,112.11,Run_02002
3.5,0.2,70,3.0,False,True,33.74,128.36,194.73,Run_02003
3.5,0.2,70,3.0,False,False,36.86,93.45,141.77,Run_02004
3.5,0.2,80,1.0,True,True,33.82,108.36,164.38,Run_02005
3.5,0.2,80,1.0,True,False,37.02,83.63,126.87,Run_02006
3.5,0.2,80,1.0,False,True,33.65,128.36,194.73,Run_02007
3.5,0.2,80,1.0,False,False,37.25,97.09,147.29,Run_02008
3.5,0.2,80,2.0,True,True,33.69,102.90,156.12,Run_02009
3.5,0.2,80,2.0,True,False,37.05,79.63,120.94,Run_02010
3.5,0.2,80,2.0,False,True,33.65,128.36,194.73,Run_02011
3.5,0.2,80,2.0,False,False,37.25,97.09,147.29,Run_02012
3.5,0.2,80,3.0,True,True,33.59,97.45,147.84,Run_02013
3.5,0.2,80,3.0,True,False,36.99,76.72,116.53,Run_02014
3.5,0.2,80,3.0,False,True,33.65,128.36,194.73,Run_02015
3.5,0.2,80,3.0,False,False,37.25,97.09,147.29,Run_02016
3.5,0.3,20,1.0,True,True,34.66,109.81,166.58,Run_02017
3.5,0.3,20,1.0,True,False,31.04,35.63,54.14,Run_02018
3.5,0.3,20,1.0,False,True,34.23,124.72,189.21,Run_02019
3.5,0.3,20,1.0,False,False,31.31,41.09,62.42,Run_02020
3.5,0.3,20,2.0,True,True,34.52,104.36,158.33,Run_02021
3.5,0.3,20,2.0,True,False,31.12,32.36,49.18,Run_02022
3.5,0.3,20,2.0,False,True,34.23,124.72,189.21,Run_02023
3.5,0.3,20,2.0,False,False,31.31,41.09,62.42,Run_02024
3.5,0.3,20,3.0,True,True,34.33,100.00,151.70,Run_02025
3.5,0.3,20,3.0,True,False,31.28,29.45,44.76,Run_02026
3.5,0.3,20,3.0,False,True,34.23,124.72,189.21,Run_02027
3.5,0.3,20,3.0,False,False,31.31,41.09,62.42,Run_02028
3.5,0.3,30,1.0,True,True,34.59,109.81,166.58,Run_02029
3.5,0.3,30,1.0,True,False,32.06,38.91,59.02,Run_02030
3.5,0.3,30,1.0,False,True,34.19,125.09,189.76,Run_02031
3.5,0.3,30,1.0,False,False,32.28,45.45,68.96,Run_02032
3.5,0.3,30,2.0,True,True,34.53,104.36,158.33,Run_02033
3.5,0.3,30,2.0,True,False,32.18,36.73,55.78,Run_02034
3.5,0.3,30,2.0,False,True,34.19,125.09,189.76,Run_02035
3.5,0.3,30,2.0,False,False,32.28,45.45,68.96,Run_02036
3.5,0.3,30,3.0,True,True,34.26,100.00,151.70,Run_02037
3.5,0.3,30,3.0,True,False,32.32,33.82,51.36,Run_02038
3.5,0.3,30,3.0,False,True,34.19,125.09,189.76,Run_02039
3.5,0.3,30,3.0,False,False,32.28,45.45,68.96,Run_02040
3.5,0.3,40,1.0,True,True,34.37,110.90,168.24,Run_02041
3.5,0.3,40,1.0,True,False,32.54,43.27,65.64,Run_02042
3.5,0.3,40,1.0,False,True,34.04,128.72,195.28,Run_02043
3.5,0.3,40,1.0,False,False,32.68,51.27,77.78,Run_02044
3.5,0.3,40,2.0,True,True,34.37,105.45,159.99,Run_02045
3.5,0.3,40,2.0,True,False,32.65,41.09,62.40,Run_02046
3.5,0.3,40,2.0,False,True,34.04,128.72,195.28,Run_02047
3.5,0.3,40,2.0,False,False,32.68,51.27,77.78,Run_02048
3.5,0.3,40,3.0,True,True,34.32,100.36,152.25,Run_02049
3.5,0.3,40,3.0,True,False,32.85,39.27,59.65,Run_02050
3.5,0.3,40,3.0,False,True,34.04,128.72,195.28,Run_02051
3.5,0.3,40,3.0,False,False,32.68,51.27,77.78,Run_02052
3.5,0.3,50,1.0,True,True,34.52,111.63,169.34,Run_02053
3.5,0.3,50,1.0,True,False,33.22,50.18,76.12,Run_02054
3.5,0.3,50,1.0,False,True,34.09,128.36,194.73,Run_02055
3.5,0.3,50,1.0,False,False,33.37,59.27,89.92,Run_02056
3.5,0.3,50,2.0,True,True,34.49,105.45,159.99,Run_02057
3.5,0.3,50,2.0,True,False,33.44,47.27,71.79,Run_02058
3.5,0.3,50,2.0,False,True,34.09,128.36,194.73,Run_02059
3.5,0.3,50,2.0,False,False,33.37,59.27,89.92,Run_02060
3.5,0.3,50,3.0,True,True,34.30,100.36,152.25,Run_02061
3.5,0.3,50,3.0,True,False,33.65,44.73,67.93,Run_02062
3.5,0.3,50,3.0,False,True,34.09,128.36,194.73,Run_02063
3.5,0.3,50,3.0,False,False,33.37,59.27,89.92,Run_02064
3.5,0.3,60,1.0,True,True,34.32,110.18,167.14,Run_02065
3.5,0.3,60,1.0,True,False,33.55,54.54,82.74,Run_02066
3.5,0.3,60,1.0,False,True,33.89,127.63,193.63,Run_02067
3.5,0.3,60,1.0,False,False,33.76,62.54,94.88,Run_02068
3.5,0.3,60,2.0,True,True,34.28,104.72,158.88,Run_02069
3.5,0.3,60,2.0,True,False,33.73,51.27,77.87,Run_02070
3.5,0.3,60,2.0,False,True,33.89,127.63,193.63,Run_02071
3.5,0.3,60,2.0,False,False,33.76,62.54,94.88,Run_02072
3.5,0.3,60,3.0,True,True,33.92,100.36,152.25,Run_02073
3.5,0.3,60,3.0,True,False,33.90,49.09,74.56,Run_02074
3.5,0.3,60,3.0,False,True,33.89,127.63,193.63,Run_02075
3.5,0.3,60,3.0,False,False,33.76,62.54,94.88,Run_02076
3.5,0.3,70,1.0,True,True,34.21,109.81,166.58,Run_02077
3.5,0.3,70,1.0,True,False,34.23,55.27,83.84,Run_02078
3.5,0.3,70,1.0,False,True,33.83,127.27,193.07,Run_02079
3.5,0.3,70,1.0,False,False,33.99,63.27,95.99,Run_02080
3.5,0.3,70,2.0,True,True,34.21,104.36,158.33,Run_02081
3.5,0.3,70,2.0,True,False,34.44,51.63,78.42,Run_02082
3.5,0.3,70,2.0,False,True,33.83,127.27,193.07,Run_02083
3.5,0.3,70,2.0,False,False,33.99,63.27,95.99,Run_02084
3.5,0.3,70,3.0,True,True,33.78,100.36,152.25,Run_02085
3.5,0.3,70,3.0,True,False,34.65,49.45,75.11,Run_02086
3.5,0.3,70,3.0,False,True,33.83,127.27,193.07,Run_02087
3.5,0.3,70,3.0,False,False,33.99,63.27,95.99,Run_02088
3.5,0.3,80,1.0,True,True,34.14,109.45,166.03,Run_02089
3.5,0.3,80,1.0,True,False,34.35,58.54,88.81,Run_02090
3.5,0.3,80,1.0,False,True,33.80,127.63,193.63,Run_02091
3.5,0.3,80,1.0,False,False,34.13,66.91,101.50,Run_02092
3.5,0.3,80,2.0,True,True,34.07,104.36,158.33,Run_02093
3.5,0.3,80,2.0,True,False,34.49,55.63,84.49,Run_02094
3.5,0.3,80,2.0,False,True,33.80,127.63,193.63,Run_02095
3.5,0.3,80,2.0,False,False,34.13,66.91,101.50,Run_02096
3.5,0.3,80,3.0,True,True,33.73,100.00,151.70,Run_02097
3.5,0.3,80,3.0,True,False,34.62,53.82,81.74,Run_02098
3.5,0.3,80,3.0,False,True,33.80,127.63,193.63,Run_02099
3.5,0.3,80,3.0,False,False,34.13,66.91,101.50,Run_02100
3.5,0.4,20,1.0,True,True,34.75,110.18,167.14,Run_02101
3.5,0.4,20,1.0,True,False,30.23,28.73,43.81,Run_02102
3.5,0.4,20,1.0,False,True,34.38,125.09,189.76,Run_02103
3.5,0.4,20,1.0,False,False,30.16,33.09,50.46,Run_02104
3.5,0.4,20,2.0,True,True,34.60,103.63,157.23,Run_02105
3.5,0.4,20,2.0,True,False,30.35,25.82,39.38,Run_02106
3.5,0.4,20,2.0,False,True,34.38,125.09,189.76,Run_02107
3.5,0.4,20,2.0,False,False,30.16,33.09,50.46,Run_02108
3.5,0.4,20,3.0,True,True,34.59,100.36,152.25,Run_02109
3.5,0.4,20,3.0,True,False,30.58,24.73,37.72,Run_02110
3.5,0.4,20,3.0,False,True,34.38,125.09,189.76,Run_02111
3.5,0.4,20,3.0,False,False,30.16,33.09,50.46,Run_02112
3.5,0.4,30,1.0,True,True,34.47,110.54,167.69,Run_02113
3.5,0.4,30,1.0,True,False,30.86,30.18,45.78,Run_02114
3.5,0.4,30,1.0,False,True,34.05,125.09,189.76,Run_02115
3.5,0.4,30,1.0,False,False,30.75,36.36,55.16,Run_02116
3.5,0.4,30,2.0,True,True,34.42,104.36,158.33,Run_02117
3.5,0.4,30,2.0,True,False,31.01,29.09,44.18,Run_02118
3.5,0.4,30,2.0,False,True,34.05,125.09,189.76,Run_02119
3.5,0.4,30,2.0,False,False,30.75,36.36,55.16,Run_02120
3.5,0.4,30,3.0,True,True,34.29,100.72,152.81,Run_02121
3.5,0.4,30,3.0,True,False,31.04,27.64,41.97,Run_02122
3.5,0.4,30,3.0,False,True,34.05,125.09,189.76,Run_02123
3.5,0.4,30,3.0,False,False,30.75,36.36,55.16,Run_02124
3.5,0.4,40,1.0,True,True,34.28,109.81,166.58,Run_02125
3.5,0.4,40,1.0,True,False,31.26,34.91,52.95,Run_02126
3.5,0.4,40,1.0,False,True,33.84,125.81,190.87,Run_02127
3.5,0.4,40,1.0,False,False,31.16,40.73,61.78,Run_02128
3.5,0.4,40,2.0,True,True,34.25,104.00,157.78,Run_02129
3.5,0.4,40,2.0,True,False,31.36,33.82,51.36,Run_02130
3.5,0.4,40,2.0,False,True,33.84,125.81,190.87,Run_02131
3.5,0.4,40,2.0,False,False,31.16,40.73,61.78,Run_02132
3.5,0.4,40,3.0,True,True,34.19,101.09,153.36,Run_02133
3.5,0.4,40,3.0,True,False,31.45,31.64,48.05,Run_02134
3.5,0.4,40,3.0,False,True,33.84,125.81,190.87,Run_02135
3.5,0.4,40,3.0,False,False,31.16,40.73,61.78,Run_02136
3.5,0.4,50,1.0,True,True,34.25,110.18,167.14,Run_02137
3.5,0.4,50,1.0,True,False,31.38,37.09,56.26,Run_02138
3.5,0.4,50,1.0,False,True,33.76,125.81,190.87,Run_02139
3.5,0.4,50,1.0,False,False,31.34,42.54,64.54,Run_02140
3.5,0.4,50,2.0,True,True,34.16,104.36,158.33,Run_02141
3.5,0.4,50,2.0,True,False,31.50,35.27,53.57,Run_02142
3.5,0.4,50,2.0,False,True,33.76,125.81,190.87,Run_02143
3.5,0.4,50,2.0,False,False,31.34,42.54,64.54,Run_02144
3.5,0.4,50,3.0,True,True,34.08,101.45,153.91,Run_02145
3.5,0.4,50,3.0,True,False,31.67,32.73,49.70,Run_02146
3.5,0.4,50,3.0,False,True,33.76,125.81,190.87,Run_02147
3.5,0.4,50,3.0,False,False,31.34,42.54,64.54,Run_02148
3.5,0.4,60,1.0,True,True,34.10,110.18,167.14,Run_02149
3.5,0.4,60,1.0,True,False,31.56,39.27,59.57,Run_02150
3.5,0.4,60,1.0,False,True,33.60,126.18,191.42,Run_02151
3.5,0.4,60,1.0,False,False,31.53,44.73,67.85,Run_02152
3.5,0.4,60,2.0,True,True,34.02,104.72,158.88,Run_02153
3.5,0.4,60,2.0,True,False,31.75,36.73,55.78,Run_02154
3.5,0.4,60,2.0,False,True,33.60,126.18,191.42,Run_02155
3.5,0.4,60,2.0,False,False,31.53,44.73,67.85,Run_02156
3.5,0.4,60,3.0,True,True,33.96,101.81,154.46,Run_02157
3.5,0.4,60,3.0,True,False,31.85,34.54,52.47,Run_02158
3.5,0.4,60,3.0,False,True,33.60,126.18,191.42,Run_02159
3.5,0.4,60,3.0,False,False,31.53,44.73,67.85,Run_02160
3.5,0.4,70,1.0,True,True,34.13,110.54,167.69,Run_02161
3.5,0.4,70,1.0,True,False,32.07,39.27,59.57,Run_02162
3.5,0.4,70,1.0,False,True,33.65,125.81,190.87,Run_02163
3.5,0.4,70,1.0,False,False,31.98,44.73,67.85,Run_02164
3.5,0.4,70,2.0,True,True,34.13,104.00,157.78,Run_02165
3.5,0.4,70,2.0,True,False,32.30,36.00,54.67,Run_02166
3.5,0.4,70,2.0,False,True,33.65,125.81,190.87,Run_02167
3.5,0.4,70,2.0,False,False,31.98,44.73,67.85,Run_02168
3.5,0.4,70,3.0,True,True,33.90,101.09,153.36,Run_02169
3.5,0.4,70,3.0,True,False,32.29,35.63,54.12,Run_02170
3.5,0.4,70,3.0,False,True,33.65,125.81,190.87,Run_02171
3.5,0.4,70,3.0,False,False,31.98,44.73,67.85,Run_02172
3.5,0.4,80,1.0,True,True,34.12,110.54,167.69,Run_02173
3.5,0.4,80,1.0,True,False,32.26,43.27,65.64,Run_02174
3.5,0.4,80,1.0,False,True,33.65,126.18,191.42,Run_02175
3.5,0.4,80,1.0,False,False,32.16,49.09,74.47,Run_02176
3.5,0.4,80,2.0,True,True,34.08,104.00,157.78,Run_02177
3.5,0.4,80,2.0,True,False,32.47,40.36,61.30,Run_02178
3.5,0.4,80,2.0,False,True,33.65,126.18,191.42,Run_02179
3.5,0.4,80,2.0,False,False,32.16,49.09,74.47,Run_02180
3.5,0.4,80,3.0,True,True,33.87,101.09,153.36,Run_02181
3.5,0.4,80,3.0,True,False,32.45,39.63,60.20,Run_02182
3.5,0.4,80,3.0,False,True,33.65,126.18,191.42,Run_02183
3.5,0.4,80,3.0,False,False,32.16,49.09,74.47,Run_02184
3.5,0.5,20,1.0,True,True,34.83,109.81,166.58,Run_02185
3.5,0.5,20,1.0,True,False,29.75,23.64,36.04,Run_02186
3.5,0.5,20,1.0,False,True,34.44,123.27,187.01,Run_02187
3.5,0.5,20,1.0,False,False,29.71,28.00,42.70,Run_02188
3.5,0.5,20,2.0,True,True,34.64,102.54,155.57,Run_02189
3.5,0.5,20,2.0,True,False,29.88,21.82,33.28,Run_02190
3.5,0.5,20,2.0,False,True,34.44,123.27,187.01,Run_02191
3.5,0.5,20,2.0,False,False,29.71,28.00,42.70,Run_02192
3.5,0.5,20,3.0,True,True,34.51,100.00,151.70,Run_02193
3.5,0.5,20,3.0,True,False,30.02,21.45,32.73,Run_02194
3.5,0.5,20,3.0,False,True,34.44,123.27,187.01,Run_02195
3.5,0.5,20,3.0,False,False,29.71,28.00,42.70,Run_02196
3.5,0.5,30,1.0,True,True,34.46,110.18,167.14,Run_02197
3.5,0.5,30,1.0,True,False,30.19,26.91,40.82,Run_02198
3.5,0.5,30,1.0,False,True,34.04,123.63,187.56,Run_02199
3.5,0.5,30,1.0,False,False,30.09,31.64,47.99,Run_02200
3.5,0.5,30,2.0,True,True,34.27,103.27,156.68,Run_02201
3.5,0.5,30,2.0,True,False,30.24,25.82,39.21,Run_02202
3.5,0.5,30,2.0,False,True,34.04,123.63,187.56,Run_02203
3.5,0.5,30,2.0,False,False,30.09,31.64,47.99,Run_02204
3.5,0.5,30,3.0,True,True,34.18,100.72,152.81,Run_02205
3.5,0.5,30,3.0,True,False,30.32,25.45,38.66,Run_02206
3.5,0.5,30,3.0,False,True,34.04,123.63,187.56,Run_02207
3.5,0.5,30,3.0,False,False,30.09,31.64,47.99,Run_02208
3.5,0.5,40,1.0,True,True,34.28,110.54,167.69,Run_02209
3.5,0.5,40,1.0,True,False,30.43,30.18,45.78,Run_02210
3.5,0.5,40,1.0,False,True,33.79,123.63,187.56,Run_02211
3.5,0.5,40,1.0,False,False,30.34,34.18,51.85,Run_02212
3.5,0.5,40,2.0,True,True,34.21,104.00,157.78,Run_02213
3.5,0.5,40,2.0,True,False,30.48,28.73,43.63,Run_02214
3.5,0.5,40,2.0,False,True,33.79,123.63,187.56,Run_02215
3.5,0.5,40,2.0,False,False,30.34,34.18,51.85,Run_02216
3.5,0.5,40,3.0,True,True,34.19,100.72,152.81,Run_02217
3.5,0.5,40,3.0,True,False,30.53,27.64,41.97,Run_02218
3.5,0.5,40,3.0,False,True,33.79,123.63,187.56,Run_02219
3.5,0.5,40,3.0,False,False,30.34,34.18,51.85,Run_02220
3.5,0.5,50,1.0,True,True,34.27,110.54,167.69,Run_02221
3.5,0.5,50,1.0,True,False,30.75,33.45,50.75,Run_02222
3.5,0.5,50,1.0,False,True,33.82,124.36,188.66,Run_02223
3.5,0.5,50,1.0,False,False,30.70,37.09,56.27,Run_02224
3.5,0.5,50,2.0,True,True,34.21,104.36,158.33,Run_02225
3.5,0.5,50,2.0,True,False,30.85,31.64,48.05,Run_02226
3.5,0.5,50,2.0,False,True,33.82,124.36,188.66,Run_02227
3.5,0.5,50,2.0,False,False,30.70,37.09,56.27,Run_02228
3.5,0.5,50,3.0,True,True,34.18,101.09,153.36,Run_02229
3.5,0.5,50,3.0,True,False,30.98,30.91,46.94,Run_02230
3.5,0.5,50,3.0,False,True,33.82,124.36,188.66,Run_02231
3.5,0.5,50,3.0,False,False,30.70,37.09,56.27,Run_02232
3.5,0.5,60,1.0,True,True,34.20,109.81,166.58,Run_02233
3.5,0.5,60,1.0,True,False,30.97,34.91,52.95,Run_02234
3.5,0.5,60,1.0,False,True,33.69,123.99,188.11,Run_02235
3.5,0.5,60,1.0,False,False,30.94,39.63,60.13,Run_02236
3.5,0.5,60,2.0,True,True,34.11,103.63,157.23,Run_02237
3.5,0.5,60,2.0,True,False,31.16,33.09,50.25,Run_02238
3.5,0.5,60,2.0,False,True,33.69,123.99,188.11,Run_02239
3.5,0.5,60,2.0,False,False,30.94,39.63,60.13,Run_02240
3.5,0.5,60,3.0,True,True,33.99,101.81,154.46,Run_02241
3.5,0.5,60,3.0,True,False,31.23,32.36,49.15,Run_02242
3.5,0.5,60,3.0,False,True,33.69,123.99,188.11,Run_02243
3.5,0.5,60,3.0,False,False,30.94,39.63,60.13,Run_02244
3.5,0.5,70,1.0,True,True,34.04,110.18,167.14,Run_02245
3.5,0.5,70,1.0,True,False,31.14,34.91,52.95,Run_02246
3.5,0.5,70,1.0,False,True,33.53,124.36,188.66,Run_02247
3.5,0.5,70,1.0,False,False,31.07,40.00,60.68,Run_02248
3.5,0.5,70,2.0,True,True,34.01,104.36,158.33,Run_02249
3.5,0.5,70,2.0,True,False,31.32,33.45,50.81,Run_02250
3.5,0.5,70,2.0,False,True,33.53,124.36,188.66,Run_02251
3.5,0.5,70,2.0,False,False,31.07,40.00,60.68,Run_02252
3.5,0.5,70,3.0,True,True,33.80,101.81,154.46,Run_02253
3.5,0.5,70,3.0,True,False,31.31,33.09,50.26,Run_02254
3.5,0.5,70,3.0,False,True,33.53,124.36,188.66,Run_02255
3.5,0.5,70,3.0,False,False,31.07,40.00,60.68,Run_02256
3.5,0.5,80,1.0,True,True,34.00,110.18,167.14,Run_02257
3.5,0.5,80,1.0,True,False,31.24,36.73,55.71,Run_02258
3.5,0.5,80,1.0,False,True,33.49,123.99,188.11,Run_02259
3.5,0.5,80,1.0,False,False,31.19,41.82,63.44,Run_02260
3.5,0.5,80,2.0,True,True,33.97,104.00,157.78,Run_02261
3.5,0.5,80,2.0,True,False,31.37,34.91,53.02,Run_02262
3.5,0.5,80,2.0,False,True,33.49,123.99,188.11,Run_02263
3.5,0.5,80,2.0,False,False,31.19,41.82,63.44,Run_02264
3.5,0.5,80,3.0,True,True,33.79,101.45,153.91,Run_02265
3.5,0.5,80,3.0,True,False,31.30,34.54,52.47,Run_02266
3.5,0.5,80,3.0,False,True,33.49,123.99,188.11,Run_02267
3.5,0.5,80,3.0,False,False,31.19,41.82,63.44,Run_02268
3.5,0.6,20,1.0,True,True,34.90,109.45,166.03,Run_02269
3.5,0.6,20,1.0,True,False,29.67,22.18,33.83,Run_02270
3.5,0.6,20,1.0,False,True,34.51,122.54,185.90,Run_02271
3.5,0.6,20,1.0,False,False,29.60,26.54,40.48,Run_02272
3.5,0.6,20,2.0,True,True,34.70,102.90,156.12,Run_02273
3.5,0.6,20,2.0,True,False,29.74,20.00,30.51,Run_02274
3.5,0.6,20,2.0,False,True,34.51,122.54,185.90,Run_02275
3.5,0.6,20,2.0,False,False,29.60,26.54,40.48,Run_02276
3.5,0.6,20,3.0,True,True,34.64,100.00,151.70,Run_02277
3.5,0.6,20,3.0,True,False,29.94,19.64,29.95,Run_02278
3.5,0.6,20,3.0,False,True,34.51,122.54,185.90,Run_02279
3.5,0.6,20,3.0,False,False,29.60,26.54,40.48,Run_02280
3.5,0.6,30,1.0,True,True,34.61,109.09,165.48,Run_02281
3.5,0.6,30,1.0,True,False,30.15,24.73,37.51,Run_02282
3.5,0.6,30,1.0,False,True,34.22,122.54,185.90,Run_02283
3.5,0.6,30,1.0,False,False,30.06,28.73,43.58,Run_02284
3.5,0.6,30,2.0,True,True,34.40,102.90,156.12,Run_02285
3.5,0.6,30,2.0,True,False,30.16,23.64,35.90,Run_02286
3.5,0.6,30,2.0,False,True,34.22,122.54,185.90,Run_02287
3.5,0.6,30,2.0,False,False,30.06,28.73,43.58,Run_02288
3.5,0.6,30,3.0,True,True,34.29,100.00,151.70,Run_02289
3.5,0.6,30,3.0,True,False,30.18,22.54,34.24,Run_02290
3.5,0.6,30,3.0,False,True,34.22,122.54,185.90,Run_02291
3.5,0.6,30,3.0,False,False,30.06,28.73,43.58,Run_02292
3.5,0.6,40,1.0,True,True,34.19,108.72,164.93,Run_02293
3.5,0.6,40,1.0,True,False,30.27,28.00,42.47,Run_02294
3.5,0.6,40,1.0,False,True,33.80,121.45,184.25,Run_02295
3.5,0.6,40,1.0,False,False,30.18,32.36,49.10,Run_02296
3.5,0.6,40,2.0,True,True,34.01,102.54,155.57,Run_02297
3.5,0.6,40,2.0,True,False,30.29,26.54,40.31,Run_02298
3.5,0.6,40,2.0,False,True,33.80,121.45,184.25,Run_02299
3.5,0.6,40,2.0,False,False,30.18,32.36,49.10,Run_02300
3.5,0.6,40,3.0,True,True,33.93,99.27,150.60,Run_02301
3.5,0.6,40,3.0,True,False,30.36,25.82,39.21,Run_02302
3.5,0.6,40,3.0,False,True,33.80,121.45,184.25,Run_02303
3.5,0.6,40,3.0,False,False,30.18,32.36,49.10,Run_02304
3.5,0.6,50,1.0,True,True,34.19,108.36,164.38,Run_02305
3.5,0.6,50,1.0,True,False,30.55,30.54,46.33,Run_02306
3.5,0.6,50,1.0,False,True,33.79,121.45,184.25,Run_02307
3.5,0.6,50,1.0,False,False,30.50,34.18,51.85,Run_02308
3.5,0.6,50,2.0,True,True,34.08,102.54,155.57,Run_02309
3.5,0.6,50,2.0,True,False,30.62,28.73,43.63,Run_02310
3.5,0.6,50,2.0,False,True,33.79,121.45,184.25,Run_02311
3.5,0.6,50,2.0,False,False,30.50,34.18,51.85,Run_02312
3.5,0.6,50,3.0,True,True,34.04,99.63,151.15,Run_02313
3.5,0.6,50,3.0,True,False,30.68,28.36,43.08,Run_02314
3.5,0.6,50,3.0,False,True,33.79,121.45,184.25,Run_02315
3.5,0.6,50,3.0,False,False,30.50,34.18,51.85,Run_02316
3.5,0.6,60,1.0,True,True,34.09,108.72,164.93,Run_02317
3.5,0.6,60,1.0,True,False,30.75,32.73,49.64,Run_02318
3.5,0.6,60,1.0,False,True,33.67,122.54,185.90,Run_02319
3.5,0.6,60,1.0,False,False,30.70,37.45,56.82,Run_02320
3.5,0.6,60,2.0,True,True,33.98,102.54,155.57,Run_02321
3.5,0.6,60,2.0,True,False,30.83,30.91,46.94,Run_02322
3.5,0.6,60,2.0,False,True,33.67,122.54,185.90,Run_02323
3.5,0.6,60,2.0,False,False,30.70,37.45,56.82,Run_02324
3.5,0.6,60,3.0,True,True,33.89,100.72,152.81,Run_02325
3.5,0.6,60,3.0,True,False,30.81,30.18,45.84,Run_02326
3.5,0.6,60,3.0,False,True,33.67,122.54,185.90,Run_02327
3.5,0.6,60,3.0,False,False,30.70,37.45,56.82,Run_02328
3.5,0.6,70,1.0,True,True,34.07,109.09,165.48,Run_02329
3.5,0.6,70,1.0,True,False,31.03,32.73,49.64,Run_02330
3.5,0.6,70,1.0,False,True,33.68,122.54,185.90,Run_02331
3.5,0.6,70,1.0,False,False,31.02,37.82,57.37,Run_02332
3.5,0.6,70,2.0,True,True,34.07,102.90,156.12,Run_02333
3.5,0.6,70,2.0,True,False,31.11,31.27,47.49,Run_02334
3.5,0.6,70,2.0,False,True,33.68,122.54,185.90,Run_02335
3.5,0.6,70,2.0,False,False,31.02,37.82,57.37,Run_02336
3.5,0.6,70,3.0,True,True,33.88,100.72,152.81,Run_02337
3.5,0.6,70,3.0,True,False,31.04,30.54,46.39,Run_02338
3.5,0.6,70,3.0,False,True,33.68,122.54,185.90,Run_02339
3.5,0.6,70,3.0,False,False,31.02,37.82,57.37,Run_02340
3.5,0.6,80,1.0,True,True,34.07,109.09,165.48,Run_02341
3.5,0.6,80,1.0,True,False,31.22,34.91,52.95,Run_02342
3.5,0.6,80,1.0,False,True,33.66,122.54,185.90,Run_02343
3.5,0.6,80,1.0,False,False,31.22,40.36,61.23,Run_02344
3.5,0.6,80,2.0,True,True,34.00,102.90,156.12,Run_02345
3.5,0.6,80,2.0,True,False,31.29,33.45,50.81,Run_02346
3.5,0.6,80,2.0,False,True,33.66,122.54,185.90,Run_02347
3.5,0.6,80,2.0,False,False,31.22,40.36,61.23,Run_02348
3.5,0.6,80,3.0,True,True,33.86,100.72,152.81,Run_02349
3.5,0.6,80,3.0,True,False,31.22,32.73,49.70,Run_02350
3.5,0.6,80,3.0,False,True,33.66,122.54,185.90,Run_02351
3.5,0.6,80,3.0,False,False,31.22,40.36,61.23,Run_02352
4.0,0.05,20,1.0,True,True,32.15,97.09,147.31,Run_02353
4.0,0.05,20,1.0,True,False,35.20,100.72,153.05,Run_02354
4.0,0.05,20,1.0,False,True,32.19,113.81,172.67,Run_02355
4.0,0.05,20,1.0,False,False,35.42,117.45,178.51,Run_02356
4.0,0.05,20,2.0,True,True,32.10,90.54,137.39,Run_02357
4.0,0.05,20,2.0,True,False,35.22,93.09,141.46,Run_02358
4.0,0.05,20,2.0,False,True,32.19,113.81,172.67,Run_02359
4.0,0.05,20,2.0,False,False,35.42,117.45,178.51,Run_02360
4.0,0.05,20,3.0,True,True,31.51,88.36,134.09,Run_02361
4.0,0.05,20,3.0,True,False,34.72,89.45,135.95,Run_02362
4.0,0.05,20,3.0,False,True,32.19,113.81,172.67,Run_02363
4.0,0.05,20,3.0,False,False,35.42,117.45,178.51,Run_02364
4.0,0.05,30,1.0,True,True,31.86,97.09,147.31,Run_02365
4.0,0.05,30,1.0,True,False,34.62,100.72,152.83,Run_02366
4.0,0.05,30,1.0,False,True,31.95,112.72,171.02,Run_02367
4.0,0.05,30,1.0,False,False,34.86,115.63,175.43,Run_02368
4.0,0.05,30,2.0,True,True,31.75,90.91,137.94,Run_02369
4.0,0.05,30,2.0,True,False,34.63,94.18,142.91,Run_02370
4.0,0.05,30,2.0,False,True,31.95,112.72,171.02,Run_02371
4.0,0.05,30,2.0,False,False,34.86,115.63,175.43,Run_02372
4.0,0.05,30,3.0,True,True,31.31,88.72,134.65,Run_02373
4.0,0.05,30,3.0,True,False,34.10,90.91,137.96,Run_02374
4.0,0.05,30,3.0,False,True,31.95,112.72,171.02,Run_02375
4.0,0.05,30,3.0,False,False,34.86,115.63,175.43,Run_02376
4.0,0.05,40,1.0,True,True,31.69,97.09,147.31,Run_02377
4.0,0.05,40,1.0,True,False,34.14,100.36,152.27,Run_02378
4.0,0.05,40,1.0,False,True,31.80,112.72,171.02,Run_02379
4.0,0.05,40,1.0,False,False,34.39,114.18,173.22,Run_02380
4.0,0.05,40,2.0,True,True,31.64,90.91,137.94,Run_02381
4.0,0.05,40,2.0,True,False,34.13,94.18,142.91,Run_02382
4.0,0.05,40,2.0,False,True,31.80,112.72,171.02,Run_02383
4.0,0.05,40,2.0,False,False,34.39,114.18,173.22,Run_02384
4.0,0.05,40,3.0,True,True,31.16,88.72,134.65,Run_02385
4.0,0.05,40,3.0,True,False,33.79,91.63,139.06,Run_02386
4.0,0.05,40,3.0,False,True,31.80,112.72,171.02,Run_02387
4.0,0.05,40,3.0,False,False,34.39,114.18,173.22,Run_02388
4.0,0.05,50,1.0,True,True,31.44,96.72,146.76,Run_02389
4.0,0.05,50,1.0,True,False,33.55,98.91,150.07,Run_02390
4.0,0.05,50,1.0,False,True,31.52,112.72,171.02,Run_02391
4.0,0.05,50,1.0,False,False,33.85,114.18,173.22,Run_02392
4.0,0.05,50,2.0,True,True,31.42,90.54,137.39,Run_02393
4.0,0.05,50,2.0,True,False,33.54,92.72,140.70,Run_02394
4.0,0.05,50,2.0,False,True,31.52,112.72,171.02,Run_02395
4.0,0.05,50,2.0,False,False,33.85,114.18,173.22,Run_02396
4.0,0.05,50,3.0,True,True,30.99,88.36,134.09,Run_02397
4.0,0.05,50,3.0,True,False,33.19,90.54,137.41,Run_02398
4.0,0.05,50,3.0,False,True,31.52,112.72,171.02,Run_02399
4.0,0.05,50,3.0,False,False,33.85,114.18,173.22,Run_02400
4.0,0.05,60,1.0,True,True,31.41,97.09,147.31,Run_02401
4.0,0.05,60,1.0,True,False,33.42,99.27,150.62,Run_02402
4.0,0.05,60,1.0,False,True,31.47,113.09,171.57,Run_02403
4.0,0.05,60,1.0,False,False,33.61,114.54,173.77,Run_02404
4.0,0.05,60,2.0,True,True,31.40,90.91,137.94,Run_02405
4.0,0.05,60,2.0,True,False,33.41,93.09,141.25,Run_02406
4.0,0.05,60,2.0,False,True,31.47,113.09,171.57,Run_02407
4.0,0.05,60,2.0,False,False,33.61,114.54,173.77,Run_02408
4.0,0.05,60,3.0,True,True,31.02,88.72,134.65,Run_02409
4.0,0.05,60,3.0,True,False,33.10,90.91,137.96,Run_02410
4.0,0.05,60,3.0,False,True,31.47,113.09,171.57,Run_02411
4.0,0.05,60,3.0,False,False,33.61,114.54,173.77,Run_02412
4.0,0.05,70,1.0,True,True,31.06,97.09,147.31,Run_02413
4.0,0.05,70,1.0,True,False,32.58,98.91,150.07,Run_02414
4.0,0.05,70,1.0,False,True,31.13,113.09,171.57,Run_02415
4.0,0.05,70,1.0,False,False,32.85,116.00,175.98,Run_02416
4.0,0.05,70,2.0,True,True,31.03,90.91,137.94,Run_02417
4.0,0.05,70,2.0,True,False,32.56,92.72,140.70,Run_02418
4.0,0.05,70,2.0,False,True,31.13,113.09,171.57,Run_02419
4.0,0.05,70,2.0,False,False,32.85,116.00,175.98,Run_02420
4.0,0.05,70,3.0,True,True,30.63,88.72,134.65,Run_02421
4.0,0.05,70,3.0,True,False,32.21,90.54,137.41,Run_02422
4.0,0.05,70,3.0,False,True,31.13,113.09,171.57,Run_02423
4.0,0.05,70,3.0,False,False,32.85,116.00,175.98,Run_02424
4.0,0.05,80,1.0,True,True,30.92,97.09,147.31,Run_02425
4.0,0.05,80,1.0,True,False,32.51,98.91,150.07,Run_02426
4.0,0.05,80,1.0,False,True,30.99,113.09,171.57,Run_02427
4.0,0.05,80,1.0,False,False,32.73,115.63,175.43,Run_02428
4.0,0.05,80,2.0,True,True,30.90,90.91,137.94,Run_02429
4.0,0.05,80,2.0,True,False,32.49,92.72,140.70,Run_02430
4.0,0.05,80,2.0,False,True,30.99,113.09,171.57,Run_02431
4.0,0.05,80,2.0,False,False,32.73,115.63,175.43,Run_02432
4.0,0.05,80,3.0,True,True,30.52,88.72,134.65,Run_02433
4.0,0.05,80,3.0,True,False,32.09,90.54,137.41,Run_02434
4.0,0.05,80,3.0,False,True,30.99,113.09,171.57,Run_02435
4.0,0.05,80,3.0,False,False,32.73,115.63,175.43,Run_02436
4.0,0.1,20,1.0,True,True,33.02,99.63,151.17,Run_02437
4.0,0.1,20,1.0,True,False,36.45,84.36,128.19,Run_02438
4.0,0.1,20,1.0,False,True,32.97,114.18,173.22,Run_02439
4.0,0.1,20,1.0,False,False,36.52,97.45,148.11,Run_02440
4.0,0.1,20,2.0,True,True,32.98,93.81,142.36,Run_02441
4.0,0.1,20,2.0,True,False,36.42,78.18,118.80,Run_02442
4.0,0.1,20,2.0,False,True,32.97,114.18,173.22,Run_02443
4.0,0.1,20,2.0,False,False,36.52,97.45,148.11,Run_02444
4.0,0.1,20,3.0,True,True,32.53,90.54,137.41,Run_02445
4.0,0.1,20,3.0,True,False,36.03,76.72,116.61,Run_02446
4.0,0.1,20,3.0,False,True,32.97,114.18,173.22,Run_02447
4.0,0.1,20,3.0,False,False,36.52,97.45,148.11,Run_02448
4.0,0.1,30,1.0,True,True,32.93,98.91,150.07,Run_02449
4.0,0.1,30,1.0,True,False,37.06,90.91,137.93,Run_02450
4.0,0.1,30,1.0,False,True,32.95,113.09,171.57,Run_02451
4.0,0.1,30,1.0,False,False,37.13,105.45,159.98,Run_02452
4.0,0.1,30,2.0,True,True,32.98,93.45,141.81,Run_02453
4.0,0.1,30,2.0,True,False,37.13,83.27,126.36,Run_02454
4.0,0.1,30,2.0,False,True,32.95,113.09,171.57,Run_02455
4.0,0.1,30,2.0,False,False,37.13,105.45,159.98,Run_02456
4.0,0.1,30,3.0,True,True,32.50,90.91,137.96,Run_02457
4.0,0.1,30,3.0,True,False,36.58,81.09,123.06,Run_02458
4.0,0.1,30,3.0,False,True,32.95,113.09,171.57,Run_02459
4.0,0.1,30,3.0,False,False,37.13,105.45,159.98,Run_02460
4.0,0.1,40,1.0,True,True,33.13,99.27,150.62,Run_02461
4.0,0.1,40,1.0,True,False,37.42,92.36,140.14,Run_02462
4.0,0.1,40,1.0,False,True,33.04,113.81,172.67,Run_02463
4.0,0.1,40,1.0,False,False,37.60,108.00,163.84,Run_02464
4.0,0.1,40,2.0,True,True,33.13,93.09,141.25,Run_02465
4.0,0.1,40,2.0,True,False,37.46,86.18,130.77,Run_02466
4.0,0.1,40,2.0,False,True,33.04,113.81,172.67,Run_02467
4.0,0.1,40,2.0,False,False,37.60,108.00,163.84,Run_02468
4.0,0.1,40,3.0,True,True,32.66,90.91,137.96,Run_02469
4.0,0.1,40,3.0,True,False,36.81,84.36,128.02,Run_02470
4.0,0.1,40,3.0,False,True,33.04,113.81,172.67,Run_02471
4.0,0.1,40,3.0,False,False,37.60,108.00,163.84,Run_02472
4.0,0.1,50,1.0,True,True,32.98,98.54,149.52,Run_02473
4.0,0.1,50,1.0,True,False,37.74,92.00,139.58,Run_02474
4.0,0.1,50,1.0,False,True,32.97,113.45,172.12,Run_02475
4.0,0.1,50,1.0,False,False,37.97,105.45,159.98,Run_02476
4.0,0.1,50,2.0,True,True,32.96,92.72,140.70,Run_02477
4.0,0.1,50,2.0,True,False,37.71,86.18,130.77,Run_02478
4.0,0.1,50,2.0,False,True,32.97,113.45,172.12,Run_02479
4.0,0.1,50,2.0,False,False,37.97,105.45,159.98,Run_02480
4.0,0.1,50,3.0,True,True,32.45,90.54,137.41,Run_02481
4.0,0.1,50,3.0,True,False,37.12,83.27,126.37,Run_02482
4.0,0.1,50,3.0,False,True,32.97,113.45,172.12,Run_02483
4.0,0.1,50,3.0,False,False,37.97,105.45,159.98,Run_02484
4.0,0.1,60,1.0,True,True,33.06,97.81,148.41,Run_02485
4.0,0.1,60,1.0,True,False,38.34,94.18,142.89,Run_02486
4.0,0.1,60,1.0,False,True,33.10,112.72,171.02,Run_02487
4.0,0.1,60,1.0,False,False,38.65,106.90,162.19,Run_02488
4.0,0.1,60,2.0,True,True,33.10,92.00,139.60,Run_02489
4.0,0.1,60,2.0,True,False,38.39,88.36,134.08,Run_02490
4.0,0.1,60,2.0,False,True,33.10,112.72,171.02,Run_02491
4.0,0.1,60,2.0,False,False,38.65,106.90,162.19,Run_02492
4.0,0.1,60,3.0,True,True,32.53,89.81,136.30,Run_02493
4.0,0.1,60,3.0,True,False,37.64,85.09,129.13,Run_02494
4.0,0.1,60,3.0,False,True,33.10,112.72,171.02,Run_02495
4.0,0.1,60,3.0,False,False,38.65,106.90,162.19,Run_02496
4.0,0.1,70,1.0,True,True,32.98,97.45,147.86,Run_02497
4.0,0.1,70,1.0,True,False,38.41,95.27,144.55,Run_02498
4.0,0.1,70,1.0,False,True,33.03,112.00,169.91,Run_02499
4.0,0.1,70,1.0,False,False,38.71,107.63,163.29,Run_02500
4.0,0.1,70,2.0,True,True,33.00,91.63,139.05,Run_02501
4.0,0.1,70,2.0,True,False,38.38,89.09,135.18,Run_02502
4.0,0.1,70,2.0,False,True,33.03,112.00,169.91,Run_02503
4.0,0.1,70,2.0,False,False,38.71,107.63,163.29,Run_02504
4.0,0.1,70,3.0,True,True,32.46,89.45,135.75,Run_02505
4.0,0.1,70,3.0,True,False,37.71,85.81,130.23,Run_02506
4.0,0.1,70,3.0,False,True,33.03,112.00,169.91,Run_02507
4.0,0.1,70,3.0,False,False,38.71,107.63,163.29,Run_02508
4.0,0.1,80,1.0,True,True,33.18,97.81,148.41,Run_02509
4.0,0.1,80,1.0,True,False,38.78,98.18,148.96,Run_02510
4.0,0.1,80,1.0,False,True,33.23,113.09,171.57,Run_02511
4.0,0.1,80,1.0,False,False,39.12,111.27,168.81,Run_02512
4.0,0.1,80,2.0,True,True,33.20,92.00,139.60,Run_02513
4.0,0.1,80,2.0,True,False,38.77,92.72,140.70,Run_02514
4.0,0.1,80,2.0,False,True,33.23,113.09,171.57,Run_02515
4.0,0.1,80,2.0,False,False,39.12,111.27,168.81,Run_02516
4.0,0.1,80,3.0,True,True,32.63,89.81,136.30,Run_02517
4.0,0.1,80,3.0,True,False,38.12,89.81,136.30,Run_02518
4.0,0.1,80,3.0,False,True,33.23,113.09,171.57,Run_02519
4.0,0.1,80,3.0,False,False,39.12,111.27,168.81,Run_02520
4.0,0.2,20,1.0,True,True,34.10,102.90,156.14,Run_02521
4.0,0.2,20,1.0,True,False,33.08,49.45,75.16,Run_02522
4.0,0.2,20,1.0,False,True,33.93,114.90,174.33,Run_02523
4.0,0.2,20,1.0,False,False,33.34,54.91,83.44,Run_02524
4.0,0.2,20,2.0,True,True,34.02,96.72,146.77,Run_02525
4.0,0.2,20,2.0,True,False,33.15,45.09,68.53,Run_02526
4.0,0.2,20,2.0,False,True,33.93,114.90,174.33,Run_02527
4.0,0.2,20,2.0,False,False,33.34,54.91,83.44,Run_02528
4.0,0.2,20,3.0,True,True,33.59,93.81,142.37,Run_02529
4.0,0.2,20,3.0,True,False,33.14,42.54,64.67,Run_02530
4.0,0.2,20,3.0,False,True,33.93,114.90,174.33,Run_02531
4.0,0.2,20,3.0,False,False,33.34,54.91,83.44,Run_02532
4.0,0.2,30,1.0,True,True,33.79,101.81,154.48,Run_02533
4.0,0.2,30,1.0,True,False,33.82,56.00,84.96,Run_02534
4.0,0.2,30,1.0,False,True,33.66,112.72,171.02,Run_02535
4.0,0.2,30,1.0,False,False,34.12,61.82,93.78,Run_02536
4.0,0.2,30,2.0,True,True,33.82,95.63,145.12,Run_02537
4.0,0.2,30,2.0,True,False,33.97,51.27,77.80,Run_02538
4.0,0.2,30,2.0,False,True,33.66,112.72,171.02,Run_02539
4.0,0.2,30,2.0,False,False,34.12,61.82,93.78,Run_02540
4.0,0.2,30,3.0,True,True,33.38,92.00,139.61,Run_02541
4.0,0.2,30,3.0,True,False,33.79,49.45,75.05,Run_02542
4.0,0.2,30,3.0,False,True,33.66,112.72,171.02,Run_02543
4.0,0.2,30,3.0,False,False,34.12,61.82,93.78,Run_02544
4.0,0.2,40,1.0,True,True,33.74,100.72,152.83,Run_02545
4.0,0.2,40,1.0,True,False,34.82,63.63,96.55,Run_02546
4.0,0.2,40,1.0,False,True,33.62,113.45,172.12,Run_02547
4.0,0.2,40,1.0,False,False,35.06,69.09,104.82,Run_02548
4.0,0.2,40,2.0,True,True,33.76,94.91,144.01,Run_02549
4.0,0.2,40,2.0,True,False,34.91,59.27,89.94,Run_02550
4.0,0.2,40,2.0,False,True,33.62,113.45,172.12,Run_02551
4.0,0.2,40,2.0,False,False,35.06,69.09,104.82,Run_02552
4.0,0.2,40,3.0,True,True,33.36,91.63,139.06,Run_02553
4.0,0.2,40,3.0,True,False,34.96,57.09,86.64,Run_02554
4.0,0.2,40,3.0,False,True,33.62,113.45,172.12,Run_02555
4.0,0.2,40,3.0,False,False,35.06,69.09,104.82,Run_02556
4.0,0.2,50,1.0,True,True,33.76,98.91,150.07,Run_02557
4.0,0.2,50,1.0,True,False,35.25,66.18,100.41,Run_02558
4.0,0.2,50,1.0,False,True,33.65,112.00,169.91,Run_02559
4.0,0.2,50,1.0,False,False,35.39,72.00,109.23,Run_02560
4.0,0.2,50,2.0,True,True,33.78,93.81,142.36,Run_02561
4.0,0.2,50,2.0,True,False,35.30,61.82,93.80,Run_02562
4.0,0.2,50,2.0,False,True,33.65,112.00,169.91,Run_02563
4.0,0.2,50,2.0,False,False,35.39,72.00,109.23,Run_02564
4.0,0.2,50,3.0,True,True,33.44,90.91,137.96,Run_02565
4.0,0.2,50,3.0,True,False,35.17,60.00,91.05,Run_02566
4.0,0.2,50,3.0,False,True,33.65,112.00,169.91,Run_02567
4.0,0.2,50,3.0,False,False,35.39,72.00,109.23,Run_02568
4.0,0.2,60,1.0,True,True,33.75,98.91,150.07,Run_02569
4.0,0.2,60,1.0,True,False,35.97,70.18,106.48,Run_02570
4.0,0.2,60,1.0,False,True,33.65,112.36,170.46,Run_02571
4.0,0.2,60,1.0,False,False,36.16,77.09,116.95,Run_02572
4.0,0.2,60,2.0,True,True,33.81,93.81,142.36,Run_02573
4.0,0.2,60,2.0,True,False,36.11,65.82,99.87,Run_02574
4.0,0.2,60,2.0,False,True,33.65,112.36,170.46,Run_02575
4.0,0.2,60,2.0,False,False,36.16,77.09,116.95,Run_02576
4.0,0.2,60,3.0,True,True,33.42,90.91,137.96,Run_02577
4.0,0.2,60,3.0,True,False,36.13,64.36,97.67,Run_02578
4.0,0.2,60,3.0,False,True,33.65,112.36,170.46,Run_02579
4.0,0.2,60,3.0,False,False,36.16,77.09,116.95,Run_02580
4.0,0.2,70,1.0,True,True,33.59,98.54,149.52,Run_02581
4.0,0.2,70,1.0,True,False,36.29,72.36,109.79,Run_02582
4.0,0.2,70,1.0,False,True,33.60,111.63,169.36,Run_02583
4.0,0.2,70,1.0,False,False,36.64,80.36,121.92,Run_02584
4.0,0.2,70,2.0,True,True,33.67,93.45,141.81,Run_02585
4.0,0.2,70,2.0,True,False,36.32,68.36,103.73,Run_02586
4.0,0.2,70,2.0,False,True,33.60,111.63,169.36,Run_02587
4.0,0.2,70,2.0,False,False,36.64,80.36,121.92,Run_02588
4.0,0.2,70,3.0,True,True,33.35,90.54,137.41,Run_02589
4.0,0.2,70,3.0,True,False,36.26,66.91,101.54,Run_02590
4.0,0.2,70,3.0,False,True,33.60,111.63,169.36,Run_02591
4.0,0.2,70,3.0,False,False,36.64,80.36,121.92,Run_02592
4.0,0.2,80,1.0,True,True,33.52,98.18,148.96,Run_02593
4.0,0.2,80,1.0,True,False,36.63,74.54,113.10,Run_02594
4.0,0.2,80,1.0,False,True,33.52,112.00,169.91,Run_02595
4.0,0.2,80,1.0,False,False,37.04,83.27,126.33,Run_02596
4.0,0.2,80,2.0,True,True,33.58,92.72,140.70,Run_02597
4.0,0.2,80,2.0,True,False,36.70,70.54,107.04,Run_02598
4.0,0.2,80,2.0,False,True,33.52,112.00,169.91,Run_02599
4.0,0.2,80,2.0,False,False,37.04,83.27,126.33,Run_02600
4.0,0.2,80,3.0,True,True,33.30,89.81,136.30,Run_02601
4.0,0.2,80,3.0,True,False,36.52,68.72,104.30,Run_02602
4.0,0.2,80,3.0,False,True,33.52,112.00,169.91,Run_02603
4.0,0.2,80,3.0,False,False,37.04,83.27,126.33,Run_02604
4.0,0.3,20,1.0,True,True,34.40,101.81,154.48,Run_02605
4.0,0.3,20,1.0,True,False,30.93,29.82,45.30,Run_02606
4.0,0.3,20,1.0,False,True,34.21,113.45,172.12,Run_02607
4.0,0.3,20,1.0,False,False,31.19,34.54,52.48,Run_02608
4.0,0.3,20,2.0,True,True,34.46,95.63,145.12,Run_02609
4.0,0.3,20,2.0,True,False,30.99,27.64,41.99,Run_02610
4.0,0.3,20,2.0,False,True,34.21,113.45,172.12,Run_02611
4.0,0.3,20,2.0,False,False,31.19,34.54,52.48,Run_02612
4.0,0.3,20,3.0,True,True,34.03,92.36,140.16,Run_02613
4.0,0.3,20,3.0,True,False,31.10,27.27,41.45,Run_02614
4.0,0.3,20,3.0,False,True,34.21,113.45,172.12,Run_02615
4.0,0.3,20,3.0,False,False,31.19,34.54,52.48,Run_02616
4.0,0.3,30,1.0,True,True,34.15,103.27,156.69,Run_02617
4.0,0.3,30,1.0,True,False,31.77,33.45,50.76,Run_02618
4.0,0.3,30,1.0,False,True,34.00,113.45,172.12,Run_02619
4.0,0.3,30,1.0,False,False,31.97,37.09,56.27,Run_02620
4.0,0.3,30,2.0,True,True,34.17,96.00,145.67,Run_02621
4.0,0.3,30,2.0,True,False,31.88,32.00,48.56,Run_02622
4.0,0.3,30,2.0,False,True,34.00,113.45,172.12,Run_02623
4.0,0.3,30,2.0,False,False,31.97,37.09,56.27,Run_02624
4.0,0.3,30,3.0,True,True,33.88,93.09,141.27,Run_02625
4.0,0.3,30,3.0,True,False,32.05,30.91,46.91,Run_02626
4.0,0.3,30,3.0,False,True,34.00,113.45,172.12,Run_02627
4.0,0.3,30,3.0,False,False,31.97,37.09,56.27,Run_02628
4.0,0.3,40,1.0,True,True,33.94,102.90,156.14,Run_02629
4.0,0.3,40,1.0,True,False,32.09,38.91,59.03,Run_02630
4.0,0.3,40,1.0,False,True,33.81,113.45,172.12,Run_02631
4.0,0.3,40,1.0,False,False,32.23,43.27,65.65,Run_02632
4.0,0.3,40,2.0,True,True,33.93,95.63,145.12,Run_02633
4.0,0.3,40,2.0,True,False,32.20,36.36,55.18,Run_02634
4.0,0.3,40,2.0,False,True,33.81,113.45,172.12,Run_02635
4.0,0.3,40,2.0,False,False,32.23,43.27,65.65,Run_02636
4.0,0.3,40,3.0,True,True,33.58,91.63,139.06,Run_02637
4.0,0.3,40,3.0,True,False,32.29,35.63,54.08,Run_02638
4.0,0.3,40,3.0,False,True,33.81,113.45,172.12,Run_02639
4.0,0.3,40,3.0,False,False,32.23,43.27,65.65,Run_02640
4.0,0.3,50,1.0,True,True,34.22,103.27,156.69,Run_02641
4.0,0.3,50,1.0,True,False,32.89,43.63,66.21,Run_02642
4.0,0.3,50,1.0,False,True,33.99,113.45,172.12,Run_02643
4.0,0.3,50,1.0,False,False,33.04,47.63,72.27,Run_02644
4.0,0.3,50,2.0,True,True,34.19,95.63,145.12,Run_02645
4.0,0.3,50,2.0,True,False,33.06,40.36,61.25,Run_02646
4.0,0.3,50,2.0,False,True,33.99,113.45,172.12,Run_02647
4.0,0.3,50,2.0,False,False,33.04,47.63,72.27,Run_02648
4.0,0.3,50,3.0,True,True,33.91,92.36,140.16,Run_02649
4.0,0.3,50,3.0,True,False,33.14,39.63,60.15,Run_02650
4.0,0.3,50,3.0,False,True,33.99,113.45,172.12,Run_02651
4.0,0.3,50,3.0,False,False,33.04,47.63,72.27,Run_02652
4.0,0.3,60,1.0,True,True,34.01,102.18,155.03,Run_02653
4.0,0.3,60,1.0,True,False,33.54,46.54,70.62,Run_02654
4.0,0.3,60,1.0,False,True,33.79,112.72,171.02,Run_02655
4.0,0.3,60,1.0,False,False,33.51,50.91,77.23,Run_02656
4.0,0.3,60,2.0,True,True,33.97,94.91,144.01,Run_02657
4.0,0.3,60,2.0,True,False,33.61,43.27,65.66,Run_02658
4.0,0.3,60,2.0,False,True,33.79,112.72,171.02,Run_02659
4.0,0.3,60,2.0,False,False,33.51,50.91,77.23,Run_02660
4.0,0.3,60,3.0,True,True,33.57,91.63,139.06,Run_02661
4.0,0.3,60,3.0,True,False,33.71,41.82,63.46,Run_02662
4.0,0.3,60,3.0,False,True,33.79,112.72,171.02,Run_02663
4.0,0.3,60,3.0,False,False,33.51,50.91,77.23,Run_02664
4.0,0.3,70,1.0,True,True,33.96,101.45,153.93,Run_02665
4.0,0.3,70,1.0,True,False,33.90,48.73,73.93,Run_02666
4.0,0.3,70,1.0,False,True,33.77,112.72,171.02,Run_02667
4.0,0.3,70,1.0,False,False,33.74,53.45,81.09,Run_02668
4.0,0.3,70,2.0,True,True,33.93,94.18,142.91,Run_02669
4.0,0.3,70,2.0,True,False,33.96,45.09,68.42,Run_02670
4.0,0.3,70,2.0,False,True,33.77,112.72,171.02,Run_02671
4.0,0.3,70,2.0,False,False,33.74,53.45,81.09,Run_02672
4.0,0.3,70,3.0,True,True,33.61,91.63,139.06,Run_02673
4.0,0.3,70,3.0,True,False,34.09,43.27,65.67,Run_02674
4.0,0.3,70,3.0,False,True,33.77,112.72,171.02,Run_02675
4.0,0.3,70,3.0,False,False,33.74,53.45,81.09,Run_02676
4.0,0.3,80,1.0,True,True,33.91,102.18,155.03,Run_02677
4.0,0.3,80,1.0,True,False,34.07,53.45,81.10,Run_02678
4.0,0.3,80,1.0,False,True,33.77,113.45,172.12,Run_02679
4.0,0.3,80,1.0,False,False,33.94,58.54,88.82,Run_02680
4.0,0.3,80,2.0,True,True,33.87,94.54,143.46,Run_02681
4.0,0.3,80,2.0,True,False,34.13,49.45,75.04,Run_02682
4.0,0.3,80,2.0,False,True,33.77,113.45,172.12,Run_02683
4.0,0.3,80,2.0,False,False,33.94,58.54,88.82,Run_02684
4.0,0.3,80,3.0,True,True,33.53,92.00,139.61,Run_02685
4.0,0.3,80,3.0,True,False,34.21,47.63,72.29,Run_02686
4.0,0.3,80,3.0,False,True,33.77,113.45,172.12,Run_02687
4.0,0.3,80,3.0,False,False,33.94,58.54,88.82,Run_02688
4.0,0.4,20,1.0,True,True,34.54,101.09,153.38,Run_02689
4.0,0.4,20,1.0,True,False,29.99,23.64,36.35,Run_02690
4.0,0.4,20,1.0,False,True,34.38,111.63,169.36,Run_02691
4.0,0.4,20,1.0,False,False,29.91,27.27,41.93,Run_02692
4.0,0.4,20,2.0,True,True,34.61,94.18,142.91,Run_02693
4.0,0.4,20,2.0,True,False,30.11,21.45,32.99,Run_02694
4.0,0.4,20,2.0,False,True,34.38,111.63,169.36,Run_02695
4.0,0.4,20,2.0,False,False,29.91,27.27,41.93,Run_02696
4.0,0.4,20,3.0,True,True,34.39,92.36,140.16,Run_02697
4.0,0.4,20,3.0,True,False,30.31,21.45,33.00,Run_02698
4.0,0.4,20,3.0,False,True,34.38,111.63,169.36,Run_02699
4.0,0.4,20,3.0,False,False,29.91,27.27,41.93,Run_02700
4.0,0.4,30,1.0,True,True,34.06,101.45,153.93,Run_02701
4.0,0.4,30,1.0,True,False,30.51,26.91,40.83,Run_02702
4.0,0.4,30,1.0,False,True,33.90,112.00,169.91,Run_02703
4.0,0.4,30,1.0,False,False,30.42,30.18,45.79,Run_02704
4.0,0.4,30,2.0,True,True,34.11,94.54,143.46,Run_02705
4.0,0.4,30,2.0,True,False,30.65,25.45,38.62,Run_02706
4.0,0.4,30,2.0,False,True,33.90,112.00,169.91,Run_02707
4.0,0.4,30,2.0,False,False,30.42,30.18,45.79,Run_02708
4.0,0.4,30,3.0,True,True,33.84,92.36,140.16,Run_02709
4.0,0.4,30,3.0,True,False,30.71,25.09,38.08,Run_02710
4.0,0.4,30,3.0,False,True,33.90,112.00,169.91,Run_02711
4.0,0.4,30,3.0,False,False,30.42,30.18,45.79,Run_02712
4.0,0.4,40,1.0,True,True,33.78,102.18,155.03,Run_02713
4.0,0.4,40,1.0,True,False,30.79,31.64,48.00,Run_02714
4.0,0.4,40,1.0,False,True,33.66,112.36,170.46,Run_02715
4.0,0.4,40,1.0,False,False,30.71,35.27,53.51,Run_02716
4.0,0.4,40,2.0,True,True,33.86,94.54,143.46,Run_02717
4.0,0.4,40,2.0,True,False,30.83,29.45,44.69,Run_02718
4.0,0.4,40,2.0,False,True,33.66,112.36,170.46,Run_02719
4.0,0.4,40,2.0,False,False,30.71,35.27,53.51,Run_02720
4.0,0.4,40,3.0,True,True,33.55,92.00,139.61,Run_02721
4.0,0.4,40,3.0,True,False,30.82,28.36,43.04,Run_02722
4.0,0.4,40,3.0,False,True,33.66,112.36,170.46,Run_02723
4.0,0.4,40,3.0,False,False,30.71,35.27,53.51,Run_02724
4.0,0.4,50,1.0,True,True,33.84,102.18,155.03,Run_02725
4.0,0.4,50,1.0,True,False,31.07,30.91,46.90,Run_02726
4.0,0.4,50,1.0,False,True,33.66,111.63,169.36,Run_02727
4.0,0.4,50,1.0,False,False,30.99,34.18,51.86,Run_02728
4.0,0.4,50,2.0,True,True,33.88,94.91,144.01,Run_02729
4.0,0.4,50,2.0,True,False,31.14,28.73,43.59,Run_02730
4.0,0.4,50,2.0,False,True,33.66,111.63,169.36,Run_02731
4.0,0.4,50,2.0,False,False,30.99,34.18,51.86,Run_02732
4.0,0.4,50,3.0,True,True,33.62,92.72,140.72,Run_02733
4.0,0.4,50,3.0,True,False,31.12,28.36,43.04,Run_02734
4.0,0.4,50,3.0,False,True,33.66,111.63,169.36,Run_02735
4.0,0.4,50,3.0,False,False,30.99,34.18,51.86,Run_02736
4.0,0.4,60,1.0,True,True,33.67,101.81,154.48,Run_02737
4.0,0.4,60,1.0,True,False,31.18,33.09,50.21,Run_02738
4.0,0.4,60,1.0,False,True,33.49,111.63,169.36,Run_02739
4.0,0.4,60,1.0,False,False,31.17,36.36,55.17,Run_02740
4.0,0.4,60,2.0,True,True,33.71,94.91,144.01,Run_02741
4.0,0.4,60,2.0,True,False,31.27,30.91,46.90,Run_02742
4.0,0.4,60,2.0,False,True,33.49,111.63,169.36,Run_02743
4.0,0.4,60,2.0,False,False,31.17,36.36,55.17,Run_02744
4.0,0.4,60,3.0,True,True,33.43,92.72,140.72,Run_02745
4.0,0.4,60,3.0,True,False,31.18,30.54,46.35,Run_02746
4.0,0.4,60,3.0,False,True,33.49,111.63,169.36,Run_02747
4.0,0.4,60,3.0,False,False,31.17,36.36,55.17,Run_02748
4.0,0.4,70,1.0,True,True,33.73,101.45,153.93,Run_02749
4.0,0.4,70,1.0,True,False,31.67,35.27,53.52,Run_02750
4.0,0.4,70,1.0,False,True,33.59,112.36,170.46,Run_02751
4.0,0.4,70,1.0,False,False,31.71,39.27,59.58,Run_02752
4.0,0.4,70,2.0,True,True,33.79,94.54,143.46,Run_02753
4.0,0.4,70,2.0,True,False,31.70,32.73,49.66,Run_02754
4.0,0.4,70,2.0,False,True,33.59,112.36,170.46,Run_02755
4.0,0.4,70,2.0,False,False,31.71,39.27,59.58,Run_02756
4.0,0.4,70,3.0,True,True,33.50,92.36,140.16,Run_02757
4.0,0.4,70,3.0,True,False,31.68,32.36,49.11,Run_02758
4.0,0.4,70,3.0,False,True,33.59,112.36,170.46,Run_02759
4.0,0.4,70,3.0,False,False,31.71,39.27,59.58,Run_02760
4.0,0.4,80,1.0,True,True,33.79,101.45,153.93,Run_02761
4.0,0.4,80,1.0,True,False,31.88,39.27,59.59,Run_02762
4.0,0.4,80,1.0,False,True,33.66,112.00,169.91,Run_02763
4.0,0.4,80,1.0,False,False,31.92,43.27,65.65,Run_02764
4.0,0.4,80,2.0,True,True,33.83,94.54,143.46,Run_02765
4.0,0.4,80,2.0,True,False,31.88,36.36,55.18,Run_02766
4.0,0.4,80,2.0,False,True,33.66,112.00,169.91,Run_02767
4.0,0.4,80,2.0,False,False,31.92,43.27,65.65,Run_02768
4.0,0.4,80,3.0,True,True,33.51,92.36,140.16,Run_02769
4.0,0.4,80,3.0,True,False,31.87,35.63,54.08,Run_02770
4.0,0.4,80,3.0,False,True,33.66,112.00,169.91,Run_02771
4.0,0.4,80,3.0,False,False,31.92,43.27,65.65,Run_02772
4.0,0.5,20,1.0,True,True,34.61,100.72,152.83,Run_02773
4.0,0.5,20,1.0,True,False,29.61,18.54,28.52,Run_02774
4.0,0.5,20,1.0,False,True,34.46,110.18,167.15,Run_02775
4.0,0.5,20,1.0,False,False,29.56,21.45,32.99,Run_02776
4.0,0.5,20,2.0,True,True,34.68,94.18,142.91,Run_02777
4.0,0.5,20,2.0,True,False,29.74,17.82,27.40,Run_02778
4.0,0.5,20,2.0,False,True,34.46,110.18,167.15,Run_02779
4.0,0.5,20,2.0,False,False,29.56,21.45,32.99,Run_02780
4.0,0.5,20,3.0,True,True,34.38,92.00,139.61,Run_02781
4.0,0.5,20,3.0,True,False,29.79,17.45,26.85,Run_02782
4.0,0.5,20,3.0,False,True,34.46,110.18,167.15,Run_02783
4.0,0.5,20,3.0,False,False,29.56,21.45,32.99,Run_02784
4.0,0.5,30,1.0,True,True,34.09,100.72,152.83,Run_02785
4.0,0.5,30,1.0,True,False,29.99,23.27,35.31,Run_02786
4.0,0.5,30,1.0,False,True,33.93,110.90,168.26,Run_02787
4.0,0.5,30,1.0,False,False,29.89,25.45,38.62,Run_02788
4.0,0.5,30,2.0,True,True,34.12,94.18,142.91,Run_02789
4.0,0.5,30,2.0,True,False,30.09,22.54,34.21,Run_02790
4.0,0.5,30,2.0,False,True,33.93,110.90,168.26,Run_02791
4.0,0.5,30,2.0,False,False,29.89,25.45,38.62,Run_02792
4.0,0.5,30,3.0,True,True,33.92,92.36,140.16,Run_02793
4.0,0.5,30,3.0,True,False,30.13,21.45,32.56,Run_02794
4.0,0.5,30,3.0,False,True,33.93,110.90,168.26,Run_02795
4.0,0.5,30,3.0,False,False,29.89,25.45,38.62,Run_02796
4.0,0.5,40,1.0,True,True,33.82,101.45,153.93,Run_02797
4.0,0.5,40,1.0,True,False,30.17,26.54,40.28,Run_02798
4.0,0.5,40,1.0,False,True,33.62,110.54,167.71,Run_02799
4.0,0.5,40,1.0,False,False,30.06,28.73,43.58,Run_02800
4.0,0.5,40,2.0,True,True,33.87,94.91,144.01,Run_02801
4.0,0.5,40,2.0,True,False,30.23,25.45,38.62,Run_02802
4.0,0.5,40,2.0,False,True,33.62,110.54,167.71,Run_02803
4.0,0.5,40,2.0,False,False,30.06,28.73,43.58,Run_02804
4.0,0.5,40,3.0,True,True,33.57,92.36,140.16,Run_02805
4.0,0.5,40,3.0,True,False,30.20,24.73,37.52,Run_02806
4.0,0.5,40,3.0,False,True,33.62,110.54,167.71,Run_02807
4.0,0.5,40,3.0,False,False,30.06,28.73,43.58,Run_02808
4.0,0.5,50,1.0,True,True,33.86,101.09,153.38,Run_02809
4.0,0.5,50,1.0,True,False,30.59,29.09,44.14,Run_02810
4.0,0.5,50,1.0,False,True,33.74,111.27,168.81,Run_02811
4.0,0.5,50,1.0,False,False,30.53,31.64,47.99,Run_02812
4.0,0.5,50,2.0,True,True,33.94,94.54,143.46,Run_02813
4.0,0.5,50,2.0,True,False,30.72,27.27,41.38,Run_02814
4.0,0.5,50,2.0,False,True,33.74,111.27,168.81,Run_02815
4.0,0.5,50,2.0,False,False,30.53,31.64,47.99,Run_02816
4.0,0.5,50,3.0,True,True,33.63,92.36,140.16,Run_02817
4.0,0.5,50,3.0,True,False,30.68,26.54,40.28,Run_02818
4.0,0.5,50,3.0,False,True,33.74,111.27,168.81,Run_02819
4.0,0.5,50,3.0,False,False,30.53,31.64,47.99,Run_02820
4.0,0.5,60,1.0,True,True,33.79,101.45,153.93,Run_02821
4.0,0.5,60,1.0,True,False,30.74,29.82,45.24,Run_02822
4.0,0.5,60,1.0,False,True,33.60,112.00,169.91,Run_02823
4.0,0.5,60,1.0,False,False,30.71,33.09,50.20,Run_02824
4.0,0.5,60,2.0,True,True,33.89,94.54,143.46,Run_02825
4.0,0.5,60,2.0,True,False,30.86,27.64,41.93,Run_02826
4.0,0.5,60,2.0,False,True,33.60,112.00,169.91,Run_02827
4.0,0.5,60,2.0,False,False,30.71,33.09,50.20,Run_02828
4.0,0.5,60,3.0,True,True,33.49,92.36,140.16,Run_02829
4.0,0.5,60,3.0,True,False,30.82,27.27,41.39,Run_02830
4.0,0.5,60,3.0,False,True,33.60,112.00,169.91,Run_02831
4.0,0.5,60,3.0,False,False,30.71,33.09,50.20,Run_02832
4.0,0.5,70,1.0,True,True,33.56,101.09,153.38,Run_02833
4.0,0.5,70,1.0,True,False,30.82,31.64,48.00,Run_02834
4.0,0.5,70,1.0,False,True,33.45,111.27,168.81,Run_02835
4.0,0.5,70,1.0,False,False,30.86,35.27,53.51,Run_02836
4.0,0.5,70,2.0,True,True,33.69,94.18,142.91,Run_02837
4.0,0.5,70,2.0,True,False,30.96,29.45,44.69,Run_02838
4.0,0.5,70,2.0,False,True,33.45,111.27,168.81,Run_02839
4.0,0.5,70,2.0,False,False,30.86,35.27,53.51,Run_02840
4.0,0.5,70,3.0,True,True,33.32,92.00,139.61,Run_02841
4.0,0.5,70,3.0,True,False,30.94,29.09,44.15,Run_02842
4.0,0.5,70,3.0,False,True,33.45,111.27,168.81,Run_02843
4.0,0.5,70,3.0,False,False,30.86,35.27,53.51,Run_02844
4.0,0.5,80,1.0,True,True,33.58,101.09,153.38,Run_02845
4.0,0.5,80,1.0,True,False,30.96,32.36,49.10,Run_02846
4.0,0.5,80,1.0,False,True,33.43,111.63,169.36,Run_02847
4.0,0.5,80,1.0,False,False,31.01,36.73,55.72,Run_02848
4.0,0.5,80,2.0,True,True,33.67,94.18,142.91,Run_02849
4.0,0.5,80,2.0,True,False,31.07,30.18,45.80,Run_02850
4.0,0.5,80,2.0,False,True,33.43,111.63,169.36,Run_02851
4.0,0.5,80,2.0,False,False,31.01,36.73,55.72,Run_02852
4.0,0.5,80,3.0,True,True,33.32,92.36,140.16,Run_02853
4.0,0.5,80,3.0,True,False,31.05,29.82,45.25,Run_02854
4.0,0.5,80,3.0,False,True,33.43,111.63,169.36,Run_02855
4.0,0.5,80,3.0,False,False,31.01,36.73,55.72,Run_02856
4.0,0.6,20,1.0,True,True,34.65,100.72,152.83,Run_02857
4.0,0.6,20,1.0,True,False,29.52,18.18,27.96,Run_02858
4.0,0.6,20,1.0,False,True,34.51,109.81,166.60,Run_02859
4.0,0.6,20,1.0,False,False,29.49,21.82,33.55,Run_02860
4.0,0.6,20,2.0,True,True,34.75,94.18,142.91,Run_02861
4.0,0.6,20,2.0,True,False,29.63,17.09,26.28,Run_02862
4.0,0.6,20,2.0,False,True,34.51,109.81,166.60,Run_02863
4.0,0.6,20,2.0,False,False,29.49,21.82,33.55,Run_02864
4.0,0.6,20,3.0,True,True,34.50,92.00,139.61,Run_02865
4.0,0.6,20,3.0,True,False,29.64,16.36,25.17,Run_02866
4.0,0.6,20,3.0,False,True,34.51,109.81,166.60,Run_02867
4.0,0.6,20,3.0,False,False,29.49,21.82,33.55,Run_02868
4.0,0.6,30,1.0,True,True,34.30,100.36,152.27,Run_02869
4.0,0.6,30,1.0,True,False,29.99,21.45,32.55,Run_02870
4.0,0.6,30,1.0,False,True,34.14,109.81,166.60,Run_02871
4.0,0.6,30,1.0,False,False,29.92,24.00,36.41,Run_02872
4.0,0.6,30,2.0,True,True,34.37,94.18,142.91,Run_02873
4.0,0.6,30,2.0,True,False,30.05,20.36,30.90,Run_02874
4.0,0.6,30,2.0,False,True,34.14,109.81,166.60,Run_02875
4.0,0.6,30,2.0,False,False,29.92,24.00,36.41,Run_02876
4.0,0.6,30,3.0,True,True,34.19,92.36,140.16,Run_02877
4.0,0.6,30,3.0,True,False,30.11,19.27,29.25,Run_02878
4.0,0.6,30,3.0,False,True,34.14,109.81,166.60,Run_02879
4.0,0.6,30,3.0,False,False,29.92,24.00,36.41,Run_02880
4.0,0.6,40,1.0,True,True,33.82,100.36,152.27,Run_02881
4.0,0.6,40,1.0,True,False,29.99,23.64,35.86,Run_02882
4.0,0.6,40,1.0,False,True,33.68,109.09,165.50,Run_02883
4.0,0.6,40,1.0,False,False,29.91,26.18,39.72,Run_02884
4.0,0.6,40,2.0,True,True,33.86,94.18,142.91,Run_02885
4.0,0.6,40,2.0,True,False,30.02,22.54,34.21,Run_02886
4.0,0.6,40,2.0,False,True,33.68,109.09,165.50,Run_02887
4.0,0.6,40,2.0,False,False,29.91,26.18,39.72,Run_02888
4.0,0.6,40,3.0,True,True,33.61,92.00,139.61,Run_02889
4.0,0.6,40,3.0,True,False,30.05,21.82,33.11,Run_02890
4.0,0.6,40,3.0,False,True,33.68,109.09,165.50,Run_02891
4.0,0.6,40,3.0,False,False,29.91,26.18,39.72,Run_02892
4.0,0.6,50,1.0,True,True,33.83,100.72,152.83,Run_02893
4.0,0.6,50,1.0,True,False,30.40,26.54,40.28,Run_02894
4.0,0.6,50,1.0,False,True,33.71,109.45,166.05,Run_02895
4.0,0.6,50,1.0,False,False,30.34,29.09,44.13,Run_02896
4.0,0.6,50,2.0,True,True,33.92,94.18,142.91,Run_02897
4.0,0.6,50,2.0,True,False,30.52,25.09,38.07,Run_02898
4.0,0.6,50,2.0,False,True,33.71,109.45,166.05,Run_02899
4.0,0.6,50,2.0,False,False,30.34,29.09,44.13,Run_02900
4.0,0.6,50,3.0,True,True,33.67,92.36,140.16,Run_02901
4.0,0.6,50,3.0,True,False,30.50,24.36,36.97,Run_02902
4.0,0.6,50,3.0,False,True,33.71,109.45,166.05,Run_02903
4.0,0.6,50,3.0,False,False,30.34,29.09,44.13,Run_02904
4.0,0.6,60,1.0,True,True,33.69,100.72,152.83,Run_02905
4.0,0.6,60,1.0,True,False,30.51,27.64,41.93,Run_02906
4.0,0.6,60,1.0,False,True,33.60,109.81,166.60,Run_02907
4.0,0.6,60,1.0,False,False,30.47,30.91,46.89,Run_02908
4.0,0.6,60,2.0,True,True,33.80,93.81,142.36,Run_02909
4.0,0.6,60,2.0,True,False,30.66,25.45,38.62,Run_02910
4.0,0.6,60,2.0,False,True,33.60,109.81,166.60,Run_02911
4.0,0.6,60,2.0,False,False,30.47,30.91,46.89,Run_02912
4.0,0.6,60,3.0,True,True,33.48,92.00,139.61,Run_02913
4.0,0.6,60,3.0,True,False,30.58,25.09,38.08,Run_02914
4.0,0.6,60,3.0,False,True,33.60,109.81,166.60,Run_02915
4.0,0.6,60,3.0,False,False,30.47,30.91,46.89,Run_02916
4.0,0.6,70,1.0,True,True,33.67,101.09,153.38,Run_02917
4.0,0.6,70,1.0,True,False,30.81,29.45,44.69,Run_02918
4.0,0.6,70,1.0,False,True,33.63,110.18,167.15,Run_02919
4.0,0.6,70,1.0,False,False,30.84,32.73,49.65,Run_02920
4.0,0.6,70,2.0,True,True,33.82,94.18,142.91,Run_02921
4.0,0.6,70,2.0,True,False,30.95,27.27,41.38,Run_02922
4.0,0.6,70,2.0,False,True,33.63,110.18,167.15,Run_02923
4.0,0.6,70,2.0,False,False,30.84,32.73,49.65,Run_02924
4.0,0.6,70,3.0,True,True,33.45,92.00,139.61,Run_02925
4.0,0.6,70,3.0,True,False,30.88,26.91,40.84,Run_02926
4.0,0.6,70,3.0,False,True,33.63,110.18,167.15,Run_02927
4.0,0.6,70,3.0,False,False,30.84,32.73,49.65,Run_02928
4.0,0.6,80,1.0,True,True,33.71,101.09,153.38,Run_02929
4.0,0.6,80,1.0,True,False,31.04,32.00,48.55,Run_02930
4.0,0.6,80,1.0,False,True,33.66,110.18,167.15,Run_02931
4.0,0.6,80,1.0,False,False,31.08,35.27,53.51,Run_02932
4.0,0.6,80,2.0,True,True,33.81,94.18,142.91,Run_02933
4.0,0.6,80,2.0,True,False,31.12,29.82,45.25,Run_02934
4.0,0.6,80,2.0,False,True,33.66,110.18,167.15,Run_02935
4.0,0.6,80,2.0,False,False,31.08,35.27,53.51,Run_02936
4.0,0.6,80,3.0,True,True,33.46,92.36,140.16,Run_02937
4.0,0.6,80,3.0,True,False,31.08,29.45,44.70,Run_02938
4.0,0.6,80,3.0,False,True,33.66,110.18,167.15,Run_02939
4.0,0.6,80,3.0,False,False,31.08,35.27,53.51,Run_02940
5.0,0.05,20,1.0,True,True,32.21,86.91,131.85,Run_02941
5.0,0.05,20,1.0,True,False,35.39,91.27,138.74,Run_02942
5.0,0.05,20,1.0,False,True,32.47,102.90,156.12,Run_02943
5.0,0.05,20,1.0,False,False,35.66,105.81,160.83,Run_02944
5.0,0.05,20,2.0,True,True,32.45,81.09,123.02,Run_02945
5.0,0.05,20,2.0,True,False,35.42,84.00,127.68,Run_02946
5.0,0.05,20,2.0,False,True,32.47,102.90,156.12,Run_02947
5.0,0.05,20,2.0,False,False,35.66,105.81,160.83,Run_02948
5.0,0.05,20,3.0,True,True,32.23,77.82,118.06,Run_02949
5.0,0.05,20,3.0,True,False,35.45,80.36,122.16,Run_02950
5.0,0.05,20,3.0,False,True,32.47,102.90,156.12,Run_02951
5.0,0.05,20,3.0,False,False,35.66,105.81,160.83,Run_02952
5.0,0.05,30,1.0,True,True,31.90,86.54,131.30,Run_02953
5.0,0.05,30,1.0,True,False,34.73,88.00,133.51,Run_02954
5.0,0.05,30,1.0,False,True,32.15,101.81,154.47,Run_02955
5.0,0.05,30,1.0,False,False,34.98,101.09,153.37,Run_02956
5.0,0.05,30,2.0,True,True,32.08,80.72,122.47,Run_02957
5.0,0.05,30,2.0,True,False,34.70,82.54,125.23,Run_02958
5.0,0.05,30,2.0,False,True,32.15,101.81,154.47,Run_02959
5.0,0.05,30,2.0,False,False,34.98,101.09,153.37,Run_02960
5.0,0.05,30,3.0,True,True,31.78,77.82,118.06,Run_02961
5.0,0.05,30,3.0,True,False,34.42,79.63,120.82,Run_02962
5.0,0.05,30,3.0,False,True,32.15,101.81,154.47,Run_02963
5.0,0.05,30,3.0,False,False,34.98,101.09,153.37,Run_02964
5.0,0.05,40,1.0,True,True,31.72,86.18,130.75,Run_02965
5.0,0.05,40,1.0,True,False,34.12,88.36,134.06,Run_02966
5.0,0.05,40,1.0,False,True,32.01,101.45,153.92,Run_02967
5.0,0.05,40,1.0,False,False,34.49,101.45,153.92,Run_02968
5.0,0.05,40,2.0,True,True,31.87,80.72,122.47,Run_02969
5.0,0.05,40,2.0,True,False,34.13,82.91,125.78,Run_02970
5.0,0.05,40,2.0,False,True,32.01,101.45,153.92,Run_02971
5.0,0.05,40,2.0,False,False,34.49,101.45,153.92,Run_02972
5.0,0.05,40,3.0,True,True,31.56,77.45,117.51,Run_02973
5.0,0.05,40,3.0,True,False,33.93,79.27,120.27,Run_02974
5.0,0.05,40,3.0,False,True,32.01,101.45,153.92,Run_02975
5.0,0.05,40,3.0,False,False,34.49,101.45,153.92,Run_02976
5.0,0.05,50,1.0,True,True,31.45,85.81,130.20,Run_02977
5.0,0.05,50,1.0,True,False,33.47,87.27,132.40,Run_02978
5.0,0.05,50,1.0,False,True,31.73,101.45,153.92,Run_02979
5.0,0.05,50,1.0,False,False,33.99,102.54,155.57,Run_02980
5.0,0.05,50,2.0,True,True,31.58,80.36,121.92,Run_02981
5.0,0.05,50,2.0,True,False,33.58,81.81,124.13,Run_02982
5.0,0.05,50,2.0,False,True,31.73,101.45,153.92,Run_02983
5.0,0.05,50,2.0,False,False,33.99,102.54,155.57,Run_02984
5.0,0.05,50,3.0,True,True,31.35,77.45,117.51,Run_02985
5.0,0.05,50,3.0,True,False,33.45,78.91,119.71,Run_02986
5.0,0.05,50,3.0,False,True,31.73,101.45,153.92,Run_02987
5.0,0.05,50,3.0,False,False,33.99,102.54,155.57,Run_02988
5.0,0.05,60,1.0,True,True,31.49,85.81,130.20,Run_02989
5.0,0.05,60,1.0,True,False,33.46,88.00,133.51,Run_02990
5.0,0.05,60,1.0,False,True,31.74,101.45,153.92,Run_02991
5.0,0.05,60,1.0,False,False,33.77,102.18,155.02,Run_02992
5.0,0.05,60,2.0,True,True,31.62,80.36,121.92,Run_02993
5.0,0.05,60,2.0,True,False,33.57,82.54,125.23,Run_02994
5.0,0.05,60,2.0,False,True,31.74,101.45,153.92,Run_02995
5.0,0.05,60,2.0,False,False,33.77,102.18,155.02,Run_02996
5.0,0.05,60,3.0,True,True,31.41,77.45,117.51,Run_02997
5.0,0.05,60,3.0,True,False,33.47,79.63,120.82,Run_02998
5.0,0.05,60,3.0,False,True,31.74,101.45,153.92,Run_02999
5.0,0.05,60,3.0,False,False,33.77,102.18,155.02,Run_03000
5.0,0.05,70,1.0,True,True,31.19,85.81,130.20,Run_03001
5.0,0.05,70,1.0,True,False,32.75,87.63,132.95,Run_03002
5.0,0.05,70,1.0,False,True,31.46,101.45,153.92,Run_03003
5.0,0.05,70,1.0,False,False,33.14,103.27,156.68,Run_03004
5.0,0.05,70,2.0,True,True,31.33,80.36,121.92,Run_03005
5.0,0.05,70,2.0,True,False,32.89,82.18,124.68,Run_03006
5.0,0.05,70,2.0,False,True,31.46,101.45,153.92,Run_03007
5.0,0.05,70,2.0,False,False,33.14,103.27,156.68,Run_03008
5.0,0.05,70,3.0,True,True,31.10,77.45,117.51,Run_03009
5.0,0.05,70,3.0,True,False,32.67,79.27,120.27,Run_03010
5.0,0.05,70,3.0,False,True,31.46,101.45,153.92,Run_03011
5.0,0.05,70,3.0,False,False,33.14,103.27,156.68,Run_03012
5.0,0.05,80,1.0,True,True,31.01,85.81,130.20,Run_03013
5.0,0.05,80,1.0,True,False,32.69,87.63,132.95,Run_03014
5.0,0.05,80,1.0,False,True,31.27,101.45,153.92,Run_03015
5.0,0.05,80,1.0,False,False,33.03,103.27,156.68,Run_03016
5.0,0.05,80,2.0,True,True,31.16,80.36,121.92,Run_03017
5.0,0.05,80,2.0,True,False,32.84,82.18,124.68,Run_03018
5.0,0.05,80,2.0,False,True,31.27,101.45,153.92,Run_03019
5.0,0.05,80,2.0,False,False,33.03,103.27,156.68,Run_03020
5.0,0.05,80,3.0,True,True,30.95,77.45,117.51,Run_03021
5.0,0.05,80,3.0,True,False,32.60,79.27,120.27,Run_03022
5.0,0.05,80,3.0,False,True,31.27,101.45,153.92,Run_03023
5.0,0.05,80,3.0,False,False,33.03,103.27,156.68,Run_03024
5.0,0.1,20,1.0,True,True,33.10,89.09,135.16,Run_03025
5.0,0.1,20,1.0,True,False,36.35,77.45,117.74,Run_03026
5.0,0.1,20,1.0,False,True,33.29,105.09,159.43,Run_03027
5.0,0.1,20,1.0,False,False,36.49,90.54,137.62,Run_03028
5.0,0.1,20,2.0,True,True,33.34,83.63,126.89,Run_03029
5.0,0.1,20,2.0,True,False,36.55,70.91,107.79,Run_03030
5.0,0.1,20,2.0,False,True,33.29,105.09,159.43,Run_03031
5.0,0.1,20,2.0,False,False,36.49,90.54,137.62,Run_03032
5.0,0.1,20,3.0,True,True,33.18,80.00,121.37,Run_03033
5.0,0.1,20,3.0,True,False,36.62,67.63,102.81,Run_03034
5.0,0.1,20,3.0,False,True,33.29,105.09,159.43,Run_03035
5.0,0.1,20,3.0,False,False,36.49,90.54,137.62,Run_03036
5.0,0.1,30,1.0,True,True,32.97,88.36,134.06,Run_03037
5.0,0.1,30,1.0,True,False,36.86,79.63,120.82,Run_03038
5.0,0.1,30,1.0,False,True,33.14,104.00,157.78,Run_03039
5.0,0.1,30,1.0,False,False,37.13,94.54,143.44,Run_03040
5.0,0.1,30,2.0,True,True,33.14,83.27,126.33,Run_03041
5.0,0.1,30,2.0,True,False,37.10,74.91,113.65,Run_03042
5.0,0.1,30,2.0,False,True,33.14,104.00,157.78,Run_03043
5.0,0.1,30,2.0,False,False,37.13,94.54,143.44,Run_03044
5.0,0.1,30,3.0,True,True,33.01,80.36,121.92,Run_03045
5.0,0.1,30,3.0,True,False,36.88,71.63,108.68,Run_03046
5.0,0.1,30,3.0,False,True,33.14,104.00,157.78,Run_03047
5.0,0.1,30,3.0,False,False,37.13,94.54,143.44,Run_03048
5.0,0.1,40,1.0,True,True,33.21,88.72,134.61,Run_03049
5.0,0.1,40,1.0,True,False,37.44,82.91,125.78,Run_03050
5.0,0.1,40,1.0,False,True,33.33,105.45,159.99,Run_03051
5.0,0.1,40,1.0,False,False,37.76,97.81,148.40,Run_03052
5.0,0.1,40,2.0,True,True,33.43,83.63,126.89,Run_03053
5.0,0.1,40,2.0,True,False,37.66,77.45,117.51,Run_03054
5.0,0.1,40,2.0,False,True,33.33,105.45,159.99,Run_03055
5.0,0.1,40,2.0,False,False,37.76,97.81,148.40,Run_03056
5.0,0.1,40,3.0,True,True,33.16,81.09,123.02,Run_03057
5.0,0.1,40,3.0,True,False,37.28,74.91,113.65,Run_03058
5.0,0.1,40,3.0,False,True,33.33,105.45,159.99,Run_03059
5.0,0.1,40,3.0,False,False,37.76,97.81,148.40,Run_03060
5.0,0.1,50,1.0,True,True,33.19,88.72,134.61,Run_03061
5.0,0.1,50,1.0,True,False,37.80,81.81,124.13,Run_03062
5.0,0.1,50,1.0,False,True,33.35,104.72,158.88,Run_03063
5.0,0.1,50,1.0,False,False,38.18,94.91,143.99,Run_03064
5.0,0.1,50,2.0,True,True,33.38,83.27,126.33,Run_03065
5.0,0.1,50,2.0,True,False,37.99,77.09,116.96,Run_03066
5.0,0.1,50,2.0,False,True,33.35,104.72,158.88,Run_03067
5.0,0.1,50,2.0,False,False,38.18,94.91,143.99,Run_03068
5.0,0.1,50,3.0,True,True,33.07,80.00,121.37,Run_03069
5.0,0.1,50,3.0,True,False,37.82,74.18,112.54,Run_03070
5.0,0.1,50,3.0,False,True,33.35,104.72,158.88,Run_03071
5.0,0.1,50,3.0,False,False,38.18,94.91,143.99,Run_03072
5.0,0.1,60,1.0,True,True,33.21,88.72,134.61,Run_03073
5.0,0.1,60,1.0,True,False,38.36,84.00,127.44,Run_03074
5.0,0.1,60,1.0,False,True,33.39,104.72,158.88,Run_03075
5.0,0.1,60,1.0,False,False,38.78,96.72,146.75,Run_03076
5.0,0.1,60,2.0,True,True,33.32,83.27,126.33,Run_03077
5.0,0.1,60,2.0,True,False,38.44,78.91,119.71,Run_03078
5.0,0.1,60,2.0,False,True,33.39,104.72,158.88,Run_03079
5.0,0.1,60,2.0,False,False,38.78,96.72,146.75,Run_03080
5.0,0.1,60,3.0,True,True,33.09,80.36,121.92,Run_03081
5.0,0.1,60,3.0,True,False,38.16,75.63,114.75,Run_03082
5.0,0.1,60,3.0,False,True,33.39,104.72,158.88,Run_03083
5.0,0.1,60,3.0,False,False,38.78,96.72,146.75,Run_03084
5.0,0.1,70,1.0,True,True,33.10,88.00,133.51,Run_03085
5.0,0.1,70,1.0,True,False,38.47,85.09,129.09,Run_03086
5.0,0.1,70,1.0,False,True,33.37,103.27,156.68,Run_03087
5.0,0.1,70,1.0,False,False,38.92,97.81,148.40,Run_03088
5.0,0.1,70,2.0,True,True,33.18,82.54,125.23,Run_03089
5.0,0.1,70,2.0,True,False,38.46,80.00,121.37,Run_03090
5.0,0.1,70,2.0,False,True,33.37,103.27,156.68,Run_03091
5.0,0.1,70,2.0,False,False,38.92,97.81,148.40,Run_03092
5.0,0.1,70,3.0,True,True,32.97,79.63,120.82,Run_03093
5.0,0.1,70,3.0,True,False,38.23,76.72,116.40,Run_03094
5.0,0.1,70,3.0,False,True,33.37,103.27,156.68,Run_03095
5.0,0.1,70,3.0,False,False,38.92,97.81,148.40,Run_03096
5.0,0.1,80,1.0,True,True,33.29,87.63,132.95,Run_03097
5.0,0.1,80,1.0,True,False,38.82,86.91,131.85,Run_03098
5.0,0.1,80,1.0,False,True,33.57,102.90,156.12,Run_03099
5.0,0.1,80,1.0,False,False,39.35,99.27,150.61,Run_03100
5.0,0.1,80,2.0,True,True,33.42,81.81,124.13,Run_03101
5.0,0.1,80,2.0,True,False,38.84,82.18,124.68,Run_03102
5.0,0.1,80,2.0,False,True,33.57,102.90,156.12,Run_03103
5.0,0.1,80,2.0,False,False,39.35,99.27,150.61,Run_03104
5.0,0.1,80,3.0,True,True,33.16,78.91,119.71,Run_03105
5.0,0.1,80,3.0,True,False,38.49,78.91,119.71,Run_03106
5.0,0.1,80,3.0,False,True,33.57,102.90,156.12,Run_03107
5.0,0.1,80,3.0,False,False,39.35,99.27,150.61,Run_03108
5.0,0.2,20,1.0,True,True,34.20,90.18,136.82,Run_03109
5.0,0.2,20,1.0,True,False,32.56,40.00,60.78,Run_03110
5.0,0.2,20,1.0,False,True,34.24,104.00,157.78,Run_03111
5.0,0.2,20,1.0,False,False,32.84,49.09,74.60,Run_03112
5.0,0.2,20,2.0,True,True,34.20,85.45,129.64,Run_03113
5.0,0.2,20,2.0,True,False,32.77,37.09,56.36,Run_03114
5.0,0.2,20,2.0,False,True,34.24,104.00,157.78,Run_03115
5.0,0.2,20,2.0,False,False,32.84,49.09,74.60,Run_03116
5.0,0.2,20,3.0,True,True,34.07,80.00,121.37,Run_03117
5.0,0.2,20,3.0,True,False,32.71,35.27,53.60,Run_03118
5.0,0.2,20,3.0,False,True,34.24,104.00,157.78,Run_03119
5.0,0.2,20,3.0,False,False,32.84,49.09,74.60,Run_03120
5.0,0.2,30,1.0,True,True,33.81,88.00,133.51,Run_03121
5.0,0.2,30,1.0,True,False,33.49,46.91,71.17,Run_03122
5.0,0.2,30,1.0,False,True,33.96,102.54,155.57,Run_03123
5.0,0.2,30,1.0,False,False,33.84,55.63,84.41,Run_03124
5.0,0.2,30,2.0,True,True,33.85,84.36,127.99,Run_03125
5.0,0.2,30,2.0,True,False,33.70,44.00,66.75,Run_03126
5.0,0.2,30,2.0,False,True,33.96,102.54,155.57,Run_03127
5.0,0.2,30,2.0,False,False,33.84,55.63,84.41,Run_03128
5.0,0.2,30,3.0,True,True,33.66,80.36,121.92,Run_03129
5.0,0.2,30,3.0,True,False,33.68,42.18,63.99,Run_03130
5.0,0.2,30,3.0,False,True,33.96,102.54,155.57,Run_03131
5.0,0.2,30,3.0,False,False,33.84,55.63,84.41,Run_03132
5.0,0.2,40,1.0,True,True,33.64,88.72,134.61,Run_03133
5.0,0.2,40,1.0,True,False,34.29,52.36,79.44,Run_03134
5.0,0.2,40,1.0,False,True,33.85,103.63,157.23,Run_03135
5.0,0.2,40,1.0,False,False,34.64,60.72,92.13,Run_03136
5.0,0.2,40,2.0,True,True,33.75,84.36,127.99,Run_03137
5.0,0.2,40,2.0,True,False,34.53,50.18,76.13,Run_03138
5.0,0.2,40,2.0,False,True,33.85,103.63,157.23,Run_03139
5.0,0.2,40,2.0,False,False,34.64,60.72,92.13,Run_03140
5.0,0.2,40,3.0,True,True,33.49,80.36,121.92,Run_03141
5.0,0.2,40,3.0,True,False,34.60,47.63,72.27,Run_03142
5.0,0.2,40,3.0,False,True,33.85,103.63,157.23,Run_03143
5.0,0.2,40,3.0,False,False,34.64,60.72,92.13,Run_03144
5.0,0.2,50,1.0,True,True,33.82,88.00,133.51,Run_03145
5.0,0.2,50,1.0,True,False,35.04,54.18,82.20,Run_03146
5.0,0.2,50,1.0,False,True,33.97,102.54,155.57,Run_03147
5.0,0.2,50,1.0,False,False,35.06,61.82,93.79,Run_03148
5.0,0.2,50,2.0,True,True,33.94,83.63,126.89,Run_03149
5.0,0.2,50,2.0,True,False,35.34,52.36,79.44,Run_03150
5.0,0.2,50,2.0,False,True,33.97,102.54,155.57,Run_03151
5.0,0.2,50,2.0,False,False,35.06,61.82,93.79,Run_03152
5.0,0.2,50,3.0,True,True,33.73,80.72,122.47,Run_03153
5.0,0.2,50,3.0,True,False,35.35,50.54,76.68,Run_03154
5.0,0.2,50,3.0,False,True,33.97,102.54,155.57,Run_03155
5.0,0.2,50,3.0,False,False,35.06,61.82,93.79,Run_03156
5.0,0.2,60,1.0,True,True,33.78,87.63,132.95,Run_03157
5.0,0.2,60,1.0,True,False,35.76,58.18,88.27,Run_03158
5.0,0.2,60,1.0,False,True,33.93,103.27,156.68,Run_03159
5.0,0.2,60,1.0,False,False,35.77,65.09,98.75,Run_03160
5.0,0.2,60,2.0,True,True,33.87,83.27,126.33,Run_03161
5.0,0.2,60,2.0,True,False,35.92,56.00,84.96,Run_03162
5.0,0.2,60,2.0,False,True,33.93,103.27,156.68,Run_03163
5.0,0.2,60,2.0,False,False,35.77,65.09,98.75,Run_03164
5.0,0.2,60,3.0,True,True,33.72,80.36,121.92,Run_03165
5.0,0.2,60,3.0,True,False,35.87,54.18,82.20,Run_03166
5.0,0.2,60,3.0,False,True,33.93,103.27,156.68,Run_03167
5.0,0.2,60,3.0,False,False,35.77,65.09,98.75,Run_03168
5.0,0.2,70,1.0,True,True,33.69,88.00,133.51,Run_03169
5.0,0.2,70,1.0,True,False,36.17,62.18,94.34,Run_03170
5.0,0.2,70,1.0,False,True,33.91,102.54,155.57,Run_03171
5.0,0.2,70,1.0,False,False,36.32,70.54,107.03,Run_03172
5.0,0.2,70,2.0,True,True,33.84,83.63,126.89,Run_03173
5.0,0.2,70,2.0,True,False,36.28,58.91,89.37,Run_03174
5.0,0.2,70,2.0,False,True,33.91,102.54,155.57,Run_03175
5.0,0.2,70,2.0,False,False,36.32,70.54,107.03,Run_03176
5.0,0.2,70,3.0,True,True,33.71,80.72,122.47,Run_03177
5.0,0.2,70,3.0,True,False,36.32,57.09,86.61,Run_03178
5.0,0.2,70,3.0,False,True,33.91,102.54,155.57,Run_03179
5.0,0.2,70,3.0,False,False,36.32,70.54,107.03,Run_03180
5.0,0.2,80,1.0,True,True,33.65,88.00,133.51,Run_03181
5.0,0.2,80,1.0,True,False,36.75,64.72,98.20,Run_03182
5.0,0.2,80,1.0,False,True,33.88,104.00,157.78,Run_03183
5.0,0.2,80,1.0,False,False,36.93,74.18,112.54,Run_03184
5.0,0.2,80,2.0,True,True,33.71,83.27,126.33,Run_03185
5.0,0.2,80,2.0,True,False,36.86,61.45,93.23,Run_03186
5.0,0.2,80,2.0,False,True,33.88,104.00,157.78,Run_03187
5.0,0.2,80,2.0,False,False,36.93,74.18,112.54,Run_03188
5.0,0.2,80,3.0,True,True,33.59,80.36,121.92,Run_03189
5.0,0.2,80,3.0,True,False,36.84,59.63,90.48,Run_03190
5.0,0.2,80,3.0,False,True,33.88,104.00,157.78,Run_03191
5.0,0.2,80,3.0,False,False,36.93,74.18,112.54,Run_03192
5.0,0.3,20,1.0,True,True,34.43,88.00,133.51,Run_03193
5.0,0.3,20,1.0,True,False,30.64,24.36,37.01,Run_03194
5.0,0.3,20,1.0,False,True,34.53,100.72,152.81,Run_03195
5.0,0.3,20,1.0,False,False,30.59,30.18,45.85,Run_03196
5.0,0.3,20,2.0,True,True,34.49,82.91,125.78,Run_03197
5.0,0.3,20,2.0,True,False,30.87,22.18,33.70,Run_03198
5.0,0.3,20,2.0,False,True,34.53,100.72,152.81,Run_03199
5.0,0.3,20,2.0,False,False,30.59,30.18,45.85,Run_03200
5.0,0.3,20,3.0,True,True,34.27,78.91,119.71,Run_03201
5.0,0.3,20,3.0,True,False,31.01,22.18,33.70,Run_03202
5.0,0.3,20,3.0,False,True,34.53,100.72,152.81,Run_03203
5.0,0.3,20,3.0,False,False,30.59,30.18,45.85,Run_03204
5.0,0.3,30,1.0,True,True,34.21,88.00,133.51,Run_03205
5.0,0.3,30,1.0,True,False,31.59,27.64,41.93,Run_03206
5.0,0.3,30,1.0,False,True,34.27,101.09,153.37,Run_03207
5.0,0.3,30,1.0,False,False,31.51,32.73,49.65,Run_03208
5.0,0.3,30,2.0,True,True,34.27,83.27,126.33,Run_03209
5.0,0.3,30,2.0,True,False,31.81,25.82,39.17,Run_03210
5.0,0.3,30,2.0,False,True,34.27,101.09,153.37,Run_03211
5.0,0.3,30,2.0,False,False,31.51,32.73,49.65,Run_03212
5.0,0.3,30,3.0,True,True,34.18,78.54,119.16,Run_03213
5.0,0.3,30,3.0,True,False,32.08,23.64,35.86,Run_03214
5.0,0.3,30,3.0,False,True,34.27,101.09,153.37,Run_03215
5.0,0.3,30,3.0,False,False,31.51,32.73,49.65,Run_03216
5.0,0.3,40,1.0,True,True,34.05,88.00,133.51,Run_03217
5.0,0.3,40,1.0,True,False,31.96,30.91,46.89,Run_03218
5.0,0.3,40,1.0,False,True,34.10,101.45,153.92,Run_03219
5.0,0.3,40,1.0,False,False,31.89,36.36,55.17,Run_03220
5.0,0.3,40,2.0,True,True,34.16,83.27,126.33,Run_03221
5.0,0.3,40,2.0,True,False,32.15,28.73,43.58,Run_03222
5.0,0.3,40,2.0,False,True,34.10,101.45,153.92,Run_03223
5.0,0.3,40,2.0,False,False,31.89,36.36,55.17,Run_03224
5.0,0.3,40,3.0,True,True,34.05,79.63,120.82,Run_03225
5.0,0.3,40,3.0,True,False,32.31,26.54,40.27,Run_03226
5.0,0.3,40,3.0,False,True,34.10,101.45,153.92,Run_03227
5.0,0.3,40,3.0,False,False,31.89,36.36,55.17,Run_03228
5.0,0.3,50,1.0,True,True,34.18,88.00,133.51,Run_03229
5.0,0.3,50,1.0,True,False,32.71,34.91,52.96,Run_03230
5.0,0.3,50,1.0,False,True,34.24,100.72,152.81,Run_03231
5.0,0.3,50,1.0,False,False,32.71,39.27,59.58,Run_03232
5.0,0.3,50,2.0,True,True,34.25,83.63,126.89,Run_03233
5.0,0.3,50,2.0,True,False,32.87,32.73,49.65,Run_03234
5.0,0.3,50,2.0,False,True,34.24,100.72,152.81,Run_03235
5.0,0.3,50,2.0,False,False,32.71,39.27,59.58,Run_03236
5.0,0.3,50,3.0,True,True,34.14,80.36,121.92,Run_03237
5.0,0.3,50,3.0,True,False,32.94,30.91,46.89,Run_03238
5.0,0.3,50,3.0,False,True,34.24,100.72,152.81,Run_03239
5.0,0.3,50,3.0,False,False,32.71,39.27,59.58,Run_03240
5.0,0.3,60,1.0,True,True,34.05,88.00,133.51,Run_03241
5.0,0.3,60,1.0,True,False,33.16,37.09,56.27,Run_03242
5.0,0.3,60,1.0,False,True,34.14,101.09,153.37,Run_03243
5.0,0.3,60,1.0,False,False,33.13,41.45,62.89,Run_03244
5.0,0.3,60,2.0,True,True,34.20,82.91,125.78,Run_03245
5.0,0.3,60,2.0,True,False,33.34,35.27,53.51,Run_03246
5.0,0.3,60,2.0,False,True,34.14,101.09,153.37,Run_03247
5.0,0.3,60,2.0,False,False,33.13,41.45,62.89,Run_03248
5.0,0.3,60,3.0,True,True,34.04,79.27,120.27,Run_03249
5.0,0.3,60,3.0,True,False,33.47,33.82,51.31,Run_03250
5.0,0.3,60,3.0,False,True,34.14,101.09,153.37,Run_03251
5.0,0.3,60,3.0,False,False,33.13,41.45,62.89,Run_03252
5.0,0.3,70,1.0,True,True,33.97,88.36,134.06,Run_03253
5.0,0.3,70,1.0,True,False,33.24,40.36,61.24,Run_03254
5.0,0.3,70,1.0,False,True,34.07,102.18,155.02,Run_03255
5.0,0.3,70,1.0,False,False,33.27,45.82,69.51,Run_03256
5.0,0.3,70,2.0,True,True,34.05,83.63,126.89,Run_03257
5.0,0.3,70,2.0,True,False,33.42,38.18,57.93,Run_03258
5.0,0.3,70,2.0,False,True,34.07,102.18,155.02,Run_03259
5.0,0.3,70,2.0,False,False,33.27,45.82,69.51,Run_03260
5.0,0.3,70,3.0,True,True,33.94,80.00,121.37,Run_03261
5.0,0.3,70,3.0,True,False,33.55,36.36,55.17,Run_03262
5.0,0.3,70,3.0,False,True,34.07,102.18,155.02,Run_03263
5.0,0.3,70,3.0,False,False,33.27,45.82,69.51,Run_03264
5.0,0.3,80,1.0,True,True,33.92,88.72,134.61,Run_03265
5.0,0.3,80,1.0,True,False,33.54,44.00,66.75,Run_03266
5.0,0.3,80,1.0,False,True,34.07,102.90,156.12,Run_03267
5.0,0.3,80,1.0,False,False,33.58,50.18,76.13,Run_03268
5.0,0.3,80,2.0,True,True,34.06,83.63,126.89,Run_03269
5.0,0.3,80,2.0,True,False,33.76,41.82,63.44,Run_03270
5.0,0.3,80,2.0,False,True,34.07,102.90,156.12,Run_03271
5.0,0.3,80,2.0,False,False,33.58,50.18,76.13,Run_03272
5.0,0.3,80,3.0,True,True,33.99,80.00,121.37,Run_03273
5.0,0.3,80,3.0,True,False,33.87,39.63,60.13,Run_03274
5.0,0.3,80,3.0,False,True,34.07,102.90,156.12,Run_03275
5.0,0.3,80,3.0,False,False,33.58,50.18,76.13,Run_03276
5.0,0.4,20,1.0,True,True,34.52,87.63,132.95,Run_03277
5.0,0.4,20,1.0,True,False,29.72,18.91,29.13,Run_03278
5.0,0.4,20,1.0,False,True,34.61,97.45,147.85,Run_03279
5.0,0.4,20,1.0,False,False,29.65,23.27,35.85,Run_03280
5.0,0.4,20,2.0,True,True,34.59,82.54,125.23,Run_03281
5.0,0.4,20,2.0,True,False,29.94,16.73,25.77,Run_03282
5.0,0.4,20,2.0,False,True,34.61,97.45,147.85,Run_03283
5.0,0.4,20,2.0,False,False,29.65,23.27,35.85,Run_03284
5.0,0.4,20,3.0,True,True,34.59,79.27,120.27,Run_03285
5.0,0.4,20,3.0,True,False,30.14,16.36,25.21,Run_03286
5.0,0.4,20,3.0,False,True,34.61,97.45,147.85,Run_03287
5.0,0.4,20,3.0,False,False,29.65,23.27,35.85,Run_03288
5.0,0.4,30,1.0,True,True,34.11,87.27,132.40,Run_03289
5.0,0.4,30,1.0,True,False,30.27,22.18,33.65,Run_03290
5.0,0.4,30,1.0,False,True,34.17,97.81,148.40,Run_03291
5.0,0.4,30,1.0,False,False,30.19,26.18,39.72,Run_03292
5.0,0.4,30,2.0,True,True,34.21,82.54,125.23,Run_03293
5.0,0.4,30,2.0,True,False,30.37,21.45,32.55,Run_03294
5.0,0.4,30,2.0,False,True,34.17,97.81,148.40,Run_03295
5.0,0.4,30,2.0,False,False,30.19,26.18,39.72,Run_03296
5.0,0.4,30,3.0,True,True,34.14,77.82,118.06,Run_03297
5.0,0.4,30,3.0,True,False,30.55,19.64,29.79,Run_03298
5.0,0.4,30,3.0,False,True,34.17,97.81,148.40,Run_03299
5.0,0.4,30,3.0,False,False,30.19,26.18,39.72,Run_03300
5.0,0.4,40,1.0,True,True,33.78,88.00,133.51,Run_03301
5.0,0.4,40,1.0,True,False,30.53,25.45,38.62,Run_03302
5.0,0.4,40,1.0,False,True,33.81,98.91,150.06,Run_03303
5.0,0.4,40,1.0,False,False,30.48,30.18,45.79,Run_03304
5.0,0.4,40,2.0,True,True,33.88,82.91,125.78,Run_03305
5.0,0.4,40,2.0,True,False,30.67,23.64,35.86,Run_03306
5.0,0.4,40,2.0,False,True,33.81,98.91,150.06,Run_03307
5.0,0.4,40,2.0,False,False,30.48,30.18,45.79,Run_03308
5.0,0.4,40,3.0,True,True,33.85,78.91,119.71,Run_03309
5.0,0.4,40,3.0,True,False,30.82,20.73,31.45,Run_03310
5.0,0.4,40,3.0,False,True,33.81,98.91,150.06,Run_03311
5.0,0.4,40,3.0,False,False,30.48,30.18,45.79,Run_03312
5.0,0.4,50,1.0,True,True,33.69,86.91,131.85,Run_03313
5.0,0.4,50,1.0,True,False,30.66,25.45,38.62,Run_03314
5.0,0.4,50,1.0,False,True,33.77,98.54,149.50,Run_03315
5.0,0.4,50,1.0,False,False,30.68,29.45,44.69,Run_03316
5.0,0.4,50,2.0,True,True,33.86,82.54,125.23,Run_03317
5.0,0.4,50,2.0,True,False,30.83,23.27,35.31,Run_03318
5.0,0.4,50,2.0,False,True,33.77,98.54,149.50,Run_03319
5.0,0.4,50,2.0,False,False,30.68,29.45,44.69,Run_03320
5.0,0.4,50,3.0,True,True,33.78,78.54,119.16,Run_03321
5.0,0.4,50,3.0,True,False,30.86,21.82,33.10,Run_03322
5.0,0.4,50,3.0,False,True,33.77,98.54,149.50,Run_03323
5.0,0.4,50,3.0,False,False,30.68,29.45,44.69,Run_03324
5.0,0.4,60,1.0,True,True,33.68,87.27,132.40,Run_03325
5.0,0.4,60,1.0,True,False,30.92,27.64,41.93,Run_03326
5.0,0.4,60,1.0,False,True,33.78,99.63,151.16,Run_03327
5.0,0.4,60,1.0,False,False,30.98,31.64,48.00,Run_03328
5.0,0.4,60,2.0,True,True,33.80,82.54,125.23,Run_03329
5.0,0.4,60,2.0,True,False,31.07,26.18,39.72,Run_03330
5.0,0.4,60,2.0,False,True,33.78,99.63,151.16,Run_03331
5.0,0.4,60,2.0,False,False,30.98,31.64,48.00,Run_03332
5.0,0.4,60,3.0,True,True,33.76,78.54,119.16,Run_03333
5.0,0.4,60,3.0,True,False,31.07,24.73,37.51,Run_03334
5.0,0.4,60,3.0,False,True,33.78,99.63,151.16,Run_03335
5.0,0.4,60,3.0,False,False,30.98,31.64,48.00,Run_03336
5.0,0.4,70,1.0,True,True,33.77,87.27,132.40,Run_03337
5.0,0.4,70,1.0,True,False,31.46,29.45,44.69,Run_03338
5.0,0.4,70,1.0,False,True,33.93,100.36,152.26,Run_03339
5.0,0.4,70,1.0,False,False,31.59,35.27,53.51,Run_03340
5.0,0.4,70,2.0,True,True,33.93,82.18,124.68,Run_03341
5.0,0.4,70,2.0,True,False,31.69,28.00,42.48,Run_03342
5.0,0.4,70,2.0,False,True,33.93,100.36,152.26,Run_03343
5.0,0.4,70,2.0,False,False,31.59,35.27,53.51,Run_03344
5.0,0.4,70,3.0,True,True,33.90,78.18,118.61,Run_03345
5.0,0.4,70,3.0,True,False,31.71,26.54,40.27,Run_03346
5.0,0.4,70,3.0,False,True,33.93,100.36,152.26,Run_03347
5.0,0.4,70,3.0,False,False,31.59,35.27,53.51,Run_03348
5.0,0.4,80,1.0,True,True,33.86,87.63,132.95,Run_03349
5.0,0.4,80,1.0,True,False,31.67,32.36,49.10,Run_03350
5.0,0.4,80,1.0,False,True,34.04,100.72,152.81,Run_03351
5.0,0.4,80,1.0,False,False,31.79,37.82,57.37,Run_03352
5.0,0.4,80,2.0,True,True,34.02,82.54,125.23,Run_03353
5.0,0.4,80,2.0,True,False,31.86,30.91,46.89,Run_03354
5.0,0.4,80,2.0,False,True,34.04,100.72,152.81,Run_03355
5.0,0.4,80,2.0,False,False,31.79,37.82,57.37,Run_03356
5.0,0.4,80,3.0,True,True,34.01,78.54,119.16,Run_03357
5.0,0.4,80,3.0,True,False,31.95,29.45,44.69,Run_03358
5.0,0.4,80,3.0,False,True,34.04,100.72,152.81,Run_03359
5.0,0.4,80,3.0,False,False,31.79,37.82,57.37,Run_03360
5.0,0.5,20,1.0,True,True,34.58,87.27,132.40,Run_03361
5.0,0.5,20,1.0,True,False,29.32,15.64,24.09,Run_03362
5.0,0.5,20,1.0,False,True,34.70,95.63,145.09,Run_03363
5.0,0.5,20,1.0,False,False,29.28,18.54,28.57,Run_03364
5.0,0.5,20,2.0,True,True,34.67,81.45,123.58,Run_03365
5.0,0.5,20,2.0,True,False,29.47,13.82,21.29,Run_03366
5.0,0.5,20,2.0,False,True,34.70,95.63,145.09,Run_03367
5.0,0.5,20,2.0,False,False,29.28,18.54,28.57,Run_03368
5.0,0.5,20,3.0,True,True,34.68,77.82,118.06,Run_03369
5.0,0.5,20,3.0,True,False,29.64,13.09,20.17,Run_03370
5.0,0.5,20,3.0,False,True,34.70,95.63,145.09,Run_03371
5.0,0.5,20,3.0,False,False,29.28,18.54,28.57,Run_03372
5.0,0.5,30,1.0,True,True,34.12,86.91,131.85,Run_03373
5.0,0.5,30,1.0,True,False,29.83,18.91,28.69,Run_03374
5.0,0.5,30,1.0,False,True,34.21,96.36,146.19,Run_03375
5.0,0.5,30,1.0,False,False,29.74,20.73,31.45,Run_03376
5.0,0.5,30,2.0,True,True,34.25,81.45,123.58,Run_03377
5.0,0.5,30,2.0,True,False,29.93,17.82,27.03,Run_03378
5.0,0.5,30,2.0,False,True,34.21,96.36,146.19,Run_03379
5.0,0.5,30,2.0,False,False,29.74,20.73,31.45,Run_03380
5.0,0.5,30,3.0,True,True,34.28,78.18,118.61,Run_03381
5.0,0.5,30,3.0,True,False,30.16,16.73,25.38,Run_03382
5.0,0.5,30,3.0,False,True,34.21,96.36,146.19,Run_03383
5.0,0.5,30,3.0,False,False,29.74,20.73,31.45,Run_03384
5.0,0.5,40,1.0,True,True,33.87,86.91,131.85,Run_03385
5.0,0.5,40,1.0,True,False,30.04,20.73,31.45,Run_03386
5.0,0.5,40,1.0,False,True,33.90,96.00,145.64,Run_03387
5.0,0.5,40,1.0,False,False,29.97,23.27,35.31,Run_03388
5.0,0.5,40,2.0,True,True,33.98,81.81,124.13,Run_03389
5.0,0.5,40,2.0,True,False,30.15,20.00,30.34,Run_03390
5.0,0.5,40,2.0,False,True,33.90,96.00,145.64,Run_03391
5.0,0.5,40,2.0,False,False,29.97,23.27,35.31,Run_03392
5.0,0.5,40,3.0,True,True,33.98,78.18,118.61,Run_03393
5.0,0.5,40,3.0,True,False,30.30,17.45,26.48,Run_03394
5.0,0.5,40,3.0,False,True,33.90,96.00,145.64,Run_03395
5.0,0.5,40,3.0,False,False,29.97,23.27,35.31,Run_03396
5.0,0.5,50,1.0,True,True,33.88,86.91,131.85,Run_03397
5.0,0.5,50,1.0,True,False,30.43,23.64,35.86,Run_03398
5.0,0.5,50,1.0,False,True,33.99,96.00,145.64,Run_03399
5.0,0.5,50,1.0,False,False,30.43,25.45,38.62,Run_03400
5.0,0.5,50,2.0,True,True,34.02,82.18,124.68,Run_03401
5.0,0.5,50,2.0,True,False,30.57,22.54,34.20,Run_03402
5.0,0.5,50,2.0,False,True,33.99,96.00,145.64,Run_03403
5.0,0.5,50,2.0,False,False,30.43,25.45,38.62,Run_03404
5.0,0.5,50,3.0,True,True,33.91,78.54,119.16,Run_03405
5.0,0.5,50,3.0,True,False,30.58,21.09,32.00,Run_03406
5.0,0.5,50,3.0,False,True,33.99,96.00,145.64,Run_03407
5.0,0.5,50,3.0,False,False,30.43,25.45,38.62,Run_03408
5.0,0.5,60,1.0,True,True,33.83,86.91,131.85,Run_03409
5.0,0.5,60,1.0,True,False,30.65,24.36,36.96,Run_03410
5.0,0.5,60,1.0,False,True,33.94,98.54,149.50,Run_03411
5.0,0.5,60,1.0,False,False,30.66,27.64,41.93,Run_03412
5.0,0.5,60,2.0,True,True,33.94,82.18,124.68,Run_03413
5.0,0.5,60,2.0,True,False,30.76,23.64,35.86,Run_03414
5.0,0.5,60,2.0,False,True,33.94,98.54,149.50,Run_03415
5.0,0.5,60,2.0,False,False,30.66,27.64,41.93,Run_03416
5.0,0.5,60,3.0,True,True,33.92,78.54,119.16,Run_03417
5.0,0.5,60,3.0,True,False,30.79,21.82,33.10,Run_03418
5.0,0.5,60,3.0,False,True,33.94,98.54,149.50,Run_03419
5.0,0.5,60,3.0,False,False,30.66,27.64,41.93,Run_03420
5.0,0.5,70,1.0,True,True,33.63,85.81,130.20,Run_03421
5.0,0.5,70,1.0,True,False,30.69,24.73,37.51,Run_03422
5.0,0.5,70,1.0,False,True,33.76,97.09,147.30,Run_03423
5.0,0.5,70,1.0,False,False,30.76,28.36,43.03,Run_03424
5.0,0.5,70,2.0,True,True,33.74,81.09,123.02,Run_03425
5.0,0.5,70,2.0,True,False,30.82,23.64,35.86,Run_03426
5.0,0.5,70,2.0,False,True,33.76,97.09,147.30,Run_03427
5.0,0.5,70,2.0,False,False,30.76,28.36,43.03,Run_03428
5.0,0.5,70,3.0,True,True,33.73,77.82,118.06,Run_03429
5.0,0.5,70,3.0,True,False,30.89,21.82,33.10,Run_03430
5.0,0.5,70,3.0,False,True,33.76,97.09,147.30,Run_03431
5.0,0.5,70,3.0,False,False,30.76,28.36,43.03,Run_03432
5.0,0.5,80,1.0,True,True,33.65,86.18,130.75,Run_03433
5.0,0.5,80,1.0,True,False,30.86,26.54,40.27,Run_03434
5.0,0.5,80,1.0,False,True,33.79,97.45,147.85,Run_03435
5.0,0.5,80,1.0,False,False,30.95,30.18,45.79,Run_03436
5.0,0.5,80,2.0,True,True,33.78,81.45,123.58,Run_03437
5.0,0.5,80,2.0,True,False,31.03,25.45,38.62,Run_03438
5.0,0.5,80,2.0,False,True,33.79,97.45,147.85,Run_03439
5.0,0.5,80,2.0,False,False,30.95,30.18,45.79,Run_03440
5.0,0.5,80,3.0,True,True,33.79,77.82,118.06,Run_03441
5.0,0.5,80,3.0,True,False,31.12,23.64,35.86,Run_03442
5.0,0.5,80,3.0,False,True,33.79,97.45,147.85,Run_03443
5.0,0.5,80,3.0,False,False,30.95,30.18,45.79,Run_03444
5.0,0.6,20,1.0,True,True,34.60,86.91,131.85,Run_03445
5.0,0.6,20,1.0,True,False,29.27,15.27,23.53,Run_03446
5.0,0.6,20,1.0,False,True,34.73,95.27,144.54,Run_03447
5.0,0.6,20,1.0,False,False,29.27,17.09,26.33,Run_03448
5.0,0.6,20,2.0,True,True,34.65,81.45,123.58,Run_03449
5.0,0.6,20,2.0,True,False,29.38,13.45,20.73,Run_03450
5.0,0.6,20,2.0,False,True,34.73,95.27,144.54,Run_03451
5.0,0.6,20,2.0,False,False,29.27,17.09,26.33,Run_03452
5.0,0.6,20,3.0,True,True,34.70,78.18,118.61,Run_03453
5.0,0.6,20,3.0,True,False,29.49,12.73,19.61,Run_03454
5.0,0.6,20,3.0,False,True,34.73,95.27,144.54,Run_03455
5.0,0.6,20,3.0,False,False,29.27,17.09,26.33,Run_03456
5.0,0.6,30,1.0,True,True,34.35,86.18,130.75,Run_03457
5.0,0.6,30,1.0,True,False,29.86,16.00,24.27,Run_03458
5.0,0.6,30,1.0,False,True,34.42,96.72,146.75,Run_03459
5.0,0.6,30,1.0,False,False,29.77,17.82,27.03,Run_03460
5.0,0.6,30,2.0,True,True,34.47,81.45,123.58,Run_03461
5.0,0.6,30,2.0,True,False,29.97,15.27,23.17,Run_03462
5.0,0.6,30,2.0,False,True,34.42,96.72,146.75,Run_03463
5.0,0.6,30,2.0,False,False,29.77,17.82,27.03,Run_03464
5.0,0.6,30,3.0,True,True,34.48,78.54,119.16,Run_03465
5.0,0.6,30,3.0,True,False,30.17,14.18,21.52,Run_03466
5.0,0.6,30,3.0,False,True,34.42,96.72,146.75,Run_03467
5.0,0.6,30,3.0,False,False,29.77,17.82,27.03,Run_03468
5.0,0.6,40,1.0,True,True,33.93,86.54,131.30,Run_03469
5.0,0.6,40,1.0,True,False,29.96,19.27,29.24,Run_03470
5.0,0.6,40,1.0,False,True,34.00,95.63,145.09,Run_03471
5.0,0.6,40,1.0,False,False,29.90,21.82,33.10,Run_03472
5.0,0.6,40,2.0,True,True,34.07,81.45,123.58,Run_03473
5.0,0.6,40,2.0,True,False,30.06,18.54,28.14,Run_03474
5.0,0.6,40,2.0,False,True,34.00,95.63,145.09,Run_03475
5.0,0.6,40,2.0,False,False,29.90,21.82,33.10,Run_03476
5.0,0.6,40,3.0,True,True,34.09,78.18,118.61,Run_03477
5.0,0.6,40,3.0,True,False,30.23,16.00,24.27,Run_03478
5.0,0.6,40,3.0,False,True,34.00,95.63,145.09,Run_03479
5.0,0.6,40,3.0,False,False,29.90,21.82,33.10,Run_03480
5.0,0.6,50,1.0,True,True,33.89,86.18,130.75,Run_03481
5.0,0.6,50,1.0,True,False,30.32,21.82,33.10,Run_03482
5.0,0.6,50,1.0,False,True,34.02,95.27,144.54,Run_03483
5.0,0.6,50,1.0,False,False,30.30,23.64,35.86,Run_03484
5.0,0.6,50,2.0,True,True,34.02,81.45,123.58,Run_03485
5.0,0.6,50,2.0,True,False,30.45,21.09,32.00,Run_03486
5.0,0.6,50,2.0,False,True,34.02,95.27,144.54,Run_03487
5.0,0.6,50,2.0,False,False,30.30,23.64,35.86,Run_03488
5.0,0.6,50,3.0,True,True,33.92,78.54,119.16,Run_03489
5.0,0.6,50,3.0,True,False,30.48,19.27,29.24,Run_03490
5.0,0.6,50,3.0,False,True,34.02,95.27,144.54,Run_03491
5.0,0.6,50,3.0,False,False,30.30,23.64,35.86,Run_03492
5.0,0.6,60,1.0,True,True,33.83,86.18,130.75,Run_03493
5.0,0.6,60,1.0,True,False,30.50,22.91,34.76,Run_03494
5.0,0.6,60,1.0,False,True,33.96,96.72,146.75,Run_03495
5.0,0.6,60,1.0,False,False,30.52,26.18,39.72,Run_03496
5.0,0.6,60,2.0,True,True,33.95,81.45,123.58,Run_03497
5.0,0.6,60,2.0,True,False,30.59,22.18,33.65,Run_03498
5.0,0.6,60,2.0,False,True,33.96,96.72,146.75,Run_03499
5.0,0.6,60,2.0,False,False,30.52,26.18,39.72,Run_03500
5.0,0.6,60,3.0,True,True,33.88,78.54,119.16,Run_03501
5.0,0.6,60,3.0,True,False,30.61,20.36,30.89,Run_03502
5.0,0.6,60,3.0,False,True,33.96,96.72,146.75,Run_03503
5.0,0.6,60,3.0,False,False,30.52,26.18,39.72,Run_03504
5.0,0.6,70,1.0,True,True,33.77,86.18,130.75,Run_03505
5.0,0.6,70,1.0,True,False,30.69,23.27,35.31,Run_03506
5.0,0.6,70,1.0,False,True,33.93,97.81,148.40,Run_03507
5.0,0.6,70,1.0,False,False,30.78,26.91,40.82,Run_03508
5.0,0.6,70,2.0,True,True,33.88,81.45,123.58,Run_03509
5.0,0.6,70,2.0,True,False,30.79,22.54,34.20,Run_03510
5.0,0.6,70,2.0,False,True,33.93,97.81,148.40,Run_03511
5.0,0.6,70,2.0,False,False,30.78,26.91,40.82,Run_03512
5.0,0.6,70,3.0,True,True,33.86,78.54,119.16,Run_03513
5.0,0.6,70,3.0,True,False,30.85,20.73,31.45,Run_03514
5.0,0.6,70,3.0,False,True,33.93,97.81,148.40,Run_03515
5.0,0.6,70,3.0,False,False,30.78,26.91,40.82,Run_03516
5.0,0.6,80,1.0,True,True,33.80,86.54,131.30,Run_03517
5.0,0.6,80,1.0,True,False,30.94,25.09,38.07,Run_03518
5.0,0.6,80,1.0,False,True,33.97,98.18,148.95,Run_03519
5.0,0.6,80,1.0,False,False,31.02,28.73,43.58,Run_03520
5.0,0.6,80,2.0,True,True,33.93,81.81,124.13,Run_03521
5.0,0.6,80,2.0,True,False,31.06,24.36,36.96,Run_03522
5.0,0.6,80,2.0,False,True,33.97,98.18,148.95,Run_03523
5.0,0.6,80,2.0,False,False,31.02,28.73,43.58,Run_03524
5.0,0.6,80,3.0,True,True,33.97,78.91,119.71,Run_03525
5.0,0.6,80,3.0,True,False,31.14,22.54,34.20,Run_03526
5.0,0.6,80,3.0,False,True,33.97,98.18,148.95,Run_03527
5.0,0.6,80,3.0,False,False,31.02,28.73,43.58,Run_03528
