day,resolve_step,resolve_clock,offset_step,offset_clock,steps_ahead,cev,scenario_id,activity_planned,planned_power_kW,planned_charging,soe_cev_planned_kWh,soe_mcs_planned_kWh,changed_from_prior_resolve
1,1,08:00,1,08:00,0,1,,Digging,4.7925,false,13.601875,250.0,
1,1,08:00,2,08:15,1,1,,Digging,4.7925,false,12.403749999999977,250.0,
1,1,08:00,3,08:30,2,1,,Charging,-2.6645352591003757e-15,true,14.303749999999978,247.89473684210526,
1,1,08:00,4,08:45,3,1,,Digging,4.7925,false,13.105624999999979,247.8947368421053,
1,1,08:00,5,09:00,4,1,,Digging,4.7925,false,11.907499999999978,247.8947368421053,
1,1,08:00,6,09:15,5,1,,Charging,0.0,true,13.807499999999978,245.78947368421055,
1,1,08:00,7,09:30,6,1,,Charging,0.0,true,14.8,244.68975069252076,
1,1,08:00,8,09:45,7,1,,Traveling,4.7101,false,13.622475000000001,244.68975069252076,
1,1,08:00,9,10:00,8,1,,Loading/Swinging,3.1586,false,12.832825000000001,244.68975069252076,
1,1,08:00,10,10:15,9,1,,Digging,4.792499999999997,false,11.634700000000002,244.68975069252076,
1,1,08:00,11,10:30,10,1,,Digging,4.7925000000000075,false,10.436575000000001,244.68975069252076,
1,1,08:00,12,10:45,11,1,,Charging,5.329070518200751e-15,true,12.336575,242.58448753462602,
1,1,08:00,13,11:00,12,1,,Digging,4.7925,false,11.138449999999999,242.58448753462602,
1,1,08:00,14,11:15,13,1,,Traveling,4.7101000000000015,false,9.960924999999998,242.58448753462602,
1,1,08:00,15,11:30,14,1,,Digging,4.7925,false,8.762799999999999,242.58448753462602,
1,1,08:00,16,11:45,15,1,,Digging,4.7925,false,7.5646749999999985,242.58448753462602,
1,1,08:00,17,12:00,16,1,,Charging,0.0,true,9.464674999999998,240.47922437673128,
1,1,08:00,18,12:15,17,1,,Charging,0.0,true,11.364674999999998,238.37396121883654,
1,1,08:00,19,12:30,18,1,,,0.0,false,11.364674999999998,238.37396121883654,
1,1,08:00,20,12:45,19,1,,,0.0,false,11.364674999999998,238.83710939398355,
1,1,08:00,21,13:00,20,1,,,0.0,false,11.364674999999998,239.30025756913057,
1,1,08:00,22,13:15,21,1,,,0.0,false,11.364674999999998,239.76340574427758,
1,1,08:00,23,13:30,22,1,,,0.0,false,11.364674999999998,240.2265539194246,
1,1,08:00,24,13:45,23,1,,,0.0,false,11.364674999999998,240.6897020945716,
1,1,08:00,25,14:00,24,1,,Digging,4.7925,false,10.166549999999997,241.1528502697186,
1,1,08:00,26,14:15,25,1,,Digging,4.7925,false,8.968424999999996,241.61599844486562,
1,1,08:00,27,14:30,26,1,,Traveling,4.710099999999922,false,7.790900000000016,242.07914662001264,
1,1,08:00,28,14:45,27,1,,Digging,4.792500000000054,false,6.592775000000002,242.54229479515965,
1,1,08:00,29,15:00,28,1,,Idle,0.0,false,6.592775000000002,243.00544297030666,
1,1,08:00,30,15:15,29,1,,Loading/Swinging,3.1586,false,5.803125000000002,243.46859114545367,
1,1,08:00,31,15:30,30,1,,Loading/Swinging,3.1586,false,5.013475000000002,243.93173932060068,
1,1,08:00,32,15:45,31,1,,Loading/Swinging,3.158599999999968,false,4.223825000000007,244.3948874957477,
1,1,08:00,33,16:00,32,1,,Traveling,4.71010000000001,false,3.0463000000000044,244.3948874957477,
1,1,08:00,34,16:15,33,1,,Charging,0.0,true,4.946299999999997,242.28962433785296,
1,1,08:00,35,16:30,34,1,,Loading/Swinging,3.1585999999999887,false,4.156649999999996,242.28962433785296,
1,1,08:00,36,16:45,35,1,,Loading/Swinging,3.1586,false,3.3669999999999964,242.28962433785296,
1,1,08:00,37,17:00,36,1,,,0.0,false,3.3669999999999964,242.28962433785296,
1,1,08:00,38,17:15,37,1,,,0.0,false,3.3669999999999964,242.28962433785296,
1,1,08:00,39,17:30,38,1,,,0.0,false,3.366999999999991,242.28962433785296,
1,1,08:00,40,17:45,39,1,,,0.0,false,3.366999999999991,242.28962433785296,
1,1,08:00,41,18:00,40,1,,,0.0,false,3.366999999999991,242.28962433785296,
1,1,08:00,42,18:15,41,1,,,0.0,false,3.366999999999991,242.28962433785296,
1,1,08:00,43,18:30,42,1,,,0.0,false,3.3669999999999907,242.28962433785296,
1,1,08:00,44,18:45,43,1,,Charging,0.0,true,5.266999999999991,240.18436117995822,
1,1,08:00,45,19:00,44,1,,Charging,0.0,true,7.166999999999991,238.07909802206348,
1,1,08:00,46,19:15,45,1,,,0.0,false,7.166999999999991,238.07909802206348,
1,1,08:00,47,19:30,46,1,,Charging,0.0,true,9.066999999999991,235.97383486416874,
1,1,08:00,48,19:45,47,1,,Charging,0.0,true,10.966999999999992,233.868571706274,
1,1,08:00,49,20:00,48,1,,Charging,0.0,true,11.00000000000001,233.83200660932107,
1,1,08:00,50,20:15,49,1,,Charging,0.0,true,12.900000000000011,231.72674345142633,
1,1,08:00,51,20:30,50,1,,Charging,0.0,true,14.8,229.6214802935316,
1,1,08:00,52,20:45,51,1,,,0.0,false,14.8,229.6214802935316,
1,1,08:00,53,21:00,52,1,,,0.0,false,14.8,230.0846284686786,
1,1,08:00,54,21:15,53,1,,,0.0,false,14.8,230.5477766438256,
1,1,08:00,55,21:30,54,1,,,0.0,false,14.8,231.01092481897263,
1,1,08:00,56,21:45,55,1,,,0.0,false,14.8,231.47407299411964,
1,1,08:00,57,22:00,56,1,,,0.0,false,14.8,231.93722116926665,
1,1,08:00,58,22:15,57,1,,,0.0,false,14.8,232.40036934441366,
1,1,08:00,59,22:30,58,1,,,0.0,false,14.8,232.86351751956067,
1,1,08:00,60,22:45,59,1,,,0.0,false,14.8,233.32666569470769,
1,1,08:00,61,23:00,60,1,,,0.0,false,14.8,233.7898138698547,
1,1,08:00,62,23:15,61,1,,,0.0,false,14.8,234.2529620450017,
1,1,08:00,63,23:30,62,1,,,0.0,false,14.8,234.71611022014872,
1,1,08:00,64,23:45,63,1,,,0.0,false,14.8,235.17925839529573,
1,1,08:00,65,00:00,64,1,,,0.0,false,14.8,235.64240657044274,
1,1,08:00,66,00:15,65,1,,,0.0,false,14.8,236.10555474558976,
1,1,08:00,67,00:30,66,1,,,0.0,false,14.8,236.56870292073677,
1,1,08:00,68,00:45,67,1,,,0.0,false,14.8,237.03185109588378,
1,1,08:00,69,01:00,68,1,,,0.0,false,14.8,237.4949992710308,
1,1,08:00,70,01:15,69,1,,,0.0,false,14.8,237.9581474461778,
1,1,08:00,71,01:30,70,1,,,0.0,false,14.8,238.42129562132482,
1,1,08:00,72,01:45,71,1,,,0.0,false,14.8,238.88444379647183,
1,1,08:00,73,02:00,72,1,,,0.0,false,14.8,239.34759197161884,
1,1,08:00,74,02:15,73,1,,,0.0,false,14.8,239.81074014676585,
1,1,08:00,75,02:30,74,1,,,0.0,false,14.8,240.27388832191286,
1,1,08:00,76,02:45,75,1,,,0.0,false,14.8,240.73703649705988,
1,1,08:00,77,03:00,76,1,,,0.0,false,14.8,241.2001846722069,
1,1,08:00,78,03:15,77,1,,,0.0,false,14.8,241.6633328473539,
1,1,08:00,79,03:30,78,1,,,0.0,false,14.8,242.1264810225009,
1,1,08:00,80,03:45,79,1,,,0.0,false,14.8,242.58962919764792,
1,1,08:00,81,04:00,80,1,,,0.0,false,14.8,243.05277737279494,
1,1,08:00,82,04:15,81,1,,,0.0,false,14.8,243.51592554794195,
1,1,08:00,83,04:30,82,1,,,0.0,false,14.8,243.97907372308896,
1,1,08:00,84,04:45,83,1,,,0.0,false,14.8,244.44222189823597,
1,1,08:00,85,05:00,84,1,,,0.0,false,14.8,244.90537007338298,
1,1,08:00,86,05:15,85,1,,,0.0,false,14.8,245.36851824853,
1,1,08:00,87,05:30,86,1,,,0.0,false,14.8,245.831666423677,
1,1,08:00,88,05:45,87,1,,,0.0,false,14.8,246.29481459882402,
1,1,08:00,89,06:00,88,1,,,0.0,false,14.8,246.75796277397103,
1,1,08:00,90,06:15,89,1,,,0.0,false,14.8,247.22111094911804,
1,1,08:00,91,06:30,90,1,,,0.0,false,14.8,247.68425912426505,
1,1,08:00,92,06:45,91,1,,,0.0,false,14.8,248.14740729941207,
1,1,08:00,93,07:00,92,1,,,0.0,false,14.8,248.61055547455908,
1,1,08:00,94,07:15,93,1,,,0.0,false,14.8,249.0737036497061,
1,1,08:00,95,07:30,94,1,,,0.0,false,14.8,249.536851824853,
1,1,08:00,96,07:45,95,1,,,0.0,false,14.8,250.0,
1,2,08:15,2,08:15,0,1,,Digging,4.792499999999322,false,12.29942500000017,250.0,false
1,2,08:15,3,08:30,1,1,,Digging,4.7925,false,11.101299999999998,250.0,true
1,2,08:15,4,08:45,2,1,,Digging,4.7925000000824785,false,9.90317499997938,250.0,false
1,2,08:15,5,09:00,3,1,,Charging,0.0,true,11.803175000048109,247.89473684202912,true
1,2,08:15,6,09:15,4,1,,Traveling,4.7101,false,10.62565000004811,247.89473684202912,true
1,2,08:15,7,09:30,5,1,,Charging,9.406968703995489e-12,true,12.525650000045752,245.78947368413438,false
1,2,08:15,8,09:45,6,1,,Digging,4.792499999920963,false,11.327525000061279,245.7894736841351,true
1,2,08:15,9,10:00,7,1,,Digging,4.792499999997176,false,10.129400000061985,245.7894736841351,true
1,2,08:15,10,10:15,8,1,,Digging,4.792500000002491,false,8.931275000061362,245.7894736841351,false
1,2,08:15,11,10:30,9,1,,Digging,4.79249999999972,false,7.733150000061432,245.7894736841351,false
1,2,08:15,12,10:45,10,1,,Charging,0.0,true,9.633150000064504,243.6842105262372,false
1,2,08:15,13,11:00,11,1,,Traveling,4.710100000000434,false,8.455625000064394,243.6842105262372,true
1,2,08:15,14,11:15,12,1,,Charging,5.193045993223677e-14,true,10.355625000064379,241.57894736834245,true
1,2,08:15,15,11:30,13,1,,Digging,4.792499999999586,false,9.157500000064482,241.57894736834245,false
1,2,08:15,16,11:45,14,1,,Digging,4.79250000000063,false,7.959375000064325,241.57894736834245,false
1,2,08:15,17,12:00,15,1,,Charging,0.0,true,9.859375000064324,239.47368421044771,false
1,2,08:15,18,12:15,16,1,,Charging,0.0,true,11.759375000064324,237.36842105255297,false
1,2,08:15,19,12:30,17,1,,,0.0,false,11.759375000064324,237.36842105255297,false
1,2,08:15,20,12:45,18,1,,,0.0,false,11.759375000064324,237.8335972201188,false
1,2,08:15,21,13:00,19,1,,,0.0,false,11.759375000064324,238.29877338768463,false
1,2,08:15,22,13:15,20,1,,,0.0,false,11.759375000064324,238.76394955525046,false
1,2,08:15,23,13:30,21,1,,,0.0,false,11.759375000064324,239.2291257228163,false
1,2,08:15,24,13:45,22,1,,,0.0,false,11.759375000064324,239.69430189038212,false
1,2,08:15,25,14:00,23,1,,Loading/Swinging,3.1586,false,10.969725000064324,240.15947805794795,true
1,2,08:15,26,14:15,24,1,,Digging,4.792500000000736,false,9.77160000006414,240.62465422551378,false
1,2,08:15,27,14:30,25,1,,Traveling,4.710099999987165,false,8.594075000067349,241.0898303930796,false
1,2,08:15,28,14:45,26,1,,Digging,4.792500000001085,false,7.395950000067077,241.55500656064544,false
1,2,08:15,29,15:00,27,1,,Idle,1.1155520951433573e-11,false,7.395950000064288,242.0201827282112,false
1,2,08:15,30,15:15,28,1,,Loading/Swinging,3.1586,false,6.606300000064288,242.48535889577704,false
1,2,08:15,31,15:30,29,1,,Loading/Swinging,3.158599999988395,false,5.816650000065756,242.9505350633429,false
1,2,08:15,32,15:45,30,1,,Loading/Swinging,3.158599999990996,false,5.027000000068007,243.41571123090873,false
1,2,08:15,33,16:00,31,1,,Traveling,4.710100000000029,false,3.849475000068,243.41571123090873,false
1,2,08:15,34,16:15,32,1,,Charging,5.154285187079391e-12,true,5.749475000065538,241.3104480730153,false
1,2,08:15,35,16:30,33,1,,Loading/Swinging,3.1586000000031924,false,4.95982500006474,241.3104480730153,false
1,2,08:15,36,16:45,34,1,,Loading/Swinging,3.158600000000259,false,4.170175000064675,241.3104480730153,false
1,2,08:15,37,17:00,35,1,,Charging,0.0,true,6.070175000005379,239.20518491518627,true
1,2,08:15,38,17:15,36,1,,Charging,0.0,true,7.970175000005378,237.09992175729153,true
1,2,08:15,39,17:30,37,1,,,0.0,false,7.970175000005378,237.09992175729153,false
1,2,08:15,40,17:45,38,1,,Charging,0.0,true,9.870175000005377,234.9946585993968,true
1,2,08:15,41,18:00,39,1,,Charging,0.0,true,11.770175000005377,232.88939544150205,true
1,2,08:15,42,18:15,40,1,,Charging,0.0,true,12.899999999999997,231.6375117849983,true
1,2,08:15,43,18:30,41,1,,Charging,0.0,true,14.799999999999997,229.53224862710357,true
1,2,08:15,44,18:45,42,1,,,0.0,false,14.799999999999997,229.53224862710357,true
1,2,08:15,45,19:00,43,1,,,0.0,false,14.799999999999997,229.53224862710357,true
1,2,08:15,46,19:15,44,1,,,0.0,false,14.799999999999997,229.53224862710357,false
1,2,08:15,47,19:30,45,1,,,0.0,false,14.799999999999997,229.53224862710357,true
1,2,08:15,48,19:45,46,1,,,0.0,false,14.799999999999997,229.53224862710357,true
1,2,08:15,49,20:00,47,1,,,0.0,false,14.799999999999997,229.53224862710357,true
1,2,08:15,50,20:15,48,1,,,0.0,false,14.8,229.53224862710357,true
1,2,08:15,51,20:30,49,1,,,0.0,false,14.8,229.53224862710357,true
1,2,08:15,52,20:45,50,1,,,0.0,false,14.8,229.53224862710357,false
1,2,08:15,53,21:00,51,1,,,0.0,false,14.8,229.9974247946694,false
1,2,08:15,54,21:15,52,1,,,0.0,false,14.8,230.46260096223523,false
1,2,08:15,55,21:30,53,1,,,0.0,false,14.8,230.92777712980106,false
1,2,08:15,56,21:45,54,1,,,0.0,false,14.8,231.3929532973669,false
1,2,08:15,57,22:00,55,1,,,0.0,false,14.8,231.85812946493272,false
1,2,08:15,58,22:15,56,1,,,0.0,false,14.8,232.32330563249855,false
1,2,08:15,59,22:30,57,1,,,0.0,false,14.8,232.78848180006437,false
1,2,08:15,60,22:45,58,1,,,0.0,false,14.8,233.2536579676302,false
1,2,08:15,61,23:00,59,1,,,0.0,false,14.8,233.71883413519603,false
1,2,08:15,62,23:15,60,1,,,0.0,false,14.8,234.18401030276186,false
1,2,08:15,63,23:30,61,1,,,0.0,false,14.8,234.6491864703277,false
1,2,08:15,64,23:45,62,1,,,0.0,false,14.8,235.11436263789352,false
1,2,08:15,65,00:00,63,1,,,0.0,false,14.8,235.57953880545935,false
1,2,08:15,66,00:15,64,1,,,0.0,false,14.8,236.04471497302518,false
1,2,08:15,67,00:30,65,1,,,0.0,false,14.8,236.509891140591,false
1,2,08:15,68,00:45,66,1,,,0.0,false,14.8,236.97506730815684,false
1,2,08:15,69,01:00,67,1,,,0.0,false,14.8,237.44024347572267,false
1,2,08:15,70,01:15,68,1,,,0.0,false,14.8,237.9054196432885,false
1,2,08:15,71,01:30,69,1,,,0.0,false,14.8,238.37059581085433,false
1,2,08:15,72,01:45,70,1,,,0.0,false,14.8,238.83577197842015,false
1,2,08:15,73,02:00,71,1,,,0.0,false,14.8,239.30094814598598,false
1,2,08:15,74,02:15,72,1,,,0.0,false,14.8,239.7661243135518,false
1,2,08:15,75,02:30,73,1,,,0.0,false,14.8,240.23130048111764,false
1,2,08:15,76,02:45,74,1,,,0.0,false,14.8,240.69647664868347,false
1,2,08:15,77,03:00,75,1,,,0.0,false,14.8,241.1616528162493,false
1,2,08:15,78,03:15,76,1,,,0.0,false,14.8,241.62682898381513,false
1,2,08:15,79,03:30,77,1,,,0.0,false,14.8,242.09200515138096,false
1,2,08:15,80,03:45,78,1,,,0.0,false,14.8,242.5571813189468,false
1,2,08:15,81,04:00,79,1,,,0.0,false,14.8,243.0223574865126,false
1,2,08:15,82,04:15,80,1,,,0.0,false,14.8,243.48753365407842,false
1,2,08:15,83,04:30,81,1,,,0.0,false,14.8,243.95270982164425,false
1,2,08:15,84,04:45,82,1,,,0.0,false,14.8,244.41788598921008,false
1,2,08:15,85,05:00,83,1,,,0.0,false,14.8,244.8830621567759,false
1,2,08:15,86,05:15,84,1,,,0.0,false,14.8,245.34823832434174,false
1,2,08:15,87,05:30,85,1,,,0.0,false,14.8,245.81341449190757,false
1,2,08:15,88,05:45,86,1,,,0.0,false,14.8,246.2785906594734,false
1,2,08:15,89,06:00,87,1,,,0.0,false,14.8,246.74376682703922,false
1,2,08:15,90,06:15,88,1,,,0.0,false,14.8,247.20894299460505,false
1,2,08:15,91,06:30,89,1,,,0.0,false,14.8,247.67411916217088,false
1,2,08:15,92,06:45,90,1,,,0.0,false,14.8,248.1392953297367,false
1,2,08:15,93,07:00,91,1,,,0.0,false,14.8,248.60447149730254,false
1,2,08:15,94,07:15,92,1,,,0.0,false,14.8,249.06964766486837,false
1,2,08:15,95,07:30,93,1,,,0.0,false,14.8,249.53482383243417,false
1,2,08:15,96,07:45,94,1,,,0.0,false,14.8,250.0,false
1,3,08:30,3,08:30,0,1,,Digging,4.792500000043646,false,11.248774999988544,250.0000000000006,false
1,3,08:30,4,08:45,1,1,,Charging,-3.405276061129914e-14,true,13.148774999989099,247.89473684210398,true
1,3,08:30,5,09:00,2,1,,Digging,4.7925,false,11.950649999989126,247.89473684210395,true
1,3,08:30,6,09:15,3,1,,Charging,0.0,true,13.85064999996442,245.78947368420805,true
1,3,08:30,7,09:30,4,1,,Traveling,4.710099999938216,false,12.673125000004976,245.78947368420805,true
1,3,08:30,8,09:45,5,1,,Charging,1.305622276959184e-13,true,14.57312500000521,243.68421052631302,true
1,3,08:30,9,10:00,6,1,,Digging,4.792499999997143,false,13.375000000005924,243.68421052631302,false
1,3,08:30,10,10:15,7,1,,Digging,4.792500000064801,false,12.176874999989725,244.15477542540293,false
1,3,08:30,11,10:30,8,1,,Digging,4.792500000042115,false,10.978749999979195,244.6253403244928,false
1,3,08:30,12,10:45,9,1,,Digging,4.792499999872942,false,9.780625000010959,245.0959052235827,true
1,3,08:30,13,11:00,10,1,,Idle,-4.132066373507827e-12,false,9.780625000012021,245.5664701226725,true
1,3,08:30,14,11:15,11,1,,Traveling,4.710100000045709,false,8.603100000000595,246.0370350217624,true
1,3,08:30,15,11:30,12,1,,Digging,4.7925,false,7.4049750000005945,246.50759992085227,false
1,3,08:30,16,11:45,13,1,,Digging,4.7925,false,6.206850000000594,246.97816481994215,false
1,3,08:30,17,12:00,14,1,,,0.0,false,6.206850000000594,247.44872971903203,true
1,3,08:30,18,12:15,15,1,,,0.0,false,6.206850000000594,247.9192946181219,true
1,3,08:30,19,12:30,16,1,,,0.0,false,6.206850000000594,248.3898595172118,false
1,3,08:30,20,12:45,17,1,,,0.0,false,6.206849999999634,248.86042441630167,false
1,3,08:30,21,13:00,18,1,,,0.0,false,6.206849999999634,249.3309893153924,false
1,3,08:30,22,13:15,19,1,,,0.0,false,6.206849999999634,249.33098931539246,false
1,3,08:30,23,13:30,20,1,,Charging,0.0,true,8.106850000000893,247.22572615749633,true
1,3,08:30,24,13:45,21,1,,Charging,0.0,true,10.006850000000894,245.12046299960159,true
1,3,08:30,25,14:00,22,1,,Digging,4.7925,false,8.808725000000894,245.12046299960159,true
1,3,08:30,26,14:15,23,1,,Digging,4.792500000000011,false,7.6106000000008915,245.12046299960159,false
1,3,08:30,27,14:30,24,1,,Charging,0.0,true,9.510600000000892,243.01519984170685,true
1,3,08:30,28,14:45,25,1,,Traveling,4.7101,false,8.333075000000893,243.01519984170685,true
1,3,08:30,29,15:00,26,1,,Loading/Swinging,3.1586000000000394,false,7.543425000000883,243.01519984170685,true
1,3,08:30,30,15:15,27,1,,Loading/Swinging,3.1586,false,6.753775000000883,243.01519984170685,false
1,3,08:30,31,15:30,28,1,,Loading/Swinging,3.1586,false,5.964125000000883,243.01519984170685,false
1,3,08:30,32,15:45,29,1,,Charging,0.0,true,7.864125000000882,240.9099366838121,true
1,3,08:30,33,16:00,30,1,,Loading/Swinging,3.1585999999999497,false,7.074475000000895,240.9099366838121,true
1,3,08:30,34,16:15,31,1,,Traveling,4.710100000000039,false,5.896950000000886,240.9099366838121,true
1,3,08:30,35,16:30,32,1,,Loading/Swinging,3.1585999999996766,false,5.107300000000967,240.9099366838121,false
1,3,08:30,36,16:45,33,1,,Loading/Swinging,3.15859999999977,false,4.317650000001025,240.9099366838121,false
1,3,08:30,37,17:00,34,1,,Charging,0.0,true,6.217650000001026,238.80467352591737,false
1,3,08:30,38,17:15,35,1,,Charging,0.0,true,8.117650000001024,236.69941036802263,false
1,3,08:30,39,17:30,36,1,,Charging,0.0,true,10.017650000001025,234.5941472101279,true
1,3,08:30,40,17:45,37,1,,Charging,0.0,true,10.999999999999998,233.50567075583538,false
1,3,08:30,41,18:00,38,1,,Charging,0.0,true,12.899999999999997,231.40040759794064,false
1,3,08:30,42,18:15,39,1,,Charging,0.0,true,14.799999999999997,229.2951444400459,false
1,3,08:30,43,18:30,40,1,,,0.0,false,14.8,229.2951444400459,true
1,3,08:30,44,18:45,41,1,,,0.0,false,14.8,229.2951444400459,false
1,3,08:30,45,19:00,42,1,,,0.0,false,14.8,229.2951444400459,false
1,3,08:30,46,19:15,43,1,,,0.0,false,14.8,229.2951444400459,false
1,3,08:30,47,19:30,44,1,,,0.0,false,14.8,229.2951444400459,false
1,3,08:30,48,19:45,45,1,,,0.0,false,14.8,229.2951444400459,false
1,3,08:30,49,20:00,46,1,,,0.0,false,14.8,229.2951444400459,false
1,3,08:30,50,20:15,47,1,,,0.0,false,14.8,229.2951444400459,false
1,3,08:30,51,20:30,48,1,,,0.0,false,14.8,229.2951444400459,false
1,3,08:30,52,20:45,49,1,,,0.0,false,14.8,229.2951444400459,false
1,3,08:30,53,21:00,50,1,,,0.0,false,14.8,229.76570933913578,false
1,3,08:30,54,21:15,51,1,,,0.0,false,14.8,230.23627423822563,false
1,3,08:30,55,21:30,52,1,,,0.0,false,14.8,230.7068391373155,false
1,3,08:30,56,21:45,53,1,,,0.0,false,14.8,231.17740403640536,false
1,3,08:30,57,22:00,54,1,,,0.0,false,14.8,231.64796893549524,false
1,3,08:30,58,22:15,55,1,,,0.0,false,14.8,232.1185338345851,false
1,3,08:30,59,22:30,56,1,,,0.0,false,14.8,232.58909873367497,false
1,3,08:30,60,22:45,57,1,,,0.0,false,14.8,233.05966363276485,false
1,3,08:30,61,23:00,58,1,,,0.0,false,14.8,233.5302285318547,false
1,3,08:30,62,23:15,59,1,,,0.0,false,14.8,234.00079343094458,false
1,3,08:30,63,23:30,60,1,,,0.0,false,14.8,234.47135833003443,false
1,3,08:30,64,23:45,61,1,,,0.0,false,14.8,234.9419232291243,false
1,3,08:30,65,00:00,62,1,,,0.0,false,14.8,235.41248812821416,false
1,3,08:30,66,00:15,63,1,,,0.0,false,14.8,235.88305302730404,false
1,3,08:30,67,00:30,64,1,,,0.0,false,14.8,236.3536179263939,false
1,3,08:30,68,00:45,65,1,,,0.0,false,14.8,236.82418282548377,false
1,3,08:30,69,01:00,66,1,,,0.0,false,14.8,237.29474772457363,false
1,3,08:30,70,01:15,67,1,,,0.0,false,14.8,237.7653126236635,false
1,3,08:30,71,01:30,68,1,,,0.0,false,14.8,238.23587752275336,false
1,3,08:30,72,01:45,69,1,,,0.0,false,14.8,238.70644242184324,false
1,3,08:30,73,02:00,70,1,,,0.0,false,14.8,239.1770073209331,false
1,3,08:30,74,02:15,71,1,,,0.0,false,14.8,239.64757222002297,false
1,3,08:30,75,02:30,72,1,,,0.0,false,14.8,240.11813711911282,false
1,3,08:30,76,02:45,73,1,,,0.0,false,14.8,240.5887020182027,false
1,3,08:30,77,03:00,74,1,,,0.0,false,14.8,241.05926691729255,false
1,3,08:30,78,03:15,75,1,,,0.0,false,14.8,241.52983181638243,false
1,3,08:30,79,03:30,76,1,,,0.0,false,14.8,242.00039671547228,false
1,3,08:30,80,03:45,77,1,,,0.0,false,14.8,242.47096161456216,false
1,3,08:30,81,04:00,78,1,,,0.0,false,14.8,242.941526513652,false
1,3,08:30,82,04:15,79,1,,,0.0,false,14.8,243.4120914127419,false
1,3,08:30,83,04:30,80,1,,,0.0,false,14.8,243.88265631183174,false
1,3,08:30,84,04:45,81,1,,,0.0,false,14.8,244.35322121092162,false
1,3,08:30,85,05:00,82,1,,,0.0,false,14.8,244.82378611001147,false
1,3,08:30,86,05:15,83,1,,,0.0,false,14.8,245.29435100910135,false
1,3,08:30,87,05:30,84,1,,,0.0,false,14.8,245.7649159081912,false
1,3,08:30,88,05:45,85,1,,,0.0,false,14.8,246.23548080728108,false
1,3,08:30,89,06:00,86,1,,,0.0,false,14.8,246.70604570637093,false
1,3,08:30,90,06:15,87,1,,,0.0,false,14.8,247.1766106054608,false
1,3,08:30,91,06:30,88,1,,,0.0,false,14.8,247.64717550455066,false
1,3,08:30,92,06:45,89,1,,,0.0,false,14.8,248.11774040364054,false
1,3,08:30,93,07:00,90,1,,,0.0,false,14.8,248.5883053027304,false
1,3,08:30,94,07:15,91,1,,,0.0,false,14.8,249.05887020182027,false
1,3,08:30,95,07:30,92,1,,,0.0,false,14.8,249.52943510091015,false
1,3,08:30,96,07:45,93,1,,,0.0,false,14.8,250.0,false
1,4,08:45,4,08:45,0,1,,Digging,4.792499999981755,false,10.198125000006993,249.99999999999727,true
1,4,08:45,5,09:00,1,1,,Charging,1.9502176194223724e-12,true,12.098125000006515,247.89473684210253,true
1,4,08:45,6,09:15,2,1,,Traveling,4.710100000013971,false,10.920600000000073,247.8947368421058,true
1,4,08:45,7,09:30,3,1,,Charging,-2.0306214375612736e-11,true,12.820600000005136,245.7894736842111,true
1,4,08:45,8,09:45,4,1,,Charging,-3.326356572408429e-11,true,14.720600000011476,243.68421052631854,false
1,4,08:45,9,10:00,5,1,,Digging,4.7925,false,13.522475000011475,243.68421052631854,false
1,4,08:45,10,10:15,6,1,,Digging,4.7925000000442495,false,12.324350000000413,244.15185743965452,false
1,4,08:45,11,10:30,7,1,,Digging,4.7925,false,11.126225000000414,244.6195043529905,false
1,4,08:45,12,10:45,8,1,,Digging,4.792499999992616,false,9.92810000000226,245.0871512663265,false
1,4,08:45,13,11:00,9,1,,Idle,-3.312457223791891e-11,false,9.928100000010541,245.55479817966247,false
1,4,08:45,14,11:15,10,1,,Traveling,4.7100999999999384,false,8.750575000010556,246.02244509299845,false
1,4,08:45,15,11:30,11,1,,Digging,4.7925000000442495,false,7.552449999999494,246.49009200633444,false
1,4,08:45,16,11:45,12,1,,Digging,4.7925,false,6.354324999999494,246.95773891967042,false
1,4,08:45,17,12:00,13,1,,,0.0,false,6.354324999999494,247.4253858330064,false
1,4,08:45,18,12:15,14,1,,,0.0,false,6.354324999999494,247.89303274634239,false
1,4,08:45,19,12:30,15,1,,,0.0,false,6.354324999999494,248.36067965967837,false
1,4,08:45,20,12:45,16,1,,,0.0,false,6.354324999999494,248.82832657301435,false
1,4,08:45,21,13:00,17,1,,,0.0,false,6.354324999999493,249.29597348635286,false
1,4,08:45,22,13:15,18,1,,,0.0,false,6.354324999999493,249.29597348635028,false
1,4,08:45,23,13:30,19,1,,Charging,0.0,true,8.254324999999493,247.19071032845554,false
1,4,08:45,24,13:45,20,1,,Charging,0.0,true,10.154325000000611,245.08544717055958,false
1,4,08:45,25,14:00,21,1,,Digging,4.792499999999948,false,8.956200000000624,245.08544717055958,false
1,4,08:45,26,14:15,22,1,,Digging,4.792499999994473,false,7.758074999999669,245.08544717056216,false
1,4,08:45,27,14:30,23,1,,Charging,0.0,true,9.658075000000453,242.98018401266657,false
1,4,08:45,28,14:45,24,1,,Traveling,4.710100000018092,false,8.48054999999593,242.98018401266657,false
1,4,08:45,29,15:00,25,1,,Loading/Swinging,3.158599999990407,false,7.690899999998328,242.98018401266657,false
1,4,08:45,30,15:15,26,1,,Loading/Swinging,3.1586,false,6.901249999998328,242.98018401266657,false
1,4,08:45,31,15:30,27,1,,Loading/Swinging,3.158599999994158,false,6.111599999999788,242.98018401266657,false
1,4,08:45,32,15:45,28,1,,Charging,0.0,true,8.011599999999838,240.87492085477177,false
1,4,08:45,33,16:00,29,1,,Loading/Swinging,3.158599999997346,false,7.221950000000504,240.87492085477177,false
1,4,08:45,34,16:15,30,1,,Traveling,4.710099999996569,false,6.044425000001362,240.87492085477177,false
1,4,08:45,35,16:30,31,1,,Loading/Swinging,3.1585999999982297,false,5.254774999996704,240.87492085477177,false
1,4,08:45,36,16:45,32,1,,Loading/Swinging,3.1586,false,4.465124999996701,240.87492085477177,false
1,4,08:45,37,17:00,33,1,,Charging,0.0,true,6.36512499999794,238.76965769687567,false
1,4,08:45,38,17:15,34,1,,,0.0,false,6.36512499999794,238.76965769687567,true
1,4,08:45,39,17:30,35,1,,Charging,0.0,true,8.26512499999794,236.66439453898093,false
1,4,08:45,40,17:45,36,1,,Charging,0.0,true,10.165124999997941,234.5591313810862,false
1,4,08:45,41,18:00,37,1,,Charging,0.0,true,11.000000000002162,233.63406212900395,false
1,4,08:45,42,18:15,38,1,,Charging,0.0,true,12.90000000000216,231.5287989711092,false
1,4,08:45,43,18:30,39,1,,Charging,0.0,true,14.800000000002159,229.42353581321447,true
1,4,08:45,44,18:45,40,1,,,0.0,false,14.800000000002159,229.42353581321447,false
1,4,08:45,45,19:00,41,1,,,0.0,false,14.800000000002159,229.42353581321447,false
1,4,08:45,46,19:15,42,1,,,0.0,false,14.800000000002159,229.42353581321447,false
1,4,08:45,47,19:30,43,1,,,0.0,false,14.800000000002159,229.42353581321447,false
1,4,08:45,48,19:45,44,1,,,0.0,false,14.800000000002159,229.42353581321447,false
1,4,08:45,49,20:00,45,1,,,0.0,false,14.800000000002159,229.42353581321447,false
1,4,08:45,50,20:15,46,1,,,0.0,false,14.800000000002159,229.42353581321447,false
1,4,08:45,51,20:30,47,1,,,0.0,false,14.800000000000074,229.42353581321447,false
1,4,08:45,52,20:45,48,1,,,0.0,false,14.800000000000074,229.42353581321447,false
1,4,08:45,53,21:00,49,1,,,0.0,false,14.800000000000074,229.89118272655045,false
1,4,08:45,54,21:15,50,1,,,0.0,false,14.800000000000074,230.35882963988644,false
1,4,08:45,55,21:30,51,1,,,0.0,false,14.800000000000074,230.82647655322242,false
1,4,08:45,56,21:45,52,1,,,0.0,false,14.800000000000074,231.2941234665584,false
1,4,08:45,57,22:00,53,1,,,0.0,false,14.800000000000074,231.7617703798944,false
1,4,08:45,58,22:15,54,1,,,0.0,false,14.800000000000074,232.22941729323037,false
1,4,08:45,59,22:30,55,1,,,0.0,false,14.800000000000074,232.69706420656635,false
1,4,08:45,60,22:45,56,1,,,0.0,false,14.800000000000074,233.16471111990234,false
1,4,08:45,61,23:00,57,1,,,0.0,false,14.800000000000074,233.63235803323832,false
1,4,08:45,62,23:15,58,1,,,0.0,false,14.800000000000074,234.1000049465743,false
1,4,08:45,63,23:30,59,1,,,0.0,false,14.800000000000074,234.56765185991028,false
1,4,08:45,64,23:45,60,1,,,0.0,false,14.800000000000074,235.03529877324627,false
1,4,08:45,65,00:00,61,1,,,0.0,false,14.800000000000074,235.50294568658225,false
1,4,08:45,66,00:15,62,1,,,0.0,false,14.800000000000074,235.97059259991823,false
1,4,08:45,67,00:30,63,1,,,0.0,false,14.8,236.4382395132543,false
1,4,08:45,68,00:45,64,1,,,0.0,false,14.8,236.90588642659029,false
1,4,08:45,69,01:00,65,1,,,0.0,false,14.8,237.37353333992627,false
1,4,08:45,70,01:15,66,1,,,0.0,false,14.8,237.84118025326225,false
1,4,08:45,71,01:30,67,1,,,0.0,false,14.8,238.30882716659823,false
1,4,08:45,72,01:45,68,1,,,0.0,false,14.8,238.77647407993422,false
1,4,08:45,73,02:00,69,1,,,0.0,false,14.8,239.2441209932702,false
1,4,08:45,74,02:15,70,1,,,0.0,false,14.8,239.71176790660618,false
1,4,08:45,75,02:30,71,1,,,0.0,false,14.8,240.17941481994217,false
1,4,08:45,76,02:45,72,1,,,0.0,false,14.8,240.64706173327815,false
1,4,08:45,77,03:00,73,1,,,0.0,false,14.8,241.11470864661413,false
1,4,08:45,78,03:15,74,1,,,0.0,false,14.8,241.58235555995012,false
1,4,08:45,79,03:30,75,1,,,0.0,false,14.8,242.0500024732861,false
1,4,08:45,80,03:45,76,1,,,0.0,false,14.8,242.51764938662208,false
1,4,08:45,81,04:00,77,1,,,0.0,false,14.8,242.98529629995807,false
1,4,08:45,82,04:15,78,1,,,0.0,false,14.8,243.45294321329405,false
1,4,08:45,83,04:30,79,1,,,0.0,false,14.8,243.92059012663003,false
1,4,08:45,84,04:45,80,1,,,0.0,false,14.8,244.38823703996601,false
1,4,08:45,85,05:00,81,1,,,0.0,false,14.8,244.855883953302,false
1,4,08:45,86,05:15,82,1,,,0.0,false,14.8,245.32353086664028,false
1,4,08:45,87,05:30,83,1,,,0.0,false,14.8,245.79117777997627,false
1,4,08:45,88,05:45,84,1,,,0.0,false,14.8,246.25882469331225,false
1,4,08:45,89,06:00,85,1,,,0.0,false,14.8,246.72647160664823,false
1,4,08:45,90,06:15,86,1,,,0.0,false,14.8,247.19411851998422,false
1,4,08:45,91,06:30,87,1,,,0.0,false,14.8,247.6617654333202,false
1,4,08:45,92,06:45,88,1,,,0.0,false,14.8,248.12941234665618,false
1,4,08:45,93,07:00,89,1,,,0.0,false,14.8,248.59705925999216,false
1,4,08:45,94,07:15,90,1,,,0.0,false,14.8,249.06470617332815,false
1,4,08:45,95,07:30,91,1,,,0.0,false,14.8,249.53235308666402,false
1,4,08:45,96,07:45,92,1,,,0.0,false,14.8,250.0,false
1,5,09:00,5,09:00,0,1,,Charging,0.0,true,12.01560000000259,247.89473684210253,false
1,5,09:00,6,09:15,1,1,,Charging,-3.552713678800501e-15,true,13.915600000002591,245.7894736842078,true
1,5,09:00,7,09:30,2,1,,Traveling,4.710099999999997,false,12.738075000002592,245.7894736842078,true
1,5,09:00,8,09:45,3,1,,Charging,-1.7763568394002505e-15,true,14.638075000002592,243.68421052631305,false
1,5,09:00,9,10:00,4,1,,Digging,4.792500000000004,false,13.439950000002591,243.68421052631305,false
1,5,09:00,10,10:15,5,1,,Digging,4.792499999999997,false,12.241825000002592,244.1534903047064,false
1,5,09:00,11,10:30,6,1,,Digging,4.79249999999999,false,11.043700000002595,244.62277008309974,false
1,5,09:00,12,10:45,7,1,,Digging,4.792500000000004,false,9.845575000002594,245.09204986149308,false
1,5,09:00,13,11:00,8,1,,Idle,0.0,false,9.845575000002594,245.56132963988642,false
1,5,09:00,14,11:15,9,1,,Traveling,4.710099999999997,false,8.668050000002594,246.03060941827977,false
1,5,09:00,15,11:30,10,1,,Digging,4.792500000000004,false,7.469925000002593,246.4998891966731,false
1,5,09:00,16,11:45,11,1,,Digging,4.792499999999983,false,6.271800000002598,246.96916897506645,false
1,5,09:00,17,12:00,12,1,,,0.0,false,6.271800000002598,247.4384487534598,false
1,5,09:00,18,12:15,13,1,,,0.0,false,6.271800000002598,247.90772853185314,false
1,5,09:00,19,12:30,14,1,,,0.0,false,6.271800000002598,248.37700831024648,false
1,5,09:00,20,12:45,15,1,,,0.0,false,6.271800000002598,248.84628808863982,false
1,5,09:00,21,13:00,16,1,,,0.0,false,6.271800000002598,249.31556786703317,false
1,5,09:00,22,13:15,17,1,,,0.0,false,6.271800000002598,249.31556786703317,false
1,5,09:00,23,13:30,18,1,,Charging,0.0,true,8.171800000002598,247.21030470913843,false
1,5,09:00,24,13:45,19,1,,Charging,0.0,true,10.071800000002597,245.1050415512437,false
1,5,09:00,25,14:00,20,1,,Digging,4.792500000000004,false,8.873675000002596,245.1050415512437,false
1,5,09:00,26,14:15,21,1,,Digging,4.792499999999993,false,7.675550000002597,245.1050415512437,false
1,5,09:00,27,14:30,22,1,,Traveling,4.710099999999947,false,6.4980250000026105,245.1050415512437,true
1,5,09:00,28,14:45,23,1,,Charging,1.7763568394002505e-15,true,8.39802500000261,242.99977839334895,true
1,5,09:00,29,15:00,24,1,,Loading/Swinging,3.1585999999999927,false,7.608375000002612,242.99977839334895,false
1,5,09:00,30,15:15,25,1,,Loading/Swinging,3.1586000000000247,false,6.818725000002606,242.99977839334895,false
1,5,09:00,31,15:30,26,1,,Loading/Swinging,3.1586,false,6.029075000002606,242.99977839334895,false
1,5,09:00,32,15:45,27,1,,Charging,-1.7763568394002505e-15,true,7.929075000002606,240.8945152354542,false
1,5,09:00,33,16:00,28,1,,Loading/Swinging,3.1586,false,7.139425000002606,240.8945152354542,false
1,5,09:00,34,16:15,29,1,,Traveling,4.710100000000004,false,5.961900000002605,240.8945152354542,false
1,5,09:00,35,16:30,30,1,,Loading/Swinging,3.158600000000032,false,5.172250000002597,240.8945152354542,false
1,5,09:00,36,16:45,31,1,,Loading/Swinging,3.1586,false,4.382600000002597,240.8945152354542,false
1,5,09:00,37,17:00,32,1,,Charging,0.0,true,6.282600000002597,238.78925207755947,false
1,5,09:00,38,17:15,33,1,,Charging,0.0,true,8.182600000002598,236.68398891966473,true
1,5,09:00,39,17:30,34,1,,Charging,0.0,true,10.082600000002598,234.57872576177,false
1,5,09:00,40,17:45,35,1,,,0.0,false,10.082600000002596,234.57872576177,true
1,5,09:00,41,18:00,36,1,,Charging,0.0,true,11.982600000002597,232.47346260387525,false
1,5,09:00,42,18:15,37,1,,Charging,0.0,true,13.882600000002597,230.3681994459805,false
1,5,09:00,43,18:30,38,1,,Charging,0.0,true,14.799999999999999,229.35168975069251,false
1,5,09:00,44,18:45,39,1,,,0.0,false,14.799999999999999,229.35168975069251,false
1,5,09:00,45,19:00,40,1,,,0.0,false,14.8,229.35168975069251,false
1,5,09:00,46,19:15,41,1,,,0.0,false,14.8,229.35168975069251,false
1,5,09:00,47,19:30,42,1,,,0.0,false,14.8,229.35168975069251,false
1,5,09:00,48,19:45,43,1,,,0.0,false,14.8,229.35168975069251,false
1,5,09:00,49,20:00,44,1,,,0.0,false,14.8,229.35168975069251,false
1,5,09:00,50,20:15,45,1,,,0.0,false,14.8,229.35168975069251,false
1,5,09:00,51,20:30,46,1,,,0.0,false,14.8,229.35168975069251,false
1,5,09:00,52,20:45,47,1,,,0.0,false,14.8,229.35168975069251,false
1,5,09:00,53,21:00,48,1,,,0.0,false,14.8,229.82096952908586,false
1,5,09:00,54,21:15,49,1,,,0.0,false,14.8,230.2902493074792,false
1,5,09:00,55,21:30,50,1,,,0.0,false,14.8,230.75952908587254,false
1,5,09:00,56,21:45,51,1,,,0.0,false,14.8,231.2288088642659,false
1,5,09:00,57,22:00,52,1,,,0.0,false,14.8,231.69808864265923,false
1,5,09:00,58,22:15,53,1,,,0.0,false,14.8,232.16736842105257,false
1,5,09:00,59,22:30,54,1,,,0.0,false,14.8,232.63664819944591,false
1,5,09:00,60,22:45,55,1,,,0.0,false,14.8,233.10592797783926,false
1,5,09:00,61,23:00,56,1,,,0.0,false,14.8,233.5752077562326,false
1,5,09:00,62,23:15,57,1,,,0.0,false,14.8,234.04448753462594,false
1,5,09:00,63,23:30,58,1,,,0.0,false,14.8,234.5137673130193,false
1,5,09:00,64,23:45,59,1,,,0.0,false,14.8,234.98304709141263,false
1,5,09:00,65,00:00,60,1,,,0.0,false,14.8,235.45232686980597,false
1,5,09:00,66,00:15,61,1,,,0.0,false,14.8,235.92160664819932,false
1,5,09:00,67,00:30,62,1,,,0.0,false,14.8,236.39088642659266,false
1,5,09:00,68,00:45,63,1,,,0.0,false,14.8,236.860166204986,false
1,5,09:00,69,01:00,64,1,,,0.0,false,14.8,237.32944598337934,false
1,5,09:00,70,01:15,65,1,,,0.0,false,14.8,237.7987257617727,false
1,5,09:00,71,01:30,66,1,,,0.0,false,14.8,238.26800554016603,false
1,5,09:00,72,01:45,67,1,,,0.0,false,14.8,238.73728531855937,false
1,5,09:00,73,02:00,68,1,,,0.0,false,14.8,239.20656509695272,false
1,5,09:00,74,02:15,69,1,,,0.0,false,14.8,239.67584487534606,false
1,5,09:00,75,02:30,70,1,,,0.0,false,14.8,240.1451246537394,false
1,5,09:00,76,02:45,71,1,,,0.0,false,14.8,240.61440443213274,false
1,5,09:00,77,03:00,72,1,,,0.0,false,14.8,241.0836842105261,false
1,5,09:00,78,03:15,73,1,,,0.0,false,14.8,241.55296398891943,false
1,5,09:00,79,03:30,74,1,,,0.0,false,14.8,242.02224376731277,false
1,5,09:00,80,03:45,75,1,,,0.0,false,14.8,242.49152354570612,false
1,5,09:00,81,04:00,76,1,,,0.0,false,14.8,242.96080332409946,false
1,5,09:00,82,04:15,77,1,,,0.0,false,14.8,243.4300831024928,false
1,5,09:00,83,04:30,78,1,,,0.0,false,14.8,243.89936288088614,false
1,5,09:00,84,04:45,79,1,,,0.0,false,14.8,244.3686426592795,false
1,5,09:00,85,05:00,80,1,,,0.0,false,14.8,244.83792243767283,false
1,5,09:00,86,05:15,81,1,,,0.0,false,14.8,245.30720221606617,false
1,5,09:00,87,05:30,82,1,,,0.0,false,14.8,245.77648199445952,false
1,5,09:00,88,05:45,83,1,,,0.0,false,14.8,246.24576177285286,false
1,5,09:00,89,06:00,84,1,,,0.0,false,14.8,246.7150415512462,false
1,5,09:00,90,06:15,85,1,,,0.0,false,14.8,247.18432132963954,false
1,5,09:00,91,06:30,86,1,,,0.0,false,14.8,247.6536011080329,false
1,5,09:00,92,06:45,87,1,,,0.0,false,14.8,248.12288088642623,false
1,5,09:00,93,07:00,88,1,,,0.0,false,14.8,248.59216066481957,false
1,5,09:00,94,07:15,89,1,,,0.0,false,14.8,249.06144044321292,false
1,5,09:00,95,07:30,90,1,,,0.0,false,14.8,249.53072022160663,false
1,5,09:00,96,07:45,91,1,,,0.0,false,14.8,250.0,false
1,6,09:15,6,09:15,0,1,,Charging,-1.3322676295501878e-15,true,12.93299999999997,246.9890304709143,false
1,6,09:15,7,09:30,1,1,,Traveling,4.710100000000019,false,11.755474999999967,246.9890304709143,false
1,6,09:15,8,09:45,2,1,,Digging,4.792499999999997,false,10.557349999999968,246.9890304709143,true
1,6,09:15,9,10:00,3,1,,Charging,3.907985046680551e-14,true,12.457349999999964,244.88376731301955,true
1,6,09:15,10,10:15,4,1,,Digging,4.792500000000004,false,11.259224999999963,244.88376731301955,false
1,6,09:15,11,10:30,5,1,,Digging,4.792499999999997,false,10.061099999999964,244.88376731301955,false
1,6,09:15,12,10:45,6,1,,Digging,4.79249999999999,false,8.862974999999967,244.88376731301955,false
1,6,09:15,13,11:00,7,1,,Traveling,4.710100000000001,false,7.685449999999967,244.88376731301955,true
1,6,09:15,14,11:15,8,1,,Charging,1.9539925233402755e-14,true,9.585449999999955,242.7785041551248,true
1,6,09:15,15,11:30,9,1,,Digging,4.792500000000004,false,8.387324999999954,242.7785041551248,false
1,6,09:15,16,11:45,10,1,,Digging,4.792500000000002,false,7.189199999999955,242.7785041551248,false
1,6,09:15,17,12:00,11,1,,Charging,0.0,true,9.089199999999964,240.67324099723007,true
1,6,09:15,18,12:15,12,1,,Charging,0.0,true,10.989199999999965,238.56797783933533,true
1,6,09:15,19,12:30,13,1,,,0.0,false,10.989199999999965,238.56797783933533,false
1,6,09:15,20,12:45,14,1,,,0.0,false,10.989199999999965,239.0270807211937,false
1,6,09:15,21,13:00,15,1,,,0.0,false,10.989199999999965,239.4861836030521,false
1,6,09:15,22,13:15,16,1,,,0.0,false,10.989199999999965,239.94528648491047,false
1,6,09:15,23,13:30,17,1,,,0.0,false,10.989199999999965,240.40438936676884,true
1,6,09:15,24,13:45,18,1,,,0.0,false,10.989199999999965,240.8634922486272,true
1,6,09:15,25,14:00,19,1,,Digging,4.7925,false,9.791074999999964,241.32259513048558,false
1,6,09:15,26,14:15,20,1,,Loading/Swinging,3.1585999999999927,false,9.001424999999966,241.78169801234398,true
1,6,09:15,27,14:30,21,1,,Traveling,4.710100000000001,false,7.823899999999965,242.24080089420235,false
1,6,09:15,28,14:45,22,1,,Digging,4.792500000000015,false,6.625774999999962,242.69990377606072,true
1,6,09:15,29,15:00,23,1,,Idle,0.0,false,6.625774999999962,243.1590066579191,true
1,6,09:15,30,15:15,24,1,,Loading/Swinging,3.1586,false,5.836124999999962,243.61810953977746,false
1,6,09:15,31,15:30,25,1,,Loading/Swinging,3.1585999999999856,false,5.046474999999965,244.07721242163583,false
1,6,09:15,32,15:45,26,1,,Loading/Swinging,3.1585999999999963,false,4.256824999999966,244.5363153034942,true
1,6,09:15,33,16:00,27,1,,Traveling,4.710100000000001,false,3.079299999999966,244.5363153034942,true
1,6,09:15,34,16:15,28,1,,Charging,1.2550227523888678e-14,true,4.979300000000012,242.43105214559947,true
1,6,09:15,35,16:30,29,1,,Loading/Swinging,3.1586,false,4.189650000000012,242.43105214559947,false
1,6,09:15,36,16:45,30,1,,Loading/Swinging,3.1586,false,3.400000000000012,242.43105214559947,false
1,6,09:15,37,17:00,31,1,,,0.0,false,3.4000000000000115,242.43105214559947,true
1,6,09:15,38,17:15,32,1,,Charging,0.0,true,5.300000000000011,240.32578898770473,false
1,6,09:15,39,17:30,33,1,,Charging,0.0,true,7.200000000000012,238.22052582981,false
1,6,09:15,40,17:45,34,1,,Charging,0.0,true,9.100000000000012,236.11526267191525,true
1,6,09:15,41,18:00,35,1,,Charging,0.0,true,11.00000000000001,234.0099995140205,false
1,6,09:15,42,18:15,36,1,,Charging,0.0,true,12.900000000000011,231.90473635612577,false
1,6,09:15,43,18:30,37,1,,Charging,0.0,true,14.800000000000011,229.79947319823103,false
1,6,09:15,44,18:45,38,1,,,0.0,false,14.800000000000011,229.79947319823103,false
1,6,09:15,45,19:00,39,1,,,0.0,false,14.800000000000011,229.79947319823103,false
1,6,09:15,46,19:15,40,1,,,0.0,false,14.800000000000011,229.79947319823103,false
1,6,09:15,47,19:30,41,1,,,0.0,false,14.800000000000011,229.79947319823103,false
1,6,09:15,48,19:45,42,1,,,0.0,false,14.800000000000011,229.79947319823103,false
1,6,09:15,49,20:00,43,1,,,0.0,false,14.800000000000011,229.79947319823103,false
1,6,09:15,50,20:15,44,1,,,0.0,false,14.800000000000011,229.79947319823103,false
1,6,09:15,51,20:30,45,1,,,0.0,false,14.800000000000011,229.79947319823103,false
1,6,09:15,52,20:45,46,1,,,0.0,false,14.800000000000011,229.79947319823103,false
1,6,09:15,53,21:00,47,1,,,0.0,false,14.800000000000011,230.2585760800894,false
1,6,09:15,54,21:15,48,1,,,0.0,false,14.800000000000011,230.71767896194777,false
1,6,09:15,55,21:30,49,1,,,0.0,false,14.8,231.17678184380614,false
1,6,09:15,56,21:45,50,1,,,0.0,false,14.8,231.6358847256645,false
1,6,09:15,57,22:00,51,1,,,0.0,false,14.8,232.09498760752288,false
1,6,09:15,58,22:15,52,1,,,0.0,false,14.8,232.55409048938125,false
1,6,09:15,59,22:30,53,1,,,0.0,false,14.8,233.01319337123962,false
1,6,09:15,60,22:45,54,1,,,0.0,false,14.8,233.472296253098,false
1,6,09:15,61,23:00,55,1,,,0.0,false,14.8,233.93139913495637,false
1,6,09:15,62,23:15,56,1,,,0.0,false,14.8,234.39050201681474,false
1,6,09:15,63,23:30,57,1,,,0.0,false,14.8,234.8496048986731,false
1,6,09:15,64,23:45,58,1,,,0.0,false,14.8,235.30870778053148,false
1,6,09:15,65,00:00,59,1,,,0.0,false,14.8,235.76781066238985,false
1,6,09:15,66,00:15,60,1,,,0.0,false,14.8,236.22691354424822,false
1,6,09:15,67,00:30,61,1,,,0.0,false,14.8,236.6860164261066,false
1,6,09:15,68,00:45,62,1,,,0.0,false,14.8,237.14511930796496,false
1,6,09:15,69,01:00,63,1,,,0.0,false,14.8,237.60422218982333,false
1,6,09:15,70,01:15,64,1,,,0.0,false,14.8,238.0633250716817,false
1,6,09:15,71,01:30,65,1,,,0.0,false,14.8,238.52242795354007,false
1,6,09:15,72,01:45,66,1,,,0.0,false,14.8,238.98153083539844,false
1,6,09:15,73,02:00,67,1,,,0.0,false,14.8,239.44063371725682,false
1,6,09:15,74,02:15,68,1,,,0.0,false,14.8,239.8997365991152,false
1,6,09:15,75,02:30,69,1,,,0.0,false,14.8,240.35883948097356,false
1,6,09:15,76,02:45,70,1,,,0.0,false,14.8,240.81794236283193,false
1,6,09:15,77,03:00,71,1,,,0.0,false,14.8,241.2770452446903,false
1,6,09:15,78,03:15,72,1,,,0.0,false,14.8,241.73614812654867,false
1,6,09:15,79,03:30,73,1,,,0.0,false,14.8,242.19525100840704,false
1,6,09:15,80,03:45,74,1,,,0.0,false,14.8,242.6543538902654,false
1,6,09:15,81,04:00,75,1,,,0.0,false,14.8,243.11345677212378,false
1,6,09:15,82,04:15,76,1,,,0.0,false,14.8,243.57255965398215,false
1,6,09:15,83,04:30,77,1,,,0.0,false,14.8,244.03166253584052,false
1,6,09:15,84,04:45,78,1,,,0.0,false,14.8,244.4907654176989,false
1,6,09:15,85,05:00,79,1,,,0.0,false,14.8,244.94986829955727,false
1,6,09:15,86,05:15,80,1,,,0.0,false,14.8,245.40897118141564,false
1,6,09:15,87,05:30,81,1,,,0.0,false,14.8,245.868074063274,false
1,6,09:15,88,05:45,82,1,,,0.0,false,14.8,246.32717694513238,false
1,6,09:15,89,06:00,83,1,,,0.0,false,14.8,246.78627982699075,false
1,6,09:15,90,06:15,84,1,,,0.0,false,14.8,247.24538270884972,false
1,6,09:15,91,06:30,85,1,,,0.0,false,14.8,247.7044855907081,false
1,6,09:15,92,06:45,86,1,,,0.0,false,14.8,248.16358847256646,false
1,6,09:15,93,07:00,87,1,,,0.0,false,14.8,248.62269135442486,false
1,6,09:15,94,07:15,88,1,,,0.0,false,14.8,249.08179423628323,false
1,6,09:15,95,07:30,89,1,,,0.0,false,14.8,249.5408971181416,false
1,6,09:15,96,07:45,90,1,,,0.0,false,14.8,250.0,false
1,7,09:30,7,09:30,0,1,,Traveling,4.710100000001155,false,11.798496052631121,246.9890304709143,false
1,7,09:30,8,09:45,1,1,,Charging,2.0961010704922955e-12,true,13.698496052630485,244.88376731301966,true
1,7,09:30,9,10:00,2,1,,Digging,4.792500000000004,false,12.500371052630484,244.88376731301966,true
1,7,09:30,10,10:15,3,1,,Digging,4.7925000000007,false,11.30224605263031,244.88376731301966,false
1,7,09:30,11,10:30,4,1,,Digging,4.792499999999855,false,10.104121052630346,244.88376731301966,false
1,7,09:30,12,10:45,5,1,,Charging,-1.7763568394002505e-15,true,12.004121052630346,242.77850415512492,true
1,7,09:30,13,11:00,6,1,,Digging,4.792499999999556,false,10.805996052630457,242.77850415512495,true
1,7,09:30,14,11:15,7,1,,Traveling,4.710099999999869,false,9.62847105263049,242.77850415512495,true
1,7,09:30,15,11:30,8,1,,Digging,4.792500000000243,false,8.430346052631194,242.77850415512495,false
1,7,09:30,16,11:45,9,1,,Digging,4.792499999999926,false,7.232221052631212,242.77850415512495,false
1,7,09:30,17,12:00,10,1,,Charging,0.0,true,9.13222105263106,240.6732409972302,false
1,7,09:30,18,12:15,11,1,,Charging,0.0,true,11.032221052631034,238.5679778393355,false
1,7,09:30,19,12:30,12,1,,,0.0,false,11.032221052631034,238.5679778393355,false
1,7,09:30,20,12:45,13,1,,,0.0,false,11.032221052631034,239.02624442722234,false
1,7,09:30,21,13:00,14,1,,,0.0,false,11.032221052631034,239.48451101510918,false
1,7,09:30,22,13:15,15,1,,,0.0,false,11.032221052631034,239.94277760299602,false
1,7,09:30,23,13:30,16,1,,,0.0,false,11.032221052631034,240.40104419088286,false
1,7,09:30,24,13:45,17,1,,,0.0,false,11.032221052631185,240.85931077877024,false
1,7,09:30,25,14:00,18,1,,Digging,4.792499999999713,false,9.834096052631256,241.31757736665708,false
1,7,09:30,26,14:15,19,1,,Digging,4.792500000000004,false,8.635971052631255,241.77584395454392,true
1,7,09:30,27,14:30,20,1,,Traveling,4.710099999999361,false,7.458446052631415,242.23411054243076,false
1,7,09:30,28,14:45,21,1,,Loading/Swinging,3.1586000000011936,false,6.668796052631117,242.6923771303176,true
1,7,09:30,29,15:00,22,1,,Idle,1.8118839761882555e-13,false,6.6687960526310714,243.1506437182044,false
1,7,09:30,30,15:15,23,1,,Loading/Swinging,3.1585999999993533,false,5.879146052631233,243.60891030609125,false
1,7,09:30,31,15:30,24,1,,Loading/Swinging,3.1586,false,5.089496052631233,244.0671768939781,false
1,7,09:30,32,15:45,25,1,,Loading/Swinging,3.1586000000001775,false,4.299846052631189,244.52544348186493,false
1,7,09:30,33,16:00,26,1,,Traveling,4.7100999999996755,false,3.1223210526314733,244.52544348186493,false
1,7,09:30,34,16:15,27,1,,Charging,-2.3643309532417334e-12,true,5.022321052632298,242.42018032396993,false
1,7,09:30,35,16:30,28,1,,Loading/Swinging,3.1585999999991685,false,4.232671052632506,242.42018032396993,false
1,7,09:30,36,16:45,29,1,,Loading/Swinging,3.1586000000010497,false,3.443021052632244,242.42018032396993,false
1,7,09:30,37,17:00,30,1,,Charging,0.0,true,5.343021052632244,240.3149171660752,true
1,7,09:30,38,17:15,31,1,,Charging,0.0,true,7.24302105263209,238.20965400818062,false
1,7,09:30,39,17:30,32,1,,Charging,0.0,true,9.143021052632603,236.1043908502853,false
1,7,09:30,40,17:45,33,1,,Charging,0.0,true,11.043021052632,233.99912769239126,false
1,7,09:30,41,18:00,34,1,,Charging,0.0,true,12.943021052631494,231.89386453449708,false
1,7,09:30,42,18:15,35,1,,Charging,0.0,true,14.800000000000008,229.83627013298073,false
1,7,09:30,43,18:30,36,1,,,0.0,false,14.800000000000008,229.83627013298073,true
1,7,09:30,44,18:45,37,1,,,0.0,false,14.800000000000008,229.83627013298073,false
1,7,09:30,45,19:00,38,1,,,0.0,false,14.800000000000008,229.83627013298073,false
1,7,09:30,46,19:15,39,1,,,0.0,false,14.800000000000008,229.83627013298073,false
1,7,09:30,47,19:30,40,1,,,0.0,false,14.800000000000008,229.83627013298073,false
1,7,09:30,48,19:45,41,1,,,0.0,false,14.800000000000008,229.83627013298073,false
1,7,09:30,49,20:00,42,1,,,0.0,false,14.800000000000008,229.83627013298073,false
1,7,09:30,50,20:15,43,1,,,0.0,false,14.800000000000008,229.83627013298073,false
1,7,09:30,51,20:30,44,1,,,0.0,false,14.800000000000008,229.83627013298073,false
1,7,09:30,52,20:45,45,1,,,0.0,false,14.800000000000008,229.83627013298073,false
1,7,09:30,53,21:00,46,1,,,0.0,false,14.800000000000008,230.29453672086757,false
1,7,09:30,54,21:15,47,1,,,0.0,false,14.800000000000008,230.7528033087544,false
1,7,09:30,55,21:30,48,1,,,0.0,false,14.800000000000008,231.21106989664125,false
1,7,09:30,56,21:45,49,1,,,0.0,false,14.8,231.6693364845281,false
1,7,09:30,57,22:00,50,1,,,0.0,false,14.8,232.12760307241493,false
1,7,09:30,58,22:15,51,1,,,0.0,false,14.8,232.58586966030177,false
1,7,09:30,59,22:30,52,1,,,0.0,false,14.8,233.0441362481886,false
1,7,09:30,60,22:45,53,1,,,0.0,false,14.8,233.50240283607545,false
1,7,09:30,61,23:00,54,1,,,0.0,false,14.8,233.9606694239623,false
1,7,09:30,62,23:15,55,1,,,0.0,false,14.8,234.41893601184913,false
1,7,09:30,63,23:30,56,1,,,0.0,false,14.8,234.87720259973597,false
1,7,09:30,64,23:45,57,1,,,0.0,false,14.8,235.3354691876228,false
1,7,09:30,65,00:00,58,1,,,0.0,false,14.8,235.79373577550965,false
1,7,09:30,66,00:15,59,1,,,0.0,false,14.8,236.25200236339649,false
1,7,09:30,67,00:30,60,1,,,0.0,false,14.8,236.71026895128333,false
1,7,09:30,68,00:45,61,1,,,0.0,false,14.8,237.16853553917016,false
1,7,09:30,69,01:00,62,1,,,0.0,false,14.8,237.626802127057,false
1,7,09:30,70,01:15,63,1,,,0.0,false,14.8,238.08506871494384,false
1,7,09:30,71,01:30,64,1,,,0.0,false,14.8,238.54333530283068,false
1,7,09:30,72,01:45,65,1,,,0.0,false,14.8,239.00160189071752,false
1,7,09:30,73,02:00,66,1,,,0.0,false,14.8,239.45986847860436,false
1,7,09:30,74,02:15,67,1,,,0.0,false,14.8,239.9181350664912,false
1,7,09:30,75,02:30,68,1,,,0.0,false,14.8,240.37640165437804,false
1,7,09:30,76,02:45,69,1,,,0.0,false,14.8,240.83466824226488,false
1,7,09:30,77,03:00,70,1,,,0.0,false,14.8,241.29293483015172,false
1,7,09:30,78,03:15,71,1,,,0.0,false,14.8,241.75120141803856,false
1,7,09:30,79,03:30,72,1,,,0.0,false,14.8,242.2094680059254,false
1,7,09:30,80,03:45,73,1,,,0.0,false,14.8,242.66773459381224,false
1,7,09:30,81,04:00,74,1,,,0.0,false,14.8,243.12600118169908,false
1,7,09:30,82,04:15,75,1,,,0.0,false,14.8,243.58426776958592,false
1,7,09:30,83,04:30,76,1,,,0.0,false,14.8,244.04253435747276,false
1,7,09:30,84,04:45,77,1,,,0.0,false,14.8,244.5008009453596,false
1,7,09:30,85,05:00,78,1,,,0.0,false,14.8,244.95906753324644,false
1,7,09:30,86,05:15,79,1,,,0.0,false,14.8,245.41733412113328,false
1,7,09:30,87,05:30,80,1,,,0.0,false,14.8,245.87560070902012,false
1,7,09:30,88,05:45,81,1,,,0.0,false,14.8,246.33386729690696,false
1,7,09:30,89,06:00,82,1,,,0.0,false,14.8,246.7921338847938,false
1,7,09:30,90,06:15,83,1,,,0.0,false,14.8,247.25040047268064,false
1,7,09:30,91,06:30,84,1,,,0.0,false,14.8,247.70866706056748,false
1,7,09:30,92,06:45,85,1,,,0.0,false,14.8,248.16693364845432,false
1,7,09:30,93,07:00,86,1,,,0.0,false,14.8,248.62520023634116,false
1,7,09:30,94,07:15,87,1,,,0.0,false,14.8,249.08346682422632,false
1,7,09:30,95,07:30,88,1,,,0.0,false,14.8,249.54173341211316,false
1,7,09:30,96,07:45,89,1,,,0.0,false,14.8,250.0,false
1,8,09:45,8,09:45,0,1,,Charging,-1.7763568394002505e-15,true,13.54192105263141,244.88376731301955,false
1,8,09:45,9,10:00,1,1,,Digging,4.79249999999994,false,12.343796052631426,244.88376731301955,false
1,8,09:45,10,10:15,2,1,,Digging,4.79249999999999,false,11.145671052631428,244.88376731301955,false
1,8,09:45,11,10:30,3,1,,Digging,4.792500000000032,false,9.94754605263142,244.88376731301955,false
1,8,09:45,12,10:45,4,1,,Charging,3.552713678800501e-14,true,11.847546052631396,242.77850415512484,false
1,8,09:45,13,11:00,5,1,,Digging,4.792500000000011,false,10.649421052631393,242.77850415512484,false
1,8,09:45,14,11:15,6,1,,Traveling,4.71010000000001,false,9.471896052631394,242.77850415512484,false
1,8,09:45,15,11:30,7,1,,Digging,4.792500000000004,false,8.273771052631393,242.77850415512484,false
1,8,09:45,16,11:45,8,1,,Digging,4.7924999999999525,false,7.075646052631404,242.77850415512484,false
1,8,09:45,17,12:00,9,1,,Charging,0.0,true,8.975646052631404,240.6732409972301,false
1,8,09:45,18,12:15,10,1,,Charging,0.0,true,10.869899999999983,238.57434465665548,false
1,8,09:45,19,12:30,11,1,,,0.0,false,10.869899999999983,238.57434465665548,false
1,8,09:45,20,12:45,12,1,,,0.0,false,10.869899999999983,239.03565493409863,false
1,8,09:45,21,13:00,13,1,,,0.0,false,10.869899999999983,239.49696521154178,false
1,8,09:45,22,13:15,14,1,,,0.0,false,10.869899999999983,239.95827548898492,false
1,8,09:45,23,13:30,15,1,,,0.0,false,10.869899999999983,240.41958576642807,false
1,8,09:45,24,13:45,16,1,,,0.0,false,10.869899999999983,240.88089604387113,false
1,8,09:45,25,14:00,17,1,,Digging,4.7925,false,9.671774999999984,241.34220632131428,false
1,8,09:45,26,14:15,18,1,,Digging,4.792500000000025,false,8.473649999999978,241.80351659875743,false
1,8,09:45,27,14:30,19,1,,Traveling,4.710099999999986,false,7.296124999999981,242.26482687620054,false
1,8,09:45,28,14:45,20,1,,Loading/Swinging,3.158599999999886,false,6.50647500000001,242.72613715364363,false
1,8,09:45,29,15:00,21,1,,Idle,3.907985046680551e-14,false,6.506475,243.18744743108675,false
1,8,09:45,30,15:15,22,1,,Loading/Swinging,3.1586,false,5.716825,243.6487577085299,false
1,8,09:45,31,15:30,23,1,,Loading/Swinging,3.1586,false,4.927175,244.11006798597305,false
1,8,09:45,32,15:45,24,1,,Loading/Swinging,3.158600000000001,false,4.137525,244.5713782634162,false
1,8,09:45,33,16:00,25,1,,Traveling,4.710100000000001,false,2.96,244.5713782634162,false
1,8,09:45,34,16:15,26,1,,Charging,0.0,true,4.859999999999999,242.46611510552145,false
1,8,09:45,35,16:30,27,1,,Loading/Swinging,3.1586,false,4.0703499999999995,242.46611510552145,false
1,8,09:45,36,16:45,28,1,,Loading/Swinging,3.1586,false,3.2806999999999995,242.46611510552145,false
1,8,09:45,37,17:00,29,1,,Charging,0.0,true,5.180700000000046,240.36085194762666,false
1,8,09:45,38,17:15,30,1,,Charging,0.0,true,7.0807000000000455,238.25558878973192,false
1,8,09:45,39,17:30,31,1,,,0.0,false,7.0807000000000455,238.25558878973192,true
1,8,09:45,40,17:45,32,1,,,0.0,false,7.0807000000000455,238.25558878973192,true
1,8,09:45,41,18:00,33,1,,Charging,0.0,true,7.1999999999999975,238.123400424081,false
1,8,09:45,42,18:15,34,1,,,0.0,false,7.1999999999999975,238.123400424081,true
1,8,09:45,43,18:30,35,1,,Charging,0.0,true,9.099999999999996,236.01813726618627,true
1,8,09:45,44,18:45,36,1,,Charging,0.0,true,10.999999999999996,233.91287410829153,true
1,8,09:45,45,19:00,37,1,,,0.0,false,10.999999999999996,233.91287410829153,false
1,8,09:45,46,19:15,38,1,,Charging,0.0,true,12.899999999999997,231.8076109503968,true
1,8,09:45,47,19:30,39,1,,Charging,0.0,true,14.799999999999997,229.70234779250205,true
1,8,09:45,48,19:45,40,1,,,0.0,false,14.799999999999997,229.70234779250205,false
1,8,09:45,49,20:00,41,1,,,0.0,false,14.799999999999997,229.70234779250205,false
1,8,09:45,50,20:15,42,1,,,0.0,false,14.799999999999997,229.70234779250205,false
1,8,09:45,51,20:30,43,1,,,0.0,false,14.799999999999997,229.70234779250205,false
1,8,09:45,52,20:45,44,1,,,0.0,false,14.799999999999997,229.70234779250205,false
1,8,09:45,53,21:00,45,1,,,0.0,false,14.799999999999997,230.1636580699452,false
1,8,09:45,54,21:15,46,1,,,0.0,false,14.799999999999997,230.62496834738835,false
1,8,09:45,55,21:30,47,1,,,0.0,false,14.799999999999997,231.0862786248315,false
1,8,09:45,56,21:45,48,1,,,0.0,false,14.799999999999997,231.54758890227464,false
1,8,09:45,57,22:00,49,1,,,0.0,false,14.799999999999997,232.0088991797178,false
1,8,09:45,58,22:15,50,1,,,0.0,false,14.799999999999997,232.47020945716093,false
1,8,09:45,59,22:30,51,1,,,0.0,false,14.799999999999997,232.93151973460408,false
1,8,09:45,60,22:45,52,1,,,0.0,false,14.799999999999997,233.39283001204723,false
1,8,09:45,61,23:00,53,1,,,0.0,false,14.799999999999997,233.85414028949037,false
1,8,09:45,62,23:15,54,1,,,0.0,false,14.799999999999997,234.31545056693352,false
1,8,09:45,63,23:30,55,1,,,0.0,false,14.799999999999997,234.77676084437667,false
1,8,09:45,64,23:45,56,1,,,0.0,false,14.799999999999997,235.23807112181981,false
1,8,09:45,65,00:00,57,1,,,0.0,false,14.799999999999997,235.6993813992628,false
1,8,09:45,66,00:15,58,1,,,0.0,false,14.8,236.16069167670594,false
1,8,09:45,67,00:30,59,1,,,0.0,false,14.8,236.62200195414908,false
1,8,09:45,68,00:45,60,1,,,0.0,false,14.8,237.08331223159226,false
1,8,09:45,69,01:00,61,1,,,0.0,false,14.8,237.5446225090354,false
1,8,09:45,70,01:15,62,1,,,0.0,false,14.8,238.00593278647855,false
1,8,09:45,71,01:30,63,1,,,0.0,false,14.8,238.4672430639217,false
1,8,09:45,72,01:45,64,1,,,0.0,false,14.8,238.92855334136485,false
1,8,09:45,73,02:00,65,1,,,0.0,false,14.8,239.389863618808,false
1,8,09:45,74,02:15,66,1,,,0.0,false,14.8,239.85117389625114,false
1,8,09:45,75,02:30,67,1,,,0.0,false,14.8,240.3124841736943,false
1,8,09:45,76,02:45,68,1,,,0.0,false,14.8,240.77379445113743,false
1,8,09:45,77,03:00,69,1,,,0.0,false,14.8,241.23510472858058,false
1,8,09:45,78,03:15,70,1,,,0.0,false,14.8,241.69641500602373,false
1,8,09:45,79,03:30,71,1,,,0.0,false,14.8,242.15772528346687,false
1,8,09:45,80,03:45,72,1,,,0.0,false,14.8,242.61903556091002,false
1,8,09:45,81,04:00,73,1,,,0.0,false,14.8,243.08034583835317,false
1,8,09:45,82,04:15,74,1,,,0.0,false,14.8,243.54165611579631,false
1,8,09:45,83,04:30,75,1,,,0.0,false,14.8,244.00296639323946,false
1,8,09:45,84,04:45,76,1,,,0.0,false,14.8,244.4642766706826,false
1,8,09:45,85,05:00,77,1,,,0.0,false,14.8,244.92558694812575,false
1,8,09:45,86,05:15,78,1,,,0.0,false,14.8,245.3868972255689,false
1,8,09:45,87,05:30,79,1,,,0.0,false,14.8,245.84820750301205,false
1,8,09:45,88,05:45,80,1,,,0.0,false,14.8,246.3095177804552,false
1,8,09:45,89,06:00,81,1,,,0.0,false,14.8,246.77082805789834,false
1,8,09:45,90,06:15,82,1,,,0.0,false,14.8,247.2321383353415,false
1,8,09:45,91,06:30,83,1,,,0.0,false,14.8,247.69344861278464,false
1,8,09:45,92,06:45,84,1,,,0.0,false,14.8,248.15475889022778,false
1,8,09:45,93,07:00,85,1,,,0.0,false,14.8,248.61606916767093,false
1,8,09:45,94,07:15,86,1,,,0.0,false,14.8,249.07737944511408,false
1,8,09:45,95,07:30,87,1,,,0.0,false,14.8,249.53868972255685,false
1,8,09:45,96,07:45,88,1,,,0.0,false,14.8,250.0,false
1,9,10:00,9,10:00,0,1,,Digging,4.792500000000004,false,12.31732105263141,244.88376731301955,false
1,9,10:00,10,10:15,1,1,,Loading/Swinging,3.1586,false,11.52767105263141,244.88376731301952,true
1,9,10:00,11,10:30,2,1,,Loading/Swinging,3.1586,false,10.73802105263141,244.88376731301952,true
1,9,10:00,12,10:45,3,1,,Charging,8.881784197001252e-16,true,12.63802105263143,242.7785041551247,false
1,9,10:00,13,11:00,4,1,,Digging,4.7924999999999915,false,11.439896052631433,242.7785041551247,false
1,9,10:00,14,11:15,5,1,,Traveling,4.710099999999997,false,10.262371052631433,242.7785041551247,false
1,9,10:00,15,11:30,6,1,,Digging,4.792499999999985,false,9.064246052631436,242.7785041551247,false
1,9,10:00,16,11:45,7,1,,Digging,4.792499999999979,false,7.866121052631441,242.77850415512466,false
1,9,10:00,17,12:00,8,1,,Charging,0.0,true,9.76612105263144,240.67324099722993,false
1,9,10:00,18,12:15,9,1,,Charging,0.0,true,11.666121052631441,238.56797783933519,false
1,9,10:00,19,12:30,10,1,,,0.0,false,11.666121052631441,238.56797783933519,false
1,9,10:00,20,12:45,11,1,,,0.0,false,11.666121052631441,239.02980276906,false
1,9,10:00,21,13:00,12,1,,,0.0,false,11.666121052631441,239.49162769878473,false
1,9,10:00,22,13:15,13,1,,,0.0,false,11.666121052631441,239.95345262850952,false
1,9,10:00,23,13:30,14,1,,,0.0,false,11.666121052631441,240.41527755823432,false
1,9,10:00,24,13:45,15,1,,,0.0,false,11.666121052631441,240.87710248795912,false
1,9,10:00,25,14:00,16,1,,Digging,4.792500000000125,false,10.46799605263141,241.33892741768392,false
1,9,10:00,26,14:15,17,1,,Digging,4.792500000000004,false,9.269871052631409,241.80075234740872,false
1,9,10:00,27,14:30,18,1,,Traveling,4.710100000000004,false,8.092346052631408,242.2625772771336,false
1,9,10:00,28,14:45,19,1,,Digging,4.792499999999993,false,6.894221052631409,242.72440220685843,true
1,9,10:00,29,15:00,20,1,,Idle,-3.3664804277577785e-14,false,6.8942210526314165,243.18622713658323,false
1,9,10:00,30,15:15,21,1,,Loading/Swinging,3.158599999999975,false,6.104571052631423,243.64805206630803,false
1,9,10:00,31,15:30,22,1,,Loading/Swinging,3.1586,false,5.314921052631423,244.10987699603282,false
1,9,10:00,32,15:45,23,1,,Loading/Swinging,3.158600000000032,false,4.525271052631415,244.57170192575762,false
1,9,10:00,33,16:00,24,1,,Traveling,4.7101,false,3.3477460526314147,244.57170192575762,false
1,9,10:00,34,16:15,25,1,,Charging,-2.7533531010703882e-14,true,4.947775000000014,242.7988166655154,false
1,9,10:00,35,16:30,26,1,,Loading/Swinging,3.158600000000032,false,4.158125000000006,242.7988166655154,false
1,9,10:00,36,16:45,27,1,,Digging,4.7925,false,2.960000000000006,242.7988166655154,true
1,9,10:00,37,17:00,28,1,,Charging,0.0,true,4.8599999999999595,240.69355350762072,false
1,9,10:00,38,17:15,29,1,,,0.0,false,4.8599999999999595,240.69355350762072,true
1,9,10:00,39,17:30,30,1,,,0.0,false,4.8599999999999595,240.69355350762072,false
1,9,10:00,40,17:45,31,1,,Charging,0.0,true,6.759999999999974,238.58829034972598,true
1,9,10:00,41,18:00,32,1,,Charging,0.0,true,8.659999999999973,236.48302719183124,false
1,9,10:00,42,18:15,33,1,,Charging,0.0,true,10.559999999999974,234.3777640339365,true
1,9,10:00,43,18:30,34,1,,Charging,0.0,true,12.459999999999974,232.27250087604176,false
1,9,10:00,44,18:45,35,1,,Charging,0.0,true,14.359999999999975,230.16723771814702,false
1,9,10:00,45,19:00,36,1,,Charging,0.0,true,14.8,229.67970309210824,true
1,9,10:00,46,19:15,37,1,,,0.0,false,14.8,229.67970309210824,true
1,9,10:00,47,19:30,38,1,,,0.0,false,14.8,229.67970309210824,true
1,9,10:00,48,19:45,39,1,,,0.0,false,14.8,229.67970309210824,false
1,9,10:00,49,20:00,40,1,,,0.0,false,14.8,229.67970309210824,false
1,9,10:00,50,20:15,41,1,,,0.0,false,14.8,229.67970309210827,false
1,9,10:00,51,20:30,42,1,,,0.0,false,14.8,229.67970309210827,false
1,9,10:00,52,20:45,43,1,,,0.0,false,14.8,229.67970309210827,false
1,9,10:00,53,21:00,44,1,,,0.0,false,14.8,230.14152802183307,false
1,9,10:00,54,21:15,45,1,,,0.0,false,14.8,230.6033529515579,false
1,9,10:00,55,21:30,46,1,,,0.0,false,14.8,231.0651778812827,false
1,9,10:00,56,21:45,47,1,,,0.0,false,14.8,231.52700281100752,false
1,9,10:00,57,22:00,48,1,,,0.0,false,14.8,231.98882774073235,false
1,9,10:00,58,22:15,49,1,,,0.0,false,14.8,232.45065267045715,false
1,9,10:00,59,22:30,50,1,,,0.0,false,14.8,232.91247760018197,false
1,9,10:00,60,22:45,51,1,,,0.0,false,14.8,233.37430252990677,false
1,9,10:00,61,23:00,52,1,,,0.0,false,14.8,233.8361274596316,false
1,9,10:00,62,23:15,53,1,,,0.0,false,14.8,234.2979523893564,false
1,9,10:00,63,23:30,54,1,,,0.0,false,14.8,234.75977731908122,false
1,9,10:00,64,23:45,55,1,,,0.0,false,14.8,235.22160224880602,false
1,9,10:00,65,00:00,56,1,,,0.0,false,14.8,235.68342717853085,false
1,9,10:00,66,00:15,57,1,,,0.0,false,14.8,236.14525210825565,false
1,9,10:00,67,00:30,58,1,,,0.0,false,14.8,236.60707703798047,false
1,9,10:00,68,00:45,59,1,,,0.0,false,14.8,237.06890196770527,false
1,9,10:00,69,01:00,60,1,,,0.0,false,14.8,237.5307268974301,false
1,9,10:00,70,01:15,61,1,,,0.0,false,14.8,237.9925518271549,false
1,9,10:00,71,01:30,62,1,,,0.0,false,14.8,238.45437675687973,false
1,9,10:00,72,01:45,63,1,,,0.0,false,14.8,238.91620168660452,false
1,9,10:00,73,02:00,64,1,,,0.0,false,14.8,239.37802661632935,false
1,9,10:00,74,02:15,65,1,,,0.0,false,14.8,239.83985154605415,false
1,9,10:00,75,02:30,66,1,,,0.0,false,14.8,240.30167647577898,false
1,9,10:00,76,02:45,67,1,,,0.0,false,14.8,240.76350140550377,false
1,9,10:00,77,03:00,68,1,,,0.0,false,14.8,241.2253263352286,false
1,9,10:00,78,03:15,69,1,,,0.0,false,14.8,241.6871512649534,false
1,9,10:00,79,03:30,70,1,,,0.0,false,14.8,242.14897619467823,false
1,9,10:00,80,03:45,71,1,,,0.0,false,14.8,242.61080112440303,false
1,9,10:00,81,04:00,72,1,,,0.0,false,14.8,243.07262605412785,false
1,9,10:00,82,04:15,73,1,,,0.0,false,14.8,243.53445098385265,false
1,9,10:00,83,04:30,74,1,,,0.0,false,14.8,243.99627591357748,false
1,9,10:00,84,04:45,75,1,,,0.0,false,14.8,244.45810084330225,false
1,9,10:00,85,05:00,76,1,,,0.0,false,14.8,244.91992577302705,false
1,9,10:00,86,05:15,77,1,,,0.0,false,14.8,245.38175070275187,false
1,9,10:00,87,05:30,78,1,,,0.0,false,14.8,245.8435756324767,false
1,9,10:00,88,05:45,79,1,,,0.0,false,14.8,246.3054005622015,false
1,9,10:00,89,06:00,80,1,,,0.0,false,14.8,246.7672254919263,false
1,9,10:00,90,06:15,81,1,,,0.0,false,14.8,247.22905042165112,false
1,9,10:00,91,06:30,82,1,,,0.0,false,14.8,247.69087535137595,false
1,9,10:00,92,06:45,83,1,,,0.0,false,14.8,248.15270028110075,false
1,9,10:00,93,07:00,84,1,,,0.0,false,14.8,248.61452521082558,false
1,9,10:00,94,07:15,85,1,,,0.0,false,14.8,249.07635014055037,false
1,9,10:00,95,07:30,86,1,,,0.0,false,14.8,249.53817507027514,false
1,9,10:00,96,07:45,87,1,,,0.0,false,14.8,250.0,false
1,10,10:15,10,10:15,0,1,,Loading/Swinging,3.1586,false,11.512196052631412,244.88376731301955,false
1,10,10:15,11,10:30,1,1,,Loading/Swinging,3.1585999999999714,false,10.722546052631419,244.88376731301958,false
1,10,10:15,12,10:45,2,1,,Loading/Swinging,3.158599999999929,false,9.932896052631415,244.88376731301958,true
1,10,10:15,13,11:00,3,1,,Charging,1.7408297026122455e-13,true,11.832896052631334,242.7785041551249,true
1,10,10:15,14,11:15,4,1,,Traveling,4.7101,false,10.655371052631335,242.7785041551249,false
1,10,10:15,15,11:30,5,1,,Digging,4.792499999999954,false,9.457246052631346,242.7785041551249,false
1,10,10:15,16,11:45,6,1,,Digging,4.792500000000047,false,8.259121052631334,242.7785041551249,false
1,10,10:15,17,12:00,7,1,,Charging,0.0,true,10.159121052631352,240.67324099723012,false
1,10,10:15,18,12:15,8,1,,Charging,0.0,true,12.059121052631351,238.56797783933538,false
1,10,10:15,19,12:30,9,1,,,0.0,false,12.059121052631351,238.56797783933538,false
1,10,10:15,20,12:45,10,1,,,0.0,false,12.059121052631351,239.03010359036557,false
1,10,10:15,21,13:00,11,1,,,0.0,false,12.059121052631351,239.49222934139573,false
1,10,10:15,22,13:15,12,1,,,0.0,false,12.059121052631351,239.95435509242589,false
1,10,10:15,23,13:30,13,1,,,0.0,false,12.059121052631351,240.41648084345604,false
1,10,10:15,24,13:45,14,1,,,0.0,false,12.059121052631351,240.8786065944862,false
1,10,10:15,25,14:00,15,1,,Digging,4.792500000000004,false,10.86099605263135,241.3407323455163,false
1,10,10:15,26,14:15,16,1,,Digging,4.792499999999997,false,9.66287105263135,241.80285809654646,false
1,10,10:15,27,14:30,17,1,,Traveling,4.710099999999997,false,8.485346052631352,242.26498384757662,false
1,10,10:15,28,14:45,18,1,,Digging,4.7925,false,7.2872210526313514,242.72710959860677,false
1,10,10:15,29,15:00,19,1,,Idle,-3.552713678800501e-15,false,7.287221052631352,243.1892353496369,false
1,10,10:15,30,15:15,20,1,,Digging,4.792499999999978,false,6.089096052631358,243.65136110066706,true
1,10,10:15,31,15:30,21,1,,Loading/Swinging,3.1585999999998826,false,5.299446052631387,244.11348685169716,false
1,10,10:15,32,15:45,22,1,,Loading/Swinging,3.1586,false,4.509796052631387,244.57561260272732,false
1,10,10:15,33,16:00,23,1,,Traveling,4.710099999999954,false,3.3322710526313983,244.57561260272732,false
1,10,10:15,34,16:15,24,1,,Charging,1.438849039914203e-13,true,5.232271052631361,242.47034944483258,false
1,10,10:15,35,16:30,25,1,,Loading/Swinging,3.1586,false,4.442621052631361,242.47034944483258,false
1,10,10:15,36,16:45,26,1,,Digging,4.792500000000057,false,3.244496052631347,242.47034944483258,false
1,10,10:15,37,17:00,27,1,,Charging,0.0,true,5.144496052631389,240.3650862869378,false
1,10,10:15,38,17:15,28,1,,Charging,0.0,true,7.04449605263139,238.25982312904307,true
1,10,10:15,39,17:30,29,1,,,0.0,false,7.044496052631424,238.25982312904304,false
1,10,10:15,40,17:45,30,1,,Charging,0.0,true,8.944496052631507,236.15455997114822,false
1,10,10:15,41,18:00,31,1,,Charging,0.0,true,10.844496052631508,234.04929681325348,false
1,10,10:15,42,18:15,32,1,,Charging,0.0,true,12.744496052631508,231.94403365535874,false
1,10,10:15,43,18:30,33,1,,Charging,0.0,true,14.644496052631428,229.838770497464,false
1,10,10:15,44,18:45,34,1,,Charging,0.0,true,14.8,229.66646695467333,false
1,10,10:15,45,19:00,35,1,,,0.0,false,14.8,229.66646695467333,true
1,10,10:15,46,19:15,36,1,,,0.0,false,14.8,229.66646695467333,false
1,10,10:15,47,19:30,37,1,,,0.0,false,14.8,229.66646695467333,false
1,10,10:15,48,19:45,38,1,,,0.0,false,14.8,229.66646695467333,false
1,10,10:15,49,20:00,39,1,,,0.0,false,14.8,229.66646695467333,false
1,10,10:15,50,20:15,40,1,,,0.0,false,14.8,229.66646695467333,false
1,10,10:15,51,20:30,41,1,,,0.0,false,14.8,229.66646695467333,false
1,10,10:15,52,20:45,42,1,,,0.0,false,14.8,229.66646695467333,false
1,10,10:15,53,21:00,43,1,,,0.0,false,14.8,230.12859270570348,false
1,10,10:15,54,21:15,44,1,,,0.0,false,14.8,230.59071845673364,false
1,10,10:15,55,21:30,45,1,,,0.0,false,14.8,231.0528442077638,false
1,10,10:15,56,21:45,46,1,,,0.0,false,14.8,231.51496995879396,false
1,10,10:15,57,22:00,47,1,,,0.0,false,14.8,231.9770957098241,false
1,10,10:15,58,22:15,48,1,,,0.0,false,14.8,232.43922146085427,false
1,10,10:15,59,22:30,49,1,,,0.0,false,14.8,232.90134721188443,false
1,10,10:15,60,22:45,50,1,,,0.0,false,14.8,233.36347296291459,false
1,10,10:15,61,23:00,51,1,,,0.0,false,14.8,233.82559871394474,false
1,10,10:15,62,23:15,52,1,,,0.0,false,14.8,234.2877244649749,false
1,10,10:15,63,23:30,53,1,,,0.0,false,14.8,234.74985021600506,false
1,10,10:15,64,23:45,54,1,,,0.0,false,14.8,235.21197596703522,false
1,10,10:15,65,00:00,55,1,,,0.0,false,14.8,235.67410171806537,false
1,10,10:15,66,00:15,56,1,,,0.0,false,14.8,236.13622746909553,false
1,10,10:15,67,00:30,57,1,,,0.0,false,14.8,236.5983532201257,false
1,10,10:15,68,00:45,58,1,,,0.0,false,14.8,237.06047897115585,false
1,10,10:15,69,01:00,59,1,,,0.0,false,14.8,237.522604722186,false
1,10,10:15,70,01:15,60,1,,,0.0,false,14.8,237.98473047321616,false
1,10,10:15,71,01:30,61,1,,,0.0,false,14.8,238.44685622424632,false
1,10,10:15,72,01:45,62,1,,,0.0,false,14.8,238.90898197527648,false
1,10,10:15,73,02:00,63,1,,,0.0,false,14.8,239.37110772630663,false
1,10,10:15,74,02:15,64,1,,,0.0,false,14.8,239.8332334773368,false
1,10,10:15,75,02:30,65,1,,,0.0,false,14.8,240.29535922836695,false
1,10,10:15,76,02:45,66,1,,,0.0,false,14.8,240.7574849793971,false
1,10,10:15,77,03:00,67,1,,,0.0,false,14.8,241.21961073042726,false
1,10,10:15,78,03:15,68,1,,,0.0,false,14.8,241.68173648145742,false
1,10,10:15,79,03:30,69,1,,,0.0,false,14.8,242.14386223248758,false
1,10,10:15,80,03:45,70,1,,,0.0,false,14.8,242.60598798351774,false
1,10,10:15,81,04:00,71,1,,,0.0,false,14.8,243.0681137345479,false
1,10,10:15,82,04:15,72,1,,,0.0,false,14.8,243.53023948557805,false
1,10,10:15,83,04:30,73,1,,,0.0,false,14.8,243.9923652366082,false
1,10,10:15,84,04:45,74,1,,,0.0,false,14.8,244.45449098763837,false
1,10,10:15,85,05:00,75,1,,,0.0,false,14.8,244.91661673866852,false
1,10,10:15,86,05:15,76,1,,,0.0,false,14.8,245.37874248969868,false
1,10,10:15,87,05:30,77,1,,,0.0,false,14.8,245.84086824072884,false
1,10,10:15,88,05:45,78,1,,,0.0,false,14.8,246.302993991759,false
1,10,10:15,89,06:00,79,1,,,0.0,false,14.8,246.76511974278915,false
1,10,10:15,90,06:15,80,1,,,0.0,false,14.8,247.2272454938193,false
1,10,10:15,91,06:30,81,1,,,0.0,false,14.8,247.68937124484947,false
1,10,10:15,92,06:45,82,1,,,0.0,false,14.8,248.15149699587963,false
1,10,10:15,93,07:00,83,1,,,0.0,false,14.8,248.61362274690978,false
1,10,10:15,94,07:15,84,1,,,0.0,false,14.8,249.07574849793994,false
1,10,10:15,95,07:30,85,1,,,0.0,false,14.8,249.53787424896984,false
1,10,10:15,96,07:45,86,1,,,0.0,false,14.8,250.0,false
1,11,10:30,11,10:30,0,1,,Digging,4.792500000008992,false,10.451171052629164,244.88376731301955,true
1,11,10:30,12,10:45,1,1,,Charging,-2.141398169897002e-11,true,12.250275000004361,242.89030033532444,true
1,11,10:30,13,11:00,2,1,,Digging,4.792499999997558,false,11.052150000004971,242.8903003353211,true
1,11,10:30,14,11:15,3,1,,Traveling,4.710100000000757,false,9.874625000004782,242.8903003353211,false
1,11,10:30,15,11:30,4,1,,Digging,4.792499999995627,false,8.676500000005875,242.8903003353211,false
1,11,10:30,16,11:45,5,1,,Digging,4.792500000000162,false,7.47837500000533,242.89030033532165,false
1,11,10:30,17,12:00,6,1,,Charging,0.0,true,9.37837500000533,240.78503717742691,false
1,11,10:30,18,12:15,7,1,,Charging,0.0,true,11.27837500000533,238.67977401953218,false
1,11,10:30,19,12:30,8,1,,,0.0,false,11.278375000005116,238.67977401953226,false
1,11,10:30,20,12:45,9,1,,,0.0,false,11.278375000005116,239.13923465903017,false
1,11,10:30,21,13:00,10,1,,,0.0,false,11.278375000005116,239.59869529852807,false
1,11,10:30,22,13:15,11,1,,,0.0,false,11.278375000005116,240.05815593802598,false
1,11,10:30,23,13:30,12,1,,,0.0,false,11.278375000005116,240.51761657752388,false
1,11,10:30,24,13:45,13,1,,,0.0,false,11.278375000005116,240.97707721702199,false
1,11,10:30,25,14:00,14,1,,Digging,4.792500000002285,false,10.080250000004545,241.4365378565199,false
1,11,10:30,26,14:15,15,1,,Digging,4.792499999994753,false,8.882125000005857,241.8959984960178,false
1,11,10:30,27,14:30,16,1,,Traveling,4.7100999999787785,false,7.704600000012002,242.3554591355157,false
1,11,10:30,28,14:45,17,1,,Digging,4.792499999998981,false,6.506475000012257,242.8149197750136,false
1,11,10:30,29,15:00,18,1,,Idle,6.02042166120243e-12,false,6.506475000010751,243.2743804145115,false
1,11,10:30,30,15:15,19,1,,Loading/Swinging,3.158600000001112,false,5.7168250000104734,243.7338410540093,true
1,11,10:30,31,15:30,20,1,,Loading/Swinging,3.158600000067665,false,4.927174999993557,244.1933016935072,false
1,11,10:30,32,15:45,21,1,,Loading/Swinging,3.158599999963805,false,4.137525000002606,244.65276233300511,false
1,11,10:30,33,16:00,22,1,,Traveling,4.710100000002435,false,2.96,244.65276233300511,false
1,11,10:30,34,16:15,23,1,,Charging,-4.037659095956769e-12,true,4.8600000000036765,242.54749917510742,false
1,11,10:30,35,16:30,24,1,,Loading/Swinging,3.158600000000611,false,4.070350000003524,242.54749917510742,false
1,11,10:30,36,16:45,25,1,,Loading/Swinging,3.158599999998042,false,3.280700000004013,242.54749917510742,true
1,11,10:30,37,17:00,26,1,,Charging,0.0,true,5.180700000004013,240.44223601721268,false
1,11,10:30,38,17:15,27,1,,Charging,0.0,true,7.080700000004909,238.33697285931694,false
1,11,10:30,39,17:30,28,1,,Charging,0.0,true,7.200000000001157,238.20478449367013,true
1,11,10:30,40,17:45,29,1,,,0.0,false,7.200000000001157,238.20478449367013,true
1,11,10:30,41,18:00,30,1,,Charging,0.0,true,9.100000000003703,236.09952133577258,false
1,11,10:30,42,18:15,31,1,,Charging,0.0,true,11.00000000000431,233.99425817787716,false
1,11,10:30,43,18:30,32,1,,Charging,0.0,true,12.90000000000041,231.88899501998674,false
1,11,10:30,44,18:45,33,1,,Charging,0.0,true,14.799999999999994,229.783731862092,false
1,11,10:30,45,19:00,34,1,,,0.0,false,14.799999999999994,229.783731862092,false
1,11,10:30,46,19:15,35,1,,,0.0,false,14.799999999999994,229.783731862092,false
1,11,10:30,47,19:30,36,1,,,0.0,false,14.799999999999994,229.783731862092,false
1,11,10:30,48,19:45,37,1,,,0.0,false,14.799999999999994,229.783731862092,false
1,11,10:30,49,20:00,38,1,,,0.0,false,14.799999999999994,229.783731862092,false
1,11,10:30,50,20:15,39,1,,,0.0,false,14.799999999999994,229.783731862092,false
1,11,10:30,51,20:30,40,1,,,0.0,false,14.799999999999994,229.783731862092,false
1,11,10:30,52,20:45,41,1,,,0.0,false,14.799999999999997,229.783731862092,false
1,11,10:30,53,21:00,42,1,,,0.0,false,14.799999999999997,230.24319250158993,false
1,11,10:30,54,21:15,43,1,,,0.0,false,14.8,230.70265314108784,false
1,11,10:30,55,21:30,44,1,,,0.0,false,14.8,231.16211378058574,false
1,11,10:30,56,21:45,45,1,,,0.0,false,14.800000000000004,231.62157442008365,false
1,11,10:30,57,22:00,46,1,,,0.0,false,14.800000000000004,232.08103505958155,false
1,11,10:30,58,22:15,47,1,,,0.0,false,14.800000000000004,232.54049569907946,false
1,11,10:30,59,22:30,48,1,,,0.0,false,14.800000000000004,232.99995633857736,false
1,11,10:30,60,22:45,49,1,,,0.0,false,14.800000000000004,233.45941697807527,false
1,11,10:30,61,23:00,50,1,,,0.0,false,14.800000000000004,233.91887761757317,false
1,11,10:30,62,23:15,51,1,,,0.0,false,14.800000000000004,234.37833825707108,false
1,11,10:30,63,23:30,52,1,,,0.0,false,14.800000000000004,234.83779889656898,false
1,11,10:30,64,23:45,53,1,,,0.0,false,14.800000000000004,235.2972595360669,false
1,11,10:30,65,00:00,54,1,,,0.0,false,14.800000000000004,235.7567201755648,false
1,11,10:30,66,00:15,55,1,,,0.0,false,14.800000000000004,236.2161808150627,false
1,11,10:30,67,00:30,56,1,,,0.0,false,14.800000000000004,236.6756414545606,false
1,11,10:30,68,00:45,57,1,,,0.0,false,14.800000000000004,237.1351020940585,false
1,11,10:30,69,01:00,58,1,,,0.0,false,14.800000000000004,237.59456273355642,false
1,11,10:30,70,01:15,59,1,,,0.0,false,14.800000000000004,238.05402337305432,false
1,11,10:30,71,01:30,60,1,,,0.0,false,14.8,238.51348401255223,false
1,11,10:30,72,01:45,61,1,,,0.0,false,14.8,238.97294465205013,false
1,11,10:30,73,02:00,62,1,,,0.0,false,14.8,239.43240529154804,false
1,11,10:30,74,02:15,63,1,,,0.0,false,14.8,239.89186593104594,false
1,11,10:30,75,02:30,64,1,,,0.0,false,14.8,240.35132657054385,false
1,11,10:30,76,02:45,65,1,,,0.0,false,14.8,240.81078721004175,false
1,11,10:30,77,03:00,66,1,,,0.0,false,14.8,241.27024784953966,false
1,11,10:30,78,03:15,67,1,,,0.0,false,14.8,241.72970848903756,false
1,11,10:30,79,03:30,68,1,,,0.0,false,14.8,242.18916912853547,false
1,11,10:30,80,03:45,69,1,,,0.0,false,14.8,242.64862976803337,false
1,11,10:30,81,04:00,70,1,,,0.0,false,14.8,243.10809040753128,false
1,11,10:30,82,04:15,71,1,,,0.0,false,14.800000000000004,243.56755104702918,false
1,11,10:30,83,04:30,72,1,,,0.0,false,14.800000000000004,244.0270116865271,false
1,11,10:30,84,04:45,73,1,,,0.0,false,14.800000000000004,244.486472326025,false
1,11,10:30,85,05:00,74,1,,,0.0,false,14.800000000000004,244.9459329655229,false
1,11,10:30,86,05:15,75,1,,,0.0,false,14.800000000000004,245.4053936050208,false
1,11,10:30,87,05:30,76,1,,,0.0,false,14.800000000000004,245.8648542445187,false
1,11,10:30,88,05:45,77,1,,,0.0,false,14.800000000000004,246.32431488401662,false
1,11,10:30,89,06:00,78,1,,,0.0,false,14.800000000000004,246.78377552351452,false
1,11,10:30,90,06:15,79,1,,,0.0,false,14.8,247.24323616301288,false
1,11,10:30,91,06:30,80,1,,,0.0,false,14.8,247.7026968025108,false
1,11,10:30,92,06:45,81,1,,,0.0,false,14.8,248.1621574420087,false
1,11,10:30,93,07:00,82,1,,,0.0,false,14.8,248.6216180815066,false
1,11,10:30,94,07:15,83,1,,,0.0,false,14.8,249.08107872100416,false
1,11,10:30,95,07:30,84,1,,,0.0,false,14.8,249.54053936050207,false
1,11,10:30,96,07:45,85,1,,,0.0,false,14.8,250.0,false
1,12,10:45,12,10:45,0,1,,Charging,-1.7763568394002505e-15,true,12.408571052631412,242.7785041551248,false
1,12,10:45,13,11:00,1,1,,Digging,4.79249999999999,false,11.210446052631415,242.7785041551248,false
1,12,10:45,14,11:15,2,1,,Traveling,4.7101,false,10.032921052631416,242.7785041551248,false
1,12,10:45,15,11:30,3,1,,Digging,4.792500000000004,false,8.834796052631415,242.7785041551248,false
1,12,10:45,16,11:45,4,1,,Digging,4.792499999999911,false,7.63667105263145,242.77850415512478,false
1,12,10:45,17,12:00,5,1,,Charging,0.0,true,9.53667105263145,240.67324099723004,false
1,12,10:45,18,12:15,6,1,,Charging,0.0,true,11.43667105263145,238.5679778393353,false
1,12,10:45,19,12:30,7,1,,,0.0,false,11.43667105263145,238.5679778393353,false
1,12,10:45,20,12:45,8,1,,,0.0,false,11.43667105263145,239.0263226699203,false
1,12,10:45,21,13:00,9,1,,,0.0,false,11.43667105263145,239.48466750050528,false
1,12,10:45,22,13:15,10,1,,,0.0,false,11.43667105263145,239.94301233109027,false
1,12,10:45,23,13:30,11,1,,,0.0,false,11.43667105263145,240.40135716167526,false
1,12,10:45,24,13:45,12,1,,,0.0,false,11.43667105263145,240.85970199226026,false
1,12,10:45,25,14:00,13,1,,Digging,4.792500000000004,false,10.238546052631449,241.31804682284525,false
1,12,10:45,26,14:15,14,1,,Digging,4.79250000000012,false,9.04042105263142,241.77639165343024,false
1,12,10:45,27,14:30,15,1,,Traveling,4.710099999999997,false,7.86289605263142,242.23473648401523,false
1,12,10:45,28,14:45,16,1,,Digging,4.792500000000065,false,6.664771052631443,242.69308131460022,false
1,12,10:45,29,15:00,17,1,,Idle,-6.750155989720952e-14,false,6.66477105263146,243.15142614518524,false
1,12,10:45,30,15:15,18,1,,Loading/Swinging,3.1586,false,5.875121052631458,243.60977097577023,false
1,12,10:45,31,15:30,19,1,,Loading/Swinging,3.158600000000149,false,5.085471052631421,244.06811580635522,false
1,12,10:45,32,15:45,20,1,,Loading/Swinging,3.1585999999999856,false,4.295821052631428,244.52646063694021,false
1,12,10:45,33,16:00,21,1,,Traveling,4.7100999999999225,false,3.1182960526314476,244.52646063694021,false
1,12,10:45,34,16:15,22,1,,Charging,-8.881784197001252e-16,true,5.01829605263141,242.42119747904553,false
1,12,10:45,35,16:30,23,1,,Loading/Swinging,3.1586000000000025,false,4.2286460526314285,242.42119747904553,false
1,12,10:45,36,16:45,24,1,,Loading/Swinging,3.15860000000008,false,3.4389960526314085,242.42119747904553,false
1,12,10:45,37,17:00,25,1,,Charging,0.0,true,5.338996052631442,240.31593432115076,false
1,12,10:45,38,17:15,26,1,,Charging,0.0,true,7.199999999999919,238.25388008583943,false
1,12,10:45,39,17:30,27,1,,Charging,0.0,true,9.099999999999932,236.1486169279447,false
1,12,10:45,40,17:45,28,1,,Charging,0.0,true,10.999999999999932,234.04335377004995,true
1,12,10:45,41,18:00,29,1,,Charging,0.0,true,12.89999999999993,231.9380906121552,false
1,12,10:45,42,18:15,30,1,,Charging,0.0,true,14.79999999999993,229.83282745426047,false
1,12,10:45,43,18:30,31,1,,,0.0,false,14.799999999999928,229.83282745426047,true
1,12,10:45,44,18:45,32,1,,,0.0,false,14.799999999999928,229.83282745426047,true
1,12,10:45,45,19:00,33,1,,,0.0,false,14.799999999999928,229.83282745426047,false
1,12,10:45,46,19:15,34,1,,,0.0,false,14.799999999999928,229.83282745426047,false
1,12,10:45,47,19:30,35,1,,,0.0,false,14.799999999999928,229.83282745426047,false
1,12,10:45,48,19:45,36,1,,,0.0,false,14.799999999999928,229.83282745426047,false
1,12,10:45,49,20:00,37,1,,,0.0,false,14.799999999999928,229.83282745426047,false
1,12,10:45,50,20:15,38,1,,,0.0,false,14.799999999999928,229.83282745426047,false
1,12,10:45,51,20:30,39,1,,,0.0,false,14.799999999999928,229.83282745426047,false
1,12,10:45,52,20:45,40,1,,,0.0,false,14.800000000000002,229.83282745426047,false
1,12,10:45,53,21:00,41,1,,,0.0,false,14.800000000000002,230.29117228484546,false
1,12,10:45,54,21:15,42,1,,,0.0,false,14.800000000000002,230.74951711543045,false
1,12,10:45,55,21:30,43,1,,,0.0,false,14.800000000000002,231.20786194601544,false
1,12,10:45,56,21:45,44,1,,,0.0,false,14.800000000000002,231.66620677660043,false
1,12,10:45,57,22:00,45,1,,,0.0,false,14.800000000000002,232.12455160718542,false
1,12,10:45,58,22:15,46,1,,,0.0,false,14.800000000000002,232.58289643777042,false
1,12,10:45,59,22:30,47,1,,,0.0,false,14.800000000000002,233.0412412683554,false
1,12,10:45,60,22:45,48,1,,,0.0,false,14.800000000000002,233.4995860989404,false
1,12,10:45,61,23:00,49,1,,,0.0,false,14.800000000000002,233.95793092952533,false
1,12,10:45,62,23:15,50,1,,,0.0,false,14.800000000000002,234.41627576011032,false
1,12,10:45,63,23:30,51,1,,,0.0,false,14.800000000000002,234.87462059069532,false
1,12,10:45,64,23:45,52,1,,,0.0,false,14.800000000000002,235.3329654212803,false
1,12,10:45,65,00:00,53,1,,,0.0,false,14.800000000000002,235.7913102518653,false
1,12,10:45,66,00:15,54,1,,,0.0,false,14.8,236.2496550824503,false
1,12,10:45,67,00:30,55,1,,,0.0,false,14.8,236.70799991303528,false
1,12,10:45,68,00:45,56,1,,,0.0,false,14.8,237.16634474362027,false
1,12,10:45,69,01:00,57,1,,,0.0,false,14.8,237.62468957420523,false
1,12,10:45,70,01:15,58,1,,,0.0,false,14.8,238.08303440479023,false
1,12,10:45,71,01:30,59,1,,,0.0,false,14.8,238.54137923537522,false
1,12,10:45,72,01:45,60,1,,,0.0,false,14.8,238.9997240659602,false
1,12,10:45,73,02:00,61,1,,,0.0,false,14.8,239.4580688965452,false
1,12,10:45,74,02:15,62,1,,,0.0,false,14.8,239.9164137271302,false
1,12,10:45,75,02:30,63,1,,,0.0,false,14.8,240.37475855771518,false
1,12,10:45,76,02:45,64,1,,,0.0,false,14.8,240.83310338830017,false
1,12,10:45,77,03:00,65,1,,,0.0,false,14.8,241.29144821888517,false
1,12,10:45,78,03:15,66,1,,,0.0,false,14.8,241.74979304947016,false
1,12,10:45,79,03:30,67,1,,,0.0,false,14.8,242.20813788005515,false
1,12,10:45,80,03:45,68,1,,,0.0,false,14.8,242.66648271064014,false
1,12,10:45,81,04:00,69,1,,,0.0,false,14.8,243.12482754122513,false
1,12,10:45,82,04:15,70,1,,,0.0,false,14.8,243.58317237181012,false
1,12,10:45,83,04:30,71,1,,,0.0,false,14.8,244.0415172023951,false
1,12,10:45,84,04:45,72,1,,,0.0,false,14.8,244.4998620329801,false
1,12,10:45,85,05:00,73,1,,,0.0,false,14.8,244.9582068635651,false
1,12,10:45,86,05:15,74,1,,,0.0,false,14.8,245.4165516941501,false
1,12,10:45,87,05:30,75,1,,,0.0,false,14.8,245.87489652473508,false
1,12,10:45,88,05:45,76,1,,,0.0,false,14.8,246.33324135532007,false
1,12,10:45,89,06:00,77,1,,,0.0,false,14.8,246.79158618590506,false
1,12,10:45,90,06:15,78,1,,,0.0,false,14.8,247.24993101649005,false
1,12,10:45,91,06:30,79,1,,,0.0,false,14.8,247.70827584707504,false
1,12,10:45,92,06:45,80,1,,,0.0,false,14.8,248.16662067766003,false
1,12,10:45,93,07:00,81,1,,,0.0,false,14.8,248.62496550824503,false
1,12,10:45,94,07:15,82,1,,,0.0,false,14.8,249.08331033883002,false
1,12,10:45,95,07:30,83,1,,,0.0,false,14.8,249.541655169415,false
1,12,10:45,96,07:45,84,1,,,0.0,false,14.8,250.0,false
1,13,11:00,13,11:00,0,1,,Digging,4.792499999999997,false,11.310446052631413,242.7785041551248,false
1,13,11:00,14,11:15,1,1,,Traveling,4.710099999999997,false,10.132921052631414,242.7785041551248,false
1,13,11:00,15,11:30,2,1,,Digging,4.7925,false,8.934796052631413,242.7785041551248,false
1,13,11:00,16,11:45,3,1,,Digging,4.7925,false,7.736671052631413,242.7785041551248,false
1,13,11:00,17,12:00,4,1,,Charging,0.0,true,9.636671052631414,240.67324099723007,false
1,13,11:00,18,12:15,5,1,,Charging,0.0,true,11.397675000000412,238.72199008601788,false
1,13,11:00,19,12:30,6,1,,,0.0,false,11.397675000000412,238.72199008601788,false
1,13,11:00,20,12:45,7,1,,,0.0,false,11.397675000000412,239.17839099863622,false
1,13,11:00,21,13:00,8,1,,,0.0,false,11.397675000000412,239.63479191125455,false
1,13,11:00,22,13:15,9,1,,,0.0,false,11.397675000000412,240.0911928238729,false
1,13,11:00,23,13:30,10,1,,,0.0,false,11.39767500000041,240.54759373649122,false
1,13,11:00,24,13:45,11,1,,,0.0,false,11.39767500000041,241.00399464910953,false
1,13,11:00,25,14:00,12,1,,Digging,4.7925,false,10.19955000000041,241.46039556172786,false
1,13,11:00,26,14:15,13,1,,Digging,4.792500000000004,false,9.00142500000041,241.9167964743462,false
1,13,11:00,27,14:30,14,1,,Traveling,4.710099999999732,false,7.823900000000476,242.37319738696453,false
1,13,11:00,28,14:45,15,1,,Digging,4.792500000000032,false,6.625775000000468,242.82959829958287,false
1,13,11:00,29,15:00,16,1,,Idle,0.0,false,6.625775000000469,243.2859992122012,false
1,13,11:00,30,15:15,17,1,,Loading/Swinging,3.1586000000001917,false,5.836125000000421,243.74240012481954,false
1,13,11:00,31,15:30,18,1,,Loading/Swinging,3.1585999999999417,false,5.0464750000000205,244.19880103743785,false
1,13,11:00,32,15:45,19,1,,Loading/Swinging,3.1585999999993817,false,4.256825000000175,244.65520195005618,false
1,13,11:00,33,16:00,20,1,,Traveling,4.710099999999578,false,3.079300000000281,244.65520195005618,false
1,13,11:00,34,16:15,21,1,,Charging,8.926475780768328e-13,true,4.979300000000058,242.54993879216144,false
1,13,11:00,35,16:30,22,1,,Loading/Swinging,3.158599999999989,false,4.189650000000061,242.54993879216144,false
1,13,11:00,36,16:45,23,1,,Loading/Swinging,3.1585999999999106,false,3.400000000000302,242.54993879216119,false
1,13,11:00,37,17:00,24,1,,Charging,0.0,true,5.300000000000303,240.44467563426645,false
1,13,11:00,38,17:15,25,1,,Charging,0.0,true,7.200000000000247,238.33941247637176,false
1,13,11:00,39,17:30,26,1,,Charging,0.0,true,9.10000000000016,236.23414931847714,false
1,13,11:00,40,17:45,27,1,,Charging,0.0,true,11.000000000000515,234.128886160582,false
1,13,11:00,41,18:00,28,1,,Charging,0.0,true,12.900000000000515,232.02362300268726,false
1,13,11:00,42,18:15,29,1,,Charging,0.0,true,14.800000000000514,229.91835984479252,false
1,13,11:00,43,18:30,30,1,,,0.0,false,14.800000000000514,229.91835984479252,false
1,13,11:00,44,18:45,31,1,,,0.0,false,14.800000000000514,229.91835984479252,false
1,13,11:00,45,19:00,32,1,,,0.0,false,14.800000000000514,229.91835984479252,false
1,13,11:00,46,19:15,33,1,,,0.0,false,14.799999999999903,229.91835984479252,false
1,13,11:00,47,19:30,34,1,,,0.0,false,14.799999999999903,229.91835984479252,false
1,13,11:00,48,19:45,35,1,,,0.0,false,14.799999999999903,229.91835984479252,false
1,13,11:00,49,20:00,36,1,,,0.0,false,14.799999999999903,229.91835984479252,false
1,13,11:00,50,20:15,37,1,,,0.0,false,14.799999999999903,229.91835984479252,false
1,13,11:00,51,20:30,38,1,,,0.0,false,14.799999999999903,229.91835984479252,false
1,13,11:00,52,20:45,39,1,,,0.0,false,14.799999999999903,229.91835984479252,false
1,13,11:00,53,21:00,40,1,,,0.0,false,14.799999999999903,230.37476075741085,false
1,13,11:00,54,21:15,41,1,,,0.0,false,14.799999999999903,230.83116167002956,false
1,13,11:00,55,21:30,42,1,,,0.0,false,14.799999999999903,231.2875625826479,false
1,13,11:00,56,21:45,43,1,,,0.0,false,14.799999999999903,231.74396349526623,false
1,13,11:00,57,22:00,44,1,,,0.0,false,14.799999999999903,232.20036440788456,false
1,13,11:00,58,22:15,45,1,,,0.0,false,14.799999999999903,232.6567653205029,false
1,13,11:00,59,22:30,46,1,,,0.0,false,14.799999999999903,233.11316623312123,false
1,13,11:00,60,22:45,47,1,,,0.0,false,14.799999999999903,233.56956714573957,false
1,13,11:00,61,23:00,48,1,,,0.0,false,14.799999999999903,234.0259680583579,false
1,13,11:00,62,23:15,49,1,,,0.0,false,14.799999999999903,234.48236897097624,false
1,13,11:00,63,23:30,50,1,,,0.0,false,14.799999999999903,234.93876988359457,false
1,13,11:00,64,23:45,51,1,,,0.0,false,14.799999999999903,235.3951707962129,false
1,13,11:00,65,00:00,52,1,,,0.0,false,14.799999999999903,235.85157170883124,false
1,13,11:00,66,00:15,53,1,,,0.0,false,14.799999999999903,236.30797262144958,false
1,13,11:00,67,00:30,54,1,,,0.0,false,14.799999999999903,236.76437353406791,false
1,13,11:00,68,00:45,55,1,,,0.0,false,14.799999999999903,237.22077444668625,false
1,13,11:00,69,01:00,56,1,,,0.0,false,14.799999999999903,237.67717535930518,false
1,13,11:00,70,01:15,57,1,,,0.0,false,14.799999999999903,238.13357627192352,false
1,13,11:00,71,01:30,58,1,,,0.0,false,14.799999999999903,238.58997718454185,false
1,13,11:00,72,01:45,59,1,,,0.0,false,14.799999999999903,239.0463780971602,false
1,13,11:00,73,02:00,60,1,,,0.0,false,14.799999999999903,239.50277900977852,false
1,13,11:00,74,02:15,61,1,,,0.0,false,14.799999999999903,239.95917992239686,false
1,13,11:00,75,02:30,62,1,,,0.0,false,14.799999999999903,240.4155808350152,false
1,13,11:00,76,02:45,63,1,,,0.0,false,14.799999999999903,240.87198174763353,false
1,13,11:00,77,03:00,64,1,,,0.0,false,14.799999999999903,241.32838266025186,false
1,13,11:00,78,03:15,65,1,,,0.0,false,14.799999999999903,241.7847835728702,false
1,13,11:00,79,03:30,66,1,,,0.0,false,14.799999999999903,242.24118448548853,false
1,13,11:00,80,03:45,67,1,,,0.0,false,14.799999999999903,242.69758539810687,false
1,13,11:00,81,04:00,68,1,,,0.0,false,14.799999999999903,243.1539863107252,false
1,13,11:00,82,04:15,69,1,,,0.0,false,14.799999999999903,243.61038722334354,false
1,13,11:00,83,04:30,70,1,,,0.0,false,14.799999999999903,244.06678813596187,false
1,13,11:00,84,04:45,71,1,,,0.0,false,14.799999999999903,244.5231890485802,false
1,13,11:00,85,05:00,72,1,,,0.0,false,14.799999999999903,244.97958996119854,false
1,13,11:00,86,05:15,73,1,,,0.0,false,14.799999999999903,245.43599087381688,false
1,13,11:00,87,05:30,74,1,,,0.0,false,14.799999999999903,245.8923917864352,false
1,13,11:00,88,05:45,75,1,,,0.0,false,14.799999999999903,246.34879269905355,false
1,13,11:00,89,06:00,76,1,,,0.0,false,14.799999999999903,246.80519361167174,false
1,13,11:00,90,06:15,77,1,,,0.0,false,14.799999999999903,247.26159452429008,false
1,13,11:00,91,06:30,78,1,,,0.0,false,14.799999999999903,247.71799543690844,false
1,13,11:00,92,06:45,79,1,,,0.0,false,14.799999999999903,248.17439634952677,false
1,13,11:00,93,07:00,80,1,,,0.0,false,14.799999999999903,248.63079726214508,false
1,13,11:00,94,07:15,81,1,,,0.0,false,14.799999999999903,249.0871981747634,false
1,13,11:00,95,07:30,82,1,,,0.0,false,14.799999999999903,249.54359908738175,false
1,13,11:00,96,07:45,83,1,,,0.0,false,14.8,250.0,false
1,14,11:15,14,11:15,0,1,,Traveling,4.710099999999997,false,10.090196052631413,242.7785041551248,false
1,14,11:15,15,11:30,1,1,,Digging,4.7925,false,8.892071052631412,242.7785041551248,false
1,14,11:15,16,11:45,2,1,,Digging,4.7925,false,7.693946052631412,242.7785041551248,false
1,14,11:15,17,12:00,3,1,,Charging,0.0,true,9.593946052631338,240.6732409972302,false
1,14,11:15,18,12:15,4,1,,Charging,0.0,true,11.493946052631411,238.5679778393345,false
1,14,11:15,19,12:30,5,1,,,0.0,false,11.493946052631411,238.56797783933428,false
1,14,11:15,20,12:45,6,1,,,0.0,false,11.493946052631411,239.02520929090457,false
1,14,11:15,21,13:00,7,1,,,0.0,false,11.493946052631411,239.48244074247413,false
1,14,11:15,22,13:15,8,1,,,0.0,false,11.493946052631411,239.93967219404368,false
1,14,11:15,23,13:30,9,1,,,0.0,false,11.493946052631411,240.39690364561324,false
1,14,11:15,24,13:45,10,1,,,0.0,false,11.493946052631404,240.8541350971827,false
1,14,11:15,25,14:00,11,1,,Digging,4.79249999999481,false,10.295821052632702,241.31136654875226,false
1,14,11:15,26,14:15,12,1,,Digging,4.792500000007839,false,9.097696052630742,241.76859800032182,false
1,14,11:15,27,14:30,13,1,,Traveling,4.710099999998944,false,7.9201710526304385,242.225829451892,false
1,14,11:15,28,14:45,14,1,,Digging,4.792499999998596,false,6.722046052630864,242.68306090346155,false
1,14,11:15,29,15:00,15,1,,Idle,1.5099033134902129e-12,false,6.722046052630486,243.14029235503108,false
1,14,11:15,30,15:15,16,1,,Loading/Swinging,3.158599999994808,false,5.9323960526283095,243.59752380660063,false
1,14,11:15,31,15:30,17,1,,Loading/Swinging,3.158600000007837,false,5.14274605262635,244.05475525817016,false
1,14,11:15,32,15:45,18,1,,Loading/Swinging,3.158599999993939,false,4.3530960526278655,244.511986709738,false
1,14,11:15,33,16:00,19,1,,Traveling,4.710100000002122,false,3.175571052630981,244.511986709738,false
1,14,11:15,34,16:15,20,1,,Charging,1.3233858453531866e-12,true,5.075571052630702,242.4067235518432,false
1,14,11:15,35,16:30,21,1,,Loading/Swinging,3.1585999999946095,false,4.2859210526314415,242.4067235518432,false
1,14,11:15,36,16:45,22,1,,Loading/Swinging,3.1586,false,3.4962710526314416,242.4067235518432,false
1,14,11:15,37,17:00,23,1,,Charging,0.0,true,5.396271052631386,240.30146039394853,false
1,14,11:15,38,17:15,24,1,,Charging,0.0,true,7.296271052631369,238.19619723605382,false
1,14,11:15,39,17:30,25,1,,Charging,0.0,true,9.196271052631346,236.0909340781591,false
1,14,11:15,40,17:45,26,1,,Charging,0.0,true,11.096271052631334,233.9856709202644,false
1,14,11:15,41,18:00,27,1,,Charging,0.0,true,12.99627105263132,231.88040776236969,false
1,14,11:15,42,18:15,28,1,,Charging,0.0,true,14.800000000001749,229.8818161309343,false
1,14,11:15,43,18:30,29,1,,,0.0,false,14.800000000001749,229.8818161309343,false
1,14,11:15,44,18:45,30,1,,,0.0,false,14.800000000001749,229.8818161309343,false
1,14,11:15,45,19:00,31,1,,,0.0,false,14.800000000001749,229.8818161309343,false
1,14,11:15,46,19:15,32,1,,,0.0,false,14.800000000001749,229.8818161309343,false
1,14,11:15,47,19:30,33,1,,,0.0,false,14.800000000001749,229.8818161309343,false
1,14,11:15,48,19:45,34,1,,,0.0,false,14.800000000001749,229.8818161309343,false
1,14,11:15,49,20:00,35,1,,,0.0,false,14.800000000001749,229.8818161309343,false
1,14,11:15,50,20:15,36,1,,,0.0,false,14.800000000001749,229.8818161309343,false
1,14,11:15,51,20:30,37,1,,,0.0,false,14.800000000001749,229.8818161309343,false
1,14,11:15,52,20:45,38,1,,,0.0,false,14.800000000001749,229.8818161309343,false
1,14,11:15,53,21:00,39,1,,,0.0,false,14.800000000001749,230.33904758250387,false
1,14,11:15,54,21:15,40,1,,,0.0,false,14.800000000000665,230.79627903407342,false
1,14,11:15,55,21:30,41,1,,,0.0,false,14.800000000000665,231.25351048564298,false
1,14,11:15,56,21:45,42,1,,,0.0,false,14.800000000000665,231.71074193721253,false
1,14,11:15,57,22:00,43,1,,,0.0,false,14.800000000000665,232.1679733887821,false
1,14,11:15,58,22:15,44,1,,,0.0,false,14.800000000000665,232.62520484035164,false
1,14,11:15,59,22:30,45,1,,,0.0,false,14.800000000000665,233.0824362919212,false
1,14,11:15,60,22:45,46,1,,,0.0,false,14.800000000000665,233.53966774349075,false
1,14,11:15,61,23:00,47,1,,,0.0,false,14.800000000000665,233.9968991950603,false
1,14,11:15,62,23:15,48,1,,,0.0,false,14.800000000000665,234.45413064662986,false
1,14,11:15,63,23:30,49,1,,,0.0,false,14.800000000000665,234.91136209819942,false
1,14,11:15,64,23:45,50,1,,,0.0,false,14.800000000000665,235.36859354976897,false
1,14,11:15,65,00:00,51,1,,,0.0,false,14.800000000000665,235.82582500133853,false
1,14,11:15,66,00:15,52,1,,,0.0,false,14.800000000000665,236.28305645290808,false
1,14,11:15,67,00:30,53,1,,,0.0,false,14.800000000000665,236.74028790447764,false
1,14,11:15,68,00:45,54,1,,,0.0,false,14.800000000000665,237.1975193560472,false
1,14,11:15,69,01:00,55,1,,,0.0,false,14.800000000000665,237.65475080761675,false
1,14,11:15,70,01:15,56,1,,,0.0,false,14.800000000000665,238.1119822591863,false
1,14,11:15,71,01:30,57,1,,,0.0,false,14.800000000000665,238.56921371075586,false
1,14,11:15,72,01:45,58,1,,,0.0,false,14.800000000000665,239.02644516232542,false
1,14,11:15,73,02:00,59,1,,,0.0,false,14.800000000000665,239.48367661389497,false
1,14,11:15,74,02:15,60,1,,,0.0,false,14.800000000000182,239.94090806546507,false
1,14,11:15,75,02:30,61,1,,,0.0,false,14.800000000000182,240.39813951703462,false
1,14,11:15,76,02:45,62,1,,,0.0,false,14.800000000000182,240.85537096860418,false
1,14,11:15,77,03:00,63,1,,,0.0,false,14.800000000000182,241.31260242017373,false
1,14,11:15,78,03:15,64,1,,,0.0,false,14.800000000000182,241.7698338717433,false
1,14,11:15,79,03:30,65,1,,,0.0,false,14.800000000000182,242.22706532331284,false
1,14,11:15,80,03:45,66,1,,,0.0,false,14.800000000000182,242.6842967748824,false
1,14,11:15,81,04:00,67,1,,,0.0,false,14.800000000000182,243.14152822645195,false
1,14,11:15,82,04:15,68,1,,,0.0,false,14.800000000000182,243.5987596780215,false
1,14,11:15,83,04:30,69,1,,,0.0,false,14.800000000000182,244.05599112959106,false
1,14,11:15,84,04:45,70,1,,,0.0,false,14.800000000000182,244.51322258116062,false
1,14,11:15,85,05:00,71,1,,,0.0,false,14.800000000000182,244.97045403273017,false
1,14,11:15,86,05:15,72,1,,,0.0,false,14.800000000000182,245.42768548429973,false
1,14,11:15,87,05:30,73,1,,,0.0,false,14.800000000000182,245.88491693586928,false
1,14,11:15,88,05:45,74,1,,,0.0,false,14.800000000000182,246.34214838743884,false
1,14,11:15,89,06:00,75,1,,,0.0,false,14.800000000000182,246.7993798390084,false
1,14,11:15,90,06:15,76,1,,,0.0,false,14.800000000000107,247.25661129057804,false
1,14,11:15,91,06:30,77,1,,,0.0,false,14.800000000000107,247.7138427421476,false
1,14,11:15,92,06:45,78,1,,,0.0,false,14.800000000000107,248.17107419371726,false
1,14,11:15,93,07:00,79,1,,,0.0,false,14.800000000000107,248.62830564528682,false
1,14,11:15,94,07:15,80,1,,,0.0,false,14.800000000000107,249.08553709685637,false
1,14,11:15,95,07:30,81,1,,,0.0,false,14.800000000000107,249.54276854843033,false
1,14,11:15,96,07:45,82,1,,,0.0,false,14.8,250.0,false
1,15,11:30,15,11:30,0,1,,Loading/Swinging,3.1586000000000007,false,9.143971052631413,242.7785041551248,true
1,15,11:30,16,11:45,1,1,,Digging,4.7925,false,7.9458460526314125,242.7785041551248,false
1,15,11:30,17,12:00,2,1,,Charging,0.0,true,9.845846052631412,240.67324099723007,false
1,15,11:30,18,12:15,3,1,,Charging,0.0,true,11.745846052631412,238.5679778393353,false
1,15,11:30,19,12:30,4,1,,,0.0,false,11.745846052631412,238.5679778393353,false
1,15,11:30,20,12:45,5,1,,,0.0,false,11.745846052631412,239.0282529804612,false
1,15,11:30,21,13:00,6,1,,,0.0,false,11.745846052631412,239.48852812158708,false
1,15,11:30,22,13:15,7,1,,,0.0,false,11.745846052631412,239.94880326271297,false
1,15,11:30,23,13:30,8,1,,,0.0,false,11.745846052631412,240.40907840383886,false
1,15,11:30,24,13:45,9,1,,,0.0,false,11.745846052631412,240.86935354496475,false
1,15,11:30,25,14:00,10,1,,Digging,4.7925,false,10.547721052631413,241.32962868609064,false
1,15,11:30,26,14:15,11,1,,Digging,4.792500000000004,false,9.349596052631412,241.78990382721653,false
1,15,11:30,27,14:30,12,1,,Traveling,4.7101,false,8.172071052631413,242.25017896834242,false
1,15,11:30,28,14:45,13,1,,Loading/Swinging,3.1586,false,7.382421052631413,242.71045410946832,true
1,15,11:30,29,15:00,14,1,,Idle,0.0,false,7.382421052631413,243.1707292505942,false
1,15,11:30,30,15:15,15,1,,Loading/Swinging,3.1586,false,6.592771052631413,243.6310043917201,false
1,15,11:30,31,15:30,16,1,,Loading/Swinging,3.1586,false,5.803121052631413,244.091279532846,false
1,15,11:30,32,15:45,17,1,,Digging,4.7925,false,4.6049960526314155,244.55155467397188,true
1,15,11:30,33,16:00,18,1,,Traveling,4.7101,false,3.427471052631412,244.55155467397188,false
1,15,11:30,34,16:15,19,1,,Charging,0.0,true,5.327471052631411,242.44629151607714,false
1,15,11:30,35,16:30,20,1,,Digging,4.7925000000000075,false,4.129346052631409,242.44629151607714,true
1,15,11:30,36,16:45,21,1,,Loading/Swinging,3.158600000000001,false,3.3396960526314143,242.44629151607714,false
1,15,11:30,37,17:00,22,1,,,0.0,false,3.3396960526314143,242.44629151607714,true
1,15,11:30,38,17:15,23,1,,,0.0,false,3.3396960526314143,242.44629151607714,true
1,15,11:30,39,17:30,24,1,,,0.0,false,3.3396960526314143,242.44629151607714,true
1,15,11:30,40,17:45,25,1,,,0.0,false,3.3396960526314143,242.44629151607714,true
1,15,11:30,41,18:00,26,1,,,0.0,false,3.3396960526314143,242.44629151607714,true
1,15,11:30,42,18:15,27,1,,Charging,0.0,true,5.239696052631414,240.3410283581824,false
1,15,11:30,43,18:30,28,1,,,0.0,false,5.239696052631414,240.3410283581824,false
1,15,11:30,44,18:45,29,1,,Charging,0.0,true,7.139696052631413,238.23576520028766,true
1,15,11:30,45,19:00,30,1,,Charging,0.0,true,9.039696052631413,236.13050204239292,true
1,15,11:30,46,19:15,31,1,,Charging,0.0,true,10.939696052631415,234.02523888449818,true
1,15,11:30,47,19:30,32,1,,Charging,0.0,true,12.839696052631414,231.91997572660344,true
1,15,11:30,48,19:45,33,1,,Charging,0.0,true,14.739696052631412,229.8147125687087,true
1,15,11:30,49,20:00,34,1,,Charging,0.0,true,14.800000000000002,229.74789379046095,true
1,15,11:30,50,20:15,35,1,,,0.0,false,14.800000000000002,229.74789379046095,false
1,15,11:30,51,20:30,36,1,,,0.0,false,14.800000000000002,229.74789379046095,false
1,15,11:30,52,20:45,37,1,,,0.0,false,14.800000000000002,229.74789379046095,false
1,15,11:30,53,21:00,38,1,,,0.0,false,14.800000000000002,230.20816893158687,false
1,15,11:30,54,21:15,39,1,,,0.0,false,14.800000000000002,230.66844407271276,false
1,15,11:30,55,21:30,40,1,,,0.0,false,14.800000000000002,231.12871921383865,false
1,15,11:30,56,21:45,41,1,,,0.0,false,14.800000000000002,231.58899435496454,false
1,15,11:30,57,22:00,42,1,,,0.0,false,14.800000000000002,232.04926949609043,false
1,15,11:30,58,22:15,43,1,,,0.0,false,14.800000000000002,232.50954463721632,false
1,15,11:30,59,22:30,44,1,,,0.0,false,14.800000000000002,232.9698197783422,false
1,15,11:30,60,22:45,45,1,,,0.0,false,14.800000000000002,233.4300949194681,false
1,15,11:30,61,23:00,46,1,,,0.0,false,14.800000000000002,233.890370060594,false
1,15,11:30,62,23:15,47,1,,,0.0,false,14.800000000000002,234.35064520171989,false
1,15,11:30,63,23:30,48,1,,,0.0,false,14.800000000000002,234.81092034284578,false
1,15,11:30,64,23:45,49,1,,,0.0,false,14.800000000000002,235.27119548397167,false
1,15,11:30,65,00:00,50,1,,,0.0,false,14.800000000000002,235.73147062509756,false
1,15,11:30,66,00:15,51,1,,,0.0,false,14.800000000000002,236.19174576622345,false
1,15,11:30,67,00:30,52,1,,,0.0,false,14.800000000000002,236.65202090734934,false
1,15,11:30,68,00:45,53,1,,,0.0,false,14.800000000000002,237.11229604847523,false
1,15,11:30,69,01:00,54,1,,,0.0,false,14.800000000000002,237.57257118960112,false
1,15,11:30,70,01:15,55,1,,,0.0,false,14.800000000000002,238.032846330727,false
1,15,11:30,71,01:30,56,1,,,0.0,false,14.800000000000002,238.4931214718529,false
1,15,11:30,72,01:45,57,1,,,0.0,false,14.800000000000002,238.9533966129788,false
1,15,11:30,73,02:00,58,1,,,0.0,false,14.8,239.41367175410468,false
1,15,11:30,74,02:15,59,1,,,0.0,false,14.8,239.87394689523057,false
1,15,11:30,75,02:30,60,1,,,0.0,false,14.8,240.33422203635646,false
1,15,11:30,76,02:45,61,1,,,0.0,false,14.8,240.79449717748236,false
1,15,11:30,77,03:00,62,1,,,0.0,false,14.8,241.25477231860825,false
1,15,11:30,78,03:15,63,1,,,0.0,false,14.8,241.71504745973414,false
1,15,11:30,79,03:30,64,1,,,0.0,false,14.8,242.17532260086003,false
1,15,11:30,80,03:45,65,1,,,0.0,false,14.8,242.63559774198592,false
1,15,11:30,81,04:00,66,1,,,0.0,false,14.8,243.0958728831118,false
1,15,11:30,82,04:15,67,1,,,0.0,false,14.8,243.5561480242377,false
1,15,11:30,83,04:30,68,1,,,0.0,false,14.8,244.0164231653636,false
1,15,11:30,84,04:45,69,1,,,0.0,false,14.8,244.47669830648948,false
1,15,11:30,85,05:00,70,1,,,0.0,false,14.8,244.93697344761537,false
1,15,11:30,86,05:15,71,1,,,0.0,false,14.8,245.39724858874126,false
1,15,11:30,87,05:30,72,1,,,0.0,false,14.8,245.85752372986715,false
1,15,11:30,88,05:45,73,1,,,0.0,false,14.8,246.31779887099304,false
1,15,11:30,89,06:00,74,1,,,0.0,false,14.8,246.77807401211894,false
1,15,11:30,90,06:15,75,1,,,0.0,false,14.8,247.23834915324483,false
1,15,11:30,91,06:30,76,1,,,0.0,false,14.8,247.69862429437072,false
1,15,11:30,92,06:45,77,1,,,0.0,false,14.8,248.1588994354966,false
1,15,11:30,93,07:00,78,1,,,0.0,false,14.8,248.6191745766225,false
1,15,11:30,94,07:15,79,1,,,0.0,false,14.8,249.0794497177484,false
1,15,11:30,95,07:30,80,1,,,0.0,false,14.8,249.53972485887408,false
1,15,11:30,96,07:45,81,1,,,0.0,false,14.8,250.0,false
1,16,11:45,16,11:45,0,1,,Digging,4.792500000000004,false,7.785696052631412,242.7785041551248,false
1,16,11:45,17,12:00,1,1,,Charging,0.0,true,9.685696052631412,240.67324099723007,false
1,16,11:45,18,12:15,2,1,,Charging,0.0,true,11.585696052631413,238.56797783933533,false
1,16,11:45,19,12:30,3,1,,,0.0,false,11.585696052631413,238.56797783933536,false
1,16,11:45,20,12:45,4,1,,,0.0,false,11.585696052631413,239.03136616508485,false
1,16,11:45,21,13:00,5,1,,,0.0,false,11.585696052631413,239.49475449083434,false
1,16,11:45,22,13:15,6,1,,,0.0,false,11.585696052631413,239.95814281658383,false
1,16,11:45,23,13:30,7,1,,,0.0,false,11.585696052631413,240.42153114233332,false
1,16,11:45,24,13:45,8,1,,,0.0,false,11.585696052631413,240.8849194680828,false
1,16,11:45,25,14:00,9,1,,Digging,4.792500000000004,false,10.387571052631412,241.3483077938323,false
1,16,11:45,26,14:15,10,1,,Digging,4.7925,false,9.18944605263141,241.8116961195818,false
1,16,11:45,27,14:30,11,1,,Traveling,4.710099999999997,false,8.011921052631411,242.2750844453313,false
1,16,11:45,28,14:45,12,1,,Loading/Swinging,3.1586,false,7.222271052631411,242.73847277108078,false
1,16,11:45,29,15:00,13,1,,Idle,0.0,false,7.222271052631411,243.20186109683027,false
1,16,11:45,30,15:15,14,1,,Loading/Swinging,3.1586,false,6.432621052631411,243.6652494225798,false
1,16,11:45,31,15:30,15,1,,Digging,4.7925,false,5.234496052631411,244.12863774832928,true
1,16,11:45,32,15:45,16,1,,Loading/Swinging,3.1586,false,4.444846052631411,244.59202607407877,true
1,16,11:45,33,16:00,17,1,,Traveling,4.7101000000000015,false,3.2673210526314107,244.59202607407877,false
1,16,11:45,34,16:15,18,1,,Charging,0.0,true,5.167321052631411,242.48676291618403,false
1,16,11:45,35,16:30,19,1,,Loading/Swinging,3.1586,false,4.377671052631411,242.48676291618403,true
1,16,11:45,36,16:45,20,1,,Digging,4.792499999999995,false,3.179546052631412,242.48676291618403,true
1,16,11:45,37,17:00,21,1,,,0.0,false,3.179546052631412,242.48676291618403,false
1,16,11:45,38,17:15,22,1,,,0.0,false,3.179546052631412,242.48676291618403,false
1,16,11:45,39,17:30,23,1,,,0.0,false,3.179546052631412,242.48676291618403,false
1,16,11:45,40,17:45,24,1,,,0.0,false,3.179546052631412,242.48676291618403,false
1,16,11:45,41,18:00,25,1,,,0.0,false,3.179546052631412,242.48676291618403,false
1,16,11:45,42,18:15,26,1,,,0.0,false,3.179546052631412,242.48676291618403,true
1,16,11:45,43,18:30,27,1,,Charging,0.0,true,5.079546052631416,240.38149975828927,true
1,16,11:45,44,18:45,28,1,,Charging,0.0,true,6.9795460526314,238.27623660039455,false
1,16,11:45,45,19:00,29,1,,Charging,0.0,true,8.879546052631397,236.17097344249981,false
1,16,11:45,46,19:15,30,1,,Charging,0.0,true,10.779546052631398,234.06571028460507,false
1,16,11:45,47,19:30,31,1,,Charging,0.0,true,12.679546052631396,231.96044712671033,false
1,16,11:45,48,19:45,32,1,,Charging,0.0,true,14.579546052631397,229.8551839688156,false
1,16,11:45,49,20:00,33,1,,Charging,0.0,true,14.799999999999985,229.61091366702215,false
1,16,11:45,50,20:15,34,1,,,0.0,false,14.799999999999985,229.61091366702215,false
1,16,11:45,51,20:30,35,1,,,0.0,false,14.799999999999985,229.61091366702215,false
1,16,11:45,52,20:45,36,1,,,0.0,false,14.799999999999985,229.61091366702215,false
1,16,11:45,53,21:00,37,1,,,0.0,false,14.799999999999985,230.07430199277167,false
1,16,11:45,54,21:15,38,1,,,0.0,false,14.799999999999985,230.53769031852116,false
1,16,11:45,55,21:30,39,1,,,0.0,false,14.799999999999985,231.00107864427065,false
1,16,11:45,56,21:45,40,1,,,0.0,false,14.8,231.46446697002014,false
1,16,11:45,57,22:00,41,1,,,0.0,false,14.8,231.92785529576963,false
1,16,11:45,58,22:15,42,1,,,0.0,false,14.8,232.39124362151912,false
1,16,11:45,59,22:30,43,1,,,0.0,false,14.8,232.85463194726862,false
1,16,11:45,60,22:45,44,1,,,0.0,false,14.8,233.3180202730181,false
1,16,11:45,61,23:00,45,1,,,0.0,false,14.8,233.7814085987676,false
1,16,11:45,62,23:15,46,1,,,0.0,false,14.8,234.2447969245171,false
1,16,11:45,63,23:30,47,1,,,0.0,false,14.8,234.70818525026658,false
1,16,11:45,64,23:45,48,1,,,0.0,false,14.8,235.17157357601607,false
1,16,11:45,65,00:00,49,1,,,0.0,false,14.8,235.63496190176556,false
1,16,11:45,66,00:15,50,1,,,0.0,false,14.8,236.09835022751506,false
1,16,11:45,67,00:30,51,1,,,0.0,false,14.8,236.56173855326455,false
1,16,11:45,68,00:45,52,1,,,0.0,false,14.8,237.02512687901404,false
1,16,11:45,69,01:00,53,1,,,0.0,false,14.8,237.48851520476353,false
1,16,11:45,70,01:15,54,1,,,0.0,false,14.8,237.95190353051302,false
1,16,11:45,71,01:30,55,1,,,0.0,false,14.8,238.4152918562625,false
1,16,11:45,72,01:45,56,1,,,0.0,false,14.8,238.878680182012,false
1,16,11:45,73,02:00,57,1,,,0.0,false,14.8,239.3420685077615,false
1,16,11:45,74,02:15,58,1,,,0.0,false,14.8,239.805456833511,false
1,16,11:45,75,02:30,59,1,,,0.0,false,14.8,240.26884515926048,false
1,16,11:45,76,02:45,60,1,,,0.0,false,14.8,240.73223348500997,false
1,16,11:45,77,03:00,61,1,,,0.0,false,14.8,241.19562181075946,false
1,16,11:45,78,03:15,62,1,,,0.0,false,14.8,241.65901013650895,false
1,16,11:45,79,03:30,63,1,,,0.0,false,14.8,242.12239846225845,false
1,16,11:45,80,03:45,64,1,,,0.0,false,14.8,242.58578678800794,false
1,16,11:45,81,04:00,65,1,,,0.0,false,14.8,243.04917511375743,false
1,16,11:45,82,04:15,66,1,,,0.0,false,14.8,243.51256343950692,false
1,16,11:45,83,04:30,67,1,,,0.0,false,14.8,243.9759517652564,false
1,16,11:45,84,04:45,68,1,,,0.0,false,14.8,244.4393400910059,false
1,16,11:45,85,05:00,69,1,,,0.0,false,14.8,244.9027284167554,false
1,16,11:45,86,05:15,70,1,,,0.0,false,14.8,245.3661167425049,false
1,16,11:45,87,05:30,71,1,,,0.0,false,14.8,245.82950506825438,false
1,16,11:45,88,05:45,72,1,,,0.0,false,14.8,246.29289339400387,false
1,16,11:45,89,06:00,73,1,,,0.0,false,14.8,246.75628171975336,false
1,16,11:45,90,06:15,74,1,,,0.0,false,14.8,247.21967004550285,false
1,16,11:45,91,06:30,75,1,,,0.0,false,14.8,247.68305837125234,false
1,16,11:45,92,06:45,76,1,,,0.0,false,14.8,248.14644669700203,false
1,16,11:45,93,07:00,77,1,,,0.0,false,14.8,248.60983502275153,false
1,16,11:45,94,07:15,78,1,,,0.0,false,14.8,249.07322334850102,false
1,16,11:45,95,07:30,79,1,,,0.0,false,14.8,249.5366116742505,false
1,16,11:45,96,07:45,80,1,,,0.0,false,14.8,250.0,false
1,17,12:00,17,12:00,0,1,,Charging,0.0,true,9.688596052631413,240.67324099723007,false
1,17,12:00,18,12:15,1,1,,Charging,0.0,true,11.588596052631413,238.56797783933533,false
1,17,12:00,19,12:30,2,1,,,0.0,false,11.588596052631413,238.56797783933533,false
1,17,12:00,20,12:45,3,1,,,0.0,false,11.588596052631413,239.0313097914638,false
1,17,12:00,21,13:00,4,1,,,0.0,false,11.588596052631413,239.49464174359227,false
1,17,12:00,22,13:15,5,1,,,0.0,false,11.588596052631413,239.95797369572074,false
1,17,12:00,23,13:30,6,1,,,0.0,false,11.588596052631413,240.4213056478492,false
1,17,12:00,24,13:45,7,1,,,0.0,false,11.588596052631413,240.88463759997768,false
1,17,12:00,25,14:00,8,1,,Digging,4.7925,false,10.390471052631412,241.34796955210615,false
1,17,12:00,26,14:15,9,1,,Digging,4.792500000000004,false,9.192346052631411,241.81130150423462,false
1,17,12:00,27,14:30,10,1,,Traveling,4.7101,false,8.014821052631412,242.2746334563631,false
1,17,12:00,28,14:45,11,1,,Loading/Swinging,3.158600000000001,false,7.225171052631412,242.73796540849156,false
1,17,12:00,29,15:00,12,1,,Idle,0.0,false,7.225171052631412,243.20129736062003,false
1,17,12:00,30,15:15,13,1,,Digging,4.7925,false,6.027046052631412,243.6646293127485,true
1,17,12:00,31,15:30,14,1,,Loading/Swinging,3.1586,false,5.237396052631412,244.12796126487697,true
1,17,12:00,32,15:45,15,1,,Loading/Swinging,3.158600000000002,false,4.447746052631411,244.59129321700544,false
1,17,12:00,33,16:00,16,1,,Traveling,4.710099999999997,false,3.2702210526314115,244.59129321700544,false
1,17,12:00,34,16:15,17,1,,Charging,0.0,true,5.170221052631412,242.4860300591107,false
1,17,12:00,35,16:30,18,1,,Loading/Swinging,3.1586,false,4.380571052631412,242.4860300591107,false
1,17,12:00,36,16:45,19,1,,Digging,4.7925,false,3.1824460526314096,242.4860300591107,false
1,17,12:00,37,17:00,20,1,,,0.0,false,3.1824460526314096,242.4860300591107,false
1,17,12:00,38,17:15,21,1,,,0.0,false,3.1824460526314096,242.4860300591107,false
1,17,12:00,39,17:30,22,1,,,0.0,false,3.1824460526314087,242.4860300591107,false
1,17,12:00,40,17:45,23,1,,,0.0,false,3.1824460526314087,242.4860300591107,false
1,17,12:00,41,18:00,24,1,,,0.0,false,3.1824460526314087,242.4860300591107,false
1,17,12:00,42,18:15,25,1,,,0.0,false,3.1824460526314087,242.4860300591107,false
1,17,12:00,43,18:30,26,1,,Charging,0.0,true,5.082446052631408,240.38076690121596,false
1,17,12:00,44,18:45,27,1,,Charging,0.0,true,6.982446052631408,238.27550374332122,false
1,17,12:00,45,19:00,28,1,,Charging,0.0,true,8.882446052631408,236.17024058542648,false
1,17,12:00,46,19:15,29,1,,Charging,0.0,true,10.782446052631409,234.06497742753174,false
1,17,12:00,47,19:30,30,1,,Charging,0.0,true,12.68244605263141,231.959714269637,false
1,17,12:00,48,19:45,31,1,,Charging,0.0,true,14.58244605263141,229.85445111174226,false
1,17,12:00,49,20:00,32,1,,,0.0,false,14.58244605263141,229.85445111174187,true
1,17,12:00,50,20:15,33,1,,Charging,0.0,true,14.799999999999997,229.6133941063473,true
1,17,12:00,51,20:30,34,1,,,0.0,false,14.799999999999997,229.6133941063473,false
1,17,12:00,52,20:45,35,1,,,0.0,false,14.799999999999997,229.6133941063473,false
1,17,12:00,53,21:00,36,1,,,0.0,false,14.799999999999997,230.07672605847577,false
1,17,12:00,54,21:15,37,1,,,0.0,false,14.799999999999997,230.54005801060424,false
1,17,12:00,55,21:30,38,1,,,0.0,false,14.799999999999997,231.0033899627327,false
1,17,12:00,56,21:45,39,1,,,0.0,false,14.799999999999997,231.46672191486118,false
1,17,12:00,57,22:00,40,1,,,0.0,false,14.799999999999997,231.93005386698965,false
1,17,12:00,58,22:15,41,1,,,0.0,false,14.799999999999997,232.39338581911812,false
1,17,12:00,59,22:30,42,1,,,0.0,false,14.799999999999997,232.8567177712466,false
1,17,12:00,60,22:45,43,1,,,0.0,false,14.799999999999997,233.32004972337506,false
1,17,12:00,61,23:00,44,1,,,0.0,false,14.799999999999997,233.78338167550353,false
1,17,12:00,62,23:15,45,1,,,0.0,false,14.799999999999997,234.246713627632,false
1,17,12:00,63,23:30,46,1,,,0.0,false,14.799999999999997,234.71004557976048,false
1,17,12:00,64,23:45,47,1,,,0.0,false,14.799999999999997,235.17337753188895,false
1,17,12:00,65,00:00,48,1,,,0.0,false,14.799999999999997,235.63670948401742,false
1,17,12:00,66,00:15,49,1,,,0.0,false,14.8,236.1000414361459,false
1,17,12:00,67,00:30,50,1,,,0.0,false,14.8,236.56337338827436,false
1,17,12:00,68,00:45,51,1,,,0.0,false,14.8,237.02670534040283,false
1,17,12:00,69,01:00,52,1,,,0.0,false,14.8,237.4900372925313,false
1,17,12:00,70,01:15,53,1,,,0.0,false,14.8,237.95336924465977,false
1,17,12:00,71,01:30,54,1,,,0.0,false,14.8,238.41670119678824,false
1,17,12:00,72,01:45,55,1,,,0.0,false,14.8,238.8800331489167,false
1,17,12:00,73,02:00,56,1,,,0.0,false,14.8,239.34336510104518,false
1,17,12:00,74,02:15,57,1,,,0.0,false,14.8,239.80669705317365,false
1,17,12:00,75,02:30,58,1,,,0.0,false,14.8,240.27002900530212,false
1,17,12:00,76,02:45,59,1,,,0.0,false,14.8,240.7333609574306,false
1,17,12:00,77,03:00,60,1,,,0.0,false,14.8,241.19669290955906,false
1,17,12:00,78,03:15,61,1,,,0.0,false,14.8,241.66002486168753,false
1,17,12:00,79,03:30,62,1,,,0.0,false,14.8,242.123356813816,false
1,17,12:00,80,03:45,63,1,,,0.0,false,14.8,242.58668876594447,false
1,17,12:00,81,04:00,64,1,,,0.0,false,14.8,243.05002071807294,false
1,17,12:00,82,04:15,65,1,,,0.0,false,14.8,243.5133526702014,false
1,17,12:00,83,04:30,66,1,,,0.0,false,14.8,243.97668462232988,false
1,17,12:00,84,04:45,67,1,,,0.0,false,14.8,244.44001657445835,false
1,17,12:00,85,05:00,68,1,,,0.0,false,14.8,244.90334852658683,false
1,17,12:00,86,05:15,69,1,,,0.0,false,14.8,245.3666804787153,false
1,17,12:00,87,05:30,70,1,,,0.0,false,14.8,245.83001243084377,false
1,17,12:00,88,05:45,71,1,,,0.0,false,14.8,246.29334438297224,false
1,17,12:00,89,06:00,72,1,,,0.0,false,14.8,246.7566763351007,false
1,17,12:00,90,06:15,73,1,,,0.0,false,14.8,247.22000828722918,false
1,17,12:00,91,06:30,74,1,,,0.0,false,14.8,247.68334023935765,false
1,17,12:00,92,06:45,75,1,,,0.0,false,14.8,248.14667219148612,false
1,17,12:00,93,07:00,76,1,,,0.0,false,14.8,248.6100041436146,false
1,17,12:00,94,07:15,77,1,,,0.0,false,14.8,249.07333609574306,false
1,17,12:00,95,07:30,78,1,,,0.0,false,14.8,249.53666804787153,false
1,17,12:00,96,07:45,79,1,,,0.0,false,14.8,250.0,false
1,18,12:15,18,12:15,0,1,,Charging,0.0,true,11.68685,238.56991252369147,false
1,18,12:15,19,12:30,1,1,,,0.0,false,11.68685,238.5699125236914,false
1,18,12:15,20,12:45,2,1,,,0.0,false,11.68685,239.03130055785323,false
1,18,12:15,21,13:00,3,1,,,0.0,false,11.68685,239.49268859201504,false
1,18,12:15,22,13:15,4,1,,,0.0,false,11.68685,239.95407662617683,false
1,18,12:15,23,13:30,5,1,,,0.0,false,11.68685,240.41546466033864,false
1,18,12:15,24,13:45,6,1,,,0.0,false,11.68685,240.87685269450043,false
1,18,12:15,25,14:00,7,1,,Digging,4.792500000000004,false,10.488724999999999,241.33824072866224,false
1,18,12:15,26,14:15,8,1,,Digging,4.792499999999997,false,9.2906,241.79962876282406,false
1,18,12:15,27,14:30,9,1,,Traveling,4.710099999999997,false,8.113075,242.26101679698584,false
1,18,12:15,28,14:45,10,1,,Digging,4.7925,false,6.91495,242.72240483114766,true
1,18,12:15,29,15:00,11,1,,Idle,0.0,false,6.91495,243.1837928653094,false
1,18,12:15,30,15:15,12,1,,Loading/Swinging,3.1586,false,6.1253,243.64518089947123,true
1,18,12:15,31,15:30,13,1,,Loading/Swinging,3.1586000000000034,false,5.335649999999999,244.10656893363304,false
1,18,12:15,32,15:45,14,1,,Digging,4.7925,false,4.137525,244.56795696779486,true
1,18,12:15,33,16:00,15,1,,Traveling,4.710100000000001,false,2.96,244.56795696779486,false
1,18,12:15,34,16:15,16,1,,Charging,1.7763568394002505e-15,true,4.859999999999999,242.46269380990012,false
1,18,12:15,35,16:30,17,1,,Loading/Swinging,3.1586,false,4.0703499999999995,242.46269380990012,false
1,18,12:15,36,16:45,18,1,,Loading/Swinging,3.158599999999998,false,3.2807,242.46269380990012,true
1,18,12:15,37,17:00,19,1,,Charging,0.0,true,5.1807,240.35743065200538,true
1,18,12:15,38,17:15,20,1,,Charging,0.0,true,7.0807,238.25216749411064,true
1,18,12:15,39,17:30,21,1,,Charging,0.0,true,7.199999999999999,238.11997912845968,true
1,18,12:15,40,17:45,22,1,,Charging,0.0,true,9.1,236.01471597056494,true
1,18,12:15,41,18:00,23,1,,Charging,0.0,true,11.0,233.9094528126702,true
1,18,12:15,42,18:15,24,1,,Charging,0.0,true,12.9,231.80418965477546,true
1,18,12:15,43,18:30,25,1,,Charging,0.0,true,14.8,229.69892649688072,false
1,18,12:15,44,18:45,26,1,,,0.0,false,14.8,229.69892649688072,true
1,18,12:15,45,19:00,27,1,,,0.0,false,14.8,229.69892649688072,true
1,18,12:15,46,19:15,28,1,,,0.0,false,14.8,229.69892649688072,true
1,18,12:15,47,19:30,29,1,,,0.0,false,14.8,229.69892649688072,true
1,18,12:15,48,19:45,30,1,,,0.0,false,14.8,229.69892649688072,true
1,18,12:15,49,20:00,31,1,,,0.0,false,14.8,229.69892649688072,false
1,18,12:15,50,20:15,32,1,,,0.0,false,14.8,229.69892649688072,true
1,18,12:15,51,20:30,33,1,,,0.0,false,14.8,229.69892649688072,false
1,18,12:15,52,20:45,34,1,,,0.0,false,14.8,229.69892649688072,false
1,18,12:15,53,21:00,35,1,,,0.0,false,14.8,230.16031453104256,false
1,18,12:15,54,21:15,36,1,,,0.0,false,14.8,230.62170256520437,false
1,18,12:15,55,21:30,37,1,,,0.0,false,14.8,231.0830905993662,false
1,18,12:15,56,21:45,38,1,,,0.0,false,14.8,231.544478633528,false
1,18,12:15,57,22:00,39,1,,,0.0,false,14.8,232.00586666768982,false
1,18,12:15,58,22:15,40,1,,,0.0,false,14.8,232.46725470185163,false
1,18,12:15,59,22:30,41,1,,,0.0,false,14.8,232.92864273601344,false
1,18,12:15,60,22:45,42,1,,,0.0,false,14.8,233.39003077017526,false
1,18,12:15,61,23:00,43,1,,,0.0,false,14.8,233.85141880433707,false
1,18,12:15,62,23:15,44,1,,,0.0,false,14.8,234.3128068384989,false
1,18,12:15,63,23:30,45,1,,,0.0,false,14.8,234.7741948726607,false
1,18,12:15,64,23:45,46,1,,,0.0,false,14.8,235.23558290682251,false
1,18,12:15,65,00:00,47,1,,,0.0,false,14.8,235.69697094098433,false
1,18,12:15,66,00:15,48,1,,,0.0,false,14.8,236.15835897514614,false
1,18,12:15,67,00:30,49,1,,,0.0,false,14.8,236.61974700930796,false
1,18,12:15,68,00:45,50,1,,,0.0,false,14.8,237.08113504346977,false
1,18,12:15,69,01:00,51,1,,,0.0,false,14.8,237.54252307763159,false
1,18,12:15,70,01:15,52,1,,,0.0,false,14.8,238.0039111117934,false
1,18,12:15,71,01:30,53,1,,,0.0,false,14.8,238.4652991459552,false
1,18,12:15,72,01:45,54,1,,,0.0,false,14.8,238.92668718011703,false
1,18,12:15,73,02:00,55,1,,,0.0,false,14.8,239.38807521427884,false
1,18,12:15,74,02:15,56,1,,,0.0,false,14.8,239.84946324844066,false
1,18,12:15,75,02:30,57,1,,,0.0,false,14.8,240.31085128260247,false
1,18,12:15,76,02:45,58,1,,,0.0,false,14.8,240.77223931676428,false
1,18,12:15,77,03:00,59,1,,,0.0,false,14.8,241.2336273509261,false
1,18,12:15,78,03:15,60,1,,,0.0,false,14.8,241.6950153850879,false
1,18,12:15,79,03:30,61,1,,,0.0,false,14.8,242.15640341924973,false
1,18,12:15,80,03:45,62,1,,,0.0,false,14.8,242.61779145341154,false
1,18,12:15,81,04:00,63,1,,,0.0,false,14.8,243.07917948757336,false
1,18,12:15,82,04:15,64,1,,,0.0,false,14.8,243.54056752173517,false
1,18,12:15,83,04:30,65,1,,,0.0,false,14.8,244.00195555589698,false
1,18,12:15,84,04:45,66,1,,,0.0,false,14.8,244.4633435900588,false
1,18,12:15,85,05:00,67,1,,,0.0,false,14.8,244.9247316242206,false
1,18,12:15,86,05:15,68,1,,,0.0,false,14.8,245.38611965838243,false
1,18,12:15,87,05:30,69,1,,,0.0,false,14.8,245.84750769254424,false
1,18,12:15,88,05:45,70,1,,,0.0,false,14.8,246.30889572670606,false
1,18,12:15,89,06:00,71,1,,,0.0,false,14.8,246.77028376086787,false
1,18,12:15,90,06:15,72,1,,,0.0,false,14.8,247.23167179502968,false
1,18,12:15,91,06:30,73,1,,,0.0,false,14.8,247.6930598291915,false
1,18,12:15,92,06:45,74,1,,,0.0,false,14.8,248.1544478633533,false
1,18,12:15,93,07:00,75,1,,,0.0,false,14.8,248.61583589751513,false
1,18,12:15,94,07:15,76,1,,,0.0,false,14.8,249.07722393167637,false
1,18,12:15,95,07:30,77,1,,,0.0,false,14.8,249.5386119658382,false
1,18,12:15,96,07:45,78,1,,,0.0,false,14.8,250.0,false
1,19,12:30,19,12:30,0,1,,,0.0,false,11.786758102493083,238.56991252369147,false
1,19,12:30,20,12:45,1,1,,,0.0,false,11.786758102493083,239.02935842629876,false
1,19,12:30,21,13:00,2,1,,,0.0,false,11.786758102493083,239.48880432890604,false
1,19,12:30,22,13:15,3,1,,,0.0,false,11.786758102493083,239.94825023151333,false
1,19,12:30,23,13:30,4,1,,,0.0,false,11.786758102493083,240.40769613412064,false
1,19,12:30,24,13:45,5,1,,,0.0,false,11.786758102493083,240.86714203672793,false
1,19,12:30,25,14:00,6,1,,Digging,4.792499999999997,false,10.588633102493084,241.3265879393352,false
1,19,12:30,26,14:15,7,1,,Digging,4.792500000000004,false,9.390508102493083,241.7860338419425,false
1,19,12:30,27,14:30,8,1,,Traveling,4.710099999999997,false,8.212983102493084,242.24547974454978,false
1,19,12:30,28,14:45,9,1,,Digging,4.792500000000004,false,7.014858102493083,242.70492564715707,false
1,19,12:30,29,15:00,10,1,,Idle,0.0,false,7.014858102493083,243.16437154976435,false
1,19,12:30,30,15:15,11,1,,Loading/Swinging,3.1586,false,6.225208102493083,243.62381745237164,false
1,19,12:30,31,15:30,12,1,,Digging,4.7925,false,5.027083102493083,244.08326335497893,true
1,19,12:30,32,15:45,13,1,,Loading/Swinging,3.1586,false,4.237433102493083,244.5427092575862,true
1,19,12:30,33,16:00,14,1,,Traveling,4.710100000000001,false,3.0599081024930825,244.5427092575862,false
1,19,12:30,34,16:15,15,1,,Charging,-1.7763568394002505e-15,true,4.959908102493083,242.43744609969147,false
1,19,12:30,35,16:30,16,1,,Loading/Swinging,3.1586,false,4.170258102493083,242.43744609969147,false
1,19,12:30,36,16:45,17,1,,Loading/Swinging,3.1586,false,3.380608102493083,242.43744609969147,false
1,19,12:30,37,17:00,18,1,,Charging,0.0,true,5.280608102493083,240.33218294179673,false
1,19,12:30,38,17:15,19,1,,Charging,0.0,true,5.3,240.31069607475305,false
1,19,12:30,39,17:30,20,1,,Charging,0.0,true,7.199999999999999,238.2054329168583,false
1,19,12:30,40,17:45,21,1,,Charging,0.0,true,9.1,236.10016975896357,false
1,19,12:30,41,18:00,22,1,,Charging,0.0,true,10.999999999999998,233.99490660106883,false
1,19,12:30,42,18:15,23,1,,Charging,0.0,true,12.899999999999999,231.8896434431741,false
1,19,12:30,43,18:30,24,1,,Charging,0.0,true,14.8,229.78438028527935,false
1,19,12:30,44,18:45,25,1,,,0.0,false,14.8,229.78438028527935,false
1,19,12:30,45,19:00,26,1,,,0.0,false,14.8,229.78438028527935,false
1,19,12:30,46,19:15,27,1,,,0.0,false,14.8,229.78438028527935,false
1,19,12:30,47,19:30,28,1,,,0.0,false,14.8,229.78438028527935,false
1,19,12:30,48,19:45,29,1,,,0.0,false,14.8,229.78438028527935,false
1,19,12:30,49,20:00,30,1,,,0.0,false,14.8,229.78438028527935,false
1,19,12:30,50,20:15,31,1,,,0.0,false,14.8,229.78438028527935,false
1,19,12:30,51,20:30,32,1,,,0.0,false,14.8,229.78438028527935,false
1,19,12:30,52,20:45,33,1,,,0.0,false,14.8,229.78438028527935,false
1,19,12:30,53,21:00,34,1,,,0.0,false,14.8,230.24382618788664,false
1,19,12:30,54,21:15,35,1,,,0.0,false,14.8,230.70327209049393,false
1,19,12:30,55,21:30,36,1,,,0.0,false,14.8,231.1627179931012,false
1,19,12:30,56,21:45,37,1,,,0.0,false,14.8,231.6221638957085,false
1,19,12:30,57,22:00,38,1,,,0.0,false,14.8,232.08160979831578,false
1,19,12:30,58,22:15,39,1,,,0.0,false,14.8,232.54105570092307,false
1,19,12:30,59,22:30,40,1,,,0.0,false,14.8,233.00050160353035,false
1,19,12:30,60,22:45,41,1,,,0.0,false,14.8,233.45994750613764,false
1,19,12:30,61,23:00,42,1,,,0.0,false,14.8,233.91939340874492,false
1,19,12:30,62,23:15,43,1,,,0.0,false,14.8,234.37883931135224,false
1,19,12:30,63,23:30,44,1,,,0.0,false,14.8,234.83828521395952,false
1,19,12:30,64,23:45,45,1,,,0.0,false,14.8,235.2977311165668,false
1,19,12:30,65,00:00,46,1,,,0.0,false,14.8,235.7571770191741,false
1,19,12:30,66,00:15,47,1,,,0.0,false,14.8,236.21662292178138,false
1,19,12:30,67,00:30,48,1,,,0.0,false,14.8,236.67606882438866,false
1,19,12:30,68,00:45,49,1,,,0.0,false,14.8,237.13551472699595,false
1,19,12:30,69,01:00,50,1,,,0.0,false,14.8,237.59496062960324,false
1,19,12:30,70,01:15,51,1,,,0.0,false,14.8,238.05440653221052,false
1,19,12:30,71,01:30,52,1,,,0.0,false,14.8,238.51385243481784,false
1,19,12:30,72,01:45,53,1,,,0.0,false,14.8,238.97329833742512,false
1,19,12:30,73,02:00,54,1,,,0.0,false,14.8,239.4327442400324,false
1,19,12:30,74,02:15,55,1,,,0.0,false,14.8,239.8921901426397,false
1,19,12:30,75,02:30,56,1,,,0.0,false,14.8,240.35163604524698,false
1,19,12:30,76,02:45,57,1,,,0.0,false,14.8,240.81108194785426,false
1,19,12:30,77,03:00,58,1,,,0.0,false,14.8,241.27052785046155,false
1,19,12:30,78,03:15,59,1,,,0.0,false,14.8,241.72997375306883,false
1,19,12:30,79,03:30,60,1,,,0.0,false,14.8,242.18941965567612,false
1,19,12:30,80,03:45,61,1,,,0.0,false,14.8,242.6488655582834,false
1,19,12:30,81,04:00,62,1,,,0.0,false,14.8,243.1083114608907,false
1,19,12:30,82,04:15,63,1,,,0.0,false,14.8,243.56775736349798,false
1,19,12:30,83,04:30,64,1,,,0.0,false,14.8,244.02720326610526,false
1,19,12:30,84,04:45,65,1,,,0.0,false,14.8,244.48664916871257,false
1,19,12:30,85,05:00,66,1,,,0.0,false,14.8,244.94609507131986,false
1,19,12:30,86,05:15,67,1,,,0.0,false,14.8,245.40554097392715,false
1,19,12:30,87,05:30,68,1,,,0.0,false,14.8,245.86498687653443,false
1,19,12:30,88,05:45,69,1,,,0.0,false,14.8,246.32443277914172,false
1,19,12:30,89,06:00,70,1,,,0.0,false,14.8,246.783878681749,false
1,19,12:30,90,06:15,71,1,,,0.0,false,14.8,247.2433245843563,false
1,19,12:30,91,06:30,72,1,,,0.0,false,14.8,247.70277048696357,false
1,19,12:30,92,06:45,73,1,,,0.0,false,14.8,248.16221638957086,false
1,19,12:30,93,07:00,74,1,,,0.0,false,14.8,248.62166229217814,false
1,19,12:30,94,07:15,75,1,,,0.0,false,14.8,249.08110819478543,false
1,19,12:30,95,07:30,76,1,,,0.0,false,14.8,249.54055409739271,false
1,19,12:30,96,07:45,77,1,,,0.0,false,14.8,250.0,false
1,20,12:45,20,12:45,0,1,,,0.0,false,11.786758102493083,239.02935842629876,false
1,20,12:45,21,13:00,1,1,,,0.0,false,11.786758102493083,239.48880432890604,false
1,20,12:45,22,13:15,2,1,,,0.0,false,11.786758102493083,239.94825023151333,false
1,20,12:45,23,13:30,3,1,,,0.0,false,11.786758102493083,240.4076961341206,false
1,20,12:45,24,13:45,4,1,,,0.0,false,11.786758102493083,240.8671420367279,false
1,20,12:45,25,14:00,5,1,,Loading/Swinging,3.1586,false,10.997108102493083,241.32658793933518,true
1,20,12:45,26,14:15,6,1,,Digging,4.792500000000004,false,9.798983102493082,241.78603384194247,false
1,20,12:45,27,14:30,7,1,,Traveling,4.710099999999997,false,8.621458102493083,242.24547974454975,false
1,20,12:45,28,14:45,8,1,,Digging,4.7925,false,7.423333102493083,242.70492564715704,false
1,20,12:45,29,15:00,9,1,,Idle,0.0,false,7.423333102493083,243.16437154976435,false
1,20,12:45,30,15:15,10,1,,Digging,4.7925,false,6.225208102493083,243.62381745237164,true
1,20,12:45,31,15:30,11,1,,Digging,4.7925,false,5.027083102493083,244.08326335497893,false
1,20,12:45,32,15:45,12,1,,Loading/Swinging,3.1586,false,4.237433102493083,244.5427092575862,false
1,20,12:45,33,16:00,13,1,,Traveling,4.710099999999999,false,3.059908102493083,244.5427092575862,false
1,20,12:45,34,16:15,14,1,,Charging,0.0,true,4.5393,242.90349385868657,false
1,20,12:45,35,16:30,15,1,,Loading/Swinging,3.1586,false,3.74965,242.90349385868657,false
1,20,12:45,36,16:45,16,1,,Loading/Swinging,3.1586,false,2.96,242.90349385868657,false
1,20,12:45,37,17:00,17,1,,,0.0,false,2.9600000000000004,242.90349385868657,true
1,20,12:45,38,17:15,18,1,,Charging,0.0,true,3.400000000000001,242.4159592326478,false
1,20,12:45,39,17:30,19,1,,Charging,0.0,true,5.300000000000001,240.31069607475305,false
1,20,12:45,40,17:45,20,1,,Charging,0.0,true,7.200000000000001,238.2054329168583,false
1,20,12:45,41,18:00,21,1,,Charging,0.0,true,9.100000000000001,236.10016975896357,false
1,20,12:45,42,18:15,22,1,,Charging,0.0,true,11.0,233.99490660106883,false
1,20,12:45,43,18:30,23,1,,Charging,0.0,true,12.9,231.8896434431741,false
1,20,12:45,44,18:45,24,1,,Charging,0.0,true,14.8,229.78438028527935,true
1,20,12:45,45,19:00,25,1,,,0.0,false,14.8,229.78438028527935,false
1,20,12:45,46,19:15,26,1,,,0.0,false,14.8,229.78438028527935,false
1,20,12:45,47,19:30,27,1,,,0.0,false,14.8,229.78438028527935,false
1,20,12:45,48,19:45,28,1,,,0.0,false,14.8,229.78438028527935,false
1,20,12:45,49,20:00,29,1,,,0.0,false,14.8,229.78438028527935,false
1,20,12:45,50,20:15,30,1,,,0.0,false,14.8,229.78438028527935,false
1,20,12:45,51,20:30,31,1,,,0.0,false,14.8,229.78438028527935,false
1,20,12:45,52,20:45,32,1,,,0.0,false,14.8,229.78438028527935,false
1,20,12:45,53,21:00,33,1,,,0.0,false,14.8,230.24382618788664,false
1,20,12:45,54,21:15,34,1,,,0.0,false,14.8,230.70327209049395,false
1,20,12:45,55,21:30,35,1,,,0.0,false,14.8,231.16271799310124,false
1,20,12:45,56,21:45,36,1,,,0.0,false,14.8,231.62216389570852,false
1,20,12:45,57,22:00,37,1,,,0.0,false,14.8,232.0816097983158,false
1,20,12:45,58,22:15,38,1,,,0.0,false,14.8,232.5410557009231,false
1,20,12:45,59,22:30,39,1,,,0.0,false,14.8,233.00050160353038,false
1,20,12:45,60,22:45,40,1,,,0.0,false,14.8,233.45994750613767,false
1,20,12:45,61,23:00,41,1,,,0.0,false,14.8,233.91939340874495,false
1,20,12:45,62,23:15,42,1,,,0.0,false,14.8,234.37883931135224,false
1,20,12:45,63,23:30,43,1,,,0.0,false,14.8,234.83828521395952,false
1,20,12:45,64,23:45,44,1,,,0.0,false,14.8,235.2977311165668,false
1,20,12:45,65,00:00,45,1,,,0.0,false,14.8,235.7571770191741,false
1,20,12:45,66,00:15,46,1,,,0.0,false,14.8,236.21662292178138,false
1,20,12:45,67,00:30,47,1,,,0.0,false,14.8,236.6760688243887,false
1,20,12:45,68,00:45,48,1,,,0.0,false,14.8,237.13551472699598,false
1,20,12:45,69,01:00,49,1,,,0.0,false,14.8,237.59496062960326,false
1,20,12:45,70,01:15,50,1,,,0.0,false,14.8,238.05440653221055,false
1,20,12:45,71,01:30,51,1,,,0.0,false,14.8,238.51385243481784,false
1,20,12:45,72,01:45,52,1,,,0.0,false,14.8,238.97329833742512,false
1,20,12:45,73,02:00,53,1,,,0.0,false,14.8,239.4327442400324,false
1,20,12:45,74,02:15,54,1,,,0.0,false,14.8,239.8921901426397,false
1,20,12:45,75,02:30,55,1,,,0.0,false,14.8,240.35163604524698,false
1,20,12:45,76,02:45,56,1,,,0.0,false,14.8,240.81108194785426,false
1,20,12:45,77,03:00,57,1,,,0.0,false,14.8,241.27052785046155,false
1,20,12:45,78,03:15,58,1,,,0.0,false,14.8,241.72997375306883,false
1,20,12:45,79,03:30,59,1,,,0.0,false,14.8,242.18941965567612,false
1,20,12:45,80,03:45,60,1,,,0.0,false,14.8,242.6488655582834,false
1,20,12:45,81,04:00,61,1,,,0.0,false,14.8,243.1083114608907,false
1,20,12:45,82,04:15,62,1,,,0.0,false,14.8,243.56775736349798,false
1,20,12:45,83,04:30,63,1,,,0.0,false,14.8,244.02720326610526,false
1,20,12:45,84,04:45,64,1,,,0.0,false,14.8,244.48664916871255,false
1,20,12:45,85,05:00,65,1,,,0.0,false,14.8,244.94609507131983,false
1,20,12:45,86,05:15,66,1,,,0.0,false,14.8,245.40554097392715,false
1,20,12:45,87,05:30,67,1,,,0.0,false,14.8,245.86498687653443,false
1,20,12:45,88,05:45,68,1,,,0.0,false,14.8,246.32443277914172,false
1,20,12:45,89,06:00,69,1,,,0.0,false,14.8,246.783878681749,false
1,20,12:45,90,06:15,70,1,,,0.0,false,14.8,247.2433245843563,false
1,20,12:45,91,06:30,71,1,,,0.0,false,14.8,247.70277048696357,false
1,20,12:45,92,06:45,72,1,,,0.0,false,14.8,248.16221638957086,false
1,20,12:45,93,07:00,73,1,,,0.0,false,14.8,248.62166229217814,false
1,20,12:45,94,07:15,74,1,,,0.0,false,14.8,249.08110819478543,false
1,20,12:45,95,07:30,75,1,,,0.0,false,14.8,249.54055409739271,false
1,20,12:45,96,07:45,76,1,,,0.0,false,14.8,250.0,false
1,21,13:00,21,13:00,0,1,,,0.0,false,11.786758102493083,239.48880432890604,false
1,21,13:00,22,13:15,1,1,,,0.0,false,11.786758102493083,239.94825023151333,false
1,21,13:00,23,13:30,2,1,,,0.0,false,11.786758102493083,240.4076961341206,false
1,21,13:00,24,13:45,3,1,,,0.0,false,11.786758102493083,240.8671420367279,false
1,21,13:00,25,14:00,4,1,,Digging,4.7925,false,10.588633102493084,241.32658793933518,true
1,21,13:00,26,14:15,5,1,,Loading/Swinging,3.158600000000007,false,9.798983102493082,241.78603384194247,true
1,21,13:00,27,14:30,6,1,,Traveling,4.7101,false,8.621458102493083,242.24547974454975,false
1,21,13:00,28,14:45,7,1,,Digging,4.7925,false,7.423333102493083,242.70492564715704,false
1,21,13:00,29,15:00,8,1,,Idle,0.0,false,7.423333102493083,243.16437154976433,false
1,21,13:00,30,15:15,9,1,,Digging,4.7925,false,6.225208102493083,243.6238174523716,false
1,21,13:00,31,15:30,10,1,,Loading/Swinging,3.1586,false,5.435558102493083,244.0832633549789,true
1,21,13:00,32,15:45,11,1,,Digging,4.7925,false,4.237433102493083,244.54270925758618,true
1,21,13:00,33,16:00,12,1,,Traveling,4.710099999999999,false,3.059908102493083,244.54270925758618,false
1,21,13:00,34,16:15,13,1,,Charging,0.0,true,4.959908102493083,242.43744609969144,false
1,21,13:00,35,16:30,14,1,,Loading/Swinging,3.1586,false,4.170258102493083,242.43744609969144,false
1,21,13:00,36,16:45,15,1,,Loading/Swinging,3.1586,false,3.380608102493083,242.43744609969144,false
1,21,13:00,37,17:00,16,1,,,0.0,false,3.380608102493083,242.43744609969144,false
1,21,13:00,38,17:15,17,1,,Charging,0.0,true,5.280608102493083,240.3321829417967,false
1,21,13:00,39,17:30,18,1,,Charging,0.0,true,5.300000000000001,240.31069607475303,false
1,21,13:00,40,17:45,19,1,,Charging,0.0,true,7.2,238.20543291685829,false
1,21,13:00,41,18:00,20,1,,Charging,0.0,true,9.1,236.10016975896355,false
1,21,13:00,42,18:15,21,1,,Charging,0.0,true,11.0,233.9949066010688,false
1,21,13:00,43,18:30,22,1,,Charging,0.0,true,12.9,231.88964344317407,false
1,21,13:00,44,18:45,23,1,,Charging,0.0,true,14.8,229.78438028527933,false
1,21,13:00,45,19:00,24,1,,,0.0,false,14.8,229.78438028527933,false
1,21,13:00,46,19:15,25,1,,,0.0,false,14.8,229.78438028527933,false
1,21,13:00,47,19:30,26,1,,,0.0,false,14.8,229.78438028527933,false
1,21,13:00,48,19:45,27,1,,,0.0,false,14.8,229.78438028527933,false
1,21,13:00,49,20:00,28,1,,,0.0,false,14.8,229.78438028527933,false
1,21,13:00,50,20:15,29,1,,,0.0,false,14.8,229.78438028527933,false
1,21,13:00,51,20:30,30,1,,,0.0,false,14.8,229.78438028527933,false
1,21,13:00,52,20:45,31,1,,,0.0,false,14.8,229.78438028527933,false
1,21,13:00,53,21:00,32,1,,,0.0,false,14.8,230.2438261878866,false
1,21,13:00,54,21:15,33,1,,,0.0,false,14.8,230.7032720904939,false
1,21,13:00,55,21:30,34,1,,,0.0,false,14.8,231.16271799310118,false
1,21,13:00,56,21:45,35,1,,,0.0,false,14.8,231.62216389570847,false
1,21,13:00,57,22:00,36,1,,,0.0,false,14.8,232.08160979831575,false
1,21,13:00,58,22:15,37,1,,,0.0,false,14.8,232.54105570092304,false
1,21,13:00,59,22:30,38,1,,,0.0,false,14.8,233.00050160353032,false
1,21,13:00,60,22:45,39,1,,,0.0,false,14.8,233.4599475061376,false
1,21,13:00,61,23:00,40,1,,,0.0,false,14.8,233.9193934087449,false
1,21,13:00,62,23:15,41,1,,,0.0,false,14.8,234.37883931135218,false
1,21,13:00,63,23:30,42,1,,,0.0,false,14.8,234.83828521395947,false
1,21,13:00,64,23:45,43,1,,,0.0,false,14.8,235.29773111656684,false
1,21,13:00,65,00:00,44,1,,,0.0,false,14.8,235.75717701917412,false
1,21,13:00,66,00:15,45,1,,,0.0,false,14.8,236.2166229217814,false
1,21,13:00,67,00:30,46,1,,,0.0,false,14.8,236.6760688243887,false
1,21,13:00,68,00:45,47,1,,,0.0,false,14.8,237.13551472699598,false
1,21,13:00,69,01:00,48,1,,,0.0,false,14.8,237.59496062960326,false
1,21,13:00,70,01:15,49,1,,,0.0,false,14.8,238.05440653221055,false
1,21,13:00,71,01:30,50,1,,,0.0,false,14.8,238.51385243481784,false
1,21,13:00,72,01:45,51,1,,,0.0,false,14.8,238.97329833742512,false
1,21,13:00,73,02:00,52,1,,,0.0,false,14.8,239.4327442400324,false
1,21,13:00,74,02:15,53,1,,,0.0,false,14.8,239.8921901426397,false
1,21,13:00,75,02:30,54,1,,,0.0,false,14.8,240.35163604524698,false
1,21,13:00,76,02:45,55,1,,,0.0,false,14.8,240.81108194785426,false
1,21,13:00,77,03:00,56,1,,,0.0,false,14.8,241.27052785046155,false
1,21,13:00,78,03:15,57,1,,,0.0,false,14.8,241.72997375306883,false
1,21,13:00,79,03:30,58,1,,,0.0,false,14.8,242.18941965567612,false
1,21,13:00,80,03:45,59,1,,,0.0,false,14.8,242.64886555828343,false
1,21,13:00,81,04:00,60,1,,,0.0,false,14.8,243.10831146089072,false
1,21,13:00,82,04:15,61,1,,,0.0,false,14.8,243.567757363498,false
1,21,13:00,83,04:30,62,1,,,0.0,false,14.8,244.0272032661053,false
1,21,13:00,84,04:45,63,1,,,0.0,false,14.8,244.48664916871257,false
1,21,13:00,85,05:00,64,1,,,0.0,false,14.8,244.94609507131986,false
1,21,13:00,86,05:15,65,1,,,0.0,false,14.8,245.40554097392715,false
1,21,13:00,87,05:30,66,1,,,0.0,false,14.8,245.86498687653443,false
1,21,13:00,88,05:45,67,1,,,0.0,false,14.8,246.32443277914172,false
1,21,13:00,89,06:00,68,1,,,0.0,false,14.8,246.783878681749,false
1,21,13:00,90,06:15,69,1,,,0.0,false,14.8,247.2433245843563,false
1,21,13:00,91,06:30,70,1,,,0.0,false,14.8,247.70277048696357,false
1,21,13:00,92,06:45,71,1,,,0.0,false,14.8,248.16221638957086,false
1,21,13:00,93,07:00,72,1,,,0.0,false,14.8,248.62166229217814,false
1,21,13:00,94,07:15,73,1,,,0.0,false,14.8,249.08110819478543,false
1,21,13:00,95,07:30,74,1,,,0.0,false,14.8,249.54055409739271,false
1,21,13:00,96,07:45,75,1,,,0.0,false,14.8,250.0,false
1,22,13:15,22,13:15,0,1,,,0.0,false,11.786758102493083,239.94825023151333,false
1,22,13:15,23,13:30,1,1,,,0.0,false,11.786758102493083,240.4076961341206,false
1,22,13:15,24,13:45,2,1,,,0.0,false,11.786758102493083,240.8671420367279,false
1,22,13:15,25,14:00,3,1,,Digging,4.792499999999997,false,10.588633102493084,241.32658793933518,false
1,22,13:15,26,14:15,4,1,,Digging,4.792500000000004,false,9.390508102493083,241.78603384194247,true
1,22,13:15,27,14:30,5,1,,Traveling,4.710099999999997,false,8.212983102493084,242.24547974454975,false
1,22,13:15,28,14:45,6,1,,Digging,4.792500000000004,false,7.014858102493083,242.70492564715704,false
1,22,13:15,29,15:00,7,1,,Idle,0.0,false,7.014858102493083,243.16437154976433,false
1,22,13:15,30,15:15,8,1,,Digging,4.7925,false,5.816733102493083,243.6238174523716,false
1,22,13:15,31,15:30,9,1,,Loading/Swinging,3.1586,false,5.027083102493083,244.0832633549789,false
1,22,13:15,32,15:45,10,1,,Loading/Swinging,3.1586,false,4.237433102493083,244.54270925758618,true
1,22,13:15,33,16:00,11,1,,Traveling,4.710099999999999,false,3.059908102493083,244.54270925758618,false
1,22,13:15,34,16:15,12,1,,Charging,0.0,true,4.959908102493083,242.43744609969144,false
1,22,13:15,35,16:30,13,1,,Loading/Swinging,3.1586,false,4.170258102493083,242.43744609969144,false
1,22,13:15,36,16:45,14,1,,Loading/Swinging,3.1586,false,3.380608102493083,242.43744609969144,false
1,22,13:15,37,17:00,15,1,,Charging,0.0,true,5.280608102493083,240.3321829417967,true
1,22,13:15,38,17:15,16,1,,Charging,0.0,true,5.300000000000001,240.31069607475303,false
1,22,13:15,39,17:30,17,1,,Charging,0.0,true,7.199999999999999,238.20543291685829,false
1,22,13:15,40,17:45,18,1,,Charging,0.0,true,9.1,236.10016975896355,false
1,22,13:15,41,18:00,19,1,,Charging,0.0,true,11.0,233.9949066010688,false
1,22,13:15,42,18:15,20,1,,Charging,0.0,true,12.9,231.88964344317407,false
1,22,13:15,43,18:30,21,1,,Charging,0.0,true,14.8,229.78438028527933,false
1,22,13:15,44,18:45,22,1,,,0.0,false,14.8,229.78438028527933,true
1,22,13:15,45,19:00,23,1,,,0.0,false,14.8,229.78438028527933,false
1,22,13:15,46,19:15,24,1,,,0.0,false,14.8,229.78438028527933,false
1,22,13:15,47,19:30,25,1,,,0.0,false,14.8,229.78438028527933,false
1,22,13:15,48,19:45,26,1,,,0.0,false,14.8,229.78438028527933,false
1,22,13:15,49,20:00,27,1,,,0.0,false,14.8,229.78438028527933,false
1,22,13:15,50,20:15,28,1,,,0.0,false,14.8,229.78438028527933,false
1,22,13:15,51,20:30,29,1,,,0.0,false,14.8,229.78438028527933,false
1,22,13:15,52,20:45,30,1,,,0.0,false,14.8,229.78438028527933,false
1,22,13:15,53,21:00,31,1,,,0.0,false,14.8,230.2438261878866,false
1,22,13:15,54,21:15,32,1,,,0.0,false,14.8,230.7032720904939,false
1,22,13:15,55,21:30,33,1,,,0.0,false,14.8,231.16271799310118,false
1,22,13:15,56,21:45,34,1,,,0.0,false,14.8,231.62216389570847,false
1,22,13:15,57,22:00,35,1,,,0.0,false,14.8,232.08160979831575,false
1,22,13:15,58,22:15,36,1,,,0.0,false,14.8,232.54105570092304,false
1,22,13:15,59,22:30,37,1,,,0.0,false,14.8,233.00050160353032,false
1,22,13:15,60,22:45,38,1,,,0.0,false,14.8,233.4599475061376,false
1,22,13:15,61,23:00,39,1,,,0.0,false,14.8,233.9193934087449,false
1,22,13:15,62,23:15,40,1,,,0.0,false,14.8,234.37883931135218,false
1,22,13:15,63,23:30,41,1,,,0.0,false,14.8,234.83828521395947,false
1,22,13:15,64,23:45,42,1,,,0.0,false,14.8,235.2977311165668,false
1,22,13:15,65,00:00,43,1,,,0.0,false,14.8,235.7571770191741,false
1,22,13:15,66,00:15,44,1,,,0.0,false,14.8,236.21662292178138,false
1,22,13:15,67,00:30,45,1,,,0.0,false,14.8,236.67606882438866,false
1,22,13:15,68,00:45,46,1,,,0.0,false,14.8,237.13551472699595,false
1,22,13:15,69,01:00,47,1,,,0.0,false,14.8,237.59496062960324,false
1,22,13:15,70,01:15,48,1,,,0.0,false,14.8,238.05440653221052,false
1,22,13:15,71,01:30,49,1,,,0.0,false,14.8,238.5138524348178,false
1,22,13:15,72,01:45,50,1,,,0.0,false,14.8,238.97329833742512,false
1,22,13:15,73,02:00,51,1,,,0.0,false,14.8,239.4327442400324,false
1,22,13:15,74,02:15,52,1,,,0.0,false,14.8,239.8921901426397,false
1,22,13:15,75,02:30,53,1,,,0.0,false,14.8,240.35163604524698,false
1,22,13:15,76,02:45,54,1,,,0.0,false,14.8,240.81108194785426,false
1,22,13:15,77,03:00,55,1,,,0.0,false,14.8,241.27052785046155,false
1,22,13:15,78,03:15,56,1,,,0.0,false,14.8,241.72997375306883,false
1,22,13:15,79,03:30,57,1,,,0.0,false,14.8,242.18941965567612,false
1,22,13:15,80,03:45,58,1,,,0.0,false,14.8,242.6488655582834,false
1,22,13:15,81,04:00,59,1,,,0.0,false,14.8,243.1083114608907,false
1,22,13:15,82,04:15,60,1,,,0.0,false,14.8,243.56775736349798,false
1,22,13:15,83,04:30,61,1,,,0.0,false,14.8,244.02720326610526,false
1,22,13:15,84,04:45,62,1,,,0.0,false,14.8,244.48664916871257,false
1,22,13:15,85,05:00,63,1,,,0.0,false,14.8,244.94609507131986,false
1,22,13:15,86,05:15,64,1,,,0.0,false,14.8,245.40554097392715,false
1,22,13:15,87,05:30,65,1,,,0.0,false,14.8,245.86498687653443,false
1,22,13:15,88,05:45,66,1,,,0.0,false,14.8,246.32443277914172,false
1,22,13:15,89,06:00,67,1,,,0.0,false,14.8,246.783878681749,false
1,22,13:15,90,06:15,68,1,,,0.0,false,14.8,247.2433245843563,false
1,22,13:15,91,06:30,69,1,,,0.0,false,14.8,247.70277048696357,false
1,22,13:15,92,06:45,70,1,,,0.0,false,14.8,248.16221638957086,false
1,22,13:15,93,07:00,71,1,,,0.0,false,14.8,248.62166229217814,false
1,22,13:15,94,07:15,72,1,,,0.0,false,14.8,249.08110819478543,false
1,22,13:15,95,07:30,73,1,,,0.0,false,14.8,249.54055409739271,false
1,22,13:15,96,07:45,74,1,,,0.0,false,14.8,250.0,false
1,23,13:30,23,13:30,0,1,,,0.0,false,11.786758102493083,240.4076961341206,false
1,23,13:30,24,13:45,1,1,,,0.0,false,11.786758102493083,240.8671420367279,false
1,23,13:30,25,14:00,2,1,,Digging,4.7925,false,10.588633102493084,241.32658793933518,false
1,23,13:30,26,14:15,3,1,,Digging,4.792500000000004,false,9.390508102493083,241.7860338419425,false
1,23,13:30,27,14:30,4,1,,Traveling,4.7101,false,8.212983102493084,242.24547974454978,false
1,23,13:30,28,14:45,5,1,,Digging,4.792500000000004,false,7.014858102493083,242.70492564715707,false
1,23,13:30,29,15:00,6,1,,Idle,0.0,false,7.014858102493083,243.16437154976435,false
1,23,13:30,30,15:15,7,1,,Loading/Swinging,3.1586,false,6.225208102493083,243.62381745237164,true
1,23,13:30,31,15:30,8,1,,Loading/Swinging,3.1586,false,5.435558102493083,244.08326335497893,false
1,23,13:30,32,15:45,9,1,,Digging,4.7925,false,4.237433102493083,244.5427092575862,true
1,23,13:30,33,16:00,10,1,,Traveling,4.710099999999999,false,3.059908102493083,244.5427092575862,false
1,23,13:30,34,16:15,11,1,,Charging,0.0,true,4.5393,242.90349385868657,false
1,23,13:30,35,16:30,12,1,,Loading/Swinging,3.1586,false,3.74965,242.90349385868657,false
1,23,13:30,36,16:45,13,1,,Loading/Swinging,3.1586,false,2.96,242.90349385868657,false
1,23,13:30,37,17:00,14,1,,Charging,0.0,true,3.3999999999999995,242.41595923264774,false
1,23,13:30,38,17:15,15,1,,Charging,0.0,true,5.3,240.310696074753,false
1,23,13:30,39,17:30,16,1,,Charging,0.0,true,7.199999999999999,238.20543291685826,false
1,23,13:30,40,17:45,17,1,,Charging,0.0,true,9.1,236.10016975896352,false
1,23,13:30,41,18:00,18,1,,Charging,0.0,true,11.0,233.99490660106878,false
1,23,13:30,42,18:15,19,1,,Charging,0.0,true,12.9,231.88964344317404,false
1,23,13:30,43,18:30,20,1,,Charging,0.0,true,14.8,229.7843802852793,false
1,23,13:30,44,18:45,21,1,,,0.0,false,14.8,229.7843802852793,false
1,23,13:30,45,19:00,22,1,,,0.0,false,14.8,229.7843802852793,false
1,23,13:30,46,19:15,23,1,,,0.0,false,14.8,229.7843802852793,false
1,23,13:30,47,19:30,24,1,,,0.0,false,14.8,229.7843802852793,false
1,23,13:30,48,19:45,25,1,,,0.0,false,14.8,229.7843802852793,false
1,23,13:30,49,20:00,26,1,,,0.0,false,14.8,229.7843802852793,false
1,23,13:30,50,20:15,27,1,,,0.0,false,14.8,229.7843802852793,false
1,23,13:30,51,20:30,28,1,,,0.0,false,14.8,229.7843802852793,false
1,23,13:30,52,20:45,29,1,,,0.0,false,14.8,229.7843802852793,false
1,23,13:30,53,21:00,30,1,,,0.0,false,14.8,230.24382618788658,false
1,23,13:30,54,21:15,31,1,,,0.0,false,14.8,230.70327209049387,false
1,23,13:30,55,21:30,32,1,,,0.0,false,14.8,231.16271799310115,false
1,23,13:30,56,21:45,33,1,,,0.0,false,14.8,231.62216389570844,false
1,23,13:30,57,22:00,34,1,,,0.0,false,14.8,232.08160979831575,false
1,23,13:30,58,22:15,35,1,,,0.0,false,14.8,232.54105570092304,false
1,23,13:30,59,22:30,36,1,,,0.0,false,14.8,233.00050160353032,false
1,23,13:30,60,22:45,37,1,,,0.0,false,14.8,233.4599475061376,false
1,23,13:30,61,23:00,38,1,,,0.0,false,14.8,233.9193934087449,false
1,23,13:30,62,23:15,39,1,,,0.0,false,14.8,234.37883931135218,false
1,23,13:30,63,23:30,40,1,,,0.0,false,14.8,234.83828521395947,false
1,23,13:30,64,23:45,41,1,,,0.0,false,14.8,235.2977311165668,false
1,23,13:30,65,00:00,42,1,,,0.0,false,14.8,235.7571770191741,false
1,23,13:30,66,00:15,43,1,,,0.0,false,14.8,236.21662292178138,false
1,23,13:30,67,00:30,44,1,,,0.0,false,14.8,236.67606882438866,false
1,23,13:30,68,00:45,45,1,,,0.0,false,14.8,237.13551472699595,false
1,23,13:30,69,01:00,46,1,,,0.0,false,14.8,237.59496062960324,false
1,23,13:30,70,01:15,47,1,,,0.0,false,14.8,238.05440653221052,false
1,23,13:30,71,01:30,48,1,,,0.0,false,14.8,238.51385243481786,false
1,23,13:30,72,01:45,49,1,,,0.0,false,14.8,238.97329833742515,false
1,23,13:30,73,02:00,50,1,,,0.0,false,14.8,239.43274424003243,false
1,23,13:30,74,02:15,51,1,,,0.0,false,14.8,239.89219014263972,false
1,23,13:30,75,02:30,52,1,,,0.0,false,14.8,240.351636045247,false
1,23,13:30,76,02:45,53,1,,,0.0,false,14.8,240.8110819478543,false
1,23,13:30,77,03:00,54,1,,,0.0,false,14.8,241.27052785046158,false
1,23,13:30,78,03:15,55,1,,,0.0,false,14.8,241.72997375306886,false
1,23,13:30,79,03:30,56,1,,,0.0,false,14.8,242.18941965567615,false
1,23,13:30,80,03:45,57,1,,,0.0,false,14.8,242.64886555828343,false
1,23,13:30,81,04:00,58,1,,,0.0,false,14.8,243.10831146089072,false
1,23,13:30,82,04:15,59,1,,,0.0,false,14.8,243.567757363498,false
1,23,13:30,83,04:30,60,1,,,0.0,false,14.8,244.0272032661053,false
1,23,13:30,84,04:45,61,1,,,0.0,false,14.8,244.48664916871257,false
1,23,13:30,85,05:00,62,1,,,0.0,false,14.8,244.94609507131986,false
1,23,13:30,86,05:15,63,1,,,0.0,false,14.8,245.40554097392715,false
1,23,13:30,87,05:30,64,1,,,0.0,false,14.8,245.86498687653443,false
1,23,13:30,88,05:45,65,1,,,0.0,false,14.8,246.32443277914172,false
1,23,13:30,89,06:00,66,1,,,0.0,false,14.8,246.783878681749,false
1,23,13:30,90,06:15,67,1,,,0.0,false,14.8,247.2433245843563,false
1,23,13:30,91,06:30,68,1,,,0.0,false,14.8,247.70277048696357,false
1,23,13:30,92,06:45,69,1,,,0.0,false,14.8,248.16221638957086,false
1,23,13:30,93,07:00,70,1,,,0.0,false,14.8,248.62166229217814,false
1,23,13:30,94,07:15,71,1,,,0.0,false,14.8,249.08110819478543,false
1,23,13:30,95,07:30,72,1,,,0.0,false,14.8,249.54055409739271,false
1,23,13:30,96,07:45,73,1,,,0.0,false,14.8,250.0,false
1,24,13:45,24,13:45,0,1,,,0.0,false,11.786758102493083,240.8671420367279,false
1,24,13:45,25,14:00,1,1,,Digging,4.792499999999997,false,10.588633102493084,241.32658793933518,false
1,24,13:45,26,14:15,2,1,,Loading/Swinging,3.1586,false,9.798983102493082,241.78603384194247,true
1,24,13:45,27,14:30,3,1,,Traveling,4.7101,false,8.621458102493083,242.24547974454975,false
1,24,13:45,28,14:45,4,1,,Digging,4.7925,false,7.423333102493083,242.70492564715704,false
1,24,13:45,29,15:00,5,1,,Idle,0.0,false,7.423333102493083,243.16437154976433,false
1,24,13:45,30,15:15,6,1,,Digging,4.7925,false,6.225208102493083,243.6238174523716,true
1,24,13:45,31,15:30,7,1,,Digging,4.7925,false,5.027083102493083,244.0832633549789,true
1,24,13:45,32,15:45,8,1,,Loading/Swinging,3.1586,false,4.237433102493083,244.54270925758618,true
1,24,13:45,33,16:00,9,1,,Traveling,4.7101,false,3.059908102493083,244.54270925758618,false
1,24,13:45,34,16:15,10,1,,Charging,0.0,true,4.5393,242.90349385868655,false
1,24,13:45,35,16:30,11,1,,Loading/Swinging,3.1586,false,3.74965,242.90349385868655,false
1,24,13:45,36,16:45,12,1,,Loading/Swinging,3.1586,false,2.96,242.90349385868655,false
1,24,13:45,37,17:00,13,1,,Charging,0.0,true,3.4,242.41595923264777,false
1,24,13:45,38,17:15,14,1,,Charging,0.0,true,5.3,240.31069607475303,false
1,24,13:45,39,17:30,15,1,,Charging,0.0,true,7.199999999999999,238.2054329168583,false
1,24,13:45,40,17:45,16,1,,Charging,0.0,true,9.1,236.10016975896357,false
1,24,13:45,41,18:00,17,1,,Charging,0.0,true,10.999999999999998,233.99490660106883,false
1,24,13:45,42,18:15,18,1,,Charging,0.0,true,12.899999999999999,231.8896434431741,false
1,24,13:45,43,18:30,19,1,,Charging,0.0,true,14.799999999999999,229.78438028527935,false
1,24,13:45,44,18:45,20,1,,,0.0,false,14.799999999999999,229.78438028527935,false
1,24,13:45,45,19:00,21,1,,,0.0,false,14.799999999999999,229.78438028527935,false
1,24,13:45,46,19:15,22,1,,,0.0,false,14.799999999999999,229.78438028527935,false
1,24,13:45,47,19:30,23,1,,,0.0,false,14.799999999999999,229.78438028527935,false
1,24,13:45,48,19:45,24,1,,,0.0,false,14.799999999999999,229.78438028527935,false
1,24,13:45,49,20:00,25,1,,,0.0,false,14.799999999999999,229.78438028527935,false
1,24,13:45,50,20:15,26,1,,,0.0,false,14.799999999999999,229.78438028527935,false
1,24,13:45,51,20:30,27,1,,,0.0,false,14.799999999999999,229.78438028527935,false
1,24,13:45,52,20:45,28,1,,,0.0,false,14.799999999999999,229.78438028527935,false
1,24,13:45,53,21:00,29,1,,,0.0,false,14.799999999999999,230.24382618788664,false
1,24,13:45,54,21:15,30,1,,,0.0,false,14.799999999999999,230.70327209049393,false
1,24,13:45,55,21:30,31,1,,,0.0,false,14.8,231.1627179931012,false
1,24,13:45,56,21:45,32,1,,,0.0,false,14.8,231.6221638957085,false
1,24,13:45,57,22:00,33,1,,,0.0,false,14.8,232.08160979831578,false
1,24,13:45,58,22:15,34,1,,,0.0,false,14.8,232.54105570092307,false
1,24,13:45,59,22:30,35,1,,,0.0,false,14.8,233.00050160353035,false
1,24,13:45,60,22:45,36,1,,,0.0,false,14.8,233.45994750613764,false
1,24,13:45,61,23:00,37,1,,,0.0,false,14.8,233.91939340874492,false
1,24,13:45,62,23:15,38,1,,,0.0,false,14.8,234.3788393113522,false
1,24,13:45,63,23:30,39,1,,,0.0,false,14.8,234.83828521395952,false
1,24,13:45,64,23:45,40,1,,,0.0,false,14.8,235.2977311165668,false
1,24,13:45,65,00:00,41,1,,,0.0,false,14.8,235.7571770191741,false
1,24,13:45,66,00:15,42,1,,,0.0,false,14.8,236.21662292178138,false
1,24,13:45,67,00:30,43,1,,,0.0,false,14.8,236.67606882438866,false
1,24,13:45,68,00:45,44,1,,,0.0,false,14.8,237.13551472699595,false
1,24,13:45,69,01:00,45,1,,,0.0,false,14.8,237.59496062960324,false
1,24,13:45,70,01:15,46,1,,,0.0,false,14.8,238.05440653221052,false
1,24,13:45,71,01:30,47,1,,,0.0,false,14.8,238.5138524348178,false
1,24,13:45,72,01:45,48,1,,,0.0,false,14.8,238.9732983374251,false
1,24,13:45,73,02:00,49,1,,,0.0,false,14.8,239.43274424003238,false
1,24,13:45,74,02:15,50,1,,,0.0,false,14.8,239.89219014263966,false
1,24,13:45,75,02:30,51,1,,,0.0,false,14.8,240.35163604524695,false
1,24,13:45,76,02:45,52,1,,,0.0,false,14.8,240.81108194785426,false
1,24,13:45,77,03:00,53,1,,,0.0,false,14.8,241.27052785046155,false
1,24,13:45,78,03:15,54,1,,,0.0,false,14.8,241.72997375306883,false
1,24,13:45,79,03:30,55,1,,,0.0,false,14.8,242.18941965567612,false
1,24,13:45,80,03:45,56,1,,,0.0,false,14.8,242.6488655582834,false
1,24,13:45,81,04:00,57,1,,,0.0,false,14.8,243.1083114608907,false
1,24,13:45,82,04:15,58,1,,,0.0,false,14.8,243.56775736349798,false
1,24,13:45,83,04:30,59,1,,,0.0,false,14.8,244.02720326610526,false
1,24,13:45,84,04:45,60,1,,,0.0,false,14.8,244.48664916871255,false
1,24,13:45,85,05:00,61,1,,,0.0,false,14.8,244.94609507131983,false
1,24,13:45,86,05:15,62,1,,,0.0,false,14.8,245.40554097392712,false
1,24,13:45,87,05:30,63,1,,,0.0,false,14.8,245.8649868765344,false
1,24,13:45,88,05:45,64,1,,,0.0,false,14.8,246.3244327791417,false
1,24,13:45,89,06:00,65,1,,,0.0,false,14.8,246.78387868174897,false
1,24,13:45,90,06:15,66,1,,,0.0,false,14.8,247.24332458435626,false
1,24,13:45,91,06:30,67,1,,,0.0,false,14.8,247.70277048696354,false
1,24,13:45,92,06:45,68,1,,,0.0,false,14.8,248.16221638957083,false
1,24,13:45,93,07:00,69,1,,,0.0,false,14.8,248.62166229217812,false
1,24,13:45,94,07:15,70,1,,,0.0,false,14.8,249.08110819478543,false
1,24,13:45,95,07:30,71,1,,,0.0,false,14.8,249.54055409739271,false
1,24,13:45,96,07:45,72,1,,,0.0,false,14.8,250.0,false
1,25,14:00,25,14:00,0,1,,Digging,4.7925,false,10.588633102493084,241.32658793933518,false
1,25,14:00,26,14:15,1,1,,Digging,4.7925,false,9.390508102493083,241.78603384194247,true
1,25,14:00,27,14:30,2,1,,Traveling,4.7101,false,8.212983102493084,242.24547974454975,false
1,25,14:00,28,14:45,3,1,,Digging,4.792500000000004,false,7.014858102493083,242.70492564715704,false
1,25,14:00,29,15:00,4,1,,Idle,0.0,false,7.014858102493083,243.16437154976433,false
1,25,14:00,30,15:15,5,1,,Digging,4.7925,false,5.816733102493083,243.6238174523716,false
1,25,14:00,31,15:30,6,1,,Loading/Swinging,3.1586,false,5.027083102493083,244.0832633549789,true
1,25,14:00,32,15:45,7,1,,Loading/Swinging,3.1586,false,4.237433102493083,244.54270925758618,false
1,25,14:00,33,16:00,8,1,,Traveling,4.710100000000001,false,3.0599081024930825,244.54270925758618,false
1,25,14:00,34,16:15,9,1,,Charging,0.0,true,4.959908102493083,242.43744609969144,false
1,25,14:00,35,16:30,10,1,,Loading/Swinging,3.1586,false,4.170258102493083,242.43744609969144,false
1,25,14:00,36,16:45,11,1,,Loading/Swinging,3.1586,false,3.380608102493083,242.43744609969144,false
1,25,14:00,37,17:00,12,1,,Charging,0.0,true,5.280608102493083,240.3321829417967,false
1,25,14:00,38,17:15,13,1,,Charging,0.0,true,5.300000000000001,240.31069607475303,false
1,25,14:00,39,17:30,14,1,,Charging,0.0,true,7.200000000000001,238.20543291685829,false
1,25,14:00,40,17:45,15,1,,Charging,0.0,true,9.100000000000001,236.10016975896355,false
1,25,14:00,41,18:00,16,1,,Charging,0.0,true,11.000000000000002,233.9949066010688,false
1,25,14:00,42,18:15,17,1,,Charging,0.0,true,12.9,231.88964344317407,false
1,25,14:00,43,18:30,18,1,,Charging,0.0,true,14.8,229.78438028527933,false
1,25,14:00,44,18:45,19,1,,,0.0,false,14.8,229.78438028527933,false
1,25,14:00,45,19:00,20,1,,,0.0,false,14.8,229.78438028527933,false
1,25,14:00,46,19:15,21,1,,,0.0,false,14.8,229.78438028527933,false
1,25,14:00,47,19:30,22,1,,,0.0,false,14.8,229.78438028527933,false
1,25,14:00,48,19:45,23,1,,,0.0,false,14.8,229.78438028527933,false
1,25,14:00,49,20:00,24,1,,,0.0,false,14.8,229.78438028527933,false
1,25,14:00,50,20:15,25,1,,,0.0,false,14.8,229.78438028527933,false
1,25,14:00,51,20:30,26,1,,,0.0,false,14.8,229.78438028527933,false
1,25,14:00,52,20:45,27,1,,,0.0,false,14.8,229.78438028527933,false
1,25,14:00,53,21:00,28,1,,,0.0,false,14.8,230.2438261878866,false
1,25,14:00,54,21:15,29,1,,,0.0,false,14.8,230.7032720904939,false
1,25,14:00,55,21:30,30,1,,,0.0,false,14.8,231.16271799310118,false
1,25,14:00,56,21:45,31,1,,,0.0,false,14.8,231.62216389570847,false
1,25,14:00,57,22:00,32,1,,,0.0,false,14.8,232.08160979831575,false
1,25,14:00,58,22:15,33,1,,,0.0,false,14.8,232.54105570092304,false
1,25,14:00,59,22:30,34,1,,,0.0,false,14.8,233.00050160353032,false
1,25,14:00,60,22:45,35,1,,,0.0,false,14.8,233.4599475061376,false
1,25,14:00,61,23:00,36,1,,,0.0,false,14.8,233.9193934087449,false
1,25,14:00,62,23:15,37,1,,,0.0,false,14.8,234.3788393113522,false
1,25,14:00,63,23:30,38,1,,,0.0,false,14.8,234.8382852139595,false
1,25,14:00,64,23:45,39,1,,,0.0,false,14.8,235.29773111656684,false
1,25,14:00,65,00:00,40,1,,,0.0,false,14.8,235.75717701917412,false
1,25,14:00,66,00:15,41,1,,,0.0,false,14.8,236.2166229217814,false
1,25,14:00,67,00:30,42,1,,,0.0,false,14.8,236.6760688243887,false
1,25,14:00,68,00:45,43,1,,,0.0,false,14.8,237.13551472699598,false
1,25,14:00,69,01:00,44,1,,,0.0,false,14.8,237.59496062960326,false
1,25,14:00,70,01:15,45,1,,,0.0,false,14.8,238.05440653221055,false
1,25,14:00,71,01:30,46,1,,,0.0,false,14.8,238.51385243481784,false
1,25,14:00,72,01:45,47,1,,,0.0,false,14.8,238.97329833742512,false
1,25,14:00,73,02:00,48,1,,,0.0,false,14.8,239.4327442400324,false
1,25,14:00,74,02:15,49,1,,,0.0,false,14.8,239.8921901426397,false
1,25,14:00,75,02:30,50,1,,,0.0,false,14.8,240.35163604524698,false
1,25,14:00,76,02:45,51,1,,,0.0,false,14.8,240.81108194785426,false
1,25,14:00,77,03:00,52,1,,,0.0,false,14.8,241.27052785046155,false
1,25,14:00,78,03:15,53,1,,,0.0,false,14.8,241.72997375306883,false
1,25,14:00,79,03:30,54,1,,,0.0,false,14.8,242.18941965567612,false
1,25,14:00,80,03:45,55,1,,,0.0,false,14.8,242.6488655582834,false
1,25,14:00,81,04:00,56,1,,,0.0,false,14.8,243.1083114608907,false
1,25,14:00,82,04:15,57,1,,,0.0,false,14.8,243.56775736349798,false
1,25,14:00,83,04:30,58,1,,,0.0,false,14.8,244.02720326610526,false
1,25,14:00,84,04:45,59,1,,,0.0,false,14.8,244.48664916871257,false
1,25,14:00,85,05:00,60,1,,,0.0,false,14.8,244.94609507131986,false
1,25,14:00,86,05:15,61,1,,,0.0,false,14.8,245.40554097392715,false
1,25,14:00,87,05:30,62,1,,,0.0,false,14.8,245.86498687653443,false
1,25,14:00,88,05:45,63,1,,,0.0,false,14.8,246.32443277914172,false
1,25,14:00,89,06:00,64,1,,,0.0,false,14.8,246.783878681749,false
1,25,14:00,90,06:15,65,1,,,0.0,false,14.8,247.2433245843563,false
1,25,14:00,91,06:30,66,1,,,0.0,false,14.8,247.70277048696357,false
1,25,14:00,92,06:45,67,1,,,0.0,false,14.8,248.16221638957086,false
1,25,14:00,93,07:00,68,1,,,0.0,false,14.8,248.62166229217814,false
1,25,14:00,94,07:15,69,1,,,0.0,false,14.8,249.08110819478543,false
1,25,14:00,95,07:30,70,1,,,0.0,false,14.8,249.54055409739271,false
1,25,14:00,96,07:45,71,1,,,0.0,false,14.8,250.0,false
1,26,14:15,26,14:15,0,1,,Digging,4.7925,false,9.375033102493084,241.78637005398963,false
1,26,14:15,27,14:30,1,1,,Traveling,4.710100000000001,false,8.197508102493083,242.24615216864404,false
1,26,14:15,28,14:45,2,1,,Digging,4.7925,false,6.999383102493083,242.7059342832985,false
1,26,14:15,29,15:00,3,1,,Idle,0.0,false,6.999383102493083,243.1657163979529,false
1,26,14:15,30,15:15,4,1,,Digging,4.7925,false,5.801258102493083,243.62549851260735,false
1,26,14:15,31,15:30,5,1,,Loading/Swinging,3.1586,false,5.011608102493083,244.0852806272618,false
1,26,14:15,32,15:45,6,1,,Loading/Swinging,3.1586,false,4.221958102493083,244.5450627419162,false
1,26,14:15,33,16:00,7,1,,Traveling,4.7101,false,3.044433102493083,244.5450627419162,false
1,26,14:15,34,16:15,8,1,,Charging,1.7763568394002505e-15,true,4.9444331024930825,242.43979958402147,false
1,26,14:15,35,16:30,9,1,,Loading/Swinging,3.1586,false,4.154783102493083,242.43979958402147,false
1,26,14:15,36,16:45,10,1,,Loading/Swinging,3.1586,false,3.3651331024930826,242.43979958402147,false
1,26,14:15,37,17:00,11,1,,Charging,0.0,true,5.265133102493083,240.33453642612673,false
1,26,14:15,38,17:15,12,1,,Charging,0.0,true,5.300000000000001,240.2959027446786,false
1,26,14:15,39,17:30,13,1,,Charging,0.0,true,7.200000000000001,238.19063958678387,false
1,26,14:15,40,17:45,14,1,,Charging,0.0,true,9.100000000000001,236.08537642888913,false
1,26,14:15,41,18:00,15,1,,Charging,0.0,true,11.0,233.9801132709944,false
1,26,14:15,42,18:15,16,1,,Charging,0.0,true,12.9,231.87485011309965,false
1,26,14:15,43,18:30,17,1,,Charging,0.0,true,14.8,229.76958695520491,false
1,26,14:15,44,18:45,18,1,,,0.0,false,14.8,229.76958695520491,false
1,26,14:15,45,19:00,19,1,,,0.0,false,14.8,229.76958695520491,false
1,26,14:15,46,19:15,20,1,,,0.0,false,14.8,229.76958695520491,false
1,26,14:15,47,19:30,21,1,,,0.0,false,14.8,229.76958695520491,false
1,26,14:15,48,19:45,22,1,,,0.0,false,14.8,229.76958695520491,false
1,26,14:15,49,20:00,23,1,,,0.0,false,14.8,229.76958695520491,false
1,26,14:15,50,20:15,24,1,,,0.0,false,14.8,229.76958695520491,false
1,26,14:15,51,20:30,25,1,,,0.0,false,14.8,229.76958695520491,false
1,26,14:15,52,20:45,26,1,,,0.0,false,14.8,229.76958695520491,false
1,26,14:15,53,21:00,27,1,,,0.0,false,14.8,230.22936906985942,false
1,26,14:15,54,21:15,28,1,,,0.0,false,14.8,230.68915118451383,false
1,26,14:15,55,21:30,29,1,,,0.0,false,14.8,231.14893329916828,false
1,26,14:15,56,21:45,30,1,,,0.0,false,14.8,231.60871541382272,false
1,26,14:15,57,22:00,31,1,,,0.0,false,14.8,232.06849752847714,false
1,26,14:15,58,22:15,32,1,,,0.0,false,14.8,232.52827964313158,false
1,26,14:15,59,22:30,33,1,,,0.0,false,14.8,232.988061757786,false
1,26,14:15,60,22:45,34,1,,,0.0,false,14.8,233.44784387244044,false
1,26,14:15,61,23:00,35,1,,,0.0,false,14.8,233.9076259870949,false
1,26,14:15,62,23:15,36,1,,,0.0,false,14.8,234.3674081017493,false
1,26,14:15,63,23:30,37,1,,,0.0,false,14.8,234.82719021640372,false
1,26,14:15,64,23:45,38,1,,,0.0,false,14.8,235.28697233105817,false
1,26,14:15,65,00:00,39,1,,,0.0,false,14.8,235.74675444571258,false
1,26,14:15,66,00:15,40,1,,,0.0,false,14.8,236.20653656036703,false
1,26,14:15,67,00:30,41,1,,,0.0,false,14.8,236.66631867502144,false
1,26,14:15,68,00:45,42,1,,,0.0,false,14.8,237.1261007896759,false
1,26,14:15,69,01:00,43,1,,,0.0,false,14.8,237.5858829043303,false
1,26,14:15,70,01:15,44,1,,,0.0,false,14.8,238.04566501898475,false
1,26,14:15,71,01:30,45,1,,,0.0,false,14.8,238.50544713363917,false
1,26,14:15,72,01:45,46,1,,,0.0,false,14.8,238.9652292482936,false
1,26,14:15,73,02:00,47,1,,,0.0,false,14.8,239.42501136294806,false
1,26,14:15,74,02:15,48,1,,,0.0,false,14.8,239.88479347760247,false
1,26,14:15,75,02:30,49,1,,,0.0,false,14.8,240.34457559225692,false
1,26,14:15,76,02:45,50,1,,,0.0,false,14.8,240.80435770691133,false
1,26,14:15,77,03:00,51,1,,,0.0,false,14.8,241.26413982156578,false
1,26,14:15,78,03:15,52,1,,,0.0,false,14.8,241.7239219362202,false
1,26,14:15,79,03:30,53,1,,,0.0,false,14.8,242.18370405087464,false
1,26,14:15,80,03:45,54,1,,,0.0,false,14.8,242.64348616552908,false
1,26,14:15,81,04:00,55,1,,,0.0,false,14.8,243.10326828018353,false
1,26,14:15,82,04:15,56,1,,,0.0,false,14.8,243.56305039483797,false
1,26,14:15,83,04:30,57,1,,,0.0,false,14.8,244.0228325094924,false
1,26,14:15,84,04:45,58,1,,,0.0,false,14.8,244.48261462414683,false
1,26,14:15,85,05:00,59,1,,,0.0,false,14.8,244.94239673880125,false
1,26,14:15,86,05:15,60,1,,,0.0,false,14.8,245.4021788534557,false
1,26,14:15,87,05:30,61,1,,,0.0,false,14.8,245.8619609681101,false
1,26,14:15,88,05:45,62,1,,,0.0,false,14.8,246.32174308276456,false
1,26,14:15,89,06:00,63,1,,,0.0,false,14.8,246.78152519741897,false
1,26,14:15,90,06:15,64,1,,,0.0,false,14.8,247.24130731207342,false
1,26,14:15,91,06:30,65,1,,,0.0,false,14.8,247.70108942672783,false
1,26,14:15,92,06:45,66,1,,,0.0,false,14.8,248.16087154138228,false
1,26,14:15,93,07:00,67,1,,,0.0,false,14.8,248.6206536560367,false
1,26,14:15,94,07:15,68,1,,,0.0,false,14.8,249.08043577069114,false
1,26,14:15,95,07:30,69,1,,,0.0,false,14.8,249.54021788534556,false
1,26,14:15,96,07:45,70,1,,,0.0,false,14.8,250.0,false
1,27,14:30,27,14:30,0,1,,Traveling,4.7101,false,8.204308102493084,242.24615216864407,false
1,27,14:30,28,14:45,1,1,,Loading/Swinging,3.158599999999997,false,7.4146581024930835,242.7059342832985,true
1,27,14:30,29,15:00,2,1,,Idle,0.0,false,7.4146581024930835,243.165716397953,false
1,27,14:30,30,15:15,3,1,,Loading/Swinging,3.1586,false,6.625008102493084,243.6254985126074,true
1,27,14:30,31,15:30,4,1,,Digging,4.7925,false,5.4268831024930835,244.08528062726185,true
1,27,14:30,32,15:45,5,1,,Digging,4.7925,false,4.228758102493083,244.5450627419163,true
1,27,14:30,33,16:00,6,1,,Traveling,4.710100000000001,false,3.051233102493083,244.5450627419163,false
1,27,14:30,34,16:15,7,1,,Charging,0.0,true,4.5393,242.896235154651,false
1,27,14:30,35,16:30,8,1,,Loading/Swinging,3.1586,false,3.74965,242.896235154651,false
1,27,14:30,36,16:45,9,1,,Loading/Swinging,3.1586,false,2.96,242.896235154651,false
1,27,14:30,37,17:00,10,1,,Charging,0.0,true,3.3999999999999995,242.40870052861223,false
1,27,14:30,38,17:15,11,1,,Charging,0.0,true,5.299999999999999,240.3034373707175,false
1,27,14:30,39,17:30,12,1,,Charging,0.0,true,7.199999999999999,238.19817421282275,false
1,27,14:30,40,17:45,13,1,,Charging,0.0,true,9.1,236.092911054928,false
1,27,14:30,41,18:00,14,1,,Charging,0.0,true,11.0,233.98764789703327,false
1,27,14:30,42,18:15,15,1,,Charging,0.0,true,12.9,231.88238473913853,false
1,27,14:30,43,18:30,16,1,,Charging,0.0,true,14.8,229.7771215812438,false
1,27,14:30,44,18:45,17,1,,,0.0,false,14.8,229.7771215812438,false
1,27,14:30,45,19:00,18,1,,,0.0,false,14.8,229.7771215812438,false
1,27,14:30,46,19:15,19,1,,,0.0,false,14.8,229.7771215812438,false
1,27,14:30,47,19:30,20,1,,,0.0,false,14.8,229.7771215812438,false
1,27,14:30,48,19:45,21,1,,,0.0,false,14.8,229.7771215812438,false
1,27,14:30,49,20:00,22,1,,,0.0,false,14.8,229.7771215812438,false
1,27,14:30,50,20:15,23,1,,,0.0,false,14.8,229.7771215812438,false
1,27,14:30,51,20:30,24,1,,,0.0,false,14.8,229.7771215812438,false
1,27,14:30,52,20:45,25,1,,,0.0,false,14.8,229.7771215812438,false
1,27,14:30,53,21:00,26,1,,,0.0,false,14.8,230.23690369589823,false
1,27,14:30,54,21:15,27,1,,,0.0,false,14.8,230.69668581055265,false
1,27,14:30,55,21:30,28,1,,,0.0,false,14.8,231.1564679252071,false
1,27,14:30,56,21:45,29,1,,,0.0,false,14.8,231.6162500398615,false
1,27,14:30,57,22:00,30,1,,,0.0,false,14.8,232.07603215451596,false
1,27,14:30,58,22:15,31,1,,,0.0,false,14.8,232.53581426917037,false
1,27,14:30,59,22:30,32,1,,,0.0,false,14.8,232.99559638382482,false
1,27,14:30,60,22:45,33,1,,,0.0,false,14.8,233.45537849847926,false
1,27,14:30,61,23:00,34,1,,,0.0,false,14.8,233.91516061313368,false
1,27,14:30,62,23:15,35,1,,,0.0,false,14.8,234.37494272778812,false
1,27,14:30,63,23:30,36,1,,,0.0,false,14.8,234.83472484244254,false
1,27,14:30,64,23:45,37,1,,,0.0,false,14.8,235.28697233105817,false
1,27,14:30,65,00:00,38,1,,,0.0,false,14.8,235.7467544457126,false
1,27,14:30,66,00:15,39,1,,,0.0,false,14.8,236.20653656036703,false
1,27,14:30,67,00:30,40,1,,,0.0,false,14.8,236.66631867502147,false
1,27,14:30,68,00:45,41,1,,,0.0,false,14.8,237.1261007896759,false
1,27,14:30,69,01:00,42,1,,,0.0,false,14.8,237.58588290433033,false
1,27,14:30,70,01:15,43,1,,,0.0,false,14.8,238.04566501898475,false
1,27,14:30,71,01:30,44,1,,,0.0,false,14.8,238.5054471336392,false
1,27,14:30,72,01:45,45,1,,,0.0,false,14.8,238.9652292482936,false
1,27,14:30,73,02:00,46,1,,,0.0,false,14.8,239.42501136294806,false
1,27,14:30,74,02:15,47,1,,,0.0,false,14.8,239.8847934776025,false
1,27,14:30,75,02:30,48,1,,,0.0,false,14.8,240.34457559225692,false
1,27,14:30,76,02:45,49,1,,,0.0,false,14.8,240.80435770691136,false
1,27,14:30,77,03:00,50,1,,,0.0,false,14.8,241.26413982156578,false
1,27,14:30,78,03:15,51,1,,,0.0,false,14.8,241.72392193622022,false
1,27,14:30,79,03:30,52,1,,,0.0,false,14.8,242.18370405087464,false
1,27,14:30,80,03:45,53,1,,,0.0,false,14.8,242.64348616552908,false
1,27,14:30,81,04:00,54,1,,,0.0,false,14.8,243.1032682801835,false
1,27,14:30,82,04:15,55,1,,,0.0,false,14.8,243.56305039483794,false
1,27,14:30,83,04:30,56,1,,,0.0,false,14.8,244.0228325094924,false
1,27,14:30,84,04:45,57,1,,,0.0,false,14.8,244.4826146241468,false
1,27,14:30,85,05:00,58,1,,,0.0,false,14.8,244.94239673880125,false
1,27,14:30,86,05:15,59,1,,,0.0,false,14.8,245.40217885345567,false
1,27,14:30,87,05:30,60,1,,,0.0,false,14.8,245.8619609681101,false
1,27,14:30,88,05:45,61,1,,,0.0,false,14.8,246.3217430827645,false
1,27,14:30,89,06:00,62,1,,,0.0,false,14.8,246.78152519741894,false
1,27,14:30,90,06:15,63,1,,,0.0,false,14.8,247.2413073120734,false
1,27,14:30,91,06:30,64,1,,,0.0,false,14.8,247.70108942672783,false
1,27,14:30,92,06:45,65,1,,,0.0,false,14.8,248.16087154138225,false
1,27,14:30,93,07:00,66,1,,,0.0,false,14.8,248.6206536560367,false
1,27,14:30,94,07:15,67,1,,,0.0,false,14.8,249.0804357706911,false
1,27,14:30,95,07:30,68,1,,,0.0,false,14.8,249.54021788534556,false
1,27,14:30,96,07:45,69,1,,,0.0,false,14.8,250.0,false
1,28,14:45,28,14:45,0,1,,Loading/Swinging,3.1586,false,7.449158102493083,242.70593428329852,false
1,28,14:45,29,15:00,1,1,,Idle,0.0,false,7.449158102493083,243.16571639795296,false
1,28,14:45,30,15:15,2,1,,Digging,4.7925,false,6.251033102493083,243.6254985126074,true
1,28,14:45,31,15:30,3,1,,Digging,4.7925,false,5.052908102493083,244.08528062726185,false
1,28,14:45,32,15:45,4,1,,Loading/Swinging,3.1586,false,4.263258102493083,244.5450627419163,true
1,28,14:45,33,16:00,5,1,,Traveling,4.7101,false,3.0857331024930827,244.5450627419163,false
1,28,14:45,34,16:15,6,1,,Charging,0.0,true,4.979300000000001,242.44692767542665,false
1,28,14:45,35,16:30,7,1,,Loading/Swinging,3.1586,false,4.189650000000001,242.44692767542665,false
1,28,14:45,36,16:45,8,1,,Loading/Swinging,3.1586,false,3.4000000000000012,242.44692767542665,false
1,28,14:45,37,17:00,9,1,,Charging,0.0,true,5.300000000000001,240.3416645175319,false
1,28,14:45,38,17:15,10,1,,Charging,0.0,true,7.2,238.23640135963717,false
1,28,14:45,39,17:30,11,1,,Charging,0.0,true,9.1,236.13113820174243,false
1,28,14:45,40,17:45,12,1,,Charging,0.0,true,11.0,234.0258750438477,false
1,28,14:45,41,18:00,13,1,,Charging,0.0,true,12.9,231.92061188595295,false
1,28,14:45,42,18:15,14,1,,Charging,0.0,true,14.8,229.8153487280582,false
1,28,14:45,43,18:30,15,1,,,0.0,false,14.8,229.8153487280582,true
1,28,14:45,44,18:45,16,1,,,0.0,false,14.8,229.8153487280582,false
1,28,14:45,45,19:00,17,1,,,0.0,false,14.8,229.8153487280582,false
1,28,14:45,46,19:15,18,1,,,0.0,false,14.8,229.8153487280582,false
1,28,14:45,47,19:30,19,1,,,0.0,false,14.8,229.8153487280582,false
1,28,14:45,48,19:45,20,1,,,0.0,false,14.8,229.8153487280582,false
1,28,14:45,49,20:00,21,1,,,0.0,false,14.8,229.8153487280582,false
1,28,14:45,50,20:15,22,1,,,0.0,false,14.8,229.8153487280582,false
1,28,14:45,51,20:30,23,1,,,0.0,false,14.8,229.8153487280582,false
1,28,14:45,52,20:45,24,1,,,0.0,false,14.8,229.8153487280582,false
1,28,14:45,53,21:00,25,1,,,0.0,false,14.8,230.27513084271266,false
1,28,14:45,54,21:15,26,1,,,0.0,false,14.8,230.7349129573671,false
1,28,14:45,55,21:30,27,1,,,0.0,false,14.8,231.19469507202155,false
1,28,14:45,56,21:45,28,1,,,0.0,false,14.8,231.654477186676,false
1,28,14:45,57,22:00,29,1,,,0.0,false,14.8,232.11425930133043,false
1,28,14:45,58,22:15,30,1,,,0.0,false,14.8,232.57404141598488,false
1,28,14:45,59,22:30,31,1,,,0.0,false,14.8,233.03382353063932,false
1,28,14:45,60,22:45,32,1,,,0.0,false,14.8,233.49360564529377,false
1,28,14:45,61,23:00,33,1,,,0.0,false,14.8,233.9533877599482,false
1,28,14:45,62,23:15,34,1,,,0.0,false,14.8,234.41316987460266,false
1,28,14:45,63,23:30,35,1,,,0.0,false,14.8,234.8729519892571,false
1,28,14:45,64,23:45,36,1,,,0.0,false,14.8,235.28697233105777,false
1,28,14:45,65,00:00,37,1,,,0.0,false,14.8,235.7467544457122,false
1,28,14:45,66,00:15,38,1,,,0.0,false,14.8,236.20653656036666,false
1,28,14:45,67,00:30,39,1,,,0.0,false,14.8,236.6663186750211,false
1,28,14:45,68,00:45,40,1,,,0.0,false,14.8,237.12610078967555,false
1,28,14:45,69,01:00,41,1,,,0.0,false,14.8,237.58588290433,false
1,28,14:45,70,01:15,42,1,,,0.0,false,14.8,238.04566501898444,false
1,28,14:45,71,01:30,43,1,,,0.0,false,14.8,238.50544713363888,false
1,28,14:45,72,01:45,44,1,,,0.0,false,14.8,238.96522924829333,false
1,28,14:45,73,02:00,45,1,,,0.0,false,14.8,239.42501136294777,false
1,28,14:45,74,02:15,46,1,,,0.0,false,14.8,239.88479347760222,false
1,28,14:45,75,02:30,47,1,,,0.0,false,14.8,240.34457559225666,false
1,28,14:45,76,02:45,48,1,,,0.0,false,14.8,240.8043577069111,false
1,28,14:45,77,03:00,49,1,,,0.0,false,14.8,241.26413982156555,false
1,28,14:45,78,03:15,50,1,,,0.0,false,14.8,241.72392193622,false
1,28,14:45,79,03:30,51,1,,,0.0,false,14.8,242.18370405087444,false
1,28,14:45,80,03:45,52,1,,,0.0,false,14.8,242.64348616552888,false
1,28,14:45,81,04:00,53,1,,,0.0,false,14.8,243.10326828018333,false
1,28,14:45,82,04:15,54,1,,,0.0,false,14.8,243.56305039483777,false
1,28,14:45,83,04:30,55,1,,,0.0,false,14.8,244.02283250949222,false
1,28,14:45,84,04:45,56,1,,,0.0,false,14.8,244.48261462414666,false
1,28,14:45,85,05:00,57,1,,,0.0,false,14.8,244.9423967388011,false
1,28,14:45,86,05:15,58,1,,,0.0,false,14.8,245.40217885345555,false
1,28,14:45,87,05:30,59,1,,,0.0,false,14.8,245.86196096811,false
1,28,14:45,88,05:45,60,1,,,0.0,false,14.8,246.32174308276444,false
1,28,14:45,89,06:00,61,1,,,0.0,false,14.8,246.7815251974189,false
1,28,14:45,90,06:15,62,1,,,0.0,false,14.8,247.24130731207333,false
1,28,14:45,91,06:30,63,1,,,0.0,false,14.8,247.70108942672778,false
1,28,14:45,92,06:45,64,1,,,0.0,false,14.8,248.16087154138222,false
1,28,14:45,93,07:00,65,1,,,0.0,false,14.8,248.62065365603667,false
1,28,14:45,94,07:15,66,1,,,0.0,false,14.8,249.0804357706911,false
1,28,14:45,95,07:30,67,1,,,0.0,false,14.8,249.54021788534556,false
1,28,14:45,96,07:45,68,1,,,0.0,false,14.8,250.0,false
1,29,15:00,29,15:00,0,1,,Idle,0.0,false,7.276633102493083,243.16874559924565,false
1,29,15:00,30,15:15,1,1,,Loading/Swinging,3.1586,false,6.486983102493083,243.6315569151928,true
1,29,15:00,31,15:30,2,1,,Digging,4.792500000000007,false,5.288858102493084,244.09436823113992,false
1,29,15:00,32,15:45,3,1,,Loading/Swinging,3.1586,false,4.499208102493084,244.55717954708706,false
1,29,15:00,33,16:00,4,1,,Traveling,4.710100000000001,false,3.3216831024930835,244.55717954708706,false
1,29,15:00,34,16:15,5,1,,Charging,0.0,true,5.221683102493083,242.45191638919232,false
1,29,15:00,35,16:30,6,1,,Digging,4.792499999999997,false,4.023558102493084,242.45191638919232,true
1,29,15:00,36,16:45,7,1,,Loading/Swinging,3.1586,false,3.2339081024930834,242.45191638919232,false
1,29,15:00,37,17:00,8,1,,Charging,0.0,true,5.133908102493082,240.34665323129758,false
1,29,15:00,38,17:15,9,1,,Charging,0.0,true,7.033908102493083,238.24139007340284,false
1,29,15:00,39,17:30,10,1,,Charging,0.0,true,8.933908102493083,236.1361269155081,false
1,29,15:00,40,17:45,11,1,,Charging,0.0,true,10.833908102493082,234.03086375761336,false
1,29,15:00,41,18:00,12,1,,Charging,0.0,true,12.733908102493082,231.92560059971862,false
1,29,15:00,42,18:15,13,1,,Charging,0.0,true,14.633908102493084,229.82033744182388,false
1,29,15:00,43,18:30,14,1,,Charging,0.0,true,14.8,229.63630209832593,true
1,29,15:00,44,18:45,15,1,,,0.0,false,14.8,229.63630209832596,false
1,29,15:00,45,19:00,16,1,,,0.0,false,14.8,229.63630209832596,false
1,29,15:00,46,19:15,17,1,,,0.0,false,14.8,229.63630209832596,false
1,29,15:00,47,19:30,18,1,,,0.0,false,14.8,229.63630209832596,false
1,29,15:00,48,19:45,19,1,,,0.0,false,14.8,229.63630209832596,false
1,29,15:00,49,20:00,20,1,,,0.0,false,14.8,229.63630209832596,false
1,29,15:00,50,20:15,21,1,,,0.0,false,14.8,229.63630209832596,false
1,29,15:00,51,20:30,22,1,,,0.0,false,14.8,229.63630209832596,false
1,29,15:00,52,20:45,23,1,,,0.0,false,14.8,229.63630209832596,false
1,29,15:00,53,21:00,24,1,,,0.0,false,14.8,230.0991134142731,false
1,29,15:00,54,21:15,25,1,,,0.0,false,14.8,230.56192473022023,false
1,29,15:00,55,21:30,26,1,,,0.0,false,14.8,231.02473604616736,false
1,29,15:00,56,21:45,27,1,,,0.0,false,14.8,231.4875473621145,false
1,29,15:00,57,22:00,28,1,,,0.0,false,14.8,231.95035867806163,false
1,29,15:00,58,22:15,29,1,,,0.0,false,14.8,232.41316999400877,false
1,29,15:00,59,22:30,30,1,,,0.0,false,14.8,232.8759813099559,false
1,29,15:00,60,22:45,31,1,,,0.0,false,14.8,233.33879262590304,false
1,29,15:00,61,23:00,32,1,,,0.0,false,14.8,233.80160394185017,false
1,29,15:00,62,23:15,33,1,,,0.0,false,14.8,234.2644152577973,false
1,29,15:00,63,23:30,34,1,,,0.0,false,14.8,234.72722657374445,false
1,29,15:00,64,23:45,35,1,,,0.0,false,14.8,235.19003788969158,false
1,29,15:00,65,00:00,36,1,,,0.0,false,14.8,235.65284920563874,false
1,29,15:00,66,00:15,37,1,,,0.0,false,14.8,236.11566052158588,false
1,29,15:00,67,00:30,38,1,,,0.0,false,14.8,236.57847183753302,false
1,29,15:00,68,00:45,39,1,,,0.0,false,14.8,237.04128315348015,false
1,29,15:00,69,01:00,40,1,,,0.0,false,14.8,237.5040944694273,false
1,29,15:00,70,01:15,41,1,,,0.0,false,14.8,237.96690578537442,false
1,29,15:00,71,01:30,42,1,,,0.0,false,14.8,238.42971710132156,false
1,29,15:00,72,01:45,43,1,,,0.0,false,14.8,238.8925284172687,false
1,29,15:00,73,02:00,44,1,,,0.0,false,14.8,239.35533973321583,false
1,29,15:00,74,02:15,45,1,,,0.0,false,14.8,239.81815104916296,false
1,29,15:00,75,02:30,46,1,,,0.0,false,14.8,240.2809623651101,false
1,29,15:00,76,02:45,47,1,,,0.0,false,14.8,240.74377368105723,false
1,29,15:00,77,03:00,48,1,,,0.0,false,14.8,241.20658499700437,false
1,29,15:00,78,03:15,49,1,,,0.0,false,14.8,241.6693963129515,false
1,29,15:00,79,03:30,50,1,,,0.0,false,14.8,242.13220762889864,false
1,29,15:00,80,03:45,51,1,,,0.0,false,14.8,242.59501894484578,false
1,29,15:00,81,04:00,52,1,,,0.0,false,14.8,243.05783026079294,false
1,29,15:00,82,04:15,53,1,,,0.0,false,14.8,243.52064157674008,false
1,29,15:00,83,04:30,54,1,,,0.0,false,14.8,243.9834528926872,false
1,29,15:00,84,04:45,55,1,,,0.0,false,14.8,244.44626420863435,false
1,29,15:00,85,05:00,56,1,,,0.0,false,14.8,244.90907552458148,false
1,29,15:00,86,05:15,57,1,,,0.0,false,14.8,245.37188684052862,false
1,29,15:00,87,05:30,58,1,,,0.0,false,14.8,245.83469815647575,false
1,29,15:00,88,05:45,59,1,,,0.0,false,14.8,246.2975094724229,false
1,29,15:00,89,06:00,60,1,,,0.0,false,14.8,246.76032078837002,false
1,29,15:00,90,06:15,61,1,,,0.0,false,14.8,247.22313210431716,false
1,29,15:00,91,06:30,62,1,,,0.0,false,14.8,247.6859434202643,false
1,29,15:00,92,06:45,63,1,,,0.0,false,14.8,248.14875473621143,false
1,29,15:00,93,07:00,64,1,,,0.0,false,14.8,248.61156605215857,false
1,29,15:00,94,07:15,65,1,,,0.0,false,14.8,249.0743773681057,false
1,29,15:00,95,07:30,66,1,,,0.0,false,14.8,249.53718868405284,false
1,29,15:00,96,07:45,67,1,,,0.0,false,14.8,250.0,false
1,30,15:15,30,15:15,0,1,,Digging,4.7925,false,6.078508102493083,243.6315569151928,true
1,30,15:15,31,15:30,1,1,,Loading/Swinging,3.1586,false,5.288858102493083,244.09436823113992,true
1,30,15:15,32,15:45,2,1,,Loading/Swinging,3.1586,false,4.499208102493083,244.55717954708706,false
1,30,15:15,33,16:00,3,1,,Traveling,4.7101,false,3.3216831024930826,244.55717954708706,false
1,30,15:15,34,16:15,4,1,,Charging,-1.7763568394002505e-15,true,5.221683102493083,242.45191638919232,false
1,30,15:15,35,16:30,5,1,,Digging,4.7925,false,4.023558102493083,242.45191638919232,false
1,30,15:15,36,16:45,6,1,,Loading/Swinging,3.1586,false,3.233908102493083,242.45191638919232,false
1,30,15:15,37,17:00,7,1,,Charging,0.0,true,5.133908102493082,240.34665323129758,false
1,30,15:15,38,17:15,8,1,,Charging,0.0,true,5.300000000000001,240.1626178877996,false
1,30,15:15,39,17:30,9,1,,Charging,0.0,true,7.200000000000001,238.05735472990486,false
1,30,15:15,40,17:45,10,1,,Charging,0.0,true,9.100000000000001,235.95209157201012,false
1,30,15:15,41,18:00,11,1,,Charging,0.0,true,11.0,233.84682841411538,false
1,30,15:15,42,18:15,12,1,,Charging,0.0,true,12.9,231.74156525622064,false
1,30,15:15,43,18:30,13,1,,Charging,0.0,true,14.8,229.6363020983259,false
1,30,15:15,44,18:45,14,1,,,0.0,false,14.8,229.6363020983259,false
1,30,15:15,45,19:00,15,1,,,0.0,false,14.8,229.6363020983259,false
1,30,15:15,46,19:15,16,1,,,0.0,false,14.8,229.6363020983259,false
1,30,15:15,47,19:30,17,1,,,0.0,false,14.8,229.6363020983259,false
1,30,15:15,48,19:45,18,1,,,0.0,false,14.8,229.6363020983259,false
1,30,15:15,49,20:00,19,1,,,0.0,false,14.8,229.6363020983259,false
1,30,15:15,50,20:15,20,1,,,0.0,false,14.8,229.6363020983259,false
1,30,15:15,51,20:30,21,1,,,0.0,false,14.8,229.6363020983259,false
1,30,15:15,52,20:45,22,1,,,0.0,false,14.8,229.6363020983259,false
1,30,15:15,53,21:00,23,1,,,0.0,false,14.8,230.09911341427303,false
1,30,15:15,54,21:15,24,1,,,0.0,false,14.8,230.56192473022017,false
1,30,15:15,55,21:30,25,1,,,0.0,false,14.8,231.0247360461673,false
1,30,15:15,56,21:45,26,1,,,0.0,false,14.8,231.48754736211444,false
1,30,15:15,57,22:00,27,1,,,0.0,false,14.8,231.95035867806158,false
1,30,15:15,58,22:15,28,1,,,0.0,false,14.8,232.4131699940087,false
1,30,15:15,59,22:30,29,1,,,0.0,false,14.8,232.87598130995585,false
1,30,15:15,60,22:45,30,1,,,0.0,false,14.8,233.33879262590298,false
1,30,15:15,61,23:00,31,1,,,0.0,false,14.8,233.80160394185012,false
1,30,15:15,62,23:15,32,1,,,0.0,false,14.8,234.26441525779725,false
1,30,15:15,63,23:30,33,1,,,0.0,false,14.8,234.7272265737444,false
1,30,15:15,64,23:45,34,1,,,0.0,false,14.8,235.19003788969158,false
1,30,15:15,65,00:00,35,1,,,0.0,false,14.8,235.65284920563872,false
1,30,15:15,66,00:15,36,1,,,0.0,false,14.8,236.11566052158588,false
1,30,15:15,67,00:30,37,1,,,0.0,false,14.8,236.57847183753302,false
1,30,15:15,68,00:45,38,1,,,0.0,false,14.8,237.04128315348015,false
1,30,15:15,69,01:00,39,1,,,0.0,false,14.8,237.5040944694273,false
1,30,15:15,70,01:15,40,1,,,0.0,false,14.8,237.96690578537442,false
1,30,15:15,71,01:30,41,1,,,0.0,false,14.8,238.42971710132156,false
1,30,15:15,72,01:45,42,1,,,0.0,false,14.8,238.8925284172687,false
1,30,15:15,73,02:00,43,1,,,0.0,false,14.8,239.35533973321583,false
1,30,15:15,74,02:15,44,1,,,0.0,false,14.8,239.81815104916296,false
1,30,15:15,75,02:30,45,1,,,0.0,false,14.8,240.2809623651101,false
1,30,15:15,76,02:45,46,1,,,0.0,false,14.8,240.74377368105723,false
1,30,15:15,77,03:00,47,1,,,0.0,false,14.8,241.20658499700437,false
1,30,15:15,78,03:15,48,1,,,0.0,false,14.8,241.6693963129515,false
1,30,15:15,79,03:30,49,1,,,0.0,false,14.8,242.13220762889864,false
1,30,15:15,80,03:45,50,1,,,0.0,false,14.8,242.59501894484578,false
1,30,15:15,81,04:00,51,1,,,0.0,false,14.8,243.0578302607929,false
1,30,15:15,82,04:15,52,1,,,0.0,false,14.8,243.52064157674005,false
1,30,15:15,83,04:30,53,1,,,0.0,false,14.8,243.98345289268718,false
1,30,15:15,84,04:45,54,1,,,0.0,false,14.8,244.44626420863432,false
1,30,15:15,85,05:00,55,1,,,0.0,false,14.8,244.90907552458145,false
1,30,15:15,86,05:15,56,1,,,0.0,false,14.8,245.37188684052862,false
1,30,15:15,87,05:30,57,1,,,0.0,false,14.8,245.83469815647575,false
1,30,15:15,88,05:45,58,1,,,0.0,false,14.8,246.2975094724229,false
1,30,15:15,89,06:00,59,1,,,0.0,false,14.8,246.76032078837002,false
1,30,15:15,90,06:15,60,1,,,0.0,false,14.8,247.22313210431716,false
1,30,15:15,91,06:30,61,1,,,0.0,false,14.8,247.6859434202643,false
1,30,15:15,92,06:45,62,1,,,0.0,false,14.8,248.14875473621143,false
1,30,15:15,93,07:00,63,1,,,0.0,false,14.8,248.61156605215857,false
1,30,15:15,94,07:15,64,1,,,0.0,false,14.8,249.0743773681057,false
1,30,15:15,95,07:30,65,1,,,0.0,false,14.8,249.53718868405284,false
1,30,15:15,96,07:45,66,1,,,0.0,false,14.8,250.0,false
1,31,15:30,31,15:30,0,1,,Loading/Swinging,3.1586,false,5.291983102493083,244.09436823113992,false
1,31,15:30,32,15:45,1,1,,Loading/Swinging,3.1586,false,4.502333102493083,244.55717954708706,false
1,31,15:30,33,16:00,2,1,,Traveling,4.710100000000001,false,3.3248081024930825,244.55717954708706,false
1,31,15:30,34,16:15,3,1,,Charging,0.0,true,5.224808102493082,242.45191638919232,false
1,31,15:30,35,16:30,4,1,,Loading/Swinging,3.1586,false,4.435158102493082,242.45191638919232,true
1,31,15:30,36,16:45,5,1,,Digging,4.7925,false,3.237033102493082,242.45191638919232,true
1,31,15:30,37,17:00,6,1,,Charging,0.0,true,5.137033102493082,240.34665323129758,false
1,31,15:30,38,17:15,7,1,,Charging,0.0,true,5.300000000000001,240.16608049167772,false
1,31,15:30,39,17:30,8,1,,Charging,0.0,true,7.199999999999999,238.06081733378298,false
1,31,15:30,40,17:45,9,1,,Charging,0.0,true,9.1,235.95555417588824,false
1,31,15:30,41,18:00,10,1,,Charging,0.0,true,11.0,233.85029101799353,false
1,31,15:30,42,18:15,11,1,,Charging,0.0,true,12.9,231.7450278600988,false
1,31,15:30,43,18:30,12,1,,,0.0,false,12.9,231.7450278600988,true
1,31,15:30,44,18:45,13,1,,,0.0,false,12.9,231.7450278600988,false
1,31,15:30,45,19:00,14,1,,Charging,0.0,true,14.8,229.63976470220405,true
1,31,15:30,46,19:15,15,1,,,0.0,false,14.8,229.63976470220405,false
1,31,15:30,47,19:30,16,1,,,0.0,false,14.8,229.63976470220405,false
1,31,15:30,48,19:45,17,1,,,0.0,false,14.8,229.63976470220405,false
1,31,15:30,49,20:00,18,1,,,0.0,false,14.8,229.63976470220405,false
1,31,15:30,50,20:15,19,1,,,0.0,false,14.8,229.63976470220405,false
1,31,15:30,51,20:30,20,1,,,0.0,false,14.8,229.63976470220405,false
1,31,15:30,52,20:45,21,1,,,0.0,false,14.8,229.63976470220405,false
1,31,15:30,53,21:00,22,1,,,0.0,false,14.8,230.10257601815118,false
1,31,15:30,54,21:15,23,1,,,0.0,false,14.8,230.56538733409832,false
1,31,15:30,55,21:30,24,1,,,0.0,false,14.8,231.02819865004545,false
1,31,15:30,56,21:45,25,1,,,0.0,false,14.8,231.4910099659926,false
1,31,15:30,57,22:00,26,1,,,0.0,false,14.8,231.95382128193972,false
1,31,15:30,58,22:15,27,1,,,0.0,false,14.8,232.41663259788686,false
1,31,15:30,59,22:30,28,1,,,0.0,false,14.8,232.879443913834,false
1,31,15:30,60,22:45,29,1,,,0.0,false,14.8,233.34225522978113,false
1,31,15:30,61,23:00,30,1,,,0.0,false,14.8,233.80506654572827,false
1,31,15:30,62,23:15,31,1,,,0.0,false,14.8,234.2678778616754,false
1,31,15:30,63,23:30,32,1,,,0.0,false,14.8,234.73068917762254,false
1,31,15:30,64,23:45,33,1,,,0.0,false,14.8,235.19003788969158,false
1,31,15:30,65,00:00,34,1,,,0.0,false,14.8,235.65284920563872,false
1,31,15:30,66,00:15,35,1,,,0.0,false,14.8,236.11566052158585,false
1,31,15:30,67,00:30,36,1,,,0.0,false,14.8,236.578471837533,false
1,31,15:30,68,00:45,37,1,,,0.0,false,14.8,237.04128315348012,false
1,31,15:30,69,01:00,38,1,,,0.0,false,14.8,237.50409446942726,false
1,31,15:30,70,01:15,39,1,,,0.0,false,14.8,237.9669057853744,false
1,31,15:30,71,01:30,40,1,,,0.0,false,14.8,238.42971710132153,false
1,31,15:30,72,01:45,41,1,,,0.0,false,14.8,238.89252841726866,false
1,31,15:30,73,02:00,42,1,,,0.0,false,14.8,239.3553397332158,false
1,31,15:30,74,02:15,43,1,,,0.0,false,14.8,239.81815104916294,false
1,31,15:30,75,02:30,44,1,,,0.0,false,14.8,240.28096236511007,false
1,31,15:30,76,02:45,45,1,,,0.0,false,14.8,240.7437736810572,false
1,31,15:30,77,03:00,46,1,,,0.0,false,14.8,241.20658499700434,false
1,31,15:30,78,03:15,47,1,,,0.0,false,14.8,241.66939631295148,false
1,31,15:30,79,03:30,48,1,,,0.0,false,14.8,242.1322076288986,false
1,31,15:30,80,03:45,49,1,,,0.0,false,14.8,242.59501894484575,false
1,31,15:30,81,04:00,50,1,,,0.0,false,14.8,243.05783026079288,false
1,31,15:30,82,04:15,51,1,,,0.0,false,14.8,243.52064157674002,false
1,31,15:30,83,04:30,52,1,,,0.0,false,14.8,243.98345289268715,false
1,31,15:30,84,04:45,53,1,,,0.0,false,14.8,244.4462642086343,false
1,31,15:30,85,05:00,54,1,,,0.0,false,14.8,244.90907552458143,false
1,31,15:30,86,05:15,55,1,,,0.0,false,14.8,245.37188684052856,false
1,31,15:30,87,05:30,56,1,,,0.0,false,14.8,245.83469815647575,false
1,31,15:30,88,05:45,57,1,,,0.0,false,14.8,246.2975094724229,false
1,31,15:30,89,06:00,58,1,,,0.0,false,14.8,246.76032078837002,false
1,31,15:30,90,06:15,59,1,,,0.0,false,14.8,247.22313210431716,false
1,31,15:30,91,06:30,60,1,,,0.0,false,14.8,247.6859434202643,false
1,31,15:30,92,06:45,61,1,,,0.0,false,14.8,248.14875473621143,false
1,31,15:30,93,07:00,62,1,,,0.0,false,14.8,248.61156605215857,false
1,31,15:30,94,07:15,63,1,,,0.0,false,14.8,249.0743773681057,false
1,31,15:30,95,07:30,64,1,,,0.0,false,14.8,249.53718868405284,false
1,31,15:30,96,07:45,65,1,,,0.0,false,14.8,250.0,false
1,32,15:45,32,15:45,0,1,,Loading/Swinging,3.1586,false,4.552083102493082,244.55717954708706,false
1,32,15:45,33,16:00,1,1,,Traveling,4.7101,false,3.374558102493082,244.55717954708706,false
1,32,15:45,34,16:15,2,1,,Charging,0.0,true,5.274558102493081,242.45191638919232,false
1,32,15:45,35,16:30,3,1,,Digging,4.7925,false,4.076433102493081,242.45191638919232,true
1,32,15:45,36,16:45,4,1,,Loading/Swinging,3.1586,false,3.2867831024930814,242.45191638919232,true
1,32,15:45,37,17:00,5,1,,Charging,0.0,true,5.186783102493081,240.34665323129758,false
1,32,15:45,38,17:15,6,1,,Charging,0.0,true,5.300000000000001,240.22120514541734,false
1,32,15:45,39,17:30,7,1,,Charging,0.0,true,7.200000000000001,238.1159419875226,false
1,32,15:45,40,17:45,8,1,,Charging,0.0,true,9.1,236.01067882962786,false
1,32,15:45,41,18:00,9,1,,Charging,0.0,true,11.0,233.90541567173312,false
1,32,15:45,42,18:15,10,1,,Charging,0.0,true,12.9,231.80015251383838,false
1,32,15:45,43,18:30,11,1,,Charging,0.0,true,14.8,229.69488935594364,true
1,32,15:45,44,18:45,12,1,,,0.0,false,14.8,229.69488935594364,false
1,32,15:45,45,19:00,13,1,,,0.0,false,14.8,229.69488935594364,true
1,32,15:45,46,19:15,14,1,,,0.0,false,14.8,229.69488935594364,false
1,32,15:45,47,19:30,15,1,,,0.0,false,14.8,229.69488935594364,false
1,32,15:45,48,19:45,16,1,,,0.0,false,14.8,229.69488935594364,false
1,32,15:45,49,20:00,17,1,,,0.0,false,14.8,229.69488935594364,false
1,32,15:45,50,20:15,18,1,,,0.0,false,14.8,229.69488935594364,false
1,32,15:45,51,20:30,19,1,,,0.0,false,14.8,229.69488935594364,false
1,32,15:45,52,20:45,20,1,,,0.0,false,14.8,229.69488935594364,false
1,32,15:45,53,21:00,21,1,,,0.0,false,14.8,230.15770067189078,false
1,32,15:45,54,21:15,22,1,,,0.0,false,14.8,230.62051198783794,false
1,32,15:45,55,21:30,23,1,,,0.0,false,14.8,231.08332330378508,false
1,32,15:45,56,21:45,24,1,,,0.0,false,14.8,231.54613461973221,false
1,32,15:45,57,22:00,25,1,,,0.0,false,14.8,232.00894593567935,false
1,32,15:45,58,22:15,26,1,,,0.0,false,14.8,232.47175725162649,false
1,32,15:45,59,22:30,27,1,,,0.0,false,14.8,232.93456856757362,false
1,32,15:45,60,22:45,28,1,,,0.0,false,14.8,233.39737988352076,false
1,32,15:45,61,23:00,29,1,,,0.0,false,14.8,233.8601911994679,false
1,32,15:45,62,23:15,30,1,,,0.0,false,14.8,234.32300251541503,false
1,32,15:45,63,23:30,31,1,,,0.0,false,14.8,234.78581383136216,false
1,32,15:45,64,23:45,32,1,,,0.0,false,14.8,235.19003788969158,false
1,32,15:45,65,00:00,33,1,,,0.0,false,14.8,235.65284920563872,false
1,32,15:45,66,00:15,34,1,,,0.0,false,14.8,236.11566052158585,false
1,32,15:45,67,00:30,35,1,,,0.0,false,14.8,236.578471837533,false
1,32,15:45,68,00:45,36,1,,,0.0,false,14.8,237.04128315348012,false
1,32,15:45,69,01:00,37,1,,,0.0,false,14.8,237.50409446942726,false
1,32,15:45,70,01:15,38,1,,,0.0,false,14.8,237.9669057853744,false
1,32,15:45,71,01:30,39,1,,,0.0,false,14.8,238.42971710132153,false
1,32,15:45,72,01:45,40,1,,,0.0,false,14.8,238.89252841726866,false
1,32,15:45,73,02:00,41,1,,,0.0,false,14.8,239.3553397332158,false
1,32,15:45,74,02:15,42,1,,,0.0,false,14.8,239.81815104916294,false
1,32,15:45,75,02:30,43,1,,,0.0,false,14.8,240.28096236511007,false
1,32,15:45,76,02:45,44,1,,,0.0,false,14.8,240.7437736810572,false
1,32,15:45,77,03:00,45,1,,,0.0,false,14.8,241.20658499700434,false
1,32,15:45,78,03:15,46,1,,,0.0,false,14.8,241.66939631295148,false
1,32,15:45,79,03:30,47,1,,,0.0,false,14.8,242.1322076288986,false
1,32,15:45,80,03:45,48,1,,,0.0,false,14.8,242.59501894484575,false
1,32,15:45,81,04:00,49,1,,,0.0,false,14.8,243.05783026079288,false
1,32,15:45,82,04:15,50,1,,,0.0,false,14.8,243.52064157674002,false
1,32,15:45,83,04:30,51,1,,,0.0,false,14.8,243.98345289268715,false
1,32,15:45,84,04:45,52,1,,,0.0,false,14.8,244.4462642086343,false
1,32,15:45,85,05:00,53,1,,,0.0,false,14.8,244.90907552458143,false
1,32,15:45,86,05:15,54,1,,,0.0,false,14.8,245.37188684052856,false
1,32,15:45,87,05:30,55,1,,,0.0,false,14.8,245.8346981564757,false
1,32,15:45,88,05:45,56,1,,,0.0,false,14.8,246.2975094724229,false
1,32,15:45,89,06:00,57,1,,,0.0,false,14.8,246.76032078837002,false
1,32,15:45,90,06:15,58,1,,,0.0,false,14.8,247.22313210431716,false
1,32,15:45,91,06:30,59,1,,,0.0,false,14.8,247.6859434202643,false
1,32,15:45,92,06:45,60,1,,,0.0,false,14.8,248.14875473621143,false
1,32,15:45,93,07:00,61,1,,,0.0,false,14.8,248.61156605215857,false
1,32,15:45,94,07:15,62,1,,,0.0,false,14.8,249.0743773681057,false
1,32,15:45,95,07:30,63,1,,,0.0,false,14.8,249.53718868405284,false
1,32,15:45,96,07:45,64,1,,,0.0,false,14.8,250.0,false
1,33,16:00,33,16:00,0,1,,Traveling,4.7101,false,3.414108102493082,244.55717954708706,false
1,33,16:00,34,16:15,1,1,,Charging,0.0,true,5.314108102493082,242.45191638919232,false
1,33,16:00,35,16:30,2,1,,Loading/Swinging,3.1586,false,4.524458102493082,242.45191638919232,true
1,33,16:00,36,16:45,3,1,,Digging,4.7925,false,3.326333102493082,242.45191638919232,true
1,33,16:00,37,17:00,4,1,,Charging,0.0,true,5.226333102493081,240.34665323129758,false
1,33,16:00,38,17:15,5,1,,Charging,0.0,true,7.126333102493081,238.24139007340284,false
1,33,16:00,39,17:30,6,1,,Charging,0.0,true,9.026333102493082,236.1361269155081,false
1,33,16:00,40,17:45,7,1,,Charging,0.0,true,10.926333102493082,234.03086375761336,false
1,33,16:00,41,18:00,8,1,,Charging,0.0,true,12.82633310249308,231.92560059971862,false
1,33,16:00,42,18:15,9,1,,Charging,0.0,true,14.726333102493092,229.82033744182388,false
1,33,16:00,43,18:30,10,1,,Charging,0.0,true,14.800000000000002,229.7387120706251,false
1,33,16:00,44,18:45,11,1,,,0.0,false,14.800000000000002,229.7387120706251,false
1,33,16:00,45,19:00,12,1,,,0.0,false,14.800000000000002,229.7387120706251,false
1,33,16:00,46,19:15,13,1,,,0.0,false,14.800000000000002,229.7387120706251,false
1,33,16:00,47,19:30,14,1,,,0.0,false,14.800000000000002,229.7387120706251,false
1,33,16:00,48,19:45,15,1,,,0.0,false,14.800000000000002,229.7387120706251,false
1,33,16:00,49,20:00,16,1,,,0.0,false,14.800000000000002,229.7387120706251,false
1,33,16:00,50,20:15,17,1,,,0.0,false,14.800000000000002,229.7387120706251,false
1,33,16:00,51,20:30,18,1,,,0.0,false,14.800000000000002,229.7387120706251,false
1,33,16:00,52,20:45,19,1,,,0.0,false,14.800000000000002,229.7387120706251,false
1,33,16:00,53,21:00,20,1,,,0.0,false,14.800000000000002,230.20152338657223,false
1,33,16:00,54,21:15,21,1,,,0.0,false,14.800000000000002,230.66433470251937,false
1,33,16:00,55,21:30,22,1,,,0.0,false,14.8,231.1271460184665,false
1,33,16:00,56,21:45,23,1,,,0.0,false,14.8,231.58995733441364,false
1,33,16:00,57,22:00,24,1,,,0.0,false,14.8,232.05276865036078,false
1,33,16:00,58,22:15,25,1,,,0.0,false,14.8,232.5155799663079,false
1,33,16:00,59,22:30,26,1,,,0.0,false,14.8,232.97839128225505,false
1,33,16:00,60,22:45,27,1,,,0.0,false,14.8,233.44120259820218,false
1,33,16:00,61,23:00,28,1,,,0.0,false,14.8,233.90401391414932,false
1,33,16:00,62,23:15,29,1,,,0.0,false,14.8,234.36682523009645,false
1,33,16:00,63,23:30,30,1,,,0.0,false,14.8,234.8296365460436,false
1,33,16:00,64,23:45,31,1,,,0.0,false,14.8,235.19003788969158,false
1,33,16:00,65,00:00,32,1,,,0.0,false,14.8,235.65284920563872,false
1,33,16:00,66,00:15,33,1,,,0.0,false,14.8,236.11566052158585,false
1,33,16:00,67,00:30,34,1,,,0.0,false,14.8,236.578471837533,false
1,33,16:00,68,00:45,35,1,,,0.0,false,14.8,237.04128315348012,false
1,33,16:00,69,01:00,36,1,,,0.0,false,14.8,237.5040944694273,false
1,33,16:00,70,01:15,37,1,,,0.0,false,14.8,237.96690578537442,false
1,33,16:00,71,01:30,38,1,,,0.0,false,14.8,238.42971710132156,false
1,33,16:00,72,01:45,39,1,,,0.0,false,14.8,238.8925284172687,false
1,33,16:00,73,02:00,40,1,,,0.0,false,14.8,239.35533973321583,false
1,33,16:00,74,02:15,41,1,,,0.0,false,14.8,239.81815104916296,false
1,33,16:00,75,02:30,42,1,,,0.0,false,14.8,240.2809623651101,false
1,33,16:00,76,02:45,43,1,,,0.0,false,14.8,240.74377368105723,false
1,33,16:00,77,03:00,44,1,,,0.0,false,14.8,241.20658499700437,false
1,33,16:00,78,03:15,45,1,,,0.0,false,14.8,241.6693963129515,false
1,33,16:00,79,03:30,46,1,,,0.0,false,14.8,242.13220762889864,false
1,33,16:00,80,03:45,47,1,,,0.0,false,14.8,242.5950189448458,false
1,33,16:00,81,04:00,48,1,,,0.0,false,14.8,243.05783026079294,false
1,33,16:00,82,04:15,49,1,,,0.0,false,14.8,243.52064157674008,false
1,33,16:00,83,04:30,50,1,,,0.0,false,14.8,243.9834528926872,false
1,33,16:00,84,04:45,51,1,,,0.0,false,14.8,244.44626420863435,false
1,33,16:00,85,05:00,52,1,,,0.0,false,14.8,244.90907552458148,false
1,33,16:00,86,05:15,53,1,,,0.0,false,14.8,245.37188684052862,false
1,33,16:00,87,05:30,54,1,,,0.0,false,14.8,245.83469815647575,false
1,33,16:00,88,05:45,55,1,,,0.0,false,14.8,246.2975094724229,false
1,33,16:00,89,06:00,56,1,,,0.0,false,14.8,246.76032078837002,false
1,33,16:00,90,06:15,57,1,,,0.0,false,14.8,247.22313210431716,false
1,33,16:00,91,06:30,58,1,,,0.0,false,14.8,247.6859434202643,false
1,33,16:00,92,06:45,59,1,,,0.0,false,14.8,248.14875473621143,false
1,33,16:00,93,07:00,60,1,,,0.0,false,14.8,248.61156605215857,false
1,33,16:00,94,07:15,61,1,,,0.0,false,14.8,249.0743773681057,false
1,33,16:00,95,07:30,62,1,,,0.0,false,14.8,249.53718868405284,false
1,33,16:00,96,07:45,63,1,,,0.0,false,14.8,250.0,false
1,34,16:15,34,16:15,0,1,,Charging,0.0,true,5.337383102493082,242.45191638919232,false
1,34,16:15,35,16:30,1,1,,Digging,4.7925,false,4.139258102493082,242.45191638919232,true
1,34,16:15,36,16:45,2,1,,Loading/Swinging,3.1586000000000016,false,3.349608102493082,242.45191638919232,true
1,34,16:15,37,17:00,3,1,,Charging,0.0,true,5.249608102493082,240.34665323129758,false
1,34,16:15,38,17:15,4,1,,Charging,0.0,true,7.149608102493081,238.24139007340284,false
1,34,16:15,39,17:30,5,1,,Charging,0.0,true,9.049608102493082,236.1361269155081,false
1,34,16:15,40,17:45,6,1,,Charging,0.0,true,10.94960810249308,234.03086375761336,false
1,34,16:15,41,18:00,7,1,,Charging,0.0,true,12.84960810249308,231.92560059971862,false
1,34,16:15,42,18:15,8,1,,Charging,0.0,true,14.749608102493081,229.82033744182388,false
1,34,16:15,43,18:30,9,1,,Charging,0.0,true,14.8,229.7645015443093,false
1,34,16:15,44,18:45,10,1,,,0.0,false,14.8,229.7645015443093,false
1,34,16:15,45,19:00,11,1,,,0.0,false,14.8,229.7645015443093,false
1,34,16:15,46,19:15,12,1,,,0.0,false,14.8,229.7645015443093,false
1,34,16:15,47,19:30,13,1,,,0.0,false,14.8,229.7645015443093,false
1,34,16:15,48,19:45,14,1,,,0.0,false,14.8,229.7645015443093,false
1,34,16:15,49,20:00,15,1,,,0.0,false,14.8,229.7645015443093,false
1,34,16:15,50,20:15,16,1,,,0.0,false,14.8,229.7645015443093,false
1,34,16:15,51,20:30,17,1,,,0.0,false,14.8,229.7645015443093,false
1,34,16:15,52,20:45,18,1,,,0.0,false,14.8,229.7645015443093,false
1,34,16:15,53,21:00,19,1,,,0.0,false,14.8,230.22731286025643,false
1,34,16:15,54,21:15,20,1,,,0.0,false,14.8,230.69012417620357,false
1,34,16:15,55,21:30,21,1,,,0.0,false,14.8,231.1529354921507,false
1,34,16:15,56,21:45,22,1,,,0.0,false,14.8,231.61574680809784,false
1,34,16:15,57,22:00,23,1,,,0.0,false,14.8,232.07855812404497,false
1,34,16:15,58,22:15,24,1,,,0.0,false,14.8,232.5413694399921,false
1,34,16:15,59,22:30,25,1,,,0.0,false,14.8,233.00418075593925,false
1,34,16:15,60,22:45,26,1,,,0.0,false,14.8,233.46699207188638,false
1,34,16:15,61,23:00,27,1,,,0.0,false,14.8,233.92980338783352,false
1,34,16:15,62,23:15,28,1,,,0.0,false,14.8,234.39261470378065,false
1,34,16:15,63,23:30,29,1,,,0.0,false,14.8,234.8554260197278,false
1,34,16:15,64,23:45,30,1,,,0.0,false,14.8,235.19003788969155,false
1,34,16:15,65,00:00,31,1,,,0.0,false,14.8,235.6528492056387,false
1,34,16:15,66,00:15,32,1,,,0.0,false,14.8,236.11566052158582,false
1,34,16:15,67,00:30,33,1,,,0.0,false,14.8,236.57847183753296,false
1,34,16:15,68,00:45,34,1,,,0.0,false,14.8,237.0412831534801,false
1,34,16:15,69,01:00,35,1,,,0.0,false,14.8,237.50409446942723,false
1,34,16:15,70,01:15,36,1,,,0.0,false,14.8,237.96690578537437,false
1,34,16:15,71,01:30,37,1,,,0.0,false,14.8,238.4297171013215,false
1,34,16:15,72,01:45,38,1,,,0.0,false,14.8,238.89252841726864,false
1,34,16:15,73,02:00,39,1,,,0.0,false,14.8,239.35533973321577,false
1,34,16:15,74,02:15,40,1,,,0.0,false,14.8,239.8181510491629,false
1,34,16:15,75,02:30,41,1,,,0.0,false,14.8,240.28096236511004,false
1,34,16:15,76,02:45,42,1,,,0.0,false,14.8,240.74377368105718,false
1,34,16:15,77,03:00,43,1,,,0.0,false,14.8,241.2065849970043,false
1,34,16:15,78,03:15,44,1,,,0.0,false,14.8,241.66939631295145,false
1,34,16:15,79,03:30,45,1,,,0.0,false,14.8,242.13220762889864,false
1,34,16:15,80,03:45,46,1,,,0.0,false,14.8,242.59501894484578,false
1,34,16:15,81,04:00,47,1,,,0.0,false,14.8,243.0578302607929,false
1,34,16:15,82,04:15,48,1,,,0.0,false,14.8,243.52064157674005,false
1,34,16:15,83,04:30,49,1,,,0.0,false,14.8,243.9834528926872,false
1,34,16:15,84,04:45,50,1,,,0.0,false,14.8,244.44626420863435,false
1,34,16:15,85,05:00,51,1,,,0.0,false,14.8,244.90907552458148,false
1,34,16:15,86,05:15,52,1,,,0.0,false,14.8,245.37188684052862,false
1,34,16:15,87,05:30,53,1,,,0.0,false,14.8,245.83469815647575,false
1,34,16:15,88,05:45,54,1,,,0.0,false,14.8,246.2975094724229,false
1,34,16:15,89,06:00,55,1,,,0.0,false,14.8,246.76032078837002,false
1,34,16:15,90,06:15,56,1,,,0.0,false,14.8,247.22313210431716,false
1,34,16:15,91,06:30,57,1,,,0.0,false,14.8,247.6859434202643,false
1,34,16:15,92,06:45,58,1,,,0.0,false,14.8,248.14875473621143,false
1,34,16:15,93,07:00,59,1,,,0.0,false,14.8,248.61156605215857,false
1,34,16:15,94,07:15,60,1,,,0.0,false,14.8,249.0743773681057,false
1,34,16:15,95,07:30,61,1,,,0.0,false,14.8,249.53718868405284,false
1,34,16:15,96,07:45,62,1,,,0.0,false,14.8,250.0,false
1,35,16:30,35,16:30,0,1,,Digging,4.7925,false,4.239258102493082,242.45191638919232,false
1,35,16:30,36,16:45,1,1,,Loading/Swinging,3.1586,false,3.449608102493082,242.45191638919232,false
1,35,16:30,37,17:00,2,1,,Charging,0.0,true,5.349608102493082,240.34665323129758,false
1,35,16:30,38,17:15,3,1,,Charging,0.0,true,7.249608102493082,238.24139007340284,false
1,35,16:30,39,17:30,4,1,,Charging,0.0,true,9.149608102493083,236.1361269155081,false
1,35,16:30,40,17:45,5,1,,Charging,0.0,true,11.049608102493083,234.03086375761336,false
1,35,16:30,41,18:00,6,1,,Charging,0.0,true,12.949608102493084,231.92560059971865,false
1,35,16:30,42,18:15,7,1,,Charging,0.0,true,14.8,229.87530486840905,false
1,35,16:30,43,18:30,8,1,,,0.0,false,14.8,229.87530486840905,true
1,35,16:30,44,18:45,9,1,,,0.0,false,14.8,229.87530486840905,false
1,35,16:30,45,19:00,10,1,,,0.0,false,14.8,229.87530486840905,false
1,35,16:30,46,19:15,11,1,,,0.0,false,14.8,229.87530486840905,false
1,35,16:30,47,19:30,12,1,,,0.0,false,14.8,229.87530486840905,false
1,35,16:30,48,19:45,13,1,,,0.0,false,14.8,229.87530486840905,false
1,35,16:30,49,20:00,14,1,,,0.0,false,14.8,229.87530486840905,false
1,35,16:30,50,20:15,15,1,,,0.0,false,14.8,229.87530486840905,false
1,35,16:30,51,20:30,16,1,,,0.0,false,14.8,229.87530486840905,false
1,35,16:30,52,20:45,17,1,,,0.0,false,14.8,229.87530486840905,false
1,35,16:30,53,21:00,18,1,,,0.0,false,14.8,230.33811618435618,false
1,35,16:30,54,21:15,19,1,,,0.0,false,14.8,230.80092750030332,false
1,35,16:30,55,21:30,20,1,,,0.0,false,14.8,231.26373881625045,false
1,35,16:30,56,21:45,21,1,,,0.0,false,14.8,231.7265501321976,false
1,35,16:30,57,22:00,22,1,,,0.0,false,14.8,232.18936144814472,false
1,35,16:30,58,22:15,23,1,,,0.0,false,14.8,232.65217276409186,false
1,35,16:30,59,22:30,24,1,,,0.0,false,14.8,233.114984080039,false
1,35,16:30,60,22:45,25,1,,,0.0,false,14.8,233.57779539598613,false
1,35,16:30,61,23:00,26,1,,,0.0,false,14.8,234.04060671193326,false
1,35,16:30,62,23:15,27,1,,,0.0,false,14.8,234.5034180278804,false
1,35,16:30,63,23:30,28,1,,,0.0,false,14.8,234.96622934382754,false
1,35,16:30,64,23:45,29,1,,,0.0,false,14.8,235.1900378896916,false
1,35,16:30,65,00:00,30,1,,,0.0,false,14.8,235.65284920563874,false
1,35,16:30,66,00:15,31,1,,,0.0,false,14.8,236.11566052158588,false
1,35,16:30,67,00:30,32,1,,,0.0,false,14.8,236.57847183753302,false
1,35,16:30,68,00:45,33,1,,,0.0,false,14.8,237.04128315348015,false
1,35,16:30,69,01:00,34,1,,,0.0,false,14.8,237.5040944694273,false
1,35,16:30,70,01:15,35,1,,,0.0,false,14.8,237.96690578537442,false
1,35,16:30,71,01:30,36,1,,,0.0,false,14.8,238.42971710132156,false
1,35,16:30,72,01:45,37,1,,,0.0,false,14.8,238.89252841726872,false
1,35,16:30,73,02:00,38,1,,,0.0,false,14.8,239.35533973321586,false
1,35,16:30,74,02:15,39,1,,,0.0,false,14.8,239.818151049163,false
1,35,16:30,75,02:30,40,1,,,0.0,false,14.8,240.28096236511013,false
1,35,16:30,76,02:45,41,1,,,0.0,false,14.8,240.74377368105726,false
1,35,16:30,77,03:00,42,1,,,0.0,false,14.8,241.2065849970044,false
1,35,16:30,78,03:15,43,1,,,0.0,false,14.8,241.66939631295153,false
1,35,16:30,79,03:30,44,1,,,0.0,false,14.8,242.13220762889867,false
1,35,16:30,80,03:45,45,1,,,0.0,false,14.8,242.5950189448458,false
1,35,16:30,81,04:00,46,1,,,0.0,false,14.8,243.05783026079294,false
1,35,16:30,82,04:15,47,1,,,0.0,false,14.8,243.52064157674008,false
1,35,16:30,83,04:30,48,1,,,0.0,false,14.8,243.9834528926872,false
1,35,16:30,84,04:45,49,1,,,0.0,false,14.8,244.44626420863435,false
1,35,16:30,85,05:00,50,1,,,0.0,false,14.8,244.90907552458148,false
1,35,16:30,86,05:15,51,1,,,0.0,false,14.8,245.37188684052862,false
1,35,16:30,87,05:30,52,1,,,0.0,false,14.8,245.83469815647575,false
1,35,16:30,88,05:45,53,1,,,0.0,false,14.8,246.2975094724229,false
1,35,16:30,89,06:00,54,1,,,0.0,false,14.8,246.76032078837002,false
1,35,16:30,90,06:15,55,1,,,0.0,false,14.8,247.22313210431716,false
1,35,16:30,91,06:30,56,1,,,0.0,false,14.8,247.6859434202643,false
1,35,16:30,92,06:45,57,1,,,0.0,false,14.8,248.14875473621143,false
1,35,16:30,93,07:00,58,1,,,0.0,false,14.8,248.61156605215857,false
1,35,16:30,94,07:15,59,1,,,0.0,false,14.8,249.0743773681057,false
1,35,16:30,95,07:30,60,1,,,0.0,false,14.8,249.53718868405284,false
1,35,16:30,96,07:45,61,1,,,0.0,false,14.8,250.0,false
1,36,16:45,36,16:45,0,1,,Loading/Swinging,3.1586,false,3.452733102493082,242.45191638919232,false
1,36,16:45,37,17:00,1,1,,Charging,0.0,true,5.299999999999999,240.40508326176084,false
1,36,16:45,38,17:15,2,1,,Charging,0.0,true,7.1999999999999975,238.2998201038661,false
1,36,16:45,39,17:30,3,1,,Charging,0.0,true,9.099999999999998,236.19455694597136,false
1,36,16:45,40,17:45,4,1,,Charging,0.0,true,10.999999999999998,234.08929378807662,false
1,36,16:45,41,18:00,5,1,,Charging,0.0,true,12.899999999999999,231.98403063018188,false
1,36,16:45,42,18:15,6,1,,Charging,0.0,true,14.8,229.87876747228714,false
1,36,16:45,43,18:30,7,1,,,0.0,false,14.8,229.87876747228714,false
1,36,16:45,44,18:45,8,1,,,0.0,false,14.8,229.87876747228714,false
1,36,16:45,45,19:00,9,1,,,0.0,false,14.8,229.87876747228714,false
1,36,16:45,46,19:15,10,1,,,0.0,false,14.8,229.87876747228714,false
1,36,16:45,47,19:30,11,1,,,0.0,false,14.8,229.87876747228714,false
1,36,16:45,48,19:45,12,1,,,0.0,false,14.8,229.87876747228714,false
1,36,16:45,49,20:00,13,1,,,0.0,false,14.8,229.87876747228714,false
1,36,16:45,50,20:15,14,1,,,0.0,false,14.8,229.87876747228714,false
1,36,16:45,51,20:30,15,1,,,0.0,false,14.8,229.87876747228714,false
1,36,16:45,52,20:45,16,1,,,0.0,false,14.8,229.87876747228714,false
1,36,16:45,53,21:00,17,1,,,0.0,false,14.8,230.34157878823427,false
1,36,16:45,54,21:15,18,1,,,0.0,false,14.8,230.8043901041814,false
1,36,16:45,55,21:30,19,1,,,0.0,false,14.8,231.26720142012854,false
1,36,16:45,56,21:45,20,1,,,0.0,false,14.8,231.73001273607568,false
1,36,16:45,57,22:00,21,1,,,0.0,false,14.8,232.19282405202281,false
1,36,16:45,58,22:15,22,1,,,0.0,false,14.8,232.65563536796995,false
1,36,16:45,59,22:30,23,1,,,0.0,false,14.8,233.11844668391709,false
1,36,16:45,60,22:45,24,1,,,0.0,false,14.8,233.58125799986422,false
1,36,16:45,61,23:00,25,1,,,0.0,false,14.8,234.04406931581136,false
1,36,16:45,62,23:15,26,1,,,0.0,false,14.8,234.5068806317585,false
1,36,16:45,63,23:30,27,1,,,0.0,false,14.8,234.96969194770563,false
1,36,16:45,64,23:45,28,1,,,0.0,false,14.8,235.1900378896916,false
1,36,16:45,65,00:00,29,1,,,0.0,false,14.8,235.65284920563874,false
1,36,16:45,66,00:15,30,1,,,0.0,false,14.8,236.11566052158588,false
1,36,16:45,67,00:30,31,1,,,0.0,false,14.8,236.57847183753302,false
1,36,16:45,68,00:45,32,1,,,0.0,false,14.8,237.04128315348015,false
1,36,16:45,69,01:00,33,1,,,0.0,false,14.8,237.5040944694273,false
1,36,16:45,70,01:15,34,1,,,0.0,false,14.8,237.96690578537442,false
1,36,16:45,71,01:30,35,1,,,0.0,false,14.8,238.42971710132156,false
1,36,16:45,72,01:45,36,1,,,0.0,false,14.8,238.8925284172687,false
1,36,16:45,73,02:00,37,1,,,0.0,false,14.8,239.35533973321583,false
1,36,16:45,74,02:15,38,1,,,0.0,false,14.8,239.81815104916296,false
1,36,16:45,75,02:30,39,1,,,0.0,false,14.8,240.2809623651101,false
1,36,16:45,76,02:45,40,1,,,0.0,false,14.8,240.74377368105723,false
1,36,16:45,77,03:00,41,1,,,0.0,false,14.8,241.20658499700437,false
1,36,16:45,78,03:15,42,1,,,0.0,false,14.8,241.6693963129515,false
1,36,16:45,79,03:30,43,1,,,0.0,false,14.8,242.13220762889864,false
1,36,16:45,80,03:45,44,1,,,0.0,false,14.8,242.59501894484578,false
1,36,16:45,81,04:00,45,1,,,0.0,false,14.8,243.0578302607929,false
1,36,16:45,82,04:15,46,1,,,0.0,false,14.8,243.52064157674005,false
1,36,16:45,83,04:30,47,1,,,0.0,false,14.8,243.98345289268718,false
1,36,16:45,84,04:45,48,1,,,0.0,false,14.8,244.44626420863432,false
1,36,16:45,85,05:00,49,1,,,0.0,false,14.8,244.90907552458145,false
1,36,16:45,86,05:15,50,1,,,0.0,false,14.8,245.3718868405286,false
1,36,16:45,87,05:30,51,1,,,0.0,false,14.8,245.83469815647572,false
1,36,16:45,88,05:45,52,1,,,0.0,false,14.8,246.2975094724229,false
1,36,16:45,89,06:00,53,1,,,0.0,false,14.8,246.76032078837002,false
1,36,16:45,90,06:15,54,1,,,0.0,false,14.8,247.22313210431716,false
1,36,16:45,91,06:30,55,1,,,0.0,false,14.8,247.6859434202643,false
1,36,16:45,92,06:45,56,1,,,0.0,false,14.8,248.14875473621143,false
1,36,16:45,93,07:00,57,1,,,0.0,false,14.8,248.61156605215857,false
1,36,16:45,94,07:15,58,1,,,0.0,false,14.8,249.0743773681057,false
1,36,16:45,95,07:30,59,1,,,0.0,false,14.8,249.53718868405284,false
1,36,16:45,96,07:45,60,1,,,0.0,false,14.8,250.0,false
1,37,17:00,37,17:00,0,1,,Charging,0.0,true,3.4,242.43325500691319,false
1,37,17:00,38,17:15,1,1,,Charging,0.0,true,5.3,240.32799184901845,false
1,37,17:00,39,17:30,2,1,,Charging,0.0,true,7.199999999999999,238.2227286911237,false
1,37,17:00,40,17:45,3,1,,Charging,0.0,true,9.1,236.11746553322897,false
1,37,17:00,41,18:00,4,1,,Charging,0.0,true,10.999999999999998,234.01220237533423,false
1,37,17:00,42,18:15,5,1,,Charging,0.0,true,12.899999999999999,231.9069392174395,false
1,37,17:00,43,18:30,6,1,,,0.0,false,12.9,231.9069392174395,false
1,37,17:00,44,18:45,7,1,,Charging,0.0,true,14.8,229.80167605954475,true
1,37,17:00,45,19:00,8,1,,,0.0,false,14.8,229.80167605954475,false
1,37,17:00,46,19:15,9,1,,,0.0,false,14.8,229.80167605954475,false
1,37,17:00,47,19:30,10,1,,,0.0,false,14.8,229.80167605954475,false
1,37,17:00,48,19:45,11,1,,,0.0,false,14.8,229.80167605954475,false
1,37,17:00,49,20:00,12,1,,,0.0,false,14.8,229.80167605954475,false
1,37,17:00,50,20:15,13,1,,,0.0,false,14.8,229.80167605954475,false
1,37,17:00,51,20:30,14,1,,,0.0,false,14.8,229.80167605954475,false
1,37,17:00,52,20:45,15,1,,,0.0,false,14.8,229.80167605954475,false
1,37,17:00,53,21:00,16,1,,,0.0,false,14.8,230.26448737549188,false
1,37,17:00,54,21:15,17,1,,,0.0,false,14.8,230.72729869143902,false
1,37,17:00,55,21:30,18,1,,,0.0,false,14.8,231.19011000738615,false
1,37,17:00,56,21:45,19,1,,,0.0,false,14.8,231.6529213233333,false
1,37,17:00,57,22:00,20,1,,,0.0,false,14.8,232.11573263928042,false
1,37,17:00,58,22:15,21,1,,,0.0,false,14.8,232.57854395522756,false
1,37,17:00,59,22:30,22,1,,,0.0,false,14.8,233.0413552711747,false
1,37,17:00,60,22:45,23,1,,,0.0,false,14.8,233.50416658712183,false
1,37,17:00,61,23:00,24,1,,,0.0,false,14.8,233.96697790306897,false
1,37,17:00,62,23:15,25,1,,,0.0,false,14.8,234.4297892190161,false
1,37,17:00,63,23:30,26,1,,,0.0,false,14.8,234.89260053496324,false
1,37,17:00,64,23:45,27,1,,,0.0,false,14.8,235.19003788969164,false
1,37,17:00,65,00:00,28,1,,,0.0,false,14.8,235.65284920563877,false
1,37,17:00,66,00:15,29,1,,,0.0,false,14.8,236.1156605215859,false
1,37,17:00,67,00:30,30,1,,,0.0,false,14.8,236.57847183753304,false
1,37,17:00,68,00:45,31,1,,,0.0,false,14.8,237.04128315348018,false
1,37,17:00,69,01:00,32,1,,,0.0,false,14.8,237.50409446942732,false
1,37,17:00,70,01:15,33,1,,,0.0,false,14.8,237.96690578537445,false
1,37,17:00,71,01:30,34,1,,,0.0,false,14.8,238.4297171013216,false
1,37,17:00,72,01:45,35,1,,,0.0,false,14.8,238.89252841726872,false
1,37,17:00,73,02:00,36,1,,,0.0,false,14.8,239.35533973321586,false
1,37,17:00,74,02:15,37,1,,,0.0,false,14.8,239.818151049163,false
1,37,17:00,75,02:30,38,1,,,0.0,false,14.8,240.28096236511013,false
1,37,17:00,76,02:45,39,1,,,0.0,false,14.8,240.74377368105726,false
1,37,17:00,77,03:00,40,1,,,0.0,false,14.8,241.2065849970044,false
1,37,17:00,78,03:15,41,1,,,0.0,false,14.8,241.66939631295153,false
1,37,17:00,79,03:30,42,1,,,0.0,false,14.8,242.13220762889867,false
1,37,17:00,80,03:45,43,1,,,0.0,false,14.8,242.5950189448458,false
1,37,17:00,81,04:00,44,1,,,0.0,false,14.8,243.05783026079294,false
1,37,17:00,82,04:15,45,1,,,0.0,false,14.8,243.52064157674008,false
1,37,17:00,83,04:30,46,1,,,0.0,false,14.8,243.9834528926872,false
1,37,17:00,84,04:45,47,1,,,0.0,false,14.8,244.44626420863435,false
1,37,17:00,85,05:00,48,1,,,0.0,false,14.8,244.90907552458148,false
1,37,17:00,86,05:15,49,1,,,0.0,false,14.8,245.37188684052862,false
1,37,17:00,87,05:30,50,1,,,0.0,false,14.8,245.83469815647575,false
1,37,17:00,88,05:45,51,1,,,0.0,false,14.8,246.2975094724229,false
1,37,17:00,89,06:00,52,1,,,0.0,false,14.8,246.76032078837002,false
1,37,17:00,90,06:15,53,1,,,0.0,false,14.8,247.22313210431716,false
1,37,17:00,91,06:30,54,1,,,0.0,false,14.8,247.6859434202643,false
1,37,17:00,92,06:45,55,1,,,0.0,false,14.8,248.14875473621143,false
1,37,17:00,93,07:00,56,1,,,0.0,false,14.8,248.61156605215857,false
1,37,17:00,94,07:15,57,1,,,0.0,false,14.8,249.0743773681057,false
1,37,17:00,95,07:30,58,1,,,0.0,false,14.8,249.53718868405284,false
1,37,17:00,96,07:45,59,1,,,0.0,false,14.8,250.0,false
1,38,17:15,38,17:15,0,1,,Charging,0.0,true,5.300000000000001,240.32897402703313,false
1,38,17:15,39,17:30,1,1,,Charging,0.0,true,7.199999999999999,238.22371086913842,false
1,38,17:15,40,17:45,2,1,,Charging,0.0,true,9.099999999999998,236.11844771124368,false
1,38,17:15,41,18:00,3,1,,Charging,0.0,true,10.999999999999998,234.01318455334894,false
1,38,17:15,42,18:15,4,1,,Charging,0.0,true,12.899999999999997,231.9079213954542,false
1,38,17:15,43,18:30,5,1,,Charging,0.0,true,14.799999999999997,229.80265823755946,true
1,38,17:15,44,18:45,6,1,,,0.0,false,14.8,229.80265823755946,true
1,38,17:15,45,19:00,7,1,,,0.0,false,14.8,229.80265823755946,false
1,38,17:15,46,19:15,8,1,,,0.0,false,14.8,229.80265823755946,false
1,38,17:15,47,19:30,9,1,,,0.0,false,14.8,229.80265823755946,false
1,38,17:15,48,19:45,10,1,,,0.0,false,14.8,229.80265823755946,false
1,38,17:15,49,20:00,11,1,,,0.0,false,14.8,229.80265823755946,false
1,38,17:15,50,20:15,12,1,,,0.0,false,14.8,229.80265823755946,false
1,38,17:15,51,20:30,13,1,,,0.0,false,14.8,229.80265823755946,false
1,38,17:15,52,20:45,14,1,,,0.0,false,14.8,229.80265823755946,false
1,38,17:15,53,21:00,15,1,,,0.0,false,14.8,230.2654695535066,false
1,38,17:15,54,21:15,16,1,,,0.0,false,14.8,230.72828086945373,false
1,38,17:15,55,21:30,17,1,,,0.0,false,14.8,231.19109218540086,false
1,38,17:15,56,21:45,18,1,,,0.0,false,14.8,231.653903501348,false
1,38,17:15,57,22:00,19,1,,,0.0,false,14.8,232.11671481729513,false
1,38,17:15,58,22:15,20,1,,,0.0,false,14.8,232.57952613324227,false
1,38,17:15,59,22:30,21,1,,,0.0,false,14.8,233.0423374491894,false
1,38,17:15,60,22:45,22,1,,,0.0,false,14.8,233.50514876513654,false
1,38,17:15,61,23:00,23,1,,,0.0,false,14.8,233.96796008108367,false
1,38,17:15,62,23:15,24,1,,,0.0,false,14.8,234.4307713970308,false
1,38,17:15,63,23:30,25,1,,,0.0,false,14.8,234.89358271297795,false
1,38,17:15,64,23:45,26,1,,,0.0,false,14.8,235.19003788969164,false
1,38,17:15,65,00:00,27,1,,,0.0,false,14.8,235.65284920563877,false
1,38,17:15,66,00:15,28,1,,,0.0,false,14.8,236.1156605215859,false
1,38,17:15,67,00:30,29,1,,,0.0,false,14.8,236.57847183753304,false
1,38,17:15,68,00:45,30,1,,,0.0,false,14.8,237.04128315348018,false
1,38,17:15,69,01:00,31,1,,,0.0,false,14.8,237.50409446942732,false
1,38,17:15,70,01:15,32,1,,,0.0,false,14.8,237.96690578537445,false
1,38,17:15,71,01:30,33,1,,,0.0,false,14.8,238.4297171013216,false
1,38,17:15,72,01:45,34,1,,,0.0,false,14.8,238.89252841726872,false
1,38,17:15,73,02:00,35,1,,,0.0,false,14.8,239.35533973321586,false
1,38,17:15,74,02:15,36,1,,,0.0,false,14.8,239.818151049163,false
1,38,17:15,75,02:30,37,1,,,0.0,false,14.8,240.28096236511013,false
1,38,17:15,76,02:45,38,1,,,0.0,false,14.8,240.74377368105726,false
1,38,17:15,77,03:00,39,1,,,0.0,false,14.8,241.2065849970044,false
1,38,17:15,78,03:15,40,1,,,0.0,false,14.8,241.66939631295153,false
1,38,17:15,79,03:30,41,1,,,0.0,false,14.8,242.13220762889867,false
1,38,17:15,80,03:45,42,1,,,0.0,false,14.8,242.5950189448458,false
1,38,17:15,81,04:00,43,1,,,0.0,false,14.8,243.05783026079294,false
1,38,17:15,82,04:15,44,1,,,0.0,false,14.8,243.52064157674008,false
1,38,17:15,83,04:30,45,1,,,0.0,false,14.8,243.9834528926872,false
1,38,17:15,84,04:45,46,1,,,0.0,false,14.8,244.44626420863435,false
1,38,17:15,85,05:00,47,1,,,0.0,false,14.8,244.90907552458148,false
1,38,17:15,86,05:15,48,1,,,0.0,false,14.8,245.37188684052862,false
1,38,17:15,87,05:30,49,1,,,0.0,false,14.8,245.83469815647575,false
1,38,17:15,88,05:45,50,1,,,0.0,false,14.8,246.2975094724229,false
1,38,17:15,89,06:00,51,1,,,0.0,false,14.8,246.76032078837002,false
1,38,17:15,90,06:15,52,1,,,0.0,false,14.8,247.22313210431716,false
1,38,17:15,91,06:30,53,1,,,0.0,false,14.8,247.6859434202643,false
1,38,17:15,92,06:45,54,1,,,0.0,false,14.8,248.14875473621143,false
1,38,17:15,93,07:00,55,1,,,0.0,false,14.8,248.61156605215857,false
1,38,17:15,94,07:15,56,1,,,0.0,false,14.8,249.0743773681057,false
1,38,17:15,95,07:30,57,1,,,0.0,false,14.8,249.53718868405284,false
1,38,17:15,96,07:45,58,1,,,0.0,false,14.8,250.0,false
1,39,17:30,39,17:30,0,1,,Charging,0.0,true,7.200000000000001,238.3344624996584,false
1,39,17:30,40,17:45,1,1,,Charging,0.0,true,9.100000000000001,236.22919934176366,false
1,39,17:30,41,18:00,2,1,,Charging,0.0,true,11.000000000000002,234.12393618386892,false
1,39,17:30,42,18:15,3,1,,Charging,0.0,true,12.900000000000002,232.01867302597418,false
1,39,17:30,43,18:30,4,1,,Charging,0.0,true,14.800000000000002,229.91340986807944,false
1,39,17:30,44,18:45,5,1,,,0.0,false,14.800000000000002,229.91340986807944,false
1,39,17:30,45,19:00,6,1,,,0.0,false,14.8,229.91340986807944,false
1,39,17:30,46,19:15,7,1,,,0.0,false,14.8,229.91340986807944,false
1,39,17:30,47,19:30,8,1,,,0.0,false,14.8,229.91340986807944,false
1,39,17:30,48,19:45,9,1,,,0.0,false,14.8,229.91340986807944,false
1,39,17:30,49,20:00,10,1,,,0.0,false,14.8,229.91340986807944,false
1,39,17:30,50,20:15,11,1,,,0.0,false,14.8,229.91340986807944,false
1,39,17:30,51,20:30,12,1,,,0.0,false,14.8,229.91340986807944,false
1,39,17:30,52,20:45,13,1,,,0.0,false,14.8,229.91340986807944,false
1,39,17:30,53,21:00,14,1,,,0.0,false,14.8,230.37622118402658,false
1,39,17:30,54,21:15,15,1,,,0.0,false,14.8,230.8390324999737,false
1,39,17:30,55,21:30,16,1,,,0.0,false,14.8,231.30184381592085,false
1,39,17:30,56,21:45,17,1,,,0.0,false,14.8,231.76465513186798,false
1,39,17:30,57,22:00,18,1,,,0.0,false,14.8,232.22746644781512,false
1,39,17:30,58,22:15,19,1,,,0.0,false,14.8,232.69027776376225,false
1,39,17:30,59,22:30,20,1,,,0.0,false,14.8,233.1530890797094,false
1,39,17:30,60,22:45,21,1,,,0.0,false,14.8,233.61590039565652,false
1,39,17:30,61,23:00,22,1,,,0.0,false,14.8,234.07871171160366,false
1,39,17:30,62,23:15,23,1,,,0.0,false,14.8,234.5415230275508,false
1,39,17:30,63,23:30,24,1,,,0.0,false,14.8,235.00433434349793,false
1,39,17:30,64,23:45,25,1,,,0.0,false,14.8,235.19003788969164,false
1,39,17:30,65,00:00,26,1,,,0.0,false,14.8,235.65284920563877,false
1,39,17:30,66,00:15,27,1,,,0.0,false,14.8,236.1156605215859,false
1,39,17:30,67,00:30,28,1,,,0.0,false,14.8,236.57847183753304,false
1,39,17:30,68,00:45,29,1,,,0.0,false,14.8,237.04128315348018,false
1,39,17:30,69,01:00,30,1,,,0.0,false,14.8,237.50409446942732,false
1,39,17:30,70,01:15,31,1,,,0.0,false,14.8,237.96690578537445,false
1,39,17:30,71,01:30,32,1,,,0.0,false,14.8,238.4297171013216,false
1,39,17:30,72,01:45,33,1,,,0.0,false,14.8,238.89252841726872,false
1,39,17:30,73,02:00,34,1,,,0.0,false,14.8,239.35533973321586,false
1,39,17:30,74,02:15,35,1,,,0.0,false,14.8,239.818151049163,false
1,39,17:30,75,02:30,36,1,,,0.0,false,14.8,240.28096236511013,false
1,39,17:30,76,02:45,37,1,,,0.0,false,14.8,240.74377368105726,false
1,39,17:30,77,03:00,38,1,,,0.0,false,14.8,241.2065849970044,false
1,39,17:30,78,03:15,39,1,,,0.0,false,14.8,241.66939631295153,false
1,39,17:30,79,03:30,40,1,,,0.0,false,14.8,242.13220762889867,false
1,39,17:30,80,03:45,41,1,,,0.0,false,14.8,242.5950189448458,false
1,39,17:30,81,04:00,42,1,,,0.0,false,14.8,243.05783026079294,false
1,39,17:30,82,04:15,43,1,,,0.0,false,14.8,243.52064157674008,false
1,39,17:30,83,04:30,44,1,,,0.0,false,14.8,243.9834528926872,false
1,39,17:30,84,04:45,45,1,,,0.0,false,14.8,244.44626420863435,false
1,39,17:30,85,05:00,46,1,,,0.0,false,14.8,244.90907552458148,false
1,39,17:30,86,05:15,47,1,,,0.0,false,14.8,245.37188684052862,false
1,39,17:30,87,05:30,48,1,,,0.0,false,14.8,245.83469815647575,false
1,39,17:30,88,05:45,49,1,,,0.0,false,14.8,246.2975094724229,false
1,39,17:30,89,06:00,50,1,,,0.0,false,14.8,246.76032078837002,false
1,39,17:30,90,06:15,51,1,,,0.0,false,14.8,247.22313210431716,false
1,39,17:30,91,06:30,52,1,,,0.0,false,14.8,247.6859434202643,false
1,39,17:30,92,06:45,53,1,,,0.0,false,14.8,248.14875473621143,false
1,39,17:30,93,07:00,54,1,,,0.0,false,14.8,248.61156605215857,false
1,39,17:30,94,07:15,55,1,,,0.0,false,14.8,249.0743773681057,false
1,39,17:30,95,07:30,56,1,,,0.0,false,14.8,249.53718868405284,false
1,39,17:30,96,07:45,57,1,,,0.0,false,14.8,250.0,false
1,40,17:45,40,17:45,0,1,,Charging,0.0,true,9.194739297550301,236.22919934176366,false
1,40,17:45,41,18:00,1,1,,Charging,0.0,true,11.094739297550301,234.12393618386892,false
1,40,17:45,42,18:15,2,1,,Charging,0.0,true,12.9947392975503,232.01867302597418,false
1,40,17:45,43,18:30,3,1,,Charging,0.0,true,14.799999999999917,230.018384158994,false
1,40,17:45,44,18:45,4,1,,,0.0,false,14.799999999999917,230.018384158994,false
1,40,17:45,45,19:00,5,1,,,0.0,false,14.799999999999917,230.018384158994,false
1,40,17:45,46,19:15,6,1,,,0.0,false,14.799999999999953,230.018384158994,false
1,40,17:45,47,19:30,7,1,,,0.0,false,14.799999999999953,230.018384158994,false
1,40,17:45,48,19:45,8,1,,,0.0,false,14.799999999999953,230.018384158994,false
1,40,17:45,49,20:00,9,1,,,0.0,false,14.799999999999953,230.018384158994,false
1,40,17:45,50,20:15,10,1,,,0.0,false,14.799999999999953,230.018384158994,false
1,40,17:45,51,20:30,11,1,,,0.0,false,14.799999999999953,230.018384158994,false
1,40,17:45,52,20:45,12,1,,,0.0,false,14.799999999999953,230.018384158994,false
1,40,17:45,53,21:00,13,1,,,0.0,false,14.799999999999953,230.48119547494113,false
1,40,17:45,54,21:15,14,1,,,0.0,false,14.799999999999953,230.94400679088827,false
1,40,17:45,55,21:30,15,1,,,0.0,false,14.799999999999953,231.4068181068354,false
1,40,17:45,56,21:45,16,1,,,0.0,false,14.799999999999953,231.86962942278254,false
1,40,17:45,57,22:00,17,1,,,0.0,false,14.799999999999953,232.33244073872967,false
1,40,17:45,58,22:15,18,1,,,0.0,false,14.799999999999953,232.7952520546768,false
1,40,17:45,59,22:30,19,1,,,0.0,false,14.799999999999953,233.25806337062394,false
1,40,17:45,60,22:45,20,1,,,0.0,false,14.799999999999953,233.72087468657108,false
1,40,17:45,61,23:00,21,1,,,0.0,false,14.799999999999953,234.18368600251821,false
1,40,17:45,62,23:15,22,1,,,0.0,false,14.799999999999953,234.64649731846535,false
1,40,17:45,63,23:30,23,1,,,0.0,false,14.799999999999953,235.10930863441249,false
1,40,17:45,64,23:45,24,1,,,0.0,false,14.799999999999953,235.19003788969164,false
1,40,17:45,65,00:00,25,1,,,0.0,false,14.799999999999953,235.65284920563877,false
1,40,17:45,66,00:15,26,1,,,0.0,false,14.799999999999953,236.1156605215859,false
1,40,17:45,67,00:30,27,1,,,0.0,false,14.799999999999953,236.57847183753304,false
1,40,17:45,68,00:45,28,1,,,0.0,false,14.799999999999953,237.04128315348018,false
1,40,17:45,69,01:00,29,1,,,0.0,false,14.799999999999953,237.50409446942732,false
1,40,17:45,70,01:15,30,1,,,0.0,false,14.799999999999953,237.96690578537445,false
1,40,17:45,71,01:30,31,1,,,0.0,false,14.799999999999953,238.4297171013216,false
1,40,17:45,72,01:45,32,1,,,0.0,false,14.799999999999953,238.89252841726872,false
1,40,17:45,73,02:00,33,1,,,0.0,false,14.799999999999953,239.35533973321586,false
1,40,17:45,74,02:15,34,1,,,0.0,false,14.799999999999953,239.818151049163,false
1,40,17:45,75,02:30,35,1,,,0.0,false,14.799999999999953,240.28096236511013,false
1,40,17:45,76,02:45,36,1,,,0.0,false,14.799999999999953,240.74377368105726,false
1,40,17:45,77,03:00,37,1,,,0.0,false,14.799999999999953,241.2065849970044,false
1,40,17:45,78,03:15,38,1,,,0.0,false,14.799999999999953,241.66939631295153,false
1,40,17:45,79,03:30,39,1,,,0.0,false,14.799999999999953,242.13220762889867,false
1,40,17:45,80,03:45,40,1,,,0.0,false,14.799999999999953,242.5950189448458,false
1,40,17:45,81,04:00,41,1,,,0.0,false,14.799999999999953,243.05783026079294,false
1,40,17:45,82,04:15,42,1,,,0.0,false,14.799999999999953,243.52064157674008,false
1,40,17:45,83,04:30,43,1,,,0.0,false,14.799999999999953,243.9834528926872,false
1,40,17:45,84,04:45,44,1,,,0.0,false,14.799999999999953,244.44626420863435,false
1,40,17:45,85,05:00,45,1,,,0.0,false,14.799999999999953,244.90907552458148,false
1,40,17:45,86,05:15,46,1,,,0.0,false,14.799999999999953,245.37188684052862,false
1,40,17:45,87,05:30,47,1,,,0.0,false,14.799999999999953,245.83469815647575,false
1,40,17:45,88,05:45,48,1,,,0.0,false,14.799999999999953,246.2975094724229,false
1,40,17:45,89,06:00,49,1,,,0.0,false,14.799999999999953,246.76032078837002,false
1,40,17:45,90,06:15,50,1,,,0.0,false,14.799999999999953,247.22313210431716,false
1,40,17:45,91,06:30,51,1,,,0.0,false,14.799999999999953,247.6859434202643,false
1,40,17:45,92,06:45,52,1,,,0.0,false,14.799999999999953,248.14875473621143,false
1,40,17:45,93,07:00,53,1,,,0.0,false,14.799999999999953,248.61156605215857,false
1,40,17:45,94,07:15,54,1,,,0.0,false,14.799999999999953,249.0743773681057,false
1,40,17:45,95,07:30,55,1,,,0.0,false,14.799999999999953,249.5371886840529,false
1,40,17:45,96,07:45,56,1,,,0.0,false,14.8,250.0,false
1,41,18:00,41,18:00,0,1,,Charging,0.0,true,11.194739297550301,234.12393618386892,false
1,41,18:00,42,18:15,1,1,,Charging,0.0,true,13.0947392975503,232.01867302597418,false
1,41,18:00,43,18:30,2,1,,Charging,0.0,true,14.800000000000015,230.1291874830936,false
1,41,18:00,44,18:45,3,1,,,0.0,false,14.8,230.12918748309363,false
1,41,18:00,45,19:00,4,1,,,0.0,false,14.8,230.12918748309363,false
1,41,18:00,46,19:15,5,1,,,0.0,false,14.8,230.12918748309363,false
1,41,18:00,47,19:30,6,1,,,0.0,false,14.8,230.12918748309363,false
1,41,18:00,48,19:45,7,1,,,0.0,false,14.8,230.12918748309363,false
1,41,18:00,49,20:00,8,1,,,0.0,false,14.8,230.12918748309363,false
1,41,18:00,50,20:15,9,1,,,0.0,false,14.8,230.12918748309363,false
1,41,18:00,51,20:30,10,1,,,0.0,false,14.8,230.12918748309363,false
1,41,18:00,52,20:45,11,1,,,0.0,false,14.8,230.12918748309363,false
1,41,18:00,53,21:00,12,1,,,0.0,false,14.8,230.59199879904077,false
1,41,18:00,54,21:15,13,1,,,0.0,false,14.8,231.0548101149879,false
1,41,18:00,55,21:30,14,1,,,0.0,false,14.8,231.51762143093507,false
1,41,18:00,56,21:45,15,1,,,0.0,false,14.8,231.9804327468822,false
1,41,18:00,57,22:00,16,1,,,0.0,false,14.8,232.44324406282934,false
1,41,18:00,58,22:15,17,1,,,0.0,false,14.8,232.90605537877647,false
1,41,18:00,59,22:30,18,1,,,0.0,false,14.8,233.3688666947236,false
1,41,18:00,60,22:45,19,1,,,0.0,false,14.8,233.83167801067074,false
1,41,18:00,61,23:00,20,1,,,0.0,false,14.8,234.26441525779728,false
1,41,18:00,62,23:15,21,1,,,0.0,false,14.8,234.72722657374442,false
1,41,18:00,63,23:30,22,1,,,0.0,false,14.8,235.19003788969155,false
1,41,18:00,64,23:45,23,1,,,0.0,false,14.8,235.19003788969155,false
1,41,18:00,65,00:00,24,1,,,0.0,false,14.8,235.6528492056387,false
1,41,18:00,66,00:15,25,1,,,0.0,false,14.8,236.11566052158582,false
1,41,18:00,67,00:30,26,1,,,0.0,false,14.8,236.57847183753296,false
1,41,18:00,68,00:45,27,1,,,0.0,false,14.8,237.0412831534801,false
1,41,18:00,69,01:00,28,1,,,0.0,false,14.8,237.50409446942723,false
1,41,18:00,70,01:15,29,1,,,0.0,false,14.8,237.96690578537437,false
1,41,18:00,71,01:30,30,1,,,0.0,false,14.8,238.4297171013215,false
1,41,18:00,72,01:45,31,1,,,0.0,false,14.8,238.89252841726864,false
1,41,18:00,73,02:00,32,1,,,0.0,false,14.8,239.35533973321577,false
1,41,18:00,74,02:15,33,1,,,0.0,false,14.8,239.8181510491629,false
1,41,18:00,75,02:30,34,1,,,0.0,false,14.8,240.28096236511004,false
1,41,18:00,76,02:45,35,1,,,0.0,false,14.8,240.74377368105718,false
1,41,18:00,77,03:00,36,1,,,0.0,false,14.8,241.2065849970043,false
1,41,18:00,78,03:15,37,1,,,0.0,false,14.8,241.66939631295145,false
1,41,18:00,79,03:30,38,1,,,0.0,false,14.8,242.13220762889858,false
1,41,18:00,80,03:45,39,1,,,0.0,false,14.8,242.59501894484572,false
1,41,18:00,81,04:00,40,1,,,0.0,false,14.8,243.05783026079285,false
1,41,18:00,82,04:15,41,1,,,0.0,false,14.8,243.52064157674,false
1,41,18:00,83,04:30,42,1,,,0.0,false,14.8,243.98345289268713,false
1,41,18:00,84,04:45,43,1,,,0.0,false,14.8,244.44626420863426,false
1,41,18:00,85,05:00,44,1,,,0.0,false,14.8,244.9090755245814,false
1,41,18:00,86,05:15,45,1,,,0.0,false,14.8,245.37188684052853,false
1,41,18:00,87,05:30,46,1,,,0.0,false,14.8,245.83469815647567,false
1,41,18:00,88,05:45,47,1,,,0.0,false,14.8,246.2975094724228,false
1,41,18:00,89,06:00,48,1,,,0.0,false,14.8,246.76032078836994,false
1,41,18:00,90,06:15,49,1,,,0.0,false,14.8,247.22313210431707,false
1,41,18:00,91,06:30,50,1,,,0.0,false,14.8,247.6859434202642,false
1,41,18:00,92,06:45,51,1,,,0.0,false,14.8,248.14875473621134,false
1,41,18:00,93,07:00,52,1,,,0.0,false,14.8,248.61156605215848,false
1,41,18:00,94,07:15,53,1,,,0.0,false,14.8,249.07437736810562,false
1,41,18:00,95,07:30,54,1,,,0.0,false,14.8,249.53718868405275,false
1,41,18:00,96,07:45,55,1,,,0.0,false,14.8,250.0,false
1,42,18:15,42,18:15,0,1,,Charging,0.0,true,12.9,232.3452539650881,false
1,42,18:15,43,18:30,1,1,,Charging,0.0,true,14.8,230.23999080719335,false
1,42,18:15,44,18:45,2,1,,,0.0,false,14.8,230.23999080719335,false
1,42,18:15,45,19:00,3,1,,,0.0,false,14.8,230.23999080719335,false
1,42,18:15,46,19:15,4,1,,,0.0,false,14.8,230.23999080719335,false
1,42,18:15,47,19:30,5,1,,,0.0,false,14.8,230.23999080719335,false
1,42,18:15,48,19:45,6,1,,,0.0,false,14.8,230.23999080719335,false
1,42,18:15,49,20:00,7,1,,,0.0,false,14.8,230.23999080719335,false
1,42,18:15,50,20:15,8,1,,,0.0,false,14.8,230.23999080719335,false
1,42,18:15,51,20:30,9,1,,,0.0,false,14.8,230.23999080719335,false
1,42,18:15,52,20:45,10,1,,,0.0,false,14.8,230.23999080719335,false
1,42,18:15,53,21:00,11,1,,,0.0,false,14.8,230.7028021231405,false
1,42,18:15,54,21:15,12,1,,,0.0,false,14.8,231.16561343908762,false
1,42,18:15,55,21:30,13,1,,,0.0,false,14.8,231.6284247550348,false
1,42,18:15,56,21:45,14,1,,,0.0,false,14.8,232.09123607098195,false
1,42,18:15,57,22:00,15,1,,,0.0,false,14.8,232.55404738692908,false
1,42,18:15,58,22:15,16,1,,,0.0,false,14.8,233.01685870287622,false
1,42,18:15,59,22:30,17,1,,,0.0,false,14.8,233.47967001882336,false
1,42,18:15,60,22:45,18,1,,,0.0,false,14.8,233.9424813347705,false
1,42,18:15,61,23:00,19,1,,,0.0,false,14.8,234.26441525779737,false
1,42,18:15,62,23:15,20,1,,,0.0,false,14.8,234.7272265737445,false
1,42,18:15,63,23:30,21,1,,,0.0,false,14.8,235.19003788969164,false
1,42,18:15,64,23:45,22,1,,,0.0,false,14.8,235.19003788969164,false
1,42,18:15,65,00:00,23,1,,,0.0,false,14.8,235.65284920563877,false
1,42,18:15,66,00:15,24,1,,,0.0,false,14.8,236.1156605215859,false
1,42,18:15,67,00:30,25,1,,,0.0,false,14.8,236.57847183753304,false
1,42,18:15,68,00:45,26,1,,,0.0,false,14.8,237.04128315348018,false
1,42,18:15,69,01:00,27,1,,,0.0,false,14.8,237.50409446942732,false
1,42,18:15,70,01:15,28,1,,,0.0,false,14.8,237.96690578537445,false
1,42,18:15,71,01:30,29,1,,,0.0,false,14.8,238.4297171013216,false
1,42,18:15,72,01:45,30,1,,,0.0,false,14.8,238.89252841726872,false
1,42,18:15,73,02:00,31,1,,,0.0,false,14.8,239.35533973321586,false
1,42,18:15,74,02:15,32,1,,,0.0,false,14.8,239.818151049163,false
1,42,18:15,75,02:30,33,1,,,0.0,false,14.8,240.28096236511013,false
1,42,18:15,76,02:45,34,1,,,0.0,false,14.8,240.74377368105726,false
1,42,18:15,77,03:00,35,1,,,0.0,false,14.8,241.2065849970044,false
1,42,18:15,78,03:15,36,1,,,0.0,false,14.8,241.66939631295153,false
1,42,18:15,79,03:30,37,1,,,0.0,false,14.8,242.13220762889867,false
1,42,18:15,80,03:45,38,1,,,0.0,false,14.8,242.5950189448458,false
1,42,18:15,81,04:00,39,1,,,0.0,false,14.8,243.05783026079294,false
1,42,18:15,82,04:15,40,1,,,0.0,false,14.8,243.52064157674008,false
1,42,18:15,83,04:30,41,1,,,0.0,false,14.8,243.9834528926872,false
1,42,18:15,84,04:45,42,1,,,0.0,false,14.8,244.44626420863435,false
1,42,18:15,85,05:00,43,1,,,0.0,false,14.8,244.90907552458148,false
1,42,18:15,86,05:15,44,1,,,0.0,false,14.8,245.37188684052862,false
1,42,18:15,87,05:30,45,1,,,0.0,false,14.8,245.83469815647575,false
1,42,18:15,88,05:45,46,1,,,0.0,false,14.8,246.2975094724229,false
1,42,18:15,89,06:00,47,1,,,0.0,false,14.8,246.76032078837002,false
1,42,18:15,90,06:15,48,1,,,0.0,false,14.8,247.22313210431716,false
1,42,18:15,91,06:30,49,1,,,0.0,false,14.8,247.6859434202643,false
1,42,18:15,92,06:45,50,1,,,0.0,false,14.8,248.14875473621143,false
1,42,18:15,93,07:00,51,1,,,0.0,false,14.8,248.61156605215857,false
1,42,18:15,94,07:15,52,1,,,0.0,false,14.8,249.0743773681057,false
1,42,18:15,95,07:30,53,1,,,0.0,false,14.8,249.53718868405284,false
1,42,18:15,96,07:45,54,1,,,0.0,false,14.8,250.0,false
1,43,18:30,43,18:30,0,1,,Charging,0.0,true,14.8,230.3336056608134,false
1,43,18:30,44,18:45,1,1,,,0.0,false,14.8,230.3336056608134,false
1,43,18:30,45,19:00,2,1,,,0.0,false,14.8,230.3336056608134,false
1,43,18:30,46,19:15,3,1,,,0.0,false,14.8,230.3336056608134,false
1,43,18:30,47,19:30,4,1,,,0.0,false,14.8,230.3336056608134,false
1,43,18:30,48,19:45,5,1,,,0.0,false,14.8,230.3336056608134,false
1,43,18:30,49,20:00,6,1,,,0.0,false,14.8,230.3336056608134,false
1,43,18:30,50,20:15,7,1,,,0.0,false,14.8,230.3336056608134,false
1,43,18:30,51,20:30,8,1,,,0.0,false,14.8,230.3336056608134,false
1,43,18:30,52,20:45,9,1,,,0.0,false,14.8,230.3336056608134,false
1,43,18:30,53,21:00,10,1,,,0.0,false,14.8,230.79641697676053,false
1,43,18:30,54,21:15,11,1,,,0.0,false,14.8,231.25922829270766,false
1,43,18:30,55,21:30,12,1,,,0.0,false,14.8,231.7220396086548,false
1,43,18:30,56,21:45,13,1,,,0.0,false,14.8,232.18485092460193,false
1,43,18:30,57,22:00,14,1,,,0.0,false,14.8,232.64766224054907,false
1,43,18:30,58,22:15,15,1,,,0.0,false,14.8,233.1104735564962,false
1,43,18:30,59,22:30,16,1,,,0.0,false,14.8,233.57328487244334,false
1,43,18:30,60,22:45,17,1,,,0.0,false,14.8,234.03609618839047,false
1,43,18:30,61,23:00,18,1,,,0.0,false,14.8,234.26441525779734,false
1,43,18:30,62,23:15,19,1,,,0.0,false,14.8,234.72722657374447,false
1,43,18:30,63,23:30,20,1,,,0.0,false,14.8,235.1900378896916,false
1,43,18:30,64,23:45,21,1,,,0.0,false,14.8,235.1900378896916,false
1,43,18:30,65,00:00,22,1,,,0.0,false,14.8,235.65284920563874,false
1,43,18:30,66,00:15,23,1,,,0.0,false,14.8,236.11566052158588,false
1,43,18:30,67,00:30,24,1,,,0.0,false,14.8,236.57847183753302,false
1,43,18:30,68,00:45,25,1,,,0.0,false,14.8,237.04128315348015,false
1,43,18:30,69,01:00,26,1,,,0.0,false,14.8,237.5040944694273,false
1,43,18:30,70,01:15,27,1,,,0.0,false,14.8,237.96690578537442,false
1,43,18:30,71,01:30,28,1,,,0.0,false,14.8,238.42971710132156,false
1,43,18:30,72,01:45,29,1,,,0.0,false,14.8,238.8925284172687,false
1,43,18:30,73,02:00,30,1,,,0.0,false,14.8,239.35533973321583,false
1,43,18:30,74,02:15,31,1,,,0.0,false,14.8,239.81815104916296,false
1,43,18:30,75,02:30,32,1,,,0.0,false,14.8,240.2809623651101,false
1,43,18:30,76,02:45,33,1,,,0.0,false,14.8,240.74377368105723,false
1,43,18:30,77,03:00,34,1,,,0.0,false,14.8,241.20658499700437,false
1,43,18:30,78,03:15,35,1,,,0.0,false,14.8,241.6693963129515,false
1,43,18:30,79,03:30,36,1,,,0.0,false,14.8,242.13220762889864,false
1,43,18:30,80,03:45,37,1,,,0.0,false,14.8,242.59501894484578,false
1,43,18:30,81,04:00,38,1,,,0.0,false,14.8,243.0578302607929,false
1,43,18:30,82,04:15,39,1,,,0.0,false,14.8,243.52064157674005,false
1,43,18:30,83,04:30,40,1,,,0.0,false,14.8,243.98345289268718,false
1,43,18:30,84,04:45,41,1,,,0.0,false,14.8,244.44626420863432,false
1,43,18:30,85,05:00,42,1,,,0.0,false,14.8,244.90907552458145,false
1,43,18:30,86,05:15,43,1,,,0.0,false,14.8,245.37188684052862,false
1,43,18:30,87,05:30,44,1,,,0.0,false,14.8,245.83469815647575,false
1,43,18:30,88,05:45,45,1,,,0.0,false,14.8,246.2975094724229,false
1,43,18:30,89,06:00,46,1,,,0.0,false,14.8,246.76032078837002,false
1,43,18:30,90,06:15,47,1,,,0.0,false,14.8,247.22313210431716,false
1,43,18:30,91,06:30,48,1,,,0.0,false,14.8,247.6859434202643,false
1,43,18:30,92,06:45,49,1,,,0.0,false,14.8,248.14875473621143,false
1,43,18:30,93,07:00,50,1,,,0.0,false,14.8,248.61156605215857,false
1,43,18:30,94,07:15,51,1,,,0.0,false,14.8,249.0743773681057,false
1,43,18:30,95,07:30,52,1,,,0.0,false,14.8,249.53718868405284,false
1,43,18:30,96,07:45,53,1,,,0.0,false,14.8,250.0,false
1,44,18:45,44,18:45,0,1,,,0.0,false,14.8,230.3336056608134,false
1,44,18:45,45,19:00,1,1,,,0.0,false,14.8,230.3336056608134,false
1,44,18:45,46,19:15,2,1,,,0.0,false,14.8,230.3336056608134,false
1,44,18:45,47,19:30,3,1,,,0.0,false,14.8,230.3336056608134,false
1,44,18:45,48,19:45,4,1,,,0.0,false,14.8,230.3336056608134,false
1,44,18:45,49,20:00,5,1,,,0.0,false,14.8,230.3336056608134,false
1,44,18:45,50,20:15,6,1,,,0.0,false,14.8,230.3336056608134,false
1,44,18:45,51,20:30,7,1,,,0.0,false,14.8,230.3336056608134,false
1,44,18:45,52,20:45,8,1,,,0.0,false,14.8,230.3336056608134,false
1,44,18:45,53,21:00,9,1,,,0.0,false,14.8,230.79641697676053,false
1,44,18:45,54,21:15,10,1,,,0.0,false,14.8,231.25922829270766,false
1,44,18:45,55,21:30,11,1,,,0.0,false,14.8,231.7220396086548,false
1,44,18:45,56,21:45,12,1,,,0.0,false,14.8,232.18485092460193,false
1,44,18:45,57,22:00,13,1,,,0.0,false,14.8,232.64766224054907,false
1,44,18:45,58,22:15,14,1,,,0.0,false,14.8,233.1104735564962,false
1,44,18:45,59,22:30,15,1,,,0.0,false,14.8,233.57328487244334,false
1,44,18:45,60,22:45,16,1,,,0.0,false,14.8,234.03609618839047,false
1,44,18:45,61,23:00,17,1,,,0.0,false,14.8,234.26441525779734,false
1,44,18:45,62,23:15,18,1,,,0.0,false,14.8,234.72722657374447,false
1,44,18:45,63,23:30,19,1,,,0.0,false,14.8,235.1900378896916,false
1,44,18:45,64,23:45,20,1,,,0.0,false,14.8,235.1900378896916,false
1,44,18:45,65,00:00,21,1,,,0.0,false,14.8,235.65284920563877,false
1,44,18:45,66,00:15,22,1,,,0.0,false,14.8,236.1156605215859,false
1,44,18:45,67,00:30,23,1,,,0.0,false,14.8,236.57847183753304,false
1,44,18:45,68,00:45,24,1,,,0.0,false,14.8,237.04128315348018,false
1,44,18:45,69,01:00,25,1,,,0.0,false,14.8,237.50409446942732,false
1,44,18:45,70,01:15,26,1,,,0.0,false,14.8,237.96690578537445,false
1,44,18:45,71,01:30,27,1,,,0.0,false,14.8,238.4297171013216,false
1,44,18:45,72,01:45,28,1,,,0.0,false,14.8,238.89252841726872,false
1,44,18:45,73,02:00,29,1,,,0.0,false,14.8,239.35533973321586,false
1,44,18:45,74,02:15,30,1,,,0.0,false,14.8,239.818151049163,false
1,44,18:45,75,02:30,31,1,,,0.0,false,14.8,240.28096236511013,false
1,44,18:45,76,02:45,32,1,,,0.0,false,14.8,240.74377368105726,false
1,44,18:45,77,03:00,33,1,,,0.0,false,14.8,241.2065849970044,false
1,44,18:45,78,03:15,34,1,,,0.0,false,14.8,241.66939631295153,false
1,44,18:45,79,03:30,35,1,,,0.0,false,14.8,242.13220762889867,false
1,44,18:45,80,03:45,36,1,,,0.0,false,14.8,242.5950189448458,false
1,44,18:45,81,04:00,37,1,,,0.0,false,14.8,243.05783026079294,false
1,44,18:45,82,04:15,38,1,,,0.0,false,14.8,243.52064157674008,false
1,44,18:45,83,04:30,39,1,,,0.0,false,14.8,243.98345289268724,false
1,44,18:45,84,04:45,40,1,,,0.0,false,14.8,244.44626420863437,false
1,44,18:45,85,05:00,41,1,,,0.0,false,14.8,244.9090755245815,false
1,44,18:45,86,05:15,42,1,,,0.0,false,14.8,245.37188684052865,false
1,44,18:45,87,05:30,43,1,,,0.0,false,14.8,245.83469815647578,false
1,44,18:45,88,05:45,44,1,,,0.0,false,14.8,246.29750947242292,false
1,44,18:45,89,06:00,45,1,,,0.0,false,14.8,246.76032078837005,false
1,44,18:45,90,06:15,46,1,,,0.0,false,14.8,247.2231321043172,false
1,44,18:45,91,06:30,47,1,,,0.0,false,14.8,247.68594342026432,false
1,44,18:45,92,06:45,48,1,,,0.0,false,14.8,248.14875473621146,false
1,44,18:45,93,07:00,49,1,,,0.0,false,14.8,248.6115660521586,false
1,44,18:45,94,07:15,50,1,,,0.0,false,14.8,249.07437736810573,false
1,44,18:45,95,07:30,51,1,,,0.0,false,14.8,249.53718868405286,false
1,44,18:45,96,07:45,52,1,,,0.0,false,14.8,250.0,false
1,45,19:00,45,19:00,0,1,,,0.0,false,14.8,230.3336056608134,false
1,45,19:00,46,19:15,1,1,,,0.0,false,14.8,230.3336056608134,false
1,45,19:00,47,19:30,2,1,,,0.0,false,14.8,230.3336056608134,false
1,45,19:00,48,19:45,3,1,,,0.0,false,14.8,230.3336056608134,false
1,45,19:00,49,20:00,4,1,,,0.0,false,14.8,230.3336056608134,false
1,45,19:00,50,20:15,5,1,,,0.0,false,14.8,230.3336056608134,false
1,45,19:00,51,20:30,6,1,,,0.0,false,14.8,230.3336056608134,false
1,45,19:00,52,20:45,7,1,,,0.0,false,14.8,230.3336056608134,false
1,45,19:00,53,21:00,8,1,,,0.0,false,14.8,230.79641697676053,false
1,45,19:00,54,21:15,9,1,,,0.0,false,14.8,231.25922829270766,false
1,45,19:00,55,21:30,10,1,,,0.0,false,14.8,231.7220396086548,false
1,45,19:00,56,21:45,11,1,,,0.0,false,14.8,232.18485092460193,false
1,45,19:00,57,22:00,12,1,,,0.0,false,14.8,232.64766224054907,false
1,45,19:00,58,22:15,13,1,,,0.0,false,14.8,233.1104735564962,false
1,45,19:00,59,22:30,14,1,,,0.0,false,14.8,233.57328487244334,false
1,45,19:00,60,22:45,15,1,,,0.0,false,14.8,234.03609618839047,false
1,45,19:00,61,23:00,16,1,,,0.0,false,14.8,234.26441525779734,false
1,45,19:00,62,23:15,17,1,,,0.0,false,14.8,234.72722657374447,false
1,45,19:00,63,23:30,18,1,,,0.0,false,14.8,235.1900378896916,false
1,45,19:00,64,23:45,19,1,,,0.0,false,14.8,235.1900378896916,false
1,45,19:00,65,00:00,20,1,,,0.0,false,14.8,235.65284920563877,false
1,45,19:00,66,00:15,21,1,,,0.0,false,14.8,236.1156605215859,false
1,45,19:00,67,00:30,22,1,,,0.0,false,14.8,236.57847183753304,false
1,45,19:00,68,00:45,23,1,,,0.0,false,14.8,237.04128315348018,false
1,45,19:00,69,01:00,24,1,,,0.0,false,14.8,237.50409446942732,false
1,45,19:00,70,01:15,25,1,,,0.0,false,14.8,237.96690578537445,false
1,45,19:00,71,01:30,26,1,,,0.0,false,14.8,238.4297171013216,false
1,45,19:00,72,01:45,27,1,,,0.0,false,14.8,238.89252841726872,false
1,45,19:00,73,02:00,28,1,,,0.0,false,14.8,239.35533973321586,false
1,45,19:00,74,02:15,29,1,,,0.0,false,14.8,239.818151049163,false
1,45,19:00,75,02:30,30,1,,,0.0,false,14.8,240.28096236511013,false
1,45,19:00,76,02:45,31,1,,,0.0,false,14.8,240.74377368105726,false
1,45,19:00,77,03:00,32,1,,,0.0,false,14.8,241.2065849970044,false
1,45,19:00,78,03:15,33,1,,,0.0,false,14.8,241.66939631295153,false
1,45,19:00,79,03:30,34,1,,,0.0,false,14.8,242.13220762889867,false
1,45,19:00,80,03:45,35,1,,,0.0,false,14.8,242.5950189448458,false
1,45,19:00,81,04:00,36,1,,,0.0,false,14.8,243.05783026079294,false
1,45,19:00,82,04:15,37,1,,,0.0,false,14.8,243.52064157674008,false
1,45,19:00,83,04:30,38,1,,,0.0,false,14.8,243.98345289268724,false
1,45,19:00,84,04:45,39,1,,,0.0,false,14.8,244.44626420863437,false
1,45,19:00,85,05:00,40,1,,,0.0,false,14.8,244.9090755245815,false
1,45,19:00,86,05:15,41,1,,,0.0,false,14.8,245.37188684052865,false
1,45,19:00,87,05:30,42,1,,,0.0,false,14.8,245.83469815647578,false
1,45,19:00,88,05:45,43,1,,,0.0,false,14.8,246.29750947242292,false
1,45,19:00,89,06:00,44,1,,,0.0,false,14.8,246.76032078837005,false
1,45,19:00,90,06:15,45,1,,,0.0,false,14.8,247.2231321043172,false
1,45,19:00,91,06:30,46,1,,,0.0,false,14.8,247.68594342026432,false
1,45,19:00,92,06:45,47,1,,,0.0,false,14.8,248.14875473621146,false
1,45,19:00,93,07:00,48,1,,,0.0,false,14.8,248.6115660521586,false
1,45,19:00,94,07:15,49,1,,,0.0,false,14.8,249.07437736810573,false
1,45,19:00,95,07:30,50,1,,,0.0,false,14.8,249.53718868405286,false
1,45,19:00,96,07:45,51,1,,,0.0,false,14.8,250.0,false
1,46,19:15,46,19:15,0,1,,,0.0,false,14.8,230.3336056608134,false
1,46,19:15,47,19:30,1,1,,,0.0,false,14.8,230.3336056608134,false
1,46,19:15,48,19:45,2,1,,,0.0,false,14.8,230.3336056608134,false
1,46,19:15,49,20:00,3,1,,,0.0,false,14.8,230.3336056608134,false
1,46,19:15,50,20:15,4,1,,,0.0,false,14.8,230.3336056608134,false
1,46,19:15,51,20:30,5,1,,,0.0,false,14.8,230.3336056608134,false
1,46,19:15,52,20:45,6,1,,,0.0,false,14.8,230.3336056608134,false
1,46,19:15,53,21:00,7,1,,,0.0,false,14.8,230.79641697676053,false
1,46,19:15,54,21:15,8,1,,,0.0,false,14.8,231.25922829270766,false
1,46,19:15,55,21:30,9,1,,,0.0,false,14.8,231.7220396086548,false
1,46,19:15,56,21:45,10,1,,,0.0,false,14.8,232.18485092460193,false
1,46,19:15,57,22:00,11,1,,,0.0,false,14.8,232.64766224054907,false
1,46,19:15,58,22:15,12,1,,,0.0,false,14.8,233.1104735564962,false
1,46,19:15,59,22:30,13,1,,,0.0,false,14.8,233.57328487244334,false
1,46,19:15,60,22:45,14,1,,,0.0,false,14.8,234.03609618839047,false
1,46,19:15,61,23:00,15,1,,,0.0,false,14.8,234.26441525779734,false
1,46,19:15,62,23:15,16,1,,,0.0,false,14.8,234.72722657374447,false
1,46,19:15,63,23:30,17,1,,,0.0,false,14.8,235.1900378896916,false
1,46,19:15,64,23:45,18,1,,,0.0,false,14.8,235.1900378896916,false
1,46,19:15,65,00:00,19,1,,,0.0,false,14.8,235.65284920563877,false
1,46,19:15,66,00:15,20,1,,,0.0,false,14.8,236.1156605215859,false
1,46,19:15,67,00:30,21,1,,,0.0,false,14.8,236.57847183753304,false
1,46,19:15,68,00:45,22,1,,,0.0,false,14.8,237.04128315348018,false
1,46,19:15,69,01:00,23,1,,,0.0,false,14.8,237.50409446942732,false
1,46,19:15,70,01:15,24,1,,,0.0,false,14.8,237.96690578537445,false
1,46,19:15,71,01:30,25,1,,,0.0,false,14.8,238.4297171013216,false
1,46,19:15,72,01:45,26,1,,,0.0,false,14.8,238.89252841726872,false
1,46,19:15,73,02:00,27,1,,,0.0,false,14.8,239.35533973321586,false
1,46,19:15,74,02:15,28,1,,,0.0,false,14.8,239.818151049163,false
1,46,19:15,75,02:30,29,1,,,0.0,false,14.8,240.28096236511013,false
1,46,19:15,76,02:45,30,1,,,0.0,false,14.8,240.74377368105726,false
1,46,19:15,77,03:00,31,1,,,0.0,false,14.8,241.2065849970044,false
1,46,19:15,78,03:15,32,1,,,0.0,false,14.8,241.66939631295153,false
1,46,19:15,79,03:30,33,1,,,0.0,false,14.8,242.13220762889867,false
1,46,19:15,80,03:45,34,1,,,0.0,false,14.8,242.5950189448458,false
1,46,19:15,81,04:00,35,1,,,0.0,false,14.8,243.05783026079294,false
1,46,19:15,82,04:15,36,1,,,0.0,false,14.8,243.52064157674008,false
1,46,19:15,83,04:30,37,1,,,0.0,false,14.8,243.98345289268724,false
1,46,19:15,84,04:45,38,1,,,0.0,false,14.8,244.44626420863437,false
1,46,19:15,85,05:00,39,1,,,0.0,false,14.8,244.9090755245815,false
1,46,19:15,86,05:15,40,1,,,0.0,false,14.8,245.37188684052865,false
1,46,19:15,87,05:30,41,1,,,0.0,false,14.8,245.83469815647578,false
1,46,19:15,88,05:45,42,1,,,0.0,false,14.8,246.29750947242292,false
1,46,19:15,89,06:00,43,1,,,0.0,false,14.8,246.76032078837005,false
1,46,19:15,90,06:15,44,1,,,0.0,false,14.8,247.2231321043172,false
1,46,19:15,91,06:30,45,1,,,0.0,false,14.8,247.68594342026432,false
1,46,19:15,92,06:45,46,1,,,0.0,false,14.8,248.14875473621146,false
1,46,19:15,93,07:00,47,1,,,0.0,false,14.8,248.6115660521586,false
1,46,19:15,94,07:15,48,1,,,0.0,false,14.8,249.07437736810573,false
1,46,19:15,95,07:30,49,1,,,0.0,false,14.8,249.53718868405286,false
1,46,19:15,96,07:45,50,1,,,0.0,false,14.8,250.0,false
1,47,19:30,47,19:30,0,1,,,0.0,false,14.8,230.3336056608134,false
1,47,19:30,48,19:45,1,1,,,0.0,false,14.8,230.3336056608134,false
1,47,19:30,49,20:00,2,1,,,0.0,false,14.8,230.3336056608134,false
1,47,19:30,50,20:15,3,1,,,0.0,false,14.8,230.3336056608134,false
1,47,19:30,51,20:30,4,1,,,0.0,false,14.8,230.3336056608134,false
1,47,19:30,52,20:45,5,1,,,0.0,false,14.8,230.3336056608134,false
1,47,19:30,53,21:00,6,1,,,0.0,false,14.8,230.79641697676055,false
1,47,19:30,54,21:15,7,1,,,0.0,false,14.8,231.2592282927077,false
1,47,19:30,55,21:30,8,1,,,0.0,false,14.8,231.72203960865482,false
1,47,19:30,56,21:45,9,1,,,0.0,false,14.8,232.18485092460196,false
1,47,19:30,57,22:00,10,1,,,0.0,false,14.8,232.6476622405491,false
1,47,19:30,58,22:15,11,1,,,0.0,false,14.8,233.11047355649623,false
1,47,19:30,59,22:30,12,1,,,0.0,false,14.8,233.57328487244337,false
1,47,19:30,60,22:45,13,1,,,0.0,false,14.8,234.0360961883905,false
1,47,19:30,61,23:00,14,1,,,0.0,false,14.8,234.26441525779737,false
1,47,19:30,62,23:15,15,1,,,0.0,false,14.8,234.7272265737445,false
1,47,19:30,63,23:30,16,1,,,0.0,false,14.8,235.19003788969164,false
1,47,19:30,64,23:45,17,1,,,0.0,false,14.8,235.19003788969164,false
1,47,19:30,65,00:00,18,1,,,0.0,false,14.8,235.65284920563877,false
1,47,19:30,66,00:15,19,1,,,0.0,false,14.8,236.1156605215859,false
1,47,19:30,67,00:30,20,1,,,0.0,false,14.8,236.57847183753304,false
1,47,19:30,68,00:45,21,1,,,0.0,false,14.8,237.04128315348018,false
1,47,19:30,69,01:00,22,1,,,0.0,false,14.8,237.50409446942732,false
1,47,19:30,70,01:15,23,1,,,0.0,false,14.8,237.96690578537445,false
1,47,19:30,71,01:30,24,1,,,0.0,false,14.8,238.4297171013216,false
1,47,19:30,72,01:45,25,1,,,0.0,false,14.8,238.89252841726872,false
1,47,19:30,73,02:00,26,1,,,0.0,false,14.8,239.35533973321586,false
1,47,19:30,74,02:15,27,1,,,0.0,false,14.8,239.818151049163,false
1,47,19:30,75,02:30,28,1,,,0.0,false,14.8,240.28096236511013,false
1,47,19:30,76,02:45,29,1,,,0.0,false,14.8,240.74377368105726,false
1,47,19:30,77,03:00,30,1,,,0.0,false,14.8,241.2065849970044,false
1,47,19:30,78,03:15,31,1,,,0.0,false,14.8,241.66939631295153,false
1,47,19:30,79,03:30,32,1,,,0.0,false,14.8,242.13220762889867,false
1,47,19:30,80,03:45,33,1,,,0.0,false,14.8,242.5950189448458,false
1,47,19:30,81,04:00,34,1,,,0.0,false,14.8,243.05783026079294,false
1,47,19:30,82,04:15,35,1,,,0.0,false,14.8,243.52064157674008,false
1,47,19:30,83,04:30,36,1,,,0.0,false,14.8,243.98345289268724,false
1,47,19:30,84,04:45,37,1,,,0.0,false,14.8,244.44626420863437,false
1,47,19:30,85,05:00,38,1,,,0.0,false,14.8,244.9090755245815,false
1,47,19:30,86,05:15,39,1,,,0.0,false,14.8,245.37188684052865,false
1,47,19:30,87,05:30,40,1,,,0.0,false,14.8,245.83469815647578,false
1,47,19:30,88,05:45,41,1,,,0.0,false,14.8,246.29750947242292,false
1,47,19:30,89,06:00,42,1,,,0.0,false,14.8,246.76032078837005,false
1,47,19:30,90,06:15,43,1,,,0.0,false,14.8,247.2231321043172,false
1,47,19:30,91,06:30,44,1,,,0.0,false,14.8,247.68594342026432,false
1,47,19:30,92,06:45,45,1,,,0.0,false,14.8,248.14875473621146,false
1,47,19:30,93,07:00,46,1,,,0.0,false,14.8,248.6115660521586,false
1,47,19:30,94,07:15,47,1,,,0.0,false,14.8,249.07437736810573,false
1,47,19:30,95,07:30,48,1,,,0.0,false,14.8,249.53718868405286,false
1,47,19:30,96,07:45,49,1,,,0.0,false,14.8,250.0,false
1,48,19:45,48,19:45,0,1,,,0.0,false,14.8,230.3336056608134,false
1,48,19:45,49,20:00,1,1,,,0.0,false,14.8,230.3336056608134,false
1,48,19:45,50,20:15,2,1,,,0.0,false,14.8,230.3336056608134,false
1,48,19:45,51,20:30,3,1,,,0.0,false,14.8,230.3336056608134,false
1,48,19:45,52,20:45,4,1,,,0.0,false,14.8,230.3336056608134,false
1,48,19:45,53,21:00,5,1,,,0.0,false,14.8,230.79641697676053,false
1,48,19:45,54,21:15,6,1,,,0.0,false,14.8,231.25922829270766,false
1,48,19:45,55,21:30,7,1,,,0.0,false,14.8,231.7220396086548,false
1,48,19:45,56,21:45,8,1,,,0.0,false,14.8,232.18485092460193,false
1,48,19:45,57,22:00,9,1,,,0.0,false,14.8,232.64766224054907,false
1,48,19:45,58,22:15,10,1,,,0.0,false,14.8,233.1104735564962,false
1,48,19:45,59,22:30,11,1,,,0.0,false,14.8,233.57328487244334,false
1,48,19:45,60,22:45,12,1,,,0.0,false,14.8,234.03609618839047,false
1,48,19:45,61,23:00,13,1,,,0.0,false,14.8,234.26441525779734,false
1,48,19:45,62,23:15,14,1,,,0.0,false,14.8,234.72722657374447,false
1,48,19:45,63,23:30,15,1,,,0.0,false,14.8,235.1900378896916,false
1,48,19:45,64,23:45,16,1,,,0.0,false,14.8,235.1900378896916,false
1,48,19:45,65,00:00,17,1,,,0.0,false,14.8,235.65284920563877,false
1,48,19:45,66,00:15,18,1,,,0.0,false,14.8,236.1156605215859,false
1,48,19:45,67,00:30,19,1,,,0.0,false,14.8,236.57847183753304,false
1,48,19:45,68,00:45,20,1,,,0.0,false,14.8,237.04128315348018,false
1,48,19:45,69,01:00,21,1,,,0.0,false,14.8,237.50409446942732,false
1,48,19:45,70,01:15,22,1,,,0.0,false,14.8,237.96690578537445,false
1,48,19:45,71,01:30,23,1,,,0.0,false,14.8,238.4297171013216,false
1,48,19:45,72,01:45,24,1,,,0.0,false,14.8,238.89252841726872,false
1,48,19:45,73,02:00,25,1,,,0.0,false,14.8,239.35533973321586,false
1,48,19:45,74,02:15,26,1,,,0.0,false,14.8,239.818151049163,false
1,48,19:45,75,02:30,27,1,,,0.0,false,14.8,240.28096236511013,false
1,48,19:45,76,02:45,28,1,,,0.0,false,14.8,240.74377368105726,false
1,48,19:45,77,03:00,29,1,,,0.0,false,14.8,241.2065849970044,false
1,48,19:45,78,03:15,30,1,,,0.0,false,14.8,241.66939631295153,false
1,48,19:45,79,03:30,31,1,,,0.0,false,14.8,242.13220762889867,false
1,48,19:45,80,03:45,32,1,,,0.0,false,14.8,242.5950189448458,false
1,48,19:45,81,04:00,33,1,,,0.0,false,14.8,243.05783026079294,false
1,48,19:45,82,04:15,34,1,,,0.0,false,14.8,243.52064157674008,false
1,48,19:45,83,04:30,35,1,,,0.0,false,14.8,243.98345289268724,false
1,48,19:45,84,04:45,36,1,,,0.0,false,14.8,244.44626420863437,false
1,48,19:45,85,05:00,37,1,,,0.0,false,14.8,244.9090755245815,false
1,48,19:45,86,05:15,38,1,,,0.0,false,14.8,245.37188684052865,false
1,48,19:45,87,05:30,39,1,,,0.0,false,14.8,245.83469815647578,false
1,48,19:45,88,05:45,40,1,,,0.0,false,14.8,246.29750947242292,false
1,48,19:45,89,06:00,41,1,,,0.0,false,14.8,246.76032078837005,false
1,48,19:45,90,06:15,42,1,,,0.0,false,14.8,247.2231321043172,false
1,48,19:45,91,06:30,43,1,,,0.0,false,14.8,247.68594342026432,false
1,48,19:45,92,06:45,44,1,,,0.0,false,14.8,248.14875473621146,false
1,48,19:45,93,07:00,45,1,,,0.0,false,14.8,248.6115660521586,false
1,48,19:45,94,07:15,46,1,,,0.0,false,14.8,249.07437736810573,false
1,48,19:45,95,07:30,47,1,,,0.0,false,14.8,249.53718868405286,false
1,48,19:45,96,07:45,48,1,,,0.0,false,14.8,250.0,false
1,49,20:00,49,20:00,0,1,,,0.0,false,14.8,230.3336056608134,false
1,49,20:00,50,20:15,1,1,,,0.0,false,14.8,230.3336056608134,false
1,49,20:00,51,20:30,2,1,,,0.0,false,14.8,230.3336056608134,false
1,49,20:00,52,20:45,3,1,,,0.0,false,14.8,230.3336056608134,false
1,49,20:00,53,21:00,4,1,,,0.0,false,14.8,230.79641697676053,false
1,49,20:00,54,21:15,5,1,,,0.0,false,14.8,231.25922829270766,false
1,49,20:00,55,21:30,6,1,,,0.0,false,14.8,231.7220396086548,false
1,49,20:00,56,21:45,7,1,,,0.0,false,14.8,232.18485092460193,false
1,49,20:00,57,22:00,8,1,,,0.0,false,14.8,232.64766224054907,false
1,49,20:00,58,22:15,9,1,,,0.0,false,14.8,233.11047355649623,false
1,49,20:00,59,22:30,10,1,,,0.0,false,14.8,233.57328487244337,false
1,49,20:00,60,22:45,11,1,,,0.0,false,14.8,234.0360961883905,false
1,49,20:00,61,23:00,12,1,,,0.0,false,14.8,234.26441525779737,false
1,49,20:00,62,23:15,13,1,,,0.0,false,14.8,234.7272265737445,false
1,49,20:00,63,23:30,14,1,,,0.0,false,14.8,235.19003788969164,false
1,49,20:00,64,23:45,15,1,,,0.0,false,14.8,235.19003788969164,false
1,49,20:00,65,00:00,16,1,,,0.0,false,14.8,235.65284920563877,false
1,49,20:00,66,00:15,17,1,,,0.0,false,14.8,236.1156605215859,false
1,49,20:00,67,00:30,18,1,,,0.0,false,14.8,236.57847183753304,false
1,49,20:00,68,00:45,19,1,,,0.0,false,14.8,237.04128315348018,false
1,49,20:00,69,01:00,20,1,,,0.0,false,14.8,237.50409446942732,false
1,49,20:00,70,01:15,21,1,,,0.0,false,14.8,237.96690578537445,false
1,49,20:00,71,01:30,22,1,,,0.0,false,14.8,238.4297171013216,false
1,49,20:00,72,01:45,23,1,,,0.0,false,14.8,238.89252841726872,false
1,49,20:00,73,02:00,24,1,,,0.0,false,14.8,239.35533973321586,false
1,49,20:00,74,02:15,25,1,,,0.0,false,14.8,239.818151049163,false
1,49,20:00,75,02:30,26,1,,,0.0,false,14.8,240.28096236511013,false
1,49,20:00,76,02:45,27,1,,,0.0,false,14.8,240.74377368105726,false
1,49,20:00,77,03:00,28,1,,,0.0,false,14.8,241.2065849970044,false
1,49,20:00,78,03:15,29,1,,,0.0,false,14.8,241.66939631295153,false
1,49,20:00,79,03:30,30,1,,,0.0,false,14.8,242.13220762889867,false
1,49,20:00,80,03:45,31,1,,,0.0,false,14.8,242.5950189448458,false
1,49,20:00,81,04:00,32,1,,,0.0,false,14.8,243.05783026079294,false
1,49,20:00,82,04:15,33,1,,,0.0,false,14.8,243.52064157674008,false
1,49,20:00,83,04:30,34,1,,,0.0,false,14.8,243.98345289268724,false
1,49,20:00,84,04:45,35,1,,,0.0,false,14.8,244.44626420863437,false
1,49,20:00,85,05:00,36,1,,,0.0,false,14.8,244.9090755245815,false
1,49,20:00,86,05:15,37,1,,,0.0,false,14.8,245.37188684052865,false
1,49,20:00,87,05:30,38,1,,,0.0,false,14.8,245.83469815647578,false
1,49,20:00,88,05:45,39,1,,,0.0,false,14.8,246.29750947242292,false
1,49,20:00,89,06:00,40,1,,,0.0,false,14.8,246.76032078837005,false
1,49,20:00,90,06:15,41,1,,,0.0,false,14.8,247.2231321043172,false
1,49,20:00,91,06:30,42,1,,,0.0,false,14.8,247.68594342026432,false
1,49,20:00,92,06:45,43,1,,,0.0,false,14.8,248.14875473621146,false
1,49,20:00,93,07:00,44,1,,,0.0,false,14.8,248.6115660521586,false
1,49,20:00,94,07:15,45,1,,,0.0,false,14.8,249.07437736810573,false
1,49,20:00,95,07:30,46,1,,,0.0,false,14.8,249.53718868405286,false
1,49,20:00,96,07:45,47,1,,,0.0,false,14.8,250.0,false
1,50,20:15,50,20:15,0,1,,,0.0,false,14.8,230.3336056608134,false
1,50,20:15,51,20:30,1,1,,,0.0,false,14.8,230.3336056608134,false
1,50,20:15,52,20:45,2,1,,,0.0,false,14.8,230.3336056608134,false
1,50,20:15,53,21:00,3,1,,,0.0,false,14.8,230.79641697676053,false
1,50,20:15,54,21:15,4,1,,,0.0,false,14.8,231.25922829270766,false
1,50,20:15,55,21:30,5,1,,,0.0,false,14.8,231.7220396086548,false
1,50,20:15,56,21:45,6,1,,,0.0,false,14.8,232.18485092460193,false
1,50,20:15,57,22:00,7,1,,,0.0,false,14.8,232.64766224054907,false
1,50,20:15,58,22:15,8,1,,,0.0,false,14.8,233.1104735564962,false
1,50,20:15,59,22:30,9,1,,,0.0,false,14.8,233.57328487244334,false
1,50,20:15,60,22:45,10,1,,,0.0,false,14.8,234.03609618839047,false
1,50,20:15,61,23:00,11,1,,,0.0,false,14.8,234.26441525779734,false
1,50,20:15,62,23:15,12,1,,,0.0,false,14.8,234.72722657374447,false
1,50,20:15,63,23:30,13,1,,,0.0,false,14.8,235.1900378896916,false
1,50,20:15,64,23:45,14,1,,,0.0,false,14.8,235.1900378896916,false
1,50,20:15,65,00:00,15,1,,,0.0,false,14.8,235.65284920563877,false
1,50,20:15,66,00:15,16,1,,,0.0,false,14.8,236.1156605215859,false
1,50,20:15,67,00:30,17,1,,,0.0,false,14.8,236.57847183753304,false
1,50,20:15,68,00:45,18,1,,,0.0,false,14.8,237.04128315348018,false
1,50,20:15,69,01:00,19,1,,,0.0,false,14.8,237.50409446942732,false
1,50,20:15,70,01:15,20,1,,,0.0,false,14.8,237.96690578537445,false
1,50,20:15,71,01:30,21,1,,,0.0,false,14.8,238.4297171013216,false
1,50,20:15,72,01:45,22,1,,,0.0,false,14.8,238.89252841726872,false
1,50,20:15,73,02:00,23,1,,,0.0,false,14.8,239.35533973321586,false
1,50,20:15,74,02:15,24,1,,,0.0,false,14.8,239.818151049163,false
1,50,20:15,75,02:30,25,1,,,0.0,false,14.8,240.28096236511013,false
1,50,20:15,76,02:45,26,1,,,0.0,false,14.8,240.74377368105726,false
1,50,20:15,77,03:00,27,1,,,0.0,false,14.8,241.2065849970044,false
1,50,20:15,78,03:15,28,1,,,0.0,false,14.8,241.66939631295153,false
1,50,20:15,79,03:30,29,1,,,0.0,false,14.8,242.13220762889867,false
1,50,20:15,80,03:45,30,1,,,0.0,false,14.8,242.5950189448458,false
1,50,20:15,81,04:00,31,1,,,0.0,false,14.8,243.05783026079294,false
1,50,20:15,82,04:15,32,1,,,0.0,false,14.8,243.52064157674008,false
1,50,20:15,83,04:30,33,1,,,0.0,false,14.8,243.98345289268724,false
1,50,20:15,84,04:45,34,1,,,0.0,false,14.8,244.44626420863437,false
1,50,20:15,85,05:00,35,1,,,0.0,false,14.8,244.9090755245815,false
1,50,20:15,86,05:15,36,1,,,0.0,false,14.8,245.37188684052865,false
1,50,20:15,87,05:30,37,1,,,0.0,false,14.8,245.83469815647578,false
1,50,20:15,88,05:45,38,1,,,0.0,false,14.8,246.29750947242292,false
1,50,20:15,89,06:00,39,1,,,0.0,false,14.8,246.76032078837005,false
1,50,20:15,90,06:15,40,1,,,0.0,false,14.8,247.2231321043172,false
1,50,20:15,91,06:30,41,1,,,0.0,false,14.8,247.68594342026432,false
1,50,20:15,92,06:45,42,1,,,0.0,false,14.8,248.14875473621146,false
1,50,20:15,93,07:00,43,1,,,0.0,false,14.8,248.6115660521586,false
1,50,20:15,94,07:15,44,1,,,0.0,false,14.8,249.07437736810573,false
1,50,20:15,95,07:30,45,1,,,0.0,false,14.8,249.53718868405286,false
1,50,20:15,96,07:45,46,1,,,0.0,false,14.8,250.0,false
1,51,20:30,51,20:30,0,1,,,0.0,false,14.8,230.3336056608134,false
1,51,20:30,52,20:45,1,1,,,0.0,false,14.8,230.3336056608134,false
1,51,20:30,53,21:00,2,1,,,0.0,false,14.8,230.79641697676053,false
1,51,20:30,54,21:15,3,1,,,0.0,false,14.8,231.25922829270766,false
1,51,20:30,55,21:30,4,1,,,0.0,false,14.8,231.7220396086548,false
1,51,20:30,56,21:45,5,1,,,0.0,false,14.8,232.18485092460193,false
1,51,20:30,57,22:00,6,1,,,0.0,false,14.8,232.64766224054907,false
1,51,20:30,58,22:15,7,1,,,0.0,false,14.8,233.1104735564962,false
1,51,20:30,59,22:30,8,1,,,0.0,false,14.8,233.57328487244334,false
1,51,20:30,60,22:45,9,1,,,0.0,false,14.8,234.03609618839047,false
1,51,20:30,61,23:00,10,1,,,0.0,false,14.8,234.26441525779734,false
1,51,20:30,62,23:15,11,1,,,0.0,false,14.8,234.72722657374447,false
1,51,20:30,63,23:30,12,1,,,0.0,false,14.8,235.1900378896916,false
1,51,20:30,64,23:45,13,1,,,0.0,false,14.8,235.1900378896916,false
1,51,20:30,65,00:00,14,1,,,0.0,false,14.8,235.65284920563874,false
1,51,20:30,66,00:15,15,1,,,0.0,false,14.8,236.11566052158588,false
1,51,20:30,67,00:30,16,1,,,0.0,false,14.8,236.57847183753304,false
1,51,20:30,68,00:45,17,1,,,0.0,false,14.8,237.04128315348018,false
1,51,20:30,69,01:00,18,1,,,0.0,false,14.8,237.50409446942732,false
1,51,20:30,70,01:15,19,1,,,0.0,false,14.8,237.96690578537445,false
1,51,20:30,71,01:30,20,1,,,0.0,false,14.8,238.4297171013216,false
1,51,20:30,72,01:45,21,1,,,0.0,false,14.8,238.89252841726872,false
1,51,20:30,73,02:00,22,1,,,0.0,false,14.8,239.35533973321586,false
1,51,20:30,74,02:15,23,1,,,0.0,false,14.8,239.818151049163,false
1,51,20:30,75,02:30,24,1,,,0.0,false,14.8,240.28096236511013,false
1,51,20:30,76,02:45,25,1,,,0.0,false,14.8,240.74377368105726,false
1,51,20:30,77,03:00,26,1,,,0.0,false,14.8,241.2065849970044,false
1,51,20:30,78,03:15,27,1,,,0.0,false,14.8,241.66939631295153,false
1,51,20:30,79,03:30,28,1,,,0.0,false,14.8,242.13220762889867,false
1,51,20:30,80,03:45,29,1,,,0.0,false,14.8,242.5950189448458,false
1,51,20:30,81,04:00,30,1,,,0.0,false,14.8,243.05783026079294,false
1,51,20:30,82,04:15,31,1,,,0.0,false,14.8,243.52064157674008,false
1,51,20:30,83,04:30,32,1,,,0.0,false,14.8,243.98345289268724,false
1,51,20:30,84,04:45,33,1,,,0.0,false,14.8,244.44626420863437,false
1,51,20:30,85,05:00,34,1,,,0.0,false,14.8,244.9090755245815,false
1,51,20:30,86,05:15,35,1,,,0.0,false,14.8,245.37188684052865,false
1,51,20:30,87,05:30,36,1,,,0.0,false,14.8,245.83469815647578,false
1,51,20:30,88,05:45,37,1,,,0.0,false,14.8,246.29750947242292,false
1,51,20:30,89,06:00,38,1,,,0.0,false,14.8,246.76032078837005,false
1,51,20:30,90,06:15,39,1,,,0.0,false,14.8,247.2231321043172,false
1,51,20:30,91,06:30,40,1,,,0.0,false,14.8,247.68594342026432,false
1,51,20:30,92,06:45,41,1,,,0.0,false,14.8,248.14875473621146,false
1,51,20:30,93,07:00,42,1,,,0.0,false,14.8,248.6115660521586,false
1,51,20:30,94,07:15,43,1,,,0.0,false,14.8,249.07437736810573,false
1,51,20:30,95,07:30,44,1,,,0.0,false,14.8,249.53718868405286,false
1,51,20:30,96,07:45,45,1,,,0.0,false,14.8,250.0,false
1,52,20:45,52,20:45,0,1,,,0.0,false,14.8,230.3336056608134,false
1,52,20:45,53,21:00,1,1,,,0.0,false,14.8,230.79641697676053,false
1,52,20:45,54,21:15,2,1,,,0.0,false,14.8,231.25922829270766,false
1,52,20:45,55,21:30,3,1,,,0.0,false,14.8,231.7220396086548,false
1,52,20:45,56,21:45,4,1,,,0.0,false,14.8,232.18485092460193,false
1,52,20:45,57,22:00,5,1,,,0.0,false,14.8,232.64766224054907,false
1,52,20:45,58,22:15,6,1,,,0.0,false,14.8,233.1104735564962,false
1,52,20:45,59,22:30,7,1,,,0.0,false,14.8,233.57328487244334,false
1,52,20:45,60,22:45,8,1,,,0.0,false,14.8,234.03609618839047,false
1,52,20:45,61,23:00,9,1,,,0.0,false,14.8,234.26441525779734,false
1,52,20:45,62,23:15,10,1,,,0.0,false,14.8,234.72722657374447,false
1,52,20:45,63,23:30,11,1,,,0.0,false,14.8,235.1900378896916,false
1,52,20:45,64,23:45,12,1,,,0.0,false,14.8,235.1900378896916,false
1,52,20:45,65,00:00,13,1,,,0.0,false,14.8,235.65284920563874,false
1,52,20:45,66,00:15,14,1,,,0.0,false,14.8,236.11566052158588,false
1,52,20:45,67,00:30,15,1,,,0.0,false,14.8,236.57847183753304,false
1,52,20:45,68,00:45,16,1,,,0.0,false,14.8,237.04128315348018,false
1,52,20:45,69,01:00,17,1,,,0.0,false,14.8,237.50409446942732,false
1,52,20:45,70,01:15,18,1,,,0.0,false,14.8,237.96690578537445,false
1,52,20:45,71,01:30,19,1,,,0.0,false,14.8,238.4297171013216,false
1,52,20:45,72,01:45,20,1,,,0.0,false,14.8,238.89252841726872,false
1,52,20:45,73,02:00,21,1,,,0.0,false,14.8,239.35533973321586,false
1,52,20:45,74,02:15,22,1,,,0.0,false,14.8,239.818151049163,false
1,52,20:45,75,02:30,23,1,,,0.0,false,14.8,240.28096236511013,false
1,52,20:45,76,02:45,24,1,,,0.0,false,14.8,240.74377368105726,false
1,52,20:45,77,03:00,25,1,,,0.0,false,14.8,241.2065849970044,false
1,52,20:45,78,03:15,26,1,,,0.0,false,14.8,241.66939631295153,false
1,52,20:45,79,03:30,27,1,,,0.0,false,14.8,242.13220762889867,false
1,52,20:45,80,03:45,28,1,,,0.0,false,14.8,242.5950189448458,false
1,52,20:45,81,04:00,29,1,,,0.0,false,14.8,243.05783026079294,false
1,52,20:45,82,04:15,30,1,,,0.0,false,14.8,243.52064157674008,false
1,52,20:45,83,04:30,31,1,,,0.0,false,14.8,243.98345289268724,false
1,52,20:45,84,04:45,32,1,,,0.0,false,14.8,244.44626420863437,false
1,52,20:45,85,05:00,33,1,,,0.0,false,14.8,244.9090755245815,false
1,52,20:45,86,05:15,34,1,,,0.0,false,14.8,245.37188684052865,false
1,52,20:45,87,05:30,35,1,,,0.0,false,14.8,245.83469815647578,false
1,52,20:45,88,05:45,36,1,,,0.0,false,14.8,246.29750947242292,false
1,52,20:45,89,06:00,37,1,,,0.0,false,14.8,246.76032078837005,false
1,52,20:45,90,06:15,38,1,,,0.0,false,14.8,247.2231321043172,false
1,52,20:45,91,06:30,39,1,,,0.0,false,14.8,247.68594342026432,false
1,52,20:45,92,06:45,40,1,,,0.0,false,14.8,248.14875473621146,false
1,52,20:45,93,07:00,41,1,,,0.0,false,14.8,248.6115660521586,false
1,52,20:45,94,07:15,42,1,,,0.0,false,14.8,249.07437736810573,false
1,52,20:45,95,07:30,43,1,,,0.0,false,14.8,249.53718868405286,false
1,52,20:45,96,07:45,44,1,,,0.0,false,14.8,250.0,false
1,53,21:00,53,21:00,0,1,,,0.0,false,14.8,230.79641697676053,false
1,53,21:00,54,21:15,1,1,,,0.0,false,14.8,231.25922829270766,false
1,53,21:00,55,21:30,2,1,,,0.0,false,14.8,231.7220396086548,false
1,53,21:00,56,21:45,3,1,,,0.0,false,14.8,232.18485092460193,false
1,53,21:00,57,22:00,4,1,,,0.0,false,14.8,232.64766224054907,false
1,53,21:00,58,22:15,5,1,,,0.0,false,14.8,233.1104735564962,false
1,53,21:00,59,22:30,6,1,,,0.0,false,14.8,233.57328487244334,false
1,53,21:00,60,22:45,7,1,,,0.0,false,14.8,234.0360961883905,false
1,53,21:00,61,23:00,8,1,,,0.0,false,14.8,234.26441525779737,false
1,53,21:00,62,23:15,9,1,,,0.0,false,14.8,234.7272265737445,false
1,53,21:00,63,23:30,10,1,,,0.0,false,14.8,235.19003788969164,false
1,53,21:00,64,23:45,11,1,,,0.0,false,14.8,235.19003788969164,false
1,53,21:00,65,00:00,12,1,,,0.0,false,14.8,235.65284920563877,false
1,53,21:00,66,00:15,13,1,,,0.0,false,14.8,236.1156605215859,false
1,53,21:00,67,00:30,14,1,,,0.0,false,14.8,236.57847183753304,false
1,53,21:00,68,00:45,15,1,,,0.0,false,14.8,237.04128315348018,false
1,53,21:00,69,01:00,16,1,,,0.0,false,14.8,237.50409446942732,false
1,53,21:00,70,01:15,17,1,,,0.0,false,14.8,237.96690578537445,false
1,53,21:00,71,01:30,18,1,,,0.0,false,14.8,238.4297171013216,false
1,53,21:00,72,01:45,19,1,,,0.0,false,14.8,238.89252841726872,false
1,53,21:00,73,02:00,20,1,,,0.0,false,14.8,239.35533973321586,false
1,53,21:00,74,02:15,21,1,,,0.0,false,14.8,239.818151049163,false
1,53,21:00,75,02:30,22,1,,,0.0,false,14.8,240.28096236511013,false
1,53,21:00,76,02:45,23,1,,,0.0,false,14.8,240.7437736810573,false
1,53,21:00,77,03:00,24,1,,,0.0,false,14.8,241.20658499700443,false
1,53,21:00,78,03:15,25,1,,,0.0,false,14.8,241.66939631295156,false
1,53,21:00,79,03:30,26,1,,,0.0,false,14.8,242.1322076288987,false
1,53,21:00,80,03:45,27,1,,,0.0,false,14.8,242.59501894484583,false
1,53,21:00,81,04:00,28,1,,,0.0,false,14.8,243.05783026079297,false
1,53,21:00,82,04:15,29,1,,,0.0,false,14.8,243.5206415767401,false
1,53,21:00,83,04:30,30,1,,,0.0,false,14.8,243.98345289268724,false
1,53,21:00,84,04:45,31,1,,,0.0,false,14.8,244.44626420863437,false
1,53,21:00,85,05:00,32,1,,,0.0,false,14.8,244.9090755245815,false
1,53,21:00,86,05:15,33,1,,,0.0,false,14.8,245.37188684052865,false
1,53,21:00,87,05:30,34,1,,,0.0,false,14.8,245.83469815647578,false
1,53,21:00,88,05:45,35,1,,,0.0,false,14.8,246.29750947242292,false
1,53,21:00,89,06:00,36,1,,,0.0,false,14.8,246.76032078837005,false
1,53,21:00,90,06:15,37,1,,,0.0,false,14.8,247.2231321043172,false
1,53,21:00,91,06:30,38,1,,,0.0,false,14.8,247.68594342026432,false
1,53,21:00,92,06:45,39,1,,,0.0,false,14.8,248.14875473621146,false
1,53,21:00,93,07:00,40,1,,,0.0,false,14.8,248.6115660521586,false
1,53,21:00,94,07:15,41,1,,,0.0,false,14.8,249.07437736810573,false
1,53,21:00,95,07:30,42,1,,,0.0,false,14.8,249.53718868405286,false
1,53,21:00,96,07:45,43,1,,,0.0,false,14.8,250.0,false
1,54,21:15,54,21:15,0,1,,,0.0,false,14.8,231.25922829270766,false
1,54,21:15,55,21:30,1,1,,,0.0,false,14.8,231.7220396086548,false
1,54,21:15,56,21:45,2,1,,,0.0,false,14.8,232.18485092460193,false
1,54,21:15,57,22:00,3,1,,,0.0,false,14.8,232.64766224054907,false
1,54,21:15,58,22:15,4,1,,,0.0,false,14.8,233.11047355649623,false
1,54,21:15,59,22:30,5,1,,,0.0,false,14.8,233.57328487244337,false
1,54,21:15,60,22:45,6,1,,,0.0,false,14.8,234.0360961883905,false
1,54,21:15,61,23:00,7,1,,,0.0,false,14.8,234.26441525779737,false
1,54,21:15,62,23:15,8,1,,,0.0,false,14.8,234.7272265737445,false
1,54,21:15,63,23:30,9,1,,,0.0,false,14.8,235.19003788969164,false
1,54,21:15,64,23:45,10,1,,,0.0,false,14.8,235.19003788969164,false
1,54,21:15,65,00:00,11,1,,,0.0,false,14.8,235.65284920563877,false
1,54,21:15,66,00:15,12,1,,,0.0,false,14.8,236.1156605215859,false
1,54,21:15,67,00:30,13,1,,,0.0,false,14.8,236.57847183753304,false
1,54,21:15,68,00:45,14,1,,,0.0,false,14.8,237.04128315348018,false
1,54,21:15,69,01:00,15,1,,,0.0,false,14.8,237.50409446942732,false
1,54,21:15,70,01:15,16,1,,,0.0,false,14.8,237.96690578537445,false
1,54,21:15,71,01:30,17,1,,,0.0,false,14.8,238.4297171013216,false
1,54,21:15,72,01:45,18,1,,,0.0,false,14.8,238.89252841726872,false
1,54,21:15,73,02:00,19,1,,,0.0,false,14.8,239.35533973321586,false
1,54,21:15,74,02:15,20,1,,,0.0,false,14.8,239.818151049163,false
1,54,21:15,75,02:30,21,1,,,0.0,false,14.8,240.28096236511013,false
1,54,21:15,76,02:45,22,1,,,0.0,false,14.8,240.74377368105726,false
1,54,21:15,77,03:00,23,1,,,0.0,false,14.8,241.2065849970044,false
1,54,21:15,78,03:15,24,1,,,0.0,false,14.8,241.66939631295153,false
1,54,21:15,79,03:30,25,1,,,0.0,false,14.8,242.13220762889867,false
1,54,21:15,80,03:45,26,1,,,0.0,false,14.8,242.5950189448458,false
1,54,21:15,81,04:00,27,1,,,0.0,false,14.8,243.05783026079294,false
1,54,21:15,82,04:15,28,1,,,0.0,false,14.8,243.52064157674008,false
1,54,21:15,83,04:30,29,1,,,0.0,false,14.8,243.9834528926872,false
1,54,21:15,84,04:45,30,1,,,0.0,false,14.8,244.44626420863435,false
1,54,21:15,85,05:00,31,1,,,0.0,false,14.8,244.90907552458148,false
1,54,21:15,86,05:15,32,1,,,0.0,false,14.8,245.37188684052862,false
1,54,21:15,87,05:30,33,1,,,0.0,false,14.8,245.83469815647575,false
1,54,21:15,88,05:45,34,1,,,0.0,false,14.8,246.2975094724229,false
1,54,21:15,89,06:00,35,1,,,0.0,false,14.8,246.76032078837005,false
1,54,21:15,90,06:15,36,1,,,0.0,false,14.8,247.2231321043172,false
1,54,21:15,91,06:30,37,1,,,0.0,false,14.8,247.68594342026432,false
1,54,21:15,92,06:45,38,1,,,0.0,false,14.8,248.14875473621146,false
1,54,21:15,93,07:00,39,1,,,0.0,false,14.8,248.6115660521586,false
1,54,21:15,94,07:15,40,1,,,0.0,false,14.8,249.07437736810573,false
1,54,21:15,95,07:30,41,1,,,0.0,false,14.8,249.53718868405286,false
1,54,21:15,96,07:45,42,1,,,0.0,false,14.8,250.0,false
1,55,21:30,55,21:30,0,1,,,0.0,false,14.8,231.7220396086548,false
1,55,21:30,56,21:45,1,1,,,0.0,false,14.8,232.18485092460193,false
1,55,21:30,57,22:00,2,1,,,0.0,false,14.8,232.64766224054907,false
1,55,21:30,58,22:15,3,1,,,0.0,false,14.8,233.11047355649623,false
1,55,21:30,59,22:30,4,1,,,0.0,false,14.8,233.57328487244337,false
1,55,21:30,60,22:45,5,1,,,0.0,false,14.8,234.0360961883905,false
1,55,21:30,61,23:00,6,1,,,0.0,false,14.8,234.26441525779737,false
1,55,21:30,62,23:15,7,1,,,0.0,false,14.8,234.7272265737445,false
1,55,21:30,63,23:30,8,1,,,0.0,false,14.8,235.19003788969164,false
1,55,21:30,64,23:45,9,1,,,0.0,false,14.8,235.19003788969164,false
1,55,21:30,65,00:00,10,1,,,0.0,false,14.8,235.65284920563877,false
1,55,21:30,66,00:15,11,1,,,0.0,false,14.8,236.1156605215859,false
1,55,21:30,67,00:30,12,1,,,0.0,false,14.8,236.57847183753304,false
1,55,21:30,68,00:45,13,1,,,0.0,false,14.8,237.04128315348018,false
1,55,21:30,69,01:00,14,1,,,0.0,false,14.8,237.50409446942732,false
1,55,21:30,70,01:15,15,1,,,0.0,false,14.8,237.96690578537445,false
1,55,21:30,71,01:30,16,1,,,0.0,false,14.8,238.4297171013216,false
1,55,21:30,72,01:45,17,1,,,0.0,false,14.8,238.89252841726872,false
1,55,21:30,73,02:00,18,1,,,0.0,false,14.8,239.35533973321586,false
1,55,21:30,74,02:15,19,1,,,0.0,false,14.8,239.818151049163,false
1,55,21:30,75,02:30,20,1,,,0.0,false,14.8,240.28096236511013,false
1,55,21:30,76,02:45,21,1,,,0.0,false,14.8,240.7437736810573,false
1,55,21:30,77,03:00,22,1,,,0.0,false,14.8,241.20658499700443,false
1,55,21:30,78,03:15,23,1,,,0.0,false,14.8,241.66939631295156,false
1,55,21:30,79,03:30,24,1,,,0.0,false,14.8,242.1322076288987,false
1,55,21:30,80,03:45,25,1,,,0.0,false,14.8,242.59501894484583,false
1,55,21:30,81,04:00,26,1,,,0.0,false,14.8,243.05783026079297,false
1,55,21:30,82,04:15,27,1,,,0.0,false,14.8,243.5206415767401,false
1,55,21:30,83,04:30,28,1,,,0.0,false,14.8,243.98345289268724,false
1,55,21:30,84,04:45,29,1,,,0.0,false,14.8,244.44626420863437,false
1,55,21:30,85,05:00,30,1,,,0.0,false,14.8,244.9090755245815,false
1,55,21:30,86,05:15,31,1,,,0.0,false,14.8,245.37188684052865,false
1,55,21:30,87,05:30,32,1,,,0.0,false,14.8,245.83469815647578,false
1,55,21:30,88,05:45,33,1,,,0.0,false,14.8,246.29750947242292,false
1,55,21:30,89,06:00,34,1,,,0.0,false,14.8,246.76032078837005,false
1,55,21:30,90,06:15,35,1,,,0.0,false,14.8,247.2231321043172,false
1,55,21:30,91,06:30,36,1,,,0.0,false,14.8,247.68594342026432,false
1,55,21:30,92,06:45,37,1,,,0.0,false,14.8,248.14875473621146,false
1,55,21:30,93,07:00,38,1,,,0.0,false,14.8,248.6115660521586,false
1,55,21:30,94,07:15,39,1,,,0.0,false,14.8,249.07437736810573,false
1,55,21:30,95,07:30,40,1,,,0.0,false,14.8,249.53718868405286,false
1,55,21:30,96,07:45,41,1,,,0.0,false,14.8,250.0,false
1,56,21:45,56,21:45,0,1,,,0.0,false,14.8,232.18485092460193,false
1,56,21:45,57,22:00,1,1,,,0.0,false,14.8,232.64766224054907,false
1,56,21:45,58,22:15,2,1,,,0.0,false,14.8,233.1104735564962,false
1,56,21:45,59,22:30,3,1,,,0.0,false,14.8,233.57328487244334,false
1,56,21:45,60,22:45,4,1,,,0.0,false,14.8,234.03609618839047,false
1,56,21:45,61,23:00,5,1,,,0.0,false,14.8,234.26441525779734,false
1,56,21:45,62,23:15,6,1,,,0.0,false,14.8,234.72722657374447,false
1,56,21:45,63,23:30,7,1,,,0.0,false,14.8,235.1900378896916,false
1,56,21:45,64,23:45,8,1,,,0.0,false,14.8,235.1900378896916,false
1,56,21:45,65,00:00,9,1,,,0.0,false,14.8,235.65284920563874,false
1,56,21:45,66,00:15,10,1,,,0.0,false,14.8,236.11566052158588,false
1,56,21:45,67,00:30,11,1,,,0.0,false,14.8,236.57847183753304,false
1,56,21:45,68,00:45,12,1,,,0.0,false,14.8,237.04128315348018,false
1,56,21:45,69,01:00,13,1,,,0.0,false,14.8,237.50409446942732,false
1,56,21:45,70,01:15,14,1,,,0.0,false,14.8,237.96690578537445,false
1,56,21:45,71,01:30,15,1,,,0.0,false,14.8,238.4297171013216,false
1,56,21:45,72,01:45,16,1,,,0.0,false,14.8,238.89252841726872,false
1,56,21:45,73,02:00,17,1,,,0.0,false,14.8,239.35533973321586,false
1,56,21:45,74,02:15,18,1,,,0.0,false,14.8,239.818151049163,false
1,56,21:45,75,02:30,19,1,,,0.0,false,14.8,240.28096236511013,false
1,56,21:45,76,02:45,20,1,,,0.0,false,14.8,240.7437736810573,false
1,56,21:45,77,03:00,21,1,,,0.0,false,14.8,241.20658499700443,false
1,56,21:45,78,03:15,22,1,,,0.0,false,14.8,241.66939631295156,false
1,56,21:45,79,03:30,23,1,,,0.0,false,14.8,242.1322076288987,false
1,56,21:45,80,03:45,24,1,,,0.0,false,14.8,242.59501894484583,false
1,56,21:45,81,04:00,25,1,,,0.0,false,14.8,243.05783026079297,false
1,56,21:45,82,04:15,26,1,,,0.0,false,14.8,243.5206415767401,false
1,56,21:45,83,04:30,27,1,,,0.0,false,14.8,243.98345289268724,false
1,56,21:45,84,04:45,28,1,,,0.0,false,14.8,244.44626420863437,false
1,56,21:45,85,05:00,29,1,,,0.0,false,14.8,244.9090755245815,false
1,56,21:45,86,05:15,30,1,,,0.0,false,14.8,245.37188684052865,false
1,56,21:45,87,05:30,31,1,,,0.0,false,14.8,245.83469815647578,false
1,56,21:45,88,05:45,32,1,,,0.0,false,14.8,246.29750947242292,false
1,56,21:45,89,06:00,33,1,,,0.0,false,14.8,246.76032078837005,false
1,56,21:45,90,06:15,34,1,,,0.0,false,14.8,247.2231321043172,false
1,56,21:45,91,06:30,35,1,,,0.0,false,14.8,247.68594342026432,false
1,56,21:45,92,06:45,36,1,,,0.0,false,14.8,248.14875473621146,false
1,56,21:45,93,07:00,37,1,,,0.0,false,14.8,248.6115660521586,false
1,56,21:45,94,07:15,38,1,,,0.0,false,14.8,249.07437736810573,false
1,56,21:45,95,07:30,39,1,,,0.0,false,14.8,249.53718868405286,false
1,56,21:45,96,07:45,40,1,,,0.0,false,14.8,250.0,false
1,57,22:00,57,22:00,0,1,,,0.0,false,14.8,232.64766224054907,false
1,57,22:00,58,22:15,1,1,,,0.0,false,14.8,233.1104735564962,false
1,57,22:00,59,22:30,2,1,,,0.0,false,14.8,233.57328487244334,false
1,57,22:00,60,22:45,3,1,,,0.0,false,14.8,234.03609618839047,false
1,57,22:00,61,23:00,4,1,,,0.0,false,14.8,234.26441525779734,false
1,57,22:00,62,23:15,5,1,,,0.0,false,14.8,234.7272265737445,false
1,57,22:00,63,23:30,6,1,,,0.0,false,14.8,235.19003788969164,false
1,57,22:00,64,23:45,7,1,,,0.0,false,14.8,235.19003788969164,false
1,57,22:00,65,00:00,8,1,,,0.0,false,14.8,235.65284920563877,false
1,57,22:00,66,00:15,9,1,,,0.0,false,14.8,236.1156605215859,false
1,57,22:00,67,00:30,10,1,,,0.0,false,14.8,236.57847183753304,false
1,57,22:00,68,00:45,11,1,,,0.0,false,14.8,237.04128315348018,false
1,57,22:00,69,01:00,12,1,,,0.0,false,14.8,237.50409446942732,false
1,57,22:00,70,01:15,13,1,,,0.0,false,14.8,237.96690578537445,false
1,57,22:00,71,01:30,14,1,,,0.0,false,14.8,238.4297171013216,false
1,57,22:00,72,01:45,15,1,,,0.0,false,14.8,238.89252841726872,false
1,57,22:00,73,02:00,16,1,,,0.0,false,14.8,239.35533973321586,false
1,57,22:00,74,02:15,17,1,,,0.0,false,14.8,239.818151049163,false
1,57,22:00,75,02:30,18,1,,,0.0,false,14.8,240.28096236511013,false
1,57,22:00,76,02:45,19,1,,,0.0,false,14.8,240.7437736810573,false
1,57,22:00,77,03:00,20,1,,,0.0,false,14.8,241.20658499700443,false
1,57,22:00,78,03:15,21,1,,,0.0,false,14.8,241.66939631295156,false
1,57,22:00,79,03:30,22,1,,,0.0,false,14.8,242.1322076288987,false
1,57,22:00,80,03:45,23,1,,,0.0,false,14.8,242.59501894484583,false
1,57,22:00,81,04:00,24,1,,,0.0,false,14.8,243.05783026079297,false
1,57,22:00,82,04:15,25,1,,,0.0,false,14.8,243.5206415767401,false
1,57,22:00,83,04:30,26,1,,,0.0,false,14.8,243.98345289268724,false
1,57,22:00,84,04:45,27,1,,,0.0,false,14.8,244.44626420863437,false
1,57,22:00,85,05:00,28,1,,,0.0,false,14.8,244.9090755245815,false
1,57,22:00,86,05:15,29,1,,,0.0,false,14.8,245.37188684052865,false
1,57,22:00,87,05:30,30,1,,,0.0,false,14.8,245.83469815647578,false
1,57,22:00,88,05:45,31,1,,,0.0,false,14.8,246.29750947242292,false
1,57,22:00,89,06:00,32,1,,,0.0,false,14.8,246.76032078837005,false
1,57,22:00,90,06:15,33,1,,,0.0,false,14.8,247.2231321043172,false
1,57,22:00,91,06:30,34,1,,,0.0,false,14.8,247.68594342026432,false
1,57,22:00,92,06:45,35,1,,,0.0,false,14.8,248.14875473621146,false
1,57,22:00,93,07:00,36,1,,,0.0,false,14.8,248.6115660521586,false
1,57,22:00,94,07:15,37,1,,,0.0,false,14.8,249.07437736810573,false
1,57,22:00,95,07:30,38,1,,,0.0,false,14.8,249.53718868405286,false
1,57,22:00,96,07:45,39,1,,,0.0,false,14.8,250.0,false
1,58,22:15,58,22:15,0,1,,,0.0,false,14.8,233.1104735564962,false
1,58,22:15,59,22:30,1,1,,,0.0,false,14.8,233.57328487244334,false
1,58,22:15,60,22:45,2,1,,,0.0,false,14.8,234.03609618839047,false
1,58,22:15,61,23:00,3,1,,,0.0,false,14.8,234.26441525779734,false
1,58,22:15,62,23:15,4,1,,,0.0,false,14.8,234.72722657374447,false
1,58,22:15,63,23:30,5,1,,,0.0,false,14.8,235.1900378896916,false
1,58,22:15,64,23:45,6,1,,,0.0,false,14.8,235.1900378896916,false
1,58,22:15,65,00:00,7,1,,,0.0,false,14.8,235.65284920563874,false
1,58,22:15,66,00:15,8,1,,,0.0,false,14.8,236.11566052158588,false
1,58,22:15,67,00:30,9,1,,,0.0,false,14.8,236.57847183753304,false
1,58,22:15,68,00:45,10,1,,,0.0,false,14.8,237.04128315348018,false
1,58,22:15,69,01:00,11,1,,,0.0,false,14.8,237.50409446942732,false
1,58,22:15,70,01:15,12,1,,,0.0,false,14.8,237.96690578537445,false
1,58,22:15,71,01:30,13,1,,,0.0,false,14.8,238.4297171013216,false
1,58,22:15,72,01:45,14,1,,,0.0,false,14.8,238.89252841726872,false
1,58,22:15,73,02:00,15,1,,,0.0,false,14.8,239.35533973321586,false
1,58,22:15,74,02:15,16,1,,,0.0,false,14.8,239.818151049163,false
1,58,22:15,75,02:30,17,1,,,0.0,false,14.8,240.28096236511013,false
1,58,22:15,76,02:45,18,1,,,0.0,false,14.8,240.7437736810573,false
1,58,22:15,77,03:00,19,1,,,0.0,false,14.8,241.20658499700443,false
1,58,22:15,78,03:15,20,1,,,0.0,false,14.8,241.66939631295156,false
1,58,22:15,79,03:30,21,1,,,0.0,false,14.8,242.1322076288987,false
1,58,22:15,80,03:45,22,1,,,0.0,false,14.8,242.59501894484583,false
1,58,22:15,81,04:00,23,1,,,0.0,false,14.8,243.05783026079297,false
1,58,22:15,82,04:15,24,1,,,0.0,false,14.8,243.5206415767401,false
1,58,22:15,83,04:30,25,1,,,0.0,false,14.8,243.98345289268724,false
1,58,22:15,84,04:45,26,1,,,0.0,false,14.8,244.44626420863437,false
1,58,22:15,85,05:00,27,1,,,0.0,false,14.8,244.9090755245815,false
1,58,22:15,86,05:15,28,1,,,0.0,false,14.8,245.37188684052865,false
1,58,22:15,87,05:30,29,1,,,0.0,false,14.8,245.83469815647578,false
1,58,22:15,88,05:45,30,1,,,0.0,false,14.8,246.29750947242292,false
1,58,22:15,89,06:00,31,1,,,0.0,false,14.8,246.76032078837005,false
1,58,22:15,90,06:15,32,1,,,0.0,false,14.8,247.2231321043172,false
1,58,22:15,91,06:30,33,1,,,0.0,false,14.8,247.68594342026432,false
1,58,22:15,92,06:45,34,1,,,0.0,false,14.8,248.14875473621146,false
1,58,22:15,93,07:00,35,1,,,0.0,false,14.8,248.6115660521586,false
1,58,22:15,94,07:15,36,1,,,0.0,false,14.8,249.07437736810573,false
1,58,22:15,95,07:30,37,1,,,0.0,false,14.8,249.53718868405286,false
1,58,22:15,96,07:45,38,1,,,0.0,false,14.8,250.0,false
1,59,22:30,59,22:30,0,1,,,0.0,false,14.8,233.57328487244334,false
1,59,22:30,60,22:45,1,1,,,0.0,false,14.8,234.03609618839047,false
1,59,22:30,61,23:00,2,1,,,0.0,false,14.8,234.26441525779734,false
1,59,22:30,62,23:15,3,1,,,0.0,false,14.8,234.72722657374447,false
1,59,22:30,63,23:30,4,1,,,0.0,false,14.8,235.1900378896916,false
1,59,22:30,64,23:45,5,1,,,0.0,false,14.8,235.1900378896916,false
1,59,22:30,65,00:00,6,1,,,0.0,false,14.8,235.65284920563874,false
1,59,22:30,66,00:15,7,1,,,0.0,false,14.8,236.11566052158588,false
1,59,22:30,67,00:30,8,1,,,0.0,false,14.8,236.57847183753302,false
1,59,22:30,68,00:45,9,1,,,0.0,false,14.8,237.04128315348015,false
1,59,22:30,69,01:00,10,1,,,0.0,false,14.8,237.5040944694273,false
1,59,22:30,70,01:15,11,1,,,0.0,false,14.8,237.96690578537442,false
1,59,22:30,71,01:30,12,1,,,0.0,false,14.8,238.42971710132156,false
1,59,22:30,72,01:45,13,1,,,0.0,false,14.8,238.8925284172687,false
1,59,22:30,73,02:00,14,1,,,0.0,false,14.8,239.35533973321583,false
1,59,22:30,74,02:15,15,1,,,0.0,false,14.8,239.81815104916296,false
1,59,22:30,75,02:30,16,1,,,0.0,false,14.8,240.2809623651101,false
1,59,22:30,76,02:45,17,1,,,0.0,false,14.8,240.7437736810573,false
1,59,22:30,77,03:00,18,1,,,0.0,false,14.8,241.20658499700443,false
1,59,22:30,78,03:15,19,1,,,0.0,false,14.8,241.66939631295156,false
1,59,22:30,79,03:30,20,1,,,0.0,false,14.8,242.1322076288987,false
1,59,22:30,80,03:45,21,1,,,0.0,false,14.8,242.59501894484583,false
1,59,22:30,81,04:00,22,1,,,0.0,false,14.8,243.05783026079297,false
1,59,22:30,82,04:15,23,1,,,0.0,false,14.8,243.5206415767401,false
1,59,22:30,83,04:30,24,1,,,0.0,false,14.8,243.98345289268724,false
1,59,22:30,84,04:45,25,1,,,0.0,false,14.8,244.44626420863437,false
1,59,22:30,85,05:00,26,1,,,0.0,false,14.8,244.9090755245815,false
1,59,22:30,86,05:15,27,1,,,0.0,false,14.8,245.37188684052865,false
1,59,22:30,87,05:30,28,1,,,0.0,false,14.8,245.83469815647578,false
1,59,22:30,88,05:45,29,1,,,0.0,false,14.8,246.29750947242292,false
1,59,22:30,89,06:00,30,1,,,0.0,false,14.8,246.76032078837005,false
1,59,22:30,90,06:15,31,1,,,0.0,false,14.8,247.2231321043172,false
1,59,22:30,91,06:30,32,1,,,0.0,false,14.8,247.68594342026432,false
1,59,22:30,92,06:45,33,1,,,0.0,false,14.8,248.14875473621146,false
1,59,22:30,93,07:00,34,1,,,0.0,false,14.8,248.6115660521586,false
1,59,22:30,94,07:15,35,1,,,0.0,false,14.8,249.07437736810573,false
1,59,22:30,95,07:30,36,1,,,0.0,false,14.8,249.53718868405286,false
1,59,22:30,96,07:45,37,1,,,0.0,false,14.8,250.0,false
1,60,22:45,60,22:45,0,1,,,0.0,false,14.8,234.03609618839047,false
1,60,22:45,61,23:00,1,1,,,0.0,false,14.8,234.26441525779734,false
1,60,22:45,62,23:15,2,1,,,0.0,false,14.8,234.72722657374447,false
1,60,22:45,63,23:30,3,1,,,0.0,false,14.8,235.1900378896916,false
1,60,22:45,64,23:45,4,1,,,0.0,false,14.8,235.1900378896916,false
1,60,22:45,65,00:00,5,1,,,0.0,false,14.8,235.65284920563874,false
1,60,22:45,66,00:15,6,1,,,0.0,false,14.8,236.11566052158588,false
1,60,22:45,67,00:30,7,1,,,0.0,false,14.8,236.57847183753302,false
1,60,22:45,68,00:45,8,1,,,0.0,false,14.8,237.04128315348015,false
1,60,22:45,69,01:00,9,1,,,0.0,false,14.8,237.5040944694273,false
1,60,22:45,70,01:15,10,1,,,0.0,false,14.8,237.96690578537442,false
1,60,22:45,71,01:30,11,1,,,0.0,false,14.8,238.42971710132156,false
1,60,22:45,72,01:45,12,1,,,0.0,false,14.8,238.8925284172687,false
1,60,22:45,73,02:00,13,1,,,0.0,false,14.8,239.35533973321583,false
1,60,22:45,74,02:15,14,1,,,0.0,false,14.8,239.81815104916296,false
1,60,22:45,75,02:30,15,1,,,0.0,false,14.8,240.2809623651101,false
1,60,22:45,76,02:45,16,1,,,0.0,false,14.8,240.7437736810573,false
1,60,22:45,77,03:00,17,1,,,0.0,false,14.8,241.20658499700443,false
1,60,22:45,78,03:15,18,1,,,0.0,false,14.8,241.66939631295156,false
1,60,22:45,79,03:30,19,1,,,0.0,false,14.8,242.1322076288987,false
1,60,22:45,80,03:45,20,1,,,0.0,false,14.8,242.59501894484583,false
1,60,22:45,81,04:00,21,1,,,0.0,false,14.8,243.05783026079297,false
1,60,22:45,82,04:15,22,1,,,0.0,false,14.8,243.5206415767401,false
1,60,22:45,83,04:30,23,1,,,0.0,false,14.8,243.98345289268724,false
1,60,22:45,84,04:45,24,1,,,0.0,false,14.8,244.44626420863437,false
1,60,22:45,85,05:00,25,1,,,0.0,false,14.8,244.9090755245815,false
1,60,22:45,86,05:15,26,1,,,0.0,false,14.8,245.37188684052865,false
1,60,22:45,87,05:30,27,1,,,0.0,false,14.8,245.83469815647578,false
1,60,22:45,88,05:45,28,1,,,0.0,false,14.8,246.29750947242292,false
1,60,22:45,89,06:00,29,1,,,0.0,false,14.8,246.76032078837005,false
1,60,22:45,90,06:15,30,1,,,0.0,false,14.8,247.2231321043172,false
1,60,22:45,91,06:30,31,1,,,0.0,false,14.8,247.68594342026432,false
1,60,22:45,92,06:45,32,1,,,0.0,false,14.8,248.14875473621146,false
1,60,22:45,93,07:00,33,1,,,0.0,false,14.8,248.6115660521586,false
1,60,22:45,94,07:15,34,1,,,0.0,false,14.8,249.07437736810573,false
1,60,22:45,95,07:30,35,1,,,0.0,false,14.8,249.53718868405286,false
1,60,22:45,96,07:45,36,1,,,0.0,false,14.8,250.0,false
1,61,23:00,61,23:00,0,1,,,0.0,false,14.8,234.26441525779734,false
1,61,23:00,62,23:15,1,1,,,0.0,false,14.8,234.72722657374447,false
1,61,23:00,63,23:30,2,1,,,0.0,false,14.8,235.1900378896916,false
1,61,23:00,64,23:45,3,1,,,0.0,false,14.8,235.1900378896916,false
1,61,23:00,65,00:00,4,1,,,0.0,false,14.8,235.65284920563874,false
1,61,23:00,66,00:15,5,1,,,0.0,false,14.8,236.11566052158588,false
1,61,23:00,67,00:30,6,1,,,0.0,false,14.8,236.57847183753302,false
1,61,23:00,68,00:45,7,1,,,0.0,false,14.8,237.04128315348015,false
1,61,23:00,69,01:00,8,1,,,0.0,false,14.8,237.5040944694273,false
1,61,23:00,70,01:15,9,1,,,0.0,false,14.8,237.96690578537442,false
1,61,23:00,71,01:30,10,1,,,0.0,false,14.8,238.42971710132156,false
1,61,23:00,72,01:45,11,1,,,0.0,false,14.8,238.8925284172687,false
1,61,23:00,73,02:00,12,1,,,0.0,false,14.8,239.35533973321583,false
1,61,23:00,74,02:15,13,1,,,0.0,false,14.8,239.81815104916296,false
1,61,23:00,75,02:30,14,1,,,0.0,false,14.8,240.2809623651101,false
1,61,23:00,76,02:45,15,1,,,0.0,false,14.8,240.74377368105723,false
1,61,23:00,77,03:00,16,1,,,0.0,false,14.8,241.20658499700437,false
1,61,23:00,78,03:15,17,1,,,0.0,false,14.8,241.66939631295156,false
1,61,23:00,79,03:30,18,1,,,0.0,false,14.8,242.1322076288987,false
1,61,23:00,80,03:45,19,1,,,0.0,false,14.8,242.59501894484583,false
1,61,23:00,81,04:00,20,1,,,0.0,false,14.8,243.05783026079297,false
1,61,23:00,82,04:15,21,1,,,0.0,false,14.8,243.5206415767401,false
1,61,23:00,83,04:30,22,1,,,0.0,false,14.8,243.98345289268724,false
1,61,23:00,84,04:45,23,1,,,0.0,false,14.8,244.44626420863437,false
1,61,23:00,85,05:00,24,1,,,0.0,false,14.8,244.9090755245815,false
1,61,23:00,86,05:15,25,1,,,0.0,false,14.8,245.37188684052865,false
1,61,23:00,87,05:30,26,1,,,0.0,false,14.8,245.83469815647578,false
1,61,23:00,88,05:45,27,1,,,0.0,false,14.8,246.29750947242292,false
1,61,23:00,89,06:00,28,1,,,0.0,false,14.8,246.76032078837005,false
1,61,23:00,90,06:15,29,1,,,0.0,false,14.8,247.2231321043172,false
1,61,23:00,91,06:30,30,1,,,0.0,false,14.8,247.68594342026432,false
1,61,23:00,92,06:45,31,1,,,0.0,false,14.8,248.14875473621146,false
1,61,23:00,93,07:00,32,1,,,0.0,false,14.8,248.6115660521586,false
1,61,23:00,94,07:15,33,1,,,0.0,false,14.8,249.07437736810573,false
1,61,23:00,95,07:30,34,1,,,0.0,false,14.8,249.53718868405286,false
1,61,23:00,96,07:45,35,1,,,0.0,false,14.8,250.0,false
1,62,23:15,62,23:15,0,1,,,0.0,false,14.8,234.72722657374447,false
1,62,23:15,63,23:30,1,1,,,0.0,false,14.8,235.1900378896916,false
1,62,23:15,64,23:45,2,1,,,0.0,false,14.8,235.1900378896916,false
1,62,23:15,65,00:00,3,1,,,0.0,false,14.8,235.65284920563874,false
1,62,23:15,66,00:15,4,1,,,0.0,false,14.8,236.11566052158588,false
1,62,23:15,67,00:30,5,1,,,0.0,false,14.8,236.57847183753302,false
1,62,23:15,68,00:45,6,1,,,0.0,false,14.8,237.04128315348015,false
1,62,23:15,69,01:00,7,1,,,0.0,false,14.8,237.50409446942732,false
1,62,23:15,70,01:15,8,1,,,0.0,false,14.8,237.96690578537445,false
1,62,23:15,71,01:30,9,1,,,0.0,false,14.8,238.4297171013216,false
1,62,23:15,72,01:45,10,1,,,0.0,false,14.8,238.89252841726872,false
1,62,23:15,73,02:00,11,1,,,0.0,false,14.8,239.35533973321586,false
1,62,23:15,74,02:15,12,1,,,0.0,false,14.8,239.818151049163,false
1,62,23:15,75,02:30,13,1,,,0.0,false,14.8,240.28096236511013,false
1,62,23:15,76,02:45,14,1,,,0.0,false,14.8,240.74377368105726,false
1,62,23:15,77,03:00,15,1,,,0.0,false,14.8,241.2065849970044,false
1,62,23:15,78,03:15,16,1,,,0.0,false,14.8,241.66939631295153,false
1,62,23:15,79,03:30,17,1,,,0.0,false,14.8,242.13220762889867,false
1,62,23:15,80,03:45,18,1,,,0.0,false,14.8,242.59501894484583,false
1,62,23:15,81,04:00,19,1,,,0.0,false,14.8,243.05783026079297,false
1,62,23:15,82,04:15,20,1,,,0.0,false,14.8,243.5206415767401,false
1,62,23:15,83,04:30,21,1,,,0.0,false,14.8,243.98345289268724,false
1,62,23:15,84,04:45,22,1,,,0.0,false,14.8,244.44626420863437,false
1,62,23:15,85,05:00,23,1,,,0.0,false,14.8,244.9090755245815,false
1,62,23:15,86,05:15,24,1,,,0.0,false,14.8,245.37188684052865,false
1,62,23:15,87,05:30,25,1,,,0.0,false,14.8,245.83469815647578,false
1,62,23:15,88,05:45,26,1,,,0.0,false,14.8,246.29750947242292,false
1,62,23:15,89,06:00,27,1,,,0.0,false,14.8,246.76032078837005,false
1,62,23:15,90,06:15,28,1,,,0.0,false,14.8,247.2231321043172,false
1,62,23:15,91,06:30,29,1,,,0.0,false,14.8,247.68594342026432,false
1,62,23:15,92,06:45,30,1,,,0.0,false,14.8,248.14875473621146,false
1,62,23:15,93,07:00,31,1,,,0.0,false,14.8,248.6115660521586,false
1,62,23:15,94,07:15,32,1,,,0.0,false,14.8,249.07437736810573,false
1,62,23:15,95,07:30,33,1,,,0.0,false,14.8,249.53718868405286,false
1,62,23:15,96,07:45,34,1,,,0.0,false,14.8,250.0,false
1,63,23:30,63,23:30,0,1,,,0.0,false,14.8,235.1900378896916,false
1,63,23:30,64,23:45,1,1,,,0.0,false,14.8,235.1900378896916,false
1,63,23:30,65,00:00,2,1,,,0.0,false,14.8,235.65284920563874,false
1,63,23:30,66,00:15,3,1,,,0.0,false,14.8,236.11566052158588,false
1,63,23:30,67,00:30,4,1,,,0.0,false,14.8,236.57847183753302,false
1,63,23:30,68,00:45,5,1,,,0.0,false,14.8,237.04128315348015,false
1,63,23:30,69,01:00,6,1,,,0.0,false,14.8,237.50409446942732,false
1,63,23:30,70,01:15,7,1,,,0.0,false,14.8,237.96690578537445,false
1,63,23:30,71,01:30,8,1,,,0.0,false,14.8,238.4297171013216,false
1,63,23:30,72,01:45,9,1,,,0.0,false,14.8,238.89252841726872,false
1,63,23:30,73,02:00,10,1,,,0.0,false,14.8,239.35533973321586,false
1,63,23:30,74,02:15,11,1,,,0.0,false,14.8,239.818151049163,false
1,63,23:30,75,02:30,12,1,,,0.0,false,14.8,240.28096236511013,false
1,63,23:30,76,02:45,13,1,,,0.0,false,14.8,240.74377368105726,false
1,63,23:30,77,03:00,14,1,,,0.0,false,14.8,241.2065849970044,false
1,63,23:30,78,03:15,15,1,,,0.0,false,14.8,241.66939631295153,false
1,63,23:30,79,03:30,16,1,,,0.0,false,14.8,242.13220762889867,false
1,63,23:30,80,03:45,17,1,,,0.0,false,14.8,242.5950189448458,false
1,63,23:30,81,04:00,18,1,,,0.0,false,14.8,243.05783026079294,false
1,63,23:30,82,04:15,19,1,,,0.0,false,14.8,243.52064157674008,false
1,63,23:30,83,04:30,20,1,,,0.0,false,14.8,243.9834528926872,false
1,63,23:30,84,04:45,21,1,,,0.0,false,14.8,244.44626420863435,false
1,63,23:30,85,05:00,22,1,,,0.0,false,14.8,244.90907552458148,false
1,63,23:30,86,05:15,23,1,,,0.0,false,14.8,245.37188684052862,false
1,63,23:30,87,05:30,24,1,,,0.0,false,14.8,245.83469815647575,false
1,63,23:30,88,05:45,25,1,,,0.0,false,14.8,246.2975094724229,false
1,63,23:30,89,06:00,26,1,,,0.0,false,14.8,246.76032078837005,false
1,63,23:30,90,06:15,27,1,,,0.0,false,14.8,247.2231321043172,false
1,63,23:30,91,06:30,28,1,,,0.0,false,14.8,247.68594342026432,false
1,63,23:30,92,06:45,29,1,,,0.0,false,14.8,248.14875473621146,false
1,63,23:30,93,07:00,30,1,,,0.0,false,14.8,248.6115660521586,false
1,63,23:30,94,07:15,31,1,,,0.0,false,14.8,249.07437736810573,false
1,63,23:30,95,07:30,32,1,,,0.0,false,14.8,249.53718868405286,false
1,63,23:30,96,07:45,33,1,,,0.0,false,14.8,250.0,false
1,64,23:45,64,23:45,0,1,,,0.0,false,14.8,235.1900378896916,false
1,64,23:45,65,00:00,1,1,,,0.0,false,14.8,235.65284920563874,false
1,64,23:45,66,00:15,2,1,,,0.0,false,14.8,236.11566052158588,false
1,64,23:45,67,00:30,3,1,,,0.0,false,14.8,236.57847183753304,false
1,64,23:45,68,00:45,4,1,,,0.0,false,14.8,237.04128315348018,false
1,64,23:45,69,01:00,5,1,,,0.0,false,14.8,237.50409446942732,false
1,64,23:45,70,01:15,6,1,,,0.0,false,14.8,237.96690578537445,false
1,64,23:45,71,01:30,7,1,,,0.0,false,14.8,238.4297171013216,false
1,64,23:45,72,01:45,8,1,,,0.0,false,14.8,238.89252841726872,false
1,64,23:45,73,02:00,9,1,,,0.0,false,14.8,239.35533973321586,false
1,64,23:45,74,02:15,10,1,,,0.0,false,14.8,239.818151049163,false
1,64,23:45,75,02:30,11,1,,,0.0,false,14.8,240.28096236511013,false
1,64,23:45,76,02:45,12,1,,,0.0,false,14.8,240.74377368105726,false
1,64,23:45,77,03:00,13,1,,,0.0,false,14.8,241.2065849970044,false
1,64,23:45,78,03:15,14,1,,,0.0,false,14.8,241.66939631295153,false
1,64,23:45,79,03:30,15,1,,,0.0,false,14.8,242.13220762889867,false
1,64,23:45,80,03:45,16,1,,,0.0,false,14.8,242.5950189448458,false
1,64,23:45,81,04:00,17,1,,,0.0,false,14.8,243.05783026079294,false
1,64,23:45,82,04:15,18,1,,,0.0,false,14.8,243.52064157674008,false
1,64,23:45,83,04:30,19,1,,,0.0,false,14.8,243.9834528926872,false
1,64,23:45,84,04:45,20,1,,,0.0,false,14.8,244.44626420863435,false
1,64,23:45,85,05:00,21,1,,,0.0,false,14.8,244.90907552458148,false
1,64,23:45,86,05:15,22,1,,,0.0,false,14.8,245.37188684052862,false
1,64,23:45,87,05:30,23,1,,,0.0,false,14.8,245.83469815647575,false
1,64,23:45,88,05:45,24,1,,,0.0,false,14.8,246.2975094724229,false
1,64,23:45,89,06:00,25,1,,,0.0,false,14.8,246.76032078837002,false
1,64,23:45,90,06:15,26,1,,,0.0,false,14.8,247.22313210431716,false
1,64,23:45,91,06:30,27,1,,,0.0,false,14.8,247.6859434202643,false
1,64,23:45,92,06:45,28,1,,,0.0,false,14.8,248.14875473621143,false
1,64,23:45,93,07:00,29,1,,,0.0,false,14.8,248.61156605215857,false
1,64,23:45,94,07:15,30,1,,,0.0,false,14.8,249.07437736810573,false
1,64,23:45,95,07:30,31,1,,,0.0,false,14.8,249.53718868405286,false
1,64,23:45,96,07:45,32,1,,,0.0,false,14.8,250.0,false
1,65,00:00,65,00:00,0,1,,,0.0,false,14.8,235.65284920563874,false
1,65,00:00,66,00:15,1,1,,,0.0,false,14.8,236.11566052158588,false
1,65,00:00,67,00:30,2,1,,,0.0,false,14.8,236.57847183753302,false
1,65,00:00,68,00:45,3,1,,,0.0,false,14.8,237.04128315348015,false
1,65,00:00,69,01:00,4,1,,,0.0,false,14.8,237.5040944694273,false
1,65,00:00,70,01:15,5,1,,,0.0,false,14.8,237.96690578537442,false
1,65,00:00,71,01:30,6,1,,,0.0,false,14.8,238.42971710132156,false
1,65,00:00,72,01:45,7,1,,,0.0,false,14.8,238.8925284172687,false
1,65,00:00,73,02:00,8,1,,,0.0,false,14.8,239.35533973321583,false
1,65,00:00,74,02:15,9,1,,,0.0,false,14.8,239.81815104916296,false
1,65,00:00,75,02:30,10,1,,,0.0,false,14.8,240.2809623651101,false
1,65,00:00,76,02:45,11,1,,,0.0,false,14.8,240.74377368105723,false
1,65,00:00,77,03:00,12,1,,,0.0,false,14.8,241.20658499700437,false
1,65,00:00,78,03:15,13,1,,,0.0,false,14.8,241.66939631295153,false
1,65,00:00,79,03:30,14,1,,,0.0,false,14.8,242.13220762889867,false
1,65,00:00,80,03:45,15,1,,,0.0,false,14.8,242.5950189448458,false
1,65,00:00,81,04:00,16,1,,,0.0,false,14.8,243.05783026079294,false
1,65,00:00,82,04:15,17,1,,,0.0,false,14.8,243.52064157674008,false
1,65,00:00,83,04:30,18,1,,,0.0,false,14.8,243.9834528926872,false
1,65,00:00,84,04:45,19,1,,,0.0,false,14.8,244.44626420863435,false
1,65,00:00,85,05:00,20,1,,,0.0,false,14.8,244.90907552458148,false
1,65,00:00,86,05:15,21,1,,,0.0,false,14.8,245.37188684052862,false
1,65,00:00,87,05:30,22,1,,,0.0,false,14.8,245.83469815647575,false
1,65,00:00,88,05:45,23,1,,,0.0,false,14.8,246.2975094724229,false
1,65,00:00,89,06:00,24,1,,,0.0,false,14.8,246.76032078837002,false
1,65,00:00,90,06:15,25,1,,,0.0,false,14.8,247.22313210431716,false
1,65,00:00,91,06:30,26,1,,,0.0,false,14.8,247.6859434202643,false
1,65,00:00,92,06:45,27,1,,,0.0,false,14.8,248.14875473621143,false
1,65,00:00,93,07:00,28,1,,,0.0,false,14.8,248.61156605215857,false
1,65,00:00,94,07:15,29,1,,,0.0,false,14.8,249.07437736810573,false
1,65,00:00,95,07:30,30,1,,,0.0,false,14.8,249.53718868405286,false
1,65,00:00,96,07:45,31,1,,,0.0,false,14.8,250.0,false
1,66,00:15,66,00:15,0,1,,,0.0,false,14.8,236.11566052158588,false
1,66,00:15,67,00:30,1,1,,,0.0,false,14.8,236.57847183753302,false
1,66,00:15,68,00:45,2,1,,,0.0,false,14.8,237.04128315348015,false
1,66,00:15,69,01:00,3,1,,,0.0,false,14.8,237.5040944694273,false
1,66,00:15,70,01:15,4,1,,,0.0,false,14.8,237.96690578537442,false
1,66,00:15,71,01:30,5,1,,,0.0,false,14.8,238.42971710132156,false
1,66,00:15,72,01:45,6,1,,,0.0,false,14.8,238.8925284172687,false
1,66,00:15,73,02:00,7,1,,,0.0,false,14.8,239.35533973321583,false
1,66,00:15,74,02:15,8,1,,,0.0,false,14.8,239.81815104916296,false
1,66,00:15,75,02:30,9,1,,,0.0,false,14.8,240.2809623651101,false
1,66,00:15,76,02:45,10,1,,,0.0,false,14.8,240.74377368105726,false
1,66,00:15,77,03:00,11,1,,,0.0,false,14.8,241.2065849970044,false
1,66,00:15,78,03:15,12,1,,,0.0,false,14.8,241.66939631295153,false
1,66,00:15,79,03:30,13,1,,,0.0,false,14.8,242.13220762889867,false
1,66,00:15,80,03:45,14,1,,,0.0,false,14.8,242.5950189448458,false
1,66,00:15,81,04:00,15,1,,,0.0,false,14.8,243.05783026079294,false
1,66,00:15,82,04:15,16,1,,,0.0,false,14.8,243.52064157674008,false
1,66,00:15,83,04:30,17,1,,,0.0,false,14.8,243.9834528926872,false
1,66,00:15,84,04:45,18,1,,,0.0,false,14.8,244.44626420863435,false
1,66,00:15,85,05:00,19,1,,,0.0,false,14.8,244.90907552458148,false
1,66,00:15,86,05:15,20,1,,,0.0,false,14.8,245.37188684052862,false
1,66,00:15,87,05:30,21,1,,,0.0,false,14.8,245.83469815647575,false
1,66,00:15,88,05:45,22,1,,,0.0,false,14.8,246.2975094724229,false
1,66,00:15,89,06:00,23,1,,,0.0,false,14.8,246.76032078837002,false
1,66,00:15,90,06:15,24,1,,,0.0,false,14.8,247.22313210431716,false
1,66,00:15,91,06:30,25,1,,,0.0,false,14.8,247.6859434202643,false
1,66,00:15,92,06:45,26,1,,,0.0,false,14.8,248.14875473621143,false
1,66,00:15,93,07:00,27,1,,,0.0,false,14.8,248.61156605215857,false
1,66,00:15,94,07:15,28,1,,,0.0,false,14.8,249.07437736810573,false
1,66,00:15,95,07:30,29,1,,,0.0,false,14.8,249.53718868405286,false
1,66,00:15,96,07:45,30,1,,,0.0,false,14.8,250.0,false
1,67,00:30,67,00:30,0,1,,,0.0,false,14.8,236.57847183753302,false
1,67,00:30,68,00:45,1,1,,,0.0,false,14.8,237.04128315348015,false
1,67,00:30,69,01:00,2,1,,,0.0,false,14.8,237.5040944694273,false
1,67,00:30,70,01:15,3,1,,,0.0,false,14.8,237.96690578537442,false
1,67,00:30,71,01:30,4,1,,,0.0,false,14.8,238.42971710132156,false
1,67,00:30,72,01:45,5,1,,,0.0,false,14.8,238.8925284172687,false
1,67,00:30,73,02:00,6,1,,,0.0,false,14.8,239.35533973321583,false
1,67,00:30,74,02:15,7,1,,,0.0,false,14.8,239.81815104916296,false
1,67,00:30,75,02:30,8,1,,,0.0,false,14.8,240.2809623651101,false
1,67,00:30,76,02:45,9,1,,,0.0,false,14.8,240.74377368105723,false
1,67,00:30,77,03:00,10,1,,,0.0,false,14.8,241.20658499700437,false
1,67,00:30,78,03:15,11,1,,,0.0,false,14.8,241.66939631295153,false
1,67,00:30,79,03:30,12,1,,,0.0,false,14.8,242.13220762889867,false
1,67,00:30,80,03:45,13,1,,,0.0,false,14.8,242.5950189448458,false
1,67,00:30,81,04:00,14,1,,,0.0,false,14.8,243.05783026079294,false
1,67,00:30,82,04:15,15,1,,,0.0,false,14.8,243.52064157674008,false
1,67,00:30,83,04:30,16,1,,,0.0,false,14.8,243.9834528926872,false
1,67,00:30,84,04:45,17,1,,,0.0,false,14.8,244.44626420863435,false
1,67,00:30,85,05:00,18,1,,,0.0,false,14.8,244.90907552458148,false
1,67,00:30,86,05:15,19,1,,,0.0,false,14.8,245.37188684052862,false
1,67,00:30,87,05:30,20,1,,,0.0,false,14.8,245.83469815647575,false
1,67,00:30,88,05:45,21,1,,,0.0,false,14.8,246.2975094724229,false
1,67,00:30,89,06:00,22,1,,,0.0,false,14.8,246.76032078837002,false
1,67,00:30,90,06:15,23,1,,,0.0,false,14.8,247.22313210431716,false
1,67,00:30,91,06:30,24,1,,,0.0,false,14.8,247.6859434202643,false
1,67,00:30,92,06:45,25,1,,,0.0,false,14.8,248.14875473621143,false
1,67,00:30,93,07:00,26,1,,,0.0,false,14.8,248.61156605215857,false
1,67,00:30,94,07:15,27,1,,,0.0,false,14.8,249.07437736810573,false
1,67,00:30,95,07:30,28,1,,,0.0,false,14.8,249.53718868405286,false
1,67,00:30,96,07:45,29,1,,,0.0,false,14.8,250.0,false
1,68,00:45,68,00:45,0,1,,,0.0,false,14.8,237.04128315348015,false
1,68,00:45,69,01:00,1,1,,,0.0,false,14.8,237.5040944694273,false
1,68,00:45,70,01:15,2,1,,,0.0,false,14.8,237.96690578537442,false
1,68,00:45,71,01:30,3,1,,,0.0,false,14.8,238.42971710132156,false
1,68,00:45,72,01:45,4,1,,,0.0,false,14.8,238.8925284172687,false
1,68,00:45,73,02:00,5,1,,,0.0,false,14.8,239.35533973321583,false
1,68,00:45,74,02:15,6,1,,,0.0,false,14.8,239.81815104916296,false
1,68,00:45,75,02:30,7,1,,,0.0,false,14.8,240.2809623651101,false
1,68,00:45,76,02:45,8,1,,,0.0,false,14.8,240.74377368105726,false
1,68,00:45,77,03:00,9,1,,,0.0,false,14.8,241.2065849970044,false
1,68,00:45,78,03:15,10,1,,,0.0,false,14.8,241.66939631295153,false
1,68,00:45,79,03:30,11,1,,,0.0,false,14.8,242.13220762889867,false
1,68,00:45,80,03:45,12,1,,,0.0,false,14.8,242.5950189448458,false
1,68,00:45,81,04:00,13,1,,,0.0,false,14.8,243.05783026079294,false
1,68,00:45,82,04:15,14,1,,,0.0,false,14.8,243.52064157674008,false
1,68,00:45,83,04:30,15,1,,,0.0,false,14.8,243.9834528926872,false
1,68,00:45,84,04:45,16,1,,,0.0,false,14.8,244.44626420863435,false
1,68,00:45,85,05:00,17,1,,,0.0,false,14.8,244.90907552458148,false
1,68,00:45,86,05:15,18,1,,,0.0,false,14.8,245.37188684052862,false
1,68,00:45,87,05:30,19,1,,,0.0,false,14.8,245.83469815647575,false
1,68,00:45,88,05:45,20,1,,,0.0,false,14.8,246.2975094724229,false
1,68,00:45,89,06:00,21,1,,,0.0,false,14.8,246.76032078837002,false
1,68,00:45,90,06:15,22,1,,,0.0,false,14.8,247.22313210431716,false
1,68,00:45,91,06:30,23,1,,,0.0,false,14.8,247.6859434202643,false
1,68,00:45,92,06:45,24,1,,,0.0,false,14.8,248.14875473621143,false
1,68,00:45,93,07:00,25,1,,,0.0,false,14.8,248.61156605215857,false
1,68,00:45,94,07:15,26,1,,,0.0,false,14.8,249.07437736810573,false
1,68,00:45,95,07:30,27,1,,,0.0,false,14.8,249.53718868405286,false
1,68,00:45,96,07:45,28,1,,,0.0,false,14.8,250.0,false
1,69,01:00,69,01:00,0,1,,,0.0,false,14.8,237.5040944694273,false
1,69,01:00,70,01:15,1,1,,,0.0,false,14.8,237.96690578537442,false
1,69,01:00,71,01:30,2,1,,,0.0,false,14.8,238.42971710132156,false
1,69,01:00,72,01:45,3,1,,,0.0,false,14.8,238.8925284172687,false
1,69,01:00,73,02:00,4,1,,,0.0,false,14.8,239.35533973321583,false
1,69,01:00,74,02:15,5,1,,,0.0,false,14.8,239.81815104916296,false
1,69,01:00,75,02:30,6,1,,,0.0,false,14.8,240.2809623651101,false
1,69,01:00,76,02:45,7,1,,,0.0,false,14.8,240.74377368105723,false
1,69,01:00,77,03:00,8,1,,,0.0,false,14.8,241.20658499700437,false
1,69,01:00,78,03:15,9,1,,,0.0,false,14.8,241.66939631295153,false
1,69,01:00,79,03:30,10,1,,,0.0,false,14.8,242.13220762889867,false
1,69,01:00,80,03:45,11,1,,,0.0,false,14.8,242.5950189448458,false
1,69,01:00,81,04:00,12,1,,,0.0,false,14.8,243.05783026079294,false
1,69,01:00,82,04:15,13,1,,,0.0,false,14.8,243.52064157674008,false
1,69,01:00,83,04:30,14,1,,,0.0,false,14.8,243.9834528926872,false
1,69,01:00,84,04:45,15,1,,,0.0,false,14.8,244.44626420863435,false
1,69,01:00,85,05:00,16,1,,,0.0,false,14.8,244.90907552458148,false
1,69,01:00,86,05:15,17,1,,,0.0,false,14.8,245.37188684052862,false
1,69,01:00,87,05:30,18,1,,,0.0,false,14.8,245.83469815647575,false
1,69,01:00,88,05:45,19,1,,,0.0,false,14.8,246.2975094724229,false
1,69,01:00,89,06:00,20,1,,,0.0,false,14.8,246.76032078837002,false
1,69,01:00,90,06:15,21,1,,,0.0,false,14.8,247.22313210431716,false
1,69,01:00,91,06:30,22,1,,,0.0,false,14.8,247.6859434202643,false
1,69,01:00,92,06:45,23,1,,,0.0,false,14.8,248.14875473621143,false
1,69,01:00,93,07:00,24,1,,,0.0,false,14.8,248.61156605215857,false
1,69,01:00,94,07:15,25,1,,,0.0,false,14.8,249.07437736810573,false
1,69,01:00,95,07:30,26,1,,,0.0,false,14.8,249.53718868405286,false
1,69,01:00,96,07:45,27,1,,,0.0,false,14.8,250.0,false
1,70,01:15,70,01:15,0,1,,,0.0,false,14.8,237.96690578537442,false
1,70,01:15,71,01:30,1,1,,,0.0,false,14.8,238.42971710132156,false
1,70,01:15,72,01:45,2,1,,,0.0,false,14.8,238.8925284172687,false
1,70,01:15,73,02:00,3,1,,,0.0,false,14.8,239.35533973321583,false
1,70,01:15,74,02:15,4,1,,,0.0,false,14.8,239.81815104916296,false
1,70,01:15,75,02:30,5,1,,,0.0,false,14.8,240.2809623651101,false
1,70,01:15,76,02:45,6,1,,,0.0,false,14.8,240.74377368105726,false
1,70,01:15,77,03:00,7,1,,,0.0,false,14.8,241.2065849970044,false
1,70,01:15,78,03:15,8,1,,,0.0,false,14.8,241.66939631295153,false
1,70,01:15,79,03:30,9,1,,,0.0,false,14.8,242.13220762889867,false
1,70,01:15,80,03:45,10,1,,,0.0,false,14.8,242.5950189448458,false
1,70,01:15,81,04:00,11,1,,,0.0,false,14.8,243.05783026079294,false
1,70,01:15,82,04:15,12,1,,,0.0,false,14.8,243.52064157674008,false
1,70,01:15,83,04:30,13,1,,,0.0,false,14.8,243.9834528926872,false
1,70,01:15,84,04:45,14,1,,,0.0,false,14.8,244.44626420863435,false
1,70,01:15,85,05:00,15,1,,,0.0,false,14.8,244.90907552458148,false
1,70,01:15,86,05:15,16,1,,,0.0,false,14.8,245.37188684052862,false
1,70,01:15,87,05:30,17,1,,,0.0,false,14.8,245.83469815647575,false
1,70,01:15,88,05:45,18,1,,,0.0,false,14.8,246.2975094724229,false
1,70,01:15,89,06:00,19,1,,,0.0,false,14.8,246.76032078837005,false
1,70,01:15,90,06:15,20,1,,,0.0,false,14.8,247.2231321043172,false
1,70,01:15,91,06:30,21,1,,,0.0,false,14.8,247.68594342026432,false
1,70,01:15,92,06:45,22,1,,,0.0,false,14.8,248.14875473621146,false
1,70,01:15,93,07:00,23,1,,,0.0,false,14.8,248.6115660521586,false
1,70,01:15,94,07:15,24,1,,,0.0,false,14.8,249.07437736810573,false
1,70,01:15,95,07:30,25,1,,,0.0,false,14.8,249.53718868405286,false
1,70,01:15,96,07:45,26,1,,,0.0,false,14.8,250.0,false
1,71,01:30,71,01:30,0,1,,,0.0,false,14.8,238.42971710132156,false
1,71,01:30,72,01:45,1,1,,,0.0,false,14.8,238.8925284172687,false
1,71,01:30,73,02:00,2,1,,,0.0,false,14.8,239.35533973321583,false
1,71,01:30,74,02:15,3,1,,,0.0,false,14.8,239.81815104916296,false
1,71,01:30,75,02:30,4,1,,,0.0,false,14.8,240.2809623651101,false
1,71,01:30,76,02:45,5,1,,,0.0,false,14.8,240.74377368105723,false
1,71,01:30,77,03:00,6,1,,,0.0,false,14.8,241.20658499700437,false
1,71,01:30,78,03:15,7,1,,,0.0,false,14.8,241.66939631295153,false
1,71,01:30,79,03:30,8,1,,,0.0,false,14.8,242.13220762889867,false
1,71,01:30,80,03:45,9,1,,,0.0,false,14.8,242.5950189448458,false
1,71,01:30,81,04:00,10,1,,,0.0,false,14.8,243.05783026079294,false
1,71,01:30,82,04:15,11,1,,,0.0,false,14.8,243.52064157674008,false
1,71,01:30,83,04:30,12,1,,,0.0,false,14.8,243.9834528926872,false
1,71,01:30,84,04:45,13,1,,,0.0,false,14.8,244.44626420863435,false
1,71,01:30,85,05:00,14,1,,,0.0,false,14.8,244.90907552458148,false
1,71,01:30,86,05:15,15,1,,,0.0,false,14.8,245.37188684052862,false
1,71,01:30,87,05:30,16,1,,,0.0,false,14.8,245.83469815647575,false
1,71,01:30,88,05:45,17,1,,,0.0,false,14.8,246.2975094724229,false
1,71,01:30,89,06:00,18,1,,,0.0,false,14.8,246.76032078837005,false
1,71,01:30,90,06:15,19,1,,,0.0,false,14.8,247.2231321043172,false
1,71,01:30,91,06:30,20,1,,,0.0,false,14.8,247.68594342026432,false
1,71,01:30,92,06:45,21,1,,,0.0,false,14.8,248.14875473621146,false
1,71,01:30,93,07:00,22,1,,,0.0,false,14.8,248.6115660521586,false
1,71,01:30,94,07:15,23,1,,,0.0,false,14.8,249.07437736810573,false
1,71,01:30,95,07:30,24,1,,,0.0,false,14.8,249.53718868405286,false
1,71,01:30,96,07:45,25,1,,,0.0,false,14.8,250.0,false
1,72,01:45,72,01:45,0,1,,,0.0,false,14.8,238.8925284172687,false
1,72,01:45,73,02:00,1,1,,,0.0,false,14.8,239.35533973321583,false
1,72,01:45,74,02:15,2,1,,,0.0,false,14.8,239.81815104916296,false
1,72,01:45,75,02:30,3,1,,,0.0,false,14.8,240.2809623651101,false
1,72,01:45,76,02:45,4,1,,,0.0,false,14.8,240.74377368105723,false
1,72,01:45,77,03:00,5,1,,,0.0,false,14.8,241.20658499700437,false
1,72,01:45,78,03:15,6,1,,,0.0,false,14.8,241.66939631295153,false
1,72,01:45,79,03:30,7,1,,,0.0,false,14.8,242.13220762889867,false
1,72,01:45,80,03:45,8,1,,,0.0,false,14.8,242.5950189448458,false
1,72,01:45,81,04:00,9,1,,,0.0,false,14.8,243.05783026079294,false
1,72,01:45,82,04:15,10,1,,,0.0,false,14.8,243.52064157674008,false
1,72,01:45,83,04:30,11,1,,,0.0,false,14.8,243.9834528926872,false
1,72,01:45,84,04:45,12,1,,,0.0,false,14.8,244.44626420863435,false
1,72,01:45,85,05:00,13,1,,,0.0,false,14.8,244.90907552458148,false
1,72,01:45,86,05:15,14,1,,,0.0,false,14.8,245.37188684052862,false
1,72,01:45,87,05:30,15,1,,,0.0,false,14.8,245.83469815647575,false
1,72,01:45,88,05:45,16,1,,,0.0,false,14.8,246.2975094724229,false
1,72,01:45,89,06:00,17,1,,,0.0,false,14.8,246.76032078837005,false
1,72,01:45,90,06:15,18,1,,,0.0,false,14.8,247.2231321043172,false
1,72,01:45,91,06:30,19,1,,,0.0,false,14.8,247.68594342026432,false
1,72,01:45,92,06:45,20,1,,,0.0,false,14.8,248.14875473621146,false
1,72,01:45,93,07:00,21,1,,,0.0,false,14.8,248.6115660521586,false
1,72,01:45,94,07:15,22,1,,,0.0,false,14.8,249.07437736810573,false
1,72,01:45,95,07:30,23,1,,,0.0,false,14.8,249.53718868405286,false
1,72,01:45,96,07:45,24,1,,,0.0,false,14.8,250.0,false
1,73,02:00,73,02:00,0,1,,,0.0,false,14.8,239.35533973321583,false
1,73,02:00,74,02:15,1,1,,,0.0,false,14.8,239.81815104916296,false
1,73,02:00,75,02:30,2,1,,,0.0,false,14.8,240.2809623651101,false
1,73,02:00,76,02:45,3,1,,,0.0,false,14.8,240.74377368105726,false
1,73,02:00,77,03:00,4,1,,,0.0,false,14.8,241.2065849970044,false
1,73,02:00,78,03:15,5,1,,,0.0,false,14.8,241.66939631295153,false
1,73,02:00,79,03:30,6,1,,,0.0,false,14.8,242.13220762889867,false
1,73,02:00,80,03:45,7,1,,,0.0,false,14.8,242.5950189448458,false
1,73,02:00,81,04:00,8,1,,,0.0,false,14.8,243.05783026079294,false
1,73,02:00,82,04:15,9,1,,,0.0,false,14.8,243.52064157674008,false
1,73,02:00,83,04:30,10,1,,,0.0,false,14.8,243.9834528926872,false
1,73,02:00,84,04:45,11,1,,,0.0,false,14.8,244.44626420863435,false
1,73,02:00,85,05:00,12,1,,,0.0,false,14.8,244.90907552458148,false
1,73,02:00,86,05:15,13,1,,,0.0,false,14.8,245.37188684052862,false
1,73,02:00,87,05:30,14,1,,,0.0,false,14.8,245.83469815647575,false
1,73,02:00,88,05:45,15,1,,,0.0,false,14.8,246.2975094724229,false
1,73,02:00,89,06:00,16,1,,,0.0,false,14.8,246.76032078837005,false
1,73,02:00,90,06:15,17,1,,,0.0,false,14.8,247.2231321043172,false
1,73,02:00,91,06:30,18,1,,,0.0,false,14.8,247.68594342026432,false
1,73,02:00,92,06:45,19,1,,,0.0,false,14.8,248.14875473621146,false
1,73,02:00,93,07:00,20,1,,,0.0,false,14.8,248.6115660521586,false
1,73,02:00,94,07:15,21,1,,,0.0,false,14.8,249.07437736810573,false
1,73,02:00,95,07:30,22,1,,,0.0,false,14.8,249.53718868405286,false
1,73,02:00,96,07:45,23,1,,,0.0,false,14.8,250.0,false
1,74,02:15,74,02:15,0,1,,,0.0,false,14.8,239.81815104916296,false
1,74,02:15,75,02:30,1,1,,,0.0,false,14.8,240.2809623651101,false
1,74,02:15,76,02:45,2,1,,,0.0,false,14.8,240.74377368105723,false
1,74,02:15,77,03:00,3,1,,,0.0,false,14.8,241.20658499700437,false
1,74,02:15,78,03:15,4,1,,,0.0,false,14.8,241.6693963129515,false
1,74,02:15,79,03:30,5,1,,,0.0,false,14.8,242.13220762889864,false
1,74,02:15,80,03:45,6,1,,,0.0,false,14.8,242.59501894484578,false
1,74,02:15,81,04:00,7,1,,,0.0,false,14.8,243.0578302607929,false
1,74,02:15,82,04:15,8,1,,,0.0,false,14.8,243.52064157674005,false
1,74,02:15,83,04:30,9,1,,,0.0,false,14.8,243.98345289268718,false
1,74,02:15,84,04:45,10,1,,,0.0,false,14.8,244.44626420863432,false
1,74,02:15,85,05:00,11,1,,,0.0,false,14.8,244.90907552458145,false
1,74,02:15,86,05:15,12,1,,,0.0,false,14.8,245.3718868405286,false
1,74,02:15,87,05:30,13,1,,,0.0,false,14.8,245.83469815647575,false
1,74,02:15,88,05:45,14,1,,,0.0,false,14.8,246.2975094724229,false
1,74,02:15,89,06:00,15,1,,,0.0,false,14.8,246.76032078837005,false
1,74,02:15,90,06:15,16,1,,,0.0,false,14.8,247.2231321043172,false
1,74,02:15,91,06:30,17,1,,,0.0,false,14.8,247.68594342026432,false
1,74,02:15,92,06:45,18,1,,,0.0,false,14.8,248.14875473621146,false
1,74,02:15,93,07:00,19,1,,,0.0,false,14.8,248.6115660521586,false
1,74,02:15,94,07:15,20,1,,,0.0,false,14.8,249.07437736810573,false
1,74,02:15,95,07:30,21,1,,,0.0,false,14.8,249.53718868405286,false
1,74,02:15,96,07:45,22,1,,,0.0,false,14.8,250.0,false
1,75,02:30,75,02:30,0,1,,,0.0,false,14.8,240.2809623651101,false
1,75,02:30,76,02:45,1,1,,,0.0,false,14.8,240.74377368105723,false
1,75,02:30,77,03:00,2,1,,,0.0,false,14.8,241.20658499700437,false
1,75,02:30,78,03:15,3,1,,,0.0,false,14.8,241.66939631295153,false
1,75,02:30,79,03:30,4,1,,,0.0,false,14.8,242.13220762889867,false
1,75,02:30,80,03:45,5,1,,,0.0,false,14.8,242.5950189448458,false
1,75,02:30,81,04:00,6,1,,,0.0,false,14.8,243.05783026079294,false
1,75,02:30,82,04:15,7,1,,,0.0,false,14.8,243.52064157674008,false
1,75,02:30,83,04:30,8,1,,,0.0,false,14.8,243.9834528926872,false
1,75,02:30,84,04:45,9,1,,,0.0,false,14.8,244.44626420863435,false
1,75,02:30,85,05:00,10,1,,,0.0,false,14.8,244.90907552458148,false
1,75,02:30,86,05:15,11,1,,,0.0,false,14.8,245.37188684052862,false
1,75,02:30,87,05:30,12,1,,,0.0,false,14.8,245.83469815647575,false
1,75,02:30,88,05:45,13,1,,,0.0,false,14.8,246.2975094724229,false
1,75,02:30,89,06:00,14,1,,,0.0,false,14.8,246.76032078837005,false
1,75,02:30,90,06:15,15,1,,,0.0,false,14.8,247.2231321043172,false
1,75,02:30,91,06:30,16,1,,,0.0,false,14.8,247.68594342026432,false
1,75,02:30,92,06:45,17,1,,,0.0,false,14.8,248.14875473621146,false
1,75,02:30,93,07:00,18,1,,,0.0,false,14.8,248.6115660521586,false
1,75,02:30,94,07:15,19,1,,,0.0,false,14.8,249.07437736810573,false
1,75,02:30,95,07:30,20,1,,,0.0,false,14.8,249.53718868405286,false
1,75,02:30,96,07:45,21,1,,,0.0,false,14.8,250.0,false
1,76,02:45,76,02:45,0,1,,,0.0,false,14.8,240.74377368105723,false
1,76,02:45,77,03:00,1,1,,,0.0,false,14.8,241.20658499700437,false
1,76,02:45,78,03:15,2,1,,,0.0,false,14.8,241.6693963129515,false
1,76,02:45,79,03:30,3,1,,,0.0,false,14.8,242.13220762889864,false
1,76,02:45,80,03:45,4,1,,,0.0,false,14.8,242.59501894484578,false
1,76,02:45,81,04:00,5,1,,,0.0,false,14.8,243.0578302607929,false
1,76,02:45,82,04:15,6,1,,,0.0,false,14.8,243.52064157674005,false
1,76,02:45,83,04:30,7,1,,,0.0,false,14.8,243.98345289268718,false
1,76,02:45,84,04:45,8,1,,,0.0,false,14.8,244.44626420863432,false
1,76,02:45,85,05:00,9,1,,,0.0,false,14.8,244.90907552458145,false
1,76,02:45,86,05:15,10,1,,,0.0,false,14.8,245.3718868405286,false
1,76,02:45,87,05:30,11,1,,,0.0,false,14.8,245.83469815647575,false
1,76,02:45,88,05:45,12,1,,,0.0,false,14.8,246.2975094724229,false
1,76,02:45,89,06:00,13,1,,,0.0,false,14.8,246.76032078837005,false
1,76,02:45,90,06:15,14,1,,,0.0,false,14.8,247.2231321043172,false
1,76,02:45,91,06:30,15,1,,,0.0,false,14.8,247.68594342026432,false
1,76,02:45,92,06:45,16,1,,,0.0,false,14.8,248.14875473621146,false
1,76,02:45,93,07:00,17,1,,,0.0,false,14.8,248.6115660521586,false
1,76,02:45,94,07:15,18,1,,,0.0,false,14.8,249.07437736810573,false
1,76,02:45,95,07:30,19,1,,,0.0,false,14.8,249.53718868405286,false
1,76,02:45,96,07:45,20,1,,,0.0,false,14.8,250.0,false
1,77,03:00,77,03:00,0,1,,,0.0,false,14.8,241.20658499700437,false
1,77,03:00,78,03:15,1,1,,,0.0,false,14.8,241.6693963129515,false
1,77,03:00,79,03:30,2,1,,,0.0,false,14.8,242.13220762889864,false
1,77,03:00,80,03:45,3,1,,,0.0,false,14.8,242.59501894484578,false
1,77,03:00,81,04:00,4,1,,,0.0,false,14.8,243.0578302607929,false
1,77,03:00,82,04:15,5,1,,,0.0,false,14.8,243.52064157674005,false
1,77,03:00,83,04:30,6,1,,,0.0,false,14.8,243.98345289268718,false
1,77,03:00,84,04:45,7,1,,,0.0,false,14.8,244.44626420863432,false
1,77,03:00,85,05:00,8,1,,,0.0,false,14.8,244.90907552458148,false
1,77,03:00,86,05:15,9,1,,,0.0,false,14.8,245.37188684052862,false
1,77,03:00,87,05:30,10,1,,,0.0,false,14.8,245.83469815647575,false
1,77,03:00,88,05:45,11,1,,,0.0,false,14.8,246.2975094724229,false
1,77,03:00,89,06:00,12,1,,,0.0,false,14.8,246.76032078837005,false
1,77,03:00,90,06:15,13,1,,,0.0,false,14.8,247.2231321043172,false
1,77,03:00,91,06:30,14,1,,,0.0,false,14.8,247.68594342026432,false
1,77,03:00,92,06:45,15,1,,,0.0,false,14.8,248.14875473621146,false
1,77,03:00,93,07:00,16,1,,,0.0,false,14.8,248.6115660521586,false
1,77,03:00,94,07:15,17,1,,,0.0,false,14.8,249.07437736810573,false
1,77,03:00,95,07:30,18,1,,,0.0,false,14.8,249.53718868405286,false
1,77,03:00,96,07:45,19,1,,,0.0,false,14.8,250.0,false
1,78,03:15,78,03:15,0,1,,,0.0,false,14.8,241.6693963129515,false
1,78,03:15,79,03:30,1,1,,,0.0,false,14.8,242.13220762889864,false
1,78,03:15,80,03:45,2,1,,,0.0,false,14.8,242.59501894484578,false
1,78,03:15,81,04:00,3,1,,,0.0,false,14.8,243.0578302607929,false
1,78,03:15,82,04:15,4,1,,,0.0,false,14.8,243.52064157674005,false
1,78,03:15,83,04:30,5,1,,,0.0,false,14.8,243.98345289268718,false
1,78,03:15,84,04:45,6,1,,,0.0,false,14.8,244.44626420863432,false
1,78,03:15,85,05:00,7,1,,,0.0,false,14.8,244.90907552458145,false
1,78,03:15,86,05:15,8,1,,,0.0,false,14.8,245.3718868405286,false
1,78,03:15,87,05:30,9,1,,,0.0,false,14.8,245.83469815647575,false
1,78,03:15,88,05:45,10,1,,,0.0,false,14.8,246.2975094724229,false
1,78,03:15,89,06:00,11,1,,,0.0,false,14.8,246.76032078837005,false
1,78,03:15,90,06:15,12,1,,,0.0,false,14.8,247.2231321043172,false
1,78,03:15,91,06:30,13,1,,,0.0,false,14.8,247.68594342026432,false
1,78,03:15,92,06:45,14,1,,,0.0,false,14.8,248.14875473621146,false
1,78,03:15,93,07:00,15,1,,,0.0,false,14.8,248.6115660521586,false
1,78,03:15,94,07:15,16,1,,,0.0,false,14.8,249.07437736810573,false
1,78,03:15,95,07:30,17,1,,,0.0,false,14.8,249.53718868405286,false
1,78,03:15,96,07:45,18,1,,,0.0,false,14.8,250.0,false
1,79,03:30,79,03:30,0,1,,,0.0,false,14.8,242.13220762889864,false
1,79,03:30,80,03:45,1,1,,,0.0,false,14.8,242.59501894484578,false
1,79,03:30,81,04:00,2,1,,,0.0,false,14.8,243.0578302607929,false
1,79,03:30,82,04:15,3,1,,,0.0,false,14.8,243.52064157674005,false
1,79,03:30,83,04:30,4,1,,,0.0,false,14.8,243.98345289268718,false
1,79,03:30,84,04:45,5,1,,,0.0,false,14.8,244.44626420863432,false
1,79,03:30,85,05:00,6,1,,,0.0,false,14.8,244.90907552458148,false
1,79,03:30,86,05:15,7,1,,,0.0,false,14.8,245.37188684052862,false
1,79,03:30,87,05:30,8,1,,,0.0,false,14.8,245.83469815647575,false
1,79,03:30,88,05:45,9,1,,,0.0,false,14.8,246.2975094724229,false
1,79,03:30,89,06:00,10,1,,,0.0,false,14.8,246.76032078837005,false
1,79,03:30,90,06:15,11,1,,,0.0,false,14.8,247.2231321043172,false
1,79,03:30,91,06:30,12,1,,,0.0,false,14.8,247.68594342026432,false
1,79,03:30,92,06:45,13,1,,,0.0,false,14.8,248.14875473621146,false
1,79,03:30,93,07:00,14,1,,,0.0,false,14.8,248.6115660521586,false
1,79,03:30,94,07:15,15,1,,,0.0,false,14.8,249.07437736810573,false
1,79,03:30,95,07:30,16,1,,,0.0,false,14.8,249.53718868405286,false
1,79,03:30,96,07:45,17,1,,,0.0,false,14.8,250.0,false
1,80,03:45,80,03:45,0,1,,,0.0,false,14.8,242.59501894484578,false
1,80,03:45,81,04:00,1,1,,,0.0,false,14.8,243.0578302607929,false
1,80,03:45,82,04:15,2,1,,,0.0,false,14.8,243.52064157674005,false
1,80,03:45,83,04:30,3,1,,,0.0,false,14.8,243.98345289268718,false
1,80,03:45,84,04:45,4,1,,,0.0,false,14.8,244.44626420863432,false
1,80,03:45,85,05:00,5,1,,,0.0,false,14.8,244.90907552458145,false
1,80,03:45,86,05:15,6,1,,,0.0,false,14.8,245.3718868405286,false
1,80,03:45,87,05:30,7,1,,,0.0,false,14.8,245.83469815647575,false
1,80,03:45,88,05:45,8,1,,,0.0,false,14.8,246.2975094724229,false
1,80,03:45,89,06:00,9,1,,,0.0,false,14.8,246.76032078837005,false
1,80,03:45,90,06:15,10,1,,,0.0,false,14.8,247.2231321043172,false
1,80,03:45,91,06:30,11,1,,,0.0,false,14.8,247.68594342026432,false
1,80,03:45,92,06:45,12,1,,,0.0,false,14.8,248.14875473621146,false
1,80,03:45,93,07:00,13,1,,,0.0,false,14.8,248.6115660521586,false
1,80,03:45,94,07:15,14,1,,,0.0,false,14.8,249.07437736810573,false
1,80,03:45,95,07:30,15,1,,,0.0,false,14.8,249.53718868405286,false
1,80,03:45,96,07:45,16,1,,,0.0,false,14.8,250.0,false
1,81,04:00,81,04:00,0,1,,,0.0,false,14.8,243.0578302607929,false
1,81,04:00,82,04:15,1,1,,,0.0,false,14.8,243.52064157674005,false
1,81,04:00,83,04:30,2,1,,,0.0,false,14.8,243.98345289268718,false
1,81,04:00,84,04:45,3,1,,,0.0,false,14.8,244.44626420863432,false
1,81,04:00,85,05:00,4,1,,,0.0,false,14.8,244.90907552458145,false
1,81,04:00,86,05:15,5,1,,,0.0,false,14.8,245.3718868405286,false
1,81,04:00,87,05:30,6,1,,,0.0,false,14.8,245.83469815647575,false
1,81,04:00,88,05:45,7,1,,,0.0,false,14.8,246.2975094724229,false
1,81,04:00,89,06:00,8,1,,,0.0,false,14.8,246.76032078837005,false
1,81,04:00,90,06:15,9,1,,,0.0,false,14.8,247.2231321043172,false
1,81,04:00,91,06:30,10,1,,,0.0,false,14.8,247.68594342026432,false
1,81,04:00,92,06:45,11,1,,,0.0,false,14.8,248.14875473621146,false
1,81,04:00,93,07:00,12,1,,,0.0,false,14.8,248.6115660521586,false
1,81,04:00,94,07:15,13,1,,,0.0,false,14.8,249.07437736810573,false
1,81,04:00,95,07:30,14,1,,,0.0,false,14.8,249.53718868405286,false
1,81,04:00,96,07:45,15,1,,,0.0,false,14.8,250.0,false
1,82,04:15,82,04:15,0,1,,,0.0,false,14.8,243.52064157674005,false
1,82,04:15,83,04:30,1,1,,,0.0,false,14.8,243.98345289268718,false
1,82,04:15,84,04:45,2,1,,,0.0,false,14.8,244.44626420863432,false
1,82,04:15,85,05:00,3,1,,,0.0,false,14.8,244.90907552458145,false
1,82,04:15,86,05:15,4,1,,,0.0,false,14.8,245.3718868405286,false
1,82,04:15,87,05:30,5,1,,,0.0,false,14.8,245.83469815647572,false
1,82,04:15,88,05:45,6,1,,,0.0,false,14.8,246.29750947242286,false
1,82,04:15,89,06:00,7,1,,,0.0,false,14.8,246.76032078837002,false
1,82,04:15,90,06:15,8,1,,,0.0,false,14.8,247.22313210431716,false
1,82,04:15,91,06:30,9,1,,,0.0,false,14.8,247.6859434202643,false
1,82,04:15,92,06:45,10,1,,,0.0,false,14.8,248.14875473621143,false
1,82,04:15,93,07:00,11,1,,,0.0,false,14.8,248.61156605215857,false
1,82,04:15,94,07:15,12,1,,,0.0,false,14.8,249.07437736810573,false
1,82,04:15,95,07:30,13,1,,,0.0,false,14.8,249.53718868405286,false
1,82,04:15,96,07:45,14,1,,,0.0,false,14.8,250.0,false
1,83,04:30,83,04:30,0,1,,,0.0,false,14.8,243.98345289268718,false
1,83,04:30,84,04:45,1,1,,,0.0,false,14.8,244.44626420863432,false
1,83,04:30,85,05:00,2,1,,,0.0,false,14.8,244.90907552458145,false
1,83,04:30,86,05:15,3,1,,,0.0,false,14.8,245.3718868405286,false
1,83,04:30,87,05:30,4,1,,,0.0,false,14.8,245.83469815647575,false
1,83,04:30,88,05:45,5,1,,,0.0,false,14.8,246.2975094724229,false
1,83,04:30,89,06:00,6,1,,,0.0,false,14.8,246.76032078837005,false
1,83,04:30,90,06:15,7,1,,,0.0,false,14.8,247.2231321043172,false
1,83,04:30,91,06:30,8,1,,,0.0,false,14.8,247.68594342026432,false
1,83,04:30,92,06:45,9,1,,,0.0,false,14.8,248.14875473621146,false
1,83,04:30,93,07:00,10,1,,,0.0,false,14.8,248.6115660521586,false
1,83,04:30,94,07:15,11,1,,,0.0,false,14.8,249.07437736810573,false
1,83,04:30,95,07:30,12,1,,,0.0,false,14.8,249.53718868405286,false
1,83,04:30,96,07:45,13,1,,,0.0,false,14.8,250.0,false
1,84,04:45,84,04:45,0,1,,,0.0,false,14.8,244.44626420863432,false
1,84,04:45,85,05:00,1,1,,,0.0,false,14.8,244.90907552458145,false
1,84,04:45,86,05:15,2,1,,,0.0,false,14.8,245.3718868405286,false
1,84,04:45,87,05:30,3,1,,,0.0,false,14.8,245.83469815647575,false
1,84,04:45,88,05:45,4,1,,,0.0,false,14.8,246.2975094724229,false
1,84,04:45,89,06:00,5,1,,,0.0,false,14.8,246.76032078837005,false
1,84,04:45,90,06:15,6,1,,,0.0,false,14.8,247.2231321043172,false
1,84,04:45,91,06:30,7,1,,,0.0,false,14.8,247.68594342026432,false
1,84,04:45,92,06:45,8,1,,,0.0,false,14.8,248.14875473621146,false
1,84,04:45,93,07:00,9,1,,,0.0,false,14.8,248.6115660521586,false
1,84,04:45,94,07:15,10,1,,,0.0,false,14.8,249.07437736810573,false
1,84,04:45,95,07:30,11,1,,,0.0,false,14.8,249.53718868405286,false
1,84,04:45,96,07:45,12,1,,,0.0,false,14.8,250.0,false
1,85,05:00,85,05:00,0,1,,,0.0,false,14.8,244.90907552458145,false
1,85,05:00,86,05:15,1,1,,,0.0,false,14.8,245.3718868405286,false
1,85,05:00,87,05:30,2,1,,,0.0,false,14.8,245.83469815647572,false
1,85,05:00,88,05:45,3,1,,,0.0,false,14.8,246.29750947242286,false
1,85,05:00,89,06:00,4,1,,,0.0,false,14.8,246.76032078837005,false
1,85,05:00,90,06:15,5,1,,,0.0,false,14.8,247.2231321043172,false
1,85,05:00,91,06:30,6,1,,,0.0,false,14.8,247.68594342026432,false
1,85,05:00,92,06:45,7,1,,,0.0,false,14.8,248.14875473621146,false
1,85,05:00,93,07:00,8,1,,,0.0,false,14.8,248.6115660521586,false
1,85,05:00,94,07:15,9,1,,,0.0,false,14.8,249.07437736810573,false
1,85,05:00,95,07:30,10,1,,,0.0,false,14.8,249.53718868405286,false
1,85,05:00,96,07:45,11,1,,,0.0,false,14.8,250.0,false
1,86,05:15,86,05:15,0,1,,,0.0,false,14.8,245.3718868405286,false
1,86,05:15,87,05:30,1,1,,,0.0,false,14.8,245.83469815647572,false
1,86,05:15,88,05:45,2,1,,,0.0,false,14.8,246.29750947242286,false
1,86,05:15,89,06:00,3,1,,,0.0,false,14.8,246.76032078837005,false
1,86,05:15,90,06:15,4,1,,,0.0,false,14.8,247.2231321043172,false
1,86,05:15,91,06:30,5,1,,,0.0,false,14.8,247.68594342026432,false
1,86,05:15,92,06:45,6,1,,,0.0,false,14.8,248.14875473621146,false
1,86,05:15,93,07:00,7,1,,,0.0,false,14.8,248.6115660521586,false
1,86,05:15,94,07:15,8,1,,,0.0,false,14.8,249.07437736810573,false
1,86,05:15,95,07:30,9,1,,,0.0,false,14.8,249.53718868405286,false
1,86,05:15,96,07:45,10,1,,,0.0,false,14.8,250.0,false
1,87,05:30,87,05:30,0,1,,,0.0,false,14.8,245.83469815647572,false
1,87,05:30,88,05:45,1,1,,,0.0,false,14.8,246.29750947242286,false
1,87,05:30,89,06:00,2,1,,,0.0,false,14.8,246.76032078837005,false
1,87,05:30,90,06:15,3,1,,,0.0,false,14.8,247.2231321043172,false
1,87,05:30,91,06:30,4,1,,,0.0,false,14.8,247.68594342026432,false
1,87,05:30,92,06:45,5,1,,,0.0,false,14.8,248.14875473621146,false
1,87,05:30,93,07:00,6,1,,,0.0,false,14.8,248.6115660521586,false
1,87,05:30,94,07:15,7,1,,,0.0,false,14.8,249.07437736810573,false
1,87,05:30,95,07:30,8,1,,,0.0,false,14.8,249.53718868405286,false
1,87,05:30,96,07:45,9,1,,,0.0,false,14.8,250.0,false
1,88,05:45,88,05:45,0,1,,,0.0,false,14.8,246.29750947242286,false
1,88,05:45,89,06:00,1,1,,,0.0,false,14.8,246.76032078837005,false
1,88,05:45,90,06:15,2,1,,,0.0,false,14.8,247.2231321043172,false
1,88,05:45,91,06:30,3,1,,,0.0,false,14.8,247.68594342026432,false
1,88,05:45,92,06:45,4,1,,,0.0,false,14.8,248.14875473621146,false
1,88,05:45,93,07:00,5,1,,,0.0,false,14.8,248.6115660521586,false
1,88,05:45,94,07:15,6,1,,,0.0,false,14.8,249.07437736810573,false
1,88,05:45,95,07:30,7,1,,,0.0,false,14.8,249.53718868405286,false
1,88,05:45,96,07:45,8,1,,,0.0,false,14.8,250.0,false
1,89,06:00,89,06:00,0,1,,,0.0,false,14.8,246.76032078837005,false
1,89,06:00,90,06:15,1,1,,,0.0,false,14.8,247.2231321043172,false
1,89,06:00,91,06:30,2,1,,,0.0,false,14.8,247.68594342026432,false
1,89,06:00,92,06:45,3,1,,,0.0,false,14.8,248.14875473621146,false
1,89,06:00,93,07:00,4,1,,,0.0,false,14.8,248.6115660521586,false
1,89,06:00,94,07:15,5,1,,,0.0,false,14.8,249.07437736810573,false
1,89,06:00,95,07:30,6,1,,,0.0,false,14.8,249.53718868405286,false
1,89,06:00,96,07:45,7,1,,,0.0,false,14.8,250.0,false
1,90,06:15,90,06:15,0,1,,,0.0,false,14.8,247.2231321043169,false
1,90,06:15,91,06:30,1,1,,,0.0,false,14.8,247.6859434202641,false
1,90,06:15,92,06:45,2,1,,,0.0,false,14.8,248.14875473621126,false
1,90,06:15,93,07:00,3,1,,,0.0,false,14.8,248.61156605215845,false
1,90,06:15,94,07:15,4,1,,,0.0,false,14.8,249.07437736810564,false
1,90,06:15,95,07:30,5,1,,,0.0,false,14.8,249.5371886840528,false
1,90,06:15,96,07:45,6,1,,,0.0,false,14.8,250.0,false
1,91,06:30,91,06:30,0,1,,,0.0,false,14.8,247.6859434202641,false
1,91,06:30,92,06:45,1,1,,,0.0,false,14.8,248.14875473621126,false
1,91,06:30,93,07:00,2,1,,,0.0,false,14.8,248.61156605215845,false
1,91,06:30,94,07:15,3,1,,,0.0,false,14.8,249.07437736810564,false
1,91,06:30,95,07:30,4,1,,,0.0,false,14.8,249.5371886840528,false
1,91,06:30,96,07:45,5,1,,,0.0,false,14.8,250.0,false
1,92,06:45,92,06:45,0,1,,,0.0,false,14.8,248.14875473621123,false
1,92,06:45,93,07:00,1,1,,,0.0,false,14.8,248.61156605215842,false
1,92,06:45,94,07:15,2,1,,,0.0,false,14.8,249.07437736810562,false
1,92,06:45,95,07:30,3,1,,,0.0,false,14.8,249.5371886840528,false
1,92,06:45,96,07:45,4,1,,,0.0,false,14.8,250.0,false
1,93,07:00,93,07:00,0,1,,,0.0,false,14.8,248.61156605215842,false
1,93,07:00,94,07:15,1,1,,,0.0,false,14.8,249.07437736810562,false
1,93,07:00,95,07:30,2,1,,,0.0,false,14.8,249.5371886840528,false
1,93,07:00,96,07:45,3,1,,,0.0,false,14.8,250.0,false
1,94,07:15,94,07:15,0,1,,,0.0,false,14.8,249.07437736810562,false
1,94,07:15,95,07:30,1,1,,,0.0,false,14.8,249.5371886840528,false
1,94,07:15,96,07:45,2,1,,,0.0,false,14.8,250.0,false
1,95,07:30,95,07:30,0,1,,,0.0,false,14.8,249.5371886840528,false
1,95,07:30,96,07:45,1,1,,,0.0,false,14.8,250.0,false
1,96,07:45,96,07:45,0,1,,,0.0,false,14.8,250.0,false
