min_activity_duration_s,dist_threshold,idle_window,fsm_min_dwell_seconds,enable_fsm,override_travelling_only,accuracy_percent,cycles_per_hr,productivity_lcy_hr,run_folder
1.0,0.05,20,1.0,True,True,41.70,170.54,259.43,Run_00001
1.0,0.05,20,1.0,True,False,44.09,157.45,239.51,Run_00002
1.0,0.05,20,1.0,False,True,43.73,233.45,355.12,Run_00003
1.0,0.05,20,1.0,False,False,45.54,216.35,329.13,Run_00004
1.0,0.05,20,2.0,True,True,40.36,126.18,191.94,Run_00005
1.0,0.05,20,2.0,True,False,42.97,115.63,175.90,Run_00006
1.0,0.05,20,2.0,False,True,43.73,233.45,355.12,Run_00007
1.0,0.05,20,2.0,False,False,45.54,216.35,329.13,Run_00008
1.0,0.05,20,3.0,True,True,39.43,102.18,155.56,Run_00009
1.0,0.05,20,3.0,True,False,41.91,90.18,137.29,Run_00010
1.0,0.05,20,3.0,False,True,43.73,233.45,355.12,Run_00011
1.0,0.05,20,3.0,False,False,45.54,216.35,329.13,Run_00012
1.0,0.05,30,1.0,True,True,41.69,169.81,258.32,Run_00013
1.0,0.05,30,1.0,True,False,42.75,158.18,240.62,Run_00014
1.0,0.05,30,1.0,False,True,43.74,233.08,354.57,Run_00015
1.0,0.05,30,1.0,False,False,45.56,219.63,334.10,Run_00016
1.0,0.05,30,2.0,True,True,40.35,124.36,189.18,Run_00017
1.0,0.05,30,2.0,True,False,41.55,117.45,178.67,Run_00018
1.0,0.05,30,2.0,False,True,43.74,233.08,354.57,Run_00019
1.0,0.05,30,2.0,False,False,45.56,219.63,334.10,Run_00020
1.0,0.05,30,3.0,True,True,39.63,100.72,153.35,Run_00021
1.0,0.05,30,3.0,True,False,40.63,92.72,141.17,Run_00022
1.0,0.05,30,3.0,False,True,43.74,233.08,354.57,Run_00023
1.0,0.05,30,3.0,False,False,45.56,219.63,334.10,Run_00024
1.0,0.05,40,1.0,True,True,41.67,169.08,257.22,Run_00025
1.0,0.05,40,1.0,True,False,42.81,162.90,247.81,Run_00026
1.0,0.05,40,1.0,False,True,43.73,233.45,355.12,Run_00027
1.0,0.05,40,1.0,False,False,45.47,223.26,339.64,Run_00028
1.0,0.05,40,2.0,True,True,40.36,124.36,189.18,Run_00029
1.0,0.05,40,2.0,True,False,41.33,121.09,184.20,Run_00030
1.0,0.05,40,2.0,False,True,43.73,233.45,355.12,Run_00031
1.0,0.05,40,2.0,False,False,45.47,223.26,339.64,Run_00032
1.0,0.05,40,3.0,True,True,39.63,100.36,152.79,Run_00033
1.0,0.05,40,3.0,True,False,40.52,95.63,145.60,Run_00034
1.0,0.05,40,3.0,False,True,43.73,233.45,355.12,Run_00035
1.0,0.05,40,3.0,False,False,45.47,223.26,339.64,Run_00036
1.0,0.05,50,1.0,True,True,41.69,169.08,257.22,Run_00037
1.0,0.05,50,1.0,True,False,44.04,163.63,248.92,Run_00038
1.0,0.05,50,1.0,False,True,43.75,233.45,355.12,Run_00039
1.0,0.05,50,1.0,False,False,45.38,223.26,339.64,Run_00040
1.0,0.05,50,2.0,True,True,40.36,124.36,189.18,Run_00041
1.0,0.05,50,2.0,True,False,42.69,120.36,183.09,Run_00042
1.0,0.05,50,2.0,False,True,43.75,233.45,355.12,Run_00043
1.0,0.05,50,2.0,False,False,45.38,223.26,339.64,Run_00044
1.0,0.05,50,3.0,True,True,39.70,100.36,152.79,Run_00045
1.0,0.05,50,3.0,True,False,41.68,94.91,144.49,Run_00046
1.0,0.05,50,3.0,False,True,43.75,233.45,355.12,Run_00047
1.0,0.05,50,3.0,False,False,45.38,223.26,339.64,Run_00048
1.0,0.05,60,1.0,True,True,41.71,168.72,256.66,Run_00049
1.0,0.05,60,1.0,True,False,43.32,164.72,250.58,Run_00050
1.0,0.05,60,1.0,False,True,43.73,233.45,355.12,Run_00051
1.0,0.05,60,1.0,False,False,45.34,224.35,341.29,Run_00052
1.0,0.05,60,2.0,True,True,40.41,123.99,188.62,Run_00053
1.0,0.05,60,2.0,True,False,42.18,121.81,185.31,Run_00054
1.0,0.05,60,2.0,False,True,43.73,233.45,355.12,Run_00055
1.0,0.05,60,2.0,False,False,45.34,224.35,341.29,Run_00056
1.0,0.05,60,3.0,True,True,39.72,100.36,152.79,Run_00057
1.0,0.05,60,3.0,True,False,41.30,95.27,145.11,Run_00058
1.0,0.05,60,3.0,False,True,43.73,233.45,355.12,Run_00059
1.0,0.05,60,3.0,False,False,45.34,224.35,341.29,Run_00060
1.0,0.05,70,1.0,True,True,41.71,168.72,256.66,Run_00061
1.0,0.05,70,1.0,True,False,43.42,164.72,250.58,Run_00062
1.0,0.05,70,1.0,False,True,43.73,233.45,355.12,Run_00063
1.0,0.05,70,1.0,False,False,45.15,224.72,341.85,Run_00064
1.0,0.05,70,2.0,True,True,40.41,123.63,188.07,Run_00065
1.0,0.05,70,2.0,True,False,42.04,121.09,184.20,Run_00066
1.0,0.05,70,2.0,False,True,43.73,233.45,355.12,Run_00067
1.0,0.05,70,2.0,False,False,45.15,224.72,341.85,Run_00068
1.0,0.05,70,3.0,True,True,39.73,100.00,152.24,Run_00069
1.0,0.05,70,3.0,True,False,41.11,95.63,145.67,Run_00070
1.0,0.05,70,3.0,False,True,43.73,233.45,355.12,Run_00071
1.0,0.05,70,3.0,False,False,45.15,224.72,341.85,Run_00072
1.0,0.05,80,1.0,True,True,41.71,168.72,256.66,Run_00073
1.0,0.05,80,1.0,True,False,43.23,165.45,251.68,Run_00074
1.0,0.05,80,1.0,False,True,43.73,233.45,355.12,Run_00075
1.0,0.05,80,1.0,False,False,45.20,224.72,341.85,Run_00076
1.0,0.05,80,2.0,True,True,40.41,123.99,188.62,Run_00077
1.0,0.05,80,2.0,True,False,41.87,121.09,184.20,Run_00078
1.0,0.05,80,2.0,False,True,43.73,233.45,355.12,Run_00079
1.0,0.05,80,2.0,False,False,45.20,224.72,341.85,Run_00080
1.0,0.05,80,3.0,True,True,39.73,100.00,152.24,Run_00081
1.0,0.05,80,3.0,True,False,41.07,96.36,146.77,Run_00082
1.0,0.05,80,3.0,False,True,43.73,233.45,355.12,Run_00083
1.0,0.05,80,3.0,False,False,45.20,224.72,341.85,Run_00084
1.0,0.1,20,1.0,True,True,41.32,173.08,263.30,Run_00085
1.0,0.1,20,1.0,True,False,43.29,126.90,193.05,Run_00086
1.0,0.1,20,1.0,False,True,43.40,233.81,355.68,Run_00087
1.0,0.1,20,1.0,False,False,44.21,176.36,268.28,Run_00088
1.0,0.1,20,2.0,True,True,40.18,127.63,194.16,Run_00089
1.0,0.1,20,2.0,True,False,42.34,92.72,141.05,Run_00090
1.0,0.1,20,2.0,False,True,43.40,233.81,355.68,Run_00091
1.0,0.1,20,2.0,False,False,44.21,176.36,268.28,Run_00092
1.0,0.1,20,3.0,True,True,39.27,103.27,157.22,Run_00093
1.0,0.1,20,3.0,True,False,41.90,72.00,109.67,Run_00094
1.0,0.1,20,3.0,False,True,43.40,233.81,355.68,Run_00095
1.0,0.1,20,3.0,False,False,44.21,176.36,268.28,Run_00096
1.0,0.1,30,1.0,True,True,41.44,171.63,261.09,Run_00097
1.0,0.1,30,1.0,True,False,44.23,130.18,198.03,Run_00098
1.0,0.1,30,1.0,False,True,43.44,233.81,355.68,Run_00099
1.0,0.1,30,1.0,False,False,45.05,179.99,273.81,Run_00100
1.0,0.1,30,2.0,True,True,40.22,127.27,193.60,Run_00101
1.0,0.1,30,2.0,True,False,43.27,97.81,148.80,Run_00102
1.0,0.1,30,2.0,False,True,43.44,233.81,355.68,Run_00103
1.0,0.1,30,2.0,False,False,45.05,179.99,273.81,Run_00104
1.0,0.1,30,3.0,True,True,39.22,102.90,156.67,Run_00105
1.0,0.1,30,3.0,True,False,42.59,73.45,111.83,Run_00106
1.0,0.1,30,3.0,False,True,43.44,233.81,355.68,Run_00107
1.0,0.1,30,3.0,False,False,45.05,179.99,273.81,Run_00108
1.0,0.1,40,1.0,True,True,41.45,171.99,261.64,Run_00109
1.0,0.1,40,1.0,True,False,44.81,134.54,204.67,Run_00110
1.0,0.1,40,1.0,False,True,43.45,233.45,355.12,Run_00111
1.0,0.1,40,1.0,False,False,45.64,183.27,278.79,Run_00112
1.0,0.1,40,2.0,True,True,40.15,126.90,193.05,Run_00113
1.0,0.1,40,2.0,True,False,43.87,98.91,150.46,Run_00114
1.0,0.1,40,2.0,False,True,43.45,233.45,355.12,Run_00115
1.0,0.1,40,2.0,False,False,45.64,183.27,278.79,Run_00116
1.0,0.1,40,3.0,True,True,39.12,102.90,156.67,Run_00117
1.0,0.1,40,3.0,True,False,42.92,76.72,116.81,Run_00118
1.0,0.1,40,3.0,False,True,43.45,233.45,355.12,Run_00119
1.0,0.1,40,3.0,False,False,45.64,183.27,278.79,Run_00120
1.0,0.1,50,1.0,True,True,41.49,172.36,262.19,Run_00121
1.0,0.1,50,1.0,True,False,45.11,136.72,207.99,Run_00122
1.0,0.1,50,1.0,False,True,43.50,233.45,355.12,Run_00123
1.0,0.1,50,1.0,False,False,46.06,185.45,282.11,Run_00124
1.0,0.1,50,2.0,True,True,40.16,127.27,193.60,Run_00125
1.0,0.1,50,2.0,True,False,44.19,100.72,153.22,Run_00126
1.0,0.1,50,2.0,False,True,43.50,233.45,355.12,Run_00127
1.0,0.1,50,2.0,False,False,46.06,185.45,282.11,Run_00128
1.0,0.1,50,3.0,True,True,39.20,102.54,156.12,Run_00129
1.0,0.1,50,3.0,True,False,42.84,77.82,118.47,Run_00130
1.0,0.1,50,3.0,False,True,43.50,233.45,355.12,Run_00131
1.0,0.1,50,3.0,False,False,46.06,185.45,282.11,Run_00132
1.0,0.1,60,1.0,True,True,41.53,171.99,261.64,Run_00133
1.0,0.1,60,1.0,True,False,45.38,140.72,214.07,Run_00134
1.0,0.1,60,1.0,False,True,43.57,233.08,354.57,Run_00135
1.0,0.1,60,1.0,False,False,46.42,190.17,289.30,Run_00136
1.0,0.1,60,2.0,True,True,40.24,126.90,193.05,Run_00137
1.0,0.1,60,2.0,True,False,44.44,103.27,157.10,Run_00138
1.0,0.1,60,2.0,False,True,43.57,233.08,354.57,Run_00139
1.0,0.1,60,2.0,False,False,46.42,190.17,289.30,Run_00140
1.0,0.1,60,3.0,True,True,39.42,103.27,157.22,Run_00141
1.0,0.1,60,3.0,True,False,43.11,82.54,125.73,Run_00142
1.0,0.1,60,3.0,False,True,43.57,233.08,354.57,Run_00143
1.0,0.1,60,3.0,False,False,46.42,190.17,289.30,Run_00144
1.0,0.1,70,1.0,True,True,41.52,171.27,260.53,Run_00145
1.0,0.1,70,1.0,True,False,45.38,141.45,215.18,Run_00146
1.0,0.1,70,1.0,False,True,43.55,233.81,355.68,Run_00147
1.0,0.1,70,1.0,False,False,46.43,191.26,290.96,Run_00148
1.0,0.1,70,2.0,True,True,40.31,126.90,193.05,Run_00149
1.0,0.1,70,2.0,True,False,44.48,104.72,159.31,Run_00150
1.0,0.1,70,2.0,False,True,43.55,233.81,355.68,Run_00151
1.0,0.1,70,2.0,False,False,46.43,191.26,290.96,Run_00152
1.0,0.1,70,3.0,True,True,39.47,102.54,156.12,Run_00153
1.0,0.1,70,3.0,True,False,43.12,81.45,124.06,Run_00154
1.0,0.1,70,3.0,False,True,43.55,233.81,355.68,Run_00155
1.0,0.1,70,3.0,False,False,46.43,191.26,290.96,Run_00156
1.0,0.1,80,1.0,True,True,41.58,170.90,259.98,Run_00157
1.0,0.1,80,1.0,True,False,45.62,143.99,219.05,Run_00158
1.0,0.1,80,1.0,False,True,43.60,233.08,354.57,Run_00159
1.0,0.1,80,1.0,False,False,46.73,195.63,297.60,Run_00160
1.0,0.1,80,2.0,True,True,40.36,126.54,192.50,Run_00161
1.0,0.1,80,2.0,True,False,44.71,106.90,162.63,Run_00162
1.0,0.1,80,2.0,False,True,43.60,233.08,354.57,Run_00163
1.0,0.1,80,2.0,False,False,46.73,195.63,297.60,Run_00164
1.0,0.1,80,3.0,True,True,39.54,101.81,155.01,Run_00165
1.0,0.1,80,3.0,True,False,43.47,82.54,125.73,Run_00166
1.0,0.1,80,3.0,False,True,43.60,233.08,354.57,Run_00167
1.0,0.1,80,3.0,False,False,46.73,195.63,297.60,Run_00168
1.0,0.2,20,1.0,True,True,41.31,175.99,267.73,Run_00169
1.0,0.2,20,1.0,True,False,37.92,92.00,139.95,Run_00170
1.0,0.2,20,1.0,False,True,43.69,233.08,354.57,Run_00171
1.0,0.2,20,1.0,False,False,39.33,125.45,190.84,Run_00172
1.0,0.2,20,2.0,True,True,39.84,129.09,196.37,Run_00173
1.0,0.2,20,2.0,True,False,38.54,65.09,99.01,Run_00174
1.0,0.2,20,2.0,False,True,43.69,233.08,354.57,Run_00175
1.0,0.2,20,2.0,False,False,39.33,125.45,190.84,Run_00176
1.0,0.2,20,3.0,True,True,39.47,104.36,158.88,Run_00177
1.0,0.2,20,3.0,True,False,38.51,50.54,76.95,Run_00178
1.0,0.2,20,3.0,False,True,43.69,233.08,354.57,Run_00179
1.0,0.2,20,3.0,False,False,39.33,125.45,190.84,Run_00180
1.0,0.2,30,1.0,True,True,41.43,174.90,266.07,Run_00181
1.0,0.2,30,1.0,True,False,39.63,97.09,147.69,Run_00182
1.0,0.2,30,1.0,False,True,43.69,232.72,354.02,Run_00183
1.0,0.2,30,1.0,False,False,40.72,131.99,200.79,Run_00184
1.0,0.2,30,2.0,True,True,40.04,127.63,194.16,Run_00185
1.0,0.2,30,2.0,True,False,40.03,70.54,107.31,Run_00186
1.0,0.2,30,2.0,False,True,43.69,232.72,354.02,Run_00187
1.0,0.2,30,2.0,False,False,40.72,131.99,200.79,Run_00188
1.0,0.2,30,3.0,True,True,39.59,104.00,158.33,Run_00189
1.0,0.2,30,3.0,True,False,39.81,52.36,79.80,Run_00190
1.0,0.2,30,3.0,False,True,43.69,232.72,354.02,Run_00191
1.0,0.2,30,3.0,False,False,40.72,131.99,200.79,Run_00192
1.0,0.2,40,1.0,True,True,41.43,174.90,266.07,Run_00193
1.0,0.2,40,1.0,True,False,40.51,98.54,149.90,Run_00194
1.0,0.2,40,1.0,False,True,43.65,231.99,352.91,Run_00195
1.0,0.2,40,1.0,False,False,41.70,134.90,205.22,Run_00196
1.0,0.2,40,2.0,True,True,39.94,127.63,194.16,Run_00197
1.0,0.2,40,2.0,True,False,40.42,72.72,110.63,Run_00198
1.0,0.2,40,2.0,False,True,43.65,231.99,352.91,Run_00199
1.0,0.2,40,2.0,False,False,41.70,134.90,205.22,Run_00200
1.0,0.2,40,3.0,True,True,39.43,102.90,156.67,Run_00201
1.0,0.2,40,3.0,True,False,40.27,55.27,84.24,Run_00202
1.0,0.2,40,3.0,False,True,43.65,231.99,352.91,Run_00203
1.0,0.2,40,3.0,False,False,41.70,134.90,205.22,Run_00204
1.0,0.2,50,1.0,True,True,41.45,173.08,263.30,Run_00205
1.0,0.2,50,1.0,True,False,41.05,101.09,153.78,Run_00206
1.0,0.2,50,1.0,False,True,43.67,231.99,352.91,Run_00207
1.0,0.2,50,1.0,False,False,42.28,138.18,210.20,Run_00208
1.0,0.2,50,2.0,True,True,39.92,127.27,193.60,Run_00209
1.0,0.2,50,2.0,True,False,40.68,74.18,112.84,Run_00210
1.0,0.2,50,2.0,False,True,43.67,231.99,352.91,Run_00211
1.0,0.2,50,2.0,False,False,42.28,138.18,210.20,Run_00212
1.0,0.2,50,3.0,True,True,39.42,101.81,155.01,Run_00213
1.0,0.2,50,3.0,True,False,40.61,58.18,88.67,Run_00214
1.0,0.2,50,3.0,False,True,43.67,231.99,352.91,Run_00215
1.0,0.2,50,3.0,False,False,42.28,138.18,210.20,Run_00216
1.0,0.2,60,1.0,True,True,41.42,173.45,263.85,Run_00217
1.0,0.2,60,1.0,True,False,42.09,106.18,161.52,Run_00218
1.0,0.2,60,1.0,False,True,43.60,231.99,352.91,Run_00219
1.0,0.2,60,1.0,False,False,42.98,145.45,221.26,Run_00220
1.0,0.2,60,2.0,True,True,39.92,127.99,194.71,Run_00221
1.0,0.2,60,2.0,True,False,41.70,78.91,120.03,Run_00222
1.0,0.2,60,2.0,False,True,43.60,231.99,352.91,Run_00223
1.0,0.2,60,2.0,False,False,42.98,145.45,221.26,Run_00224
1.0,0.2,60,3.0,True,True,39.44,104.36,158.88,Run_00225
1.0,0.2,60,3.0,True,False,41.47,62.54,96.03,Run_00226
1.0,0.2,60,3.0,False,True,43.60,231.99,352.91,Run_00227
1.0,0.2,60,3.0,False,False,42.98,145.45,221.26,Run_00228
1.0,0.2,70,1.0,True,True,41.41,173.81,264.41,Run_00229
1.0,0.2,70,1.0,True,False,42.32,109.09,165.95,Run_00230
1.0,0.2,70,1.0,False,True,43.64,231.99,352.91,Run_00231
1.0,0.2,70,1.0,False,False,43.31,148.36,225.69,Run_00232
1.0,0.2,70,2.0,True,True,40.07,128.36,195.26,Run_00233
1.0,0.2,70,2.0,True,False,42.03,81.45,123.91,Run_00234
1.0,0.2,70,2.0,False,True,43.64,231.99,352.91,Run_00235
1.0,0.2,70,2.0,False,False,43.31,148.36,225.69,Run_00236
1.0,0.2,70,3.0,True,True,39.58,104.72,159.44,Run_00237
1.0,0.2,70,3.0,True,False,41.70,64.00,98.26,Run_00238
1.0,0.2,70,3.0,False,True,43.64,231.99,352.91,Run_00239
1.0,0.2,70,3.0,False,False,43.31,148.36,225.69,Run_00240
1.0,0.2,80,1.0,True,True,41.43,173.81,264.41,Run_00241
1.0,0.2,80,1.0,True,False,42.63,110.54,168.16,Run_00242
1.0,0.2,80,1.0,False,True,43.63,231.99,352.91,Run_00243
1.0,0.2,80,1.0,False,False,43.58,151.27,230.11,Run_00244
1.0,0.2,80,2.0,True,True,40.01,127.99,194.71,Run_00245
1.0,0.2,80,2.0,True,False,42.08,81.09,123.35,Run_00246
1.0,0.2,80,2.0,False,True,43.63,231.99,352.91,Run_00247
1.0,0.2,80,2.0,False,False,43.58,151.27,230.11,Run_00248
1.0,0.2,80,3.0,True,True,39.54,104.36,158.88,Run_00249
1.0,0.2,80,3.0,True,False,41.87,66.54,102.17,Run_00250
1.0,0.2,80,3.0,False,True,43.63,231.99,352.91,Run_00251
1.0,0.2,80,3.0,False,False,43.58,151.27,230.11,Run_00252
1.0,0.3,20,1.0,True,True,41.18,175.63,267.17,Run_00253
1.0,0.3,20,1.0,True,False,34.01,70.54,107.42,Run_00254
1.0,0.3,20,1.0,False,True,43.59,231.99,352.91,Run_00255
1.0,0.3,20,1.0,False,False,35.28,97.81,148.96,Run_00256
1.0,0.3,20,2.0,True,True,39.73,129.81,197.48,Run_00257
1.0,0.3,20,2.0,True,False,35.34,50.91,78.10,Run_00258
1.0,0.3,20,2.0,False,True,43.59,231.99,352.91,Run_00259
1.0,0.3,20,2.0,False,False,35.28,97.81,148.96,Run_00260
1.0,0.3,20,3.0,True,True,39.50,104.72,159.44,Run_00261
1.0,0.3,20,3.0,True,False,35.85,37.45,58.95,Run_00262
1.0,0.3,20,3.0,False,True,43.59,231.99,352.91,Run_00263
1.0,0.3,20,3.0,False,False,35.28,97.81,148.96,Run_00264
1.0,0.3,30,1.0,True,True,41.22,174.17,264.96,Run_00265
1.0,0.3,30,1.0,True,False,35.42,74.54,113.40,Run_00266
1.0,0.3,30,1.0,False,True,43.62,232.35,353.46,Run_00267
1.0,0.3,30,1.0,False,False,36.66,101.81,154.88,Run_00268
1.0,0.3,30,2.0,True,True,39.74,128.72,195.82,Run_00269
1.0,0.3,30,2.0,True,False,36.52,55.63,84.63,Run_00270
1.0,0.3,30,2.0,False,True,43.62,232.35,353.46,Run_00271
1.0,0.3,30,2.0,False,False,36.66,101.81,154.88,Run_00272
1.0,0.3,30,3.0,True,True,39.57,105.09,159.99,Run_00273
1.0,0.3,30,3.0,True,False,36.80,40.36,61.52,Run_00274
1.0,0.3,30,3.0,False,True,43.62,232.35,353.46,Run_00275
1.0,0.3,30,3.0,False,False,36.66,101.81,154.88,Run_00276
1.0,0.3,40,1.0,True,True,41.25,174.17,264.96,Run_00277
1.0,0.3,40,1.0,True,False,36.13,77.82,118.37,Run_00278
1.0,0.3,40,1.0,False,True,43.67,232.35,353.46,Run_00279
1.0,0.3,40,1.0,False,False,37.63,105.45,160.41,Run_00280
1.0,0.3,40,2.0,True,True,39.77,128.36,195.26,Run_00281
1.0,0.3,40,2.0,True,False,37.34,56.72,86.29,Run_00282
1.0,0.3,40,2.0,False,True,43.67,232.35,353.46,Run_00283
1.0,0.3,40,2.0,False,False,37.63,105.45,160.41,Run_00284
1.0,0.3,40,3.0,True,True,39.56,104.36,158.88,Run_00285
1.0,0.3,40,3.0,True,False,37.32,43.63,66.50,Run_00286
1.0,0.3,40,3.0,False,True,43.67,232.35,353.46,Run_00287
1.0,0.3,40,3.0,False,False,37.63,105.45,160.41,Run_00288
1.0,0.3,50,1.0,True,True,41.30,174.54,265.51,Run_00289
1.0,0.3,50,1.0,True,False,36.60,78.91,120.03,Run_00290
1.0,0.3,50,1.0,False,True,43.70,232.35,353.46,Run_00291
1.0,0.3,50,1.0,False,False,38.05,106.54,162.07,Run_00292
1.0,0.3,50,2.0,True,True,39.93,129.45,196.92,Run_00293
1.0,0.3,50,2.0,True,False,37.64,59.63,90.71,Run_00294
1.0,0.3,50,2.0,False,True,43.70,232.35,353.46,Run_00295
1.0,0.3,50,2.0,False,False,38.05,106.54,162.07,Run_00296
1.0,0.3,50,3.0,True,True,39.59,104.72,159.44,Run_00297
1.0,0.3,50,3.0,True,False,37.62,45.82,69.83,Run_00298
1.0,0.3,50,3.0,False,True,43.70,232.35,353.46,Run_00299
1.0,0.3,50,3.0,False,False,38.05,106.54,162.07,Run_00300
1.0,0.3,60,1.0,True,True,41.27,174.17,264.96,Run_00301
1.0,0.3,60,1.0,True,False,36.97,80.72,122.80,Run_00302
1.0,0.3,60,1.0,False,True,43.67,232.35,353.46,Run_00303
1.0,0.3,60,1.0,False,False,38.32,110.18,167.60,Run_00304
1.0,0.3,60,2.0,True,True,40.02,129.45,196.92,Run_00305
1.0,0.3,60,2.0,True,False,37.74,63.27,96.24,Run_00306
1.0,0.3,60,2.0,False,True,43.67,232.35,353.46,Run_00307
1.0,0.3,60,2.0,False,False,38.32,110.18,167.60,Run_00308
1.0,0.3,60,3.0,True,True,39.58,104.72,159.44,Run_00309
1.0,0.3,60,3.0,True,False,37.70,47.63,73.14,Run_00310
1.0,0.3,60,3.0,False,True,43.67,232.35,353.46,Run_00311
1.0,0.3,60,3.0,False,False,38.32,110.18,167.60,Run_00312
1.0,0.3,70,1.0,True,True,41.23,174.17,264.96,Run_00313
1.0,0.3,70,1.0,True,False,37.29,82.18,125.01,Run_00314
1.0,0.3,70,1.0,False,True,43.64,231.99,352.91,Run_00315
1.0,0.3,70,1.0,False,False,38.51,111.63,169.82,Run_00316
1.0,0.3,70,2.0,True,True,40.02,129.09,196.37,Run_00317
1.0,0.3,70,2.0,True,False,37.92,62.18,94.58,Run_00318
1.0,0.3,70,2.0,False,True,43.64,231.99,352.91,Run_00319
1.0,0.3,70,2.0,False,False,38.51,111.63,169.82,Run_00320
1.0,0.3,70,3.0,True,True,39.60,104.36,158.88,Run_00321
1.0,0.3,70,3.0,True,False,37.86,48.36,74.25,Run_00322
1.0,0.3,70,3.0,False,True,43.64,231.99,352.91,Run_00323
1.0,0.3,70,3.0,False,False,38.51,111.63,169.82,Run_00324
1.0,0.3,80,1.0,True,True,41.29,174.54,265.51,Run_00325
1.0,0.3,80,1.0,True,False,37.64,84.00,127.78,Run_00326
1.0,0.3,80,1.0,False,True,43.66,231.99,352.91,Run_00327
1.0,0.3,80,1.0,False,False,38.74,114.18,173.69,Run_00328
1.0,0.3,80,2.0,True,True,40.05,129.45,196.92,Run_00329
1.0,0.3,80,2.0,True,False,38.04,62.91,95.69,Run_00330
1.0,0.3,80,2.0,False,True,43.66,231.99,352.91,Run_00331
1.0,0.3,80,2.0,False,False,38.74,114.18,173.69,Run_00332
1.0,0.3,80,3.0,True,True,39.60,104.36,158.88,Run_00333
1.0,0.3,80,3.0,True,False,38.09,49.45,75.93,Run_00334
1.0,0.3,80,3.0,False,True,43.66,231.99,352.91,Run_00335
1.0,0.3,80,3.0,False,False,38.74,114.18,173.69,Run_00336
1.0,0.4,20,1.0,True,True,41.14,176.36,268.28,Run_00337
1.0,0.4,20,1.0,True,False,32.22,57.45,87.49,Run_00338
1.0,0.4,20,1.0,False,True,43.55,231.63,352.36,Run_00339
1.0,0.4,20,1.0,False,False,33.06,76.36,116.29,Run_00340
1.0,0.4,20,2.0,True,True,39.76,130.90,199.13,Run_00341
1.0,0.4,20,2.0,True,False,33.05,42.18,64.71,Run_00342
1.0,0.4,20,2.0,False,True,43.55,231.63,352.36,Run_00343
1.0,0.4,20,2.0,False,False,33.06,76.36,116.29,Run_00344
1.0,0.4,20,3.0,True,True,39.25,106.90,162.76,Run_00345
1.0,0.4,20,3.0,True,False,33.84,30.91,48.28,Run_00346
1.0,0.4,20,3.0,False,True,43.55,231.63,352.36,Run_00347
1.0,0.4,20,3.0,False,False,33.06,76.36,116.29,Run_00348
1.0,0.4,30,1.0,True,True,41.16,176.72,268.83,Run_00349
1.0,0.4,30,1.0,True,False,32.79,65.45,99.57,Run_00350
1.0,0.4,30,1.0,False,True,43.55,231.26,351.80,Run_00351
1.0,0.4,30,1.0,False,False,34.01,86.54,131.65,Run_00352
1.0,0.4,30,2.0,True,True,39.78,131.27,199.69,Run_00353
1.0,0.4,30,2.0,True,False,33.90,49.45,75.22,Run_00354
1.0,0.4,30,2.0,False,True,43.55,231.26,351.80,Run_00355
1.0,0.4,30,2.0,False,False,34.01,86.54,131.65,Run_00356
1.0,0.4,30,3.0,True,True,39.19,105.81,161.10,Run_00357
1.0,0.4,30,3.0,True,False,34.44,36.36,55.42,Run_00358
1.0,0.4,30,3.0,False,True,43.55,231.26,351.80,Run_00359
1.0,0.4,30,3.0,False,False,34.01,86.54,131.65,Run_00360
1.0,0.4,40,1.0,True,True,41.15,175.27,266.62,Run_00361
1.0,0.4,40,1.0,True,False,33.44,67.63,102.89,Run_00362
1.0,0.4,40,1.0,False,True,43.52,231.63,352.36,Run_00363
1.0,0.4,40,1.0,False,False,34.76,90.91,138.29,Run_00364
1.0,0.4,40,2.0,True,True,39.77,130.90,199.13,Run_00365
1.0,0.4,40,2.0,True,False,34.62,51.27,77.99,Run_00366
1.0,0.4,40,2.0,False,True,43.52,231.63,352.36,Run_00367
1.0,0.4,40,2.0,False,False,34.76,90.91,138.29,Run_00368
1.0,0.4,40,3.0,True,True,39.26,105.45,160.54,Run_00369
1.0,0.4,40,3.0,True,False,34.75,40.00,60.96,Run_00370
1.0,0.4,40,3.0,False,True,43.52,231.63,352.36,Run_00371
1.0,0.4,40,3.0,False,False,34.76,90.91,138.29,Run_00372
1.0,0.4,50,1.0,True,True,41.18,174.90,266.07,Run_00373
1.0,0.4,50,1.0,True,False,33.69,68.36,103.99,Run_00374
1.0,0.4,50,1.0,False,True,43.55,231.26,351.80,Run_00375
1.0,0.4,50,1.0,False,False,34.92,93.09,141.61,Run_00376
1.0,0.4,50,2.0,True,True,39.86,130.18,198.03,Run_00377
1.0,0.4,50,2.0,True,False,34.93,50.54,76.88,Run_00378
1.0,0.4,50,2.0,False,True,43.55,231.26,351.80,Run_00379
1.0,0.4,50,2.0,False,False,34.92,93.09,141.61,Run_00380
1.0,0.4,50,3.0,True,True,39.17,105.81,161.10,Run_00381
1.0,0.4,50,3.0,True,False,34.91,40.36,61.52,Run_00382
1.0,0.4,50,3.0,False,True,43.55,231.26,351.80,Run_00383
1.0,0.4,50,3.0,False,False,34.92,93.09,141.61,Run_00384
1.0,0.4,60,1.0,True,True,41.15,175.63,267.17,Run_00385
1.0,0.4,60,1.0,True,False,33.82,66.91,101.78,Run_00386
1.0,0.4,60,1.0,False,True,43.53,231.63,352.36,Run_00387
1.0,0.4,60,1.0,False,False,35.01,91.63,139.39,Run_00388
1.0,0.4,60,2.0,True,True,39.85,130.18,198.03,Run_00389
1.0,0.4,60,2.0,True,False,35.01,51.27,78.66,Run_00390
1.0,0.4,60,2.0,False,True,43.53,231.63,352.36,Run_00391
1.0,0.4,60,2.0,False,False,35.01,91.63,139.39,Run_00392
1.0,0.4,60,3.0,True,True,39.27,106.18,161.65,Run_00393
1.0,0.4,60,3.0,True,False,35.12,41.09,63.09,Run_00394
1.0,0.4,60,3.0,False,True,43.53,231.63,352.36,Run_00395
1.0,0.4,60,3.0,False,False,35.01,91.63,139.39,Run_00396
1.0,0.4,70,1.0,True,True,41.15,175.63,267.17,Run_00397
1.0,0.4,70,1.0,True,False,34.18,70.18,106.76,Run_00398
1.0,0.4,70,1.0,False,True,43.57,230.54,350.70,Run_00399
1.0,0.4,70,1.0,False,False,35.37,95.63,145.48,Run_00400
1.0,0.4,70,2.0,True,True,39.90,130.18,198.03,Run_00401
1.0,0.4,70,2.0,True,False,35.17,53.82,82.56,Run_00402
1.0,0.4,70,2.0,False,True,43.57,230.54,350.70,Run_00403
1.0,0.4,70,2.0,False,False,35.37,95.63,145.48,Run_00404
1.0,0.4,70,3.0,True,True,39.41,105.09,159.99,Run_00405
1.0,0.4,70,3.0,True,False,35.18,42.18,64.76,Run_00406
1.0,0.4,70,3.0,False,True,43.57,230.54,350.70,Run_00407
1.0,0.4,70,3.0,False,False,35.37,95.63,145.48,Run_00408
1.0,0.4,80,1.0,True,True,41.15,174.54,265.51,Run_00409
1.0,0.4,80,1.0,True,False,34.82,69.82,106.20,Run_00410
1.0,0.4,80,1.0,False,True,43.54,231.63,352.36,Run_00411
1.0,0.4,80,1.0,False,False,35.62,96.72,147.14,Run_00412
1.0,0.4,80,2.0,True,True,39.85,129.45,196.92,Run_00413
1.0,0.4,80,2.0,True,False,35.24,53.82,82.56,Run_00414
1.0,0.4,80,2.0,False,True,43.54,231.63,352.36,Run_00415
1.0,0.4,80,2.0,False,False,35.62,96.72,147.14,Run_00416
1.0,0.4,80,3.0,True,True,39.46,105.81,161.10,Run_00417
1.0,0.4,80,3.0,True,False,35.37,42.18,64.76,Run_00418
1.0,0.4,80,3.0,False,True,43.54,231.63,352.36,Run_00419
1.0,0.4,80,3.0,False,False,35.62,96.72,147.14,Run_00420
1.0,0.5,20,1.0,True,True,41.06,177.81,270.49,Run_00421
1.0,0.5,20,1.0,True,False,31.01,52.73,80.29,Run_00422
1.0,0.5,20,1.0,False,True,43.52,231.63,352.36,Run_00423
1.0,0.5,20,1.0,False,False,32.01,69.45,105.77,Run_00424
1.0,0.5,20,2.0,True,True,39.72,131.99,200.79,Run_00425
1.0,0.5,20,2.0,True,False,31.55,38.18,58.57,Run_00426
1.0,0.5,20,2.0,False,True,43.52,231.63,352.36,Run_00427
1.0,0.5,20,2.0,False,False,32.01,69.45,105.77,Run_00428
1.0,0.5,20,3.0,True,True,39.12,106.90,162.76,Run_00429
1.0,0.5,20,3.0,True,False,32.14,31.27,48.85,Run_00430
1.0,0.5,20,3.0,False,True,43.52,231.63,352.36,Run_00431
1.0,0.5,20,3.0,False,False,32.01,69.45,105.77,Run_00432
1.0,0.5,30,1.0,True,True,41.05,176.72,268.83,Run_00433
1.0,0.5,30,1.0,True,False,31.36,59.63,90.81,Run_00434
1.0,0.5,30,1.0,False,True,43.47,230.54,350.70,Run_00435
1.0,0.5,30,1.0,False,False,32.61,77.45,117.95,Run_00436
1.0,0.5,30,2.0,True,True,39.71,131.99,200.79,Run_00437
1.0,0.5,30,2.0,True,False,32.49,44.36,68.06,Run_00438
1.0,0.5,30,2.0,False,True,43.47,230.54,350.70,Run_00439
1.0,0.5,30,2.0,False,False,32.61,77.45,117.95,Run_00440
1.0,0.5,30,3.0,True,True,39.08,106.54,162.21,Run_00441
1.0,0.5,30,3.0,True,False,33.21,33.09,50.43,Run_00442
1.0,0.5,30,3.0,False,True,43.47,230.54,350.70,Run_00443
1.0,0.5,30,3.0,False,False,32.61,77.45,117.95,Run_00444
1.0,0.5,40,1.0,True,True,41.09,176.36,268.28,Run_00445
1.0,0.5,40,1.0,True,False,32.31,59.63,90.81,Run_00446
1.0,0.5,40,1.0,False,True,43.47,230.90,351.25,Run_00447
1.0,0.5,40,1.0,False,False,33.25,80.00,121.82,Run_00448
1.0,0.5,40,2.0,True,True,39.71,131.63,200.24,Run_00449
1.0,0.5,40,2.0,True,False,32.99,45.45,69.73,Run_00450
1.0,0.5,40,2.0,False,True,43.47,230.90,351.25,Run_00451
1.0,0.5,40,2.0,False,False,33.25,80.00,121.82,Run_00452
1.0,0.5,40,3.0,True,True,39.17,106.18,161.65,Run_00453
1.0,0.5,40,3.0,True,False,33.44,34.91,53.20,Run_00454
1.0,0.5,40,3.0,False,True,43.47,230.90,351.25,Run_00455
1.0,0.5,40,3.0,False,False,33.25,80.00,121.82,Run_00456
1.0,0.5,50,1.0,True,True,41.09,176.36,268.28,Run_00457
1.0,0.5,50,1.0,True,False,32.63,62.54,95.24,Run_00458
1.0,0.5,50,1.0,False,True,43.48,231.26,351.80,Run_00459
1.0,0.5,50,1.0,False,False,33.48,82.91,126.25,Run_00460
1.0,0.5,50,2.0,True,True,39.82,131.27,199.69,Run_00461
1.0,0.5,50,2.0,True,False,32.81,48.73,74.75,Run_00462
1.0,0.5,50,2.0,False,True,43.48,231.26,351.80,Run_00463
1.0,0.5,50,2.0,False,False,33.48,82.91,126.25,Run_00464
1.0,0.5,50,3.0,True,True,39.04,106.54,162.21,Run_00465
1.0,0.5,50,3.0,True,False,33.29,37.09,56.53,Run_00466
1.0,0.5,50,3.0,False,True,43.48,231.26,351.80,Run_00467
1.0,0.5,50,3.0,False,False,33.48,82.91,126.25,Run_00468
1.0,0.5,60,1.0,True,True,41.10,175.63,267.17,Run_00469
1.0,0.5,60,1.0,True,False,32.77,62.54,95.24,Run_00470
1.0,0.5,60,1.0,False,True,43.47,231.26,351.80,Run_00471
1.0,0.5,60,1.0,False,False,33.61,84.72,129.02,Run_00472
1.0,0.5,60,2.0,True,True,39.88,130.90,199.13,Run_00473
1.0,0.5,60,2.0,True,False,33.04,49.09,75.31,Run_00474
1.0,0.5,60,2.0,False,True,43.47,231.26,351.80,Run_00475
1.0,0.5,60,2.0,False,False,33.61,84.72,129.02,Run_00476
1.0,0.5,60,3.0,True,True,39.03,106.54,162.21,Run_00477
1.0,0.5,60,3.0,True,False,33.44,38.91,59.74,Run_00478
1.0,0.5,60,3.0,False,True,43.47,231.26,351.80,Run_00479
1.0,0.5,60,3.0,False,False,33.61,84.72,129.02,Run_00480
1.0,0.5,70,1.0,True,True,41.07,175.27,266.62,Run_00481
1.0,0.5,70,1.0,True,False,32.84,64.36,98.01,Run_00482
1.0,0.5,70,1.0,False,True,43.43,230.90,351.25,Run_00483
1.0,0.5,70,1.0,False,False,33.72,87.27,132.90,Run_00484
1.0,0.5,70,2.0,True,True,39.85,130.90,199.13,Run_00485
1.0,0.5,70,2.0,True,False,33.08,50.18,76.98,Run_00486
1.0,0.5,70,2.0,False,True,43.43,230.90,351.25,Run_00487
1.0,0.5,70,2.0,False,False,33.72,87.27,132.90,Run_00488
1.0,0.5,70,3.0,True,True,39.17,105.81,161.10,Run_00489
1.0,0.5,70,3.0,True,False,33.22,38.18,58.62,Run_00490
1.0,0.5,70,3.0,False,True,43.43,230.90,351.25,Run_00491
1.0,0.5,70,3.0,False,False,33.72,87.27,132.90,Run_00492
1.0,0.5,80,1.0,True,True,41.07,175.27,266.62,Run_00493
1.0,0.5,80,1.0,True,False,32.99,64.36,98.01,Run_00494
1.0,0.5,80,1.0,False,True,43.41,230.90,351.25,Run_00495
1.0,0.5,80,1.0,False,False,33.81,88.00,134.01,Run_00496
1.0,0.5,80,2.0,True,True,39.78,130.90,199.13,Run_00497
1.0,0.5,80,2.0,True,False,33.08,49.45,75.87,Run_00498
1.0,0.5,80,2.0,False,True,43.41,230.90,351.25,Run_00499
1.0,0.5,80,2.0,False,False,33.81,88.00,134.01,Run_00500
1.0,0.5,80,3.0,True,True,39.13,106.18,161.65,Run_00501
1.0,0.5,80,3.0,True,False,33.29,37.09,56.95,Run_00502
1.0,0.5,80,3.0,False,True,43.41,230.90,351.25,Run_00503
1.0,0.5,80,3.0,False,False,33.81,88.00,134.01,Run_00504
1.0,0.6,20,1.0,True,True,41.06,177.45,269.94,Run_00505
1.0,0.6,20,1.0,True,False,30.72,50.91,77.52,Run_00506
1.0,0.6,20,1.0,False,True,43.51,231.26,351.80,Run_00507
1.0,0.6,20,1.0,False,False,31.58,66.91,101.89,Run_00508
1.0,0.6,20,2.0,True,True,39.77,132.36,201.35,Run_00509
1.0,0.6,20,2.0,True,False,31.24,37.09,56.90,Run_00510
1.0,0.6,20,2.0,False,True,43.51,231.26,351.80,Run_00511
1.0,0.6,20,2.0,False,False,31.58,66.91,101.89,Run_00512
1.0,0.6,20,3.0,True,True,39.16,106.54,162.21,Run_00513
1.0,0.6,20,3.0,True,False,31.85,30.18,47.14,Run_00514
1.0,0.6,20,3.0,False,True,43.51,231.26,351.80,Run_00515
1.0,0.6,20,3.0,False,False,31.58,66.91,101.89,Run_00516
1.0,0.6,30,1.0,True,True,41.04,176.72,268.83,Run_00517
1.0,0.6,30,1.0,True,False,31.38,54.54,83.06,Run_00518
1.0,0.6,30,1.0,False,True,43.46,231.26,351.80,Run_00519
1.0,0.6,30,1.0,False,False,32.16,72.00,109.64,Run_00520
1.0,0.6,30,2.0,True,True,39.69,132.36,201.35,Run_00521
1.0,0.6,30,2.0,True,False,31.61,41.82,64.15,Run_00522
1.0,0.6,30,2.0,False,True,43.46,231.26,351.80,Run_00523
1.0,0.6,30,2.0,False,False,32.16,72.00,109.64,Run_00524
1.0,0.6,30,3.0,True,True,39.06,106.18,161.65,Run_00525
1.0,0.6,30,3.0,True,False,32.58,29.82,45.44,Run_00526
1.0,0.6,30,3.0,False,True,43.46,231.26,351.80,Run_00527
1.0,0.6,30,3.0,False,False,32.16,72.00,109.64,Run_00528
1.0,0.6,40,1.0,True,True,41.00,176.36,268.28,Run_00529
1.0,0.6,40,1.0,True,False,31.74,57.82,88.04,Run_00530
1.0,0.6,40,1.0,False,True,43.39,231.26,351.80,Run_00531
1.0,0.6,40,1.0,False,False,32.66,78.91,120.16,Run_00532
1.0,0.6,40,2.0,True,True,39.67,131.99,200.79,Run_00533
1.0,0.6,40,2.0,True,False,31.93,43.63,66.94,Run_00534
1.0,0.6,40,2.0,False,True,43.39,231.26,351.80,Run_00535
1.0,0.6,40,2.0,False,False,32.66,78.91,120.16,Run_00536
1.0,0.6,40,3.0,True,True,39.10,106.18,161.65,Run_00537
1.0,0.6,40,3.0,True,False,32.47,32.36,49.32,Run_00538
1.0,0.6,40,3.0,False,True,43.39,231.26,351.80,Run_00539
1.0,0.6,40,3.0,False,False,32.66,78.91,120.16,Run_00540
1.0,0.6,50,1.0,True,True,41.04,176.36,268.28,Run_00541
1.0,0.6,50,1.0,True,False,32.10,58.91,89.70,Run_00542
1.0,0.6,50,1.0,False,True,43.45,231.26,351.80,Run_00543
1.0,0.6,50,1.0,False,False,32.85,79.63,121.27,Run_00544
1.0,0.6,50,2.0,True,True,39.76,131.27,199.69,Run_00545
1.0,0.6,50,2.0,True,False,32.16,45.45,69.73,Run_00546
1.0,0.6,50,2.0,False,True,43.45,231.26,351.80,Run_00547
1.0,0.6,50,2.0,False,False,32.85,79.63,121.27,Run_00548
1.0,0.6,50,3.0,True,True,38.98,106.54,162.21,Run_00549
1.0,0.6,50,3.0,True,False,32.57,35.63,54.31,Run_00550
1.0,0.6,50,3.0,False,True,43.45,231.26,351.80,Run_00551
1.0,0.6,50,3.0,False,False,32.85,79.63,121.27,Run_00552
1.0,0.6,60,1.0,True,True,41.06,175.63,267.17,Run_00553
1.0,0.6,60,1.0,True,False,32.12,58.54,89.15,Run_00554
1.0,0.6,60,1.0,False,True,43.45,230.90,351.25,Run_00555
1.0,0.6,60,1.0,False,False,32.98,81.09,123.49,Run_00556
1.0,0.6,60,2.0,True,True,39.74,130.90,199.13,Run_00557
1.0,0.6,60,2.0,True,False,32.11,45.82,70.29,Run_00558
1.0,0.6,60,2.0,False,True,43.45,230.90,351.25,Run_00559
1.0,0.6,60,2.0,False,False,32.98,81.09,123.49,Run_00560
1.0,0.6,60,3.0,True,True,39.00,106.54,162.21,Run_00561
1.0,0.6,60,3.0,True,False,32.55,36.73,56.39,Run_00562
1.0,0.6,60,3.0,False,True,43.45,230.90,351.25,Run_00563
1.0,0.6,60,3.0,False,False,32.98,81.09,123.49,Run_00564
1.0,0.6,70,1.0,True,True,41.06,175.27,266.62,Run_00565
1.0,0.6,70,1.0,True,False,32.43,59.27,90.26,Run_00566
1.0,0.6,70,1.0,False,True,43.44,230.54,350.70,Run_00567
1.0,0.6,70,1.0,False,False,33.19,83.27,126.81,Run_00568
1.0,0.6,70,2.0,True,True,39.72,131.27,199.69,Run_00569
1.0,0.6,70,2.0,True,False,32.23,46.91,71.96,Run_00570
1.0,0.6,70,2.0,False,True,43.44,230.54,350.70,Run_00571
1.0,0.6,70,2.0,False,False,33.19,83.27,126.81,Run_00572
1.0,0.6,70,3.0,True,True,39.12,105.81,161.10,Run_00573
1.0,0.6,70,3.0,True,False,32.38,37.45,57.50,Run_00574
1.0,0.6,70,3.0,False,True,43.44,230.54,350.70,Run_00575
1.0,0.6,70,3.0,False,False,33.19,83.27,126.81,Run_00576
1.0,0.6,80,1.0,True,True,41.05,175.27,266.62,Run_00577
1.0,0.6,80,1.0,True,False,32.58,61.09,93.03,Run_00578
1.0,0.6,80,1.0,False,True,43.43,230.90,351.25,Run_00579
1.0,0.6,80,1.0,False,False,33.32,84.72,129.02,Run_00580
1.0,0.6,80,2.0,True,True,39.75,131.27,199.69,Run_00581
1.0,0.6,80,2.0,True,False,32.29,47.63,73.08,Run_00582
1.0,0.6,80,2.0,False,True,43.43,230.90,351.25,Run_00583
1.0,0.6,80,2.0,False,False,33.32,84.72,129.02,Run_00584
1.0,0.6,80,3.0,True,True,39.09,106.18,161.65,Run_00585
1.0,0.6,80,3.0,True,False,32.51,36.73,56.39,Run_00586
1.0,0.6,80,3.0,False,True,43.43,230.90,351.25,Run_00587
1.0,0.6,80,3.0,False,False,33.32,84.72,129.02,Run_00588
2.0,0.05,20,1.0,True,True,42.68,106.90,162.68,Run_00589
2.0,0.05,20,1.0,True,False,45.57,97.81,148.85,Run_00590
2.0,0.05,20,1.0,False,True,44.90,142.90,217.45,Run_00591
2.0,0.05,20,1.0,False,False,46.64,131.27,199.74,Run_00592
2.0,0.05,20,2.0,True,True,41.95,95.27,145.53,Run_00593
2.0,0.05,20,2.0,True,False,44.90,86.91,132.75,Run_00594
2.0,0.05,20,2.0,False,True,44.90,142.90,217.45,Run_00595
2.0,0.05,20,2.0,False,False,46.64,131.27,199.74,Run_00596
2.0,0.05,20,3.0,True,True,40.97,77.45,118.30,Run_00597
2.0,0.05,20,3.0,True,False,43.83,69.09,105.59,Run_00598
2.0,0.05,20,3.0,False,True,44.90,142.90,217.45,Run_00599
2.0,0.05,20,3.0,False,False,46.64,131.27,199.74,Run_00600
2.0,0.05,30,1.0,True,True,42.79,106.54,162.13,Run_00601
2.0,0.05,30,1.0,True,False,44.94,102.18,155.49,Run_00602
2.0,0.05,30,1.0,False,True,45.00,143.99,219.11,Run_00603
2.0,0.05,30,1.0,False,False,46.76,135.63,206.38,Run_00604
2.0,0.05,30,2.0,True,True,42.13,94.91,144.97,Run_00605
2.0,0.05,30,2.0,True,False,44.23,90.18,137.75,Run_00606
2.0,0.05,30,2.0,False,True,45.00,143.99,219.11,Run_00607
2.0,0.05,30,2.0,False,False,46.76,135.63,206.38,Run_00608
2.0,0.05,30,3.0,True,True,41.21,76.72,117.19,Run_00609
2.0,0.05,30,3.0,True,False,43.17,72.00,110.04,Run_00610
2.0,0.05,30,3.0,False,True,45.00,143.99,219.11,Run_00611
2.0,0.05,30,3.0,False,False,46.76,135.63,206.38,Run_00612
2.0,0.05,40,1.0,True,True,42.74,106.54,162.13,Run_00613
2.0,0.05,40,1.0,True,False,44.96,102.54,156.04,Run_00614
2.0,0.05,40,1.0,False,True,44.97,143.27,218.00,Run_00615
2.0,0.05,40,1.0,False,False,46.70,135.63,206.38,Run_00616
2.0,0.05,40,2.0,True,True,42.12,94.91,144.97,Run_00617
2.0,0.05,40,2.0,True,False,44.28,91.63,139.97,Run_00618
2.0,0.05,40,2.0,False,True,44.97,143.27,218.00,Run_00619
2.0,0.05,40,2.0,False,False,46.70,135.63,206.38,Run_00620
2.0,0.05,40,3.0,True,True,41.13,76.00,116.08,Run_00621
2.0,0.05,40,3.0,True,False,43.16,72.00,110.04,Run_00622
2.0,0.05,40,3.0,False,True,44.97,143.27,218.00,Run_00623
2.0,0.05,40,3.0,False,False,46.70,135.63,206.38,Run_00624
2.0,0.05,50,1.0,True,True,42.73,106.54,162.13,Run_00625
2.0,0.05,50,1.0,True,False,44.39,103.27,157.15,Run_00626
2.0,0.05,50,1.0,False,True,44.99,142.90,217.45,Run_00627
2.0,0.05,50,1.0,False,False,46.57,137.45,209.15,Run_00628
2.0,0.05,50,2.0,True,True,42.09,95.27,145.53,Run_00629
2.0,0.05,50,2.0,True,False,43.76,93.09,142.20,Run_00630
2.0,0.05,50,2.0,False,True,44.99,142.90,217.45,Run_00631
2.0,0.05,50,2.0,False,False,46.57,137.45,209.15,Run_00632
2.0,0.05,50,3.0,True,True,41.15,76.00,116.08,Run_00633
2.0,0.05,50,3.0,True,False,42.71,73.45,112.26,Run_00634
2.0,0.05,50,3.0,False,True,44.99,142.90,217.45,Run_00635
2.0,0.05,50,3.0,False,False,46.57,137.45,209.15,Run_00636
2.0,0.05,60,1.0,True,True,42.75,106.18,161.57,Run_00637
2.0,0.05,60,1.0,True,False,44.37,103.27,157.15,Run_00638
2.0,0.05,60,1.0,False,True,44.97,142.54,216.90,Run_00639
2.0,0.05,60,1.0,False,False,46.57,137.45,209.15,Run_00640
2.0,0.05,60,2.0,True,True,42.12,94.91,144.97,Run_00641
2.0,0.05,60,2.0,True,False,43.70,92.72,141.64,Run_00642
2.0,0.05,60,2.0,False,True,44.97,142.54,216.90,Run_00643
2.0,0.05,60,2.0,False,False,46.57,137.45,209.15,Run_00644
2.0,0.05,60,3.0,True,True,41.14,76.00,116.08,Run_00645
2.0,0.05,60,3.0,True,False,42.54,72.72,111.15,Run_00646
2.0,0.05,60,3.0,False,True,44.97,142.54,216.90,Run_00647
2.0,0.05,60,3.0,False,False,46.57,137.45,209.15,Run_00648
2.0,0.05,70,1.0,True,True,42.76,106.18,161.57,Run_00649
2.0,0.05,70,1.0,True,False,44.07,103.27,157.15,Run_00650
2.0,0.05,70,1.0,False,True,44.97,142.54,216.90,Run_00651
2.0,0.05,70,1.0,False,False,46.37,137.09,208.60,Run_00652
2.0,0.05,70,2.0,True,True,42.11,94.91,144.97,Run_00653
2.0,0.05,70,2.0,True,False,43.39,92.72,141.64,Run_00654
2.0,0.05,70,2.0,False,True,44.97,142.54,216.90,Run_00655
2.0,0.05,70,2.0,False,False,46.37,137.09,208.60,Run_00656
2.0,0.05,70,3.0,True,True,41.11,76.00,116.08,Run_00657
2.0,0.05,70,3.0,True,False,42.28,73.09,111.70,Run_00658
2.0,0.05,70,3.0,False,True,44.97,142.54,216.90,Run_00659
2.0,0.05,70,3.0,False,False,46.37,137.09,208.60,Run_00660
2.0,0.05,80,1.0,True,True,42.78,106.18,161.57,Run_00661
2.0,0.05,80,1.0,True,False,44.11,103.63,157.70,Run_00662
2.0,0.05,80,1.0,False,True,44.99,142.54,216.90,Run_00663
2.0,0.05,80,1.0,False,False,46.41,137.45,209.15,Run_00664
2.0,0.05,80,2.0,True,True,42.13,94.91,144.97,Run_00665
2.0,0.05,80,2.0,True,False,43.47,93.09,142.20,Run_00666
2.0,0.05,80,2.0,False,True,44.99,142.54,216.90,Run_00667
2.0,0.05,80,2.0,False,False,46.41,137.45,209.15,Run_00668
2.0,0.05,80,3.0,True,True,41.11,76.00,116.08,Run_00669
2.0,0.05,80,3.0,True,False,42.43,73.45,112.26,Run_00670
2.0,0.05,80,3.0,False,True,44.99,142.54,216.90,Run_00671
2.0,0.05,80,3.0,False,False,46.41,137.45,209.15,Run_00672
2.0,0.1,20,1.0,True,True,42.39,105.81,161.02,Run_00673
2.0,0.1,20,1.0,True,False,44.01,76.72,116.75,Run_00674
2.0,0.1,20,1.0,False,True,44.61,142.54,216.90,Run_00675
2.0,0.1,20,1.0,False,False,44.78,105.09,159.90,Run_00676
2.0,0.1,20,2.0,True,True,41.73,94.91,144.97,Run_00677
2.0,0.1,20,2.0,True,False,43.50,67.27,102.76,Run_00678
2.0,0.1,20,2.0,False,True,44.61,142.54,216.90,Run_00679
2.0,0.1,20,2.0,False,False,44.78,105.09,159.90,Run_00680
2.0,0.1,20,3.0,True,True,40.78,78.18,119.42,Run_00681
2.0,0.1,20,3.0,True,False,42.97,55.27,84.47,Run_00682
2.0,0.1,20,3.0,False,True,44.61,142.54,216.90,Run_00683
2.0,0.1,20,3.0,False,False,44.78,105.09,159.90,Run_00684
2.0,0.1,30,1.0,True,True,42.43,106.90,162.68,Run_00685
2.0,0.1,30,1.0,True,False,44.96,80.36,122.29,Run_00686
2.0,0.1,30,1.0,False,True,44.59,142.90,217.45,Run_00687
2.0,0.1,30,1.0,False,False,45.59,108.36,164.88,Run_00688
2.0,0.1,30,2.0,True,True,41.79,95.27,145.53,Run_00689
2.0,0.1,30,2.0,True,False,44.59,72.36,110.53,Run_00690
2.0,0.1,30,2.0,False,True,44.59,142.90,217.45,Run_00691
2.0,0.1,30,2.0,False,False,45.59,108.36,164.88,Run_00692
2.0,0.1,30,3.0,True,True,40.74,78.18,119.42,Run_00693
2.0,0.1,30,3.0,True,False,43.83,57.82,88.36,Run_00694
2.0,0.1,30,3.0,False,True,44.59,142.90,217.45,Run_00695
2.0,0.1,30,3.0,False,False,45.59,108.36,164.88,Run_00696
2.0,0.1,40,1.0,True,True,42.44,106.90,162.68,Run_00697
2.0,0.1,40,1.0,True,False,45.70,83.63,127.27,Run_00698
2.0,0.1,40,1.0,False,True,44.62,142.90,217.45,Run_00699
2.0,0.1,40,1.0,False,False,46.37,113.09,172.08,Run_00700
2.0,0.1,40,2.0,True,True,41.77,95.63,146.08,Run_00701
2.0,0.1,40,2.0,True,False,45.29,74.54,113.87,Run_00702
2.0,0.1,40,2.0,False,True,44.62,142.90,217.45,Run_00703
2.0,0.1,40,2.0,False,False,46.37,113.09,172.08,Run_00704
2.0,0.1,40,3.0,True,True,40.58,77.45,118.30,Run_00705
2.0,0.1,40,3.0,True,False,44.35,60.36,92.25,Run_00706
2.0,0.1,40,3.0,False,True,44.62,142.90,217.45,Run_00707
2.0,0.1,40,3.0,False,False,46.37,113.09,172.08,Run_00708
2.0,0.1,50,1.0,True,True,42.52,106.90,162.68,Run_00709
2.0,0.1,50,1.0,True,False,46.29,85.09,129.48,Run_00710
2.0,0.1,50,1.0,False,True,44.69,142.90,217.45,Run_00711
2.0,0.1,50,1.0,False,False,46.97,114.90,174.84,Run_00712
2.0,0.1,50,2.0,True,True,41.86,95.63,146.08,Run_00713
2.0,0.1,50,2.0,True,False,45.89,75.63,115.53,Run_00714
2.0,0.1,50,2.0,False,True,44.69,142.90,217.45,Run_00715
2.0,0.1,50,2.0,False,False,46.97,114.90,174.84,Run_00716
2.0,0.1,50,3.0,True,True,40.86,76.36,116.64,Run_00717
2.0,0.1,50,3.0,True,False,44.75,61.45,93.92,Run_00718
2.0,0.1,50,3.0,False,True,44.69,142.90,217.45,Run_00719
2.0,0.1,50,3.0,False,False,46.97,114.90,174.84,Run_00720
2.0,0.1,60,1.0,True,True,42.56,106.54,162.13,Run_00721
2.0,0.1,60,1.0,True,False,46.65,87.63,133.35,Run_00722
2.0,0.1,60,1.0,False,True,44.77,142.90,217.45,Run_00723
2.0,0.1,60,1.0,False,False,47.36,117.45,178.72,Run_00724
2.0,0.1,60,2.0,True,True,41.93,94.91,144.97,Run_00725
2.0,0.1,60,2.0,True,False,46.22,78.18,119.42,Run_00726
2.0,0.1,60,2.0,False,True,44.77,142.90,217.45,Run_00727
2.0,0.1,60,2.0,False,False,47.36,117.45,178.72,Run_00728
2.0,0.1,60,3.0,True,True,40.80,76.72,117.19,Run_00729
2.0,0.1,60,3.0,True,False,44.83,62.91,96.14,Run_00730
2.0,0.1,60,3.0,False,True,44.77,142.90,217.45,Run_00731
2.0,0.1,60,3.0,False,False,47.36,117.45,178.72,Run_00732
2.0,0.1,70,1.0,True,True,42.56,106.54,162.13,Run_00733
2.0,0.1,70,1.0,True,False,46.60,88.36,134.46,Run_00734
2.0,0.1,70,1.0,False,True,44.73,142.54,216.90,Run_00735
2.0,0.1,70,1.0,False,False,47.37,117.81,179.27,Run_00736
2.0,0.1,70,2.0,True,True,41.90,94.91,144.97,Run_00737
2.0,0.1,70,2.0,True,False,46.08,78.54,119.98,Run_00738
2.0,0.1,70,2.0,False,True,44.73,142.54,216.90,Run_00739
2.0,0.1,70,2.0,False,False,47.37,117.81,179.27,Run_00740
2.0,0.1,70,3.0,True,True,40.80,76.36,116.64,Run_00741
2.0,0.1,70,3.0,True,False,44.74,63.63,97.25,Run_00742
2.0,0.1,70,3.0,False,True,44.73,142.54,216.90,Run_00743
2.0,0.1,70,3.0,False,False,47.37,117.81,179.27,Run_00744
2.0,0.1,80,1.0,True,True,42.64,106.18,161.57,Run_00745
2.0,0.1,80,1.0,True,False,46.99,91.27,138.89,Run_00746
2.0,0.1,80,1.0,False,True,44.82,142.18,216.34,Run_00747
2.0,0.1,80,1.0,False,False,47.76,121.45,184.80,Run_00748
2.0,0.1,80,2.0,True,True,42.00,94.54,144.42,Run_00749
2.0,0.1,80,2.0,True,False,46.47,81.45,124.42,Run_00750
2.0,0.1,80,2.0,False,True,44.82,142.18,216.34,Run_00751
2.0,0.1,80,2.0,False,False,47.76,121.45,184.80,Run_00752
2.0,0.1,80,3.0,True,True,40.97,77.09,117.75,Run_00753
2.0,0.1,80,3.0,True,False,45.03,65.45,100.03,Run_00754
2.0,0.1,80,3.0,False,True,44.82,142.18,216.34,Run_00755
2.0,0.1,80,3.0,False,False,47.76,121.45,184.80,Run_00756
2.0,0.2,20,1.0,True,True,42.17,105.45,160.47,Run_00757
2.0,0.2,20,1.0,True,False,37.62,53.09,80.79,Run_00758
2.0,0.2,20,1.0,False,True,44.89,138.90,211.36,Run_00759
2.0,0.2,20,1.0,False,False,39.25,73.45,111.77,Run_00760
2.0,0.2,20,2.0,True,True,41.58,94.91,144.97,Run_00761
2.0,0.2,20,2.0,True,False,38.01,48.00,73.32,Run_00762
2.0,0.2,20,2.0,False,True,44.89,138.90,211.36,Run_00763
2.0,0.2,20,2.0,False,False,39.25,73.45,111.77,Run_00764
2.0,0.2,20,3.0,True,True,40.82,78.91,120.53,Run_00765
2.0,0.2,20,3.0,True,False,38.38,40.00,61.10,Run_00766
2.0,0.2,20,3.0,False,True,44.89,138.90,211.36,Run_00767
2.0,0.2,20,3.0,False,False,39.25,73.45,111.77,Run_00768
2.0,0.2,30,1.0,True,True,42.20,105.45,160.47,Run_00769
2.0,0.2,30,1.0,True,False,38.90,57.82,87.98,Run_00770
2.0,0.2,30,1.0,False,True,44.92,139.63,212.47,Run_00771
2.0,0.2,30,1.0,False,False,40.66,79.63,121.17,Run_00772
2.0,0.2,30,2.0,True,True,41.58,95.63,146.08,Run_00773
2.0,0.2,30,2.0,True,False,39.07,50.91,77.76,Run_00774
2.0,0.2,30,2.0,False,True,44.92,139.63,212.47,Run_00775
2.0,0.2,30,2.0,False,False,40.66,79.63,121.17,Run_00776
2.0,0.2,30,3.0,True,True,40.68,78.91,120.53,Run_00777
2.0,0.2,30,3.0,True,False,39.65,40.36,61.65,Run_00778
2.0,0.2,30,3.0,False,True,44.92,139.63,212.47,Run_00779
2.0,0.2,30,3.0,False,False,40.66,79.63,121.17,Run_00780
2.0,0.2,40,1.0,True,True,42.20,106.18,161.57,Run_00781
2.0,0.2,40,1.0,True,False,40.29,61.09,92.96,Run_00782
2.0,0.2,40,1.0,False,True,44.84,140.36,213.58,Run_00783
2.0,0.2,40,1.0,False,False,41.88,82.91,126.15,Run_00784
2.0,0.2,40,2.0,True,True,41.54,96.00,146.64,Run_00785
2.0,0.2,40,2.0,True,False,40.39,53.82,82.21,Run_00786
2.0,0.2,40,2.0,False,True,44.84,140.36,213.58,Run_00787
2.0,0.2,40,2.0,False,False,41.88,82.91,126.15,Run_00788
2.0,0.2,40,3.0,True,True,40.67,78.91,120.53,Run_00789
2.0,0.2,40,3.0,True,False,40.35,45.82,69.98,Run_00790
2.0,0.2,40,3.0,False,True,44.84,140.36,213.58,Run_00791
2.0,0.2,40,3.0,False,False,41.88,82.91,126.15,Run_00792
2.0,0.2,50,1.0,True,True,42.25,106.54,162.13,Run_00793
2.0,0.2,50,1.0,True,False,41.08,62.91,95.73,Run_00794
2.0,0.2,50,1.0,False,True,44.86,140.72,214.13,Run_00795
2.0,0.2,50,1.0,False,False,42.54,84.72,128.92,Run_00796
2.0,0.2,50,2.0,True,True,41.58,96.00,146.64,Run_00797
2.0,0.2,50,2.0,True,False,41.00,56.36,86.09,Run_00798
2.0,0.2,50,2.0,False,True,44.86,140.72,214.13,Run_00799
2.0,0.2,50,2.0,False,False,42.54,84.72,128.92,Run_00800
2.0,0.2,50,3.0,True,True,40.86,78.91,120.53,Run_00801
2.0,0.2,50,3.0,True,False,40.93,48.00,73.31,Run_00802
2.0,0.2,50,3.0,False,True,44.86,140.72,214.13,Run_00803
2.0,0.2,50,3.0,False,False,42.54,84.72,128.92,Run_00804
2.0,0.2,60,1.0,True,True,42.23,107.27,163.23,Run_00805
2.0,0.2,60,1.0,True,False,42.16,66.18,100.71,Run_00806
2.0,0.2,60,1.0,False,True,44.76,142.54,216.90,Run_00807
2.0,0.2,60,1.0,False,False,43.30,89.09,135.56,Run_00808
2.0,0.2,60,2.0,True,True,41.61,96.72,147.75,Run_00809
2.0,0.2,60,2.0,True,False,41.97,60.36,92.20,Run_00810
2.0,0.2,60,2.0,False,True,44.76,142.54,216.90,Run_00811
2.0,0.2,60,2.0,False,False,43.30,89.09,135.56,Run_00812
2.0,0.2,60,3.0,True,True,40.77,79.63,121.64,Run_00813
2.0,0.2,60,3.0,True,False,41.73,50.91,77.76,Run_00814
2.0,0.2,60,3.0,False,True,44.76,142.54,216.90,Run_00815
2.0,0.2,60,3.0,False,False,43.30,89.09,135.56,Run_00816
2.0,0.2,70,1.0,True,True,42.34,107.27,163.23,Run_00817
2.0,0.2,70,1.0,True,False,42.63,68.00,103.47,Run_00818
2.0,0.2,70,1.0,False,True,44.85,142.54,216.90,Run_00819
2.0,0.2,70,1.0,False,False,43.79,91.27,138.88,Run_00820
2.0,0.2,70,2.0,True,True,41.70,96.72,147.75,Run_00821
2.0,0.2,70,2.0,True,False,42.41,61.82,94.43,Run_00822
2.0,0.2,70,2.0,False,True,44.85,142.54,216.90,Run_00823
2.0,0.2,70,2.0,False,False,43.79,91.27,138.88,Run_00824
2.0,0.2,70,3.0,True,True,40.80,79.63,121.64,Run_00825
2.0,0.2,70,3.0,True,False,42.18,51.27,78.99,Run_00826
2.0,0.2,70,3.0,False,True,44.85,142.54,216.90,Run_00827
2.0,0.2,70,3.0,False,False,43.79,91.27,138.88,Run_00828
2.0,0.2,80,1.0,True,True,42.34,107.27,163.23,Run_00829
2.0,0.2,80,1.0,True,False,42.89,69.09,105.13,Run_00830
2.0,0.2,80,1.0,False,True,44.83,142.54,216.90,Run_00831
2.0,0.2,80,1.0,False,False,44.07,93.45,142.20,Run_00832
2.0,0.2,80,2.0,True,True,41.70,96.36,147.19,Run_00833
2.0,0.2,80,2.0,True,False,42.60,62.91,96.09,Run_00834
2.0,0.2,80,2.0,False,True,44.83,142.54,216.90,Run_00835
2.0,0.2,80,2.0,False,False,44.07,93.45,142.20,Run_00836
2.0,0.2,80,3.0,True,True,40.76,80.00,122.19,Run_00837
2.0,0.2,80,3.0,True,False,42.40,52.00,80.11,Run_00838
2.0,0.2,80,3.0,False,True,44.83,142.54,216.90,Run_00839
2.0,0.2,80,3.0,False,False,44.07,93.45,142.20,Run_00840
2.0,0.3,20,1.0,True,True,41.91,106.54,162.13,Run_00841
2.0,0.3,20,1.0,True,False,33.33,41.09,63.06,Run_00842
2.0,0.3,20,1.0,False,True,44.70,139.63,212.47,Run_00843
2.0,0.3,20,1.0,False,False,34.90,54.54,83.70,Run_00844
2.0,0.3,20,2.0,True,True,41.26,96.72,147.75,Run_00845
2.0,0.3,20,2.0,True,False,34.18,36.36,56.02,Run_00846
2.0,0.3,20,2.0,False,True,44.70,139.63,212.47,Run_00847
2.0,0.3,20,2.0,False,False,34.90,54.54,83.70,Run_00848
2.0,0.3,20,3.0,True,True,40.59,80.00,122.19,Run_00849
2.0,0.3,20,3.0,True,False,34.67,30.54,47.06,Run_00850
2.0,0.3,20,3.0,False,True,44.70,139.63,212.47,Run_00851
2.0,0.3,20,3.0,False,False,34.90,54.54,83.70,Run_00852
2.0,0.3,30,1.0,True,True,41.96,105.81,161.02,Run_00853
2.0,0.3,30,1.0,True,False,34.84,44.73,68.06,Run_00854
2.0,0.3,30,1.0,False,True,44.77,138.54,210.81,Run_00855
2.0,0.3,30,1.0,False,False,36.36,60.36,91.85,Run_00856
2.0,0.3,30,2.0,True,True,41.37,96.00,146.64,Run_00857
2.0,0.3,30,2.0,True,False,35.26,41.09,62.76,Run_00858
2.0,0.3,30,2.0,False,True,44.77,138.54,210.81,Run_00859
2.0,0.3,30,2.0,False,False,36.36,60.36,91.85,Run_00860
2.0,0.3,30,3.0,True,True,40.60,79.27,121.08,Run_00861
2.0,0.3,30,3.0,True,False,36.09,33.82,52.10,Run_00862
2.0,0.3,30,3.0,False,True,44.77,138.54,210.81,Run_00863
2.0,0.3,30,3.0,False,False,36.36,60.36,91.85,Run_00864
2.0,0.3,40,1.0,True,True,41.98,106.54,162.13,Run_00865
2.0,0.3,40,1.0,True,False,35.74,48.73,74.15,Run_00866
2.0,0.3,40,1.0,False,True,44.80,139.63,212.47,Run_00867
2.0,0.3,40,1.0,False,False,37.44,65.45,99.59,Run_00868
2.0,0.3,40,2.0,True,True,41.38,95.63,146.08,Run_00869
2.0,0.3,40,2.0,True,False,36.13,43.27,66.10,Run_00870
2.0,0.3,40,2.0,False,True,44.80,139.63,212.47,Run_00871
2.0,0.3,40,2.0,False,False,37.44,65.45,99.59,Run_00872
2.0,0.3,40,3.0,True,True,40.59,78.91,120.53,Run_00873
2.0,0.3,40,3.0,True,False,37.07,35.27,54.34,Run_00874
2.0,0.3,40,3.0,False,True,44.80,139.63,212.47,Run_00875
2.0,0.3,40,3.0,False,False,37.44,65.45,99.59,Run_00876
2.0,0.3,50,1.0,True,True,42.06,106.54,162.13,Run_00877
2.0,0.3,50,1.0,True,False,36.30,49.09,74.70,Run_00878
2.0,0.3,50,1.0,False,True,44.85,139.63,212.47,Run_00879
2.0,0.3,50,1.0,False,False,37.88,66.54,101.25,Run_00880
2.0,0.3,50,2.0,True,True,41.51,96.00,146.64,Run_00881
2.0,0.3,50,2.0,True,False,36.59,44.00,67.21,Run_00882
2.0,0.3,50,2.0,False,True,44.85,139.63,212.47,Run_00883
2.0,0.3,50,2.0,False,False,37.88,66.54,101.25,Run_00884
2.0,0.3,50,3.0,True,True,40.73,79.27,121.08,Run_00885
2.0,0.3,50,3.0,True,False,37.53,35.63,54.90,Run_00886
2.0,0.3,50,3.0,False,True,44.85,139.63,212.47,Run_00887
2.0,0.3,50,3.0,False,False,37.88,66.54,101.25,Run_00888
2.0,0.3,60,1.0,True,True,42.11,106.54,162.13,Run_00889
2.0,0.3,60,1.0,True,False,36.76,50.18,76.36,Run_00890
2.0,0.3,60,1.0,False,True,44.84,139.27,211.92,Run_00891
2.0,0.3,60,1.0,False,False,38.27,67.27,102.36,Run_00892
2.0,0.3,60,2.0,True,True,41.59,96.00,146.64,Run_00893
2.0,0.3,60,2.0,True,False,36.86,45.45,69.43,Run_00894
2.0,0.3,60,2.0,False,True,44.84,139.27,211.92,Run_00895
2.0,0.3,60,2.0,False,False,38.27,67.27,102.36,Run_00896
2.0,0.3,60,3.0,True,True,40.82,79.27,121.08,Run_00897
2.0,0.3,60,3.0,True,False,37.63,37.82,58.26,Run_00898
2.0,0.3,60,3.0,False,True,44.84,139.27,211.92,Run_00899
2.0,0.3,60,3.0,False,False,38.27,67.27,102.36,Run_00900
2.0,0.3,70,1.0,True,True,42.10,106.54,162.13,Run_00901
2.0,0.3,70,1.0,True,False,37.07,51.27,78.02,Run_00902
2.0,0.3,70,1.0,False,True,44.81,139.27,211.92,Run_00903
2.0,0.3,70,1.0,False,False,38.52,68.72,104.57,Run_00904
2.0,0.3,70,2.0,True,True,41.53,96.36,147.19,Run_00905
2.0,0.3,70,2.0,True,False,37.04,46.54,71.09,Run_00906
2.0,0.3,70,2.0,False,True,44.81,139.27,211.92,Run_00907
2.0,0.3,70,2.0,False,False,38.52,68.72,104.57,Run_00908
2.0,0.3,70,3.0,True,True,40.69,80.00,122.19,Run_00909
2.0,0.3,70,3.0,True,False,37.95,39.27,60.50,Run_00910
2.0,0.3,70,3.0,False,True,44.81,139.27,211.92,Run_00911
2.0,0.3,70,3.0,False,False,38.52,68.72,104.57,Run_00912
2.0,0.3,80,1.0,True,True,42.12,106.54,162.13,Run_00913
2.0,0.3,80,1.0,True,False,37.44,52.73,80.23,Run_00914
2.0,0.3,80,1.0,False,True,44.82,139.27,211.92,Run_00915
2.0,0.3,80,1.0,False,False,38.83,70.54,107.34,Run_00916
2.0,0.3,80,2.0,True,True,41.50,96.36,147.19,Run_00917
2.0,0.3,80,2.0,True,False,37.41,47.63,72.76,Run_00918
2.0,0.3,80,2.0,False,True,44.82,139.27,211.92,Run_00919
2.0,0.3,80,2.0,False,False,38.83,70.54,107.34,Run_00920
2.0,0.3,80,3.0,True,True,40.62,80.00,122.19,Run_00921
2.0,0.3,80,3.0,True,False,38.36,40.73,62.74,Run_00922
2.0,0.3,80,3.0,False,True,44.82,139.27,211.92,Run_00923
2.0,0.3,80,3.0,False,False,38.83,70.54,107.34,Run_00924
2.0,0.4,20,1.0,True,True,41.83,106.18,161.57,Run_00925
2.0,0.4,20,1.0,True,False,31.28,32.00,49.10,Run_00926
2.0,0.4,20,1.0,False,True,44.67,139.63,212.47,Run_00927
2.0,0.4,20,1.0,False,False,32.36,42.54,65.28,Run_00928
2.0,0.4,20,2.0,True,True,41.19,97.09,148.31,Run_00929
2.0,0.4,20,2.0,True,False,31.57,30.91,47.61,Run_00930
2.0,0.4,20,2.0,False,True,44.67,139.63,212.47,Run_00931
2.0,0.4,20,2.0,False,False,32.36,42.54,65.28,Run_00932
2.0,0.4,20,3.0,True,True,40.48,80.36,122.75,Run_00933
2.0,0.4,20,3.0,True,False,32.38,25.09,38.65,Run_00934
2.0,0.4,20,3.0,False,True,44.67,139.63,212.47,Run_00935
2.0,0.4,20,3.0,False,False,32.36,42.54,65.28,Run_00936
2.0,0.4,30,1.0,True,True,41.86,106.90,162.68,Run_00937
2.0,0.4,30,1.0,True,False,31.97,38.91,59.21,Run_00938
2.0,0.4,30,1.0,False,True,44.65,139.27,211.92,Run_00939
2.0,0.4,30,1.0,False,False,33.44,52.36,79.68,Run_00940
2.0,0.4,30,2.0,True,True,41.19,97.81,149.42,Run_00941
2.0,0.4,30,2.0,True,False,32.22,37.09,56.65,Run_00942
2.0,0.4,30,2.0,False,True,44.65,139.27,211.92,Run_00943
2.0,0.4,30,2.0,False,False,33.44,52.36,79.68,Run_00944
2.0,0.4,30,3.0,True,True,40.59,80.00,122.19,Run_00945
2.0,0.4,30,3.0,True,False,33.38,29.82,45.94,Run_00946
2.0,0.4,30,3.0,False,True,44.65,139.27,211.92,Run_00947
2.0,0.4,30,3.0,False,False,33.44,52.36,79.68,Run_00948
2.0,0.4,40,1.0,True,True,41.85,106.90,162.68,Run_00949
2.0,0.4,40,1.0,True,False,32.74,43.63,66.40,Run_00950
2.0,0.4,40,1.0,False,True,44.65,140.72,214.13,Run_00951
2.0,0.4,40,1.0,False,False,34.35,57.82,87.98,Run_00952
2.0,0.4,40,2.0,True,True,41.16,97.45,148.86,Run_00953
2.0,0.4,40,2.0,True,False,33.08,40.00,61.10,Run_00954
2.0,0.4,40,2.0,False,True,44.65,140.72,214.13,Run_00955
2.0,0.4,40,2.0,False,False,34.35,57.82,87.98,Run_00956
2.0,0.4,40,3.0,True,True,40.45,80.36,122.75,Run_00957
2.0,0.4,40,3.0,True,False,34.02,32.00,49.30,Run_00958
2.0,0.4,40,3.0,False,True,44.65,140.72,214.13,Run_00959
2.0,0.4,40,3.0,False,False,34.35,57.82,87.98,Run_00960
2.0,0.4,50,1.0,True,True,41.87,106.54,162.13,Run_00961
2.0,0.4,50,1.0,True,False,32.96,43.27,65.85,Run_00962
2.0,0.4,50,1.0,False,True,44.70,140.72,214.13,Run_00963
2.0,0.4,50,1.0,False,False,34.54,58.54,89.08,Run_00964
2.0,0.4,50,2.0,True,True,41.19,97.09,148.31,Run_00965
2.0,0.4,50,2.0,True,False,33.17,40.36,61.65,Run_00966
2.0,0.4,50,2.0,False,True,44.70,140.72,214.13,Run_00967
2.0,0.4,50,2.0,False,False,34.54,58.54,89.08,Run_00968
2.0,0.4,50,3.0,True,True,40.43,80.36,122.75,Run_00969
2.0,0.4,50,3.0,True,False,34.09,32.00,49.30,Run_00970
2.0,0.4,50,3.0,False,True,44.70,140.72,214.13,Run_00971
2.0,0.4,50,3.0,False,False,34.54,58.54,89.08,Run_00972
2.0,0.4,60,1.0,True,True,41.88,106.54,162.13,Run_00973
2.0,0.4,60,1.0,True,False,33.58,42.91,65.29,Run_00974
2.0,0.4,60,1.0,False,True,44.68,139.63,212.47,Run_00975
2.0,0.4,60,1.0,False,False,34.68,58.18,88.53,Run_00976
2.0,0.4,60,2.0,True,True,41.21,96.72,147.75,Run_00977
2.0,0.4,60,2.0,True,False,33.80,38.54,59.38,Run_00978
2.0,0.4,60,2.0,False,True,44.68,139.63,212.47,Run_00979
2.0,0.4,60,2.0,False,False,34.68,58.18,88.53,Run_00980
2.0,0.4,60,3.0,True,True,40.46,80.72,123.30,Run_00981
2.0,0.4,60,3.0,True,False,34.34,32.36,49.86,Run_00982
2.0,0.4,60,3.0,False,True,44.68,139.63,212.47,Run_00983
2.0,0.4,60,3.0,False,False,34.68,58.18,88.53,Run_00984
2.0,0.4,70,1.0,True,True,41.91,106.54,162.13,Run_00985
2.0,0.4,70,1.0,True,False,34.03,44.36,67.51,Run_00986
2.0,0.4,70,1.0,False,True,44.72,139.63,212.47,Run_00987
2.0,0.4,70,1.0,False,False,35.11,60.00,91.30,Run_00988
2.0,0.4,70,2.0,True,True,41.24,96.36,147.19,Run_00989
2.0,0.4,70,2.0,True,False,34.14,39.63,61.06,Run_00990
2.0,0.4,70,2.0,False,True,44.72,139.63,212.47,Run_00991
2.0,0.4,70,2.0,False,False,35.11,60.00,91.30,Run_00992
2.0,0.4,70,3.0,True,True,40.39,80.00,122.19,Run_00993
2.0,0.4,70,3.0,True,False,34.72,33.45,51.54,Run_00994
2.0,0.4,70,3.0,False,True,44.72,139.63,212.47,Run_00995
2.0,0.4,70,3.0,False,False,35.11,60.00,91.30,Run_00996
2.0,0.4,80,1.0,True,True,41.92,106.54,162.13,Run_00997
2.0,0.4,80,1.0,True,False,34.45,46.18,70.28,Run_00998
2.0,0.4,80,1.0,False,True,44.71,140.72,214.13,Run_00999
2.0,0.4,80,1.0,False,False,35.50,61.82,94.07,Run_01000
2.0,0.4,80,2.0,True,True,41.22,96.72,147.75,Run_01001
2.0,0.4,80,2.0,True,False,34.58,42.18,64.44,Run_01002
2.0,0.4,80,2.0,False,True,44.71,140.72,214.13,Run_01003
2.0,0.4,80,2.0,False,False,35.50,61.82,94.07,Run_01004
2.0,0.4,80,3.0,True,True,40.40,80.36,122.75,Run_01005
2.0,0.4,80,3.0,True,False,35.15,34.18,52.22,Run_01006
2.0,0.4,80,3.0,False,True,44.71,140.72,214.13,Run_01007
2.0,0.4,80,3.0,False,False,35.50,61.82,94.07,Run_01008
2.0,0.5,20,1.0,True,True,41.79,106.18,161.57,Run_01009
2.0,0.5,20,1.0,True,False,30.43,28.73,44.08,Run_01010
2.0,0.5,20,1.0,False,True,44.65,139.27,211.92,Run_01011
2.0,0.5,20,1.0,False,False,31.49,39.63,60.82,Run_01012
2.0,0.5,20,2.0,True,True,41.16,97.09,148.31,Run_01013
2.0,0.5,20,2.0,True,False,30.66,27.64,42.57,Run_01014
2.0,0.5,20,2.0,False,True,44.65,139.27,211.92,Run_01015
2.0,0.5,20,2.0,False,False,31.49,39.63,60.82,Run_01016
2.0,0.5,20,3.0,True,True,40.38,81.09,123.86,Run_01017
2.0,0.5,20,3.0,True,False,31.43,22.54,34.73,Run_01018
2.0,0.5,20,3.0,False,True,44.65,139.27,211.92,Run_01019
2.0,0.5,20,3.0,False,False,31.49,39.63,60.82,Run_01020
2.0,0.5,30,1.0,True,True,41.80,106.90,162.68,Run_01021
2.0,0.5,30,1.0,True,False,30.93,34.54,53.01,Run_01022
2.0,0.5,30,1.0,False,True,44.59,139.27,211.92,Run_01023
2.0,0.5,30,1.0,False,False,31.97,46.18,70.87,Run_01024
2.0,0.5,30,2.0,True,True,41.13,97.45,148.86,Run_01025
2.0,0.5,30,2.0,True,False,31.10,33.09,50.98,Run_01026
2.0,0.5,30,2.0,False,True,44.59,139.27,211.92,Run_01027
2.0,0.5,30,2.0,False,False,31.97,46.18,70.87,Run_01028
2.0,0.5,30,3.0,True,True,40.38,80.72,123.30,Run_01029
2.0,0.5,30,3.0,True,False,31.69,27.27,42.01,Run_01030
2.0,0.5,30,3.0,False,True,44.59,139.27,211.92,Run_01031
2.0,0.5,30,3.0,False,False,31.97,46.18,70.87,Run_01032
2.0,0.5,40,1.0,True,True,41.79,106.90,162.68,Run_01033
2.0,0.5,40,1.0,True,False,31.65,37.45,57.48,Run_01034
2.0,0.5,40,1.0,False,True,44.56,139.99,213.02,Run_01035
2.0,0.5,40,1.0,False,False,32.81,51.27,78.68,Run_01036
2.0,0.5,40,2.0,True,True,41.08,97.45,148.86,Run_01037
2.0,0.5,40,2.0,True,False,31.79,34.54,53.22,Run_01038
2.0,0.5,40,2.0,False,True,44.56,139.99,213.02,Run_01039
2.0,0.5,40,2.0,False,False,32.81,51.27,78.68,Run_01040
2.0,0.5,40,3.0,True,True,40.31,80.36,122.75,Run_01041
2.0,0.5,40,3.0,True,False,32.09,29.09,44.82,Run_01042
2.0,0.5,40,3.0,False,True,44.56,139.99,213.02,Run_01043
2.0,0.5,40,3.0,False,False,32.81,51.27,78.68,Run_01044
2.0,0.5,50,1.0,True,True,41.79,106.54,162.13,Run_01045
2.0,0.5,50,1.0,True,False,32.07,38.18,58.59,Run_01046
2.0,0.5,50,1.0,False,True,44.60,139.99,213.02,Run_01047
2.0,0.5,50,1.0,False,False,33.17,53.09,81.47,Run_01048
2.0,0.5,50,2.0,True,True,41.11,97.09,148.31,Run_01049
2.0,0.5,50,2.0,True,False,32.25,35.27,54.34,Run_01050
2.0,0.5,50,2.0,False,True,44.60,139.99,213.02,Run_01051
2.0,0.5,50,2.0,False,False,33.17,53.09,81.47,Run_01052
2.0,0.5,50,3.0,True,True,40.36,80.00,122.19,Run_01053
2.0,0.5,50,3.0,True,False,32.60,29.09,44.82,Run_01054
2.0,0.5,50,3.0,False,True,44.60,139.99,213.02,Run_01055
2.0,0.5,50,3.0,False,False,33.17,53.09,81.47,Run_01056
2.0,0.5,60,1.0,True,True,41.81,106.54,162.13,Run_01057
2.0,0.5,60,1.0,True,False,32.35,38.91,59.71,Run_01058
2.0,0.5,60,1.0,False,True,44.60,139.63,212.47,Run_01059
2.0,0.5,60,1.0,False,False,33.41,54.18,83.14,Run_01060
2.0,0.5,60,2.0,True,True,41.14,96.72,147.75,Run_01061
2.0,0.5,60,2.0,True,False,32.49,35.63,54.90,Run_01062
2.0,0.5,60,2.0,False,True,44.60,139.63,212.47,Run_01063
2.0,0.5,60,2.0,False,False,33.41,54.18,83.14,Run_01064
2.0,0.5,60,3.0,True,True,40.42,80.00,122.19,Run_01065
2.0,0.5,60,3.0,True,False,32.91,29.45,45.38,Run_01066
2.0,0.5,60,3.0,False,True,44.60,139.63,212.47,Run_01067
2.0,0.5,60,3.0,False,False,33.41,54.18,83.14,Run_01068
2.0,0.5,70,1.0,True,True,41.77,106.54,162.13,Run_01069
2.0,0.5,70,1.0,True,False,32.45,40.36,61.94,Run_01070
2.0,0.5,70,1.0,False,True,44.56,139.63,212.47,Run_01071
2.0,0.5,70,1.0,False,False,33.51,55.27,84.82,Run_01072
2.0,0.5,70,2.0,True,True,41.13,97.09,148.31,Run_01073
2.0,0.5,70,2.0,True,False,32.58,36.73,56.58,Run_01074
2.0,0.5,70,2.0,False,True,44.56,139.63,212.47,Run_01075
2.0,0.5,70,2.0,False,False,33.51,55.27,84.82,Run_01076
2.0,0.5,70,3.0,True,True,40.37,80.00,122.19,Run_01077
2.0,0.5,70,3.0,True,False,32.96,30.18,46.50,Run_01078
2.0,0.5,70,3.0,False,True,44.56,139.63,212.47,Run_01079
2.0,0.5,70,3.0,False,False,33.51,55.27,84.82,Run_01080
2.0,0.5,80,1.0,True,True,41.76,106.54,162.13,Run_01081
2.0,0.5,80,1.0,True,False,32.56,41.82,64.18,Run_01082
2.0,0.5,80,1.0,False,True,44.54,139.99,213.02,Run_01083
2.0,0.5,80,1.0,False,False,33.64,57.09,87.61,Run_01084
2.0,0.5,80,2.0,True,True,41.12,96.72,147.75,Run_01085
2.0,0.5,80,2.0,True,False,32.66,37.82,58.26,Run_01086
2.0,0.5,80,2.0,False,True,44.54,139.99,213.02,Run_01087
2.0,0.5,80,2.0,False,False,33.64,57.09,87.61,Run_01088
2.0,0.5,80,3.0,True,True,40.23,79.63,121.64,Run_01089
2.0,0.5,80,3.0,True,False,32.99,29.82,45.94,Run_01090
2.0,0.5,80,3.0,False,True,44.54,139.99,213.02,Run_01091
2.0,0.5,80,3.0,False,False,33.64,57.09,87.61,Run_01092
2.0,0.6,20,1.0,True,True,41.77,106.18,161.57,Run_01093
2.0,0.6,20,1.0,True,False,30.10,26.91,41.29,Run_01094
2.0,0.6,20,1.0,False,True,44.63,139.27,211.92,Run_01095
2.0,0.6,20,1.0,False,False,31.05,37.45,57.47,Run_01096
2.0,0.6,20,2.0,True,True,41.15,97.09,148.31,Run_01097
2.0,0.6,20,2.0,True,False,30.34,25.45,39.21,Run_01098
2.0,0.6,20,2.0,False,True,44.63,139.27,211.92,Run_01099
2.0,0.6,20,2.0,False,False,31.05,37.45,57.47,Run_01100
2.0,0.6,20,3.0,True,True,40.35,81.09,123.86,Run_01101
2.0,0.6,20,3.0,True,False,31.00,20.73,31.93,Run_01102
2.0,0.6,20,3.0,False,True,44.63,139.27,211.92,Run_01103
2.0,0.6,20,3.0,False,False,31.05,37.45,57.47,Run_01104
2.0,0.6,30,1.0,True,True,41.78,106.90,162.68,Run_01105
2.0,0.6,30,1.0,True,False,30.76,31.27,47.99,Run_01106
2.0,0.6,30,1.0,False,True,44.58,139.27,211.92,Run_01107
2.0,0.6,30,1.0,False,False,31.67,42.18,64.73,Run_01108
2.0,0.6,30,2.0,True,True,41.10,97.45,148.86,Run_01109
2.0,0.6,30,2.0,True,False,30.84,29.82,45.94,Run_01110
2.0,0.6,30,2.0,False,True,44.58,139.27,211.92,Run_01111
2.0,0.6,30,2.0,False,False,31.67,42.18,64.73,Run_01112
2.0,0.6,30,3.0,True,True,40.32,80.72,123.30,Run_01113
2.0,0.6,30,3.0,True,False,31.17,24.36,37.53,Run_01114
2.0,0.6,30,3.0,False,True,44.58,139.27,211.92,Run_01115
2.0,0.6,30,3.0,False,False,31.67,42.18,64.73,Run_01116
2.0,0.6,40,1.0,True,True,41.74,106.90,162.68,Run_01117
2.0,0.6,40,1.0,True,False,31.15,36.36,55.80,Run_01118
2.0,0.6,40,1.0,False,True,44.51,139.99,213.02,Run_01119
2.0,0.6,40,1.0,False,False,32.32,49.82,76.45,Run_01120
2.0,0.6,40,2.0,True,True,41.07,97.45,148.86,Run_01121
2.0,0.6,40,2.0,True,False,31.25,33.45,51.54,Run_01122
2.0,0.6,40,2.0,False,True,44.51,139.99,213.02,Run_01123
2.0,0.6,40,2.0,False,False,32.32,49.82,76.45,Run_01124
2.0,0.6,40,3.0,True,True,40.29,80.00,122.19,Run_01125
2.0,0.6,40,3.0,True,False,31.41,27.64,42.58,Run_01126
2.0,0.6,40,3.0,False,True,44.51,139.99,213.02,Run_01127
2.0,0.6,40,3.0,False,False,32.32,49.82,76.45,Run_01128
2.0,0.6,50,1.0,True,True,41.78,106.54,162.13,Run_01129
2.0,0.6,50,1.0,True,False,31.62,35.27,54.13,Run_01130
2.0,0.6,50,1.0,False,True,44.56,139.99,213.02,Run_01131
2.0,0.6,50,1.0,False,False,32.59,50.18,77.01,Run_01132
2.0,0.6,50,2.0,True,True,41.11,97.09,148.31,Run_01133
2.0,0.6,50,2.0,True,False,31.68,32.36,49.86,Run_01134
2.0,0.6,50,2.0,False,True,44.56,139.99,213.02,Run_01135
2.0,0.6,50,2.0,False,False,32.59,50.18,77.01,Run_01136
2.0,0.6,50,3.0,True,True,40.33,79.63,121.64,Run_01137
2.0,0.6,50,3.0,True,False,31.88,26.54,40.89,Run_01138
2.0,0.6,50,3.0,False,True,44.56,139.99,213.02,Run_01139
2.0,0.6,50,3.0,False,False,32.59,50.18,77.01,Run_01140
2.0,0.6,60,1.0,True,True,41.79,106.54,162.13,Run_01141
2.0,0.6,60,1.0,True,False,31.90,35.63,54.69,Run_01142
2.0,0.6,60,1.0,False,True,44.55,139.63,212.47,Run_01143
2.0,0.6,60,1.0,False,False,32.82,50.91,78.12,Run_01144
2.0,0.6,60,2.0,True,True,41.12,97.45,148.86,Run_01145
2.0,0.6,60,2.0,True,False,31.90,32.73,50.42,Run_01146
2.0,0.6,60,2.0,False,True,44.55,139.63,212.47,Run_01147
2.0,0.6,60,2.0,False,False,32.82,50.91,78.12,Run_01148
2.0,0.6,60,3.0,True,True,40.40,79.63,121.64,Run_01149
2.0,0.6,60,3.0,True,False,32.16,27.64,42.58,Run_01150
2.0,0.6,60,3.0,False,True,44.55,139.63,212.47,Run_01151
2.0,0.6,60,3.0,False,False,32.82,50.91,78.12,Run_01152
2.0,0.6,70,1.0,True,True,41.76,106.54,162.13,Run_01153
2.0,0.6,70,1.0,True,False,32.09,37.09,56.92,Run_01154
2.0,0.6,70,1.0,False,True,44.54,139.63,212.47,Run_01155
2.0,0.6,70,1.0,False,False,33.08,52.00,79.80,Run_01156
2.0,0.6,70,2.0,True,True,41.12,97.09,148.31,Run_01157
2.0,0.6,70,2.0,True,False,32.06,33.45,51.54,Run_01158
2.0,0.6,70,2.0,False,True,44.54,139.63,212.47,Run_01159
2.0,0.6,70,2.0,False,False,33.08,52.00,79.80,Run_01160
2.0,0.6,70,3.0,True,True,40.35,80.00,122.19,Run_01161
2.0,0.6,70,3.0,True,False,32.32,28.36,43.70,Run_01162
2.0,0.6,70,3.0,False,True,44.54,139.63,212.47,Run_01163
2.0,0.6,70,3.0,False,False,33.08,52.00,79.80,Run_01164
2.0,0.6,80,1.0,True,True,41.77,106.54,162.13,Run_01165
2.0,0.6,80,1.0,True,False,32.23,39.27,60.27,Run_01166
2.0,0.6,80,1.0,False,True,44.54,139.99,213.02,Run_01167
2.0,0.6,80,1.0,False,False,33.22,54.54,83.70,Run_01168
2.0,0.6,80,2.0,True,True,41.14,97.09,148.31,Run_01169
2.0,0.6,80,2.0,True,False,32.26,35.63,54.90,Run_01170
2.0,0.6,80,2.0,False,True,44.54,139.99,213.02,Run_01171
2.0,0.6,80,2.0,False,False,33.22,54.54,83.70,Run_01172
2.0,0.6,80,3.0,True,True,40.35,79.63,121.64,Run_01173
2.0,0.6,80,3.0,True,False,32.55,28.73,44.26,Run_01174
2.0,0.6,80,3.0,False,True,44.54,139.99,213.02,Run_01175
2.0,0.6,80,3.0,False,False,33.22,54.54,83.70,Run_01176
3.0,0.05,20,1.0,True,True,43.33,81.81,127.20,Run_01177
3.0,0.05,20,1.0,True,False,46.44,76.00,118.15,Run_01178
3.0,0.05,20,1.0,False,True,45.49,107.27,166.77,Run_01179
3.0,0.05,20,1.0,False,False,47.30,98.54,153.20,Run_01180
3.0,0.05,20,2.0,True,True,42.94,76.36,118.72,Run_01181
3.0,0.05,20,2.0,True,False,46.05,72.00,111.93,Run_01182
3.0,0.05,20,2.0,False,True,45.49,107.27,166.77,Run_01183
3.0,0.05,20,2.0,False,False,47.30,98.54,153.20,Run_01184
3.0,0.05,20,3.0,True,True,42.37,67.27,104.58,Run_01185
3.0,0.05,20,3.0,True,False,45.24,61.09,94.97,Run_01186
3.0,0.05,20,3.0,False,True,45.49,107.27,166.77,Run_01187
3.0,0.05,20,3.0,False,False,47.30,98.54,153.20,Run_01188
3.0,0.05,30,1.0,True,True,43.38,81.45,126.63,Run_01189
3.0,0.05,30,1.0,True,False,46.47,76.36,118.72,Run_01190
3.0,0.05,30,1.0,False,True,45.54,106.90,166.21,Run_01191
3.0,0.05,30,1.0,False,False,47.35,98.54,153.20,Run_01192
3.0,0.05,30,2.0,True,True,43.02,76.00,118.15,Run_01193
3.0,0.05,30,2.0,True,False,46.14,72.36,112.50,Run_01194
3.0,0.05,30,2.0,False,True,45.54,106.90,166.21,Run_01195
3.0,0.05,30,2.0,False,False,47.35,98.54,153.20,Run_01196
3.0,0.05,30,3.0,True,True,42.43,66.91,104.02,Run_01197
3.0,0.05,30,3.0,True,False,45.23,62.91,97.80,Run_01198
3.0,0.05,30,3.0,False,True,45.54,106.90,166.21,Run_01199
3.0,0.05,30,3.0,False,False,47.35,98.54,153.20,Run_01200
3.0,0.05,40,1.0,True,True,43.34,81.45,126.64,Run_01201
3.0,0.05,40,1.0,True,False,46.50,77.45,120.42,Run_01202
3.0,0.05,40,1.0,False,True,45.49,106.54,165.64,Run_01203
3.0,0.05,40,1.0,False,False,47.33,99.27,154.33,Run_01204
3.0,0.05,40,2.0,True,True,42.98,75.63,119.04,Run_01205
3.0,0.05,40,2.0,True,False,46.17,72.72,114.46,Run_01206
3.0,0.05,40,2.0,False,True,45.49,106.54,165.64,Run_01207
3.0,0.05,40,2.0,False,False,47.33,99.27,154.33,Run_01208
3.0,0.05,40,3.0,True,True,42.40,66.18,104.16,Run_01209
3.0,0.05,40,3.0,True,False,45.45,63.27,99.58,Run_01210
3.0,0.05,40,3.0,False,True,45.49,106.54,165.64,Run_01211
3.0,0.05,40,3.0,False,False,47.33,99.27,154.33,Run_01212
3.0,0.05,50,1.0,True,True,43.38,81.45,126.64,Run_01213
3.0,0.05,50,1.0,True,False,44.08,78.54,122.11,Run_01214
3.0,0.05,50,1.0,False,True,45.52,106.54,165.64,Run_01215
3.0,0.05,50,1.0,False,False,47.18,100.36,156.03,Run_01216
3.0,0.05,50,2.0,True,True,43.03,75.63,119.04,Run_01217
3.0,0.05,50,2.0,True,False,43.76,73.82,116.18,Run_01218
3.0,0.05,50,2.0,False,True,45.52,106.54,165.64,Run_01219
3.0,0.05,50,2.0,False,False,47.18,100.36,156.03,Run_01220
3.0,0.05,50,3.0,True,True,42.42,66.18,104.16,Run_01221
3.0,0.05,50,3.0,True,False,43.07,64.36,101.30,Run_01222
3.0,0.05,50,3.0,False,True,45.52,106.54,165.64,Run_01223
3.0,0.05,50,3.0,False,False,47.18,100.36,156.03,Run_01224
3.0,0.05,60,1.0,True,True,43.35,81.45,126.64,Run_01225
3.0,0.05,60,1.0,True,False,44.08,79.27,123.24,Run_01226
3.0,0.05,60,1.0,False,True,45.50,106.54,165.64,Run_01227
3.0,0.05,60,1.0,False,False,47.19,101.09,157.16,Run_01228
3.0,0.05,60,2.0,True,True,43.01,75.63,119.04,Run_01229
3.0,0.05,60,2.0,True,False,43.71,73.82,116.18,Run_01230
3.0,0.05,60,2.0,False,True,45.50,106.54,165.64,Run_01231
3.0,0.05,60,2.0,False,False,47.19,101.09,157.16,Run_01232
3.0,0.05,60,3.0,True,True,42.46,66.18,104.16,Run_01233
3.0,0.05,60,3.0,True,False,43.12,64.36,101.30,Run_01234
3.0,0.05,60,3.0,False,True,45.50,106.54,165.64,Run_01235
3.0,0.05,60,3.0,False,False,47.19,101.09,157.16,Run_01236
3.0,0.05,70,1.0,True,True,43.35,81.45,126.64,Run_01237
3.0,0.05,70,1.0,True,False,45.53,79.27,123.24,Run_01238
3.0,0.05,70,1.0,False,True,45.50,106.54,165.64,Run_01239
3.0,0.05,70,1.0,False,False,46.96,101.09,157.16,Run_01240
3.0,0.05,70,2.0,True,True,43.01,75.63,119.04,Run_01241
3.0,0.05,70,2.0,True,False,45.16,73.82,116.18,Run_01242
3.0,0.05,70,2.0,False,True,45.50,106.54,165.64,Run_01243
3.0,0.05,70,2.0,False,False,46.96,101.09,157.16,Run_01244
3.0,0.05,70,3.0,True,True,42.46,66.18,104.16,Run_01245
3.0,0.05,70,3.0,True,False,44.54,64.36,101.30,Run_01246
3.0,0.05,70,3.0,False,True,45.50,106.54,165.64,Run_01247
3.0,0.05,70,3.0,False,False,46.96,101.09,157.16,Run_01248
3.0,0.05,80,1.0,True,True,43.37,81.45,126.64,Run_01249
3.0,0.05,80,1.0,True,False,43.89,79.63,123.81,Run_01250
3.0,0.05,80,1.0,False,True,45.51,106.90,166.20,Run_01251
3.0,0.05,80,1.0,False,False,46.98,101.81,158.29,Run_01252
3.0,0.05,80,2.0,True,True,43.03,75.63,119.04,Run_01253
3.0,0.05,80,2.0,True,False,43.55,74.18,116.75,Run_01254
3.0,0.05,80,2.0,False,True,45.51,106.90,166.20,Run_01255
3.0,0.05,80,2.0,False,False,46.98,101.81,158.29,Run_01256
3.0,0.05,80,3.0,True,True,42.46,66.18,104.16,Run_01257
3.0,0.05,80,3.0,True,False,42.97,64.72,101.87,Run_01258
3.0,0.05,80,3.0,False,True,45.51,106.90,166.20,Run_01259
3.0,0.05,80,3.0,False,False,46.98,101.81,158.29,Run_01260
3.0,0.1,20,1.0,True,True,42.88,82.18,127.76,Run_01261
3.0,0.1,20,1.0,True,False,44.19,59.27,93.28,Run_01262
3.0,0.1,20,1.0,False,True,45.16,107.27,166.77,Run_01263
3.0,0.1,20,1.0,False,False,45.09,77.45,121.90,Run_01264
3.0,0.1,20,2.0,True,True,42.51,76.36,118.72,Run_01265
3.0,0.1,20,2.0,True,False,43.99,54.91,86.42,Run_01266
3.0,0.1,20,2.0,False,True,45.16,107.27,166.77,Run_01267
3.0,0.1,20,2.0,False,False,45.09,77.45,121.90,Run_01268
3.0,0.1,20,3.0,True,True,41.75,68.00,105.72,Run_01269
3.0,0.1,20,3.0,True,False,43.46,47.27,74.40,Run_01270
3.0,0.1,20,3.0,False,True,45.16,107.27,166.77,Run_01271
3.0,0.1,20,3.0,False,False,45.09,77.45,121.90,Run_01272
3.0,0.1,30,1.0,True,True,42.93,82.18,127.76,Run_01273
3.0,0.1,30,1.0,True,False,45.07,62.18,97.86,Run_01274
3.0,0.1,30,1.0,False,True,45.10,107.27,166.77,Run_01275
3.0,0.1,30,1.0,False,False,45.80,79.27,124.76,Run_01276
3.0,0.1,30,2.0,True,True,42.57,76.72,119.28,Run_01277
3.0,0.1,30,2.0,True,False,44.87,58.91,92.71,Run_01278
3.0,0.1,30,2.0,False,True,45.10,107.27,166.77,Run_01279
3.0,0.1,30,2.0,False,False,45.80,79.27,124.76,Run_01280
3.0,0.1,30,3.0,True,True,42.00,68.00,105.72,Run_01281
3.0,0.1,30,3.0,True,False,44.55,50.54,79.55,Run_01282
3.0,0.1,30,3.0,False,True,45.10,107.27,166.77,Run_01283
3.0,0.1,30,3.0,False,False,45.80,79.27,124.76,Run_01284
3.0,0.1,40,1.0,True,True,43.05,81.45,126.63,Run_01285
3.0,0.1,40,1.0,True,False,45.81,64.36,100.06,Run_01286
3.0,0.1,40,1.0,False,True,45.22,106.90,166.21,Run_01287
3.0,0.1,40,1.0,False,False,46.65,81.81,127.20,Run_01288
3.0,0.1,40,2.0,True,True,42.62,76.36,118.72,Run_01289
3.0,0.1,40,2.0,True,False,45.61,60.00,93.28,Run_01290
3.0,0.1,40,2.0,False,True,45.22,106.90,166.21,Run_01291
3.0,0.1,40,2.0,False,False,46.65,81.81,127.20,Run_01292
3.0,0.1,40,3.0,True,True,42.03,67.27,104.59,Run_01293
3.0,0.1,40,3.0,True,False,45.11,53.09,82.54,Run_01294
3.0,0.1,40,3.0,False,True,45.22,106.90,166.21,Run_01295
3.0,0.1,40,3.0,False,False,46.65,81.81,127.20,Run_01296
3.0,0.1,50,1.0,True,True,43.10,81.45,126.63,Run_01297
3.0,0.1,50,1.0,True,False,46.61,64.72,100.63,Run_01298
3.0,0.1,50,1.0,False,True,45.28,106.90,166.21,Run_01299
3.0,0.1,50,1.0,False,False,47.33,82.54,128.33,Run_01300
3.0,0.1,50,2.0,True,True,42.69,76.36,118.72,Run_01301
3.0,0.1,50,2.0,True,False,46.33,61.45,95.54,Run_01302
3.0,0.1,50,2.0,False,True,45.28,106.90,166.21,Run_01303
3.0,0.1,50,2.0,False,False,47.33,82.54,128.33,Run_01304
3.0,0.1,50,3.0,True,True,42.14,68.00,105.72,Run_01305
3.0,0.1,50,3.0,True,False,45.73,53.82,83.67,Run_01306
3.0,0.1,50,3.0,False,True,45.28,106.90,166.21,Run_01307
3.0,0.1,50,3.0,False,False,47.33,82.54,128.33,Run_01308
3.0,0.1,60,1.0,True,True,43.17,81.45,126.63,Run_01309
3.0,0.1,60,1.0,True,False,47.05,67.27,104.59,Run_01310
3.0,0.1,60,1.0,False,True,45.36,106.90,166.21,Run_01311
3.0,0.1,60,1.0,False,False,47.80,85.09,132.29,Run_01312
3.0,0.1,60,2.0,True,True,42.80,76.00,118.15,Run_01313
3.0,0.1,60,2.0,True,False,46.77,63.63,98.93,Run_01314
3.0,0.1,60,2.0,False,True,45.36,106.90,166.21,Run_01315
3.0,0.1,60,2.0,False,False,47.80,85.09,132.29,Run_01316
3.0,0.1,60,3.0,True,True,42.18,67.63,105.15,Run_01317
3.0,0.1,60,3.0,True,False,45.83,56.36,87.63,Run_01318
3.0,0.1,60,3.0,False,True,45.36,106.90,166.21,Run_01319
3.0,0.1,60,3.0,False,False,47.80,85.09,132.29,Run_01320
3.0,0.1,70,1.0,True,True,43.12,81.45,126.63,Run_01321
3.0,0.1,70,1.0,True,False,47.20,68.00,105.72,Run_01322
3.0,0.1,70,1.0,False,True,45.26,106.54,165.64,Run_01323
3.0,0.1,70,1.0,False,False,47.91,85.81,133.42,Run_01324
3.0,0.1,70,2.0,True,True,42.72,76.36,118.72,Run_01325
3.0,0.1,70,2.0,True,False,46.86,64.36,100.06,Run_01326
3.0,0.1,70,2.0,False,True,45.26,106.54,165.64,Run_01327
3.0,0.1,70,2.0,False,False,47.91,85.81,133.42,Run_01328
3.0,0.1,70,3.0,True,True,42.07,67.63,105.15,Run_01329
3.0,0.1,70,3.0,True,False,45.96,56.36,87.63,Run_01330
3.0,0.1,70,3.0,False,True,45.26,106.54,165.64,Run_01331
3.0,0.1,70,3.0,False,False,47.91,85.81,133.42,Run_01332
3.0,0.1,80,1.0,True,True,43.20,81.45,126.63,Run_01333
3.0,0.1,80,1.0,True,False,47.58,69.09,107.41,Run_01334
3.0,0.1,80,1.0,False,True,45.35,106.54,165.64,Run_01335
3.0,0.1,80,1.0,False,False,48.29,87.27,135.68,Run_01336
3.0,0.1,80,2.0,True,True,42.83,76.00,118.15,Run_01337
3.0,0.1,80,2.0,True,False,47.21,65.45,101.76,Run_01338
3.0,0.1,80,2.0,False,True,45.35,106.54,165.64,Run_01339
3.0,0.1,80,2.0,False,False,48.29,87.27,135.68,Run_01340
3.0,0.1,80,3.0,True,True,42.21,67.63,105.15,Run_01341
3.0,0.1,80,3.0,True,False,46.37,58.18,90.45,Run_01342
3.0,0.1,80,3.0,False,True,45.35,106.54,165.64,Run_01343
3.0,0.1,80,3.0,False,False,48.29,87.27,135.68,Run_01344
3.0,0.2,20,1.0,True,True,42.68,83.27,129.46,Run_01345
3.0,0.2,20,1.0,True,False,37.22,39.63,62.38,Run_01346
3.0,0.2,20,1.0,False,True,45.49,107.63,167.34,Run_01347
3.0,0.2,20,1.0,False,False,38.80,53.45,84.13,Run_01348
3.0,0.2,20,2.0,True,True,42.33,77.82,120.98,Run_01349
3.0,0.2,20,2.0,True,False,37.38,37.09,58.37,Run_01350
3.0,0.2,20,2.0,False,True,45.49,107.63,167.34,Run_01351
3.0,0.2,20,2.0,False,False,38.80,53.45,84.13,Run_01352
3.0,0.2,20,3.0,True,True,41.81,69.82,108.54,Run_01353
3.0,0.2,20,3.0,True,False,37.64,33.82,53.22,Run_01354
3.0,0.2,20,3.0,False,True,45.49,107.63,167.34,Run_01355
3.0,0.2,20,3.0,False,False,38.80,53.45,84.13,Run_01356
3.0,0.2,30,1.0,True,True,42.84,82.54,128.33,Run_01357
3.0,0.2,30,1.0,True,False,39.48,44.00,69.25,Run_01358
3.0,0.2,30,1.0,False,True,45.47,107.27,166.77,Run_01359
3.0,0.2,30,1.0,False,False,40.40,58.54,92.14,Run_01360
3.0,0.2,30,2.0,True,True,42.50,78.18,121.55,Run_01361
3.0,0.2,30,2.0,True,False,39.46,39.63,62.38,Run_01362
3.0,0.2,30,2.0,False,True,45.47,107.27,166.77,Run_01363
3.0,0.2,30,2.0,False,False,40.40,58.54,92.14,Run_01364
3.0,0.2,30,3.0,True,True,41.97,69.09,107.41,Run_01365
3.0,0.2,30,3.0,True,False,39.59,34.91,54.94,Run_01366
3.0,0.2,30,3.0,False,True,45.47,107.27,166.77,Run_01367
3.0,0.2,30,3.0,False,False,40.40,58.54,92.14,Run_01368
3.0,0.2,40,1.0,True,True,42.80,82.18,127.77,Run_01369
3.0,0.2,40,1.0,True,False,40.19,48.00,75.54,Run_01370
3.0,0.2,40,1.0,False,True,45.43,107.27,166.77,Run_01371
3.0,0.2,40,1.0,False,False,41.56,61.82,97.29,Run_01372
3.0,0.2,40,2.0,True,True,42.43,77.82,120.98,Run_01373
3.0,0.2,40,2.0,True,False,40.15,43.27,68.10,Run_01374
3.0,0.2,40,2.0,False,True,45.43,107.27,166.77,Run_01375
3.0,0.2,40,2.0,False,False,41.56,61.82,97.29,Run_01376
3.0,0.2,40,3.0,True,True,41.76,69.09,107.41,Run_01377
3.0,0.2,40,3.0,True,False,40.24,40.73,64.10,Run_01378
3.0,0.2,40,3.0,False,True,45.43,107.27,166.77,Run_01379
3.0,0.2,40,3.0,False,False,41.56,61.82,97.29,Run_01380
3.0,0.2,50,1.0,True,True,42.81,82.54,128.33,Run_01381
3.0,0.2,50,1.0,True,False,40.86,50.18,78.98,Run_01382
3.0,0.2,50,1.0,False,True,45.45,107.27,166.77,Run_01383
3.0,0.2,50,1.0,False,False,42.35,63.27,99.58,Run_01384
3.0,0.2,50,2.0,True,True,42.45,77.82,120.98,Run_01385
3.0,0.2,50,2.0,True,False,40.72,46.18,72.68,Run_01386
3.0,0.2,50,2.0,False,True,45.45,107.27,166.77,Run_01387
3.0,0.2,50,2.0,False,False,42.35,63.27,99.58,Run_01388
3.0,0.2,50,3.0,True,True,41.76,68.72,106.85,Run_01389
3.0,0.2,50,3.0,True,False,40.71,43.27,68.10,Run_01390
3.0,0.2,50,3.0,False,True,45.45,107.27,166.77,Run_01391
3.0,0.2,50,3.0,False,False,42.35,63.27,99.58,Run_01392
3.0,0.2,60,1.0,True,True,42.78,82.91,128.90,Run_01393
3.0,0.2,60,1.0,True,False,42.01,53.09,82.54,Run_01394
3.0,0.2,60,1.0,False,True,45.33,106.90,166.21,Run_01395
3.0,0.2,60,1.0,False,False,43.23,66.18,102.89,Run_01396
3.0,0.2,60,2.0,True,True,42.40,78.18,121.55,Run_01397
3.0,0.2,60,2.0,True,False,41.85,49.09,76.32,Run_01398
3.0,0.2,60,2.0,False,True,45.33,106.90,166.21,Run_01399
3.0,0.2,60,2.0,False,False,43.23,66.18,102.89,Run_01400
3.0,0.2,60,3.0,True,True,41.64,69.09,107.41,Run_01401
3.0,0.2,60,3.0,True,False,41.64,45.45,70.67,Run_01402
3.0,0.2,60,3.0,False,True,45.33,106.90,166.21,Run_01403
3.0,0.2,60,3.0,False,False,43.23,66.18,102.89,Run_01404
3.0,0.2,70,1.0,True,True,42.83,82.54,128.33,Run_01405
3.0,0.2,70,1.0,True,False,42.57,54.54,84.80,Run_01406
3.0,0.2,70,1.0,False,True,45.39,106.54,165.64,Run_01407
3.0,0.2,70,1.0,False,False,43.79,68.72,106.85,Run_01408
3.0,0.2,70,2.0,True,True,42.44,77.45,120.42,Run_01409
3.0,0.2,70,2.0,True,False,42.44,50.54,78.58,Run_01410
3.0,0.2,70,2.0,False,True,45.39,106.54,165.64,Run_01411
3.0,0.2,70,2.0,False,False,43.79,68.72,106.85,Run_01412
3.0,0.2,70,3.0,True,True,41.71,68.72,106.85,Run_01413
3.0,0.2,70,3.0,True,False,42.16,46.18,71.80,Run_01414
3.0,0.2,70,3.0,False,True,45.39,106.54,165.64,Run_01415
3.0,0.2,70,3.0,False,False,43.79,68.72,106.85,Run_01416
3.0,0.2,80,1.0,True,True,42.79,82.18,127.77,Run_01417
3.0,0.2,80,1.0,True,False,42.87,54.91,85.37,Run_01418
3.0,0.2,80,1.0,False,True,45.36,106.90,166.21,Run_01419
3.0,0.2,80,1.0,False,False,44.11,69.82,108.54,Run_01420
3.0,0.2,80,2.0,True,True,42.39,77.09,119.85,Run_01421
3.0,0.2,80,2.0,True,False,42.67,51.27,79.71,Run_01422
3.0,0.2,80,2.0,False,True,45.36,106.90,166.21,Run_01423
3.0,0.2,80,2.0,False,False,44.11,69.82,108.54,Run_01424
3.0,0.2,80,3.0,True,True,41.69,68.72,106.85,Run_01425
3.0,0.2,80,3.0,True,False,42.32,47.27,73.49,Run_01426
3.0,0.2,80,3.0,False,True,45.36,106.90,166.21,Run_01427
3.0,0.2,80,3.0,False,False,44.11,69.82,108.54,Run_01428
3.0,0.3,20,1.0,True,True,42.37,82.54,128.33,Run_01429
3.0,0.3,20,1.0,True,False,33.40,29.45,46.36,Run_01430
3.0,0.3,20,1.0,False,True,45.30,105.45,163.95,Run_01431
3.0,0.3,20,1.0,False,False,34.27,37.09,58.37,Run_01432
3.0,0.3,20,2.0,True,True,42.02,77.82,120.98,Run_01433
3.0,0.3,20,2.0,True,False,33.49,26.54,41.78,Run_01434
3.0,0.3,20,2.0,False,True,45.30,105.45,163.95,Run_01435
3.0,0.3,20,2.0,False,False,34.27,37.09,58.37,Run_01436
3.0,0.3,20,3.0,True,True,41.40,69.45,107.98,Run_01437
3.0,0.3,20,3.0,True,False,33.98,23.27,36.63,Run_01438
3.0,0.3,20,3.0,False,True,45.30,105.45,163.95,Run_01439
3.0,0.3,20,3.0,False,False,34.27,37.09,58.37,Run_01440
3.0,0.3,30,1.0,True,True,42.48,82.18,127.77,Run_01441
3.0,0.3,30,1.0,True,False,34.63,32.36,50.93,Run_01442
3.0,0.3,30,1.0,False,True,45.34,105.81,164.51,Run_01443
3.0,0.3,30,1.0,False,False,35.65,41.82,65.81,Run_01444
3.0,0.3,30,2.0,True,True,42.11,77.45,120.42,Run_01445
3.0,0.3,30,2.0,True,False,34.65,29.82,46.93,Run_01446
3.0,0.3,30,2.0,False,True,45.34,105.81,164.51,Run_01447
3.0,0.3,30,2.0,False,False,35.65,41.82,65.81,Run_01448
3.0,0.3,30,3.0,True,True,41.48,68.72,106.85,Run_01449
3.0,0.3,30,3.0,True,False,35.14,26.91,42.35,Run_01450
3.0,0.3,30,3.0,False,True,45.34,105.81,164.51,Run_01451
3.0,0.3,30,3.0,False,False,35.65,41.82,65.81,Run_01452
3.0,0.3,40,1.0,True,True,42.54,81.81,127.20,Run_01453
3.0,0.3,40,1.0,True,False,35.45,35.27,55.51,Run_01454
3.0,0.3,40,1.0,False,True,45.37,104.72,162.82,Run_01455
3.0,0.3,40,1.0,False,False,36.72,44.73,70.39,Run_01456
3.0,0.3,40,2.0,True,True,42.20,77.09,119.85,Run_01457
3.0,0.3,40,2.0,True,False,35.53,31.64,49.79,Run_01458
3.0,0.3,40,2.0,False,True,45.37,104.72,162.82,Run_01459
3.0,0.3,40,2.0,False,False,36.72,44.73,70.39,Run_01460
3.0,0.3,40,3.0,True,True,41.52,68.72,106.85,Run_01461
3.0,0.3,40,3.0,True,False,36.01,29.82,46.93,Run_01462
3.0,0.3,40,3.0,False,True,45.37,104.72,162.82,Run_01463
3.0,0.3,40,3.0,False,False,36.72,44.73,70.39,Run_01464
3.0,0.3,50,1.0,True,True,42.53,82.18,127.77,Run_01465
3.0,0.3,50,1.0,True,False,36.42,37.09,58.37,Run_01466
3.0,0.3,50,1.0,False,True,45.39,104.36,162.25,Run_01467
3.0,0.3,50,1.0,False,False,37.50,46.91,73.83,Run_01468
3.0,0.3,50,2.0,True,True,42.18,77.82,120.98,Run_01469
3.0,0.3,50,2.0,True,False,36.50,33.09,52.08,Run_01470
3.0,0.3,50,2.0,False,True,45.39,104.36,162.25,Run_01471
3.0,0.3,50,2.0,False,False,37.50,46.91,73.83,Run_01472
3.0,0.3,50,3.0,True,True,41.55,68.72,106.85,Run_01473
3.0,0.3,50,3.0,True,False,37.01,31.27,49.22,Run_01474
3.0,0.3,50,3.0,False,True,45.39,104.36,162.25,Run_01475
3.0,0.3,50,3.0,False,False,37.50,46.91,73.83,Run_01476
3.0,0.3,60,1.0,True,True,42.55,82.18,127.77,Run_01477
3.0,0.3,60,1.0,True,False,36.92,37.45,58.95,Run_01478
3.0,0.3,60,1.0,False,True,45.39,104.72,162.82,Run_01479
3.0,0.3,60,1.0,False,False,37.96,48.36,76.11,Run_01480
3.0,0.3,60,2.0,True,True,42.19,77.82,120.98,Run_01481
3.0,0.3,60,2.0,True,False,36.99,36.00,56.66,Run_01482
3.0,0.3,60,2.0,False,True,45.39,104.72,162.82,Run_01483
3.0,0.3,60,2.0,False,False,37.96,48.36,76.11,Run_01484
3.0,0.3,60,3.0,True,True,41.59,69.09,107.41,Run_01485
3.0,0.3,60,3.0,True,False,37.29,33.45,52.65,Run_01486
3.0,0.3,60,3.0,False,True,45.39,104.72,162.82,Run_01487
3.0,0.3,60,3.0,False,False,37.96,48.36,76.11,Run_01488
3.0,0.3,70,1.0,True,True,42.49,82.18,127.77,Run_01489
3.0,0.3,70,1.0,True,False,37.32,38.54,60.66,Run_01490
3.0,0.3,70,1.0,False,True,45.34,105.09,163.38,Run_01491
3.0,0.3,70,1.0,False,False,38.32,49.45,77.83,Run_01492
3.0,0.3,70,2.0,True,True,42.12,77.45,120.42,Run_01493
3.0,0.3,70,2.0,True,False,37.35,36.00,56.66,Run_01494
3.0,0.3,70,2.0,False,True,45.34,105.09,163.38,Run_01495
3.0,0.3,70,2.0,False,False,38.32,49.45,77.83,Run_01496
3.0,0.3,70,3.0,True,True,41.54,68.72,106.85,Run_01497
3.0,0.3,70,3.0,True,False,37.72,32.73,51.51,Run_01498
3.0,0.3,70,3.0,False,True,45.34,105.09,163.38,Run_01499
3.0,0.3,70,3.0,False,False,38.32,49.45,77.83,Run_01500
3.0,0.3,80,1.0,True,True,42.54,82.18,127.77,Run_01501
3.0,0.3,80,1.0,True,False,37.75,40.00,62.19,Run_01502
3.0,0.3,80,1.0,False,True,45.34,105.81,164.51,Run_01503
3.0,0.3,80,1.0,False,False,38.69,50.91,79.15,Run_01504
3.0,0.3,80,2.0,True,True,42.17,77.45,120.42,Run_01505
3.0,0.3,80,2.0,True,False,37.78,37.45,58.23,Run_01506
3.0,0.3,80,2.0,False,True,45.34,105.81,164.51,Run_01507
3.0,0.3,80,2.0,False,False,38.69,50.91,79.15,Run_01508
3.0,0.3,80,3.0,True,True,41.55,68.72,106.85,Run_01509
3.0,0.3,80,3.0,True,False,38.06,34.91,54.27,Run_01510
3.0,0.3,80,3.0,False,True,45.34,105.81,164.51,Run_01511
3.0,0.3,80,3.0,False,False,38.69,50.91,79.15,Run_01512
3.0,0.4,20,1.0,True,True,42.24,82.18,127.77,Run_01513
3.0,0.4,20,1.0,True,False,31.24,23.27,36.62,Run_01514
3.0,0.4,20,1.0,False,True,45.20,105.09,163.38,Run_01515
3.0,0.4,20,1.0,False,False,32.00,28.36,44.63,Run_01516
3.0,0.4,20,2.0,True,True,41.92,77.45,120.42,Run_01517
3.0,0.4,20,2.0,True,False,31.30,21.82,34.33,Run_01518
3.0,0.4,20,2.0,False,True,45.20,105.09,163.38,Run_01519
3.0,0.4,20,2.0,False,False,32.00,28.36,44.63,Run_01520
3.0,0.4,20,3.0,True,True,41.26,69.09,107.41,Run_01521
3.0,0.4,20,3.0,True,False,31.67,20.00,31.47,Run_01522
3.0,0.4,20,3.0,False,True,45.20,105.09,163.38,Run_01523
3.0,0.4,20,3.0,False,False,32.00,28.36,44.63,Run_01524
3.0,0.4,30,1.0,True,True,42.28,81.81,127.20,Run_01525
3.0,0.4,30,1.0,True,False,32.00,26.91,42.35,Run_01526
3.0,0.4,30,1.0,False,True,45.19,105.09,163.38,Run_01527
3.0,0.4,30,1.0,False,False,32.96,34.54,54.37,Run_01528
3.0,0.4,30,2.0,True,True,41.89,76.72,119.29,Run_01529
3.0,0.4,30,2.0,True,False,32.02,25.09,39.49,Run_01530
3.0,0.4,30,2.0,False,True,45.19,105.09,163.38,Run_01531
3.0,0.4,30,2.0,False,False,32.96,34.54,54.37,Run_01532
3.0,0.4,30,3.0,True,True,41.30,68.72,106.85,Run_01533
3.0,0.4,30,3.0,True,False,32.29,23.27,36.63,Run_01534
3.0,0.4,30,3.0,False,True,45.19,105.09,163.38,Run_01535
3.0,0.4,30,3.0,False,False,32.96,34.54,54.37,Run_01536
3.0,0.4,40,1.0,True,True,42.31,81.81,127.20,Run_01537
3.0,0.4,40,1.0,True,False,32.70,32.36,50.93,Run_01538
3.0,0.4,40,1.0,False,True,45.22,105.45,163.95,Run_01539
3.0,0.4,40,1.0,False,False,33.82,40.73,64.10,Run_01540
3.0,0.4,40,2.0,True,True,41.92,77.09,119.85,Run_01541
3.0,0.4,40,2.0,True,False,32.76,29.09,45.78,Run_01542
3.0,0.4,40,2.0,False,True,45.22,105.45,163.95,Run_01543
3.0,0.4,40,2.0,False,False,33.82,40.73,64.10,Run_01544
3.0,0.4,40,3.0,True,True,41.37,69.09,107.41,Run_01545
3.0,0.4,40,3.0,True,False,33.15,26.91,42.35,Run_01546
3.0,0.4,40,3.0,False,True,45.22,105.45,163.95,Run_01547
3.0,0.4,40,3.0,False,False,33.82,40.73,64.10,Run_01548
3.0,0.4,50,1.0,True,True,42.36,81.81,127.20,Run_01549
3.0,0.4,50,1.0,True,False,33.07,31.64,49.79,Run_01550
3.0,0.4,50,1.0,False,True,45.26,104.72,162.82,Run_01551
3.0,0.4,50,1.0,False,False,34.15,40.36,63.52,Run_01552
3.0,0.4,50,2.0,True,True,41.93,77.45,120.42,Run_01553
3.0,0.4,50,2.0,True,False,33.10,29.45,46.36,Run_01554
3.0,0.4,50,2.0,False,True,45.26,104.72,162.82,Run_01555
3.0,0.4,50,2.0,False,False,34.15,40.36,63.52,Run_01556
3.0,0.4,50,3.0,True,True,41.39,69.45,107.98,Run_01557
3.0,0.4,50,3.0,True,False,33.35,27.64,43.49,Run_01558
3.0,0.4,50,3.0,False,True,45.26,104.72,162.82,Run_01559
3.0,0.4,50,3.0,False,False,34.15,40.36,63.52,Run_01560
3.0,0.4,60,1.0,True,True,42.36,81.45,126.63,Run_01561
3.0,0.4,60,1.0,True,False,33.30,32.00,50.36,Run_01562
3.0,0.4,60,1.0,False,True,45.23,104.72,162.82,Run_01563
3.0,0.4,60,1.0,False,False,34.34,40.36,63.52,Run_01564
3.0,0.4,60,2.0,True,True,41.95,77.09,119.85,Run_01565
3.0,0.4,60,2.0,True,False,33.48,30.18,47.50,Run_01566
3.0,0.4,60,2.0,False,True,45.23,104.72,162.82,Run_01567
3.0,0.4,60,2.0,False,False,34.34,40.36,63.52,Run_01568
3.0,0.4,60,3.0,True,True,41.39,69.45,107.98,Run_01569
3.0,0.4,60,3.0,True,False,33.83,26.91,42.35,Run_01570
3.0,0.4,60,3.0,False,True,45.23,104.72,162.82,Run_01571
3.0,0.4,60,3.0,False,False,34.34,40.36,63.52,Run_01572
3.0,0.4,70,1.0,True,True,42.37,82.54,128.33,Run_01573
3.0,0.4,70,1.0,True,False,33.83,33.09,52.08,Run_01574
3.0,0.4,70,1.0,False,True,45.27,105.81,164.51,Run_01575
3.0,0.4,70,1.0,False,False,34.90,41.82,65.81,Run_01576
3.0,0.4,70,2.0,True,True,41.99,77.45,120.42,Run_01577
3.0,0.4,70,2.0,True,False,33.92,30.91,48.64,Run_01578
3.0,0.4,70,2.0,False,True,45.27,105.81,164.51,Run_01579
3.0,0.4,70,2.0,False,False,34.90,41.82,65.81,Run_01580
3.0,0.4,70,3.0,True,True,41.41,68.72,106.85,Run_01581
3.0,0.4,70,3.0,True,False,34.20,27.64,43.49,Run_01582
3.0,0.4,70,3.0,False,True,45.27,105.81,164.51,Run_01583
3.0,0.4,70,3.0,False,False,34.90,41.82,65.81,Run_01584
3.0,0.4,80,1.0,True,True,42.36,82.18,127.77,Run_01585
3.0,0.4,80,1.0,True,False,34.20,34.54,53.71,Run_01586
3.0,0.4,80,1.0,False,True,45.23,106.18,165.08,Run_01587
3.0,0.4,80,1.0,False,False,35.26,43.27,67.28,Run_01588
3.0,0.4,80,2.0,True,True,41.98,77.45,120.42,Run_01589
3.0,0.4,80,2.0,True,False,34.29,32.00,49.75,Run_01590
3.0,0.4,80,2.0,False,True,45.23,106.18,165.08,Run_01591
3.0,0.4,80,2.0,False,False,35.26,43.27,67.28,Run_01592
3.0,0.4,80,3.0,True,True,41.38,68.72,106.85,Run_01593
3.0,0.4,80,3.0,True,False,34.57,29.09,45.23,Run_01594
3.0,0.4,80,3.0,False,True,45.23,106.18,165.08,Run_01595
3.0,0.4,80,3.0,False,False,35.26,43.27,67.28,Run_01596
3.0,0.5,20,1.0,True,True,42.20,81.81,127.20,Run_01597
3.0,0.5,20,1.0,True,False,30.48,20.73,32.61,Run_01598
3.0,0.5,20,1.0,False,True,45.18,104.72,162.82,Run_01599
3.0,0.5,20,1.0,False,False,31.14,25.82,40.62,Run_01600
3.0,0.5,20,2.0,True,True,41.89,77.09,119.85,Run_01601
3.0,0.5,20,2.0,True,False,30.57,19.64,30.90,Run_01602
3.0,0.5,20,2.0,False,True,45.18,104.72,162.82,Run_01603
3.0,0.5,20,2.0,False,False,31.14,25.82,40.62,Run_01604
3.0,0.5,20,3.0,True,True,41.24,69.45,107.98,Run_01605
3.0,0.5,20,3.0,True,False,30.83,17.82,28.04,Run_01606
3.0,0.5,20,3.0,False,True,45.18,104.72,162.82,Run_01607
3.0,0.5,20,3.0,False,False,31.14,25.82,40.62,Run_01608
3.0,0.5,30,1.0,True,True,42.20,81.81,127.20,Run_01609
3.0,0.5,30,1.0,True,False,30.73,24.73,38.92,Run_01610
3.0,0.5,30,1.0,False,True,45.12,105.09,163.38,Run_01611
3.0,0.5,30,1.0,False,False,31.70,30.91,48.64,Run_01612
3.0,0.5,30,2.0,True,True,41.85,77.09,119.85,Run_01613
3.0,0.5,30,2.0,True,False,30.68,24.00,37.77,Run_01614
3.0,0.5,30,2.0,False,True,45.12,105.09,163.38,Run_01615
3.0,0.5,30,2.0,False,False,31.70,30.91,48.64,Run_01616
3.0,0.5,30,3.0,True,True,41.26,69.45,107.98,Run_01617
3.0,0.5,30,3.0,True,False,30.94,21.45,33.77,Run_01618
3.0,0.5,30,3.0,False,True,45.12,105.09,163.38,Run_01619
3.0,0.5,30,3.0,False,False,31.70,30.91,48.64,Run_01620
3.0,0.5,40,1.0,True,True,42.22,81.81,127.20,Run_01621
3.0,0.5,40,1.0,True,False,31.35,27.64,43.49,Run_01622
3.0,0.5,40,1.0,False,True,45.11,104.36,162.25,Run_01623
3.0,0.5,40,1.0,False,False,32.49,36.00,56.66,Run_01624
3.0,0.5,40,2.0,True,True,41.87,77.09,119.85,Run_01625
3.0,0.5,40,2.0,True,False,31.37,25.45,40.06,Run_01626
3.0,0.5,40,2.0,False,True,45.11,104.36,162.25,Run_01627
3.0,0.5,40,2.0,False,False,32.49,36.00,56.66,Run_01628
3.0,0.5,40,3.0,True,True,41.26,69.45,107.98,Run_01629
3.0,0.5,40,3.0,True,False,31.58,23.64,37.20,Run_01630
3.0,0.5,40,3.0,False,True,45.11,104.36,162.25,Run_01631
3.0,0.5,40,3.0,False,False,32.49,36.00,56.66,Run_01632
3.0,0.5,50,1.0,True,True,42.22,81.81,127.20,Run_01633
3.0,0.5,50,1.0,True,False,31.79,28.73,45.21,Run_01634
3.0,0.5,50,1.0,False,True,45.12,104.36,162.25,Run_01635
3.0,0.5,50,1.0,False,False,32.91,36.73,57.80,Run_01636
3.0,0.5,50,2.0,True,True,41.86,77.09,119.85,Run_01637
3.0,0.5,50,2.0,True,False,31.79,26.91,42.35,Run_01638
3.0,0.5,50,2.0,False,True,45.12,104.36,162.25,Run_01639
3.0,0.5,50,2.0,False,False,32.91,36.73,57.80,Run_01640
3.0,0.5,50,3.0,True,True,41.32,69.45,107.98,Run_01641
3.0,0.5,50,3.0,True,False,31.98,24.36,38.34,Run_01642
3.0,0.5,50,3.0,False,True,45.12,104.36,162.25,Run_01643
3.0,0.5,50,3.0,False,False,32.91,36.73,57.80,Run_01644
3.0,0.5,60,1.0,True,True,42.25,81.45,126.63,Run_01645
3.0,0.5,60,1.0,True,False,32.06,29.45,46.36,Run_01646
3.0,0.5,60,1.0,False,True,45.13,104.36,162.25,Run_01647
3.0,0.5,60,1.0,False,False,33.16,37.82,59.52,Run_01648
3.0,0.5,60,2.0,True,True,41.89,77.09,119.85,Run_01649
3.0,0.5,60,2.0,True,False,32.17,28.73,45.21,Run_01650
3.0,0.5,60,2.0,False,True,45.13,104.36,162.25,Run_01651
3.0,0.5,60,2.0,False,False,33.16,37.82,59.52,Run_01652
3.0,0.5,60,3.0,True,True,41.33,69.45,107.98,Run_01653
3.0,0.5,60,3.0,True,False,32.37,25.45,40.06,Run_01654
3.0,0.5,60,3.0,False,True,45.13,104.36,162.25,Run_01655
3.0,0.5,60,3.0,False,False,33.16,37.82,59.52,Run_01656
3.0,0.5,70,1.0,True,True,42.17,82.18,127.77,Run_01657
3.0,0.5,70,1.0,True,False,32.27,30.54,48.07,Run_01658
3.0,0.5,70,1.0,False,True,45.09,104.72,162.82,Run_01659
3.0,0.5,70,1.0,False,False,33.40,38.91,61.24,Run_01660
3.0,0.5,70,2.0,True,True,41.81,77.82,120.98,Run_01661
3.0,0.5,70,2.0,True,False,32.34,29.09,45.78,Run_01662
3.0,0.5,70,2.0,False,True,45.09,104.72,162.82,Run_01663
3.0,0.5,70,2.0,False,False,33.40,38.91,61.24,Run_01664
3.0,0.5,70,3.0,True,True,41.31,69.45,107.98,Run_01665
3.0,0.5,70,3.0,True,False,32.51,26.54,41.78,Run_01666
3.0,0.5,70,3.0,False,True,45.09,104.72,162.82,Run_01667
3.0,0.5,70,3.0,False,False,33.40,38.91,61.24,Run_01668
3.0,0.5,80,1.0,True,True,42.17,82.18,127.77,Run_01669
3.0,0.5,80,1.0,True,False,32.48,30.91,48.05,Run_01670
3.0,0.5,80,1.0,False,True,45.04,105.45,163.95,Run_01671
3.0,0.5,80,1.0,False,False,33.59,39.63,61.62,Run_01672
3.0,0.5,80,2.0,True,True,41.81,77.45,120.42,Run_01673
3.0,0.5,80,2.0,True,False,32.55,28.73,44.66,Run_01674
3.0,0.5,80,2.0,False,True,45.04,105.45,163.95,Run_01675
3.0,0.5,80,2.0,False,False,33.59,39.63,61.62,Run_01676
3.0,0.5,80,3.0,True,True,41.27,69.09,107.41,Run_01677
3.0,0.5,80,3.0,True,False,32.73,26.54,41.27,Run_01678
3.0,0.5,80,3.0,False,True,45.04,105.45,163.95,Run_01679
3.0,0.5,80,3.0,False,False,33.59,39.63,61.62,Run_01680
3.0,0.6,20,1.0,True,True,42.18,81.81,127.20,Run_01681
3.0,0.6,20,1.0,True,False,30.14,20.73,32.61,Run_01682
3.0,0.6,20,1.0,False,True,45.15,104.36,162.25,Run_01683
3.0,0.6,20,1.0,False,False,30.75,25.09,39.48,Run_01684
3.0,0.6,20,2.0,True,True,41.87,77.09,119.85,Run_01685
3.0,0.6,20,2.0,True,False,30.19,19.64,30.90,Run_01686
3.0,0.6,20,2.0,False,True,45.15,104.36,162.25,Run_01687
3.0,0.6,20,2.0,False,False,30.75,25.09,39.48,Run_01688
3.0,0.6,20,3.0,True,True,41.22,69.45,107.98,Run_01689
3.0,0.6,20,3.0,True,False,30.37,18.18,28.61,Run_01690
3.0,0.6,20,3.0,False,True,45.15,104.36,162.25,Run_01691
3.0,0.6,20,3.0,False,False,30.75,25.09,39.48,Run_01692
3.0,0.6,30,1.0,True,True,42.19,81.81,127.20,Run_01693
3.0,0.6,30,1.0,True,False,30.65,22.54,35.48,Run_01694
3.0,0.6,30,1.0,False,True,45.10,104.72,162.82,Run_01695
3.0,0.6,30,1.0,False,False,31.55,28.73,45.21,Run_01696
3.0,0.6,30,2.0,True,True,41.83,77.09,119.85,Run_01697
3.0,0.6,30,2.0,True,False,30.55,22.18,34.91,Run_01698
3.0,0.6,30,2.0,False,True,45.10,104.72,162.82,Run_01699
3.0,0.6,30,2.0,False,False,31.55,28.73,45.21,Run_01700
3.0,0.6,30,3.0,True,True,41.22,69.45,107.98,Run_01701
3.0,0.6,30,3.0,True,False,30.71,19.64,30.90,Run_01702
3.0,0.6,30,3.0,False,True,45.10,104.72,162.82,Run_01703
3.0,0.6,30,3.0,False,False,31.55,28.73,45.21,Run_01704
3.0,0.6,40,1.0,True,True,42.17,81.81,127.20,Run_01705
3.0,0.6,40,1.0,True,False,31.12,26.18,41.20,Run_01706
3.0,0.6,40,1.0,False,True,45.06,104.36,162.25,Run_01707
3.0,0.6,40,1.0,False,False,32.15,33.82,53.22,Run_01708
3.0,0.6,40,2.0,True,True,41.83,77.09,119.85,Run_01709
3.0,0.6,40,2.0,True,False,31.11,24.36,38.34,Run_01710
3.0,0.6,40,2.0,False,True,45.06,104.36,162.25,Run_01711
3.0,0.6,40,2.0,False,False,32.15,33.82,53.22,Run_01712
3.0,0.6,40,3.0,True,True,41.18,69.45,107.98,Run_01713
3.0,0.6,40,3.0,True,False,31.27,21.82,34.34,Run_01714
3.0,0.6,40,3.0,False,True,45.06,104.36,162.25,Run_01715
3.0,0.6,40,3.0,False,False,32.15,33.82,53.22,Run_01716
3.0,0.6,50,1.0,True,True,42.20,81.81,127.20,Run_01717
3.0,0.6,50,1.0,True,False,31.47,26.91,42.35,Run_01718
3.0,0.6,50,1.0,False,True,45.09,104.36,162.25,Run_01719
3.0,0.6,50,1.0,False,False,32.48,34.54,54.37,Run_01720
3.0,0.6,50,2.0,True,True,41.85,77.09,119.85,Run_01721
3.0,0.6,50,2.0,True,False,31.47,25.45,40.06,Run_01722
3.0,0.6,50,2.0,False,True,45.09,104.36,162.25,Run_01723
3.0,0.6,50,2.0,False,False,32.48,34.54,54.37,Run_01724
3.0,0.6,50,3.0,True,True,41.27,69.45,107.98,Run_01725
3.0,0.6,50,3.0,True,False,31.60,23.27,36.63,Run_01726
3.0,0.6,50,3.0,False,True,45.09,104.36,162.25,Run_01727
3.0,0.6,50,3.0,False,False,32.48,34.54,54.37,Run_01728
3.0,0.6,60,1.0,True,True,42.21,81.09,126.07,Run_01729
3.0,0.6,60,1.0,True,False,31.65,27.64,43.49,Run_01730
3.0,0.6,60,1.0,False,True,45.09,104.36,162.25,Run_01731
3.0,0.6,60,1.0,False,False,32.65,35.63,56.08,Run_01732
3.0,0.6,60,2.0,True,True,41.85,76.72,119.29,Run_01733
3.0,0.6,60,2.0,True,False,31.77,27.27,42.92,Run_01734
3.0,0.6,60,2.0,False,True,45.09,104.36,162.25,Run_01735
3.0,0.6,60,2.0,False,False,32.65,35.63,56.08,Run_01736
3.0,0.6,60,3.0,True,True,41.27,69.09,107.41,Run_01737
3.0,0.6,60,3.0,True,False,31.86,24.73,38.92,Run_01738
3.0,0.6,60,3.0,False,True,45.09,104.36,162.25,Run_01739
3.0,0.6,60,3.0,False,False,32.65,35.63,56.08,Run_01740
3.0,0.6,70,1.0,True,True,42.20,81.45,126.63,Run_01741
3.0,0.6,70,1.0,True,False,32.08,28.00,44.07,Run_01742
3.0,0.6,70,1.0,False,True,45.10,104.00,161.69,Run_01743
3.0,0.6,70,1.0,False,False,33.09,36.36,57.23,Run_01744
3.0,0.6,70,2.0,True,True,41.86,77.09,119.85,Run_01745
3.0,0.6,70,2.0,True,False,32.10,26.91,42.35,Run_01746
3.0,0.6,70,2.0,False,True,45.10,104.00,161.69,Run_01747
3.0,0.6,70,2.0,False,False,33.09,36.36,57.23,Run_01748
3.0,0.6,70,3.0,True,True,41.29,69.45,107.98,Run_01749
3.0,0.6,70,3.0,True,False,32.15,24.36,38.34,Run_01750
3.0,0.6,70,3.0,False,True,45.10,104.00,161.69,Run_01751
3.0,0.6,70,3.0,False,False,33.09,36.36,57.23,Run_01752
3.0,0.6,80,1.0,True,True,42.20,81.81,127.20,Run_01753
3.0,0.6,80,1.0,True,False,32.29,29.09,45.78,Run_01754
3.0,0.6,80,1.0,False,True,45.05,104.72,162.82,Run_01755
3.0,0.6,80,1.0,False,False,33.30,37.45,58.95,Run_01756
3.0,0.6,80,2.0,True,True,41.86,77.45,120.42,Run_01757
3.0,0.6,80,2.0,True,False,32.34,27.64,43.49,Run_01758
3.0,0.6,80,2.0,False,True,45.05,104.72,162.82,Run_01759
3.0,0.6,80,2.0,False,False,33.30,37.45,58.95,Run_01760
3.0,0.6,80,3.0,True,True,41.30,69.09,107.41,Run_01761
3.0,0.6,80,3.0,True,False,32.41,25.09,39.49,Run_01762
3.0,0.6,80,3.0,False,True,45.05,104.72,162.82,Run_01763
3.0,0.6,80,3.0,False,False,33.30,37.45,58.95,Run_01764
3.5,0.05,20,1.0,True,True,43.86,76.36,118.72,Run_01765
3.5,0.05,20,1.0,True,False,46.95,70.54,109.67,Run_01766
3.5,0.05,20,1.0,False,True,45.87,97.81,152.07,Run_01767
3.5,0.05,20,1.0,False,False,47.67,90.18,140.20,Run_01768
3.5,0.05,20,2.0,True,True,43.58,69.45,107.98,Run_01769
3.5,0.05,20,2.0,True,False,46.69,64.72,100.63,Run_01770
3.5,0.05,20,2.0,False,True,45.87,97.81,152.07,Run_01771
3.5,0.05,20,2.0,False,False,47.67,90.18,140.20,Run_01772
3.5,0.05,20,3.0,True,True,42.91,65.82,102.32,Run_01773
3.5,0.05,20,3.0,True,False,46.00,60.36,93.84,Run_01774
3.5,0.05,20,3.0,False,True,45.87,97.81,152.07,Run_01775
3.5,0.05,20,3.0,False,False,47.67,90.18,140.20,Run_01776
3.5,0.05,30,1.0,True,True,43.89,76.00,118.15,Run_01777
3.5,0.05,30,1.0,True,False,46.95,70.54,109.67,Run_01778
3.5,0.05,30,1.0,False,True,45.91,97.45,151.51,Run_01779
3.5,0.05,30,1.0,False,False,47.75,89.81,139.64,Run_01780
3.5,0.05,30,2.0,True,True,43.60,69.09,107.41,Run_01781
3.5,0.05,30,2.0,True,False,46.68,64.72,100.63,Run_01782
3.5,0.05,30,2.0,False,True,45.91,97.45,151.51,Run_01783
3.5,0.05,30,2.0,False,False,47.75,89.81,139.64,Run_01784
3.5,0.05,30,3.0,True,True,42.97,65.45,101.76,Run_01785
3.5,0.05,30,3.0,True,False,45.95,61.45,95.54,Run_01786
3.5,0.05,30,3.0,False,True,45.91,97.45,151.51,Run_01787
3.5,0.05,30,3.0,False,False,47.75,89.81,139.64,Run_01788
3.5,0.05,40,1.0,True,True,43.84,76.00,118.16,Run_01789
3.5,0.05,40,1.0,True,False,46.89,72.00,111.94,Run_01790
3.5,0.05,40,1.0,False,True,45.85,97.45,151.50,Run_01791
3.5,0.05,40,1.0,False,False,47.66,90.91,141.33,Run_01792
3.5,0.05,40,2.0,True,True,43.59,69.45,108.00,Run_01793
3.5,0.05,40,2.0,True,False,46.65,66.18,102.91,Run_01794
3.5,0.05,40,2.0,False,True,45.85,97.45,151.50,Run_01795
3.5,0.05,40,2.0,False,False,47.66,90.91,141.33,Run_01796
3.5,0.05,40,3.0,True,True,42.93,64.72,101.87,Run_01797
3.5,0.05,40,3.0,True,False,46.00,61.45,96.72,Run_01798
3.5,0.05,40,3.0,False,True,45.85,97.45,151.50,Run_01799
3.5,0.05,40,3.0,False,False,47.66,90.91,141.33,Run_01800
3.5,0.05,50,1.0,True,True,43.87,76.00,118.16,Run_01801
3.5,0.05,50,1.0,True,False,46.74,73.45,114.20,Run_01802
3.5,0.05,50,1.0,False,True,45.88,97.45,151.50,Run_01803
3.5,0.05,50,1.0,False,False,47.51,92.00,143.02,Run_01804
3.5,0.05,50,2.0,True,True,43.62,69.45,108.00,Run_01805
3.5,0.05,50,2.0,True,False,46.49,67.27,104.61,Run_01806
3.5,0.05,50,2.0,False,True,45.88,97.45,151.50,Run_01807
3.5,0.05,50,2.0,False,False,47.51,92.00,143.02,Run_01808
3.5,0.05,50,3.0,True,True,42.99,64.72,101.87,Run_01809
3.5,0.05,50,3.0,True,False,45.92,62.54,98.43,Run_01810
3.5,0.05,50,3.0,False,True,45.88,97.45,151.50,Run_01811
3.5,0.05,50,3.0,False,False,47.51,92.00,143.02,Run_01812
3.5,0.05,60,1.0,True,True,43.85,76.00,118.16,Run_01813
3.5,0.05,60,1.0,True,False,46.74,73.45,114.20,Run_01814
3.5,0.05,60,1.0,False,True,45.86,97.45,151.50,Run_01815
3.5,0.05,60,1.0,False,False,47.51,92.00,143.02,Run_01816
3.5,0.05,60,2.0,True,True,43.60,69.45,108.00,Run_01817
3.5,0.05,60,2.0,True,False,46.47,67.27,104.61,Run_01818
3.5,0.05,60,2.0,False,True,45.86,97.45,151.50,Run_01819
3.5,0.05,60,2.0,False,False,47.51,92.00,143.02,Run_01820
3.5,0.05,60,3.0,True,True,42.97,64.72,101.87,Run_01821
3.5,0.05,60,3.0,True,False,45.86,62.54,98.43,Run_01822
3.5,0.05,60,3.0,False,True,45.86,97.45,151.50,Run_01823
3.5,0.05,60,3.0,False,False,47.51,92.00,143.02,Run_01824
3.5,0.05,70,1.0,True,True,43.87,76.00,118.16,Run_01825
3.5,0.05,70,1.0,True,False,46.56,73.45,114.20,Run_01826
3.5,0.05,70,1.0,False,True,45.88,97.45,151.50,Run_01827
3.5,0.05,70,1.0,False,False,47.31,91.63,142.46,Run_01828
3.5,0.05,70,2.0,True,True,43.61,69.45,108.00,Run_01829
3.5,0.05,70,2.0,True,False,46.30,67.27,104.61,Run_01830
3.5,0.05,70,2.0,False,True,45.88,97.45,151.50,Run_01831
3.5,0.05,70,2.0,False,False,47.31,91.63,142.46,Run_01832
3.5,0.05,70,3.0,True,True,42.98,64.72,101.87,Run_01833
3.5,0.05,70,3.0,True,False,45.66,62.54,98.43,Run_01834
3.5,0.05,70,3.0,False,True,45.88,97.45,151.50,Run_01835
3.5,0.05,70,3.0,False,False,47.31,91.63,142.46,Run_01836
3.5,0.05,80,1.0,True,True,43.87,76.00,118.16,Run_01837
3.5,0.05,80,1.0,True,False,46.56,74.18,115.33,Run_01838
3.5,0.05,80,1.0,False,True,45.88,97.45,151.50,Run_01839
3.5,0.05,80,1.0,False,False,47.32,92.36,143.59,Run_01840
3.5,0.05,80,2.0,True,True,43.63,69.45,108.00,Run_01841
3.5,0.05,80,2.0,True,False,46.30,68.00,105.74,Run_01842
3.5,0.05,80,2.0,False,True,45.88,97.45,151.50,Run_01843
3.5,0.05,80,2.0,False,False,47.32,92.36,143.59,Run_01844
3.5,0.05,80,3.0,True,True,42.98,64.72,101.87,Run_01845
3.5,0.05,80,3.0,True,False,45.67,63.27,99.58,Run_01846
3.5,0.05,80,3.0,False,True,45.88,97.45,151.50,Run_01847
3.5,0.05,80,3.0,False,False,47.32,92.36,143.59,Run_01848
3.5,0.1,20,1.0,True,True,43.30,77.09,119.85,Run_01849
3.5,0.1,20,1.0,True,False,44.34,52.36,82.41,Run_01850
3.5,0.1,20,1.0,False,True,45.48,98.91,153.77,Run_01851
3.5,0.1,20,1.0,False,False,45.19,69.82,109.88,Run_01852
3.5,0.1,20,2.0,True,True,43.09,69.82,108.54,Run_01853
3.5,0.1,20,2.0,True,False,44.32,48.36,76.11,Run_01854
3.5,0.1,20,2.0,False,True,45.48,98.91,153.77,Run_01855
3.5,0.1,20,2.0,False,False,45.19,69.82,109.88,Run_01856
3.5,0.1,20,3.0,True,True,42.56,66.54,103.46,Run_01857
3.5,0.1,20,3.0,True,False,43.94,44.00,69.25,Run_01858
3.5,0.1,20,3.0,False,True,45.48,98.91,153.77,Run_01859
3.5,0.1,20,3.0,False,False,45.19,69.82,109.88,Run_01860
3.5,0.1,30,1.0,True,True,43.39,77.82,120.98,Run_01861
3.5,0.1,30,1.0,True,False,45.38,57.82,90.99,Run_01862
3.5,0.1,30,1.0,False,True,45.46,99.27,154.34,Run_01863
3.5,0.1,30,1.0,False,False,46.02,74.54,117.32,Run_01864
3.5,0.1,30,2.0,True,True,43.12,70.91,110.24,Run_01865
3.5,0.1,30,2.0,True,False,45.32,52.00,81.84,Run_01866
3.5,0.1,30,2.0,False,True,45.46,99.27,154.34,Run_01867
3.5,0.1,30,2.0,False,False,46.02,74.54,117.32,Run_01868
3.5,0.1,30,3.0,True,True,42.52,66.91,104.02,Run_01869
3.5,0.1,30,3.0,True,False,44.90,48.36,76.11,Run_01870
3.5,0.1,30,3.0,False,True,45.46,99.27,154.34,Run_01871
3.5,0.1,30,3.0,False,False,46.02,74.54,117.32,Run_01872
3.5,0.1,40,1.0,True,True,43.46,77.45,120.42,Run_01873
3.5,0.1,40,1.0,True,False,46.23,60.00,93.28,Run_01874
3.5,0.1,40,1.0,False,True,45.56,98.91,153.77,Run_01875
3.5,0.1,40,1.0,False,False,46.85,76.72,119.28,Run_01876
3.5,0.1,40,2.0,True,True,43.23,70.54,109.67,Run_01877
3.5,0.1,40,2.0,True,False,46.10,54.54,84.80,Run_01878
3.5,0.1,40,2.0,False,True,45.56,98.91,153.77,Run_01879
3.5,0.1,40,2.0,False,False,46.85,76.72,119.28,Run_01880
3.5,0.1,40,3.0,True,True,42.56,66.54,103.46,Run_01881
3.5,0.1,40,3.0,True,False,45.64,50.54,78.58,Run_01882
3.5,0.1,40,3.0,False,True,45.56,98.91,153.77,Run_01883
3.5,0.1,40,3.0,False,False,46.85,76.72,119.28,Run_01884
3.5,0.1,50,1.0,True,True,43.53,77.09,119.85,Run_01885
3.5,0.1,50,1.0,True,False,46.80,61.45,95.54,Run_01886
3.5,0.1,50,1.0,False,True,45.62,98.54,153.20,Run_01887
3.5,0.1,50,1.0,False,False,47.48,77.82,120.98,Run_01888
3.5,0.1,50,2.0,True,True,43.28,70.18,109.11,Run_01889
3.5,0.1,50,2.0,True,False,46.63,56.00,87.06,Run_01890
3.5,0.1,50,2.0,False,True,45.62,98.54,153.20,Run_01891
3.5,0.1,50,2.0,False,False,47.48,77.82,120.98,Run_01892
3.5,0.1,50,3.0,True,True,42.57,66.54,103.46,Run_01893
3.5,0.1,50,3.0,True,False,46.08,52.36,81.41,Run_01894
3.5,0.1,50,3.0,False,True,45.62,98.54,153.20,Run_01895
3.5,0.1,50,3.0,False,False,47.48,77.82,120.98,Run_01896
3.5,0.1,60,1.0,True,True,43.63,76.72,119.28,Run_01897
3.5,0.1,60,1.0,True,False,47.27,63.27,98.37,Run_01898
3.5,0.1,60,1.0,False,True,45.69,98.18,152.64,Run_01899
3.5,0.1,60,1.0,False,False,47.98,80.00,124.37,Run_01900
3.5,0.1,60,2.0,True,True,43.39,69.82,108.54,Run_01901
3.5,0.1,60,2.0,True,False,47.06,57.82,89.89,Run_01902
3.5,0.1,60,2.0,False,True,45.69,98.18,152.64,Run_01903
3.5,0.1,60,2.0,False,False,47.98,80.00,124.37,Run_01904
3.5,0.1,60,3.0,True,True,42.73,66.18,102.89,Run_01905
3.5,0.1,60,3.0,True,False,46.30,54.18,84.23,Run_01906
3.5,0.1,60,3.0,False,True,45.69,98.18,152.64,Run_01907
3.5,0.1,60,3.0,False,False,47.98,80.00,124.37,Run_01908
3.5,0.1,70,1.0,True,True,43.56,76.72,119.28,Run_01909
3.5,0.1,70,1.0,True,False,47.47,64.00,99.50,Run_01910
3.5,0.1,70,1.0,False,True,45.58,97.81,152.07,Run_01911
3.5,0.1,70,1.0,False,False,48.14,80.72,125.50,Run_01912
3.5,0.1,70,2.0,True,True,43.30,69.82,108.54,Run_01913
3.5,0.1,70,2.0,True,False,47.21,58.54,91.02,Run_01914
3.5,0.1,70,2.0,False,True,45.58,97.81,152.07,Run_01915
3.5,0.1,70,2.0,False,False,48.14,80.72,125.50,Run_01916
3.5,0.1,70,3.0,True,True,42.59,65.82,102.32,Run_01917
3.5,0.1,70,3.0,True,False,46.37,55.27,85.93,Run_01918
3.5,0.1,70,3.0,False,True,45.58,97.81,152.07,Run_01919
3.5,0.1,70,3.0,False,False,48.14,80.72,125.50,Run_01920
3.5,0.1,80,1.0,True,True,43.66,76.36,118.72,Run_01921
3.5,0.1,80,1.0,True,False,47.91,65.45,101.76,Run_01922
3.5,0.1,80,1.0,False,True,45.68,97.81,152.07,Run_01923
3.5,0.1,80,1.0,False,False,48.56,82.54,128.33,Run_01924
3.5,0.1,80,2.0,True,True,43.43,69.45,107.98,Run_01925
3.5,0.1,80,2.0,True,False,47.65,60.00,93.28,Run_01926
3.5,0.1,80,2.0,False,True,45.68,97.81,152.07,Run_01927
3.5,0.1,80,2.0,False,False,48.56,82.54,128.33,Run_01928
3.5,0.1,80,3.0,True,True,42.71,65.82,102.32,Run_01929
3.5,0.1,80,3.0,True,False,46.80,56.36,87.63,Run_01930
3.5,0.1,80,3.0,False,True,45.68,97.81,152.07,Run_01931
3.5,0.1,80,3.0,False,False,48.56,82.54,128.33,Run_01932
3.5,0.2,20,1.0,True,True,43.01,76.72,119.29,Run_01933
3.5,0.2,20,1.0,True,False,37.18,34.54,54.37,Run_01934
3.5,0.2,20,1.0,False,True,45.77,97.81,152.07,Run_01935
3.5,0.2,20,1.0,False,False,38.54,45.82,72.11,Run_01936
3.5,0.2,20,2.0,True,True,42.76,70.91,110.24,Run_01937
3.5,0.2,20,2.0,True,False,37.23,32.00,50.36,Run_01938
3.5,0.2,20,2.0,False,True,45.77,97.81,152.07,Run_01939
3.5,0.2,20,2.0,False,False,38.54,45.82,72.11,Run_01940
3.5,0.2,20,3.0,True,True,42.22,66.54,103.46,Run_01941
3.5,0.2,20,3.0,True,False,37.48,28.73,45.21,Run_01942
3.5,0.2,20,3.0,False,True,45.77,97.81,152.07,Run_01943
3.5,0.2,20,3.0,False,False,38.54,45.82,72.11,Run_01944
3.5,0.2,30,1.0,True,True,43.15,76.72,119.29,Run_01945
3.5,0.2,30,1.0,True,False,39.34,39.63,62.38,Run_01946
3.5,0.2,30,1.0,False,True,45.80,97.09,150.94,Run_01947
3.5,0.2,30,1.0,False,False,40.40,50.54,79.55,Run_01948
3.5,0.2,30,2.0,True,True,42.88,70.54,109.67,Run_01949
3.5,0.2,30,2.0,True,False,39.42,35.27,55.51,Run_01950
3.5,0.2,30,2.0,False,True,45.80,97.09,150.94,Run_01951
3.5,0.2,30,2.0,False,False,40.40,50.54,79.55,Run_01952
3.5,0.2,30,3.0,True,True,42.35,66.91,104.02,Run_01953
3.5,0.2,30,3.0,True,False,39.65,32.00,50.36,Run_01954
3.5,0.2,30,3.0,False,True,45.80,97.09,150.94,Run_01955
3.5,0.2,30,3.0,False,False,40.40,50.54,79.55,Run_01956
3.5,0.2,40,1.0,True,True,43.14,77.45,120.42,Run_01957
3.5,0.2,40,1.0,True,False,39.98,42.54,66.96,Run_01958
3.5,0.2,40,1.0,False,True,45.74,97.09,150.94,Run_01959
3.5,0.2,40,1.0,False,False,41.43,52.36,82.41,Run_01960
3.5,0.2,40,2.0,True,True,42.84,70.91,110.24,Run_01961
3.5,0.2,40,2.0,True,False,39.96,38.18,60.09,Run_01962
3.5,0.2,40,2.0,False,True,45.74,97.09,150.94,Run_01963
3.5,0.2,40,2.0,False,False,41.43,52.36,82.41,Run_01964
3.5,0.2,40,3.0,True,True,42.28,66.91,104.02,Run_01965
3.5,0.2,40,3.0,True,False,39.98,35.63,56.08,Run_01966
3.5,0.2,40,3.0,False,True,45.74,97.09,150.94,Run_01967
3.5,0.2,40,3.0,False,False,41.43,52.36,82.41,Run_01968
3.5,0.2,50,1.0,True,True,43.20,77.45,120.42,Run_01969
3.5,0.2,50,1.0,True,False,40.89,44.36,69.82,Run_01970
3.5,0.2,50,1.0,False,True,45.75,97.09,150.94,Run_01971
3.5,0.2,50,1.0,False,False,42.28,54.18,85.27,Run_01972
3.5,0.2,50,2.0,True,True,42.93,70.54,109.67,Run_01973
3.5,0.2,50,2.0,True,False,40.79,40.73,64.10,Run_01974
3.5,0.2,50,2.0,False,True,45.75,97.09,150.94,Run_01975
3.5,0.2,50,2.0,False,False,42.28,54.18,85.27,Run_01976
3.5,0.2,50,3.0,True,True,42.39,66.91,104.02,Run_01977
3.5,0.2,50,3.0,True,False,40.79,37.82,59.52,Run_01978
3.5,0.2,50,3.0,False,True,45.75,97.09,150.94,Run_01979
3.5,0.2,50,3.0,False,False,42.28,54.18,85.27,Run_01980
3.5,0.2,60,1.0,True,True,43.12,77.82,120.98,Run_01981
3.5,0.2,60,1.0,True,False,41.99,47.63,74.06,Run_01982
3.5,0.2,60,1.0,False,True,45.64,98.18,152.64,Run_01983
3.5,0.2,60,1.0,False,False,43.22,58.18,90.45,Run_01984
3.5,0.2,60,2.0,True,True,42.88,71.63,111.37,Run_01985
3.5,0.2,60,2.0,True,False,41.89,44.36,68.97,Run_01986
3.5,0.2,60,2.0,False,True,45.64,98.18,152.64,Run_01987
3.5,0.2,60,2.0,False,False,43.22,58.18,90.45,Run_01988
3.5,0.2,60,3.0,True,True,42.34,67.63,105.15,Run_01989
3.5,0.2,60,3.0,True,False,41.67,40.73,63.32,Run_01990
3.5,0.2,60,3.0,False,True,45.64,98.18,152.64,Run_01991
3.5,0.2,60,3.0,False,False,43.22,58.18,90.45,Run_01992
3.5,0.2,70,1.0,True,True,43.19,77.82,120.98,Run_01993
3.5,0.2,70,1.0,True,False,42.56,49.82,77.45,Run_01994
3.5,0.2,70,1.0,False,True,45.70,98.18,152.64,Run_01995
3.5,0.2,70,1.0,False,False,43.82,61.45,95.54,Run_01996
3.5,0.2,70,2.0,True,True,42.97,71.63,111.37,Run_01997
3.5,0.2,70,2.0,True,False,42.60,46.54,72.36,Run_01998
3.5,0.2,70,2.0,False,True,45.70,98.18,152.64,Run_01999
3.5,0.2,70,2.0,False,False,43.82,61.45,95.54,Run_02000
3.5,0.2,70,3.0,True,True,42.41,67.63,105.15,Run_02001
3.5,0.2,70,3.0,True,False,42.38,42.91,66.71,Run_02002
3.5,0.2,70,3.0,False,True,45.70,98.18,152.64,Run_02003
3.5,0.2,70,3.0,False,False,43.82,61.45,95.54,Run_02004
3.5,0.2,80,1.0,True,True,43.14,77.45,120.42,Run_02005
3.5,0.2,80,1.0,True,False,42.85,50.18,78.02,Run_02006
3.5,0.2,80,1.0,False,True,45.67,98.54,153.21,Run_02007
3.5,0.2,80,1.0,False,False,44.15,62.91,97.80,Run_02008
3.5,0.2,80,2.0,True,True,42.92,71.27,110.81,Run_02009
3.5,0.2,80,2.0,True,False,42.85,46.91,72.93,Run_02010
3.5,0.2,80,2.0,False,True,45.67,98.54,153.21,Run_02011
3.5,0.2,80,2.0,False,False,44.15,62.91,97.80,Run_02012
3.5,0.2,80,3.0,True,True,42.36,67.63,105.15,Run_02013
3.5,0.2,80,3.0,True,False,42.56,44.00,68.41,Run_02014
3.5,0.2,80,3.0,False,True,45.67,98.54,153.21,Run_02015
3.5,0.2,80,3.0,False,False,44.15,62.91,97.80,Run_02016
3.5,0.3,20,1.0,True,True,42.71,76.00,118.15,Run_02017
3.5,0.3,20,1.0,True,False,33.16,26.91,42.35,Run_02018
3.5,0.3,20,1.0,False,True,45.59,97.09,150.94,Run_02019
3.5,0.3,20,1.0,False,False,34.03,33.09,52.08,Run_02020
3.5,0.3,20,2.0,True,True,42.40,69.45,107.98,Run_02021
3.5,0.3,20,2.0,True,False,33.14,23.27,36.63,Run_02022
3.5,0.3,20,2.0,False,True,45.59,97.09,150.94,Run_02023
3.5,0.3,20,2.0,False,False,34.03,33.09,52.08,Run_02024
3.5,0.3,20,3.0,True,True,41.80,66.18,102.89,Run_02025
3.5,0.3,20,3.0,True,False,33.57,22.54,35.48,Run_02026
3.5,0.3,20,3.0,False,True,45.59,97.09,150.94,Run_02027
3.5,0.3,20,3.0,False,False,34.03,33.09,52.08,Run_02028
3.5,0.3,30,1.0,True,True,42.85,76.36,118.72,Run_02029
3.5,0.3,30,1.0,True,False,34.70,30.54,48.07,Run_02030
3.5,0.3,30,1.0,False,True,45.63,97.45,151.51,Run_02031
3.5,0.3,30,1.0,False,False,35.50,37.82,59.52,Run_02032
3.5,0.3,30,2.0,True,True,42.53,69.45,107.98,Run_02033
3.5,0.3,30,2.0,True,False,34.69,26.91,42.35,Run_02034
3.5,0.3,30,2.0,False,True,45.63,97.45,151.51,Run_02035
3.5,0.3,30,2.0,False,False,35.50,37.82,59.52,Run_02036
3.5,0.3,30,3.0,True,True,41.94,66.54,103.46,Run_02037
3.5,0.3,30,3.0,True,False,35.11,25.09,39.49,Run_02038
3.5,0.3,30,3.0,False,True,45.63,97.45,151.51,Run_02039
3.5,0.3,30,3.0,False,False,35.50,37.82,59.52,Run_02040
3.5,0.3,40,1.0,True,True,42.95,76.36,118.72,Run_02041
3.5,0.3,40,1.0,True,False,35.34,31.27,49.22,Run_02042
3.5,0.3,40,1.0,False,True,45.69,96.36,149.81,Run_02043
3.5,0.3,40,1.0,False,False,36.45,39.27,61.81,Run_02044
3.5,0.3,40,2.0,True,True,42.64,69.45,107.98,Run_02045
3.5,0.3,40,2.0,True,False,35.36,28.00,44.07,Run_02046
3.5,0.3,40,2.0,False,True,45.69,96.36,149.81,Run_02047
3.5,0.3,40,2.0,False,False,36.45,39.27,61.81,Run_02048
3.5,0.3,40,3.0,True,True,42.04,66.54,103.46,Run_02049
3.5,0.3,40,3.0,True,False,35.73,26.54,41.78,Run_02050
3.5,0.3,40,3.0,False,True,45.69,96.36,149.81,Run_02051
3.5,0.3,40,3.0,False,False,36.45,39.27,61.81,Run_02052
3.5,0.3,50,1.0,True,True,42.96,76.72,119.29,Run_02053
3.5,0.3,50,1.0,True,False,36.16,33.45,52.65,Run_02054
3.5,0.3,50,1.0,False,True,45.70,96.36,149.81,Run_02055
3.5,0.3,50,1.0,False,False,37.27,41.82,65.81,Run_02056
3.5,0.3,50,2.0,True,True,42.64,69.82,108.54,Run_02057
3.5,0.3,50,2.0,True,False,36.23,30.18,47.50,Run_02058
3.5,0.3,50,2.0,False,True,45.70,96.36,149.81,Run_02059
3.5,0.3,50,2.0,False,False,37.27,41.82,65.81,Run_02060
3.5,0.3,50,3.0,True,True,42.13,66.54,103.46,Run_02061
3.5,0.3,50,3.0,True,False,36.62,28.73,45.21,Run_02062
3.5,0.3,50,3.0,False,True,45.70,96.36,149.81,Run_02063
3.5,0.3,50,3.0,False,False,37.27,41.82,65.81,Run_02064
3.5,0.3,60,1.0,True,True,42.97,76.72,119.29,Run_02065
3.5,0.3,60,1.0,True,False,36.75,33.45,52.65,Run_02066
3.5,0.3,60,1.0,False,True,45.70,96.00,149.25,Run_02067
3.5,0.3,60,1.0,False,False,37.80,42.18,66.39,Run_02068
3.5,0.3,60,2.0,True,True,42.67,69.82,108.54,Run_02069
3.5,0.3,60,2.0,True,False,36.85,31.64,49.79,Run_02070
3.5,0.3,60,2.0,False,True,45.70,96.00,149.25,Run_02071
3.5,0.3,60,2.0,False,False,37.80,42.18,66.39,Run_02072
3.5,0.3,60,3.0,True,True,42.12,66.54,103.46,Run_02073
3.5,0.3,60,3.0,True,False,37.07,29.82,46.93,Run_02074
3.5,0.3,60,3.0,False,True,45.70,96.00,149.25,Run_02075
3.5,0.3,60,3.0,False,False,37.80,42.18,66.39,Run_02076
3.5,0.3,70,1.0,True,True,42.94,77.09,119.85,Run_02077
3.5,0.3,70,1.0,True,False,37.18,33.82,53.22,Run_02078
3.5,0.3,70,1.0,False,True,45.67,96.36,149.81,Run_02079
3.5,0.3,70,1.0,False,False,38.19,42.18,66.39,Run_02080
3.5,0.3,70,2.0,True,True,42.64,70.18,109.11,Run_02081
3.5,0.3,70,2.0,True,False,37.27,32.00,50.36,Run_02082
3.5,0.3,70,2.0,False,True,45.67,96.36,149.81,Run_02083
3.5,0.3,70,2.0,False,False,38.19,42.18,66.39,Run_02084
3.5,0.3,70,3.0,True,True,42.11,67.27,104.59,Run_02085
3.5,0.3,70,3.0,True,False,37.55,30.18,47.50,Run_02086
3.5,0.3,70,3.0,False,True,45.67,96.36,149.81,Run_02087
3.5,0.3,70,3.0,False,False,38.19,42.18,66.39,Run_02088
3.5,0.3,80,1.0,True,True,42.94,77.09,119.85,Run_02089
3.5,0.3,80,1.0,True,False,37.55,36.00,55.97,Run_02090
3.5,0.3,80,1.0,False,True,45.67,96.72,150.38,Run_02091
3.5,0.3,80,1.0,False,False,38.53,44.36,68.97,Run_02092
3.5,0.3,80,2.0,True,True,42.68,70.18,109.11,Run_02093
3.5,0.3,80,2.0,True,False,37.62,34.18,53.14,Run_02094
3.5,0.3,80,2.0,False,True,45.67,96.72,150.38,Run_02095
3.5,0.3,80,2.0,False,False,38.53,44.36,68.97,Run_02096
3.5,0.3,80,3.0,True,True,42.14,66.91,104.02,Run_02097
3.5,0.3,80,3.0,True,False,37.86,32.36,50.31,Run_02098
3.5,0.3,80,3.0,False,True,45.67,96.72,150.38,Run_02099
3.5,0.3,80,3.0,False,False,38.53,44.36,68.97,Run_02100
3.5,0.4,20,1.0,True,True,42.63,75.63,117.59,Run_02101
3.5,0.4,20,1.0,True,False,30.99,22.18,34.90,Run_02102
3.5,0.4,20,1.0,False,True,45.48,96.00,149.25,Run_02103
3.5,0.4,20,1.0,False,False,31.86,27.27,42.91,Run_02104
3.5,0.4,20,2.0,True,True,42.29,69.45,107.98,Run_02105
3.5,0.4,20,2.0,True,False,31.02,20.36,32.04,Run_02106
3.5,0.4,20,2.0,False,True,45.48,96.00,149.25,Run_02107
3.5,0.4,20,2.0,False,False,31.86,27.27,42.91,Run_02108
3.5,0.4,20,3.0,True,True,41.69,66.18,102.89,Run_02109
3.5,0.4,20,3.0,True,False,31.27,18.54,29.18,Run_02110
3.5,0.4,20,3.0,False,True,45.48,96.00,149.25,Run_02111
3.5,0.4,20,3.0,False,False,31.86,27.27,42.91,Run_02112
3.5,0.4,30,1.0,True,True,42.71,76.00,118.15,Run_02113
3.5,0.4,30,1.0,True,False,31.98,25.09,39.49,Run_02114
3.5,0.4,30,1.0,False,True,45.50,97.09,150.94,Run_02115
3.5,0.4,30,1.0,False,False,32.86,31.27,49.22,Run_02116
3.5,0.4,30,2.0,True,True,42.35,69.45,107.98,Run_02117
3.5,0.4,30,2.0,True,False,31.92,22.54,35.48,Run_02118
3.5,0.4,30,2.0,False,True,45.50,97.09,150.94,Run_02119
3.5,0.4,30,2.0,False,False,32.86,31.27,49.22,Run_02120
3.5,0.4,30,3.0,True,True,41.77,66.54,103.46,Run_02121
3.5,0.4,30,3.0,True,False,32.21,20.73,32.62,Run_02122
3.5,0.4,30,3.0,False,True,45.50,97.09,150.94,Run_02123
3.5,0.4,30,3.0,False,False,32.86,31.27,49.22,Run_02124
3.5,0.4,40,1.0,True,True,42.73,76.00,118.15,Run_02125
3.5,0.4,40,1.0,True,False,32.48,27.64,43.49,Run_02126
3.5,0.4,40,1.0,False,True,45.50,96.72,150.38,Run_02127
3.5,0.4,40,1.0,False,False,33.62,35.27,55.51,Run_02128
3.5,0.4,40,2.0,True,True,42.42,69.45,107.98,Run_02129
3.5,0.4,40,2.0,True,False,32.45,25.45,40.06,Run_02130
3.5,0.4,40,2.0,False,True,45.50,96.72,150.38,Run_02131
3.5,0.4,40,2.0,False,False,33.62,35.27,55.51,Run_02132
3.5,0.4,40,3.0,True,True,41.87,66.18,102.89,Run_02133
3.5,0.4,40,3.0,True,False,32.62,23.64,37.20,Run_02134
3.5,0.4,40,3.0,False,True,45.50,96.72,150.38,Run_02135
3.5,0.4,40,3.0,False,False,33.62,35.27,55.51,Run_02136
3.5,0.4,50,1.0,True,True,42.76,76.00,118.15,Run_02137
3.5,0.4,50,1.0,True,False,32.91,28.73,45.21,Run_02138
3.5,0.4,50,1.0,False,True,45.56,96.36,149.81,Run_02139
3.5,0.4,50,1.0,False,False,33.99,35.27,55.51,Run_02140
3.5,0.4,50,2.0,True,True,42.43,69.82,108.54,Run_02141
3.5,0.4,50,2.0,True,False,32.90,26.54,41.78,Run_02142
3.5,0.4,50,2.0,False,True,45.56,96.36,149.81,Run_02143
3.5,0.4,50,2.0,False,False,33.99,35.27,55.51,Run_02144
3.5,0.4,50,3.0,True,True,41.86,66.18,102.89,Run_02145
3.5,0.4,50,3.0,True,False,33.20,24.73,38.92,Run_02146
3.5,0.4,50,3.0,False,True,45.56,96.36,149.81,Run_02147
3.5,0.4,50,3.0,False,False,33.99,35.27,55.51,Run_02148
3.5,0.4,60,1.0,True,True,42.74,76.00,118.15,Run_02149
3.5,0.4,60,1.0,True,False,33.15,28.36,44.64,Run_02150
3.5,0.4,60,1.0,False,True,45.52,95.63,148.68,Run_02151
3.5,0.4,60,1.0,False,False,34.19,35.63,56.08,Run_02152
3.5,0.4,60,2.0,True,True,42.41,69.45,107.98,Run_02153
3.5,0.4,60,2.0,True,False,33.24,26.91,42.35,Run_02154
3.5,0.4,60,2.0,False,True,45.52,95.63,148.68,Run_02155
3.5,0.4,60,2.0,False,False,34.19,35.63,56.08,Run_02156
3.5,0.4,60,3.0,True,True,41.88,65.82,102.33,Run_02157
3.5,0.4,60,3.0,True,False,33.44,24.73,38.92,Run_02158
3.5,0.4,60,3.0,False,True,45.52,95.63,148.68,Run_02159
3.5,0.4,60,3.0,False,False,34.19,35.63,56.08,Run_02160
3.5,0.4,70,1.0,True,True,42.79,76.72,119.29,Run_02161
3.5,0.4,70,1.0,True,False,33.71,29.45,46.36,Run_02162
3.5,0.4,70,1.0,False,True,45.56,96.72,150.38,Run_02163
3.5,0.4,70,1.0,False,False,34.74,36.36,57.23,Run_02164
3.5,0.4,70,2.0,True,True,42.48,69.82,108.54,Run_02165
3.5,0.4,70,2.0,True,False,33.79,27.64,43.49,Run_02166
3.5,0.4,70,2.0,False,True,45.56,96.72,150.38,Run_02167
3.5,0.4,70,2.0,False,False,34.74,36.36,57.23,Run_02168
3.5,0.4,70,3.0,True,True,41.88,66.18,102.89,Run_02169
3.5,0.4,70,3.0,True,False,34.05,25.45,40.06,Run_02170
3.5,0.4,70,3.0,False,True,45.56,96.72,150.38,Run_02171
3.5,0.4,70,3.0,False,False,34.74,36.36,57.23,Run_02172
3.5,0.4,80,1.0,True,True,42.71,77.09,119.85,Run_02173
3.5,0.4,80,1.0,True,False,34.10,31.64,49.18,Run_02174
3.5,0.4,80,1.0,False,True,45.51,97.09,150.94,Run_02175
3.5,0.4,80,1.0,False,False,35.16,38.18,59.36,Run_02176
3.5,0.4,80,2.0,True,True,42.44,70.18,109.11,Run_02177
3.5,0.4,80,2.0,True,False,34.16,29.82,46.36,Run_02178
3.5,0.4,80,2.0,False,True,45.51,97.09,150.94,Run_02179
3.5,0.4,80,2.0,False,False,35.16,38.18,59.36,Run_02180
3.5,0.4,80,3.0,True,True,41.87,66.91,104.02,Run_02181
3.5,0.4,80,3.0,True,False,34.55,27.64,42.97,Run_02182
3.5,0.4,80,3.0,False,True,45.51,97.09,150.94,Run_02183
3.5,0.4,80,3.0,False,False,35.16,38.18,59.36,Run_02184
3.5,0.5,20,1.0,True,True,42.56,75.63,117.59,Run_02185
3.5,0.5,20,1.0,True,False,30.28,20.36,32.04,Run_02186
3.5,0.5,20,1.0,False,True,45.46,96.00,149.25,Run_02187
3.5,0.5,20,1.0,False,False,31.02,25.09,39.48,Run_02188
3.5,0.5,20,2.0,True,True,42.23,69.45,107.98,Run_02189
3.5,0.5,20,2.0,True,False,30.41,18.54,29.18,Run_02190
3.5,0.5,20,2.0,False,True,45.46,96.00,149.25,Run_02191
3.5,0.5,20,2.0,False,False,31.02,25.09,39.48,Run_02192
3.5,0.5,20,3.0,True,True,41.62,66.18,102.89,Run_02193
3.5,0.5,20,3.0,True,False,30.68,16.73,26.32,Run_02194
3.5,0.5,20,3.0,False,True,45.46,96.00,149.25,Run_02195
3.5,0.5,20,3.0,False,False,31.02,25.09,39.48,Run_02196
3.5,0.5,30,1.0,True,True,42.57,76.00,118.15,Run_02197
3.5,0.5,30,1.0,True,False,30.83,22.54,35.48,Run_02198
3.5,0.5,30,1.0,False,True,45.40,96.36,149.81,Run_02199
3.5,0.5,30,1.0,False,False,31.68,27.27,42.92,Run_02200
3.5,0.5,30,2.0,True,True,42.20,69.82,108.54,Run_02201
3.5,0.5,30,2.0,True,False,30.80,21.09,33.19,Run_02202
3.5,0.5,30,2.0,False,True,45.40,96.36,149.81,Run_02203
3.5,0.5,30,2.0,False,False,31.68,27.27,42.92,Run_02204
3.5,0.5,30,3.0,True,True,41.60,66.54,103.46,Run_02205
3.5,0.5,30,3.0,True,False,30.99,18.54,29.19,Run_02206
3.5,0.5,30,3.0,False,True,45.40,96.36,149.81,Run_02207
3.5,0.5,30,3.0,False,False,31.68,27.27,42.92,Run_02208
3.5,0.5,40,1.0,True,True,42.59,75.63,117.59,Run_02209
3.5,0.5,40,1.0,True,False,31.19,23.64,37.20,Run_02210
3.5,0.5,40,1.0,False,True,45.39,95.63,148.68,Run_02211
3.5,0.5,40,1.0,False,False,32.38,31.27,49.22,Run_02212
3.5,0.5,40,2.0,True,True,42.25,69.09,107.41,Run_02213
3.5,0.5,40,2.0,True,False,31.17,22.18,34.91,Run_02214
3.5,0.5,40,2.0,False,True,45.39,95.63,148.68,Run_02215
3.5,0.5,40,2.0,False,False,32.38,31.27,49.22,Run_02216
3.5,0.5,40,3.0,True,True,41.66,65.82,102.33,Run_02217
3.5,0.5,40,3.0,True,False,31.29,20.00,31.48,Run_02218
3.5,0.5,40,3.0,False,True,45.39,95.63,148.68,Run_02219
3.5,0.5,40,3.0,False,False,32.38,31.27,49.22,Run_02220
3.5,0.5,50,1.0,True,True,42.58,76.00,118.15,Run_02221
3.5,0.5,50,1.0,True,False,31.20,25.45,40.06,Run_02222
3.5,0.5,50,1.0,False,True,45.41,96.00,149.25,Run_02223
3.5,0.5,50,1.0,False,False,32.81,31.64,49.79,Run_02224
3.5,0.5,50,2.0,True,True,42.25,69.82,108.54,Run_02225
3.5,0.5,50,2.0,True,False,31.18,23.64,37.20,Run_02226
3.5,0.5,50,2.0,False,True,45.41,96.00,149.25,Run_02227
3.5,0.5,50,2.0,False,False,32.81,31.64,49.79,Run_02228
3.5,0.5,50,3.0,True,True,41.69,66.18,102.89,Run_02229
3.5,0.5,50,3.0,True,False,31.46,21.09,33.19,Run_02230
3.5,0.5,50,3.0,False,True,45.41,96.00,149.25,Run_02231
3.5,0.5,50,3.0,False,False,32.81,31.64,49.79,Run_02232
3.5,0.5,60,1.0,True,True,42.62,76.00,118.15,Run_02233
3.5,0.5,60,1.0,True,False,31.48,26.18,41.20,Run_02234
3.5,0.5,60,1.0,False,True,45.41,96.00,149.25,Run_02235
3.5,0.5,60,1.0,False,False,33.07,33.45,52.65,Run_02236
3.5,0.5,60,2.0,True,True,42.30,69.45,107.98,Run_02237
3.5,0.5,60,2.0,True,False,31.50,24.73,38.92,Run_02238
3.5,0.5,60,2.0,False,True,45.41,96.00,149.25,Run_02239
3.5,0.5,60,2.0,False,False,33.07,33.45,52.65,Run_02240
3.5,0.5,60,3.0,True,True,41.73,66.18,102.89,Run_02241
3.5,0.5,60,3.0,True,False,31.65,22.91,36.05,Run_02242
3.5,0.5,60,3.0,False,True,45.41,96.00,149.25,Run_02243
3.5,0.5,60,3.0,False,False,33.07,33.45,52.65,Run_02244
3.5,0.5,70,1.0,True,True,42.56,76.36,118.72,Run_02245
3.5,0.5,70,1.0,True,False,31.70,26.18,41.20,Run_02246
3.5,0.5,70,1.0,False,True,45.36,96.00,149.25,Run_02247
3.5,0.5,70,1.0,False,False,33.31,33.09,52.08,Run_02248
3.5,0.5,70,2.0,True,True,42.24,69.82,108.54,Run_02249
3.5,0.5,70,2.0,True,False,31.74,24.73,38.92,Run_02250
3.5,0.5,70,2.0,False,True,45.36,96.00,149.25,Run_02251
3.5,0.5,70,2.0,False,False,33.31,33.09,52.08,Run_02252
3.5,0.5,70,3.0,True,True,41.69,66.18,102.89,Run_02253
3.5,0.5,70,3.0,True,False,31.99,23.27,36.63,Run_02254
3.5,0.5,70,3.0,False,True,45.36,96.00,149.25,Run_02255
3.5,0.5,70,3.0,False,False,33.31,33.09,52.08,Run_02256
3.5,0.5,80,1.0,True,True,42.52,76.72,119.29,Run_02257
3.5,0.5,80,1.0,True,False,31.91,27.27,42.41,Run_02258
3.5,0.5,80,1.0,False,True,45.33,96.72,150.38,Run_02259
3.5,0.5,80,1.0,False,False,33.53,33.45,52.02,Run_02260
3.5,0.5,80,2.0,True,True,42.24,70.18,109.11,Run_02261
3.5,0.5,80,2.0,True,False,31.94,25.45,39.58,Run_02262
3.5,0.5,80,2.0,False,True,45.33,96.72,150.38,Run_02263
3.5,0.5,80,2.0,False,False,33.53,33.45,52.02,Run_02264
3.5,0.5,80,3.0,True,True,41.67,66.54,103.46,Run_02265
3.5,0.5,80,3.0,True,False,32.27,24.36,37.89,Run_02266
3.5,0.5,80,3.0,False,True,45.33,96.72,150.38,Run_02267
3.5,0.5,80,3.0,False,False,33.53,33.45,52.02,Run_02268
3.5,0.6,20,1.0,True,True,42.55,75.63,117.59,Run_02269
3.5,0.6,20,1.0,True,False,30.01,20.36,32.04,Run_02270
3.5,0.6,20,1.0,False,True,45.44,95.63,148.68,Run_02271
3.5,0.6,20,1.0,False,False,30.66,24.36,38.34,Run_02272
3.5,0.6,20,2.0,True,True,42.23,69.45,107.98,Run_02273
3.5,0.6,20,2.0,True,False,30.07,18.91,29.75,Run_02274
3.5,0.6,20,2.0,False,True,45.44,95.63,148.68,Run_02275
3.5,0.6,20,2.0,False,False,30.66,24.36,38.34,Run_02276
3.5,0.6,20,3.0,True,True,41.64,66.18,102.89,Run_02277
3.5,0.6,20,3.0,True,False,30.32,17.45,27.46,Run_02278
3.5,0.6,20,3.0,False,True,45.44,95.63,148.68,Run_02279
3.5,0.6,20,3.0,False,False,30.66,24.36,38.34,Run_02280
3.5,0.6,30,1.0,True,True,42.55,76.00,118.15,Run_02281
3.5,0.6,30,1.0,True,False,30.74,21.45,33.77,Run_02282
3.5,0.6,30,1.0,False,True,45.38,96.36,149.81,Run_02283
3.5,0.6,30,1.0,False,False,31.54,26.54,41.78,Run_02284
3.5,0.6,30,2.0,True,True,42.19,69.82,108.54,Run_02285
3.5,0.6,30,2.0,True,False,30.66,20.00,31.48,Run_02286
3.5,0.6,30,2.0,False,True,45.38,96.36,149.81,Run_02287
3.5,0.6,30,2.0,False,False,31.54,26.54,41.78,Run_02288
3.5,0.6,30,3.0,True,True,41.59,66.54,103.46,Run_02289
3.5,0.6,30,3.0,True,False,30.81,17.82,28.04,Run_02290
3.5,0.6,30,3.0,False,True,45.38,96.36,149.81,Run_02291
3.5,0.6,30,3.0,False,False,31.54,26.54,41.78,Run_02292
3.5,0.6,40,1.0,True,True,42.52,75.63,117.59,Run_02293
3.5,0.6,40,1.0,True,False,30.50,21.45,33.77,Run_02294
3.5,0.6,40,1.0,False,True,45.32,95.63,148.68,Run_02295
3.5,0.6,40,1.0,False,False,32.07,28.73,45.21,Run_02296
3.5,0.6,40,2.0,True,True,42.19,69.09,107.41,Run_02297
3.5,0.6,40,2.0,True,False,30.47,20.36,32.05,Run_02298
3.5,0.6,40,2.0,False,True,45.32,95.63,148.68,Run_02299
3.5,0.6,40,2.0,False,False,32.07,28.73,45.21,Run_02300
3.5,0.6,40,3.0,True,True,41.58,65.82,102.33,Run_02301
3.5,0.6,40,3.0,True,False,30.65,18.18,28.61,Run_02302
3.5,0.6,40,3.0,False,True,45.32,95.63,148.68,Run_02303
3.5,0.6,40,3.0,False,False,32.07,28.73,45.21,Run_02304
3.5,0.6,50,1.0,True,True,42.56,76.00,118.15,Run_02305
3.5,0.6,50,1.0,True,False,30.87,23.64,37.20,Run_02306
3.5,0.6,50,1.0,False,True,45.38,96.00,149.25,Run_02307
3.5,0.6,50,1.0,False,False,32.40,29.82,46.93,Run_02308
3.5,0.6,50,2.0,True,True,42.23,69.82,108.54,Run_02309
3.5,0.6,50,2.0,True,False,30.87,22.18,34.91,Run_02310
3.5,0.6,50,2.0,False,True,45.38,96.00,149.25,Run_02311
3.5,0.6,50,2.0,False,False,32.40,29.82,46.93,Run_02312
3.5,0.6,50,3.0,True,True,41.68,66.18,102.89,Run_02313
3.5,0.6,50,3.0,True,False,31.13,20.36,32.05,Run_02314
3.5,0.6,50,3.0,False,True,45.38,96.00,149.25,Run_02315
3.5,0.6,50,3.0,False,False,32.40,29.82,46.93,Run_02316
3.5,0.6,60,1.0,True,True,42.57,76.00,118.15,Run_02317
3.5,0.6,60,1.0,True,False,31.07,24.00,37.77,Run_02318
3.5,0.6,60,1.0,False,True,45.37,96.00,149.25,Run_02319
3.5,0.6,60,1.0,False,False,32.56,31.27,49.22,Run_02320
3.5,0.6,60,2.0,True,True,42.24,69.45,107.98,Run_02321
3.5,0.6,60,2.0,True,False,31.08,22.91,36.05,Run_02322
3.5,0.6,60,2.0,False,True,45.37,96.00,149.25,Run_02323
3.5,0.6,60,2.0,False,False,32.56,31.27,49.22,Run_02324
3.5,0.6,60,3.0,True,True,41.69,66.18,102.89,Run_02325
3.5,0.6,60,3.0,True,False,31.15,21.82,34.34,Run_02326
3.5,0.6,60,3.0,False,True,45.37,96.00,149.25,Run_02327
3.5,0.6,60,3.0,False,False,32.56,31.27,49.22,Run_02328
3.5,0.6,70,1.0,True,True,42.57,76.00,118.15,Run_02329
3.5,0.6,70,1.0,True,False,31.57,22.54,35.48,Run_02330
3.5,0.6,70,1.0,False,True,45.38,96.00,149.25,Run_02331
3.5,0.6,70,1.0,False,False,33.07,30.18,47.50,Run_02332
3.5,0.6,70,2.0,True,True,42.24,69.45,107.98,Run_02333
3.5,0.6,70,2.0,True,False,31.60,21.82,34.34,Run_02334
3.5,0.6,70,2.0,False,True,45.38,96.00,149.25,Run_02335
3.5,0.6,70,2.0,False,False,33.07,30.18,47.50,Run_02336
3.5,0.6,70,3.0,True,True,41.69,66.18,102.89,Run_02337
3.5,0.6,70,3.0,True,False,31.79,20.73,32.62,Run_02338
3.5,0.6,70,3.0,False,True,45.38,96.00,149.25,Run_02339
3.5,0.6,70,3.0,False,False,33.07,30.18,47.50,Run_02340
3.5,0.6,80,1.0,True,True,42.51,76.36,118.72,Run_02341
3.5,0.6,80,1.0,True,False,31.73,25.09,39.49,Run_02342
3.5,0.6,80,1.0,False,True,45.33,96.72,150.38,Run_02343
3.5,0.6,80,1.0,False,False,33.26,31.27,49.22,Run_02344
3.5,0.6,80,2.0,True,True,42.25,69.82,108.54,Run_02345
3.5,0.6,80,2.0,True,False,31.77,23.64,37.20,Run_02346
3.5,0.6,80,2.0,False,True,45.33,96.72,150.38,Run_02347
3.5,0.6,80,2.0,False,False,33.26,31.27,49.22,Run_02348
3.5,0.6,80,3.0,True,True,41.66,66.18,102.89,Run_02349
3.5,0.6,80,3.0,True,False,32.03,22.54,35.48,Run_02350
3.5,0.6,80,3.0,False,True,45.33,96.72,150.38,Run_02351
3.5,0.6,80,3.0,False,False,33.26,31.27,49.22,Run_02352
4.0,0.05,20,1.0,True,True,43.94,63.27,98.37,Run_02353
4.0,0.05,20,1.0,True,False,47.15,58.54,91.02,Run_02354
4.0,0.05,20,1.0,False,True,45.95,82.54,128.33,Run_02355
4.0,0.05,20,1.0,False,False,47.82,74.91,116.46,Run_02356
4.0,0.05,20,2.0,True,True,43.69,61.82,96.10,Run_02357
4.0,0.05,20,2.0,True,False,46.86,56.00,87.06,Run_02358
4.0,0.05,20,2.0,False,True,45.95,82.54,128.33,Run_02359
4.0,0.05,20,2.0,False,False,47.82,74.91,116.46,Run_02360
4.0,0.05,20,3.0,True,True,43.18,60.00,93.28,Run_02361
4.0,0.05,20,3.0,True,False,46.36,53.82,83.67,Run_02362
4.0,0.05,20,3.0,False,True,45.95,82.54,128.33,Run_02363
4.0,0.05,20,3.0,False,False,47.82,74.91,116.46,Run_02364
4.0,0.05,30,1.0,True,True,44.01,62.54,97.23,Run_02365
4.0,0.05,30,1.0,True,False,47.08,58.18,90.45,Run_02366
4.0,0.05,30,1.0,False,True,46.03,82.54,128.33,Run_02367
4.0,0.05,30,1.0,False,False,47.86,74.18,115.32,Run_02368
4.0,0.05,30,2.0,True,True,43.73,61.45,95.54,Run_02369
4.0,0.05,30,2.0,True,False,46.81,56.72,88.19,Run_02370
4.0,0.05,30,2.0,False,True,46.03,82.54,128.33,Run_02371
4.0,0.05,30,2.0,False,False,47.86,74.18,115.32,Run_02372
4.0,0.05,30,3.0,True,True,43.29,59.63,92.71,Run_02373
4.0,0.05,30,3.0,True,False,46.44,55.27,85.93,Run_02374
4.0,0.05,30,3.0,False,True,46.03,82.54,128.33,Run_02375
4.0,0.05,30,3.0,False,False,47.86,74.18,115.32,Run_02376
4.0,0.05,40,1.0,True,True,43.95,62.54,98.42,Run_02377
4.0,0.05,40,1.0,True,False,46.94,58.91,92.70,Run_02378
4.0,0.05,40,1.0,False,True,45.95,82.54,128.32,Run_02379
4.0,0.05,40,1.0,False,False,47.70,76.00,118.15,Run_02380
4.0,0.05,40,2.0,True,True,43.66,61.09,96.13,Run_02381
4.0,0.05,40,2.0,True,False,46.73,57.09,89.84,Run_02382
4.0,0.05,40,2.0,False,True,45.95,82.54,128.32,Run_02383
4.0,0.05,40,2.0,False,False,47.70,76.00,118.15,Run_02384
4.0,0.05,40,3.0,True,True,43.29,58.91,92.70,Run_02385
4.0,0.05,40,3.0,True,False,46.33,55.27,86.98,Run_02386
4.0,0.05,40,3.0,False,True,45.95,82.54,128.32,Run_02387
4.0,0.05,40,3.0,False,False,47.70,76.00,118.15,Run_02388
4.0,0.05,50,1.0,True,True,43.96,62.18,97.85,Run_02389
4.0,0.05,50,1.0,True,False,46.82,59.63,93.84,Run_02390
4.0,0.05,50,1.0,False,True,45.97,82.54,128.32,Run_02391
4.0,0.05,50,1.0,False,False,47.58,77.82,120.97,Run_02392
4.0,0.05,50,2.0,True,True,43.68,61.09,96.13,Run_02393
4.0,0.05,50,2.0,True,False,46.59,58.54,92.13,Run_02394
4.0,0.05,50,2.0,False,True,45.97,82.54,128.32,Run_02395
4.0,0.05,50,2.0,False,False,47.58,77.82,120.97,Run_02396
4.0,0.05,50,3.0,True,True,43.26,58.91,92.70,Run_02397
4.0,0.05,50,3.0,True,False,46.24,56.72,89.27,Run_02398
4.0,0.05,50,3.0,False,True,45.97,82.54,128.32,Run_02399
4.0,0.05,50,3.0,False,False,47.58,77.82,120.97,Run_02400
4.0,0.05,60,1.0,True,True,43.95,62.18,97.85,Run_02401
4.0,0.05,60,1.0,True,False,46.85,59.27,93.27,Run_02402
4.0,0.05,60,1.0,False,True,45.95,82.54,128.32,Run_02403
4.0,0.05,60,1.0,False,False,47.61,77.45,120.41,Run_02404
4.0,0.05,60,2.0,True,True,43.68,61.09,96.13,Run_02405
4.0,0.05,60,2.0,True,False,46.59,58.54,92.13,Run_02406
4.0,0.05,60,2.0,False,True,45.95,82.54,128.32,Run_02407
4.0,0.05,60,2.0,False,False,47.61,77.45,120.41,Run_02408
4.0,0.05,60,3.0,True,True,43.26,58.91,92.70,Run_02409
4.0,0.05,60,3.0,True,False,46.21,56.36,88.69,Run_02410
4.0,0.05,60,3.0,False,True,45.95,82.54,128.32,Run_02411
4.0,0.05,60,3.0,False,False,47.61,77.45,120.41,Run_02412
4.0,0.05,70,1.0,True,True,43.95,62.18,97.85,Run_02413
4.0,0.05,70,1.0,True,False,46.70,59.27,93.27,Run_02414
4.0,0.05,70,1.0,False,True,45.95,82.54,128.32,Run_02415
4.0,0.05,70,1.0,False,False,47.42,77.09,119.84,Run_02416
4.0,0.05,70,2.0,True,True,43.67,61.09,96.13,Run_02417
4.0,0.05,70,2.0,True,False,46.44,58.54,92.13,Run_02418
4.0,0.05,70,2.0,False,True,45.95,82.54,128.32,Run_02419
4.0,0.05,70,2.0,False,False,47.42,77.09,119.84,Run_02420
4.0,0.05,70,3.0,True,True,43.26,58.91,92.70,Run_02421
4.0,0.05,70,3.0,True,False,46.03,56.36,88.69,Run_02422
4.0,0.05,70,3.0,False,True,45.95,82.54,128.32,Run_02423
4.0,0.05,70,3.0,False,False,47.42,77.09,119.84,Run_02424
4.0,0.05,80,1.0,True,True,43.95,62.18,97.85,Run_02425
4.0,0.05,80,1.0,True,False,46.67,60.00,94.42,Run_02426
4.0,0.05,80,1.0,False,True,45.95,82.54,128.32,Run_02427
4.0,0.05,80,1.0,False,False,47.41,77.82,120.97,Run_02428
4.0,0.05,80,2.0,True,True,43.67,61.09,96.13,Run_02429
4.0,0.05,80,2.0,True,False,46.41,59.27,93.27,Run_02430
4.0,0.05,80,2.0,False,True,45.95,82.54,128.32,Run_02431
4.0,0.05,80,2.0,False,False,47.41,77.82,120.97,Run_02432
4.0,0.05,80,3.0,True,True,43.26,58.91,92.70,Run_02433
4.0,0.05,80,3.0,True,False,46.00,57.09,89.84,Run_02434
4.0,0.05,80,3.0,False,True,45.95,82.54,128.32,Run_02435
4.0,0.05,80,3.0,False,False,47.41,77.82,120.97,Run_02436
4.0,0.1,20,1.0,True,True,43.56,64.36,101.28,Run_02437
4.0,0.1,20,1.0,True,False,44.36,45.45,71.53,Run_02438
4.0,0.1,20,1.0,False,True,45.67,82.91,130.47,Run_02439
4.0,0.1,20,1.0,False,False,45.21,60.00,94.42,Run_02440
4.0,0.1,20,2.0,True,True,43.38,62.18,97.85,Run_02441
4.0,0.1,20,2.0,True,False,44.40,43.63,68.67,Run_02442
4.0,0.1,20,2.0,False,True,45.67,82.91,130.47,Run_02443
4.0,0.1,20,2.0,False,False,45.21,60.00,94.42,Run_02444
4.0,0.1,20,3.0,True,True,43.05,59.63,93.84,Run_02445
4.0,0.1,20,3.0,True,False,44.16,40.73,64.09,Run_02446
4.0,0.1,20,3.0,False,True,45.67,82.91,130.47,Run_02447
4.0,0.1,20,3.0,False,False,45.21,60.00,94.42,Run_02448
4.0,0.1,30,1.0,True,True,43.60,64.36,101.28,Run_02449
4.0,0.1,30,1.0,True,False,45.30,47.63,74.96,Run_02450
4.0,0.1,30,1.0,False,True,45.65,82.54,129.89,Run_02451
4.0,0.1,30,1.0,False,False,46.03,61.82,97.28,Run_02452
4.0,0.1,30,2.0,True,True,43.42,62.18,97.85,Run_02453
4.0,0.1,30,2.0,True,False,45.26,45.82,72.10,Run_02454
4.0,0.1,30,2.0,False,True,45.65,82.54,129.89,Run_02455
4.0,0.1,30,2.0,False,False,46.03,61.82,97.28,Run_02456
4.0,0.1,30,3.0,True,True,42.93,60.00,94.42,Run_02457
4.0,0.1,30,3.0,True,False,45.07,43.63,68.67,Run_02458
4.0,0.1,30,3.0,False,True,45.65,82.54,129.89,Run_02459
4.0,0.1,30,3.0,False,False,46.03,61.82,97.28,Run_02460
4.0,0.1,40,1.0,True,True,43.72,63.27,99.57,Run_02461
4.0,0.1,40,1.0,True,False,46.23,47.63,74.96,Run_02462
4.0,0.1,40,1.0,False,True,45.73,82.54,129.89,Run_02463
4.0,0.1,40,1.0,False,False,46.89,61.45,96.70,Run_02464
4.0,0.1,40,2.0,True,True,43.43,61.82,97.28,Run_02465
4.0,0.1,40,2.0,True,False,46.08,46.54,73.24,Run_02466
4.0,0.1,40,2.0,False,True,45.73,82.54,129.89,Run_02467
4.0,0.1,40,2.0,False,False,46.89,61.45,96.70,Run_02468
4.0,0.1,40,3.0,True,True,42.95,59.63,93.84,Run_02469
4.0,0.1,40,3.0,True,False,45.79,45.45,71.53,Run_02470
4.0,0.1,40,3.0,False,True,45.73,82.54,129.89,Run_02471
4.0,0.1,40,3.0,False,False,46.89,61.45,96.70,Run_02472
4.0,0.1,50,1.0,True,True,43.77,63.63,100.14,Run_02473
4.0,0.1,50,1.0,True,False,46.82,48.00,75.53,Run_02474
4.0,0.1,50,1.0,False,True,45.76,82.54,129.89,Run_02475
4.0,0.1,50,1.0,False,False,47.47,61.82,97.28,Run_02476
4.0,0.1,50,2.0,True,True,43.46,61.82,97.28,Run_02477
4.0,0.1,50,2.0,True,False,46.68,46.91,73.82,Run_02478
4.0,0.1,50,2.0,False,True,45.76,82.54,129.89,Run_02479
4.0,0.1,50,2.0,False,False,47.47,61.82,97.28,Run_02480
4.0,0.1,50,3.0,True,True,42.99,59.63,93.84,Run_02481
4.0,0.1,50,3.0,True,False,46.33,45.82,72.10,Run_02482
4.0,0.1,50,3.0,False,True,45.76,82.54,129.89,Run_02483
4.0,0.1,50,3.0,False,False,47.47,61.82,97.28,Run_02484
4.0,0.1,60,1.0,True,True,43.82,63.63,100.14,Run_02485
4.0,0.1,60,1.0,True,False,47.33,50.18,78.97,Run_02486
4.0,0.1,60,1.0,False,True,45.78,82.54,129.89,Run_02487
4.0,0.1,60,1.0,False,False,47.96,63.63,100.14,Run_02488
4.0,0.1,60,2.0,True,True,43.55,61.82,97.28,Run_02489
4.0,0.1,60,2.0,True,False,47.17,49.09,77.25,Run_02490
4.0,0.1,60,2.0,False,True,45.78,82.54,129.89,Run_02491
4.0,0.1,60,2.0,False,False,47.96,63.63,100.14,Run_02492
4.0,0.1,60,3.0,True,True,43.11,59.63,93.84,Run_02493
4.0,0.1,60,3.0,True,False,46.58,47.63,74.96,Run_02494
4.0,0.1,60,3.0,False,True,45.78,82.54,129.89,Run_02495
4.0,0.1,60,3.0,False,False,47.96,63.63,100.14,Run_02496
4.0,0.1,70,1.0,True,True,43.76,63.63,100.14,Run_02497
4.0,0.1,70,1.0,True,False,47.50,51.63,81.25,Run_02498
4.0,0.1,70,1.0,False,True,45.70,82.54,129.89,Run_02499
4.0,0.1,70,1.0,False,False,48.15,65.09,102.43,Run_02500
4.0,0.1,70,2.0,True,True,43.47,61.82,97.28,Run_02501
4.0,0.1,70,2.0,True,False,47.24,50.91,80.11,Run_02502
4.0,0.1,70,2.0,False,True,45.70,82.54,129.89,Run_02503
4.0,0.1,70,2.0,False,False,48.15,65.09,102.43,Run_02504
4.0,0.1,70,3.0,True,True,43.02,59.63,93.84,Run_02505
4.0,0.1,70,3.0,True,False,46.61,48.73,76.68,Run_02506
4.0,0.1,70,3.0,False,True,45.70,82.54,129.89,Run_02507
4.0,0.1,70,3.0,False,False,48.15,65.09,102.43,Run_02508
4.0,0.1,80,1.0,True,True,43.85,63.27,99.57,Run_02509
4.0,0.1,80,1.0,True,False,47.93,52.73,82.97,Run_02510
4.0,0.1,80,1.0,False,True,45.78,82.18,129.32,Run_02511
4.0,0.1,80,1.0,False,False,48.57,66.54,104.72,Run_02512
4.0,0.1,80,2.0,True,True,43.60,61.45,96.70,Run_02513
4.0,0.1,80,2.0,True,False,47.71,52.00,81.83,Run_02514
4.0,0.1,80,2.0,False,True,45.78,82.18,129.32,Run_02515
4.0,0.1,80,2.0,False,False,48.57,66.54,104.72,Run_02516
4.0,0.1,80,3.0,True,True,43.14,59.27,93.27,Run_02517
4.0,0.1,80,3.0,True,False,47.04,49.82,78.39,Run_02518
4.0,0.1,80,3.0,False,True,45.78,82.18,129.32,Run_02519
4.0,0.1,80,3.0,False,False,48.57,66.54,104.72,Run_02520
4.0,0.2,20,1.0,True,True,43.21,64.36,101.28,Run_02521
4.0,0.2,20,1.0,True,False,37.67,26.54,41.77,Run_02522
4.0,0.2,20,1.0,False,True,45.88,82.18,129.32,Run_02523
4.0,0.2,20,1.0,False,False,38.25,32.36,50.93,Run_02524
4.0,0.2,20,2.0,True,True,42.94,62.18,97.85,Run_02525
4.0,0.2,20,2.0,True,False,37.83,25.45,40.06,Run_02526
4.0,0.2,20,2.0,False,True,45.88,82.18,129.32,Run_02527
4.0,0.2,20,2.0,False,False,38.25,32.36,50.93,Run_02528
4.0,0.2,20,3.0,True,True,42.61,59.63,93.84,Run_02529
4.0,0.2,20,3.0,True,False,38.04,24.73,38.91,Run_02530
4.0,0.2,20,3.0,False,True,45.88,82.18,129.32,Run_02531
4.0,0.2,20,3.0,False,False,38.25,32.36,50.93,Run_02532
4.0,0.2,30,1.0,True,True,43.31,64.72,101.85,Run_02533
4.0,0.2,30,1.0,True,False,38.74,31.27,49.21,Run_02534
4.0,0.2,30,1.0,False,True,45.95,82.54,129.89,Run_02535
4.0,0.2,30,1.0,False,False,40.16,38.54,60.65,Run_02536
4.0,0.2,30,2.0,True,True,43.09,62.54,98.42,Run_02537
4.0,0.2,30,2.0,True,False,39.18,30.18,47.49,Run_02538
4.0,0.2,30,2.0,False,True,45.95,82.54,129.89,Run_02539
4.0,0.2,30,2.0,False,False,40.16,38.54,60.65,Run_02540
4.0,0.2,30,3.0,True,True,42.78,60.00,94.42,Run_02541
4.0,0.2,30,3.0,True,False,39.43,28.00,44.06,Run_02542
4.0,0.2,30,3.0,False,True,45.95,82.54,129.89,Run_02543
4.0,0.2,30,3.0,False,False,40.16,38.54,60.65,Run_02544
4.0,0.2,40,1.0,True,True,43.33,64.72,101.85,Run_02545
4.0,0.2,40,1.0,True,False,39.72,34.18,53.79,Run_02546
4.0,0.2,40,1.0,False,True,45.90,82.18,129.32,Run_02547
4.0,0.2,40,1.0,False,False,41.24,40.36,63.52,Run_02548
4.0,0.2,40,2.0,True,True,43.05,62.91,98.99,Run_02549
4.0,0.2,40,2.0,True,False,39.66,34.18,53.79,Run_02550
4.0,0.2,40,2.0,False,True,45.90,82.18,129.32,Run_02551
4.0,0.2,40,2.0,False,False,41.24,40.36,63.52,Run_02552
4.0,0.2,40,3.0,True,True,42.79,60.00,94.42,Run_02553
4.0,0.2,40,3.0,True,False,39.78,32.36,50.93,Run_02554
4.0,0.2,40,3.0,False,True,45.90,82.18,129.32,Run_02555
4.0,0.2,40,3.0,False,False,41.24,40.36,63.52,Run_02556
4.0,0.2,50,1.0,True,True,43.39,65.09,102.43,Run_02557
4.0,0.2,50,1.0,True,False,40.69,36.73,57.79,Run_02558
4.0,0.2,50,1.0,False,True,45.91,82.18,129.32,Run_02559
4.0,0.2,50,1.0,False,False,42.08,43.27,68.09,Run_02560
4.0,0.2,50,2.0,True,True,43.13,63.27,99.57,Run_02561
4.0,0.2,50,2.0,True,False,40.59,36.73,57.79,Run_02562
4.0,0.2,50,2.0,False,True,45.91,82.18,129.32,Run_02563
4.0,0.2,50,2.0,False,False,42.08,43.27,68.09,Run_02564
4.0,0.2,50,3.0,True,True,42.86,60.36,94.99,Run_02565
4.0,0.2,50,3.0,True,False,40.63,34.91,54.93,Run_02566
4.0,0.2,50,3.0,False,True,45.91,82.18,129.32,Run_02567
4.0,0.2,50,3.0,False,False,42.08,43.27,68.09,Run_02568
4.0,0.2,60,1.0,True,True,43.26,65.09,102.43,Run_02569
4.0,0.2,60,1.0,True,False,41.80,38.54,60.65,Run_02570
4.0,0.2,60,1.0,False,True,45.79,82.54,129.89,Run_02571
4.0,0.2,60,1.0,False,False,43.04,45.45,71.53,Run_02572
4.0,0.2,60,2.0,True,True,43.14,63.63,100.14,Run_02573
4.0,0.2,60,2.0,True,False,41.72,38.54,60.65,Run_02574
4.0,0.2,60,2.0,False,True,45.79,82.54,129.89,Run_02575
4.0,0.2,60,2.0,False,False,43.04,45.45,71.53,Run_02576
4.0,0.2,60,3.0,True,True,42.75,60.00,94.42,Run_02577
4.0,0.2,60,3.0,True,False,41.64,36.00,56.65,Run_02578
4.0,0.2,60,3.0,False,True,45.79,82.54,129.89,Run_02579
4.0,0.2,60,3.0,False,False,43.04,45.45,71.53,Run_02580
4.0,0.2,70,1.0,True,True,43.30,64.72,101.85,Run_02581
4.0,0.2,70,1.0,True,False,42.39,40.00,62.94,Run_02582
4.0,0.2,70,1.0,False,True,45.84,82.91,130.47,Run_02583
4.0,0.2,70,1.0,False,False,43.60,48.36,76.10,Run_02584
4.0,0.2,70,2.0,True,True,43.17,63.27,99.57,Run_02585
4.0,0.2,70,2.0,True,False,42.32,40.00,62.94,Run_02586
4.0,0.2,70,2.0,False,True,45.84,82.91,130.47,Run_02587
4.0,0.2,70,2.0,False,False,43.60,48.36,76.10,Run_02588
4.0,0.2,70,3.0,True,True,42.79,60.00,94.42,Run_02589
4.0,0.2,70,3.0,True,False,42.17,37.82,59.51,Run_02590
4.0,0.2,70,3.0,False,True,45.84,82.91,130.47,Run_02591
4.0,0.2,70,3.0,False,False,43.60,48.36,76.10,Run_02592
4.0,0.2,80,1.0,True,True,43.33,64.72,101.85,Run_02593
4.0,0.2,80,1.0,True,False,42.79,41.09,64.66,Run_02594
4.0,0.2,80,1.0,False,True,45.84,82.91,130.47,Run_02595
4.0,0.2,80,1.0,False,False,44.05,49.82,78.39,Run_02596
4.0,0.2,80,2.0,True,True,43.16,63.27,99.57,Run_02597
4.0,0.2,80,2.0,True,False,42.72,40.36,63.52,Run_02598
4.0,0.2,80,2.0,False,True,45.84,82.91,130.47,Run_02599
4.0,0.2,80,2.0,False,False,44.05,49.82,78.39,Run_02600
4.0,0.2,80,3.0,True,True,42.76,60.00,94.42,Run_02601
4.0,0.2,80,3.0,True,False,42.61,38.91,61.23,Run_02602
4.0,0.2,80,3.0,False,True,45.84,82.91,130.47,Run_02603
4.0,0.2,80,3.0,False,False,44.05,49.82,78.39,Run_02604
4.0,0.3,20,1.0,True,True,42.96,64.00,100.71,Run_02605
4.0,0.3,20,1.0,True,False,32.90,20.73,32.62,Run_02606
4.0,0.3,20,1.0,False,True,45.73,80.00,125.89,Run_02607
4.0,0.3,20,1.0,False,False,33.72,24.36,38.34,Run_02608
4.0,0.3,20,2.0,True,True,42.75,61.82,97.28,Run_02609
4.0,0.3,20,2.0,True,False,32.94,19.27,30.33,Run_02610
4.0,0.3,20,2.0,False,True,45.73,80.00,125.89,Run_02611
4.0,0.3,20,2.0,False,False,33.72,24.36,38.34,Run_02612
4.0,0.3,20,3.0,True,True,42.41,59.27,93.27,Run_02613
4.0,0.3,20,3.0,True,False,33.22,18.91,29.76,Run_02614
4.0,0.3,20,3.0,False,True,45.73,80.00,125.89,Run_02615
4.0,0.3,20,3.0,False,False,33.72,24.36,38.34,Run_02616
4.0,0.3,30,1.0,True,True,43.05,64.72,101.85,Run_02617
4.0,0.3,30,1.0,True,False,34.35,24.73,38.91,Run_02618
4.0,0.3,30,1.0,False,True,45.78,80.36,126.46,Run_02619
4.0,0.3,30,1.0,False,False,35.17,31.64,49.78,Run_02620
4.0,0.3,30,2.0,True,True,42.81,62.54,98.42,Run_02621
4.0,0.3,30,2.0,True,False,34.32,23.27,36.62,Run_02622
4.0,0.3,30,2.0,False,True,45.78,80.36,126.46,Run_02623
4.0,0.3,30,2.0,False,False,35.17,31.64,49.78,Run_02624
4.0,0.3,30,3.0,True,True,42.53,60.00,94.42,Run_02625
4.0,0.3,30,3.0,True,False,34.53,22.54,35.48,Run_02626
4.0,0.3,30,3.0,False,True,45.78,80.36,126.46,Run_02627
4.0,0.3,30,3.0,False,False,35.17,31.64,49.78,Run_02628
4.0,0.3,40,1.0,True,True,43.13,64.36,101.28,Run_02629
4.0,0.3,40,1.0,True,False,35.35,24.73,38.91,Run_02630
4.0,0.3,40,1.0,False,True,45.85,80.00,125.89,Run_02631
4.0,0.3,40,1.0,False,False,36.10,31.27,49.21,Run_02632
4.0,0.3,40,2.0,True,True,42.89,62.54,98.42,Run_02633
4.0,0.3,40,2.0,True,False,35.35,24.36,38.34,Run_02634
4.0,0.3,40,2.0,False,True,45.85,80.00,125.89,Run_02635
4.0,0.3,40,2.0,False,False,36.10,31.27,49.21,Run_02636
4.0,0.3,40,3.0,True,True,42.59,60.00,94.42,Run_02637
4.0,0.3,40,3.0,True,False,35.57,22.91,36.05,Run_02638
4.0,0.3,40,3.0,False,True,45.85,80.00,125.89,Run_02639
4.0,0.3,40,3.0,False,False,36.10,31.27,49.21,Run_02640
4.0,0.3,50,1.0,True,True,43.16,64.72,101.85,Run_02641
4.0,0.3,50,1.0,True,False,36.04,28.00,44.06,Run_02642
4.0,0.3,50,1.0,False,True,45.86,80.00,125.89,Run_02643
4.0,0.3,50,1.0,False,False,36.85,32.73,51.50,Run_02644
4.0,0.3,50,2.0,True,True,42.94,62.91,98.99,Run_02645
4.0,0.3,50,2.0,True,False,36.07,27.27,42.92,Run_02646
4.0,0.3,50,2.0,False,True,45.86,80.00,125.89,Run_02647
4.0,0.3,50,2.0,False,False,36.85,32.73,51.50,Run_02648
4.0,0.3,50,3.0,True,True,42.69,60.00,94.42,Run_02649
4.0,0.3,50,3.0,True,False,36.28,25.82,40.63,Run_02650
4.0,0.3,50,3.0,False,True,45.86,80.00,125.89,Run_02651
4.0,0.3,50,3.0,False,False,36.85,32.73,51.50,Run_02652
4.0,0.3,60,1.0,True,True,43.17,64.72,101.85,Run_02653
4.0,0.3,60,1.0,True,False,36.82,28.73,45.21,Run_02654
4.0,0.3,60,1.0,False,True,45.88,80.36,126.46,Run_02655
4.0,0.3,60,1.0,False,False,37.53,33.09,52.07,Run_02656
4.0,0.3,60,2.0,True,True,42.92,62.91,98.99,Run_02657
4.0,0.3,60,2.0,True,False,36.85,28.36,44.63,Run_02658
4.0,0.3,60,2.0,False,True,45.88,80.36,126.46,Run_02659
4.0,0.3,60,2.0,False,False,37.53,33.09,52.07,Run_02660
4.0,0.3,60,3.0,True,True,42.68,60.00,94.42,Run_02661
4.0,0.3,60,3.0,True,False,37.02,27.27,42.92,Run_02662
4.0,0.3,60,3.0,False,True,45.88,80.36,126.46,Run_02663
4.0,0.3,60,3.0,False,False,37.53,33.09,52.07,Run_02664
4.0,0.3,70,1.0,True,True,43.14,64.72,101.85,Run_02665
4.0,0.3,70,1.0,True,False,37.27,29.09,45.78,Run_02666
4.0,0.3,70,1.0,False,True,45.85,80.36,126.46,Run_02667
4.0,0.3,70,1.0,False,False,37.93,33.45,52.64,Run_02668
4.0,0.3,70,2.0,True,True,42.89,62.91,98.99,Run_02669
4.0,0.3,70,2.0,True,False,37.31,29.09,45.78,Run_02670
4.0,0.3,70,2.0,False,True,45.85,80.36,126.46,Run_02671
4.0,0.3,70,2.0,False,False,37.93,33.45,52.64,Run_02672
4.0,0.3,70,3.0,True,True,42.74,60.00,94.42,Run_02673
4.0,0.3,70,3.0,True,False,37.62,28.36,44.63,Run_02674
4.0,0.3,70,3.0,False,True,45.85,80.36,126.46,Run_02675
4.0,0.3,70,3.0,False,False,37.93,33.45,52.64,Run_02676
4.0,0.3,80,1.0,True,True,43.09,64.72,101.85,Run_02677
4.0,0.3,80,1.0,True,False,37.63,30.91,48.64,Run_02678
4.0,0.3,80,1.0,False,True,45.79,80.36,126.46,Run_02679
4.0,0.3,80,1.0,False,False,38.24,35.27,55.50,Run_02680
4.0,0.3,80,2.0,True,True,42.84,62.91,98.99,Run_02681
4.0,0.3,80,2.0,True,False,37.66,30.91,48.64,Run_02682
4.0,0.3,80,2.0,False,True,45.79,80.36,126.46,Run_02683
4.0,0.3,80,2.0,False,False,38.24,35.27,55.50,Run_02684
4.0,0.3,80,3.0,True,True,42.64,60.00,94.42,Run_02685
4.0,0.3,80,3.0,True,False,37.92,30.18,47.49,Run_02686
4.0,0.3,80,3.0,False,True,45.79,80.36,126.46,Run_02687
4.0,0.3,80,3.0,False,False,38.24,35.27,55.50,Run_02688
4.0,0.4,20,1.0,True,True,42.86,63.63,100.14,Run_02689
4.0,0.4,20,1.0,True,False,30.83,18.18,28.60,Run_02690
4.0,0.4,20,1.0,False,True,45.65,79.27,124.74,Run_02691
4.0,0.4,20,1.0,False,False,31.58,21.45,33.75,Run_02692
4.0,0.4,20,2.0,True,True,42.60,61.82,97.28,Run_02693
4.0,0.4,20,2.0,True,False,30.96,17.45,27.46,Run_02694
4.0,0.4,20,2.0,False,True,45.65,79.27,124.74,Run_02695
4.0,0.4,20,2.0,False,False,31.58,21.45,33.75,Run_02696
4.0,0.4,20,3.0,True,True,42.32,59.27,93.27,Run_02697
4.0,0.4,20,3.0,True,False,31.12,16.73,26.32,Run_02698
4.0,0.4,20,3.0,False,True,45.65,79.27,124.74,Run_02699
4.0,0.4,20,3.0,False,False,31.58,21.45,33.75,Run_02700
4.0,0.4,30,1.0,True,True,42.86,63.63,100.14,Run_02701
4.0,0.4,30,1.0,True,False,31.78,19.27,30.33,Run_02702
4.0,0.4,30,1.0,False,True,45.61,78.54,123.60,Run_02703
4.0,0.4,30,1.0,False,False,32.54,23.27,36.62,Run_02704
4.0,0.4,30,2.0,True,True,42.59,61.82,97.28,Run_02705
4.0,0.4,30,2.0,True,False,31.86,18.91,29.76,Run_02706
4.0,0.4,30,2.0,False,True,45.61,78.54,123.60,Run_02707
4.0,0.4,30,2.0,False,False,32.54,23.27,36.62,Run_02708
4.0,0.4,30,3.0,True,True,42.35,59.27,93.27,Run_02709
4.0,0.4,30,3.0,True,False,31.92,17.82,28.04,Run_02710
4.0,0.4,30,3.0,False,True,45.61,78.54,123.60,Run_02711
4.0,0.4,30,3.0,False,False,32.54,23.27,36.62,Run_02712
4.0,0.4,40,1.0,True,True,42.93,64.36,101.28,Run_02713
4.0,0.4,40,1.0,True,False,32.77,21.45,33.76,Run_02714
4.0,0.4,40,1.0,False,True,45.66,80.36,126.46,Run_02715
4.0,0.4,40,1.0,False,False,33.43,26.91,42.34,Run_02716
4.0,0.4,40,2.0,True,True,42.69,62.18,97.85,Run_02717
4.0,0.4,40,2.0,True,False,32.75,21.45,33.76,Run_02718
4.0,0.4,40,2.0,False,True,45.66,80.36,126.46,Run_02719
4.0,0.4,40,2.0,False,False,33.43,26.91,42.34,Run_02720
4.0,0.4,40,3.0,True,True,42.33,60.00,94.42,Run_02721
4.0,0.4,40,3.0,True,False,32.81,20.73,32.62,Run_02722
4.0,0.4,40,3.0,False,True,45.66,80.36,126.46,Run_02723
4.0,0.4,40,3.0,False,False,33.43,26.91,42.34,Run_02724
4.0,0.4,50,1.0,True,True,42.94,64.36,101.28,Run_02725
4.0,0.4,50,1.0,True,False,33.09,23.64,37.19,Run_02726
4.0,0.4,50,1.0,False,True,45.70,80.00,125.89,Run_02727
4.0,0.4,50,1.0,False,False,33.68,27.64,43.49,Run_02728
4.0,0.4,50,2.0,True,True,42.69,62.18,97.85,Run_02729
4.0,0.4,50,2.0,True,False,33.05,23.27,36.62,Run_02730
4.0,0.4,50,2.0,False,True,45.70,80.00,125.89,Run_02731
4.0,0.4,50,2.0,False,False,33.68,27.64,43.49,Run_02732
4.0,0.4,50,3.0,True,True,42.37,60.00,94.42,Run_02733
4.0,0.4,50,3.0,True,False,33.01,22.54,35.48,Run_02734
4.0,0.4,50,3.0,False,True,45.70,80.00,125.89,Run_02735
4.0,0.4,50,3.0,False,False,33.68,27.64,43.49,Run_02736
4.0,0.4,60,1.0,True,True,42.92,64.00,100.71,Run_02737
4.0,0.4,60,1.0,True,False,33.37,23.27,36.62,Run_02738
4.0,0.4,60,1.0,False,True,45.65,79.63,125.32,Run_02739
4.0,0.4,60,1.0,False,False,33.89,27.64,43.49,Run_02740
4.0,0.4,60,2.0,True,True,42.71,62.18,97.85,Run_02741
4.0,0.4,60,2.0,True,False,33.37,22.91,36.05,Run_02742
4.0,0.4,60,2.0,False,True,45.65,79.63,125.32,Run_02743
4.0,0.4,60,2.0,False,False,33.89,27.64,43.49,Run_02744
4.0,0.4,60,3.0,True,True,42.43,59.63,93.84,Run_02745
4.0,0.4,60,3.0,True,False,33.36,22.54,35.48,Run_02746
4.0,0.4,60,3.0,False,True,45.65,79.63,125.32,Run_02747
4.0,0.4,60,3.0,False,False,33.89,27.64,43.49,Run_02748
4.0,0.4,70,1.0,True,True,42.95,64.72,101.85,Run_02749
4.0,0.4,70,1.0,True,False,34.01,24.36,38.34,Run_02750
4.0,0.4,70,1.0,False,True,45.69,80.72,127.03,Run_02751
4.0,0.4,70,1.0,False,False,34.48,28.36,44.63,Run_02752
4.0,0.4,70,2.0,True,True,42.68,62.91,98.99,Run_02753
4.0,0.4,70,2.0,True,False,34.04,24.00,37.77,Run_02754
4.0,0.4,70,2.0,False,True,45.69,80.72,127.03,Run_02755
4.0,0.4,70,2.0,False,False,34.48,28.36,44.63,Run_02756
4.0,0.4,70,3.0,True,True,42.40,60.00,94.42,Run_02757
4.0,0.4,70,3.0,True,False,34.09,23.27,36.62,Run_02758
4.0,0.4,70,3.0,False,True,45.69,80.72,127.03,Run_02759
4.0,0.4,70,3.0,False,False,34.48,28.36,44.63,Run_02760
4.0,0.4,80,1.0,True,True,42.91,64.72,101.85,Run_02761
4.0,0.4,80,1.0,True,False,34.44,26.18,41.20,Run_02762
4.0,0.4,80,1.0,False,True,45.65,80.72,127.03,Run_02763
4.0,0.4,80,1.0,False,False,34.90,30.18,47.49,Run_02764
4.0,0.4,80,2.0,True,True,42.68,62.91,98.99,Run_02765
4.0,0.4,80,2.0,True,False,34.47,25.82,40.63,Run_02766
4.0,0.4,80,2.0,False,True,45.65,80.72,127.03,Run_02767
4.0,0.4,80,2.0,False,False,34.90,30.18,47.49,Run_02768
4.0,0.4,80,3.0,True,True,42.40,60.00,94.42,Run_02769
4.0,0.4,80,3.0,True,False,34.57,24.73,38.91,Run_02770
4.0,0.4,80,3.0,False,True,45.65,80.72,127.03,Run_02771
4.0,0.4,80,3.0,False,False,34.90,30.18,47.49,Run_02772
4.0,0.5,20,1.0,True,True,42.79,63.63,100.14,Run_02773
4.0,0.5,20,1.0,True,False,30.17,16.73,26.32,Run_02774
4.0,0.5,20,1.0,False,True,45.59,79.27,124.74,Run_02775
4.0,0.5,20,1.0,False,False,30.83,20.36,32.04,Run_02776
4.0,0.5,20,2.0,True,True,42.56,61.82,97.28,Run_02777
4.0,0.5,20,2.0,True,False,30.32,15.64,24.60,Run_02778
4.0,0.5,20,2.0,False,True,45.59,79.27,124.74,Run_02779
4.0,0.5,20,2.0,False,False,30.83,20.36,32.04,Run_02780
4.0,0.5,20,3.0,True,True,42.29,59.27,93.27,Run_02781
4.0,0.5,20,3.0,True,False,30.43,15.64,24.60,Run_02782
4.0,0.5,20,3.0,False,True,45.59,79.27,124.74,Run_02783
4.0,0.5,20,3.0,False,False,30.83,20.36,32.04,Run_02784
4.0,0.5,30,1.0,True,True,42.76,63.27,99.57,Run_02785
4.0,0.5,30,1.0,True,False,30.91,17.09,26.89,Run_02786
4.0,0.5,30,1.0,False,True,45.54,78.91,124.17,Run_02787
4.0,0.5,30,1.0,False,False,31.52,20.00,31.47,Run_02788
4.0,0.5,30,2.0,True,True,42.50,61.45,96.70,Run_02789
4.0,0.5,30,2.0,True,False,30.95,16.73,26.32,Run_02790
4.0,0.5,30,2.0,False,True,45.54,78.91,124.17,Run_02791
4.0,0.5,30,2.0,False,False,31.52,20.00,31.47,Run_02792
4.0,0.5,30,3.0,True,True,42.25,58.91,92.70,Run_02793
4.0,0.5,30,3.0,True,False,31.01,16.00,25.18,Run_02794
4.0,0.5,30,3.0,False,True,45.54,78.91,124.17,Run_02795
4.0,0.5,30,3.0,False,False,31.52,20.00,31.47,Run_02796
4.0,0.5,40,1.0,True,True,42.81,63.63,100.14,Run_02797
4.0,0.5,40,1.0,True,False,31.51,18.18,28.61,Run_02798
4.0,0.5,40,1.0,False,True,45.55,79.27,124.74,Run_02799
4.0,0.5,40,1.0,False,False,32.23,22.91,36.05,Run_02800
4.0,0.5,40,2.0,True,True,42.57,61.82,97.28,Run_02801
4.0,0.5,40,2.0,True,False,31.49,18.18,28.61,Run_02802
4.0,0.5,40,2.0,False,True,45.55,79.27,124.74,Run_02803
4.0,0.5,40,2.0,False,False,32.23,22.91,36.05,Run_02804
4.0,0.5,40,3.0,True,True,42.23,59.27,93.27,Run_02805
4.0,0.5,40,3.0,True,False,31.51,17.45,27.47,Run_02806
4.0,0.5,40,3.0,False,True,45.55,79.27,124.74,Run_02807
4.0,0.5,40,3.0,False,False,32.23,22.91,36.05,Run_02808
4.0,0.5,50,1.0,True,True,42.79,64.00,100.71,Run_02809
4.0,0.5,50,1.0,True,False,32.20,21.09,33.19,Run_02810
4.0,0.5,50,1.0,False,True,45.56,79.63,125.32,Run_02811
4.0,0.5,50,1.0,False,False,32.70,24.00,37.77,Run_02812
4.0,0.5,50,2.0,True,True,42.57,61.82,97.28,Run_02813
4.0,0.5,50,2.0,True,False,32.16,20.36,32.04,Run_02814
4.0,0.5,50,2.0,False,True,45.56,79.63,125.32,Run_02815
4.0,0.5,50,2.0,False,False,32.70,24.00,37.77,Run_02816
4.0,0.5,50,3.0,True,True,42.23,59.63,93.84,Run_02817
4.0,0.5,50,3.0,True,False,32.14,19.64,30.90,Run_02818
4.0,0.5,50,3.0,False,True,45.56,79.63,125.32,Run_02819
4.0,0.5,50,3.0,False,False,32.70,24.00,37.77,Run_02820
4.0,0.5,60,1.0,True,True,42.80,63.63,100.14,Run_02821
4.0,0.5,60,1.0,True,False,32.47,21.45,33.76,Run_02822
4.0,0.5,60,1.0,False,True,45.56,78.91,124.17,Run_02823
4.0,0.5,60,1.0,False,False,32.94,25.09,39.48,Run_02824
4.0,0.5,60,2.0,True,True,42.60,61.82,97.28,Run_02825
4.0,0.5,60,2.0,True,False,32.46,21.45,33.76,Run_02826
4.0,0.5,60,2.0,False,True,45.56,78.91,124.17,Run_02827
4.0,0.5,60,2.0,False,False,32.94,25.09,39.48,Run_02828
4.0,0.5,60,3.0,True,True,42.27,59.27,93.27,Run_02829
4.0,0.5,60,3.0,True,False,32.47,21.09,33.19,Run_02830
4.0,0.5,60,3.0,False,True,45.56,78.91,124.17,Run_02831
4.0,0.5,60,3.0,False,False,32.94,25.09,39.48,Run_02832
4.0,0.5,70,1.0,True,True,42.75,64.36,101.28,Run_02833
4.0,0.5,70,1.0,True,False,32.72,22.18,34.91,Run_02834
4.0,0.5,70,1.0,False,True,45.50,80.36,126.46,Run_02835
4.0,0.5,70,1.0,False,False,33.16,26.18,41.20,Run_02836
4.0,0.5,70,2.0,True,True,42.53,62.54,98.42,Run_02837
4.0,0.5,70,2.0,True,False,32.72,22.18,34.91,Run_02838
4.0,0.5,70,2.0,False,True,45.50,80.36,126.46,Run_02839
4.0,0.5,70,2.0,False,False,33.16,26.18,41.20,Run_02840
4.0,0.5,70,3.0,True,True,42.22,59.63,93.84,Run_02841
4.0,0.5,70,3.0,True,False,32.72,21.82,34.33,Run_02842
4.0,0.5,70,3.0,False,True,45.50,80.36,126.46,Run_02843
4.0,0.5,70,3.0,False,False,33.16,26.18,41.20,Run_02844
4.0,0.5,80,1.0,True,True,42.70,64.72,101.85,Run_02845
4.0,0.5,80,1.0,True,False,32.84,23.27,36.62,Run_02846
4.0,0.5,80,1.0,False,True,45.45,80.72,127.03,Run_02847
4.0,0.5,80,1.0,False,False,33.39,27.27,42.92,Run_02848
4.0,0.5,80,2.0,True,True,42.50,62.91,98.99,Run_02849
4.0,0.5,80,2.0,True,False,32.82,23.27,36.62,Run_02850
4.0,0.5,80,2.0,False,True,45.45,80.72,127.03,Run_02851
4.0,0.5,80,2.0,False,False,33.39,27.27,42.92,Run_02852
4.0,0.5,80,3.0,True,True,42.22,60.00,94.42,Run_02853
4.0,0.5,80,3.0,True,False,32.85,22.91,36.05,Run_02854
4.0,0.5,80,3.0,False,True,45.45,80.72,127.03,Run_02855
4.0,0.5,80,3.0,False,False,33.39,27.27,42.92,Run_02856
4.0,0.6,20,1.0,True,True,42.76,63.27,99.57,Run_02857
4.0,0.6,20,1.0,True,False,29.97,16.00,25.17,Run_02858
4.0,0.6,20,1.0,False,True,45.57,79.27,124.74,Run_02859
4.0,0.6,20,1.0,False,False,30.56,19.64,30.89,Run_02860
4.0,0.6,20,2.0,True,True,42.54,61.45,96.70,Run_02861
4.0,0.6,20,2.0,True,False,30.04,15.64,24.60,Run_02862
4.0,0.6,20,2.0,False,True,45.57,79.27,124.74,Run_02863
4.0,0.6,20,2.0,False,False,30.56,19.64,30.89,Run_02864
4.0,0.6,20,3.0,True,True,42.27,58.91,92.70,Run_02865
4.0,0.6,20,3.0,True,False,30.02,14.54,22.88,Run_02866
4.0,0.6,20,3.0,False,True,45.57,79.27,124.74,Run_02867
4.0,0.6,20,3.0,False,False,30.56,19.64,30.89,Run_02868
4.0,0.6,30,1.0,True,True,42.74,63.63,100.14,Run_02869
4.0,0.6,30,1.0,True,False,30.70,16.36,25.75,Run_02870
4.0,0.6,30,1.0,False,True,45.52,78.91,124.17,Run_02871
4.0,0.6,30,1.0,False,False,31.37,18.54,29.18,Run_02872
4.0,0.6,30,2.0,True,True,42.48,61.82,97.28,Run_02873
4.0,0.6,30,2.0,True,False,30.77,16.00,25.18,Run_02874
4.0,0.6,30,2.0,False,True,45.52,78.91,124.17,Run_02875
4.0,0.6,30,2.0,False,False,31.37,18.54,29.18,Run_02876
4.0,0.6,30,3.0,True,True,42.22,59.27,93.27,Run_02877
4.0,0.6,30,3.0,True,False,30.83,15.64,24.61,Run_02878
4.0,0.6,30,3.0,False,True,45.52,78.91,124.17,Run_02879
4.0,0.6,30,3.0,False,False,31.37,18.54,29.18,Run_02880
4.0,0.6,40,1.0,True,True,42.73,63.63,100.14,Run_02881
4.0,0.6,40,1.0,True,False,31.14,18.18,28.61,Run_02882
4.0,0.6,40,1.0,False,True,45.46,79.27,124.74,Run_02883
4.0,0.6,40,1.0,False,False,31.82,22.18,34.91,Run_02884
4.0,0.6,40,2.0,True,True,42.49,61.82,97.28,Run_02885
4.0,0.6,40,2.0,True,False,31.13,18.18,28.61,Run_02886
4.0,0.6,40,2.0,False,True,45.46,79.27,124.74,Run_02887
4.0,0.6,40,2.0,False,False,31.82,22.18,34.91,Run_02888
4.0,0.6,40,3.0,True,True,42.16,59.27,93.27,Run_02889
4.0,0.6,40,3.0,True,False,31.15,17.45,27.47,Run_02890
4.0,0.6,40,3.0,False,True,45.46,79.27,124.74,Run_02891
4.0,0.6,40,3.0,False,False,31.82,22.18,34.91,Run_02892
4.0,0.6,50,1.0,True,True,42.75,64.00,100.71,Run_02893
4.0,0.6,50,1.0,True,False,31.78,20.36,32.04,Run_02894
4.0,0.6,50,1.0,False,True,45.51,79.63,125.32,Run_02895
4.0,0.6,50,1.0,False,False,32.28,23.27,36.62,Run_02896
4.0,0.6,50,2.0,True,True,42.51,61.82,97.28,Run_02897
4.0,0.6,50,2.0,True,False,31.75,19.64,30.90,Run_02898
4.0,0.6,50,2.0,False,True,45.51,79.63,125.32,Run_02899
4.0,0.6,50,2.0,False,False,32.28,23.27,36.62,Run_02900
4.0,0.6,50,3.0,True,True,42.18,59.63,93.84,Run_02901
4.0,0.6,50,3.0,True,False,31.76,19.27,30.33,Run_02902
4.0,0.6,50,3.0,False,True,45.51,79.63,125.32,Run_02903
4.0,0.6,50,3.0,False,False,32.28,23.27,36.62,Run_02904
4.0,0.6,60,1.0,True,True,42.75,63.63,100.14,Run_02905
4.0,0.6,60,1.0,True,False,32.02,20.36,32.04,Run_02906
4.0,0.6,60,1.0,False,True,45.50,78.91,124.17,Run_02907
4.0,0.6,60,1.0,False,False,32.48,24.00,37.77,Run_02908
4.0,0.6,60,2.0,True,True,42.51,61.82,97.28,Run_02909
4.0,0.6,60,2.0,True,False,32.00,20.36,32.04,Run_02910
4.0,0.6,60,2.0,False,True,45.50,78.91,124.17,Run_02911
4.0,0.6,60,2.0,False,False,32.48,24.00,37.77,Run_02912
4.0,0.6,60,3.0,True,True,42.21,59.27,93.27,Run_02913
4.0,0.6,60,3.0,True,False,32.01,19.64,30.90,Run_02914
4.0,0.6,60,3.0,False,True,45.50,78.91,124.17,Run_02915
4.0,0.6,60,3.0,False,False,32.48,24.00,37.77,Run_02916
4.0,0.6,70,1.0,True,True,42.75,64.00,100.71,Run_02917
4.0,0.6,70,1.0,True,False,32.54,20.36,32.04,Run_02918
4.0,0.6,70,1.0,False,True,45.51,80.00,125.89,Run_02919
4.0,0.6,70,1.0,False,False,32.98,24.36,38.34,Run_02920
4.0,0.6,70,2.0,True,True,42.51,62.18,97.85,Run_02921
4.0,0.6,70,2.0,True,False,32.54,20.36,32.04,Run_02922
4.0,0.6,70,2.0,False,True,45.51,80.00,125.89,Run_02923
4.0,0.6,70,2.0,False,False,32.98,24.36,38.34,Run_02924
4.0,0.6,70,3.0,True,True,42.22,59.63,93.84,Run_02925
4.0,0.6,70,3.0,True,False,32.54,20.00,31.47,Run_02926
4.0,0.6,70,3.0,False,True,45.51,80.00,125.89,Run_02927
4.0,0.6,70,3.0,False,False,32.98,24.36,38.34,Run_02928
4.0,0.6,80,1.0,True,True,42.70,64.36,101.28,Run_02929
4.0,0.6,80,1.0,True,False,32.76,21.82,34.33,Run_02930
4.0,0.6,80,1.0,False,True,45.46,80.36,126.46,Run_02931
4.0,0.6,80,1.0,False,False,33.18,25.82,40.63,Run_02932
4.0,0.6,80,2.0,True,True,42.51,62.54,98.42,Run_02933
4.0,0.6,80,2.0,True,False,32.76,21.82,34.33,Run_02934
4.0,0.6,80,2.0,False,True,45.46,80.36,126.46,Run_02935
4.0,0.6,80,2.0,False,False,33.18,25.82,40.63,Run_02936
4.0,0.6,80,3.0,True,True,42.24,59.63,93.84,Run_02937
4.0,0.6,80,3.0,True,False,32.76,21.45,33.76,Run_02938
4.0,0.6,80,3.0,False,True,45.46,80.36,126.46,Run_02939
4.0,0.6,80,3.0,False,False,33.18,25.82,40.63,Run_02940
5.0,0.05,20,1.0,True,True,44.28,57.45,90.40,Run_02941
5.0,0.05,20,1.0,True,False,47.35,54.54,85.83,Run_02942
5.0,0.05,20,1.0,False,True,46.14,73.45,115.58,Run_02943
5.0,0.05,20,1.0,False,False,48.01,67.63,106.43,Run_02944
5.0,0.05,20,2.0,True,True,44.16,53.82,84.68,Run_02945
5.0,0.05,20,2.0,True,False,47.27,49.09,77.24,Run_02946
5.0,0.05,20,2.0,False,True,46.14,73.45,115.58,Run_02947
5.0,0.05,20,2.0,False,False,48.01,67.63,106.43,Run_02948
5.0,0.05,20,3.0,True,True,43.64,53.09,83.54,Run_02949
5.0,0.05,20,3.0,True,False,46.82,48.00,75.53,Run_02950
5.0,0.05,20,3.0,False,True,46.14,73.45,115.58,Run_02951
5.0,0.05,20,3.0,False,False,48.01,67.63,106.43,Run_02952
5.0,0.05,30,1.0,True,True,44.32,56.72,89.26,Run_02953
5.0,0.05,30,1.0,True,False,47.34,53.09,83.54,Run_02954
5.0,0.05,30,1.0,False,True,46.18,72.00,113.29,Run_02955
5.0,0.05,30,1.0,False,False,47.99,65.45,102.99,Run_02956
5.0,0.05,30,2.0,True,True,44.15,53.09,83.54,Run_02957
5.0,0.05,30,2.0,True,False,47.27,49.09,77.24,Run_02958
5.0,0.05,30,2.0,False,True,46.18,72.00,113.29,Run_02959
5.0,0.05,30,2.0,False,False,47.99,65.45,102.99,Run_02960
5.0,0.05,30,3.0,True,True,43.71,52.36,82.39,Run_02961
5.0,0.05,30,3.0,True,False,46.83,48.36,76.10,Run_02962
5.0,0.05,30,3.0,False,True,46.18,72.00,113.29,Run_02963
5.0,0.05,30,3.0,False,False,47.99,65.45,102.99,Run_02964
5.0,0.05,40,1.0,True,True,44.29,56.36,88.69,Run_02965
5.0,0.05,40,1.0,True,False,47.27,52.73,82.97,Run_02966
5.0,0.05,40,1.0,False,True,46.15,72.36,112.49,Run_02967
5.0,0.05,40,1.0,False,False,47.90,66.91,104.01,Run_02968
5.0,0.05,40,2.0,True,True,44.15,53.09,83.54,Run_02969
5.0,0.05,40,2.0,True,False,47.16,49.09,77.24,Run_02970
5.0,0.05,40,2.0,False,True,46.15,72.36,112.49,Run_02971
5.0,0.05,40,2.0,False,False,47.90,66.91,104.01,Run_02972
5.0,0.05,40,3.0,True,True,43.72,51.63,81.25,Run_02973
5.0,0.05,40,3.0,True,False,46.77,47.63,74.96,Run_02974
5.0,0.05,40,3.0,False,True,46.15,72.36,112.49,Run_02975
5.0,0.05,40,3.0,False,False,47.90,66.91,104.01,Run_02976
5.0,0.05,50,1.0,True,True,44.29,56.36,88.69,Run_02977
5.0,0.05,50,1.0,True,False,47.08,53.45,84.11,Run_02978
5.0,0.05,50,1.0,False,True,46.16,72.00,111.92,Run_02979
5.0,0.05,50,1.0,False,False,47.68,66.91,104.01,Run_02980
5.0,0.05,50,2.0,True,True,44.14,53.09,83.54,Run_02981
5.0,0.05,50,2.0,True,False,46.97,50.54,79.53,Run_02982
5.0,0.05,50,2.0,False,True,46.16,72.00,111.92,Run_02983
5.0,0.05,50,2.0,False,False,47.68,66.91,104.01,Run_02984
5.0,0.05,50,3.0,True,True,43.72,51.63,81.25,Run_02985
5.0,0.05,50,3.0,True,False,46.61,49.09,77.24,Run_02986
5.0,0.05,50,3.0,False,True,46.16,72.00,111.92,Run_02987
5.0,0.05,50,3.0,False,False,47.68,66.91,104.01,Run_02988
5.0,0.05,60,1.0,True,True,44.26,56.36,88.69,Run_02989
5.0,0.05,60,1.0,True,False,47.15,53.45,84.11,Run_02990
5.0,0.05,60,1.0,False,True,46.14,72.00,111.92,Run_02991
5.0,0.05,60,1.0,False,False,47.79,67.63,105.14,Run_02992
5.0,0.05,60,2.0,True,True,44.12,53.09,83.54,Run_02993
5.0,0.05,60,2.0,True,False,47.02,50.18,78.96,Run_02994
5.0,0.05,60,2.0,False,True,46.14,72.00,111.92,Run_02995
5.0,0.05,60,2.0,False,False,47.79,67.63,105.14,Run_02996
5.0,0.05,60,3.0,True,True,43.70,51.63,81.25,Run_02997
5.0,0.05,60,3.0,True,False,46.68,48.73,76.67,Run_02998
5.0,0.05,60,3.0,False,True,46.14,72.00,111.92,Run_02999
5.0,0.05,60,3.0,False,False,47.79,67.63,105.14,Run_03000
5.0,0.05,70,1.0,True,True,44.27,56.36,88.69,Run_03001
5.0,0.05,70,1.0,True,False,47.01,53.45,84.11,Run_03002
5.0,0.05,70,1.0,False,True,46.14,72.00,111.92,Run_03003
5.0,0.05,70,1.0,False,False,47.62,67.27,104.57,Run_03004
5.0,0.05,70,2.0,True,True,44.12,53.09,83.54,Run_03005
5.0,0.05,70,2.0,True,False,46.86,50.18,78.96,Run_03006
5.0,0.05,70,2.0,False,True,46.14,72.00,111.92,Run_03007
5.0,0.05,70,2.0,False,False,47.62,67.27,104.57,Run_03008
5.0,0.05,70,3.0,True,True,43.70,51.63,81.25,Run_03009
5.0,0.05,70,3.0,True,False,46.50,48.73,76.67,Run_03010
5.0,0.05,70,3.0,False,True,46.14,72.00,111.92,Run_03011
5.0,0.05,70,3.0,False,False,47.62,67.27,104.57,Run_03012
5.0,0.05,80,1.0,True,True,44.28,56.36,88.69,Run_03013
5.0,0.05,80,1.0,True,False,46.96,54.54,85.83,Run_03014
5.0,0.05,80,1.0,False,True,46.15,72.00,111.92,Run_03015
5.0,0.05,80,1.0,False,False,47.59,68.36,106.27,Run_03016
5.0,0.05,80,2.0,True,True,44.11,53.09,83.54,Run_03017
5.0,0.05,80,2.0,True,False,46.80,51.27,80.68,Run_03018
5.0,0.05,80,2.0,False,True,46.15,72.00,111.92,Run_03019
5.0,0.05,80,2.0,False,False,47.59,68.36,106.27,Run_03020
5.0,0.05,80,3.0,True,True,43.73,51.63,81.25,Run_03021
5.0,0.05,80,3.0,True,False,46.42,49.82,78.39,Run_03022
5.0,0.05,80,3.0,False,True,46.15,72.00,111.92,Run_03023
5.0,0.05,80,3.0,False,False,47.59,68.36,106.27,Run_03024
5.0,0.1,20,1.0,True,True,43.90,56.72,89.26,Run_03025
5.0,0.1,20,1.0,True,False,44.45,42.18,66.37,Run_03026
5.0,0.1,20,1.0,False,True,45.90,72.72,114.44,Run_03027
5.0,0.1,20,1.0,False,False,45.09,53.82,84.68,Run_03028
5.0,0.1,20,2.0,True,True,43.78,53.09,83.54,Run_03029
5.0,0.1,20,2.0,True,False,44.41,39.27,61.80,Run_03030
5.0,0.1,20,2.0,False,True,45.90,72.72,114.44,Run_03031
5.0,0.1,20,2.0,False,False,45.09,53.82,84.68,Run_03032
5.0,0.1,20,3.0,True,True,43.40,51.63,81.25,Run_03033
5.0,0.1,20,3.0,True,False,44.18,38.91,61.22,Run_03034
5.0,0.1,20,3.0,False,True,45.90,72.72,114.44,Run_03035
5.0,0.1,20,3.0,False,False,45.09,53.82,84.68,Run_03036
5.0,0.1,30,1.0,True,True,43.92,57.82,90.98,Run_03037
5.0,0.1,30,1.0,True,False,45.33,44.73,70.38,Run_03038
5.0,0.1,30,1.0,False,True,45.81,73.82,116.15,Run_03039
5.0,0.1,30,1.0,False,False,45.87,57.09,89.83,Run_03040
5.0,0.1,30,2.0,True,True,43.81,54.18,85.25,Run_03041
5.0,0.1,30,2.0,True,False,45.40,41.45,65.23,Run_03042
5.0,0.1,30,2.0,False,True,45.81,73.82,116.15,Run_03043
5.0,0.1,30,2.0,False,False,45.87,57.09,89.83,Run_03044
5.0,0.1,30,3.0,True,True,43.45,52.36,82.39,Run_03045
5.0,0.1,30,3.0,True,False,45.28,40.73,64.08,Run_03046
5.0,0.1,30,3.0,False,True,45.81,73.82,116.15,Run_03047
5.0,0.1,30,3.0,False,False,45.87,57.09,89.83,Run_03048
5.0,0.1,40,1.0,True,True,43.98,57.09,89.83,Run_03049
5.0,0.1,40,1.0,True,False,46.28,45.82,72.09,Run_03050
5.0,0.1,40,1.0,False,True,45.86,73.09,115.01,Run_03051
5.0,0.1,40,1.0,False,False,46.81,57.09,89.83,Run_03052
5.0,0.1,40,2.0,True,True,43.87,53.45,84.11,Run_03053
5.0,0.1,40,2.0,True,False,46.22,42.54,66.94,Run_03054
5.0,0.1,40,2.0,False,True,45.86,73.09,115.01,Run_03055
5.0,0.1,40,2.0,False,False,46.81,57.09,89.83,Run_03056
5.0,0.1,40,3.0,True,True,43.43,52.36,82.39,Run_03057
5.0,0.1,40,3.0,True,False,46.07,41.82,65.80,Run_03058
5.0,0.1,40,3.0,False,True,45.86,73.09,115.01,Run_03059
5.0,0.1,40,3.0,False,False,46.81,57.09,89.83,Run_03060
5.0,0.1,50,1.0,True,True,44.06,56.72,89.26,Run_03061
5.0,0.1,50,1.0,True,False,46.79,45.45,71.52,Run_03062
5.0,0.1,50,1.0,False,True,45.92,72.72,114.44,Run_03063
5.0,0.1,50,1.0,False,False,47.34,56.72,89.26,Run_03064
5.0,0.1,50,2.0,True,True,43.99,52.73,82.97,Run_03065
5.0,0.1,50,2.0,True,False,46.67,41.45,65.23,Run_03066
5.0,0.1,50,2.0,False,True,45.92,72.72,114.44,Run_03067
5.0,0.1,50,2.0,False,False,47.34,56.72,89.26,Run_03068
5.0,0.1,50,3.0,True,True,43.56,51.63,81.25,Run_03069
5.0,0.1,50,3.0,True,False,46.49,40.73,64.08,Run_03070
5.0,0.1,50,3.0,False,True,45.92,72.72,114.44,Run_03071
5.0,0.1,50,3.0,False,False,47.34,56.72,89.26,Run_03072
5.0,0.1,60,1.0,True,True,44.08,56.72,89.26,Run_03073
5.0,0.1,60,1.0,True,False,47.33,46.54,73.24,Run_03074
5.0,0.1,60,1.0,False,True,45.94,72.00,113.29,Run_03075
5.0,0.1,60,1.0,False,False,47.90,57.82,90.98,Run_03076
5.0,0.1,60,2.0,True,True,44.00,53.09,83.54,Run_03077
5.0,0.1,60,2.0,True,False,47.28,42.91,67.52,Run_03078
5.0,0.1,60,2.0,False,True,45.94,72.00,113.29,Run_03079
5.0,0.1,60,2.0,False,False,47.90,57.82,90.98,Run_03080
5.0,0.1,60,3.0,True,True,43.60,51.63,81.25,Run_03081
5.0,0.1,60,3.0,True,False,47.10,41.82,65.80,Run_03082
5.0,0.1,60,3.0,False,True,45.94,72.00,113.29,Run_03083
5.0,0.1,60,3.0,False,False,47.90,57.82,90.98,Run_03084
5.0,0.1,70,1.0,True,True,44.03,56.72,89.26,Run_03085
5.0,0.1,70,1.0,True,False,47.58,47.27,74.38,Run_03086
5.0,0.1,70,1.0,False,True,45.88,72.36,113.86,Run_03087
5.0,0.1,70,1.0,False,False,48.14,58.91,92.69,Run_03088
5.0,0.1,70,2.0,True,True,43.97,53.09,83.54,Run_03089
5.0,0.1,70,2.0,True,False,47.50,44.00,69.23,Run_03090
5.0,0.1,70,2.0,False,True,45.88,72.36,113.86,Run_03091
5.0,0.1,70,2.0,False,False,48.14,58.91,92.69,Run_03092
5.0,0.1,70,3.0,True,True,43.54,51.63,81.25,Run_03093
5.0,0.1,70,3.0,True,False,47.22,42.18,66.37,Run_03094
5.0,0.1,70,3.0,False,True,45.88,72.36,113.86,Run_03095
5.0,0.1,70,3.0,False,False,48.14,58.91,92.69,Run_03096
5.0,0.1,80,1.0,True,True,44.10,56.72,89.26,Run_03097
5.0,0.1,80,1.0,True,False,48.03,48.73,76.67,Run_03098
5.0,0.1,80,1.0,False,True,45.94,72.36,113.86,Run_03099
5.0,0.1,80,1.0,False,False,48.58,60.36,94.98,Run_03100
5.0,0.1,80,2.0,True,True,44.04,53.09,83.54,Run_03101
5.0,0.1,80,2.0,True,False,47.95,45.45,71.52,Run_03102
5.0,0.1,80,2.0,False,True,45.94,72.36,113.86,Run_03103
5.0,0.1,80,2.0,False,False,48.58,60.36,94.98,Run_03104
5.0,0.1,80,3.0,True,True,43.62,51.63,81.25,Run_03105
5.0,0.1,80,3.0,True,False,47.66,43.27,68.09,Run_03106
5.0,0.1,80,3.0,False,True,45.94,72.36,113.86,Run_03107
5.0,0.1,80,3.0,False,False,48.58,60.36,94.98,Run_03108
5.0,0.2,20,1.0,True,True,43.50,56.36,88.69,Run_03109
5.0,0.2,20,1.0,True,False,37.17,25.09,39.48,Run_03110
5.0,0.2,20,1.0,False,True,46.10,73.45,115.58,Run_03111
5.0,0.2,20,1.0,False,False,37.74,29.82,46.92,Run_03112
5.0,0.2,20,2.0,True,True,43.39,52.36,82.39,Run_03113
5.0,0.2,20,2.0,True,False,37.21,22.91,36.05,Run_03114
5.0,0.2,20,2.0,False,True,46.10,73.45,115.58,Run_03115
5.0,0.2,20,2.0,False,False,37.74,29.82,46.92,Run_03116
5.0,0.2,20,3.0,True,True,42.91,51.63,81.25,Run_03117
5.0,0.2,20,3.0,True,False,37.62,22.54,35.48,Run_03118
5.0,0.2,20,3.0,False,True,46.10,73.45,115.58,Run_03119
5.0,0.2,20,3.0,False,False,37.74,29.82,46.92,Run_03120
5.0,0.2,30,1.0,True,True,43.62,56.36,88.69,Run_03121
5.0,0.2,30,1.0,True,False,38.32,28.73,45.20,Run_03122
5.0,0.2,30,1.0,False,True,46.18,71.27,112.15,Run_03123
5.0,0.2,30,1.0,False,False,39.69,35.63,56.07,Run_03124
5.0,0.2,30,2.0,True,True,43.51,52.73,82.97,Run_03125
5.0,0.2,30,2.0,True,False,38.36,26.18,41.20,Run_03126
5.0,0.2,30,2.0,False,True,46.18,71.27,112.15,Run_03127
5.0,0.2,30,2.0,False,False,39.69,35.63,56.07,Run_03128
5.0,0.2,30,3.0,True,True,43.09,51.63,81.25,Run_03129
5.0,0.2,30,3.0,True,False,38.80,25.82,40.62,Run_03130
5.0,0.2,30,3.0,False,True,46.18,71.27,112.15,Run_03131
5.0,0.2,30,3.0,False,False,39.69,35.63,56.07,Run_03132
5.0,0.2,40,1.0,True,True,43.64,56.36,88.69,Run_03133
5.0,0.2,40,1.0,True,False,39.45,32.00,50.35,Run_03134
5.0,0.2,40,1.0,False,True,46.13,72.00,113.29,Run_03135
5.0,0.2,40,1.0,False,False,40.73,40.36,63.51,Run_03136
5.0,0.2,40,2.0,True,True,43.53,52.73,82.97,Run_03137
5.0,0.2,40,2.0,True,False,39.42,30.18,47.49,Run_03138
5.0,0.2,40,2.0,False,True,46.13,72.00,113.29,Run_03139
5.0,0.2,40,2.0,False,False,40.73,40.36,63.51,Run_03140
5.0,0.2,40,3.0,True,True,43.09,51.63,81.25,Run_03141
5.0,0.2,40,3.0,True,False,39.68,29.45,46.35,Run_03142
5.0,0.2,40,3.0,False,True,46.13,72.00,113.29,Run_03143
5.0,0.2,40,3.0,False,False,40.73,40.36,63.51,Run_03144
5.0,0.2,50,1.0,True,True,43.71,57.09,89.83,Run_03145
5.0,0.2,50,1.0,True,False,40.43,33.82,53.21,Run_03146
5.0,0.2,50,1.0,False,True,46.17,72.72,114.44,Run_03147
5.0,0.2,50,1.0,False,False,41.63,42.18,66.37,Run_03148
5.0,0.2,50,2.0,True,True,43.59,53.45,84.11,Run_03149
5.0,0.2,50,2.0,True,False,40.32,32.00,50.35,Run_03150
5.0,0.2,50,2.0,False,True,46.17,72.72,114.44,Run_03151
5.0,0.2,50,2.0,False,False,41.63,42.18,66.37,Run_03152
5.0,0.2,50,3.0,True,True,43.11,52.00,81.82,Run_03153
5.0,0.2,50,3.0,True,False,40.43,30.54,48.06,Run_03154
5.0,0.2,50,3.0,False,True,46.17,72.72,114.44,Run_03155
5.0,0.2,50,3.0,False,False,41.63,42.18,66.37,Run_03156
5.0,0.2,60,1.0,True,True,43.72,57.82,90.98,Run_03157
5.0,0.2,60,1.0,True,False,41.51,36.00,56.65,Run_03158
5.0,0.2,60,1.0,False,True,46.06,72.00,113.29,Run_03159
5.0,0.2,60,1.0,False,False,42.48,43.63,68.66,Run_03160
5.0,0.2,60,2.0,True,True,43.61,53.45,84.11,Run_03161
5.0,0.2,60,2.0,True,False,41.38,33.82,53.21,Run_03162
5.0,0.2,60,2.0,False,True,46.06,72.00,113.29,Run_03163
5.0,0.2,60,2.0,False,False,42.48,43.63,68.66,Run_03164
5.0,0.2,60,3.0,True,True,43.11,52.00,81.82,Run_03165
5.0,0.2,60,3.0,True,False,41.47,32.36,50.92,Run_03166
5.0,0.2,60,3.0,False,True,46.06,72.00,113.29,Run_03167
5.0,0.2,60,3.0,False,False,42.48,43.63,68.66,Run_03168
5.0,0.2,70,1.0,True,True,43.77,57.82,90.98,Run_03169
5.0,0.2,70,1.0,True,False,42.17,36.73,57.79,Run_03170
5.0,0.2,70,1.0,False,True,46.10,72.36,113.86,Run_03171
5.0,0.2,70,1.0,False,False,43.21,45.45,71.52,Run_03172
5.0,0.2,70,2.0,True,True,43.67,53.82,84.68,Run_03173
5.0,0.2,70,2.0,True,False,42.12,34.91,54.93,Run_03174
5.0,0.2,70,2.0,False,True,46.10,72.36,113.86,Run_03175
5.0,0.2,70,2.0,False,False,43.21,45.45,71.52,Run_03176
5.0,0.2,70,3.0,True,True,43.15,52.00,81.82,Run_03177
5.0,0.2,70,3.0,True,False,42.10,33.45,52.64,Run_03178
5.0,0.2,70,3.0,False,True,46.10,72.36,113.86,Run_03179
5.0,0.2,70,3.0,False,False,43.21,45.45,71.52,Run_03180
5.0,0.2,80,1.0,True,True,43.78,57.45,90.40,Run_03181
5.0,0.2,80,1.0,True,False,42.94,38.18,60.08,Run_03182
5.0,0.2,80,1.0,False,True,46.12,72.00,113.29,Run_03183
5.0,0.2,80,1.0,False,False,43.83,47.27,74.38,Run_03184
5.0,0.2,80,2.0,True,True,43.67,53.45,84.11,Run_03185
5.0,0.2,80,2.0,True,False,42.87,36.36,57.22,Run_03186
5.0,0.2,80,2.0,False,True,46.12,72.00,113.29,Run_03187
5.0,0.2,80,2.0,False,False,43.83,47.27,74.38,Run_03188
5.0,0.2,80,3.0,True,True,43.15,51.63,81.25,Run_03189
5.0,0.2,80,3.0,True,False,42.82,35.27,55.50,Run_03190
5.0,0.2,80,3.0,False,True,46.12,72.00,113.29,Run_03191
5.0,0.2,80,3.0,False,False,43.83,47.27,74.38,Run_03192
5.0,0.3,20,1.0,True,True,43.14,57.09,89.83,Run_03193
5.0,0.3,20,1.0,True,False,32.73,17.82,28.04,Run_03194
5.0,0.3,20,1.0,False,True,45.86,72.72,114.44,Run_03195
5.0,0.3,20,1.0,False,False,33.30,21.45,33.76,Run_03196
5.0,0.3,20,2.0,True,True,43.06,53.09,83.54,Run_03197
5.0,0.3,20,2.0,True,False,32.82,16.73,26.32,Run_03198
5.0,0.3,20,2.0,False,True,45.86,72.72,114.44,Run_03199
5.0,0.3,20,2.0,False,False,33.30,21.45,33.76,Run_03200
5.0,0.3,20,3.0,True,True,42.65,52.00,81.82,Run_03201
5.0,0.3,20,3.0,True,False,33.12,16.36,25.75,Run_03202
5.0,0.3,20,3.0,False,True,45.86,72.72,114.44,Run_03203
5.0,0.3,20,3.0,False,False,33.30,21.45,33.76,Run_03204
5.0,0.3,30,1.0,True,True,43.30,56.72,89.26,Run_03205
5.0,0.3,30,1.0,True,False,34.25,22.18,34.90,Run_03206
5.0,0.3,30,1.0,False,True,45.94,71.27,112.15,Run_03207
5.0,0.3,30,1.0,False,False,34.79,26.54,41.77,Run_03208
5.0,0.3,30,2.0,True,True,43.25,52.73,82.97,Run_03209
5.0,0.3,30,2.0,True,False,34.21,20.36,32.04,Run_03210
5.0,0.3,30,2.0,False,True,45.94,71.27,112.15,Run_03211
5.0,0.3,30,2.0,False,False,34.79,26.54,41.77,Run_03212
5.0,0.3,30,3.0,True,True,42.86,52.00,81.82,Run_03213
5.0,0.3,30,3.0,True,False,34.45,19.64,30.90,Run_03214
5.0,0.3,30,3.0,False,True,45.94,71.27,112.15,Run_03215
5.0,0.3,30,3.0,False,False,34.79,26.54,41.77,Run_03216
5.0,0.3,40,1.0,True,True,43.34,56.36,88.69,Run_03217
5.0,0.3,40,1.0,True,False,35.22,22.91,36.05,Run_03218
5.0,0.3,40,1.0,False,True,45.98,70.18,110.43,Run_03219
5.0,0.3,40,1.0,False,False,35.61,27.27,42.91,Run_03220
5.0,0.3,40,2.0,True,True,43.28,52.73,82.97,Run_03221
5.0,0.3,40,2.0,True,False,35.38,20.73,32.61,Run_03222
5.0,0.3,40,2.0,False,True,45.98,70.18,110.43,Run_03223
5.0,0.3,40,2.0,False,False,35.61,27.27,42.91,Run_03224
5.0,0.3,40,3.0,True,True,42.88,51.63,81.25,Run_03225
5.0,0.3,40,3.0,True,False,35.48,20.73,32.61,Run_03226
5.0,0.3,40,3.0,False,True,45.98,70.18,110.43,Run_03227
5.0,0.3,40,3.0,False,False,35.61,27.27,42.91,Run_03228
5.0,0.3,50,1.0,True,True,43.38,56.72,89.26,Run_03229
5.0,0.3,50,1.0,True,False,36.01,26.18,41.20,Run_03230
5.0,0.3,50,1.0,False,True,46.04,70.18,110.43,Run_03231
5.0,0.3,50,1.0,False,False,36.39,31.64,49.78,Run_03232
5.0,0.3,50,2.0,True,True,43.26,53.09,83.54,Run_03233
5.0,0.3,50,2.0,True,False,36.07,24.36,38.34,Run_03234
5.0,0.3,50,2.0,False,True,46.04,70.18,110.43,Run_03235
5.0,0.3,50,2.0,False,False,36.39,31.64,49.78,Run_03236
5.0,0.3,50,3.0,True,True,42.88,52.00,81.82,Run_03237
5.0,0.3,50,3.0,True,False,36.23,24.00,37.76,Run_03238
5.0,0.3,50,3.0,False,True,46.04,70.18,110.43,Run_03239
5.0,0.3,50,3.0,False,False,36.39,31.64,49.78,Run_03240
5.0,0.3,60,1.0,True,True,43.39,56.72,89.26,Run_03241
5.0,0.3,60,1.0,True,False,36.44,26.18,41.20,Run_03242
5.0,0.3,60,1.0,False,True,46.05,69.82,109.86,Run_03243
5.0,0.3,60,1.0,False,False,37.07,31.27,49.21,Run_03244
5.0,0.3,60,2.0,True,True,43.27,53.09,83.54,Run_03245
5.0,0.3,60,2.0,True,False,36.48,24.36,38.34,Run_03246
5.0,0.3,60,2.0,False,True,46.05,69.82,109.86,Run_03247
5.0,0.3,60,2.0,False,False,37.07,31.27,49.21,Run_03248
5.0,0.3,60,3.0,True,True,42.87,52.00,81.82,Run_03249
5.0,0.3,60,3.0,True,False,36.62,24.00,37.76,Run_03250
5.0,0.3,60,3.0,False,True,46.05,69.82,109.86,Run_03251
5.0,0.3,60,3.0,False,False,37.07,31.27,49.21,Run_03252
5.0,0.3,70,1.0,True,True,43.36,56.72,89.26,Run_03253
5.0,0.3,70,1.0,True,False,36.86,27.27,42.91,Run_03254
5.0,0.3,70,1.0,False,True,45.99,70.18,110.43,Run_03255
5.0,0.3,70,1.0,False,False,37.42,32.00,50.35,Run_03256
5.0,0.3,70,2.0,True,True,43.28,53.09,83.54,Run_03257
5.0,0.3,70,2.0,True,False,36.93,25.45,40.05,Run_03258
5.0,0.3,70,2.0,False,True,45.99,70.18,110.43,Run_03259
5.0,0.3,70,2.0,False,False,37.42,32.00,50.35,Run_03260
5.0,0.3,70,3.0,True,True,42.90,52.00,81.82,Run_03261
5.0,0.3,70,3.0,True,False,37.14,25.09,39.48,Run_03262
5.0,0.3,70,3.0,False,True,45.99,70.18,110.43,Run_03263
5.0,0.3,70,3.0,False,False,37.42,32.00,50.35,Run_03264
5.0,0.3,80,1.0,True,True,43.38,56.72,89.26,Run_03265
5.0,0.3,80,1.0,True,False,37.31,28.36,44.63,Run_03266
5.0,0.3,80,1.0,False,True,45.98,70.18,110.43,Run_03267
5.0,0.3,80,1.0,False,False,37.82,33.09,52.07,Run_03268
5.0,0.3,80,2.0,True,True,43.27,53.09,83.54,Run_03269
5.0,0.3,80,2.0,True,False,37.37,26.54,41.77,Run_03270
5.0,0.3,80,2.0,False,True,45.98,70.18,110.43,Run_03271
5.0,0.3,80,2.0,False,False,37.82,33.09,52.07,Run_03272
5.0,0.3,80,3.0,True,True,42.87,52.00,81.82,Run_03273
5.0,0.3,80,3.0,True,False,37.48,26.18,41.20,Run_03274
5.0,0.3,80,3.0,False,True,45.98,70.18,110.43,Run_03275
5.0,0.3,80,3.0,False,False,37.82,33.09,52.07,Run_03276
5.0,0.4,20,1.0,True,True,43.02,56.72,89.26,Run_03277
5.0,0.4,20,1.0,True,False,30.67,14.91,23.62,Run_03278
5.0,0.4,20,1.0,False,True,45.77,72.00,113.29,Run_03279
5.0,0.4,20,1.0,False,False,31.36,17.82,28.23,Run_03280
5.0,0.4,20,2.0,True,True,42.85,52.73,82.97,Run_03281
5.0,0.4,20,2.0,True,False,30.79,13.45,21.32,Run_03282
5.0,0.4,20,2.0,False,True,45.77,72.00,113.29,Run_03283
5.0,0.4,20,2.0,False,False,31.36,17.82,28.23,Run_03284
5.0,0.4,20,3.0,True,True,42.49,51.63,81.25,Run_03285
5.0,0.4,20,3.0,True,False,30.79,13.45,21.32,Run_03286
5.0,0.4,20,3.0,False,True,45.77,72.00,113.29,Run_03287
5.0,0.4,20,3.0,False,False,31.36,17.82,28.23,Run_03288
5.0,0.4,30,1.0,True,True,43.10,56.36,88.69,Run_03289
5.0,0.4,30,1.0,True,False,31.83,17.45,27.46,Run_03290
5.0,0.4,30,1.0,False,True,45.79,70.54,111.00,Run_03291
5.0,0.4,30,1.0,False,False,32.37,20.73,32.61,Run_03292
5.0,0.4,30,2.0,True,True,42.94,52.73,82.97,Run_03293
5.0,0.4,30,2.0,True,False,31.92,15.27,24.03,Run_03294
5.0,0.4,30,2.0,False,True,45.79,70.54,111.00,Run_03295
5.0,0.4,30,2.0,False,False,32.37,20.73,32.61,Run_03296
5.0,0.4,30,3.0,True,True,42.53,51.63,81.25,Run_03297
5.0,0.4,30,3.0,True,False,31.94,15.27,24.03,Run_03298
5.0,0.4,30,3.0,False,True,45.79,70.54,111.00,Run_03299
5.0,0.4,30,3.0,False,False,32.37,20.73,32.61,Run_03300
5.0,0.4,40,1.0,True,True,43.14,56.36,88.69,Run_03301
5.0,0.4,40,1.0,True,False,32.74,18.91,29.75,Run_03302
5.0,0.4,40,1.0,False,True,45.81,70.54,111.00,Run_03303
5.0,0.4,40,1.0,False,False,33.21,22.91,36.05,Run_03304
5.0,0.4,40,2.0,True,True,42.99,52.73,82.97,Run_03305
5.0,0.4,40,2.0,True,False,32.76,17.82,28.04,Run_03306
5.0,0.4,40,2.0,False,True,45.81,70.54,111.00,Run_03307
5.0,0.4,40,2.0,False,False,33.21,22.91,36.05,Run_03308
5.0,0.4,40,3.0,True,True,42.59,51.63,81.25,Run_03309
5.0,0.4,40,3.0,True,False,32.71,17.45,27.46,Run_03310
5.0,0.4,40,3.0,False,True,45.81,70.54,111.00,Run_03311
5.0,0.4,40,3.0,False,False,33.21,22.91,36.05,Run_03312
5.0,0.4,50,1.0,True,True,43.20,56.72,89.26,Run_03313
5.0,0.4,50,1.0,True,False,33.11,21.45,33.76,Run_03314
5.0,0.4,50,1.0,False,True,45.87,69.82,109.86,Run_03315
5.0,0.4,50,1.0,False,False,33.49,26.54,41.77,Run_03316
5.0,0.4,50,2.0,True,True,43.04,53.09,83.54,Run_03317
5.0,0.4,50,2.0,True,False,33.15,20.00,31.47,Run_03318
5.0,0.4,50,2.0,False,True,45.87,69.82,109.86,Run_03319
5.0,0.4,50,2.0,False,False,33.49,26.54,41.77,Run_03320
5.0,0.4,50,3.0,True,True,42.63,52.00,81.82,Run_03321
5.0,0.4,50,3.0,True,False,33.19,20.36,32.04,Run_03322
5.0,0.4,50,3.0,False,True,45.87,69.82,109.86,Run_03323
5.0,0.4,50,3.0,False,False,33.49,26.54,41.77,Run_03324
5.0,0.4,60,1.0,True,True,43.15,56.72,89.26,Run_03325
5.0,0.4,60,1.0,True,False,33.24,21.09,33.19,Run_03326
5.0,0.4,60,1.0,False,True,45.85,69.82,109.86,Run_03327
5.0,0.4,60,1.0,False,False,33.59,25.45,40.05,Run_03328
5.0,0.4,60,2.0,True,True,42.99,53.09,83.54,Run_03329
5.0,0.4,60,2.0,True,False,33.21,20.00,31.47,Run_03330
5.0,0.4,60,2.0,False,True,45.85,69.82,109.86,Run_03331
5.0,0.4,60,2.0,False,False,33.59,25.45,40.05,Run_03332
5.0,0.4,60,3.0,True,True,42.58,52.00,81.82,Run_03333
5.0,0.4,60,3.0,True,False,33.21,20.36,32.04,Run_03334
5.0,0.4,60,3.0,False,True,45.85,69.82,109.86,Run_03335
5.0,0.4,60,3.0,False,False,33.59,25.45,40.05,Run_03336
5.0,0.4,70,1.0,True,True,43.18,56.72,89.26,Run_03337
5.0,0.4,70,1.0,True,False,33.70,22.54,35.48,Run_03338
5.0,0.4,70,1.0,False,True,45.85,70.18,110.43,Run_03339
5.0,0.4,70,1.0,False,False,34.14,26.54,41.77,Run_03340
5.0,0.4,70,2.0,True,True,43.02,53.09,83.54,Run_03341
5.0,0.4,70,2.0,True,False,33.70,21.45,33.76,Run_03342
5.0,0.4,70,2.0,False,True,45.85,70.18,110.43,Run_03343
5.0,0.4,70,2.0,False,False,34.14,26.54,41.77,Run_03344
5.0,0.4,70,3.0,True,True,42.63,52.00,81.82,Run_03345
5.0,0.4,70,3.0,True,False,33.70,21.45,33.76,Run_03346
5.0,0.4,70,3.0,False,True,45.85,70.18,110.43,Run_03347
5.0,0.4,70,3.0,False,False,34.14,26.54,41.77,Run_03348
5.0,0.4,80,1.0,True,True,43.18,56.72,89.26,Run_03349
5.0,0.4,80,1.0,True,False,34.10,24.00,37.76,Run_03350
5.0,0.4,80,1.0,False,True,45.84,69.82,109.86,Run_03351
5.0,0.4,80,1.0,False,False,34.52,27.64,43.49,Run_03352
5.0,0.4,80,2.0,True,True,43.04,53.09,83.54,Run_03353
5.0,0.4,80,2.0,True,False,34.14,22.91,36.05,Run_03354
5.0,0.4,80,2.0,False,True,45.84,69.82,109.86,Run_03355
5.0,0.4,80,2.0,False,False,34.52,27.64,43.49,Run_03356
5.0,0.4,80,3.0,True,True,42.64,52.00,81.82,Run_03357
5.0,0.4,80,3.0,True,False,34.15,22.91,36.05,Run_03358
5.0,0.4,80,3.0,False,True,45.84,69.82,109.86,Run_03359
5.0,0.4,80,3.0,False,False,34.52,27.64,43.49,Run_03360
5.0,0.5,20,1.0,True,True,42.96,56.72,89.26,Run_03361
5.0,0.5,20,1.0,True,False,29.96,13.09,20.74,Run_03362
5.0,0.5,20,1.0,False,True,45.72,71.63,112.72,Run_03363
5.0,0.5,20,1.0,False,False,30.61,16.00,25.35,Run_03364
5.0,0.5,20,2.0,True,True,42.78,52.73,82.97,Run_03365
5.0,0.5,20,2.0,True,False,29.96,12.36,19.59,Run_03366
5.0,0.5,20,2.0,False,True,45.72,71.63,112.72,Run_03367
5.0,0.5,20,2.0,False,False,30.61,16.00,25.35,Run_03368
5.0,0.5,20,3.0,True,True,42.43,51.63,81.25,Run_03369
5.0,0.5,20,3.0,True,False,30.09,12.36,19.59,Run_03370
5.0,0.5,20,3.0,False,True,45.72,71.63,112.72,Run_03371
5.0,0.5,20,3.0,False,False,30.61,16.00,25.35,Run_03372
5.0,0.5,30,1.0,True,True,42.94,56.72,89.26,Run_03373
5.0,0.5,30,1.0,True,False,30.83,14.91,23.46,Run_03374
5.0,0.5,30,1.0,False,True,45.68,71.63,112.72,Run_03375
5.0,0.5,30,1.0,False,False,31.38,17.09,26.89,Run_03376
5.0,0.5,30,2.0,True,True,42.76,52.73,82.97,Run_03377
5.0,0.5,30,2.0,True,False,30.84,14.18,22.31,Run_03378
5.0,0.5,30,2.0,False,True,45.68,71.63,112.72,Run_03379
5.0,0.5,30,2.0,False,False,31.38,17.09,26.89,Run_03380
5.0,0.5,30,3.0,True,True,42.39,51.63,81.25,Run_03381
5.0,0.5,30,3.0,True,False,30.94,13.82,21.74,Run_03382
5.0,0.5,30,3.0,False,True,45.68,71.63,112.72,Run_03383
5.0,0.5,30,3.0,False,False,31.38,17.09,26.89,Run_03384
5.0,0.5,40,1.0,True,True,42.95,56.72,89.26,Run_03385
5.0,0.5,40,1.0,True,False,31.54,16.36,25.75,Run_03386
5.0,0.5,40,1.0,False,True,45.66,70.54,111.00,Run_03387
5.0,0.5,40,1.0,False,False,32.03,20.36,32.04,Run_03388
5.0,0.5,40,2.0,True,True,42.80,52.73,82.97,Run_03389
5.0,0.5,40,2.0,True,False,31.59,15.64,24.60,Run_03390
5.0,0.5,40,2.0,False,True,45.66,70.54,111.00,Run_03391
5.0,0.5,40,2.0,False,False,32.03,20.36,32.04,Run_03392
5.0,0.5,40,3.0,True,True,42.42,51.63,81.25,Run_03393
5.0,0.5,40,3.0,True,False,31.66,15.64,24.60,Run_03394
5.0,0.5,40,3.0,False,True,45.66,70.54,111.00,Run_03395
5.0,0.5,40,3.0,False,False,32.03,20.36,32.04,Run_03396
5.0,0.5,50,1.0,True,True,42.96,57.09,89.83,Run_03397
5.0,0.5,50,1.0,True,False,32.00,18.54,29.18,Run_03398
5.0,0.5,50,1.0,False,True,45.67,70.91,111.57,Run_03399
5.0,0.5,50,1.0,False,False,32.47,22.18,34.90,Run_03400
5.0,0.5,50,2.0,True,True,42.80,53.09,83.54,Run_03401
5.0,0.5,50,2.0,True,False,32.00,17.45,27.46,Run_03402
5.0,0.5,50,2.0,False,True,45.67,70.91,111.57,Run_03403
5.0,0.5,50,2.0,False,False,32.47,22.18,34.90,Run_03404
5.0,0.5,50,3.0,True,True,42.41,52.00,81.82,Run_03405
5.0,0.5,50,3.0,True,False,32.01,17.45,27.46,Run_03406
5.0,0.5,50,3.0,False,True,45.67,70.91,111.57,Run_03407
5.0,0.5,50,3.0,False,False,32.47,22.18,34.90,Run_03408
5.0,0.5,60,1.0,True,True,43.02,56.72,89.26,Run_03409
5.0,0.5,60,1.0,True,False,32.31,19.64,30.90,Run_03410
5.0,0.5,60,1.0,False,True,45.71,69.82,109.86,Run_03411
5.0,0.5,60,1.0,False,False,32.71,23.64,37.19,Run_03412
5.0,0.5,60,2.0,True,True,42.85,53.09,83.54,Run_03413
5.0,0.5,60,2.0,True,False,32.27,18.54,29.18,Run_03414
5.0,0.5,60,2.0,False,True,45.71,69.82,109.86,Run_03415
5.0,0.5,60,2.0,False,False,32.71,23.64,37.19,Run_03416
5.0,0.5,60,3.0,True,True,42.46,52.00,81.82,Run_03417
5.0,0.5,60,3.0,True,False,32.30,18.91,29.75,Run_03418
5.0,0.5,60,3.0,False,True,45.71,69.82,109.86,Run_03419
5.0,0.5,60,3.0,False,False,32.71,23.64,37.19,Run_03420
5.0,0.5,70,1.0,True,True,42.95,56.72,89.26,Run_03421
5.0,0.5,70,1.0,True,False,32.54,20.36,32.04,Run_03422
5.0,0.5,70,1.0,False,True,45.62,70.18,110.43,Run_03423
5.0,0.5,70,1.0,False,False,32.93,24.36,38.34,Run_03424
5.0,0.5,70,2.0,True,True,42.79,53.09,83.54,Run_03425
5.0,0.5,70,2.0,True,False,32.55,19.27,30.33,Run_03426
5.0,0.5,70,2.0,False,True,45.62,70.18,110.43,Run_03427
5.0,0.5,70,2.0,False,False,32.93,24.36,38.34,Run_03428
5.0,0.5,70,3.0,True,True,42.42,52.00,81.82,Run_03429
5.0,0.5,70,3.0,True,False,32.57,19.64,30.90,Run_03430
5.0,0.5,70,3.0,False,True,45.62,70.18,110.43,Run_03431
5.0,0.5,70,3.0,False,False,32.93,24.36,38.34,Run_03432
5.0,0.5,80,1.0,True,True,42.95,56.72,89.26,Run_03433
5.0,0.5,80,1.0,True,False,32.83,20.73,32.61,Run_03434
5.0,0.5,80,1.0,False,True,45.61,69.82,109.86,Run_03435
5.0,0.5,80,1.0,False,False,33.22,24.36,38.34,Run_03436
5.0,0.5,80,2.0,True,True,42.79,53.09,83.54,Run_03437
5.0,0.5,80,2.0,True,False,32.85,19.64,30.90,Run_03438
5.0,0.5,80,2.0,False,True,45.61,69.82,109.86,Run_03439
5.0,0.5,80,2.0,False,False,33.22,24.36,38.34,Run_03440
5.0,0.5,80,3.0,True,True,42.42,52.00,81.82,Run_03441
5.0,0.5,80,3.0,True,False,32.84,20.00,31.47,Run_03442
5.0,0.5,80,3.0,False,True,45.61,69.82,109.86,Run_03443
5.0,0.5,80,3.0,False,False,33.22,24.36,38.34,Run_03444
5.0,0.6,20,1.0,True,True,42.92,56.72,89.26,Run_03445
5.0,0.6,20,1.0,True,False,29.82,13.45,21.32,Run_03446
5.0,0.6,20,1.0,False,True,45.68,71.63,112.72,Run_03447
5.0,0.6,20,1.0,False,False,30.36,15.64,24.78,Run_03448
5.0,0.6,20,2.0,True,True,42.74,52.73,82.97,Run_03449
5.0,0.6,20,2.0,True,False,29.85,12.36,19.59,Run_03450
5.0,0.6,20,2.0,False,True,45.68,71.63,112.72,Run_03451
5.0,0.6,20,2.0,False,False,30.36,15.64,24.78,Run_03452
5.0,0.6,20,3.0,True,True,42.39,51.63,81.25,Run_03453
5.0,0.6,20,3.0,True,False,29.94,12.00,19.01,Run_03454
5.0,0.6,20,3.0,False,True,45.68,71.63,112.72,Run_03455
5.0,0.6,20,3.0,False,False,30.36,15.64,24.78,Run_03456
5.0,0.6,30,1.0,True,True,42.91,56.72,89.26,Run_03457
5.0,0.6,30,1.0,True,False,30.70,14.91,23.46,Run_03458
5.0,0.6,30,1.0,False,True,45.66,71.63,112.72,Run_03459
5.0,0.6,30,1.0,False,False,31.28,17.09,26.89,Run_03460
5.0,0.6,30,2.0,True,True,42.74,52.73,82.97,Run_03461
5.0,0.6,30,2.0,True,False,30.73,14.18,22.31,Run_03462
5.0,0.6,30,2.0,False,True,45.66,71.63,112.72,Run_03463
5.0,0.6,30,2.0,False,False,31.28,17.09,26.89,Run_03464
5.0,0.6,30,3.0,True,True,42.37,51.63,81.25,Run_03465
5.0,0.6,30,3.0,True,False,30.82,13.82,21.74,Run_03466
5.0,0.6,30,3.0,False,True,45.66,71.63,112.72,Run_03467
5.0,0.6,30,3.0,False,False,31.28,17.09,26.89,Run_03468
5.0,0.6,40,1.0,True,True,42.89,56.72,89.26,Run_03469
5.0,0.6,40,1.0,True,False,31.18,16.00,25.18,Run_03470
5.0,0.6,40,1.0,False,True,45.60,70.54,111.00,Run_03471
5.0,0.6,40,1.0,False,False,31.65,19.27,30.33,Run_03472
5.0,0.6,40,2.0,True,True,42.74,52.73,82.97,Run_03473
5.0,0.6,40,2.0,True,False,31.23,15.27,24.03,Run_03474
5.0,0.6,40,2.0,False,True,45.60,70.54,111.00,Run_03475
5.0,0.6,40,2.0,False,False,31.65,19.27,30.33,Run_03476
5.0,0.6,40,3.0,True,True,42.38,51.63,81.25,Run_03477
5.0,0.6,40,3.0,True,False,31.31,15.27,24.03,Run_03478
5.0,0.6,40,3.0,False,True,45.60,70.54,111.00,Run_03479
5.0,0.6,40,3.0,False,False,31.65,19.27,30.33,Run_03480
5.0,0.6,50,1.0,True,True,42.92,57.09,89.83,Run_03481
5.0,0.6,50,1.0,True,False,31.59,17.82,28.04,Run_03482
5.0,0.6,50,1.0,False,True,45.63,70.91,111.57,Run_03483
5.0,0.6,50,1.0,False,False,32.07,21.45,33.76,Run_03484
5.0,0.6,50,2.0,True,True,42.76,53.09,83.54,Run_03485
5.0,0.6,50,2.0,True,False,31.59,17.09,26.89,Run_03486
5.0,0.6,50,2.0,False,True,45.63,70.91,111.57,Run_03487
5.0,0.6,50,2.0,False,False,32.07,21.45,33.76,Run_03488
5.0,0.6,50,3.0,True,True,42.39,52.00,81.82,Run_03489
5.0,0.6,50,3.0,True,False,31.58,17.09,26.89,Run_03490
5.0,0.6,50,3.0,False,True,45.63,70.91,111.57,Run_03491
5.0,0.6,50,3.0,False,False,32.07,21.45,33.76,Run_03492
5.0,0.6,60,1.0,True,True,42.99,56.72,89.26,Run_03493
5.0,0.6,60,1.0,True,False,31.92,18.91,29.75,Run_03494
5.0,0.6,60,1.0,False,True,45.68,69.82,109.86,Run_03495
5.0,0.6,60,1.0,False,False,32.33,22.91,36.05,Run_03496
5.0,0.6,60,2.0,True,True,42.84,53.09,83.54,Run_03497
5.0,0.6,60,2.0,True,False,31.89,18.18,28.61,Run_03498
5.0,0.6,60,2.0,False,True,45.68,69.82,109.86,Run_03499
5.0,0.6,60,2.0,False,False,32.33,22.91,36.05,Run_03500
5.0,0.6,60,3.0,True,True,42.47,52.00,81.82,Run_03501
5.0,0.6,60,3.0,True,False,31.92,18.54,29.18,Run_03502
5.0,0.6,60,3.0,False,True,45.68,69.82,109.86,Run_03503
5.0,0.6,60,3.0,False,False,32.33,22.91,36.05,Run_03504
5.0,0.6,70,1.0,True,True,43.00,56.72,89.26,Run_03505
5.0,0.6,70,1.0,True,False,32.45,19.27,30.33,Run_03506
5.0,0.6,70,1.0,False,True,45.68,70.18,110.43,Run_03507
5.0,0.6,70,1.0,False,False,32.84,23.27,36.62,Run_03508
5.0,0.6,70,2.0,True,True,42.83,53.09,83.54,Run_03509
5.0,0.6,70,2.0,True,False,32.43,18.54,29.18,Run_03510
5.0,0.6,70,2.0,False,True,45.68,70.18,110.43,Run_03511
5.0,0.6,70,2.0,False,False,32.84,23.27,36.62,Run_03512
5.0,0.6,70,3.0,True,True,42.48,52.00,81.82,Run_03513
5.0,0.6,70,3.0,True,False,32.45,18.91,29.75,Run_03514
5.0,0.6,70,3.0,False,True,45.68,70.18,110.43,Run_03515
5.0,0.6,70,3.0,False,False,32.84,23.27,36.62,Run_03516
5.0,0.6,80,1.0,True,True,42.95,56.72,89.26,Run_03517
5.0,0.6,80,1.0,True,False,32.65,20.73,32.61,Run_03518
5.0,0.6,80,1.0,False,True,45.62,69.82,109.86,Run_03519
5.0,0.6,80,1.0,False,False,33.03,24.36,38.34,Run_03520
5.0,0.6,80,2.0,True,True,42.78,53.09,83.54,Run_03521
5.0,0.6,80,2.0,True,False,32.68,19.64,30.90,Run_03522
5.0,0.6,80,2.0,False,True,45.62,69.82,109.86,Run_03523
5.0,0.6,80,2.0,False,False,33.03,24.36,38.34,Run_03524
5.0,0.6,80,3.0,True,True,42.43,52.00,81.82,Run_03525
5.0,0.6,80,3.0,True,False,32.63,20.00,31.47,Run_03526
5.0,0.6,80,3.0,False,True,45.62,69.82,109.86,Run_03527
5.0,0.6,80,3.0,False,False,33.03,24.36,38.34,Run_03528
