day,resolve_step,resolve_clock,offset_step,offset_clock,steps_ahead,mcs,scenario_id,mcs_status_planned,mcs_node_planned,grid_charge_kW_planned,grid_discharge_kW_planned,soe_mcs_planned_kWh,changed_from_prior_resolve
1,1,08:00,1,08:00,0,1,,Traveling,Transit,0.0,0.0,250.0,
1,1,08:00,2,08:15,1,1,,Idle,2,0.0,0.0,250.0,
1,1,08:00,3,08:30,2,1,,Idle,2,0.0,0.0,250.0,
1,1,08:00,4,08:45,3,1,,Serving CEV,2,-0.0,7.121894736841345,248.12581717451548,
1,1,08:00,5,09:00,4,1,,Serving CEV,2,-0.0,8.0,246.02055401662074,
1,1,08:00,6,09:15,5,1,,Idle,2,-0.0,0.0,246.02055401662074,
1,1,08:00,7,09:30,6,1,,Idle,2,-0.0,0.0,246.02055401662074,
1,1,08:00,8,09:45,7,1,,Serving CEV,2,-0.0,5.173684210559381,244.6590581717367,
1,1,08:00,9,10:00,8,1,,Idle,2,-0.0,0.0,244.6590581717367,
1,1,08:00,10,10:15,9,1,,Idle,2,-0.0,0.0,244.6590581717367,
1,1,08:00,11,10:30,10,1,,Idle,2,-0.0,0.0,244.6590581717367,
1,1,08:00,12,10:45,11,1,,Serving CEV,2,-0.0,8.0,242.55379501384195,
1,1,08:00,13,11:00,12,1,,Idle,2,-0.0,0.0,242.55379501384195,
1,1,08:00,14,11:15,13,1,,Idle,2,-0.0,0.0,242.55379501384195,
1,1,08:00,15,11:30,14,1,,Idle,2,-0.0,0.0,242.55379501384195,
1,1,08:00,16,11:45,15,1,,Idle,2,-0.0,0.0,242.55379501384195,
1,1,08:00,17,12:00,16,1,,Serving CEV,2,-0.0,8.0,240.4485318559472,
1,1,08:00,18,12:15,17,1,,Serving CEV,2,-0.0,8.0,238.34326869805247,
1,1,08:00,19,12:30,18,1,,Traveling,Transit,-0.0,0.0,238.34326869805247,
1,1,08:00,20,12:45,19,1,,Charging (grid),1,1.9496637789259974,0.0,238.8063138455474,
1,1,08:00,21,13:00,20,1,,Charging (grid),1,1.9496637789259972,0.0,239.26935899304235,
1,1,08:00,22,13:15,21,1,,Charging (grid),1,1.9496637789259972,0.0,239.73240414053728,
1,1,08:00,23,13:30,22,1,,Charging (grid),1,1.9496637789259972,0.0,240.19544928803222,
1,1,08:00,24,13:45,23,1,,Charging (grid),1,1.9496637789259972,0.0,240.65849443552716,
1,1,08:00,25,14:00,24,1,,Charging (grid),1,1.9496637789259972,0.0,241.1215395830221,
1,1,08:00,26,14:15,25,1,,Charging (grid),1,1.9496637789259972,0.0,241.58458473051704,
1,1,08:00,27,14:30,26,1,,Charging (grid),1,1.9496637789259972,0.0,242.04762987801197,
1,1,08:00,28,14:45,27,1,,Charging (grid),1,1.9496637789259972,0.0,242.5106750255069,
1,1,08:00,29,15:00,28,1,,Charging (grid),1,1.9496637789259972,0.0,242.97372017300185,
1,1,08:00,30,15:15,29,1,,Charging (grid),1,1.9496637789259972,0.0,243.4367653204968,
1,1,08:00,31,15:30,30,1,,Charging (grid),1,1.9496637789259972,0.0,243.89981046799173,
1,1,08:00,32,15:45,31,1,,Charging (grid),1,1.9496637789259972,0.0,244.36285561548667,
1,1,08:00,33,16:00,32,1,,Traveling,Transit,-0.0,0.0,244.36285561548667,
1,1,08:00,34,16:15,33,1,,Serving CEV,2,-0.0,8.0,242.25759245759193,
1,1,08:00,35,16:30,34,1,,Idle,2,-0.0,0.0,242.25759245759193,
1,1,08:00,36,16:45,35,1,,Idle,2,-0.0,0.0,242.25759245759193,
1,1,08:00,37,17:00,36,1,,Serving CEV,2,-0.0,8.0,240.1523292996972,
1,1,08:00,38,17:15,37,1,,Serving CEV,2,-0.0,8.0,238.04706614180245,
1,1,08:00,39,17:30,38,1,,Serving CEV,2,-0.0,8.0,235.9418029839077,
1,1,08:00,40,17:45,39,1,,Serving CEV,2,-0.0,8.0,233.83653982601297,
1,1,08:00,41,18:00,40,1,,Serving CEV,2,-0.0,8.0,231.73127666811823,
1,1,08:00,42,18:15,41,1,,Serving CEV,2,-0.0,8.0,229.6260135102235,
1,1,08:00,43,18:30,42,1,,Traveling,Transit,-0.0,0.0,229.6260135102235,
1,1,08:00,44,18:45,43,1,,Idle,1,-0.0,0.0,229.6260135102235,
1,1,08:00,45,19:00,44,1,,Idle,1,-0.0,0.0,229.6260135102235,
1,1,08:00,46,19:15,45,1,,Idle,1,-0.0,0.0,229.6260135102235,
1,1,08:00,47,19:30,46,1,,Idle,1,-0.0,0.0,229.6260135102235,
1,1,08:00,48,19:45,47,1,,Idle,1,-0.0,0.0,229.6260135102235,
1,1,08:00,49,20:00,48,1,,Idle,1,-0.0,0.0,229.6260135102235,
1,1,08:00,50,20:15,49,1,,Idle,1,-0.0,0.0,229.6260135102235,
1,1,08:00,51,20:30,50,1,,Idle,1,-0.0,0.0,229.6260135102235,
1,1,08:00,52,20:45,51,1,,Idle,1,-0.0,0.0,229.6260135102235,
1,1,08:00,53,21:00,52,1,,Charging (grid),1,1.9496637789259972,0.0,230.08905865771843,
1,1,08:00,54,21:15,53,1,,Charging (grid),1,1.9496637789259972,0.0,230.55210380521336,
1,1,08:00,55,21:30,54,1,,Charging (grid),1,1.9496637789259972,0.0,231.0151489527083,
1,1,08:00,56,21:45,55,1,,Charging (grid),1,1.9496637789259972,0.0,231.47819410020324,
1,1,08:00,57,22:00,56,1,,Charging (grid),1,1.9496637789259972,0.0,231.94123924769818,
1,1,08:00,58,22:15,57,1,,Charging (grid),1,1.9496637789259972,0.0,232.40428439519312,
1,1,08:00,59,22:30,58,1,,Charging (grid),1,1.9496637789259972,0.0,232.86732954268805,
1,1,08:00,60,22:45,59,1,,Charging (grid),1,1.9496637789259972,0.0,233.330374690183,
1,1,08:00,61,23:00,60,1,,Charging (grid),1,1.9496637789259972,0.0,233.79341983767793,
1,1,08:00,62,23:15,61,1,,Charging (grid),1,1.9496637789259972,0.0,234.25646498517287,
1,1,08:00,63,23:30,62,1,,Charging (grid),1,1.9496637789259972,0.0,234.7195101326678,
1,1,08:00,64,23:45,63,1,,Charging (grid),1,1.9496637789259972,0.0,235.18255528016275,
1,1,08:00,65,00:00,64,1,,Charging (grid),1,1.9496637789259972,0.0,235.64560042765768,
1,1,08:00,66,00:15,65,1,,Charging (grid),1,1.9496637789259972,0.0,236.10864557515262,
1,1,08:00,67,00:30,66,1,,Charging (grid),1,1.9496637789259972,0.0,236.57169072264756,
1,1,08:00,68,00:45,67,1,,Charging (grid),1,1.9496637789259972,0.0,237.0347358701425,
1,1,08:00,69,01:00,68,1,,Charging (grid),1,1.9496637789259972,0.0,237.49778101763744,
1,1,08:00,70,01:15,69,1,,Charging (grid),1,1.9496637789259972,0.0,237.96082616513237,
1,1,08:00,71,01:30,70,1,,Charging (grid),1,1.9496637789259972,0.0,238.4238713126273,
1,1,08:00,72,01:45,71,1,,Charging (grid),1,1.9496637789259972,0.0,238.88691646012225,
1,1,08:00,73,02:00,72,1,,Charging (grid),1,1.9496637789259972,0.0,239.3499616076172,
1,1,08:00,74,02:15,73,1,,Charging (grid),1,1.9496637789259972,0.0,239.81300675511213,
1,1,08:00,75,02:30,74,1,,Charging (grid),1,1.9496637789259972,0.0,240.27605190260707,
1,1,08:00,76,02:45,75,1,,Charging (grid),1,1.9496637789259972,0.0,240.739097050102,
1,1,08:00,77,03:00,76,1,,Charging (grid),1,1.9496637789259972,0.0,241.20214219759694,
1,1,08:00,78,03:15,77,1,,Charging (grid),1,1.9496637789259972,0.0,241.66518734509188,
1,1,08:00,79,03:30,78,1,,Charging (grid),1,1.9496637789259972,0.0,242.12823249258682,
1,1,08:00,80,03:45,79,1,,Charging (grid),1,1.9496637789259972,0.0,242.59127764008176,
1,1,08:00,81,04:00,80,1,,Charging (grid),1,1.9496637789259972,0.0,243.0543227875767,
1,1,08:00,82,04:15,81,1,,Charging (grid),1,1.9496637789259972,0.0,243.51736793507163,
1,1,08:00,83,04:30,82,1,,Charging (grid),1,1.9496637789259972,0.0,243.98041308256657,
1,1,08:00,84,04:45,83,1,,Charging (grid),1,1.9496637789259972,0.0,244.4434582300615,
1,1,08:00,85,05:00,84,1,,Charging (grid),1,1.9496637789259972,0.0,244.90650337755645,
1,1,08:00,86,05:15,85,1,,Charging (grid),1,1.9496637789259972,0.0,245.36954852505139,
1,1,08:00,87,05:30,86,1,,Charging (grid),1,1.9496637789259972,0.0,245.83259367254632,
1,1,08:00,88,05:45,87,1,,Charging (grid),1,1.9496637789259972,0.0,246.29563882004126,
1,1,08:00,89,06:00,88,1,,Charging (grid),1,1.9496637789259972,0.0,246.7586839675362,
1,1,08:00,90,06:15,89,1,,Charging (grid),1,1.9496637789259972,0.0,247.22172911503114,
1,1,08:00,91,06:30,90,1,,Charging (grid),1,1.9496637789259972,0.0,247.68477426252608,
1,1,08:00,92,06:45,91,1,,Charging (grid),1,1.9496637789259972,0.0,248.14781941002101,
1,1,08:00,93,07:00,92,1,,Charging (grid),1,1.9496637789259972,0.0,248.61086455751595,
1,1,08:00,94,07:15,93,1,,Charging (grid),1,1.9496637789259972,0.0,249.0739097050109,
1,1,08:00,95,07:30,94,1,,Charging (grid),1,1.9496637789259972,0.0,249.5369548525051,
1,1,08:00,96,07:45,95,1,,Charging (grid),1,1.949663778925936,0.0,250.0,
1,2,08:15,2,08:15,0,1,,Serving CEV,2,0.0,5.5802340656548495,248.53151735114346,true
1,2,08:15,3,08:30,1,1,,Idle,2,0.0,0.0,248.53151735114346,false
1,2,08:15,4,08:45,2,1,,Idle,2,-0.0,0.0,248.53151735114346,true
1,2,08:15,5,09:00,3,1,,Idle,2,-0.0,0.0,248.53151735114346,true
1,2,08:15,6,09:15,4,1,,Idle,2,-0.0,0.0,248.53151735114346,false
1,2,08:15,7,09:30,5,1,,Serving CEV,2,-0.0,8.000000000000119,246.4262541932487,true
1,2,08:15,8,09:45,6,1,,Serving CEV,2,-0.0,8.000000000000046,244.32099103535396,true
1,2,08:15,9,10:00,7,1,,Idle,2,-0.0,0.0,244.32099103535396,false
1,2,08:15,10,10:15,8,1,,Idle,2,-0.0,0.0,244.32099103535396,false
1,2,08:15,11,10:30,9,1,,Idle,2,-0.0,0.0,244.32099103535396,false
1,2,08:15,12,10:45,10,1,,Serving CEV,2,-0.0,7.999999999279724,242.21572787764876,false
1,2,08:15,13,11:00,11,1,,Idle,2,-0.0,0.0,242.21572787764876,false
1,2,08:15,14,11:15,12,1,,Idle,2,-0.0,0.0,242.21572787764876,false
1,2,08:15,15,11:30,13,1,,Idle,2,-0.0,0.0,242.21572787764876,false
1,2,08:15,16,11:45,14,1,,Idle,2,-0.0,0.0,242.21572787764876,false
1,2,08:15,17,12:00,15,1,,Serving CEV,2,-0.0,7.2549473683700665,240.3065312017619,true
1,2,08:15,18,12:15,16,1,,Serving CEV,2,-0.0,7.999999999706029,238.20126804394454,false
1,2,08:15,19,12:30,17,1,,Traveling,Transit,-7.558959381265291e-12,0.0,238.20126804394275,false
1,2,08:15,20,12:45,18,1,,Charging (grid),1,1.9601532086113154,0.0,238.66680443098792,true
1,2,08:15,21,13:00,19,1,,Charging (grid),1,1.9601532086113154,1.8446828385003797e-11,239.13234081802813,true
1,2,08:15,22,13:15,20,1,,Charging (grid),1,1.9601532086113154,1.8446828385003797e-11,239.59787720506844,true
1,2,08:15,23,13:30,21,1,,Charging (grid),1,1.960153208607776,0.0,240.0634135921128,true
1,2,08:15,24,13:45,22,1,,Charging (grid),1,1.9601532086113154,0.0,240.52894997915797,true
1,2,08:15,25,14:00,23,1,,Charging (grid),1,1.9601532086113154,0.0,240.99448636620315,true
1,2,08:15,26,14:15,24,1,,Charging (grid),1,1.9601532086113151,0.0,241.46002275324832,true
1,2,08:15,27,14:30,25,1,,Charging (grid),1,1.9601532086113154,0.0,241.9255591402935,true
1,2,08:15,28,14:45,26,1,,Charging (grid),1,1.9601532086113151,0.0,242.39109552733868,true
1,2,08:15,29,15:00,27,1,,Charging (grid),1,1.9601532086113154,0.0,242.85663191438385,true
1,2,08:15,30,15:15,28,1,,Charging (grid),1,1.9601532086113154,0.0,243.32216830142903,true
1,2,08:15,31,15:30,29,1,,Charging (grid),1,1.9601532086113154,0.0,243.7877046884742,true
1,2,08:15,32,15:45,30,1,,Charging (grid),1,1.9601532086113154,0.0,244.25324107551938,true
1,2,08:15,33,16:00,31,1,,Traveling,Transit,-0.0,0.0,244.25324107551938,false
1,2,08:15,34,16:15,32,1,,Serving CEV,2,-0.0,8.000000000874351,242.14797791739454,false
1,2,08:15,35,16:30,33,1,,Idle,2,-0.0,0.0,242.14797791739454,false
1,2,08:15,36,16:45,34,1,,Idle,2,-0.0,0.0,242.14797791739454,false
1,2,08:15,37,17:00,35,1,,Serving CEV,2,-0.0,8.0,240.0427147594998,false
1,2,08:15,38,17:15,36,1,,Serving CEV,2,-0.0,8.0,237.93745160160506,false
1,2,08:15,39,17:30,37,1,,Idle,2,-0.0,0.0,237.93745160160506,true
1,2,08:15,40,17:45,38,1,,Serving CEV,2,-0.0,8.0,235.83218844371032,false
1,2,08:15,41,18:00,39,1,,Serving CEV,2,-0.0,8.0,233.72692528581558,false
1,2,08:15,42,18:15,40,1,,Serving CEV,2,-0.0,8.0,231.62166212792084,false
1,2,08:15,43,18:30,41,1,,Serving CEV,2,-0.0,8.0,229.5163989700261,true
1,2,08:15,44,18:45,42,1,,Traveling,Transit,-0.0,0.0,229.5163989700261,true
1,2,08:15,45,19:00,43,1,,Idle,1,-0.0,0.0,229.5163989700261,false
1,2,08:15,46,19:15,44,1,,Idle,1,-0.0,0.0,229.5163989700261,false
1,2,08:15,47,19:30,45,1,,Idle,1,-0.0,0.0,229.5163989700261,false
1,2,08:15,48,19:45,46,1,,Idle,1,-0.0,0.0,229.5163989700261,false
1,2,08:15,49,20:00,47,1,,Idle,1,-0.0,0.0,229.5163989700261,false
1,2,08:15,50,20:15,48,1,,Idle,1,-0.0,0.0,229.5163989700261,false
1,2,08:15,51,20:30,49,1,,Idle,1,-0.0,0.0,229.5163989700261,false
1,2,08:15,52,20:45,50,1,,Idle,1,-0.0,0.0,229.5163989700261,false
1,2,08:15,53,21:00,51,1,,Charging (grid),1,1.9601532086113154,0.0,229.98193535707128,true
1,2,08:15,54,21:15,52,1,,Charging (grid),1,1.9601532086113154,0.0,230.44747174411646,true
1,2,08:15,55,21:30,53,1,,Charging (grid),1,1.9601532086113154,0.0,230.91300813116163,true
1,2,08:15,56,21:45,54,1,,Charging (grid),1,1.9601532086113218,0.0,231.3785445182068,true
1,2,08:15,57,22:00,55,1,,Charging (grid),1,1.9601532086113154,0.0,231.84408090525199,true
1,2,08:15,58,22:15,56,1,,Charging (grid),1,1.9601532086113154,0.0,232.30961729229716,true
1,2,08:15,59,22:30,57,1,,Charging (grid),1,1.9601532086113154,0.0,232.77515367934234,true
1,2,08:15,60,22:45,58,1,,Charging (grid),1,1.9601532086113154,0.0,233.24069006638751,true
1,2,08:15,61,23:00,59,1,,Charging (grid),1,1.9601532086113154,0.0,233.7062264534327,true
1,2,08:15,62,23:15,60,1,,Charging (grid),1,1.9601532086113154,0.0,234.17176284047787,true
1,2,08:15,63,23:30,61,1,,Charging (grid),1,1.9601532086113154,0.0,234.63729922752304,true
1,2,08:15,64,23:45,62,1,,Charging (grid),1,1.9601532086113154,0.0,235.10283561456822,true
1,2,08:15,65,00:00,63,1,,Charging (grid),1,1.9601532086113154,0.0,235.5683720016134,true
1,2,08:15,66,00:15,64,1,,Charging (grid),1,1.9601532086113154,0.0,236.03390838865857,true
1,2,08:15,67,00:30,65,1,,Charging (grid),1,1.9601532086113154,0.0,236.49944477570375,true
1,2,08:15,68,00:45,66,1,,Charging (grid),1,1.9601532086113154,0.0,236.96498116274893,true
1,2,08:15,69,01:00,67,1,,Charging (grid),1,1.9601532086113154,0.0,237.4305175497941,true
1,2,08:15,70,01:15,68,1,,Charging (grid),1,1.9601532086113154,0.0,237.89605393683928,true
1,2,08:15,71,01:30,69,1,,Charging (grid),1,1.9601532086113154,0.0,238.36159032388446,true
1,2,08:15,72,01:45,70,1,,Charging (grid),1,1.9601532086113154,0.0,238.82712671092963,true
1,2,08:15,73,02:00,71,1,,Charging (grid),1,1.9601532086113154,0.0,239.2926630979748,true
1,2,08:15,74,02:15,72,1,,Charging (grid),1,1.9601532086113154,0.0,239.75819948502,true
1,2,08:15,75,02:30,73,1,,Charging (grid),1,1.9601532086113154,0.0,240.22373587206516,true
1,2,08:15,76,02:45,74,1,,Charging (grid),1,1.9601532086113154,0.0,240.68927225911034,true
1,2,08:15,77,03:00,75,1,,Charging (grid),1,1.9601532086113154,0.0,241.15480864615552,true
1,2,08:15,78,03:15,76,1,,Charging (grid),1,1.9601532086113154,0.0,241.6203450332007,true
1,2,08:15,79,03:30,77,1,,Charging (grid),1,1.9601532086113154,0.0,242.08588142024587,true
1,2,08:15,80,03:45,78,1,,Charging (grid),1,1.9601532086113154,0.0,242.55141780729105,true
1,2,08:15,81,04:00,79,1,,Charging (grid),1,1.9601532086113154,0.0,243.01695419433622,true
1,2,08:15,82,04:15,80,1,,Charging (grid),1,1.9601532086113154,0.0,243.4824905813814,true
1,2,08:15,83,04:30,81,1,,Charging (grid),1,1.9601532086113154,0.0,243.94802696842657,true
1,2,08:15,84,04:45,82,1,,Charging (grid),1,1.9601532086113154,0.0,244.41356335547175,true
1,2,08:15,85,05:00,83,1,,Charging (grid),1,1.9601532086113154,0.0,244.87909974251693,true
1,2,08:15,86,05:15,84,1,,Charging (grid),1,1.9601532086113154,0.0,245.3446361295621,true
1,2,08:15,87,05:30,85,1,,Charging (grid),1,1.9601532086113154,0.0,245.81017251660728,true
1,2,08:15,88,05:45,86,1,,Charging (grid),1,1.9601532086113154,0.0,246.27570890365246,true
1,2,08:15,89,06:00,87,1,,Charging (grid),1,1.9601532086113154,0.0,246.74124529069763,true
1,2,08:15,90,06:15,88,1,,Charging (grid),1,1.9601532086113156,0.0,247.2067816777428,true
1,2,08:15,91,06:30,89,1,,Charging (grid),1,1.9601532086113154,0.0,247.672318064788,true
1,2,08:15,92,06:45,90,1,,Charging (grid),1,1.9601532086113154,5.534048515501139e-11,248.1378544518192,true
1,2,08:15,93,07:00,91,1,,Charging (grid),1,1.9601532086113154,0.0,248.60339083886439,true
1,2,08:15,94,07:15,92,1,,Charging (grid),1,1.9601532086113154,0.0,249.0689272259096,true
1,2,08:15,95,07:30,93,1,,Charging (grid),1,1.9601532086113154,0.0,249.53446361295477,true
1,2,08:15,96,07:45,94,1,,Charging (grid),1,1.960153208611509,0.0,250.0,true
1,3,08:30,3,08:30,0,1,,Idle,2,0.0,0.0,248.53151735114346,false
1,3,08:30,4,08:45,1,1,,Idle,2,-0.0,0.0,248.53151735114346,false
1,3,08:30,5,09:00,2,1,,Idle,2,-0.0,0.0,248.53151735114346,false
1,3,08:30,6,09:15,3,1,,Serving CEV,2,-0.0,7.254947368421034,246.6223206752432,true
1,3,08:30,7,09:30,4,1,,Idle,2,-0.0,0.0,246.6223206752432,true
1,3,08:30,8,09:45,5,1,,Serving CEV,2,-0.0,8.0,244.51705751734846,false
1,3,08:30,9,10:00,6,1,,Idle,2,-0.0,0.0,244.51705751734846,false
1,3,08:30,10,10:15,7,1,,Idle,2,-0.0,0.0,244.51705751734846,false
1,3,08:30,11,10:30,8,1,,Idle,2,-0.0,0.0,244.51705751734846,false
1,3,08:30,12,10:45,9,1,,Serving CEV,2,-0.0,8.0,242.41179435945372,false
1,3,08:30,13,11:00,10,1,,Idle,2,-0.0,0.0,242.41179435945372,false
1,3,08:30,14,11:15,11,1,,Idle,2,-0.0,0.0,242.41179435945372,false
1,3,08:30,15,11:30,12,1,,Idle,2,-0.0,0.0,242.41179435945372,false
1,3,08:30,16,11:45,13,1,,Idle,2,-0.0,0.0,242.41179435945372,false
1,3,08:30,17,12:00,14,1,,Serving CEV,2,-0.0,8.0,240.30653120155898,true
1,3,08:30,18,12:15,15,1,,Serving CEV,2,-0.0,8.0,238.20126804366424,false
1,3,08:30,19,12:30,16,1,,Traveling,Transit,-0.0,0.0,238.20126804366424,false
1,3,08:30,20,12:45,17,1,,Charging (grid),1,1.9601532086130322,0.0,238.66680443070985,false
1,3,08:30,21,13:00,18,1,,Charging (grid),1,1.9601532086130322,0.0,239.13234081775545,false
1,3,08:30,22,13:15,19,1,,Charging (grid),1,1.9601532086130324,0.0,239.59787720480105,false
1,3,08:30,23,13:30,20,1,,Charging (grid),1,1.9601532086130322,0.0,240.06341359184665,false
1,3,08:30,24,13:45,21,1,,Charging (grid),1,1.9601532086130322,0.0,240.52894997889226,false
1,3,08:30,25,14:00,22,1,,Charging (grid),1,1.9601532086130322,0.0,240.99448636593786,false
1,3,08:30,26,14:15,23,1,,Charging (grid),1,1.9601532086130322,0.0,241.46002275298346,false
1,3,08:30,27,14:30,24,1,,Charging (grid),1,1.9601532086130322,0.0,241.92555914002907,false
1,3,08:30,28,14:45,25,1,,Charging (grid),1,1.9601532086130322,0.0,242.39109552707467,false
1,3,08:30,29,15:00,26,1,,Charging (grid),1,1.9601532086130322,0.0,242.85663191412027,false
1,3,08:30,30,15:15,27,1,,Charging (grid),1,1.9601532086130322,0.0,243.32216830116587,false
1,3,08:30,31,15:30,28,1,,Charging (grid),1,1.9601532086130322,0.0,243.78770468821148,false
1,3,08:30,32,15:45,29,1,,Charging (grid),1,1.9601532086130322,0.0,244.25324107525708,false
1,3,08:30,33,16:00,30,1,,Traveling,Transit,-0.0,0.0,244.25324107525708,false
1,3,08:30,34,16:15,31,1,,Serving CEV,2,-0.0,8.0,242.14797791736234,false
1,3,08:30,35,16:30,32,1,,Idle,2,-0.0,0.0,242.14797791736234,false
1,3,08:30,36,16:45,33,1,,Idle,2,-0.0,0.0,242.14797791736234,false
1,3,08:30,37,17:00,34,1,,Idle,2,-0.0,0.0,242.14797791736234,true
1,3,08:30,38,17:15,35,1,,Idle,2,-0.0,0.0,242.14797791736234,true
1,3,08:30,39,17:30,36,1,,Serving CEV,2,-0.0,8.0,240.0427147594676,true
1,3,08:30,40,17:45,37,1,,Serving CEV,2,-0.0,8.0,237.93745160157286,false
1,3,08:30,41,18:00,38,1,,Serving CEV,2,-0.0,8.0,235.83218844367812,false
1,3,08:30,42,18:15,39,1,,Serving CEV,2,-0.0,8.0,233.72692528578338,false
1,3,08:30,43,18:30,40,1,,Serving CEV,2,-0.0,8.0,231.62166212788864,false
1,3,08:30,44,18:45,41,1,,Idle,2,-0.0,0.0,231.62166212788864,true
1,3,08:30,45,19:00,42,1,,Serving CEV,2,-0.0,8.0,229.5163989699939,true
1,3,08:30,46,19:15,43,1,,Traveling,Transit,-0.0,0.0,229.5163989699939,true
1,3,08:30,47,19:30,44,1,,Idle,1,-0.0,0.0,229.5163989699939,false
1,3,08:30,48,19:45,45,1,,Idle,1,-0.0,0.0,229.5163989699939,false
1,3,08:30,49,20:00,46,1,,Idle,1,-0.0,0.0,229.5163989699939,false
1,3,08:30,50,20:15,47,1,,Idle,1,-0.0,0.0,229.5163989699939,false
1,3,08:30,51,20:30,48,1,,Idle,1,-0.0,0.0,229.5163989699939,false
1,3,08:30,52,20:45,49,1,,Idle,1,-0.0,0.0,229.5163989699939,false
1,3,08:30,53,21:00,50,1,,Charging (grid),1,1.9601532086130322,0.0,229.9819353570395,false
1,3,08:30,54,21:15,51,1,,Charging (grid),1,1.9601532086130322,0.0,230.4474717440851,false
1,3,08:30,55,21:30,52,1,,Charging (grid),1,1.9601532086130322,0.0,230.9130081311307,false
1,3,08:30,56,21:45,53,1,,Charging (grid),1,1.9601532086130322,0.0,231.3785445181763,false
1,3,08:30,57,22:00,54,1,,Charging (grid),1,1.9601532086130322,0.0,231.84408090522192,false
1,3,08:30,58,22:15,55,1,,Charging (grid),1,1.9601532086130322,0.0,232.30961729226752,false
1,3,08:30,59,22:30,56,1,,Charging (grid),1,1.9601532086130322,0.0,232.77515367931312,false
1,3,08:30,60,22:45,57,1,,Charging (grid),1,1.9601532086130322,0.0,233.24069006635872,false
1,3,08:30,61,23:00,58,1,,Charging (grid),1,1.9601532086130322,0.0,233.70622645340433,false
1,3,08:30,62,23:15,59,1,,Charging (grid),1,1.9601532086130322,0.0,234.17176284044993,false
1,3,08:30,63,23:30,60,1,,Charging (grid),1,1.9601532086130322,0.0,234.63729922749553,false
1,3,08:30,64,23:45,61,1,,Charging (grid),1,1.9601532086130322,0.0,235.10283561454114,false
1,3,08:30,65,00:00,62,1,,Charging (grid),1,1.9601532086130322,0.0,235.56837200158674,false
1,3,08:30,66,00:15,63,1,,Charging (grid),1,1.9601532086130322,0.0,236.03390838863234,false
1,3,08:30,67,00:30,64,1,,Charging (grid),1,1.9601532086130322,0.0,236.49944477567794,false
1,3,08:30,68,00:45,65,1,,Charging (grid),1,1.9601532086130322,0.0,236.96498116272355,false
1,3,08:30,69,01:00,66,1,,Charging (grid),1,1.9601532086130322,0.0,237.43051754976915,false
1,3,08:30,70,01:15,67,1,,Charging (grid),1,1.9601532086130322,0.0,237.89605393681475,false
1,3,08:30,71,01:30,68,1,,Charging (grid),1,1.9601532086130322,0.0,238.36159032386036,false
1,3,08:30,72,01:45,69,1,,Charging (grid),1,1.9601532086130322,0.0,238.82712671090596,false
1,3,08:30,73,02:00,70,1,,Charging (grid),1,1.9601532086130322,0.0,239.29266309795156,false
1,3,08:30,74,02:15,71,1,,Charging (grid),1,1.9601532086130322,0.0,239.75819948499716,false
1,3,08:30,75,02:30,72,1,,Charging (grid),1,1.9601532086130322,0.0,240.22373587204277,false
1,3,08:30,76,02:45,73,1,,Charging (grid),1,1.9601532086130322,0.0,240.68927225908837,false
1,3,08:30,77,03:00,74,1,,Charging (grid),1,1.9601532086130322,0.0,241.15480864613397,false
1,3,08:30,78,03:15,75,1,,Charging (grid),1,1.9601532086130322,0.0,241.62034503317958,false
1,3,08:30,79,03:30,76,1,,Charging (grid),1,1.9601532086130322,0.0,242.08588142022518,false
1,3,08:30,80,03:45,77,1,,Charging (grid),1,1.9601532086130322,0.0,242.55141780727078,false
1,3,08:30,81,04:00,78,1,,Charging (grid),1,1.9601532086130322,0.0,243.01695419431638,false
1,3,08:30,82,04:15,79,1,,Charging (grid),1,1.9601532086130322,0.0,243.482490581362,false
1,3,08:30,83,04:30,80,1,,Charging (grid),1,1.9601532086130322,0.0,243.9480269684076,false
1,3,08:30,84,04:45,81,1,,Charging (grid),1,1.9601532086130322,0.0,244.4135633554532,false
1,3,08:30,85,05:00,82,1,,Charging (grid),1,1.9601532086130322,0.0,244.8790997424988,false
1,3,08:30,86,05:15,83,1,,Charging (grid),1,1.9601532086130322,0.0,245.3446361295444,false
1,3,08:30,87,05:30,84,1,,Charging (grid),1,1.9601532086130322,0.0,245.81017251659,false
1,3,08:30,88,05:45,85,1,,Charging (grid),1,1.9601532086130322,0.0,246.2757089036356,false
1,3,08:30,89,06:00,86,1,,Charging (grid),1,1.9601532086130322,0.0,246.7412452906812,false
1,3,08:30,90,06:15,87,1,,Charging (grid),1,1.9601532086130322,0.0,247.2067816777268,false
1,3,08:30,91,06:30,88,1,,Charging (grid),1,1.9601532086130322,0.0,247.6723180647724,false
1,3,08:30,92,06:45,89,1,,Charging (grid),1,1.9601532086130322,0.0,248.13785445181801,false
1,3,08:30,93,07:00,90,1,,Charging (grid),1,1.9601532086130322,0.0,248.60339083886362,false
1,3,08:30,94,07:15,91,1,,Charging (grid),1,1.9601532086130322,0.0,249.06892722590922,false
1,3,08:30,95,07:30,92,1,,Charging (grid),1,1.9601532086130322,0.0,249.5344636129544,false
1,3,08:30,96,07:45,93,1,,Charging (grid),1,1.9601532086130646,0.0,250.0,false
1,4,08:45,4,08:45,0,1,,Idle,2,0.0,0.0,248.53151735114346,false
1,4,08:45,5,09:00,1,1,,Idle,2,-0.0,0.0,248.53151735114346,false
1,4,08:45,6,09:15,2,1,,Serving CEV,2,-0.0,8.0,246.42625419324872,true
1,4,08:45,7,09:30,3,1,,Serving CEV,2,-0.0,7.7026980862873105,244.39922838106784,true
1,4,08:45,8,09:45,4,1,,Idle,2,-0.0,0.0,244.39922838106784,true
1,4,08:45,9,10:00,5,1,,Idle,2,-0.0,0.0,244.39922838106784,false
1,4,08:45,10,10:15,6,1,,Idle,2,-0.0,0.0,244.39922838106784,false
1,4,08:45,11,10:30,7,1,,Idle,2,-0.0,0.0,244.39922838106784,false
1,4,08:45,12,10:45,8,1,,Serving CEV,2,-0.0,7.999999999999998,242.2939652231731,false
1,4,08:45,13,11:00,9,1,,Idle,2,-0.0,0.0,242.2939652231731,false
1,4,08:45,14,11:15,10,1,,Idle,2,-0.0,0.0,242.2939652231731,false
1,4,08:45,15,11:30,11,1,,Idle,2,-0.0,0.0,242.2939652231731,false
1,4,08:45,16,11:45,12,1,,Idle,2,-0.0,0.0,242.2939652231731,false
1,4,08:45,17,12:00,13,1,,Serving CEV,2,-0.0,8.0,240.18870206527836,false
1,4,08:45,18,12:15,14,1,,Serving CEV,2,-0.0,7.617263157894736,238.18415912899027,true
1,4,08:45,19,12:30,15,1,,Traveling,Transit,-0.0,0.0,238.18415912899027,false
1,4,08:45,20,12:45,16,1,,Charging (grid),1,1.9714435492738713,0.0,238.65237697194283,true
1,4,08:45,21,13:00,17,1,,Charging (grid),1,1.9714435492738713,0.0,239.12059481489538,true
1,4,08:45,22,13:15,18,1,,Charging (grid),1,1.9714435492738713,0.0,239.58881265784794,true
1,4,08:45,23,13:30,19,1,,Charging (grid),1,1.9714435492738713,0.0,240.0570305008005,true
1,4,08:45,24,13:45,20,1,,Charging (grid),1,1.9714435492738713,0.0,240.52524834375305,true
1,4,08:45,25,14:00,21,1,,Charging (grid),1,1.9714435492738713,0.0,240.9934661867056,true
1,4,08:45,26,14:15,22,1,,Charging (grid),1,1.9714435492738713,0.0,241.46168402965816,true
1,4,08:45,27,14:30,23,1,,Charging (grid),1,1.9714435492738713,0.0,241.9299018726107,true
1,4,08:45,28,14:45,24,1,,Charging (grid),1,1.9714435492738713,0.0,242.39811971556327,true
1,4,08:45,29,15:00,25,1,,Charging (grid),1,1.9714435492738713,0.0,242.86633755851582,true
1,4,08:45,30,15:15,26,1,,Charging (grid),1,1.9714435492738713,0.0,243.33455540146838,true
1,4,08:45,31,15:30,27,1,,Charging (grid),1,1.9714435492738713,0.0,243.80277324442093,true
1,4,08:45,32,15:45,28,1,,Charging (grid),1,1.9714435492738713,0.0,244.2709910873735,true
1,4,08:45,33,16:00,29,1,,Traveling,Transit,-0.0,0.0,244.2709910873735,false
1,4,08:45,34,16:15,30,1,,Serving CEV,2,-0.0,8.0,242.16572792947875,false
1,4,08:45,35,16:30,31,1,,Idle,2,-0.0,0.0,242.16572792947875,false
1,4,08:45,36,16:45,32,1,,Idle,2,-0.0,0.0,242.16572792947875,false
1,4,08:45,37,17:00,33,1,,Serving CEV,2,-0.0,8.0,240.060464771584,true
1,4,08:45,38,17:15,34,1,,Serving CEV,2,-0.0,8.0,237.95520161368927,true
1,4,08:45,39,17:30,35,1,,Idle,2,-0.0,0.0,237.95520161368927,true
1,4,08:45,40,17:45,36,1,,Idle,2,-0.0,0.0,237.95520161368927,true
1,4,08:45,41,18:00,37,1,,Idle,2,-0.0,0.0,237.95520161368927,true
1,4,08:45,42,18:15,38,1,,Idle,2,-0.0,0.0,237.95520161368927,true
1,4,08:45,43,18:30,39,1,,Idle,2,-0.0,0.0,237.95520161368927,true
1,4,08:45,44,18:45,40,1,,Serving CEV,2,-0.0,8.0,235.84993845579453,true
1,4,08:45,45,19:00,41,1,,Serving CEV,2,-0.0,8.0,233.7446752978998,false
1,4,08:45,46,19:15,42,1,,Serving CEV,2,-0.0,8.0,231.63941214000505,true
1,4,08:45,47,19:30,43,1,,Serving CEV,2,-0.0,8.0,229.5341489821103,true
1,4,08:45,48,19:45,44,1,,Serving CEV,2,-0.0,0.5157894736842108,229.39841491008815,true
1,4,08:45,49,20:00,45,1,,Traveling,Transit,-0.0,0.0,229.39841491008815,true
1,4,08:45,50,20:15,46,1,,Idle,1,-0.0,0.0,229.39841491008815,false
1,4,08:45,51,20:30,47,1,,Idle,1,-0.0,0.0,229.39841491008815,false
1,4,08:45,52,20:45,48,1,,Idle,1,-0.0,0.0,229.39841491008815,false
1,4,08:45,53,21:00,49,1,,Charging (grid),1,1.9714435492738713,0.0,229.8666327530407,true
1,4,08:45,54,21:15,50,1,,Charging (grid),1,1.9714435492738713,0.0,230.33485059599326,true
1,4,08:45,55,21:30,51,1,,Charging (grid),1,1.9714435492738713,0.0,230.80306843894581,true
1,4,08:45,56,21:45,52,1,,Charging (grid),1,1.9714435492738713,0.0,231.27128628189837,true
1,4,08:45,57,22:00,53,1,,Charging (grid),1,1.9714435492738713,0.0,231.73950412485092,true
1,4,08:45,58,22:15,54,1,,Charging (grid),1,1.9714435492738713,0.0,232.20772196780348,true
1,4,08:45,59,22:30,55,1,,Charging (grid),1,1.9714435492738713,0.0,232.67593981075603,true
1,4,08:45,60,22:45,56,1,,Charging (grid),1,1.9714435492738713,0.0,233.1441576537086,true
1,4,08:45,61,23:00,57,1,,Charging (grid),1,1.9714435492738713,0.0,233.61237549666114,true
1,4,08:45,62,23:15,58,1,,Charging (grid),1,1.9714435492738713,0.0,234.0805933396137,true
1,4,08:45,63,23:30,59,1,,Charging (grid),1,1.9714435492738713,0.0,234.54881118256625,true
1,4,08:45,64,23:45,60,1,,Charging (grid),1,1.9714435492738713,0.0,235.0170290255188,true
1,4,08:45,65,00:00,61,1,,Charging (grid),1,1.9714435492738713,0.0,235.48524686847136,true
1,4,08:45,66,00:15,62,1,,Charging (grid),1,1.9714435492738713,0.0,235.95346471142392,true
1,4,08:45,67,00:30,63,1,,Charging (grid),1,1.9714435492738713,0.0,236.42168255437647,true
1,4,08:45,68,00:45,64,1,,Charging (grid),1,1.9714435492738713,0.0,236.88990039732903,true
1,4,08:45,69,01:00,65,1,,Charging (grid),1,1.9714435492738713,0.0,237.35811824028158,true
1,4,08:45,70,01:15,66,1,,Charging (grid),1,1.9714435492738713,0.0,237.82633608323414,true
1,4,08:45,71,01:30,67,1,,Charging (grid),1,1.9714435492738713,0.0,238.2945539261867,true
1,4,08:45,72,01:45,68,1,,Charging (grid),1,1.9714435492738713,0.0,238.76277176913925,true
1,4,08:45,73,02:00,69,1,,Charging (grid),1,1.9714435492738713,0.0,239.2309896120918,true
1,4,08:45,74,02:15,70,1,,Charging (grid),1,1.9714435492738713,0.0,239.69920745504436,true
1,4,08:45,75,02:30,71,1,,Charging (grid),1,1.9714435492738713,0.0,240.1674252979969,true
1,4,08:45,76,02:45,72,1,,Charging (grid),1,1.9714435492738713,0.0,240.63564314094947,true
1,4,08:45,77,03:00,73,1,,Charging (grid),1,1.9714435492738713,0.0,241.10386098390202,true
1,4,08:45,78,03:15,74,1,,Charging (grid),1,1.9714435492738713,0.0,241.57207882685458,true
1,4,08:45,79,03:30,75,1,,Charging (grid),1,1.9714435492738713,0.0,242.04029666980713,true
1,4,08:45,80,03:45,76,1,,Charging (grid),1,1.9714435492738713,0.0,242.5085145127597,true
1,4,08:45,81,04:00,77,1,,Charging (grid),1,1.9714435492738713,0.0,242.97673235571224,true
1,4,08:45,82,04:15,78,1,,Charging (grid),1,1.9714435492738713,0.0,243.4449501986648,true
1,4,08:45,83,04:30,79,1,,Charging (grid),1,1.9714435492738713,0.0,243.91316804161735,true
1,4,08:45,84,04:45,80,1,,Charging (grid),1,1.9714435492738713,0.0,244.3813858845699,true
1,4,08:45,85,05:00,81,1,,Charging (grid),1,1.9714435492738713,0.0,244.84960372752246,true
1,4,08:45,86,05:15,82,1,,Charging (grid),1,1.9714435492738713,0.0,245.31782157047502,true
1,4,08:45,87,05:30,83,1,,Charging (grid),1,1.9714435492738713,0.0,245.78603941342757,true
1,4,08:45,88,05:45,84,1,,Charging (grid),1,1.9714435492738713,0.0,246.25425725638013,true
1,4,08:45,89,06:00,85,1,,Charging (grid),1,1.9714435492738713,0.0,246.72247509933268,true
1,4,08:45,90,06:15,86,1,,Charging (grid),1,1.9714435492738713,0.0,247.19069294228524,true
1,4,08:45,91,06:30,87,1,,Charging (grid),1,1.9714435492738713,0.0,247.6589107852378,true
1,4,08:45,92,06:45,88,1,,Charging (grid),1,1.9714435492738713,0.0,248.12712862819035,true
1,4,08:45,93,07:00,89,1,,Charging (grid),1,1.9714435492738713,0.0,248.5953464711429,true
1,4,08:45,94,07:15,90,1,,Charging (grid),1,1.9714435492738713,0.0,249.06356431409546,true
1,4,08:45,95,07:30,91,1,,Charging (grid),1,1.9714435492738713,0.0,249.53178215704747,true
1,4,08:45,96,07:45,92,1,,Charging (grid),1,1.971443549273796,0.0,250.0,true
1,5,09:00,5,09:00,0,1,,Serving CEV,2,0.0,8.0,246.42625419324872,true
1,5,09:00,6,09:15,1,1,,Idle,2,0.0,0.0,246.42625419324872,true
1,5,09:00,7,09:30,2,1,,Serving CEV,2,0.0,8.000000000000004,244.32099103535398,true
1,5,09:00,8,09:45,3,1,,Traveling,Transit,0.0,0.0,244.32099103535398,true
1,5,09:00,9,10:00,4,1,,Charging (grid),1,2.0242991766529452,0.0,244.80176208980905,true
1,5,09:00,10,10:15,5,1,,Charging (grid),1,1.6443257500645814,0.0,245.19228945544938,true
1,5,09:00,11,10:30,6,1,,Charging (grid),1,2.0242991766529452,0.0,245.67306050990445,true
1,5,09:00,12,10:45,7,1,,Charging (grid),1,2.0242991766529452,0.0,246.1538315643595,true
1,5,09:00,13,11:00,8,1,,Charging (grid),1,2.0242991766529452,0.0,246.63460261881457,true
1,5,09:00,14,11:15,9,1,,Charging (grid),1,2.0242991766529452,0.0,247.11537367326963,true
1,5,09:00,15,11:30,10,1,,Charging (grid),1,2.0242991766529452,0.0,247.5961447277247,true
1,5,09:00,16,11:45,11,1,,Charging (grid),1,2.0242991766529452,0.0,248.07691578217975,true
1,5,09:00,17,12:00,12,1,,Charging (grid),1,2.0242991766529452,0.0,248.55768683663482,true
1,5,09:00,18,12:15,13,1,,Charging (grid),1,2.0242991766529452,0.0,249.03845789108988,true
1,5,09:00,19,12:30,14,1,,Charging (grid),1,2.0242991766529452,0.0,249.51922894554494,true
1,5,09:00,20,12:45,15,1,,Charging (grid),1,2.0242991766529452,0.0,250.0,true
1,5,09:00,21,13:00,16,1,,Traveling,Transit,-0.0,0.0,250.0,true
1,5,09:00,22,13:15,17,1,,Serving CEV,2,-0.0,8.0,247.89473684210526,true
1,5,09:00,23,13:30,18,1,,Serving CEV,2,-0.0,8.0,245.78947368421052,true
1,5,09:00,24,13:45,19,1,,Serving CEV,2,-0.0,7.999999999999995,243.68421052631578,true
1,5,09:00,25,14:00,20,1,,Idle,2,-0.0,0.0,243.68421052631578,true
1,5,09:00,26,14:15,21,1,,Idle,2,-0.0,0.0,243.68421052631578,true
1,5,09:00,27,14:30,22,1,,Serving CEV,2,-0.0,8.0,241.57894736842104,true
1,5,09:00,28,14:45,23,1,,Idle,2,-0.0,0.0,241.57894736842104,true
1,5,09:00,29,15:00,24,1,,Idle,2,-0.0,0.0,241.57894736842104,true
1,5,09:00,30,15:15,25,1,,Idle,2,-0.0,0.0,241.57894736842104,true
1,5,09:00,31,15:30,26,1,,Idle,2,-0.0,0.0,241.57894736842104,true
1,5,09:00,32,15:45,27,1,,Serving CEV,2,-0.0,8.0,239.4736842105263,true
1,5,09:00,33,16:00,28,1,,Idle,2,0.0,0.0,239.4736842105263,true
1,5,09:00,34,16:15,29,1,,Idle,2,-0.0,0.0,239.4736842105263,true
1,5,09:00,35,16:30,30,1,,Idle,2,-0.0,0.0,239.4736842105263,false
1,5,09:00,36,16:45,31,1,,Idle,2,-0.0,0.0,239.4736842105263,false
1,5,09:00,37,17:00,32,1,,Serving CEV,2,-0.0,0.3849203048883645,239.37238939345042,true
1,5,09:00,38,17:15,33,1,,Serving CEV,2,-0.0,8.0,237.26712623555568,false
1,5,09:00,39,17:30,34,1,,Idle,2,-0.0,0.0,237.26712623555568,false
1,5,09:00,40,17:45,35,1,,Idle,2,-0.0,0.0,237.26712623555568,false
1,5,09:00,41,18:00,36,1,,Idle,2,-0.0,0.0,237.26712623555568,false
1,5,09:00,42,18:15,37,1,,Serving CEV,2,-0.0,8.0,235.16186307766094,true
1,5,09:00,43,18:30,38,1,,Serving CEV,2,-0.0,8.0,233.0565999197662,true
1,5,09:00,44,18:45,39,1,,Serving CEV,2,-0.0,8.0,230.95133676187146,false
1,5,09:00,45,19:00,40,1,,Serving CEV,2,-0.0,8.0,228.84607360397672,false
1,5,09:00,46,19:15,41,1,,Traveling,Transit,-0.0,0.0,228.84607360397672,true
1,5,09:00,47,19:30,42,1,,Idle,1,-0.0,0.0,228.84607360397672,true
1,5,09:00,48,19:45,43,1,,Idle,1,-0.0,0.0,228.84607360397672,true
1,5,09:00,49,20:00,44,1,,Idle,1,-0.0,0.0,228.84607360397672,true
1,5,09:00,50,20:15,45,1,,Idle,1,-0.0,0.0,228.84607360397672,false
1,5,09:00,51,20:30,46,1,,Idle,1,-0.0,0.0,228.84607360397672,false
1,5,09:00,52,20:45,47,1,,Idle,1,-0.0,0.0,228.84607360397672,false
1,5,09:00,53,21:00,48,1,,Charging (grid),1,2.0242991766529452,0.0,229.32684465843178,true
1,5,09:00,54,21:15,49,1,,Charging (grid),1,2.0242991766529452,0.0,229.80761571288684,true
1,5,09:00,55,21:30,50,1,,Charging (grid),1,2.0242991766529452,0.0,230.2883867673419,true
1,5,09:00,56,21:45,51,1,,Charging (grid),1,2.0242991766529452,0.0,230.76915782179697,true
1,5,09:00,57,22:00,52,1,,Charging (grid),1,2.0242991766529452,0.0,231.24992887625203,true
1,5,09:00,58,22:15,53,1,,Charging (grid),1,2.0242991766529452,0.0,231.7306999307071,true
1,5,09:00,59,22:30,54,1,,Charging (grid),1,2.0242991766529452,0.0,232.21147098516215,true
1,5,09:00,60,22:45,55,1,,Charging (grid),1,2.0242991766529452,0.0,232.6922420396172,true
1,5,09:00,61,23:00,56,1,,Charging (grid),1,2.0242991766529452,0.0,233.17301309407227,true
1,5,09:00,62,23:15,57,1,,Charging (grid),1,2.0242991766529452,0.0,233.65378414852734,true
1,5,09:00,63,23:30,58,1,,Charging (grid),1,2.0242991766529452,0.0,234.1345552029824,true
1,5,09:00,64,23:45,59,1,,Charging (grid),1,2.0242991766529452,0.0,234.61532625743746,true
1,5,09:00,65,00:00,60,1,,Charging (grid),1,2.0242991766529452,0.0,235.09609731189252,true
1,5,09:00,66,00:15,61,1,,Charging (grid),1,2.0242991766529452,0.0,235.57686836634758,true
1,5,09:00,67,00:30,62,1,,Charging (grid),1,2.0242991766529452,0.0,236.05763942080264,true
1,5,09:00,68,00:45,63,1,,Charging (grid),1,2.0242991766529452,0.0,236.5384104752577,true
1,5,09:00,69,01:00,64,1,,Charging (grid),1,2.0242991766529452,0.0,237.01918152971277,true
1,5,09:00,70,01:15,65,1,,Charging (grid),1,2.0242991766529452,0.0,237.49995258416783,true
1,5,09:00,71,01:30,66,1,,Charging (grid),1,2.0242991766529452,0.0,237.9807236386229,true
1,5,09:00,72,01:45,67,1,,Charging (grid),1,2.0242991766529452,0.0,238.46149469307795,true
1,5,09:00,73,02:00,68,1,,Charging (grid),1,2.0242991766529452,0.0,238.942265747533,true
1,5,09:00,74,02:15,69,1,,Charging (grid),1,2.0242991766529452,0.0,239.42303680198808,true
1,5,09:00,75,02:30,70,1,,Charging (grid),1,2.0242991766529452,0.0,239.90380785644314,true
1,5,09:00,76,02:45,71,1,,Charging (grid),1,2.0242991766529452,0.0,240.3845789108982,true
1,5,09:00,77,03:00,72,1,,Charging (grid),1,2.0242991766529452,0.0,240.86534996535326,true
1,5,09:00,78,03:15,73,1,,Charging (grid),1,2.0242991766529452,0.0,241.34612101980832,true
1,5,09:00,79,03:30,74,1,,Charging (grid),1,2.0242991766529452,0.0,241.82689207426338,true
1,5,09:00,80,03:45,75,1,,Charging (grid),1,2.0242991766529452,0.0,242.30766312871845,true
1,5,09:00,81,04:00,76,1,,Charging (grid),1,2.0242991766529452,0.0,242.7884341831735,true
1,5,09:00,82,04:15,77,1,,Charging (grid),1,2.0242991766529452,0.0,243.26920523762857,true
1,5,09:00,83,04:30,78,1,,Charging (grid),1,2.0242991766529452,0.0,243.74997629208363,true
1,5,09:00,84,04:45,79,1,,Charging (grid),1,2.0242991766529452,0.0,244.2307473465387,true
1,5,09:00,85,05:00,80,1,,Charging (grid),1,2.0242991766529452,0.0,244.71151840099375,true
1,5,09:00,86,05:15,81,1,,Charging (grid),1,2.0242991766529452,0.0,245.19228945544882,true
1,5,09:00,87,05:30,82,1,,Charging (grid),1,2.0242991766529452,0.0,245.67306050990388,true
1,5,09:00,88,05:45,83,1,,Charging (grid),1,2.0242991766529452,0.0,246.15383156435894,true
1,5,09:00,89,06:00,84,1,,Charging (grid),1,2.0242991766529452,0.0,246.634602618814,true
1,5,09:00,90,06:15,85,1,,Charging (grid),1,2.0242991766529452,0.0,247.11537367326906,true
1,5,09:00,91,06:30,86,1,,Charging (grid),1,2.0242991766529452,0.0,247.59614472772412,true
1,5,09:00,92,06:45,87,1,,Charging (grid),1,2.0242991766529452,0.0,248.07691578217919,true
1,5,09:00,93,07:00,88,1,,Charging (grid),1,2.0242991766529452,0.0,248.55768683663425,true
1,5,09:00,94,07:15,89,1,,Charging (grid),1,2.0242991766529452,0.0,249.0384578910893,true
1,5,09:00,95,07:30,90,1,,Charging (grid),1,2.0242991766529452,0.0,249.51922894554494,true
1,5,09:00,96,07:45,91,1,,Charging (grid),1,2.024299176652891,0.0,250.0,true
1,6,09:15,6,09:15,0,1,,Idle,2,0.0,0.0,246.42625419324872,false
1,6,09:15,7,09:30,1,1,,Idle,2,-0.0,-3.352752798904811e-12,246.4262541932496,true
1,6,09:15,8,09:45,2,1,,Serving CEV,2,-0.0,7.999999999934017,244.32099103537135,true
1,6,09:15,9,10:00,3,1,,Idle,2,-0.0,0.0,244.32099103537135,true
1,6,09:15,10,10:15,4,1,,Idle,2,-0.0,0.0,244.32099103537135,true
1,6,09:15,11,10:30,5,1,,Idle,2,-0.0,0.0,244.32099103537135,true
1,6,09:15,12,10:45,6,1,,Serving CEV,2,-0.0,8.000000000018577,242.21572787747172,true
1,6,09:15,13,11:00,7,1,,Idle,2,-0.0,0.0,242.21572787747172,true
1,6,09:15,14,11:15,8,1,,Idle,2,-0.0,0.0,242.21572787748232,true
1,6,09:15,15,11:30,9,1,,Idle,2,-0.0,0.0,242.21572787748232,true
1,6,09:15,16,11:45,10,1,,Idle,2,-0.0,0.0,242.21572787748232,true
1,6,09:15,17,12:00,11,1,,Serving CEV,2,-0.0,8.0,240.11046471958758,true
1,6,09:15,18,12:15,12,1,,Serving CEV,2,-0.0,8.0,238.00520156169284,true
1,6,09:15,19,12:30,13,1,,Traveling,Transit,-0.0,0.0,238.00520156169284,true
1,6,09:15,20,12:45,14,1,,Charging (grid),1,1.9821189555064462,0.0,238.47595481362563,true
1,6,09:15,21,13:00,15,1,,Charging (grid),1,1.9821189555064462,0.0,238.94670806555843,true
1,6,09:15,22,13:15,16,1,,Charging (grid),1,1.9821189555064462,0.0,239.41746131749122,true
1,6,09:15,23,13:30,17,1,,Charging (grid),1,1.9821189555064462,0.0,239.888214569424,true
1,6,09:15,24,13:45,18,1,,Charging (grid),1,1.9821189555064462,0.0,240.35896782135688,true
1,6,09:15,25,14:00,19,1,,Charging (grid),1,1.9821189555064462,0.0,240.82972107328968,true
1,6,09:15,26,14:15,20,1,,Charging (grid),1,1.9821189555064462,0.0,241.30047432522247,true
1,6,09:15,27,14:30,21,1,,Charging (grid),1,1.9821189555064462,8.720737917198947e-13,241.771227577155,true
1,6,09:15,28,14:45,22,1,,Charging (grid),1,1.9821189555064462,0.0,242.2419808290878,true
1,6,09:15,29,15:00,23,1,,Charging (grid),1,1.9821189555064462,0.0,242.71273408102059,true
1,6,09:15,30,15:15,24,1,,Charging (grid),1,1.9821189555064462,0.0,243.18348733295338,true
1,6,09:15,31,15:30,25,1,,Charging (grid),1,1.9821189555064462,0.0,243.65424058488617,true
1,6,09:15,32,15:45,26,1,,Charging (grid),1,1.9821189555064462,0.0,244.12499383681896,true
1,6,09:15,33,16:00,27,1,,Traveling,Transit,-0.0,0.0,244.12499383681896,true
1,6,09:15,34,16:15,28,1,,Serving CEV,2,-0.0,7.9999999999998455,242.01973067892428,true
1,6,09:15,35,16:30,29,1,,Idle,2,-0.0,0.0,242.01973067892428,false
1,6,09:15,36,16:45,30,1,,Idle,2,-0.0,0.0,242.01973067890813,false
1,6,09:15,37,17:00,31,1,,Serving CEV,2,-0.0,7.999999999993656,239.91446752101507,true
1,6,09:15,38,17:15,32,1,,Serving CEV,2,-0.0,8.000000000008384,237.8092043631181,false
1,6,09:15,39,17:30,33,1,,Serving CEV,2,-0.0,7.9999999999687,235.70394120523162,true
1,6,09:15,40,17:45,34,1,,Serving CEV,2,-0.0,8.000000000002114,233.59867804733634,true
1,6,09:15,41,18:00,35,1,,Idle,2,-0.0,1.4583889651476056e-12,233.59867804733597,false
1,6,09:15,42,18:15,36,1,,Idle,2,-0.0,0.0,233.59867804733594,true
1,6,09:15,43,18:30,37,1,,Serving CEV,2,-0.0,8.000000000016085,231.49341488943696,false
1,6,09:15,44,18:45,38,1,,Serving CEV,2,-0.0,0.3849203045727846,231.39212007244413,true
1,6,09:15,45,19:00,39,1,,Serving CEV,2,-0.0,7.999999999999085,229.28685691454965,false
1,6,09:15,46,19:15,40,1,,Traveling,Transit,-0.0,0.0,229.28685691454965,false
1,6,09:15,47,19:30,41,1,,Idle,1,-0.0,0.0,229.28685691454965,false
1,6,09:15,48,19:45,42,1,,Idle,1,-0.0,0.0,229.28685691454965,false
1,6,09:15,49,20:00,43,1,,Idle,1,-0.0,0.0,229.28685691454965,false
1,6,09:15,50,20:15,44,1,,Idle,1,-0.0,0.0,229.28685691454965,false
1,6,09:15,51,20:30,45,1,,Idle,1,-0.0,0.0,229.28685691454965,false
1,6,09:15,52,20:45,46,1,,Idle,1,-0.0,0.0,229.28685691454965,false
1,6,09:15,53,21:00,47,1,,Charging (grid),1,1.9821189555064462,0.0,229.7576101664824,true
1,6,09:15,54,21:15,48,1,,Charging (grid),1,1.9821189555064462,0.0,230.2283634184152,true
1,6,09:15,55,21:30,49,1,,Charging (grid),1,1.9821189555064462,0.0,230.699116670348,true
1,6,09:15,56,21:45,50,1,,Charging (grid),1,1.9821189555064462,0.0,231.16986992228078,true
1,6,09:15,57,22:00,51,1,,Charging (grid),1,1.9821189555064462,0.0,231.64062317421357,true
1,6,09:15,58,22:15,52,1,,Charging (grid),1,1.9821189555064462,0.0,232.11137642614636,true
1,6,09:15,59,22:30,53,1,,Charging (grid),1,1.9821189555064462,0.0,232.58212967807916,true
1,6,09:15,60,22:45,54,1,,Charging (grid),1,1.9821189555064462,0.0,233.05288293001195,true
1,6,09:15,61,23:00,55,1,,Charging (grid),1,1.9821189555064462,0.0,233.52363618194474,true
1,6,09:15,62,23:15,56,1,,Charging (grid),1,1.9821189555064462,0.0,233.99438943387753,true
1,6,09:15,63,23:30,57,1,,Charging (grid),1,1.9821189555064462,0.0,234.46514268581032,true
1,6,09:15,64,23:45,58,1,,Charging (grid),1,1.9821189555064462,0.0,234.9358959377431,true
1,6,09:15,65,00:00,59,1,,Charging (grid),1,1.9821189555064462,0.0,235.4066491896759,true
1,6,09:15,66,00:15,60,1,,Charging (grid),1,1.9821189555064462,0.0,235.8774024416087,true
1,6,09:15,67,00:30,61,1,,Charging (grid),1,1.9821189555064462,0.0,236.34815569354149,true
1,6,09:15,68,00:45,62,1,,Charging (grid),1,1.9821189555064462,0.0,236.81890894547428,true
1,6,09:15,69,01:00,63,1,,Charging (grid),1,1.9821189555064462,0.0,237.28966219740707,true
1,6,09:15,70,01:15,64,1,,Charging (grid),1,1.9821189555064462,0.0,237.76041544933986,true
1,6,09:15,71,01:30,65,1,,Charging (grid),1,1.9821189555064462,0.0,238.23116870127265,true
1,6,09:15,72,01:45,66,1,,Charging (grid),1,1.9821189555064462,0.0,238.70192195320544,true
1,6,09:15,73,02:00,67,1,,Charging (grid),1,1.9821189555064462,0.0,239.17267520513823,true
1,6,09:15,74,02:15,68,1,,Charging (grid),1,1.9821189555064462,0.0,239.64342845707102,true
1,6,09:15,75,02:30,69,1,,Charging (grid),1,1.9821189555064462,0.0,240.11418170900382,true
1,6,09:15,76,02:45,70,1,,Charging (grid),1,1.9821189555064462,0.0,240.5849349609366,true
1,6,09:15,77,03:00,71,1,,Charging (grid),1,1.9821189555064462,0.0,241.0556882128694,true
1,6,09:15,78,03:15,72,1,,Charging (grid),1,1.9821189555064462,0.0,241.5264414648022,true
1,6,09:15,79,03:30,73,1,,Charging (grid),1,1.9821189555064462,0.0,241.99719471673498,true
1,6,09:15,80,03:45,74,1,,Charging (grid),1,1.9821189555064462,0.0,242.46794796866777,true
1,6,09:15,81,04:00,75,1,,Charging (grid),1,1.9821189555064462,0.0,242.93870122060056,true
1,6,09:15,82,04:15,76,1,,Charging (grid),1,1.9821189555064462,0.0,243.40945447253335,true
1,6,09:15,83,04:30,77,1,,Charging (grid),1,1.9821189555064462,0.0,243.88020772446615,true
1,6,09:15,84,04:45,78,1,,Charging (grid),1,1.9821189555064462,0.0,244.35096097639894,true
1,6,09:15,85,05:00,79,1,,Charging (grid),1,1.9821189555064462,0.0,244.82171422833173,true
1,6,09:15,86,05:15,80,1,,Charging (grid),1,1.9821189555064462,0.0,245.29246748026452,true
1,6,09:15,87,05:30,81,1,,Charging (grid),1,1.982118955506446,0.0,245.7632207321973,true
1,6,09:15,88,05:45,82,1,,Charging (grid),1,1.9821189555064462,0.0,246.2339739841301,true
1,6,09:15,89,06:00,83,1,,Charging (grid),1,1.9821189555064462,0.0,246.7047272360629,true
1,6,09:15,90,06:15,84,1,,Charging (grid),1,1.9821189555064462,0.0,247.17548048799569,true
1,6,09:15,91,06:30,85,1,,Charging (grid),1,1.9821189555064462,0.0,247.64623373992848,true
1,6,09:15,92,06:45,86,1,,Charging (grid),1,1.9821189555064462,0.0,248.11698699186127,true
1,6,09:15,93,07:00,87,1,,Charging (grid),1,1.9821189555064462,0.0,248.58774024379406,true
1,6,09:15,94,07:15,88,1,,Charging (grid),1,1.9821189555064462,0.0,249.05849349613442,true
1,6,09:15,95,07:30,89,1,,Charging (grid),1,1.9821189555064462,0.0,249.5292467480672,true
1,6,09:15,96,07:45,90,1,,Charging (grid),1,1.9821189555064898,0.0,250.0,true
1,7,09:30,7,09:30,0,1,,Idle,2,0.0,0.0,246.42625419324872,false
1,7,09:30,8,09:45,1,1,,Serving CEV,2,0.0,8.0,244.32099103535398,false
1,7,09:30,9,10:00,2,1,,Traveling,Transit,0.0,0.0,244.32099103535398,true
1,7,09:30,10,10:15,3,1,,Charging (grid),1,1.7668601622771347,0.0,244.7406203238948,true
1,7,09:30,11,10:30,4,1,,Charging (grid),1,2.013159684633564,0.0,245.21874574899527,true
1,7,09:30,12,10:45,5,1,,Charging (grid),1,2.013159684633564,0.0,245.69687117409575,true
1,7,09:30,13,11:00,6,1,,Charging (grid),1,2.013159684633564,0.0,246.17499659919622,true
1,7,09:30,14,11:15,7,1,,Charging (grid),1,2.013159684633564,0.0,246.6531220242967,true
1,7,09:30,15,11:30,8,1,,Charging (grid),1,2.013159684633564,0.0,247.13124744939716,true
1,7,09:30,16,11:45,9,1,,Charging (grid),1,2.013159684633564,0.0,247.60937287449764,true
1,7,09:30,17,12:00,10,1,,Charging (grid),1,2.013159684633564,0.0,248.0874982995981,true
1,7,09:30,18,12:15,11,1,,Charging (grid),1,2.013159684633564,0.0,248.56562372469858,true
1,7,09:30,19,12:30,12,1,,Charging (grid),1,2.013159684633564,0.0,249.04374914979905,true
1,7,09:30,20,12:45,13,1,,Charging (grid),1,2.013159684633564,0.0,249.52187457489953,true
1,7,09:30,21,13:00,14,1,,Charging (grid),1,2.013159684633564,0.0,250.0,true
1,7,09:30,22,13:15,15,1,,Traveling,Transit,-1.4210854715202004e-14,0.0,250.0,true
1,7,09:30,23,13:30,16,1,,Serving CEV,2,-1.4210854715202004e-14,8.0,247.89473684210526,true
1,7,09:30,24,13:45,17,1,,Serving CEV,2,-0.0,7.94257107679259,245.80458655873878,true
1,7,09:30,25,14:00,18,1,,Idle,2,-0.0,0.0,245.80458655873878,true
1,7,09:30,26,14:15,19,1,,Idle,2,-0.0,0.0,245.80458655873878,true
1,7,09:30,27,14:30,20,1,,Serving CEV,2,-0.0,8.0,243.69932340084404,true
1,7,09:30,28,14:45,21,1,,Idle,2,-0.0,0.0,243.69932340084404,true
1,7,09:30,29,15:00,22,1,,Idle,2,-0.0,1.0935252703347969e-12,243.69932340084375,true
1,7,09:30,30,15:15,23,1,,Idle,2,-0.0,0.0,243.69932340084375,true
1,7,09:30,31,15:30,24,1,,Idle,2,-0.0,0.0,243.69932340084375,true
1,7,09:30,32,15:45,25,1,,Serving CEV,2,-0.0,7.9999999999994325,241.59406024294915,true
1,7,09:30,33,16:00,26,1,,Idle,2,-0.0,-1.3932816253383645e-13,241.59406024294918,true
1,7,09:30,34,16:15,27,1,,Idle,2,-0.0,0.0,241.59406024294918,true
1,7,09:30,35,16:30,28,1,,Idle,2,-0.0,0.0,241.59406024294918,false
1,7,09:30,36,16:45,29,1,,Idle,2,-0.0,0.0,241.59406024294918,false
1,7,09:30,37,17:00,30,1,,Serving CEV,2,-0.0,8.00000000000213,239.48879708505387,false
1,7,09:30,38,17:15,31,1,,Serving CEV,2,-0.0,7.999999999999142,237.38353392715936,false
1,7,09:30,39,17:30,32,1,,Serving CEV,2,-0.0,8.000000000003089,235.27827076926383,false
1,7,09:30,40,17:45,33,1,,Serving CEV,2,-0.0,7.999999999997976,233.17300761136963,false
1,7,09:30,41,18:00,34,1,,Serving CEV,2,-0.0,8.0,231.0677444534749,true
1,7,09:30,42,18:15,35,1,,Serving CEV,2,-0.0,8.00000000000045,228.96248129558003,true
1,7,09:30,43,18:30,36,1,,Idle,2,-0.0,0.0,228.96248129558003,true
1,7,09:30,44,18:45,37,1,,Idle,2,-0.0,0.0,228.96248129558003,true
1,7,09:30,45,19:00,38,1,,Traveling,Transit,-0.0,0.0,228.96248129558003,true
1,7,09:30,46,19:15,39,1,,Idle,1,-0.0,0.0,228.96248129558003,true
1,7,09:30,47,19:30,40,1,,Idle,1,-0.0,0.0,228.96248129558003,false
1,7,09:30,48,19:45,41,1,,Idle,1,-0.0,0.0,228.96248129558003,false
1,7,09:30,49,20:00,42,1,,Idle,1,-0.0,0.0,228.96248129558003,false
1,7,09:30,50,20:15,43,1,,Idle,1,-0.0,0.0,228.96248129558003,false
1,7,09:30,51,20:30,44,1,,Idle,1,-0.0,0.0,228.96248129558003,false
1,7,09:30,52,20:45,45,1,,Idle,1,-0.0,0.0,228.96248129558003,false
1,7,09:30,53,21:00,46,1,,Charging (grid),1,2.013159684633564,0.0,229.4406067206805,true
1,7,09:30,54,21:15,47,1,,Charging (grid),1,2.013159684633564,0.0,229.91873214578098,true
1,7,09:30,55,21:30,48,1,,Charging (grid),1,2.013159684633564,0.0,230.39685757088145,true
1,7,09:30,56,21:45,49,1,,Charging (grid),1,2.013159684633564,2.842170943040401e-14,230.87498299598192,true
1,7,09:30,57,22:00,50,1,,Charging (grid),1,2.013159684633564,1.4210854715201997e-14,231.3531084210824,true
1,7,09:30,58,22:15,51,1,,Charging (grid),1,2.013159684633564,0.0,231.83123384618287,true
1,7,09:30,59,22:30,52,1,,Charging (grid),1,2.013159684633564,1.4210854715202004e-14,232.30935927128334,true
1,7,09:30,60,22:45,53,1,,Charging (grid),1,2.013159684633564,0.0,232.7874846963838,true
1,7,09:30,61,23:00,54,1,,Charging (grid),1,2.013159684633564,1.4210854715202004e-14,233.2656101214843,true
1,7,09:30,62,23:15,55,1,,Charging (grid),1,2.013159684633564,0.0,233.74373554658476,true
1,7,09:30,63,23:30,56,1,,Charging (grid),1,2.013159684633564,0.0,234.22186097168523,true
1,7,09:30,64,23:45,57,1,,Charging (grid),1,2.013159684633564,0.0,234.6999863967857,true
1,7,09:30,65,00:00,58,1,,Charging (grid),1,2.013159684633564,0.0,235.17811182188618,true
1,7,09:30,66,00:15,59,1,,Charging (grid),1,2.013159684633564,0.0,235.65623724698665,true
1,7,09:30,67,00:30,60,1,,Charging (grid),1,2.013159684633564,1.4210854715201994e-14,236.13436267208712,true
1,7,09:30,68,00:45,61,1,,Charging (grid),1,2.013159684633564,0.0,236.6124880971876,true
1,7,09:30,69,01:00,62,1,,Charging (grid),1,2.013159684633564,0.0,237.09061352228807,true
1,7,09:30,70,01:15,63,1,,Charging (grid),1,2.013159684633564,1.4210854715202004e-14,237.56873894738854,true
1,7,09:30,71,01:30,64,1,,Charging (grid),1,2.013159684633564,0.0,238.046864372489,true
1,7,09:30,72,01:45,65,1,,Charging (grid),1,2.013159684633564,0.0,238.52498979758948,true
1,7,09:30,73,02:00,66,1,,Charging (grid),1,2.013159684633564,0.0,239.00311522268996,true
1,7,09:30,74,02:15,67,1,,Charging (grid),1,2.013159684633564,1.4210854715202007e-14,239.48124064779043,true
1,7,09:30,75,02:30,68,1,,Charging (grid),1,2.013159684633564,0.0,239.9593660728909,true
1,7,09:30,76,02:45,69,1,,Charging (grid),1,2.013159684633564,0.0,240.43749149799137,true
1,7,09:30,77,03:00,70,1,,Charging (grid),1,2.013159684633564,0.0,240.91561692309185,true
1,7,09:30,78,03:15,71,1,,Charging (grid),1,2.013159684633564,0.0,241.39374234819232,true
1,7,09:30,79,03:30,72,1,,Charging (grid),1,2.013159684633564,0.0,241.8718677732928,true
1,7,09:30,80,03:45,73,1,,Charging (grid),1,2.013159684633564,0.0,242.34999319839326,true
1,7,09:30,81,04:00,74,1,,Charging (grid),1,2.013159684633564,0.0,242.82811862349374,true
1,7,09:30,82,04:15,75,1,,Charging (grid),1,2.013159684633564,0.0,243.3062440485942,true
1,7,09:30,83,04:30,76,1,,Charging (grid),1,2.013159684633564,-2.8421709430403995e-14,243.78436947369468,true
1,7,09:30,84,04:45,77,1,,Charging (grid),1,2.013159684633564,0.0,244.26249489879515,true
1,7,09:30,85,05:00,78,1,,Charging (grid),1,2.013159684633564,0.0,244.74062032389563,true
1,7,09:30,86,05:15,79,1,,Charging (grid),1,2.013159684633564,0.0,245.2187457489961,true
1,7,09:30,87,05:30,80,1,,Charging (grid),1,2.013159684633564,0.0,245.69687117409657,true
1,7,09:30,88,05:45,81,1,,Charging (grid),1,2.013159684633564,1.1812772982007677e-13,246.17499659919702,true
1,7,09:30,89,06:00,82,1,,Charging (grid),1,2.013159684633564,0.0,246.6531220242975,true
1,7,09:30,90,06:15,83,1,,Charging (grid),1,2.013159684633564,0.0,247.13124744939796,true
1,7,09:30,91,06:30,84,1,,Charging (grid),1,2.013159684633564,0.0,247.60937287449843,true
1,7,09:30,92,06:45,85,1,,Charging (grid),1,2.013159684633564,-1.4210854715201997e-14,248.0874982995989,true
1,7,09:30,93,07:00,86,1,,Charging (grid),1,2.013159684633564,0.0,248.56562372469938,true
1,7,09:30,94,07:15,87,1,,Charging (grid),1,2.013159684633564,-5.684341886080799e-14,249.04374914979903,true
1,7,09:30,95,07:30,88,1,,Charging (grid),1,2.013159684633564,0.0,249.5218745748995,true
1,7,09:30,96,07:45,89,1,,Charging (grid),1,2.0131596846336883,0.0,250.0,true
1,8,09:45,8,09:45,0,1,,Serving CEV,2,0.0,8.000000000000004,244.32099103535398,false
1,8,09:45,9,10:00,1,1,,Idle,2,-0.0,0.0,244.32099103535398,true
1,8,09:45,10,10:15,2,1,,Idle,2,-0.0,0.0,244.32099103535398,true
1,8,09:45,11,10:30,3,1,,Idle,2,-0.0,0.0,244.32099103535398,true
1,8,09:45,12,10:45,4,1,,Serving CEV,2,-0.0,8.00000000000028,242.2157278774592,true
1,8,09:45,13,11:00,5,1,,Idle,2,-0.0,0.0,242.2157278774592,true
1,8,09:45,14,11:15,6,1,,Idle,2,-0.0,0.0,242.2157278774592,true
1,8,09:45,15,11:30,7,1,,Idle,2,-0.0,0.0,242.2157278774592,true
1,8,09:45,16,11:45,8,1,,Idle,2,-0.0,0.0,242.2157278774592,true
1,8,09:45,17,12:00,9,1,,Serving CEV,2,-0.0,7.999999999999621,240.11046471956456,true
1,8,09:45,18,12:15,10,1,,Serving CEV,2,-0.0,7.9999999999998375,238.00520156166985,true
1,8,09:45,19,12:30,11,1,,Traveling,Transit,-0.0,0.0,238.00520156166985,true
1,8,09:45,20,12:45,12,1,,Charging (grid),1,1.9913761660777494,0.0,238.4781534011133,true
1,8,09:45,21,13:00,13,1,,Charging (grid),1,1.9913761660777494,0.0,238.95110524055676,true
1,8,09:45,22,13:15,14,1,,Charging (grid),1,1.9913761660777494,0.0,239.4240570800002,true
1,8,09:45,23,13:30,15,1,,Charging (grid),1,1.9913761660777494,0.0,239.89700891944366,true
1,8,09:45,24,13:45,16,1,,Charging (grid),1,1.9913761660777494,0.0,240.36996075888712,true
1,8,09:45,25,14:00,17,1,,Charging (grid),1,1.9913761660777494,0.0,240.84291259833057,true
1,8,09:45,26,14:15,18,1,,Charging (grid),1,1.9913761660777494,0.0,241.31586443777402,true
1,8,09:45,27,14:30,19,1,,Charging (grid),1,1.9913761660777494,0.0,241.78881627721748,true
1,8,09:45,28,14:45,20,1,,Charging (grid),1,1.9913761660777494,0.0,242.26176811666093,true
1,8,09:45,29,15:00,21,1,,Charging (grid),1,1.9913761660777494,0.0,242.73471995610439,true
1,8,09:45,30,15:15,22,1,,Charging (grid),1,1.9913761660777494,0.0,243.20767179554784,true
1,8,09:45,31,15:30,23,1,,Charging (grid),1,1.9913761660777494,0.0,243.6806236349913,true
1,8,09:45,32,15:45,24,1,,Charging (grid),1,1.9913761660777494,0.0,244.15357547443475,true
1,8,09:45,33,16:00,25,1,,Traveling,Transit,-0.0,6.914794381593814e-13,244.15357547443458,true
1,8,09:45,34,16:15,26,1,,Serving CEV,2,-0.0,8.000000000000126,242.0483123165398,true
1,8,09:45,35,16:30,27,1,,Idle,2,-0.0,0.0,242.0483123165398,false
1,8,09:45,36,16:45,28,1,,Idle,2,-0.0,0.0,242.0483123165398,false
1,8,09:45,37,17:00,29,1,,Idle,2,-0.0,-2.4016344468691386e-12,242.04831231654043,true
1,8,09:45,38,17:15,30,1,,Idle,2,-0.0,-5.684341886080802e-14,242.04831231654046,true
1,8,09:45,39,17:30,31,1,,Idle,2,-0.0,0.0,242.04831231654046,true
1,8,09:45,40,17:45,32,1,,Serving CEV,2,-0.0,8.0,239.94304915864572,false
1,8,09:45,41,18:00,33,1,,Idle,2,-0.0,0.0,239.94304915864572,true
1,8,09:45,42,18:15,34,1,,Serving CEV,2,-0.0,8.0,237.83778600075098,false
1,8,09:45,43,18:30,35,1,,Serving CEV,2,-0.0,8.0,235.73252284285624,true
1,8,09:45,44,18:45,36,1,,Serving CEV,2,-0.0,8.0,233.6272596849615,true
1,8,09:45,45,19:00,37,1,,Serving CEV,2,-0.0,8.0,231.52199652706676,true
1,8,09:45,46,19:15,38,1,,Serving CEV,2,-0.0,8.0,229.41673336917202,true
1,8,09:45,47,19:30,39,1,,Serving CEV,2,-0.0,0.8611343578007314,229.19011906448762,true
1,8,09:45,48,19:45,40,1,,Traveling,Transit,-0.0,0.0,229.19011906448762,true
1,8,09:45,49,20:00,41,1,,Idle,1,-0.0,0.0,229.19011906448762,false
1,8,09:45,50,20:15,42,1,,Idle,1,-0.0,0.0,229.19011906448762,false
1,8,09:45,51,20:30,43,1,,Idle,1,-0.0,0.0,229.19011906448762,false
1,8,09:45,52,20:45,44,1,,Idle,1,-0.0,0.0,229.19011906448762,false
1,8,09:45,53,21:00,45,1,,Charging (grid),1,1.9913761660777494,0.0,229.6630709039311,true
1,8,09:45,54,21:15,46,1,,Charging (grid),1,1.9913761660777494,0.0,230.13602274337455,true
1,8,09:45,55,21:30,47,1,,Charging (grid),1,1.9913761660777494,0.0,230.608974582818,true
1,8,09:45,56,21:45,48,1,,Charging (grid),1,1.9913761660777494,0.0,231.08192642226146,true
1,8,09:45,57,22:00,49,1,,Charging (grid),1,1.9913761660777494,0.0,231.5548782617049,true
1,8,09:45,58,22:15,50,1,,Charging (grid),1,1.9913761660777494,0.0,232.02783010114837,true
1,8,09:45,59,22:30,51,1,,Charging (grid),1,1.9913761660777494,0.0,232.50078194059182,true
1,8,09:45,60,22:45,52,1,,Charging (grid),1,1.9913761660777494,0.0,232.97373378003527,true
1,8,09:45,61,23:00,53,1,,Charging (grid),1,1.9913761660777494,0.0,233.44668561947873,true
1,8,09:45,62,23:15,54,1,,Charging (grid),1,1.9913761660777494,0.0,233.91963745892218,true
1,8,09:45,63,23:30,55,1,,Charging (grid),1,1.9913761660777494,0.0,234.39258929836564,true
1,8,09:45,64,23:45,56,1,,Charging (grid),1,1.9913761660777494,0.0,234.8655411378091,true
1,8,09:45,65,00:00,57,1,,Charging (grid),1,1.9913761660777494,0.0,235.33849297725254,true
1,8,09:45,66,00:15,58,1,,Charging (grid),1,1.9913761660777494,0.0,235.811444816696,true
1,8,09:45,67,00:30,59,1,,Charging (grid),1,1.9913761660777496,0.0,236.28439665613945,true
1,8,09:45,68,00:45,60,1,,Charging (grid),1,1.9913761660777494,0.0,236.7573484955829,true
1,8,09:45,69,01:00,61,1,,Charging (grid),1,1.9913761660777496,0.0,237.23030033502636,true
1,8,09:45,70,01:15,62,1,,Charging (grid),1,1.9913761660777494,0.0,237.7032521744698,true
1,8,09:45,71,01:30,63,1,,Charging (grid),1,1.9913761660777494,0.0,238.17620401391326,true
1,8,09:45,72,01:45,64,1,,Charging (grid),1,1.9913761660777494,0.0,238.64915585335672,true
1,8,09:45,73,02:00,65,1,,Charging (grid),1,1.9913761660777494,0.0,239.12210769280017,true
1,8,09:45,74,02:15,66,1,,Charging (grid),1,1.9913761660777494,0.0,239.59505953224362,true
1,8,09:45,75,02:30,67,1,,Charging (grid),1,1.9913761660777494,0.0,240.06801137168708,true
1,8,09:45,76,02:45,68,1,,Charging (grid),1,1.9913761660777494,0.0,240.54096321113053,true
1,8,09:45,77,03:00,69,1,,Charging (grid),1,1.9913761660777494,0.0,241.01391505057398,true
1,8,09:45,78,03:15,70,1,,Charging (grid),1,1.9913761660777494,0.0,241.48686689001744,true
1,8,09:45,79,03:30,71,1,,Charging (grid),1,1.9913761660777491,0.0,241.9598187294609,true
1,8,09:45,80,03:45,72,1,,Charging (grid),1,1.9913761660777494,0.0,242.43277056890435,true
1,8,09:45,81,04:00,73,1,,Charging (grid),1,1.9913761660777494,0.0,242.9057224083478,true
1,8,09:45,82,04:15,74,1,,Charging (grid),1,1.9913761660777494,0.0,243.37867424779125,true
1,8,09:45,83,04:30,75,1,,Charging (grid),1,1.9913761660777494,0.0,243.8516260872347,true
1,8,09:45,84,04:45,76,1,,Charging (grid),1,1.9913761660777496,0.0,244.32457792667816,true
1,8,09:45,85,05:00,77,1,,Charging (grid),1,1.9913761660777494,0.0,244.7975297661216,true
1,8,09:45,86,05:15,78,1,,Charging (grid),1,1.9913761660777494,0.0,245.27048160556507,true
1,8,09:45,87,05:30,79,1,,Charging (grid),1,1.9913761660777494,0.0,245.74343344500852,true
1,8,09:45,88,05:45,80,1,,Charging (grid),1,1.9913761660777494,0.0,246.21638528445197,true
1,8,09:45,89,06:00,81,1,,Charging (grid),1,1.9913761660777494,0.0,246.68933712389543,true
1,8,09:45,90,06:15,82,1,,Charging (grid),1,1.9913761660777494,0.0,247.16228896333888,true
1,8,09:45,91,06:30,83,1,,Charging (grid),1,1.9913761660777494,0.0,247.63524080278233,true
1,8,09:45,92,06:45,84,1,,Charging (grid),1,1.9913761660777494,0.0,248.1081926422258,true
1,8,09:45,93,07:00,85,1,,Charging (grid),1,1.9913761660777494,0.0,248.58114448166924,true
1,8,09:45,94,07:15,86,1,,Charging (grid),1,1.9913761660777494,0.0,249.0540963211127,true
1,8,09:45,95,07:30,87,1,,Charging (grid),1,1.9913761660777494,0.0,249.52704816055652,true
1,8,09:45,96,07:45,88,1,,Charging (grid),1,1.9913761660778189,0.0,250.0,true
1,9,10:00,9,10:00,0,1,,Traveling,Transit,0.0,0.0,244.32099103535398,true
1,9,10:00,10,10:15,1,1,,Charging (grid),1,1.5124104999500467,2.55351295663786e-14,244.6801885290921,true
1,9,10:00,11,10:30,2,1,,Charging (grid),1,2.0362914721178975,6.661338147750939e-14,245.1638077537201,true
1,9,10:00,12,10:45,3,1,,Charging (grid),1,2.0362914721178975,0.0,245.6474269783481,true
1,9,10:00,13,11:00,4,1,,Charging (grid),1,2.0362914721178975,0.0,246.13104620297608,true
1,9,10:00,14,11:15,5,1,,Charging (grid),1,2.0362914721178975,0.0,246.61466542760408,true
1,9,10:00,15,11:30,6,1,,Charging (grid),1,2.0362914721178975,0.0,247.09828465223208,true
1,9,10:00,16,11:45,7,1,,Charging (grid),1,2.0362914721178975,0.0,247.58190387686008,true
1,9,10:00,17,12:00,8,1,,Charging (grid),1,2.0362914721178975,0.0,248.06552310148808,true
1,9,10:00,18,12:15,9,1,,Charging (grid),1,2.0362914721178975,0.0,248.54914232611608,true
1,9,10:00,19,12:30,10,1,,Charging (grid),1,2.0362914721178975,0.0,249.03276155074408,true
1,9,10:00,20,12:45,11,1,,Charging (grid),1,2.0362914721178975,0.0,249.51638077537208,true
1,9,10:00,21,13:00,12,1,,Charging (grid),1,2.0362914721178917,0.0,250.0,true
1,9,10:00,22,13:15,13,1,,Traveling,Transit,-0.0,0.0,250.0,true
1,9,10:00,23,13:30,14,1,,Serving CEV,2,-0.0,8.0,247.89473684210526,true
1,9,10:00,24,13:45,15,1,,Serving CEV,2,-0.0,7.999999999999998,245.78947368421052,true
1,9,10:00,25,14:00,16,1,,Idle,2,-0.0,0.0,245.78947368421052,true
1,9,10:00,26,14:15,17,1,,Idle,2,-0.0,0.0,245.78947368421052,true
1,9,10:00,27,14:30,18,1,,Serving CEV,2,-0.0,8.0,243.68421052631578,true
1,9,10:00,28,14:45,19,1,,Idle,2,-0.0,0.0,243.68421052631578,true
1,9,10:00,29,15:00,20,1,,Idle,2,-0.0,0.0,243.68421052631578,true
1,9,10:00,30,15:15,21,1,,Idle,2,-0.0,0.0,243.68421052631578,true
1,9,10:00,31,15:30,22,1,,Idle,2,-0.0,0.0,243.68421052631578,true
1,9,10:00,32,15:45,23,1,,Serving CEV,2,-0.0,8.000000000000036,241.57894736842104,true
1,9,10:00,33,16:00,24,1,,Idle,2,-0.0,0.0,241.57894736842104,true
1,9,10:00,34,16:15,25,1,,Idle,2,-0.0,0.0,241.57894736842104,true
1,9,10:00,35,16:30,26,1,,Idle,2,-0.0,0.0,241.57894736842104,false
1,9,10:00,36,16:45,27,1,,Idle,2,-0.0,0.0,241.57894736842104,false
1,9,10:00,37,17:00,28,1,,Serving CEV,2,-0.0,8.0,239.4736842105263,true
1,9,10:00,38,17:15,29,1,,Serving CEV,2,-0.0,7.999999999999875,237.3684210526316,true
1,9,10:00,39,17:30,30,1,,Serving CEV,2,-0.0,7.999999999999724,235.26315789473693,true
1,9,10:00,40,17:45,31,1,,Serving CEV,2,-0.0,8.000000000000393,233.15789473684208,false
1,9,10:00,41,18:00,32,1,,Serving CEV,2,-0.0,8.000000000000325,231.05263157894726,true
1,9,10:00,42,18:15,33,1,,Serving CEV,2,-0.0,8.000000000000133,228.9473684210525,false
1,9,10:00,43,18:30,34,1,,Serving CEV,2,-0.0,0.8611343577987196,228.72075411636797,true
1,9,10:00,44,18:45,35,1,,Idle,2,-0.0,0.0,228.72075411636797,true
1,9,10:00,45,19:00,36,1,,Idle,2,-0.0,0.0,228.72075411636797,true
1,9,10:00,46,19:15,37,1,,Traveling,Transit,-0.0,0.0,228.72075411636797,true
1,9,10:00,47,19:30,38,1,,Idle,1,-0.0,0.0,228.72075411636797,true
1,9,10:00,48,19:45,39,1,,Idle,1,-0.0,0.0,228.72075411636797,true
1,9,10:00,49,20:00,40,1,,Idle,1,-0.0,0.0,228.72075411636797,false
1,9,10:00,50,20:15,41,1,,Idle,1,-0.0,0.0,228.72075411636797,false
1,9,10:00,51,20:30,42,1,,Idle,1,-0.0,0.0,228.72075411636797,false
1,9,10:00,52,20:45,43,1,,Idle,1,-0.0,0.0,228.72075411636797,false
1,9,10:00,53,21:00,44,1,,Charging (grid),1,2.0362914721178975,0.0,229.20437334099597,true
1,9,10:00,54,21:15,45,1,,Charging (grid),1,2.0362914721178975,0.0,229.68799256562397,true
1,9,10:00,55,21:30,46,1,,Charging (grid),1,2.0362914721178975,0.0,230.17161179025197,true
1,9,10:00,56,21:45,47,1,,Charging (grid),1,2.0362914721178975,0.0,230.65523101487997,true
1,9,10:00,57,22:00,48,1,,Charging (grid),1,2.0362914721178975,0.0,231.13885023950797,true
1,9,10:00,58,22:15,49,1,,Charging (grid),1,2.0362914721178975,0.0,231.62246946413597,true
1,9,10:00,59,22:30,50,1,,Charging (grid),1,2.0362914721178975,0.0,232.10608868876398,true
1,9,10:00,60,22:45,51,1,,Charging (grid),1,2.0362914721178975,0.0,232.58970791339198,true
1,9,10:00,61,23:00,52,1,,Charging (grid),1,2.0362914721178975,0.0,233.07332713801998,true
1,9,10:00,62,23:15,53,1,,Charging (grid),1,2.0362914721178975,0.0,233.55694636264798,true
1,9,10:00,63,23:30,54,1,,Charging (grid),1,2.0362914721178975,0.0,234.04056558727598,true
1,9,10:00,64,23:45,55,1,,Charging (grid),1,2.0362914721178975,0.0,234.52418481190398,true
1,9,10:00,65,00:00,56,1,,Charging (grid),1,2.0362914721178975,0.0,235.00780403653198,true
1,9,10:00,66,00:15,57,1,,Charging (grid),1,2.0362914721178975,0.0,235.49142326115998,true
1,9,10:00,67,00:30,58,1,,Charging (grid),1,2.0362914721178975,0.0,235.97504248578798,true
1,9,10:00,68,00:45,59,1,,Charging (grid),1,2.0362914721178975,0.0,236.45866171041598,true
1,9,10:00,69,01:00,60,1,,Charging (grid),1,2.0362914721178975,0.0,236.94228093504398,true
1,9,10:00,70,01:15,61,1,,Charging (grid),1,2.0362914721178975,0.0,237.42590015967198,true
1,9,10:00,71,01:30,62,1,,Charging (grid),1,2.0362914721178975,0.0,237.90951938429998,true
1,9,10:00,72,01:45,63,1,,Charging (grid),1,2.0362914721178975,0.0,238.39313860892798,true
1,9,10:00,73,02:00,64,1,,Charging (grid),1,2.0362914721178975,0.0,238.87675783355598,true
1,9,10:00,74,02:15,65,1,,Charging (grid),1,2.0362914721178975,0.0,239.36037705818399,true
1,9,10:00,75,02:30,66,1,,Charging (grid),1,2.0362914721178975,0.0,239.843996282812,true
1,9,10:00,76,02:45,67,1,,Charging (grid),1,2.0362914721178975,0.0,240.32761550744,true
1,9,10:00,77,03:00,68,1,,Charging (grid),1,2.0362914721178975,0.0,240.811234732068,true
1,9,10:00,78,03:15,69,1,,Charging (grid),1,2.0362914721178975,0.0,241.294853956696,true
1,9,10:00,79,03:30,70,1,,Charging (grid),1,2.0362914721178975,0.0,241.778473181324,true
1,9,10:00,80,03:45,71,1,,Charging (grid),1,2.0362914721178975,0.0,242.262092405952,true
1,9,10:00,81,04:00,72,1,,Charging (grid),1,2.0362914721178975,0.0,242.74571163058,true
1,9,10:00,82,04:15,73,1,,Charging (grid),1,2.0362914721178975,0.0,243.229330855208,true
1,9,10:00,83,04:30,74,1,,Charging (grid),1,2.0362914721178975,0.0,243.712950079836,true
1,9,10:00,84,04:45,75,1,,Charging (grid),1,2.0362914721178975,0.0,244.196569304464,true
1,9,10:00,85,05:00,76,1,,Charging (grid),1,2.0362914721178975,0.0,244.680188529092,true
1,9,10:00,86,05:15,77,1,,Charging (grid),1,2.0362914721178975,0.0,245.16380775372,true
1,9,10:00,87,05:30,78,1,,Charging (grid),1,2.0362914721178975,0.0,245.647426978348,true
1,9,10:00,88,05:45,79,1,,Charging (grid),1,2.0362914721178975,0.0,246.131046202976,true
1,9,10:00,89,06:00,80,1,,Charging (grid),1,2.0362914721178975,0.0,246.614665427604,true
1,9,10:00,90,06:15,81,1,,Charging (grid),1,2.0362914721178975,0.0,247.098284652232,true
1,9,10:00,91,06:30,82,1,,Charging (grid),1,2.0362914721178975,0.0,247.58190387686,true
1,9,10:00,92,06:45,83,1,,Charging (grid),1,2.0362914721178975,-1.4210854715201997e-14,248.065523101488,true
1,9,10:00,93,07:00,84,1,,Charging (grid),1,2.0362914721178975,0.0,248.549142326116,true
1,9,10:00,94,07:15,85,1,,Charging (grid),1,2.0362914721178975,0.0,249.032761550744,true
1,9,10:00,95,07:30,86,1,,Charging (grid),1,2.0362914721178975,0.0,249.516380775372,true
1,9,10:00,96,07:45,87,1,,Charging (grid),1,2.0362914721179095,1.0658141036400757e-14,250.0,true
1,10,10:15,10,10:15,0,1,,Charging (grid),1,1.6520381545258687,0.0,244.71335009705388,true
1,10,10:15,11,10:30,1,1,,Charging (grid),1,2.023598048974592,0.0,245.19395463368534,true
1,10,10:15,12,10:45,2,1,,Charging (grid),1,2.023598048974592,0.0,245.6745591703168,true
1,10,10:15,13,11:00,3,1,,Charging (grid),1,2.023598048974592,0.0,246.1551637069483,true
1,10,10:15,14,11:15,4,1,,Charging (grid),1,2.023598048974592,0.0,246.63576824357975,true
1,10,10:15,15,11:30,5,1,,Charging (grid),1,2.023598048974592,0.0,247.1163727802112,true
1,10,10:15,16,11:45,6,1,,Charging (grid),1,2.023598048974592,0.0,247.59697731684267,true
1,10,10:15,17,12:00,7,1,,Charging (grid),1,2.023598048974592,0.0,248.07758185347413,true
1,10,10:15,18,12:15,8,1,,Charging (grid),1,2.023598048974592,0.0,248.5581863901056,true
1,10,10:15,19,12:30,9,1,,Charging (grid),1,2.023598048974592,0.0,249.03879092673708,true
1,10,10:15,20,12:45,10,1,,Charging (grid),1,2.023598048974592,0.0,249.51939546336854,true
1,10,10:15,21,13:00,11,1,,Charging (grid),1,2.023598048974592,0.0,250.0,true
1,10,10:15,22,13:15,12,1,,Traveling,Transit,0.0,0.0,250.0,false
1,10,10:15,23,13:30,13,1,,Serving CEV,2,0.0,8.0,247.89473684210526,false
1,10,10:15,24,13:45,14,1,,Serving CEV,2,0.0,8.0,245.78947368421052,false
1,10,10:15,25,14:00,15,1,,Idle,2,0.0,0.0,245.78947368421052,false
1,10,10:15,26,14:15,16,1,,Idle,2,0.0,0.0,245.78947368421052,false
1,10,10:15,27,14:30,17,1,,Serving CEV,2,0.0,8.000000000000156,243.68421052631575,false
1,10,10:15,28,14:45,18,1,,Idle,2,0.0,0.0,243.68421052631575,false
1,10,10:15,29,15:00,19,1,,Idle,2,0.0,0.0,243.68421052631575,false
1,10,10:15,30,15:15,20,1,,Idle,2,0.0,0.0,243.68421052631575,false
1,10,10:15,31,15:30,21,1,,Idle,2,0.0,0.0,243.68421052631575,false
1,10,10:15,32,15:45,22,1,,Serving CEV,2,0.0,6.504446945833886,241.9725139616226,true
1,10,10:15,33,16:00,23,1,,Idle,2,0.0,0.0,241.9725139616226,false
1,10,10:15,34,16:15,24,1,,Idle,2,0.0,0.0,241.9725139616226,false
1,10,10:15,35,16:30,25,1,,Idle,2,0.0,0.0,241.9725139616226,false
1,10,10:15,36,16:45,26,1,,Idle,2,0.0,0.0,241.9725139616226,false
1,10,10:15,37,17:00,27,1,,Serving CEV,2,0.0,8.0,239.8672508037279,false
1,10,10:15,38,17:15,28,1,,Serving CEV,2,0.0,8.000000000000007,237.76198764583316,false
1,10,10:15,39,17:30,29,1,,Serving CEV,2,0.0,7.999999999999994,235.65672448793842,false
1,10,10:15,40,17:45,30,1,,Serving CEV,2,0.0,1.8526315789473946,235.16918986189964,true
1,10,10:15,41,18:00,31,1,,Serving CEV,2,0.0,8.000000000000032,233.0639267040049,false
1,10,10:15,42,18:15,32,1,,Serving CEV,2,0.0,8.0,230.95866354611016,false
1,10,10:15,43,18:30,33,1,,Serving CEV,2,0.0,7.999999999999981,228.85340038821542,true
1,10,10:15,44,18:45,34,1,,Idle,2,0.0,0.0,228.85340038821542,false
1,10,10:15,45,19:00,35,1,,Idle,2,0.0,0.0,228.85340038821542,false
1,10,10:15,46,19:15,36,1,,Idle,2,0.0,0.0,228.85340038821542,true
1,10,10:15,47,19:30,37,1,,Idle,2,0.0,0.0,228.85340038821542,false
1,10,10:15,48,19:45,38,1,,Idle,2,0.0,0.0,228.85340038821542,false
1,10,10:15,49,20:00,39,1,,Idle,2,0.0,0.0,228.85340038821542,false
1,10,10:15,50,20:15,40,1,,Idle,2,0.0,0.0,228.85340038821542,false
1,10,10:15,51,20:30,41,1,,Idle,2,0.0,0.0,228.85340038821542,false
1,10,10:15,52,20:45,42,1,,Traveling,Transit,0.0,0.0,228.85340038821542,true
1,10,10:15,53,21:00,43,1,,Charging (grid),1,2.023598048974592,0.0,229.33400492484688,true
1,10,10:15,54,21:15,44,1,,Charging (grid),1,2.023598048974592,0.0,229.81460946147834,true
1,10,10:15,55,21:30,45,1,,Charging (grid),1,2.023598048974592,0.0,230.29521399810983,true
1,10,10:15,56,21:45,46,1,,Charging (grid),1,2.023598048974592,0.0,230.7758185347413,true
1,10,10:15,57,22:00,47,1,,Charging (grid),1,2.023598048974592,0.0,231.25642307137284,true
1,10,10:15,58,22:15,48,1,,Charging (grid),1,2.023598048974592,0.0,231.7370276080043,true
1,10,10:15,59,22:30,49,1,,Charging (grid),1,2.023598048974592,0.0,232.21763214463576,true
1,10,10:15,60,22:45,50,1,,Charging (grid),1,2.023598048974592,0.0,232.69823668126722,true
1,10,10:15,61,23:00,51,1,,Charging (grid),1,2.023598048974592,0.0,233.17884121789868,true
1,10,10:15,62,23:15,52,1,,Charging (grid),1,2.023598048974592,0.0,233.65944575453014,true
1,10,10:15,63,23:30,53,1,,Charging (grid),1,2.023598048974592,0.0,234.1400502911616,true
1,10,10:15,64,23:45,54,1,,Charging (grid),1,2.023598048974592,0.0,234.62065482779306,true
1,10,10:15,65,00:00,55,1,,Charging (grid),1,2.023598048974592,0.0,235.10125936442452,true
1,10,10:15,66,00:15,56,1,,Charging (grid),1,2.023598048974592,0.0,235.58186390105604,true
1,10,10:15,67,00:30,57,1,,Charging (grid),1,2.023598048974592,0.0,236.0624684376875,true
1,10,10:15,68,00:45,58,1,,Charging (grid),1,2.023598048974592,0.0,236.54307297431896,true
1,10,10:15,69,01:00,59,1,,Charging (grid),1,2.023598048974592,0.0,237.02367751095042,true
1,10,10:15,70,01:15,60,1,,Charging (grid),1,2.023598048974592,0.0,237.50428204758188,true
1,10,10:15,71,01:30,61,1,,Charging (grid),1,2.023598048974592,0.0,237.98488658421334,true
1,10,10:15,72,01:45,62,1,,Charging (grid),1,2.023598048974592,0.0,238.4654911208448,true
1,10,10:15,73,02:00,63,1,,Charging (grid),1,2.023598048974592,0.0,238.94609565747626,true
1,10,10:15,74,02:15,64,1,,Charging (grid),1,2.023598048974592,0.0,239.42670019410772,true
1,10,10:15,75,02:30,65,1,,Charging (grid),1,2.023598048974592,0.0,239.90730473073924,true
1,10,10:15,76,02:45,66,1,,Charging (grid),1,2.023598048974592,0.0,240.3879092673707,true
1,10,10:15,77,03:00,67,1,,Charging (grid),1,2.023598048974592,0.0,240.86851380400216,true
1,10,10:15,78,03:15,68,1,,Charging (grid),1,2.023598048974592,0.0,241.34911834063362,true
1,10,10:15,79,03:30,69,1,,Charging (grid),1,2.023598048974592,0.0,241.82972287726508,true
1,10,10:15,80,03:45,70,1,,Charging (grid),1,2.023598048974592,0.0,242.31032741389654,true
1,10,10:15,81,04:00,71,1,,Charging (grid),1,2.023598048974592,0.0,242.790931950528,true
1,10,10:15,82,04:15,72,1,,Charging (grid),1,2.023598048974592,0.0,243.27153648715947,true
1,10,10:15,83,04:30,73,1,,Charging (grid),1,2.023598048974592,0.0,243.75214102379093,true
1,10,10:15,84,04:45,74,1,,Charging (grid),1,2.023598048974592,0.0,244.23274556042242,true
1,10,10:15,85,05:00,75,1,,Charging (grid),1,2.023598048974592,0.0,244.71335009705388,true
1,10,10:15,86,05:15,76,1,,Charging (grid),1,2.023598048974592,0.0,245.19395463368534,true
1,10,10:15,87,05:30,77,1,,Charging (grid),1,2.023598048974592,0.0,245.6745591703168,true
1,10,10:15,88,05:45,78,1,,Charging (grid),1,2.023598048974592,0.0,246.15516370694826,true
1,10,10:15,89,06:00,79,1,,Charging (grid),1,2.023598048974592,0.0,246.63576824357972,true
1,10,10:15,90,06:15,80,1,,Charging (grid),1,2.023598048974592,0.0,247.11637278021118,true
1,10,10:15,91,06:30,81,1,,Charging (grid),1,2.023598048974592,0.0,247.59697731684264,true
1,10,10:15,92,06:45,82,1,,Charging (grid),1,2.023598048974592,0.0,248.0775818534741,true
1,10,10:15,93,07:00,83,1,,Charging (grid),1,2.023598048974592,0.0,248.5581863901056,true
1,10,10:15,94,07:15,84,1,,Charging (grid),1,2.023598048974592,0.0,249.03879092673705,true
1,10,10:15,95,07:30,85,1,,Charging (grid),1,2.023598048974592,0.0,249.5193954633685,true
1,10,10:15,96,07:45,86,1,,Charging (grid),1,2.0235980489746908,0.0,250.0,true
1,11,10:30,11,10:30,0,1,,Charging (grid),1,2.010217902711633,0.0,245.19077684894788,true
1,11,10:30,12,10:45,1,1,,Charging (grid),1,2.010217902711633,0.0,245.6682036008419,true
1,11,10:30,13,11:00,2,1,,Charging (grid),1,2.010217902711633,0.0,246.1456303527359,true
1,11,10:30,14,11:15,3,1,,Charging (grid),1,2.010217902711633,0.0,246.6230571046299,true
1,11,10:30,15,11:30,4,1,,Charging (grid),1,2.010217902711633,0.0,247.10048385652394,true
1,11,10:30,16,11:45,5,1,,Charging (grid),1,2.010217902711633,0.0,247.57791060841794,true
1,11,10:30,17,12:00,6,1,,Charging (grid),1,2.010217902711633,0.0,248.05533736031197,true
1,11,10:30,18,12:15,7,1,,Charging (grid),1,2.010217902711633,0.0,248.53276411220597,true
1,11,10:30,19,12:30,8,1,,Charging (grid),1,2.010217902711633,0.0,249.01019086409997,true
1,11,10:30,20,12:45,9,1,,Charging (grid),1,2.010217902711633,0.0,249.48761761599397,true
1,11,10:30,21,13:00,10,1,,Charging (grid),1,2.010217902711633,0.0,249.96504436788797,true
1,11,10:30,22,13:15,11,1,,Traveling,Transit,3.239596091386687e-13,0.0,249.96504436788805,false
1,11,10:30,23,13:30,12,1,,Serving CEV,2,-0.0,8.0,247.85978120999332,false
1,11,10:30,24,13:45,13,1,,Serving CEV,2,-0.0,8.0,245.75451805209858,false
1,11,10:30,25,14:00,14,1,,Idle,2,-0.0,0.0,245.75451805209858,false
1,11,10:30,26,14:15,15,1,,Idle,2,-0.0,0.0,245.75451805209858,false
1,11,10:30,27,14:30,16,1,,Serving CEV,2,-0.0,8.00000000000002,243.64925489420384,false
1,11,10:30,28,14:45,17,1,,Idle,2,-0.0,0.0,243.64925489420384,false
1,11,10:30,29,15:00,18,1,,Idle,2,-0.0,0.0,243.64925489420384,false
1,11,10:30,30,15:15,19,1,,Idle,2,-0.0,0.0,243.6492548942039,false
1,11,10:30,31,15:30,20,1,,Idle,2,-0.0,0.0,243.6492548942039,false
1,11,10:30,32,15:45,21,1,,Serving CEV,2,-0.0,7.692921514654108,241.62480186403175,true
1,11,10:30,33,16:00,22,1,,Idle,2,-0.0,0.0,241.62480186403175,false
1,11,10:30,34,16:15,23,1,,Idle,2,-0.0,0.0,241.62480186403175,false
1,11,10:30,35,16:30,24,1,,Idle,2,-0.0,0.0,241.62480186403175,false
1,11,10:30,36,16:45,25,1,,Idle,2,-0.0,0.0,241.62480186403175,false
1,11,10:30,37,17:00,26,1,,Serving CEV,2,-0.0,8.0,239.519538706137,false
1,11,10:30,38,17:15,27,1,,Serving CEV,2,-0.0,8.0,237.41427554824227,false
1,11,10:30,39,17:30,28,1,,Serving CEV,2,-0.0,8.0,235.30901239034753,false
1,11,10:30,40,17:45,29,1,,Serving CEV,2,-0.0,7.999999999999729,233.20374923245288,true
1,11,10:30,41,18:00,30,1,,Serving CEV,2,-0.0,8.0,231.09848607455814,false
1,11,10:30,42,18:15,31,1,,Serving CEV,2,-0.0,8.0,228.9932229166634,false
1,11,10:30,43,18:30,32,1,,Idle,2,-0.0,0.0,228.9932229166634,true
1,11,10:30,44,18:45,33,1,,Idle,2,-0.0,0.0,228.9932229166634,false
1,11,10:30,45,19:00,34,1,,Idle,2,-0.0,0.0,228.9932229166634,false
1,11,10:30,46,19:15,35,1,,Idle,2,-0.0,0.0,228.9932229166634,false
1,11,10:30,47,19:30,36,1,,Idle,2,-0.0,0.0,228.9932229166634,false
1,11,10:30,48,19:45,37,1,,Idle,2,-0.0,0.0,228.9932229166634,false
1,11,10:30,49,20:00,38,1,,Idle,2,-0.0,0.0,228.9932229166634,false
1,11,10:30,50,20:15,39,1,,Idle,2,-0.0,0.0,228.9932229166634,false
1,11,10:30,51,20:30,40,1,,Idle,2,-0.0,0.0,228.9932229166634,false
1,11,10:30,52,20:45,41,1,,Traveling,Transit,-0.0,0.0,228.9932229166634,false
1,11,10:30,53,21:00,42,1,,Charging (grid),1,2.010217902711633,0.0,229.4706496685574,true
1,11,10:30,54,21:15,43,1,,Charging (grid),1,2.010217902711633,0.0,229.9480764204514,true
1,11,10:30,55,21:30,44,1,,Charging (grid),1,2.010217902711633,0.0,230.4255031723455,true
1,11,10:30,56,21:45,45,1,,Charging (grid),1,2.010217902711633,0.0,230.9029299242395,true
1,11,10:30,57,22:00,46,1,,Charging (grid),1,2.010217902711633,0.0,231.3803566761335,true
1,11,10:30,58,22:15,47,1,,Charging (grid),1,2.010217902711633,0.0,231.8577834280275,true
1,11,10:30,59,22:30,48,1,,Charging (grid),1,2.010217902711633,0.0,232.3352101799215,true
1,11,10:30,60,22:45,49,1,,Charging (grid),1,2.010217902711633,0.0,232.81263693181558,true
1,11,10:30,61,23:00,50,1,,Charging (grid),1,2.010217902711633,0.0,233.29006368370958,true
1,11,10:30,62,23:15,51,1,,Charging (grid),1,2.010217902711633,0.0,233.76749043560358,true
1,11,10:30,63,23:30,52,1,,Charging (grid),1,2.010217902711633,0.0,234.24491718749758,true
1,11,10:30,64,23:45,53,1,,Charging (grid),1,2.010217902711633,0.0,234.72234393939164,true
1,11,10:30,65,00:00,54,1,,Charging (grid),1,2.010217902711633,0.0,235.19977069128564,true
1,11,10:30,66,00:15,55,1,,Charging (grid),1,2.010217902711633,0.0,235.67719744317967,true
1,11,10:30,67,00:30,56,1,,Charging (grid),1,2.010217902711633,0.0,236.15462419507367,true
1,11,10:30,68,00:45,57,1,,Charging (grid),1,2.010217902711633,0.0,236.63205094696767,true
1,11,10:30,69,01:00,58,1,,Charging (grid),1,2.010217902711633,0.0,237.10947769886167,true
1,11,10:30,70,01:15,59,1,,Charging (grid),1,2.010217902711633,0.0,237.58690445075567,true
1,11,10:30,71,01:30,60,1,,Charging (grid),1,2.010217902711633,0.0,238.0643312026497,true
1,11,10:30,72,01:45,61,1,,Charging (grid),1,2.010217902711633,0.0,238.5417579545437,true
1,11,10:30,73,02:00,62,1,,Charging (grid),1,2.010217902711633,0.0,239.01918470643773,true
1,11,10:30,74,02:15,63,1,,Charging (grid),1,2.010217902711633,0.0,239.49661145833173,true
1,11,10:30,75,02:30,64,1,,Charging (grid),1,2.010217902711633,0.0,239.97403821022576,true
1,11,10:30,76,02:45,65,1,,Charging (grid),1,2.010217902711633,0.0,240.45146496211976,true
1,11,10:30,77,03:00,66,1,,Charging (grid),1,2.010217902711633,0.0,240.92889171401376,true
1,11,10:30,78,03:15,67,1,,Charging (grid),1,2.010217902711633,0.0,241.4063184659078,true
1,11,10:30,79,03:30,68,1,,Charging (grid),1,2.010217902711633,0.0,241.8837452178018,true
1,11,10:30,80,03:45,69,1,,Charging (grid),1,2.010217902711633,0.0,242.36117196969582,true
1,11,10:30,81,04:00,70,1,,Charging (grid),1,2.010217902711633,0.0,242.83859872158982,true
1,11,10:30,82,04:15,71,1,,Charging (grid),1,2.010217902711633,0.0,243.31602547348382,true
1,11,10:30,83,04:30,72,1,,Charging (grid),1,2.010217902711633,0.0,243.79345222537782,true
1,11,10:30,84,04:45,73,1,,Charging (grid),1,2.010217902711633,0.0,244.27087897727185,true
1,11,10:30,85,05:00,74,1,,Charging (grid),1,2.010217902711633,0.0,244.74830572916585,true
1,11,10:30,86,05:15,75,1,,Charging (grid),1,2.010217902711633,0.0,245.22573248105985,true
1,11,10:30,87,05:30,76,1,,Charging (grid),1,2.010217902711633,0.0,245.7031592329539,true
1,11,10:30,88,05:45,77,1,,Charging (grid),1,2.010217902711633,0.0,246.1805859848479,true
1,11,10:30,89,06:00,78,1,,Charging (grid),1,2.010217902711633,0.0,246.6580127367419,true
1,11,10:30,90,06:15,79,1,,Charging (grid),1,2.010217902711633,0.0,247.1354394886359,true
1,11,10:30,91,06:30,80,1,,Charging (grid),1,2.010217902711633,0.0,247.6128662405299,true
1,11,10:30,92,06:45,81,1,,Charging (grid),1,2.010217902711633,0.0,248.09029299242394,true
1,11,10:30,93,07:00,82,1,,Charging (grid),1,2.010217902711633,0.0,248.56771974431794,true
1,11,10:30,94,07:15,83,1,,Charging (grid),1,2.010217902711633,0.0,249.04514649621197,true
1,11,10:30,95,07:30,84,1,,Charging (grid),1,2.010217902711633,0.0,249.52257324810597,true
1,11,10:30,96,07:45,85,1,,Charging (grid),1,2.0102179027117018,0.0,250.0,true
1,12,10:45,12,10:45,0,1,,Charging (grid),1,2.010217902711633,0.0,245.66820360084185,false
1,12,10:45,13,11:00,1,1,,Charging (grid),1,2.010217902711633,0.0,246.14563035273588,false
1,12,10:45,14,11:15,2,1,,Charging (grid),1,2.010217902711633,0.0,246.62305710462982,false
1,12,10:45,15,11:30,3,1,,Charging (grid),1,2.010217902711633,0.0,247.10048385652382,false
1,12,10:45,16,11:45,4,1,,Charging (grid),1,2.010217902711633,0.0,247.57791060841782,false
1,12,10:45,17,12:00,5,1,,Charging (grid),1,2.010217902711633,0.0,248.05533736031182,false
1,12,10:45,18,12:15,6,1,,Charging (grid),1,2.010217902711633,0.0,248.53276411220583,false
1,12,10:45,19,12:30,7,1,,Charging (grid),1,2.010217902711633,0.0,249.01019086409983,false
1,12,10:45,20,12:45,8,1,,Charging (grid),1,2.010217902711633,0.0,249.48761761599386,false
1,12,10:45,21,13:00,9,1,,Charging (grid),1,2.010217902711633,0.0,249.96504436788786,false
1,12,10:45,22,13:15,10,1,,Traveling,Transit,-0.0,0.0,249.96504436788786,false
1,12,10:45,23,13:30,11,1,,Serving CEV,2,-0.0,8.0,247.85978120999312,false
1,12,10:45,24,13:45,12,1,,Serving CEV,2,-0.0,8.0,245.75451805209838,false
1,12,10:45,25,14:00,13,1,,Idle,2,-0.0,0.0,245.75451805209838,false
1,12,10:45,26,14:15,14,1,,Idle,2,0.0,0.0,245.75451805209838,false
1,12,10:45,27,14:30,15,1,,Serving CEV,2,0.0,8.0,243.64925489420364,false
1,12,10:45,28,14:45,16,1,,Idle,2,0.0,0.0,243.64925489420364,false
1,12,10:45,29,15:00,17,1,,Idle,2,0.0,0.0,243.64925489420364,false
1,12,10:45,30,15:15,18,1,,Idle,2,0.0,0.0,243.64925489420364,false
1,12,10:45,31,15:30,19,1,,Idle,2,0.0,0.0,243.64925489420364,false
1,12,10:45,32,15:45,20,1,,Serving CEV,2,0.0,8.0,241.5439917363089,true
1,12,10:45,33,16:00,21,1,,Idle,2,0.0,0.0,241.54399173630893,false
1,12,10:45,34,16:15,22,1,,Idle,2,0.0,0.0,241.54399173630893,false
1,12,10:45,35,16:30,23,1,,Idle,2,0.0,0.0,241.54399173630893,false
1,12,10:45,36,16:45,24,1,,Idle,2,0.0,0.0,241.54399173630893,false
1,12,10:45,37,17:00,25,1,,Serving CEV,2,0.0,8.0,239.43872857841419,false
1,12,10:45,38,17:15,26,1,,Serving CEV,2,0.0,8.0,237.33346542051945,false
1,12,10:45,39,17:30,27,1,,Serving CEV,2,0.0,8.0,235.2282022626247,false
1,12,10:45,40,17:45,28,1,,Serving CEV,2,0.0,8.0,233.12293910472997,false
1,12,10:45,41,18:00,29,1,,Serving CEV,2,0.0,8.0,231.01767594683523,false
1,12,10:45,42,18:15,30,1,,Serving CEV,2,0.0,6.963582959148239,229.18515411548043,true
1,12,10:45,43,18:30,31,1,,Idle,2,0.0,0.0,229.18515411548043,false
1,12,10:45,44,18:45,32,1,,Traveling,Transit,0.0,0.0,229.18515411548043,true
1,12,10:45,45,19:00,33,1,,Idle,1,0.0,0.0,229.18515411548043,false
1,12,10:45,46,19:15,34,1,,Idle,1,0.0,0.0,229.18515411548043,false
1,12,10:45,47,19:30,35,1,,Idle,1,0.0,0.0,229.18515411548043,false
1,12,10:45,48,19:45,36,1,,Idle,1,0.0,0.0,229.18515411548043,false
1,12,10:45,49,20:00,37,1,,Idle,1,-0.0,0.0,229.18515411548043,false
1,12,10:45,50,20:15,38,1,,Idle,1,-0.0,0.0,229.18515411548043,false
1,12,10:45,51,20:30,39,1,,Idle,1,-0.0,0.0,229.18515411548043,false
1,12,10:45,52,20:45,40,1,,Idle,1,-0.0,0.0,229.18515411548043,true
1,12,10:45,53,21:00,41,1,,Charging (grid),1,2.010217902711633,0.0,229.66258086737446,false
1,12,10:45,54,21:15,42,1,,Charging (grid),1,2.010217902711633,0.0,230.14000761926846,false
1,12,10:45,55,21:30,43,1,,Charging (grid),1,2.010217902711633,0.0,230.6174343711625,false
1,12,10:45,56,21:45,44,1,,Charging (grid),1,2.010217902711633,0.0,231.0948611230565,false
1,12,10:45,57,22:00,45,1,,Charging (grid),1,2.010217902711633,0.0,231.57228787495052,false
1,12,10:45,58,22:15,46,1,,Charging (grid),1,2.010217902711633,0.0,232.04971462684452,false
1,12,10:45,59,22:30,47,1,,Charging (grid),1,2.010217902711633,0.0,232.52714137873855,false
1,12,10:45,60,22:45,48,1,,Charging (grid),1,2.010217902711633,0.0,233.00456813063255,false
1,12,10:45,61,23:00,49,1,,Charging (grid),1,2.010217902711633,0.0,233.48199488252655,false
1,12,10:45,62,23:15,50,1,,Charging (grid),1,2.010217902711633,0.0,233.95942163442058,false
1,12,10:45,63,23:30,51,1,,Charging (grid),1,2.010217902711633,0.0,234.43684838631458,false
1,12,10:45,64,23:45,52,1,,Charging (grid),1,1.20208653927152,0.0,234.72234393939158,true
1,12,10:45,65,00:00,53,1,,Charging (grid),1,2.010217902711633,0.0,235.19977069128558,false
1,12,10:45,66,00:15,54,1,,Charging (grid),1,2.010217902711633,0.0,235.6771974431796,false
1,12,10:45,67,00:30,55,1,,Charging (grid),1,2.010217902711633,0.0,236.1546241950736,false
1,12,10:45,68,00:45,56,1,,Charging (grid),1,2.010217902711633,0.0,236.63205094696764,false
1,12,10:45,69,01:00,57,1,,Charging (grid),1,2.010217902711633,0.0,237.10947769886164,false
1,12,10:45,70,01:15,58,1,,Charging (grid),1,2.010217902711633,0.0,237.58690445075564,false
1,12,10:45,71,01:30,59,1,,Charging (grid),1,2.010217902711633,0.0,238.06433120264967,false
1,12,10:45,72,01:45,60,1,,Charging (grid),1,2.010217902711633,0.0,238.54175795454367,false
1,12,10:45,73,02:00,61,1,,Charging (grid),1,2.010217902711633,0.0,239.0191847064377,false
1,12,10:45,74,02:15,62,1,,Charging (grid),1,2.010217902711633,0.0,239.4966114583317,false
1,12,10:45,75,02:30,63,1,,Charging (grid),1,2.010217902711633,0.0,239.97403821022573,false
1,12,10:45,76,02:45,64,1,,Charging (grid),1,2.010217902711633,0.0,240.45146496211973,false
1,12,10:45,77,03:00,65,1,,Charging (grid),1,2.010217902711633,0.0,240.92889171401376,false
1,12,10:45,78,03:15,66,1,,Charging (grid),1,2.010217902711633,0.0,241.40631846590776,false
1,12,10:45,79,03:30,67,1,,Charging (grid),1,2.010217902711633,0.0,241.88374521780176,false
1,12,10:45,80,03:45,68,1,,Charging (grid),1,2.010217902711633,0.0,242.3611719696958,false
1,12,10:45,81,04:00,69,1,,Charging (grid),1,2.010217902711633,0.0,242.8385987215898,false
1,12,10:45,82,04:15,70,1,,Charging (grid),1,2.010217902711633,0.0,243.31602547348382,false
1,12,10:45,83,04:30,71,1,,Charging (grid),1,2.010217902711633,0.0,243.79345222537782,false
1,12,10:45,84,04:45,72,1,,Charging (grid),1,2.010217902711633,0.0,244.27087897727185,false
1,12,10:45,85,05:00,73,1,,Charging (grid),1,2.010217902711633,0.0,244.74830572916585,false
1,12,10:45,86,05:15,74,1,,Charging (grid),1,2.010217902711633,0.0,245.22573248105985,false
1,12,10:45,87,05:30,75,1,,Charging (grid),1,2.010217902711633,0.0,245.70315923295388,false
1,12,10:45,88,05:45,76,1,,Charging (grid),1,2.010217902711633,0.0,246.18058598484788,false
1,12,10:45,89,06:00,77,1,,Charging (grid),1,2.010217902711633,0.0,246.6580127367419,false
1,12,10:45,90,06:15,78,1,,Charging (grid),1,2.010217902711633,0.0,247.1354394886359,false
1,12,10:45,91,06:30,79,1,,Charging (grid),1,2.010217902711633,0.0,247.61286624052994,false
1,12,10:45,92,06:45,80,1,,Charging (grid),1,2.010217902711633,0.0,248.09029299242394,false
1,12,10:45,93,07:00,81,1,,Charging (grid),1,2.010217902711633,0.0,248.56771974431797,false
1,12,10:45,94,07:15,82,1,,Charging (grid),1,2.010217902711633,0.0,249.04514649621197,false
1,12,10:45,95,07:30,83,1,,Charging (grid),1,2.010217902711633,0.0,249.52257324810597,false
1,12,10:45,96,07:45,84,1,,Charging (grid),1,2.0102179027117018,0.0,250.0,false
1,13,11:00,13,11:00,0,1,,Charging (grid),1,2.010217902711633,0.0,246.14563035273582,false
1,13,11:00,14,11:15,1,1,,Charging (grid),1,2.010217902711633,0.0,246.62305710462977,false
1,13,11:00,15,11:30,2,1,,Charging (grid),1,2.010217902711633,0.0,247.10048385652377,false
1,13,11:00,16,11:45,3,1,,Charging (grid),1,2.010217902711633,0.0,247.57791060841777,false
1,13,11:00,17,12:00,4,1,,Charging (grid),1,2.010217902711633,0.0,248.0553373603118,false
1,13,11:00,18,12:15,5,1,,Charging (grid),1,2.010217902711633,0.0,248.5327641122058,false
1,13,11:00,19,12:30,6,1,,Charging (grid),1,2.010217902711633,0.0,249.01019086409983,false
1,13,11:00,20,12:45,7,1,,Charging (grid),1,2.010217902711633,0.0,249.48761761599383,false
1,13,11:00,21,13:00,8,1,,Charging (grid),1,2.010217902711633,0.0,249.96504436788783,false
1,13,11:00,22,13:15,9,1,,Traveling,Transit,0.0,0.0,249.96504436788783,false
1,13,11:00,23,13:30,10,1,,Serving CEV,2,0.0,8.0,247.8597812099931,false
1,13,11:00,24,13:45,11,1,,Serving CEV,2,0.0,8.0,245.75451805209838,false
1,13,11:00,25,14:00,12,1,,Idle,2,0.0,0.0,245.75451805209838,false
1,13,11:00,26,14:15,13,1,,Idle,2,0.0,0.0,245.75451805209838,false
1,13,11:00,27,14:30,14,1,,Serving CEV,2,0.0,6.963582959148196,243.92199622074358,true
1,13,11:00,28,14:45,15,1,,Idle,2,0.0,0.0,243.92199622074358,false
1,13,11:00,29,15:00,16,1,,Idle,2,0.0,0.0,243.92199622074358,false
1,13,11:00,30,15:15,17,1,,Idle,2,0.0,0.0,243.92199622074358,false
1,13,11:00,31,15:30,18,1,,Idle,2,0.0,0.0,243.92199622074358,false
1,13,11:00,32,15:45,19,1,,Serving CEV,2,0.0,8.000000000000004,241.81673306284884,false
1,13,11:00,33,16:00,20,1,,Idle,2,0.0,0.0,241.81673306284884,false
1,13,11:00,34,16:15,21,1,,Idle,2,0.0,0.0,241.81673306284884,false
1,13,11:00,35,16:30,22,1,,Idle,2,0.0,0.0,241.81673306284884,false
1,13,11:00,36,16:45,23,1,,Idle,2,0.0,0.0,241.81673306284884,false
1,13,11:00,37,17:00,24,1,,Serving CEV,2,0.0,8.0,239.71146990495407,false
1,13,11:00,38,17:15,25,1,,Serving CEV,2,0.0,8.0,237.60620674705933,false
1,13,11:00,39,17:30,26,1,,Serving CEV,2,0.0,8.0,235.5009435891646,false
1,13,11:00,40,17:45,27,1,,Serving CEV,2,0.0,7.999999999999997,233.39568043126985,false
1,13,11:00,41,18:00,28,1,,Serving CEV,2,0.0,8.000000000000002,231.2904172733751,false
1,13,11:00,42,18:15,29,1,,Serving CEV,2,0.0,8.000000000000004,229.18515411548037,true
1,13,11:00,43,18:30,30,1,,Idle,2,0.0,0.0,229.18515411548037,false
1,13,11:00,44,18:45,31,1,,Idle,2,0.0,0.0,229.18515411548037,true
1,13,11:00,45,19:00,32,1,,Idle,2,0.0,0.0,229.18515411548037,false
1,13,11:00,46,19:15,33,1,,Idle,2,0.0,0.0,229.18515411548037,false
1,13,11:00,47,19:30,34,1,,Traveling,Transit,0.0,0.0,229.18515411548037,true
1,13,11:00,48,19:45,35,1,,Idle,1,0.0,0.0,229.18515411548037,false
1,13,11:00,49,20:00,36,1,,Idle,1,-0.0,0.0,229.18515411548037,false
1,13,11:00,50,20:15,37,1,,Idle,1,-0.0,0.0,229.18515411548037,false
1,13,11:00,51,20:30,38,1,,Idle,1,-0.0,0.0,229.18515411548037,false
1,13,11:00,52,20:45,39,1,,Idle,1,-0.0,0.0,229.18515411548037,false
1,13,11:00,53,21:00,40,1,,Charging (grid),1,2.010217902711633,0.0,229.6625808673744,false
1,13,11:00,54,21:15,41,1,,Charging (grid),1,2.010217902711633,0.0,230.1400076192684,false
1,13,11:00,55,21:30,42,1,,Charging (grid),1,2.010217902711633,0.0,230.6174343711624,false
1,13,11:00,56,21:45,43,1,,Charging (grid),1,2.010217902711633,0.0,231.09486112305643,false
1,13,11:00,57,22:00,44,1,,Charging (grid),1,2.010217902711633,0.0,231.57228787495043,false
1,13,11:00,58,22:15,45,1,,Charging (grid),1,2.010217902711633,0.0,232.04971462684446,false
1,13,11:00,59,22:30,46,1,,Charging (grid),1,2.010217902711633,0.0,232.52714137873846,false
1,13,11:00,60,22:45,47,1,,Charging (grid),1,2.010217902711633,0.0,233.0045681306325,false
1,13,11:00,61,23:00,48,1,,Charging (grid),1,2.010217902711633,0.0,233.4819948825265,false
1,13,11:00,62,23:15,49,1,,Charging (grid),1,2.010217902711633,0.0,233.95942163442052,false
1,13,11:00,63,23:30,50,1,,Charging (grid),1,2.010217902711633,0.0,234.43684838631452,false
1,13,11:00,64,23:45,51,1,,Charging (grid),1,1.2020865392717592,0.0,234.72234393939158,false
1,13,11:00,65,00:00,52,1,,Charging (grid),1,2.010217902711633,0.0,235.19977069128558,false
1,13,11:00,66,00:15,53,1,,Charging (grid),1,2.010217902711633,0.0,235.6771974431796,false
1,13,11:00,67,00:30,54,1,,Charging (grid),1,2.010217902711633,0.0,236.1546241950736,false
1,13,11:00,68,00:45,55,1,,Charging (grid),1,2.010217902711633,0.0,236.63205094696764,false
1,13,11:00,69,01:00,56,1,,Charging (grid),1,2.010217902711633,0.0,237.10947769886164,false
1,13,11:00,70,01:15,57,1,,Charging (grid),1,2.010217902711633,0.0,237.58690445075564,false
1,13,11:00,71,01:30,58,1,,Charging (grid),1,2.010217902711633,0.0,238.06433120264967,false
1,13,11:00,72,01:45,59,1,,Charging (grid),1,2.010217902711633,0.0,238.54175795454367,false
1,13,11:00,73,02:00,60,1,,Charging (grid),1,2.010217902711633,0.0,239.0191847064377,false
1,13,11:00,74,02:15,61,1,,Charging (grid),1,2.010217902711633,0.0,239.4966114583317,false
1,13,11:00,75,02:30,62,1,,Charging (grid),1,2.010217902711633,0.0,239.97403821022573,false
1,13,11:00,76,02:45,63,1,,Charging (grid),1,2.010217902711633,0.0,240.45146496211973,false
1,13,11:00,77,03:00,64,1,,Charging (grid),1,2.010217902711633,0.0,240.92889171401376,false
1,13,11:00,78,03:15,65,1,,Charging (grid),1,2.010217902711633,0.0,241.40631846590776,false
1,13,11:00,79,03:30,66,1,,Charging (grid),1,2.010217902711633,0.0,241.88374521780176,false
1,13,11:00,80,03:45,67,1,,Charging (grid),1,2.010217902711633,0.0,242.3611719696958,false
1,13,11:00,81,04:00,68,1,,Charging (grid),1,2.010217902711633,0.0,242.8385987215898,false
1,13,11:00,82,04:15,69,1,,Charging (grid),1,2.010217902711633,0.0,243.31602547348382,false
1,13,11:00,83,04:30,70,1,,Charging (grid),1,2.010217902711633,0.0,243.79345222537782,false
1,13,11:00,84,04:45,71,1,,Charging (grid),1,2.010217902711633,0.0,244.27087897727185,false
1,13,11:00,85,05:00,72,1,,Charging (grid),1,2.010217902711633,0.0,244.74830572916585,false
1,13,11:00,86,05:15,73,1,,Charging (grid),1,2.010217902711633,0.0,245.22573248105988,false
1,13,11:00,87,05:30,74,1,,Charging (grid),1,2.010217902711633,0.0,245.70315923295388,false
1,13,11:00,88,05:45,75,1,,Charging (grid),1,2.010217902711633,0.0,246.18058598484788,false
1,13,11:00,89,06:00,76,1,,Charging (grid),1,2.010217902711633,0.0,246.6580127367419,false
1,13,11:00,90,06:15,77,1,,Charging (grid),1,2.010217902711633,0.0,247.1354394886359,false
1,13,11:00,91,06:30,78,1,,Charging (grid),1,2.010217902711633,0.0,247.61286624052994,false
1,13,11:00,92,06:45,79,1,,Charging (grid),1,2.010217902711633,0.0,248.09029299242394,false
1,13,11:00,93,07:00,80,1,,Charging (grid),1,2.010217902711633,0.0,248.56771974431794,false
1,13,11:00,94,07:15,81,1,,Charging (grid),1,2.010217902711633,0.0,249.04514649621197,false
1,13,11:00,95,07:30,82,1,,Charging (grid),1,2.010217902711633,0.0,249.52257324810597,false
1,13,11:00,96,07:45,83,1,,Charging (grid),1,2.0102179027117018,0.0,250.0,false
1,14,11:15,14,11:15,0,1,,Charging (grid),1,2.010217902711633,0.0,246.6230571046298,false
1,14,11:15,15,11:30,1,1,,Charging (grid),1,2.010217902711633,0.0,247.1004838565238,false
1,14,11:15,16,11:45,2,1,,Charging (grid),1,2.010217902711633,0.0,247.5779106084178,false
1,14,11:15,17,12:00,3,1,,Charging (grid),1,2.010217902711633,0.0,248.0553373603118,false
1,14,11:15,18,12:15,4,1,,Charging (grid),1,2.010217902711633,0.0,248.5327641122058,false
1,14,11:15,19,12:30,5,1,,Charging (grid),1,2.010217902711633,0.0,249.0101908640998,false
1,14,11:15,20,12:45,6,1,,Charging (grid),1,2.010217902711633,0.0,249.4876176159938,false
1,14,11:15,21,13:00,7,1,,Charging (grid),1,2.010217902711633,0.0,249.9650443678878,false
1,14,11:15,22,13:15,8,1,,Traveling,Transit,0.0,0.0,249.9650443678878,false
1,14,11:15,23,13:30,9,1,,Serving CEV,2,0.0,7.66538309191053,247.94783829106925,true
1,14,11:15,24,13:45,10,1,,Serving CEV,2,0.0,8.0,245.8425751331745,false
1,14,11:15,25,14:00,11,1,,Idle,2,0.0,0.0,245.8425751331745,false
1,14,11:15,26,14:15,12,1,,Idle,2,0.0,0.0,245.8425751331745,false
1,14,11:15,27,14:30,13,1,,Serving CEV,2,0.0,8.0,243.73731197527977,true
1,14,11:15,28,14:45,14,1,,Idle,2,0.0,0.0,243.73731197527977,false
1,14,11:15,29,15:00,15,1,,Idle,2,0.0,0.0,243.73731197527977,false
1,14,11:15,30,15:15,16,1,,Idle,2,0.0,0.0,243.73731197527977,false
1,14,11:15,31,15:30,17,1,,Idle,2,0.0,0.0,243.73731197527977,false
1,14,11:15,32,15:45,18,1,,Serving CEV,2,0.0,8.0,241.63204881738503,false
1,14,11:15,33,16:00,19,1,,Idle,2,0.0,0.0,241.63204881738503,false
1,14,11:15,34,16:15,20,1,,Idle,2,0.0,0.0,241.63204881738503,false
1,14,11:15,35,16:30,21,1,,Idle,2,0.0,0.0,241.63204881738503,false
1,14,11:15,36,16:45,22,1,,Idle,2,0.0,0.0,241.63204881738503,false
1,14,11:15,37,17:00,23,1,,Serving CEV,2,0.0,8.0,239.5267856594903,false
1,14,11:15,38,17:15,24,1,,Serving CEV,2,0.0,8.0,237.42152250159555,false
1,14,11:15,39,17:30,25,1,,Serving CEV,2,0.0,8.0,235.3162593437008,false
1,14,11:15,40,17:45,26,1,,Serving CEV,2,0.0,8.0,233.21099618580607,false
1,14,11:15,41,18:00,27,1,,Serving CEV,2,0.0,8.0,231.10573302791133,false
1,14,11:15,42,18:15,28,1,,Serving CEV,2,0.0,8.0,229.0004698700166,false
1,14,11:15,43,18:30,29,1,,Traveling,Transit,0.0,0.0,229.0004698700166,true
1,14,11:15,44,18:45,30,1,,Idle,1,0.0,0.0,229.0004698700166,false
1,14,11:15,45,19:00,31,1,,Idle,1,0.0,0.0,229.0004698700166,false
1,14,11:15,46,19:15,32,1,,Idle,1,0.0,0.0,229.0004698700166,false
1,14,11:15,47,19:30,33,1,,Idle,1,0.0,0.0,229.0004698700166,true
1,14,11:15,48,19:45,34,1,,Idle,1,0.0,0.0,229.0004698700166,false
1,14,11:15,49,20:00,35,1,,Idle,1,-0.0,0.0,229.0004698700166,false
1,14,11:15,50,20:15,36,1,,Idle,1,-0.0,0.0,229.0004698700166,false
1,14,11:15,51,20:30,37,1,,Idle,1,-0.0,0.0,229.0004698700166,false
1,14,11:15,52,20:45,38,1,,Idle,1,-0.0,0.0,229.0004698700166,false
1,14,11:15,53,21:00,39,1,,Charging (grid),1,2.010217902711633,0.0,229.4778966219106,false
1,14,11:15,54,21:15,40,1,,Charging (grid),1,2.010217902711633,0.0,229.9553233738046,false
1,14,11:15,55,21:30,41,1,,Charging (grid),1,2.010217902711633,0.0,230.4327501256986,false
1,14,11:15,56,21:45,42,1,,Charging (grid),1,2.010217902711633,0.0,230.9101768775926,false
1,14,11:15,57,22:00,43,1,,Charging (grid),1,2.010217902711633,0.0,231.3876036294866,false
1,14,11:15,58,22:15,44,1,,Charging (grid),1,2.010217902711633,0.0,231.8650303813806,false
1,14,11:15,59,22:30,45,1,,Charging (grid),1,2.010217902711633,0.0,232.3424571332746,false
1,14,11:15,60,22:45,46,1,,Charging (grid),1,2.010217902711633,0.0,232.8198838851686,false
1,14,11:15,61,23:00,47,1,,Charging (grid),1,2.010217902711633,0.0,233.29731063706262,false
1,14,11:15,62,23:15,48,1,,Charging (grid),1,2.010217902711633,0.0,233.77473738895662,false
1,14,11:15,63,23:30,49,1,,Charging (grid),1,2.010217902711633,0.0,234.25216414085062,false
1,14,11:15,64,23:45,50,1,,Charging (grid),1,1.9797044149092282,0.0,234.72234393939158,true
1,14,11:15,65,00:00,51,1,,Charging (grid),1,2.010217902711633,0.0,235.1997706912856,false
1,14,11:15,66,00:15,52,1,,Charging (grid),1,2.010217902711633,0.0,235.6771974431796,false
1,14,11:15,67,00:30,53,1,,Charging (grid),1,2.010217902711633,0.0,236.15462419507364,false
1,14,11:15,68,00:45,54,1,,Charging (grid),1,2.010217902711633,0.0,236.63205094696764,false
1,14,11:15,69,01:00,55,1,,Charging (grid),1,2.010217902711633,0.0,237.10947769886167,false
1,14,11:15,70,01:15,56,1,,Charging (grid),1,2.010217902711633,0.0,237.58690445075567,false
1,14,11:15,71,01:30,57,1,,Charging (grid),1,2.010217902711633,0.0,238.06433120264967,false
1,14,11:15,72,01:45,58,1,,Charging (grid),1,2.010217902711633,0.0,238.5417579545437,false
1,14,11:15,73,02:00,59,1,,Charging (grid),1,2.010217902711633,0.0,239.0191847064377,false
1,14,11:15,74,02:15,60,1,,Charging (grid),1,2.010217902711633,0.0,239.49661145833173,false
1,14,11:15,75,02:30,61,1,,Charging (grid),1,2.010217902711633,0.0,239.97403821022573,false
1,14,11:15,76,02:45,62,1,,Charging (grid),1,2.010217902711633,0.0,240.45146496211976,false
1,14,11:15,77,03:00,63,1,,Charging (grid),1,2.010217902711633,0.0,240.92889171401376,false
1,14,11:15,78,03:15,64,1,,Charging (grid),1,2.010217902711633,0.0,241.4063184659078,false
1,14,11:15,79,03:30,65,1,,Charging (grid),1,2.010217902711633,0.0,241.8837452178018,false
1,14,11:15,80,03:45,66,1,,Charging (grid),1,2.010217902711633,0.0,242.3611719696958,false
1,14,11:15,81,04:00,67,1,,Charging (grid),1,2.010217902711633,0.0,242.83859872158982,false
1,14,11:15,82,04:15,68,1,,Charging (grid),1,2.010217902711633,0.0,243.31602547348382,false
1,14,11:15,83,04:30,69,1,,Charging (grid),1,2.010217902711633,0.0,243.79345222537785,false
1,14,11:15,84,04:45,70,1,,Charging (grid),1,2.010217902711633,0.0,244.27087897727185,false
1,14,11:15,85,05:00,71,1,,Charging (grid),1,2.010217902711633,0.0,244.74830572916588,false
1,14,11:15,86,05:15,72,1,,Charging (grid),1,2.010217902711633,0.0,245.22573248105988,false
1,14,11:15,87,05:30,73,1,,Charging (grid),1,2.010217902711633,0.0,245.70315923295388,false
1,14,11:15,88,05:45,74,1,,Charging (grid),1,2.010217902711633,0.0,246.18058598484788,false
1,14,11:15,89,06:00,75,1,,Charging (grid),1,2.010217902711633,0.0,246.65801273674188,false
1,14,11:15,90,06:15,76,1,,Charging (grid),1,2.010217902711633,0.0,247.1354394886359,false
1,14,11:15,91,06:30,77,1,,Charging (grid),1,2.010217902711633,0.0,247.6128662405299,false
1,14,11:15,92,06:45,78,1,,Charging (grid),1,2.010217902711633,0.0,248.09029299242394,false
1,14,11:15,93,07:00,79,1,,Charging (grid),1,2.010217902711633,0.0,248.56771974431794,false
1,14,11:15,94,07:15,80,1,,Charging (grid),1,2.010217902711633,0.0,249.04514649621197,false
1,14,11:15,95,07:30,81,1,,Charging (grid),1,2.010217902711633,0.0,249.52257324810597,false
1,14,11:15,96,07:45,82,1,,Charging (grid),1,2.0102179027117018,0.0,250.0,false
1,15,11:30,15,11:30,0,1,,Charging (grid),1,2.0102179027116343,0.0,247.10048385652377,false
1,15,11:30,16,11:45,1,1,,Charging (grid),1,2.0102179027116343,0.0,247.5779106084178,false
1,15,11:30,17,12:00,2,1,,Charging (grid),1,2.0102179027116343,0.0,248.05533736031177,false
1,15,11:30,18,12:15,3,1,,Charging (grid),1,2.0102179027116343,0.0,248.53276411220577,false
1,15,11:30,19,12:30,4,1,,Charging (grid),1,2.0102179027116343,0.0,249.01019086409977,false
1,15,11:30,20,12:45,5,1,,Charging (grid),1,2.0102179027116343,0.0,249.48761761599377,false
1,15,11:30,21,13:00,6,1,,Charging (grid),1,2.0102179027116343,0.0,249.96504436788777,false
1,15,11:30,22,13:15,7,1,,Traveling,Transit,-0.0,0.0,249.9650443678879,false
1,15,11:30,23,13:30,8,1,,Serving CEV,2,-0.0,8.0,247.85978120999317,true
1,15,11:30,24,13:45,9,1,,Serving CEV,2,-0.0,6.802272731363223,246.0697094385818,true
1,15,11:30,25,14:00,10,1,,Idle,2,-0.0,0.0,246.06970943858178,false
1,15,11:30,26,14:15,11,1,,Idle,2,-0.0,0.0,246.06970943858178,false
1,15,11:30,27,14:30,12,1,,Serving CEV,2,-0.0,7.999999999999996,243.96444628068704,false
1,15,11:30,28,14:45,13,1,,Idle,2,0.0,0.0,243.96444628068704,false
1,15,11:30,29,15:00,14,1,,Idle,2,-0.0,0.0,243.96444628068704,false
1,15,11:30,30,15:15,15,1,,Idle,2,0.0,0.0,243.96444628068704,false
1,15,11:30,31,15:30,16,1,,Idle,2,-0.0,0.0,243.96444628068704,false
1,15,11:30,32,15:45,17,1,,Serving CEV,2,-0.0,8.0,241.8591831227923,false
1,15,11:30,33,16:00,18,1,,Idle,2,0.0,0.0,241.8591831227923,false
1,15,11:30,34,16:15,19,1,,Idle,2,0.0,0.0,241.8591831227923,false
1,15,11:30,35,16:30,20,1,,Idle,2,0.0,0.0,241.8591831227923,false
1,15,11:30,36,16:45,21,1,,Idle,2,0.0,0.0,241.8591831227923,false
1,15,11:30,37,17:00,22,1,,Serving CEV,2,0.0,8.0,239.75391996489756,false
1,15,11:30,38,17:15,23,1,,Serving CEV,2,0.0,7.999999999999997,237.64865680700282,false
1,15,11:30,39,17:30,24,1,,Serving CEV,2,0.0,7.999999999999987,235.54339364910808,false
1,15,11:30,40,17:45,25,1,,Serving CEV,2,0.0,7.999999999999987,233.43813049121337,false
1,15,11:30,41,18:00,26,1,,Serving CEV,2,0.0,7.999999999999982,231.33286733331863,false
1,15,11:30,42,18:15,27,1,,Idle,2,0.0,0.0,231.33286733331863,true
1,15,11:30,43,18:30,28,1,,Serving CEV,2,0.0,7.999999999999999,229.2276041754239,true
1,15,11:30,44,18:45,29,1,,Idle,2,0.0,0.0,229.2276041754239,false
1,15,11:30,45,19:00,30,1,,Idle,2,0.0,0.0,229.2276041754239,false
1,15,11:30,46,19:15,31,1,,Idle,2,0.0,0.0,229.2276041754239,false
1,15,11:30,47,19:30,32,1,,Idle,2,0.0,0.0,229.2276041754239,false
1,15,11:30,48,19:45,33,1,,Idle,2,0.0,0.0,229.2276041754239,false
1,15,11:30,49,20:00,34,1,,Idle,2,-0.0,0.0,229.2276041754239,false
1,15,11:30,50,20:15,35,1,,Traveling,Transit,-0.0,0.0,229.2276041754239,true
1,15,11:30,51,20:30,36,1,,Idle,1,-0.0,0.0,229.2276041754239,false
1,15,11:30,52,20:45,37,1,,Idle,1,-0.0,0.0,229.22760417542392,false
1,15,11:30,53,21:00,38,1,,Charging (grid),1,2.0102179027116343,0.0,229.70503092731792,false
1,15,11:30,54,21:15,39,1,,Charging (grid),1,2.0102179027116343,0.0,230.18245767921192,false
1,15,11:30,55,21:30,40,1,,Charging (grid),1,2.0102179027116343,0.0,230.65988443110595,false
1,15,11:30,56,21:45,41,1,,Charging (grid),1,2.0102179027116343,0.0,231.13731118299995,false
1,15,11:30,57,22:00,42,1,,Charging (grid),1,2.0102179027116343,0.0,231.61473793489398,false
1,15,11:30,58,22:15,43,1,,Charging (grid),1,2.0102179027116343,0.0,232.09216468678798,false
1,15,11:30,59,22:30,44,1,,Charging (grid),1,2.0102179027116343,0.0,232.569591438682,false
1,15,11:30,60,22:45,45,1,,Charging (grid),1,2.0102179027116343,0.0,233.047018190576,false
1,15,11:30,61,23:00,46,1,,Charging (grid),1,2.0102179027116343,0.0,233.52444494247004,false
1,15,11:30,62,23:15,47,1,,Charging (grid),1,2.0102179027116343,0.0,234.00187169436404,false
1,15,11:30,63,23:30,48,1,,Charging (grid),1,2.0102179027116343,0.0,234.47929844625804,false
1,15,11:30,64,23:45,49,1,,Charging (grid),1,1.023349444772717,0.0,234.72234393939158,true
1,15,11:30,65,00:00,50,1,,Charging (grid),1,2.0102179027116343,0.0,235.19977069128558,false
1,15,11:30,66,00:15,51,1,,Charging (grid),1,2.0102179027116343,0.0,235.6771974431796,false
1,15,11:30,67,00:30,52,1,,Charging (grid),1,2.0102179027116343,0.0,236.1546241950736,false
1,15,11:30,68,00:45,53,1,,Charging (grid),1,2.0102179027116343,0.0,236.63205094696764,false
1,15,11:30,69,01:00,54,1,,Charging (grid),1,2.0102179027116343,0.0,237.10947769886164,false
1,15,11:30,70,01:15,55,1,,Charging (grid),1,2.0102179027116343,0.0,237.58690445075567,false
1,15,11:30,71,01:30,56,1,,Charging (grid),1,2.0102179027116343,0.0,238.06433120264967,false
1,15,11:30,72,01:45,57,1,,Charging (grid),1,2.0102179027116343,0.0,238.54175795454367,false
1,15,11:30,73,02:00,58,1,,Charging (grid),1,2.0102179027116343,0.0,239.0191847064377,false
1,15,11:30,74,02:15,59,1,,Charging (grid),1,2.0102179027116343,0.0,239.4966114583317,false
1,15,11:30,75,02:30,60,1,,Charging (grid),1,2.0102179027116343,0.0,239.97403821022573,false
1,15,11:30,76,02:45,61,1,,Charging (grid),1,2.0102179027116343,0.0,240.45146496211973,false
1,15,11:30,77,03:00,62,1,,Charging (grid),1,2.0102179027116343,0.0,240.92889171401376,false
1,15,11:30,78,03:15,63,1,,Charging (grid),1,2.0102179027116343,0.0,241.40631846590776,false
1,15,11:30,79,03:30,64,1,,Charging (grid),1,2.0102179027116343,0.0,241.8837452178018,false
1,15,11:30,80,03:45,65,1,,Charging (grid),1,2.0102179027116343,0.0,242.3611719696958,false
1,15,11:30,81,04:00,66,1,,Charging (grid),1,2.0102179027116343,0.0,242.8385987215898,false
1,15,11:30,82,04:15,67,1,,Charging (grid),1,2.0102179027116343,0.0,243.31602547348382,false
1,15,11:30,83,04:30,68,1,,Charging (grid),1,2.0102179027116343,0.0,243.79345222537782,false
1,15,11:30,84,04:45,69,1,,Charging (grid),1,2.0102179027116343,0.0,244.27087897727185,false
1,15,11:30,85,05:00,70,1,,Charging (grid),1,2.0102179027116343,0.0,244.74830572916585,false
1,15,11:30,86,05:15,71,1,,Charging (grid),1,2.0102179027116343,0.0,245.22573248105988,false
1,15,11:30,87,05:30,72,1,,Charging (grid),1,2.0102179027116343,0.0,245.70315923295388,false
1,15,11:30,88,05:45,73,1,,Charging (grid),1,2.0102179027116343,0.0,246.1805859848479,false
1,15,11:30,89,06:00,74,1,,Charging (grid),1,2.0102179027116343,0.0,246.6580127367419,false
1,15,11:30,90,06:15,75,1,,Charging (grid),1,2.0102179027116343,0.0,247.1354394886359,false
1,15,11:30,91,06:30,76,1,,Charging (grid),1,2.0102179027116343,0.0,247.61286624052994,false
1,15,11:30,92,06:45,77,1,,Charging (grid),1,2.0102179027116343,0.0,248.09029299242394,false
1,15,11:30,93,07:00,78,1,,Charging (grid),1,2.0102179027116343,0.0,248.56771974431797,false
1,15,11:30,94,07:15,79,1,,Charging (grid),1,2.0102179027116343,0.0,249.04514649621197,false
1,15,11:30,95,07:30,80,1,,Charging (grid),1,2.0102179027116343,0.0,249.52257324810597,false
1,15,11:30,96,07:45,81,1,,Charging (grid),1,2.0102179027117018,0.0,250.0,false
1,16,11:45,16,11:45,0,1,,Charging (grid),1,2.0102179027116343,0.0,247.57791060841774,false
1,16,11:45,17,12:00,1,1,,Charging (grid),1,2.010217902711633,0.0,248.05533736031174,false
1,16,11:45,18,12:15,2,1,,Charging (grid),1,2.0102179027116343,0.0,248.53276411220574,false
1,16,11:45,19,12:30,3,1,,Charging (grid),1,2.010217902713459,0.0,249.0101908641002,false
1,16,11:45,20,12:45,4,1,,Charging (grid),1,2.0102179027116343,0.0,249.4876176159942,false
1,16,11:45,21,13:00,5,1,,Charging (grid),1,2.0102179027116343,0.0,249.9650443678882,false
1,16,11:45,22,13:15,6,1,,Traveling,Transit,-0.0,0.0,249.96504436788598,false
1,16,11:45,23,13:30,7,1,,Serving CEV,2,-0.0,8.0,247.85978120999124,false
1,16,11:45,24,13:45,8,1,,Serving CEV,2,-0.0,6.196141605480776,246.22921762960155,true
1,16,11:45,25,14:00,9,1,,Idle,2,-0.0,0.0,246.22921762960155,false
1,16,11:45,26,14:15,10,1,,Idle,2,-0.0,0.0,246.22921762960155,false
1,16,11:45,27,14:30,11,1,,Idle,2,-0.0,0.0,246.22921762960155,true
1,16,11:45,28,14:45,12,1,,Serving CEV,2,-9.253011948949874e-13,7.9999999999892735,244.12395447170942,true
1,16,11:45,29,15:00,13,1,,Idle,2,-0.0,0.0,244.12395447170942,false
1,16,11:45,30,15:15,14,1,,Idle,2,-0.0,0.0,244.12395447170942,false
1,16,11:45,31,15:30,15,1,,Idle,2,-0.0,0.0,244.12395447170942,false
1,16,11:45,32,15:45,16,1,,Serving CEV,2,-0.0,8.0,242.01869131381468,false
1,16,11:45,33,16:00,17,1,,Idle,2,0.0,0.0,242.01869131381468,false
1,16,11:45,34,16:15,18,1,,Idle,2,0.0,0.0,242.01869131381468,false
1,16,11:45,35,16:30,19,1,,Idle,2,0.0,0.0,242.01869131381468,false
1,16,11:45,36,16:45,20,1,,Idle,2,0.0,0.0,242.01869131381468,false
1,16,11:45,37,17:00,21,1,,Serving CEV,2,0.0,7.999999999996799,239.9134281559208,false
1,16,11:45,38,17:15,22,1,,Serving CEV,2,0.0,8.0,237.80816499802606,false
1,16,11:45,39,17:30,23,1,,Serving CEV,2,0.0,7.999999999996797,235.70290184013217,false
1,16,11:45,40,17:45,24,1,,Serving CEV,2,0.0,8.000000000017037,233.59763868223294,false
1,16,11:45,41,18:00,25,1,,Serving CEV,2,0.0,7.9999999999967955,231.49237552433905,false
1,16,11:45,42,18:15,26,1,,Serving CEV,2,0.0,8.0,229.3871123664443,true
1,16,11:45,43,18:30,27,1,,Idle,2,0.0,0.0,229.3871123664443,true
1,16,11:45,44,18:45,28,1,,Idle,2,0.0,0.0,229.3871123664443,false
1,16,11:45,45,19:00,29,1,,Idle,2,0.0,0.0,229.3871123664443,false
1,16,11:45,46,19:15,30,1,,Idle,2,0.0,-7.16304863379098e-11,229.38711236646316,false
1,16,11:45,47,19:30,31,1,,Idle,2,0.0,0.0,229.38711236646316,false
1,16,11:45,48,19:45,32,1,,Idle,2,0.0,0.0,229.38711236646316,false
1,16,11:45,49,20:00,33,1,,Idle,2,-0.0,0.0,229.38711236646316,false
1,16,11:45,50,20:15,34,1,,Idle,2,-0.0,0.0,229.38711236646316,true
1,16,11:45,51,20:30,35,1,,Idle,2,-0.0,0.0,229.38711236646316,false
1,16,11:45,52,20:45,36,1,,Traveling,Transit,-0.0,0.0,229.38711236646316,true
1,16,11:45,53,21:00,37,1,,Charging (grid),1,2.010217902711649,0.0,229.8645391183572,false
1,16,11:45,54,21:15,38,1,,Charging (grid),1,2.0102179027116454,0.0,230.34196587025122,false
1,16,11:45,55,21:30,39,1,,Charging (grid),1,2.0102179027116454,0.0,230.81939262214524,false
1,16,11:45,56,21:45,40,1,,Charging (grid),1,2.010217902711649,0.0,231.29681937403927,false
1,16,11:45,57,22:00,41,1,,Charging (grid),1,2.0102179027116343,0.0,231.77424612593327,false
1,16,11:45,58,22:15,42,1,,Charging (grid),1,2.010217902711649,0.0,232.2516728778273,false
1,16,11:45,59,22:30,43,1,,Charging (grid),1,2.0102179027116343,0.0,232.7290996297213,false
1,16,11:45,60,22:45,44,1,,Charging (grid),1,2.0102179027116347,0.0,233.2065263816153,false
1,16,11:45,61,23:00,45,1,,Charging (grid),1,2.0102179027116343,0.0,233.6839531335093,false
1,16,11:45,62,23:15,46,1,,Charging (grid),1,2.0102179027116365,0.0,234.1613798854033,false
1,16,11:45,63,23:30,47,1,,Charging (grid),1,2.0102179027116343,0.0,234.6388066372973,false
1,16,11:45,64,23:45,48,1,,Charging (grid),1,0.35173600866308213,0.0,234.7223439393548,true
1,16,11:45,65,00:00,49,1,,Charging (grid),1,2.0102179027116343,0.0,235.1997706912488,false
1,16,11:45,66,00:15,50,1,,Charging (grid),1,2.0102179027116454,0.0,235.67719744314283,false
1,16,11:45,67,00:30,51,1,,Charging (grid),1,2.0102179027116343,0.0,236.15462419503683,false
1,16,11:45,68,00:45,52,1,,Charging (grid),1,2.0102179027116343,0.0,236.63205094693083,false
1,16,11:45,69,01:00,53,1,,Charging (grid),1,2.0102179027116343,0.0,237.10947769882483,false
1,16,11:45,70,01:15,54,1,,Charging (grid),1,2.0102179027116343,0.0,237.58690445071883,false
1,16,11:45,71,01:30,55,1,,Charging (grid),1,2.0102179027116343,0.0,238.06433120261283,false
1,16,11:45,72,01:45,56,1,,Charging (grid),1,2.0102179027116343,0.0,238.54175795450683,false
1,16,11:45,73,02:00,57,1,,Charging (grid),1,2.0102179027116343,0.0,239.01918470640084,false
1,16,11:45,74,02:15,58,1,,Charging (grid),1,2.0102179027116343,0.0,239.49661145829484,false
1,16,11:45,75,02:30,59,1,,Charging (grid),1,2.0102179027116343,0.0,239.97403821018884,false
1,16,11:45,76,02:45,60,1,,Charging (grid),1,2.0102179027116343,0.0,240.45146496208284,false
1,16,11:45,77,03:00,61,1,,Charging (grid),1,2.0102179027116343,0.0,240.92889171397684,false
1,16,11:45,78,03:15,62,1,,Charging (grid),1,2.0102179027116307,0.0,241.40631846587084,false
1,16,11:45,79,03:30,63,1,,Charging (grid),1,2.0102179027116307,0.0,241.88374521776484,false
1,16,11:45,80,03:45,64,1,,Charging (grid),1,2.0102179027116343,0.0,242.36117196965884,false
1,16,11:45,81,04:00,65,1,,Charging (grid),1,2.0102179027116343,0.0,242.83859872155284,false
1,16,11:45,82,04:15,66,1,,Charging (grid),1,2.0102179027116307,0.0,243.31602547344684,false
1,16,11:45,83,04:30,67,1,,Charging (grid),1,2.0102179027116343,0.0,243.79345222534084,false
1,16,11:45,84,04:45,68,1,,Charging (grid),1,2.0102179027116343,0.0,244.27087897723484,false
1,16,11:45,85,05:00,69,1,,Charging (grid),1,2.0102179027116343,0.0,244.74830572912884,false
1,16,11:45,86,05:15,70,1,,Charging (grid),1,2.0102179027116343,0.0,245.22573248102285,false
1,16,11:45,87,05:30,71,1,,Charging (grid),1,2.0102179027116343,0.0,245.70315923291685,false
1,16,11:45,88,05:45,72,1,,Charging (grid),1,2.0102179027116343,0.0,246.18058598481085,false
1,16,11:45,89,06:00,73,1,,Charging (grid),1,2.010217902867752,0.0,246.65801273674194,false
1,16,11:45,90,06:15,74,1,,Charging (grid),1,2.0102179027116343,0.0,247.13543948863594,false
1,16,11:45,91,06:30,75,1,,Charging (grid),1,2.0102179027116343,0.0,247.61286624052994,false
1,16,11:45,92,06:45,76,1,,Charging (grid),1,2.0102179027116343,0.0,248.09029299242394,false
1,16,11:45,93,07:00,77,1,,Charging (grid),1,2.0102179027116343,0.0,248.56771974431794,false
1,16,11:45,94,07:15,78,1,,Charging (grid),1,2.0102179027116343,0.0,249.04514649621197,false
1,16,11:45,95,07:30,79,1,,Charging (grid),1,2.0102179027116343,0.0,249.52257324810597,false
1,16,11:45,96,07:45,80,1,,Charging (grid),1,2.0102179027117018,0.0,250.0,false
1,17,12:00,17,12:00,0,1,,Charging (grid),1,2.0102179027116343,0.0,248.0553373603117,false
1,17,12:00,18,12:15,1,1,,Charging (grid),1,2.0102179027116343,0.0,248.5327641122057,false
1,17,12:00,19,12:30,2,1,,Charging (grid),1,2.0102179027116343,0.0,249.0101908640997,false
1,17,12:00,20,12:45,3,1,,Charging (grid),1,2.0102179027116343,0.0,249.4876176159937,false
1,17,12:00,21,13:00,4,1,,Charging (grid),1,2.0102179027116343,0.0,249.9650443678877,false
1,17,12:00,22,13:15,5,1,,Traveling,Transit,-0.0,0.0,249.9650443678877,false
1,17,12:00,23,13:30,6,1,,Serving CEV,2,-0.0,8.0,247.85978120999297,false
1,17,12:00,24,13:45,7,1,,Serving CEV,2,-0.0,8.0,245.75451805209823,true
1,17,12:00,25,14:00,8,1,,Idle,2,-0.0,0.0,245.75451805209823,false
1,17,12:00,26,14:15,9,1,,Idle,2,-0.0,0.0,245.75451805209823,false
1,17,12:00,27,14:30,10,1,,Serving CEV,2,-0.0,8.000000000000002,243.6492548942035,true
1,17,12:00,28,14:45,11,1,,Idle,2,-0.0,0.0,243.6492548942035,true
1,17,12:00,29,15:00,12,1,,Idle,2,-0.0,0.0,243.6492548942035,false
1,17,12:00,30,15:15,13,1,,Idle,2,-0.0,0.0,243.6492548942035,false
1,17,12:00,31,15:30,14,1,,Idle,2,-0.0,0.0,243.6492548942035,false
1,17,12:00,32,15:45,15,1,,Serving CEV,2,-0.0,8.0,241.54399173630875,false
1,17,12:00,33,16:00,16,1,,Idle,2,0.0,0.0,241.54399173630875,false
1,17,12:00,34,16:15,17,1,,Idle,2,0.0,0.0,241.54399173630875,false
1,17,12:00,35,16:30,18,1,,Idle,2,0.0,0.0,241.54399173630875,false
1,17,12:00,36,16:45,19,1,,Idle,2,0.0,0.0,241.54399173630875,false
1,17,12:00,37,17:00,20,1,,Serving CEV,2,0.0,8.0,239.43872857841401,false
1,17,12:00,38,17:15,21,1,,Serving CEV,2,0.0,5.741828869800412,237.9277209810981,true
1,17,12:00,39,17:30,22,1,,Serving CEV,2,0.0,8.0,235.82245782320337,false
1,17,12:00,40,17:45,23,1,,Serving CEV,2,0.0,8.0,233.71719466530863,false
1,17,12:00,41,18:00,24,1,,Serving CEV,2,0.0,8.0,231.61193150741389,false
1,17,12:00,42,18:15,25,1,,Serving CEV,2,0.0,8.0,229.50666834951915,false
1,17,12:00,43,18:30,26,1,,Idle,2,0.0,0.0,229.50666834951915,false
1,17,12:00,44,18:45,27,1,,Traveling,Transit,0.0,0.0,229.50666834951915,true
1,17,12:00,45,19:00,28,1,,Idle,1,0.0,0.0,229.50666834951915,false
1,17,12:00,46,19:15,29,1,,Idle,1,0.0,0.0,229.50666834951915,false
1,17,12:00,47,19:30,30,1,,Idle,1,0.0,0.0,229.50666834951915,false
1,17,12:00,48,19:45,31,1,,Idle,1,0.0,0.0,229.50666834951915,false
1,17,12:00,49,20:00,32,1,,Idle,1,-0.0,0.0,229.50666834951915,false
1,17,12:00,50,20:15,33,1,,Idle,1,-0.0,0.0,229.50666834951915,false
1,17,12:00,51,20:30,34,1,,Idle,1,-0.0,0.0,229.50666834951915,false
1,17,12:00,52,20:45,35,1,,Idle,1,-0.0,0.0,229.50666834951915,true
1,17,12:00,53,21:00,36,1,,Charging (grid),1,2.0102179027116343,0.0,229.98409510141315,false
1,17,12:00,54,21:15,37,1,,Charging (grid),1,2.0102179027116343,0.0,230.46152185330715,false
1,17,12:00,55,21:30,38,1,,Charging (grid),1,2.0102179027116343,0.0,230.93894860520115,false
1,17,12:00,56,21:45,39,1,,Charging (grid),1,2.0102179027116307,0.0,231.41637535709515,false
1,17,12:00,57,22:00,40,1,,Charging (grid),1,2.0102179027116307,0.0,231.89380210898915,false
1,17,12:00,58,22:15,41,1,,Charging (grid),1,2.0102179027116307,0.0,232.37122886088315,false
1,17,12:00,59,22:30,42,1,,Charging (grid),1,2.0102179027116343,0.0,232.84865561277715,false
1,17,12:00,60,22:45,43,1,,Charging (grid),1,2.0102179027116343,0.0,233.32608236467115,false
1,17,12:00,61,23:00,44,1,,Charging (grid),1,1.8585602986643992,0.0,233.76749043560395,true
1,17,12:00,62,23:15,45,1,,Charging (grid),1,2.0102179027116343,0.0,234.24491718749795,false
1,17,12:00,63,23:30,46,1,,Charging (grid),1,2.0102179027116343,0.0,234.72234393939195,false
1,17,12:00,64,23:45,47,1,,Idle,1,0.0,0.0,234.72234393939195,true
1,17,12:00,65,00:00,48,1,,Charging (grid),1,2.0102179027116343,0.0,235.19977069128595,false
1,17,12:00,66,00:15,49,1,,Charging (grid),1,2.0102179027116343,0.0,235.67719744317995,false
1,17,12:00,67,00:30,50,1,,Charging (grid),1,2.0102179027116343,0.0,236.15462419507395,false
1,17,12:00,68,00:45,51,1,,Charging (grid),1,2.0102179027116343,0.0,236.63205094696795,false
1,17,12:00,69,01:00,52,1,,Charging (grid),1,2.0102179027116343,0.0,237.10947769886195,false
1,17,12:00,70,01:15,53,1,,Charging (grid),1,2.0102179027116343,0.0,237.58690445075595,false
1,17,12:00,71,01:30,54,1,,Charging (grid),1,2.0102179027116343,0.0,238.06433120264995,false
1,17,12:00,72,01:45,55,1,,Charging (grid),1,2.0102179027116343,0.0,238.54175795454395,false
1,17,12:00,73,02:00,56,1,,Charging (grid),1,2.0102179027116343,0.0,239.01918470643795,false
1,17,12:00,74,02:15,57,1,,Charging (grid),1,2.0102179027116343,0.0,239.49661145833196,false
1,17,12:00,75,02:30,58,1,,Charging (grid),1,2.0102179027116343,0.0,239.97403821022596,false
1,17,12:00,76,02:45,59,1,,Charging (grid),1,2.0102179027116343,0.0,240.45146496211996,false
1,17,12:00,77,03:00,60,1,,Charging (grid),1,2.0102179027116343,0.0,240.92889171401396,false
1,17,12:00,78,03:15,61,1,,Charging (grid),1,2.0102179027116343,0.0,241.40631846590796,false
1,17,12:00,79,03:30,62,1,,Charging (grid),1,2.0102179027116343,0.0,241.88374521780196,false
1,17,12:00,80,03:45,63,1,,Charging (grid),1,2.0102179027116343,0.0,242.36117196969596,false
1,17,12:00,81,04:00,64,1,,Charging (grid),1,2.0102179027116343,0.0,242.83859872158996,false
1,17,12:00,82,04:15,65,1,,Charging (grid),1,2.0102179027116343,0.0,243.31602547348396,false
1,17,12:00,83,04:30,66,1,,Charging (grid),1,2.0102179027116307,0.0,243.79345222537796,false
1,17,12:00,84,04:45,67,1,,Charging (grid),1,2.0102179027116343,0.0,244.27087897727196,false
1,17,12:00,85,05:00,68,1,,Charging (grid),1,2.0102179027116343,0.0,244.74830572916596,false
1,17,12:00,86,05:15,69,1,,Charging (grid),1,2.0102179027116343,0.0,245.22573248105996,false
1,17,12:00,87,05:30,70,1,,Charging (grid),1,2.0102179027116343,0.0,245.70315923295396,false
1,17,12:00,88,05:45,71,1,,Charging (grid),1,2.0102179027116343,0.0,246.18058598484797,false
1,17,12:00,89,06:00,72,1,,Charging (grid),1,2.0102179027116343,0.0,246.65801273674197,false
1,17,12:00,90,06:15,73,1,,Charging (grid),1,2.0102179027116343,0.0,247.13543948863597,false
1,17,12:00,91,06:30,74,1,,Charging (grid),1,2.0102179027116343,0.0,247.61286624052997,false
1,17,12:00,92,06:45,75,1,,Charging (grid),1,2.0102179027116307,0.0,248.09029299242397,false
1,17,12:00,93,07:00,76,1,,Charging (grid),1,2.0102179027116343,0.0,248.56771974431797,false
1,17,12:00,94,07:15,77,1,,Charging (grid),1,2.0102179027116343,0.0,249.04514649621197,false
1,17,12:00,95,07:30,78,1,,Charging (grid),1,2.0102179027116343,0.0,249.52257324810597,false
1,17,12:00,96,07:45,79,1,,Charging (grid),1,2.0102179027117018,0.0,250.0,false
1,18,12:15,18,12:15,0,1,,Charging (grid),1,2.0102179027116343,0.0,248.53276411220568,false
1,18,12:15,19,12:30,1,1,,Charging (grid),1,2.0102179027116343,0.0,249.01019086409968,false
1,18,12:15,20,12:45,2,1,,Charging (grid),1,2.0102179027116343,0.0,249.48761761599368,false
1,18,12:15,21,13:00,3,1,,Charging (grid),1,2.0102179027116343,0.0,249.96504436788769,false
1,18,12:15,22,13:15,4,1,,Traveling,Transit,8.252822204176174e-14,0.0,249.96504436788774,false
1,18,12:15,23,13:30,5,1,,Serving CEV,2,-0.0,8.0,247.859781209993,false
1,18,12:15,24,13:45,6,1,,Serving CEV,2,-0.0,8.000000000000012,245.75451805209826,false
1,18,12:15,25,14:00,7,1,,Idle,2,-0.0,0.0,245.75451805209826,false
1,18,12:15,26,14:15,8,1,,Idle,2,-0.0,0.0,245.75451805209826,false
1,18,12:15,27,14:30,9,1,,Serving CEV,2,-0.0,8.000000000000048,243.64925489420355,false
1,18,12:15,28,14:45,10,1,,Idle,2,0.0,0.0,243.64925489420355,false
1,18,12:15,29,15:00,11,1,,Idle,2,-0.0,0.0,243.64925489420355,false
1,18,12:15,30,15:15,12,1,,Idle,2,-0.0,0.0,243.64925489420355,false
1,18,12:15,31,15:30,13,1,,Idle,2,-0.0,0.0,243.64925489420355,false
1,18,12:15,32,15:45,14,1,,Serving CEV,2,-0.0,8.0,241.5439917363088,false
1,18,12:15,33,16:00,15,1,,Idle,2,0.0,0.0,241.5439917363088,false
1,18,12:15,34,16:15,16,1,,Idle,2,0.0,0.0,241.5439917363088,false
1,18,12:15,35,16:30,17,1,,Idle,2,0.0,0.0,241.5439917363088,false
1,18,12:15,36,16:45,18,1,,Idle,2,0.0,0.0,241.5439917363088,false
1,18,12:15,37,17:00,19,1,,Serving CEV,2,0.0,8.0,239.43872857841407,false
1,18,12:15,38,17:15,20,1,,Serving CEV,2,0.0,8.0,237.33346542051933,true
1,18,12:15,39,17:30,21,1,,Serving CEV,2,0.0,8.000000000000002,235.2282022626246,false
1,18,12:15,40,17:45,22,1,,Serving CEV,2,0.0,7.9999999999999964,233.12293910472985,false
1,18,12:15,41,18:00,23,1,,Serving CEV,2,0.0,8.000000000000055,231.0176759468351,false
1,18,12:15,42,18:15,24,1,,Serving CEV,2,0.0,5.741828869800216,229.50666834951926,true
1,18,12:15,43,18:30,25,1,,Idle,2,0.0,0.0,229.50666834951926,false
1,18,12:15,44,18:45,26,1,,Idle,2,0.0,0.0,229.50666834951926,true
1,18,12:15,45,19:00,27,1,,Traveling,Transit,0.0,0.0,229.50666834951926,true
1,18,12:15,46,19:15,28,1,,Idle,1,0.0,0.0,229.50666834951926,false
1,18,12:15,47,19:30,29,1,,Idle,1,0.0,0.0,229.50666834951926,false
1,18,12:15,48,19:45,30,1,,Idle,1,0.0,0.0,229.50666834951926,false
1,18,12:15,49,20:00,31,1,,Idle,1,-0.0,0.0,229.50666834951926,false
1,18,12:15,50,20:15,32,1,,Idle,1,-0.0,0.0,229.50666834951926,false
1,18,12:15,51,20:30,33,1,,Idle,1,-0.0,0.0,229.50666834951926,false
1,18,12:15,52,20:45,34,1,,Idle,1,-0.0,0.0,229.50666834951926,false
1,18,12:15,53,21:00,35,1,,Charging (grid),1,2.0102179027116343,0.0,229.98409510141326,false
1,18,12:15,54,21:15,36,1,,Charging (grid),1,2.0102179027116343,0.0,230.46152185330726,false
1,18,12:15,55,21:30,37,1,,Charging (grid),1,2.0102179027116343,0.0,230.93894860520126,false
1,18,12:15,56,21:45,38,1,,Charging (grid),1,2.0102179027116343,0.0,231.41637535709526,false
1,18,12:15,57,22:00,39,1,,Charging (grid),1,2.0102179027116343,0.0,231.89380210898926,false
1,18,12:15,58,22:15,40,1,,Charging (grid),1,2.0102179027116343,0.0,232.37122886088326,false
1,18,12:15,59,22:30,41,1,,Charging (grid),1,2.0102179027116343,0.0,232.84865561277726,false
1,18,12:15,60,22:45,42,1,,Charging (grid),1,2.0102179027116343,0.0,233.32608236467127,false
1,18,12:15,61,23:00,43,1,,Charging (grid),1,1.8585602986605538,0.0,233.76749043560315,false
1,18,12:15,62,23:15,44,1,,Charging (grid),1,2.0102179027116343,0.0,234.24491718749718,false
1,18,12:15,63,23:30,45,1,,Charging (grid),1,2.0102179027133102,0.0,234.72234393939158,false
1,18,12:15,64,23:45,46,1,,Idle,1,0.0,0.0,234.72234393939158,false
1,18,12:15,65,00:00,47,1,,Charging (grid),1,2.0102179027116343,0.0,235.19977069128558,false
1,18,12:15,66,00:15,48,1,,Charging (grid),1,2.0102179027116343,0.0,235.6771974431796,false
1,18,12:15,67,00:30,49,1,,Charging (grid),1,2.0102179027116343,0.0,236.1546241950736,false
1,18,12:15,68,00:45,50,1,,Charging (grid),1,2.0102179027116343,0.0,236.63205094696764,false
1,18,12:15,69,01:00,51,1,,Charging (grid),1,2.0102179027116343,0.0,237.10947769886164,false
1,18,12:15,70,01:15,52,1,,Charging (grid),1,2.0102179027116343,0.0,237.58690445075564,false
1,18,12:15,71,01:30,53,1,,Charging (grid),1,2.0102179027116343,0.0,238.06433120264967,false
1,18,12:15,72,01:45,54,1,,Charging (grid),1,2.0102179027116343,0.0,238.54175795454367,false
1,18,12:15,73,02:00,55,1,,Charging (grid),1,2.0102179027116343,0.0,239.0191847064377,false
1,18,12:15,74,02:15,56,1,,Charging (grid),1,2.0102179027116343,0.0,239.4966114583317,false
1,18,12:15,75,02:30,57,1,,Charging (grid),1,2.0102179027116343,0.0,239.97403821022573,false
1,18,12:15,76,02:45,58,1,,Charging (grid),1,2.0102179027116343,0.0,240.45146496211973,false
1,18,12:15,77,03:00,59,1,,Charging (grid),1,2.0102179027116343,0.0,240.92889171401376,false
1,18,12:15,78,03:15,60,1,,Charging (grid),1,2.0102179027116343,0.0,241.40631846590776,false
1,18,12:15,79,03:30,61,1,,Charging (grid),1,2.0102179027116343,0.0,241.88374521780176,false
1,18,12:15,80,03:45,62,1,,Charging (grid),1,2.0102179027116343,0.0,242.3611719696958,false
1,18,12:15,81,04:00,63,1,,Charging (grid),1,2.0102179027116343,0.0,242.8385987215898,false
1,18,12:15,82,04:15,64,1,,Charging (grid),1,2.0102179027116343,0.0,243.31602547348382,false
1,18,12:15,83,04:30,65,1,,Charging (grid),1,2.0102179027116343,0.0,243.79345222537782,false
1,18,12:15,84,04:45,66,1,,Charging (grid),1,2.0102179027116343,0.0,244.27087897727185,false
1,18,12:15,85,05:00,67,1,,Charging (grid),1,2.0102179027116343,0.0,244.74830572916585,false
1,18,12:15,86,05:15,68,1,,Charging (grid),1,2.0102179027116343,0.0,245.22573248105988,false
1,18,12:15,87,05:30,69,1,,Charging (grid),1,2.0102179027116343,0.0,245.70315923295388,false
1,18,12:15,88,05:45,70,1,,Charging (grid),1,2.0102179027116343,0.0,246.18058598484788,false
1,18,12:15,89,06:00,71,1,,Charging (grid),1,2.0102179027116343,0.0,246.6580127367419,false
1,18,12:15,90,06:15,72,1,,Charging (grid),1,2.0102179027116343,0.0,247.1354394886359,false
1,18,12:15,91,06:30,73,1,,Charging (grid),1,2.0102179027116343,0.0,247.61286624052994,false
1,18,12:15,92,06:45,74,1,,Charging (grid),1,2.0102179027116343,0.0,248.09029299242394,false
1,18,12:15,93,07:00,75,1,,Charging (grid),1,2.0102179027116343,0.0,248.56771974431794,false
1,18,12:15,94,07:15,76,1,,Charging (grid),1,2.0102179027116343,0.0,249.04514649621197,false
1,18,12:15,95,07:30,77,1,,Charging (grid),1,2.0102179027116343,0.0,249.52257324810597,false
1,18,12:15,96,07:45,78,1,,Charging (grid),1,2.0102179027117018,0.0,250.0,false
1,19,12:30,19,12:30,0,1,,Charging (grid),1,2.010217902711639,0.0,249.01019086409966,false
1,19,12:30,20,12:45,1,1,,Charging (grid),1,2.0102179027116343,0.0,249.48761761599366,false
1,19,12:30,21,13:00,2,1,,Charging (grid),1,2.0102179027116343,0.0,249.96504436788766,false
1,19,12:30,22,13:15,3,1,,Traveling,Transit,-0.0,0.0,249.96504436788766,false
1,19,12:30,23,13:30,4,1,,Serving CEV,2,-0.0,8.0,247.85978120999292,false
1,19,12:30,24,13:45,5,1,,Serving CEV,2,-0.0,8.0,245.75451805209818,false
1,19,12:30,25,14:00,6,1,,Idle,2,-0.0,0.0,245.75451805209818,false
1,19,12:30,26,14:15,7,1,,Idle,2,-0.0,0.0,245.75451805209818,false
1,19,12:30,27,14:30,8,1,,Idle,2,-0.0,0.0,245.75451805209818,true
1,19,12:30,28,14:45,9,1,,Serving CEV,2,-0.0,7.999999999999998,243.64925489420344,true
1,19,12:30,29,15:00,10,1,,Idle,2,-0.0,0.0,243.64925489420344,false
1,19,12:30,30,15:15,11,1,,Idle,2,-0.0,0.0,243.64925489420344,false
1,19,12:30,31,15:30,12,1,,Idle,2,-0.0,0.0,243.64925489420344,false
1,19,12:30,32,15:45,13,1,,Serving CEV,2,-0.0,8.000000000000002,241.5439917363087,false
1,19,12:30,33,16:00,14,1,,Idle,2,0.0,0.0,241.5439917363087,false
1,19,12:30,34,16:15,15,1,,Idle,2,0.0,0.0,241.5439917363087,false
1,19,12:30,35,16:30,16,1,,Idle,2,0.0,0.0,241.5439917363087,false
1,19,12:30,36,16:45,17,1,,Idle,2,0.0,0.0,241.5439917363087,false
1,19,12:30,37,17:00,18,1,,Serving CEV,2,0.0,8.0,239.43872857841396,false
1,19,12:30,38,17:15,19,1,,Serving CEV,2,0.0,8.0,237.33346542051922,false
1,19,12:30,39,17:30,20,1,,Serving CEV,2,0.0,8.0,235.22820226262448,false
1,19,12:30,40,17:45,21,1,,Serving CEV,2,0.0,8.0,233.12293910472974,false
1,19,12:30,41,18:00,22,1,,Serving CEV,2,0.0,8.0,231.017675946835,false
1,19,12:30,42,18:15,23,1,,Serving CEV,2,0.0,5.741828869800415,229.5066683495191,false
1,19,12:30,43,18:30,24,1,,Idle,2,0.0,0.0,229.5066683495191,false
1,19,12:30,44,18:45,25,1,,Traveling,Transit,0.0,0.0,229.5066683495191,true
1,19,12:30,45,19:00,26,1,,Idle,1,0.0,0.0,229.5066683495191,true
1,19,12:30,46,19:15,27,1,,Idle,1,0.0,0.0,229.5066683495191,false
1,19,12:30,47,19:30,28,1,,Idle,1,0.0,0.0,229.5066683495191,false
1,19,12:30,48,19:45,29,1,,Idle,1,0.0,0.0,229.5066683495191,false
1,19,12:30,49,20:00,30,1,,Idle,1,-0.0,0.0,229.5066683495191,false
1,19,12:30,50,20:15,31,1,,Idle,1,-0.0,0.0,229.5066683495191,false
1,19,12:30,51,20:30,32,1,,Idle,1,-0.0,0.0,229.5066683495191,false
1,19,12:30,52,20:45,33,1,,Idle,1,-0.0,0.0,229.5066683495191,false
1,19,12:30,53,21:00,34,1,,Charging (grid),1,2.0102179027116343,0.0,229.9840951014131,false
1,19,12:30,54,21:15,35,1,,Charging (grid),1,2.0102179027116343,0.0,230.4615218533071,false
1,19,12:30,55,21:30,36,1,,Charging (grid),1,2.0102179027116343,0.0,230.9389486052011,false
1,19,12:30,56,21:45,37,1,,Charging (grid),1,2.0102179027116343,0.0,231.4163753570951,false
1,19,12:30,57,22:00,38,1,,Charging (grid),1,2.0102179027116343,0.0,231.8938021089891,false
1,19,12:30,58,22:15,39,1,,Charging (grid),1,2.0102179027116343,0.0,232.3712288608831,false
1,19,12:30,59,22:30,40,1,,Charging (grid),1,2.0102179027116343,0.0,232.8486556127771,false
1,19,12:30,60,22:45,41,1,,Charging (grid),1,2.0102179027116316,0.0,233.3260823646711,false
1,19,12:30,61,23:00,42,1,,Charging (grid),1,1.8585602986624887,0.0,233.76749043560343,false
1,19,12:30,62,23:15,43,1,,Charging (grid),1,2.0102179027121805,0.0,234.24491718749758,false
1,19,12:30,63,23:30,44,1,,Charging (grid),1,2.010217902711634,0.0,234.72234393939158,false
1,19,12:30,64,23:45,45,1,,Idle,1,0.0,0.0,234.72234393939158,false
1,19,12:30,65,00:00,46,1,,Charging (grid),1,2.0102179027116343,0.0,235.1997706912856,false
1,19,12:30,66,00:15,47,1,,Charging (grid),1,2.0102179027116343,0.0,235.6771974431796,false
1,19,12:30,67,00:30,48,1,,Charging (grid),1,2.0102179027116343,0.0,236.15462419507364,false
1,19,12:30,68,00:45,49,1,,Charging (grid),1,2.0102179027116343,0.0,236.63205094696764,false
1,19,12:30,69,01:00,50,1,,Charging (grid),1,2.0102179027116343,0.0,237.10947769886167,false
1,19,12:30,70,01:15,51,1,,Charging (grid),1,2.0102179027116343,0.0,237.58690445075567,false
1,19,12:30,71,01:30,52,1,,Charging (grid),1,2.0102179027116343,0.0,238.06433120264967,false
1,19,12:30,72,01:45,53,1,,Charging (grid),1,2.0102179027116343,0.0,238.5417579545437,false
1,19,12:30,73,02:00,54,1,,Charging (grid),1,2.0102179027116343,0.0,239.0191847064377,false
1,19,12:30,74,02:15,55,1,,Charging (grid),1,2.0102179027116343,0.0,239.49661145833173,false
1,19,12:30,75,02:30,56,1,,Charging (grid),1,2.0102179027116343,0.0,239.97403821022573,false
1,19,12:30,76,02:45,57,1,,Charging (grid),1,2.0102179027116343,0.0,240.45146496211976,false
1,19,12:30,77,03:00,58,1,,Charging (grid),1,2.0102179027116343,0.0,240.92889171401376,false
1,19,12:30,78,03:15,59,1,,Charging (grid),1,2.0102179027116343,0.0,241.4063184659078,false
1,19,12:30,79,03:30,60,1,,Charging (grid),1,2.0102179027116343,0.0,241.8837452178018,false
1,19,12:30,80,03:45,61,1,,Charging (grid),1,2.0102179027116343,0.0,242.3611719696958,false
1,19,12:30,81,04:00,62,1,,Charging (grid),1,2.0102179027116343,0.0,242.83859872158982,false
1,19,12:30,82,04:15,63,1,,Charging (grid),1,2.0102179027116343,0.0,243.31602547348382,false
1,19,12:30,83,04:30,64,1,,Charging (grid),1,2.0102179027116343,0.0,243.79345222537785,false
1,19,12:30,84,04:45,65,1,,Charging (grid),1,2.0102179027116343,0.0,244.27087897727185,false
1,19,12:30,85,05:00,66,1,,Charging (grid),1,2.0102179027116343,0.0,244.74830572916588,false
1,19,12:30,86,05:15,67,1,,Charging (grid),1,2.0102179027116343,0.0,245.22573248105988,false
1,19,12:30,87,05:30,68,1,,Charging (grid),1,2.0102179027116343,0.0,245.70315923295388,false
1,19,12:30,88,05:45,69,1,,Charging (grid),1,2.0102179027116343,0.0,246.18058598484788,false
1,19,12:30,89,06:00,70,1,,Charging (grid),1,2.0102179027116343,0.0,246.65801273674188,false
1,19,12:30,90,06:15,71,1,,Charging (grid),1,2.0102179027116343,0.0,247.1354394886359,false
1,19,12:30,91,06:30,72,1,,Charging (grid),1,2.0102179027116343,0.0,247.6128662405299,false
1,19,12:30,92,06:45,73,1,,Charging (grid),1,2.0102179027116343,0.0,248.09029299242394,false
1,19,12:30,93,07:00,74,1,,Charging (grid),1,2.0102179027116343,0.0,248.56771974431794,false
1,19,12:30,94,07:15,75,1,,Charging (grid),1,2.0102179027116343,0.0,249.04514649621197,false
1,19,12:30,95,07:30,76,1,,Charging (grid),1,2.0102179027116343,0.0,249.52257324810597,false
1,19,12:30,96,07:45,77,1,,Charging (grid),1,2.0102179027117018,0.0,250.0,false
1,20,12:45,20,12:45,0,1,,Charging (grid),1,2.010217902711639,0.0,249.48761761599363,false
1,20,12:45,21,13:00,1,1,,Charging (grid),1,2.010217902711639,0.0,249.96504436788763,false
1,20,12:45,22,13:15,2,1,,Traveling,Transit,0.0,0.0,249.96504436788763,false
1,20,12:45,23,13:30,3,1,,Serving CEV,2,0.0,5.741828869800412,248.45403677057172,true
1,20,12:45,24,13:45,4,1,,Serving CEV,2,0.0,8.0,246.34877361267698,false
1,20,12:45,25,14:00,5,1,,Idle,2,0.0,0.0,246.34877361267698,false
1,20,12:45,26,14:15,6,1,,Idle,2,0.0,0.0,246.34877361267698,false
1,20,12:45,27,14:30,7,1,,Serving CEV,2,0.0,8.0,244.24351045478224,true
1,20,12:45,28,14:45,8,1,,Idle,2,0.0,0.0,244.24351045478224,true
1,20,12:45,29,15:00,9,1,,Idle,2,0.0,0.0,244.24351045478224,false
1,20,12:45,30,15:15,10,1,,Idle,2,0.0,0.0,244.24351045478224,false
1,20,12:45,31,15:30,11,1,,Idle,2,0.0,0.0,244.24351045478224,false
1,20,12:45,32,15:45,12,1,,Serving CEV,2,0.0,8.0,242.1382472968875,false
1,20,12:45,33,16:00,13,1,,Idle,2,0.0,0.0,242.1382472968875,false
1,20,12:45,34,16:15,14,1,,Idle,2,0.0,0.0,242.1382472968875,false
1,20,12:45,35,16:30,15,1,,Idle,2,0.0,0.0,242.1382472968875,false
1,20,12:45,36,16:45,16,1,,Idle,2,0.0,0.0,242.1382472968875,false
1,20,12:45,37,17:00,17,1,,Serving CEV,2,0.0,8.0,240.03298413899276,false
1,20,12:45,38,17:15,18,1,,Serving CEV,2,0.0,8.0,237.92772098109802,false
1,20,12:45,39,17:30,19,1,,Serving CEV,2,0.0,8.0,235.82245782320328,false
1,20,12:45,40,17:45,20,1,,Serving CEV,2,0.0,8.0,233.71719466530854,false
1,20,12:45,41,18:00,21,1,,Serving CEV,2,0.0,8.0,231.6119315074138,false
1,20,12:45,42,18:15,22,1,,Idle,2,0.0,0.0,231.6119315074138,true
1,20,12:45,43,18:30,23,1,,Idle,2,0.0,0.0,231.6119315074138,false
1,20,12:45,44,18:45,24,1,,Serving CEV,2,0.0,8.0,229.50666834951906,true
1,20,12:45,45,19:00,25,1,,Traveling,Transit,0.0,0.0,229.50666834951906,true
1,20,12:45,46,19:15,26,1,,Idle,1,0.0,0.0,229.50666834951906,false
1,20,12:45,47,19:30,27,1,,Idle,1,0.0,0.0,229.50666834951906,false
1,20,12:45,48,19:45,28,1,,Idle,1,0.0,0.0,229.50666834951906,false
1,20,12:45,49,20:00,29,1,,Idle,1,-0.0,0.0,229.50666834951906,false
1,20,12:45,50,20:15,30,1,,Idle,1,-0.0,0.0,229.50666834951906,false
1,20,12:45,51,20:30,31,1,,Idle,1,-0.0,0.0,229.50666834951906,false
1,20,12:45,52,20:45,32,1,,Idle,1,-0.0,0.0,229.50666834951906,false
1,20,12:45,53,21:00,33,1,,Charging (grid),1,2.010217902711639,0.0,229.98409510141306,false
1,20,12:45,54,21:15,34,1,,Charging (grid),1,2.010217902711639,0.0,230.46152185330706,false
1,20,12:45,55,21:30,35,1,,Charging (grid),1,2.010217902711639,0.0,230.93894860520106,false
1,20,12:45,56,21:45,36,1,,Charging (grid),1,2.010217902711639,0.0,231.41637535709506,false
1,20,12:45,57,22:00,37,1,,Charging (grid),1,2.010217902711639,0.0,231.89380210898906,false
1,20,12:45,58,22:15,38,1,,Charging (grid),1,2.010217902711639,0.0,232.37122886088306,false
1,20,12:45,59,22:30,39,1,,Charging (grid),1,2.010217902711639,0.0,232.84865561277707,false
1,20,12:45,60,22:45,40,1,,Charging (grid),1,2.010217902711639,0.0,233.32608236467107,false
1,20,12:45,61,23:00,41,1,,Charging (grid),1,1.858560298662963,0.0,233.76749043560352,false
1,20,12:45,62,23:15,42,1,,Charging (grid),1,2.010217902711639,0.0,234.24491718749752,false
1,20,12:45,63,23:30,43,1,,Charging (grid),1,2.010217902711639,0.0,234.72234393939152,false
1,20,12:45,64,23:45,44,1,,Idle,1,0.0,0.0,234.72234393939152,false
1,20,12:45,65,00:00,45,1,,Charging (grid),1,2.010217902711639,0.0,235.19977069128552,false
1,20,12:45,66,00:15,46,1,,Charging (grid),1,2.010217902711639,0.0,235.67719744317958,false
1,20,12:45,67,00:30,47,1,,Charging (grid),1,2.010217902711639,0.0,236.15462419507358,false
1,20,12:45,68,00:45,48,1,,Charging (grid),1,2.010217902711639,0.0,236.6320509469676,false
1,20,12:45,69,01:00,49,1,,Charging (grid),1,2.010217902711639,0.0,237.1094776988616,false
1,20,12:45,70,01:15,50,1,,Charging (grid),1,2.010217902711639,0.0,237.58690445075564,false
1,20,12:45,71,01:30,51,1,,Charging (grid),1,2.010217902711639,0.0,238.06433120264964,false
1,20,12:45,72,01:45,52,1,,Charging (grid),1,2.010217902711639,0.0,238.54175795454364,false
1,20,12:45,73,02:00,53,1,,Charging (grid),1,2.010217902711639,0.0,239.01918470643767,false
1,20,12:45,74,02:15,54,1,,Charging (grid),1,2.010217902711639,0.0,239.49661145833167,false
1,20,12:45,75,02:30,55,1,,Charging (grid),1,2.010217902711639,0.0,239.9740382102257,false
1,20,12:45,76,02:45,56,1,,Charging (grid),1,2.010217902711639,0.0,240.4514649621197,false
1,20,12:45,77,03:00,57,1,,Charging (grid),1,2.010217902711639,0.0,240.92889171401373,false
1,20,12:45,78,03:15,58,1,,Charging (grid),1,2.010217902711639,0.0,241.40631846590773,false
1,20,12:45,79,03:30,59,1,,Charging (grid),1,2.010217902711639,0.0,241.88374521780176,false
1,20,12:45,80,03:45,60,1,,Charging (grid),1,2.010217902711639,0.0,242.36117196969576,false
1,20,12:45,81,04:00,61,1,,Charging (grid),1,2.010217902711639,0.0,242.83859872158976,false
1,20,12:45,82,04:15,62,1,,Charging (grid),1,2.010217902711639,0.0,243.3160254734838,false
1,20,12:45,83,04:30,63,1,,Charging (grid),1,2.010217902711639,0.0,243.7934522253778,false
1,20,12:45,84,04:45,64,1,,Charging (grid),1,2.010217902711639,0.0,244.27087897727182,false
1,20,12:45,85,05:00,65,1,,Charging (grid),1,2.010217902711639,0.0,244.74830572916582,false
1,20,12:45,86,05:15,66,1,,Charging (grid),1,2.010217902711639,0.0,245.22573248105985,false
1,20,12:45,87,05:30,67,1,,Charging (grid),1,2.010217902711639,0.0,245.70315923295385,false
1,20,12:45,88,05:45,68,1,,Charging (grid),1,2.010217902711639,0.0,246.18058598484788,false
1,20,12:45,89,06:00,69,1,,Charging (grid),1,2.010217902711639,0.0,246.65801273674188,false
1,20,12:45,90,06:15,70,1,,Charging (grid),1,2.010217902711639,0.0,247.13543948863588,false
1,20,12:45,91,06:30,71,1,,Charging (grid),1,2.010217902711639,0.0,247.61286624052994,false
1,20,12:45,92,06:45,72,1,,Charging (grid),1,2.010217902711639,0.0,248.09029299242394,false
1,20,12:45,93,07:00,73,1,,Charging (grid),1,2.010217902711639,0.0,248.56771974431794,false
1,20,12:45,94,07:15,74,1,,Charging (grid),1,2.010217902711639,0.0,249.04514649621197,false
1,20,12:45,95,07:30,75,1,,Charging (grid),1,2.010217902711639,0.0,249.52257324810597,false
1,20,12:45,96,07:45,76,1,,Charging (grid),1,2.0102179027117018,0.0,250.0,false
1,21,13:00,21,13:00,0,1,,Charging (grid),1,2.010217902711639,0.0,249.9650443678876,false
1,21,13:00,22,13:15,1,1,,Traveling,Transit,0.0,0.0,249.9650443678876,false
1,21,13:00,23,13:30,2,1,,Serving CEV,2,0.0,8.0,247.8597812099929,true
1,21,13:00,24,13:45,3,1,,Serving CEV,2,0.0,8.0,245.75451805209815,false
1,21,13:00,25,14:00,4,1,,Idle,2,0.0,0.0,245.75451805209815,false
1,21,13:00,26,14:15,5,1,,Idle,2,0.0,0.0,245.75451805209815,false
1,21,13:00,27,14:30,6,1,,Serving CEV,2,0.0,8.0,243.6492548942034,false
1,21,13:00,28,14:45,7,1,,Idle,2,0.0,0.0,243.6492548942034,false
1,21,13:00,29,15:00,8,1,,Idle,2,0.0,0.0,243.6492548942034,false
1,21,13:00,30,15:15,9,1,,Idle,2,0.0,0.0,243.6492548942034,false
1,21,13:00,31,15:30,10,1,,Idle,2,0.0,0.0,243.64925489420338,false
1,21,13:00,32,15:45,11,1,,Serving CEV,2,0.0,8.0,241.54399173630864,false
1,21,13:00,33,16:00,12,1,,Idle,2,0.0,0.0,241.54399173630864,false
1,21,13:00,34,16:15,13,1,,Idle,2,0.0,0.0,241.54399173630864,false
1,21,13:00,35,16:30,14,1,,Idle,2,0.0,0.0,241.54399173630864,false
1,21,13:00,36,16:45,15,1,,Idle,2,0.0,0.0,241.54399173630864,false
1,21,13:00,37,17:00,16,1,,Serving CEV,2,0.0,8.0,239.4387285784139,false
1,21,13:00,38,17:15,17,1,,Serving CEV,2,0.0,8.0,237.33346542051916,false
1,21,13:00,39,17:30,18,1,,Serving CEV,2,0.0,8.0,235.22820226262445,false
1,21,13:00,40,17:45,19,1,,Serving CEV,2,0.0,8.0,233.1229391047297,false
1,21,13:00,41,18:00,20,1,,Serving CEV,2,0.0,8.0,231.01767594683497,false
1,21,13:00,42,18:15,21,1,,Serving CEV,2,0.0,5.741828869800414,229.50666834951906,true
1,21,13:00,43,18:30,22,1,,Idle,2,0.0,0.0,229.50666834951906,false
1,21,13:00,44,18:45,23,1,,Idle,2,0.0,0.0,229.50666834951906,true
1,21,13:00,45,19:00,24,1,,Idle,2,0.0,0.0,229.50666834951906,true
1,21,13:00,46,19:15,25,1,,Idle,2,0.0,0.0,229.50666834951906,false
1,21,13:00,47,19:30,26,1,,Idle,2,0.0,0.0,229.50666834951906,false
1,21,13:00,48,19:45,27,1,,Idle,2,0.0,0.0,229.50666834951906,false
1,21,13:00,49,20:00,28,1,,Idle,2,-0.0,0.0,229.50666834951906,false
1,21,13:00,50,20:15,29,1,,Idle,2,-0.0,0.0,229.50666834951906,false
1,21,13:00,51,20:30,30,1,,Traveling,Transit,-0.0,0.0,229.50666834951906,true
1,21,13:00,52,20:45,31,1,,Idle,1,-0.0,0.0,229.50666834951906,false
1,21,13:00,53,21:00,32,1,,Charging (grid),1,2.010217902711639,0.0,229.9840951014131,false
1,21,13:00,54,21:15,33,1,,Charging (grid),1,2.010217902711639,0.0,230.4615218533071,false
1,21,13:00,55,21:30,34,1,,Charging (grid),1,2.010217902711639,0.0,230.93894860520112,false
1,21,13:00,56,21:45,35,1,,Charging (grid),1,2.010217902711639,0.0,231.41637535709512,false
1,21,13:00,57,22:00,36,1,,Charging (grid),1,2.010217902711639,0.0,231.89380210898915,false
1,21,13:00,58,22:15,37,1,,Charging (grid),1,2.010217902711639,0.0,232.37122886088315,false
1,21,13:00,59,22:30,38,1,,Charging (grid),1,2.010217902711639,0.0,232.84865561277718,false
1,21,13:00,60,22:45,39,1,,Charging (grid),1,2.010217902711639,0.0,233.32608236467118,false
1,21,13:00,61,23:00,40,1,,Charging (grid),1,1.858560298662361,0.0,233.76749043560352,false
1,21,13:00,62,23:15,41,1,,Charging (grid),1,2.010217902711639,0.0,234.24491718749752,false
1,21,13:00,63,23:30,42,1,,Charging (grid),1,2.010217902711639,0.0,234.72234393939152,false
1,21,13:00,64,23:45,43,1,,Idle,1,0.0,0.0,234.72234393939152,false
1,21,13:00,65,00:00,44,1,,Charging (grid),1,2.010217902711639,0.0,235.19977069128552,false
1,21,13:00,66,00:15,45,1,,Charging (grid),1,2.010217902711639,0.0,235.67719744317958,false
1,21,13:00,67,00:30,46,1,,Charging (grid),1,2.010217902711639,0.0,236.15462419507358,false
1,21,13:00,68,00:45,47,1,,Charging (grid),1,2.010217902711639,0.0,236.6320509469676,false
1,21,13:00,69,01:00,48,1,,Charging (grid),1,2.010217902711639,0.0,237.1094776988616,false
1,21,13:00,70,01:15,49,1,,Charging (grid),1,2.010217902711639,0.0,237.58690445075564,false
1,21,13:00,71,01:30,50,1,,Charging (grid),1,2.010217902711639,0.0,238.06433120264964,false
1,21,13:00,72,01:45,51,1,,Charging (grid),1,2.010217902711639,0.0,238.54175795454364,false
1,21,13:00,73,02:00,52,1,,Charging (grid),1,2.010217902711639,0.0,239.01918470643767,false
1,21,13:00,74,02:15,53,1,,Charging (grid),1,2.010217902711639,0.0,239.49661145833167,false
1,21,13:00,75,02:30,54,1,,Charging (grid),1,2.010217902711639,0.0,239.9740382102257,false
1,21,13:00,76,02:45,55,1,,Charging (grid),1,2.010217902711639,0.0,240.4514649621197,false
1,21,13:00,77,03:00,56,1,,Charging (grid),1,2.010217902711639,0.0,240.92889171401373,false
1,21,13:00,78,03:15,57,1,,Charging (grid),1,2.010217902711639,0.0,241.40631846590773,false
1,21,13:00,79,03:30,58,1,,Charging (grid),1,2.010217902711639,0.0,241.88374521780176,false
1,21,13:00,80,03:45,59,1,,Charging (grid),1,2.010217902711639,0.0,242.36117196969576,false
1,21,13:00,81,04:00,60,1,,Charging (grid),1,2.010217902711639,0.0,242.83859872158976,false
1,21,13:00,82,04:15,61,1,,Charging (grid),1,2.010217902711639,0.0,243.3160254734838,false
1,21,13:00,83,04:30,62,1,,Charging (grid),1,2.010217902711639,0.0,243.7934522253778,false
1,21,13:00,84,04:45,63,1,,Charging (grid),1,2.010217902711639,0.0,244.27087897727182,false
1,21,13:00,85,05:00,64,1,,Charging (grid),1,2.010217902711639,0.0,244.74830572916582,false
1,21,13:00,86,05:15,65,1,,Charging (grid),1,2.010217902711639,0.0,245.22573248105985,false
1,21,13:00,87,05:30,66,1,,Charging (grid),1,2.010217902711639,0.0,245.70315923295385,false
1,21,13:00,88,05:45,67,1,,Charging (grid),1,2.010217902711639,0.0,246.18058598484788,false
1,21,13:00,89,06:00,68,1,,Charging (grid),1,2.010217902711639,0.0,246.65801273674188,false
1,21,13:00,90,06:15,69,1,,Charging (grid),1,2.010217902711639,0.0,247.13543948863588,false
1,21,13:00,91,06:30,70,1,,Charging (grid),1,2.010217902711639,0.0,247.61286624052994,false
1,21,13:00,92,06:45,71,1,,Charging (grid),1,2.010217902711639,0.0,248.09029299242394,false
1,21,13:00,93,07:00,72,1,,Charging (grid),1,2.010217902711639,0.0,248.56771974431794,false
1,21,13:00,94,07:15,73,1,,Charging (grid),1,2.010217902711639,0.0,249.04514649621197,false
1,21,13:00,95,07:30,74,1,,Charging (grid),1,2.010217902711639,0.0,249.52257324810597,false
1,21,13:00,96,07:45,75,1,,Charging (grid),1,2.0102179027117018,0.0,250.0,false
1,22,13:15,22,13:15,0,1,,Traveling,Transit,0.0,0.0,249.96504436788757,false
1,22,13:15,23,13:30,1,1,,Serving CEV,2,0.0,5.741828869800412,248.45403677057166,true
1,22,13:15,24,13:45,2,1,,Serving CEV,2,0.0,8.0,246.34877361267695,false
1,22,13:15,25,14:00,3,1,,Idle,2,0.0,0.0,246.34877361267695,false
1,22,13:15,26,14:15,4,1,,Idle,2,0.0,0.0,246.34877361267695,false
1,22,13:15,27,14:30,5,1,,Serving CEV,2,0.0,8.0,244.2435104547822,false
1,22,13:15,28,14:45,6,1,,Idle,2,0.0,0.0,244.2435104547822,false
1,22,13:15,29,15:00,7,1,,Idle,2,0.0,0.0,244.2435104547822,false
1,22,13:15,30,15:15,8,1,,Idle,2,0.0,0.0,244.2435104547822,false
1,22,13:15,31,15:30,9,1,,Idle,2,0.0,0.0,244.24351045478218,false
1,22,13:15,32,15:45,10,1,,Serving CEV,2,0.0,8.0,242.13824729688744,false
1,22,13:15,33,16:00,11,1,,Idle,2,0.0,0.0,242.13824729688744,false
1,22,13:15,34,16:15,12,1,,Idle,2,0.0,0.0,242.13824729688744,false
1,22,13:15,35,16:30,13,1,,Idle,2,0.0,0.0,242.13824729688744,false
1,22,13:15,36,16:45,14,1,,Idle,2,0.0,0.0,242.13824729688744,false
1,22,13:15,37,17:00,15,1,,Serving CEV,2,0.0,8.0,240.0329841389927,false
1,22,13:15,38,17:15,16,1,,Serving CEV,2,0.0,8.0,237.92772098109796,false
1,22,13:15,39,17:30,17,1,,Serving CEV,2,0.0,8.0,235.82245782320322,false
1,22,13:15,40,17:45,18,1,,Serving CEV,2,0.0,8.0,233.71719466530848,false
1,22,13:15,41,18:00,19,1,,Serving CEV,2,0.0,8.0,231.61193150741374,false
1,22,13:15,42,18:15,20,1,,Serving CEV,2,0.0,8.0,229.506668349519,true
1,22,13:15,43,18:30,21,1,,Idle,2,0.0,0.0,229.506668349519,false
1,22,13:15,44,18:45,22,1,,Idle,2,0.0,0.0,229.506668349519,false
1,22,13:15,45,19:00,23,1,,Traveling,Transit,0.0,0.0,229.506668349519,true
1,22,13:15,46,19:15,24,1,,Idle,1,0.0,0.0,229.506668349519,false
1,22,13:15,47,19:30,25,1,,Idle,1,0.0,0.0,229.506668349519,false
1,22,13:15,48,19:45,26,1,,Idle,1,0.0,0.0,229.506668349519,false
1,22,13:15,49,20:00,27,1,,Idle,1,-0.0,0.0,229.506668349519,false
1,22,13:15,50,20:15,28,1,,Idle,1,-0.0,0.0,229.506668349519,false
1,22,13:15,51,20:30,29,1,,Idle,1,-0.0,0.0,229.506668349519,true
1,22,13:15,52,20:45,30,1,,Idle,1,-0.0,0.0,229.506668349519,false
1,22,13:15,53,21:00,31,1,,Charging (grid),1,2.010217902711639,0.0,229.984095101413,false
1,22,13:15,54,21:15,32,1,,Charging (grid),1,2.010217902711639,0.0,230.461521853307,false
1,22,13:15,55,21:30,33,1,,Charging (grid),1,2.010217902711639,0.0,230.938948605201,false
1,22,13:15,56,21:45,34,1,,Charging (grid),1,2.010217902711639,0.0,231.416375357095,false
1,22,13:15,57,22:00,35,1,,Charging (grid),1,2.010217902711639,0.0,231.893802108989,false
1,22,13:15,58,22:15,36,1,,Charging (grid),1,2.010217902711639,0.0,232.371228860883,false
1,22,13:15,59,22:30,37,1,,Charging (grid),1,2.010217902711639,0.0,232.848655612777,false
1,22,13:15,60,22:45,38,1,,Charging (grid),1,2.010217902711639,0.0,233.326082364671,false
1,22,13:15,61,23:00,39,1,,Charging (grid),1,1.858560298663681,0.0,233.76749043560363,false
1,22,13:15,62,23:15,40,1,,Charging (grid),1,2.010217902711639,0.0,234.24491718749763,false
1,22,13:15,63,23:30,41,1,,Charging (grid),1,2.010217902711639,0.0,234.72234393939164,false
1,22,13:15,64,23:45,42,1,,Idle,1,0.0,0.0,234.72234393939164,false
1,22,13:15,65,00:00,43,1,,Charging (grid),1,2.010217902711639,0.0,235.19977069128564,false
1,22,13:15,66,00:15,44,1,,Charging (grid),1,2.010217902711639,0.0,235.67719744317964,false
1,22,13:15,67,00:30,45,1,,Charging (grid),1,2.010217902711639,0.0,236.15462419507364,false
1,22,13:15,68,00:45,46,1,,Charging (grid),1,2.010217902711639,0.0,236.63205094696764,false
1,22,13:15,69,01:00,47,1,,Charging (grid),1,2.010217902711639,0.0,237.10947769886164,false
1,22,13:15,70,01:15,48,1,,Charging (grid),1,2.010217902711639,0.0,237.58690445075564,false
1,22,13:15,71,01:30,49,1,,Charging (grid),1,2.010217902711639,0.0,238.06433120264964,false
1,22,13:15,72,01:45,50,1,,Charging (grid),1,2.010217902711639,0.0,238.54175795454364,false
1,22,13:15,73,02:00,51,1,,Charging (grid),1,2.010217902711639,0.0,239.01918470643764,false
1,22,13:15,74,02:15,52,1,,Charging (grid),1,2.010217902711639,0.0,239.4966114583317,false
1,22,13:15,75,02:30,53,1,,Charging (grid),1,2.010217902711639,0.0,239.9740382102257,false
1,22,13:15,76,02:45,54,1,,Charging (grid),1,2.010217902711639,0.0,240.45146496211973,false
1,22,13:15,77,03:00,55,1,,Charging (grid),1,2.010217902711639,0.0,240.92889171401373,false
1,22,13:15,78,03:15,56,1,,Charging (grid),1,2.010217902711639,0.0,241.40631846590773,false
1,22,13:15,79,03:30,57,1,,Charging (grid),1,2.010217902711639,0.0,241.88374521780176,false
1,22,13:15,80,03:45,58,1,,Charging (grid),1,2.010217902711639,0.0,242.36117196969576,false
1,22,13:15,81,04:00,59,1,,Charging (grid),1,2.010217902711639,0.0,242.8385987215898,false
1,22,13:15,82,04:15,60,1,,Charging (grid),1,2.010217902711639,0.0,243.3160254734838,false
1,22,13:15,83,04:30,61,1,,Charging (grid),1,2.010217902711639,0.0,243.79345222537782,false
1,22,13:15,84,04:45,62,1,,Charging (grid),1,2.010217902711639,0.0,244.27087897727182,false
1,22,13:15,85,05:00,63,1,,Charging (grid),1,2.010217902711639,0.0,244.74830572916585,false
1,22,13:15,86,05:15,64,1,,Charging (grid),1,2.010217902711639,0.0,245.22573248105985,false
1,22,13:15,87,05:30,65,1,,Charging (grid),1,2.010217902711639,0.0,245.70315923295385,false
1,22,13:15,88,05:45,66,1,,Charging (grid),1,2.010217902711639,0.0,246.18058598484788,false
1,22,13:15,89,06:00,67,1,,Charging (grid),1,2.010217902711639,0.0,246.65801273674188,false
1,22,13:15,90,06:15,68,1,,Charging (grid),1,2.010217902711639,0.0,247.1354394886359,false
1,22,13:15,91,06:30,69,1,,Charging (grid),1,2.010217902711639,0.0,247.6128662405299,false
1,22,13:15,92,06:45,70,1,,Charging (grid),1,2.010217902711639,0.0,248.09029299242394,false
1,22,13:15,93,07:00,71,1,,Charging (grid),1,2.010217902711639,0.0,248.56771974431794,false
1,22,13:15,94,07:15,72,1,,Charging (grid),1,2.010217902711639,0.0,249.04514649621197,false
1,22,13:15,95,07:30,73,1,,Charging (grid),1,2.010217902711639,0.0,249.52257324810597,false
1,22,13:15,96,07:45,74,1,,Charging (grid),1,2.0102179027117018,0.0,250.0,false
1,23,13:30,23,13:30,0,1,,Serving CEV,2,0.0,5.741828869800412,248.45403677057166,false
1,23,13:30,24,13:45,1,1,,Serving CEV,2,0.0,8.0,246.34877361267692,false
1,23,13:30,25,14:00,2,1,,Idle,2,0.0,0.0,246.34877361267692,false
1,23,13:30,26,14:15,3,1,,Idle,2,0.0,0.0,246.34877361267692,false
1,23,13:30,27,14:30,4,1,,Serving CEV,2,0.0,8.0,244.24351045478218,false
1,23,13:30,28,14:45,5,1,,Idle,2,0.0,0.0,244.24351045478218,false
1,23,13:30,29,15:00,6,1,,Idle,2,0.0,0.0,244.24351045478218,false
1,23,13:30,30,15:15,7,1,,Idle,2,0.0,0.0,244.24351045478218,false
1,23,13:30,31,15:30,8,1,,Idle,2,0.0,0.0,244.24351045478218,false
1,23,13:30,32,15:45,9,1,,Serving CEV,2,0.0,8.0,242.13824729688744,false
1,23,13:30,33,16:00,10,1,,Idle,2,0.0,0.0,242.13824729688744,false
1,23,13:30,34,16:15,11,1,,Idle,2,0.0,0.0,242.13824729688744,false
1,23,13:30,35,16:30,12,1,,Idle,2,0.0,0.0,242.13824729688744,false
1,23,13:30,36,16:45,13,1,,Idle,2,0.0,0.0,242.13824729688744,false
1,23,13:30,37,17:00,14,1,,Serving CEV,2,0.0,8.0,240.0329841389927,false
1,23,13:30,38,17:15,15,1,,Serving CEV,2,0.0,8.0,237.92772098109796,false
1,23,13:30,39,17:30,16,1,,Serving CEV,2,0.0,8.0,235.82245782320322,false
1,23,13:30,40,17:45,17,1,,Serving CEV,2,0.0,8.0,233.71719466530848,false
1,23,13:30,41,18:00,18,1,,Serving CEV,2,0.0,8.0,231.61193150741374,false
1,23,13:30,42,18:15,19,1,,Serving CEV,2,0.0,8.0,229.506668349519,false
1,23,13:30,43,18:30,20,1,,Idle,2,0.0,0.0,229.506668349519,false
1,23,13:30,44,18:45,21,1,,Traveling,Transit,0.0,0.0,229.506668349519,true
1,23,13:30,45,19:00,22,1,,Idle,1,0.0,0.0,229.506668349519,true
1,23,13:30,46,19:15,23,1,,Idle,1,0.0,0.0,229.506668349519,false
1,23,13:30,47,19:30,24,1,,Idle,1,0.0,0.0,229.506668349519,false
1,23,13:30,48,19:45,25,1,,Idle,1,0.0,0.0,229.506668349519,false
1,23,13:30,49,20:00,26,1,,Idle,1,-0.0,0.0,229.506668349519,false
1,23,13:30,50,20:15,27,1,,Idle,1,-0.0,0.0,229.506668349519,false
1,23,13:30,51,20:30,28,1,,Idle,1,-0.0,0.0,229.506668349519,false
1,23,13:30,52,20:45,29,1,,Idle,1,-0.0,0.0,229.506668349519,false
1,23,13:30,53,21:00,30,1,,Charging (grid),1,2.010217902711639,0.0,229.984095101413,false
1,23,13:30,54,21:15,31,1,,Charging (grid),1,2.010217902711639,0.0,230.461521853307,false
1,23,13:30,55,21:30,32,1,,Charging (grid),1,2.010217902711639,0.0,230.938948605201,false
1,23,13:30,56,21:45,33,1,,Charging (grid),1,2.010217902711639,0.0,231.416375357095,false
1,23,13:30,57,22:00,34,1,,Charging (grid),1,2.010217902711639,0.0,231.893802108989,false
1,23,13:30,58,22:15,35,1,,Charging (grid),1,2.010217902711639,0.0,232.371228860883,false
1,23,13:30,59,22:30,36,1,,Charging (grid),1,2.010217902711639,0.0,232.848655612777,false
1,23,13:30,60,22:45,37,1,,Charging (grid),1,2.010217902711639,0.0,233.326082364671,false
1,23,13:30,61,23:00,38,1,,Charging (grid),1,1.858560298663322,0.0,233.76749043560355,false
1,23,13:30,62,23:15,39,1,,Charging (grid),1,2.010217902711639,0.0,234.24491718749755,false
1,23,13:30,63,23:30,40,1,,Charging (grid),1,2.010217902711639,0.0,234.72234393939155,false
1,23,13:30,64,23:45,41,1,,Idle,1,0.0,0.0,234.72234393939155,false
1,23,13:30,65,00:00,42,1,,Charging (grid),1,2.010217902711639,0.0,235.19977069128555,false
1,23,13:30,66,00:15,43,1,,Charging (grid),1,2.010217902711639,0.0,235.67719744317955,false
1,23,13:30,67,00:30,44,1,,Charging (grid),1,2.010217902711639,0.0,236.15462419507355,false
1,23,13:30,68,00:45,45,1,,Charging (grid),1,2.010217902711639,0.0,236.63205094696755,false
1,23,13:30,69,01:00,46,1,,Charging (grid),1,2.010217902711639,0.0,237.10947769886158,false
1,23,13:30,70,01:15,47,1,,Charging (grid),1,2.010217902711639,0.0,237.58690445075558,false
1,23,13:30,71,01:30,48,1,,Charging (grid),1,2.010217902711639,0.0,238.0643312026496,false
1,23,13:30,72,01:45,49,1,,Charging (grid),1,2.010217902711639,0.0,238.5417579545436,false
1,23,13:30,73,02:00,50,1,,Charging (grid),1,2.010217902711639,0.0,239.01918470643767,false
1,23,13:30,74,02:15,51,1,,Charging (grid),1,2.010217902711639,0.0,239.49661145833167,false
1,23,13:30,75,02:30,52,1,,Charging (grid),1,2.010217902711639,0.0,239.9740382102257,false
1,23,13:30,76,02:45,53,1,,Charging (grid),1,2.010217902711639,0.0,240.4514649621197,false
1,23,13:30,77,03:00,54,1,,Charging (grid),1,2.010217902711639,0.0,240.9288917140137,false
1,23,13:30,78,03:15,55,1,,Charging (grid),1,2.010217902711639,0.0,241.40631846590773,false
1,23,13:30,79,03:30,56,1,,Charging (grid),1,2.010217902711639,0.0,241.88374521780173,false
1,23,13:30,80,03:45,57,1,,Charging (grid),1,2.010217902711639,0.0,242.36117196969576,false
1,23,13:30,81,04:00,58,1,,Charging (grid),1,2.010217902711639,0.0,242.83859872158976,false
1,23,13:30,82,04:15,59,1,,Charging (grid),1,2.010217902711639,0.0,243.3160254734838,false
1,23,13:30,83,04:30,60,1,,Charging (grid),1,2.010217902711639,0.0,243.7934522253778,false
1,23,13:30,84,04:45,61,1,,Charging (grid),1,2.010217902711639,0.0,244.27087897727185,false
1,23,13:30,85,05:00,62,1,,Charging (grid),1,2.010217902711639,0.0,244.74830572916585,false
1,23,13:30,86,05:15,63,1,,Charging (grid),1,2.010217902711639,0.0,245.22573248105985,false
1,23,13:30,87,05:30,64,1,,Charging (grid),1,2.010217902711639,0.0,245.70315923295388,false
1,23,13:30,88,05:45,65,1,,Charging (grid),1,2.010217902711639,0.0,246.18058598484788,false
1,23,13:30,89,06:00,66,1,,Charging (grid),1,2.010217902711639,0.0,246.6580127367419,false
1,23,13:30,90,06:15,67,1,,Charging (grid),1,2.010217902711639,0.0,247.1354394886359,false
1,23,13:30,91,06:30,68,1,,Charging (grid),1,2.010217902711639,0.0,247.61286624052994,false
1,23,13:30,92,06:45,69,1,,Charging (grid),1,2.010217902711639,0.0,248.09029299242394,false
1,23,13:30,93,07:00,70,1,,Charging (grid),1,2.010217902711639,0.0,248.56771974431794,false
1,23,13:30,94,07:15,71,1,,Charging (grid),1,2.010217902711639,0.0,249.04514649621197,false
1,23,13:30,95,07:30,72,1,,Charging (grid),1,2.010217902711639,0.0,249.52257324810597,false
1,23,13:30,96,07:45,73,1,,Charging (grid),1,2.0102179027117018,0.0,250.0,false
1,24,13:45,24,13:45,0,1,,Serving CEV,2,0.0,8.000000000000002,246.3487736126769,false
1,24,13:45,25,14:00,1,1,,Idle,2,-0.0,0.0,246.3487736126769,false
1,24,13:45,26,14:15,2,1,,Idle,2,-0.0,0.0,246.3487736126769,false
1,24,13:45,27,14:30,3,1,,Serving CEV,2,-0.0,7.99999999999963,244.24351045478227,false
1,24,13:45,28,14:45,4,1,,Idle,2,-0.0,0.0,244.24351045478227,false
1,24,13:45,29,15:00,5,1,,Idle,2,-0.0,2.8421709430404007e-13,244.24351045478218,false
1,24,13:45,30,15:15,6,1,,Idle,2,-0.0,0.0,244.24351045478218,false
1,24,13:45,31,15:30,7,1,,Idle,2,-0.0,0.0,244.24351045478218,false
1,24,13:45,32,15:45,8,1,,Serving CEV,2,-0.0,8.0,242.13824729688744,false
1,24,13:45,33,16:00,9,1,,Idle,2,0.0,0.0,242.13824729688744,false
1,24,13:45,34,16:15,10,1,,Idle,2,0.0,0.0,242.13824729688744,false
1,24,13:45,35,16:30,11,1,,Idle,2,0.0,0.0,242.13824729688744,false
1,24,13:45,36,16:45,12,1,,Idle,2,0.0,0.0,242.13824729688744,false
1,24,13:45,37,17:00,13,1,,Serving CEV,2,0.0,8.000000000000057,240.0329841389927,false
1,24,13:45,38,17:15,14,1,,Serving CEV,2,0.0,8.000000000000076,237.92772098109793,false
1,24,13:45,39,17:30,15,1,,Serving CEV,2,0.0,8.000000000000064,235.8224578232032,false
1,24,13:45,40,17:45,16,1,,Serving CEV,2,0.0,8.000000000000076,233.71719466530843,false
1,24,13:45,41,18:00,17,1,,Serving CEV,2,0.0,8.000000000000076,231.61193150741366,false
1,24,13:45,42,18:15,18,1,,Serving CEV,2,0.0,8.000000000000076,229.5066683495189,false
1,24,13:45,43,18:30,19,1,,Traveling,Transit,0.0,-1.2120593721989922e-13,229.50666834951892,true
1,24,13:45,44,18:45,20,1,,Idle,1,0.0,0.0,229.50666834951892,true
1,24,13:45,45,19:00,21,1,,Idle,1,0.0,2.842170943040401e-14,229.50666834951892,false
1,24,13:45,46,19:15,22,1,,Idle,1,0.0,0.0,229.50666834951892,false
1,24,13:45,47,19:30,23,1,,Idle,1,0.0,0.0,229.50666834951892,false
1,24,13:45,48,19:45,24,1,,Idle,1,0.0,0.0,229.50666834951892,false
1,24,13:45,49,20:00,25,1,,Idle,1,-0.0,-2.6606085755606504e-13,229.50666834951897,false
1,24,13:45,50,20:15,26,1,,Idle,1,-0.0,0.0,229.50666834951897,false
1,24,13:45,51,20:30,27,1,,Idle,1,-0.0,0.0,229.50666834951897,false
1,24,13:45,52,20:45,28,1,,Idle,1,-0.0,0.0,229.50666834951897,false
1,24,13:45,53,21:00,29,1,,Charging (grid),1,2.010217902711639,0.0,229.98409510141298,false
1,24,13:45,54,21:15,30,1,,Charging (grid),1,2.010217902711645,0.0,230.461521853307,false
1,24,13:45,55,21:30,31,1,,Charging (grid),1,2.010217902711645,0.0,230.93894860520103,false
1,24,13:45,56,21:45,32,1,,Charging (grid),1,2.010217902711639,0.0,231.41637535709503,false
1,24,13:45,57,22:00,33,1,,Charging (grid),1,2.010217902711639,0.0,231.89380210898904,false
1,24,13:45,58,22:15,34,1,,Charging (grid),1,2.010217902711639,0.0,232.37122886088304,false
1,24,13:45,59,22:30,35,1,,Charging (grid),1,2.010217902711645,0.0,232.84865561277707,false
1,24,13:45,60,22:45,36,1,,Charging (grid),1,2.010217902711639,0.0,233.32608236467107,false
1,24,13:45,61,23:00,37,1,,Charging (grid),1,1.8585602986624745,0.0,233.7674904356034,false
1,24,13:45,62,23:15,38,1,,Charging (grid),1,2.010217902711639,0.0,234.2449171874974,false
1,24,13:45,63,23:30,39,1,,Charging (grid),1,2.010217902712659,0.0,234.72234393939166,false
1,24,13:45,64,23:45,40,1,,Idle,1,0.0,0.0,234.72234393939166,false
1,24,13:45,65,00:00,41,1,,Charging (grid),1,2.010217902711645,0.0,235.1997706912857,false
1,24,13:45,66,00:15,42,1,,Charging (grid),1,2.010217902711639,0.0,235.6771974431797,false
1,24,13:45,67,00:30,43,1,,Charging (grid),1,2.010217902711639,0.0,236.1546241950737,false
1,24,13:45,68,00:45,44,1,,Charging (grid),1,2.010217902711645,0.0,236.63205094696772,false
1,24,13:45,69,01:00,45,1,,Charging (grid),1,2.010217902711639,0.0,237.10947769886172,false
1,24,13:45,70,01:15,46,1,,Charging (grid),1,2.010217902711639,0.0,237.58690445075572,false
1,24,13:45,71,01:30,47,1,,Charging (grid),1,2.010217902711639,0.0,238.06433120264973,false
1,24,13:45,72,01:45,48,1,,Charging (grid),1,2.010217902711639,0.0,238.54175795454373,false
1,24,13:45,73,02:00,49,1,,Charging (grid),1,2.010217902711639,0.0,239.01918470643773,false
1,24,13:45,74,02:15,50,1,,Charging (grid),1,2.010217902711639,0.0,239.49661145833173,false
1,24,13:45,75,02:30,51,1,,Charging (grid),1,2.010217902711645,0.0,239.97403821022576,false
1,24,13:45,76,02:45,52,1,,Charging (grid),1,2.010217902711639,0.0,240.45146496211976,false
1,24,13:45,77,03:00,53,1,,Charging (grid),1,2.010217902711645,0.0,240.9288917140138,false
1,24,13:45,78,03:15,54,1,,Charging (grid),1,2.010217902711639,0.0,241.4063184659078,false
1,24,13:45,79,03:30,55,1,,Charging (grid),1,2.010217902711639,0.0,241.8837452178018,false
1,24,13:45,80,03:45,56,1,,Charging (grid),1,2.010217902711645,0.0,242.36117196969582,false
1,24,13:45,81,04:00,57,1,,Charging (grid),1,2.010217902711639,0.0,242.83859872158982,false
1,24,13:45,82,04:15,58,1,,Charging (grid),1,2.010217902711645,0.0,243.31602547348385,false
1,24,13:45,83,04:30,59,1,,Charging (grid),1,2.010217902711639,0.0,243.79345222537785,false
1,24,13:45,84,04:45,60,1,,Charging (grid),1,2.010217902711645,0.0,244.27087897727188,false
1,24,13:45,85,05:00,61,1,,Charging (grid),1,2.010217902711639,0.0,244.74830572916588,false
1,24,13:45,86,05:15,62,1,,Charging (grid),1,2.010217902711639,0.0,245.22573248105988,false
1,24,13:45,87,05:30,63,1,,Charging (grid),1,2.010217902711645,0.0,245.7031592329539,false
1,24,13:45,88,05:45,64,1,,Charging (grid),1,2.010217902711639,0.0,246.1805859848479,false
1,24,13:45,89,06:00,65,1,,Charging (grid),1,2.010217902711639,0.0,246.6580127367419,false
1,24,13:45,90,06:15,66,1,,Charging (grid),1,2.010217902711639,0.0,247.1354394886359,false
1,24,13:45,91,06:30,67,1,,Charging (grid),1,2.010217902711645,0.0,247.61286624052994,false
1,24,13:45,92,06:45,68,1,,Charging (grid),1,2.010217902711639,0.0,248.09029299242394,false
1,24,13:45,93,07:00,69,1,,Charging (grid),1,2.010217902711645,0.0,248.56771974431797,false
1,24,13:45,94,07:15,70,1,,Charging (grid),1,2.010217902711639,0.0,249.04514649621197,false
1,24,13:45,95,07:30,71,1,,Charging (grid),1,2.010217902711639,0.0,249.52257324810597,false
1,24,13:45,96,07:45,72,1,,Charging (grid),1,2.0102179027117018,0.0,250.0,false
1,25,14:00,25,14:00,0,1,,Idle,2,0.0,0.0,246.3487736126769,false
1,25,14:00,26,14:15,1,1,,Idle,2,0.0,0.0,246.3487736126769,false
1,25,14:00,27,14:30,2,1,,Idle,2,0.0,0.0,246.3487736126769,true
1,25,14:00,28,14:45,3,1,,Idle,2,0.0,0.0,246.3487736126769,false
1,25,14:00,29,15:00,4,1,,Serving CEV,2,0.0,8.0,244.24351045478215,true
1,25,14:00,30,15:15,5,1,,Idle,2,0.0,0.0,244.24351045478215,false
1,25,14:00,31,15:30,6,1,,Idle,2,0.0,0.0,244.24351045478215,false
1,25,14:00,32,15:45,7,1,,Serving CEV,2,0.0,8.0,242.1382472968874,false
1,25,14:00,33,16:00,8,1,,Idle,2,0.0,0.0,242.1382472968874,false
1,25,14:00,34,16:15,9,1,,Idle,2,0.0,0.0,242.1382472968874,false
1,25,14:00,35,16:30,10,1,,Idle,2,0.0,0.0,242.1382472968874,false
1,25,14:00,36,16:45,11,1,,Idle,2,0.0,0.0,242.1382472968874,false
1,25,14:00,37,17:00,12,1,,Serving CEV,2,0.0,8.0,240.03298413899267,false
1,25,14:00,38,17:15,13,1,,Serving CEV,2,0.0,8.0,237.92772098109793,false
1,25,14:00,39,17:30,14,1,,Serving CEV,2,0.0,8.0,235.8224578232032,false
1,25,14:00,40,17:45,15,1,,Serving CEV,2,0.0,8.0,233.71719466530845,false
1,25,14:00,41,18:00,16,1,,Serving CEV,2,0.0,8.0,231.61193150741371,false
1,25,14:00,42,18:15,17,1,,Serving CEV,2,0.0,8.0,229.50666834951897,false
1,25,14:00,43,18:30,18,1,,Idle,2,0.0,0.0,229.50666834951897,true
1,25,14:00,44,18:45,19,1,,Idle,2,0.0,0.0,229.50666834951897,false
1,25,14:00,45,19:00,20,1,,Idle,2,0.0,0.0,229.50666834951897,false
1,25,14:00,46,19:15,21,1,,Traveling,Transit,0.0,0.0,229.50666834951897,true
1,25,14:00,47,19:30,22,1,,Idle,1,0.0,0.0,229.50666834951897,false
1,25,14:00,48,19:45,23,1,,Idle,1,0.0,0.0,229.50666834951897,false
1,25,14:00,49,20:00,24,1,,Idle,1,-0.0,0.0,229.50666834951897,false
1,25,14:00,50,20:15,25,1,,Idle,1,-0.0,0.0,229.50666834951897,false
1,25,14:00,51,20:30,26,1,,Idle,1,-0.0,0.0,229.50666834951897,false
1,25,14:00,52,20:45,27,1,,Idle,1,-0.0,0.0,229.50666834951897,false
1,25,14:00,53,21:00,28,1,,Charging (grid),1,2.010217902711639,0.0,229.98409510141298,false
1,25,14:00,54,21:15,29,1,,Charging (grid),1,2.010217902711639,0.0,230.46152185330698,false
1,25,14:00,55,21:30,30,1,,Charging (grid),1,2.010217902711639,0.0,230.93894860520098,false
1,25,14:00,56,21:45,31,1,,Charging (grid),1,2.010217902711639,0.0,231.41637535709498,false
1,25,14:00,57,22:00,32,1,,Charging (grid),1,2.010217902711639,0.0,231.89380210898898,false
1,25,14:00,58,22:15,33,1,,Charging (grid),1,2.010217902711639,0.0,232.37122886088298,false
1,25,14:00,59,22:30,34,1,,Charging (grid),1,2.010217902711639,0.0,232.84865561277698,false
1,25,14:00,60,22:45,35,1,,Charging (grid),1,2.010217902711639,0.0,233.32608236467098,false
1,25,14:00,61,23:00,36,1,,Charging (grid),1,1.858560298665117,0.0,233.76749043560395,false
1,25,14:00,62,23:15,37,1,,Charging (grid),1,2.010217902711639,0.0,234.24491718749795,false
1,25,14:00,63,23:30,38,1,,Charging (grid),1,2.010217902711639,0.0,234.72234393939195,false
1,25,14:00,64,23:45,39,1,,Idle,1,0.0,0.0,234.72234393939195,false
1,25,14:00,65,00:00,40,1,,Charging (grid),1,2.010217902711639,0.0,235.19977069128595,false
1,25,14:00,66,00:15,41,1,,Charging (grid),1,2.010217902711639,0.0,235.67719744317995,false
1,25,14:00,67,00:30,42,1,,Charging (grid),1,2.010217902711639,0.0,236.15462419507395,false
1,25,14:00,68,00:45,43,1,,Charging (grid),1,2.010217902711639,0.0,236.63205094696795,false
1,25,14:00,69,01:00,44,1,,Charging (grid),1,2.010217902711639,0.0,237.10947769886195,false
1,25,14:00,70,01:15,45,1,,Charging (grid),1,2.010217902711639,0.0,237.58690445075595,false
1,25,14:00,71,01:30,46,1,,Charging (grid),1,2.010217902711639,0.0,238.06433120264995,false
1,25,14:00,72,01:45,47,1,,Charging (grid),1,2.010217902711639,0.0,238.54175795454395,false
1,25,14:00,73,02:00,48,1,,Charging (grid),1,2.010217902711639,0.0,239.01918470643795,false
1,25,14:00,74,02:15,49,1,,Charging (grid),1,2.010217902711639,0.0,239.49661145833196,false
1,25,14:00,75,02:30,50,1,,Charging (grid),1,2.010217902711639,0.0,239.97403821022596,false
1,25,14:00,76,02:45,51,1,,Charging (grid),1,2.010217902711639,0.0,240.45146496211996,false
1,25,14:00,77,03:00,52,1,,Charging (grid),1,2.010217902711639,0.0,240.92889171401396,false
1,25,14:00,78,03:15,53,1,,Charging (grid),1,2.010217902711639,0.0,241.40631846590796,false
1,25,14:00,79,03:30,54,1,,Charging (grid),1,2.010217902711639,0.0,241.88374521780196,false
1,25,14:00,80,03:45,55,1,,Charging (grid),1,2.010217902711639,0.0,242.36117196969596,false
1,25,14:00,81,04:00,56,1,,Charging (grid),1,2.010217902711639,0.0,242.83859872158996,false
1,25,14:00,82,04:15,57,1,,Charging (grid),1,2.010217902711639,0.0,243.31602547348396,false
1,25,14:00,83,04:30,58,1,,Charging (grid),1,2.010217902711639,0.0,243.79345222537796,false
1,25,14:00,84,04:45,59,1,,Charging (grid),1,2.010217902711639,0.0,244.27087897727196,false
1,25,14:00,85,05:00,60,1,,Charging (grid),1,2.010217902711639,0.0,244.74830572916596,false
1,25,14:00,86,05:15,61,1,,Charging (grid),1,2.010217902711639,0.0,245.22573248105996,false
1,25,14:00,87,05:30,62,1,,Charging (grid),1,2.010217902711639,0.0,245.70315923295396,false
1,25,14:00,88,05:45,63,1,,Charging (grid),1,2.010217902711639,0.0,246.18058598484797,false
1,25,14:00,89,06:00,64,1,,Charging (grid),1,2.010217902711639,0.0,246.65801273674197,false
1,25,14:00,90,06:15,65,1,,Charging (grid),1,2.010217902711639,0.0,247.13543948863597,false
1,25,14:00,91,06:30,66,1,,Charging (grid),1,2.010217902711639,0.0,247.61286624052997,false
1,25,14:00,92,06:45,67,1,,Charging (grid),1,2.010217902711639,0.0,248.09029299242397,false
1,25,14:00,93,07:00,68,1,,Charging (grid),1,2.010217902711639,0.0,248.56771974431797,false
1,25,14:00,94,07:15,69,1,,Charging (grid),1,2.010217902711639,0.0,249.04514649621197,false
1,25,14:00,95,07:30,70,1,,Charging (grid),1,2.010217902711639,0.0,249.52257324810597,false
1,25,14:00,96,07:45,71,1,,Charging (grid),1,2.0102179027117018,0.0,250.0,false
1,26,14:15,26,14:15,0,1,,Idle,2,0.0,0.0,246.3487736126769,false
1,26,14:15,27,14:30,1,1,,Serving CEV,2,0.0,7.99999999999999,244.24351045478215,true
1,26,14:15,28,14:45,2,1,,Idle,2,0.0,0.0,244.24351045478215,false
1,26,14:15,29,15:00,3,1,,Idle,2,0.0,0.0,244.24351045478215,true
1,26,14:15,30,15:15,4,1,,Idle,2,0.0,0.0,244.24351045478215,false
1,26,14:15,31,15:30,5,1,,Idle,2,0.0,0.0,244.24351045478215,false
1,26,14:15,32,15:45,6,1,,Serving CEV,2,0.0,8.0,242.1382472968874,false
1,26,14:15,33,16:00,7,1,,Idle,2,0.0,0.0,242.1382472968874,false
1,26,14:15,34,16:15,8,1,,Idle,2,0.0,0.0,242.1382472968874,false
1,26,14:15,35,16:30,9,1,,Idle,2,0.0,0.0,242.1382472968874,false
1,26,14:15,36,16:45,10,1,,Idle,2,0.0,0.0,242.1382472968874,false
1,26,14:15,37,17:00,11,1,,Serving CEV,2,0.0,0.5389567123874959,241.99641658310122,true
1,26,14:15,38,17:15,12,1,,Serving CEV,2,0.0,8.0,239.89115342520648,false
1,26,14:15,39,17:30,13,1,,Serving CEV,2,0.0,8.0,237.78589026731174,false
1,26,14:15,40,17:45,14,1,,Serving CEV,2,0.0,8.0,235.680627109417,false
1,26,14:15,41,18:00,15,1,,Serving CEV,2,0.0,8.0,233.57536395152226,false
1,26,14:15,42,18:15,16,1,,Serving CEV,2,0.0,8.0,231.47010079362752,false
1,26,14:15,43,18:30,17,1,,Serving CEV,2,0.0,8.0,229.36483763573278,true
1,26,14:15,44,18:45,18,1,,Idle,2,0.0,0.0,229.36483763573278,false
1,26,14:15,45,19:00,19,1,,Idle,2,0.0,0.0,229.36483763573278,false
1,26,14:15,46,19:15,20,1,,Traveling,Transit,0.0,0.0,229.36483763573278,false
1,26,14:15,47,19:30,21,1,,Idle,1,0.0,0.0,229.36483763573278,false
1,26,14:15,48,19:45,22,1,,Idle,1,0.0,0.0,229.36483763573278,false
1,26,14:15,49,20:00,23,1,,Idle,1,-0.0,0.0,229.36483763573278,false
1,26,14:15,50,20:15,24,1,,Idle,1,-0.0,0.0,229.36483763573278,false
1,26,14:15,51,20:30,25,1,,Idle,1,-0.0,0.0,229.36483763573278,false
1,26,14:15,52,20:45,26,1,,Idle,1,-0.0,0.0,229.36483763573278,false
1,26,14:15,53,21:00,27,1,,Charging (grid),1,2.010217902711639,0.0,229.84226438762678,false
1,26,14:15,54,21:15,28,1,,Charging (grid),1,2.010217902711639,0.0,230.31969113952078,false
1,26,14:15,55,21:30,29,1,,Charging (grid),1,2.010217902711639,0.0,230.79711789141479,false
1,26,14:15,56,21:45,30,1,,Charging (grid),1,2.010217902711639,0.0,231.2745446433088,false
1,26,14:15,57,22:00,31,1,,Charging (grid),1,2.010217902711639,0.0,231.7519713952028,false
1,26,14:15,58,22:15,32,1,,Charging (grid),1,2.010217902711639,0.0,232.2293981470968,false
1,26,14:15,59,22:30,33,1,,Charging (grid),1,2.010217902711639,0.0,232.7068248989908,false
1,26,14:15,60,22:45,34,1,,Charging (grid),1,2.010217902711639,0.0,233.1842516508848,false
1,26,14:15,61,23:00,35,1,,Charging (grid),1,2.010217902711639,0.0,233.6616784027788,true
1,26,14:15,62,23:15,36,1,,Charging (grid),1,2.010217902711639,0.0,234.1391051546728,false
1,26,14:15,63,23:30,37,1,,Charging (grid),1,2.010217902711639,0.0,234.6165319065668,false
1,26,14:15,64,23:45,38,1,,Charging (grid),1,0.4455243487360636,0.0,234.7223439393916,true
1,26,14:15,65,00:00,39,1,,Charging (grid),1,2.010217902711639,0.0,235.1997706912856,false
1,26,14:15,66,00:15,40,1,,Charging (grid),1,2.010217902711639,0.0,235.6771974431796,false
1,26,14:15,67,00:30,41,1,,Charging (grid),1,2.010217902711639,0.0,236.1546241950736,false
1,26,14:15,68,00:45,42,1,,Charging (grid),1,2.010217902711639,0.0,236.6320509469676,false
1,26,14:15,69,01:00,43,1,,Charging (grid),1,2.010217902711639,0.0,237.1094776988616,false
1,26,14:15,70,01:15,44,1,,Charging (grid),1,2.010217902711639,0.0,237.5869044507556,false
1,26,14:15,71,01:30,45,1,,Charging (grid),1,2.010217902711639,0.0,238.0643312026496,false
1,26,14:15,72,01:45,46,1,,Charging (grid),1,2.010217902711639,0.0,238.54175795454367,false
1,26,14:15,73,02:00,47,1,,Charging (grid),1,2.010217902711639,0.0,239.01918470643767,false
1,26,14:15,74,02:15,48,1,,Charging (grid),1,2.010217902711639,0.0,239.49661145833167,false
1,26,14:15,75,02:30,49,1,,Charging (grid),1,2.010217902711639,0.0,239.9740382102257,false
1,26,14:15,76,02:45,50,1,,Charging (grid),1,2.010217902711639,0.0,240.4514649621197,false
1,26,14:15,77,03:00,51,1,,Charging (grid),1,2.010217902711639,0.0,240.92889171401373,false
1,26,14:15,78,03:15,52,1,,Charging (grid),1,2.010217902711639,0.0,241.40631846590773,false
1,26,14:15,79,03:30,53,1,,Charging (grid),1,2.010217902711639,0.0,241.88374521780176,false
1,26,14:15,80,03:45,54,1,,Charging (grid),1,2.010217902711639,0.0,242.36117196969576,false
1,26,14:15,81,04:00,55,1,,Charging (grid),1,2.010217902711639,0.0,242.8385987215898,false
1,26,14:15,82,04:15,56,1,,Charging (grid),1,2.010217902711639,0.0,243.3160254734838,false
1,26,14:15,83,04:30,57,1,,Charging (grid),1,2.010217902711639,0.0,243.7934522253778,false
1,26,14:15,84,04:45,58,1,,Charging (grid),1,2.010217902711639,0.0,244.27087897727182,false
1,26,14:15,85,05:00,59,1,,Charging (grid),1,2.010217902711639,0.0,244.74830572916582,false
1,26,14:15,86,05:15,60,1,,Charging (grid),1,2.010217902711639,0.0,245.22573248105985,false
1,26,14:15,87,05:30,61,1,,Charging (grid),1,2.010217902711639,0.0,245.70315923295385,false
1,26,14:15,88,05:45,62,1,,Charging (grid),1,2.010217902711639,0.0,246.18058598484788,false
1,26,14:15,89,06:00,63,1,,Charging (grid),1,2.010217902711639,0.0,246.65801273674188,false
1,26,14:15,90,06:15,64,1,,Charging (grid),1,2.010217902711639,0.0,247.1354394886359,false
1,26,14:15,91,06:30,65,1,,Charging (grid),1,2.010217902711639,0.0,247.6128662405299,false
1,26,14:15,92,06:45,66,1,,Charging (grid),1,2.010217902711639,0.0,248.0902929924239,false
1,26,14:15,93,07:00,67,1,,Charging (grid),1,2.010217902711639,0.0,248.56771974431797,false
1,26,14:15,94,07:15,68,1,,Charging (grid),1,2.010217902711639,0.0,249.04514649621197,false
1,26,14:15,95,07:30,69,1,,Charging (grid),1,2.010217902711639,0.0,249.52257324810597,false
1,26,14:15,96,07:45,70,1,,Charging (grid),1,2.0102179027117018,0.0,250.0,false
1,27,14:30,27,14:30,0,1,,Serving CEV,2,0.0,7.337833168137965,244.41776488421954,true
1,27,14:30,28,14:45,1,1,,Idle,2,0.0,0.0,244.41776488421954,false
1,27,14:30,29,15:00,2,1,,Idle,2,0.0,0.0,244.41776488421954,false
1,27,14:30,30,15:15,3,1,,Idle,2,0.0,0.0,244.41776488421954,false
1,27,14:30,31,15:30,4,1,,Idle,2,0.0,0.0,244.41776488421954,false
1,27,14:30,32,15:45,5,1,,Serving CEV,2,0.0,8.0,242.3125017263248,false
1,27,14:30,33,16:00,6,1,,Idle,2,0.0,0.0,242.3125017263248,false
1,27,14:30,34,16:15,7,1,,Idle,2,0.0,0.0,242.3125017263248,false
1,27,14:30,35,16:30,8,1,,Idle,2,0.0,0.0,242.3125017263248,false
1,27,14:30,36,16:45,9,1,,Idle,2,0.0,0.0,242.3125017263248,false
1,27,14:30,37,17:00,10,1,,Serving CEV,2,0.0,1.852631578947374,241.82496710028602,true
1,27,14:30,38,17:15,11,1,,Serving CEV,2,0.0,8.0,239.71970394239128,false
1,27,14:30,39,17:30,12,1,,Serving CEV,2,0.0,8.0,237.61444078449654,false
1,27,14:30,40,17:45,13,1,,Serving CEV,2,0.0,8.0,235.5091776266018,false
1,27,14:30,41,18:00,14,1,,Serving CEV,2,0.0,8.0,233.40391446870706,false
1,27,14:30,42,18:15,15,1,,Serving CEV,2,0.0,8.0,231.29865131081232,false
1,27,14:30,43,18:30,16,1,,Serving CEV,2,0.0,8.0,229.19338815291758,false
1,27,14:30,44,18:45,17,1,,Idle,2,0.0,0.0,229.19338815291758,false
1,27,14:30,45,19:00,18,1,,Idle,2,0.0,0.0,229.19338815291758,false
1,27,14:30,46,19:15,19,1,,Traveling,Transit,0.0,0.0,229.19338815291758,false
1,27,14:30,47,19:30,20,1,,Idle,1,0.0,0.0,229.19338815291758,false
1,27,14:30,48,19:45,21,1,,Idle,1,0.0,0.0,229.19338815291758,false
1,27,14:30,49,20:00,22,1,,Idle,1,-0.0,0.0,229.19338815291758,false
1,27,14:30,50,20:15,23,1,,Idle,1,-0.0,0.0,229.19338815291758,false
1,27,14:30,51,20:30,24,1,,Idle,1,-0.0,0.0,229.19338815291758,false
1,27,14:30,52,20:45,25,1,,Idle,1,-0.0,0.0,229.19338815291758,false
1,27,14:30,53,21:00,26,1,,Charging (grid),1,2.010217902711639,0.0,229.67081490481158,false
1,27,14:30,54,21:15,27,1,,Charging (grid),1,2.010217902711639,0.0,230.14824165670558,false
1,27,14:30,55,21:30,28,1,,Charging (grid),1,2.010217902711639,0.0,230.62566840859958,false
1,27,14:30,56,21:45,29,1,,Charging (grid),1,2.010217902711639,0.0,231.10309516049358,false
1,27,14:30,57,22:00,30,1,,Charging (grid),1,2.010217902711639,0.0,231.58052191238758,false
1,27,14:30,58,22:15,31,1,,Charging (grid),1,2.010217902711639,0.0,232.05794866428158,false
1,27,14:30,59,22:30,32,1,,Charging (grid),1,2.010217902711639,0.0,232.53537541617558,false
1,27,14:30,60,22:45,33,1,,Charging (grid),1,2.010217902711639,0.0,233.01280216806958,false
1,27,14:30,61,23:00,34,1,,Charging (grid),1,2.010217902711639,0.0,233.49022891996358,false
1,27,14:30,62,23:15,35,1,,Charging (grid),1,2.010217902711639,0.0,233.96765567185759,false
1,27,14:30,63,23:30,36,1,,Charging (grid),1,2.010217902711639,0.0,234.4450824237516,false
1,27,14:30,64,23:45,37,1,,Charging (grid),1,1.167416907957862,0.0,234.72234393939158,true
1,27,14:30,65,00:00,38,1,,Charging (grid),1,2.010217902711639,0.0,235.19977069128558,false
1,27,14:30,66,00:15,39,1,,Charging (grid),1,2.010217902711639,0.0,235.67719744317958,false
1,27,14:30,67,00:30,40,1,,Charging (grid),1,2.010217902711639,0.0,236.15462419507358,false
1,27,14:30,68,00:45,41,1,,Charging (grid),1,2.010217902711639,0.0,236.63205094696758,false
1,27,14:30,69,01:00,42,1,,Charging (grid),1,2.010217902711639,0.0,237.1094776988616,false
1,27,14:30,70,01:15,43,1,,Charging (grid),1,2.010217902711639,0.0,237.5869044507556,false
1,27,14:30,71,01:30,44,1,,Charging (grid),1,2.010217902711639,0.0,238.06433120264964,false
1,27,14:30,72,01:45,45,1,,Charging (grid),1,2.010217902711639,0.0,238.54175795454364,false
1,27,14:30,73,02:00,46,1,,Charging (grid),1,2.010217902711639,0.0,239.01918470643767,false
1,27,14:30,74,02:15,47,1,,Charging (grid),1,2.010217902711639,0.0,239.49661145833167,false
1,27,14:30,75,02:30,48,1,,Charging (grid),1,2.010217902711639,0.0,239.97403821022567,false
1,27,14:30,76,02:45,49,1,,Charging (grid),1,2.010217902711639,0.0,240.4514649621197,false
1,27,14:30,77,03:00,50,1,,Charging (grid),1,2.010217902711639,0.0,240.9288917140137,false
1,27,14:30,78,03:15,51,1,,Charging (grid),1,2.010217902711639,0.0,241.40631846590776,false
1,27,14:30,79,03:30,52,1,,Charging (grid),1,2.010217902711639,0.0,241.88374521780176,false
1,27,14:30,80,03:45,53,1,,Charging (grid),1,2.010217902711639,0.0,242.3611719696958,false
1,27,14:30,81,04:00,54,1,,Charging (grid),1,2.010217902711639,0.0,242.8385987215898,false
1,27,14:30,82,04:15,55,1,,Charging (grid),1,2.010217902711639,0.0,243.31602547348382,false
1,27,14:30,83,04:30,56,1,,Charging (grid),1,2.010217902711639,0.0,243.79345222537782,false
1,27,14:30,84,04:45,57,1,,Charging (grid),1,2.010217902711639,0.0,244.27087897727182,false
1,27,14:30,85,05:00,58,1,,Charging (grid),1,2.010217902711639,0.0,244.74830572916585,false
1,27,14:30,86,05:15,59,1,,Charging (grid),1,2.010217902711639,0.0,245.22573248105985,false
1,27,14:30,87,05:30,60,1,,Charging (grid),1,2.010217902711639,0.0,245.70315923295388,false
1,27,14:30,88,05:45,61,1,,Charging (grid),1,2.010217902711639,0.0,246.18058598484788,false
1,27,14:30,89,06:00,62,1,,Charging (grid),1,2.010217902711639,0.0,246.6580127367419,false
1,27,14:30,90,06:15,63,1,,Charging (grid),1,2.010217902711639,0.0,247.1354394886359,false
1,27,14:30,91,06:30,64,1,,Charging (grid),1,2.010217902711639,0.0,247.61286624052994,false
1,27,14:30,92,06:45,65,1,,Charging (grid),1,2.010217902711639,0.0,248.09029299242394,false
1,27,14:30,93,07:00,66,1,,Charging (grid),1,2.010217902711639,0.0,248.56771974431794,false
1,27,14:30,94,07:15,67,1,,Charging (grid),1,2.010217902711639,0.0,249.04514649621197,false
1,27,14:30,95,07:30,68,1,,Charging (grid),1,2.010217902711639,0.0,249.52257324810597,false
1,27,14:30,96,07:45,69,1,,Charging (grid),1,2.0102179027117018,0.0,250.0,false
1,28,14:45,28,14:45,0,1,,Idle,2,0.0,0.0,244.41776488421954,false
1,28,14:45,29,15:00,1,1,,Idle,2,0.0,0.0,244.41776488421954,false
1,28,14:45,30,15:15,2,1,,Idle,2,0.0,0.0,244.41776488421954,false
1,28,14:45,31,15:30,3,1,,Idle,2,0.0,0.0,244.41776488421954,false
1,28,14:45,32,15:45,4,1,,Serving CEV,2,0.0,8.0,242.3125017263248,false
1,28,14:45,33,16:00,5,1,,Idle,2,0.0,0.0,242.3125017263248,false
1,28,14:45,34,16:15,6,1,,Idle,2,0.0,0.0,242.3125017263248,false
1,28,14:45,35,16:30,7,1,,Idle,2,0.0,0.0,242.3125017263248,false
1,28,14:45,36,16:45,8,1,,Idle,2,0.0,0.0,242.3125017263248,false
1,28,14:45,37,17:00,9,1,,Serving CEV,2,0.0,1.852631578947374,241.82496710028602,false
1,28,14:45,38,17:15,10,1,,Serving CEV,2,0.0,8.0,239.71970394239128,false
1,28,14:45,39,17:30,11,1,,Serving CEV,2,0.0,8.0,237.61444078449654,false
1,28,14:45,40,17:45,12,1,,Serving CEV,2,0.0,8.0,235.5091776266018,false
1,28,14:45,41,18:00,13,1,,Serving CEV,2,0.0,8.0,233.40391446870706,false
1,28,14:45,42,18:15,14,1,,Serving CEV,2,0.0,8.0,231.29865131081232,false
1,28,14:45,43,18:30,15,1,,Idle,2,0.0,0.0,231.29865131081232,true
1,28,14:45,44,18:45,16,1,,Serving CEV,2,0.0,8.0,229.19338815291758,true
1,28,14:45,45,19:00,17,1,,Traveling,Transit,0.0,0.0,229.19338815291758,true
1,28,14:45,46,19:15,18,1,,Idle,1,0.0,0.0,229.19338815291758,true
1,28,14:45,47,19:30,19,1,,Idle,1,0.0,0.0,229.19338815291758,false
1,28,14:45,48,19:45,20,1,,Idle,1,0.0,0.0,229.19338815291758,false
1,28,14:45,49,20:00,21,1,,Idle,1,-0.0,0.0,229.19338815291758,false
1,28,14:45,50,20:15,22,1,,Idle,1,-0.0,0.0,229.19338815291758,false
1,28,14:45,51,20:30,23,1,,Idle,1,-0.0,0.0,229.19338815291758,false
1,28,14:45,52,20:45,24,1,,Idle,1,-0.0,0.0,229.19338815291758,false
1,28,14:45,53,21:00,25,1,,Charging (grid),1,2.010217902711639,0.0,229.67081490481158,false
1,28,14:45,54,21:15,26,1,,Charging (grid),1,2.010217902711639,0.0,230.14824165670558,false
1,28,14:45,55,21:30,27,1,,Charging (grid),1,2.010217902711639,0.0,230.62566840859958,false
1,28,14:45,56,21:45,28,1,,Charging (grid),1,2.010217902711639,0.0,231.10309516049358,false
1,28,14:45,57,22:00,29,1,,Charging (grid),1,2.010217902711639,0.0,231.58052191238758,false
1,28,14:45,58,22:15,30,1,,Charging (grid),1,2.010217902711639,0.0,232.05794866428158,false
1,28,14:45,59,22:30,31,1,,Charging (grid),1,2.010217902711639,0.0,232.53537541617558,false
1,28,14:45,60,22:45,32,1,,Charging (grid),1,2.010217902711639,0.0,233.01280216806958,false
1,28,14:45,61,23:00,33,1,,Charging (grid),1,2.010217902711639,0.0,233.49022891996358,false
1,28,14:45,62,23:15,34,1,,Charging (grid),1,2.010217902711639,0.0,233.96765567185759,false
1,28,14:45,63,23:30,35,1,,Charging (grid),1,2.010217902711639,0.0,234.4450824237516,false
1,28,14:45,64,23:45,36,1,,Charging (grid),1,1.1674169079594179,0.0,234.72234393939195,false
1,28,14:45,65,00:00,37,1,,Charging (grid),1,2.010217902711639,0.0,235.19977069128595,false
1,28,14:45,66,00:15,38,1,,Charging (grid),1,2.010217902711639,0.0,235.67719744317995,false
1,28,14:45,67,00:30,39,1,,Charging (grid),1,2.010217902711639,0.0,236.15462419507395,false
1,28,14:45,68,00:45,40,1,,Charging (grid),1,2.010217902711639,0.0,236.63205094696795,false
1,28,14:45,69,01:00,41,1,,Charging (grid),1,2.010217902711639,0.0,237.10947769886195,false
1,28,14:45,70,01:15,42,1,,Charging (grid),1,2.010217902711639,0.0,237.58690445075595,false
1,28,14:45,71,01:30,43,1,,Charging (grid),1,2.010217902711639,0.0,238.06433120264995,false
1,28,14:45,72,01:45,44,1,,Charging (grid),1,2.010217902711639,0.0,238.54175795454395,false
1,28,14:45,73,02:00,45,1,,Charging (grid),1,2.010217902711639,0.0,239.01918470643795,false
1,28,14:45,74,02:15,46,1,,Charging (grid),1,2.010217902711639,0.0,239.49661145833196,false
1,28,14:45,75,02:30,47,1,,Charging (grid),1,2.010217902711639,0.0,239.97403821022596,false
1,28,14:45,76,02:45,48,1,,Charging (grid),1,2.010217902711639,0.0,240.45146496211996,false
1,28,14:45,77,03:00,49,1,,Charging (grid),1,2.010217902711639,0.0,240.92889171401396,false
1,28,14:45,78,03:15,50,1,,Charging (grid),1,2.010217902711639,0.0,241.40631846590796,false
1,28,14:45,79,03:30,51,1,,Charging (grid),1,2.010217902711639,0.0,241.88374521780196,false
1,28,14:45,80,03:45,52,1,,Charging (grid),1,2.010217902711639,0.0,242.36117196969596,false
1,28,14:45,81,04:00,53,1,,Charging (grid),1,2.010217902711639,0.0,242.83859872158996,false
1,28,14:45,82,04:15,54,1,,Charging (grid),1,2.010217902711639,0.0,243.31602547348396,false
1,28,14:45,83,04:30,55,1,,Charging (grid),1,2.010217902711639,0.0,243.79345222537796,false
1,28,14:45,84,04:45,56,1,,Charging (grid),1,2.010217902711639,0.0,244.27087897727196,false
1,28,14:45,85,05:00,57,1,,Charging (grid),1,2.010217902711639,0.0,244.74830572916596,false
1,28,14:45,86,05:15,58,1,,Charging (grid),1,2.010217902711639,0.0,245.22573248105996,false
1,28,14:45,87,05:30,59,1,,Charging (grid),1,2.010217902711639,0.0,245.70315923295396,false
1,28,14:45,88,05:45,60,1,,Charging (grid),1,2.010217902711639,0.0,246.18058598484797,false
1,28,14:45,89,06:00,61,1,,Charging (grid),1,2.010217902711639,0.0,246.65801273674197,false
1,28,14:45,90,06:15,62,1,,Charging (grid),1,2.010217902711639,0.0,247.13543948863597,false
1,28,14:45,91,06:30,63,1,,Charging (grid),1,2.010217902711639,0.0,247.61286624052997,false
1,28,14:45,92,06:45,64,1,,Charging (grid),1,2.010217902711639,0.0,248.09029299242397,false
1,28,14:45,93,07:00,65,1,,Charging (grid),1,2.010217902711639,0.0,248.56771974431797,false
1,28,14:45,94,07:15,66,1,,Charging (grid),1,2.010217902711639,0.0,249.04514649621197,false
1,28,14:45,95,07:30,67,1,,Charging (grid),1,2.010217902711639,0.0,249.52257324810597,false
1,28,14:45,96,07:45,68,1,,Charging (grid),1,2.0102179027117018,0.0,250.0,false
1,29,15:00,29,15:00,0,1,,Idle,2,0.0,0.0,244.41776488421954,false
1,29,15:00,30,15:15,1,1,,Idle,2,0.0,0.0,244.41776488421954,false
1,29,15:00,31,15:30,2,1,,Idle,2,0.0,0.0,244.41776488421954,false
1,29,15:00,32,15:45,3,1,,Serving CEV,2,0.0,7.429296669018389,242.46268681342522,true
1,29,15:00,33,16:00,4,1,,Idle,2,0.0,0.0,242.46268681342522,false
1,29,15:00,34,16:15,5,1,,Idle,2,0.0,0.0,242.46268681342522,false
1,29,15:00,35,16:30,6,1,,Idle,2,0.0,0.0,242.46268681342522,false
1,29,15:00,36,16:45,7,1,,Idle,2,0.0,0.0,242.46268681342522,false
1,29,15:00,37,17:00,8,1,,Serving CEV,2,0.0,7.999999999999998,240.35742365553048,true
1,29,15:00,38,17:15,9,1,,Serving CEV,2,0.0,8.0,238.25216049763574,false
1,29,15:00,39,17:30,10,1,,Serving CEV,2,0.0,8.0,236.146897339741,false
1,29,15:00,40,17:45,11,1,,Serving CEV,2,0.0,8.0,234.04163418184626,false
1,29,15:00,41,18:00,12,1,,Serving CEV,2,0.0,8.0,231.93637102395152,false
1,29,15:00,42,18:15,13,1,,Serving CEV,2,0.0,8.0,229.83110786605678,false
1,29,15:00,43,18:30,14,1,,Traveling,Transit,0.0,0.0,229.83110786605678,true
1,29,15:00,44,18:45,15,1,,Idle,1,0.0,0.0,229.83110786605678,true
1,29,15:00,45,19:00,16,1,,Idle,1,0.0,0.0,229.83110786605678,true
1,29,15:00,46,19:15,17,1,,Idle,1,0.0,0.0,229.83110786605678,false
1,29,15:00,47,19:30,18,1,,Idle,1,0.0,0.0,229.83110786605678,false
1,29,15:00,48,19:45,19,1,,Idle,1,0.0,0.0,229.83110786605678,false
1,29,15:00,49,20:00,20,1,,Idle,1,-0.0,0.0,229.83110786605678,false
1,29,15:00,50,20:15,21,1,,Idle,1,-0.0,0.0,229.83110786605678,false
1,29,15:00,51,20:30,22,1,,Idle,1,-0.0,0.0,229.83110786605678,false
1,29,15:00,52,20:45,23,1,,Idle,1,-0.0,0.0,229.83110786605678,false
1,29,15:00,53,21:00,24,1,,Charging (grid),1,2.010217902711639,0.0,230.30853461795078,false
1,29,15:00,54,21:15,25,1,,Charging (grid),1,2.010217902711639,0.0,230.78596136984478,false
1,29,15:00,55,21:30,26,1,,Charging (grid),1,2.010217902711639,0.0,231.26338812173879,false
1,29,15:00,56,21:45,27,1,,Charging (grid),1,2.010217902711639,0.0,231.7408148736328,false
1,29,15:00,57,22:00,28,1,,Charging (grid),1,2.010217902711639,0.0,232.2182416255268,false
1,29,15:00,58,22:15,29,1,,Charging (grid),1,2.010217902711639,0.0,232.6956683774208,false
1,29,15:00,59,22:30,30,1,,Charging (grid),1,2.010217902711639,0.0,233.1730951293148,false
1,29,15:00,60,22:45,31,1,,Charging (grid),1,2.010217902711639,0.0,233.6505218812088,false
1,29,15:00,61,23:00,32,1,,Charging (grid),1,0.4924991763992263,0.0,233.7674904356036,true
1,29,15:00,62,23:15,33,1,,Charging (grid),1,2.010217902711639,0.0,234.2449171874976,false
1,29,15:00,63,23:30,34,1,,Charging (grid),1,2.010217902711639,0.0,234.7223439393916,false
1,29,15:00,64,23:45,35,1,,Idle,1,0.0,0.0,234.7223439393916,true
1,29,15:00,65,00:00,36,1,,Charging (grid),1,2.010217902711639,0.0,235.1997706912856,false
1,29,15:00,66,00:15,37,1,,Charging (grid),1,2.010217902711639,0.0,235.6771974431796,false
1,29,15:00,67,00:30,38,1,,Charging (grid),1,2.010217902711639,0.0,236.1546241950736,false
1,29,15:00,68,00:45,39,1,,Charging (grid),1,2.010217902711639,0.0,236.6320509469676,false
1,29,15:00,69,01:00,40,1,,Charging (grid),1,2.010217902711639,0.0,237.1094776988616,false
1,29,15:00,70,01:15,41,1,,Charging (grid),1,2.010217902711639,0.0,237.5869044507556,false
1,29,15:00,71,01:30,42,1,,Charging (grid),1,2.010217902711639,0.0,238.0643312026496,false
1,29,15:00,72,01:45,43,1,,Charging (grid),1,2.010217902711639,0.0,238.54175795454364,false
1,29,15:00,73,02:00,44,1,,Charging (grid),1,2.010217902711639,0.0,239.01918470643764,false
1,29,15:00,74,02:15,45,1,,Charging (grid),1,2.010217902711639,0.0,239.49661145833167,false
1,29,15:00,75,02:30,46,1,,Charging (grid),1,2.010217902711639,0.0,239.97403821022567,false
1,29,15:00,76,02:45,47,1,,Charging (grid),1,2.010217902711639,0.0,240.4514649621197,false
1,29,15:00,77,03:00,48,1,,Charging (grid),1,2.010217902711639,0.0,240.9288917140137,false
1,29,15:00,78,03:15,49,1,,Charging (grid),1,2.010217902711639,0.0,241.4063184659077,false
1,29,15:00,79,03:30,50,1,,Charging (grid),1,2.010217902711639,0.0,241.88374521780173,false
1,29,15:00,80,03:45,51,1,,Charging (grid),1,2.010217902711639,0.0,242.36117196969573,false
1,29,15:00,81,04:00,52,1,,Charging (grid),1,2.010217902711639,0.0,242.8385987215898,false
1,29,15:00,82,04:15,53,1,,Charging (grid),1,2.010217902711639,0.0,243.3160254734838,false
1,29,15:00,83,04:30,54,1,,Charging (grid),1,2.010217902711639,0.0,243.79345222537782,false
1,29,15:00,84,04:45,55,1,,Charging (grid),1,2.010217902711639,0.0,244.27087897727182,false
1,29,15:00,85,05:00,56,1,,Charging (grid),1,2.010217902711639,0.0,244.74830572916585,false
1,29,15:00,86,05:15,57,1,,Charging (grid),1,2.010217902711639,0.0,245.22573248105985,false
1,29,15:00,87,05:30,58,1,,Charging (grid),1,2.010217902711639,0.0,245.70315923295385,false
1,29,15:00,88,05:45,59,1,,Charging (grid),1,2.010217902711639,0.0,246.18058598484788,false
1,29,15:00,89,06:00,60,1,,Charging (grid),1,2.010217902711639,0.0,246.65801273674188,false
1,29,15:00,90,06:15,61,1,,Charging (grid),1,2.010217902711639,0.0,247.1354394886359,false
1,29,15:00,91,06:30,62,1,,Charging (grid),1,2.010217902711639,0.0,247.6128662405299,false
1,29,15:00,92,06:45,63,1,,Charging (grid),1,2.010217902711639,0.0,248.09029299242394,false
1,29,15:00,93,07:00,64,1,,Charging (grid),1,2.010217902711639,0.0,248.56771974431794,false
1,29,15:00,94,07:15,65,1,,Charging (grid),1,2.010217902711639,0.0,249.04514649621197,false
1,29,15:00,95,07:30,66,1,,Charging (grid),1,2.010217902711639,0.0,249.52257324810597,false
1,29,15:00,96,07:45,67,1,,Charging (grid),1,2.0102179027117018,0.0,250.0,false
1,30,15:15,30,15:15,0,1,,Serving CEV,2,0.0,7.030359013213214,242.56767040705816,true
1,30,15:15,31,15:30,1,1,,Idle,2,0.0,0.0,242.56767040705816,false
1,30,15:15,32,15:45,2,1,,Serving CEV,2,0.0,8.0,240.46240724916342,true
1,30,15:15,33,16:00,3,1,,Idle,2,0.0,0.0,240.46240724916342,false
1,30,15:15,34,16:15,4,1,,Idle,2,0.0,0.0,240.46240724916342,false
1,30,15:15,35,16:30,5,1,,Idle,2,0.0,0.0,240.46240724916342,false
1,30,15:15,36,16:45,6,1,,Idle,2,0.0,0.0,240.46240724916342,false
1,30,15:15,37,17:00,7,1,,Serving CEV,2,0.0,8.0,238.35714409126868,false
1,30,15:15,38,17:15,8,1,,Serving CEV,2,0.0,8.0,236.25188093337394,false
1,30,15:15,39,17:30,9,1,,Serving CEV,2,0.0,8.0,234.1466177754792,false
1,30,15:15,40,17:45,10,1,,Serving CEV,2,0.0,8.0,232.04135461758446,false
1,30,15:15,41,18:00,11,1,,Serving CEV,2,0.0,8.0,229.93609145968972,false
1,30,15:15,42,18:15,12,1,,Traveling,Transit,0.0,0.0,229.93609145968972,true
1,30,15:15,43,18:30,13,1,,Idle,1,0.0,0.0,229.93609145968972,true
1,30,15:15,44,18:45,14,1,,Idle,1,0.0,0.0,229.93609145968972,false
1,30,15:15,45,19:00,15,1,,Idle,1,0.0,0.0,229.93609145968972,false
1,30,15:15,46,19:15,16,1,,Idle,1,0.0,0.0,229.93609145968972,false
1,30,15:15,47,19:30,17,1,,Idle,1,0.0,0.0,229.93609145968972,false
1,30,15:15,48,19:45,18,1,,Idle,1,0.0,0.0,229.93609145968972,false
1,30,15:15,49,20:00,19,1,,Idle,1,-0.0,0.0,229.93609145968972,false
1,30,15:15,50,20:15,20,1,,Idle,1,-0.0,0.0,229.93609145968972,false
1,30,15:15,51,20:30,21,1,,Idle,1,-0.0,0.0,229.93609145968972,false
1,30,15:15,52,20:45,22,1,,Idle,1,-0.0,0.0,229.93609145968972,false
1,30,15:15,53,21:00,23,1,,Charging (grid),1,2.010217902711639,0.0,230.41351821158372,false
1,30,15:15,54,21:15,24,1,,Charging (grid),1,2.010217902711639,0.0,230.89094496347772,false
1,30,15:15,55,21:30,25,1,,Charging (grid),1,2.010217902711639,0.0,231.36837171537172,false
1,30,15:15,56,21:45,26,1,,Charging (grid),1,2.010217902711639,0.0,231.84579846726572,false
1,30,15:15,57,22:00,27,1,,Charging (grid),1,2.010217902711639,0.0,232.32322521915972,false
1,30,15:15,58,22:15,28,1,,Charging (grid),1,2.010217902711639,0.0,232.80065197105372,false
1,30,15:15,59,22:30,29,1,,Charging (grid),1,2.010217902711639,0.0,233.27807872294773,false
1,30,15:15,60,22:45,30,1,,Charging (grid),1,2.010217902711639,0.0,233.75550547484173,false
1,30,15:15,61,23:00,31,1,,Charging (grid),1,0.05046299268159553,0.0,233.7674904356036,true
1,30,15:15,62,23:15,32,1,,Charging (grid),1,2.010217902711639,0.0,234.2449171874976,false
1,30,15:15,63,23:30,33,1,,Charging (grid),1,2.010217902711639,0.0,234.7223439393916,false
1,30,15:15,64,23:45,34,1,,Idle,1,0.0,0.0,234.7223439393916,false
1,30,15:15,65,00:00,35,1,,Charging (grid),1,2.010217902711639,0.0,235.1997706912856,false
1,30,15:15,66,00:15,36,1,,Charging (grid),1,2.010217902711639,0.0,235.6771974431796,false
1,30,15:15,67,00:30,37,1,,Charging (grid),1,2.010217902711639,0.0,236.1546241950736,false
1,30,15:15,68,00:45,38,1,,Charging (grid),1,2.010217902711639,0.0,236.63205094696764,false
1,30,15:15,69,01:00,39,1,,Charging (grid),1,2.010217902711639,0.0,237.10947769886164,false
1,30,15:15,70,01:15,40,1,,Charging (grid),1,2.010217902711639,0.0,237.58690445075564,false
1,30,15:15,71,01:30,41,1,,Charging (grid),1,2.010217902711639,0.0,238.06433120264967,false
1,30,15:15,72,01:45,42,1,,Charging (grid),1,2.010217902711639,0.0,238.54175795454367,false
1,30,15:15,73,02:00,43,1,,Charging (grid),1,2.010217902711639,0.0,239.01918470643773,false
1,30,15:15,74,02:15,44,1,,Charging (grid),1,2.010217902711639,0.0,239.49661145833173,false
1,30,15:15,75,02:30,45,1,,Charging (grid),1,2.010217902711639,0.0,239.97403821022576,false
1,30,15:15,76,02:45,46,1,,Charging (grid),1,2.010217902711639,0.0,240.45146496211976,false
1,30,15:15,77,03:00,47,1,,Charging (grid),1,2.010217902711639,0.0,240.9288917140138,false
1,30,15:15,78,03:15,48,1,,Charging (grid),1,2.010217902711639,0.0,241.4063184659078,false
1,30,15:15,79,03:30,49,1,,Charging (grid),1,2.010217902711639,0.0,241.8837452178018,false
1,30,15:15,80,03:45,50,1,,Charging (grid),1,2.010217902711639,0.0,242.36117196969582,false
1,30,15:15,81,04:00,51,1,,Charging (grid),1,2.010217902711639,0.0,242.83859872158982,false
1,30,15:15,82,04:15,52,1,,Charging (grid),1,2.010217902711639,0.0,243.31602547348385,false
1,30,15:15,83,04:30,53,1,,Charging (grid),1,2.010217902711639,0.0,243.79345222537785,false
1,30,15:15,84,04:45,54,1,,Charging (grid),1,2.010217902711639,0.0,244.27087897727188,false
1,30,15:15,85,05:00,55,1,,Charging (grid),1,2.010217902711639,0.0,244.74830572916588,false
1,30,15:15,86,05:15,56,1,,Charging (grid),1,2.010217902711639,0.0,245.22573248105994,false
1,30,15:15,87,05:30,57,1,,Charging (grid),1,2.010217902711639,0.0,245.70315923295394,false
1,30,15:15,88,05:45,58,1,,Charging (grid),1,2.010217902711639,0.0,246.18058598484794,false
1,30,15:15,89,06:00,59,1,,Charging (grid),1,2.010217902711639,0.0,246.65801273674194,false
1,30,15:15,90,06:15,60,1,,Charging (grid),1,2.010217902711639,0.0,247.13543948863594,false
1,30,15:15,91,06:30,61,1,,Charging (grid),1,2.010217902711639,0.0,247.61286624052994,false
1,30,15:15,92,06:45,62,1,,Charging (grid),1,2.010217902711639,0.0,248.09029299242394,false
1,30,15:15,93,07:00,63,1,,Charging (grid),1,2.010217902711639,0.0,248.56771974431797,false
1,30,15:15,94,07:15,64,1,,Charging (grid),1,2.010217902711639,0.0,249.04514649621197,false
1,30,15:15,95,07:30,65,1,,Charging (grid),1,2.010217902711639,0.0,249.52257324810597,false
1,30,15:15,96,07:45,66,1,,Charging (grid),1,2.0102179027117018,0.0,250.0,false
1,31,15:30,31,15:30,0,1,,Idle,2,0.0,0.0,242.56767040705813,false
1,31,15:30,32,15:45,1,1,,Serving CEV,2,0.0,8.0,240.4624072491634,false
1,31,15:30,33,16:00,2,1,,Idle,2,0.0,0.0,240.4624072491634,false
1,31,15:30,34,16:15,3,1,,Idle,2,0.0,0.0,240.4624072491634,false
1,31,15:30,35,16:30,4,1,,Idle,2,0.0,0.0,240.4624072491634,false
1,31,15:30,36,16:45,5,1,,Idle,2,0.0,0.0,240.4624072491634,false
1,31,15:30,37,17:00,6,1,,Serving CEV,2,0.0,8.0,238.35714409126865,false
1,31,15:30,38,17:15,7,1,,Serving CEV,2,0.0,8.0,236.2518809333739,false
1,31,15:30,39,17:30,8,1,,Serving CEV,2,0.0,8.0,234.14661777547917,false
1,31,15:30,40,17:45,9,1,,Serving CEV,2,0.0,8.0,232.04135461758443,false
1,31,15:30,41,18:00,10,1,,Serving CEV,2,0.0,8.0,229.9360914596897,false
1,31,15:30,42,18:15,11,1,,Idle,2,0.0,0.0,229.9360914596897,true
1,31,15:30,43,18:30,12,1,,Idle,2,0.0,0.0,229.9360914596897,false
1,31,15:30,44,18:45,13,1,,Idle,2,0.0,0.0,229.9360914596897,false
1,31,15:30,45,19:00,14,1,,Idle,2,0.0,0.0,229.9360914596897,false
1,31,15:30,46,19:15,15,1,,Idle,2,0.0,0.0,229.9360914596897,false
1,31,15:30,47,19:30,16,1,,Idle,2,0.0,0.0,229.9360914596897,false
1,31,15:30,48,19:45,17,1,,Traveling,Transit,0.0,0.0,229.9360914596897,true
1,31,15:30,49,20:00,18,1,,Idle,1,-0.0,0.0,229.9360914596897,false
1,31,15:30,50,20:15,19,1,,Idle,1,-0.0,0.0,229.9360914596897,false
1,31,15:30,51,20:30,20,1,,Idle,1,-0.0,0.0,229.9360914596897,false
1,31,15:30,52,20:45,21,1,,Idle,1,-0.0,0.0,229.9360914596897,false
1,31,15:30,53,21:00,22,1,,Charging (grid),1,2.010217902711639,0.0,230.4135182115837,false
1,31,15:30,54,21:15,23,1,,Charging (grid),1,2.010217902711639,0.0,230.8909449634777,false
1,31,15:30,55,21:30,24,1,,Charging (grid),1,2.010217902711639,0.0,231.3683717153717,false
1,31,15:30,56,21:45,25,1,,Charging (grid),1,2.010217902711639,0.0,231.8457984672657,false
1,31,15:30,57,22:00,26,1,,Charging (grid),1,2.010217902711639,0.0,232.3232252191597,false
1,31,15:30,58,22:15,27,1,,Charging (grid),1,2.010217902711639,0.0,232.8006519710537,false
1,31,15:30,59,22:30,28,1,,Charging (grid),1,2.010217902711639,0.0,233.2780787229477,false
1,31,15:30,60,22:45,29,1,,Charging (grid),1,2.010217902711639,0.0,233.7555054748417,false
1,31,15:30,61,23:00,30,1,,Charging (grid),1,0.05046299268195454,0.0,233.76749043560366,false
1,31,15:30,62,23:15,31,1,,Charging (grid),1,2.010217902711639,0.0,234.24491718749766,false
1,31,15:30,63,23:30,32,1,,Charging (grid),1,2.010217902711639,0.0,234.72234393939166,false
1,31,15:30,64,23:45,33,1,,Idle,1,0.0,0.0,234.72234393939166,false
1,31,15:30,65,00:00,34,1,,Charging (grid),1,2.010217902711639,0.0,235.19977069128566,false
1,31,15:30,66,00:15,35,1,,Charging (grid),1,2.010217902711639,0.0,235.67719744317967,false
1,31,15:30,67,00:30,36,1,,Charging (grid),1,2.010217902711639,0.0,236.15462419507367,false
1,31,15:30,68,00:45,37,1,,Charging (grid),1,2.010217902711639,0.0,236.63205094696767,false
1,31,15:30,69,01:00,38,1,,Charging (grid),1,2.010217902711639,0.0,237.10947769886167,false
1,31,15:30,70,01:15,39,1,,Charging (grid),1,2.010217902711639,0.0,237.58690445075567,false
1,31,15:30,71,01:30,40,1,,Charging (grid),1,2.010217902711639,0.0,238.06433120264967,false
1,31,15:30,72,01:45,41,1,,Charging (grid),1,2.010217902711639,0.0,238.54175795454367,false
1,31,15:30,73,02:00,42,1,,Charging (grid),1,2.010217902711639,0.0,239.01918470643767,false
1,31,15:30,74,02:15,43,1,,Charging (grid),1,2.010217902711639,0.0,239.49661145833167,false
1,31,15:30,75,02:30,44,1,,Charging (grid),1,2.010217902711639,0.0,239.9740382102257,false
1,31,15:30,76,02:45,45,1,,Charging (grid),1,2.010217902711639,0.0,240.4514649621197,false
1,31,15:30,77,03:00,46,1,,Charging (grid),1,2.010217902711639,0.0,240.92889171401373,false
1,31,15:30,78,03:15,47,1,,Charging (grid),1,2.010217902711639,0.0,241.40631846590773,false
1,31,15:30,79,03:30,48,1,,Charging (grid),1,2.010217902711639,0.0,241.88374521780176,false
1,31,15:30,80,03:45,49,1,,Charging (grid),1,2.010217902711639,0.0,242.36117196969576,false
1,31,15:30,81,04:00,50,1,,Charging (grid),1,2.010217902711639,0.0,242.83859872158976,false
1,31,15:30,82,04:15,51,1,,Charging (grid),1,2.010217902711639,0.0,243.3160254734838,false
1,31,15:30,83,04:30,52,1,,Charging (grid),1,2.010217902711639,0.0,243.7934522253778,false
1,31,15:30,84,04:45,53,1,,Charging (grid),1,2.010217902711639,0.0,244.27087897727182,false
1,31,15:30,85,05:00,54,1,,Charging (grid),1,2.010217902711639,0.0,244.74830572916582,false
1,31,15:30,86,05:15,55,1,,Charging (grid),1,2.010217902711639,0.0,245.22573248105985,false
1,31,15:30,87,05:30,56,1,,Charging (grid),1,2.010217902711639,0.0,245.70315923295385,false
1,31,15:30,88,05:45,57,1,,Charging (grid),1,2.010217902711639,0.0,246.1805859848479,false
1,31,15:30,89,06:00,58,1,,Charging (grid),1,2.010217902711639,0.0,246.6580127367419,false
1,31,15:30,90,06:15,59,1,,Charging (grid),1,2.010217902711639,0.0,247.1354394886359,false
1,31,15:30,91,06:30,60,1,,Charging (grid),1,2.010217902711639,0.0,247.61286624052994,false
1,31,15:30,92,06:45,61,1,,Charging (grid),1,2.010217902711639,0.0,248.09029299242394,false
1,31,15:30,93,07:00,62,1,,Charging (grid),1,2.010217902711639,0.0,248.56771974431797,false
1,31,15:30,94,07:15,63,1,,Charging (grid),1,2.010217902711639,0.0,249.04514649621197,false
1,31,15:30,95,07:30,64,1,,Charging (grid),1,2.010217902711639,0.0,249.52257324810597,false
1,31,15:30,96,07:45,65,1,,Charging (grid),1,2.0102179027117018,0.0,250.0,false
1,32,15:45,32,15:45,0,1,,Idle,2,0.0,0.0,242.56767040705813,true
1,32,15:45,33,16:00,1,1,,Serving CEV,2,0.0,8.0,240.4624072491634,true
1,32,15:45,34,16:15,2,1,,Idle,2,0.0,0.0,240.4624072491633,false
1,32,15:45,35,16:30,3,1,,Idle,2,0.0,0.0,240.4624072491633,false
1,32,15:45,36,16:45,4,1,,Idle,2,0.0,0.0,240.4624072491633,false
1,32,15:45,37,17:00,5,1,,Serving CEV,2,0.0,8.0,238.35714409126857,false
1,32,15:45,38,17:15,6,1,,Serving CEV,2,0.0,8.0,236.25188093337383,false
1,32,15:45,39,17:30,7,1,,Serving CEV,2,0.0,8.0,234.1466177754791,false
1,32,15:45,40,17:45,8,1,,Serving CEV,2,0.0,8.0,232.04135461758435,false
1,32,15:45,41,18:00,9,1,,Serving CEV,2,0.0,0.4758961887283831,231.9161187784453,true
1,32,15:45,42,18:15,10,1,,Serving CEV,2,0.0,8.0,229.81085562055057,true
1,32,15:45,43,18:30,11,1,,Idle,2,0.0,0.0,229.81085562055057,false
1,32,15:45,44,18:45,12,1,,Idle,2,0.0,0.0,229.81085562055057,false
1,32,15:45,45,19:00,13,1,,Idle,2,0.0,0.0,229.81085562055057,false
1,32,15:45,46,19:15,14,1,,Traveling,Transit,0.0,0.0,229.81085562055057,true
1,32,15:45,47,19:30,15,1,,Idle,1,0.0,0.0,229.81085562055057,false
1,32,15:45,48,19:45,16,1,,Idle,1,0.0,0.0,229.81085562055057,true
1,32,15:45,49,20:00,17,1,,Idle,1,-0.0,0.0,229.81085562055057,false
1,32,15:45,50,20:15,18,1,,Idle,1,-0.0,0.0,229.81085562055057,false
1,32,15:45,51,20:30,19,1,,Idle,1,-0.0,0.0,229.81085562055057,false
1,32,15:45,52,20:45,20,1,,Idle,1,-0.0,0.0,229.81085562055057,false
1,32,15:45,53,21:00,21,1,,Charging (grid),1,2.010217902711639,0.0,230.28828237244457,false
1,32,15:45,54,21:15,22,1,,Charging (grid),1,2.010217902711639,0.0,230.7657091243386,false
1,32,15:45,55,21:30,23,1,,Charging (grid),1,2.010217902711639,0.0,231.2431358762326,false
1,32,15:45,56,21:45,24,1,,Charging (grid),1,2.010217902711639,0.0,231.72056262812663,false
1,32,15:45,57,22:00,25,1,,Charging (grid),1,2.010217902711639,0.0,232.19798938002063,false
1,32,15:45,58,22:15,26,1,,Charging (grid),1,2.010217902711639,0.0,232.67541613191466,false
1,32,15:45,59,22:30,27,1,,Charging (grid),1,2.010217902711639,0.0,233.15284288380866,false
1,32,15:45,60,22:45,28,1,,Charging (grid),1,2.010217902711639,0.0,233.63026963570266,false
1,32,15:45,61,23:00,29,1,,Charging (grid),1,0.5777717890561307,0.0,233.7674904356035,true
1,32,15:45,62,23:15,30,1,,Charging (grid),1,2.010217902711639,0.0,234.2449171874975,false
1,32,15:45,63,23:30,31,1,,Charging (grid),1,2.010217902711639,0.0,234.72234393939155,false
1,32,15:45,64,23:45,32,1,,Idle,1,0.0,0.0,234.72234393939155,false
1,32,15:45,65,00:00,33,1,,Charging (grid),1,2.010217902711639,0.0,235.19977069128555,false
1,32,15:45,66,00:15,34,1,,Charging (grid),1,2.010217902711639,0.0,235.67719744317955,false
1,32,15:45,67,00:30,35,1,,Charging (grid),1,2.010217902711639,0.0,236.15462419507358,false
1,32,15:45,68,00:45,36,1,,Charging (grid),1,2.010217902711639,0.0,236.63205094696758,false
1,32,15:45,69,01:00,37,1,,Charging (grid),1,2.010217902711639,0.0,237.10947769886158,false
1,32,15:45,70,01:15,38,1,,Charging (grid),1,2.010217902711639,0.0,237.5869044507556,false
1,32,15:45,71,01:30,39,1,,Charging (grid),1,2.010217902711639,0.0,238.0643312026496,false
1,32,15:45,72,01:45,40,1,,Charging (grid),1,2.010217902711639,0.0,238.54175795454364,false
1,32,15:45,73,02:00,41,1,,Charging (grid),1,2.010217902711639,0.0,239.01918470643764,false
1,32,15:45,74,02:15,42,1,,Charging (grid),1,2.010217902711639,0.0,239.49661145833164,false
1,32,15:45,75,02:30,43,1,,Charging (grid),1,2.010217902711639,0.0,239.97403821022564,false
1,32,15:45,76,02:45,44,1,,Charging (grid),1,2.010217902711639,0.0,240.45146496211967,false
1,32,15:45,77,03:00,45,1,,Charging (grid),1,2.010217902711639,0.0,240.92889171401367,false
1,32,15:45,78,03:15,46,1,,Charging (grid),1,2.010217902711639,0.0,241.4063184659077,false
1,32,15:45,79,03:30,47,1,,Charging (grid),1,2.010217902711639,0.0,241.8837452178017,false
1,32,15:45,80,03:45,48,1,,Charging (grid),1,2.010217902711639,0.0,242.36117196969576,false
1,32,15:45,81,04:00,49,1,,Charging (grid),1,2.010217902711639,0.0,242.83859872158976,false
1,32,15:45,82,04:15,50,1,,Charging (grid),1,2.010217902711639,0.0,243.3160254734838,false
1,32,15:45,83,04:30,51,1,,Charging (grid),1,2.010217902711639,0.0,243.7934522253778,false
1,32,15:45,84,04:45,52,1,,Charging (grid),1,2.010217902711639,0.0,244.2708789772718,false
1,32,15:45,85,05:00,53,1,,Charging (grid),1,2.010217902711639,0.0,244.74830572916585,false
1,32,15:45,86,05:15,54,1,,Charging (grid),1,2.010217902711639,0.0,245.22573248105985,false
1,32,15:45,87,05:30,55,1,,Charging (grid),1,2.010217902711639,0.0,245.70315923295388,false
1,32,15:45,88,05:45,56,1,,Charging (grid),1,2.010217902711639,0.0,246.18058598484788,false
1,32,15:45,89,06:00,57,1,,Charging (grid),1,2.010217902711639,0.0,246.6580127367419,false
1,32,15:45,90,06:15,58,1,,Charging (grid),1,2.010217902711639,0.0,247.1354394886359,false
1,32,15:45,91,06:30,59,1,,Charging (grid),1,2.010217902711639,0.0,247.61286624052994,false
1,32,15:45,92,06:45,60,1,,Charging (grid),1,2.010217902711639,0.0,248.09029299242394,false
1,32,15:45,93,07:00,61,1,,Charging (grid),1,2.010217902711639,0.0,248.56771974431794,false
1,32,15:45,94,07:15,62,1,,Charging (grid),1,2.010217902711639,0.0,249.04514649621197,false
1,32,15:45,95,07:30,63,1,,Charging (grid),1,2.010217902711639,0.0,249.52257324810597,false
1,32,15:45,96,07:45,64,1,,Charging (grid),1,2.0102179027117018,0.0,250.0,false
1,33,16:00,33,16:00,0,1,,Serving CEV,2,0.0,1.0193886668599743,242.29941023156866,true
1,33,16:00,34,16:15,1,1,,Idle,2,0.0,0.0,242.29941023156866,false
1,33,16:00,35,16:30,2,1,,Idle,2,0.0,0.0,242.29941023156866,false
1,33,16:00,36,16:45,3,1,,Idle,2,0.0,0.0,242.29941023156866,false
1,33,16:00,37,17:00,4,1,,Serving CEV,2,0.0,8.0,240.19414707367392,false
1,33,16:00,38,17:15,5,1,,Serving CEV,2,0.0,8.0,238.0888839157792,false
1,33,16:00,39,17:30,6,1,,Serving CEV,2,0.0,8.0,235.98362075788447,false
1,33,16:00,40,17:45,7,1,,Serving CEV,2,0.0,8.0,233.87835759998973,false
1,33,16:00,41,18:00,8,1,,Serving CEV,2,0.0,8.0,231.773094442095,true
1,33,16:00,42,18:15,9,1,,Serving CEV,2,0.0,8.0,229.66783128420025,false
1,33,16:00,43,18:30,10,1,,Idle,2,0.0,0.0,229.66783128420025,false
1,33,16:00,44,18:45,11,1,,Idle,2,0.0,0.0,229.66783128420025,false
1,33,16:00,45,19:00,12,1,,Idle,2,0.0,0.0,229.66783128420025,false
1,33,16:00,46,19:15,13,1,,Idle,2,0.0,0.0,229.66783128420025,true
1,33,16:00,47,19:30,14,1,,Traveling,Transit,0.0,0.0,229.66783128420025,true
1,33,16:00,48,19:45,15,1,,Idle,1,0.0,0.0,229.66783128420025,false
1,33,16:00,49,20:00,16,1,,Idle,1,-0.0,0.0,229.66783128420025,false
1,33,16:00,50,20:15,17,1,,Idle,1,-0.0,0.0,229.66783128420025,false
1,33,16:00,51,20:30,18,1,,Idle,1,-0.0,0.0,229.66783128420025,false
1,33,16:00,52,20:45,19,1,,Idle,1,-0.0,0.0,229.66783128420025,false
1,33,16:00,53,21:00,20,1,,Charging (grid),1,2.010217902711639,0.0,230.14525803609428,false
1,33,16:00,54,21:15,21,1,,Charging (grid),1,2.010217902711639,0.0,230.62268478798828,false
1,33,16:00,55,21:30,22,1,,Charging (grid),1,2.010217902711639,0.0,231.1001115398823,false
1,33,16:00,56,21:45,23,1,,Charging (grid),1,2.010217902711639,0.0,231.5775382917763,false
1,33,16:00,57,22:00,24,1,,Charging (grid),1,2.010217902711639,0.0,232.05496504367034,false
1,33,16:00,58,22:15,25,1,,Charging (grid),1,2.010217902711639,0.0,232.53239179556434,false
1,33,16:00,59,22:30,26,1,,Charging (grid),1,2.010217902711639,0.0,233.00981854745837,false
1,33,16:00,60,22:45,27,1,,Charging (grid),1,2.010217902711639,0.0,233.48724529935237,false
1,33,16:00,61,23:00,28,1,,Charging (grid),1,1.1799795210578468,0.0,233.7674904356036,true
1,33,16:00,62,23:15,29,1,,Charging (grid),1,2.010217902711639,0.0,234.24491718749763,false
1,33,16:00,63,23:30,30,1,,Charging (grid),1,2.010217902711639,0.0,234.72234393939164,false
1,33,16:00,64,23:45,31,1,,Idle,1,0.0,0.0,234.72234393939164,false
1,33,16:00,65,00:00,32,1,,Charging (grid),1,2.010217902711639,0.0,235.19977069128564,false
1,33,16:00,66,00:15,33,1,,Charging (grid),1,2.010217902711639,0.0,235.67719744317967,false
1,33,16:00,67,00:30,34,1,,Charging (grid),1,2.010217902711639,0.0,236.15462419507367,false
1,33,16:00,68,00:45,35,1,,Charging (grid),1,2.010217902711639,0.0,236.6320509469677,false
1,33,16:00,69,01:00,36,1,,Charging (grid),1,2.010217902711639,0.0,237.1094776988617,false
1,33,16:00,70,01:15,37,1,,Charging (grid),1,2.010217902711639,0.0,237.58690445075572,false
1,33,16:00,71,01:30,38,1,,Charging (grid),1,2.010217902711639,0.0,238.06433120264973,false
1,33,16:00,72,01:45,39,1,,Charging (grid),1,2.010217902711639,0.0,238.54175795454375,false
1,33,16:00,73,02:00,40,1,,Charging (grid),1,2.010217902711639,0.0,239.01918470643776,false
1,33,16:00,74,02:15,41,1,,Charging (grid),1,2.010217902711639,0.0,239.49661145833178,false
1,33,16:00,75,02:30,42,1,,Charging (grid),1,2.010217902711639,0.0,239.97403821022579,false
1,33,16:00,76,02:45,43,1,,Charging (grid),1,2.010217902711639,0.0,240.4514649621198,false
1,33,16:00,77,03:00,44,1,,Charging (grid),1,2.010217902711639,0.0,240.92889171401382,false
1,33,16:00,78,03:15,45,1,,Charging (grid),1,2.010217902711639,0.0,241.40631846590782,false
1,33,16:00,79,03:30,46,1,,Charging (grid),1,2.010217902711639,0.0,241.88374521780176,false
1,33,16:00,80,03:45,47,1,,Charging (grid),1,2.010217902711639,0.0,242.36117196969576,false
1,33,16:00,81,04:00,48,1,,Charging (grid),1,2.010217902711639,0.0,242.8385987215898,false
1,33,16:00,82,04:15,49,1,,Charging (grid),1,2.010217902711639,0.0,243.3160254734838,false
1,33,16:00,83,04:30,50,1,,Charging (grid),1,2.010217902711639,0.0,243.79345222537782,false
1,33,16:00,84,04:45,51,1,,Charging (grid),1,2.010217902711639,0.0,244.27087897727182,false
1,33,16:00,85,05:00,52,1,,Charging (grid),1,2.010217902711639,0.0,244.74830572916582,false
1,33,16:00,86,05:15,53,1,,Charging (grid),1,2.010217902711639,0.0,245.22573248105985,false
1,33,16:00,87,05:30,54,1,,Charging (grid),1,2.010217902711639,0.0,245.70315923295385,false
1,33,16:00,88,05:45,55,1,,Charging (grid),1,2.010217902711639,0.0,246.18058598484788,false
1,33,16:00,89,06:00,56,1,,Charging (grid),1,2.010217902711639,0.0,246.65801273674188,false
1,33,16:00,90,06:15,57,1,,Charging (grid),1,2.010217902711639,0.0,247.1354394886359,false
1,33,16:00,91,06:30,58,1,,Charging (grid),1,2.010217902711639,0.0,247.6128662405299,false
1,33,16:00,92,06:45,59,1,,Charging (grid),1,2.010217902711639,0.0,248.09029299242394,false
1,33,16:00,93,07:00,60,1,,Charging (grid),1,2.010217902711639,0.0,248.56771974431794,false
1,33,16:00,94,07:15,61,1,,Charging (grid),1,2.010217902711639,0.0,249.04514649621197,false
1,33,16:00,95,07:30,62,1,,Charging (grid),1,2.010217902711639,0.0,249.52257324810597,false
1,33,16:00,96,07:45,63,1,,Charging (grid),1,2.0102179027117018,0.0,250.0,false
1,34,16:15,34,16:15,0,1,,Idle,2,0.0,0.0,242.2994102315687,false
1,34,16:15,35,16:30,1,1,,Idle,2,0.0,0.0,242.2994102315687,false
1,34,16:15,36,16:45,2,1,,Idle,2,0.0,0.0,242.2994102315687,false
1,34,16:15,37,17:00,3,1,,Serving CEV,2,0.0,8.0,240.19414707367395,false
1,34,16:15,38,17:15,4,1,,Serving CEV,2,0.0,8.0,238.0888839157792,false
1,34,16:15,39,17:30,5,1,,Serving CEV,2,0.0,8.0,235.98362075788447,false
1,34,16:15,40,17:45,6,1,,Serving CEV,2,0.0,8.0,233.87835759998973,false
1,34,16:15,41,18:00,7,1,,Serving CEV,2,0.0,8.0,231.773094442095,false
1,34,16:15,42,18:15,8,1,,Serving CEV,2,0.0,7.999999999999998,229.66783128420025,false
1,34,16:15,43,18:30,9,1,,Traveling,Transit,0.0,1.495879443705474e-14,229.66783128420025,true
1,34,16:15,44,18:45,10,1,,Idle,1,0.0,0.0,229.66783128420025,false
1,34,16:15,45,19:00,11,1,,Idle,1,0.0,0.0,229.66783128420025,false
1,34,16:15,46,19:15,12,1,,Idle,1,0.0,0.0,229.66783128420025,false
1,34,16:15,47,19:30,13,1,,Idle,1,0.0,0.0,229.66783128420025,true
1,34,16:15,48,19:45,14,1,,Idle,1,0.0,0.0,229.66783128420025,false
1,34,16:15,49,20:00,15,1,,Idle,1,-0.0,0.0,229.66783128420025,false
1,34,16:15,50,20:15,16,1,,Idle,1,-0.0,0.0,229.66783128420025,false
1,34,16:15,51,20:30,17,1,,Idle,1,-0.0,0.0,229.66783128420025,false
1,34,16:15,52,20:45,18,1,,Idle,1,-0.0,0.0,229.66783128420025,false
1,34,16:15,53,21:00,19,1,,Charging (grid),1,2.010217902711639,0.0,230.14525803609425,false
1,34,16:15,54,21:15,20,1,,Charging (grid),1,2.010217902711639,0.0,230.62268478798825,false
1,34,16:15,55,21:30,21,1,,Charging (grid),1,2.010217902711639,0.0,231.10011153988225,false
1,34,16:15,56,21:45,22,1,,Charging (grid),1,2.010217902711639,0.0,231.57753829177625,false
1,34,16:15,57,22:00,23,1,,Charging (grid),1,2.010217902711639,0.0,232.05496504367025,false
1,34,16:15,58,22:15,24,1,,Charging (grid),1,2.010217902711639,0.0,232.53239179556425,false
1,34,16:15,59,22:30,25,1,,Charging (grid),1,2.010217902711639,0.0,233.00981854745825,false
1,34,16:15,60,22:45,26,1,,Charging (grid),1,2.010217902711639,0.0,233.48724529935225,false
1,34,16:15,61,23:00,27,1,,Charging (grid),1,1.1799795210586845,0.0,233.7674904356037,false
1,34,16:15,62,23:15,28,1,,Charging (grid),1,2.010217902711639,0.0,234.2449171874977,false
1,34,16:15,63,23:30,29,1,,Charging (grid),1,2.010217902711639,0.0,234.7223439393917,false
1,34,16:15,64,23:45,30,1,,Idle,1,0.0,0.0,234.7223439393917,false
1,34,16:15,65,00:00,31,1,,Charging (grid),1,2.010217902711639,0.0,235.1997706912857,false
1,34,16:15,66,00:15,32,1,,Charging (grid),1,2.010217902711639,0.0,235.6771974431797,false
1,34,16:15,67,00:30,33,1,,Charging (grid),1,2.010217902711639,0.0,236.1546241950737,false
1,34,16:15,68,00:45,34,1,,Charging (grid),1,2.010217902711639,0.0,236.6320509469677,false
1,34,16:15,69,01:00,35,1,,Charging (grid),1,2.010217902711639,0.0,237.1094776988617,false
1,34,16:15,70,01:15,36,1,,Charging (grid),1,2.010217902711639,0.0,237.5869044507557,false
1,34,16:15,71,01:30,37,1,,Charging (grid),1,2.010217902711639,0.0,238.0643312026497,false
1,34,16:15,72,01:45,38,1,,Charging (grid),1,2.010217902711639,0.0,238.5417579545437,false
1,34,16:15,73,02:00,39,1,,Charging (grid),1,2.010217902711639,0.0,239.01918470643773,false
1,34,16:15,74,02:15,40,1,,Charging (grid),1,2.010217902711639,0.0,239.49661145833173,false
1,34,16:15,75,02:30,41,1,,Charging (grid),1,2.010217902711639,0.0,239.97403821022576,false
1,34,16:15,76,02:45,42,1,,Charging (grid),1,2.010217902711639,0.0,240.45146496211976,false
1,34,16:15,77,03:00,43,1,,Charging (grid),1,2.010217902711639,0.0,240.92889171401376,false
1,34,16:15,78,03:15,44,1,,Charging (grid),1,2.010217902711639,0.0,241.4063184659078,false
1,34,16:15,79,03:30,45,1,,Charging (grid),1,2.010217902711639,0.0,241.8837452178018,false
1,34,16:15,80,03:45,46,1,,Charging (grid),1,2.010217902711639,0.0,242.36117196969582,false
1,34,16:15,81,04:00,47,1,,Charging (grid),1,2.010217902711639,0.0,242.83859872158982,false
1,34,16:15,82,04:15,48,1,,Charging (grid),1,2.010217902711639,0.0,243.31602547348385,false
1,34,16:15,83,04:30,49,1,,Charging (grid),1,2.010217902711639,0.0,243.79345222537785,false
1,34,16:15,84,04:45,50,1,,Charging (grid),1,2.010217902711639,0.0,244.27087897727188,false
1,34,16:15,85,05:00,51,1,,Charging (grid),1,2.010217902711639,0.0,244.74830572916588,false
1,34,16:15,86,05:15,52,1,,Charging (grid),1,2.010217902711639,0.0,245.22573248105988,false
1,34,16:15,87,05:30,53,1,,Charging (grid),1,2.010217902711639,0.0,245.7031592329539,false
1,34,16:15,88,05:45,54,1,,Charging (grid),1,2.010217902711639,0.0,246.1805859848479,false
1,34,16:15,89,06:00,55,1,,Charging (grid),1,2.010217902711639,0.0,246.65801273674194,false
1,34,16:15,90,06:15,56,1,,Charging (grid),1,2.010217902711639,0.0,247.13543948863594,false
1,34,16:15,91,06:30,57,1,,Charging (grid),1,2.010217902711639,0.0,247.61286624052997,false
1,34,16:15,92,06:45,58,1,,Charging (grid),1,2.010217902711639,0.0,248.09029299242397,false
1,34,16:15,93,07:00,59,1,,Charging (grid),1,2.010217902711639,0.0,248.56771974431797,false
1,34,16:15,94,07:15,60,1,,Charging (grid),1,2.010217902711639,0.0,249.04514649621197,false
1,34,16:15,95,07:30,61,1,,Charging (grid),1,2.010217902711639,0.0,249.52257324810597,false
1,34,16:15,96,07:45,62,1,,Charging (grid),1,2.0102179027117018,0.0,250.0,false
1,35,16:30,35,16:30,0,1,,Idle,2,0.0,0.0,242.2994102315687,false
1,35,16:30,36,16:45,1,1,,Idle,2,0.0,0.0,242.2994102315687,false
1,35,16:30,37,17:00,2,1,,Serving CEV,2,0.0,7.597837195246707,240.2999793907143,true
1,35,16:30,38,17:15,3,1,,Serving CEV,2,0.0,8.000000000000002,238.19471623281956,false
1,35,16:30,39,17:30,4,1,,Serving CEV,2,0.0,8.000000000000014,236.08945307492482,false
1,35,16:30,40,17:45,5,1,,Serving CEV,2,0.0,8.000000000000007,233.98418991703008,false
1,35,16:30,41,18:00,6,1,,Serving CEV,2,0.0,7.999999999999951,231.87892675913537,false
1,35,16:30,42,18:15,7,1,,Serving CEV,2,0.0,8.000000000000046,229.77366360124063,false
1,35,16:30,43,18:30,8,1,,Traveling,Transit,0.0,4.674623261579607e-14,229.77366360124063,false
1,35,16:30,44,18:45,9,1,,Idle,1,0.0,0.0,229.77366360124063,false
1,35,16:30,45,19:00,10,1,,Idle,1,0.0,0.0,229.77366360124063,false
1,35,16:30,46,19:15,11,1,,Idle,1,0.0,0.0,229.77366360124063,false
1,35,16:30,47,19:30,12,1,,Idle,1,0.0,0.0,229.77366360124063,false
1,35,16:30,48,19:45,13,1,,Idle,1,0.0,0.0,229.77366360124063,false
1,35,16:30,49,20:00,14,1,,Idle,1,-0.0,0.0,229.77366360124063,false
1,35,16:30,50,20:15,15,1,,Idle,1,-0.0,0.0,229.77366360124063,false
1,35,16:30,51,20:30,16,1,,Idle,1,-0.0,0.0,229.77366360124063,false
1,35,16:30,52,20:45,17,1,,Idle,1,-0.0,0.0,229.77366360124063,false
1,35,16:30,53,21:00,18,1,,Charging (grid),1,2.010217902711639,0.0,230.25109035313463,false
1,35,16:30,54,21:15,19,1,,Charging (grid),1,2.0102179027116396,0.0,230.72851710502863,false
1,35,16:30,55,21:30,20,1,,Charging (grid),1,2.010217902711639,0.0,231.20594385692263,false
1,35,16:30,56,21:45,21,1,,Charging (grid),1,2.010217902711639,0.0,231.68337060881663,false
1,35,16:30,57,22:00,22,1,,Charging (grid),1,2.010217902711645,0.0,232.16079736071066,false
1,35,16:30,58,22:15,23,1,,Charging (grid),1,2.010217902711645,0.0,232.6382241126047,false
1,35,16:30,59,22:30,24,1,,Charging (grid),1,2.010217902711639,0.0,233.1156508644987,false
1,35,16:30,60,22:45,25,1,,Charging (grid),1,2.010217902711639,0.0,233.5930776163927,false
1,35,16:30,61,23:00,26,1,,Charging (grid),1,0.7343697650988266,0.0,233.76749043560366,true
1,35,16:30,62,23:15,27,1,,Charging (grid),1,2.010217902711645,0.0,234.2449171874977,false
1,35,16:30,63,23:30,28,1,,Charging (grid),1,2.010217902711645,0.0,234.72234393939172,false
1,35,16:30,64,23:45,29,1,,Idle,1,0.0,0.0,234.72234393939172,false
1,35,16:30,65,00:00,30,1,,Charging (grid),1,2.010217902711639,0.0,235.19977069128572,false
1,35,16:30,66,00:15,31,1,,Charging (grid),1,2.010217902711639,0.0,235.67719744317972,false
1,35,16:30,67,00:30,32,1,,Charging (grid),1,2.010217902711645,0.0,236.15462419507375,false
1,35,16:30,68,00:45,33,1,,Charging (grid),1,2.010217902711639,0.0,236.63205094696775,false
1,35,16:30,69,01:00,34,1,,Charging (grid),1,2.010217902711639,0.0,237.10947769886175,false
1,35,16:30,70,01:15,35,1,,Charging (grid),1,2.010217902711639,0.0,237.58690445075575,false
1,35,16:30,71,01:30,36,1,,Charging (grid),1,2.010217902711639,0.0,238.06433120264975,false
1,35,16:30,72,01:45,37,1,,Charging (grid),1,2.010217902711639,0.0,238.54175795454375,false
1,35,16:30,73,02:00,38,1,,Charging (grid),1,2.010217902711639,0.0,239.01918470643776,false
1,35,16:30,74,02:15,39,1,,Charging (grid),1,2.010217902711639,0.0,239.49661145833176,false
1,35,16:30,75,02:30,40,1,,Charging (grid),1,2.010217902711639,0.0,239.97403821022576,false
1,35,16:30,76,02:45,41,1,,Charging (grid),1,2.010217902711645,0.0,240.4514649621198,false
1,35,16:30,77,03:00,42,1,,Charging (grid),1,2.010217902711639,0.0,240.9288917140138,false
1,35,16:30,78,03:15,43,1,,Charging (grid),1,2.010217902711639,0.0,241.4063184659078,false
1,35,16:30,79,03:30,44,1,,Charging (grid),1,2.010217902711639,0.0,241.8837452178018,false
1,35,16:30,80,03:45,45,1,,Charging (grid),1,2.010217902711639,0.0,242.3611719696958,false
1,35,16:30,81,04:00,46,1,,Charging (grid),1,2.010217902711645,0.0,242.83859872158982,false
1,35,16:30,82,04:15,47,1,,Charging (grid),1,2.010217902711639,0.0,243.31602547348382,false
1,35,16:30,83,04:30,48,1,,Charging (grid),1,2.010217902711639,0.0,243.79345222537782,false
1,35,16:30,84,04:45,49,1,,Charging (grid),1,2.010217902711639,0.0,244.27087897727182,false
1,35,16:30,85,05:00,50,1,,Charging (grid),1,2.010217902711645,0.0,244.74830572916585,false
1,35,16:30,86,05:15,51,1,,Charging (grid),1,2.010217902711639,0.0,245.22573248105985,false
1,35,16:30,87,05:30,52,1,,Charging (grid),1,2.010217902711639,0.0,245.70315923295385,false
1,35,16:30,88,05:45,53,1,,Charging (grid),1,2.010217902711639,0.0,246.18058598484785,false
1,35,16:30,89,06:00,54,1,,Charging (grid),1,2.010217902711645,0.0,246.65801273674188,false
1,35,16:30,90,06:15,55,1,,Charging (grid),1,2.010217902711645,0.0,247.1354394886359,false
1,35,16:30,91,06:30,56,1,,Charging (grid),1,2.010217902711639,0.0,247.6128662405299,false
1,35,16:30,92,06:45,57,1,,Charging (grid),1,2.010217902711639,0.0,248.0902929924239,false
1,35,16:30,93,07:00,58,1,,Charging (grid),1,2.010217902711645,0.0,248.56771974431794,false
1,35,16:30,94,07:15,59,1,,Charging (grid),1,2.010217902711639,0.0,249.04514649621194,false
1,35,16:30,95,07:30,60,1,,Charging (grid),1,2.010217902711645,0.0,249.52257324810597,false
1,35,16:30,96,07:45,61,1,,Charging (grid),1,2.0102179027117018,0.0,250.0,false
1,36,16:45,36,16:45,0,1,,Idle,2,0.0,0.0,242.2994102315687,false
1,36,16:45,37,17:00,1,1,,Serving CEV,2,0.0,8.0,240.19414707367395,true
1,36,16:45,38,17:15,2,1,,Serving CEV,2,0.0,8.0,238.0888839157792,false
1,36,16:45,39,17:30,3,1,,Serving CEV,2,0.0,8.0,235.98362075788447,false
1,36,16:45,40,17:45,4,1,,Serving CEV,2,0.0,8.0,233.87835759998976,false
1,36,16:45,41,18:00,5,1,,Serving CEV,2,0.0,8.0,231.77309444209502,false
1,36,16:45,42,18:15,6,1,,Serving CEV,2,0.0,8.0,229.66783128420028,false
1,36,16:45,43,18:30,7,1,,Serving CEV,2,0.0,0.4724565139934151,229.54350062262307,true
1,36,16:45,44,18:45,8,1,,Traveling,Transit,0.0,0.0,229.54350062262307,true
1,36,16:45,45,19:00,9,1,,Idle,1,0.0,0.0,229.54350062262307,false
1,36,16:45,46,19:15,10,1,,Idle,1,0.0,0.0,229.54350062262307,false
1,36,16:45,47,19:30,11,1,,Idle,1,0.0,0.0,229.54350062262307,false
1,36,16:45,48,19:45,12,1,,Idle,1,0.0,0.0,229.54350062262307,false
1,36,16:45,49,20:00,13,1,,Idle,1,-0.0,0.0,229.54350062262307,false
1,36,16:45,50,20:15,14,1,,Idle,1,-0.0,0.0,229.54350062262307,false
1,36,16:45,51,20:30,15,1,,Idle,1,-0.0,0.0,229.54350062262307,false
1,36,16:45,52,20:45,16,1,,Idle,1,-0.0,0.0,229.54350062262307,false
1,36,16:45,53,21:00,17,1,,Charging (grid),1,2.010217902711639,0.0,230.02092737451707,false
1,36,16:45,54,21:15,18,1,,Charging (grid),1,2.010217902711639,0.0,230.4983541264111,false
1,36,16:45,55,21:30,19,1,,Charging (grid),1,2.010217902711639,0.0,230.9757808783051,false
1,36,16:45,56,21:45,20,1,,Charging (grid),1,2.010217902711639,0.0,231.45320763019913,false
1,36,16:45,57,22:00,21,1,,Charging (grid),1,2.010217902711639,0.0,231.93063438209313,false
1,36,16:45,58,22:15,22,1,,Charging (grid),1,2.010217902711639,0.0,232.40806113398716,false
1,36,16:45,59,22:30,23,1,,Charging (grid),1,2.010217902711639,0.0,232.88548788588116,false
1,36,16:45,60,22:45,24,1,,Charging (grid),1,2.010217902711639,0.0,233.36291463777516,false
1,36,16:45,61,23:00,25,1,,Charging (grid),1,1.7034770434881765,0.0,233.7674904356036,true
1,36,16:45,62,23:15,26,1,,Charging (grid),1,2.010217902711639,0.0,234.2449171874976,false
1,36,16:45,63,23:30,27,1,,Charging (grid),1,2.010217902711639,0.0,234.72234393939164,false
1,36,16:45,64,23:45,28,1,,Idle,1,0.0,0.0,234.72234393939164,false
1,36,16:45,65,00:00,29,1,,Charging (grid),1,2.010217902711639,0.0,235.19977069128566,false
1,36,16:45,66,00:15,30,1,,Charging (grid),1,2.010217902711639,0.0,235.67719744317967,false
1,36,16:45,67,00:30,31,1,,Charging (grid),1,2.010217902711639,0.0,236.1546241950737,false
1,36,16:45,68,00:45,32,1,,Charging (grid),1,2.010217902711639,0.0,236.6320509469677,false
1,36,16:45,69,01:00,33,1,,Charging (grid),1,2.010217902711639,0.0,237.1094776988617,false
1,36,16:45,70,01:15,34,1,,Charging (grid),1,2.010217902711639,0.0,237.58690445075572,false
1,36,16:45,71,01:30,35,1,,Charging (grid),1,2.010217902711639,0.0,238.06433120264973,false
1,36,16:45,72,01:45,36,1,,Charging (grid),1,2.010217902711639,0.0,238.54175795454373,false
1,36,16:45,73,02:00,37,1,,Charging (grid),1,2.010217902711639,0.0,239.01918470643776,false
1,36,16:45,74,02:15,38,1,,Charging (grid),1,2.010217902711639,0.0,239.49661145833176,false
1,36,16:45,75,02:30,39,1,,Charging (grid),1,2.010217902711639,0.0,239.9740382102257,false
1,36,16:45,76,02:45,40,1,,Charging (grid),1,2.010217902711639,0.0,240.4514649621197,false
1,36,16:45,77,03:00,41,1,,Charging (grid),1,2.010217902711639,0.0,240.92889171401373,false
1,36,16:45,78,03:15,42,1,,Charging (grid),1,2.010217902711639,0.0,241.40631846590773,false
1,36,16:45,79,03:30,43,1,,Charging (grid),1,2.010217902711639,0.0,241.88374521780176,false
1,36,16:45,80,03:45,44,1,,Charging (grid),1,2.010217902711639,0.0,242.36117196969576,false
1,36,16:45,81,04:00,45,1,,Charging (grid),1,2.010217902711639,0.0,242.83859872158976,false
1,36,16:45,82,04:15,46,1,,Charging (grid),1,2.010217902711639,0.0,243.3160254734838,false
1,36,16:45,83,04:30,47,1,,Charging (grid),1,2.010217902711639,0.0,243.7934522253778,false
1,36,16:45,84,04:45,48,1,,Charging (grid),1,2.010217902711639,0.0,244.27087897727182,false
1,36,16:45,85,05:00,49,1,,Charging (grid),1,2.010217902711639,0.0,244.74830572916582,false
1,36,16:45,86,05:15,50,1,,Charging (grid),1,2.010217902711639,0.0,245.22573248105985,false
1,36,16:45,87,05:30,51,1,,Charging (grid),1,2.010217902711639,0.0,245.70315923295385,false
1,36,16:45,88,05:45,52,1,,Charging (grid),1,2.010217902711639,0.0,246.18058598484788,false
1,36,16:45,89,06:00,53,1,,Charging (grid),1,2.010217902711639,0.0,246.65801273674188,false
1,36,16:45,90,06:15,54,1,,Charging (grid),1,2.010217902711639,0.0,247.1354394886359,false
1,36,16:45,91,06:30,55,1,,Charging (grid),1,2.010217902711639,0.0,247.6128662405299,false
1,36,16:45,92,06:45,56,1,,Charging (grid),1,2.010217902711639,0.0,248.09029299242394,false
1,36,16:45,93,07:00,57,1,,Charging (grid),1,2.010217902711639,0.0,248.56771974431794,false
1,36,16:45,94,07:15,58,1,,Charging (grid),1,2.010217902711639,0.0,249.04514649621197,false
1,36,16:45,95,07:30,59,1,,Charging (grid),1,2.010217902711639,0.0,249.52257324810597,false
1,36,16:45,96,07:45,60,1,,Charging (grid),1,2.0102179027117018,0.0,250.0,false
1,37,17:00,37,17:00,0,1,,Serving CEV,2,0.0,8.0,240.19414707367395,false
1,37,17:00,38,17:15,1,1,,Serving CEV,2,0.0,8.000000000000012,238.0888839157792,false
1,37,17:00,39,17:30,2,1,,Serving CEV,2,0.0,8.0,235.98362075788447,false
1,37,17:00,40,17:45,3,1,,Serving CEV,2,0.0,7.999999999999863,233.87835759998976,false
1,37,17:00,41,18:00,4,1,,Serving CEV,2,0.0,8.0,231.77309444209502,false
1,37,17:00,42,18:15,5,1,,Serving CEV,2,0.0,1.1086801753099707,231.48133650122398,true
1,37,17:00,43,18:30,6,1,,Serving CEV,2,0.0,8.0,229.37607334332924,true
1,37,17:00,44,18:45,7,1,,Idle,2,0.0,1.3677947663381929e-13,229.3760733433292,true
1,37,17:00,45,19:00,8,1,,Traveling,Transit,0.0,0.0,229.3760733433292,true
1,37,17:00,46,19:15,9,1,,Idle,1,0.0,0.0,229.3760733433292,false
1,37,17:00,47,19:30,10,1,,Idle,1,0.0,0.0,229.3760733433292,false
1,37,17:00,48,19:45,11,1,,Idle,1,0.0,0.0,229.3760733433292,false
1,37,17:00,49,20:00,12,1,,Idle,1,-0.0,0.0,229.3760733433292,false
1,37,17:00,50,20:15,13,1,,Idle,1,-0.0,0.0,229.3760733433292,false
1,37,17:00,51,20:30,14,1,,Idle,1,-0.0,0.0,229.3760733433292,false
1,37,17:00,52,20:45,15,1,,Idle,1,-0.0,0.0,229.3760733433292,false
1,37,17:00,53,21:00,16,1,,Charging (grid),1,2.010217902711639,0.0,229.8535000952232,false
1,37,17:00,54,21:15,17,1,,Charging (grid),1,2.010217902711639,0.0,230.3309268471172,false
1,37,17:00,55,21:30,18,1,,Charging (grid),1,2.010217902711639,0.0,230.8083535990112,false
1,37,17:00,56,21:45,19,1,,Charging (grid),1,2.010217902711645,0.0,231.28578035090524,false
1,37,17:00,57,22:00,20,1,,Charging (grid),1,2.010217902711639,0.0,231.76320710279924,false
1,37,17:00,58,22:15,21,1,,Charging (grid),1,2.010217902711639,0.0,232.24063385469324,false
1,37,17:00,59,22:30,22,1,,Charging (grid),1,2.010217902711639,0.0,232.71806060658724,false
1,37,17:00,60,22:45,23,1,,Charging (grid),1,2.010217902711645,0.0,233.19548735848127,false
1,37,17:00,61,23:00,24,1,,Charging (grid),1,2.010217902711639,0.0,233.67291411037527,true
1,37,17:00,62,23:15,25,1,,Charging (grid),1,2.010217902711645,0.0,234.1503408622693,false
1,37,17:00,63,23:30,26,1,,Charging (grid),1,2.010217902711639,0.0,234.6277676141633,false
1,37,17:00,64,23:45,27,1,,Charging (grid),1,0.3982161062251515,0.0,234.72234393939178,true
1,37,17:00,65,00:00,28,1,,Charging (grid),1,2.010217902711639,0.0,235.19977069128578,false
1,37,17:00,66,00:15,29,1,,Charging (grid),1,2.010217902711639,0.0,235.67719744317978,false
1,37,17:00,67,00:30,30,1,,Charging (grid),1,2.010217902711645,0.0,236.1546241950738,false
1,37,17:00,68,00:45,31,1,,Charging (grid),1,2.010217902711639,0.0,236.6320509469678,false
1,37,17:00,69,01:00,32,1,,Charging (grid),1,2.010217902711639,0.0,237.1094776988618,false
1,37,17:00,70,01:15,33,1,,Charging (grid),1,2.010217902711639,0.0,237.5869044507558,false
1,37,17:00,71,01:30,34,1,,Charging (grid),1,2.010217902711639,0.0,238.0643312026498,false
1,37,17:00,72,01:45,35,1,,Charging (grid),1,2.010217902711645,0.0,238.54175795454384,false
1,37,17:00,73,02:00,36,1,,Charging (grid),1,2.010217902711639,0.0,239.01918470643784,false
1,37,17:00,74,02:15,37,1,,Charging (grid),1,2.010217902711639,0.0,239.49661145833184,false
1,37,17:00,75,02:30,38,1,,Charging (grid),1,2.010217902711639,0.0,239.97403821022584,false
1,37,17:00,76,02:45,39,1,,Charging (grid),1,2.010217902711639,0.0,240.45146496211984,false
1,37,17:00,77,03:00,40,1,,Charging (grid),1,2.010217902711639,0.0,240.92889171401384,false
1,37,17:00,78,03:15,41,1,,Charging (grid),1,2.010217902711639,0.0,241.40631846590784,false
1,37,17:00,79,03:30,42,1,,Charging (grid),1,2.010217902711645,0.0,241.88374521780187,false
1,37,17:00,80,03:45,43,1,,Charging (grid),1,2.010217902711639,0.0,242.36117196969587,false
1,37,17:00,81,04:00,44,1,,Charging (grid),1,2.010217902711639,0.0,242.83859872158988,false
1,37,17:00,82,04:15,45,1,,Charging (grid),1,2.010217902711639,0.0,243.31602547348388,false
1,37,17:00,83,04:30,46,1,,Charging (grid),1,2.010217902711639,0.0,243.79345222537788,false
1,37,17:00,84,04:45,47,1,,Charging (grid),1,2.010217902711645,0.0,244.2708789772719,false
1,37,17:00,85,05:00,48,1,,Charging (grid),1,2.010217902711639,0.0,244.7483057291659,false
1,37,17:00,86,05:15,49,1,,Charging (grid),1,2.010217902711639,0.0,245.2257324810599,false
1,37,17:00,87,05:30,50,1,,Charging (grid),1,2.010217902711639,0.0,245.7031592329539,false
1,37,17:00,88,05:45,51,1,,Charging (grid),1,2.010217902711645,0.0,246.18058598484794,false
1,37,17:00,89,06:00,52,1,,Charging (grid),1,2.010217902711639,0.0,246.65801273674194,false
1,37,17:00,90,06:15,53,1,,Charging (grid),1,2.010217902711639,0.0,247.13543948863594,false
1,37,17:00,91,06:30,54,1,,Charging (grid),1,2.010217902711639,0.0,247.61286624052994,false
1,37,17:00,92,06:45,55,1,,Charging (grid),1,2.010217902711639,0.0,248.09029299242394,false
1,37,17:00,93,07:00,56,1,,Charging (grid),1,2.010217902711645,0.0,248.56771974431797,false
1,37,17:00,94,07:15,57,1,,Charging (grid),1,2.010217902711639,0.0,249.04514649621197,false
1,37,17:00,95,07:30,58,1,,Charging (grid),1,2.010217902711639,0.0,249.52257324810597,false
1,37,17:00,96,07:45,59,1,,Charging (grid),1,2.0102179027117018,0.0,250.0,false
1,38,17:15,38,17:15,0,1,,Serving CEV,2,0.0,1.108680175309982,239.9023891328029,true
1,38,17:15,39,17:30,1,1,,Serving CEV,2,0.0,8.0,237.79712597490817,false
1,38,17:15,40,17:45,2,1,,Serving CEV,2,0.0,8.0,235.69186281701343,false
1,38,17:15,41,18:00,3,1,,Serving CEV,2,0.0,8.0,233.5865996591187,false
1,38,17:15,42,18:15,4,1,,Serving CEV,2,0.0,8.0,231.48133650122395,true
1,38,17:15,43,18:30,5,1,,Serving CEV,2,0.0,8.0,229.3760733433292,false
1,38,17:15,44,18:45,6,1,,Traveling,Transit,0.0,0.0,229.3760733433292,true
1,38,17:15,45,19:00,7,1,,Idle,1,0.0,0.0,229.3760733433292,true
1,38,17:15,46,19:15,8,1,,Idle,1,0.0,0.0,229.3760733433292,false
1,38,17:15,47,19:30,9,1,,Idle,1,0.0,0.0,229.3760733433292,false
1,38,17:15,48,19:45,10,1,,Idle,1,0.0,0.0,229.3760733433292,false
1,38,17:15,49,20:00,11,1,,Idle,1,-0.0,0.0,229.3760733433292,false
1,38,17:15,50,20:15,12,1,,Idle,1,-0.0,0.0,229.3760733433292,false
1,38,17:15,51,20:30,13,1,,Idle,1,-0.0,0.0,229.3760733433292,false
1,38,17:15,52,20:45,14,1,,Idle,1,-0.0,0.0,229.3760733433292,false
1,38,17:15,53,21:00,15,1,,Charging (grid),1,2.010217902711639,0.0,229.8535000952232,false
1,38,17:15,54,21:15,16,1,,Charging (grid),1,2.010217902711639,0.0,230.3309268471172,false
1,38,17:15,55,21:30,17,1,,Charging (grid),1,2.010217902711639,0.0,230.8083535990112,false
1,38,17:15,56,21:45,18,1,,Charging (grid),1,2.010217902711639,0.0,231.2857803509052,false
1,38,17:15,57,22:00,19,1,,Charging (grid),1,2.010217902711639,0.0,231.7632071027992,false
1,38,17:15,58,22:15,20,1,,Charging (grid),1,2.010217902711639,0.0,232.24063385469321,false
1,38,17:15,59,22:30,21,1,,Charging (grid),1,2.010217902711639,0.0,232.71806060658722,false
1,38,17:15,60,22:45,22,1,,Charging (grid),1,2.010217902711639,0.0,233.19548735848122,false
1,38,17:15,61,23:00,23,1,,Charging (grid),1,2.010217902711639,0.0,233.67291411037522,false
1,38,17:15,62,23:15,24,1,,Charging (grid),1,2.010217902711639,0.0,234.15034086226922,false
1,38,17:15,63,23:30,25,1,,Charging (grid),1,2.010217902711639,0.0,234.62776761416322,false
1,38,17:15,64,23:45,26,1,,Charging (grid),1,0.39821610622622855,0.0,234.72234393939195,false
1,38,17:15,65,00:00,27,1,,Charging (grid),1,2.010217902711639,0.0,235.19977069128595,false
1,38,17:15,66,00:15,28,1,,Charging (grid),1,2.010217902711639,0.0,235.67719744317995,false
1,38,17:15,67,00:30,29,1,,Charging (grid),1,2.010217902711639,0.0,236.15462419507395,false
1,38,17:15,68,00:45,30,1,,Charging (grid),1,2.010217902711639,0.0,236.63205094696795,false
1,38,17:15,69,01:00,31,1,,Charging (grid),1,2.010217902711639,0.0,237.10947769886195,false
1,38,17:15,70,01:15,32,1,,Charging (grid),1,2.010217902711639,0.0,237.58690445075595,false
1,38,17:15,71,01:30,33,1,,Charging (grid),1,2.010217902711639,0.0,238.06433120264995,false
1,38,17:15,72,01:45,34,1,,Charging (grid),1,2.010217902711639,0.0,238.54175795454395,false
1,38,17:15,73,02:00,35,1,,Charging (grid),1,2.010217902711639,0.0,239.01918470643795,false
1,38,17:15,74,02:15,36,1,,Charging (grid),1,2.010217902711639,0.0,239.49661145833196,false
1,38,17:15,75,02:30,37,1,,Charging (grid),1,2.010217902711639,0.0,239.97403821022596,false
1,38,17:15,76,02:45,38,1,,Charging (grid),1,2.010217902711639,0.0,240.45146496211996,false
1,38,17:15,77,03:00,39,1,,Charging (grid),1,2.010217902711639,0.0,240.92889171401396,false
1,38,17:15,78,03:15,40,1,,Charging (grid),1,2.010217902711639,0.0,241.40631846590796,false
1,38,17:15,79,03:30,41,1,,Charging (grid),1,2.010217902711639,0.0,241.88374521780196,false
1,38,17:15,80,03:45,42,1,,Charging (grid),1,2.010217902711639,0.0,242.36117196969596,false
1,38,17:15,81,04:00,43,1,,Charging (grid),1,2.010217902711639,0.0,242.83859872158996,false
1,38,17:15,82,04:15,44,1,,Charging (grid),1,2.010217902711639,0.0,243.31602547348396,false
1,38,17:15,83,04:30,45,1,,Charging (grid),1,2.010217902711639,0.0,243.79345222537796,false
1,38,17:15,84,04:45,46,1,,Charging (grid),1,2.010217902711639,0.0,244.27087897727196,false
1,38,17:15,85,05:00,47,1,,Charging (grid),1,2.010217902711639,0.0,244.74830572916596,false
1,38,17:15,86,05:15,48,1,,Charging (grid),1,2.010217902711639,0.0,245.22573248105996,false
1,38,17:15,87,05:30,49,1,,Charging (grid),1,2.010217902711639,0.0,245.70315923295396,false
1,38,17:15,88,05:45,50,1,,Charging (grid),1,2.010217902711639,0.0,246.18058598484797,false
1,38,17:15,89,06:00,51,1,,Charging (grid),1,2.010217902711639,0.0,246.65801273674197,false
1,38,17:15,90,06:15,52,1,,Charging (grid),1,2.010217902711639,0.0,247.13543948863597,false
1,38,17:15,91,06:30,53,1,,Charging (grid),1,2.010217902711639,0.0,247.61286624052997,false
1,38,17:15,92,06:45,54,1,,Charging (grid),1,2.010217902711639,0.0,248.09029299242397,false
1,38,17:15,93,07:00,55,1,,Charging (grid),1,2.010217902711639,0.0,248.56771974431797,false
1,38,17:15,94,07:15,56,1,,Charging (grid),1,2.010217902711639,0.0,249.04514649621197,false
1,38,17:15,95,07:30,57,1,,Charging (grid),1,2.010217902711639,0.0,249.52257324810597,false
1,38,17:15,96,07:45,58,1,,Charging (grid),1,2.0102179027117018,0.0,250.0,false
1,39,17:30,39,17:30,0,1,,Serving CEV,2,0.0,8.0,237.79712597490817,false
1,39,17:30,40,17:45,1,1,,Serving CEV,2,0.0,8.0,235.69186281701343,false
1,39,17:30,41,18:00,2,1,,Serving CEV,2,0.0,8.0,233.5865996591187,false
1,39,17:30,42,18:15,3,1,,Serving CEV,2,0.0,8.000000000000025,231.48133650122395,false
1,39,17:30,43,18:30,4,1,,Serving CEV,2,0.0,7.999999999999983,229.3760733433292,false
1,39,17:30,44,18:45,5,1,,Traveling,Transit,0.0,0.0,229.3760733433292,false
1,39,17:30,45,19:00,6,1,,Idle,1,0.0,0.0,229.3760733433292,false
1,39,17:30,46,19:15,7,1,,Idle,1,0.0,0.0,229.3760733433292,false
1,39,17:30,47,19:30,8,1,,Idle,1,0.0,0.0,229.3760733433292,false
1,39,17:30,48,19:45,9,1,,Idle,1,0.0,0.0,229.3760733433292,false
1,39,17:30,49,20:00,10,1,,Idle,1,-0.0,0.0,229.3760733433292,false
1,39,17:30,50,20:15,11,1,,Idle,1,-0.0,0.0,229.3760733433292,false
1,39,17:30,51,20:30,12,1,,Idle,1,-0.0,0.0,229.3760733433292,false
1,39,17:30,52,20:45,13,1,,Idle,1,-0.0,0.0,229.3760733433292,false
1,39,17:30,53,21:00,14,1,,Charging (grid),1,2.010217902711639,0.0,229.8535000952232,false
1,39,17:30,54,21:15,15,1,,Charging (grid),1,2.010217902711639,0.0,230.3309268471172,false
1,39,17:30,55,21:30,16,1,,Charging (grid),1,2.010217902711639,0.0,230.8083535990112,false
1,39,17:30,56,21:45,17,1,,Charging (grid),1,2.010217902711639,0.0,231.2857803509052,false
1,39,17:30,57,22:00,18,1,,Charging (grid),1,2.010217902711639,0.0,231.7632071027992,false
1,39,17:30,58,22:15,19,1,,Charging (grid),1,2.010217902711639,0.0,232.24063385469324,false
1,39,17:30,59,22:30,20,1,,Charging (grid),1,2.010217902711645,0.0,232.71806060658727,false
1,39,17:30,60,22:45,21,1,,Charging (grid),1,2.0102179027116334,0.0,233.19548735848127,false
1,39,17:30,61,23:00,22,1,,Charging (grid),1,2.010217902711639,0.0,233.67291411037527,false
1,39,17:30,62,23:15,23,1,,Charging (grid),1,2.010217902711639,0.0,234.15034086226927,false
1,39,17:30,63,23:30,24,1,,Charging (grid),1,2.010217902711639,0.0,234.6277676141633,false
1,39,17:30,64,23:45,25,1,,Charging (grid),1,0.3982161062241847,0.0,234.7223439393915,false
1,39,17:30,65,00:00,26,1,,Charging (grid),1,2.010217902711639,0.0,235.1997706912855,false
1,39,17:30,66,00:15,27,1,,Charging (grid),1,2.010217902711639,0.0,235.6771974431795,false
1,39,17:30,67,00:30,28,1,,Charging (grid),1,2.010217902711639,0.0,236.1546241950735,false
1,39,17:30,68,00:45,29,1,,Charging (grid),1,2.010217902711645,0.0,236.63205094696755,false
1,39,17:30,69,01:00,30,1,,Charging (grid),1,2.010217902711639,0.0,237.10947769886155,false
1,39,17:30,70,01:15,31,1,,Charging (grid),1,2.010217902711639,0.0,237.58690445075555,false
1,39,17:30,71,01:30,32,1,,Charging (grid),1,2.010217902711639,0.0,238.06433120264958,false
1,39,17:30,72,01:45,33,1,,Charging (grid),1,2.010217902711645,0.0,238.5417579545436,false
1,39,17:30,73,02:00,34,1,,Charging (grid),1,2.010217902711639,0.0,239.0191847064376,false
1,39,17:30,74,02:15,35,1,,Charging (grid),1,2.010217902711645,0.0,239.49661145833164,false
1,39,17:30,75,02:30,36,1,,Charging (grid),1,2.010217902711639,0.0,239.97403821022564,false
1,39,17:30,76,02:45,37,1,,Charging (grid),1,2.010217902711639,0.0,240.45146496211964,false
1,39,17:30,77,03:00,38,1,,Charging (grid),1,2.010217902711639,0.0,240.92889171401364,false
1,39,17:30,78,03:15,39,1,,Charging (grid),1,2.010217902711645,0.0,241.40631846590767,false
1,39,17:30,79,03:30,40,1,,Charging (grid),1,2.010217902711645,0.0,241.8837452178017,false
1,39,17:30,80,03:45,41,1,,Charging (grid),1,2.010217902711639,0.0,242.3611719696957,false
1,39,17:30,81,04:00,42,1,,Charging (grid),1,2.010217902711645,0.0,242.83859872158973,false
1,39,17:30,82,04:15,43,1,,Charging (grid),1,2.010217902711639,0.0,243.31602547348373,false
1,39,17:30,83,04:30,44,1,,Charging (grid),1,2.010217902711639,0.0,243.79345222537776,false
1,39,17:30,84,04:45,45,1,,Charging (grid),1,2.010217902711639,0.0,244.27087897727176,false
1,39,17:30,85,05:00,46,1,,Charging (grid),1,2.010217902711645,0.0,244.7483057291658,false
1,39,17:30,86,05:15,47,1,,Charging (grid),1,2.010217902711645,0.0,245.22573248105982,false
1,39,17:30,87,05:30,48,1,,Charging (grid),1,2.010217902711639,0.0,245.70315923295382,false
1,39,17:30,88,05:45,49,1,,Charging (grid),1,2.010217902711639,0.0,246.18058598484785,false
1,39,17:30,89,06:00,50,1,,Charging (grid),1,2.010217902711645,0.0,246.65801273674188,false
1,39,17:30,90,06:15,51,1,,Charging (grid),1,2.010217902711639,0.0,247.13543948863588,false
1,39,17:30,91,06:30,52,1,,Charging (grid),1,2.010217902711639,0.0,247.6128662405299,false
1,39,17:30,92,06:45,53,1,,Charging (grid),1,2.010217902711639,0.0,248.0902929924239,false
1,39,17:30,93,07:00,54,1,,Charging (grid),1,2.010217902711639,0.0,248.56771974431794,false
1,39,17:30,94,07:15,55,1,,Charging (grid),1,2.010217902711639,0.0,249.04514649621194,false
1,39,17:30,95,07:30,56,1,,Charging (grid),1,2.010217902711645,0.0,249.52257324810597,false
1,39,17:30,96,07:45,57,1,,Charging (grid),1,2.0102179027117018,0.0,250.0,false
1,40,17:45,40,17:45,0,1,,Serving CEV,2,0.0,8.0,235.69186281701343,false
1,40,17:45,41,18:00,1,1,,Serving CEV,2,0.0,8.0,233.5865996591187,false
1,40,17:45,42,18:15,2,1,,Serving CEV,2,0.0,8.000000000000043,231.48133650122395,false
1,40,17:45,43,18:30,3,1,,Serving CEV,2,0.0,8.000000000000043,229.3760733433292,false
1,40,17:45,44,18:45,4,1,,Idle,2,0.0,-3.3593994345441476e-14,229.3760733433292,true
1,40,17:45,45,19:00,5,1,,Idle,2,0.0,0.0,229.3760733433292,false
1,40,17:45,46,19:15,6,1,,Traveling,Transit,0.0,0.0,229.3760733433292,true
1,40,17:45,47,19:30,7,1,,Idle,1,0.0,0.0,229.3760733433292,false
1,40,17:45,48,19:45,8,1,,Idle,1,0.0,0.0,229.3760733433292,false
1,40,17:45,49,20:00,9,1,,Idle,1,-0.0,0.0,229.3760733433292,false
1,40,17:45,50,20:15,10,1,,Idle,1,-0.0,0.0,229.3760733433292,false
1,40,17:45,51,20:30,11,1,,Idle,1,-0.0,0.0,229.3760733433292,false
1,40,17:45,52,20:45,12,1,,Idle,1,-0.0,0.0,229.3760733433292,false
1,40,17:45,53,21:00,13,1,,Charging (grid),1,2.010217902711638,0.0,229.8535000952232,false
1,40,17:45,54,21:15,14,1,,Charging (grid),1,2.010217902711639,0.0,230.3309268471172,false
1,40,17:45,55,21:30,15,1,,Charging (grid),1,2.010217902711645,0.0,230.80835359901124,false
1,40,17:45,56,21:45,16,1,,Charging (grid),1,2.010217902711639,0.0,231.28578035090524,false
1,40,17:45,57,22:00,17,1,,Charging (grid),1,2.010217902711639,0.0,231.76320710279924,false
1,40,17:45,58,22:15,18,1,,Charging (grid),1,2.010217902711639,0.0,232.24063385469324,false
1,40,17:45,59,22:30,19,1,,Charging (grid),1,2.010217902711639,0.0,232.71806060658727,false
1,40,17:45,60,22:45,20,1,,Charging (grid),1,2.010217902711645,0.0,233.1954873584813,false
1,40,17:45,61,23:00,21,1,,Charging (grid),1,2.010217902711639,0.0,233.6729141103753,false
1,40,17:45,62,23:15,22,1,,Charging (grid),1,2.010217902711638,0.0,234.1503408622693,false
1,40,17:45,63,23:30,23,1,,Charging (grid),1,2.010217902711639,0.0,234.6277676141633,false
1,40,17:45,64,23:45,24,1,,Charging (grid),1,0.3982161062236398,0.0,234.72234393939144,false
1,40,17:45,65,00:00,25,1,,Charging (grid),1,2.010217902711645,0.0,235.19977069128547,false
1,40,17:45,66,00:15,26,1,,Charging (grid),1,2.010217902711639,0.0,235.67719744317947,false
1,40,17:45,67,00:30,27,1,,Charging (grid),1,2.010217902711639,0.0,236.15462419507347,false
1,40,17:45,68,00:45,28,1,,Charging (grid),1,2.010217902711639,0.0,236.6320509469675,false
1,40,17:45,69,01:00,29,1,,Charging (grid),1,2.010217902711639,0.0,237.1094776988615,false
1,40,17:45,70,01:15,30,1,,Charging (grid),1,2.010217902711639,0.0,237.5869044507555,false
1,40,17:45,71,01:30,31,1,,Charging (grid),1,2.010217902711639,0.0,238.0643312026495,false
1,40,17:45,72,01:45,32,1,,Charging (grid),1,2.010217902711639,0.0,238.5417579545435,false
1,40,17:45,73,02:00,33,1,,Charging (grid),1,2.010217902711639,0.0,239.0191847064375,false
1,40,17:45,74,02:15,34,1,,Charging (grid),1,2.010217902711645,0.0,239.49661145833156,false
1,40,17:45,75,02:30,35,1,,Charging (grid),1,2.010217902711645,0.0,239.9740382102256,false
1,40,17:45,76,02:45,36,1,,Charging (grid),1,2.010217902711639,0.0,240.4514649621196,false
1,40,17:45,77,03:00,37,1,,Charging (grid),1,2.010217902711639,0.0,240.9288917140136,false
1,40,17:45,78,03:15,38,1,,Charging (grid),1,2.010217902711639,0.0,241.4063184659076,false
1,40,17:45,79,03:30,39,1,,Charging (grid),1,2.010217902711645,0.0,241.88374521780165,false
1,40,17:45,80,03:45,40,1,,Charging (grid),1,2.010217902711639,0.0,242.36117196969565,false
1,40,17:45,81,04:00,41,1,,Charging (grid),1,2.010217902711645,0.0,242.83859872158968,false
1,40,17:45,82,04:15,42,1,,Charging (grid),1,2.010217902711639,0.0,243.31602547348368,false
1,40,17:45,83,04:30,43,1,,Charging (grid),1,2.010217902711638,0.0,243.7934522253777,false
1,40,17:45,84,04:45,44,1,,Charging (grid),1,2.010217902711639,0.0,244.2708789772717,false
1,40,17:45,85,05:00,45,1,,Charging (grid),1,2.010217902711645,0.0,244.74830572916574,false
1,40,17:45,86,05:15,46,1,,Charging (grid),1,2.010217902711639,0.0,245.22573248105974,false
1,40,17:45,87,05:30,47,1,,Charging (grid),1,2.010217902711639,0.0,245.70315923295374,false
1,40,17:45,88,05:45,48,1,,Charging (grid),1,2.010217902711639,0.0,246.18058598484777,false
1,40,17:45,89,06:00,49,1,,Charging (grid),1,2.010217902711639,0.0,246.65801273674177,false
1,40,17:45,90,06:15,50,1,,Charging (grid),1,2.010217902711645,0.0,247.1354394886358,false
1,40,17:45,91,06:30,51,1,,Charging (grid),1,2.010217902711639,0.0,247.6128662405298,false
1,40,17:45,92,06:45,52,1,,Charging (grid),1,2.010217902711639,0.0,248.09029299242383,false
1,40,17:45,93,07:00,53,1,,Charging (grid),1,2.010217902711639,0.0,248.56771974431783,false
1,40,17:45,94,07:15,54,1,,Charging (grid),1,2.010217902711645,0.0,249.04514649621186,false
1,40,17:45,95,07:30,55,1,,Charging (grid),1,2.010217902711645,0.0,249.52257324810594,false
1,40,17:45,96,07:45,56,1,,Charging (grid),1,2.0102179027117613,-5.428892297225513e-14,250.0,false
1,41,18:00,41,18:00,0,1,,Serving CEV,2,0.0,8.0,233.5865996591187,false
1,41,18:00,42,18:15,1,1,,Serving CEV,2,0.0,8.0,231.48133650122395,false
1,41,18:00,43,18:30,2,1,,Serving CEV,2,0.0,8.0,229.3760733433292,false
1,41,18:00,44,18:45,3,1,,Traveling,Transit,0.0,0.0,229.3760733433292,true
1,41,18:00,45,19:00,4,1,,Idle,1,0.0,0.0,229.3760733433292,false
1,41,18:00,46,19:15,5,1,,Idle,1,0.0,0.0,229.3760733433292,true
1,41,18:00,47,19:30,6,1,,Idle,1,0.0,0.0,229.3760733433292,false
1,41,18:00,48,19:45,7,1,,Idle,1,0.0,0.0,229.3760733433292,false
1,41,18:00,49,20:00,8,1,,Idle,1,-0.0,0.0,229.3760733433292,false
1,41,18:00,50,20:15,9,1,,Idle,1,-0.0,0.0,229.3760733433292,false
1,41,18:00,51,20:30,10,1,,Idle,1,-0.0,0.0,229.3760733433292,false
1,41,18:00,52,20:45,11,1,,Idle,1,-0.0,0.0,229.3760733433292,false
1,41,18:00,53,21:00,12,1,,Charging (grid),1,2.010217902711639,0.0,229.8535000952232,false
1,41,18:00,54,21:15,13,1,,Charging (grid),1,2.010217902711639,0.0,230.3309268471172,false
1,41,18:00,55,21:30,14,1,,Charging (grid),1,2.010217902711639,0.0,230.8083535990112,false
1,41,18:00,56,21:45,15,1,,Charging (grid),1,2.010217902711639,0.0,231.2857803509052,false
1,41,18:00,57,22:00,16,1,,Charging (grid),1,2.010217902711639,0.0,231.7632071027992,false
1,41,18:00,58,22:15,17,1,,Charging (grid),1,2.010217902711639,0.0,232.24063385469321,false
1,41,18:00,59,22:30,18,1,,Charging (grid),1,2.010217902711639,0.0,232.71806060658722,false
1,41,18:00,60,22:45,19,1,,Charging (grid),1,2.010217902711639,0.0,233.19548735848122,false
1,41,18:00,61,23:00,20,1,,Charging (grid),1,2.010217902711639,0.0,233.67291411037522,false
1,41,18:00,62,23:15,21,1,,Charging (grid),1,2.010217902711639,0.0,234.15034086226922,false
1,41,18:00,63,23:30,22,1,,Charging (grid),1,2.010217902711639,0.0,234.62776761416322,false
1,41,18:00,64,23:45,23,1,,Charging (grid),1,0.39821610622622855,0.0,234.72234393939195,false
1,41,18:00,65,00:00,24,1,,Charging (grid),1,2.010217902711639,0.0,235.19977069128595,false
1,41,18:00,66,00:15,25,1,,Charging (grid),1,2.010217902711639,0.0,235.67719744317995,false
1,41,18:00,67,00:30,26,1,,Charging (grid),1,2.010217902711639,0.0,236.15462419507395,false
1,41,18:00,68,00:45,27,1,,Charging (grid),1,2.010217902711639,0.0,236.63205094696795,false
1,41,18:00,69,01:00,28,1,,Charging (grid),1,2.010217902711639,0.0,237.10947769886195,false
1,41,18:00,70,01:15,29,1,,Charging (grid),1,2.010217902711639,0.0,237.58690445075595,false
1,41,18:00,71,01:30,30,1,,Charging (grid),1,2.010217902711639,0.0,238.06433120264995,false
1,41,18:00,72,01:45,31,1,,Charging (grid),1,2.010217902711639,0.0,238.54175795454395,false
1,41,18:00,73,02:00,32,1,,Charging (grid),1,2.010217902711639,0.0,239.01918470643795,false
1,41,18:00,74,02:15,33,1,,Charging (grid),1,2.010217902711639,0.0,239.49661145833196,false
1,41,18:00,75,02:30,34,1,,Charging (grid),1,2.010217902711639,0.0,239.97403821022596,false
1,41,18:00,76,02:45,35,1,,Charging (grid),1,2.010217902711639,0.0,240.45146496211996,false
1,41,18:00,77,03:00,36,1,,Charging (grid),1,2.010217902711639,0.0,240.92889171401396,false
1,41,18:00,78,03:15,37,1,,Charging (grid),1,2.010217902711639,0.0,241.40631846590796,false
1,41,18:00,79,03:30,38,1,,Charging (grid),1,2.010217902711639,0.0,241.88374521780196,false
1,41,18:00,80,03:45,39,1,,Charging (grid),1,2.010217902711639,0.0,242.36117196969596,false
1,41,18:00,81,04:00,40,1,,Charging (grid),1,2.010217902711639,0.0,242.83859872158996,false
1,41,18:00,82,04:15,41,1,,Charging (grid),1,2.010217902711639,0.0,243.31602547348396,false
1,41,18:00,83,04:30,42,1,,Charging (grid),1,2.010217902711639,0.0,243.79345222537796,false
1,41,18:00,84,04:45,43,1,,Charging (grid),1,2.010217902711639,0.0,244.27087897727196,false
1,41,18:00,85,05:00,44,1,,Charging (grid),1,2.010217902711639,0.0,244.74830572916596,false
1,41,18:00,86,05:15,45,1,,Charging (grid),1,2.010217902711639,0.0,245.22573248105996,false
1,41,18:00,87,05:30,46,1,,Charging (grid),1,2.010217902711639,0.0,245.70315923295396,false
1,41,18:00,88,05:45,47,1,,Charging (grid),1,2.010217902711639,0.0,246.18058598484797,false
1,41,18:00,89,06:00,48,1,,Charging (grid),1,2.010217902711639,0.0,246.65801273674197,false
1,41,18:00,90,06:15,49,1,,Charging (grid),1,2.010217902711639,0.0,247.13543948863597,false
1,41,18:00,91,06:30,50,1,,Charging (grid),1,2.010217902711639,0.0,247.61286624052997,false
1,41,18:00,92,06:45,51,1,,Charging (grid),1,2.010217902711639,0.0,248.09029299242397,false
1,41,18:00,93,07:00,52,1,,Charging (grid),1,2.010217902711639,0.0,248.56771974431797,false
1,41,18:00,94,07:15,53,1,,Charging (grid),1,2.010217902711639,0.0,249.04514649621197,false
1,41,18:00,95,07:30,54,1,,Charging (grid),1,2.010217902711639,0.0,249.52257324810597,false
1,41,18:00,96,07:45,55,1,,Charging (grid),1,2.0102179027117018,0.0,250.0,false
1,42,18:15,42,18:15,0,1,,Serving CEV,2,0.0,8.0,231.48133650122395,false
1,42,18:15,43,18:30,1,1,,Serving CEV,2,0.0,7.9999999999999964,229.3760733433292,false
1,42,18:15,44,18:45,2,1,,Idle,2,0.0,0.0,229.3760733433292,true
1,42,18:15,45,19:00,3,1,,Idle,2,0.0,0.0,229.3760733433292,false
1,42,18:15,46,19:15,4,1,,Traveling,Transit,0.0,0.0,229.3760733433292,true
1,42,18:15,47,19:30,5,1,,Idle,1,0.0,0.0,229.3760733433292,false
1,42,18:15,48,19:45,6,1,,Idle,1,0.0,0.0,229.3760733433292,false
1,42,18:15,49,20:00,7,1,,Idle,1,-0.0,0.0,229.3760733433292,false
1,42,18:15,50,20:15,8,1,,Idle,1,-0.0,0.0,229.3760733433292,false
1,42,18:15,51,20:30,9,1,,Idle,1,-0.0,0.0,229.3760733433292,false
1,42,18:15,52,20:45,10,1,,Idle,1,-0.0,0.0,229.3760733433292,false
1,42,18:15,53,21:00,11,1,,Charging (grid),1,2.0102179027116445,0.0,229.85350009522324,false
1,42,18:15,54,21:15,12,1,,Charging (grid),1,2.010217902711639,0.0,230.33092684711724,false
1,42,18:15,55,21:30,13,1,,Charging (grid),1,2.010217902711645,0.0,230.80835359901124,false
1,42,18:15,56,21:45,14,1,,Charging (grid),1,2.010217902711639,0.0,231.28578035090524,false
1,42,18:15,57,22:00,15,1,,Charging (grid),1,2.010217902711639,0.0,231.76320710279924,false
1,42,18:15,58,22:15,16,1,,Charging (grid),1,2.010217902711639,0.0,232.24063385469324,false
1,42,18:15,59,22:30,17,1,,Charging (grid),1,2.010217902711639,0.0,232.71806060658727,false
1,42,18:15,60,22:45,18,1,,Charging (grid),1,2.010217902711645,0.0,233.1954873584813,false
1,42,18:15,61,23:00,19,1,,Charging (grid),1,2.010217902711639,0.0,233.6729141103753,false
1,42,18:15,62,23:15,20,1,,Charging (grid),1,2.010217902711645,0.0,234.15034086226933,false
1,42,18:15,63,23:30,21,1,,Charging (grid),1,2.010217902711639,0.0,234.62776761416333,false
1,42,18:15,64,23:45,22,1,,Charging (grid),1,0.3982161062244354,0.0,234.72234393939166,false
1,42,18:15,65,00:00,23,1,,Charging (grid),1,2.010217902711645,0.0,235.1997706912857,false
1,42,18:15,66,00:15,24,1,,Charging (grid),1,2.010217902711639,0.0,235.6771974431797,false
1,42,18:15,67,00:30,25,1,,Charging (grid),1,2.010217902711639,0.0,236.1546241950737,false
1,42,18:15,68,00:45,26,1,,Charging (grid),1,2.010217902711639,0.0,236.6320509469677,false
1,42,18:15,69,01:00,27,1,,Charging (grid),1,2.010217902711639,0.0,237.1094776988617,false
1,42,18:15,70,01:15,28,1,,Charging (grid),1,2.010217902711639,0.0,237.5869044507557,false
1,42,18:15,71,01:30,29,1,,Charging (grid),1,2.010217902711639,0.0,238.0643312026497,false
1,42,18:15,72,01:45,30,1,,Charging (grid),1,2.010217902711639,0.0,238.5417579545437,false
1,42,18:15,73,02:00,31,1,,Charging (grid),1,2.010217902711639,0.0,239.0191847064377,false
1,42,18:15,74,02:15,32,1,,Charging (grid),1,2.010217902711639,0.0,239.4966114583317,false
1,42,18:15,75,02:30,33,1,,Charging (grid),1,2.010217902711639,0.0,239.9740382102257,false
1,42,18:15,76,02:45,34,1,,Charging (grid),1,2.010217902711639,0.0,240.4514649621197,false
1,42,18:15,77,03:00,35,1,,Charging (grid),1,2.010217902711645,0.0,240.92889171401373,false
1,42,18:15,78,03:15,36,1,,Charging (grid),1,2.010217902711639,0.0,241.40631846590773,false
1,42,18:15,79,03:30,37,1,,Charging (grid),1,2.010217902711639,0.0,241.88374521780173,false
1,42,18:15,80,03:45,38,1,,Charging (grid),1,2.010217902711639,0.0,242.36117196969573,false
1,42,18:15,81,04:00,39,1,,Charging (grid),1,2.010217902711645,0.0,242.8385987215898,false
1,42,18:15,82,04:15,40,1,,Charging (grid),1,2.010217902711639,0.0,243.3160254734838,false
1,42,18:15,83,04:30,41,1,,Charging (grid),1,2.010217902711639,0.0,243.7934522253778,false
1,42,18:15,84,04:45,42,1,,Charging (grid),1,2.010217902711639,0.0,244.2708789772718,false
1,42,18:15,85,05:00,43,1,,Charging (grid),1,2.010217902711639,0.0,244.74830572916585,false
1,42,18:15,86,05:15,44,1,,Charging (grid),1,2.010217902711645,0.0,245.22573248105988,false
1,42,18:15,87,05:30,45,1,,Charging (grid),1,2.010217902711639,0.0,245.70315923295388,false
1,42,18:15,88,05:45,46,1,,Charging (grid),1,2.010217902711639,0.0,246.18058598484788,false
1,42,18:15,89,06:00,47,1,,Charging (grid),1,2.010217902711639,0.0,246.6580127367419,false
1,42,18:15,90,06:15,48,1,,Charging (grid),1,2.010217902711639,0.0,247.1354394886359,false
1,42,18:15,91,06:30,49,1,,Charging (grid),1,2.010217902711639,0.0,247.61286624052994,false
1,42,18:15,92,06:45,50,1,,Charging (grid),1,2.010217902711645,0.0,248.09029299242397,false
1,42,18:15,93,07:00,51,1,,Charging (grid),1,2.010217902711639,0.0,248.56771974431797,false
1,42,18:15,94,07:15,52,1,,Charging (grid),1,2.010217902711639,0.0,249.04514649621197,false
1,42,18:15,95,07:30,53,1,,Charging (grid),1,2.010217902711639,0.0,249.52257324810597,false
1,42,18:15,96,07:45,54,1,,Charging (grid),1,2.0102179027117018,0.0,250.0,false
1,43,18:30,43,18:30,0,1,,Serving CEV,2,0.0,7.999999999999995,229.3760733433292,false
1,43,18:30,44,18:45,1,1,,Idle,2,0.0,0.0,229.3760733433292,false
1,43,18:30,45,19:00,2,1,,Idle,2,0.0,0.0,229.3760733433292,false
1,43,18:30,46,19:15,3,1,,Traveling,Transit,0.0,0.0,229.3760733433292,false
1,43,18:30,47,19:30,4,1,,Idle,1,0.0,0.0,229.3760733433292,false
1,43,18:30,48,19:45,5,1,,Idle,1,0.0,0.0,229.3760733433292,false
1,43,18:30,49,20:00,6,1,,Idle,1,-0.0,0.0,229.3760733433292,false
1,43,18:30,50,20:15,7,1,,Idle,1,-0.0,0.0,229.3760733433292,false
1,43,18:30,51,20:30,8,1,,Idle,1,-0.0,0.0,229.3760733433292,false
1,43,18:30,52,20:45,9,1,,Idle,1,-0.0,0.0,229.3760733433292,false
1,43,18:30,53,21:00,10,1,,Charging (grid),1,2.010217902711639,0.0,229.8535000952232,false
1,43,18:30,54,21:15,11,1,,Charging (grid),1,2.010217902711639,0.0,230.3309268471172,false
1,43,18:30,55,21:30,12,1,,Charging (grid),1,2.010217902711639,0.0,230.8083535990112,false
1,43,18:30,56,21:45,13,1,,Charging (grid),1,2.010217902711639,0.0,231.2857803509052,false
1,43,18:30,57,22:00,14,1,,Charging (grid),1,2.010217902711639,0.0,231.7632071027992,false
1,43,18:30,58,22:15,15,1,,Charging (grid),1,2.010217902711639,0.0,232.24063385469324,false
1,43,18:30,59,22:30,16,1,,Charging (grid),1,2.010217902711645,0.0,232.71806060658727,false
1,43,18:30,60,22:45,17,1,,Charging (grid),1,2.010217902711639,0.0,233.19548735848127,false
1,43,18:30,61,23:00,18,1,,Charging (grid),1,2.010217902711645,0.0,233.6729141103753,false
1,43,18:30,62,23:15,19,1,,Charging (grid),1,2.010217902711639,0.0,234.1503408622693,false
1,43,18:30,63,23:30,20,1,,Charging (grid),1,2.010217902711639,0.0,234.6277676141633,false
1,43,18:30,64,23:45,21,1,,Charging (grid),1,0.3982161062240117,0.0,234.72234393939152,false
1,43,18:30,65,00:00,22,1,,Charging (grid),1,2.010217902711639,0.0,235.19977069128552,false
1,43,18:30,66,00:15,23,1,,Charging (grid),1,2.010217902711645,0.0,235.67719744317955,false
1,43,18:30,67,00:30,24,1,,Charging (grid),1,2.010217902711639,0.0,236.15462419507355,false
1,43,18:30,68,00:45,25,1,,Charging (grid),1,2.010217902711645,0.0,236.63205094696758,false
1,43,18:30,69,01:00,26,1,,Charging (grid),1,2.010217902711639,0.0,237.10947769886158,false
1,43,18:30,70,01:15,27,1,,Charging (grid),1,2.010217902711639,0.0,237.58690445075558,false
1,43,18:30,71,01:30,28,1,,Charging (grid),1,2.010217902711639,0.0,238.06433120264958,false
1,43,18:30,72,01:45,29,1,,Charging (grid),1,2.010217902711639,0.0,238.54175795454364,false
1,43,18:30,73,02:00,30,1,,Charging (grid),1,2.010217902711645,0.0,239.01918470643767,false
1,43,18:30,74,02:15,31,1,,Charging (grid),1,2.010217902711639,0.0,239.49661145833167,false
1,43,18:30,75,02:30,32,1,,Charging (grid),1,2.010217902711639,0.0,239.97403821022567,false
1,43,18:30,76,02:45,33,1,,Charging (grid),1,2.010217902711645,0.0,240.4514649621197,false
1,43,18:30,77,03:00,34,1,,Charging (grid),1,2.010217902711639,0.0,240.9288917140137,false
1,43,18:30,78,03:15,35,1,,Charging (grid),1,2.010217902711645,0.0,241.40631846590773,false
1,43,18:30,79,03:30,36,1,,Charging (grid),1,2.010217902711639,0.0,241.88374521780173,false
1,43,18:30,80,03:45,37,1,,Charging (grid),1,2.010217902711639,0.0,242.36117196969573,false
1,43,18:30,81,04:00,38,1,,Charging (grid),1,2.010217902711639,0.0,242.83859872158976,false
1,43,18:30,82,04:15,39,1,,Charging (grid),1,2.010217902711639,0.0,243.31602547348376,false
1,43,18:30,83,04:30,40,1,,Charging (grid),1,2.010217902711639,0.0,243.79345222537776,false
1,43,18:30,84,04:45,41,1,,Charging (grid),1,2.010217902711639,0.0,244.2708789772718,false
1,43,18:30,85,05:00,42,1,,Charging (grid),1,2.010217902711645,0.0,244.74830572916582,false
1,43,18:30,86,05:15,43,1,,Charging (grid),1,2.010217902711639,0.0,245.22573248105982,false
1,43,18:30,87,05:30,44,1,,Charging (grid),1,2.010217902711645,0.0,245.70315923295385,false
1,43,18:30,88,05:45,45,1,,Charging (grid),1,2.010217902711639,0.0,246.18058598484785,false
1,43,18:30,89,06:00,46,1,,Charging (grid),1,2.010217902711639,0.0,246.65801273674185,false
1,43,18:30,90,06:15,47,1,,Charging (grid),1,2.010217902711639,0.0,247.13543948863585,false
1,43,18:30,91,06:30,48,1,,Charging (grid),1,2.010217902711645,0.0,247.6128662405299,false
1,43,18:30,92,06:45,49,1,,Charging (grid),1,2.010217902711639,0.0,248.0902929924239,false
1,43,18:30,93,07:00,50,1,,Charging (grid),1,2.010217902711639,0.0,248.5677197443179,false
1,43,18:30,94,07:15,51,1,,Charging (grid),1,2.010217902711645,0.0,249.04514649621197,false
1,43,18:30,95,07:30,52,1,,Charging (grid),1,2.010217902711639,0.0,249.52257324810597,false
1,43,18:30,96,07:45,53,1,,Charging (grid),1,2.0102179027117018,0.0,250.0,false
1,44,18:45,44,18:45,0,1,,Traveling,Transit,0.0,0.0,229.3760733433292,true
1,44,18:45,45,19:00,1,1,,Idle,1,0.0,0.0,229.3760733433292,false
1,44,18:45,46,19:15,2,1,,Idle,1,0.0,0.0,229.3760733433292,true
1,44,18:45,47,19:30,3,1,,Idle,1,0.0,0.0,229.3760733433292,false
1,44,18:45,48,19:45,4,1,,Idle,1,0.0,0.0,229.3760733433292,false
1,44,18:45,49,20:00,5,1,,Idle,1,-0.0,0.0,229.37607334332924,false
1,44,18:45,50,20:15,6,1,,Idle,1,-0.0,0.0,229.37607334332924,false
1,44,18:45,51,20:30,7,1,,Idle,1,-0.0,0.0,229.37607334332924,false
1,44,18:45,52,20:45,8,1,,Idle,1,-0.0,0.0,229.37607334332924,false
1,44,18:45,53,21:00,9,1,,Charging (grid),1,2.010217902711639,0.0,229.85350009522324,false
1,44,18:45,54,21:15,10,1,,Charging (grid),1,2.010217902711639,0.0,230.33092684711727,false
1,44,18:45,55,21:30,11,1,,Charging (grid),1,2.010217902711639,0.0,230.80835359901127,false
1,44,18:45,56,21:45,12,1,,Charging (grid),1,2.010217902711639,0.0,231.2857803509053,false
1,44,18:45,57,22:00,13,1,,Charging (grid),1,2.010217902711639,0.0,231.7632071027993,false
1,44,18:45,58,22:15,14,1,,Charging (grid),1,2.010217902711639,0.0,232.24063385469333,false
1,44,18:45,59,22:30,15,1,,Charging (grid),1,2.010217902711639,0.0,232.71806060658733,false
1,44,18:45,60,22:45,16,1,,Charging (grid),1,2.010217902711639,0.0,233.19548735848136,false
1,44,18:45,61,23:00,17,1,,Charging (grid),1,2.010217902711639,0.0,233.67291411037536,false
1,44,18:45,62,23:15,18,1,,Charging (grid),1,2.010217902711639,0.0,234.15034086226936,false
1,44,18:45,63,23:30,19,1,,Charging (grid),1,2.010217902711639,0.0,234.62776761416336,false
1,44,18:45,64,23:45,20,1,,Charging (grid),1,0.39821610622383513,0.0,234.72234393939152,false
1,44,18:45,65,00:00,21,1,,Charging (grid),1,2.010217902711639,0.0,235.19977069128558,false
1,44,18:45,66,00:15,22,1,,Charging (grid),1,2.010217902711639,0.0,235.67719744317958,false
1,44,18:45,67,00:30,23,1,,Charging (grid),1,2.010217902711639,0.0,236.1546241950736,false
1,44,18:45,68,00:45,24,1,,Charging (grid),1,2.010217902711639,0.0,236.6320509469676,false
1,44,18:45,69,01:00,25,1,,Charging (grid),1,2.010217902711639,0.0,237.10947769886164,false
1,44,18:45,70,01:15,26,1,,Charging (grid),1,2.010217902711639,0.0,237.58690445075564,false
1,44,18:45,71,01:30,27,1,,Charging (grid),1,2.010217902711639,0.0,238.06433120264964,false
1,44,18:45,72,01:45,28,1,,Charging (grid),1,2.010217902711639,0.0,238.54175795454367,false
1,44,18:45,73,02:00,29,1,,Charging (grid),1,2.010217902711639,0.0,239.01918470643767,false
1,44,18:45,74,02:15,30,1,,Charging (grid),1,2.010217902711639,0.0,239.4966114583317,false
1,44,18:45,75,02:30,31,1,,Charging (grid),1,2.010217902711639,0.0,239.9740382102257,false
1,44,18:45,76,02:45,32,1,,Charging (grid),1,2.010217902711639,0.0,240.45146496211973,false
1,44,18:45,77,03:00,33,1,,Charging (grid),1,2.010217902711639,0.0,240.92889171401373,false
1,44,18:45,78,03:15,34,1,,Charging (grid),1,2.010217902711639,0.0,241.40631846590776,false
1,44,18:45,79,03:30,35,1,,Charging (grid),1,2.010217902711639,0.0,241.88374521780176,false
1,44,18:45,80,03:45,36,1,,Charging (grid),1,2.010217902711639,0.0,242.36117196969576,false
1,44,18:45,81,04:00,37,1,,Charging (grid),1,2.010217902711639,0.0,242.8385987215898,false
1,44,18:45,82,04:15,38,1,,Charging (grid),1,2.010217902711639,0.0,243.3160254734838,false
1,44,18:45,83,04:30,39,1,,Charging (grid),1,2.010217902711639,0.0,243.79345222537785,false
1,44,18:45,84,04:45,40,1,,Charging (grid),1,2.010217902711639,0.0,244.27087897727185,false
1,44,18:45,85,05:00,41,1,,Charging (grid),1,2.010217902711639,0.0,244.74830572916588,false
1,44,18:45,86,05:15,42,1,,Charging (grid),1,2.010217902711639,0.0,245.22573248105988,false
1,44,18:45,87,05:30,43,1,,Charging (grid),1,2.010217902711639,0.0,245.7031592329539,false
1,44,18:45,88,05:45,44,1,,Charging (grid),1,2.010217902711639,0.0,246.1805859848479,false
1,44,18:45,89,06:00,45,1,,Charging (grid),1,2.010217902711639,0.0,246.6580127367419,false
1,44,18:45,90,06:15,46,1,,Charging (grid),1,2.010217902711639,0.0,247.13543948863594,false
1,44,18:45,91,06:30,47,1,,Charging (grid),1,2.010217902711639,0.0,247.61286624052994,false
1,44,18:45,92,06:45,48,1,,Charging (grid),1,2.010217902711639,0.0,248.09029299242397,false
1,44,18:45,93,07:00,49,1,,Charging (grid),1,2.010217902711639,0.0,248.56771974431797,false
1,44,18:45,94,07:15,50,1,,Charging (grid),1,2.010217902711639,0.0,249.04514649621197,false
1,44,18:45,95,07:30,51,1,,Charging (grid),1,2.010217902711639,0.0,249.522573248106,false
1,44,18:45,96,07:45,52,1,,Charging (grid),1,2.010217902711639,0.0,250.0,false
1,45,19:00,45,19:00,0,1,,Idle,1,0.0,0.0,229.3760733433292,false
1,45,19:00,46,19:15,1,1,,Idle,1,0.0,0.0,229.3760733433292,false
1,45,19:00,47,19:30,2,1,,Idle,1,0.0,0.0,229.3760733433292,false
1,45,19:00,48,19:45,3,1,,Idle,1,0.0,0.0,229.3760733433292,false
1,45,19:00,49,20:00,4,1,,Idle,1,-0.0,0.0,229.37607334332924,false
1,45,19:00,50,20:15,5,1,,Idle,1,-0.0,0.0,229.37607334332924,false
1,45,19:00,51,20:30,6,1,,Idle,1,-0.0,0.0,229.37607334332924,false
1,45,19:00,52,20:45,7,1,,Idle,1,-0.0,0.0,229.37607334332924,false
1,45,19:00,53,21:00,8,1,,Charging (grid),1,2.010217902711639,0.0,229.85350009522324,false
1,45,19:00,54,21:15,9,1,,Charging (grid),1,2.010217902711639,0.0,230.33092684711727,false
1,45,19:00,55,21:30,10,1,,Charging (grid),1,2.010217902711639,0.0,230.80835359901127,false
1,45,19:00,56,21:45,11,1,,Charging (grid),1,2.010217902711639,0.0,231.2857803509053,false
1,45,19:00,57,22:00,12,1,,Charging (grid),1,2.010217902711639,0.0,231.7632071027993,false
1,45,19:00,58,22:15,13,1,,Charging (grid),1,2.010217902711639,0.0,232.24063385469333,false
1,45,19:00,59,22:30,14,1,,Charging (grid),1,2.010217902711639,0.0,232.71806060658733,false
1,45,19:00,60,22:45,15,1,,Charging (grid),1,2.010217902711639,0.0,233.19548735848136,false
1,45,19:00,61,23:00,16,1,,Charging (grid),1,2.010217902711639,0.0,233.67291411037536,false
1,45,19:00,62,23:15,17,1,,Charging (grid),1,2.010217902711639,0.0,234.15034086226936,false
1,45,19:00,63,23:30,18,1,,Charging (grid),1,2.010217902711639,0.0,234.62776761416336,false
1,45,19:00,64,23:45,19,1,,Charging (grid),1,0.39821610622383513,0.0,234.72234393939152,false
1,45,19:00,65,00:00,20,1,,Charging (grid),1,2.010217902711639,0.0,235.19977069128558,false
1,45,19:00,66,00:15,21,1,,Charging (grid),1,2.010217902711639,0.0,235.67719744317958,false
1,45,19:00,67,00:30,22,1,,Charging (grid),1,2.010217902711639,0.0,236.1546241950736,false
1,45,19:00,68,00:45,23,1,,Charging (grid),1,2.010217902711639,0.0,236.6320509469676,false
1,45,19:00,69,01:00,24,1,,Charging (grid),1,2.010217902711639,0.0,237.10947769886164,false
1,45,19:00,70,01:15,25,1,,Charging (grid),1,2.010217902711639,0.0,237.58690445075564,false
1,45,19:00,71,01:30,26,1,,Charging (grid),1,2.010217902711639,0.0,238.06433120264964,false
1,45,19:00,72,01:45,27,1,,Charging (grid),1,2.010217902711639,0.0,238.54175795454367,false
1,45,19:00,73,02:00,28,1,,Charging (grid),1,2.010217902711639,0.0,239.01918470643767,false
1,45,19:00,74,02:15,29,1,,Charging (grid),1,2.010217902711639,0.0,239.4966114583317,false
1,45,19:00,75,02:30,30,1,,Charging (grid),1,2.010217902711639,0.0,239.9740382102257,false
1,45,19:00,76,02:45,31,1,,Charging (grid),1,2.010217902711639,0.0,240.45146496211973,false
1,45,19:00,77,03:00,32,1,,Charging (grid),1,2.010217902711639,0.0,240.92889171401373,false
1,45,19:00,78,03:15,33,1,,Charging (grid),1,2.010217902711639,0.0,241.40631846590776,false
1,45,19:00,79,03:30,34,1,,Charging (grid),1,2.010217902711639,0.0,241.88374521780176,false
1,45,19:00,80,03:45,35,1,,Charging (grid),1,2.010217902711639,0.0,242.36117196969576,false
1,45,19:00,81,04:00,36,1,,Charging (grid),1,2.010217902711639,0.0,242.8385987215898,false
1,45,19:00,82,04:15,37,1,,Charging (grid),1,2.010217902711639,0.0,243.3160254734838,false
1,45,19:00,83,04:30,38,1,,Charging (grid),1,2.010217902711639,0.0,243.79345222537785,false
1,45,19:00,84,04:45,39,1,,Charging (grid),1,2.010217902711639,0.0,244.27087897727185,false
1,45,19:00,85,05:00,40,1,,Charging (grid),1,2.010217902711639,0.0,244.74830572916588,false
1,45,19:00,86,05:15,41,1,,Charging (grid),1,2.010217902711639,0.0,245.22573248105988,false
1,45,19:00,87,05:30,42,1,,Charging (grid),1,2.010217902711639,0.0,245.7031592329539,false
1,45,19:00,88,05:45,43,1,,Charging (grid),1,2.010217902711639,0.0,246.1805859848479,false
1,45,19:00,89,06:00,44,1,,Charging (grid),1,2.010217902711639,0.0,246.6580127367419,false
1,45,19:00,90,06:15,45,1,,Charging (grid),1,2.010217902711639,0.0,247.13543948863594,false
1,45,19:00,91,06:30,46,1,,Charging (grid),1,2.010217902711639,0.0,247.61286624052994,false
1,45,19:00,92,06:45,47,1,,Charging (grid),1,2.010217902711639,0.0,248.09029299242397,false
1,45,19:00,93,07:00,48,1,,Charging (grid),1,2.010217902711639,0.0,248.56771974431797,false
1,45,19:00,94,07:15,49,1,,Charging (grid),1,2.010217902711639,0.0,249.04514649621197,false
1,45,19:00,95,07:30,50,1,,Charging (grid),1,2.010217902711639,0.0,249.522573248106,false
1,45,19:00,96,07:45,51,1,,Charging (grid),1,2.010217902711639,0.0,250.0,false
1,46,19:15,46,19:15,0,1,,Idle,1,0.0,0.0,229.3760733433292,false
1,46,19:15,47,19:30,1,1,,Idle,1,0.0,0.0,229.3760733433292,false
1,46,19:15,48,19:45,2,1,,Idle,1,0.0,0.0,229.3760733433292,false
1,46,19:15,49,20:00,3,1,,Idle,1,-0.0,0.0,229.3760733433292,false
1,46,19:15,50,20:15,4,1,,Idle,1,-0.0,0.0,229.3760733433292,false
1,46,19:15,51,20:30,5,1,,Idle,1,-0.0,0.0,229.3760733433292,false
1,46,19:15,52,20:45,6,1,,Idle,1,-0.0,0.0,229.3760733433292,false
1,46,19:15,53,21:00,7,1,,Charging (grid),1,2.010217902711639,0.0,229.8535000952232,false
1,46,19:15,54,21:15,8,1,,Charging (grid),1,2.010217902711639,0.0,230.33092684711724,false
1,46,19:15,55,21:30,9,1,,Charging (grid),1,2.010217902711639,0.0,230.80835359901124,false
1,46,19:15,56,21:45,10,1,,Charging (grid),1,2.010217902711639,0.0,231.2857803509053,false
1,46,19:15,57,22:00,11,1,,Charging (grid),1,2.010217902711639,0.0,231.7632071027993,false
1,46,19:15,58,22:15,12,1,,Charging (grid),1,2.010217902711639,0.0,232.24063385469333,false
1,46,19:15,59,22:30,13,1,,Charging (grid),1,2.010217902711639,0.0,232.71806060658733,false
1,46,19:15,60,22:45,14,1,,Charging (grid),1,2.010217902711639,0.0,233.19548735848136,false
1,46,19:15,61,23:00,15,1,,Charging (grid),1,2.010217902711639,0.0,233.67291411037536,false
1,46,19:15,62,23:15,16,1,,Charging (grid),1,2.010217902711639,0.0,234.15034086226936,false
1,46,19:15,63,23:30,17,1,,Charging (grid),1,2.010217902711639,0.0,234.62776761416336,false
1,46,19:15,64,23:45,18,1,,Charging (grid),1,0.39821610622383513,0.0,234.72234393939152,false
1,46,19:15,65,00:00,19,1,,Charging (grid),1,2.010217902711639,0.0,235.19977069128558,false
1,46,19:15,66,00:15,20,1,,Charging (grid),1,2.010217902711639,0.0,235.67719744317958,false
1,46,19:15,67,00:30,21,1,,Charging (grid),1,2.010217902711639,0.0,236.1546241950736,false
1,46,19:15,68,00:45,22,1,,Charging (grid),1,2.010217902711639,0.0,236.6320509469676,false
1,46,19:15,69,01:00,23,1,,Charging (grid),1,2.010217902711639,0.0,237.10947769886164,false
1,46,19:15,70,01:15,24,1,,Charging (grid),1,2.010217902711639,0.0,237.58690445075564,false
1,46,19:15,71,01:30,25,1,,Charging (grid),1,2.010217902711639,0.0,238.06433120264964,false
1,46,19:15,72,01:45,26,1,,Charging (grid),1,2.010217902711639,0.0,238.54175795454367,false
1,46,19:15,73,02:00,27,1,,Charging (grid),1,2.010217902711639,0.0,239.01918470643767,false
1,46,19:15,74,02:15,28,1,,Charging (grid),1,2.010217902711639,0.0,239.4966114583317,false
1,46,19:15,75,02:30,29,1,,Charging (grid),1,2.010217902711639,0.0,239.9740382102257,false
1,46,19:15,76,02:45,30,1,,Charging (grid),1,2.010217902711639,0.0,240.45146496211973,false
1,46,19:15,77,03:00,31,1,,Charging (grid),1,2.010217902711639,0.0,240.92889171401373,false
1,46,19:15,78,03:15,32,1,,Charging (grid),1,2.010217902711639,0.0,241.40631846590776,false
1,46,19:15,79,03:30,33,1,,Charging (grid),1,2.010217902711639,0.0,241.88374521780176,false
1,46,19:15,80,03:45,34,1,,Charging (grid),1,2.010217902711639,0.0,242.36117196969576,false
1,46,19:15,81,04:00,35,1,,Charging (grid),1,2.010217902711639,0.0,242.8385987215898,false
1,46,19:15,82,04:15,36,1,,Charging (grid),1,2.010217902711639,0.0,243.3160254734838,false
1,46,19:15,83,04:30,37,1,,Charging (grid),1,2.010217902711639,0.0,243.79345222537785,false
1,46,19:15,84,04:45,38,1,,Charging (grid),1,2.010217902711639,0.0,244.27087897727185,false
1,46,19:15,85,05:00,39,1,,Charging (grid),1,2.010217902711639,0.0,244.74830572916588,false
1,46,19:15,86,05:15,40,1,,Charging (grid),1,2.010217902711639,0.0,245.22573248105988,false
1,46,19:15,87,05:30,41,1,,Charging (grid),1,2.010217902711639,0.0,245.7031592329539,false
1,46,19:15,88,05:45,42,1,,Charging (grid),1,2.010217902711639,0.0,246.1805859848479,false
1,46,19:15,89,06:00,43,1,,Charging (grid),1,2.010217902711639,0.0,246.6580127367419,false
1,46,19:15,90,06:15,44,1,,Charging (grid),1,2.010217902711639,0.0,247.13543948863594,false
1,46,19:15,91,06:30,45,1,,Charging (grid),1,2.010217902711639,0.0,247.61286624052994,false
1,46,19:15,92,06:45,46,1,,Charging (grid),1,2.010217902711639,0.0,248.09029299242397,false
1,46,19:15,93,07:00,47,1,,Charging (grid),1,2.010217902711639,0.0,248.56771974431797,false
1,46,19:15,94,07:15,48,1,,Charging (grid),1,2.010217902711639,0.0,249.04514649621197,false
1,46,19:15,95,07:30,49,1,,Charging (grid),1,2.010217902711639,0.0,249.522573248106,false
1,46,19:15,96,07:45,50,1,,Charging (grid),1,2.010217902711639,0.0,250.0,false
1,47,19:30,47,19:30,0,1,,Idle,1,0.0,0.0,229.3760733433292,false
1,47,19:30,48,19:45,1,1,,Idle,1,0.0,0.0,229.3760733433292,false
1,47,19:30,49,20:00,2,1,,Idle,1,-0.0,0.0,229.3760733433292,false
1,47,19:30,50,20:15,3,1,,Idle,1,-0.0,0.0,229.3760733433292,false
1,47,19:30,51,20:30,4,1,,Idle,1,-0.0,0.0,229.3760733433292,false
1,47,19:30,52,20:45,5,1,,Idle,1,-0.0,0.0,229.3760733433292,false
1,47,19:30,53,21:00,6,1,,Charging (grid),1,2.010217902711639,0.0,229.85350009522324,false
1,47,19:30,54,21:15,7,1,,Charging (grid),1,2.010217902711639,0.0,230.33092684711727,false
1,47,19:30,55,21:30,8,1,,Charging (grid),1,2.010217902711639,0.0,230.80835359901127,false
1,47,19:30,56,21:45,9,1,,Charging (grid),1,2.010217902711639,0.0,231.2857803509053,false
1,47,19:30,57,22:00,10,1,,Charging (grid),1,2.010217902711639,0.0,231.7632071027993,false
1,47,19:30,58,22:15,11,1,,Charging (grid),1,2.010217902711639,0.0,232.24063385469333,false
1,47,19:30,59,22:30,12,1,,Charging (grid),1,2.010217902711639,0.0,232.71806060658733,false
1,47,19:30,60,22:45,13,1,,Charging (grid),1,2.010217902711639,0.0,233.19548735848136,false
1,47,19:30,61,23:00,14,1,,Charging (grid),1,2.010217902711639,0.0,233.67291411037536,false
1,47,19:30,62,23:15,15,1,,Charging (grid),1,2.010217902711639,0.0,234.15034086226936,false
1,47,19:30,63,23:30,16,1,,Charging (grid),1,2.010217902711639,0.0,234.62776761416336,false
1,47,19:30,64,23:45,17,1,,Charging (grid),1,0.39821610622383513,0.0,234.72234393939152,false
1,47,19:30,65,00:00,18,1,,Charging (grid),1,2.010217902711639,0.0,235.19977069128558,false
1,47,19:30,66,00:15,19,1,,Charging (grid),1,2.010217902711639,0.0,235.67719744317958,false
1,47,19:30,67,00:30,20,1,,Charging (grid),1,2.010217902711639,0.0,236.1546241950736,false
1,47,19:30,68,00:45,21,1,,Charging (grid),1,2.010217902711639,0.0,236.6320509469676,false
1,47,19:30,69,01:00,22,1,,Charging (grid),1,2.010217902711639,0.0,237.10947769886164,false
1,47,19:30,70,01:15,23,1,,Charging (grid),1,2.010217902711639,0.0,237.58690445075564,false
1,47,19:30,71,01:30,24,1,,Charging (grid),1,2.010217902711639,0.0,238.06433120264964,false
1,47,19:30,72,01:45,25,1,,Charging (grid),1,2.010217902711639,0.0,238.54175795454367,false
1,47,19:30,73,02:00,26,1,,Charging (grid),1,2.010217902711639,0.0,239.01918470643767,false
1,47,19:30,74,02:15,27,1,,Charging (grid),1,2.010217902711639,0.0,239.4966114583317,false
1,47,19:30,75,02:30,28,1,,Charging (grid),1,2.010217902711639,0.0,239.9740382102257,false
1,47,19:30,76,02:45,29,1,,Charging (grid),1,2.010217902711639,0.0,240.45146496211973,false
1,47,19:30,77,03:00,30,1,,Charging (grid),1,2.010217902711639,0.0,240.92889171401373,false
1,47,19:30,78,03:15,31,1,,Charging (grid),1,2.010217902711639,0.0,241.40631846590776,false
1,47,19:30,79,03:30,32,1,,Charging (grid),1,2.010217902711639,0.0,241.88374521780176,false
1,47,19:30,80,03:45,33,1,,Charging (grid),1,2.010217902711639,0.0,242.36117196969576,false
1,47,19:30,81,04:00,34,1,,Charging (grid),1,2.010217902711639,0.0,242.8385987215898,false
1,47,19:30,82,04:15,35,1,,Charging (grid),1,2.010217902711639,0.0,243.3160254734838,false
1,47,19:30,83,04:30,36,1,,Charging (grid),1,2.010217902711639,0.0,243.79345222537785,false
1,47,19:30,84,04:45,37,1,,Charging (grid),1,2.010217902711639,0.0,244.27087897727185,false
1,47,19:30,85,05:00,38,1,,Charging (grid),1,2.010217902711639,0.0,244.74830572916588,false
1,47,19:30,86,05:15,39,1,,Charging (grid),1,2.010217902711639,0.0,245.22573248105988,false
1,47,19:30,87,05:30,40,1,,Charging (grid),1,2.010217902711639,0.0,245.7031592329539,false
1,47,19:30,88,05:45,41,1,,Charging (grid),1,2.010217902711639,0.0,246.1805859848479,false
1,47,19:30,89,06:00,42,1,,Charging (grid),1,2.010217902711639,0.0,246.6580127367419,false
1,47,19:30,90,06:15,43,1,,Charging (grid),1,2.010217902711639,0.0,247.13543948863594,false
1,47,19:30,91,06:30,44,1,,Charging (grid),1,2.010217902711639,0.0,247.61286624052994,false
1,47,19:30,92,06:45,45,1,,Charging (grid),1,2.010217902711639,0.0,248.09029299242397,false
1,47,19:30,93,07:00,46,1,,Charging (grid),1,2.010217902711639,0.0,248.56771974431797,false
1,47,19:30,94,07:15,47,1,,Charging (grid),1,2.010217902711639,0.0,249.04514649621197,false
1,47,19:30,95,07:30,48,1,,Charging (grid),1,2.010217902711639,0.0,249.522573248106,false
1,47,19:30,96,07:45,49,1,,Charging (grid),1,2.010217902711639,0.0,250.0,false
1,48,19:45,48,19:45,0,1,,Idle,1,0.0,0.0,229.3760733433292,false
1,48,19:45,49,20:00,1,1,,Idle,1,-0.0,0.0,229.3760733433292,false
1,48,19:45,50,20:15,2,1,,Idle,1,-0.0,0.0,229.3760733433292,false
1,48,19:45,51,20:30,3,1,,Idle,1,-0.0,0.0,229.3760733433292,false
1,48,19:45,52,20:45,4,1,,Idle,1,-0.0,0.0,229.3760733433292,false
1,48,19:45,53,21:00,5,1,,Charging (grid),1,2.010217902711639,0.0,229.8535000952232,false
1,48,19:45,54,21:15,6,1,,Charging (grid),1,2.010217902711639,0.0,230.33092684711724,false
1,48,19:45,55,21:30,7,1,,Charging (grid),1,2.010217902711639,0.0,230.80835359901124,false
1,48,19:45,56,21:45,8,1,,Charging (grid),1,2.010217902711639,0.0,231.2857803509053,false
1,48,19:45,57,22:00,9,1,,Charging (grid),1,2.010217902711639,0.0,231.7632071027993,false
1,48,19:45,58,22:15,10,1,,Charging (grid),1,2.010217902711639,0.0,232.24063385469333,false
1,48,19:45,59,22:30,11,1,,Charging (grid),1,2.010217902711639,0.0,232.71806060658733,false
1,48,19:45,60,22:45,12,1,,Charging (grid),1,2.010217902711639,0.0,233.19548735848136,false
1,48,19:45,61,23:00,13,1,,Charging (grid),1,2.010217902711639,0.0,233.67291411037536,false
1,48,19:45,62,23:15,14,1,,Charging (grid),1,2.010217902711639,0.0,234.15034086226936,false
1,48,19:45,63,23:30,15,1,,Charging (grid),1,2.010217902711639,0.0,234.62776761416336,false
1,48,19:45,64,23:45,16,1,,Charging (grid),1,0.39821610622383513,0.0,234.72234393939152,false
1,48,19:45,65,00:00,17,1,,Charging (grid),1,2.010217902711639,0.0,235.19977069128558,false
1,48,19:45,66,00:15,18,1,,Charging (grid),1,2.010217902711639,0.0,235.67719744317958,false
1,48,19:45,67,00:30,19,1,,Charging (grid),1,2.010217902711639,0.0,236.1546241950736,false
1,48,19:45,68,00:45,20,1,,Charging (grid),1,2.010217902711639,0.0,236.6320509469676,false
1,48,19:45,69,01:00,21,1,,Charging (grid),1,2.010217902711639,0.0,237.10947769886164,false
1,48,19:45,70,01:15,22,1,,Charging (grid),1,2.010217902711639,0.0,237.58690445075564,false
1,48,19:45,71,01:30,23,1,,Charging (grid),1,2.010217902711639,0.0,238.06433120264964,false
1,48,19:45,72,01:45,24,1,,Charging (grid),1,2.010217902711639,0.0,238.54175795454367,false
1,48,19:45,73,02:00,25,1,,Charging (grid),1,2.010217902711639,0.0,239.01918470643767,false
1,48,19:45,74,02:15,26,1,,Charging (grid),1,2.010217902711639,0.0,239.4966114583317,false
1,48,19:45,75,02:30,27,1,,Charging (grid),1,2.010217902711639,0.0,239.9740382102257,false
1,48,19:45,76,02:45,28,1,,Charging (grid),1,2.010217902711639,0.0,240.45146496211973,false
1,48,19:45,77,03:00,29,1,,Charging (grid),1,2.010217902711639,0.0,240.92889171401373,false
1,48,19:45,78,03:15,30,1,,Charging (grid),1,2.010217902711639,0.0,241.40631846590776,false
1,48,19:45,79,03:30,31,1,,Charging (grid),1,2.010217902711639,0.0,241.88374521780176,false
1,48,19:45,80,03:45,32,1,,Charging (grid),1,2.010217902711639,0.0,242.36117196969576,false
1,48,19:45,81,04:00,33,1,,Charging (grid),1,2.010217902711639,0.0,242.8385987215898,false
1,48,19:45,82,04:15,34,1,,Charging (grid),1,2.010217902711639,0.0,243.3160254734838,false
1,48,19:45,83,04:30,35,1,,Charging (grid),1,2.010217902711639,0.0,243.79345222537785,false
1,48,19:45,84,04:45,36,1,,Charging (grid),1,2.010217902711639,0.0,244.27087897727185,false
1,48,19:45,85,05:00,37,1,,Charging (grid),1,2.010217902711639,0.0,244.74830572916588,false
1,48,19:45,86,05:15,38,1,,Charging (grid),1,2.010217902711639,0.0,245.22573248105988,false
1,48,19:45,87,05:30,39,1,,Charging (grid),1,2.010217902711639,0.0,245.7031592329539,false
1,48,19:45,88,05:45,40,1,,Charging (grid),1,2.010217902711639,0.0,246.1805859848479,false
1,48,19:45,89,06:00,41,1,,Charging (grid),1,2.010217902711639,0.0,246.6580127367419,false
1,48,19:45,90,06:15,42,1,,Charging (grid),1,2.010217902711639,0.0,247.13543948863594,false
1,48,19:45,91,06:30,43,1,,Charging (grid),1,2.010217902711639,0.0,247.61286624052994,false
1,48,19:45,92,06:45,44,1,,Charging (grid),1,2.010217902711639,0.0,248.09029299242397,false
1,48,19:45,93,07:00,45,1,,Charging (grid),1,2.010217902711639,0.0,248.56771974431797,false
1,48,19:45,94,07:15,46,1,,Charging (grid),1,2.010217902711639,0.0,249.04514649621197,false
1,48,19:45,95,07:30,47,1,,Charging (grid),1,2.010217902711639,0.0,249.522573248106,false
1,48,19:45,96,07:45,48,1,,Charging (grid),1,2.010217902711639,0.0,250.0,false
1,49,20:00,49,20:00,0,1,,Idle,1,-0.0,0.0,229.3760733433292,false
1,49,20:00,50,20:15,1,1,,Idle,1,-0.0,0.0,229.3760733433292,false
1,49,20:00,51,20:30,2,1,,Idle,1,-0.0,0.0,229.3760733433292,false
1,49,20:00,52,20:45,3,1,,Idle,1,-0.0,0.0,229.3760733433292,false
1,49,20:00,53,21:00,4,1,,Charging (grid),1,2.010217902711639,0.0,229.8535000952232,false
1,49,20:00,54,21:15,5,1,,Charging (grid),1,2.010217902711639,0.0,230.33092684711724,false
1,49,20:00,55,21:30,6,1,,Charging (grid),1,2.010217902711639,0.0,230.80835359901124,false
1,49,20:00,56,21:45,7,1,,Charging (grid),1,2.010217902711639,0.0,231.28578035090527,false
1,49,20:00,57,22:00,8,1,,Charging (grid),1,2.010217902711639,0.0,231.76320710279927,false
1,49,20:00,58,22:15,9,1,,Charging (grid),1,2.010217902711639,0.0,232.24063385469333,false
1,49,20:00,59,22:30,10,1,,Charging (grid),1,2.010217902711639,0.0,232.71806060658733,false
1,49,20:00,60,22:45,11,1,,Charging (grid),1,2.010217902711639,0.0,233.19548735848136,false
1,49,20:00,61,23:00,12,1,,Charging (grid),1,2.010217902711639,0.0,233.67291411037536,false
1,49,20:00,62,23:15,13,1,,Charging (grid),1,2.010217902711639,0.0,234.15034086226936,false
1,49,20:00,63,23:30,14,1,,Charging (grid),1,2.010217902711639,0.0,234.62776761416336,false
1,49,20:00,64,23:45,15,1,,Charging (grid),1,0.39821610622383513,0.0,234.72234393939152,false
1,49,20:00,65,00:00,16,1,,Charging (grid),1,2.010217902711639,0.0,235.19977069128558,false
1,49,20:00,66,00:15,17,1,,Charging (grid),1,2.010217902711639,0.0,235.67719744317958,false
1,49,20:00,67,00:30,18,1,,Charging (grid),1,2.010217902711639,0.0,236.1546241950736,false
1,49,20:00,68,00:45,19,1,,Charging (grid),1,2.010217902711639,0.0,236.6320509469676,false
1,49,20:00,69,01:00,20,1,,Charging (grid),1,2.010217902711639,0.0,237.10947769886164,false
1,49,20:00,70,01:15,21,1,,Charging (grid),1,2.010217902711639,0.0,237.58690445075564,false
1,49,20:00,71,01:30,22,1,,Charging (grid),1,2.010217902711639,0.0,238.06433120264964,false
1,49,20:00,72,01:45,23,1,,Charging (grid),1,2.010217902711639,0.0,238.54175795454367,false
1,49,20:00,73,02:00,24,1,,Charging (grid),1,2.010217902711639,0.0,239.01918470643767,false
1,49,20:00,74,02:15,25,1,,Charging (grid),1,2.010217902711639,0.0,239.4966114583317,false
1,49,20:00,75,02:30,26,1,,Charging (grid),1,2.010217902711639,0.0,239.9740382102257,false
1,49,20:00,76,02:45,27,1,,Charging (grid),1,2.010217902711639,0.0,240.45146496211973,false
1,49,20:00,77,03:00,28,1,,Charging (grid),1,2.010217902711639,0.0,240.92889171401373,false
1,49,20:00,78,03:15,29,1,,Charging (grid),1,2.010217902711639,0.0,241.40631846590776,false
1,49,20:00,79,03:30,30,1,,Charging (grid),1,2.010217902711639,0.0,241.88374521780176,false
1,49,20:00,80,03:45,31,1,,Charging (grid),1,2.010217902711639,0.0,242.36117196969576,false
1,49,20:00,81,04:00,32,1,,Charging (grid),1,2.010217902711639,0.0,242.8385987215898,false
1,49,20:00,82,04:15,33,1,,Charging (grid),1,2.010217902711639,0.0,243.3160254734838,false
1,49,20:00,83,04:30,34,1,,Charging (grid),1,2.010217902711639,0.0,243.79345222537785,false
1,49,20:00,84,04:45,35,1,,Charging (grid),1,2.010217902711639,0.0,244.27087897727185,false
1,49,20:00,85,05:00,36,1,,Charging (grid),1,2.010217902711639,0.0,244.74830572916588,false
1,49,20:00,86,05:15,37,1,,Charging (grid),1,2.010217902711639,0.0,245.22573248105988,false
1,49,20:00,87,05:30,38,1,,Charging (grid),1,2.010217902711639,0.0,245.7031592329539,false
1,49,20:00,88,05:45,39,1,,Charging (grid),1,2.010217902711639,0.0,246.1805859848479,false
1,49,20:00,89,06:00,40,1,,Charging (grid),1,2.010217902711639,0.0,246.6580127367419,false
1,49,20:00,90,06:15,41,1,,Charging (grid),1,2.010217902711639,0.0,247.13543948863594,false
1,49,20:00,91,06:30,42,1,,Charging (grid),1,2.010217902711639,0.0,247.61286624052994,false
1,49,20:00,92,06:45,43,1,,Charging (grid),1,2.010217902711639,0.0,248.09029299242397,false
1,49,20:00,93,07:00,44,1,,Charging (grid),1,2.010217902711639,0.0,248.56771974431797,false
1,49,20:00,94,07:15,45,1,,Charging (grid),1,2.010217902711639,0.0,249.04514649621197,false
1,49,20:00,95,07:30,46,1,,Charging (grid),1,2.010217902711639,0.0,249.522573248106,false
1,49,20:00,96,07:45,47,1,,Charging (grid),1,2.010217902711639,0.0,250.0,false
1,50,20:15,50,20:15,0,1,,Idle,1,-0.0,0.0,229.3760733433292,false
1,50,20:15,51,20:30,1,1,,Idle,1,-0.0,0.0,229.3760733433292,false
1,50,20:15,52,20:45,2,1,,Idle,1,-0.0,0.0,229.3760733433292,false
1,50,20:15,53,21:00,3,1,,Charging (grid),1,2.010217902711639,0.0,229.8535000952232,false
1,50,20:15,54,21:15,4,1,,Charging (grid),1,2.010217902711639,0.0,230.33092684711724,false
1,50,20:15,55,21:30,5,1,,Charging (grid),1,2.010217902711639,0.0,230.80835359901124,false
1,50,20:15,56,21:45,6,1,,Charging (grid),1,2.010217902711639,0.0,231.2857803509053,false
1,50,20:15,57,22:00,7,1,,Charging (grid),1,2.010217902711639,0.0,231.7632071027993,false
1,50,20:15,58,22:15,8,1,,Charging (grid),1,2.010217902711639,0.0,232.24063385469333,false
1,50,20:15,59,22:30,9,1,,Charging (grid),1,2.010217902711639,0.0,232.71806060658733,false
1,50,20:15,60,22:45,10,1,,Charging (grid),1,2.010217902711639,0.0,233.19548735848136,false
1,50,20:15,61,23:00,11,1,,Charging (grid),1,2.010217902711639,0.0,233.67291411037536,false
1,50,20:15,62,23:15,12,1,,Charging (grid),1,2.010217902711639,0.0,234.15034086226936,false
1,50,20:15,63,23:30,13,1,,Charging (grid),1,2.010217902711639,0.0,234.62776761416336,false
1,50,20:15,64,23:45,14,1,,Charging (grid),1,0.39821610622383513,0.0,234.72234393939152,false
1,50,20:15,65,00:00,15,1,,Charging (grid),1,2.010217902711639,0.0,235.19977069128558,false
1,50,20:15,66,00:15,16,1,,Charging (grid),1,2.010217902711639,0.0,235.67719744317958,false
1,50,20:15,67,00:30,17,1,,Charging (grid),1,2.010217902711639,0.0,236.1546241950736,false
1,50,20:15,68,00:45,18,1,,Charging (grid),1,2.010217902711639,0.0,236.6320509469676,false
1,50,20:15,69,01:00,19,1,,Charging (grid),1,2.010217902711639,0.0,237.10947769886164,false
1,50,20:15,70,01:15,20,1,,Charging (grid),1,2.010217902711639,0.0,237.58690445075564,false
1,50,20:15,71,01:30,21,1,,Charging (grid),1,2.010217902711639,0.0,238.06433120264964,false
1,50,20:15,72,01:45,22,1,,Charging (grid),1,2.010217902711639,0.0,238.54175795454367,false
1,50,20:15,73,02:00,23,1,,Charging (grid),1,2.010217902711639,0.0,239.01918470643767,false
1,50,20:15,74,02:15,24,1,,Charging (grid),1,2.010217902711639,0.0,239.4966114583317,false
1,50,20:15,75,02:30,25,1,,Charging (grid),1,2.010217902711639,0.0,239.9740382102257,false
1,50,20:15,76,02:45,26,1,,Charging (grid),1,2.010217902711639,0.0,240.45146496211973,false
1,50,20:15,77,03:00,27,1,,Charging (grid),1,2.010217902711639,0.0,240.92889171401373,false
1,50,20:15,78,03:15,28,1,,Charging (grid),1,2.010217902711639,0.0,241.40631846590776,false
1,50,20:15,79,03:30,29,1,,Charging (grid),1,2.010217902711639,0.0,241.88374521780176,false
1,50,20:15,80,03:45,30,1,,Charging (grid),1,2.010217902711639,0.0,242.36117196969576,false
1,50,20:15,81,04:00,31,1,,Charging (grid),1,2.010217902711639,0.0,242.8385987215898,false
1,50,20:15,82,04:15,32,1,,Charging (grid),1,2.010217902711639,0.0,243.3160254734838,false
1,50,20:15,83,04:30,33,1,,Charging (grid),1,2.010217902711639,0.0,243.79345222537785,false
1,50,20:15,84,04:45,34,1,,Charging (grid),1,2.010217902711639,0.0,244.27087897727185,false
1,50,20:15,85,05:00,35,1,,Charging (grid),1,2.010217902711639,0.0,244.74830572916588,false
1,50,20:15,86,05:15,36,1,,Charging (grid),1,2.010217902711639,0.0,245.22573248105988,false
1,50,20:15,87,05:30,37,1,,Charging (grid),1,2.010217902711639,0.0,245.7031592329539,false
1,50,20:15,88,05:45,38,1,,Charging (grid),1,2.010217902711639,0.0,246.1805859848479,false
1,50,20:15,89,06:00,39,1,,Charging (grid),1,2.010217902711639,0.0,246.6580127367419,false
1,50,20:15,90,06:15,40,1,,Charging (grid),1,2.010217902711639,0.0,247.13543948863594,false
1,50,20:15,91,06:30,41,1,,Charging (grid),1,2.010217902711639,0.0,247.61286624052994,false
1,50,20:15,92,06:45,42,1,,Charging (grid),1,2.010217902711639,0.0,248.09029299242397,false
1,50,20:15,93,07:00,43,1,,Charging (grid),1,2.010217902711639,0.0,248.56771974431797,false
1,50,20:15,94,07:15,44,1,,Charging (grid),1,2.010217902711639,0.0,249.04514649621197,false
1,50,20:15,95,07:30,45,1,,Charging (grid),1,2.010217902711639,0.0,249.522573248106,false
1,50,20:15,96,07:45,46,1,,Charging (grid),1,2.010217902711639,0.0,250.0,false
1,51,20:30,51,20:30,0,1,,Idle,1,-0.0,0.0,229.3760733433292,false
1,51,20:30,52,20:45,1,1,,Idle,1,-0.0,0.0,229.3760733433292,false
1,51,20:30,53,21:00,2,1,,Charging (grid),1,2.010217902711639,0.0,229.85350009522324,false
1,51,20:30,54,21:15,3,1,,Charging (grid),1,2.010217902711639,0.0,230.33092684711724,false
1,51,20:30,55,21:30,4,1,,Charging (grid),1,2.010217902711639,0.0,230.80835359901124,false
1,51,20:30,56,21:45,5,1,,Charging (grid),1,2.010217902711639,0.0,231.28578035090527,false
1,51,20:30,57,22:00,6,1,,Charging (grid),1,2.010217902711639,0.0,231.76320710279927,false
1,51,20:30,58,22:15,7,1,,Charging (grid),1,2.010217902711639,0.0,232.2406338546933,false
1,51,20:30,59,22:30,8,1,,Charging (grid),1,2.010217902711639,0.0,232.7180606065873,false
1,51,20:30,60,22:45,9,1,,Charging (grid),1,2.010217902711639,0.0,233.19548735848133,false
1,51,20:30,61,23:00,10,1,,Charging (grid),1,2.010217902711639,0.0,233.67291411037533,false
1,51,20:30,62,23:15,11,1,,Charging (grid),1,2.010217902711639,0.0,234.15034086226936,false
1,51,20:30,63,23:30,12,1,,Charging (grid),1,2.010217902711639,0.0,234.62776761416336,false
1,51,20:30,64,23:45,13,1,,Charging (grid),1,0.39821610622383513,0.0,234.72234393939152,false
1,51,20:30,65,00:00,14,1,,Charging (grid),1,2.010217902711639,0.0,235.19977069128555,false
1,51,20:30,66,00:15,15,1,,Charging (grid),1,2.010217902711639,0.0,235.67719744317955,false
1,51,20:30,67,00:30,16,1,,Charging (grid),1,2.010217902711639,0.0,236.1546241950736,false
1,51,20:30,68,00:45,17,1,,Charging (grid),1,2.010217902711639,0.0,236.6320509469676,false
1,51,20:30,69,01:00,18,1,,Charging (grid),1,2.010217902711639,0.0,237.10947769886164,false
1,51,20:30,70,01:15,19,1,,Charging (grid),1,2.010217902711639,0.0,237.58690445075564,false
1,51,20:30,71,01:30,20,1,,Charging (grid),1,2.010217902711639,0.0,238.06433120264964,false
1,51,20:30,72,01:45,21,1,,Charging (grid),1,2.010217902711639,0.0,238.54175795454367,false
1,51,20:30,73,02:00,22,1,,Charging (grid),1,2.010217902711639,0.0,239.01918470643767,false
1,51,20:30,74,02:15,23,1,,Charging (grid),1,2.010217902711639,0.0,239.4966114583317,false
1,51,20:30,75,02:30,24,1,,Charging (grid),1,2.010217902711639,0.0,239.9740382102257,false
1,51,20:30,76,02:45,25,1,,Charging (grid),1,2.010217902711639,0.0,240.45146496211973,false
1,51,20:30,77,03:00,26,1,,Charging (grid),1,2.010217902711639,0.0,240.92889171401373,false
1,51,20:30,78,03:15,27,1,,Charging (grid),1,2.010217902711639,0.0,241.40631846590776,false
1,51,20:30,79,03:30,28,1,,Charging (grid),1,2.010217902711639,0.0,241.88374521780176,false
1,51,20:30,80,03:45,29,1,,Charging (grid),1,2.010217902711639,0.0,242.36117196969576,false
1,51,20:30,81,04:00,30,1,,Charging (grid),1,2.010217902711639,0.0,242.8385987215898,false
1,51,20:30,82,04:15,31,1,,Charging (grid),1,2.010217902711639,0.0,243.3160254734838,false
1,51,20:30,83,04:30,32,1,,Charging (grid),1,2.010217902711639,0.0,243.79345222537785,false
1,51,20:30,84,04:45,33,1,,Charging (grid),1,2.010217902711639,0.0,244.27087897727185,false
1,51,20:30,85,05:00,34,1,,Charging (grid),1,2.010217902711639,0.0,244.74830572916588,false
1,51,20:30,86,05:15,35,1,,Charging (grid),1,2.010217902711639,0.0,245.22573248105988,false
1,51,20:30,87,05:30,36,1,,Charging (grid),1,2.010217902711639,0.0,245.7031592329539,false
1,51,20:30,88,05:45,37,1,,Charging (grid),1,2.010217902711639,0.0,246.1805859848479,false
1,51,20:30,89,06:00,38,1,,Charging (grid),1,2.010217902711639,0.0,246.6580127367419,false
1,51,20:30,90,06:15,39,1,,Charging (grid),1,2.010217902711639,0.0,247.13543948863594,false
1,51,20:30,91,06:30,40,1,,Charging (grid),1,2.010217902711639,0.0,247.61286624052994,false
1,51,20:30,92,06:45,41,1,,Charging (grid),1,2.010217902711639,0.0,248.09029299242397,false
1,51,20:30,93,07:00,42,1,,Charging (grid),1,2.010217902711639,0.0,248.56771974431797,false
1,51,20:30,94,07:15,43,1,,Charging (grid),1,2.010217902711639,0.0,249.04514649621197,false
1,51,20:30,95,07:30,44,1,,Charging (grid),1,2.010217902711639,0.0,249.522573248106,false
1,51,20:30,96,07:45,45,1,,Charging (grid),1,2.010217902711639,0.0,250.0,false
1,52,20:45,52,20:45,0,1,,Idle,1,0.0,0.0,229.3760733433292,false
1,52,20:45,53,21:00,1,1,,Charging (grid),1,2.010217902711639,0.0,229.85350009522324,false
1,52,20:45,54,21:15,2,1,,Charging (grid),1,2.010217902711639,0.0,230.33092684711724,false
1,52,20:45,55,21:30,3,1,,Charging (grid),1,2.010217902711639,0.0,230.80835359901124,false
1,52,20:45,56,21:45,4,1,,Charging (grid),1,2.010217902711639,0.0,231.28578035090527,false
1,52,20:45,57,22:00,5,1,,Charging (grid),1,2.010217902711639,0.0,231.76320710279927,false
1,52,20:45,58,22:15,6,1,,Charging (grid),1,2.010217902711639,0.0,232.2406338546933,false
1,52,20:45,59,22:30,7,1,,Charging (grid),1,2.010217902711639,0.0,232.7180606065873,false
1,52,20:45,60,22:45,8,1,,Charging (grid),1,2.010217902711639,0.0,233.19548735848133,false
1,52,20:45,61,23:00,9,1,,Charging (grid),1,2.010217902711639,0.0,233.67291411037533,false
1,52,20:45,62,23:15,10,1,,Charging (grid),1,2.010217902711639,0.0,234.15034086226936,false
1,52,20:45,63,23:30,11,1,,Charging (grid),1,2.010217902711639,0.0,234.62776761416336,false
1,52,20:45,64,23:45,12,1,,Charging (grid),1,0.39821610622383513,0.0,234.72234393939152,false
1,52,20:45,65,00:00,13,1,,Charging (grid),1,2.010217902711639,0.0,235.19977069128552,false
1,52,20:45,66,00:15,14,1,,Charging (grid),1,2.010217902711639,0.0,235.67719744317952,false
1,52,20:45,67,00:30,15,1,,Charging (grid),1,2.010217902711639,0.0,236.15462419507358,false
1,52,20:45,68,00:45,16,1,,Charging (grid),1,2.010217902711639,0.0,236.63205094696758,false
1,52,20:45,69,01:00,17,1,,Charging (grid),1,2.010217902711639,0.0,237.1094776988616,false
1,52,20:45,70,01:15,18,1,,Charging (grid),1,2.010217902711639,0.0,237.5869044507556,false
1,52,20:45,71,01:30,19,1,,Charging (grid),1,2.010217902711639,0.0,238.06433120264964,false
1,52,20:45,72,01:45,20,1,,Charging (grid),1,2.010217902711639,0.0,238.54175795454367,false
1,52,20:45,73,02:00,21,1,,Charging (grid),1,2.010217902711639,0.0,239.01918470643767,false
1,52,20:45,74,02:15,22,1,,Charging (grid),1,2.010217902711639,0.0,239.4966114583317,false
1,52,20:45,75,02:30,23,1,,Charging (grid),1,2.010217902711639,0.0,239.9740382102257,false
1,52,20:45,76,02:45,24,1,,Charging (grid),1,2.010217902711639,0.0,240.45146496211973,false
1,52,20:45,77,03:00,25,1,,Charging (grid),1,2.010217902711639,0.0,240.92889171401373,false
1,52,20:45,78,03:15,26,1,,Charging (grid),1,2.010217902711639,0.0,241.40631846590776,false
1,52,20:45,79,03:30,27,1,,Charging (grid),1,2.010217902711639,0.0,241.88374521780176,false
1,52,20:45,80,03:45,28,1,,Charging (grid),1,2.010217902711639,0.0,242.36117196969576,false
1,52,20:45,81,04:00,29,1,,Charging (grid),1,2.010217902711639,0.0,242.8385987215898,false
1,52,20:45,82,04:15,30,1,,Charging (grid),1,2.010217902711639,0.0,243.3160254734838,false
1,52,20:45,83,04:30,31,1,,Charging (grid),1,2.010217902711639,0.0,243.79345222537785,false
1,52,20:45,84,04:45,32,1,,Charging (grid),1,2.010217902711639,0.0,244.27087897727185,false
1,52,20:45,85,05:00,33,1,,Charging (grid),1,2.010217902711639,0.0,244.74830572916588,false
1,52,20:45,86,05:15,34,1,,Charging (grid),1,2.010217902711639,0.0,245.22573248105988,false
1,52,20:45,87,05:30,35,1,,Charging (grid),1,2.010217902711639,0.0,245.7031592329539,false
1,52,20:45,88,05:45,36,1,,Charging (grid),1,2.010217902711639,0.0,246.1805859848479,false
1,52,20:45,89,06:00,37,1,,Charging (grid),1,2.010217902711639,0.0,246.6580127367419,false
1,52,20:45,90,06:15,38,1,,Charging (grid),1,2.010217902711639,0.0,247.13543948863594,false
1,52,20:45,91,06:30,39,1,,Charging (grid),1,2.010217902711639,0.0,247.61286624052994,false
1,52,20:45,92,06:45,40,1,,Charging (grid),1,2.010217902711639,0.0,248.09029299242397,false
1,52,20:45,93,07:00,41,1,,Charging (grid),1,2.010217902711639,0.0,248.56771974431797,false
1,52,20:45,94,07:15,42,1,,Charging (grid),1,2.010217902711639,0.0,249.04514649621197,false
1,52,20:45,95,07:30,43,1,,Charging (grid),1,2.010217902711639,0.0,249.522573248106,false
1,52,20:45,96,07:45,44,1,,Charging (grid),1,2.010217902711639,0.0,250.0,false
1,53,21:00,53,21:00,0,1,,Charging (grid),1,2.010217902711639,0.0,229.8535000952232,false
1,53,21:00,54,21:15,1,1,,Charging (grid),1,2.010217902711639,0.0,230.33092684711724,false
1,53,21:00,55,21:30,2,1,,Charging (grid),1,2.010217902711639,0.0,230.80835359901124,false
1,53,21:00,56,21:45,3,1,,Charging (grid),1,2.010217902711639,0.0,231.28578035090527,false
1,53,21:00,57,22:00,4,1,,Charging (grid),1,2.010217902711639,0.0,231.76320710279927,false
1,53,21:00,58,22:15,5,1,,Charging (grid),1,2.010217902711639,0.0,232.2406338546933,false
1,53,21:00,59,22:30,6,1,,Charging (grid),1,2.010217902711639,0.0,232.7180606065873,false
1,53,21:00,60,22:45,7,1,,Charging (grid),1,2.010217902711639,0.0,233.19548735848133,false
1,53,21:00,61,23:00,8,1,,Charging (grid),1,2.010217902711639,0.0,233.67291411037533,false
1,53,21:00,62,23:15,9,1,,Charging (grid),1,2.010217902711639,0.0,234.15034086226936,false
1,53,21:00,63,23:30,10,1,,Charging (grid),1,2.010217902711639,0.0,234.62776761416336,false
1,53,21:00,64,23:45,11,1,,Charging (grid),1,0.39821610622383513,0.0,234.72234393939152,false
1,53,21:00,65,00:00,12,1,,Charging (grid),1,2.010217902711639,0.0,235.19977069128552,false
1,53,21:00,66,00:15,13,1,,Charging (grid),1,2.010217902711639,0.0,235.67719744317952,false
1,53,21:00,67,00:30,14,1,,Charging (grid),1,2.010217902711639,0.0,236.15462419507358,false
1,53,21:00,68,00:45,15,1,,Charging (grid),1,2.010217902711639,0.0,236.63205094696758,false
1,53,21:00,69,01:00,16,1,,Charging (grid),1,2.010217902711639,0.0,237.1094776988616,false
1,53,21:00,70,01:15,17,1,,Charging (grid),1,2.010217902711639,0.0,237.5869044507556,false
1,53,21:00,71,01:30,18,1,,Charging (grid),1,2.010217902711639,0.0,238.06433120264964,false
1,53,21:00,72,01:45,19,1,,Charging (grid),1,2.010217902711639,0.0,238.54175795454364,false
1,53,21:00,73,02:00,20,1,,Charging (grid),1,2.010217902711639,0.0,239.01918470643764,false
1,53,21:00,74,02:15,21,1,,Charging (grid),1,2.010217902711639,0.0,239.49661145833167,false
1,53,21:00,75,02:30,22,1,,Charging (grid),1,2.010217902711639,0.0,239.97403821022567,false
1,53,21:00,76,02:45,23,1,,Charging (grid),1,2.010217902711639,0.0,240.4514649621197,false
1,53,21:00,77,03:00,24,1,,Charging (grid),1,2.010217902711639,0.0,240.9288917140137,false
1,53,21:00,78,03:15,25,1,,Charging (grid),1,2.010217902711639,0.0,241.40631846590773,false
1,53,21:00,79,03:30,26,1,,Charging (grid),1,2.010217902711639,0.0,241.88374521780173,false
1,53,21:00,80,03:45,27,1,,Charging (grid),1,2.010217902711639,0.0,242.36117196969576,false
1,53,21:00,81,04:00,28,1,,Charging (grid),1,2.010217902711639,0.0,242.8385987215898,false
1,53,21:00,82,04:15,29,1,,Charging (grid),1,2.010217902711639,0.0,243.3160254734838,false
1,53,21:00,83,04:30,30,1,,Charging (grid),1,2.010217902711639,0.0,243.79345222537782,false
1,53,21:00,84,04:45,31,1,,Charging (grid),1,2.010217902711639,0.0,244.27087897727182,false
1,53,21:00,85,05:00,32,1,,Charging (grid),1,2.010217902711639,0.0,244.74830572916588,false
1,53,21:00,86,05:15,33,1,,Charging (grid),1,2.010217902711639,0.0,245.22573248105988,false
1,53,21:00,87,05:30,34,1,,Charging (grid),1,2.010217902711639,0.0,245.7031592329539,false
1,53,21:00,88,05:45,35,1,,Charging (grid),1,2.010217902711639,0.0,246.1805859848479,false
1,53,21:00,89,06:00,36,1,,Charging (grid),1,2.010217902711639,0.0,246.6580127367419,false
1,53,21:00,90,06:15,37,1,,Charging (grid),1,2.010217902711639,0.0,247.13543948863594,false
1,53,21:00,91,06:30,38,1,,Charging (grid),1,2.010217902711639,0.0,247.61286624052994,false
1,53,21:00,92,06:45,39,1,,Charging (grid),1,2.010217902711639,0.0,248.09029299242397,false
1,53,21:00,93,07:00,40,1,,Charging (grid),1,2.010217902711639,0.0,248.56771974431797,false
1,53,21:00,94,07:15,41,1,,Charging (grid),1,2.010217902711639,0.0,249.04514649621197,false
1,53,21:00,95,07:30,42,1,,Charging (grid),1,2.010217902711639,0.0,249.522573248106,false
1,53,21:00,96,07:45,43,1,,Charging (grid),1,2.010217902711639,0.0,250.0,false
1,54,21:15,54,21:15,0,1,,Charging (grid),1,2.010217902711639,0.0,230.33092684711718,false
1,54,21:15,55,21:30,1,1,,Charging (grid),1,2.010217902711639,0.0,230.8083535990112,false
1,54,21:15,56,21:45,2,1,,Charging (grid),1,2.010217902711639,0.0,231.2857803509052,false
1,54,21:15,57,22:00,3,1,,Charging (grid),1,2.010217902711639,0.0,231.7632071027992,false
1,54,21:15,58,22:15,4,1,,Charging (grid),1,2.010217902711639,0.0,232.24063385469327,false
1,54,21:15,59,22:30,5,1,,Charging (grid),1,2.010217902711639,0.0,232.71806060658727,false
1,54,21:15,60,22:45,6,1,,Charging (grid),1,2.010217902711639,0.0,233.1954873584813,false
1,54,21:15,61,23:00,7,1,,Charging (grid),1,2.010217902711639,0.0,233.6729141103753,false
1,54,21:15,62,23:15,8,1,,Charging (grid),1,2.010217902711639,0.0,234.15034086226933,false
1,54,21:15,63,23:30,9,1,,Charging (grid),1,2.010217902711639,0.0,234.62776761416333,false
1,54,21:15,64,23:45,10,1,,Charging (grid),1,0.39821610622401465,0.0,234.72234393939152,false
1,54,21:15,65,00:00,11,1,,Charging (grid),1,2.010217902711639,0.0,235.19977069128555,false
1,54,21:15,66,00:15,12,1,,Charging (grid),1,2.010217902711639,0.0,235.67719744317955,false
1,54,21:15,67,00:30,13,1,,Charging (grid),1,2.010217902711639,0.0,236.15462419507358,false
1,54,21:15,68,00:45,14,1,,Charging (grid),1,2.010217902711639,0.0,236.63205094696758,false
1,54,21:15,69,01:00,15,1,,Charging (grid),1,2.010217902711639,0.0,237.1094776988616,false
1,54,21:15,70,01:15,16,1,,Charging (grid),1,2.010217902711639,0.0,237.5869044507556,false
1,54,21:15,71,01:30,17,1,,Charging (grid),1,2.010217902711639,0.0,238.06433120264964,false
1,54,21:15,72,01:45,18,1,,Charging (grid),1,2.010217902711639,0.0,238.54175795454364,false
1,54,21:15,73,02:00,19,1,,Charging (grid),1,2.010217902711639,0.0,239.01918470643764,false
1,54,21:15,74,02:15,20,1,,Charging (grid),1,2.010217902711639,0.0,239.49661145833167,false
1,54,21:15,75,02:30,21,1,,Charging (grid),1,2.010217902711639,0.0,239.97403821022567,false
1,54,21:15,76,02:45,22,1,,Charging (grid),1,2.010217902711639,0.0,240.4514649621197,false
1,54,21:15,77,03:00,23,1,,Charging (grid),1,2.010217902711639,0.0,240.9288917140137,false
1,54,21:15,78,03:15,24,1,,Charging (grid),1,2.010217902711639,0.0,241.40631846590773,false
1,54,21:15,79,03:30,25,1,,Charging (grid),1,2.010217902711639,0.0,241.88374521780173,false
1,54,21:15,80,03:45,26,1,,Charging (grid),1,2.010217902711639,0.0,242.36117196969576,false
1,54,21:15,81,04:00,27,1,,Charging (grid),1,2.010217902711639,0.0,242.83859872158976,false
1,54,21:15,82,04:15,28,1,,Charging (grid),1,2.010217902711639,0.0,243.31602547348376,false
1,54,21:15,83,04:30,29,1,,Charging (grid),1,2.010217902711639,0.0,243.7934522253778,false
1,54,21:15,84,04:45,30,1,,Charging (grid),1,2.010217902711639,0.0,244.2708789772718,false
1,54,21:15,85,05:00,31,1,,Charging (grid),1,2.010217902711639,0.0,244.74830572916582,false
1,54,21:15,86,05:15,32,1,,Charging (grid),1,2.010217902711639,0.0,245.22573248105982,false
1,54,21:15,87,05:30,33,1,,Charging (grid),1,2.010217902711639,0.0,245.70315923295385,false
1,54,21:15,88,05:45,34,1,,Charging (grid),1,2.010217902711639,0.0,246.18058598484785,false
1,54,21:15,89,06:00,35,1,,Charging (grid),1,2.010217902711639,0.0,246.6580127367419,false
1,54,21:15,90,06:15,36,1,,Charging (grid),1,2.010217902711639,0.0,247.13543948863594,false
1,54,21:15,91,06:30,37,1,,Charging (grid),1,2.010217902711639,0.0,247.61286624052994,false
1,54,21:15,92,06:45,38,1,,Charging (grid),1,2.010217902711639,0.0,248.09029299242397,false
1,54,21:15,93,07:00,39,1,,Charging (grid),1,2.010217902711639,0.0,248.56771974431797,false
1,54,21:15,94,07:15,40,1,,Charging (grid),1,2.010217902711639,0.0,249.04514649621197,false
1,54,21:15,95,07:30,41,1,,Charging (grid),1,2.010217902711639,0.0,249.522573248106,false
1,54,21:15,96,07:45,42,1,,Charging (grid),1,2.010217902711639,0.0,250.0,false
1,55,21:30,55,21:30,0,1,,Charging (grid),1,2.010217902711639,0.0,230.80835359901116,false
1,55,21:30,56,21:45,1,1,,Charging (grid),1,2.010217902711639,0.0,231.28578035090518,false
1,55,21:30,57,22:00,2,1,,Charging (grid),1,2.010217902711639,0.0,231.76320710279919,false
1,55,21:30,58,22:15,3,1,,Charging (grid),1,2.010217902711639,0.0,232.24063385469324,false
1,55,21:30,59,22:30,4,1,,Charging (grid),1,2.010217902711639,0.0,232.71806060658724,false
1,55,21:30,60,22:45,5,1,,Charging (grid),1,2.010217902711639,0.0,233.19548735848127,false
1,55,21:30,61,23:00,6,1,,Charging (grid),1,2.010217902711639,0.0,233.67291411037527,false
1,55,21:30,62,23:15,7,1,,Charging (grid),1,2.010217902711639,0.0,234.1503408622693,false
1,55,21:30,63,23:30,8,1,,Charging (grid),1,2.010217902711639,0.0,234.6277676141633,false
1,55,21:30,64,23:45,9,1,,Charging (grid),1,0.3982161062241941,0.0,234.72234393939155,false
1,55,21:30,65,00:00,10,1,,Charging (grid),1,2.010217902711639,0.0,235.19977069128555,false
1,55,21:30,66,00:15,11,1,,Charging (grid),1,2.010217902711639,0.0,235.67719744317955,false
1,55,21:30,67,00:30,12,1,,Charging (grid),1,2.010217902711639,0.0,236.15462419507358,false
1,55,21:30,68,00:45,13,1,,Charging (grid),1,2.010217902711639,0.0,236.63205094696758,false
1,55,21:30,69,01:00,14,1,,Charging (grid),1,2.010217902711639,0.0,237.1094776988616,false
1,55,21:30,70,01:15,15,1,,Charging (grid),1,2.010217902711639,0.0,237.5869044507556,false
1,55,21:30,71,01:30,16,1,,Charging (grid),1,2.010217902711639,0.0,238.06433120264964,false
1,55,21:30,72,01:45,17,1,,Charging (grid),1,2.010217902711639,0.0,238.54175795454364,false
1,55,21:30,73,02:00,18,1,,Charging (grid),1,2.010217902711639,0.0,239.01918470643764,false
1,55,21:30,74,02:15,19,1,,Charging (grid),1,2.010217902711639,0.0,239.49661145833167,false
1,55,21:30,75,02:30,20,1,,Charging (grid),1,2.010217902711639,0.0,239.97403821022567,false
1,55,21:30,76,02:45,21,1,,Charging (grid),1,2.010217902711639,0.0,240.45146496211973,false
1,55,21:30,77,03:00,22,1,,Charging (grid),1,2.010217902711639,0.0,240.92889171401373,false
1,55,21:30,78,03:15,23,1,,Charging (grid),1,2.010217902711639,0.0,241.40631846590776,false
1,55,21:30,79,03:30,24,1,,Charging (grid),1,2.010217902711639,0.0,241.88374521780176,false
1,55,21:30,80,03:45,25,1,,Charging (grid),1,2.010217902711639,0.0,242.3611719696958,false
1,55,21:30,81,04:00,26,1,,Charging (grid),1,2.010217902711639,0.0,242.8385987215898,false
1,55,21:30,82,04:15,27,1,,Charging (grid),1,2.010217902711639,0.0,243.3160254734838,false
1,55,21:30,83,04:30,28,1,,Charging (grid),1,2.010217902711639,0.0,243.79345222537782,false
1,55,21:30,84,04:45,29,1,,Charging (grid),1,2.010217902711639,0.0,244.27087897727182,false
1,55,21:30,85,05:00,30,1,,Charging (grid),1,2.010217902711639,0.0,244.74830572916585,false
1,55,21:30,86,05:15,31,1,,Charging (grid),1,2.010217902711639,0.0,245.22573248105985,false
1,55,21:30,87,05:30,32,1,,Charging (grid),1,2.010217902711639,0.0,245.70315923295388,false
1,55,21:30,88,05:45,33,1,,Charging (grid),1,2.010217902711639,0.0,246.18058598484788,false
1,55,21:30,89,06:00,34,1,,Charging (grid),1,2.010217902711639,0.0,246.6580127367419,false
1,55,21:30,90,06:15,35,1,,Charging (grid),1,2.010217902711639,0.0,247.1354394886359,false
1,55,21:30,91,06:30,36,1,,Charging (grid),1,2.010217902711639,0.0,247.6128662405299,false
1,55,21:30,92,06:45,37,1,,Charging (grid),1,2.010217902711639,0.0,248.09029299242394,false
1,55,21:30,93,07:00,38,1,,Charging (grid),1,2.010217902711639,0.0,248.56771974431794,false
1,55,21:30,94,07:15,39,1,,Charging (grid),1,2.010217902711639,0.0,249.04514649621197,false
1,55,21:30,95,07:30,40,1,,Charging (grid),1,2.010217902711639,0.0,249.522573248106,false
1,55,21:30,96,07:45,41,1,,Charging (grid),1,2.010217902711639,0.0,250.0,false
1,56,21:45,56,21:45,0,1,,Charging (grid),1,2.010217902711639,0.0,231.28578035090513,false
1,56,21:45,57,22:00,1,1,,Charging (grid),1,2.010217902711639,0.0,231.76320710279916,false
1,56,21:45,58,22:15,2,1,,Charging (grid),1,2.010217902711639,0.0,232.24063385469316,false
1,56,21:45,59,22:30,3,1,,Charging (grid),1,2.010217902711639,0.0,232.71806060658716,false
1,56,21:45,60,22:45,4,1,,Charging (grid),1,2.010217902711639,0.0,233.19548735848122,false
1,56,21:45,61,23:00,5,1,,Charging (grid),1,2.010217902711639,0.0,233.67291411037522,false
1,56,21:45,62,23:15,6,1,,Charging (grid),1,2.010217902711639,0.0,234.15034086226925,false
1,56,21:45,63,23:30,7,1,,Charging (grid),1,2.010217902711639,0.0,234.62776761416325,false
1,56,21:45,64,23:45,8,1,,Charging (grid),1,0.39821610622437364,0.0,234.72234393939152,false
1,56,21:45,65,00:00,9,1,,Charging (grid),1,2.010217902711639,0.0,235.19977069128555,false
1,56,21:45,66,00:15,10,1,,Charging (grid),1,2.010217902711639,0.0,235.67719744317955,false
1,56,21:45,67,00:30,11,1,,Charging (grid),1,2.010217902711639,0.0,236.15462419507358,false
1,56,21:45,68,00:45,12,1,,Charging (grid),1,2.010217902711639,0.0,236.63205094696758,false
1,56,21:45,69,01:00,13,1,,Charging (grid),1,2.010217902711639,0.0,237.1094776988616,false
1,56,21:45,70,01:15,14,1,,Charging (grid),1,2.010217902711639,0.0,237.5869044507556,false
1,56,21:45,71,01:30,15,1,,Charging (grid),1,2.010217902711639,0.0,238.06433120264964,false
1,56,21:45,72,01:45,16,1,,Charging (grid),1,2.010217902711639,0.0,238.54175795454364,false
1,56,21:45,73,02:00,17,1,,Charging (grid),1,2.010217902711639,0.0,239.01918470643764,false
1,56,21:45,74,02:15,18,1,,Charging (grid),1,2.010217902711639,0.0,239.49661145833167,false
1,56,21:45,75,02:30,19,1,,Charging (grid),1,2.010217902711639,0.0,239.97403821022567,false
1,56,21:45,76,02:45,20,1,,Charging (grid),1,2.010217902711639,0.0,240.45146496211973,false
1,56,21:45,77,03:00,21,1,,Charging (grid),1,2.010217902711639,0.0,240.92889171401373,false
1,56,21:45,78,03:15,22,1,,Charging (grid),1,2.010217902711639,0.0,241.40631846590776,false
1,56,21:45,79,03:30,23,1,,Charging (grid),1,2.010217902711639,0.0,241.88374521780176,false
1,56,21:45,80,03:45,24,1,,Charging (grid),1,2.010217902711639,0.0,242.3611719696958,false
1,56,21:45,81,04:00,25,1,,Charging (grid),1,2.010217902711639,0.0,242.8385987215898,false
1,56,21:45,82,04:15,26,1,,Charging (grid),1,2.010217902711639,0.0,243.3160254734838,false
1,56,21:45,83,04:30,27,1,,Charging (grid),1,2.010217902711639,0.0,243.79345222537782,false
1,56,21:45,84,04:45,28,1,,Charging (grid),1,2.010217902711639,0.0,244.27087897727182,false
1,56,21:45,85,05:00,29,1,,Charging (grid),1,2.010217902711639,0.0,244.74830572916585,false
1,56,21:45,86,05:15,30,1,,Charging (grid),1,2.010217902711639,0.0,245.22573248105985,false
1,56,21:45,87,05:30,31,1,,Charging (grid),1,2.010217902711639,0.0,245.70315923295388,false
1,56,21:45,88,05:45,32,1,,Charging (grid),1,2.010217902711639,0.0,246.18058598484788,false
1,56,21:45,89,06:00,33,1,,Charging (grid),1,2.010217902711639,0.0,246.6580127367419,false
1,56,21:45,90,06:15,34,1,,Charging (grid),1,2.010217902711639,0.0,247.1354394886359,false
1,56,21:45,91,06:30,35,1,,Charging (grid),1,2.010217902711639,0.0,247.6128662405299,false
1,56,21:45,92,06:45,36,1,,Charging (grid),1,2.010217902711639,0.0,248.09029299242394,false
1,56,21:45,93,07:00,37,1,,Charging (grid),1,2.010217902711639,0.0,248.56771974431794,false
1,56,21:45,94,07:15,38,1,,Charging (grid),1,2.010217902711639,0.0,249.04514649621197,false
1,56,21:45,95,07:30,39,1,,Charging (grid),1,2.010217902711639,0.0,249.522573248106,false
1,56,21:45,96,07:45,40,1,,Charging (grid),1,2.010217902711639,0.0,250.0,false
1,57,22:00,57,22:00,0,1,,Charging (grid),1,2.010217902711639,0.0,231.7632071027991,false
1,57,22:00,58,22:15,1,1,,Charging (grid),1,2.010217902711639,0.0,232.24063385469313,false
1,57,22:00,59,22:30,2,1,,Charging (grid),1,2.010217902711639,0.0,232.71806060658713,false
1,57,22:00,60,22:45,3,1,,Charging (grid),1,2.010217902711639,0.0,233.19548735848116,false
1,57,22:00,61,23:00,4,1,,Charging (grid),1,2.010217902711639,0.0,233.67291411037516,false
1,57,22:00,62,23:15,5,1,,Charging (grid),1,2.010217902711639,0.0,234.15034086226922,false
1,57,22:00,63,23:30,6,1,,Charging (grid),1,2.010217902711639,0.0,234.62776761416322,false
1,57,22:00,64,23:45,7,1,,Charging (grid),1,0.39821610622455317,0.0,234.72234393939155,false
1,57,22:00,65,00:00,8,1,,Charging (grid),1,2.010217902711639,0.0,235.19977069128555,false
1,57,22:00,66,00:15,9,1,,Charging (grid),1,2.010217902711639,0.0,235.67719744317955,false
1,57,22:00,67,00:30,10,1,,Charging (grid),1,2.010217902711639,0.0,236.15462419507358,false
1,57,22:00,68,00:45,11,1,,Charging (grid),1,2.010217902711639,0.0,236.63205094696758,false
1,57,22:00,69,01:00,12,1,,Charging (grid),1,2.010217902711639,0.0,237.1094776988616,false
1,57,22:00,70,01:15,13,1,,Charging (grid),1,2.010217902711639,0.0,237.5869044507556,false
1,57,22:00,71,01:30,14,1,,Charging (grid),1,2.010217902711639,0.0,238.06433120264964,false
1,57,22:00,72,01:45,15,1,,Charging (grid),1,2.010217902711639,0.0,238.54175795454364,false
1,57,22:00,73,02:00,16,1,,Charging (grid),1,2.010217902711639,0.0,239.01918470643764,false
1,57,22:00,74,02:15,17,1,,Charging (grid),1,2.010217902711639,0.0,239.49661145833167,false
1,57,22:00,75,02:30,18,1,,Charging (grid),1,2.010217902711639,0.0,239.97403821022567,false
1,57,22:00,76,02:45,19,1,,Charging (grid),1,2.010217902711639,0.0,240.45146496211973,false
1,57,22:00,77,03:00,20,1,,Charging (grid),1,2.010217902711639,0.0,240.92889171401373,false
1,57,22:00,78,03:15,21,1,,Charging (grid),1,2.010217902711639,0.0,241.40631846590776,false
1,57,22:00,79,03:30,22,1,,Charging (grid),1,2.010217902711639,0.0,241.88374521780176,false
1,57,22:00,80,03:45,23,1,,Charging (grid),1,2.010217902711639,0.0,242.3611719696958,false
1,57,22:00,81,04:00,24,1,,Charging (grid),1,2.010217902711639,0.0,242.8385987215898,false
1,57,22:00,82,04:15,25,1,,Charging (grid),1,2.010217902711639,0.0,243.3160254734838,false
1,57,22:00,83,04:30,26,1,,Charging (grid),1,2.010217902711639,0.0,243.79345222537782,false
1,57,22:00,84,04:45,27,1,,Charging (grid),1,2.010217902711639,0.0,244.27087897727182,false
1,57,22:00,85,05:00,28,1,,Charging (grid),1,2.010217902711639,0.0,244.74830572916585,false
1,57,22:00,86,05:15,29,1,,Charging (grid),1,2.010217902711639,0.0,245.22573248105985,false
1,57,22:00,87,05:30,30,1,,Charging (grid),1,2.010217902711639,0.0,245.70315923295388,false
1,57,22:00,88,05:45,31,1,,Charging (grid),1,2.010217902711639,0.0,246.18058598484788,false
1,57,22:00,89,06:00,32,1,,Charging (grid),1,2.010217902711639,0.0,246.6580127367419,false
1,57,22:00,90,06:15,33,1,,Charging (grid),1,2.010217902711639,0.0,247.1354394886359,false
1,57,22:00,91,06:30,34,1,,Charging (grid),1,2.010217902711639,0.0,247.6128662405299,false
1,57,22:00,92,06:45,35,1,,Charging (grid),1,2.010217902711639,0.0,248.09029299242394,false
1,57,22:00,93,07:00,36,1,,Charging (grid),1,2.010217902711639,0.0,248.56771974431794,false
1,57,22:00,94,07:15,37,1,,Charging (grid),1,2.010217902711639,0.0,249.04514649621197,false
1,57,22:00,95,07:30,38,1,,Charging (grid),1,2.010217902711639,0.0,249.522573248106,false
1,57,22:00,96,07:45,39,1,,Charging (grid),1,2.010217902711639,0.0,250.0,false
1,58,22:15,58,22:15,0,1,,Charging (grid),1,2.010217902711639,0.0,232.24063385469307,false
1,58,22:15,59,22:30,1,1,,Charging (grid),1,2.010217902711639,0.0,232.7180606065871,false
1,58,22:15,60,22:45,2,1,,Charging (grid),1,2.010217902711639,0.0,233.1954873584811,false
1,58,22:15,61,23:00,3,1,,Charging (grid),1,2.010217902711639,0.0,233.6729141103751,false
1,58,22:15,62,23:15,4,1,,Charging (grid),1,2.010217902711639,0.0,234.15034086226916,false
1,58,22:15,63,23:30,5,1,,Charging (grid),1,2.010217902711639,0.0,234.62776761416316,false
1,58,22:15,64,23:45,6,1,,Charging (grid),1,0.39821610622473264,0.0,234.72234393939152,false
1,58,22:15,65,00:00,7,1,,Charging (grid),1,2.010217902711639,0.0,235.19977069128555,false
1,58,22:15,66,00:15,8,1,,Charging (grid),1,2.010217902711639,0.0,235.67719744317955,false
1,58,22:15,67,00:30,9,1,,Charging (grid),1,2.010217902711639,0.0,236.15462419507358,false
1,58,22:15,68,00:45,10,1,,Charging (grid),1,2.010217902711639,0.0,236.63205094696758,false
1,58,22:15,69,01:00,11,1,,Charging (grid),1,2.010217902711639,0.0,237.1094776988616,false
1,58,22:15,70,01:15,12,1,,Charging (grid),1,2.010217902711639,0.0,237.5869044507556,false
1,58,22:15,71,01:30,13,1,,Charging (grid),1,2.010217902711639,0.0,238.06433120264964,false
1,58,22:15,72,01:45,14,1,,Charging (grid),1,2.010217902711639,0.0,238.54175795454364,false
1,58,22:15,73,02:00,15,1,,Charging (grid),1,2.010217902711639,0.0,239.01918470643764,false
1,58,22:15,74,02:15,16,1,,Charging (grid),1,2.010217902711639,0.0,239.49661145833167,false
1,58,22:15,75,02:30,17,1,,Charging (grid),1,2.010217902711639,0.0,239.97403821022567,false
1,58,22:15,76,02:45,18,1,,Charging (grid),1,2.010217902711639,0.0,240.45146496211973,false
1,58,22:15,77,03:00,19,1,,Charging (grid),1,2.010217902711639,0.0,240.92889171401373,false
1,58,22:15,78,03:15,20,1,,Charging (grid),1,2.010217902711639,0.0,241.40631846590776,false
1,58,22:15,79,03:30,21,1,,Charging (grid),1,2.010217902711639,0.0,241.88374521780176,false
1,58,22:15,80,03:45,22,1,,Charging (grid),1,2.010217902711639,0.0,242.3611719696958,false
1,58,22:15,81,04:00,23,1,,Charging (grid),1,2.010217902711639,0.0,242.8385987215898,false
1,58,22:15,82,04:15,24,1,,Charging (grid),1,2.010217902711639,0.0,243.3160254734838,false
1,58,22:15,83,04:30,25,1,,Charging (grid),1,2.010217902711639,0.0,243.79345222537782,false
1,58,22:15,84,04:45,26,1,,Charging (grid),1,2.010217902711639,0.0,244.27087897727182,false
1,58,22:15,85,05:00,27,1,,Charging (grid),1,2.010217902711639,0.0,244.74830572916585,false
1,58,22:15,86,05:15,28,1,,Charging (grid),1,2.010217902711639,0.0,245.22573248105985,false
1,58,22:15,87,05:30,29,1,,Charging (grid),1,2.010217902711639,0.0,245.70315923295388,false
1,58,22:15,88,05:45,30,1,,Charging (grid),1,2.010217902711639,0.0,246.18058598484788,false
1,58,22:15,89,06:00,31,1,,Charging (grid),1,2.010217902711639,0.0,246.6580127367419,false
1,58,22:15,90,06:15,32,1,,Charging (grid),1,2.010217902711639,0.0,247.1354394886359,false
1,58,22:15,91,06:30,33,1,,Charging (grid),1,2.010217902711639,0.0,247.6128662405299,false
1,58,22:15,92,06:45,34,1,,Charging (grid),1,2.010217902711639,0.0,248.09029299242394,false
1,58,22:15,93,07:00,35,1,,Charging (grid),1,2.010217902711639,0.0,248.56771974431794,false
1,58,22:15,94,07:15,36,1,,Charging (grid),1,2.010217902711639,0.0,249.04514649621197,false
1,58,22:15,95,07:30,37,1,,Charging (grid),1,2.010217902711639,0.0,249.522573248106,false
1,58,22:15,96,07:45,38,1,,Charging (grid),1,2.010217902711639,0.0,250.0,false
1,59,22:30,59,22:30,0,1,,Charging (grid),1,2.010217902711639,0.0,232.71806060658704,false
1,59,22:30,60,22:45,1,1,,Charging (grid),1,2.010217902711639,0.0,233.19548735848107,false
1,59,22:30,61,23:00,2,1,,Charging (grid),1,2.010217902711639,0.0,233.67291411037507,false
1,59,22:30,62,23:15,3,1,,Charging (grid),1,2.010217902711639,0.0,234.15034086226913,false
1,59,22:30,63,23:30,4,1,,Charging (grid),1,2.010217902711639,0.0,234.62776761416313,false
1,59,22:30,64,23:45,5,1,,Charging (grid),1,0.39821610622491216,0.0,234.72234393939155,false
1,59,22:30,65,00:00,6,1,,Charging (grid),1,2.010217902711639,0.0,235.19977069128555,false
1,59,22:30,66,00:15,7,1,,Charging (grid),1,2.010217902711639,0.0,235.67719744317955,false
1,59,22:30,67,00:30,8,1,,Charging (grid),1,2.010217902711639,0.0,236.15462419507358,false
1,59,22:30,68,00:45,9,1,,Charging (grid),1,2.010217902711639,0.0,236.63205094696758,false
1,59,22:30,69,01:00,10,1,,Charging (grid),1,2.010217902711639,0.0,237.1094776988616,false
1,59,22:30,70,01:15,11,1,,Charging (grid),1,2.010217902711639,0.0,237.5869044507556,false
1,59,22:30,71,01:30,12,1,,Charging (grid),1,2.010217902711639,0.0,238.06433120264964,false
1,59,22:30,72,01:45,13,1,,Charging (grid),1,2.010217902711639,0.0,238.54175795454364,false
1,59,22:30,73,02:00,14,1,,Charging (grid),1,2.010217902711639,0.0,239.01918470643764,false
1,59,22:30,74,02:15,15,1,,Charging (grid),1,2.010217902711639,0.0,239.49661145833167,false
1,59,22:30,75,02:30,16,1,,Charging (grid),1,2.010217902711639,0.0,239.97403821022567,false
1,59,22:30,76,02:45,17,1,,Charging (grid),1,2.010217902711639,0.0,240.45146496211973,false
1,59,22:30,77,03:00,18,1,,Charging (grid),1,2.010217902711639,0.0,240.92889171401373,false
1,59,22:30,78,03:15,19,1,,Charging (grid),1,2.010217902711639,0.0,241.40631846590776,false
1,59,22:30,79,03:30,20,1,,Charging (grid),1,2.010217902711639,0.0,241.88374521780176,false
1,59,22:30,80,03:45,21,1,,Charging (grid),1,2.010217902711639,0.0,242.3611719696958,false
1,59,22:30,81,04:00,22,1,,Charging (grid),1,2.010217902711639,0.0,242.8385987215898,false
1,59,22:30,82,04:15,23,1,,Charging (grid),1,2.010217902711639,0.0,243.3160254734838,false
1,59,22:30,83,04:30,24,1,,Charging (grid),1,2.010217902711639,0.0,243.79345222537782,false
1,59,22:30,84,04:45,25,1,,Charging (grid),1,2.010217902711639,0.0,244.27087897727182,false
1,59,22:30,85,05:00,26,1,,Charging (grid),1,2.010217902711639,0.0,244.74830572916585,false
1,59,22:30,86,05:15,27,1,,Charging (grid),1,2.010217902711639,0.0,245.22573248105985,false
1,59,22:30,87,05:30,28,1,,Charging (grid),1,2.010217902711639,0.0,245.70315923295388,false
1,59,22:30,88,05:45,29,1,,Charging (grid),1,2.010217902711639,0.0,246.18058598484788,false
1,59,22:30,89,06:00,30,1,,Charging (grid),1,2.010217902711639,0.0,246.6580127367419,false
1,59,22:30,90,06:15,31,1,,Charging (grid),1,2.010217902711639,0.0,247.1354394886359,false
1,59,22:30,91,06:30,32,1,,Charging (grid),1,2.010217902711639,0.0,247.6128662405299,false
1,59,22:30,92,06:45,33,1,,Charging (grid),1,2.010217902711639,0.0,248.09029299242394,false
1,59,22:30,93,07:00,34,1,,Charging (grid),1,2.010217902711639,0.0,248.56771974431794,false
1,59,22:30,94,07:15,35,1,,Charging (grid),1,2.010217902711639,0.0,249.04514649621197,false
1,59,22:30,95,07:30,36,1,,Charging (grid),1,2.010217902711639,0.0,249.522573248106,false
1,59,22:30,96,07:45,37,1,,Charging (grid),1,2.010217902711639,0.0,250.0,false
1,60,22:45,60,22:45,0,1,,Charging (grid),1,2.010217902711639,0.0,233.19548735848102,false
1,60,22:45,61,23:00,1,1,,Charging (grid),1,2.010217902711639,0.0,233.67291411037505,false
1,60,22:45,62,23:15,2,1,,Charging (grid),1,2.010217902711639,0.0,234.15034086226908,false
1,60,22:45,63,23:30,3,1,,Charging (grid),1,2.010217902711639,0.0,234.62776761416308,false
1,60,22:45,64,23:45,4,1,,Charging (grid),1,0.3982161062250917,0.0,234.72234393939152,false
1,60,22:45,65,00:00,5,1,,Charging (grid),1,2.010217902711639,0.0,235.19977069128555,false
1,60,22:45,66,00:15,6,1,,Charging (grid),1,2.010217902711639,0.0,235.67719744317955,false
1,60,22:45,67,00:30,7,1,,Charging (grid),1,2.010217902711639,0.0,236.15462419507358,false
1,60,22:45,68,00:45,8,1,,Charging (grid),1,2.010217902711639,0.0,236.63205094696758,false
1,60,22:45,69,01:00,9,1,,Charging (grid),1,2.010217902711639,0.0,237.1094776988616,false
1,60,22:45,70,01:15,10,1,,Charging (grid),1,2.010217902711639,0.0,237.5869044507556,false
1,60,22:45,71,01:30,11,1,,Charging (grid),1,2.010217902711639,0.0,238.06433120264964,false
1,60,22:45,72,01:45,12,1,,Charging (grid),1,2.010217902711639,0.0,238.54175795454364,false
1,60,22:45,73,02:00,13,1,,Charging (grid),1,2.010217902711639,0.0,239.01918470643764,false
1,60,22:45,74,02:15,14,1,,Charging (grid),1,2.010217902711639,0.0,239.49661145833167,false
1,60,22:45,75,02:30,15,1,,Charging (grid),1,2.010217902711639,0.0,239.97403821022567,false
1,60,22:45,76,02:45,16,1,,Charging (grid),1,2.010217902711639,0.0,240.45146496211973,false
1,60,22:45,77,03:00,17,1,,Charging (grid),1,2.010217902711639,0.0,240.92889171401373,false
1,60,22:45,78,03:15,18,1,,Charging (grid),1,2.010217902711639,0.0,241.40631846590776,false
1,60,22:45,79,03:30,19,1,,Charging (grid),1,2.010217902711639,0.0,241.88374521780176,false
1,60,22:45,80,03:45,20,1,,Charging (grid),1,2.010217902711639,0.0,242.3611719696958,false
1,60,22:45,81,04:00,21,1,,Charging (grid),1,2.010217902711639,0.0,242.8385987215898,false
1,60,22:45,82,04:15,22,1,,Charging (grid),1,2.010217902711639,0.0,243.3160254734838,false
1,60,22:45,83,04:30,23,1,,Charging (grid),1,2.010217902711639,0.0,243.79345222537782,false
1,60,22:45,84,04:45,24,1,,Charging (grid),1,2.010217902711639,0.0,244.27087897727182,false
1,60,22:45,85,05:00,25,1,,Charging (grid),1,2.010217902711639,0.0,244.74830572916585,false
1,60,22:45,86,05:15,26,1,,Charging (grid),1,2.010217902711639,0.0,245.22573248105985,false
1,60,22:45,87,05:30,27,1,,Charging (grid),1,2.010217902711639,0.0,245.70315923295388,false
1,60,22:45,88,05:45,28,1,,Charging (grid),1,2.010217902711639,0.0,246.18058598484788,false
1,60,22:45,89,06:00,29,1,,Charging (grid),1,2.010217902711639,0.0,246.6580127367419,false
1,60,22:45,90,06:15,30,1,,Charging (grid),1,2.010217902711639,0.0,247.1354394886359,false
1,60,22:45,91,06:30,31,1,,Charging (grid),1,2.010217902711639,0.0,247.6128662405299,false
1,60,22:45,92,06:45,32,1,,Charging (grid),1,2.010217902711639,0.0,248.09029299242394,false
1,60,22:45,93,07:00,33,1,,Charging (grid),1,2.010217902711639,0.0,248.56771974431794,false
1,60,22:45,94,07:15,34,1,,Charging (grid),1,2.010217902711639,0.0,249.04514649621197,false
1,60,22:45,95,07:30,35,1,,Charging (grid),1,2.010217902711639,0.0,249.522573248106,false
1,60,22:45,96,07:45,36,1,,Charging (grid),1,2.010217902711639,0.0,250.0,false
1,61,23:00,61,23:00,0,1,,Charging (grid),1,2.010217902711639,0.0,233.672914110375,false
1,61,23:00,62,23:15,1,1,,Charging (grid),1,2.010217902711639,0.0,234.15034086226902,false
1,61,23:00,63,23:30,2,1,,Charging (grid),1,2.010217902711639,0.0,234.62776761416302,false
1,61,23:00,64,23:45,3,1,,Charging (grid),1,0.3982161062252712,0.0,234.72234393939152,false
1,61,23:00,65,00:00,4,1,,Charging (grid),1,2.010217902711639,0.0,235.19977069128555,false
1,61,23:00,66,00:15,5,1,,Charging (grid),1,2.010217902711639,0.0,235.67719744317955,false
1,61,23:00,67,00:30,6,1,,Charging (grid),1,2.010217902711639,0.0,236.15462419507358,false
1,61,23:00,68,00:45,7,1,,Charging (grid),1,2.010217902711639,0.0,236.63205094696758,false
1,61,23:00,69,01:00,8,1,,Charging (grid),1,2.010217902711639,0.0,237.1094776988616,false
1,61,23:00,70,01:15,9,1,,Charging (grid),1,2.010217902711639,0.0,237.5869044507556,false
1,61,23:00,71,01:30,10,1,,Charging (grid),1,2.010217902711639,0.0,238.06433120264964,false
1,61,23:00,72,01:45,11,1,,Charging (grid),1,2.010217902711639,0.0,238.54175795454364,false
1,61,23:00,73,02:00,12,1,,Charging (grid),1,2.010217902711639,0.0,239.01918470643764,false
1,61,23:00,74,02:15,13,1,,Charging (grid),1,2.010217902711639,0.0,239.49661145833167,false
1,61,23:00,75,02:30,14,1,,Charging (grid),1,2.010217902711639,0.0,239.97403821022567,false
1,61,23:00,76,02:45,15,1,,Charging (grid),1,2.010217902711639,0.0,240.4514649621197,false
1,61,23:00,77,03:00,16,1,,Charging (grid),1,2.010217902711639,0.0,240.9288917140137,false
1,61,23:00,78,03:15,17,1,,Charging (grid),1,2.010217902711639,0.0,241.40631846590776,false
1,61,23:00,79,03:30,18,1,,Charging (grid),1,2.010217902711639,0.0,241.88374521780176,false
1,61,23:00,80,03:45,19,1,,Charging (grid),1,2.010217902711639,0.0,242.3611719696958,false
1,61,23:00,81,04:00,20,1,,Charging (grid),1,2.010217902711639,0.0,242.8385987215898,false
1,61,23:00,82,04:15,21,1,,Charging (grid),1,2.010217902711639,0.0,243.3160254734838,false
1,61,23:00,83,04:30,22,1,,Charging (grid),1,2.010217902711639,0.0,243.79345222537782,false
1,61,23:00,84,04:45,23,1,,Charging (grid),1,2.010217902711639,0.0,244.27087897727182,false
1,61,23:00,85,05:00,24,1,,Charging (grid),1,2.010217902711639,0.0,244.74830572916585,false
1,61,23:00,86,05:15,25,1,,Charging (grid),1,2.010217902711639,0.0,245.22573248105985,false
1,61,23:00,87,05:30,26,1,,Charging (grid),1,2.010217902711639,0.0,245.70315923295388,false
1,61,23:00,88,05:45,27,1,,Charging (grid),1,2.010217902711639,0.0,246.18058598484788,false
1,61,23:00,89,06:00,28,1,,Charging (grid),1,2.010217902711639,0.0,246.6580127367419,false
1,61,23:00,90,06:15,29,1,,Charging (grid),1,2.010217902711639,0.0,247.1354394886359,false
1,61,23:00,91,06:30,30,1,,Charging (grid),1,2.010217902711639,0.0,247.6128662405299,false
1,61,23:00,92,06:45,31,1,,Charging (grid),1,2.010217902711639,0.0,248.09029299242394,false
1,61,23:00,93,07:00,32,1,,Charging (grid),1,2.010217902711639,0.0,248.56771974431794,false
1,61,23:00,94,07:15,33,1,,Charging (grid),1,2.010217902711639,0.0,249.04514649621197,false
1,61,23:00,95,07:30,34,1,,Charging (grid),1,2.010217902711639,0.0,249.522573248106,false
1,61,23:00,96,07:45,35,1,,Charging (grid),1,2.010217902711639,0.0,250.0,false
1,62,23:15,62,23:15,0,1,,Charging (grid),1,2.010217902711639,0.0,234.15034086226896,false
1,62,23:15,63,23:30,1,1,,Charging (grid),1,2.010217902711639,0.0,234.627767614163,false
1,62,23:15,64,23:45,2,1,,Charging (grid),1,0.3982161062254507,0.0,234.72234393939152,false
1,62,23:15,65,00:00,3,1,,Charging (grid),1,2.010217902711639,0.0,235.19977069128555,false
1,62,23:15,66,00:15,4,1,,Charging (grid),1,2.010217902711639,0.0,235.67719744317955,false
1,62,23:15,67,00:30,5,1,,Charging (grid),1,2.010217902711639,0.0,236.15462419507358,false
1,62,23:15,68,00:45,6,1,,Charging (grid),1,2.010217902711639,0.0,236.63205094696758,false
1,62,23:15,69,01:00,7,1,,Charging (grid),1,2.010217902711639,0.0,237.10947769886164,false
1,62,23:15,70,01:15,8,1,,Charging (grid),1,2.010217902711639,0.0,237.58690445075564,false
1,62,23:15,71,01:30,9,1,,Charging (grid),1,2.010217902711639,0.0,238.06433120264967,false
1,62,23:15,72,01:45,10,1,,Charging (grid),1,2.010217902711639,0.0,238.54175795454367,false
1,62,23:15,73,02:00,11,1,,Charging (grid),1,2.010217902711639,0.0,239.01918470643767,false
1,62,23:15,74,02:15,12,1,,Charging (grid),1,2.010217902711639,0.0,239.4966114583317,false
1,62,23:15,75,02:30,13,1,,Charging (grid),1,2.010217902711639,0.0,239.9740382102257,false
1,62,23:15,76,02:45,14,1,,Charging (grid),1,2.010217902711639,0.0,240.45146496211973,false
1,62,23:15,77,03:00,15,1,,Charging (grid),1,2.010217902711639,0.0,240.92889171401373,false
1,62,23:15,78,03:15,16,1,,Charging (grid),1,2.010217902711639,0.0,241.40631846590776,false
1,62,23:15,79,03:30,17,1,,Charging (grid),1,2.010217902711639,0.0,241.88374521780176,false
1,62,23:15,80,03:45,18,1,,Charging (grid),1,2.010217902711639,0.0,242.3611719696958,false
1,62,23:15,81,04:00,19,1,,Charging (grid),1,2.010217902711639,0.0,242.8385987215898,false
1,62,23:15,82,04:15,20,1,,Charging (grid),1,2.010217902711639,0.0,243.3160254734838,false
1,62,23:15,83,04:30,21,1,,Charging (grid),1,2.010217902711639,0.0,243.79345222537782,false
1,62,23:15,84,04:45,22,1,,Charging (grid),1,2.010217902711639,0.0,244.27087897727182,false
1,62,23:15,85,05:00,23,1,,Charging (grid),1,2.010217902711639,0.0,244.74830572916585,false
1,62,23:15,86,05:15,24,1,,Charging (grid),1,2.010217902711639,0.0,245.22573248105985,false
1,62,23:15,87,05:30,25,1,,Charging (grid),1,2.010217902711639,0.0,245.70315923295388,false
1,62,23:15,88,05:45,26,1,,Charging (grid),1,2.010217902711639,0.0,246.18058598484788,false
1,62,23:15,89,06:00,27,1,,Charging (grid),1,2.010217902711639,0.0,246.6580127367419,false
1,62,23:15,90,06:15,28,1,,Charging (grid),1,2.010217902711639,0.0,247.1354394886359,false
1,62,23:15,91,06:30,29,1,,Charging (grid),1,2.010217902711639,0.0,247.6128662405299,false
1,62,23:15,92,06:45,30,1,,Charging (grid),1,2.010217902711639,0.0,248.09029299242394,false
1,62,23:15,93,07:00,31,1,,Charging (grid),1,2.010217902711639,0.0,248.56771974431794,false
1,62,23:15,94,07:15,32,1,,Charging (grid),1,2.010217902711639,0.0,249.04514649621197,false
1,62,23:15,95,07:30,33,1,,Charging (grid),1,2.010217902711639,0.0,249.522573248106,false
1,62,23:15,96,07:45,34,1,,Charging (grid),1,2.010217902711639,0.0,250.0,false
1,63,23:30,63,23:30,0,1,,Charging (grid),1,2.010217902711639,0.0,234.62776761416293,false
1,63,23:30,64,23:45,1,1,,Charging (grid),1,0.3982161062256302,0.0,234.72234393939152,false
1,63,23:30,65,00:00,2,1,,Charging (grid),1,2.010217902711639,0.0,235.19977069128555,false
1,63,23:30,66,00:15,3,1,,Charging (grid),1,2.010217902711639,0.0,235.67719744317955,false
1,63,23:30,67,00:30,4,1,,Charging (grid),1,2.010217902711639,0.0,236.15462419507358,false
1,63,23:30,68,00:45,5,1,,Charging (grid),1,2.010217902711639,0.0,236.63205094696758,false
1,63,23:30,69,01:00,6,1,,Charging (grid),1,2.010217902711639,0.0,237.10947769886164,false
1,63,23:30,70,01:15,7,1,,Charging (grid),1,2.010217902711639,0.0,237.58690445075564,false
1,63,23:30,71,01:30,8,1,,Charging (grid),1,2.010217902711639,0.0,238.06433120264967,false
1,63,23:30,72,01:45,9,1,,Charging (grid),1,2.010217902711639,0.0,238.54175795454367,false
1,63,23:30,73,02:00,10,1,,Charging (grid),1,2.010217902711639,0.0,239.01918470643767,false
1,63,23:30,74,02:15,11,1,,Charging (grid),1,2.010217902711639,0.0,239.4966114583317,false
1,63,23:30,75,02:30,12,1,,Charging (grid),1,2.010217902711639,0.0,239.9740382102257,false
1,63,23:30,76,02:45,13,1,,Charging (grid),1,2.010217902711639,0.0,240.45146496211973,false
1,63,23:30,77,03:00,14,1,,Charging (grid),1,2.010217902711639,0.0,240.92889171401373,false
1,63,23:30,78,03:15,15,1,,Charging (grid),1,2.010217902711639,0.0,241.40631846590776,false
1,63,23:30,79,03:30,16,1,,Charging (grid),1,2.010217902711639,0.0,241.88374521780176,false
1,63,23:30,80,03:45,17,1,,Charging (grid),1,2.010217902711639,0.0,242.3611719696958,false
1,63,23:30,81,04:00,18,1,,Charging (grid),1,2.010217902711639,0.0,242.8385987215898,false
1,63,23:30,82,04:15,19,1,,Charging (grid),1,2.010217902711639,0.0,243.3160254734838,false
1,63,23:30,83,04:30,20,1,,Charging (grid),1,2.010217902711639,0.0,243.79345222537782,false
1,63,23:30,84,04:45,21,1,,Charging (grid),1,2.010217902711639,0.0,244.27087897727182,false
1,63,23:30,85,05:00,22,1,,Charging (grid),1,2.010217902711639,0.0,244.74830572916585,false
1,63,23:30,86,05:15,23,1,,Charging (grid),1,2.010217902711639,0.0,245.22573248105985,false
1,63,23:30,87,05:30,24,1,,Charging (grid),1,2.010217902711639,0.0,245.70315923295388,false
1,63,23:30,88,05:45,25,1,,Charging (grid),1,2.010217902711639,0.0,246.18058598484788,false
1,63,23:30,89,06:00,26,1,,Charging (grid),1,2.010217902711639,0.0,246.6580127367419,false
1,63,23:30,90,06:15,27,1,,Charging (grid),1,2.010217902711639,0.0,247.1354394886359,false
1,63,23:30,91,06:30,28,1,,Charging (grid),1,2.010217902711639,0.0,247.6128662405299,false
1,63,23:30,92,06:45,29,1,,Charging (grid),1,2.010217902711639,0.0,248.09029299242394,false
1,63,23:30,93,07:00,30,1,,Charging (grid),1,2.010217902711639,0.0,248.56771974431794,false
1,63,23:30,94,07:15,31,1,,Charging (grid),1,2.010217902711639,0.0,249.04514649621197,false
1,63,23:30,95,07:30,32,1,,Charging (grid),1,2.010217902711639,0.0,249.522573248106,false
1,63,23:30,96,07:45,33,1,,Charging (grid),1,2.010217902711639,0.0,250.0,false
1,64,23:45,64,23:45,0,1,,Charging (grid),1,0.3982161062258097,0.0,234.72234393939155,false
1,64,23:45,65,00:00,1,1,,Charging (grid),1,2.010217902711639,0.0,235.19977069128555,false
1,64,23:45,66,00:15,2,1,,Charging (grid),1,2.010217902711639,0.0,235.67719744317955,false
1,64,23:45,67,00:30,3,1,,Charging (grid),1,2.010217902711639,0.0,236.1546241950736,false
1,64,23:45,68,00:45,4,1,,Charging (grid),1,2.010217902711639,0.0,236.6320509469676,false
1,64,23:45,69,01:00,5,1,,Charging (grid),1,2.010217902711639,0.0,237.10947769886164,false
1,64,23:45,70,01:15,6,1,,Charging (grid),1,2.010217902711639,0.0,237.58690445075564,false
1,64,23:45,71,01:30,7,1,,Charging (grid),1,2.010217902711639,0.0,238.06433120264967,false
1,64,23:45,72,01:45,8,1,,Charging (grid),1,2.010217902711639,0.0,238.54175795454367,false
1,64,23:45,73,02:00,9,1,,Charging (grid),1,2.010217902711639,0.0,239.01918470643767,false
1,64,23:45,74,02:15,10,1,,Charging (grid),1,2.010217902711639,0.0,239.4966114583317,false
1,64,23:45,75,02:30,11,1,,Charging (grid),1,2.010217902711639,0.0,239.9740382102257,false
1,64,23:45,76,02:45,12,1,,Charging (grid),1,2.010217902711639,0.0,240.45146496211973,false
1,64,23:45,77,03:00,13,1,,Charging (grid),1,2.010217902711639,0.0,240.92889171401373,false
1,64,23:45,78,03:15,14,1,,Charging (grid),1,2.010217902711639,0.0,241.40631846590776,false
1,64,23:45,79,03:30,15,1,,Charging (grid),1,2.010217902711639,0.0,241.88374521780176,false
1,64,23:45,80,03:45,16,1,,Charging (grid),1,2.010217902711639,0.0,242.3611719696958,false
1,64,23:45,81,04:00,17,1,,Charging (grid),1,2.010217902711639,0.0,242.8385987215898,false
1,64,23:45,82,04:15,18,1,,Charging (grid),1,2.010217902711639,0.0,243.3160254734838,false
1,64,23:45,83,04:30,19,1,,Charging (grid),1,2.010217902711639,0.0,243.79345222537782,false
1,64,23:45,84,04:45,20,1,,Charging (grid),1,2.010217902711639,0.0,244.27087897727182,false
1,64,23:45,85,05:00,21,1,,Charging (grid),1,2.010217902711639,0.0,244.74830572916585,false
1,64,23:45,86,05:15,22,1,,Charging (grid),1,2.010217902711639,0.0,245.22573248105985,false
1,64,23:45,87,05:30,23,1,,Charging (grid),1,2.010217902711639,0.0,245.70315923295388,false
1,64,23:45,88,05:45,24,1,,Charging (grid),1,2.010217902711639,0.0,246.18058598484788,false
1,64,23:45,89,06:00,25,1,,Charging (grid),1,2.010217902711639,0.0,246.6580127367419,false
1,64,23:45,90,06:15,26,1,,Charging (grid),1,2.010217902711639,0.0,247.1354394886359,false
1,64,23:45,91,06:30,27,1,,Charging (grid),1,2.010217902711639,0.0,247.6128662405299,false
1,64,23:45,92,06:45,28,1,,Charging (grid),1,2.010217902711639,0.0,248.09029299242394,false
1,64,23:45,93,07:00,29,1,,Charging (grid),1,2.010217902711639,0.0,248.56771974431794,false
1,64,23:45,94,07:15,30,1,,Charging (grid),1,2.010217902711639,0.0,249.04514649621197,false
1,64,23:45,95,07:30,31,1,,Charging (grid),1,2.010217902711639,0.0,249.522573248106,false
1,64,23:45,96,07:45,32,1,,Charging (grid),1,2.010217902711639,0.0,250.0,false
1,65,00:00,65,00:00,0,1,,Charging (grid),1,2.010217902711639,0.0,235.19977069128558,false
1,65,00:00,66,00:15,1,1,,Charging (grid),1,2.010217902711639,0.0,235.6771974431796,false
1,65,00:00,67,00:30,2,1,,Charging (grid),1,2.010217902711639,0.0,236.1546241950736,false
1,65,00:00,68,00:45,3,1,,Charging (grid),1,2.010217902711639,0.0,236.6320509469676,false
1,65,00:00,69,01:00,4,1,,Charging (grid),1,2.010217902711639,0.0,237.10947769886164,false
1,65,00:00,70,01:15,5,1,,Charging (grid),1,2.010217902711639,0.0,237.58690445075564,false
1,65,00:00,71,01:30,6,1,,Charging (grid),1,2.010217902711639,0.0,238.06433120264967,false
1,65,00:00,72,01:45,7,1,,Charging (grid),1,2.010217902711639,0.0,238.54175795454367,false
1,65,00:00,73,02:00,8,1,,Charging (grid),1,2.010217902711639,0.0,239.0191847064377,false
1,65,00:00,74,02:15,9,1,,Charging (grid),1,2.010217902711639,0.0,239.49661145833173,false
1,65,00:00,75,02:30,10,1,,Charging (grid),1,2.010217902711639,0.0,239.97403821022573,false
1,65,00:00,76,02:45,11,1,,Charging (grid),1,2.010217902711639,0.0,240.45146496211976,false
1,65,00:00,77,03:00,12,1,,Charging (grid),1,2.010217902711639,0.0,240.92889171401376,false
1,65,00:00,78,03:15,13,1,,Charging (grid),1,2.010217902711639,0.0,241.40631846590782,false
1,65,00:00,79,03:30,14,1,,Charging (grid),1,2.010217902711639,0.0,241.88374521780182,false
1,65,00:00,80,03:45,15,1,,Charging (grid),1,2.010217902711639,0.0,242.36117196969585,false
1,65,00:00,81,04:00,16,1,,Charging (grid),1,2.010217902711639,0.0,242.83859872158985,false
1,65,00:00,82,04:15,17,1,,Charging (grid),1,2.010217902711639,0.0,243.31602547348385,false
1,65,00:00,83,04:30,18,1,,Charging (grid),1,2.010217902711639,0.0,243.79345222537788,false
1,65,00:00,84,04:45,19,1,,Charging (grid),1,2.010217902711639,0.0,244.27087897727188,false
1,65,00:00,85,05:00,20,1,,Charging (grid),1,2.010217902711639,0.0,244.7483057291659,false
1,65,00:00,86,05:15,21,1,,Charging (grid),1,2.010217902711639,0.0,245.2257324810599,false
1,65,00:00,87,05:30,22,1,,Charging (grid),1,2.010217902711639,0.0,245.70315923295394,false
1,65,00:00,88,05:45,23,1,,Charging (grid),1,2.010217902711639,0.0,246.18058598484794,false
1,65,00:00,89,06:00,24,1,,Charging (grid),1,2.010217902711459,0.0,246.65801273674194,false
1,65,00:00,90,06:15,25,1,,Charging (grid),1,2.010217902711639,0.0,247.13543948863594,false
1,65,00:00,91,06:30,26,1,,Charging (grid),1,2.010217902711639,0.0,247.61286624052994,false
1,65,00:00,92,06:45,27,1,,Charging (grid),1,2.010217902711639,0.0,248.09029299242397,false
1,65,00:00,93,07:00,28,1,,Charging (grid),1,2.010217902711639,0.0,248.56771974431797,false
1,65,00:00,94,07:15,29,1,,Charging (grid),1,2.010217902711639,0.0,249.04514649621197,false
1,65,00:00,95,07:30,30,1,,Charging (grid),1,2.010217902711639,0.0,249.522573248106,false
1,65,00:00,96,07:45,31,1,,Charging (grid),1,2.010217902711639,0.0,250.0,false
1,66,00:15,66,00:15,0,1,,Charging (grid),1,2.010217902711639,0.0,235.67719744317955,false
1,66,00:15,67,00:30,1,1,,Charging (grid),1,2.010217902711639,0.0,236.15462419507358,false
1,66,00:15,68,00:45,2,1,,Charging (grid),1,2.010217902711639,0.0,236.63205094696758,false
1,66,00:15,69,01:00,3,1,,Charging (grid),1,2.010217902711639,0.0,237.10947769886164,false
1,66,00:15,70,01:15,4,1,,Charging (grid),1,2.010217902711639,0.0,237.58690445075564,false
1,66,00:15,71,01:30,5,1,,Charging (grid),1,2.010217902711639,0.0,238.06433120264967,false
1,66,00:15,72,01:45,6,1,,Charging (grid),1,2.010217902711639,0.0,238.54175795454367,false
1,66,00:15,73,02:00,7,1,,Charging (grid),1,2.010217902711639,0.0,239.01918470643767,false
1,66,00:15,74,02:15,8,1,,Charging (grid),1,2.010217902711639,0.0,239.4966114583317,false
1,66,00:15,75,02:30,9,1,,Charging (grid),1,2.010217902711639,0.0,239.9740382102257,false
1,66,00:15,76,02:45,10,1,,Charging (grid),1,2.010217902711639,0.0,240.45146496211973,false
1,66,00:15,77,03:00,11,1,,Charging (grid),1,2.010217902711639,0.0,240.92889171401373,false
1,66,00:15,78,03:15,12,1,,Charging (grid),1,2.010217902711639,0.0,241.40631846590776,false
1,66,00:15,79,03:30,13,1,,Charging (grid),1,2.010217902711639,0.0,241.88374521780176,false
1,66,00:15,80,03:45,14,1,,Charging (grid),1,2.010217902711639,0.0,242.3611719696958,false
1,66,00:15,81,04:00,15,1,,Charging (grid),1,2.010217902711639,0.0,242.8385987215898,false
1,66,00:15,82,04:15,16,1,,Charging (grid),1,2.010217902711639,0.0,243.3160254734838,false
1,66,00:15,83,04:30,17,1,,Charging (grid),1,2.010217902711639,0.0,243.79345222537782,false
1,66,00:15,84,04:45,18,1,,Charging (grid),1,2.010217902711639,0.0,244.27087897727182,false
1,66,00:15,85,05:00,19,1,,Charging (grid),1,2.010217902711639,0.0,244.74830572916585,false
1,66,00:15,86,05:15,20,1,,Charging (grid),1,2.010217902711639,0.0,245.22573248105985,false
1,66,00:15,87,05:30,21,1,,Charging (grid),1,2.010217902711639,0.0,245.70315923295388,false
1,66,00:15,88,05:45,22,1,,Charging (grid),1,2.010217902711639,0.0,246.18058598484788,false
1,66,00:15,89,06:00,23,1,,Charging (grid),1,2.0102179027116382,0.0,246.6580127367419,false
1,66,00:15,90,06:15,24,1,,Charging (grid),1,2.010217902711639,0.0,247.1354394886359,false
1,66,00:15,91,06:30,25,1,,Charging (grid),1,2.010217902711639,0.0,247.6128662405299,false
1,66,00:15,92,06:45,26,1,,Charging (grid),1,2.010217902711639,0.0,248.09029299242394,false
1,66,00:15,93,07:00,27,1,,Charging (grid),1,2.010217902711639,0.0,248.56771974431794,false
1,66,00:15,94,07:15,28,1,,Charging (grid),1,2.010217902711639,0.0,249.04514649621197,false
1,66,00:15,95,07:30,29,1,,Charging (grid),1,2.010217902711639,0.0,249.522573248106,false
1,66,00:15,96,07:45,30,1,,Charging (grid),1,2.010217902711639,0.0,250.0,false
1,67,00:30,67,00:30,0,1,,Charging (grid),1,2.010217902711639,0.0,236.15462419507352,false
1,67,00:30,68,00:45,1,1,,Charging (grid),1,2.010217902711639,0.0,236.63205094696755,false
1,67,00:30,69,01:00,2,1,,Charging (grid),1,2.010217902711639,0.0,237.10947769886155,false
1,67,00:30,70,01:15,3,1,,Charging (grid),1,2.010217902711639,0.0,237.58690445075555,false
1,67,00:30,71,01:30,4,1,,Charging (grid),1,2.010217902711639,0.0,238.06433120264958,false
1,67,00:30,72,01:45,5,1,,Charging (grid),1,2.010217902711639,0.0,238.54175795454358,false
1,67,00:30,73,02:00,6,1,,Charging (grid),1,2.010217902711639,0.0,239.0191847064376,false
1,67,00:30,74,02:15,7,1,,Charging (grid),1,2.010217902711639,0.0,239.49661145833164,false
1,67,00:30,75,02:30,8,1,,Charging (grid),1,2.010217902711639,0.0,239.97403821022564,false
1,67,00:30,76,02:45,9,1,,Charging (grid),1,2.010217902711639,0.0,240.45146496211967,false
1,67,00:30,77,03:00,10,1,,Charging (grid),1,2.010217902711639,0.0,240.92889171401367,false
1,67,00:30,78,03:15,11,1,,Charging (grid),1,2.010217902711639,0.0,241.40631846590773,false
1,67,00:30,79,03:30,12,1,,Charging (grid),1,2.010217902711639,0.0,241.88374521780173,false
1,67,00:30,80,03:45,13,1,,Charging (grid),1,2.010217902711639,0.0,242.36117196969576,false
1,67,00:30,81,04:00,14,1,,Charging (grid),1,2.010217902711639,0.0,242.83859872158976,false
1,67,00:30,82,04:15,15,1,,Charging (grid),1,2.010217902711639,0.0,243.31602547348376,false
1,67,00:30,83,04:30,16,1,,Charging (grid),1,2.010217902711639,0.0,243.7934522253778,false
1,67,00:30,84,04:45,17,1,,Charging (grid),1,2.010217902711639,0.0,244.2708789772718,false
1,67,00:30,85,05:00,18,1,,Charging (grid),1,2.010217902711639,0.0,244.74830572916582,false
1,67,00:30,86,05:15,19,1,,Charging (grid),1,2.010217902711639,0.0,245.22573248105982,false
1,67,00:30,87,05:30,20,1,,Charging (grid),1,2.010217902711639,0.0,245.70315923295385,false
1,67,00:30,88,05:45,21,1,,Charging (grid),1,2.010217902711639,0.0,246.18058598484785,false
1,67,00:30,89,06:00,22,1,,Charging (grid),1,2.0102179027118177,0.0,246.65801273674194,false
1,67,00:30,90,06:15,23,1,,Charging (grid),1,2.010217902711639,0.0,247.13543948863594,false
1,67,00:30,91,06:30,24,1,,Charging (grid),1,2.010217902711639,0.0,247.61286624052994,false
1,67,00:30,92,06:45,25,1,,Charging (grid),1,2.010217902711639,0.0,248.09029299242397,false
1,67,00:30,93,07:00,26,1,,Charging (grid),1,2.010217902711639,0.0,248.56771974431797,false
1,67,00:30,94,07:15,27,1,,Charging (grid),1,2.010217902711639,0.0,249.04514649621197,false
1,67,00:30,95,07:30,28,1,,Charging (grid),1,2.010217902711639,0.0,249.522573248106,false
1,67,00:30,96,07:45,29,1,,Charging (grid),1,2.010217902711639,0.0,250.0,false
1,68,00:45,68,00:45,0,1,,Charging (grid),1,2.010217902711639,0.0,236.6320509469675,false
1,68,00:45,69,01:00,1,1,,Charging (grid),1,2.010217902711639,0.0,237.10947769886153,false
1,68,00:45,70,01:15,2,1,,Charging (grid),1,2.010217902711639,0.0,237.58690445075553,false
1,68,00:45,71,01:30,3,1,,Charging (grid),1,2.010217902711639,0.0,238.06433120264958,false
1,68,00:45,72,01:45,4,1,,Charging (grid),1,2.010217902711639,0.0,238.54175795454358,false
1,68,00:45,73,02:00,5,1,,Charging (grid),1,2.010217902711639,0.0,239.01918470643758,false
1,68,00:45,74,02:15,6,1,,Charging (grid),1,2.010217902711639,0.0,239.4966114583316,false
1,68,00:45,75,02:30,7,1,,Charging (grid),1,2.010217902711639,0.0,239.97403821022561,false
1,68,00:45,76,02:45,8,1,,Charging (grid),1,2.010217902711639,0.0,240.45146496211964,false
1,68,00:45,77,03:00,9,1,,Charging (grid),1,2.010217902711639,0.0,240.92889171401364,false
1,68,00:45,78,03:15,10,1,,Charging (grid),1,2.010217902711639,0.0,241.40631846590767,false
1,68,00:45,79,03:30,11,1,,Charging (grid),1,2.010217902711639,0.0,241.88374521780167,false
1,68,00:45,80,03:45,12,1,,Charging (grid),1,2.010217902711639,0.0,242.3611719696957,false
1,68,00:45,81,04:00,13,1,,Charging (grid),1,2.010217902711639,0.0,242.8385987215897,false
1,68,00:45,82,04:15,14,1,,Charging (grid),1,2.010217902711639,0.0,243.3160254734837,false
1,68,00:45,83,04:30,15,1,,Charging (grid),1,2.010217902711639,0.0,243.79345222537773,false
1,68,00:45,84,04:45,16,1,,Charging (grid),1,2.010217902711639,0.0,244.27087897727174,false
1,68,00:45,85,05:00,17,1,,Charging (grid),1,2.010217902711639,0.0,244.74830572916576,false
1,68,00:45,86,05:15,18,1,,Charging (grid),1,2.010217902711639,0.0,245.22573248105977,false
1,68,00:45,87,05:30,19,1,,Charging (grid),1,2.010217902711639,0.0,245.7031592329538,false
1,68,00:45,88,05:45,20,1,,Charging (grid),1,2.010217902711639,0.0,246.1805859848478,false
1,68,00:45,89,06:00,21,1,,Charging (grid),1,2.010217902711997,0.0,246.6580127367419,false
1,68,00:45,90,06:15,22,1,,Charging (grid),1,2.010217902711639,0.0,247.1354394886359,false
1,68,00:45,91,06:30,23,1,,Charging (grid),1,2.010217902711639,0.0,247.6128662405299,false
1,68,00:45,92,06:45,24,1,,Charging (grid),1,2.010217902711639,0.0,248.09029299242394,false
1,68,00:45,93,07:00,25,1,,Charging (grid),1,2.010217902711639,0.0,248.56771974431794,false
1,68,00:45,94,07:15,26,1,,Charging (grid),1,2.010217902711639,0.0,249.04514649621197,false
1,68,00:45,95,07:30,27,1,,Charging (grid),1,2.010217902711639,0.0,249.522573248106,false
1,68,00:45,96,07:45,28,1,,Charging (grid),1,2.010217902711639,0.0,250.0,false
1,69,01:00,69,01:00,0,1,,Charging (grid),1,2.010217902711639,0.0,237.10947769886147,false
1,69,01:00,70,01:15,1,1,,Charging (grid),1,2.010217902711639,0.0,237.5869044507555,false
1,69,01:00,71,01:30,2,1,,Charging (grid),1,2.010217902711639,0.0,238.0643312026495,false
1,69,01:00,72,01:45,3,1,,Charging (grid),1,2.010217902711639,0.0,238.5417579545435,false
1,69,01:00,73,02:00,4,1,,Charging (grid),1,2.010217902711639,0.0,239.01918470643753,false
1,69,01:00,74,02:15,5,1,,Charging (grid),1,2.010217902711639,0.0,239.49661145833156,false
1,69,01:00,75,02:30,6,1,,Charging (grid),1,2.010217902711639,0.0,239.97403821022556,false
1,69,01:00,76,02:45,7,1,,Charging (grid),1,2.010217902711639,0.0,240.4514649621196,false
1,69,01:00,77,03:00,8,1,,Charging (grid),1,2.010217902711639,0.0,240.9288917140136,false
1,69,01:00,78,03:15,9,1,,Charging (grid),1,2.010217902711639,0.0,241.40631846590765,false
1,69,01:00,79,03:30,10,1,,Charging (grid),1,2.010217902711639,0.0,241.88374521780165,false
1,69,01:00,80,03:45,11,1,,Charging (grid),1,2.010217902711639,0.0,242.36117196969568,false
1,69,01:00,81,04:00,12,1,,Charging (grid),1,2.010217902711639,0.0,242.83859872158968,false
1,69,01:00,82,04:15,13,1,,Charging (grid),1,2.010217902711639,0.0,243.31602547348368,false
1,69,01:00,83,04:30,14,1,,Charging (grid),1,2.010217902711639,0.0,243.7934522253777,false
1,69,01:00,84,04:45,15,1,,Charging (grid),1,2.010217902711639,0.0,244.2708789772717,false
1,69,01:00,85,05:00,16,1,,Charging (grid),1,2.010217902711639,0.0,244.74830572916574,false
1,69,01:00,86,05:15,17,1,,Charging (grid),1,2.010217902711639,0.0,245.22573248105974,false
1,69,01:00,87,05:30,18,1,,Charging (grid),1,2.010217902711639,0.0,245.70315923295377,false
1,69,01:00,88,05:45,19,1,,Charging (grid),1,2.010217902711639,0.0,246.18058598484777,false
1,69,01:00,89,06:00,20,1,,Charging (grid),1,2.010217902712177,0.0,246.65801273674194,false
1,69,01:00,90,06:15,21,1,,Charging (grid),1,2.010217902711639,0.0,247.13543948863594,false
1,69,01:00,91,06:30,22,1,,Charging (grid),1,2.010217902711639,0.0,247.61286624052994,false
1,69,01:00,92,06:45,23,1,,Charging (grid),1,2.010217902711639,0.0,248.09029299242397,false
1,69,01:00,93,07:00,24,1,,Charging (grid),1,2.010217902711639,0.0,248.56771974431797,false
1,69,01:00,94,07:15,25,1,,Charging (grid),1,2.010217902711639,0.0,249.04514649621197,false
1,69,01:00,95,07:30,26,1,,Charging (grid),1,2.010217902711639,0.0,249.522573248106,false
1,69,01:00,96,07:45,27,1,,Charging (grid),1,2.010217902711639,0.0,250.0,false
1,70,01:15,70,01:15,0,1,,Charging (grid),1,2.010217902711639,0.0,237.58690445075544,false
1,70,01:15,71,01:30,1,1,,Charging (grid),1,2.010217902711639,0.0,238.0643312026495,false
1,70,01:15,72,01:45,2,1,,Charging (grid),1,2.010217902711639,0.0,238.5417579545435,false
1,70,01:15,73,02:00,3,1,,Charging (grid),1,2.010217902711639,0.0,239.0191847064375,false
1,70,01:15,74,02:15,4,1,,Charging (grid),1,2.010217902711639,0.0,239.49661145833153,false
1,70,01:15,75,02:30,5,1,,Charging (grid),1,2.010217902711639,0.0,239.97403821022553,false
1,70,01:15,76,02:45,6,1,,Charging (grid),1,2.010217902711639,0.0,240.45146496211956,false
1,70,01:15,77,03:00,7,1,,Charging (grid),1,2.010217902711639,0.0,240.92889171401356,false
1,70,01:15,78,03:15,8,1,,Charging (grid),1,2.010217902711639,0.0,241.4063184659076,false
1,70,01:15,79,03:30,9,1,,Charging (grid),1,2.010217902711639,0.0,241.8837452178016,false
1,70,01:15,80,03:45,10,1,,Charging (grid),1,2.010217902711639,0.0,242.36117196969562,false
1,70,01:15,81,04:00,11,1,,Charging (grid),1,2.010217902711639,0.0,242.83859872158962,false
1,70,01:15,82,04:15,12,1,,Charging (grid),1,2.010217902711639,0.0,243.31602547348362,false
1,70,01:15,83,04:30,13,1,,Charging (grid),1,2.010217902711639,0.0,243.79345222537765,false
1,70,01:15,84,04:45,14,1,,Charging (grid),1,2.010217902711639,0.0,244.27087897727165,false
1,70,01:15,85,05:00,15,1,,Charging (grid),1,2.010217902711639,0.0,244.74830572916568,false
1,70,01:15,86,05:15,16,1,,Charging (grid),1,2.010217902711639,0.0,245.22573248105968,false
1,70,01:15,87,05:30,17,1,,Charging (grid),1,2.010217902711639,0.0,245.7031592329537,false
1,70,01:15,88,05:45,18,1,,Charging (grid),1,2.010217902711639,0.0,246.1805859848477,false
1,70,01:15,89,06:00,19,1,,Charging (grid),1,2.0102179027123563,0.0,246.6580127367419,false
1,70,01:15,90,06:15,20,1,,Charging (grid),1,2.010217902711639,0.0,247.1354394886359,false
1,70,01:15,91,06:30,21,1,,Charging (grid),1,2.010217902711639,0.0,247.6128662405299,false
1,70,01:15,92,06:45,22,1,,Charging (grid),1,2.010217902711639,0.0,248.09029299242394,false
1,70,01:15,93,07:00,23,1,,Charging (grid),1,2.010217902711639,0.0,248.56771974431794,false
1,70,01:15,94,07:15,24,1,,Charging (grid),1,2.010217902711639,0.0,249.04514649621197,false
1,70,01:15,95,07:30,25,1,,Charging (grid),1,2.010217902711639,0.0,249.522573248106,false
1,70,01:15,96,07:45,26,1,,Charging (grid),1,2.010217902711639,0.0,250.0,false
1,71,01:30,71,01:30,0,1,,Charging (grid),1,2.010217902711639,0.0,238.0643312026494,false
1,71,01:30,72,01:45,1,1,,Charging (grid),1,2.010217902711639,0.0,238.54175795454344,false
1,71,01:30,73,02:00,2,1,,Charging (grid),1,2.010217902711639,0.0,239.01918470643744,false
1,71,01:30,74,02:15,3,1,,Charging (grid),1,2.010217902711639,0.0,239.49661145833147,false
1,71,01:30,75,02:30,4,1,,Charging (grid),1,2.010217902711639,0.0,239.97403821022547,false
1,71,01:30,76,02:45,5,1,,Charging (grid),1,2.010217902711639,0.0,240.4514649621195,false
1,71,01:30,77,03:00,6,1,,Charging (grid),1,2.010217902711639,0.0,240.9288917140135,false
1,71,01:30,78,03:15,7,1,,Charging (grid),1,2.010217902711639,0.0,241.40631846590756,false
1,71,01:30,79,03:30,8,1,,Charging (grid),1,2.010217902711639,0.0,241.88374521780156,false
1,71,01:30,80,03:45,9,1,,Charging (grid),1,2.010217902711639,0.0,242.3611719696956,false
1,71,01:30,81,04:00,10,1,,Charging (grid),1,2.010217902711639,0.0,242.8385987215896,false
1,71,01:30,82,04:15,11,1,,Charging (grid),1,2.010217902711639,0.0,243.3160254734836,false
1,71,01:30,83,04:30,12,1,,Charging (grid),1,2.010217902711639,0.0,243.79345222537762,false
1,71,01:30,84,04:45,13,1,,Charging (grid),1,2.010217902711639,0.0,244.27087897727162,false
1,71,01:30,85,05:00,14,1,,Charging (grid),1,2.010217902711639,0.0,244.74830572916565,false
1,71,01:30,86,05:15,15,1,,Charging (grid),1,2.010217902711639,0.0,245.22573248105965,false
1,71,01:30,87,05:30,16,1,,Charging (grid),1,2.010217902711639,0.0,245.70315923295368,false
1,71,01:30,88,05:45,17,1,,Charging (grid),1,2.010217902711639,0.0,246.18058598484768,false
1,71,01:30,89,06:00,18,1,,Charging (grid),1,2.0102179027125358,0.0,246.65801273674194,false
1,71,01:30,90,06:15,19,1,,Charging (grid),1,2.010217902711639,0.0,247.13543948863594,false
1,71,01:30,91,06:30,20,1,,Charging (grid),1,2.010217902711639,0.0,247.61286624052994,false
1,71,01:30,92,06:45,21,1,,Charging (grid),1,2.010217902711639,0.0,248.09029299242397,false
1,71,01:30,93,07:00,22,1,,Charging (grid),1,2.010217902711639,0.0,248.56771974431797,false
1,71,01:30,94,07:15,23,1,,Charging (grid),1,2.010217902711639,0.0,249.04514649621197,false
1,71,01:30,95,07:30,24,1,,Charging (grid),1,2.010217902711639,0.0,249.522573248106,false
1,71,01:30,96,07:45,25,1,,Charging (grid),1,2.010217902711639,0.0,250.0,false
1,72,01:45,72,01:45,0,1,,Charging (grid),1,2.010217902711639,0.0,238.54175795454339,false
1,72,01:45,73,02:00,1,1,,Charging (grid),1,2.010217902711639,0.0,239.01918470643741,false
1,72,01:45,74,02:15,2,1,,Charging (grid),1,2.010217902711639,0.0,239.49661145833144,false
1,72,01:45,75,02:30,3,1,,Charging (grid),1,2.010217902711639,0.0,239.97403821022544,false
1,72,01:45,76,02:45,4,1,,Charging (grid),1,2.010217902711639,0.0,240.45146496211947,false
1,72,01:45,77,03:00,5,1,,Charging (grid),1,2.010217902711639,0.0,240.92889171401347,false
1,72,01:45,78,03:15,6,1,,Charging (grid),1,2.010217902711639,0.0,241.4063184659075,false
1,72,01:45,79,03:30,7,1,,Charging (grid),1,2.010217902711639,0.0,241.8837452178015,false
1,72,01:45,80,03:45,8,1,,Charging (grid),1,2.010217902711639,0.0,242.36117196969553,false
1,72,01:45,81,04:00,9,1,,Charging (grid),1,2.010217902711639,0.0,242.83859872158953,false
1,72,01:45,82,04:15,10,1,,Charging (grid),1,2.010217902711639,0.0,243.31602547348353,false
1,72,01:45,83,04:30,11,1,,Charging (grid),1,2.010217902711639,0.0,243.79345222537756,false
1,72,01:45,84,04:45,12,1,,Charging (grid),1,2.010217902711639,0.0,244.27087897727156,false
1,72,01:45,85,05:00,13,1,,Charging (grid),1,2.010217902711639,0.0,244.7483057291656,false
1,72,01:45,86,05:15,14,1,,Charging (grid),1,2.010217902711639,0.0,245.2257324810596,false
1,72,01:45,87,05:30,15,1,,Charging (grid),1,2.010217902711639,0.0,245.70315923295362,false
1,72,01:45,88,05:45,16,1,,Charging (grid),1,2.010217902711639,0.0,246.18058598484762,false
1,72,01:45,89,06:00,17,1,,Charging (grid),1,2.010217902712715,0.0,246.6580127367419,false
1,72,01:45,90,06:15,18,1,,Charging (grid),1,2.010217902711639,0.0,247.1354394886359,false
1,72,01:45,91,06:30,19,1,,Charging (grid),1,2.010217902711639,0.0,247.6128662405299,false
1,72,01:45,92,06:45,20,1,,Charging (grid),1,2.010217902711639,0.0,248.09029299242394,false
1,72,01:45,93,07:00,21,1,,Charging (grid),1,2.010217902711639,0.0,248.56771974431794,false
1,72,01:45,94,07:15,22,1,,Charging (grid),1,2.010217902711639,0.0,249.04514649621197,false
1,72,01:45,95,07:30,23,1,,Charging (grid),1,2.010217902711639,0.0,249.522573248106,false
1,72,01:45,96,07:45,24,1,,Charging (grid),1,2.010217902711639,0.0,250.0,false
1,73,02:00,73,02:00,0,1,,Charging (grid),1,2.010217902711639,0.0,239.01918470643736,false
1,73,02:00,74,02:15,1,1,,Charging (grid),1,2.010217902711639,0.0,239.4966114583314,false
1,73,02:00,75,02:30,2,1,,Charging (grid),1,2.010217902711639,0.0,239.9740382102254,false
1,73,02:00,76,02:45,3,1,,Charging (grid),1,2.010217902711639,0.0,240.45146496211945,false
1,73,02:00,77,03:00,4,1,,Charging (grid),1,2.010217902711639,0.0,240.92889171401345,false
1,73,02:00,78,03:15,5,1,,Charging (grid),1,2.010217902711639,0.0,241.40631846590748,false
1,73,02:00,79,03:30,6,1,,Charging (grid),1,2.010217902711639,0.0,241.88374521780148,false
1,73,02:00,80,03:45,7,1,,Charging (grid),1,2.010217902711639,0.0,242.3611719696955,false
1,73,02:00,81,04:00,8,1,,Charging (grid),1,2.010217902711639,0.0,242.8385987215895,false
1,73,02:00,82,04:15,9,1,,Charging (grid),1,2.010217902711639,0.0,243.3160254734835,false
1,73,02:00,83,04:30,10,1,,Charging (grid),1,2.010217902711639,0.0,243.79345222537754,false
1,73,02:00,84,04:45,11,1,,Charging (grid),1,2.010217902711639,0.0,244.27087897727154,false
1,73,02:00,85,05:00,12,1,,Charging (grid),1,2.010217902711639,0.0,244.74830572916557,false
1,73,02:00,86,05:15,13,1,,Charging (grid),1,2.010217902711639,0.0,245.22573248105957,false
1,73,02:00,87,05:30,14,1,,Charging (grid),1,2.010217902711639,0.0,245.7031592329536,false
1,73,02:00,88,05:45,15,1,,Charging (grid),1,2.010217902711639,0.0,246.1805859848476,false
1,73,02:00,89,06:00,16,1,,Charging (grid),1,2.010217902712895,0.0,246.65801273674194,false
1,73,02:00,90,06:15,17,1,,Charging (grid),1,2.010217902711639,0.0,247.13543948863594,false
1,73,02:00,91,06:30,18,1,,Charging (grid),1,2.010217902711639,0.0,247.61286624052994,false
1,73,02:00,92,06:45,19,1,,Charging (grid),1,2.010217902711639,0.0,248.09029299242397,false
1,73,02:00,93,07:00,20,1,,Charging (grid),1,2.010217902711639,0.0,248.56771974431797,false
1,73,02:00,94,07:15,21,1,,Charging (grid),1,2.010217902711639,0.0,249.04514649621197,false
1,73,02:00,95,07:30,22,1,,Charging (grid),1,2.010217902711639,0.0,249.522573248106,false
1,73,02:00,96,07:45,23,1,,Charging (grid),1,2.010217902711639,0.0,250.0,false
1,74,02:15,74,02:15,0,1,,Charging (grid),1,2.010217902711639,0.0,239.49661145833133,false
1,74,02:15,75,02:30,1,1,,Charging (grid),1,2.010217902711639,0.0,239.97403821022536,false
1,74,02:15,76,02:45,2,1,,Charging (grid),1,2.010217902711639,0.0,240.45146496211936,false
1,74,02:15,77,03:00,3,1,,Charging (grid),1,2.010217902711639,0.0,240.92889171401336,false
1,74,02:15,78,03:15,4,1,,Charging (grid),1,2.010217902711639,0.0,241.4063184659074,false
1,74,02:15,79,03:30,5,1,,Charging (grid),1,2.010217902711639,0.0,241.8837452178014,false
1,74,02:15,80,03:45,6,1,,Charging (grid),1,2.010217902711639,0.0,242.36117196969542,false
1,74,02:15,81,04:00,7,1,,Charging (grid),1,2.010217902711639,0.0,242.83859872158942,false
1,74,02:15,82,04:15,8,1,,Charging (grid),1,2.010217902711639,0.0,243.31602547348345,false
1,74,02:15,83,04:30,9,1,,Charging (grid),1,2.010217902711639,0.0,243.79345222537748,false
1,74,02:15,84,04:45,10,1,,Charging (grid),1,2.010217902711639,0.0,244.27087897727148,false
1,74,02:15,85,05:00,11,1,,Charging (grid),1,2.010217902711639,0.0,244.7483057291655,false
1,74,02:15,86,05:15,12,1,,Charging (grid),1,2.010217902711639,0.0,245.2257324810595,false
1,74,02:15,87,05:30,13,1,,Charging (grid),1,2.010217902711639,0.0,245.70315923295357,false
1,74,02:15,88,05:45,14,1,,Charging (grid),1,2.010217902711639,0.0,246.18058598484757,false
1,74,02:15,89,06:00,15,1,,Charging (grid),1,2.0102179027130744,0.0,246.65801273674194,false
1,74,02:15,90,06:15,16,1,,Charging (grid),1,2.010217902711639,0.0,247.13543948863594,false
1,74,02:15,91,06:30,17,1,,Charging (grid),1,2.010217902711639,0.0,247.61286624052994,false
1,74,02:15,92,06:45,18,1,,Charging (grid),1,2.010217902711639,0.0,248.09029299242397,false
1,74,02:15,93,07:00,19,1,,Charging (grid),1,2.010217902711639,0.0,248.56771974431797,false
1,74,02:15,94,07:15,20,1,,Charging (grid),1,2.010217902711639,0.0,249.04514649621197,false
1,74,02:15,95,07:30,21,1,,Charging (grid),1,2.010217902711639,0.0,249.522573248106,false
1,74,02:15,96,07:45,22,1,,Charging (grid),1,2.010217902711639,0.0,250.0,false
1,75,02:30,75,02:30,0,1,,Charging (grid),1,2.010217902711639,0.0,239.9740382102253,false
1,75,02:30,76,02:45,1,1,,Charging (grid),1,2.010217902711639,0.0,240.45146496211933,false
1,75,02:30,77,03:00,2,1,,Charging (grid),1,2.010217902711639,0.0,240.92889171401333,false
1,75,02:30,78,03:15,3,1,,Charging (grid),1,2.010217902711639,0.0,241.4063184659074,false
1,75,02:30,79,03:30,4,1,,Charging (grid),1,2.010217902711639,0.0,241.8837452178014,false
1,75,02:30,80,03:45,5,1,,Charging (grid),1,2.010217902711639,0.0,242.36117196969542,false
1,75,02:30,81,04:00,6,1,,Charging (grid),1,2.010217902711639,0.0,242.83859872158942,false
1,75,02:30,82,04:15,7,1,,Charging (grid),1,2.010217902711639,0.0,243.31602547348342,false
1,75,02:30,83,04:30,8,1,,Charging (grid),1,2.010217902711639,0.0,243.79345222537745,false
1,75,02:30,84,04:45,9,1,,Charging (grid),1,2.010217902711639,0.0,244.27087897727145,false
1,75,02:30,85,05:00,10,1,,Charging (grid),1,2.010217902711639,0.0,244.74830572916548,false
1,75,02:30,86,05:15,11,1,,Charging (grid),1,2.010217902711639,0.0,245.22573248105948,false
1,75,02:30,87,05:30,12,1,,Charging (grid),1,2.010217902711639,0.0,245.7031592329535,false
1,75,02:30,88,05:45,13,1,,Charging (grid),1,2.010217902711639,0.0,246.1805859848475,false
1,75,02:30,89,06:00,14,1,,Charging (grid),1,2.010217902713254,0.0,246.65801273674194,false
1,75,02:30,90,06:15,15,1,,Charging (grid),1,2.010217902711639,0.0,247.13543948863594,false
1,75,02:30,91,06:30,16,1,,Charging (grid),1,2.010217902711639,0.0,247.61286624052994,false
1,75,02:30,92,06:45,17,1,,Charging (grid),1,2.010217902711639,0.0,248.09029299242397,false
1,75,02:30,93,07:00,18,1,,Charging (grid),1,2.010217902711639,0.0,248.56771974431797,false
1,75,02:30,94,07:15,19,1,,Charging (grid),1,2.010217902711639,0.0,249.04514649621197,false
1,75,02:30,95,07:30,20,1,,Charging (grid),1,2.010217902711639,0.0,249.522573248106,false
1,75,02:30,96,07:45,21,1,,Charging (grid),1,2.010217902711639,0.0,250.0,false
1,76,02:45,76,02:45,0,1,,Charging (grid),1,2.010217902711639,0.0,240.45146496211927,false
1,76,02:45,77,03:00,1,1,,Charging (grid),1,2.010217902711639,0.0,240.9288917140133,false
1,76,02:45,78,03:15,2,1,,Charging (grid),1,2.010217902711639,0.0,241.4063184659073,false
1,76,02:45,79,03:30,3,1,,Charging (grid),1,2.010217902711639,0.0,241.8837452178013,false
1,76,02:45,80,03:45,4,1,,Charging (grid),1,2.010217902711639,0.0,242.36117196969533,false
1,76,02:45,81,04:00,5,1,,Charging (grid),1,2.010217902711639,0.0,242.83859872158934,false
1,76,02:45,82,04:15,6,1,,Charging (grid),1,2.010217902711639,0.0,243.31602547348336,false
1,76,02:45,83,04:30,7,1,,Charging (grid),1,2.010217902711639,0.0,243.7934522253774,false
1,76,02:45,84,04:45,8,1,,Charging (grid),1,2.010217902711639,0.0,244.2708789772714,false
1,76,02:45,85,05:00,9,1,,Charging (grid),1,2.010217902711639,0.0,244.74830572916542,false
1,76,02:45,86,05:15,10,1,,Charging (grid),1,2.010217902711639,0.0,245.22573248105942,false
1,76,02:45,87,05:30,11,1,,Charging (grid),1,2.010217902711639,0.0,245.70315923295348,false
1,76,02:45,88,05:45,12,1,,Charging (grid),1,2.010217902711639,0.0,246.18058598484748,false
1,76,02:45,89,06:00,13,1,,Charging (grid),1,2.0102179027134333,0.0,246.65801273674194,false
1,76,02:45,90,06:15,14,1,,Charging (grid),1,2.010217902711639,0.0,247.13543948863594,false
1,76,02:45,91,06:30,15,1,,Charging (grid),1,2.010217902711639,0.0,247.61286624052994,false
1,76,02:45,92,06:45,16,1,,Charging (grid),1,2.010217902711639,0.0,248.09029299242397,false
1,76,02:45,93,07:00,17,1,,Charging (grid),1,2.010217902711639,0.0,248.56771974431797,false
1,76,02:45,94,07:15,18,1,,Charging (grid),1,2.010217902711639,0.0,249.04514649621197,false
1,76,02:45,95,07:30,19,1,,Charging (grid),1,2.010217902711639,0.0,249.522573248106,false
1,76,02:45,96,07:45,20,1,,Charging (grid),1,2.010217902711639,0.0,250.0,false
1,77,03:00,77,03:00,0,1,,Charging (grid),1,2.010217902711639,0.0,240.92889171401325,false
1,77,03:00,78,03:15,1,1,,Charging (grid),1,2.010217902711639,0.0,241.40631846590728,false
1,77,03:00,79,03:30,2,1,,Charging (grid),1,2.010217902711639,0.0,241.88374521780128,false
1,77,03:00,80,03:45,3,1,,Charging (grid),1,2.010217902711639,0.0,242.36117196969533,false
1,77,03:00,81,04:00,4,1,,Charging (grid),1,2.010217902711639,0.0,242.83859872158934,false
1,77,03:00,82,04:15,5,1,,Charging (grid),1,2.010217902711639,0.0,243.31602547348334,false
1,77,03:00,83,04:30,6,1,,Charging (grid),1,2.010217902711639,0.0,243.79345222537737,false
1,77,03:00,84,04:45,7,1,,Charging (grid),1,2.010217902711639,0.0,244.27087897727137,false
1,77,03:00,85,05:00,8,1,,Charging (grid),1,2.010217902711639,0.0,244.7483057291654,false
1,77,03:00,86,05:15,9,1,,Charging (grid),1,2.010217902711639,0.0,245.2257324810594,false
1,77,03:00,87,05:30,10,1,,Charging (grid),1,2.010217902711639,0.0,245.70315923295342,false
1,77,03:00,88,05:45,11,1,,Charging (grid),1,2.010217902711639,0.0,246.18058598484743,false
1,77,03:00,89,06:00,12,1,,Charging (grid),1,2.0102179027136127,0.0,246.65801273674194,false
1,77,03:00,90,06:15,13,1,,Charging (grid),1,2.010217902711639,0.0,247.13543948863594,false
1,77,03:00,91,06:30,14,1,,Charging (grid),1,2.010217902711639,0.0,247.61286624052994,false
1,77,03:00,92,06:45,15,1,,Charging (grid),1,2.010217902711639,0.0,248.09029299242397,false
1,77,03:00,93,07:00,16,1,,Charging (grid),1,2.010217902711639,0.0,248.56771974431797,false
1,77,03:00,94,07:15,17,1,,Charging (grid),1,2.010217902711639,0.0,249.04514649621197,false
1,77,03:00,95,07:30,18,1,,Charging (grid),1,2.010217902711639,0.0,249.522573248106,false
1,77,03:00,96,07:45,19,1,,Charging (grid),1,2.010217902711639,0.0,250.0,false
1,78,03:15,78,03:15,0,1,,Charging (grid),1,2.010217902711639,0.0,241.40631846590722,false
1,78,03:15,79,03:30,1,1,,Charging (grid),1,2.010217902711639,0.0,241.88374521780125,false
1,78,03:15,80,03:45,2,1,,Charging (grid),1,2.010217902711639,0.0,242.36117196969525,false
1,78,03:15,81,04:00,3,1,,Charging (grid),1,2.010217902711639,0.0,242.83859872158925,false
1,78,03:15,82,04:15,4,1,,Charging (grid),1,2.010217902711639,0.0,243.31602547348328,false
1,78,03:15,83,04:30,5,1,,Charging (grid),1,2.010217902711639,0.0,243.7934522253773,false
1,78,03:15,84,04:45,6,1,,Charging (grid),1,2.010217902711639,0.0,244.2708789772713,false
1,78,03:15,85,05:00,7,1,,Charging (grid),1,2.010217902711639,0.0,244.74830572916534,false
1,78,03:15,86,05:15,8,1,,Charging (grid),1,2.010217902711639,0.0,245.22573248105934,false
1,78,03:15,87,05:30,9,1,,Charging (grid),1,2.010217902711639,0.0,245.7031592329534,false
1,78,03:15,88,05:45,10,1,,Charging (grid),1,2.010217902711639,0.0,246.1805859848474,false
1,78,03:15,89,06:00,11,1,,Charging (grid),1,2.0102179027137925,0.0,246.65801273674194,false
1,78,03:15,90,06:15,12,1,,Charging (grid),1,2.010217902711639,0.0,247.13543948863594,false
1,78,03:15,91,06:30,13,1,,Charging (grid),1,2.010217902711639,0.0,247.61286624052994,false
1,78,03:15,92,06:45,14,1,,Charging (grid),1,2.010217902711639,0.0,248.09029299242397,false
1,78,03:15,93,07:00,15,1,,Charging (grid),1,2.010217902711639,0.0,248.56771974431797,false
1,78,03:15,94,07:15,16,1,,Charging (grid),1,2.010217902711639,0.0,249.04514649621197,false
1,78,03:15,95,07:30,17,1,,Charging (grid),1,2.010217902711639,0.0,249.522573248106,false
1,78,03:15,96,07:45,18,1,,Charging (grid),1,2.010217902711639,0.0,250.0,false
1,79,03:30,79,03:30,0,1,,Charging (grid),1,2.010217902711639,0.0,241.8837452178012,false
1,79,03:30,80,03:45,1,1,,Charging (grid),1,2.010217902711639,0.0,242.36117196969525,false
1,79,03:30,81,04:00,2,1,,Charging (grid),1,2.010217902711639,0.0,242.83859872158925,false
1,79,03:30,82,04:15,3,1,,Charging (grid),1,2.010217902711639,0.0,243.31602547348325,false
1,79,03:30,83,04:30,4,1,,Charging (grid),1,2.010217902711639,0.0,243.79345222537728,false
1,79,03:30,84,04:45,5,1,,Charging (grid),1,2.010217902711639,0.0,244.27087897727128,false
1,79,03:30,85,05:00,6,1,,Charging (grid),1,2.010217902711639,0.0,244.7483057291653,false
1,79,03:30,86,05:15,7,1,,Charging (grid),1,2.010217902711639,0.0,245.2257324810593,false
1,79,03:30,87,05:30,8,1,,Charging (grid),1,2.010217902711639,0.0,245.70315923295334,false
1,79,03:30,88,05:45,9,1,,Charging (grid),1,2.010217902711639,0.0,246.18058598484734,false
1,79,03:30,89,06:00,10,1,,Charging (grid),1,2.010217902713972,0.0,246.65801273674194,false
1,79,03:30,90,06:15,11,1,,Charging (grid),1,2.010217902711639,0.0,247.13543948863594,false
1,79,03:30,91,06:30,12,1,,Charging (grid),1,2.010217902711639,0.0,247.61286624052994,false
1,79,03:30,92,06:45,13,1,,Charging (grid),1,2.010217902711639,0.0,248.09029299242397,false
1,79,03:30,93,07:00,14,1,,Charging (grid),1,2.010217902711639,0.0,248.56771974431797,false
1,79,03:30,94,07:15,15,1,,Charging (grid),1,2.010217902711639,0.0,249.04514649621197,false
1,79,03:30,95,07:30,16,1,,Charging (grid),1,2.010217902711639,0.0,249.522573248106,false
1,79,03:30,96,07:45,17,1,,Charging (grid),1,2.010217902711639,0.0,250.0,false
1,80,03:45,80,03:45,0,1,,Charging (grid),1,2.010217902711639,0.0,242.36117196969516,false
1,80,03:45,81,04:00,1,1,,Charging (grid),1,2.010217902711639,0.0,242.8385987215892,false
1,80,03:45,82,04:15,2,1,,Charging (grid),1,2.010217902711639,0.0,243.3160254734832,false
1,80,03:45,83,04:30,3,1,,Charging (grid),1,2.010217902711639,0.0,243.79345222537722,false
1,80,03:45,84,04:45,4,1,,Charging (grid),1,2.010217902711639,0.0,244.27087897727122,false
1,80,03:45,85,05:00,5,1,,Charging (grid),1,2.010217902711639,0.0,244.74830572916525,false
1,80,03:45,86,05:15,6,1,,Charging (grid),1,2.010217902711639,0.0,245.22573248105925,false
1,80,03:45,87,05:30,7,1,,Charging (grid),1,2.010217902711639,0.0,245.7031592329533,false
1,80,03:45,88,05:45,8,1,,Charging (grid),1,2.010217902711639,0.0,246.1805859848473,false
1,80,03:45,89,06:00,9,1,,Charging (grid),1,2.0102179027141514,0.0,246.65801273674194,false
1,80,03:45,90,06:15,10,1,,Charging (grid),1,2.010217902711639,0.0,247.13543948863594,false
1,80,03:45,91,06:30,11,1,,Charging (grid),1,2.010217902711639,0.0,247.61286624052994,false
1,80,03:45,92,06:45,12,1,,Charging (grid),1,2.010217902711639,0.0,248.09029299242397,false
1,80,03:45,93,07:00,13,1,,Charging (grid),1,2.010217902711639,0.0,248.56771974431797,false
1,80,03:45,94,07:15,14,1,,Charging (grid),1,2.010217902711639,0.0,249.04514649621197,false
1,80,03:45,95,07:30,15,1,,Charging (grid),1,2.010217902711639,0.0,249.522573248106,false
1,80,03:45,96,07:45,16,1,,Charging (grid),1,2.010217902711639,0.0,250.0,false
1,81,04:00,81,04:00,0,1,,Charging (grid),1,2.010217902711639,0.0,242.83859872158914,false
1,81,04:00,82,04:15,1,1,,Charging (grid),1,2.010217902711639,0.0,243.31602547348317,false
1,81,04:00,83,04:30,2,1,,Charging (grid),1,2.010217902711639,0.0,243.7934522253772,false
1,81,04:00,84,04:45,3,1,,Charging (grid),1,2.010217902711639,0.0,244.2708789772712,false
1,81,04:00,85,05:00,4,1,,Charging (grid),1,2.010217902711639,0.0,244.74830572916522,false
1,81,04:00,86,05:15,5,1,,Charging (grid),1,2.010217902711639,0.0,245.22573248105923,false
1,81,04:00,87,05:30,6,1,,Charging (grid),1,2.010217902711639,0.0,245.70315923295325,false
1,81,04:00,88,05:45,7,1,,Charging (grid),1,2.010217902711639,0.0,246.18058598484726,false
1,81,04:00,89,06:00,8,1,,Charging (grid),1,2.010217902714327,0.0,246.65801273674194,false
1,81,04:00,90,06:15,9,1,,Charging (grid),1,2.010217902711639,0.0,247.13543948863594,false
1,81,04:00,91,06:30,10,1,,Charging (grid),1,2.010217902711639,0.0,247.61286624052994,false
1,81,04:00,92,06:45,11,1,,Charging (grid),1,2.010217902711639,0.0,248.09029299242397,false
1,81,04:00,93,07:00,12,1,,Charging (grid),1,2.010217902711639,0.0,248.56771974431797,false
1,81,04:00,94,07:15,13,1,,Charging (grid),1,2.010217902711639,0.0,249.04514649621197,false
1,81,04:00,95,07:30,14,1,,Charging (grid),1,2.010217902711639,0.0,249.522573248106,false
1,81,04:00,96,07:45,15,1,,Charging (grid),1,2.010217902711639,0.0,250.0,false
1,82,04:15,82,04:15,0,1,,Charging (grid),1,2.010217902711639,0.0,243.3160254734831,false
1,82,04:15,83,04:30,1,1,,Charging (grid),1,2.010217902711639,0.0,243.79345222537714,false
1,82,04:15,84,04:45,2,1,,Charging (grid),1,2.010217902711639,0.0,244.27087897727114,false
1,82,04:15,85,05:00,3,1,,Charging (grid),1,2.010217902711639,0.0,244.74830572916517,false
1,82,04:15,86,05:15,4,1,,Charging (grid),1,2.010217902711639,0.0,245.22573248105917,false
1,82,04:15,87,05:30,5,1,,Charging (grid),1,2.010217902711639,0.0,245.7031592329532,false
1,82,04:15,88,05:45,6,1,,Charging (grid),1,2.010217902711639,0.0,246.1805859848472,false
1,82,04:15,89,06:00,7,1,,Charging (grid),1,2.010217902714503,0.0,246.6580127367419,false
1,82,04:15,90,06:15,8,1,,Charging (grid),1,2.010217902711639,0.0,247.1354394886359,false
1,82,04:15,91,06:30,9,1,,Charging (grid),1,2.010217902711639,0.0,247.6128662405299,false
1,82,04:15,92,06:45,10,1,,Charging (grid),1,2.010217902711639,0.0,248.09029299242394,false
1,82,04:15,93,07:00,11,1,,Charging (grid),1,2.010217902711639,0.0,248.56771974431794,false
1,82,04:15,94,07:15,12,1,,Charging (grid),1,2.010217902711639,0.0,249.04514649621197,false
1,82,04:15,95,07:30,13,1,,Charging (grid),1,2.010217902711639,0.0,249.522573248106,false
1,82,04:15,96,07:45,14,1,,Charging (grid),1,2.010217902711639,0.0,250.0,false
1,83,04:30,83,04:30,0,1,,Charging (grid),1,2.010217902711639,0.0,243.79345222537708,false
1,83,04:30,84,04:45,1,1,,Charging (grid),1,2.010217902711639,0.0,244.2708789772711,false
1,83,04:30,85,05:00,2,1,,Charging (grid),1,2.010217902711639,0.0,244.7483057291651,false
1,83,04:30,86,05:15,3,1,,Charging (grid),1,2.010217902711639,0.0,245.2257324810591,false
1,83,04:30,87,05:30,4,1,,Charging (grid),1,2.010217902711639,0.0,245.70315923295317,false
1,83,04:30,88,05:45,5,1,,Charging (grid),1,2.010217902711639,0.0,246.18058598484717,false
1,83,04:30,89,06:00,6,1,,Charging (grid),1,2.0102179027146785,0.0,246.6580127367419,false
1,83,04:30,90,06:15,7,1,,Charging (grid),1,2.010217902711639,0.0,247.1354394886359,false
1,83,04:30,91,06:30,8,1,,Charging (grid),1,2.010217902711639,0.0,247.61286624052994,false
1,83,04:30,92,06:45,9,1,,Charging (grid),1,2.010217902711639,0.0,248.09029299242397,false
1,83,04:30,93,07:00,10,1,,Charging (grid),1,2.010217902711639,0.0,248.56771974431797,false
1,83,04:30,94,07:15,11,1,,Charging (grid),1,2.010217902711639,0.0,249.04514649621197,false
1,83,04:30,95,07:30,12,1,,Charging (grid),1,2.010217902711639,0.0,249.522573248106,false
1,83,04:30,96,07:45,13,1,,Charging (grid),1,2.010217902711639,0.0,250.0,false
1,84,04:45,84,04:45,0,1,,Charging (grid),1,2.010217902711639,0.0,244.27087897727105,false
1,84,04:45,85,05:00,1,1,,Charging (grid),1,2.010217902711639,0.0,244.74830572916508,false
1,84,04:45,86,05:15,2,1,,Charging (grid),1,2.010217902711639,0.0,245.22573248105908,false
1,84,04:45,87,05:30,3,1,,Charging (grid),1,2.010217902711639,0.0,245.70315923295314,false
1,84,04:45,88,05:45,4,1,,Charging (grid),1,2.010217902711639,0.0,246.18058598484714,false
1,84,04:45,89,06:00,5,1,,Charging (grid),1,2.0102179027148543,0.0,246.65801273674194,false
1,84,04:45,90,06:15,6,1,,Charging (grid),1,2.010217902711639,0.0,247.13543948863594,false
1,84,04:45,91,06:30,7,1,,Charging (grid),1,2.010217902711639,0.0,247.61286624052994,false
1,84,04:45,92,06:45,8,1,,Charging (grid),1,2.010217902711639,0.0,248.09029299242397,false
1,84,04:45,93,07:00,9,1,,Charging (grid),1,2.010217902711639,0.0,248.56771974431797,false
1,84,04:45,94,07:15,10,1,,Charging (grid),1,2.010217902711639,0.0,249.04514649621197,false
1,84,04:45,95,07:30,11,1,,Charging (grid),1,2.010217902711639,0.0,249.522573248106,false
1,84,04:45,96,07:45,12,1,,Charging (grid),1,2.010217902711639,0.0,250.0,false
1,85,05:00,85,05:00,0,1,,Charging (grid),1,2.010217902711639,0.0,244.74830572916503,false
1,85,05:00,86,05:15,1,1,,Charging (grid),1,2.010217902711639,0.0,245.22573248105905,false
1,85,05:00,87,05:30,2,1,,Charging (grid),1,2.010217902711639,0.0,245.70315923295306,false
1,85,05:00,88,05:45,3,1,,Charging (grid),1,2.010217902711639,0.0,246.18058598484706,false
1,85,05:00,89,06:00,4,1,,Charging (grid),1,2.01021790271503,0.0,246.6580127367419,false
1,85,05:00,90,06:15,5,1,,Charging (grid),1,2.010217902711639,0.0,247.1354394886359,false
1,85,05:00,91,06:30,6,1,,Charging (grid),1,2.010217902711639,0.0,247.61286624052994,false
1,85,05:00,92,06:45,7,1,,Charging (grid),1,2.010217902711639,0.0,248.09029299242397,false
1,85,05:00,93,07:00,8,1,,Charging (grid),1,2.010217902711639,0.0,248.56771974431797,false
1,85,05:00,94,07:15,9,1,,Charging (grid),1,2.010217902711639,0.0,249.04514649621197,false
1,85,05:00,95,07:30,10,1,,Charging (grid),1,2.010217902711639,0.0,249.522573248106,false
1,85,05:00,96,07:45,11,1,,Charging (grid),1,2.010217902711639,0.0,250.0,false
1,86,05:15,86,05:15,0,1,,Charging (grid),1,2.010217902711639,0.0,245.225732481059,false
1,86,05:15,87,05:30,1,1,,Charging (grid),1,2.010217902711639,0.0,245.70315923295303,false
1,86,05:15,88,05:45,2,1,,Charging (grid),1,2.010217902711639,0.0,246.18058598484703,false
1,86,05:15,89,06:00,3,1,,Charging (grid),1,2.010217902715206,0.0,246.65801273674194,false
1,86,05:15,90,06:15,4,1,,Charging (grid),1,2.010217902711639,0.0,247.13543948863594,false
1,86,05:15,91,06:30,5,1,,Charging (grid),1,2.010217902711639,0.0,247.61286624052994,false
1,86,05:15,92,06:45,6,1,,Charging (grid),1,2.010217902711639,0.0,248.09029299242397,false
1,86,05:15,93,07:00,7,1,,Charging (grid),1,2.010217902711639,0.0,248.56771974431797,false
1,86,05:15,94,07:15,8,1,,Charging (grid),1,2.010217902711639,0.0,249.04514649621197,false
1,86,05:15,95,07:30,9,1,,Charging (grid),1,2.010217902711639,0.0,249.522573248106,false
1,86,05:15,96,07:45,10,1,,Charging (grid),1,2.010217902711639,0.0,250.0,false
1,87,05:30,87,05:30,0,1,,Charging (grid),1,2.010217902711639,0.0,245.70315923295297,false
1,87,05:30,88,05:45,1,1,,Charging (grid),1,2.010217902711639,0.0,246.180585984847,false
1,87,05:30,89,06:00,2,1,,Charging (grid),1,2.010217902715382,0.0,246.6580127367419,false
1,87,05:30,90,06:15,3,1,,Charging (grid),1,2.010217902711639,0.0,247.1354394886359,false
1,87,05:30,91,06:30,4,1,,Charging (grid),1,2.010217902711639,0.0,247.61286624052994,false
1,87,05:30,92,06:45,5,1,,Charging (grid),1,2.010217902711639,0.0,248.09029299242397,false
1,87,05:30,93,07:00,6,1,,Charging (grid),1,2.010217902711639,0.0,248.56771974431797,false
1,87,05:30,94,07:15,7,1,,Charging (grid),1,2.010217902711639,0.0,249.04514649621197,false
1,87,05:30,95,07:30,8,1,,Charging (grid),1,2.010217902711639,0.0,249.522573248106,false
1,87,05:30,96,07:45,9,1,,Charging (grid),1,2.010217902711639,0.0,250.0,false
1,88,05:45,88,05:45,0,1,,Charging (grid),1,2.010217902711639,0.0,246.18058598484694,false
1,88,05:45,89,06:00,1,1,,Charging (grid),1,2.0102179027155573,0.0,246.65801273674194,false
1,88,05:45,90,06:15,2,1,,Charging (grid),1,2.010217902711639,0.0,247.13543948863594,false
1,88,05:45,91,06:30,3,1,,Charging (grid),1,2.010217902711639,0.0,247.61286624052994,false
1,88,05:45,92,06:45,4,1,,Charging (grid),1,2.010217902711639,0.0,248.09029299242397,false
1,88,05:45,93,07:00,5,1,,Charging (grid),1,2.010217902711639,0.0,248.56771974431797,false
1,88,05:45,94,07:15,6,1,,Charging (grid),1,2.010217902711639,0.0,249.04514649621197,false
1,88,05:45,95,07:30,7,1,,Charging (grid),1,2.010217902711639,0.0,249.522573248106,false
1,88,05:45,96,07:45,8,1,,Charging (grid),1,2.010217902711639,0.0,250.0,false
1,89,06:00,89,06:00,0,1,,Charging (grid),1,2.010217902715733,0.0,246.6580127367419,false
1,89,06:00,90,06:15,1,1,,Charging (grid),1,2.010217902711639,0.0,247.1354394886359,false
1,89,06:00,91,06:30,2,1,,Charging (grid),1,2.010217902711639,0.0,247.61286624052994,false
1,89,06:00,92,06:45,3,1,,Charging (grid),1,2.010217902711639,0.0,248.09029299242397,false
1,89,06:00,93,07:00,4,1,,Charging (grid),1,2.010217902711639,0.0,248.56771974431797,false
1,89,06:00,94,07:15,5,1,,Charging (grid),1,2.010217902711639,0.0,249.04514649621197,false
1,89,06:00,95,07:30,6,1,,Charging (grid),1,2.010217902711639,0.0,249.522573248106,false
1,89,06:00,96,07:45,7,1,,Charging (grid),1,2.010217902711639,0.0,250.0,false
1,90,06:15,90,06:15,0,1,,Charging (grid),1,2.010217902687035,0.0,247.13543948863008,false
1,90,06:15,91,06:30,1,1,,Charging (grid),1,2.010217902715733,0.0,247.61286624052508,false
1,90,06:15,92,06:45,2,1,,Charging (grid),1,2.010217902715733,0.0,248.09029299242005,false
1,90,06:15,93,07:00,3,1,,Charging (grid),1,2.010217902715733,0.0,248.56771974431504,false
1,90,06:15,94,07:15,4,1,,Charging (grid),1,2.010217902715733,0.0,249.04514649621004,false
1,90,06:15,95,07:30,5,1,,Charging (grid),1,2.010217902715733,0.0,249.522573248105,false
1,90,06:15,96,07:45,6,1,,Charging (grid),1,2.010217902715733,0.0,250.0,false
1,91,06:30,91,06:30,0,1,,Charging (grid),1,2.010217902715718,0.0,247.61286624052508,false
1,91,06:30,92,06:45,1,1,,Charging (grid),1,2.010217902715733,0.0,248.09029299242005,false
1,91,06:30,93,07:00,2,1,,Charging (grid),1,2.010217902715733,0.0,248.56771974431504,false
1,91,06:30,94,07:15,3,1,,Charging (grid),1,2.010217902715733,0.0,249.04514649621004,false
1,91,06:30,95,07:30,4,1,,Charging (grid),1,2.010217902715733,0.0,249.522573248105,false
1,91,06:30,96,07:45,5,1,,Charging (grid),1,2.010217902715733,0.0,250.0,false
1,92,06:45,92,06:45,0,1,,Charging (grid),1,2.010217902715681,0.0,248.09029299242005,false
1,92,06:45,93,07:00,1,1,,Charging (grid),1,2.010217902715733,0.0,248.56771974431504,false
1,92,06:45,94,07:15,2,1,,Charging (grid),1,2.010217902715733,0.0,249.04514649621004,false
1,92,06:45,95,07:30,3,1,,Charging (grid),1,2.010217902715733,0.0,249.522573248105,false
1,92,06:45,96,07:45,4,1,,Charging (grid),1,2.010217902715733,0.0,250.0,false
1,93,07:00,93,07:00,0,1,,Charging (grid),1,2.0102179027156435,0.0,248.56771974431504,false
1,93,07:00,94,07:15,1,1,,Charging (grid),1,2.010217902715733,0.0,249.04514649621004,false
1,93,07:00,95,07:30,2,1,,Charging (grid),1,2.010217902715733,0.0,249.522573248105,false
1,93,07:00,96,07:45,3,1,,Charging (grid),1,2.010217902715733,0.0,250.0,false
1,94,07:15,94,07:15,0,1,,Charging (grid),1,2.0102179027156057,0.0,249.04514649621004,false
1,94,07:15,95,07:30,1,1,,Charging (grid),1,2.010217902715733,0.0,249.522573248105,false
1,94,07:15,96,07:45,2,1,,Charging (grid),1,2.0102179027157336,0.0,250.0,false
1,95,07:30,95,07:30,0,1,,Charging (grid),1,2.010217902715569,0.0,249.522573248105,false
1,95,07:30,96,07:45,1,1,,Charging (grid),1,2.010217902715733,0.0,250.0,false
1,96,07:45,96,07:45,0,1,,Charging (grid),1,2.0102179027157705,0.0,250.0,false
