day,resolve_step,resolve_clock,offset_step,offset_clock,steps_ahead,cev,scenario_id,activity_planned,planned_power_kW,planned_charging,soe_cev_planned_kWh,soe_mcs_planned_kWh,changed_from_prior_resolve
1,1,08:00,1,08:00,0,1,,Digging,4.7925,false,13.601875,250.0,
1,1,08:00,2,08:15,1,1,,Digging,4.7925,false,12.403749999999977,250.0,
1,1,08:00,3,08:30,2,1,,Charging,-2.6645352591003757e-15,true,14.303749999999978,247.89473684210526,
1,1,08:00,4,08:45,3,1,,Digging,4.7925,false,13.105624999999979,247.8947368421053,
1,1,08:00,5,09:00,4,1,,Digging,4.7925,false,11.907499999999978,247.8947368421053,
1,1,08:00,6,09:15,5,1,,Charging,0.0,true,13.807499999999978,245.78947368421055,
1,1,08:00,7,09:30,6,1,,Charging,0.0,true,14.8,244.68975069252076,
1,1,08:00,8,09:45,7,1,,Traveling,4.7101,false,13.622475000000001,244.68975069252076,
1,1,08:00,9,10:00,8,1,,Loading/Swinging,3.1586,false,12.832825000000001,244.68975069252076,
1,1,08:00,10,10:15,9,1,,Digging,4.792499999999997,false,11.634700000000002,244.68975069252076,
1,1,08:00,11,10:30,10,1,,Digging,4.7925000000000075,false,10.436575000000001,244.68975069252076,
1,1,08:00,12,10:45,11,1,,Charging,5.329070518200751e-15,true,12.336575,242.58448753462602,
1,1,08:00,13,11:00,12,1,,Digging,4.7925,false,11.138449999999999,242.58448753462602,
1,1,08:00,14,11:15,13,1,,Traveling,4.7101000000000015,false,9.960924999999998,242.58448753462602,
1,1,08:00,15,11:30,14,1,,Digging,4.7925,false,8.762799999999999,242.58448753462602,
1,1,08:00,16,11:45,15,1,,Digging,4.7925,false,7.5646749999999985,242.58448753462602,
1,1,08:00,17,12:00,16,1,,Charging,0.0,true,9.464674999999998,240.47922437673128,
1,1,08:00,18,12:15,17,1,,Charging,0.0,true,11.364674999999998,238.37396121883654,
1,1,08:00,19,12:30,18,1,,,0.0,false,11.364674999999998,238.37396121883654,
1,1,08:00,20,12:45,19,1,,,0.0,false,11.364674999999998,238.83710939398355,
1,1,08:00,21,13:00,20,1,,,0.0,false,11.364674999999998,239.30025756913057,
1,1,08:00,22,13:15,21,1,,,0.0,false,11.364674999999998,239.76340574427758,
1,1,08:00,23,13:30,22,1,,,0.0,false,11.364674999999998,240.2265539194246,
1,1,08:00,24,13:45,23,1,,,0.0,false,11.364674999999998,240.6897020945716,
1,1,08:00,25,14:00,24,1,,Digging,4.7925,false,10.166549999999997,241.1528502697186,
1,1,08:00,26,14:15,25,1,,Digging,4.7925,false,8.968424999999996,241.61599844486562,
1,1,08:00,27,14:30,26,1,,Traveling,4.710099999999922,false,7.790900000000016,242.07914662001264,
1,1,08:00,28,14:45,27,1,,Digging,4.792500000000054,false,6.592775000000002,242.54229479515965,
1,1,08:00,29,15:00,28,1,,Idle,0.0,false,6.592775000000002,243.00544297030666,
1,1,08:00,30,15:15,29,1,,Loading/Swinging,3.1586,false,5.803125000000002,243.46859114545367,
1,1,08:00,31,15:30,30,1,,Loading/Swinging,3.1586,false,5.013475000000002,243.93173932060068,
1,1,08:00,32,15:45,31,1,,Loading/Swinging,3.158599999999968,false,4.223825000000007,244.3948874957477,
1,1,08:00,33,16:00,32,1,,Traveling,4.71010000000001,false,3.0463000000000044,244.3948874957477,
1,1,08:00,34,16:15,33,1,,Charging,0.0,true,4.946299999999997,242.28962433785296,
1,1,08:00,35,16:30,34,1,,Loading/Swinging,3.1585999999999887,false,4.156649999999996,242.28962433785296,
1,1,08:00,36,16:45,35,1,,Loading/Swinging,3.1586,false,3.3669999999999964,242.28962433785296,
1,1,08:00,37,17:00,36,1,,,0.0,false,3.3669999999999964,242.28962433785296,
1,1,08:00,38,17:15,37,1,,,0.0,false,3.3669999999999964,242.28962433785296,
1,1,08:00,39,17:30,38,1,,,0.0,false,3.366999999999991,242.28962433785296,
1,1,08:00,40,17:45,39,1,,,0.0,false,3.366999999999991,242.28962433785296,
1,1,08:00,41,18:00,40,1,,,0.0,false,3.366999999999991,242.28962433785296,
1,1,08:00,42,18:15,41,1,,,0.0,false,3.366999999999991,242.28962433785296,
1,1,08:00,43,18:30,42,1,,,0.0,false,3.3669999999999907,242.28962433785296,
1,1,08:00,44,18:45,43,1,,Charging,0.0,true,5.266999999999991,240.18436117995822,
1,1,08:00,45,19:00,44,1,,Charging,0.0,true,7.166999999999991,238.07909802206348,
1,1,08:00,46,19:15,45,1,,,0.0,false,7.166999999999991,238.07909802206348,
1,1,08:00,47,19:30,46,1,,Charging,0.0,true,9.066999999999991,235.97383486416874,
1,1,08:00,48,19:45,47,1,,Charging,0.0,true,10.966999999999992,233.868571706274,
1,1,08:00,49,20:00,48,1,,Charging,0.0,true,11.00000000000001,233.83200660932107,
1,1,08:00,50,20:15,49,1,,Charging,0.0,true,12.900000000000011,231.72674345142633,
1,1,08:00,51,20:30,50,1,,Charging,0.0,true,14.8,229.6214802935316,
1,1,08:00,52,20:45,51,1,,,0.0,false,14.8,229.6214802935316,
1,1,08:00,53,21:00,52,1,,,0.0,false,14.8,230.0846284686786,
1,1,08:00,54,21:15,53,1,,,0.0,false,14.8,230.5477766438256,
1,1,08:00,55,21:30,54,1,,,0.0,false,14.8,231.01092481897263,
1,1,08:00,56,21:45,55,1,,,0.0,false,14.8,231.47407299411964,
1,1,08:00,57,22:00,56,1,,,0.0,false,14.8,231.93722116926665,
1,1,08:00,58,22:15,57,1,,,0.0,false,14.8,232.40036934441366,
1,1,08:00,59,22:30,58,1,,,0.0,false,14.8,232.86351751956067,
1,1,08:00,60,22:45,59,1,,,0.0,false,14.8,233.32666569470769,
1,1,08:00,61,23:00,60,1,,,0.0,false,14.8,233.7898138698547,
1,1,08:00,62,23:15,61,1,,,0.0,false,14.8,234.2529620450017,
1,1,08:00,63,23:30,62,1,,,0.0,false,14.8,234.71611022014872,
1,1,08:00,64,23:45,63,1,,,0.0,false,14.8,235.17925839529573,
1,1,08:00,65,00:00,64,1,,,0.0,false,14.8,235.64240657044274,
1,1,08:00,66,00:15,65,1,,,0.0,false,14.8,236.10555474558976,
1,1,08:00,67,00:30,66,1,,,0.0,false,14.8,236.56870292073677,
1,1,08:00,68,00:45,67,1,,,0.0,false,14.8,237.03185109588378,
1,1,08:00,69,01:00,68,1,,,0.0,false,14.8,237.4949992710308,
1,1,08:00,70,01:15,69,1,,,0.0,false,14.8,237.9581474461778,
1,1,08:00,71,01:30,70,1,,,0.0,false,14.8,238.42129562132482,
1,1,08:00,72,01:45,71,1,,,0.0,false,14.8,238.88444379647183,
1,1,08:00,73,02:00,72,1,,,0.0,false,14.8,239.34759197161884,
1,1,08:00,74,02:15,73,1,,,0.0,false,14.8,239.81074014676585,
1,1,08:00,75,02:30,74,1,,,0.0,false,14.8,240.27388832191286,
1,1,08:00,76,02:45,75,1,,,0.0,false,14.8,240.73703649705988,
1,1,08:00,77,03:00,76,1,,,0.0,false,14.8,241.2001846722069,
1,1,08:00,78,03:15,77,1,,,0.0,false,14.8,241.6633328473539,
1,1,08:00,79,03:30,78,1,,,0.0,false,14.8,242.1264810225009,
1,1,08:00,80,03:45,79,1,,,0.0,false,14.8,242.58962919764792,
1,1,08:00,81,04:00,80,1,,,0.0,false,14.8,243.05277737279494,
1,1,08:00,82,04:15,81,1,,,0.0,false,14.8,243.51592554794195,
1,1,08:00,83,04:30,82,1,,,0.0,false,14.8,243.97907372308896,
1,1,08:00,84,04:45,83,1,,,0.0,false,14.8,244.44222189823597,
1,1,08:00,85,05:00,84,1,,,0.0,false,14.8,244.90537007338298,
1,1,08:00,86,05:15,85,1,,,0.0,false,14.8,245.36851824853,
1,1,08:00,87,05:30,86,1,,,0.0,false,14.8,245.831666423677,
1,1,08:00,88,05:45,87,1,,,0.0,false,14.8,246.29481459882402,
1,1,08:00,89,06:00,88,1,,,0.0,false,14.8,246.75796277397103,
1,1,08:00,90,06:15,89,1,,,0.0,false,14.8,247.22111094911804,
1,1,08:00,91,06:30,90,1,,,0.0,false,14.8,247.68425912426505,
1,1,08:00,92,06:45,91,1,,,0.0,false,14.8,248.14740729941207,
1,1,08:00,93,07:00,92,1,,,0.0,false,14.8,248.61055547455908,
1,1,08:00,94,07:15,93,1,,,0.0,false,14.8,249.0737036497061,
1,1,08:00,95,07:30,94,1,,,0.0,false,14.8,249.536851824853,
1,1,08:00,96,07:45,95,1,,,0.0,false,14.8,250.0,
1,2,08:15,2,08:15,0,1,,Digging,4.792500000000004,false,12.4789,250.0,false
1,2,08:15,3,08:30,1,1,,Digging,4.7925,false,11.280774999999998,250.0,true
1,2,08:15,4,08:45,2,1,,Charging,0.0,true,13.180774999999999,247.89473684210526,true
1,2,08:15,5,09:00,3,1,,Charging,0.0,true,14.8,246.10058171745152,true
1,2,08:15,6,09:15,4,1,,Digging,4.7925,false,13.601875,246.10058171745152,true
1,2,08:15,7,09:30,5,1,,Charging,0.0,true,14.8,244.7730193905817,false
1,2,08:15,8,09:45,6,1,,Traveling,4.710100000000001,false,13.622475000000001,244.7730193905817,false
1,2,08:15,9,10:00,7,1,,Digging,4.792500000000004,false,12.42435,244.7730193905817,true
1,2,08:15,10,10:15,8,1,,Digging,4.7925,false,11.226225,244.7730193905817,false
1,2,08:15,11,10:30,9,1,,Digging,4.792499999999997,false,10.0281,244.7730193905817,false
1,2,08:15,12,10:45,10,1,,Charging,0.0,true,11.928099999999997,242.66775623268697,false
1,2,08:15,13,11:00,11,1,,Digging,4.7925,false,10.729974999999996,242.66775623268697,false
1,2,08:15,14,11:15,12,1,,Traveling,4.7101,false,9.552449999999997,242.66775623268697,false
1,2,08:15,15,11:30,13,1,,Digging,4.7925,false,8.354324999999996,242.66775623268697,false
1,2,08:15,16,11:45,14,1,,Digging,4.7925,false,7.156199999999996,242.66775623268697,false
1,2,08:15,17,12:00,15,1,,Charging,0.0,true,9.056199999999995,240.56249307479223,false
1,2,08:15,18,12:15,16,1,,Charging,0.0,true,10.956199999999992,238.4572299168975,false
1,2,08:15,19,12:30,17,1,,,0.0,false,10.956199999999992,238.4572299168975,false
1,2,08:15,20,12:45,18,1,,,0.0,false,10.956199999999992,238.91891723769254,false
1,2,08:15,21,13:00,19,1,,,0.0,false,10.956199999999992,239.3806045584876,false
1,2,08:15,22,13:15,20,1,,,0.0,false,10.956199999999992,239.84229187928264,false
1,2,08:15,23,13:30,21,1,,,0.0,false,10.956199999999992,240.3039792000777,false
1,2,08:15,24,13:45,22,1,,,0.0,false,10.956199999999992,240.76566652087274,false
1,2,08:15,25,14:00,23,1,,Loading/Swinging,3.1586000000000007,false,10.166549999999992,241.2273538416678,true
1,2,08:15,26,14:15,24,1,,Digging,4.7925,false,8.968424999999995,241.68904116246284,false
1,2,08:15,27,14:30,25,1,,Traveling,4.710100000000001,false,7.790899999999994,242.1507284832579,false
1,2,08:15,28,14:45,26,1,,Loading/Swinging,3.1586,false,7.001249999999994,242.61241580405294,true
1,2,08:15,29,15:00,27,1,,Idle,0.0,false,7.001249999999994,243.074103124848,false
1,2,08:15,30,15:15,28,1,,Loading/Swinging,3.1586,false,6.2115999999999945,243.53579044564304,false
1,2,08:15,31,15:30,29,1,,Loading/Swinging,3.1586,false,5.4219499999999945,243.9974777664381,false
1,2,08:15,32,15:45,30,1,,Loading/Swinging,3.1586,false,4.6322999999999945,244.45916508723315,false
1,2,08:15,33,16:00,31,1,,Traveling,4.7101,false,3.4547749999999944,244.45916508723315,false
1,2,08:15,34,16:15,32,1,,Charging,0.0,true,5.354774999999996,242.3539019293384,false
1,2,08:15,35,16:30,33,1,,Digging,4.7924999999999995,false,4.1566499999999955,242.3539019293384,true
1,2,08:15,36,16:45,34,1,,Loading/Swinging,3.158599999999998,false,3.366999999999996,242.3539019293384,false
1,2,08:15,37,17:00,35,1,,,0.0,false,3.366999999999996,242.3539019293384,false
1,2,08:15,38,17:15,36,1,,,0.0,false,3.366999999999996,242.3539019293384,false
1,2,08:15,39,17:30,37,1,,,0.0,false,3.366999999999996,242.3539019293384,false
1,2,08:15,40,17:45,38,1,,,0.0,false,3.366999999999996,242.3539019293384,false
1,2,08:15,41,18:00,39,1,,,0.0,false,3.366999999999996,242.3539019293384,false
1,2,08:15,42,18:15,40,1,,Charging,0.0,true,5.266999999999998,240.24863877144367,true
1,2,08:15,43,18:30,41,1,,Charging,0.0,true,7.166999999999998,238.14337561354893,true
1,2,08:15,44,18:45,42,1,,Charging,0.0,true,9.066999999999997,236.0381124556542,false
1,2,08:15,45,19:00,43,1,,Charging,0.0,true,10.966999999999997,233.93284929775945,false
1,2,08:15,46,19:15,44,1,,Charging,0.0,true,12.866999999999997,231.8275861398647,true
1,2,08:15,47,19:30,45,1,,Charging,0.0,true,14.766999999999998,229.72232298196997,false
1,2,08:15,48,19:45,46,1,,Charging,0.0,true,14.8,229.68575788501707,false
1,2,08:15,49,20:00,47,1,,,0.0,false,14.8,229.68575788501707,true
1,2,08:15,50,20:15,48,1,,,0.0,false,14.8,229.68575788501707,true
1,2,08:15,51,20:30,49,1,,,0.0,false,14.8,229.68575788501707,true
1,2,08:15,52,20:45,50,1,,,0.0,false,14.8,229.68575788501707,false
1,2,08:15,53,21:00,51,1,,,0.0,false,14.8,230.14744520581212,false
1,2,08:15,54,21:15,52,1,,,0.0,false,14.8,230.60913252660717,false
1,2,08:15,55,21:30,53,1,,,0.0,false,14.8,231.07081984740222,false
1,2,08:15,56,21:45,54,1,,,0.0,false,14.8,231.53250716819727,false
1,2,08:15,57,22:00,55,1,,,0.0,false,14.8,231.99419448899232,false
1,2,08:15,58,22:15,56,1,,,0.0,false,14.8,232.45588180978737,false
1,2,08:15,59,22:30,57,1,,,0.0,false,14.8,232.91756913058242,false
1,2,08:15,60,22:45,58,1,,,0.0,false,14.8,233.37925645137747,false
1,2,08:15,61,23:00,59,1,,,0.0,false,14.8,233.84094377217252,false
1,2,08:15,62,23:15,60,1,,,0.0,false,14.8,234.30263109296757,false
1,2,08:15,63,23:30,61,1,,,0.0,false,14.8,234.76431841376262,false
1,2,08:15,64,23:45,62,1,,,0.0,false,14.8,235.22600573455767,false
1,2,08:15,65,00:00,63,1,,,0.0,false,14.8,235.68769305535272,false
1,2,08:15,66,00:15,64,1,,,0.0,false,14.8,236.14938037614777,false
1,2,08:15,67,00:30,65,1,,,0.0,false,14.8,236.61106769694283,false
1,2,08:15,68,00:45,66,1,,,0.0,false,14.8,237.07275501773788,false
1,2,08:15,69,01:00,67,1,,,0.0,false,14.8,237.53444233853293,false
1,2,08:15,70,01:15,68,1,,,0.0,false,14.8,237.99612965932798,false
1,2,08:15,71,01:30,69,1,,,0.0,false,14.8,238.45781698012303,false
1,2,08:15,72,01:45,70,1,,,0.0,false,14.8,238.91950430091808,false
1,2,08:15,73,02:00,71,1,,,0.0,false,14.8,239.38119162171313,false
1,2,08:15,74,02:15,72,1,,,0.0,false,14.8,239.84287894250818,false
1,2,08:15,75,02:30,73,1,,,0.0,false,14.8,240.30456626330323,false
1,2,08:15,76,02:45,74,1,,,0.0,false,14.8,240.76625358409828,false
1,2,08:15,77,03:00,75,1,,,0.0,false,14.8,241.22794090489333,false
1,2,08:15,78,03:15,76,1,,,0.0,false,14.8,241.68962822568838,false
1,2,08:15,79,03:30,77,1,,,0.0,false,14.8,242.15131554648343,false
1,2,08:15,80,03:45,78,1,,,0.0,false,14.8,242.61300286727848,false
1,2,08:15,81,04:00,79,1,,,0.0,false,14.8,243.07469018807353,false
1,2,08:15,82,04:15,80,1,,,0.0,false,14.8,243.53637750886858,false
1,2,08:15,83,04:30,81,1,,,0.0,false,14.8,243.99806482966363,false
1,2,08:15,84,04:45,82,1,,,0.0,false,14.8,244.45975215045868,false
1,2,08:15,85,05:00,83,1,,,0.0,false,14.8,244.92143947125373,false
1,2,08:15,86,05:15,84,1,,,0.0,false,14.8,245.38312679204878,false
1,2,08:15,87,05:30,85,1,,,0.0,false,14.8,245.84481411284384,false
1,2,08:15,88,05:45,86,1,,,0.0,false,14.8,246.30650143363889,false
1,2,08:15,89,06:00,87,1,,,0.0,false,14.8,246.76818875443394,false
1,2,08:15,90,06:15,88,1,,,0.0,false,14.8,247.229876075229,false
1,2,08:15,91,06:30,89,1,,,0.0,false,14.8,247.69156339602404,false
1,2,08:15,92,06:45,90,1,,,0.0,false,14.8,248.1532507168191,false
1,2,08:15,93,07:00,91,1,,,0.0,false,14.8,248.61493803761414,false
1,2,08:15,94,07:15,92,1,,,0.0,false,14.8,249.07662535840987,false
1,2,08:15,95,07:30,93,1,,,0.0,false,14.8,249.53831267920492,false
1,2,08:15,96,07:45,94,1,,,0.0,false,14.8,250.0,false
1,3,08:30,3,08:30,0,1,,Digging,4.7925000000003095,false,11.287574999999924,250.0,false
1,3,08:30,4,08:45,1,1,,Digging,4.792500000000249,false,10.08945000000017,250.0000000000001,true
1,3,08:30,5,09:00,2,1,,Charging,0.0,true,11.989450000000154,247.89473684210532,false
1,3,08:30,6,09:15,3,1,,Charging,9.370132378041073e-12,true,13.889449999996277,245.78947368421257,true
1,3,08:30,7,09:30,4,1,,Traveling,4.7101,false,12.711924999999384,245.78947368420913,true
1,3,08:30,8,09:45,5,1,,Charging,-2.4780177909633494e-13,true,14.611924999999445,243.6842105263144,true
1,3,08:30,9,10:00,6,1,,Digging,4.7925,false,13.413799999999446,243.6842105263144,false
1,3,08:30,10,10:15,7,1,,Digging,4.792499999991687,false,12.215675000002204,243.68421052631362,false
1,3,08:30,11,10:30,8,1,,Digging,4.792500000001401,false,11.0175500000013,243.68421052631362,false
1,3,08:30,12,10:45,9,1,,Charging,-2.149580513588458e-13,true,12.91755000000144,241.5789473684188,false
1,3,08:30,13,11:00,10,1,,Digging,4.7925000000001505,false,11.7194250000014,241.5789473684188,false
1,3,08:30,14,11:15,11,1,,Traveling,4.7101000000106295,false,10.541899999998744,241.5789473684188,false
1,3,08:30,15,11:30,12,1,,Digging,4.792499999989305,false,9.343775000001418,241.5789473684188,false
1,3,08:30,16,11:45,13,1,,Digging,4.792500000000094,false,8.145650000001261,241.57894736841882,false
1,3,08:30,17,12:00,14,1,,Charging,0.0,true,10.045650000001288,239.4736842105241,false
1,3,08:30,18,12:15,15,1,,Charging,0.0,true,11.945650000001288,237.36842105262937,false
1,3,08:30,19,12:30,16,1,,,0.0,false,11.945650000001288,237.36842105262937,false
1,3,08:30,20,12:45,17,1,,,0.0,false,11.945650000001288,237.82997618700276,false
1,3,08:30,21,13:00,18,1,,,0.0,false,11.945650000001288,238.29153132137614,false
1,3,08:30,22,13:15,19,1,,,0.0,false,11.945650000001288,238.75308645574952,false
1,3,08:30,23,13:30,20,1,,,0.0,false,11.945650000001288,239.2146415901229,false
1,3,08:30,24,13:45,21,1,,,0.0,false,11.945650000001288,239.6761967244963,false
1,3,08:30,25,14:00,22,1,,Digging,4.7925,false,10.74752500000129,240.13775185886968,true
1,3,08:30,26,14:15,23,1,,Digging,4.792500000000047,false,9.549400000001278,240.59930699324306,false
1,3,08:30,27,14:30,24,1,,Traveling,4.710099999999733,false,8.371875000001344,241.06086212761642,false
1,3,08:30,28,14:45,25,1,,Loading/Swinging,3.1585999999810026,false,7.582225000006093,241.5224172619898,false
1,3,08:30,29,15:00,26,1,,Idle,1.2737920318528494e-11,false,7.582225000002909,241.98397239636319,false
1,3,08:30,30,15:15,27,1,,Loading/Swinging,3.158600000000272,false,6.792575000002841,242.44552753073657,false
1,3,08:30,31,15:30,28,1,,Loading/Swinging,3.1585999999996743,false,6.002925000002922,242.90708266510995,false
1,3,08:30,32,15:45,29,1,,Loading/Swinging,3.158599999991539,false,5.213275000005037,243.36863779948334,false
1,3,08:30,33,16:00,30,1,,Traveling,4.710099999995519,false,4.035750000006157,243.36863779948334,false
1,3,08:30,34,16:15,31,1,,Charging,1.3500140216234677e-11,true,4.979299999997416,242.32315303494283,false
1,3,08:30,35,16:30,32,1,,Loading/Swinging,3.158600000000586,false,4.189649999997269,242.32315303494283,true
1,3,08:30,36,16:45,33,1,,Loading/Swinging,3.158600000005886,false,3.4000000000003636,242.32315303493948,false
1,3,08:30,37,17:00,34,1,,,0.0,false,3.4000000000011688,242.3231530349386,false
1,3,08:30,38,17:15,35,1,,,0.0,false,3.4000000000045807,242.32315303493482,false
1,3,08:30,39,17:30,36,1,,Charging,0.0,true,5.30000000000463,240.21788987704002,true
1,3,08:30,40,17:45,37,1,,Charging,0.0,true,7.200000000004629,238.11262671914528,true
1,3,08:30,41,18:00,38,1,,Charging,0.0,true,9.100000000004629,236.00736356125054,true
1,3,08:30,42,18:15,39,1,,Charging,0.0,true,11.00000000000463,233.9021004033558,false
1,3,08:30,43,18:30,40,1,,Charging,0.0,true,12.90000000000347,231.79683724546217,false
1,3,08:30,44,18:45,41,1,,Charging,0.0,true,14.80000000000347,229.69157408756743,false
1,3,08:30,45,19:00,42,1,,,0.0,false,14.80000000000347,229.69157408756743,true
1,3,08:30,46,19:15,43,1,,,0.0,false,14.80000000000347,229.69157408756743,true
1,3,08:30,47,19:30,44,1,,,0.0,false,14.80000000000347,229.69157408756743,true
1,3,08:30,48,19:45,45,1,,,0.0,false,14.80000000000347,229.69157408756743,true
1,3,08:30,49,20:00,46,1,,,0.0,false,14.80000000000347,229.69157408756743,false
1,3,08:30,50,20:15,47,1,,,0.0,false,14.80000000000347,229.69157408756743,false
1,3,08:30,51,20:30,48,1,,,0.0,false,14.80000000000347,229.69157408756743,false
1,3,08:30,52,20:45,49,1,,,0.0,false,14.80000000000347,229.6915740875674,false
1,3,08:30,53,21:00,50,1,,,0.0,false,14.80000000000347,230.1531292219408,false
1,3,08:30,54,21:15,51,1,,,0.0,false,14.80000000000347,230.61468435631417,false
1,3,08:30,55,21:30,52,1,,,0.0,false,14.80000000000347,231.07623949068756,false
1,3,08:30,56,21:45,53,1,,,0.0,false,14.80000000000347,231.53779462506094,false
1,3,08:30,57,22:00,54,1,,,0.0,false,14.80000000000347,231.99934975943432,false
1,3,08:30,58,22:15,55,1,,,0.0,false,14.80000000000347,232.4609048938077,false
1,3,08:30,59,22:30,56,1,,,0.0,false,14.80000000000347,232.9224600281811,false
1,3,08:30,60,22:45,57,1,,,0.0,false,14.80000000000347,233.38401516255448,false
1,3,08:30,61,23:00,58,1,,,0.0,false,14.80000000000347,233.84557029692786,false
1,3,08:30,62,23:15,59,1,,,0.0,false,14.80000000000347,234.30712543130124,false
1,3,08:30,63,23:30,60,1,,,0.0,false,14.80000000000347,234.76868056567463,false
1,3,08:30,64,23:45,61,1,,,0.0,false,14.80000000000347,235.23023570004798,false
1,3,08:30,65,00:00,62,1,,,0.0,false,14.80000000000347,235.69179083442137,false
1,3,08:30,66,00:15,63,1,,,0.0,false,14.80000000000347,236.15334596879475,false
1,3,08:30,67,00:30,64,1,,,0.0,false,14.80000000000347,236.61490110316814,false
1,3,08:30,68,00:45,65,1,,,0.0,false,14.80000000000347,237.07645623754152,false
1,3,08:30,69,01:00,66,1,,,0.0,false,14.80000000000347,237.5380113719149,false
1,3,08:30,70,01:15,67,1,,,0.0,false,14.80000000000347,237.9995665062883,false
1,3,08:30,71,01:30,68,1,,,0.0,false,14.80000000000347,238.46112164066164,false
1,3,08:30,72,01:45,69,1,,,0.0,false,14.80000000000347,238.92267677503503,false
1,3,08:30,73,02:00,70,1,,,0.0,false,14.80000000000347,239.3842319094084,false
1,3,08:30,74,02:15,71,1,,,0.0,false,14.80000000000347,239.8457870437818,false
1,3,08:30,75,02:30,72,1,,,0.0,false,14.80000000000347,240.30734217815518,false
1,3,08:30,76,02:45,73,1,,,0.0,false,14.80000000000347,240.76889731252857,false
1,3,08:30,77,03:00,74,1,,,0.0,false,14.80000000000347,241.23045244690195,false
1,3,08:30,78,03:15,75,1,,,0.0,false,14.80000000000347,241.6920075812753,false
1,3,08:30,79,03:30,76,1,,,0.0,false,14.80000000000347,242.1535627156487,false
1,3,08:30,80,03:45,77,1,,,0.0,false,14.80000000000347,242.61511785002207,false
1,3,08:30,81,04:00,78,1,,,0.0,false,14.800000000003473,243.07667298439546,false
1,3,08:30,82,04:15,79,1,,,0.0,false,14.800000000003427,243.5382281187689,false
1,3,08:30,83,04:30,80,1,,,0.0,false,14.800000000003427,243.99978325314228,false
1,3,08:30,84,04:45,81,1,,,0.0,false,14.799999999999958,244.4613383875195,false
1,3,08:30,85,05:00,82,1,,,0.0,false,14.799999999999958,244.92289352189286,false
1,3,08:30,86,05:15,83,1,,,0.0,false,14.799999999999958,245.38444865626624,false
1,3,08:30,87,05:30,84,1,,,0.0,false,14.799999999999958,245.84600379063963,false
1,3,08:30,88,05:45,85,1,,,0.0,false,14.799999999999958,246.307558925013,false
1,3,08:30,89,06:00,86,1,,,0.0,false,14.799999999999958,246.7691140593864,false
1,3,08:30,90,06:15,87,1,,,0.0,false,14.799999999999956,247.23066919375978,false
1,3,08:30,91,06:30,88,1,,,0.0,false,14.8,247.6922243281331,false
1,3,08:30,92,06:45,89,1,,,0.0,false,14.8,248.1537794625065,false
1,3,08:30,93,07:00,90,1,,,0.0,false,14.8,248.61533459687985,false
1,3,08:30,94,07:15,91,1,,,0.0,false,14.8,249.07688973125323,false
1,3,08:30,95,07:30,92,1,,,0.0,false,14.8,249.5384448656266,false
1,3,08:30,96,07:45,93,1,,,0.0,false,14.8,250.0,false
1,4,08:45,4,08:45,0,1,,Digging,4.79249999999999,false,9.985125000000004,250.0,false
1,4,08:45,5,09:00,1,1,,Charging,0.0,true,11.885125000000004,247.89473684210526,false
1,4,08:45,6,09:15,2,1,,Traveling,4.7101000000000015,false,10.707600000000008,247.89473684210526,true
1,4,08:45,7,09:30,3,1,,Charging,0.0,true,12.607600000000007,245.78947368421052,true
1,4,08:45,8,09:45,4,1,,Charging,0.0,true,14.507600000000007,243.68421052631578,false
1,4,08:45,9,10:00,5,1,,Digging,4.7925,false,13.309475000000006,243.68421052631578,false
1,4,08:45,10,10:15,6,1,,Digging,4.7925,false,12.111350000000005,243.68421052631578,false
1,4,08:45,11,10:30,7,1,,Digging,4.7925,false,10.913225000000004,243.68421052631578,false
1,4,08:45,12,10:45,8,1,,Charging,0.0,true,12.813225000000005,241.57894736842104,false
1,4,08:45,13,11:00,9,1,,Loading/Swinging,3.1586,false,12.023575000000006,241.57894736842104,true
1,4,08:45,14,11:15,10,1,,Traveling,4.710100000000001,false,10.846050000000005,241.57894736842104,false
1,4,08:45,15,11:30,11,1,,Digging,4.7925,false,9.647925000000004,241.57894736842104,false
1,4,08:45,16,11:45,12,1,,Digging,4.792499999999898,false,8.44980000000003,241.57894736842104,false
1,4,08:45,17,12:00,13,1,,Charging,0.0,true,10.349800000000029,239.4736842105263,false
1,4,08:45,18,12:15,14,1,,Charging,0.0,true,12.249800000000029,237.36842105263156,false
1,4,08:45,19,12:30,15,1,,,0.0,false,12.249800000000029,237.36842105263156,false
1,4,08:45,20,12:45,16,1,,,0.0,false,12.249800000000029,237.83200417942362,false
1,4,08:45,21,13:00,17,1,,,0.0,false,12.249800000000029,238.29558730621568,false
1,4,08:45,22,13:15,18,1,,,0.0,false,12.249800000000029,238.75917043300774,false
1,4,08:45,23,13:30,19,1,,,0.0,false,12.249800000000029,239.2227535597998,false
1,4,08:45,24,13:45,20,1,,,0.0,false,12.249800000000029,239.68633668659186,false
1,4,08:45,25,14:00,21,1,,Digging,4.7925,false,11.051675000000028,240.14991981338392,false
1,4,08:45,26,14:15,22,1,,Digging,4.7925,false,9.85355000000003,240.61350294017598,false
1,4,08:45,27,14:30,23,1,,Traveling,4.7101,false,8.676025000000031,241.07708606696804,false
1,4,08:45,28,14:45,24,1,,Loading/Swinging,3.158600000039078,false,7.886374999990261,241.5406691937601,false
1,4,08:45,29,15:00,25,1,,Idle,0.0,false,7.886374999990261,242.00425232055215,false
1,4,08:45,30,15:15,26,1,,Digging,4.792499999960948,false,6.688250000000024,242.4678354473442,true
1,4,08:45,31,15:30,27,1,,Loading/Swinging,3.1586000000582617,false,5.898599999985462,242.93141857413627,false
1,4,08:45,32,15:45,28,1,,Loading/Swinging,3.1586000000312136,false,5.108949999977659,243.39500170092833,false
1,4,08:45,33,16:00,29,1,,Traveling,4.7101,false,3.9314249999776587,243.39500170092833,false
1,4,08:45,34,16:15,30,1,,Charging,-4.658749042096843e-11,true,5.831424999989306,241.2897385430336,false
1,4,08:45,35,16:30,31,1,,Loading/Swinging,3.1586,false,5.041774999989306,241.2897385430336,false
1,4,08:45,36,16:45,32,1,,Loading/Swinging,3.158599999957169,false,4.252125000000014,241.2897385430336,false
1,4,08:45,37,17:00,33,1,,,0.0,false,4.252125000000014,241.2897385430336,false
1,4,08:45,38,17:15,34,1,,,0.0,false,4.252125000000014,241.2897385430336,false
1,4,08:45,39,17:30,35,1,,,0.0,false,4.252125000000014,241.2897385430336,true
1,4,08:45,40,17:45,36,1,,Charging,0.0,true,6.152125000000014,239.18447538513885,false
1,4,08:45,41,18:00,37,1,,,0.0,false,6.152125000000014,239.18447538513885,true
1,4,08:45,42,18:15,38,1,,Charging,0.0,true,7.1999999999999975,238.0233950527289,false
1,4,08:45,43,18:30,39,1,,Charging,0.0,true,9.099999999999998,235.91813189483415,false
1,4,08:45,44,18:45,40,1,,Charging,0.0,true,10.999999999999998,233.8128687369394,false
1,4,08:45,45,19:00,41,1,,Charging,0.0,true,12.899999999999999,231.70760557904467,true
1,4,08:45,46,19:15,42,1,,Charging,0.0,true,14.799999999999999,229.60234242114993,true
1,4,08:45,47,19:30,43,1,,,0.0,false,14.799999999999999,229.60234242114993,false
1,4,08:45,48,19:45,44,1,,,0.0,false,14.799999999999999,229.60234242114993,false
1,4,08:45,49,20:00,45,1,,,0.0,false,14.799999999999999,229.60234242114993,false
1,4,08:45,50,20:15,46,1,,,0.0,false,14.799999999999999,229.60234242114993,false
1,4,08:45,51,20:30,47,1,,,0.0,false,14.8,229.60234242114993,false
1,4,08:45,52,20:45,48,1,,,0.0,false,14.8,229.60234242114993,false
1,4,08:45,53,21:00,49,1,,,0.0,false,14.8,230.06592554794202,false
1,4,08:45,54,21:15,50,1,,,0.0,false,14.8,230.52950867473407,false
1,4,08:45,55,21:30,51,1,,,0.0,false,14.8,230.99309180152613,false
1,4,08:45,56,21:45,52,1,,,0.0,false,14.8,231.4566749283182,false
1,4,08:45,57,22:00,53,1,,,0.0,false,14.8,231.92025805511025,false
1,4,08:45,58,22:15,54,1,,,0.0,false,14.8,232.3838411819023,false
1,4,08:45,59,22:30,55,1,,,0.0,false,14.8,232.84742430869437,false
1,4,08:45,60,22:45,56,1,,,0.0,false,14.8,233.31100743548643,false
1,4,08:45,61,23:00,57,1,,,0.0,false,14.8,233.7745905622785,false
1,4,08:45,62,23:15,58,1,,,0.0,false,14.8,234.23817368907055,false
1,4,08:45,63,23:30,59,1,,,0.0,false,14.8,234.7017568158626,false
1,4,08:45,64,23:45,60,1,,,0.0,false,14.8,235.16533994265467,false
1,4,08:45,65,00:00,61,1,,,0.0,false,14.8,235.62892306944673,false
1,4,08:45,66,00:15,62,1,,,0.0,false,14.8,236.0925061962388,false
1,4,08:45,67,00:30,63,1,,,0.0,false,14.8,236.55608932303085,false
1,4,08:45,68,00:45,64,1,,,0.0,false,14.8,237.0196724498229,false
1,4,08:45,69,01:00,65,1,,,0.0,false,14.8,237.48325557661497,false
1,4,08:45,70,01:15,66,1,,,0.0,false,14.8,237.94683870340702,false
1,4,08:45,71,01:30,67,1,,,0.0,false,14.8,238.41042183019908,false
1,4,08:45,72,01:45,68,1,,,0.0,false,14.8,238.87400495699114,false
1,4,08:45,73,02:00,69,1,,,0.0,false,14.8,239.3375880837832,false
1,4,08:45,74,02:15,70,1,,,0.0,false,14.8,239.80117121057526,false
1,4,08:45,75,02:30,71,1,,,0.0,false,14.8,240.26475433736732,false
1,4,08:45,76,02:45,72,1,,,0.0,false,14.8,240.72833746415938,false
1,4,08:45,77,03:00,73,1,,,0.0,false,14.8,241.19192059095144,false
1,4,08:45,78,03:15,74,1,,,0.0,false,14.8,241.6555037177435,false
1,4,08:45,79,03:30,75,1,,,0.0,false,14.8,242.11908684453556,false
1,4,08:45,80,03:45,76,1,,,0.0,false,14.8,242.58266997132762,false
1,4,08:45,81,04:00,77,1,,,0.0,false,14.8,243.04625309811968,false
1,4,08:45,82,04:15,78,1,,,0.0,false,14.8,243.50983622491174,false
1,4,08:45,83,04:30,79,1,,,0.0,false,14.8,243.9734193517038,false
1,4,08:45,84,04:45,80,1,,,0.0,false,14.8,244.43700247849586,false
1,4,08:45,85,05:00,81,1,,,0.0,false,14.8,244.90058560528792,false
1,4,08:45,86,05:15,82,1,,,0.0,false,14.8,245.36416873207997,false
1,4,08:45,87,05:30,83,1,,,0.0,false,14.8,245.82775185887203,false
1,4,08:45,88,05:45,84,1,,,0.0,false,14.8,246.2913349856641,false
1,4,08:45,89,06:00,85,1,,,0.0,false,14.8,246.75491811245615,false
1,4,08:45,90,06:15,86,1,,,0.0,false,14.8,247.2185012392482,false
1,4,08:45,91,06:30,87,1,,,0.0,false,14.8,247.68208436604027,false
1,4,08:45,92,06:45,88,1,,,0.0,false,14.8,248.14566749283233,false
1,4,08:45,93,07:00,89,1,,,0.0,false,14.8,248.6092506196244,false
1,4,08:45,94,07:15,90,1,,,0.0,false,14.8,249.07283374641645,false
1,4,08:45,95,07:30,91,1,,,0.0,false,14.8,249.53641687320794,false
1,4,08:45,96,07:45,92,1,,,0.0,false,14.8,250.0,false
1,5,09:00,5,09:00,0,1,,Charging,0.0,true,11.913925,247.89473684210526,false
1,5,09:00,6,09:15,1,1,,Charging,-3.552713678800501e-15,true,13.813925000000001,245.78947368421052,true
1,5,09:00,7,09:30,2,1,,Traveling,4.710099999999997,false,12.636400000000002,245.78947368421052,true
1,5,09:00,8,09:45,3,1,,Charging,-1.7763568394002505e-15,true,14.536400000000002,243.68421052631578,false
1,5,09:00,9,10:00,4,1,,Digging,4.792499999998704,false,13.338275000000326,243.68421052631575,false
1,5,09:00,10,10:15,5,1,,Digging,4.792499999999997,false,12.140150000000327,244.1555020775623,false
1,5,09:00,11,10:30,6,1,,Digging,4.7925,false,10.942024999999763,244.62679362880942,false
1,5,09:00,12,10:45,7,1,,Idle,0.0,false,10.942024999999763,245.09808518005596,true
1,5,09:00,13,11:00,8,1,,Digging,4.792500000001382,false,9.743899999999417,245.56937673130253,true
1,5,09:00,14,11:15,9,1,,Traveling,4.710099999999997,false,8.566374999999418,246.04066828254906,false
1,5,09:00,15,11:30,10,1,,Digging,4.792500000000004,false,7.368249999999417,246.5119598337956,false
1,5,09:00,16,11:45,11,1,,Digging,4.7925,false,6.170124999999417,246.98325138504214,false
1,5,09:00,17,12:00,12,1,,,0.0,false,6.170124999999417,247.45454293628868,true
1,5,09:00,18,12:15,13,1,,,0.0,false,6.170124999999417,247.9258344875352,true
1,5,09:00,19,12:30,14,1,,,0.0,false,6.170124999999417,248.39712603878175,false
1,5,09:00,20,12:45,15,1,,,0.0,false,6.170124999999417,248.8684175900283,false
1,5,09:00,21,13:00,16,1,,,0.0,false,6.170124999999417,249.33970914127482,false
1,5,09:00,22,13:15,17,1,,,0.0,false,6.170124999999417,249.33970914127482,false
1,5,09:00,23,13:30,18,1,,Charging,0.0,true,8.070124999999416,247.23444598338008,true
1,5,09:00,24,13:45,19,1,,Charging,0.0,true,9.970124999999417,245.12918282548534,true
1,5,09:00,25,14:00,20,1,,Digging,4.792500000000004,false,8.771999999999416,245.12918282548534,false
1,5,09:00,26,14:15,21,1,,Digging,4.792499999999901,false,7.573874999999441,245.12918282548534,false
1,5,09:00,27,14:30,22,1,,Charging,2.5144331061710545e-12,true,9.473874999997793,243.02391966759174,true
1,5,09:00,28,14:45,23,1,,Traveling,4.710099999997489,false,8.296349999998421,243.02391966759174,true
1,5,09:00,29,15:00,24,1,,Loading/Swinging,3.158599999998199,false,7.506699999999854,243.02391966759066,true
1,5,09:00,30,15:15,25,1,,Loading/Swinging,3.1586,false,6.717049999999854,243.02391966759066,true
1,5,09:00,31,15:30,26,1,,Loading/Swinging,3.1586,false,5.927399999999854,243.02391966759066,false
1,5,09:00,32,15:45,27,1,,Charging,1.7763568394002505e-15,true,7.827399999999853,240.91865650969592,true
1,5,09:00,33,16:00,28,1,,Loading/Swinging,3.1586,false,7.037749999999853,240.91865650969592,true
1,5,09:00,34,16:15,29,1,,Traveling,4.710100000001937,false,5.860224999999369,240.91865650969592,true
1,5,09:00,35,16:30,30,1,,Loading/Swinging,3.1586,false,5.070574999999369,240.91865650969592,false
1,5,09:00,36,16:45,31,1,,Loading/Swinging,3.1586,false,4.280924999999369,240.91865650969592,false
1,5,09:00,37,17:00,32,1,,Charging,0.0,true,6.18092499999937,238.81339335180118,true
1,5,09:00,38,17:15,33,1,,Charging,0.0,true,8.080924999999368,236.70813019390644,true
1,5,09:00,39,17:30,34,1,,Charging,0.0,true,9.980924999999369,234.6028670360117,true
1,5,09:00,40,17:45,35,1,,Charging,0.0,true,11.880924999999369,232.49760387811696,false
1,5,09:00,41,18:00,36,1,,Charging,0.0,true,13.78092499999937,230.39234072022222,true
1,5,09:00,42,18:15,37,1,,Charging,0.0,true,14.8,229.26317174515228,false
1,5,09:00,43,18:30,38,1,,,0.0,false,14.8,229.26317174515228,true
1,5,09:00,44,18:45,39,1,,,0.0,false,14.8,229.26317174515228,true
1,5,09:00,45,19:00,40,1,,,0.0,false,14.8,229.26317174515228,true
1,5,09:00,46,19:15,41,1,,,0.0,false,14.8,229.26317174515228,true
1,5,09:00,47,19:30,42,1,,,0.0,false,14.8,229.26317174515228,false
1,5,09:00,48,19:45,43,1,,,0.0,false,14.8,229.26317174515228,false
1,5,09:00,49,20:00,44,1,,,0.0,false,14.8,229.26317174515228,false
1,5,09:00,50,20:15,45,1,,,0.0,false,14.8,229.26317174515228,false
1,5,09:00,51,20:30,46,1,,,0.0,false,14.8,229.26317174515228,false
1,5,09:00,52,20:45,47,1,,,0.0,false,14.8,229.26317174515228,false
1,5,09:00,53,21:00,48,1,,,0.0,false,14.8,229.73446329639881,false
1,5,09:00,54,21:15,49,1,,,0.0,false,14.8,230.20575484764535,false
1,5,09:00,55,21:30,50,1,,,0.0,false,14.8,230.6770463988919,false
1,5,09:00,56,21:45,51,1,,,0.0,false,14.8,231.14833795013843,false
1,5,09:00,57,22:00,52,1,,,0.0,false,14.8,231.61962950138496,false
1,5,09:00,58,22:15,53,1,,,0.0,false,14.8,232.0909210526315,false
1,5,09:00,59,22:30,54,1,,,0.0,false,14.8,232.56221260387804,false
1,5,09:00,60,22:45,55,1,,,0.0,false,14.8,233.03350415512458,false
1,5,09:00,61,23:00,56,1,,,0.0,false,14.8,233.5047957063711,false
1,5,09:00,62,23:15,57,1,,,0.0,false,14.8,233.97608725761768,false
1,5,09:00,63,23:30,58,1,,,0.0,false,14.8,234.44737880886422,false
1,5,09:00,64,23:45,59,1,,,0.0,false,14.8,234.91867036011075,false
1,5,09:00,65,00:00,60,1,,,0.0,false,14.8,235.3899619113573,false
1,5,09:00,66,00:15,61,1,,,0.0,false,14.8,235.86125346260383,false
1,5,09:00,67,00:30,62,1,,,0.0,false,14.8,236.33254501385036,false
1,5,09:00,68,00:45,63,1,,,0.0,false,14.8,236.8038365650969,false
1,5,09:00,69,01:00,64,1,,,0.0,false,14.8,237.27512811634344,false
1,5,09:00,70,01:15,65,1,,,0.0,false,14.8,237.74641966758998,false
1,5,09:00,71,01:30,66,1,,,0.0,false,14.8,238.21771121883654,false
1,5,09:00,72,01:45,67,1,,,0.0,false,14.8,238.68900277008308,false
1,5,09:00,73,02:00,68,1,,,0.0,false,14.8,239.16029432132962,false
1,5,09:00,74,02:15,69,1,,,0.0,false,14.8,239.63158587257615,false
1,5,09:00,75,02:30,70,1,,,0.0,false,14.8,240.1028774238227,false
1,5,09:00,76,02:45,71,1,,,0.0,false,14.8,240.57416897506923,false
1,5,09:00,77,03:00,72,1,,,0.0,false,14.8,241.04546052631576,false
1,5,09:00,78,03:15,73,1,,,0.0,false,14.8,241.5167520775623,false
1,5,09:00,79,03:30,74,1,,,0.0,false,14.8,241.98804362880884,false
1,5,09:00,80,03:45,75,1,,,0.0,false,14.8,242.45933518005538,false
1,5,09:00,81,04:00,76,1,,,0.0,false,14.8,242.9306267313019,false
1,5,09:00,82,04:15,77,1,,,0.0,false,14.8,243.40191828254845,false
1,5,09:00,83,04:30,78,1,,,0.0,false,14.8,243.873209833795,false
1,5,09:00,84,04:45,79,1,,,0.0,false,14.8,244.34450138504153,false
1,5,09:00,85,05:00,80,1,,,0.0,false,14.8,244.81579293628806,false
1,5,09:00,86,05:15,81,1,,,0.0,false,14.8,245.2870844875346,false
1,5,09:00,87,05:30,82,1,,,0.0,false,14.8,245.75837603878114,false
1,5,09:00,88,05:45,83,1,,,0.0,false,14.8,246.22966759002767,false
1,5,09:00,89,06:00,84,1,,,0.0,false,14.8,246.7009591412742,false
1,5,09:00,90,06:15,85,1,,,0.0,false,14.8,247.17225069252075,false
1,5,09:00,91,06:30,86,1,,,0.0,false,14.8,247.64354224376729,false
1,5,09:00,92,06:45,87,1,,,0.0,false,14.8,248.11483379501382,false
1,5,09:00,93,07:00,88,1,,,0.0,false,14.8,248.58612534626036,false
1,5,09:00,94,07:15,89,1,,,0.0,false,14.8,249.0574168975069,false
1,5,09:00,95,07:30,90,1,,,0.0,false,14.8,249.52870844875343,false
1,5,09:00,96,07:45,91,1,,,0.0,false,14.8,250.0,false
1,6,09:15,6,09:15,0,1,,Traveling,4.71009999999752,false,10.829800000001619,247.89473684210415,true
1,6,09:15,7,09:30,1,1,,Charging,-4.693084121321078e-12,true,12.729800000002754,245.78947368420947,true
1,6,09:15,8,09:45,2,1,,Charging,2.6645352591003757e-15,true,14.629800000002287,243.68421052631524,false
1,6,09:15,9,10:00,3,1,,Digging,4.792499999999883,false,13.431675000002317,243.6842105263152,false
1,6,09:15,10,10:15,4,1,,Digging,4.79250000000588,false,12.233550000000847,244.15365403640624,false
1,6,09:15,11,10:30,5,1,,Digging,4.792499999996664,false,11.03542500000168,244.6230975464967,false
1,6,09:15,12,10:45,6,1,,Idle,-1.8047785488306545e-12,false,11.035425000002132,245.09254105658772,false
1,6,09:15,13,11:00,7,1,,Digging,4.792500000000004,false,9.83730000000213,245.56198456667875,false
1,6,09:15,14,11:15,8,1,,Traveling,4.71009999999994,false,8.659775000002146,246.03142807676977,false
1,6,09:15,15,11:30,9,1,,Digging,4.792500000000501,false,7.46165000000202,246.5008715868608,false
1,6,09:15,16,11:45,10,1,,Digging,4.7925,false,6.26352500000202,246.97031509695182,false
1,6,09:15,17,12:00,11,1,,,0.0,false,6.26352500000202,247.43975860704282,false
1,6,09:15,18,12:15,12,1,,,0.0,false,6.26352500000202,247.90920211713384,false
1,6,09:15,19,12:30,13,1,,,0.0,false,6.26352500000202,248.37864562722487,false
1,6,09:15,20,12:45,14,1,,,0.0,false,6.263525000002025,248.84808913731584,false
1,6,09:15,21,13:00,15,1,,,0.0,false,6.263525000002025,249.31753264740698,false
1,6,09:15,22,13:15,16,1,,,0.0,false,6.263525000002025,249.31753264740786,false
1,6,09:15,23,13:30,17,1,,Charging,0.0,true,8.163525000001988,247.2122694895121,false
1,6,09:15,24,13:45,18,1,,Charging,0.0,true,10.063525000001988,245.10700633161736,false
1,6,09:15,25,14:00,19,1,,Digging,4.792500000017258,false,8.865399999997674,245.10700633161736,false
1,6,09:15,26,14:15,20,1,,Digging,4.7925,false,7.667274999997674,245.10700633161736,false
1,6,09:15,27,14:30,21,1,,Charging,-5.5067062021407764e-14,true,9.567274999997688,243.00174317372262,false
1,6,09:15,28,14:45,22,1,,Traveling,4.7100999999990805,false,8.389749999997917,243.00174317372262,false
1,6,09:15,29,15:00,23,1,,Loading/Swinging,3.1585999999988914,false,7.600099999998195,243.00174317372262,false
1,6,09:15,30,15:15,24,1,,Loading/Swinging,3.1585999999942125,false,6.8104499999996415,243.00174317372262,false
1,6,09:15,31,15:30,25,1,,Loading/Swinging,3.1585999999999963,false,6.020799999999642,243.00174317372262,false
1,6,09:15,32,15:45,26,1,,Charging,5.803357794320618e-12,true,7.9207999999981915,240.89648001582788,false
1,6,09:15,33,16:00,27,1,,Loading/Swinging,3.1586000000053858,false,7.131149999996845,240.89648001582788,false
1,6,09:15,34,16:15,28,1,,Traveling,4.710099999983455,false,5.953625000000981,240.89648001582788,false
1,6,09:15,35,16:30,29,1,,Loading/Swinging,3.1586,false,5.163975000000981,240.89648001582788,false
1,6,09:15,36,16:45,30,1,,Loading/Swinging,3.1586000000000034,false,4.37432500000098,240.89648001582788,false
1,6,09:15,37,17:00,31,1,,Charging,0.0,true,6.27432500000098,238.79121685793314,false
1,6,09:15,38,17:15,32,1,,Charging,0.0,true,8.17432500000098,236.6859537000384,false
1,6,09:15,39,17:30,33,1,,Charging,0.0,true,10.07432500000098,234.58069054214366,false
1,6,09:15,40,17:45,34,1,,Charging,0.0,true,11.97432500000098,232.47542738424892,false
1,6,09:15,41,18:00,35,1,,,0.0,false,11.974325000000979,232.47542738424892,true
1,6,09:15,42,18:15,36,1,,Charging,0.0,true,13.87432500000098,230.37016422635418,false
1,6,09:15,43,18:30,37,1,,Charging,0.0,true,14.799999999999999,229.34448555599516,true
1,6,09:15,44,18:45,38,1,,,0.0,false,14.799999999999999,229.34448555599516,false
1,6,09:15,45,19:00,39,1,,,0.0,false,14.799999999999999,229.34448555599516,false
1,6,09:15,46,19:15,40,1,,,0.0,false,14.799999999999999,229.34448555599516,false
1,6,09:15,47,19:30,41,1,,,0.0,false,14.799999999999999,229.34448555599516,false
1,6,09:15,48,19:45,42,1,,,0.0,false,14.799999999999999,229.34448555599516,false
1,6,09:15,49,20:00,43,1,,,0.0,false,14.799999999999999,229.34448555599516,false
1,6,09:15,50,20:15,44,1,,,0.0,false,14.799999999999999,229.34448555599516,false
1,6,09:15,51,20:30,45,1,,,0.0,false,14.799999999999999,229.34448555599516,false
1,6,09:15,52,20:45,46,1,,,0.0,false,14.799999999999999,229.34448555599516,false
1,6,09:15,53,21:00,47,1,,,0.0,false,14.799999999999999,229.8139290660862,false
1,6,09:15,54,21:15,48,1,,,0.0,false,14.799999999999999,230.28337257617721,false
1,6,09:15,55,21:30,49,1,,,0.0,false,14.8,230.75281608626824,false
1,6,09:15,56,21:45,50,1,,,0.0,false,14.8,231.22225959635927,false
1,6,09:15,57,22:00,51,1,,,0.0,false,14.8,231.6917031064503,false
1,6,09:15,58,22:15,52,1,,,0.0,false,14.8,232.16114661654132,false
1,6,09:15,59,22:30,53,1,,,0.0,false,14.8,232.63059012663234,false
1,6,09:15,60,22:45,54,1,,,0.0,false,14.8,233.10003363672337,false
1,6,09:15,61,23:00,55,1,,,0.0,false,14.8,233.5694771468144,false
1,6,09:15,62,23:15,56,1,,,0.0,false,14.8,234.03892065690542,false
1,6,09:15,63,23:30,57,1,,,0.0,false,14.8,234.50836416699644,false
1,6,09:15,64,23:45,58,1,,,0.0,false,14.8,234.97780767708747,false
1,6,09:15,65,00:00,59,1,,,0.0,false,14.8,235.4472511871785,false
1,6,09:15,66,00:15,60,1,,,0.0,false,14.8,235.91669469726952,false
1,6,09:15,67,00:30,61,1,,,0.0,false,14.8,236.38613820736055,false
1,6,09:15,68,00:45,62,1,,,0.0,false,14.8,236.85558171745157,false
1,6,09:15,69,01:00,63,1,,,0.0,false,14.8,237.3250252275426,false
1,6,09:15,70,01:15,64,1,,,0.0,false,14.8,237.79446873763362,false
1,6,09:15,71,01:30,65,1,,,0.0,false,14.8,238.26391224772465,false
1,6,09:15,72,01:45,66,1,,,0.0,false,14.8,238.73335575781567,false
1,6,09:15,73,02:00,67,1,,,0.0,false,14.8,239.2027992679067,false
1,6,09:15,74,02:15,68,1,,,0.0,false,14.8,239.67224277799772,false
1,6,09:15,75,02:30,69,1,,,0.0,false,14.8,240.14168628808875,false
1,6,09:15,76,02:45,70,1,,,0.0,false,14.8,240.61112979817977,false
1,6,09:15,77,03:00,71,1,,,0.0,false,14.8,241.0805733082708,false
1,6,09:15,78,03:15,72,1,,,0.0,false,14.8,241.55001681836183,false
1,6,09:15,79,03:30,73,1,,,0.0,false,14.8,242.01946032845285,false
1,6,09:15,80,03:45,74,1,,,0.0,false,14.8,242.48890383854388,false
1,6,09:15,81,04:00,75,1,,,0.0,false,14.8,242.9583473486349,false
1,6,09:15,82,04:15,76,1,,,0.0,false,14.8,243.42779085872593,false
1,6,09:15,83,04:30,77,1,,,0.0,false,14.8,243.89723436881695,false
1,6,09:15,84,04:45,78,1,,,0.0,false,14.8,244.36667787890798,false
1,6,09:15,85,05:00,79,1,,,0.0,false,14.8,244.836121388999,false
1,6,09:15,86,05:15,80,1,,,0.0,false,14.8,245.30556489909003,false
1,6,09:15,87,05:30,81,1,,,0.0,false,14.8,245.77500840918105,false
1,6,09:15,88,05:45,82,1,,,0.0,false,14.8,246.24445191927208,false
1,6,09:15,89,06:00,83,1,,,0.0,false,14.8,246.7138954293631,false
1,6,09:15,90,06:15,84,1,,,0.0,false,14.8,247.18333893945413,false
1,6,09:15,91,06:30,85,1,,,0.0,false,14.8,247.65278244954516,false
1,6,09:15,92,06:45,86,1,,,0.0,false,14.8,248.12222595963618,false
1,6,09:15,93,07:00,87,1,,,0.0,false,14.8,248.5916694697272,false
1,6,09:15,94,07:15,88,1,,,0.0,false,14.8,249.06111297981795,false
1,6,09:15,95,07:30,89,1,,,0.0,false,14.8,249.53055648990897,false
1,6,09:15,96,07:45,90,1,,,0.0,false,14.8,250.0,false
1,7,09:30,7,09:30,0,1,,Charging,-1.7763568394002505e-15,true,12.642550000001052,245.7894736842094,false
1,7,09:30,8,09:45,1,1,,Charging,5.329070518200751e-15,true,14.54255000000105,243.68421052631467,false
1,7,09:30,9,10:00,2,1,,Digging,4.792500000000004,false,13.34442500000105,243.68421052631467,false
1,7,09:30,10,10:15,3,1,,Digging,4.792500000000004,false,12.146300000001048,244.15538039176778,false
1,7,09:30,11,10:30,4,1,,Digging,4.792500000000004,false,10.948175000001047,244.62655025722088,false
1,7,09:30,12,10:45,5,1,,Digging,4.792500000000004,false,9.750050000001046,245.097720122674,true
1,7,09:30,13,11:00,6,1,,Idle,0.0,false,9.750050000001046,245.5688899881271,true
1,7,09:30,14,11:15,7,1,,Traveling,4.710099999999997,false,8.572525000001047,246.0400598535802,false
1,7,09:30,15,11:30,8,1,,Digging,4.7925,false,7.374400000001046,246.5112297190333,false
1,7,09:30,16,11:45,9,1,,Digging,4.7925,false,6.176275000001046,246.98239958448642,false
1,7,09:30,17,12:00,10,1,,,0.0,false,6.176275000001046,247.45356944993952,false
1,7,09:30,18,12:15,11,1,,,0.0,false,6.176275000001046,247.92473931539263,false
1,7,09:30,19,12:30,12,1,,,0.0,false,6.176275000001046,248.39590918084573,false
1,7,09:30,20,12:45,13,1,,,0.0,false,6.176275000001046,248.86707904629884,false
1,7,09:30,21,13:00,14,1,,,0.0,false,6.176275000001046,249.33824891175198,false
1,7,09:30,22,13:15,15,1,,,0.0,false,6.176275000001046,249.33824891175198,false
1,7,09:30,23,13:30,16,1,,Charging,0.0,true,8.076275000001045,247.23298575385724,false
1,7,09:30,24,13:45,17,1,,Charging,0.0,true,9.976275000001042,245.1277225959625,false
1,7,09:30,25,14:00,18,1,,Digging,4.792500000000004,false,8.778150000001041,245.1277225959625,false
1,7,09:30,26,14:15,19,1,,Loading/Swinging,3.1585999999999856,false,7.988500000001045,245.1277225959625,true
1,7,09:30,27,14:30,20,1,,Charging,-1.7763568394002505e-15,true,9.888500000001045,243.02245943806776,false
1,7,09:30,28,14:45,21,1,,Traveling,4.710100000000011,false,8.710975000001042,243.02245943806776,false
1,7,09:30,29,15:00,22,1,,Digging,4.7925,false,7.512850000001042,243.02245943806776,true
1,7,09:30,30,15:15,23,1,,Loading/Swinging,3.1586,false,6.723200000001042,243.02245943806776,false
1,7,09:30,31,15:30,24,1,,Loading/Swinging,3.1586,false,5.933550000001042,243.02245943806776,false
1,7,09:30,32,15:45,25,1,,Charging,1.7763568394002505e-15,true,7.833550000001042,240.91719628017302,false
1,7,09:30,33,16:00,26,1,,Loading/Swinging,3.1586,false,7.043900000001043,240.91719628017302,false
1,7,09:30,34,16:15,27,1,,Traveling,4.71009999999999,false,5.866375000001046,240.91719628017302,false
1,7,09:30,35,16:30,28,1,,Loading/Swinging,3.1586,false,5.076725000001046,240.91719628017302,false
1,7,09:30,36,16:45,29,1,,Loading/Swinging,3.1586,false,4.287075000001046,240.91719628017302,false
1,7,09:30,37,17:00,30,1,,Charging,0.0,true,6.187075000001046,238.81193312227828,false
1,7,09:30,38,17:15,31,1,,Charging,0.0,true,8.087075000001047,236.70666996438354,false
1,7,09:30,39,17:30,32,1,,,0.0,false,8.087075000001047,236.70666996438354,true
1,7,09:30,40,17:45,33,1,,,0.0,false,8.087075000001047,236.70666996438354,true
1,7,09:30,41,18:00,34,1,,,0.0,false,8.087075000001047,236.70666996438354,false
1,7,09:30,42,18:15,35,1,,Charging,0.0,true,9.987075000001045,234.6014068064888,false
1,7,09:30,43,18:30,36,1,,Charging,0.0,true,11.887075000001046,232.49614364859406,false
1,7,09:30,44,18:45,37,1,,Charging,0.0,true,13.787075000001046,230.39088049069932,true
1,7,09:30,45,19:00,38,1,,Charging,0.0,true,14.799999999999997,229.26852592006335,true
1,7,09:30,46,19:15,39,1,,,0.0,false,14.799999999999997,229.26852592006335,false
1,7,09:30,47,19:30,40,1,,,0.0,false,14.799999999999997,229.26852592006335,false
1,7,09:30,48,19:45,41,1,,,0.0,false,14.799999999999997,229.26852592006335,false
1,7,09:30,49,20:00,42,1,,,0.0,false,14.799999999999997,229.26852592006335,false
1,7,09:30,50,20:15,43,1,,,0.0,false,14.799999999999997,229.26852592006335,false
1,7,09:30,51,20:30,44,1,,,0.0,false,14.799999999999997,229.26852592006335,false
1,7,09:30,52,20:45,45,1,,,0.0,false,14.799999999999997,229.26852592006335,false
1,7,09:30,53,21:00,46,1,,,0.0,false,14.799999999999997,229.7396957855165,false
1,7,09:30,54,21:15,47,1,,,0.0,false,14.799999999999997,230.2108656509696,false
1,7,09:30,55,21:30,48,1,,,0.0,false,14.799999999999997,230.6820355164227,false
1,7,09:30,56,21:45,49,1,,,0.0,false,14.8,231.1532053818758,false
1,7,09:30,57,22:00,50,1,,,0.0,false,14.8,231.6243752473289,false
1,7,09:30,58,22:15,51,1,,,0.0,false,14.8,232.09554511278202,false
1,7,09:30,59,22:30,52,1,,,0.0,false,14.8,232.56671497823513,false
1,7,09:30,60,22:45,53,1,,,0.0,false,14.8,233.03788484368823,false
1,7,09:30,61,23:00,54,1,,,0.0,false,14.8,233.50905470914134,false
1,7,09:30,62,23:15,55,1,,,0.0,false,14.8,233.98022457459444,false
1,7,09:30,63,23:30,56,1,,,0.0,false,14.8,234.45139444004755,false
1,7,09:30,64,23:45,57,1,,,0.0,false,14.8,234.92256430550066,false
1,7,09:30,65,00:00,58,1,,,0.0,false,14.8,235.39373417095376,false
1,7,09:30,66,00:15,59,1,,,0.0,false,14.8,235.86490403640687,false
1,7,09:30,67,00:30,60,1,,,0.0,false,14.8,236.33607390185998,false
1,7,09:30,68,00:45,61,1,,,0.0,false,14.8,236.80724376731308,false
1,7,09:30,69,01:00,62,1,,,0.0,false,14.8,237.2784136327662,false
1,7,09:30,70,01:15,63,1,,,0.0,false,14.8,237.7495834982193,false
1,7,09:30,71,01:30,64,1,,,0.0,false,14.8,238.2207533636724,false
1,7,09:30,72,01:45,65,1,,,0.0,false,14.8,238.6919232291255,false
1,7,09:30,73,02:00,66,1,,,0.0,false,14.8,239.1630930945786,false
1,7,09:30,74,02:15,67,1,,,0.0,false,14.8,239.63426296003172,false
1,7,09:30,75,02:30,68,1,,,0.0,false,14.8,240.10543282548483,false
1,7,09:30,76,02:45,69,1,,,0.0,false,14.8,240.57660269093793,false
1,7,09:30,77,03:00,70,1,,,0.0,false,14.8,241.04777255639104,false
1,7,09:30,78,03:15,71,1,,,0.0,false,14.8,241.51894242184414,false
1,7,09:30,79,03:30,72,1,,,0.0,false,14.8,241.99011228729725,false
1,7,09:30,80,03:45,73,1,,,0.0,false,14.8,242.46128215275036,false
1,7,09:30,81,04:00,74,1,,,0.0,false,14.8,242.93245201820346,false
1,7,09:30,82,04:15,75,1,,,0.0,false,14.8,243.40362188365657,false
1,7,09:30,83,04:30,76,1,,,0.0,false,14.8,243.87479174910968,false
1,7,09:30,84,04:45,77,1,,,0.0,false,14.8,244.34596161456278,false
1,7,09:30,85,05:00,78,1,,,0.0,false,14.8,244.8171314800159,false
1,7,09:30,86,05:15,79,1,,,0.0,false,14.8,245.288301345469,false
1,7,09:30,87,05:30,80,1,,,0.0,false,14.8,245.7594712109221,false
1,7,09:30,88,05:45,81,1,,,0.0,false,14.8,246.2306410763752,false
1,7,09:30,89,06:00,82,1,,,0.0,false,14.8,246.7018109418283,false
1,7,09:30,90,06:15,83,1,,,0.0,false,14.8,247.17298080728142,false
1,7,09:30,91,06:30,84,1,,,0.0,false,14.8,247.64415067273453,false
1,7,09:30,92,06:45,85,1,,,0.0,false,14.8,248.11532053818763,false
1,7,09:30,93,07:00,86,1,,,0.0,false,14.8,248.58649040364074,false
1,7,09:30,94,07:15,87,1,,,0.0,false,14.8,249.05766026909376,false
1,7,09:30,95,07:30,88,1,,,0.0,false,14.8,249.52883013454687,false
1,7,09:30,96,07:45,89,1,,,0.0,false,14.8,250.0,false
1,8,09:45,8,09:45,0,1,,Charging,1.0471623568264476e-12,true,14.642550000000792,243.68421052631467,false
1,8,09:45,9,10:00,1,1,,Digging,4.792500000000075,false,13.444425000000773,243.68421052631467,false
1,8,09:45,10,10:15,2,1,,Digging,4.792500000000004,false,12.246300000000772,243.68421052631467,false
1,8,09:45,11,10:30,3,1,,Digging,4.792500000000004,false,11.048175000000771,243.68421052631467,false
1,8,09:45,12,10:45,4,1,,Charging,-4.796163466380676e-14,true,12.948175000000777,241.57894736841993,true
1,8,09:45,13,11:00,5,1,,Digging,4.792499999999976,false,11.750050000000783,241.57894736841993,true
1,8,09:45,14,11:15,6,1,,Traveling,4.710100000000005,false,10.572525000000782,241.57894736841993,false
1,8,09:45,15,11:30,7,1,,Digging,4.792499999999997,false,9.374400000000783,241.57894736841993,false
1,8,09:45,16,11:45,8,1,,Digging,4.792499999999944,false,8.176275000000798,241.57894736841993,false
1,8,09:45,17,12:00,9,1,,Charging,0.0,true,10.076275000000816,239.47368421052516,true
1,8,09:45,18,12:15,10,1,,Charging,0.0,true,11.976275000000816,237.36842105263042,true
1,8,09:45,19,12:30,11,1,,,0.0,false,11.976275000000816,237.36842105263042,false
1,8,09:45,20,12:45,12,1,,,0.0,false,11.9762750000008,237.8293808621265,false
1,8,09:45,21,13:00,13,1,,,0.0,false,11.9762750000008,238.29034067162254,false
1,8,09:45,22,13:15,14,1,,,0.0,false,11.9762750000008,238.7513004811186,false
1,8,09:45,23,13:30,15,1,,,0.0,false,11.9762750000008,239.21226029061464,true
1,8,09:45,24,13:45,16,1,,,0.0,false,11.9762750000008,239.67322010011068,true
1,8,09:45,25,14:00,17,1,,Digging,4.7925,false,10.7781500000008,240.13417990960673,false
1,8,09:45,26,14:15,18,1,,Digging,4.792500000000004,false,9.580025000000798,240.59513971910278,true
1,8,09:45,27,14:30,19,1,,Traveling,4.710100000000054,false,8.402500000000785,241.05609952859882,true
1,8,09:45,28,14:45,20,1,,Loading/Swinging,3.158599999999659,false,7.61285000000087,241.51705933809487,true
1,8,09:45,29,15:00,21,1,,Idle,4.618527782440651e-14,false,7.612850000000859,241.97801914759094,true
1,8,09:45,30,15:15,22,1,,Loading/Swinging,3.1585999999996837,false,6.823200000000938,242.43897895708687,false
1,8,09:45,31,15:30,23,1,,Loading/Swinging,3.1586,false,6.033550000000938,242.89993876658292,false
1,8,09:45,32,15:45,24,1,,Loading/Swinging,3.158600000000166,false,5.243900000000896,243.36089857607897,true
1,8,09:45,33,16:00,25,1,,Traveling,4.710100000000001,false,4.066375000000896,243.36089857607897,true
1,8,09:45,34,16:15,26,1,,Charging,0.0,true,5.966375000000896,241.25563541818423,true
1,8,09:45,35,16:30,27,1,,Loading/Swinging,3.158600000000149,false,5.176725000000859,241.25563541818423,false
1,8,09:45,36,16:45,28,1,,Loading/Swinging,3.1585999999992858,false,4.387075000001038,241.25563541818423,false
1,8,09:45,37,17:00,29,1,,Charging,0.0,true,6.287075000001029,239.1503722602895,false
1,8,09:45,38,17:15,30,1,,,0.0,false,6.287075000000973,239.15037226028954,true
1,8,09:45,39,17:30,31,1,,,0.0,false,6.287075000000971,239.15037226028954,false
1,8,09:45,40,17:45,32,1,,Charging,0.0,true,8.187075000000972,237.0451091023948,true
1,8,09:45,41,18:00,33,1,,,0.0,false,8.187075000000972,237.0451091023948,false
1,8,09:45,42,18:15,34,1,,Charging,0.0,true,10.087075000000972,234.93984594450006,false
1,8,09:45,43,18:30,35,1,,Charging,0.0,true,11.987075000000972,232.83458278660532,false
1,8,09:45,44,18:45,36,1,,Charging,0.0,true,12.899999999999986,231.82303154006902,false
1,8,09:45,45,19:00,37,1,,Charging,0.0,true,14.799999999999999,229.71776838217428,false
1,8,09:45,46,19:15,38,1,,,0.0,false,14.799999999999999,229.71776838217428,false
1,8,09:45,47,19:30,39,1,,,0.0,false,14.799999999999999,229.71776838217428,false
1,8,09:45,48,19:45,40,1,,,0.0,false,14.799999999999999,229.71776838217428,false
1,8,09:45,49,20:00,41,1,,,0.0,false,14.799999999999999,229.71776838217428,false
1,8,09:45,50,20:15,42,1,,,0.0,false,14.799999999999999,229.71776838217428,false
1,8,09:45,51,20:30,43,1,,,0.0,false,14.799999999999999,229.71776838217428,false
1,8,09:45,52,20:45,44,1,,,0.0,false,14.799999999999999,229.71776838217428,false
1,8,09:45,53,21:00,45,1,,,0.0,false,14.799999999999999,230.17872819167033,false
1,8,09:45,54,21:15,46,1,,,0.0,false,14.799999999999999,230.63968800116638,false
1,8,09:45,55,21:30,47,1,,,0.0,false,14.799999999999999,231.10064781066242,false
1,8,09:45,56,21:45,48,1,,,0.0,false,14.799999999999999,231.56160762015847,false
1,8,09:45,57,22:00,49,1,,,0.0,false,14.799999999999999,232.02256742965452,false
1,8,09:45,58,22:15,50,1,,,0.0,false,14.799999999999999,232.48352723915056,false
1,8,09:45,59,22:30,51,1,,,0.0,false,14.799999999999999,232.9444870486466,false
1,8,09:45,60,22:45,52,1,,,0.0,false,14.799999999999999,233.40544685814265,false
1,8,09:45,61,23:00,53,1,,,0.0,false,14.799999999999999,233.8664066676387,false
1,8,09:45,62,23:15,54,1,,,0.0,false,14.799999999999999,234.32736647713475,false
1,8,09:45,63,23:30,55,1,,,0.0,false,14.799999999999999,234.7883262866308,false
1,8,09:45,64,23:45,56,1,,,0.0,false,14.799999999999999,235.24928609612684,false
1,8,09:45,65,00:00,57,1,,,0.0,false,14.799999999999999,235.71024590562288,false
1,8,09:45,66,00:15,58,1,,,0.0,false,14.79999999999997,236.17120571511893,false
1,8,09:45,67,00:30,59,1,,,0.0,false,14.79999999999997,236.63216552461498,false
1,8,09:45,68,00:45,60,1,,,0.0,false,14.79999999999997,237.09312533411102,false
1,8,09:45,69,01:00,61,1,,,0.0,false,14.79999999999997,237.55408514360707,false
1,8,09:45,70,01:15,62,1,,,0.0,false,14.79999999999997,238.01504495310311,false
1,8,09:45,71,01:30,63,1,,,0.0,false,14.79999999999997,238.47600476259916,false
1,8,09:45,72,01:45,64,1,,,0.0,false,14.79999999999997,238.9369645720952,false
1,8,09:45,73,02:00,65,1,,,0.0,false,14.79999999999997,239.39792438159125,false
1,8,09:45,74,02:15,66,1,,,0.0,false,14.79999999999997,239.8588841910873,false
1,8,09:45,75,02:30,67,1,,,0.0,false,14.79999999999997,240.31984400058334,false
1,8,09:45,76,02:45,68,1,,,0.0,false,14.79999999999997,240.7808038100794,false
1,8,09:45,77,03:00,69,1,,,0.0,false,14.79999999999997,241.24176361957544,false
1,8,09:45,78,03:15,70,1,,,0.0,false,14.8,241.70272342907148,false
1,8,09:45,79,03:30,71,1,,,0.0,false,14.8,242.16368323856753,false
1,8,09:45,80,03:45,72,1,,,0.0,false,14.8,242.62464304806358,false
1,8,09:45,81,04:00,73,1,,,0.0,false,14.8,243.08560285755962,false
1,8,09:45,82,04:15,74,1,,,0.0,false,14.8,243.54656266705567,false
1,8,09:45,83,04:30,75,1,,,0.0,false,14.8,244.0075224765517,false
1,8,09:45,84,04:45,76,1,,,0.0,false,14.8,244.46848228604776,false
1,8,09:45,85,05:00,77,1,,,0.0,false,14.8,244.9294420955438,false
1,8,09:45,86,05:15,78,1,,,0.0,false,14.8,245.39040190503985,false
1,8,09:45,87,05:30,79,1,,,0.0,false,14.8,245.8513617145359,false
1,8,09:45,88,05:45,80,1,,,0.0,false,14.8,246.31232152403194,false
1,8,09:45,89,06:00,81,1,,,0.0,false,14.8,246.773281333528,false
1,8,09:45,90,06:15,82,1,,,0.0,false,14.8,247.23424114302404,false
1,8,09:45,91,06:30,83,1,,,0.0,false,14.8,247.69520095252008,false
1,8,09:45,92,06:45,84,1,,,0.0,false,14.8,248.15616076201613,false
1,8,09:45,93,07:00,85,1,,,0.0,false,14.8,248.61712057151217,false
1,8,09:45,94,07:15,86,1,,,0.0,false,14.8,249.07808038100822,false
1,8,09:45,95,07:30,87,1,,,0.0,false,14.8,249.53904019050393,false
1,8,09:45,96,07:45,88,1,,,0.0,false,14.8,250.0,false
1,9,10:00,9,10:00,0,1,,Digging,4.792499999994618,false,13.3647250000024,243.68421052631467,false
1,9,10:00,10,10:15,1,1,,Digging,4.792500000005383,false,12.166600000001054,244.15497872971795,false
1,9,10:00,11,10:30,2,1,,Digging,4.792500000001253,false,10.96847500000074,244.6257469331212,false
1,9,10:00,12,10:45,3,1,,Digging,4.7924999999726765,false,9.770350000007571,245.09651513652446,true
1,9,10:00,13,11:00,4,1,,Idle,8.864359246629761e-12,false,9.770350000005354,245.5672833399252,true
1,9,10:00,14,11:15,5,1,,Traveling,4.710100000000004,false,8.592825000005353,246.03805154332846,false
1,9,10:00,15,11:30,6,1,,Digging,4.792500000001545,false,7.3947000000046055,246.50881974673175,false
1,9,10:00,16,11:45,7,1,,Digging,4.792499999999993,false,6.196575000004607,246.979587950135,false
1,9,10:00,17,12:00,8,1,,,0.0,false,6.196575000004607,247.45035615353828,true
1,9,10:00,18,12:15,9,1,,,0.0,false,6.196575000004607,247.92112435694153,true
1,9,10:00,19,12:30,10,1,,,0.0,false,6.196575000004607,248.3918925603448,false
1,9,10:00,20,12:45,11,1,,,0.0,false,6.196575000004607,248.86266076374804,false
1,9,10:00,21,13:00,12,1,,,0.0,false,6.196575000004607,249.3334289671513,false
1,9,10:00,22,13:15,13,1,,,0.0,false,6.196575000004607,249.33342896715132,false
1,9,10:00,23,13:30,14,1,,Charging,0.0,true,8.096575000004608,247.22816580925596,true
1,9,10:00,24,13:45,15,1,,Charging,0.0,true,9.996575000004606,245.12290265136124,true
1,9,10:00,25,14:00,16,1,,Digging,4.792499999995798,false,8.798450000005657,245.12290265136127,false
1,9,10:00,26,14:15,17,1,,Digging,4.792500000004132,false,7.600325000004624,245.1229026513613,false
1,9,10:00,27,14:30,18,1,,Charging,-9.686473845249566e-12,true,9.500325000005839,243.01763949346727,true
1,9,10:00,28,14:45,19,1,,Traveling,4.710099999948071,false,8.322800000018821,243.01763949346727,true
1,9,10:00,29,15:00,20,1,,Loading/Swinging,3.1586,false,7.533150000018821,243.01763949346594,true
1,9,10:00,30,15:15,21,1,,Loading/Swinging,3.1586,false,6.743500000018821,243.01763949346594,false
1,9,10:00,31,15:30,22,1,,Loading/Swinging,3.1586000000141214,false,5.953850000015291,243.01763949346594,false
1,9,10:00,32,15:45,23,1,,Charging,4.618527782440651e-14,true,7.853850000018344,240.9123763355678,true
1,9,10:00,33,16:00,24,1,,Loading/Swinging,3.158600000030093,false,7.064199999955661,240.91237633556744,true
1,9,10:00,34,16:15,25,1,,Traveling,4.710099999999937,false,5.886674999955677,240.91237633556744,true
1,9,10:00,35,16:30,26,1,,Loading/Swinging,3.1585999998069774,false,5.097025000003932,240.91237633556744,false
1,9,10:00,36,16:45,27,1,,Loading/Swinging,3.158599999958497,false,4.307375000014308,240.91237633556744,false
1,9,10:00,37,17:00,28,1,,Charging,0.0,true,6.207375000015756,238.8071131776711,false
1,9,10:00,38,17:15,29,1,,Charging,0.0,true,8.107375000015463,236.7018500197767,true
1,9,10:00,39,17:30,30,1,,Charging,0.0,true,9.099999999975612,235.601988523976,true
1,9,10:00,40,17:45,31,1,,Charging,0.0,true,10.999999999964562,233.49672536608054,false
1,9,10:00,41,18:00,32,1,,Charging,0.0,true,12.89999999996271,231.39146220818785,true
1,9,10:00,42,18:15,33,1,,Charging,0.0,true,14.8,229.28619905025178,false
1,9,10:00,43,18:30,34,1,,,0.0,false,14.8,229.28619905025178,true
1,9,10:00,44,18:45,35,1,,,0.0,false,14.8,229.28619905025178,true
1,9,10:00,45,19:00,36,1,,,0.0,false,14.8,229.28619905025178,true
1,9,10:00,46,19:15,37,1,,,0.0,false,14.8,229.28619905025178,false
1,9,10:00,47,19:30,38,1,,,0.0,false,14.8,229.28619905025178,false
1,9,10:00,48,19:45,39,1,,,0.0,false,14.8,229.28619905025178,false
1,9,10:00,49,20:00,40,1,,,0.0,false,14.8,229.28619905025178,false
1,9,10:00,50,20:15,41,1,,,0.0,false,14.8,229.28619905025178,false
1,9,10:00,51,20:30,42,1,,,0.0,false,14.8,229.28619905025178,false
1,9,10:00,52,20:45,43,1,,,0.0,false,14.8,229.28619905025178,false
1,9,10:00,53,21:00,44,1,,,0.0,false,14.8,229.75696725365503,false
1,9,10:00,54,21:15,45,1,,,0.0,false,14.8,230.2277354570583,false
1,9,10:00,55,21:30,46,1,,,0.0,false,14.8,230.69850366046154,false
1,9,10:00,56,21:45,47,1,,,0.0,false,14.8,231.1692718638648,false
1,9,10:00,57,22:00,48,1,,,0.0,false,14.8,231.64004006726805,false
1,9,10:00,58,22:15,49,1,,,0.0,false,14.8,232.1108082706713,false
1,9,10:00,59,22:30,50,1,,,0.0,false,14.8,232.58157647407455,false
1,9,10:00,60,22:45,51,1,,,0.0,false,14.8,233.0523446774778,false
1,9,10:00,61,23:00,52,1,,,0.0,false,14.8,233.52311288088106,false
1,9,10:00,62,23:15,53,1,,,0.0,false,14.8,233.9938810842843,false
1,9,10:00,63,23:30,54,1,,,0.0,false,14.8,234.46464928768756,false
1,9,10:00,64,23:45,55,1,,,0.0,false,14.8,234.93541749109082,false
1,9,10:00,65,00:00,56,1,,,0.0,false,14.8,235.40618569449407,false
1,9,10:00,66,00:15,57,1,,,0.0,false,14.8,235.87695389789732,false
1,9,10:00,67,00:30,58,1,,,0.0,false,14.8,236.34772210130058,false
1,9,10:00,68,00:45,59,1,,,0.0,false,14.8,236.81849030470383,false
1,9,10:00,69,01:00,60,1,,,0.0,false,14.8,237.28925850810708,false
1,9,10:00,70,01:15,61,1,,,0.0,false,14.8,237.76002671151033,false
1,9,10:00,71,01:30,62,1,,,0.0,false,14.8,238.2307949149136,false
1,9,10:00,72,01:45,63,1,,,0.0,false,14.8,238.70156311831684,false
1,9,10:00,73,02:00,64,1,,,0.0,false,14.8,239.1723313217201,false
1,9,10:00,74,02:15,65,1,,,0.0,false,14.8,239.64309952512335,false
1,9,10:00,75,02:30,66,1,,,0.0,false,14.8,240.1138677285266,false
1,9,10:00,76,02:45,67,1,,,0.0,false,14.8,240.58463593192985,false
1,9,10:00,77,03:00,68,1,,,0.0,false,14.8,241.0554041353331,false
1,9,10:00,78,03:15,69,1,,,0.0,false,14.8,241.52617233873636,false
1,9,10:00,79,03:30,70,1,,,0.0,false,14.8,241.9969405421396,false
1,9,10:00,80,03:45,71,1,,,0.0,false,14.8,242.46770874554286,false
1,9,10:00,81,04:00,72,1,,,0.0,false,14.8,242.93847694894612,false
1,9,10:00,82,04:15,73,1,,,0.0,false,14.8,243.40924515234937,false
1,9,10:00,83,04:30,74,1,,,0.0,false,14.8,243.88001335575262,false
1,9,10:00,84,04:45,75,1,,,0.0,false,14.8,244.35078155915588,false
1,9,10:00,85,05:00,76,1,,,0.0,false,14.8,244.82154976255913,false
1,9,10:00,86,05:15,77,1,,,0.0,false,14.8,245.29231796596238,false
1,9,10:00,87,05:30,78,1,,,0.0,false,14.8,245.76308616936564,false
1,9,10:00,88,05:45,79,1,,,0.0,false,14.8,246.2338543727689,false
1,9,10:00,89,06:00,80,1,,,0.0,false,14.8,246.70462257617214,false
1,9,10:00,90,06:15,81,1,,,0.0,false,14.8,247.1753907795754,false
1,9,10:00,91,06:30,82,1,,,0.0,false,14.8,247.64615898297865,false
1,9,10:00,92,06:45,83,1,,,0.0,false,14.8,248.1169271863819,false
1,9,10:00,93,07:00,84,1,,,0.0,false,14.8,248.58769538978515,false
1,9,10:00,94,07:15,85,1,,,0.0,false,14.8,249.0584635931884,false
1,9,10:00,95,07:30,86,1,,,0.0,false,14.8,249.52923179659672,false
1,9,10:00,96,07:45,87,1,,,0.0,false,14.8,250.0,false
1,10,10:15,10,10:15,0,1,,Digging,4.7925,false,12.173400000001052,244.15484418282438,false
1,10,10:15,11,10:30,1,1,,Digging,4.7925,false,10.975275000001053,244.62547783933405,false
1,10,10:15,12,10:45,2,1,,Digging,4.7925,false,9.777150000001052,245.09611149584376,false
1,10,10:15,13,11:00,3,1,,Idle,0.0,false,9.777150000001052,245.5667451523534,false
1,10,10:15,14,11:15,4,1,,Traveling,4.7101,false,8.599625000001053,246.0373788088631,false
1,10,10:15,15,11:30,5,1,,Digging,4.7925,false,7.401500000001053,246.50801246537281,false
1,10,10:15,16,11:45,6,1,,Digging,4.7925,false,6.203375000001053,246.97864612188252,false
1,10,10:15,17,12:00,7,1,,,0.0,false,6.203375000001053,247.44927977839222,false
1,10,10:15,18,12:15,8,1,,,0.0,false,6.203375000001732,247.91991343490184,false
1,10,10:15,19,12:30,9,1,,,0.0,false,6.203375000001732,248.39054709141155,false
1,10,10:15,20,12:45,10,1,,,0.0,false,6.203375000001732,248.86118074792125,false
1,10,10:15,21,13:00,11,1,,,0.0,false,6.203375000001732,249.3318144044308,false
1,10,10:15,22,13:15,12,1,,,0.0,false,6.203375000001732,249.3318144044308,false
1,10,10:15,23,13:30,13,1,,Charging,0.0,true,8.103375000001732,247.22655124653605,false
1,10,10:15,24,13:45,14,1,,Charging,0.0,true,10.003375000001732,245.1212880886413,false
1,10,10:15,25,14:00,15,1,,Digging,4.792500000000004,false,8.805250000001731,245.1212880886413,false
1,10,10:15,26,14:15,16,1,,Digging,4.792499999999997,false,7.607125000001732,245.1212880886413,false
1,10,10:15,27,14:30,17,1,,Charging,-8.881784197001252e-16,true,9.50712500000148,243.01602493074685,false
1,10,10:15,28,14:45,18,1,,Traveling,4.7101,false,8.329600000001479,243.01602493074685,false
1,10,10:15,29,15:00,19,1,,Loading/Swinging,3.1586,false,7.539950000001479,243.01602493074685,false
1,10,10:15,30,15:15,20,1,,Loading/Swinging,3.1586,false,6.750300000001479,243.01602493074685,false
1,10,10:15,31,15:30,21,1,,Loading/Swinging,3.1586,false,5.960650000001479,243.01602493074685,false
1,10,10:15,32,15:45,22,1,,Charging,0.0,true,7.860650000001479,240.9107617728521,false
1,10,10:15,33,16:00,23,1,,Loading/Swinging,3.1586,false,7.071000000001479,240.9107617728521,false
1,10,10:15,34,16:15,24,1,,Traveling,4.710100000000001,false,5.893475000001479,240.9107617728521,false
1,10,10:15,35,16:30,25,1,,Loading/Swinging,3.1586,false,5.103825000001479,240.9107617728521,false
1,10,10:15,36,16:45,26,1,,Loading/Swinging,3.1586,false,4.314175000001479,240.9107617728521,false
1,10,10:15,37,17:00,27,1,,Charging,0.0,true,6.214175000001479,238.8054986149574,false
1,10,10:15,38,17:15,28,1,,Charging,0.0,true,8.11417500000148,236.70023545706266,false
1,10,10:15,39,17:30,29,1,,Charging,0.0,true,10.01417500000148,234.59497229916792,false
1,10,10:15,40,17:45,30,1,,Charging,0.0,true,11.91417500000148,232.48970914127318,false
1,10,10:15,41,18:00,31,1,,Charging,0.0,true,13.81417500000148,230.38444598337844,false
1,10,10:15,42,18:15,32,1,,Charging,0.0,true,14.800000000010936,229.29211911356188,false
1,10,10:15,43,18:30,33,1,,,0.0,false,14.8,229.29211911356188,false
1,10,10:15,44,18:45,34,1,,,0.0,false,14.8,229.29211911356188,false
1,10,10:15,45,19:00,35,1,,,0.0,false,14.8,229.29211911356188,false
1,10,10:15,46,19:15,36,1,,,0.0,false,14.8,229.29211911356188,false
1,10,10:15,47,19:30,37,1,,,0.0,false,14.8,229.29211911356188,false
1,10,10:15,48,19:45,38,1,,,0.0,false,14.8,229.29211911356188,false
1,10,10:15,49,20:00,39,1,,,0.0,false,14.8,229.29211911356188,false
1,10,10:15,50,20:15,40,1,,,0.0,false,14.8,229.29211911356188,false
1,10,10:15,51,20:30,41,1,,,0.0,false,14.8,229.29211911356188,false
1,10,10:15,52,20:45,42,1,,,0.0,false,14.8,229.29211911356188,false
1,10,10:15,53,21:00,43,1,,,0.0,false,14.8,229.76275277007156,false
1,10,10:15,54,21:15,44,1,,,0.0,false,14.8,230.23338642658126,false
1,10,10:15,55,21:30,45,1,,,0.0,false,14.8,230.70402008310253,false
1,10,10:15,56,21:45,46,1,,,0.0,false,14.8,231.17465373961224,false
1,10,10:15,57,22:00,47,1,,,0.0,false,14.8,231.64528739612194,false
1,10,10:15,58,22:15,48,1,,,0.0,false,14.8,232.11592105263162,false
1,10,10:15,59,22:30,49,1,,,0.0,false,14.8,232.58655470914132,false
1,10,10:15,60,22:45,50,1,,,0.0,false,14.8,233.057188365651,false
1,10,10:15,61,23:00,51,1,,,0.0,false,14.8,233.5278220221607,false
1,10,10:15,62,23:15,52,1,,,0.0,false,14.8,233.99845567867038,false
1,10,10:15,63,23:30,53,1,,,0.0,false,14.8,234.4690893351801,false
1,10,10:15,64,23:45,54,1,,,0.0,false,14.8,234.9397229916898,false
1,10,10:15,65,00:00,55,1,,,0.0,false,14.8,235.4103566481995,false
1,10,10:15,66,00:15,56,1,,,0.0,false,14.8,235.8809903047092,false
1,10,10:15,67,00:30,57,1,,,0.0,false,14.8,236.35162396121888,false
1,10,10:15,68,00:45,58,1,,,0.0,false,14.8,236.82225761772858,false
1,10,10:15,69,01:00,59,1,,,0.0,false,14.8,237.29289127423826,false
1,10,10:15,70,01:15,60,1,,,0.0,false,14.8,237.76352493074796,false
1,10,10:15,71,01:30,61,1,,,0.0,false,14.8,238.23415858725764,false
1,10,10:15,72,01:45,62,1,,,0.0,false,14.8,238.70479224376734,false
1,10,10:15,73,02:00,63,1,,,0.0,false,14.8,239.17542590027705,false
1,10,10:15,74,02:15,64,1,,,0.0,false,14.8,239.64605955678675,false
1,10,10:15,75,02:30,65,1,,,0.0,false,14.8,240.11669321329646,false
1,10,10:15,76,02:45,66,1,,,0.0,false,14.8,240.58732686980613,false
1,10,10:15,77,03:00,67,1,,,0.0,false,14.8,241.05796052631584,false
1,10,10:15,78,03:15,68,1,,,0.0,false,14.8,241.52859418282551,false
1,10,10:15,79,03:30,69,1,,,0.0,false,14.8,241.99922783933522,false
1,10,10:15,80,03:45,70,1,,,0.0,false,14.8,242.4698614958449,false
1,10,10:15,81,04:00,71,1,,,0.0,false,14.8,242.9404951523546,false
1,10,10:15,82,04:15,72,1,,,0.0,false,14.8,243.41112880886428,false
1,10,10:15,83,04:30,73,1,,,0.0,false,14.8,243.88176246537398,false
1,10,10:15,84,04:45,74,1,,,0.0,false,14.8,244.3523961218837,false
1,10,10:15,85,05:00,75,1,,,0.0,false,14.8,244.8230297783934,false
1,10,10:15,86,05:15,76,1,,,0.0,false,14.8,245.2936634349031,false
1,10,10:15,87,05:30,77,1,,,0.0,false,14.8,245.76429709141277,false
1,10,10:15,88,05:45,78,1,,,0.0,false,14.8,246.23493074792248,false
1,10,10:15,89,06:00,79,1,,,0.0,false,14.8,246.70556440443215,false
1,10,10:15,90,06:15,80,1,,,0.0,false,14.8,247.17619806094186,false
1,10,10:15,91,06:30,81,1,,,0.0,false,14.8,247.64683171745156,false
1,10,10:15,92,06:45,82,1,,,0.0,false,14.8,248.11746537396124,false
1,10,10:15,93,07:00,83,1,,,0.0,false,14.8,248.58809903047094,false
1,10,10:15,94,07:15,84,1,,,0.0,false,14.8,249.05873268698062,false
1,10,10:15,95,07:30,85,1,,,0.0,false,14.8,249.52936634349032,false
1,10,10:15,96,07:45,86,1,,,0.0,false,14.8,250.0,false
1,11,10:30,11,10:30,0,1,,Digging,4.7925,false,10.959800000001053,244.62578959959598,false
1,11,10:30,12,10:45,1,1,,Idle,3.552713678800501e-15,false,10.959800000001053,245.09673501636752,true
1,11,10:30,13,11:00,2,1,,Digging,4.7925,false,9.761675000001054,245.56768043313912,true
1,11,10:30,14,11:15,3,1,,Traveling,4.710099999999997,false,8.584150000001054,246.03862584991072,false
1,11,10:30,15,11:30,4,1,,Digging,4.7925,false,7.386025000001054,246.50957126668231,false
1,11,10:30,16,11:45,5,1,,Digging,4.7925,false,6.187900000001054,246.9805166834539,false
1,11,10:30,17,12:00,6,1,,,0.0,false,6.187900000001054,247.4514621002255,false
1,11,10:30,18,12:15,7,1,,,0.0,false,6.187900000001054,247.9224075169971,false
1,11,10:30,19,12:30,8,1,,,0.0,false,6.187900000001056,248.3933529337687,false
1,11,10:30,20,12:45,9,1,,,0.0,false,6.187900000001056,248.8642983505403,false
1,11,10:30,21,13:00,10,1,,,0.0,false,6.187900000001056,249.3352437673119,false
1,11,10:30,22,13:15,11,1,,,0.0,false,6.187900000001056,249.3352437673119,false
1,11,10:30,23,13:30,12,1,,Charging,0.0,true,7.1892000000000085,248.22577008310253,false
1,11,10:30,24,13:45,13,1,,Charging,0.0,true,9.089200000000002,246.12050692520782,false
1,11,10:30,25,14:00,14,1,,Digging,4.792500000000004,false,7.891075000000001,246.12050692520782,false
1,11,10:30,26,14:15,15,1,,Digging,4.7925,false,6.692950000000001,246.12050692520782,false
1,11,10:30,27,14:30,16,1,,Traveling,4.7101,false,5.5154250000000005,246.12050692520782,true
1,11,10:30,28,14:45,17,1,,Charging,-1.7763568394002505e-15,true,7.415425000000001,244.01524376731308,true
1,11,10:30,29,15:00,18,1,,Loading/Swinging,3.1586,false,6.625775000000001,244.01524376731308,false
1,11,10:30,30,15:15,19,1,,Loading/Swinging,3.1586,false,5.836125000000001,244.01524376731308,false
1,11,10:30,31,15:30,20,1,,Loading/Swinging,3.1586,false,5.046475000000001,244.01524376731308,false
1,11,10:30,32,15:45,21,1,,Loading/Swinging,3.1586,false,4.256825000000001,244.01524376731308,true
1,11,10:30,33,16:00,22,1,,Charging,0.0,true,6.156825,241.90998060941834,true
1,11,10:30,34,16:15,23,1,,Traveling,4.710100000000001,false,4.9793,241.90998060941834,false
1,11,10:30,35,16:30,24,1,,Loading/Swinging,3.1586,false,4.18965,241.90998060941834,false
1,11,10:30,36,16:45,25,1,,Loading/Swinging,3.1586,false,3.4000000000000004,241.90998060941834,false
1,11,10:30,37,17:00,26,1,,Charging,0.0,true,5.300000000000001,239.8047174515236,false
1,11,10:30,38,17:15,27,1,,Charging,0.0,true,7.2,237.69945429362886,false
1,11,10:30,39,17:30,28,1,,Charging,0.0,true,9.1,235.59419113573412,false
1,11,10:30,40,17:45,29,1,,Charging,0.0,true,11.0,233.48892797783938,false
1,11,10:30,41,18:00,30,1,,Charging,0.0,true,12.9,231.38366481994464,false
1,11,10:30,42,18:15,31,1,,Charging,0.0,true,14.8,229.2784016620499,false
1,11,10:30,43,18:30,32,1,,,0.0,false,14.8,229.2784016620499,false
1,11,10:30,44,18:45,33,1,,,0.0,false,14.8,229.2784016620499,false
1,11,10:30,45,19:00,34,1,,,0.0,false,14.8,229.2784016620499,false
1,11,10:30,46,19:15,35,1,,,0.0,false,14.8,229.2784016620499,false
1,11,10:30,47,19:30,36,1,,,0.0,false,14.8,229.2784016620499,false
1,11,10:30,48,19:45,37,1,,,0.0,false,14.8,229.2784016620499,false
1,11,10:30,49,20:00,38,1,,,0.0,false,14.8,229.2784016620499,false
1,11,10:30,50,20:15,39,1,,,0.0,false,14.8,229.2784016620499,false
1,11,10:30,51,20:30,40,1,,,0.0,false,14.8,229.2784016620499,false
1,11,10:30,52,20:45,41,1,,,0.0,false,14.8,229.2784016620499,false
1,11,10:30,53,21:00,42,1,,,0.0,false,14.8,229.74934707882153,false
1,11,10:30,54,21:15,43,1,,,0.0,false,14.8,230.22029249559313,false
1,11,10:30,55,21:30,44,1,,,0.0,false,14.8,230.6912379123647,false
1,11,10:30,56,21:45,45,1,,,0.0,false,14.8,231.1621833291363,false
1,11,10:30,57,22:00,46,1,,,0.0,false,14.8,231.6331287459079,false
1,11,10:30,58,22:15,47,1,,,0.0,false,14.8,232.1040741626795,false
1,11,10:30,59,22:30,48,1,,,0.0,false,14.8,232.5750195794511,false
1,11,10:30,60,22:45,49,1,,,0.0,false,14.8,233.04596499622266,false
1,11,10:30,61,23:00,50,1,,,0.0,false,14.8,233.51691041299426,false
1,11,10:30,62,23:15,51,1,,,0.0,false,14.8,233.98785582976586,false
1,11,10:30,63,23:30,52,1,,,0.0,false,14.8,234.45880124653746,false
1,11,10:30,64,23:45,53,1,,,0.0,false,14.8,234.92974666330906,false
1,11,10:30,65,00:00,54,1,,,0.0,false,14.8,235.40069208008063,false
1,11,10:30,66,00:15,55,1,,,0.0,false,14.8,235.87163749685223,false
1,11,10:30,67,00:30,56,1,,,0.0,false,14.8,236.34258291362383,false
1,11,10:30,68,00:45,57,1,,,0.0,false,14.8,236.81352833039543,false
1,11,10:30,69,01:00,58,1,,,0.0,false,14.8,237.284473747167,false
1,11,10:30,70,01:15,59,1,,,0.0,false,14.8,237.7554191639386,false
1,11,10:30,71,01:30,60,1,,,0.0,false,14.8,238.2263645807102,false
1,11,10:30,72,01:45,61,1,,,0.0,false,14.8,238.6973099974818,false
1,11,10:30,73,02:00,62,1,,,0.0,false,14.8,239.16825541425337,false
1,11,10:30,74,02:15,63,1,,,0.0,false,14.8,239.63920083102497,false
1,11,10:30,75,02:30,64,1,,,0.0,false,14.8,240.11014624779656,false
1,11,10:30,76,02:45,65,1,,,0.0,false,14.8,240.58109166456816,false
1,11,10:30,77,03:00,66,1,,,0.0,false,14.8,241.05203708133973,false
1,11,10:30,78,03:15,67,1,,,0.0,false,14.8,241.52298249811133,false
1,11,10:30,79,03:30,68,1,,,0.0,false,14.8,241.99392791488293,false
1,11,10:30,80,03:45,69,1,,,0.0,false,14.8,242.46487333165453,false
1,11,10:30,81,04:00,70,1,,,0.0,false,14.8,242.93581874842613,false
1,11,10:30,82,04:15,71,1,,,0.0,false,14.8,243.4067641651977,false
1,11,10:30,83,04:30,72,1,,,0.0,false,14.8,243.8777095819693,false
1,11,10:30,84,04:45,73,1,,,0.0,false,14.8,244.3486549987409,false
1,11,10:30,85,05:00,74,1,,,0.0,false,14.8,244.8196004155125,false
1,11,10:30,86,05:15,75,1,,,0.0,false,14.8,245.29054583228407,false
1,11,10:30,87,05:30,76,1,,,0.0,false,14.8,245.76149124905567,false
1,11,10:30,88,05:45,77,1,,,0.0,false,14.8,246.23243666582727,false
1,11,10:30,89,06:00,78,1,,,0.0,false,14.8,246.70338208259886,false
1,11,10:30,90,06:15,79,1,,,0.0,false,14.8,247.17432749937043,false
1,11,10:30,91,06:30,80,1,,,0.0,false,14.8,247.64527291614203,false
1,11,10:30,92,06:45,81,1,,,0.0,false,14.8,248.11621833291363,false
1,11,10:30,93,07:00,82,1,,,0.0,false,14.8,248.58716374968523,false
1,11,10:30,94,07:15,83,1,,,0.0,false,14.8,249.0581091664568,false
1,11,10:30,95,07:30,84,1,,,0.0,false,14.8,249.5290545832284,false
1,11,10:30,96,07:45,85,1,,,0.0,false,14.8,250.0,false
1,12,10:45,12,10:45,0,1,,Digging,4.7925,false,9.718950000001055,245.09761169637167,true
1,12,10:45,13,11:00,1,1,,Idle,-3.552713678800501e-15,false,9.718950000001055,245.56943379314737,true
1,12,10:45,14,11:15,2,1,,Traveling,4.7101,false,8.541425000001055,246.04125588992306,false
1,12,10:45,15,11:30,3,1,,Digging,4.7925,false,7.343300000001055,246.51307798669876,false
1,12,10:45,16,11:45,4,1,,Digging,4.7925,false,6.145175000001055,246.98490008347446,false
1,12,10:45,17,12:00,5,1,,,0.0,false,6.145175000001055,247.45672218025015,false
1,12,10:45,18,12:15,6,1,,,0.0,false,6.145175000001055,247.92854427702588,false
1,12,10:45,19,12:30,7,1,,,0.0,false,6.145175000001055,248.40036637380157,false
1,12,10:45,20,12:45,8,1,,,0.0,false,6.145175000001054,248.87218847057727,false
1,12,10:45,21,13:00,9,1,,,0.0,false,6.145175000001054,249.34401056735297,false
1,12,10:45,22,13:15,10,1,,,0.0,false,6.145175000001054,249.34401056735297,false
1,12,10:45,23,13:30,11,1,,Charging,0.0,true,8.045175000001054,247.23874740945823,false
1,12,10:45,24,13:45,12,1,,Charging,0.0,true,9.945175000001054,245.1334842515635,false
1,12,10:45,25,14:00,13,1,,Digging,4.792500000000004,false,8.747050000001053,245.1334842515635,false
1,12,10:45,26,14:15,14,1,,Digging,4.7925,false,7.548925000001054,245.1334842515635,false
1,12,10:45,27,14:30,15,1,,Charging,-1.7763568394002505e-15,true,9.448925000001054,243.02822109366875,true
1,12,10:45,28,14:45,16,1,,Traveling,4.7101,false,8.271400000001055,243.02822109366875,true
1,12,10:45,29,15:00,17,1,,Loading/Swinging,3.1586,false,7.481750000001055,243.02822109366878,false
1,12,10:45,30,15:15,18,1,,Loading/Swinging,3.1586,false,6.692100000001055,243.02822109366878,false
1,12,10:45,31,15:30,19,1,,Loading/Swinging,3.1586,false,5.902450000001055,243.02822109366878,false
1,12,10:45,32,15:45,20,1,,Charging,0.0,true,7.8024500000010555,240.92295793577406,true
1,12,10:45,33,16:00,21,1,,Loading/Swinging,3.1586,false,7.0128000000010555,240.92295793577406,true
1,12,10:45,34,16:15,22,1,,Traveling,4.710100000000001,false,5.835275000001055,240.92295793577406,false
1,12,10:45,35,16:30,23,1,,Loading/Swinging,3.1586,false,5.045625000001055,240.92295793577406,false
1,12,10:45,36,16:45,24,1,,Loading/Swinging,3.1586,false,4.255975000001055,240.92295793577406,false
1,12,10:45,37,17:00,25,1,,Charging,0.0,true,6.155975000001055,238.81769477787932,false
1,12,10:45,38,17:15,26,1,,Charging,0.0,true,8.055975000001055,236.71243161998459,false
1,12,10:45,39,17:30,27,1,,Charging,0.0,true,9.955975000001056,234.60716846208985,false
1,12,10:45,40,17:45,28,1,,Charging,0.0,true,11.855975000001056,232.5019053041951,false
1,12,10:45,41,18:00,29,1,,Charging,0.0,true,13.755975000001055,230.39664214630037,false
1,12,10:45,42,18:15,30,1,,Charging,0.0,true,14.799999999999997,229.2398277418694,false
1,12,10:45,43,18:30,31,1,,,0.0,false,14.799999999999999,229.2398277418694,false
1,12,10:45,44,18:45,32,1,,,0.0,false,14.799999999999999,229.2398277418694,false
1,12,10:45,45,19:00,33,1,,,0.0,false,14.799999999999999,229.2398277418694,false
1,12,10:45,46,19:15,34,1,,,0.0,false,14.799999999999999,229.2398277418694,false
1,12,10:45,47,19:30,35,1,,,0.0,false,14.799999999999999,229.2398277418694,false
1,12,10:45,48,19:45,36,1,,,0.0,false,14.799999999999999,229.2398277418694,false
1,12,10:45,49,20:00,37,1,,,0.0,false,14.799999999999999,229.2398277418694,false
1,12,10:45,50,20:15,38,1,,,0.0,false,14.799999999999999,229.2398277418694,false
1,12,10:45,51,20:30,39,1,,,0.0,false,14.799999999999999,229.2398277418694,false
1,12,10:45,52,20:45,40,1,,,0.0,false,14.8,229.2398277418694,false
1,12,10:45,53,21:00,41,1,,,0.0,false,14.8,229.71164983864512,false
1,12,10:45,54,21:15,42,1,,,0.0,false,14.8,230.1834719354208,false
1,12,10:45,55,21:30,43,1,,,0.0,false,14.8,230.6552940321965,false
1,12,10:45,56,21:45,44,1,,,0.0,false,14.8,231.1271161289722,false
1,12,10:45,57,22:00,45,1,,,0.0,false,14.8,231.5989382257479,false
1,12,10:45,58,22:15,46,1,,,0.0,false,14.8,232.0707603225236,false
1,12,10:45,59,22:30,47,1,,,0.0,false,14.8,232.5425824192993,false
1,12,10:45,60,22:45,48,1,,,0.0,false,14.8,233.014404516075,false
1,12,10:45,61,23:00,49,1,,,0.0,false,14.8,233.4862266128507,false
1,12,10:45,62,23:15,50,1,,,0.0,false,14.8,233.95804870962638,false
1,12,10:45,63,23:30,51,1,,,0.0,false,14.8,234.42987080640208,false
1,12,10:45,64,23:45,52,1,,,0.0,false,14.8,234.90169290317777,false
1,12,10:45,65,00:00,53,1,,,0.0,false,14.8,235.37351499995347,false
1,12,10:45,66,00:15,54,1,,,0.0,false,14.8,235.84533709672917,false
1,12,10:45,67,00:30,55,1,,,0.0,false,14.8,236.31715919350486,false
1,12,10:45,68,00:45,56,1,,,0.0,false,14.8,236.78898129028056,false
1,12,10:45,69,01:00,57,1,,,0.0,false,14.8,237.26080338705626,false
1,12,10:45,70,01:15,58,1,,,0.0,false,14.8,237.73262548383195,false
1,12,10:45,71,01:30,59,1,,,0.0,false,14.8,238.20444758060765,false
1,12,10:45,72,01:45,60,1,,,0.0,false,14.8,238.67626967738335,false
1,12,10:45,73,02:00,61,1,,,0.0,false,14.8,239.14809177415904,false
1,12,10:45,74,02:15,62,1,,,0.0,false,14.8,239.61991387093474,false
1,12,10:45,75,02:30,63,1,,,0.0,false,14.8,240.09173596771043,false
1,12,10:45,76,02:45,64,1,,,0.0,false,14.8,240.56355806448613,false
1,12,10:45,77,03:00,65,1,,,0.0,false,14.8,241.03538016126183,false
1,12,10:45,78,03:15,66,1,,,0.0,false,14.8,241.50720225803752,false
1,12,10:45,79,03:30,67,1,,,0.0,false,14.8,241.97902435481313,false
1,12,10:45,80,03:45,68,1,,,0.0,false,14.8,242.45084645158883,false
1,12,10:45,81,04:00,69,1,,,0.0,false,14.8,242.92266854836453,false
1,12,10:45,82,04:15,70,1,,,0.0,false,14.8,243.39449064514022,false
1,12,10:45,83,04:30,71,1,,,0.0,false,14.8,243.86631274191592,false
1,12,10:45,84,04:45,72,1,,,0.0,false,14.8,244.33813483869162,false
1,12,10:45,85,05:00,73,1,,,0.0,false,14.8,244.8099569354673,false
1,12,10:45,86,05:15,74,1,,,0.0,false,14.8,245.281779032243,false
1,12,10:45,87,05:30,75,1,,,0.0,false,14.8,245.7536011290187,false
1,12,10:45,88,05:45,76,1,,,0.0,false,14.8,246.2254232257944,false
1,12,10:45,89,06:00,77,1,,,0.0,false,14.8,246.6972453225701,false
1,12,10:45,90,06:15,78,1,,,0.0,false,14.8,247.1690674193458,false
1,12,10:45,91,06:30,79,1,,,0.0,false,14.8,247.6408895161215,false
1,12,10:45,92,06:45,80,1,,,0.0,false,14.8,248.1127116128972,false
1,12,10:45,93,07:00,81,1,,,0.0,false,14.8,248.58453370967288,false
1,12,10:45,94,07:15,82,1,,,0.0,false,14.8,249.05635580644858,false
1,12,10:45,95,07:30,83,1,,,0.0,false,14.8,249.52817790322428,false
1,12,10:45,96,07:45,84,1,,,0.0,false,14.8,250.0,false
1,13,11:00,13,11:00,0,1,,Idle,0.0,false,9.844400000001054,245.56943379314737,false
1,13,11:00,14,11:15,1,1,,Traveling,4.710099999999997,false,8.666875000001054,246.04125588992306,false
1,13,11:00,15,11:30,2,1,,Digging,4.7925,false,7.468750000001054,246.51307798669876,false
1,13,11:00,16,11:45,3,1,,Digging,4.7925,false,6.270625000001054,246.98490008347446,false
1,13,11:00,17,12:00,4,1,,,0.0,false,6.270625000001054,247.45672218025015,false
1,13,11:00,18,12:15,5,1,,,0.0,false,6.270625000001054,247.92854427702585,false
1,13,11:00,19,12:30,6,1,,,0.0,false,6.270625000001054,248.40036637380155,false
1,13,11:00,20,12:45,7,1,,,0.0,false,6.270625000001054,248.87218847057724,false
1,13,11:00,21,13:00,8,1,,,0.0,false,6.270625000001054,249.34401056735294,false
1,13,11:00,22,13:15,9,1,,,0.0,false,6.270625000001054,249.34401056735294,false
1,13,11:00,23,13:30,10,1,,Charging,0.0,true,7.189200000000003,248.32619893300506,false
1,13,11:00,24,13:45,11,1,,Charging,0.0,true,9.0892,246.22093577511032,false
1,13,11:00,25,14:00,12,1,,Digging,4.7925,false,7.891075,246.22093577511032,false
1,13,11:00,26,14:15,13,1,,Digging,4.7925,false,6.69295,246.22093577511032,false
1,13,11:00,27,14:30,14,1,,Charging,0.0,true,8.59295,244.11567261721558,false
1,13,11:00,28,14:45,15,1,,Traveling,4.710099999999997,false,7.415425000000001,244.11567261721558,false
1,13,11:00,29,15:00,16,1,,Loading/Swinging,3.1586,false,6.625775000000001,244.11567261721558,false
1,13,11:00,30,15:15,17,1,,Loading/Swinging,3.1586,false,5.836125000000001,244.11567261721558,false
1,13,11:00,31,15:30,18,1,,Loading/Swinging,3.1586,false,5.046475000000001,244.11567261721558,false
1,13,11:00,32,15:45,19,1,,Charging,1.7763568394002505e-15,true,6.946475,242.01040945932084,false
1,13,11:00,33,16:00,20,1,,Loading/Swinging,3.1586,false,6.156825,242.01040945932084,false
1,13,11:00,34,16:15,21,1,,Traveling,4.7101,false,4.9793,242.01040945932084,false
1,13,11:00,35,16:30,22,1,,Loading/Swinging,3.1586,false,4.18965,242.01040945932084,false
1,13,11:00,36,16:45,23,1,,Loading/Swinging,3.1586,false,3.4000000000000004,242.01040945932084,false
1,13,11:00,37,17:00,24,1,,Charging,0.0,true,5.300000000000001,239.9051463014261,false
1,13,11:00,38,17:15,25,1,,Charging,0.0,true,7.2,237.79988314353136,false
1,13,11:00,39,17:30,26,1,,Charging,0.0,true,9.1,235.69461998563662,false
1,13,11:00,40,17:45,27,1,,Charging,0.0,true,11.0,233.58935682774188,false
1,13,11:00,41,18:00,28,1,,Charging,0.0,true,12.9,231.48409366984714,false
1,13,11:00,42,18:15,29,1,,Charging,0.0,true,14.8,229.3788305119524,false
1,13,11:00,43,18:30,30,1,,,0.0,false,14.8,229.3788305119524,false
1,13,11:00,44,18:45,31,1,,,0.0,false,14.8,229.3788305119524,false
1,13,11:00,45,19:00,32,1,,,0.0,false,14.8,229.3788305119524,false
1,13,11:00,46,19:15,33,1,,,0.0,false,14.8,229.3788305119524,false
1,13,11:00,47,19:30,34,1,,,0.0,false,14.8,229.3788305119524,false
1,13,11:00,48,19:45,35,1,,,0.0,false,14.8,229.3788305119524,false
1,13,11:00,49,20:00,36,1,,,0.0,false,14.8,229.3788305119524,false
1,13,11:00,50,20:15,37,1,,,0.0,false,14.8,229.3788305119524,false
1,13,11:00,51,20:30,38,1,,,0.0,false,14.8,229.3788305119524,false
1,13,11:00,52,20:45,39,1,,,0.0,false,14.8,229.3788305119524,false
1,13,11:00,53,21:00,40,1,,,0.0,false,14.8,229.8506526087281,false
1,13,11:00,54,21:15,41,1,,,0.0,false,14.8,230.3224747055038,false
1,13,11:00,55,21:30,42,1,,,0.0,false,14.8,230.7942968022795,false
1,13,11:00,56,21:45,43,1,,,0.0,false,14.8,231.2661188990552,false
1,13,11:00,57,22:00,44,1,,,0.0,false,14.8,231.73794099583088,false
1,13,11:00,58,22:15,45,1,,,0.0,false,14.8,232.20976309260658,false
1,13,11:00,59,22:30,46,1,,,0.0,false,14.8,232.68158518938228,false
1,13,11:00,60,22:45,47,1,,,0.0,false,14.8,233.15340728615797,false
1,13,11:00,61,23:00,48,1,,,0.0,false,14.8,233.62522938293367,false
1,13,11:00,62,23:15,49,1,,,0.0,false,14.8,234.09705147970936,false
1,13,11:00,63,23:30,50,1,,,0.0,false,14.8,234.56887357648506,false
1,13,11:00,64,23:45,51,1,,,0.0,false,14.8,234.9016929031777,false
1,13,11:00,65,00:00,52,1,,,0.0,false,14.8,235.3735149999534,false
1,13,11:00,66,00:15,53,1,,,0.0,false,14.8,235.84533709672908,false
1,13,11:00,67,00:30,54,1,,,0.0,false,14.8,236.31715919350478,false
1,13,11:00,68,00:45,55,1,,,0.0,false,14.8,236.78898129028047,false
1,13,11:00,69,01:00,56,1,,,0.0,false,14.8,237.26080338705617,false
1,13,11:00,70,01:15,57,1,,,0.0,false,14.8,237.73262548383187,false
1,13,11:00,71,01:30,58,1,,,0.0,false,14.8,238.20444758060756,false
1,13,11:00,72,01:45,59,1,,,0.0,false,14.8,238.67626967738326,false
1,13,11:00,73,02:00,60,1,,,0.0,false,14.8,239.14809177415896,false
1,13,11:00,74,02:15,61,1,,,0.0,false,14.8,239.61991387093465,false
1,13,11:00,75,02:30,62,1,,,0.0,false,14.8,240.09173596771035,false
1,13,11:00,76,02:45,63,1,,,0.0,false,14.8,240.56355806448605,false
1,13,11:00,77,03:00,64,1,,,0.0,false,14.8,241.03538016126174,false
1,13,11:00,78,03:15,65,1,,,0.0,false,14.8,241.50720225803744,false
1,13,11:00,79,03:30,66,1,,,0.0,false,14.8,241.97902435481313,false
1,13,11:00,80,03:45,67,1,,,0.0,false,14.8,242.45084645158883,false
1,13,11:00,81,04:00,68,1,,,0.0,false,14.8,242.92266854836453,false
1,13,11:00,82,04:15,69,1,,,0.0,false,14.8,243.39449064514022,false
1,13,11:00,83,04:30,70,1,,,0.0,false,14.8,243.86631274191592,false
1,13,11:00,84,04:45,71,1,,,0.0,false,14.8,244.33813483869162,false
1,13,11:00,85,05:00,72,1,,,0.0,false,14.8,244.8099569354673,false
1,13,11:00,86,05:15,73,1,,,0.0,false,14.8,245.281779032243,false
1,13,11:00,87,05:30,74,1,,,0.0,false,14.8,245.7536011290187,false
1,13,11:00,88,05:45,75,1,,,0.0,false,14.8,246.2254232257944,false
1,13,11:00,89,06:00,76,1,,,0.0,false,14.8,246.6972453225701,false
1,13,11:00,90,06:15,77,1,,,0.0,false,14.8,247.1690674193458,false
1,13,11:00,91,06:30,78,1,,,0.0,false,14.8,247.6408895161215,false
1,13,11:00,92,06:45,79,1,,,0.0,false,14.8,248.1127116128972,false
1,13,11:00,93,07:00,80,1,,,0.0,false,14.8,248.58453370967288,false
1,13,11:00,94,07:15,81,1,,,0.0,false,14.8,249.05635580644858,false
1,13,11:00,95,07:30,82,1,,,0.0,false,14.8,249.52817790322428,false
1,13,11:00,96,07:45,83,1,,,0.0,false,14.8,250.0,false
1,14,11:15,14,11:15,0,1,,Traveling,4.7101,false,8.601150000001054,246.04125588992306,false
1,14,11:15,15,11:30,1,1,,Digging,4.7925,false,7.403025000001054,246.51307798669876,false
1,14,11:15,16,11:45,2,1,,Digging,4.7925,false,6.204900000001054,246.98490008347446,false
1,14,11:15,17,12:00,3,1,,,0.0,false,6.204900000001054,247.45672218025015,false
1,14,11:15,18,12:15,4,1,,,0.0,false,6.204900000001054,247.92854427702585,false
1,14,11:15,19,12:30,5,1,,,0.0,false,6.204900000001054,248.40036637380155,false
1,14,11:15,20,12:45,6,1,,,0.0,false,6.204900000001054,248.87218847057724,false
1,14,11:15,21,13:00,7,1,,,0.0,false,6.204900000001054,249.34401056735294,false
1,14,11:15,22,13:15,8,1,,,0.0,false,6.204900000001054,249.34401056735294,false
1,14,11:15,23,13:30,9,1,,Charging,0.0,true,8.104900000001054,247.2387474094582,false
1,14,11:15,24,13:45,10,1,,Charging,0.0,true,10.004900000001054,245.13348425156346,false
1,14,11:15,25,14:00,11,1,,Loading/Swinging,3.158600000000007,false,9.215250000001053,245.13348425156346,true
1,14,11:15,26,14:15,12,1,,Digging,4.7925,false,8.017125000001053,245.13348425156346,false
1,14,11:15,27,14:30,13,1,,Traveling,4.710100000000001,false,6.839600000001053,245.13348425156346,true
1,14,11:15,28,14:45,14,1,,Charging,0.0,true,8.739600000001047,243.02822109366872,true
1,14,11:15,29,15:00,15,1,,Digging,4.792499999999997,false,7.541475000001048,243.02822109366872,true
1,14,11:15,30,15:15,16,1,,Loading/Swinging,3.1586,false,6.751825000001048,243.02822109366872,false
1,14,11:15,31,15:30,17,1,,Loading/Swinging,3.1586,false,5.962175000001048,243.02822109366872,false
1,14,11:15,32,15:45,18,1,,Loading/Swinging,3.158600000000014,false,5.172525000001045,243.02822109366872,true
1,14,11:15,33,16:00,19,1,,Charging,0.0,true,6.156825000000001,241.9375839745563,true
1,14,11:15,34,16:15,20,1,,Traveling,4.710100000000004,false,4.9793,241.9375839745563,false
1,14,11:15,35,16:30,21,1,,Loading/Swinging,3.158599999999989,false,4.189650000000003,241.9375839745563,false
1,14,11:15,36,16:45,22,1,,Loading/Swinging,3.1586,false,3.400000000000003,241.9375839745563,false
1,14,11:15,37,17:00,23,1,,Charging,0.0,true,5.3000000000000025,239.83232081666156,false
1,14,11:15,38,17:15,24,1,,Charging,0.0,true,7.200000000000003,237.72705765876682,false
1,14,11:15,39,17:30,25,1,,Charging,0.0,true,9.100000000000003,235.62179450087208,false
1,14,11:15,40,17:45,26,1,,Charging,0.0,true,11.000000000000004,233.51653134297734,false
1,14,11:15,41,18:00,27,1,,Charging,0.0,true,12.899999999999999,231.4112681850826,false
1,14,11:15,42,18:15,28,1,,,0.0,false,12.899999999999999,231.4112681850826,true
1,14,11:15,43,18:30,29,1,,Charging,0.0,true,14.799999999999999,229.30600502718787,true
1,14,11:15,44,18:45,30,1,,,0.0,false,14.799999999999999,229.30600502718787,false
1,14,11:15,45,19:00,31,1,,,0.0,false,14.799999999999999,229.30600502718787,false
1,14,11:15,46,19:15,32,1,,,0.0,false,14.799999999999999,229.30600502718787,false
1,14,11:15,47,19:30,33,1,,,0.0,false,14.799999999999999,229.30600502718787,false
1,14,11:15,48,19:45,34,1,,,0.0,false,14.799999999999999,229.30600502718787,false
1,14,11:15,49,20:00,35,1,,,0.0,false,14.799999999999999,229.30600502718787,false
1,14,11:15,50,20:15,36,1,,,0.0,false,14.799999999999999,229.30600502718787,false
1,14,11:15,51,20:30,37,1,,,0.0,false,14.799999999999999,229.30600502718787,false
1,14,11:15,52,20:45,38,1,,,0.0,false,14.799999999999999,229.30600502718787,false
1,14,11:15,53,21:00,39,1,,,0.0,false,14.799999999999999,229.77782712396356,false
1,14,11:15,54,21:15,40,1,,,0.0,false,14.8,230.24964922073926,false
1,14,11:15,55,21:30,41,1,,,0.0,false,14.8,230.72147131751495,false
1,14,11:15,56,21:45,42,1,,,0.0,false,14.8,231.19329341429065,false
1,14,11:15,57,22:00,43,1,,,0.0,false,14.8,231.66511551106635,false
1,14,11:15,58,22:15,44,1,,,0.0,false,14.8,232.13693760784204,false
1,14,11:15,59,22:30,45,1,,,0.0,false,14.8,232.60875970461774,false
1,14,11:15,60,22:45,46,1,,,0.0,false,14.8,233.08058180139344,false
1,14,11:15,61,23:00,47,1,,,0.0,false,14.8,233.55240389816913,false
1,14,11:15,62,23:15,48,1,,,0.0,false,14.8,234.02422599494483,false
1,14,11:15,63,23:30,49,1,,,0.0,false,14.8,234.49604809172052,false
1,14,11:15,64,23:45,50,1,,,0.0,false,14.8,234.9016929031777,false
1,14,11:15,65,00:00,51,1,,,0.0,false,14.8,235.3735149999534,false
1,14,11:15,66,00:15,52,1,,,0.0,false,14.8,235.84533709672908,false
1,14,11:15,67,00:30,53,1,,,0.0,false,14.8,236.31715919350478,false
1,14,11:15,68,00:45,54,1,,,0.0,false,14.8,236.78898129028047,false
1,14,11:15,69,01:00,55,1,,,0.0,false,14.8,237.26080338705617,false
1,14,11:15,70,01:15,56,1,,,0.0,false,14.8,237.73262548383187,false
1,14,11:15,71,01:30,57,1,,,0.0,false,14.8,238.20444758060756,false
1,14,11:15,72,01:45,58,1,,,0.0,false,14.8,238.67626967738326,false
1,14,11:15,73,02:00,59,1,,,0.0,false,14.8,239.14809177415896,false
1,14,11:15,74,02:15,60,1,,,0.0,false,14.8,239.61991387093465,false
1,14,11:15,75,02:30,61,1,,,0.0,false,14.8,240.09173596771035,false
1,14,11:15,76,02:45,62,1,,,0.0,false,14.8,240.56355806448605,false
1,14,11:15,77,03:00,63,1,,,0.0,false,14.8,241.03538016126174,false
1,14,11:15,78,03:15,64,1,,,0.0,false,14.8,241.50720225803744,false
1,14,11:15,79,03:30,65,1,,,0.0,false,14.8,241.97902435481313,false
1,14,11:15,80,03:45,66,1,,,0.0,false,14.8,242.45084645158883,false
1,14,11:15,81,04:00,67,1,,,0.0,false,14.8,242.92266854836453,false
1,14,11:15,82,04:15,68,1,,,0.0,false,14.8,243.39449064514022,false
1,14,11:15,83,04:30,69,1,,,0.0,false,14.8,243.86631274191592,false
1,14,11:15,84,04:45,70,1,,,0.0,false,14.8,244.33813483869162,false
1,14,11:15,85,05:00,71,1,,,0.0,false,14.8,244.8099569354673,false
1,14,11:15,86,05:15,72,1,,,0.0,false,14.8,245.281779032243,false
1,14,11:15,87,05:30,73,1,,,0.0,false,14.8,245.7536011290187,false
1,14,11:15,88,05:45,74,1,,,0.0,false,14.8,246.2254232257944,false
1,14,11:15,89,06:00,75,1,,,0.0,false,14.8,246.6972453225701,false
1,14,11:15,90,06:15,76,1,,,0.0,false,14.8,247.1690674193458,false
1,14,11:15,91,06:30,77,1,,,0.0,false,14.8,247.6408895161215,false
1,14,11:15,92,06:45,78,1,,,0.0,false,14.8,248.1127116128972,false
1,14,11:15,93,07:00,79,1,,,0.0,false,14.8,248.58453370967288,false
1,14,11:15,94,07:15,80,1,,,0.0,false,14.8,249.05635580644858,false
1,14,11:15,95,07:30,81,1,,,0.0,false,14.8,249.52817790322428,false
1,14,11:15,96,07:45,82,1,,,0.0,false,14.8,250.0,false
1,15,11:30,15,11:30,0,1,,Loading/Swinging,3.1586,false,7.699550000001054,246.51421263446366,true
1,15,11:30,16,11:45,1,1,,Digging,4.7925,false,6.5014250000010545,246.98716937900426,false
1,15,11:30,17,12:00,2,1,,,0.0,false,6.5014250000010545,247.46012612354474,false
1,15,11:30,18,12:15,3,1,,,0.0,false,6.5014250000010545,247.93308286808534,false
1,15,11:30,19,12:30,4,1,,,0.0,false,6.5014250000010545,248.40603961262593,false
1,15,11:30,20,12:45,5,1,,,0.0,false,6.5014250000010545,248.87899635716653,false
1,15,11:30,21,13:00,6,1,,,0.0,false,6.5014250000010545,249.35195310170712,false
1,15,11:30,22,13:15,7,1,,,0.0,false,6.5014250000010545,249.35195310170838,false
1,15,11:30,23,13:30,8,1,,Charging,0.0,true,7.597675000000297,248.137271661266,false
1,15,11:30,24,13:45,9,1,,Charging,0.0,true,9.497675000000642,246.0320085033708,false
1,15,11:30,25,14:00,10,1,,Loading/Swinging,3.1586,false,8.708025000000642,246.0320085033708,false
1,15,11:30,26,14:15,11,1,,Digging,4.792500000000004,false,7.509900000000641,246.0320085033708,false
1,15,11:30,27,14:30,12,1,,Charging,5.2292614682870015e-14,true,9.409900000000617,243.92674534547606,true
1,15,11:30,28,14:45,13,1,,Traveling,4.710099999999862,false,8.232375000000651,243.92674534547606,true
1,15,11:30,29,15:00,14,1,,Digging,4.7925,false,7.034250000000651,243.92674534547606,false
1,15,11:30,30,15:15,15,1,,Digging,4.7925,false,5.836125000000651,243.92674534547606,true
1,15,11:30,31,15:30,16,1,,Loading/Swinging,3.1586,false,5.046475000000651,243.92674534547606,false
1,15,11:30,32,15:45,17,1,,Charging,0.0,true,6.946475000000651,241.82148218758223,true
1,15,11:30,33,16:00,18,1,,Loading/Swinging,3.1585999999999914,false,6.156825000000653,241.82148218758223,true
1,15,11:30,34,16:15,19,1,,Traveling,4.7101,false,4.979300000000653,241.82148218758223,false
1,15,11:30,35,16:30,20,1,,Loading/Swinging,3.1586,false,4.189650000000653,241.82148218758223,false
1,15,11:30,36,16:45,21,1,,Loading/Swinging,3.1586,false,3.4,241.82148218758223,false
1,15,11:30,37,17:00,22,1,,Charging,0.0,true,5.299999999999999,239.7162190296875,false
1,15,11:30,38,17:15,23,1,,Charging,0.0,true,7.199999999999999,237.61095587179275,false
1,15,11:30,39,17:30,24,1,,Charging,0.0,true,9.100000000000005,235.50569271389801,false
1,15,11:30,40,17:45,25,1,,Charging,0.0,true,11.000000000000005,233.40042955600327,false
1,15,11:30,41,18:00,26,1,,Charging,0.0,true,12.900000000000006,231.29516639810853,false
1,15,11:30,42,18:15,27,1,,Charging,0.0,true,14.8,229.1899032402138,true
1,15,11:30,43,18:30,28,1,,,0.0,false,14.8,229.1899032402138,true
1,15,11:30,44,18:45,29,1,,,0.0,false,14.8,229.1899032402138,false
1,15,11:30,45,19:00,30,1,,,0.0,false,14.8,229.1899032402138,false
1,15,11:30,46,19:15,31,1,,,0.0,false,14.8,229.1899032402138,false
1,15,11:30,47,19:30,32,1,,,0.0,false,14.8,229.1899032402138,false
1,15,11:30,48,19:45,33,1,,,0.0,false,14.8,229.1899032402138,false
1,15,11:30,49,20:00,34,1,,,0.0,false,14.8,229.1899032402138,false
1,15,11:30,50,20:15,35,1,,,0.0,false,14.8,229.1899032402138,false
1,15,11:30,51,20:30,36,1,,,0.0,false,14.8,229.1899032402138,false
1,15,11:30,52,20:45,37,1,,,0.0,false,14.8,229.1899032402138,false
1,15,11:30,53,21:00,38,1,,,0.0,false,14.8,229.6628599847544,false
1,15,11:30,54,21:15,39,1,,,0.0,false,14.8,230.135816729295,false
1,15,11:30,55,21:30,40,1,,,0.0,false,14.8,230.60877347383558,false
1,15,11:30,56,21:45,41,1,,,0.0,false,14.8,231.08173021837618,false
1,15,11:30,57,22:00,42,1,,,0.0,false,14.8,231.55468696291678,false
1,15,11:30,58,22:15,43,1,,,0.0,false,14.8,232.02764370745737,false
1,15,11:30,59,22:30,44,1,,,0.0,false,14.8,232.50060045199797,false
1,15,11:30,60,22:45,45,1,,,0.0,false,14.8,232.97355719653856,false
1,15,11:30,61,23:00,46,1,,,0.0,false,14.8,233.44651394107916,false
1,15,11:30,62,23:15,47,1,,,0.0,false,14.8,233.91947068561976,false
1,15,11:30,63,23:30,48,1,,,0.0,false,14.8,234.39242743016035,false
1,15,11:30,64,23:45,49,1,,,0.0,false,14.8,234.86538417470095,false
1,15,11:30,65,00:00,50,1,,,0.0,false,14.8,235.33834091924155,false
1,15,11:30,66,00:15,51,1,,,0.0,false,14.8,235.81129766378214,false
1,15,11:30,67,00:30,52,1,,,0.0,false,14.8,236.28425440832274,false
1,15,11:30,68,00:45,53,1,,,0.0,false,14.8,236.75721115286333,false
1,15,11:30,69,01:00,54,1,,,0.0,false,14.8,237.23016789740393,false
1,15,11:30,70,01:15,55,1,,,0.0,false,14.8,237.70312464194453,false
1,15,11:30,71,01:30,56,1,,,0.0,false,14.8,238.17608138648512,false
1,15,11:30,72,01:45,57,1,,,0.0,false,14.8,238.64903813102572,false
1,15,11:30,73,02:00,58,1,,,0.0,false,14.8,239.12199487556632,false
1,15,11:30,74,02:15,59,1,,,0.0,false,14.8,239.5949516201069,false
1,15,11:30,75,02:30,60,1,,,0.0,false,14.8,240.0679083646475,false
1,15,11:30,76,02:45,61,1,,,0.0,false,14.8,240.5408651091881,false
1,15,11:30,77,03:00,62,1,,,0.0,false,14.8,241.0138218537287,false
1,15,11:30,78,03:15,63,1,,,0.0,false,14.8,241.4867785982693,false
1,15,11:30,79,03:30,64,1,,,0.0,false,14.8,241.9597353428099,false
1,15,11:30,80,03:45,65,1,,,0.0,false,14.8,242.4326920873505,false
1,15,11:30,81,04:00,66,1,,,0.0,false,14.8,242.90564883189109,false
1,15,11:30,82,04:15,67,1,,,0.0,false,14.8,243.37860557643168,false
1,15,11:30,83,04:30,68,1,,,0.0,false,14.8,243.85156232097228,false
1,15,11:30,84,04:45,69,1,,,0.0,false,14.8,244.32451906551287,false
1,15,11:30,85,05:00,70,1,,,0.0,false,14.8,244.79747581005347,false
1,15,11:30,86,05:15,71,1,,,0.0,false,14.8,245.27043255459407,false
1,15,11:30,87,05:30,72,1,,,0.0,false,14.8,245.74338929913466,false
1,15,11:30,88,05:45,73,1,,,0.0,false,14.8,246.2163460436752,false
1,15,11:30,89,06:00,74,1,,,0.0,false,14.8,246.6893027882158,false
1,15,11:30,90,06:15,75,1,,,0.0,false,14.8,247.1622595327564,false
1,15,11:30,91,06:30,76,1,,,0.0,false,14.8,247.635216277297,false
1,15,11:30,92,06:45,77,1,,,0.0,false,14.8,248.1081730218376,false
1,15,11:30,93,07:00,78,1,,,0.0,false,14.8,248.58112976637818,false
1,15,11:30,94,07:15,79,1,,,0.0,false,14.8,249.05408651091878,false
1,15,11:30,95,07:30,80,1,,,0.0,false,14.8,249.52704325545938,false
1,15,11:30,96,07:45,81,1,,,0.0,false,14.8,250.0,false
1,16,11:45,16,11:45,0,1,,Digging,4.7925,false,6.543500000001053,246.98716937900426,false
1,16,11:45,17,12:00,1,1,,,0.0,false,6.5435000000010515,247.46012612354485,false
1,16,11:45,18,12:15,2,1,,,0.0,false,6.5435000000010515,247.93308286808545,false
1,16,11:45,19,12:30,3,1,,,0.0,false,6.5435000000010515,248.40603961262605,false
1,16,11:45,20,12:45,4,1,,,0.0,false,6.5435000000010515,248.87899635716664,false
1,16,11:45,21,13:00,5,1,,,0.0,false,6.5435000000010515,249.35195310170724,false
1,16,11:45,22,13:15,6,1,,,0.0,false,6.543500000001051,249.35195310170724,false
1,16,11:45,23,13:30,7,1,,Charging,0.0,true,8.44350000000105,247.2466899438125,false
1,16,11:45,24,13:45,8,1,,Charging,0.0,true,10.34350000000105,245.14142678591776,false
1,16,11:45,25,14:00,9,1,,Digging,4.79249999999999,false,9.145375000001053,245.14142678591776,true
1,16,11:45,26,14:15,10,1,,Digging,4.7925,false,7.947250000001052,245.14142678591776,false
1,16,11:45,27,14:30,11,1,,Traveling,4.710099999999997,false,6.769725000001053,245.14142678591776,true
1,16,11:45,28,14:45,12,1,,Charging,0.0,true,8.669725000001051,243.03616362802302,true
1,16,11:45,29,15:00,13,1,,Digging,4.792500000000009,false,7.471600000001049,243.03616362802302,false
1,16,11:45,30,15:15,14,1,,Loading/Swinging,3.1586,false,6.681950000001049,243.03616362802302,true
1,16,11:45,31,15:30,15,1,,Loading/Swinging,3.1586,false,5.8923000000010495,243.03616362802302,false
1,16,11:45,32,15:45,16,1,,Charging,0.0,true,7.792300000001049,240.93090047012828,false
1,16,11:45,33,16:00,17,1,,Loading/Swinging,3.158599999999995,false,7.002650000001051,240.93090047012828,false
1,16,11:45,34,16:15,18,1,,Traveling,4.710100000000001,false,5.825125000001051,240.93090047012828,false
1,16,11:45,35,16:30,19,1,,Loading/Swinging,3.1586,false,5.035475000001051,240.93090047012828,false
1,16,11:45,36,16:45,20,1,,Loading/Swinging,3.1586,false,4.245825000001051,240.93090047012828,false
1,16,11:45,37,17:00,21,1,,Charging,0.0,true,6.14582500000105,238.82563731223354,false
1,16,11:45,38,17:15,22,1,,Charging,0.0,true,8.04582500000105,236.7203741543388,false
1,16,11:45,39,17:30,23,1,,Charging,0.0,true,9.94582500000105,234.61511099644406,false
1,16,11:45,40,17:45,24,1,,Charging,0.0,true,11.0,233.44705005461697,false
1,16,11:45,41,18:00,25,1,,Charging,0.0,true,12.9,231.34178689672223,false
1,16,11:45,42,18:15,26,1,,Charging,0.0,true,14.8,229.2365237388275,false
1,16,11:45,43,18:30,27,1,,,0.0,false,14.8,229.2365237388275,false
1,16,11:45,44,18:45,28,1,,,0.0,false,14.8,229.2365237388275,false
1,16,11:45,45,19:00,29,1,,,0.0,false,14.8,229.2365237388275,false
1,16,11:45,46,19:15,30,1,,,0.0,false,14.8,229.2365237388275,false
1,16,11:45,47,19:30,31,1,,,0.0,false,14.8,229.2365237388275,false
1,16,11:45,48,19:45,32,1,,,0.0,false,14.8,229.2365237388275,false
1,16,11:45,49,20:00,33,1,,,0.0,false,14.8,229.2365237388275,false
1,16,11:45,50,20:15,34,1,,,0.0,false,14.8,229.2365237388275,false
1,16,11:45,51,20:30,35,1,,,0.0,false,14.8,229.2365237388275,false
1,16,11:45,52,20:45,36,1,,,0.0,false,14.8,229.2365237388275,false
1,16,11:45,53,21:00,37,1,,,0.0,false,14.8,229.70948048336808,false
1,16,11:45,54,21:15,38,1,,,0.0,false,14.8,230.18243722790868,false
1,16,11:45,55,21:30,39,1,,,0.0,false,14.8,230.65539397244927,false
1,16,11:45,56,21:45,40,1,,,0.0,false,14.8,231.12835071698987,false
1,16,11:45,57,22:00,41,1,,,0.0,false,14.8,231.60130746153047,false
1,16,11:45,58,22:15,42,1,,,0.0,false,14.8,232.07426420607106,false
1,16,11:45,59,22:30,43,1,,,0.0,false,14.8,232.54722095061166,false
1,16,11:45,60,22:45,44,1,,,0.0,false,14.8,233.02017769515237,false
1,16,11:45,61,23:00,45,1,,,0.0,false,14.8,233.49313443969297,false
1,16,11:45,62,23:15,46,1,,,0.0,false,14.8,233.96609118423356,false
1,16,11:45,63,23:30,47,1,,,0.0,false,14.8,234.43904792877416,false
1,16,11:45,64,23:45,48,1,,,0.0,false,14.8,234.8653841747009,false
1,16,11:45,65,00:00,49,1,,,0.0,false,14.8,235.3383409192415,false
1,16,11:45,66,00:15,50,1,,,0.0,false,14.8,235.81129766378209,false
1,16,11:45,67,00:30,51,1,,,0.0,false,14.8,236.28425440832268,false
1,16,11:45,68,00:45,52,1,,,0.0,false,14.8,236.75721115286328,false
1,16,11:45,69,01:00,53,1,,,0.0,false,14.8,237.23016789740387,false
1,16,11:45,70,01:15,54,1,,,0.0,false,14.8,237.70312464194447,false
1,16,11:45,71,01:30,55,1,,,0.0,false,14.8,238.17608138648507,false
1,16,11:45,72,01:45,56,1,,,0.0,false,14.8,238.64903813102566,false
1,16,11:45,73,02:00,57,1,,,0.0,false,14.8,239.12199487556626,false
1,16,11:45,74,02:15,58,1,,,0.0,false,14.8,239.59495162010685,false
1,16,11:45,75,02:30,59,1,,,0.0,false,14.8,240.06790836464745,false
1,16,11:45,76,02:45,60,1,,,0.0,false,14.8,240.54086510918805,false
1,16,11:45,77,03:00,61,1,,,0.0,false,14.8,241.01382185372864,false
1,16,11:45,78,03:15,62,1,,,0.0,false,14.8,241.48677859826924,false
1,16,11:45,79,03:30,63,1,,,0.0,false,14.8,241.95973534280984,false
1,16,11:45,80,03:45,64,1,,,0.0,false,14.8,242.43269208735043,false
1,16,11:45,81,04:00,65,1,,,0.0,false,14.8,242.90564883189103,false
1,16,11:45,82,04:15,66,1,,,0.0,false,14.8,243.37860557643162,false
1,16,11:45,83,04:30,67,1,,,0.0,false,14.8,243.85156232097222,false
1,16,11:45,84,04:45,68,1,,,0.0,false,14.8,244.32451906551282,false
1,16,11:45,85,05:00,69,1,,,0.0,false,14.8,244.7974758100534,false
1,16,11:45,86,05:15,70,1,,,0.0,false,14.8,245.270432554594,false
1,16,11:45,87,05:30,71,1,,,0.0,false,14.8,245.7433892991346,false
1,16,11:45,88,05:45,72,1,,,0.0,false,14.8,246.2163460436752,false
1,16,11:45,89,06:00,73,1,,,0.0,false,14.8,246.6893027882158,false
1,16,11:45,90,06:15,74,1,,,0.0,false,14.8,247.1622595327564,false
1,16,11:45,91,06:30,75,1,,,0.0,false,14.8,247.635216277297,false
1,16,11:45,92,06:45,76,1,,,0.0,false,14.8,248.1081730218376,false
1,16,11:45,93,07:00,77,1,,,0.0,false,14.8,248.58112976637818,false
1,16,11:45,94,07:15,78,1,,,0.0,false,14.8,249.05408651091878,false
1,16,11:45,95,07:30,79,1,,,0.0,false,14.8,249.52704325545938,false
1,16,11:45,96,07:45,80,1,,,0.0,false,14.8,250.0,false
1,17,12:00,17,12:00,0,1,,,0.0,false,6.600900000001054,247.46012612354485,false
1,17,12:00,18,12:15,1,1,,,0.0,false,6.600900000001054,247.93308286808545,false
1,17,12:00,19,12:30,2,1,,,0.0,false,6.600900000001054,248.40603961262605,false
1,17,12:00,20,12:45,3,1,,,0.0,false,6.600900000001054,248.87899635716664,false
1,17,12:00,21,13:00,4,1,,,0.0,false,6.600900000001053,249.35195310170724,false
1,17,12:00,22,13:15,5,1,,,0.0,false,6.600900000001053,249.35195310170724,false
1,17,12:00,23,13:30,6,1,,Charging,0.0,true,8.500900000001053,247.2466899438125,false
1,17,12:00,24,13:45,7,1,,Charging,0.0,true,9.497675000000001,246.14223011001866,false
1,17,12:00,25,14:00,8,1,,Digging,4.7925,false,8.29955,246.14223011001866,false
1,17,12:00,26,14:15,9,1,,Digging,4.7925,false,7.101425,246.14223011001866,false
1,17,12:00,27,14:30,10,1,,Traveling,4.7101,false,5.9239,246.14223011001866,false
1,17,12:00,28,14:45,11,1,,Charging,0.0,true,7.8239,244.03696695212392,false
1,17,12:00,29,15:00,12,1,,Loading/Swinging,3.1586,false,7.03425,244.03696695212375,true
1,17,12:00,30,15:15,13,1,,Loading/Swinging,3.158600000000001,false,6.244599999999999,244.03696695212375,false
1,17,12:00,31,15:30,14,1,,Digging,4.7925,false,5.046474999999999,244.03696695212375,true
1,17,12:00,32,15:45,15,1,,Loading/Swinging,3.1586,false,4.256824999999999,244.03696695212375,true
1,17,12:00,33,16:00,16,1,,Charging,1.7763568394002505e-15,true,6.156824999999999,241.931703794229,true
1,17,12:00,34,16:15,17,1,,Traveling,4.7101,false,4.9792999999999985,241.931703794229,false
1,17,12:00,35,16:30,18,1,,Loading/Swinging,3.1586,false,4.1896499999999985,241.931703794229,false
1,17,12:00,36,16:45,19,1,,Loading/Swinging,3.1585999999999985,false,3.399999999999999,241.931703794229,false
1,17,12:00,37,17:00,20,1,,Charging,0.0,true,5.299999999999999,239.82644063633427,false
1,17,12:00,38,17:15,21,1,,Charging,0.0,true,7.199999999999999,237.72117747843953,false
1,17,12:00,39,17:30,22,1,,Charging,0.0,true,9.1,235.6159143205448,false
1,17,12:00,40,17:45,23,1,,Charging,0.0,true,11.0,233.51065116265005,false
1,17,12:00,41,18:00,24,1,,Charging,0.0,true,12.899999999999999,231.4053880047553,false
1,17,12:00,42,18:15,25,1,,Charging,0.0,true,14.799999999999999,229.30012484686057,false
1,17,12:00,43,18:30,26,1,,,0.0,false,14.799999999999999,229.30012484686057,false
1,17,12:00,44,18:45,27,1,,,0.0,false,14.799999999999999,229.30012484686057,false
1,17,12:00,45,19:00,28,1,,,0.0,false,14.799999999999999,229.30012484686057,false
1,17,12:00,46,19:15,29,1,,,0.0,false,14.799999999999999,229.30012484686057,false
1,17,12:00,47,19:30,30,1,,,0.0,false,14.799999999999999,229.30012484686057,false
1,17,12:00,48,19:45,31,1,,,0.0,false,14.799999999999999,229.30012484686057,false
1,17,12:00,49,20:00,32,1,,,0.0,false,14.799999999999999,229.30012484686057,false
1,17,12:00,50,20:15,33,1,,,0.0,false,14.799999999999999,229.30012484686057,false
1,17,12:00,51,20:30,34,1,,,0.0,false,14.799999999999999,229.30012484686057,false
1,17,12:00,52,20:45,35,1,,,0.0,false,14.799999999999999,229.30012484686057,false
1,17,12:00,53,21:00,36,1,,,0.0,false,14.799999999999999,229.77308159140117,false
1,17,12:00,54,21:15,37,1,,,0.0,false,14.799999999999999,230.24603833594176,false
1,17,12:00,55,21:30,38,1,,,0.0,false,14.799999999999999,230.71899508048236,false
1,17,12:00,56,21:45,39,1,,,0.0,false,14.799999999999999,231.19195182502295,false
1,17,12:00,57,22:00,40,1,,,0.0,false,14.799999999999999,231.66490856956355,false
1,17,12:00,58,22:15,41,1,,,0.0,false,14.799999999999999,232.13786531410415,false
1,17,12:00,59,22:30,42,1,,,0.0,false,14.799999999999999,232.61082205864474,false
1,17,12:00,60,22:45,43,1,,,0.0,false,14.799999999999999,233.08377880318534,false
1,17,12:00,61,23:00,44,1,,,0.0,false,14.799999999999999,233.55673554772594,false
1,17,12:00,62,23:15,45,1,,,0.0,false,14.799999999999999,234.02969229226653,false
1,17,12:00,63,23:30,46,1,,,0.0,false,14.799999999999999,234.50264903680713,false
1,17,12:00,64,23:45,47,1,,,0.0,false,14.799999999999999,234.86538417470092,false
1,17,12:00,65,00:00,48,1,,,0.0,false,14.799999999999999,235.33834091924152,false
1,17,12:00,66,00:15,49,1,,,0.0,false,14.8,235.8112976637821,false
1,17,12:00,67,00:30,50,1,,,0.0,false,14.8,236.2842544083227,false
1,17,12:00,68,00:45,51,1,,,0.0,false,14.8,236.7572111528633,false
1,17,12:00,69,01:00,52,1,,,0.0,false,14.8,237.2301678974039,false
1,17,12:00,70,01:15,53,1,,,0.0,false,14.8,237.7031246419445,false
1,17,12:00,71,01:30,54,1,,,0.0,false,14.8,238.1760813864851,false
1,17,12:00,72,01:45,55,1,,,0.0,false,14.8,238.6490381310257,false
1,17,12:00,73,02:00,56,1,,,0.0,false,14.8,239.1219948755663,false
1,17,12:00,74,02:15,57,1,,,0.0,false,14.8,239.59495162010688,false
1,17,12:00,75,02:30,58,1,,,0.0,false,14.8,240.06790836464748,false
1,17,12:00,76,02:45,59,1,,,0.0,false,14.8,240.54086510918808,false
1,17,12:00,77,03:00,60,1,,,0.0,false,14.8,241.01382185372867,false
1,17,12:00,78,03:15,61,1,,,0.0,false,14.8,241.48677859826927,false
1,17,12:00,79,03:30,62,1,,,0.0,false,14.8,241.95973534280984,false
1,17,12:00,80,03:45,63,1,,,0.0,false,14.8,242.43269208735043,false
1,17,12:00,81,04:00,64,1,,,0.0,false,14.8,242.90564883189103,false
1,17,12:00,82,04:15,65,1,,,0.0,false,14.8,243.37860557643162,false
1,17,12:00,83,04:30,66,1,,,0.0,false,14.8,243.85156232097222,false
1,17,12:00,84,04:45,67,1,,,0.0,false,14.8,244.32451906551282,false
1,17,12:00,85,05:00,68,1,,,0.0,false,14.8,244.7974758100534,false
1,17,12:00,86,05:15,69,1,,,0.0,false,14.8,245.270432554594,false
1,17,12:00,87,05:30,70,1,,,0.0,false,14.8,245.7433892991346,false
1,17,12:00,88,05:45,71,1,,,0.0,false,14.8,246.2163460436752,false
1,17,12:00,89,06:00,72,1,,,0.0,false,14.8,246.6893027882158,false
1,17,12:00,90,06:15,73,1,,,0.0,false,14.8,247.1622595327564,false
1,17,12:00,91,06:30,74,1,,,0.0,false,14.8,247.635216277297,false
1,17,12:00,92,06:45,75,1,,,0.0,false,14.8,248.1081730218376,false
1,17,12:00,93,07:00,76,1,,,0.0,false,14.8,248.58112976637818,false
1,17,12:00,94,07:15,77,1,,,0.0,false,14.8,249.05408651091878,false
1,17,12:00,95,07:30,78,1,,,0.0,false,14.8,249.52704325545938,false
1,17,12:00,96,07:45,79,1,,,0.0,false,14.8,250.0,false
1,18,12:15,18,12:15,0,1,,,0.0,false,6.600900000001054,247.93308286808545,false
1,18,12:15,19,12:30,1,1,,,0.0,false,6.600900000001054,248.40603961262605,false
1,18,12:15,20,12:45,2,1,,,0.0,false,6.600900000001054,248.87899635716664,false
1,18,12:15,21,13:00,3,1,,,0.0,false,6.600900000001054,249.35195310170724,false
1,18,12:15,22,13:15,4,1,,,0.0,false,6.600900000001053,249.35195310170724,false
1,18,12:15,23,13:30,5,1,,Charging,0.0,true,7.597675000000001,248.2474932679134,false
1,18,12:15,24,13:45,6,1,,Charging,0.0,true,9.497675000000001,246.14223011001866,false
1,18,12:15,25,14:00,7,1,,Digging,4.792500000000004,false,8.29955,246.14223011001866,false
1,18,12:15,26,14:15,8,1,,Digging,4.792499999999997,false,7.101425000000001,246.14223011001866,false
1,18,12:15,27,14:30,9,1,,Charging,-1.7763568394002505e-15,true,9.001425000000001,244.03696695212392,true
1,18,12:15,28,14:45,10,1,,Traveling,4.7101,false,7.823900000000001,244.03696695212392,true
1,18,12:15,29,15:00,11,1,,Loading/Swinging,3.1586,false,7.034250000000001,244.03696695212392,false
1,18,12:15,30,15:15,12,1,,Digging,4.7925,false,5.836125000000001,244.03696695212392,true
1,18,12:15,31,15:30,13,1,,Loading/Swinging,3.1586,false,5.046475000000001,244.03696695212392,true
1,18,12:15,32,15:45,14,1,,Charging,0.0,true,6.946475,241.93170379422918,true
1,18,12:15,33,16:00,15,1,,Loading/Swinging,3.1586,false,6.156825,241.93170379422918,true
1,18,12:15,34,16:15,16,1,,Traveling,4.710100000000001,false,4.9793,241.93170379422918,false
1,18,12:15,35,16:30,17,1,,Loading/Swinging,3.1586,false,4.18965,241.93170379422918,false
1,18,12:15,36,16:45,18,1,,Loading/Swinging,3.1586,false,3.4000000000000004,241.93170379422918,false
1,18,12:15,37,17:00,19,1,,Charging,0.0,true,5.300000000000001,239.82644063633444,false
1,18,12:15,38,17:15,20,1,,Charging,0.0,true,7.199999999999999,237.7211774784397,false
1,18,12:15,39,17:30,21,1,,Charging,0.0,true,9.1,235.61591432054496,false
1,18,12:15,40,17:45,22,1,,Charging,0.0,true,10.999999999999998,233.51065116265022,false
1,18,12:15,41,18:00,23,1,,Charging,0.0,true,12.899999999999999,231.40538800475548,false
1,18,12:15,42,18:15,24,1,,Charging,0.0,true,14.8,229.30012484686074,false
1,18,12:15,43,18:30,25,1,,,0.0,false,14.8,229.30012484686074,false
1,18,12:15,44,18:45,26,1,,,0.0,false,14.8,229.30012484686074,false
1,18,12:15,45,19:00,27,1,,,0.0,false,14.8,229.30012484686074,false
1,18,12:15,46,19:15,28,1,,,0.0,false,14.8,229.30012484686074,false
1,18,12:15,47,19:30,29,1,,,0.0,false,14.8,229.30012484686074,false
1,18,12:15,48,19:45,30,1,,,0.0,false,14.8,229.30012484686074,false
1,18,12:15,49,20:00,31,1,,,0.0,false,14.8,229.30012484686074,false
1,18,12:15,50,20:15,32,1,,,0.0,false,14.8,229.30012484686074,false
1,18,12:15,51,20:30,33,1,,,0.0,false,14.8,229.30012484686074,false
1,18,12:15,52,20:45,34,1,,,0.0,false,14.8,229.30012484686074,false
1,18,12:15,53,21:00,35,1,,,0.0,false,14.8,229.77308159140134,false
1,18,12:15,54,21:15,36,1,,,0.0,false,14.8,230.24603833594193,false
1,18,12:15,55,21:30,37,1,,,0.0,false,14.8,230.71899508048253,false
1,18,12:15,56,21:45,38,1,,,0.0,false,14.8,231.19195182502312,false
1,18,12:15,57,22:00,39,1,,,0.0,false,14.8,231.66490856956372,false
1,18,12:15,58,22:15,40,1,,,0.0,false,14.8,232.13786531410432,false
1,18,12:15,59,22:30,41,1,,,0.0,false,14.8,232.6108220586449,false
1,18,12:15,60,22:45,42,1,,,0.0,false,14.8,233.0837788031855,false
1,18,12:15,61,23:00,43,1,,,0.0,false,14.8,233.5567355477261,false
1,18,12:15,62,23:15,44,1,,,0.0,false,14.8,234.0296922922667,false
1,18,12:15,63,23:30,45,1,,,0.0,false,14.8,234.5026490368073,false
1,18,12:15,64,23:45,46,1,,,0.0,false,14.8,234.86538417470092,false
1,18,12:15,65,00:00,47,1,,,0.0,false,14.8,235.33834091924152,false
1,18,12:15,66,00:15,48,1,,,0.0,false,14.8,235.8112976637821,false
1,18,12:15,67,00:30,49,1,,,0.0,false,14.8,236.2842544083227,false
1,18,12:15,68,00:45,50,1,,,0.0,false,14.8,236.7572111528633,false
1,18,12:15,69,01:00,51,1,,,0.0,false,14.8,237.2301678974039,false
1,18,12:15,70,01:15,52,1,,,0.0,false,14.8,237.7031246419445,false
1,18,12:15,71,01:30,53,1,,,0.0,false,14.8,238.1760813864851,false
1,18,12:15,72,01:45,54,1,,,0.0,false,14.8,238.6490381310257,false
1,18,12:15,73,02:00,55,1,,,0.0,false,14.8,239.1219948755663,false
1,18,12:15,74,02:15,56,1,,,0.0,false,14.8,239.59495162010688,false
1,18,12:15,75,02:30,57,1,,,0.0,false,14.8,240.06790836464748,false
1,18,12:15,76,02:45,58,1,,,0.0,false,14.8,240.54086510918808,false
1,18,12:15,77,03:00,59,1,,,0.0,false,14.8,241.01382185372867,false
1,18,12:15,78,03:15,60,1,,,0.0,false,14.8,241.48677859826927,false
1,18,12:15,79,03:30,61,1,,,0.0,false,14.8,241.95973534280986,false
1,18,12:15,80,03:45,62,1,,,0.0,false,14.8,242.43269208735046,false
1,18,12:15,81,04:00,63,1,,,0.0,false,14.8,242.90564883189106,false
1,18,12:15,82,04:15,64,1,,,0.0,false,14.8,243.37860557643162,false
1,18,12:15,83,04:30,65,1,,,0.0,false,14.8,243.85156232097222,false
1,18,12:15,84,04:45,66,1,,,0.0,false,14.8,244.32451906551282,false
1,18,12:15,85,05:00,67,1,,,0.0,false,14.8,244.7974758100534,false
1,18,12:15,86,05:15,68,1,,,0.0,false,14.8,245.270432554594,false
1,18,12:15,87,05:30,69,1,,,0.0,false,14.8,245.7433892991346,false
1,18,12:15,88,05:45,70,1,,,0.0,false,14.8,246.2163460436752,false
1,18,12:15,89,06:00,71,1,,,0.0,false,14.8,246.6893027882158,false
1,18,12:15,90,06:15,72,1,,,0.0,false,14.8,247.1622595327564,false
1,18,12:15,91,06:30,73,1,,,0.0,false,14.8,247.635216277297,false
1,18,12:15,92,06:45,74,1,,,0.0,false,14.8,248.1081730218376,false
1,18,12:15,93,07:00,75,1,,,0.0,false,14.8,248.58112976637818,false
1,18,12:15,94,07:15,76,1,,,0.0,false,14.8,249.05408651091878,false
1,18,12:15,95,07:30,77,1,,,0.0,false,14.8,249.52704325545938,false
1,18,12:15,96,07:45,78,1,,,0.0,false,14.8,250.0,false
1,19,12:30,19,12:30,0,1,,,0.0,false,6.600900000001054,248.40603961262605,false
1,19,12:30,20,12:45,1,1,,,0.0,false,6.600900000001054,248.87899635716664,false
1,19,12:30,21,13:00,2,1,,,0.0,false,6.600900000001054,249.35195310170724,false
1,19,12:30,22,13:15,3,1,,,0.0,false,6.600900000001054,249.35195310170724,false
1,19,12:30,23,13:30,4,1,,Charging,0.0,true,7.597675000000004,248.2474932679134,false
1,19,12:30,24,13:45,5,1,,Charging,0.0,true,9.497675000000005,246.14223011001866,false
1,19,12:30,25,14:00,6,1,,Digging,4.7925,false,8.299550000000004,246.14223011001866,false
1,19,12:30,26,14:15,7,1,,Digging,4.792500000000004,false,7.1014250000000025,246.14223011001866,false
1,19,12:30,27,14:30,8,1,,Charging,0.0,true,9.001425000000003,244.03696695212392,false
1,19,12:30,28,14:45,9,1,,Traveling,4.710100000000001,false,7.823900000000003,244.03696695212392,false
1,19,12:30,29,15:00,10,1,,Digging,4.7925,false,6.625775000000003,244.03696695212392,true
1,19,12:30,30,15:15,11,1,,Loading/Swinging,3.1586,false,5.836125000000003,244.03696695212392,true
1,19,12:30,31,15:30,12,1,,Loading/Swinging,3.1586,false,5.046475000000003,244.03696695212392,false
1,19,12:30,32,15:45,13,1,,Charging,0.0,true,6.946475,241.93170379422918,false
1,19,12:30,33,16:00,14,1,,Loading/Swinging,3.1586,false,6.156825,241.93170379422918,false
1,19,12:30,34,16:15,15,1,,Traveling,4.7101,false,4.9793,241.93170379422918,false
1,19,12:30,35,16:30,16,1,,Loading/Swinging,3.1586,false,4.18965,241.93170379422918,false
1,19,12:30,36,16:45,17,1,,Loading/Swinging,3.1586,false,3.4000000000000004,241.93170379422918,false
1,19,12:30,37,17:00,18,1,,Charging,0.0,true,5.300000000000001,239.82644063633444,false
1,19,12:30,38,17:15,19,1,,Charging,0.0,true,7.2,237.7211774784397,false
1,19,12:30,39,17:30,20,1,,Charging,0.0,true,9.1,235.615914320545,false
1,19,12:30,40,17:45,21,1,,Charging,0.0,true,11.0,233.51065116265025,false
1,19,12:30,41,18:00,22,1,,Charging,0.0,true,12.9,231.4053880047555,false
1,19,12:30,42,18:15,23,1,,Charging,0.0,true,14.8,229.30012484686077,false
1,19,12:30,43,18:30,24,1,,,0.0,false,14.8,229.30012484686077,false
1,19,12:30,44,18:45,25,1,,,0.0,false,14.8,229.30012484686077,false
1,19,12:30,45,19:00,26,1,,,0.0,false,14.8,229.30012484686077,false
1,19,12:30,46,19:15,27,1,,,0.0,false,14.8,229.30012484686077,false
1,19,12:30,47,19:30,28,1,,,0.0,false,14.8,229.30012484686077,false
1,19,12:30,48,19:45,29,1,,,0.0,false,14.8,229.30012484686077,false
1,19,12:30,49,20:00,30,1,,,0.0,false,14.8,229.30012484686077,false
1,19,12:30,50,20:15,31,1,,,0.0,false,14.8,229.30012484686077,false
1,19,12:30,51,20:30,32,1,,,0.0,false,14.8,229.30012484686077,false
1,19,12:30,52,20:45,33,1,,,0.0,false,14.8,229.30012484686077,false
1,19,12:30,53,21:00,34,1,,,0.0,false,14.8,229.77308159140136,false
1,19,12:30,54,21:15,35,1,,,0.0,false,14.8,230.24603833594196,false
1,19,12:30,55,21:30,36,1,,,0.0,false,14.8,230.71899508048256,false
1,19,12:30,56,21:45,37,1,,,0.0,false,14.8,231.19195182502315,false
1,19,12:30,57,22:00,38,1,,,0.0,false,14.8,231.66490856956375,false
1,19,12:30,58,22:15,39,1,,,0.0,false,14.8,232.13786531410435,false
1,19,12:30,59,22:30,40,1,,,0.0,false,14.8,232.61082205864494,false
1,19,12:30,60,22:45,41,1,,,0.0,false,14.8,233.08377880318557,false
1,19,12:30,61,23:00,42,1,,,0.0,false,14.8,233.55673554772616,false
1,19,12:30,62,23:15,43,1,,,0.0,false,14.8,234.02969229226676,false
1,19,12:30,63,23:30,44,1,,,0.0,false,14.8,234.50264903680733,false
1,19,12:30,64,23:45,45,1,,,0.0,false,14.8,234.86538417470092,false
1,19,12:30,65,00:00,46,1,,,0.0,false,14.8,235.33834091924152,false
1,19,12:30,66,00:15,47,1,,,0.0,false,14.8,235.8112976637821,false
1,19,12:30,67,00:30,48,1,,,0.0,false,14.8,236.2842544083227,false
1,19,12:30,68,00:45,49,1,,,0.0,false,14.8,236.7572111528633,false
1,19,12:30,69,01:00,50,1,,,0.0,false,14.8,237.2301678974039,false
1,19,12:30,70,01:15,51,1,,,0.0,false,14.8,237.7031246419445,false
1,19,12:30,71,01:30,52,1,,,0.0,false,14.8,238.1760813864851,false
1,19,12:30,72,01:45,53,1,,,0.0,false,14.8,238.6490381310257,false
1,19,12:30,73,02:00,54,1,,,0.0,false,14.8,239.1219948755663,false
1,19,12:30,74,02:15,55,1,,,0.0,false,14.8,239.59495162010685,false
1,19,12:30,75,02:30,56,1,,,0.0,false,14.8,240.06790836464745,false
1,19,12:30,76,02:45,57,1,,,0.0,false,14.8,240.54086510918805,false
1,19,12:30,77,03:00,58,1,,,0.0,false,14.8,241.01382185372864,false
1,19,12:30,78,03:15,59,1,,,0.0,false,14.8,241.48677859826924,false
1,19,12:30,79,03:30,60,1,,,0.0,false,14.8,241.95973534280984,false
1,19,12:30,80,03:45,61,1,,,0.0,false,14.8,242.43269208735043,false
1,19,12:30,81,04:00,62,1,,,0.0,false,14.8,242.90564883189103,false
1,19,12:30,82,04:15,63,1,,,0.0,false,14.8,243.37860557643162,false
1,19,12:30,83,04:30,64,1,,,0.0,false,14.8,243.85156232097222,false
1,19,12:30,84,04:45,65,1,,,0.0,false,14.8,244.32451906551282,false
1,19,12:30,85,05:00,66,1,,,0.0,false,14.8,244.7974758100534,false
1,19,12:30,86,05:15,67,1,,,0.0,false,14.8,245.270432554594,false
1,19,12:30,87,05:30,68,1,,,0.0,false,14.8,245.7433892991346,false
1,19,12:30,88,05:45,69,1,,,0.0,false,14.8,246.2163460436752,false
1,19,12:30,89,06:00,70,1,,,0.0,false,14.8,246.6893027882158,false
1,19,12:30,90,06:15,71,1,,,0.0,false,14.8,247.1622595327564,false
1,19,12:30,91,06:30,72,1,,,0.0,false,14.8,247.635216277297,false
1,19,12:30,92,06:45,73,1,,,0.0,false,14.8,248.1081730218376,false
1,19,12:30,93,07:00,74,1,,,0.0,false,14.8,248.58112976637818,false
1,19,12:30,94,07:15,75,1,,,0.0,false,14.8,249.05408651091878,false
1,19,12:30,95,07:30,76,1,,,0.0,false,14.8,249.52704325545938,false
1,19,12:30,96,07:45,77,1,,,0.0,false,14.8,250.0,false
1,20,12:45,20,12:45,0,1,,,0.0,false,6.600900000001054,248.87899635716664,false
1,20,12:45,21,13:00,1,1,,,0.0,false,6.600900000001054,249.35195310170724,false
1,20,12:45,22,13:15,2,1,,,0.0,false,6.600900000001053,249.35195310170724,false
1,20,12:45,23,13:30,3,1,,Charging,0.0,true,7.597674999999999,248.2474932679134,false
1,20,12:45,24,13:45,4,1,,Charging,0.0,true,9.497675,246.14223011001866,false
1,20,12:45,25,14:00,5,1,,Digging,4.792499999999997,false,8.29955,246.14223011001866,false
1,20,12:45,26,14:15,6,1,,Digging,4.792500000000004,false,7.101424999999999,246.14223011001866,false
1,20,12:45,27,14:30,7,1,,Charging,-1.7763568394002505e-15,true,9.001425,244.03696695212392,false
1,20,12:45,28,14:45,8,1,,Traveling,4.710099999999997,false,7.8239,244.03696695212392,false
1,20,12:45,29,15:00,9,1,,Loading/Swinging,3.1586,false,7.03425,244.03696695212392,true
1,20,12:45,30,15:15,10,1,,Loading/Swinging,3.1586,false,6.2446,244.03696695212395,false
1,20,12:45,31,15:30,11,1,,Loading/Swinging,3.1586,false,5.45495,244.03696695212395,false
1,20,12:45,32,15:45,12,1,,Charging,0.0,true,7.3549500000000005,241.9317037942292,false
1,20,12:45,33,16:00,13,1,,Digging,4.7925,false,6.156825,241.9317037942292,true
1,20,12:45,34,16:15,14,1,,Traveling,4.710100000000001,false,4.9793,241.9317037942292,false
1,20,12:45,35,16:30,15,1,,Loading/Swinging,3.1586,false,4.18965,241.9317037942292,false
1,20,12:45,36,16:45,16,1,,Loading/Swinging,3.1586,false,3.4000000000000004,241.9317037942292,false
1,20,12:45,37,17:00,17,1,,Charging,0.0,true,5.299999999999999,239.82644063633447,false
1,20,12:45,38,17:15,18,1,,Charging,0.0,true,7.199999999999999,237.72117747843973,false
1,20,12:45,39,17:30,19,1,,Charging,0.0,true,9.1,235.615914320545,false
1,20,12:45,40,17:45,20,1,,Charging,0.0,true,10.999999999999998,233.51065116265025,false
1,20,12:45,41,18:00,21,1,,Charging,0.0,true,12.899999999999999,231.4053880047555,false
1,20,12:45,42,18:15,22,1,,Charging,0.0,true,14.8,229.30012484686077,false
1,20,12:45,43,18:30,23,1,,,0.0,false,14.8,229.30012484686077,false
1,20,12:45,44,18:45,24,1,,,0.0,false,14.8,229.30012484686077,false
1,20,12:45,45,19:00,25,1,,,0.0,false,14.8,229.30012484686077,false
1,20,12:45,46,19:15,26,1,,,0.0,false,14.8,229.30012484686077,false
1,20,12:45,47,19:30,27,1,,,0.0,false,14.8,229.30012484686077,false
1,20,12:45,48,19:45,28,1,,,0.0,false,14.8,229.30012484686077,false
1,20,12:45,49,20:00,29,1,,,0.0,false,14.8,229.30012484686077,false
1,20,12:45,50,20:15,30,1,,,0.0,false,14.8,229.30012484686077,false
1,20,12:45,51,20:30,31,1,,,0.0,false,14.8,229.30012484686077,false
1,20,12:45,52,20:45,32,1,,,0.0,false,14.8,229.30012484686077,false
1,20,12:45,53,21:00,33,1,,,0.0,false,14.8,229.77308159140136,false
1,20,12:45,54,21:15,34,1,,,0.0,false,14.8,230.24603833594196,false
1,20,12:45,55,21:30,35,1,,,0.0,false,14.8,230.71899508048256,false
1,20,12:45,56,21:45,36,1,,,0.0,false,14.8,231.19195182502315,false
1,20,12:45,57,22:00,37,1,,,0.0,false,14.8,231.66490856956375,false
1,20,12:45,58,22:15,38,1,,,0.0,false,14.8,232.13786531410435,false
1,20,12:45,59,22:30,39,1,,,0.0,false,14.8,232.61082205864494,false
1,20,12:45,60,22:45,40,1,,,0.0,false,14.8,233.08377880318554,false
1,20,12:45,61,23:00,41,1,,,0.0,false,14.8,233.55673554772613,false
1,20,12:45,62,23:15,42,1,,,0.0,false,14.8,234.02969229226673,false
1,20,12:45,63,23:30,43,1,,,0.0,false,14.8,234.50264903680733,false
1,20,12:45,64,23:45,44,1,,,0.0,false,14.8,234.8653841747009,false
1,20,12:45,65,00:00,45,1,,,0.0,false,14.8,235.3383409192415,false
1,20,12:45,66,00:15,46,1,,,0.0,false,14.8,235.81129766378209,false
1,20,12:45,67,00:30,47,1,,,0.0,false,14.8,236.28425440832268,false
1,20,12:45,68,00:45,48,1,,,0.0,false,14.8,236.75721115286328,false
1,20,12:45,69,01:00,49,1,,,0.0,false,14.8,237.23016789740387,false
1,20,12:45,70,01:15,50,1,,,0.0,false,14.8,237.70312464194447,false
1,20,12:45,71,01:30,51,1,,,0.0,false,14.8,238.17608138648507,false
1,20,12:45,72,01:45,52,1,,,0.0,false,14.8,238.64903813102566,false
1,20,12:45,73,02:00,53,1,,,0.0,false,14.8,239.12199487556626,false
1,20,12:45,74,02:15,54,1,,,0.0,false,14.8,239.59495162010685,false
1,20,12:45,75,02:30,55,1,,,0.0,false,14.8,240.06790836464745,false
1,20,12:45,76,02:45,56,1,,,0.0,false,14.8,240.54086510918805,false
1,20,12:45,77,03:00,57,1,,,0.0,false,14.8,241.01382185372864,false
1,20,12:45,78,03:15,58,1,,,0.0,false,14.8,241.48677859826924,false
1,20,12:45,79,03:30,59,1,,,0.0,false,14.8,241.95973534280984,false
1,20,12:45,80,03:45,60,1,,,0.0,false,14.8,242.43269208735043,false
1,20,12:45,81,04:00,61,1,,,0.0,false,14.8,242.90564883189103,false
1,20,12:45,82,04:15,62,1,,,0.0,false,14.8,243.37860557643162,false
1,20,12:45,83,04:30,63,1,,,0.0,false,14.8,243.85156232097222,false
1,20,12:45,84,04:45,64,1,,,0.0,false,14.8,244.32451906551282,false
1,20,12:45,85,05:00,65,1,,,0.0,false,14.8,244.7974758100534,false
1,20,12:45,86,05:15,66,1,,,0.0,false,14.8,245.270432554594,false
1,20,12:45,87,05:30,67,1,,,0.0,false,14.8,245.7433892991346,false
1,20,12:45,88,05:45,68,1,,,0.0,false,14.8,246.2163460436752,false
1,20,12:45,89,06:00,69,1,,,0.0,false,14.8,246.6893027882158,false
1,20,12:45,90,06:15,70,1,,,0.0,false,14.8,247.1622595327564,false
1,20,12:45,91,06:30,71,1,,,0.0,false,14.8,247.635216277297,false
1,20,12:45,92,06:45,72,1,,,0.0,false,14.8,248.1081730218376,false
1,20,12:45,93,07:00,73,1,,,0.0,false,14.8,248.58112976637818,false
1,20,12:45,94,07:15,74,1,,,0.0,false,14.8,249.05408651091878,false
1,20,12:45,95,07:30,75,1,,,0.0,false,14.8,249.52704325545938,false
1,20,12:45,96,07:45,76,1,,,0.0,false,14.8,250.0,false
1,21,13:00,21,13:00,0,1,,,0.0,false,6.600900000001054,249.35195310170724,false
1,21,13:00,22,13:15,1,1,,,0.0,false,6.600900000001054,249.35195310170724,false
1,21,13:00,23,13:30,2,1,,Charging,0.0,true,7.597675000000001,248.2474932679134,false
1,21,13:00,24,13:45,3,1,,Charging,0.0,true,9.497675000000001,246.14223011001866,false
1,21,13:00,25,14:00,4,1,,Digging,4.7925,false,8.29955,246.14223011001866,false
1,21,13:00,26,14:15,5,1,,Digging,4.792499999999997,false,7.101425000000001,246.14223011001866,false
1,21,13:00,27,14:30,6,1,,Charging,0.0,true,9.001425000000001,244.03696695212392,false
1,21,13:00,28,14:45,7,1,,Traveling,4.710100000000001,false,7.823900000000001,244.03696695212392,false
1,21,13:00,29,15:00,8,1,,Digging,4.7925,false,6.625775000000001,244.03696695212392,true
1,21,13:00,30,15:15,9,1,,Loading/Swinging,3.1586,false,5.836125000000001,244.03696695212392,false
1,21,13:00,31,15:30,10,1,,Loading/Swinging,3.1586,false,5.046475000000001,244.03696695212392,false
1,21,13:00,32,15:45,11,1,,Charging,0.0,true,6.946475,241.93170379422918,false
1,21,13:00,33,16:00,12,1,,Loading/Swinging,3.1586,false,6.156825,241.93170379422918,true
1,21,13:00,34,16:15,13,1,,Traveling,4.7101,false,4.9793,241.93170379422918,false
1,21,13:00,35,16:30,14,1,,Loading/Swinging,3.1586,false,4.18965,241.93170379422918,false
1,21,13:00,36,16:45,15,1,,Loading/Swinging,3.1586,false,3.4000000000000004,241.93170379422918,false
1,21,13:00,37,17:00,16,1,,Charging,0.0,true,5.300000000000001,239.82644063633444,false
1,21,13:00,38,17:15,17,1,,Charging,0.0,true,7.2,237.7211774784397,false
1,21,13:00,39,17:30,18,1,,Charging,0.0,true,9.1,235.61591432054496,false
1,21,13:00,40,17:45,19,1,,Charging,0.0,true,11.0,233.51065116265022,false
1,21,13:00,41,18:00,20,1,,Charging,0.0,true,12.9,231.40538800475548,false
1,21,13:00,42,18:15,21,1,,Charging,0.0,true,14.8,229.30012484686074,false
1,21,13:00,43,18:30,22,1,,,0.0,false,14.8,229.30012484686074,false
1,21,13:00,44,18:45,23,1,,,0.0,false,14.8,229.30012484686074,false
1,21,13:00,45,19:00,24,1,,,0.0,false,14.8,229.30012484686074,false
1,21,13:00,46,19:15,25,1,,,0.0,false,14.8,229.30012484686074,false
1,21,13:00,47,19:30,26,1,,,0.0,false,14.8,229.30012484686074,false
1,21,13:00,48,19:45,27,1,,,0.0,false,14.8,229.30012484686074,false
1,21,13:00,49,20:00,28,1,,,0.0,false,14.8,229.30012484686074,false
1,21,13:00,50,20:15,29,1,,,0.0,false,14.8,229.30012484686074,false
1,21,13:00,51,20:30,30,1,,,0.0,false,14.8,229.30012484686074,false
1,21,13:00,52,20:45,31,1,,,0.0,false,14.8,229.30012484686074,false
1,21,13:00,53,21:00,32,1,,,0.0,false,14.8,229.77308159140134,false
1,21,13:00,54,21:15,33,1,,,0.0,false,14.8,230.24603833594193,false
1,21,13:00,55,21:30,34,1,,,0.0,false,14.8,230.71899508048253,false
1,21,13:00,56,21:45,35,1,,,0.0,false,14.8,231.19195182502312,false
1,21,13:00,57,22:00,36,1,,,0.0,false,14.8,231.66490856956372,false
1,21,13:00,58,22:15,37,1,,,0.0,false,14.8,232.13786531410432,false
1,21,13:00,59,22:30,38,1,,,0.0,false,14.8,232.6108220586449,false
1,21,13:00,60,22:45,39,1,,,0.0,false,14.8,233.0837788031855,false
1,21,13:00,61,23:00,40,1,,,0.0,false,14.8,233.5567355477261,false
1,21,13:00,62,23:15,41,1,,,0.0,false,14.8,234.0296922922667,false
1,21,13:00,63,23:30,42,1,,,0.0,false,14.8,234.5026490368073,false
1,21,13:00,64,23:45,43,1,,,0.0,false,14.8,234.86538417470092,false
1,21,13:00,65,00:00,44,1,,,0.0,false,14.8,235.33834091924152,false
1,21,13:00,66,00:15,45,1,,,0.0,false,14.8,235.8112976637821,false
1,21,13:00,67,00:30,46,1,,,0.0,false,14.8,236.2842544083227,false
1,21,13:00,68,00:45,47,1,,,0.0,false,14.8,236.7572111528633,false
1,21,13:00,69,01:00,48,1,,,0.0,false,14.8,237.2301678974039,false
1,21,13:00,70,01:15,49,1,,,0.0,false,14.8,237.7031246419445,false
1,21,13:00,71,01:30,50,1,,,0.0,false,14.8,238.1760813864851,false
1,21,13:00,72,01:45,51,1,,,0.0,false,14.8,238.6490381310257,false
1,21,13:00,73,02:00,52,1,,,0.0,false,14.8,239.1219948755663,false
1,21,13:00,74,02:15,53,1,,,0.0,false,14.8,239.59495162010688,false
1,21,13:00,75,02:30,54,1,,,0.0,false,14.8,240.06790836464748,false
1,21,13:00,76,02:45,55,1,,,0.0,false,14.8,240.54086510918808,false
1,21,13:00,77,03:00,56,1,,,0.0,false,14.8,241.01382185372867,false
1,21,13:00,78,03:15,57,1,,,0.0,false,14.8,241.48677859826927,false
1,21,13:00,79,03:30,58,1,,,0.0,false,14.8,241.95973534280986,false
1,21,13:00,80,03:45,59,1,,,0.0,false,14.8,242.43269208735043,false
1,21,13:00,81,04:00,60,1,,,0.0,false,14.8,242.90564883189103,false
1,21,13:00,82,04:15,61,1,,,0.0,false,14.8,243.37860557643162,false
1,21,13:00,83,04:30,62,1,,,0.0,false,14.8,243.85156232097222,false
1,21,13:00,84,04:45,63,1,,,0.0,false,14.8,244.32451906551282,false
1,21,13:00,85,05:00,64,1,,,0.0,false,14.8,244.7974758100534,false
1,21,13:00,86,05:15,65,1,,,0.0,false,14.8,245.270432554594,false
1,21,13:00,87,05:30,66,1,,,0.0,false,14.8,245.7433892991346,false
1,21,13:00,88,05:45,67,1,,,0.0,false,14.8,246.2163460436752,false
1,21,13:00,89,06:00,68,1,,,0.0,false,14.8,246.6893027882158,false
1,21,13:00,90,06:15,69,1,,,0.0,false,14.8,247.1622595327564,false
1,21,13:00,91,06:30,70,1,,,0.0,false,14.8,247.635216277297,false
1,21,13:00,92,06:45,71,1,,,0.0,false,14.8,248.1081730218376,false
1,21,13:00,93,07:00,72,1,,,0.0,false,14.8,248.58112976637818,false
1,21,13:00,94,07:15,73,1,,,0.0,false,14.8,249.05408651091878,false
1,21,13:00,95,07:30,74,1,,,0.0,false,14.8,249.52704325545938,false
1,21,13:00,96,07:45,75,1,,,0.0,false,14.8,250.0,false
1,22,13:15,22,13:15,0,1,,,0.0,false,6.600900000001054,249.35195310170724,false
1,22,13:15,23,13:30,1,1,,Charging,0.0,true,7.5976750000000015,248.2474932679134,false
1,22,13:15,24,13:45,2,1,,Charging,0.0,true,9.497675000000001,246.14223011001866,false
1,22,13:15,25,14:00,3,1,,Digging,4.792500000000004,false,8.29955,246.14223011001866,false
1,22,13:15,26,14:15,4,1,,Digging,4.7925,false,7.101425000000001,246.14223011001866,false
1,22,13:15,27,14:30,5,1,,Charging,-1.7763568394002505e-15,true,9.001425000000001,244.03696695212392,false
1,22,13:15,28,14:45,6,1,,Traveling,4.7101,false,7.823900000000001,244.03696695212392,false
1,22,13:15,29,15:00,7,1,,Digging,4.7925,false,6.625775000000001,244.03696695212392,false
1,22,13:15,30,15:15,8,1,,Loading/Swinging,3.1586,false,5.836125000000001,244.03696695212392,false
1,22,13:15,31,15:30,9,1,,Loading/Swinging,3.1586,false,5.046475000000001,244.03696695212392,false
1,22,13:15,32,15:45,10,1,,Charging,0.0,true,6.946475,241.93170379422918,false
1,22,13:15,33,16:00,11,1,,Loading/Swinging,3.1586,false,6.156825,241.93170379422918,false
1,22,13:15,34,16:15,12,1,,Traveling,4.710100000000001,false,4.9793,241.93170379422918,false
1,22,13:15,35,16:30,13,1,,Loading/Swinging,3.1586,false,4.18965,241.93170379422918,false
1,22,13:15,36,16:45,14,1,,Loading/Swinging,3.1586,false,3.4000000000000004,241.93170379422918,false
1,22,13:15,37,17:00,15,1,,Charging,0.0,true,5.300000000000001,239.82644063633444,false
1,22,13:15,38,17:15,16,1,,Charging,0.0,true,7.2,237.7211774784397,false
1,22,13:15,39,17:30,17,1,,Charging,0.0,true,9.1,235.61591432054496,false
1,22,13:15,40,17:45,18,1,,Charging,0.0,true,11.0,233.51065116265022,false
1,22,13:15,41,18:00,19,1,,Charging,0.0,true,12.9,231.40538800475548,false
1,22,13:15,42,18:15,20,1,,Charging,0.0,true,14.8,229.30012484686074,false
1,22,13:15,43,18:30,21,1,,,0.0,false,14.8,229.30012484686074,false
1,22,13:15,44,18:45,22,1,,,0.0,false,14.8,229.30012484686074,false
1,22,13:15,45,19:00,23,1,,,0.0,false,14.8,229.30012484686074,false
1,22,13:15,46,19:15,24,1,,,0.0,false,14.8,229.30012484686074,false
1,22,13:15,47,19:30,25,1,,,0.0,false,14.8,229.30012484686074,false
1,22,13:15,48,19:45,26,1,,,0.0,false,14.8,229.30012484686074,false
1,22,13:15,49,20:00,27,1,,,0.0,false,14.8,229.30012484686074,false
1,22,13:15,50,20:15,28,1,,,0.0,false,14.8,229.30012484686074,false
1,22,13:15,51,20:30,29,1,,,0.0,false,14.8,229.30012484686074,false
1,22,13:15,52,20:45,30,1,,,0.0,false,14.8,229.30012484686074,false
1,22,13:15,53,21:00,31,1,,,0.0,false,14.8,229.77308159140134,false
1,22,13:15,54,21:15,32,1,,,0.0,false,14.8,230.24603833594193,false
1,22,13:15,55,21:30,33,1,,,0.0,false,14.8,230.71899508048253,false
1,22,13:15,56,21:45,34,1,,,0.0,false,14.8,231.19195182502312,false
1,22,13:15,57,22:00,35,1,,,0.0,false,14.8,231.66490856956372,false
1,22,13:15,58,22:15,36,1,,,0.0,false,14.8,232.13786531410432,false
1,22,13:15,59,22:30,37,1,,,0.0,false,14.8,232.6108220586449,false
1,22,13:15,60,22:45,38,1,,,0.0,false,14.8,233.0837788031855,false
1,22,13:15,61,23:00,39,1,,,0.0,false,14.8,233.5567355477261,false
1,22,13:15,62,23:15,40,1,,,0.0,false,14.8,234.0296922922667,false
1,22,13:15,63,23:30,41,1,,,0.0,false,14.8,234.5026490368073,false
1,22,13:15,64,23:45,42,1,,,0.0,false,14.8,234.8653841747009,false
1,22,13:15,65,00:00,43,1,,,0.0,false,14.8,235.3383409192415,false
1,22,13:15,66,00:15,44,1,,,0.0,false,14.8,235.81129766378209,false
1,22,13:15,67,00:30,45,1,,,0.0,false,14.8,236.28425440832268,false
1,22,13:15,68,00:45,46,1,,,0.0,false,14.8,236.75721115286328,false
1,22,13:15,69,01:00,47,1,,,0.0,false,14.8,237.23016789740387,false
1,22,13:15,70,01:15,48,1,,,0.0,false,14.8,237.70312464194447,false
1,22,13:15,71,01:30,49,1,,,0.0,false,14.8,238.17608138648507,false
1,22,13:15,72,01:45,50,1,,,0.0,false,14.8,238.64903813102566,false
1,22,13:15,73,02:00,51,1,,,0.0,false,14.8,239.12199487556626,false
1,22,13:15,74,02:15,52,1,,,0.0,false,14.8,239.59495162010685,false
1,22,13:15,75,02:30,53,1,,,0.0,false,14.8,240.06790836464745,false
1,22,13:15,76,02:45,54,1,,,0.0,false,14.8,240.54086510918805,false
1,22,13:15,77,03:00,55,1,,,0.0,false,14.8,241.01382185372864,false
1,22,13:15,78,03:15,56,1,,,0.0,false,14.8,241.48677859826924,false
1,22,13:15,79,03:30,57,1,,,0.0,false,14.8,241.95973534280984,false
1,22,13:15,80,03:45,58,1,,,0.0,false,14.8,242.43269208735043,false
1,22,13:15,81,04:00,59,1,,,0.0,false,14.8,242.90564883189103,false
1,22,13:15,82,04:15,60,1,,,0.0,false,14.8,243.37860557643162,false
1,22,13:15,83,04:30,61,1,,,0.0,false,14.8,243.85156232097222,false
1,22,13:15,84,04:45,62,1,,,0.0,false,14.8,244.32451906551282,false
1,22,13:15,85,05:00,63,1,,,0.0,false,14.8,244.7974758100534,false
1,22,13:15,86,05:15,64,1,,,0.0,false,14.8,245.270432554594,false
1,22,13:15,87,05:30,65,1,,,0.0,false,14.8,245.7433892991346,false
1,22,13:15,88,05:45,66,1,,,0.0,false,14.8,246.2163460436752,false
1,22,13:15,89,06:00,67,1,,,0.0,false,14.8,246.6893027882158,false
1,22,13:15,90,06:15,68,1,,,0.0,false,14.8,247.1622595327564,false
1,22,13:15,91,06:30,69,1,,,0.0,false,14.8,247.635216277297,false
1,22,13:15,92,06:45,70,1,,,0.0,false,14.8,248.1081730218376,false
1,22,13:15,93,07:00,71,1,,,0.0,false,14.8,248.58112976637818,false
1,22,13:15,94,07:15,72,1,,,0.0,false,14.8,249.05408651091878,false
1,22,13:15,95,07:30,73,1,,,0.0,false,14.8,249.52704325545938,false
1,22,13:15,96,07:45,74,1,,,0.0,false,14.8,250.0,false
1,23,13:30,23,13:30,0,1,,Charging,0.0,true,7.5976750000000015,248.2474932679134,false
1,23,13:30,24,13:45,1,1,,Charging,0.0,true,9.497675000000001,246.14223011001866,false
1,23,13:30,25,14:00,2,1,,Digging,4.7925,false,8.299550000000002,246.14223011001866,false
1,23,13:30,26,14:15,3,1,,Digging,4.792500000000004,false,7.101425000000001,246.14223011001866,false
1,23,13:30,27,14:30,4,1,,Charging,0.0,true,9.001425000000001,244.03696695212392,false
1,23,13:30,28,14:45,5,1,,Traveling,4.710100000000001,false,7.823900000000001,244.03696695212392,false
1,23,13:30,29,15:00,6,1,,Loading/Swinging,3.1586,false,7.034250000000001,244.03696695212392,true
1,23,13:30,30,15:15,7,1,,Digging,4.7925,false,5.836125000000001,244.03696695212392,true
1,23,13:30,31,15:30,8,1,,Loading/Swinging,3.1586,false,5.046475000000001,244.03696695212392,false
1,23,13:30,32,15:45,9,1,,Charging,0.0,true,6.946475,241.93170379422918,false
1,23,13:30,33,16:00,10,1,,Loading/Swinging,3.1586,false,6.156825,241.93170379422918,false
1,23,13:30,34,16:15,11,1,,Traveling,4.7101,false,4.9793,241.93170379422918,false
1,23,13:30,35,16:30,12,1,,Loading/Swinging,3.1586,false,4.18965,241.93170379422918,false
1,23,13:30,36,16:45,13,1,,Loading/Swinging,3.1586,false,3.4000000000000004,241.93170379422918,false
1,23,13:30,37,17:00,14,1,,Charging,0.0,true,5.300000000000001,239.82644063633444,false
1,23,13:30,38,17:15,15,1,,Charging,0.0,true,7.2,237.7211774784397,false
1,23,13:30,39,17:30,16,1,,Charging,0.0,true,9.1,235.61591432054496,false
1,23,13:30,40,17:45,17,1,,Charging,0.0,true,11.0,233.51065116265022,false
1,23,13:30,41,18:00,18,1,,Charging,0.0,true,12.9,231.40538800475548,false
1,23,13:30,42,18:15,19,1,,Charging,0.0,true,14.8,229.30012484686074,false
1,23,13:30,43,18:30,20,1,,,0.0,false,14.8,229.30012484686074,false
1,23,13:30,44,18:45,21,1,,,0.0,false,14.8,229.30012484686074,false
1,23,13:30,45,19:00,22,1,,,0.0,false,14.8,229.30012484686074,false
1,23,13:30,46,19:15,23,1,,,0.0,false,14.8,229.30012484686074,false
1,23,13:30,47,19:30,24,1,,,0.0,false,14.8,229.30012484686074,false
1,23,13:30,48,19:45,25,1,,,0.0,false,14.8,229.30012484686074,false
1,23,13:30,49,20:00,26,1,,,0.0,false,14.8,229.30012484686074,false
1,23,13:30,50,20:15,27,1,,,0.0,false,14.8,229.30012484686074,false
1,23,13:30,51,20:30,28,1,,,0.0,false,14.8,229.30012484686074,false
1,23,13:30,52,20:45,29,1,,,0.0,false,14.8,229.30012484686074,false
1,23,13:30,53,21:00,30,1,,,0.0,false,14.8,229.77308159140134,false
1,23,13:30,54,21:15,31,1,,,0.0,false,14.8,230.24603833594193,false
1,23,13:30,55,21:30,32,1,,,0.0,false,14.8,230.71899508048253,false
1,23,13:30,56,21:45,33,1,,,0.0,false,14.8,231.19195182502312,false
1,23,13:30,57,22:00,34,1,,,0.0,false,14.8,231.66490856956372,false
1,23,13:30,58,22:15,35,1,,,0.0,false,14.8,232.13786531410432,false
1,23,13:30,59,22:30,36,1,,,0.0,false,14.8,232.6108220586449,false
1,23,13:30,60,22:45,37,1,,,0.0,false,14.8,233.0837788031855,false
1,23,13:30,61,23:00,38,1,,,0.0,false,14.8,233.5567355477261,false
1,23,13:30,62,23:15,39,1,,,0.0,false,14.8,234.0296922922667,false
1,23,13:30,63,23:30,40,1,,,0.0,false,14.8,234.5026490368073,false
1,23,13:30,64,23:45,41,1,,,0.0,false,14.8,234.86538417470092,false
1,23,13:30,65,00:00,42,1,,,0.0,false,14.8,235.33834091924152,false
1,23,13:30,66,00:15,43,1,,,0.0,false,14.8,235.8112976637821,false
1,23,13:30,67,00:30,44,1,,,0.0,false,14.8,236.2842544083227,false
1,23,13:30,68,00:45,45,1,,,0.0,false,14.8,236.7572111528633,false
1,23,13:30,69,01:00,46,1,,,0.0,false,14.8,237.2301678974039,false
1,23,13:30,70,01:15,47,1,,,0.0,false,14.8,237.7031246419445,false
1,23,13:30,71,01:30,48,1,,,0.0,false,14.8,238.1760813864851,false
1,23,13:30,72,01:45,49,1,,,0.0,false,14.8,238.6490381310257,false
1,23,13:30,73,02:00,50,1,,,0.0,false,14.8,239.1219948755663,false
1,23,13:30,74,02:15,51,1,,,0.0,false,14.8,239.59495162010688,false
1,23,13:30,75,02:30,52,1,,,0.0,false,14.8,240.06790836464748,false
1,23,13:30,76,02:45,53,1,,,0.0,false,14.8,240.54086510918808,false
1,23,13:30,77,03:00,54,1,,,0.0,false,14.8,241.01382185372867,false
1,23,13:30,78,03:15,55,1,,,0.0,false,14.8,241.48677859826927,false
1,23,13:30,79,03:30,56,1,,,0.0,false,14.8,241.95973534280986,false
1,23,13:30,80,03:45,57,1,,,0.0,false,14.8,242.43269208735043,false
1,23,13:30,81,04:00,58,1,,,0.0,false,14.8,242.90564883189103,false
1,23,13:30,82,04:15,59,1,,,0.0,false,14.8,243.37860557643162,false
1,23,13:30,83,04:30,60,1,,,0.0,false,14.8,243.85156232097222,false
1,23,13:30,84,04:45,61,1,,,0.0,false,14.8,244.32451906551282,false
1,23,13:30,85,05:00,62,1,,,0.0,false,14.8,244.7974758100534,false
1,23,13:30,86,05:15,63,1,,,0.0,false,14.8,245.270432554594,false
1,23,13:30,87,05:30,64,1,,,0.0,false,14.8,245.7433892991346,false
1,23,13:30,88,05:45,65,1,,,0.0,false,14.8,246.2163460436752,false
1,23,13:30,89,06:00,66,1,,,0.0,false,14.8,246.6893027882158,false
1,23,13:30,90,06:15,67,1,,,0.0,false,14.8,247.1622595327564,false
1,23,13:30,91,06:30,68,1,,,0.0,false,14.8,247.635216277297,false
1,23,13:30,92,06:45,69,1,,,0.0,false,14.8,248.1081730218376,false
1,23,13:30,93,07:00,70,1,,,0.0,false,14.8,248.58112976637818,false
1,23,13:30,94,07:15,71,1,,,0.0,false,14.8,249.05408651091878,false
1,23,13:30,95,07:30,72,1,,,0.0,false,14.8,249.52704325545938,false
1,23,13:30,96,07:45,73,1,,,0.0,false,14.8,250.0,false
1,24,13:45,24,13:45,0,1,,Charging,0.0,true,9.497675000000001,246.20035957495517,false
1,24,13:45,25,14:00,1,1,,Loading/Swinging,3.1586,false,8.708025,246.20035957495517,true
1,24,13:45,26,14:15,2,1,,Digging,4.7925,false,7.5099,246.20035957495517,false
1,24,13:45,27,14:30,3,1,,Charging,0.0,true,9.4099,244.09509641706046,false
1,24,13:45,28,14:45,4,1,,Traveling,4.7101,false,8.232375000000001,244.09509641706046,false
1,24,13:45,29,15:00,5,1,,Digging,4.7925,false,7.034250000000001,244.09509641706046,true
1,24,13:45,30,15:15,6,1,,Digging,4.7925,false,5.836125000000001,244.09509641706046,false
1,24,13:45,31,15:30,7,1,,Loading/Swinging,3.1586,false,5.046475000000001,244.09509641706046,false
1,24,13:45,32,15:45,8,1,,Charging,-1.7763568394002505e-15,true,6.946475000000001,241.98983325916572,false
1,24,13:45,33,16:00,9,1,,Loading/Swinging,3.1586,false,6.156825000000001,241.98983325916572,false
1,24,13:45,34,16:15,10,1,,Traveling,4.7101,false,4.979300000000001,241.98983325916572,false
1,24,13:45,35,16:30,11,1,,Loading/Swinging,3.1586,false,4.189650000000001,241.98983325916572,false
1,24,13:45,36,16:45,12,1,,Loading/Swinging,3.1586,false,3.4000000000000012,241.98983325916572,false
1,24,13:45,37,17:00,13,1,,Charging,0.0,true,5.300000000000001,239.88457010127098,false
1,24,13:45,38,17:15,14,1,,Charging,0.0,true,7.200000000000001,237.77930694337624,false
1,24,13:45,39,17:30,15,1,,Charging,0.0,true,9.1,235.6740437854815,false
1,24,13:45,40,17:45,16,1,,Charging,0.0,true,11.0,233.56878062758676,false
1,24,13:45,41,18:00,17,1,,Charging,0.0,true,12.9,231.46351746969202,false
1,24,13:45,42,18:15,18,1,,Charging,0.0,true,14.8,229.35825431179728,false
1,24,13:45,43,18:30,19,1,,,0.0,false,14.8,229.35825431179728,false
1,24,13:45,44,18:45,20,1,,,0.0,false,14.8,229.35825431179728,false
1,24,13:45,45,19:00,21,1,,,0.0,false,14.8,229.35825431179728,false
1,24,13:45,46,19:15,22,1,,,0.0,false,14.8,229.35825431179728,false
1,24,13:45,47,19:30,23,1,,,0.0,false,14.8,229.35825431179728,false
1,24,13:45,48,19:45,24,1,,,0.0,false,14.8,229.35825431179728,false
1,24,13:45,49,20:00,25,1,,,0.0,false,14.8,229.35825431179728,false
1,24,13:45,50,20:15,26,1,,,0.0,false,14.8,229.35825431179728,false
1,24,13:45,51,20:30,27,1,,,0.0,false,14.8,229.35825431179728,false
1,24,13:45,52,20:45,28,1,,,0.0,false,14.8,229.35825431179728,false
1,24,13:45,53,21:00,29,1,,,0.0,false,14.8,229.83121105633788,false
1,24,13:45,54,21:15,30,1,,,0.0,false,14.8,230.30416780087847,false
1,24,13:45,55,21:30,31,1,,,0.0,false,14.8,230.77712454541907,false
1,24,13:45,56,21:45,32,1,,,0.0,false,14.8,231.25008128995967,false
1,24,13:45,57,22:00,33,1,,,0.0,false,14.8,231.72303803450026,false
1,24,13:45,58,22:15,34,1,,,0.0,false,14.8,232.19599477904086,false
1,24,13:45,59,22:30,35,1,,,0.0,false,14.8,232.66895152358146,false
1,24,13:45,60,22:45,36,1,,,0.0,false,14.8,233.14190826812205,false
1,24,13:45,61,23:00,37,1,,,0.0,false,14.8,233.61486501266265,false
1,24,13:45,62,23:15,38,1,,,0.0,false,14.8,234.08782175720324,false
1,24,13:45,63,23:30,39,1,,,0.0,false,14.8,234.56077850174384,false
1,24,13:45,64,23:45,40,1,,,0.0,false,14.8,234.86538417470092,false
1,24,13:45,65,00:00,41,1,,,0.0,false,14.8,235.33834091924152,false
1,24,13:45,66,00:15,42,1,,,0.0,false,14.8,235.8112976637821,false
1,24,13:45,67,00:30,43,1,,,0.0,false,14.8,236.2842544083227,false
1,24,13:45,68,00:45,44,1,,,0.0,false,14.8,236.7572111528633,false
1,24,13:45,69,01:00,45,1,,,0.0,false,14.8,237.2301678974039,false
1,24,13:45,70,01:15,46,1,,,0.0,false,14.8,237.7031246419445,false
1,24,13:45,71,01:30,47,1,,,0.0,false,14.8,238.1760813864851,false
1,24,13:45,72,01:45,48,1,,,0.0,false,14.8,238.6490381310257,false
1,24,13:45,73,02:00,49,1,,,0.0,false,14.8,239.1219948755663,false
1,24,13:45,74,02:15,50,1,,,0.0,false,14.8,239.59495162010688,false
1,24,13:45,75,02:30,51,1,,,0.0,false,14.8,240.06790836464748,false
1,24,13:45,76,02:45,52,1,,,0.0,false,14.8,240.54086510918808,false
1,24,13:45,77,03:00,53,1,,,0.0,false,14.8,241.01382185372867,false
1,24,13:45,78,03:15,54,1,,,0.0,false,14.8,241.48677859826927,false
1,24,13:45,79,03:30,55,1,,,0.0,false,14.8,241.95973534280986,false
1,24,13:45,80,03:45,56,1,,,0.0,false,14.8,242.43269208735046,false
1,24,13:45,81,04:00,57,1,,,0.0,false,14.8,242.90564883189106,false
1,24,13:45,82,04:15,58,1,,,0.0,false,14.8,243.37860557643165,false
1,24,13:45,83,04:30,59,1,,,0.0,false,14.8,243.85156232097225,false
1,24,13:45,84,04:45,60,1,,,0.0,false,14.8,244.32451906551285,false
1,24,13:45,85,05:00,61,1,,,0.0,false,14.8,244.7974758100534,false
1,24,13:45,86,05:15,62,1,,,0.0,false,14.8,245.270432554594,false
1,24,13:45,87,05:30,63,1,,,0.0,false,14.8,245.7433892991346,false
1,24,13:45,88,05:45,64,1,,,0.0,false,14.8,246.2163460436752,false
1,24,13:45,89,06:00,65,1,,,0.0,false,14.8,246.6893027882158,false
1,24,13:45,90,06:15,66,1,,,0.0,false,14.8,247.1622595327564,false
1,24,13:45,91,06:30,67,1,,,0.0,false,14.8,247.635216277297,false
1,24,13:45,92,06:45,68,1,,,0.0,false,14.8,248.1081730218376,false
1,24,13:45,93,07:00,69,1,,,0.0,false,14.8,248.58112976637818,false
1,24,13:45,94,07:15,70,1,,,0.0,false,14.8,249.05408651091878,false
1,24,13:45,95,07:30,71,1,,,0.0,false,14.8,249.52704325545938,false
1,24,13:45,96,07:45,72,1,,,0.0,false,14.8,250.0,false
1,25,14:00,25,14:00,0,1,,Digging,4.792500000000004,false,8.396788850415515,246.20035957495517,true
1,25,14:00,26,14:15,1,1,,Digging,4.792499999999997,false,7.198663850415516,246.20035957495517,false
1,25,14:00,27,14:30,2,1,,Charging,0.0,true,9.001425000000001,244.20284029563717,false
1,25,14:00,28,14:45,3,1,,Traveling,4.710100000000001,false,7.823900000000001,244.20284029563717,false
1,25,14:00,29,15:00,4,1,,Loading/Swinging,3.1586,false,7.034250000000001,244.20284029563717,true
1,25,14:00,30,15:15,5,1,,Digging,4.7925,false,5.836125000000001,244.20284029563717,false
1,25,14:00,31,15:30,6,1,,Loading/Swinging,3.1586,false,5.046475000000001,244.20284029563717,false
1,25,14:00,32,15:45,7,1,,Charging,1.7763568394002505e-15,true,6.946475,242.09757713774243,false
1,25,14:00,33,16:00,8,1,,Loading/Swinging,3.1586,false,6.156825,242.09757713774243,false
1,25,14:00,34,16:15,9,1,,Traveling,4.7101,false,4.9793,242.09757713774243,false
1,25,14:00,35,16:30,10,1,,Loading/Swinging,3.1586,false,4.18965,242.09757713774243,false
1,25,14:00,36,16:45,11,1,,Loading/Swinging,3.1586,false,3.4000000000000004,242.09757713774243,false
1,25,14:00,37,17:00,12,1,,Charging,0.0,true,5.300000000000001,239.9923139798477,false
1,25,14:00,38,17:15,13,1,,Charging,0.0,true,7.2,237.88705082195295,false
1,25,14:00,39,17:30,14,1,,Charging,0.0,true,9.1,235.7817876640582,false
1,25,14:00,40,17:45,15,1,,Charging,0.0,true,11.0,233.67652450616347,false
1,25,14:00,41,18:00,16,1,,Charging,0.0,true,12.9,231.57126134826873,false
1,25,14:00,42,18:15,17,1,,Charging,0.0,true,14.8,229.465998190374,false
1,25,14:00,43,18:30,18,1,,,0.0,false,14.8,229.465998190374,false
1,25,14:00,44,18:45,19,1,,,0.0,false,14.8,229.465998190374,false
1,25,14:00,45,19:00,20,1,,,0.0,false,14.8,229.465998190374,false
1,25,14:00,46,19:15,21,1,,,0.0,false,14.8,229.465998190374,false
1,25,14:00,47,19:30,22,1,,,0.0,false,14.8,229.465998190374,false
1,25,14:00,48,19:45,23,1,,,0.0,false,14.8,229.465998190374,false
1,25,14:00,49,20:00,24,1,,,0.0,false,14.8,229.465998190374,false
1,25,14:00,50,20:15,25,1,,,0.0,false,14.8,229.465998190374,false
1,25,14:00,51,20:30,26,1,,,0.0,false,14.8,229.465998190374,false
1,25,14:00,52,20:45,27,1,,,0.0,false,14.8,229.465998190374,false
1,25,14:00,53,21:00,28,1,,,0.0,false,14.8,229.9389549349146,false
1,25,14:00,54,21:15,29,1,,,0.0,false,14.8,230.4119116794552,false
1,25,14:00,55,21:30,30,1,,,0.0,false,14.8,230.88486842399578,false
1,25,14:00,56,21:45,31,1,,,0.0,false,14.8,231.35782516853638,false
1,25,14:00,57,22:00,32,1,,,0.0,false,14.8,231.83078191307698,false
1,25,14:00,58,22:15,33,1,,,0.0,false,14.8,232.30373865761757,false
1,25,14:00,59,22:30,34,1,,,0.0,false,14.8,232.77669540215817,false
1,25,14:00,60,22:45,35,1,,,0.0,false,14.8,233.24965214669876,false
1,25,14:00,61,23:00,36,1,,,0.0,false,14.8,233.72260889123936,false
1,25,14:00,62,23:15,37,1,,,0.0,false,14.8,234.19556563577996,false
1,25,14:00,63,23:30,38,1,,,0.0,false,14.8,234.66852238032055,false
1,25,14:00,64,23:45,39,1,,,0.0,false,14.8,234.8653841747009,false
1,25,14:00,65,00:00,40,1,,,0.0,false,14.8,235.3383409192415,false
1,25,14:00,66,00:15,41,1,,,0.0,false,14.8,235.81129766378209,false
1,25,14:00,67,00:30,42,1,,,0.0,false,14.8,236.28425440832268,false
1,25,14:00,68,00:45,43,1,,,0.0,false,14.8,236.75721115286328,false
1,25,14:00,69,01:00,44,1,,,0.0,false,14.8,237.23016789740387,false
1,25,14:00,70,01:15,45,1,,,0.0,false,14.8,237.70312464194447,false
1,25,14:00,71,01:30,46,1,,,0.0,false,14.8,238.17608138648507,false
1,25,14:00,72,01:45,47,1,,,0.0,false,14.8,238.64903813102566,false
1,25,14:00,73,02:00,48,1,,,0.0,false,14.8,239.12199487556626,false
1,25,14:00,74,02:15,49,1,,,0.0,false,14.8,239.59495162010685,false
1,25,14:00,75,02:30,50,1,,,0.0,false,14.8,240.06790836464745,false
1,25,14:00,76,02:45,51,1,,,0.0,false,14.8,240.54086510918805,false
1,25,14:00,77,03:00,52,1,,,0.0,false,14.8,241.01382185372864,false
1,25,14:00,78,03:15,53,1,,,0.0,false,14.8,241.48677859826924,false
1,25,14:00,79,03:30,54,1,,,0.0,false,14.8,241.95973534280984,false
1,25,14:00,80,03:45,55,1,,,0.0,false,14.8,242.43269208735043,false
1,25,14:00,81,04:00,56,1,,,0.0,false,14.8,242.90564883189103,false
1,25,14:00,82,04:15,57,1,,,0.0,false,14.8,243.37860557643162,false
1,25,14:00,83,04:30,58,1,,,0.0,false,14.8,243.85156232097222,false
1,25,14:00,84,04:45,59,1,,,0.0,false,14.8,244.32451906551282,false
1,25,14:00,85,05:00,60,1,,,0.0,false,14.8,244.7974758100534,false
1,25,14:00,86,05:15,61,1,,,0.0,false,14.8,245.270432554594,false
1,25,14:00,87,05:30,62,1,,,0.0,false,14.8,245.7433892991346,false
1,25,14:00,88,05:45,63,1,,,0.0,false,14.8,246.2163460436752,false
1,25,14:00,89,06:00,64,1,,,0.0,false,14.8,246.6893027882158,false
1,25,14:00,90,06:15,65,1,,,0.0,false,14.8,247.1622595327564,false
1,25,14:00,91,06:30,66,1,,,0.0,false,14.8,247.635216277297,false
1,25,14:00,92,06:45,67,1,,,0.0,false,14.8,248.1081730218376,false
1,25,14:00,93,07:00,68,1,,,0.0,false,14.8,248.58112976637818,false
1,25,14:00,94,07:15,69,1,,,0.0,false,14.8,249.05408651091878,false
1,25,14:00,95,07:30,70,1,,,0.0,false,14.8,249.52704325545938,false
1,25,14:00,96,07:45,71,1,,,0.0,false,14.8,250.0,false
1,26,14:15,26,14:15,0,1,,Digging,4.7925,false,7.525988850415517,246.20035957495517,false
1,26,14:15,27,14:30,1,1,,Charging,0.0,true,9.001425000000001,244.5655272762466,false
1,26,14:15,28,14:45,2,1,,Traveling,4.7101,false,7.823900000000001,244.5655272762466,false
1,26,14:15,29,15:00,3,1,,Digging,4.7925,false,6.625775000000001,244.5655272762466,true
1,26,14:15,30,15:15,4,1,,Loading/Swinging,3.1586,false,5.836125000000001,244.5655272762466,true
1,26,14:15,31,15:30,5,1,,Loading/Swinging,3.1586,false,5.046475000000001,244.5655272762466,false
1,26,14:15,32,15:45,6,1,,Charging,1.7763568394002505e-15,true,6.946475,242.46026411835186,false
1,26,14:15,33,16:00,7,1,,Loading/Swinging,3.1586,false,6.156825,242.46026411835186,false
1,26,14:15,34,16:15,8,1,,Traveling,4.710100000000001,false,4.9793,242.46026411835186,false
1,26,14:15,35,16:30,9,1,,Loading/Swinging,3.1586,false,4.18965,242.46026411835186,false
1,26,14:15,36,16:45,10,1,,Loading/Swinging,3.1586,false,3.4000000000000004,242.46026411835186,false
1,26,14:15,37,17:00,11,1,,Charging,0.0,true,5.300000000000001,240.35500096045712,false
1,26,14:15,38,17:15,12,1,,Charging,0.0,true,7.2,238.24973780256238,false
1,26,14:15,39,17:30,13,1,,Charging,0.0,true,9.1,236.14447464466764,false
1,26,14:15,40,17:45,14,1,,Charging,0.0,true,11.0,234.0392114867729,false
1,26,14:15,41,18:00,15,1,,Charging,0.0,true,12.9,231.93394832887816,false
1,26,14:15,42,18:15,16,1,,Charging,0.0,true,14.8,229.82868517098342,false
1,26,14:15,43,18:30,17,1,,,0.0,false,14.8,229.82868517098342,false
1,26,14:15,44,18:45,18,1,,,0.0,false,14.8,229.82868517098342,false
1,26,14:15,45,19:00,19,1,,,0.0,false,14.8,229.82868517098342,false
1,26,14:15,46,19:15,20,1,,,0.0,false,14.8,229.82868517098342,false
1,26,14:15,47,19:30,21,1,,,0.0,false,14.8,229.82868517098342,false
1,26,14:15,48,19:45,22,1,,,0.0,false,14.8,229.82868517098342,false
1,26,14:15,49,20:00,23,1,,,0.0,false,14.8,229.82868517098342,false
1,26,14:15,50,20:15,24,1,,,0.0,false,14.8,229.82868517098342,false
1,26,14:15,51,20:30,25,1,,,0.0,false,14.8,229.82868517098342,false
1,26,14:15,52,20:45,26,1,,,0.0,false,14.8,229.82868517098342,false
1,26,14:15,53,21:00,27,1,,,0.0,false,14.8,230.30164191552402,false
1,26,14:15,54,21:15,28,1,,,0.0,false,14.8,230.7745986600646,false
1,26,14:15,55,21:30,29,1,,,0.0,false,14.8,231.2475554046052,false
1,26,14:15,56,21:45,30,1,,,0.0,false,14.8,231.7205121491458,false
1,26,14:15,57,22:00,31,1,,,0.0,false,14.8,232.1934688936864,false
1,26,14:15,58,22:15,32,1,,,0.0,false,14.8,232.666425638227,false
1,26,14:15,59,22:30,33,1,,,0.0,false,14.8,233.1393823827676,false
1,26,14:15,60,22:45,34,1,,,0.0,false,14.8,233.6123391273082,false
1,26,14:15,61,23:00,35,1,,,0.0,false,14.8,233.9194706856197,false
1,26,14:15,62,23:15,36,1,,,0.0,false,14.8,234.3924274301603,false
1,26,14:15,63,23:30,37,1,,,0.0,false,14.8,234.8653841747009,false
1,26,14:15,64,23:45,38,1,,,0.0,false,14.8,234.8653841747009,false
1,26,14:15,65,00:00,39,1,,,0.0,false,14.8,235.3383409192415,false
1,26,14:15,66,00:15,40,1,,,0.0,false,14.8,235.81129766378209,false
1,26,14:15,67,00:30,41,1,,,0.0,false,14.8,236.28425440832268,false
1,26,14:15,68,00:45,42,1,,,0.0,false,14.8,236.75721115286328,false
1,26,14:15,69,01:00,43,1,,,0.0,false,14.8,237.23016789740387,false
1,26,14:15,70,01:15,44,1,,,0.0,false,14.8,237.70312464194447,false
1,26,14:15,71,01:30,45,1,,,0.0,false,14.8,238.17608138648507,false
1,26,14:15,72,01:45,46,1,,,0.0,false,14.8,238.64903813102566,false
1,26,14:15,73,02:00,47,1,,,0.0,false,14.8,239.12199487556626,false
1,26,14:15,74,02:15,48,1,,,0.0,false,14.8,239.59495162010685,false
1,26,14:15,75,02:30,49,1,,,0.0,false,14.8,240.06790836464745,false
1,26,14:15,76,02:45,50,1,,,0.0,false,14.8,240.54086510918805,false
1,26,14:15,77,03:00,51,1,,,0.0,false,14.8,241.01382185372864,false
1,26,14:15,78,03:15,52,1,,,0.0,false,14.8,241.48677859826924,false
1,26,14:15,79,03:30,53,1,,,0.0,false,14.8,241.95973534280984,false
1,26,14:15,80,03:45,54,1,,,0.0,false,14.8,242.43269208735043,false
1,26,14:15,81,04:00,55,1,,,0.0,false,14.8,242.90564883189103,false
1,26,14:15,82,04:15,56,1,,,0.0,false,14.8,243.37860557643162,false
1,26,14:15,83,04:30,57,1,,,0.0,false,14.8,243.85156232097222,false
1,26,14:15,84,04:45,58,1,,,0.0,false,14.8,244.32451906551282,false
1,26,14:15,85,05:00,59,1,,,0.0,false,14.8,244.7974758100534,false
1,26,14:15,86,05:15,60,1,,,0.0,false,14.8,245.270432554594,false
1,26,14:15,87,05:30,61,1,,,0.0,false,14.8,245.7433892991346,false
1,26,14:15,88,05:45,62,1,,,0.0,false,14.8,246.2163460436752,false
1,26,14:15,89,06:00,63,1,,,0.0,false,14.8,246.6893027882158,false
1,26,14:15,90,06:15,64,1,,,0.0,false,14.8,247.1622595327564,false
1,26,14:15,91,06:30,65,1,,,0.0,false,14.8,247.635216277297,false
1,26,14:15,92,06:45,66,1,,,0.0,false,14.8,248.1081730218376,false
1,26,14:15,93,07:00,67,1,,,0.0,false,14.8,248.58112976637818,false
1,26,14:15,94,07:15,68,1,,,0.0,false,14.8,249.05408651091878,false
1,26,14:15,95,07:30,69,1,,,0.0,false,14.8,249.52704325545938,false
1,26,14:15,96,07:45,70,1,,,0.0,false,14.8,250.0,false
1,27,14:30,27,14:30,0,1,,Charging,0.0,true,9.001425000000001,244.4141699355264,false
1,27,14:30,28,14:45,1,1,,Traveling,4.710100000000001,false,7.823900000000001,244.4141699355264,false
1,27,14:30,29,15:00,2,1,,Digging,4.7925,false,6.625775000000001,244.4141699355264,false
1,27,14:30,30,15:15,3,1,,Loading/Swinging,3.1586,false,5.836125000000001,244.4141699355264,false
1,27,14:30,31,15:30,4,1,,Loading/Swinging,3.1586,false,5.046475000000001,244.4141699355264,false
1,27,14:30,32,15:45,5,1,,Charging,0.0,true,6.946475,242.30890677763165,false
1,27,14:30,33,16:00,6,1,,Loading/Swinging,3.1586,false,6.156825,242.30890677763165,false
1,27,14:30,34,16:15,7,1,,Traveling,4.7101,false,4.9793,242.30890677763165,false
1,27,14:30,35,16:30,8,1,,Loading/Swinging,3.1586,false,4.18965,242.30890677763165,false
1,27,14:30,36,16:45,9,1,,Loading/Swinging,3.1586,false,3.4000000000000004,242.30890677763165,false
1,27,14:30,37,17:00,10,1,,Charging,0.0,true,5.300000000000001,240.2036436197369,false
1,27,14:30,38,17:15,11,1,,Charging,0.0,true,7.199999999999999,238.09838046184217,false
1,27,14:30,39,17:30,12,1,,Charging,0.0,true,9.1,235.99311730394743,false
1,27,14:30,40,17:45,13,1,,Charging,0.0,true,10.999999999999998,233.8878541460527,false
1,27,14:30,41,18:00,14,1,,Charging,0.0,true,12.899999999999999,231.78259098815795,false
1,27,14:30,42,18:15,15,1,,Charging,0.0,true,14.8,229.6773278302632,false
1,27,14:30,43,18:30,16,1,,,0.0,false,14.8,229.6773278302632,false
1,27,14:30,44,18:45,17,1,,,0.0,false,14.8,229.6773278302632,false
1,27,14:30,45,19:00,18,1,,,0.0,false,14.8,229.6773278302632,false
1,27,14:30,46,19:15,19,1,,,0.0,false,14.8,229.6773278302632,false
1,27,14:30,47,19:30,20,1,,,0.0,false,14.8,229.6773278302632,false
1,27,14:30,48,19:45,21,1,,,0.0,false,14.8,229.6773278302632,false
1,27,14:30,49,20:00,22,1,,,0.0,false,14.8,229.6773278302632,false
1,27,14:30,50,20:15,23,1,,,0.0,false,14.8,229.6773278302632,false
1,27,14:30,51,20:30,24,1,,,0.0,false,14.8,229.6773278302632,false
1,27,14:30,52,20:45,25,1,,,0.0,false,14.8,229.6773278302632,false
1,27,14:30,53,21:00,26,1,,,0.0,false,14.8,230.1502845748038,false
1,27,14:30,54,21:15,27,1,,,0.0,false,14.8,230.6232413193444,false
1,27,14:30,55,21:30,28,1,,,0.0,false,14.8,231.096198063885,false
1,27,14:30,56,21:45,29,1,,,0.0,false,14.8,231.5691548084256,false
1,27,14:30,57,22:00,30,1,,,0.0,false,14.8,232.0421115529662,false
1,27,14:30,58,22:15,31,1,,,0.0,false,14.8,232.5150682975068,false
1,27,14:30,59,22:30,32,1,,,0.0,false,14.8,232.98802504204738,false
1,27,14:30,60,22:45,33,1,,,0.0,false,14.8,233.46098178658798,false
1,27,14:30,61,23:00,34,1,,,0.0,false,14.8,233.91947068561973,false
1,27,14:30,62,23:15,35,1,,,0.0,false,14.8,234.39242743016032,false
1,27,14:30,63,23:30,36,1,,,0.0,false,14.8,234.86538417470092,false
1,27,14:30,64,23:45,37,1,,,0.0,false,14.8,234.86538417470092,false
1,27,14:30,65,00:00,38,1,,,0.0,false,14.8,235.33834091924152,false
1,27,14:30,66,00:15,39,1,,,0.0,false,14.8,235.8112976637821,false
1,27,14:30,67,00:30,40,1,,,0.0,false,14.8,236.2842544083227,false
1,27,14:30,68,00:45,41,1,,,0.0,false,14.8,236.7572111528633,false
1,27,14:30,69,01:00,42,1,,,0.0,false,14.8,237.2301678974039,false
1,27,14:30,70,01:15,43,1,,,0.0,false,14.8,237.7031246419445,false
1,27,14:30,71,01:30,44,1,,,0.0,false,14.8,238.1760813864851,false
1,27,14:30,72,01:45,45,1,,,0.0,false,14.8,238.6490381310257,false
1,27,14:30,73,02:00,46,1,,,0.0,false,14.8,239.1219948755663,false
1,27,14:30,74,02:15,47,1,,,0.0,false,14.8,239.59495162010688,false
1,27,14:30,75,02:30,48,1,,,0.0,false,14.8,240.06790836464748,false
1,27,14:30,76,02:45,49,1,,,0.0,false,14.8,240.54086510918808,false
1,27,14:30,77,03:00,50,1,,,0.0,false,14.8,241.01382185372867,false
1,27,14:30,78,03:15,51,1,,,0.0,false,14.8,241.48677859826924,false
1,27,14:30,79,03:30,52,1,,,0.0,false,14.8,241.95973534280984,false
1,27,14:30,80,03:45,53,1,,,0.0,false,14.8,242.43269208735043,false
1,27,14:30,81,04:00,54,1,,,0.0,false,14.8,242.90564883189103,false
1,27,14:30,82,04:15,55,1,,,0.0,false,14.8,243.37860557643162,false
1,27,14:30,83,04:30,56,1,,,0.0,false,14.8,243.85156232097222,false
1,27,14:30,84,04:45,57,1,,,0.0,false,14.8,244.32451906551282,false
1,27,14:30,85,05:00,58,1,,,0.0,false,14.8,244.7974758100534,false
1,27,14:30,86,05:15,59,1,,,0.0,false,14.8,245.270432554594,false
1,27,14:30,87,05:30,60,1,,,0.0,false,14.8,245.7433892991346,false
1,27,14:30,88,05:45,61,1,,,0.0,false,14.8,246.2163460436752,false
1,27,14:30,89,06:00,62,1,,,0.0,false,14.8,246.6893027882158,false
1,27,14:30,90,06:15,63,1,,,0.0,false,14.8,247.1622595327564,false
1,27,14:30,91,06:30,64,1,,,0.0,false,14.8,247.635216277297,false
1,27,14:30,92,06:45,65,1,,,0.0,false,14.8,248.1081730218376,false
1,27,14:30,93,07:00,66,1,,,0.0,false,14.8,248.58112976637818,false
1,27,14:30,94,07:15,67,1,,,0.0,false,14.8,249.05408651091878,false
1,27,14:30,95,07:30,68,1,,,0.0,false,14.8,249.52704325545938,false
1,27,14:30,96,07:45,69,1,,,0.0,false,14.8,250.0,false
1,28,14:45,28,14:45,0,1,,Traveling,4.710100000000001,false,7.908744007872868,244.4141699355264,false
1,28,14:45,29,15:00,1,1,,Loading/Swinging,3.1586,false,7.119094007872868,244.4141699355264,true
1,28,14:45,30,15:15,2,1,,Loading/Swinging,3.1586,false,6.329444007872868,244.4141699355264,false
1,28,14:45,31,15:30,3,1,,Digging,4.7925,false,5.131319007872868,244.4141699355264,true
1,28,14:45,32,15:45,4,1,,Charging,0.0,true,6.946475,242.40291675865421,false
1,28,14:45,33,16:00,5,1,,Loading/Swinging,3.1586,false,6.156825,242.40291675865421,false
1,28,14:45,34,16:15,6,1,,Traveling,4.710100000000001,false,4.9793,242.40291675865421,false
1,28,14:45,35,16:30,7,1,,Loading/Swinging,3.1586,false,4.18965,242.40291675865421,false
1,28,14:45,36,16:45,8,1,,Loading/Swinging,3.1586,false,3.4000000000000004,242.40291675865421,false
1,28,14:45,37,17:00,9,1,,Charging,0.0,true,5.300000000000001,240.29765360075947,false
1,28,14:45,38,17:15,10,1,,Charging,0.0,true,7.2,238.19239044286473,false
1,28,14:45,39,17:30,11,1,,Charging,0.0,true,9.1,236.08712728497,false
1,28,14:45,40,17:45,12,1,,Charging,0.0,true,11.0,233.98186412707526,false
1,28,14:45,41,18:00,13,1,,Charging,0.0,true,12.9,231.87660096918052,false
1,28,14:45,42,18:15,14,1,,Charging,0.0,true,14.8,229.77133781128578,false
1,28,14:45,43,18:30,15,1,,,0.0,false,14.8,229.77133781128578,false
1,28,14:45,44,18:45,16,1,,,0.0,false,14.8,229.77133781128578,false
1,28,14:45,45,19:00,17,1,,,0.0,false,14.8,229.77133781128578,false
1,28,14:45,46,19:15,18,1,,,0.0,false,14.8,229.77133781128578,false
1,28,14:45,47,19:30,19,1,,,0.0,false,14.8,229.77133781128578,false
1,28,14:45,48,19:45,20,1,,,0.0,false,14.8,229.77133781128578,false
1,28,14:45,49,20:00,21,1,,,0.0,false,14.8,229.77133781128578,false
1,28,14:45,50,20:15,22,1,,,0.0,false,14.8,229.77133781128578,false
1,28,14:45,51,20:30,23,1,,,0.0,false,14.8,229.77133781128578,false
1,28,14:45,52,20:45,24,1,,,0.0,false,14.8,229.77133781128578,false
1,28,14:45,53,21:00,25,1,,,0.0,false,14.8,230.24429455582637,false
1,28,14:45,54,21:15,26,1,,,0.0,false,14.8,230.71725130036697,false
1,28,14:45,55,21:30,27,1,,,0.0,false,14.8,231.19020804490756,false
1,28,14:45,56,21:45,28,1,,,0.0,false,14.8,231.66316478944816,false
1,28,14:45,57,22:00,29,1,,,0.0,false,14.8,232.13612153398876,false
1,28,14:45,58,22:15,30,1,,,0.0,false,14.8,232.60907827852935,false
1,28,14:45,59,22:30,31,1,,,0.0,false,14.8,233.08203502306995,false
1,28,14:45,60,22:45,32,1,,,0.0,false,14.8,233.55499176761055,false
1,28,14:45,61,23:00,33,1,,,0.0,false,14.8,233.9194706856197,false
1,28,14:45,62,23:15,34,1,,,0.0,false,14.8,234.3924274301603,false
1,28,14:45,63,23:30,35,1,,,0.0,false,14.8,234.8653841747009,false
1,28,14:45,64,23:45,36,1,,,0.0,false,14.8,234.8653841747009,false
1,28,14:45,65,00:00,37,1,,,0.0,false,14.8,235.3383409192415,false
1,28,14:45,66,00:15,38,1,,,0.0,false,14.8,235.81129766378209,false
1,28,14:45,67,00:30,39,1,,,0.0,false,14.8,236.28425440832268,false
1,28,14:45,68,00:45,40,1,,,0.0,false,14.8,236.75721115286328,false
1,28,14:45,69,01:00,41,1,,,0.0,false,14.8,237.23016789740387,false
1,28,14:45,70,01:15,42,1,,,0.0,false,14.8,237.70312464194447,false
1,28,14:45,71,01:30,43,1,,,0.0,false,14.8,238.17608138648507,false
1,28,14:45,72,01:45,44,1,,,0.0,false,14.8,238.64903813102566,false
1,28,14:45,73,02:00,45,1,,,0.0,false,14.8,239.12199487556626,false
1,28,14:45,74,02:15,46,1,,,0.0,false,14.8,239.59495162010685,false
1,28,14:45,75,02:30,47,1,,,0.0,false,14.8,240.06790836464745,false
1,28,14:45,76,02:45,48,1,,,0.0,false,14.8,240.54086510918805,false
1,28,14:45,77,03:00,49,1,,,0.0,false,14.8,241.01382185372864,false
1,28,14:45,78,03:15,50,1,,,0.0,false,14.8,241.48677859826924,false
1,28,14:45,79,03:30,51,1,,,0.0,false,14.8,241.95973534280984,false
1,28,14:45,80,03:45,52,1,,,0.0,false,14.8,242.43269208735043,false
1,28,14:45,81,04:00,53,1,,,0.0,false,14.8,242.90564883189103,false
1,28,14:45,82,04:15,54,1,,,0.0,false,14.8,243.37860557643162,false
1,28,14:45,83,04:30,55,1,,,0.0,false,14.8,243.85156232097222,false
1,28,14:45,84,04:45,56,1,,,0.0,false,14.8,244.32451906551282,false
1,28,14:45,85,05:00,57,1,,,0.0,false,14.8,244.7974758100534,false
1,28,14:45,86,05:15,58,1,,,0.0,false,14.8,245.270432554594,false
1,28,14:45,87,05:30,59,1,,,0.0,false,14.8,245.7433892991346,false
1,28,14:45,88,05:45,60,1,,,0.0,false,14.8,246.2163460436752,false
1,28,14:45,89,06:00,61,1,,,0.0,false,14.8,246.6893027882158,false
1,28,14:45,90,06:15,62,1,,,0.0,false,14.8,247.1622595327564,false
1,28,14:45,91,06:30,63,1,,,0.0,false,14.8,247.635216277297,false
1,28,14:45,92,06:45,64,1,,,0.0,false,14.8,248.1081730218376,false
1,28,14:45,93,07:00,65,1,,,0.0,false,14.8,248.58112976637818,false
1,28,14:45,94,07:15,66,1,,,0.0,false,14.8,249.05408651091878,false
1,28,14:45,95,07:30,67,1,,,0.0,false,14.8,249.52704325545938,false
1,28,14:45,96,07:45,68,1,,,0.0,false,14.8,250.0,false
1,29,15:00,29,15:00,0,1,,Digging,4.7925,false,6.710769007872869,244.4141699355264,true
1,29,15:00,30,15:15,1,1,,Loading/Swinging,3.1586,false,5.921119007872869,244.4141699355264,false
1,29,15:00,31,15:30,2,1,,Loading/Swinging,3.1586,false,5.131469007872869,244.4141699355264,true
1,29,15:00,32,15:45,3,1,,Charging,0.0,true,6.946475000000001,242.40308296364037,false
1,29,15:00,33,16:00,4,1,,Loading/Swinging,3.1586,false,6.156825000000001,242.40308296364037,false
1,29,15:00,34,16:15,5,1,,Traveling,4.7101,false,4.979300000000001,242.40308296364037,false
1,29,15:00,35,16:30,6,1,,Loading/Swinging,3.1586,false,4.189650000000001,242.40308296364037,false
1,29,15:00,36,16:45,7,1,,Loading/Swinging,3.1586,false,3.4000000000000012,242.40308296364037,false
1,29,15:00,37,17:00,8,1,,Charging,0.0,true,5.300000000000001,240.29781980574563,false
1,29,15:00,38,17:15,9,1,,Charging,0.0,true,7.200000000000001,238.1925566478509,false
1,29,15:00,39,17:30,10,1,,Charging,0.0,true,9.100000000000001,236.08729348995615,false
1,29,15:00,40,17:45,11,1,,Charging,0.0,true,11.000000000000002,233.9820303320614,false
1,29,15:00,41,18:00,12,1,,Charging,0.0,true,12.900000000000002,231.87676717416667,false
1,29,15:00,42,18:15,13,1,,Charging,0.0,true,14.8,229.77150401627193,false
1,29,15:00,43,18:30,14,1,,,0.0,false,14.8,229.77150401627193,false
1,29,15:00,44,18:45,15,1,,,0.0,false,14.8,229.77150401627193,false
1,29,15:00,45,19:00,16,1,,,0.0,false,14.8,229.77150401627193,false
1,29,15:00,46,19:15,17,1,,,0.0,false,14.8,229.77150401627193,false
1,29,15:00,47,19:30,18,1,,,0.0,false,14.8,229.77150401627193,false
1,29,15:00,48,19:45,19,1,,,0.0,false,14.8,229.77150401627193,false
1,29,15:00,49,20:00,20,1,,,0.0,false,14.8,229.77150401627193,false
1,29,15:00,50,20:15,21,1,,,0.0,false,14.8,229.77150401627193,false
1,29,15:00,51,20:30,22,1,,,0.0,false,14.8,229.77150401627193,false
1,29,15:00,52,20:45,23,1,,,0.0,false,14.8,229.77150401627193,false
1,29,15:00,53,21:00,24,1,,,0.0,false,14.8,230.24446076081253,false
1,29,15:00,54,21:15,25,1,,,0.0,false,14.8,230.71741750535313,false
1,29,15:00,55,21:30,26,1,,,0.0,false,14.8,231.19037424989372,false
1,29,15:00,56,21:45,27,1,,,0.0,false,14.8,231.66333099443432,false
1,29,15:00,57,22:00,28,1,,,0.0,false,14.8,232.13628773897491,false
1,29,15:00,58,22:15,29,1,,,0.0,false,14.8,232.6092444835155,false
1,29,15:00,59,22:30,30,1,,,0.0,false,14.8,233.0822012280561,false
1,29,15:00,60,22:45,31,1,,,0.0,false,14.8,233.5551579725967,false
1,29,15:00,61,23:00,32,1,,,0.0,false,14.8,233.91947068561973,false
1,29,15:00,62,23:15,33,1,,,0.0,false,14.8,234.39242743016032,false
1,29,15:00,63,23:30,34,1,,,0.0,false,14.8,234.86538417470092,false
1,29,15:00,64,23:45,35,1,,,0.0,false,14.8,234.86538417470092,false
1,29,15:00,65,00:00,36,1,,,0.0,false,14.8,235.33834091924152,false
1,29,15:00,66,00:15,37,1,,,0.0,false,14.8,235.8112976637821,false
1,29,15:00,67,00:30,38,1,,,0.0,false,14.8,236.2842544083227,false
1,29,15:00,68,00:45,39,1,,,0.0,false,14.8,236.7572111528633,false
1,29,15:00,69,01:00,40,1,,,0.0,false,14.8,237.2301678974039,false
1,29,15:00,70,01:15,41,1,,,0.0,false,14.8,237.7031246419445,false
1,29,15:00,71,01:30,42,1,,,0.0,false,14.8,238.1760813864851,false
1,29,15:00,72,01:45,43,1,,,0.0,false,14.8,238.6490381310257,false
1,29,15:00,73,02:00,44,1,,,0.0,false,14.8,239.1219948755663,false
1,29,15:00,74,02:15,45,1,,,0.0,false,14.8,239.59495162010688,false
1,29,15:00,75,02:30,46,1,,,0.0,false,14.8,240.06790836464748,false
1,29,15:00,76,02:45,47,1,,,0.0,false,14.8,240.54086510918808,false
1,29,15:00,77,03:00,48,1,,,0.0,false,14.8,241.01382185372867,false
1,29,15:00,78,03:15,49,1,,,0.0,false,14.8,241.48677859826927,false
1,29,15:00,79,03:30,50,1,,,0.0,false,14.8,241.95973534280984,false
1,29,15:00,80,03:45,51,1,,,0.0,false,14.8,242.43269208735043,false
1,29,15:00,81,04:00,52,1,,,0.0,false,14.8,242.90564883189103,false
1,29,15:00,82,04:15,53,1,,,0.0,false,14.8,243.37860557643162,false
1,29,15:00,83,04:30,54,1,,,0.0,false,14.8,243.85156232097222,false
1,29,15:00,84,04:45,55,1,,,0.0,false,14.8,244.32451906551282,false
1,29,15:00,85,05:00,56,1,,,0.0,false,14.8,244.7974758100534,false
1,29,15:00,86,05:15,57,1,,,0.0,false,14.8,245.270432554594,false
1,29,15:00,87,05:30,58,1,,,0.0,false,14.8,245.7433892991346,false
1,29,15:00,88,05:45,59,1,,,0.0,false,14.8,246.2163460436752,false
1,29,15:00,89,06:00,60,1,,,0.0,false,14.8,246.6893027882158,false
1,29,15:00,90,06:15,61,1,,,0.0,false,14.8,247.1622595327564,false
1,29,15:00,91,06:30,62,1,,,0.0,false,14.8,247.635216277297,false
1,29,15:00,92,06:45,63,1,,,0.0,false,14.8,248.1081730218376,false
1,29,15:00,93,07:00,64,1,,,0.0,false,14.8,248.58112976637818,false
1,29,15:00,94,07:15,65,1,,,0.0,false,14.8,249.05408651091878,false
1,29,15:00,95,07:30,66,1,,,0.0,false,14.8,249.52704325545938,false
1,29,15:00,96,07:45,67,1,,,0.0,false,14.8,250.0,false
1,30,15:15,30,15:15,0,1,,Loading/Swinging,3.1586,false,5.784519007872869,244.4141699355264,false
1,30,15:15,31,15:30,1,1,,Loading/Swinging,3.1586,false,4.99486900787287,244.4141699355264,false
1,30,15:15,32,15:45,2,1,,Charging,0.0,true,6.894869007872869,242.30890677763165,false
1,30,15:15,33,16:00,3,1,,Loading/Swinging,3.1586,false,6.105219007872869,242.30890677763165,false
1,30,15:15,34,16:15,4,1,,Traveling,4.7101,false,4.927694007872869,242.30890677763165,false
1,30,15:15,35,16:30,5,1,,Loading/Swinging,3.1586,false,4.138044007872869,242.30890677763165,false
1,30,15:15,36,16:45,6,1,,Loading/Swinging,3.1586,false,3.348394007872869,242.30890677763165,false
1,30,15:15,37,17:00,7,1,,Charging,0.0,true,5.248394007872869,240.2036436197369,false
1,30,15:15,38,17:15,8,1,,Charging,0.0,true,7.148394007872868,238.0983804618422,false
1,30,15:15,39,17:30,9,1,,Charging,0.0,true,9.048394007872869,235.99311730394746,false
1,30,15:15,40,17:45,10,1,,Charging,0.0,true,10.948394007872867,233.88785414605272,false
1,30,15:15,41,18:00,11,1,,Charging,0.0,true,10.999999999999998,233.83067299134123,false
1,30,15:15,42,18:15,12,1,,Charging,0.0,true,12.899999999999999,231.7254098334465,false
1,30,15:15,43,18:30,13,1,,Charging,0.0,true,14.799999999999999,229.62014667555172,true
1,30,15:15,44,18:45,14,1,,,0.0,false,14.799999999999999,229.62014667555172,false
1,30,15:15,45,19:00,15,1,,,0.0,false,14.8,229.62014667555172,false
1,30,15:15,46,19:15,16,1,,,0.0,false,14.8,229.62014667555172,false
1,30,15:15,47,19:30,17,1,,,0.0,false,14.8,229.62014667555172,false
1,30,15:15,48,19:45,18,1,,,0.0,false,14.8,229.62014667555172,false
1,30,15:15,49,20:00,19,1,,,0.0,false,14.8,229.62014667555172,false
1,30,15:15,50,20:15,20,1,,,0.0,false,14.8,229.62014667555172,false
1,30,15:15,51,20:30,21,1,,,0.0,false,14.8,229.62014667555172,false
1,30,15:15,52,20:45,22,1,,,0.0,false,14.8,229.62014667555172,false
1,30,15:15,53,21:00,23,1,,,0.0,false,14.8,230.09310342009232,false
1,30,15:15,54,21:15,24,1,,,0.0,false,14.8,230.56606016463292,false
1,30,15:15,55,21:30,25,1,,,0.0,false,14.8,231.0390169091735,false
1,30,15:15,56,21:45,26,1,,,0.0,false,14.8,231.5119736537141,false
1,30,15:15,57,22:00,27,1,,,0.0,false,14.8,231.9849303982547,false
1,30,15:15,58,22:15,28,1,,,0.0,false,14.8,232.4578871427953,false
1,30,15:15,59,22:30,29,1,,,0.0,false,14.8,232.9308438873359,false
1,30,15:15,60,22:45,30,1,,,0.0,false,14.8,233.4038006318765,false
1,30,15:15,61,23:00,31,1,,,0.0,false,14.8,233.8767573764171,false
1,30,15:15,62,23:15,32,1,,,0.0,false,14.8,234.34971412095769,false
1,30,15:15,63,23:30,33,1,,,0.0,false,14.8,234.82267086549825,false
1,30,15:15,64,23:45,34,1,,,0.0,false,14.8,234.8653841747009,false
1,30,15:15,65,00:00,35,1,,,0.0,false,14.8,235.3383409192415,false
1,30,15:15,66,00:15,36,1,,,0.0,false,14.8,235.81129766378209,false
1,30,15:15,67,00:30,37,1,,,0.0,false,14.8,236.28425440832268,false
1,30,15:15,68,00:45,38,1,,,0.0,false,14.8,236.75721115286328,false
1,30,15:15,69,01:00,39,1,,,0.0,false,14.8,237.23016789740387,false
1,30,15:15,70,01:15,40,1,,,0.0,false,14.8,237.70312464194447,false
1,30,15:15,71,01:30,41,1,,,0.0,false,14.8,238.17608138648507,false
1,30,15:15,72,01:45,42,1,,,0.0,false,14.8,238.64903813102566,false
1,30,15:15,73,02:00,43,1,,,0.0,false,14.8,239.12199487556626,false
1,30,15:15,74,02:15,44,1,,,0.0,false,14.8,239.59495162010685,false
1,30,15:15,75,02:30,45,1,,,0.0,false,14.8,240.06790836464745,false
1,30,15:15,76,02:45,46,1,,,0.0,false,14.8,240.54086510918805,false
1,30,15:15,77,03:00,47,1,,,0.0,false,14.8,241.01382185372864,false
1,30,15:15,78,03:15,48,1,,,0.0,false,14.8,241.48677859826924,false
1,30,15:15,79,03:30,49,1,,,0.0,false,14.8,241.95973534280984,false
1,30,15:15,80,03:45,50,1,,,0.0,false,14.8,242.43269208735043,false
1,30,15:15,81,04:00,51,1,,,0.0,false,14.8,242.90564883189103,false
1,30,15:15,82,04:15,52,1,,,0.0,false,14.8,243.37860557643162,false
1,30,15:15,83,04:30,53,1,,,0.0,false,14.8,243.85156232097222,false
1,30,15:15,84,04:45,54,1,,,0.0,false,14.8,244.32451906551282,false
1,30,15:15,85,05:00,55,1,,,0.0,false,14.8,244.7974758100534,false
1,30,15:15,86,05:15,56,1,,,0.0,false,14.8,245.270432554594,false
1,30,15:15,87,05:30,57,1,,,0.0,false,14.8,245.7433892991346,false
1,30,15:15,88,05:45,58,1,,,0.0,false,14.8,246.2163460436752,false
1,30,15:15,89,06:00,59,1,,,0.0,false,14.8,246.6893027882158,false
1,30,15:15,90,06:15,60,1,,,0.0,false,14.8,247.1622595327564,false
1,30,15:15,91,06:30,61,1,,,0.0,false,14.8,247.635216277297,false
1,30,15:15,92,06:45,62,1,,,0.0,false,14.8,248.1081730218376,false
1,30,15:15,93,07:00,63,1,,,0.0,false,14.8,248.58112976637818,false
1,30,15:15,94,07:15,64,1,,,0.0,false,14.8,249.05408651091878,false
1,30,15:15,95,07:30,65,1,,,0.0,false,14.8,249.52704325545938,false
1,30,15:15,96,07:45,66,1,,,0.0,false,14.8,250.0,false
1,31,15:30,31,15:30,0,1,,Loading/Swinging,3.1586,false,4.822344007872869,244.4141699355264,false
1,31,15:30,32,15:45,1,1,,Charging,0.0,true,6.722344007872868,242.30890677763165,false
1,31,15:30,33,16:00,2,1,,Loading/Swinging,3.1586,false,5.932694007872869,242.30890677763165,false
1,31,15:30,34,16:15,3,1,,Traveling,4.7101,false,4.755169007872869,242.30890677763165,false
1,31,15:30,35,16:30,4,1,,Loading/Swinging,3.1586,false,3.9655190078728686,242.30890677763165,false
1,31,15:30,36,16:45,5,1,,Loading/Swinging,3.1586,false,3.1758690078728686,242.30890677763165,false
1,31,15:30,37,17:00,6,1,,Charging,0.0,true,5.0758690078728685,240.20364361973694,false
1,31,15:30,38,17:15,7,1,,Charging,0.0,true,5.3,239.95529903012238,false
1,31,15:30,39,17:30,8,1,,Charging,0.0,true,7.199999999999999,237.85003587222764,false
1,31,15:30,40,17:45,9,1,,Charging,0.0,true,9.1,235.7447727143329,false
1,31,15:30,41,18:00,10,1,,Charging,0.0,true,11.0,233.63950955643816,false
1,31,15:30,42,18:15,11,1,,Charging,0.0,true,12.9,231.53424639854342,false
1,31,15:30,43,18:30,12,1,,Charging,0.0,true,14.8,229.42898324064868,false
1,31,15:30,44,18:45,13,1,,,0.0,false,14.8,229.42898324064868,false
1,31,15:30,45,19:00,14,1,,,0.0,false,14.8,229.42898324064868,false
1,31,15:30,46,19:15,15,1,,,0.0,false,14.8,229.42898324064868,false
1,31,15:30,47,19:30,16,1,,,0.0,false,14.8,229.42898324064868,false
1,31,15:30,48,19:45,17,1,,,0.0,false,14.8,229.42898324064868,false
1,31,15:30,49,20:00,18,1,,,0.0,false,14.8,229.42898324064868,false
1,31,15:30,50,20:15,19,1,,,0.0,false,14.8,229.42898324064868,false
1,31,15:30,51,20:30,20,1,,,0.0,false,14.8,229.4289832406487,false
1,31,15:30,52,20:45,21,1,,,0.0,false,14.8,229.4289832406487,false
1,31,15:30,53,21:00,22,1,,,0.0,false,14.8,229.9019399851893,false
1,31,15:30,54,21:15,23,1,,,0.0,false,14.8,230.3748967297299,false
1,31,15:30,55,21:30,24,1,,,0.0,false,14.8,230.8478534742705,false
1,31,15:30,56,21:45,25,1,,,0.0,false,14.8,231.3208102188111,false
1,31,15:30,57,22:00,26,1,,,0.0,false,14.8,231.7937669633517,false
1,31,15:30,58,22:15,27,1,,,0.0,false,14.8,232.26672370789228,false
1,31,15:30,59,22:30,28,1,,,0.0,false,14.8,232.73968045243288,false
1,31,15:30,60,22:45,29,1,,,0.0,false,14.8,233.21263719697347,false
1,31,15:30,61,23:00,30,1,,,0.0,false,14.8,233.68559394151407,false
1,31,15:30,62,23:15,31,1,,,0.0,false,14.8,234.15855068605467,false
1,31,15:30,63,23:30,32,1,,,0.0,false,14.8,234.63150743059526,false
1,31,15:30,64,23:45,33,1,,,0.0,false,14.8,234.86538417470092,false
1,31,15:30,65,00:00,34,1,,,0.0,false,14.8,235.33834091924152,false
1,31,15:30,66,00:15,35,1,,,0.0,false,14.8,235.8112976637821,false
1,31,15:30,67,00:30,36,1,,,0.0,false,14.8,236.2842544083227,false
1,31,15:30,68,00:45,37,1,,,0.0,false,14.8,236.7572111528633,false
1,31,15:30,69,01:00,38,1,,,0.0,false,14.8,237.2301678974039,false
1,31,15:30,70,01:15,39,1,,,0.0,false,14.8,237.7031246419445,false
1,31,15:30,71,01:30,40,1,,,0.0,false,14.8,238.1760813864851,false
1,31,15:30,72,01:45,41,1,,,0.0,false,14.8,238.6490381310257,false
1,31,15:30,73,02:00,42,1,,,0.0,false,14.8,239.1219948755663,false
1,31,15:30,74,02:15,43,1,,,0.0,false,14.8,239.59495162010688,false
1,31,15:30,75,02:30,44,1,,,0.0,false,14.8,240.06790836464748,false
1,31,15:30,76,02:45,45,1,,,0.0,false,14.8,240.54086510918808,false
1,31,15:30,77,03:00,46,1,,,0.0,false,14.8,241.01382185372864,false
1,31,15:30,78,03:15,47,1,,,0.0,false,14.8,241.48677859826924,false
1,31,15:30,79,03:30,48,1,,,0.0,false,14.8,241.95973534280984,false
1,31,15:30,80,03:45,49,1,,,0.0,false,14.8,242.43269208735043,false
1,31,15:30,81,04:00,50,1,,,0.0,false,14.8,242.90564883189103,false
1,31,15:30,82,04:15,51,1,,,0.0,false,14.8,243.37860557643162,false
1,31,15:30,83,04:30,52,1,,,0.0,false,14.8,243.85156232097222,false
1,31,15:30,84,04:45,53,1,,,0.0,false,14.8,244.32451906551282,false
1,31,15:30,85,05:00,54,1,,,0.0,false,14.8,244.7974758100534,false
1,31,15:30,86,05:15,55,1,,,0.0,false,14.8,245.270432554594,false
1,31,15:30,87,05:30,56,1,,,0.0,false,14.8,245.7433892991346,false
1,31,15:30,88,05:45,57,1,,,0.0,false,14.8,246.2163460436752,false
1,31,15:30,89,06:00,58,1,,,0.0,false,14.8,246.6893027882158,false
1,31,15:30,90,06:15,59,1,,,0.0,false,14.8,247.1622595327564,false
1,31,15:30,91,06:30,60,1,,,0.0,false,14.8,247.635216277297,false
1,31,15:30,92,06:45,61,1,,,0.0,false,14.8,248.1081730218376,false
1,31,15:30,93,07:00,62,1,,,0.0,false,14.8,248.58112976637818,false
1,31,15:30,94,07:15,63,1,,,0.0,false,14.8,249.05408651091878,false
1,31,15:30,95,07:30,64,1,,,0.0,false,14.8,249.52704325545938,false
1,31,15:30,96,07:45,65,1,,,0.0,false,14.8,250.0,false
1,32,15:45,32,15:45,0,1,,Charging,0.0,true,6.728394007872868,242.30890677763165,false
1,32,15:45,33,16:00,1,1,,Loading/Swinging,3.1586,false,5.938744007872868,242.30890677763165,false
1,32,15:45,34,16:15,2,1,,Traveling,4.7101,false,4.761219007872869,242.30890677763165,false
1,32,15:45,35,16:30,3,1,,Loading/Swinging,3.1586,false,3.971569007872869,242.30890677763165,false
1,32,15:45,36,16:45,4,1,,Loading/Swinging,3.1586,false,3.181919007872869,242.30890677763165,false
1,32,15:45,37,17:00,5,1,,Charging,0.0,true,5.0819190078728695,240.2036436197369,false
1,32,15:45,38,17:15,6,1,,Charging,0.0,true,5.300000000000001,239.9620026312304,false
1,32,15:45,39,17:30,7,1,,Charging,0.0,true,7.200000000000001,237.85673947333567,false
1,32,15:45,40,17:45,8,1,,,0.0,false,7.2,237.85673947333567,true
1,32,15:45,41,18:00,9,1,,Charging,0.0,true,9.1,235.75147631544093,false
1,32,15:45,42,18:15,10,1,,Charging,0.0,true,11.0,233.64621315754619,false
1,32,15:45,43,18:30,11,1,,Charging,0.0,true,12.9,231.54094999965145,false
1,32,15:45,44,18:45,12,1,,Charging,0.0,true,14.8,229.4356868417567,true
1,32,15:45,45,19:00,13,1,,,0.0,false,14.8,229.4356868417567,false
1,32,15:45,46,19:15,14,1,,,0.0,false,14.8,229.4356868417567,false
1,32,15:45,47,19:30,15,1,,,0.0,false,14.8,229.4356868417567,false
1,32,15:45,48,19:45,16,1,,,0.0,false,14.8,229.4356868417567,false
1,32,15:45,49,20:00,17,1,,,0.0,false,14.8,229.4356868417567,false
1,32,15:45,50,20:15,18,1,,,0.0,false,14.8,229.4356868417567,false
1,32,15:45,51,20:30,19,1,,,0.0,false,14.8,229.4356868417567,false
1,32,15:45,52,20:45,20,1,,,0.0,false,14.8,229.4356868417567,false
1,32,15:45,53,21:00,21,1,,,0.0,false,14.8,229.9086435862973,false
1,32,15:45,54,21:15,22,1,,,0.0,false,14.8,230.3816003308379,false
1,32,15:45,55,21:30,23,1,,,0.0,false,14.8,230.8545570753785,false
1,32,15:45,56,21:45,24,1,,,0.0,false,14.8,231.3275138199191,false
1,32,15:45,57,22:00,25,1,,,0.0,false,14.8,231.8004705644597,false
1,32,15:45,58,22:15,26,1,,,0.0,false,14.8,232.27342730900028,false
1,32,15:45,59,22:30,27,1,,,0.0,false,14.8,232.74638405354088,false
1,32,15:45,60,22:45,28,1,,,0.0,false,14.8,233.21934079808148,false
1,32,15:45,61,23:00,29,1,,,0.0,false,14.8,233.69229754262207,false
1,32,15:45,62,23:15,30,1,,,0.0,false,14.8,234.16525428716267,false
1,32,15:45,63,23:30,31,1,,,0.0,false,14.8,234.63821103170326,false
1,32,15:45,64,23:45,32,1,,,0.0,false,14.8,234.8653841747009,false
1,32,15:45,65,00:00,33,1,,,0.0,false,14.8,235.3383409192415,false
1,32,15:45,66,00:15,34,1,,,0.0,false,14.8,235.81129766378209,false
1,32,15:45,67,00:30,35,1,,,0.0,false,14.8,236.28425440832268,false
1,32,15:45,68,00:45,36,1,,,0.0,false,14.8,236.75721115286328,false
1,32,15:45,69,01:00,37,1,,,0.0,false,14.8,237.23016789740387,false
1,32,15:45,70,01:15,38,1,,,0.0,false,14.8,237.70312464194447,false
1,32,15:45,71,01:30,39,1,,,0.0,false,14.8,238.17608138648507,false
1,32,15:45,72,01:45,40,1,,,0.0,false,14.8,238.64903813102566,false
1,32,15:45,73,02:00,41,1,,,0.0,false,14.8,239.12199487556626,false
1,32,15:45,74,02:15,42,1,,,0.0,false,14.8,239.59495162010685,false
1,32,15:45,75,02:30,43,1,,,0.0,false,14.8,240.06790836464745,false
1,32,15:45,76,02:45,44,1,,,0.0,false,14.8,240.54086510918805,false
1,32,15:45,77,03:00,45,1,,,0.0,false,14.8,241.01382185372864,false
1,32,15:45,78,03:15,46,1,,,0.0,false,14.8,241.48677859826924,false
1,32,15:45,79,03:30,47,1,,,0.0,false,14.8,241.95973534280984,false
1,32,15:45,80,03:45,48,1,,,0.0,false,14.8,242.43269208735043,false
1,32,15:45,81,04:00,49,1,,,0.0,false,14.8,242.90564883189103,false
1,32,15:45,82,04:15,50,1,,,0.0,false,14.8,243.37860557643162,false
1,32,15:45,83,04:30,51,1,,,0.0,false,14.8,243.85156232097222,false
1,32,15:45,84,04:45,52,1,,,0.0,false,14.8,244.32451906551282,false
1,32,15:45,85,05:00,53,1,,,0.0,false,14.8,244.7974758100534,false
1,32,15:45,86,05:15,54,1,,,0.0,false,14.8,245.270432554594,false
1,32,15:45,87,05:30,55,1,,,0.0,false,14.8,245.7433892991346,false
1,32,15:45,88,05:45,56,1,,,0.0,false,14.8,246.2163460436752,false
1,32,15:45,89,06:00,57,1,,,0.0,false,14.8,246.6893027882158,false
1,32,15:45,90,06:15,58,1,,,0.0,false,14.8,247.1622595327564,false
1,32,15:45,91,06:30,59,1,,,0.0,false,14.8,247.635216277297,false
1,32,15:45,92,06:45,60,1,,,0.0,false,14.8,248.1081730218376,false
1,32,15:45,93,07:00,61,1,,,0.0,false,14.8,248.58112976637818,false
1,32,15:45,94,07:15,62,1,,,0.0,false,14.8,249.05408651091878,false
1,32,15:45,95,07:30,63,1,,,0.0,false,14.8,249.52704325545938,false
1,32,15:45,96,07:45,64,1,,,0.0,false,14.8,250.0,false
1,33,16:00,33,16:00,0,1,,Loading/Swinging,3.1586,false,6.038744007872869,242.30890677763165,false
1,33,16:00,34,16:15,1,1,,Traveling,4.7101,false,4.861219007872869,242.30890677763165,false
1,33,16:00,35,16:30,2,1,,Loading/Swinging,3.1586,false,4.071569007872869,242.30890677763165,false
1,33,16:00,36,16:45,3,1,,Loading/Swinging,3.1586,false,3.281919007872869,242.30890677763165,false
1,33,16:00,37,17:00,4,1,,Charging,0.0,true,3.400000000000001,242.17806911322486,false
1,33,16:00,38,17:15,5,1,,Charging,0.0,true,5.300000000000001,240.07280595533015,false
1,33,16:00,39,17:30,6,1,,Charging,0.0,true,7.200000000000001,237.9675427974354,false
1,33,16:00,40,17:45,7,1,,Charging,0.0,true,9.100000000000001,235.86227963954067,true
1,33,16:00,41,18:00,8,1,,Charging,0.0,true,11.0,233.75701648164593,false
1,33,16:00,42,18:15,9,1,,Charging,0.0,true,12.9,231.6517533237512,false
1,33,16:00,43,18:30,10,1,,Charging,0.0,true,14.8,229.54649016585645,false
1,33,16:00,44,18:45,11,1,,,0.0,false,14.8,229.54649016585645,true
1,33,16:00,45,19:00,12,1,,,0.0,false,14.8,229.54649016585645,false
1,33,16:00,46,19:15,13,1,,,0.0,false,14.8,229.54649016585645,false
1,33,16:00,47,19:30,14,1,,,0.0,false,14.8,229.54649016585645,false
1,33,16:00,48,19:45,15,1,,,0.0,false,14.8,229.54649016585645,false
1,33,16:00,49,20:00,16,1,,,0.0,false,14.8,229.54649016585645,false
1,33,16:00,50,20:15,17,1,,,0.0,false,14.8,229.54649016585645,false
1,33,16:00,51,20:30,18,1,,,0.0,false,14.8,229.54649016585645,false
1,33,16:00,52,20:45,19,1,,,0.0,false,14.8,229.54649016585645,false
1,33,16:00,53,21:00,20,1,,,0.0,false,14.8,230.01944691039705,false
1,33,16:00,54,21:15,21,1,,,0.0,false,14.8,230.49240365493765,false
1,33,16:00,55,21:30,22,1,,,0.0,false,14.8,230.96536039947824,false
1,33,16:00,56,21:45,23,1,,,0.0,false,14.8,231.43831714401884,false
1,33,16:00,57,22:00,24,1,,,0.0,false,14.8,231.91127388855944,false
1,33,16:00,58,22:15,25,1,,,0.0,false,14.8,232.38423063310003,false
1,33,16:00,59,22:30,26,1,,,0.0,false,14.8,232.85718737764063,false
1,33,16:00,60,22:45,27,1,,,0.0,false,14.8,233.33014412218122,false
1,33,16:00,61,23:00,28,1,,,0.0,false,14.8,233.80310086672182,false
1,33,16:00,62,23:15,29,1,,,0.0,false,14.8,234.27605761126242,false
1,33,16:00,63,23:30,30,1,,,0.0,false,14.8,234.749014355803,false
1,33,16:00,64,23:45,31,1,,,0.0,false,14.8,234.8653841747009,false
1,33,16:00,65,00:00,32,1,,,0.0,false,14.8,235.3383409192415,false
1,33,16:00,66,00:15,33,1,,,0.0,false,14.8,235.81129766378209,false
1,33,16:00,67,00:30,34,1,,,0.0,false,14.8,236.28425440832268,false
1,33,16:00,68,00:45,35,1,,,0.0,false,14.8,236.75721115286328,false
1,33,16:00,69,01:00,36,1,,,0.0,false,14.8,237.23016789740387,false
1,33,16:00,70,01:15,37,1,,,0.0,false,14.8,237.70312464194447,false
1,33,16:00,71,01:30,38,1,,,0.0,false,14.8,238.17608138648507,false
1,33,16:00,72,01:45,39,1,,,0.0,false,14.8,238.64903813102566,false
1,33,16:00,73,02:00,40,1,,,0.0,false,14.8,239.12199487556626,false
1,33,16:00,74,02:15,41,1,,,0.0,false,14.8,239.59495162010685,false
1,33,16:00,75,02:30,42,1,,,0.0,false,14.8,240.06790836464745,false
1,33,16:00,76,02:45,43,1,,,0.0,false,14.8,240.54086510918805,false
1,33,16:00,77,03:00,44,1,,,0.0,false,14.8,241.01382185372864,false
1,33,16:00,78,03:15,45,1,,,0.0,false,14.8,241.48677859826924,false
1,33,16:00,79,03:30,46,1,,,0.0,false,14.8,241.95973534280984,false
1,33,16:00,80,03:45,47,1,,,0.0,false,14.8,242.43269208735043,false
1,33,16:00,81,04:00,48,1,,,0.0,false,14.8,242.90564883189103,false
1,33,16:00,82,04:15,49,1,,,0.0,false,14.8,243.37860557643162,false
1,33,16:00,83,04:30,50,1,,,0.0,false,14.8,243.85156232097222,false
1,33,16:00,84,04:45,51,1,,,0.0,false,14.8,244.32451906551282,false
1,33,16:00,85,05:00,52,1,,,0.0,false,14.8,244.7974758100534,false
1,33,16:00,86,05:15,53,1,,,0.0,false,14.8,245.270432554594,false
1,33,16:00,87,05:30,54,1,,,0.0,false,14.8,245.7433892991346,false
1,33,16:00,88,05:45,55,1,,,0.0,false,14.8,246.2163460436752,false
1,33,16:00,89,06:00,56,1,,,0.0,false,14.8,246.6893027882158,false
1,33,16:00,90,06:15,57,1,,,0.0,false,14.8,247.1622595327564,false
1,33,16:00,91,06:30,58,1,,,0.0,false,14.8,247.635216277297,false
1,33,16:00,92,06:45,59,1,,,0.0,false,14.8,248.1081730218376,false
1,33,16:00,93,07:00,60,1,,,0.0,false,14.8,248.58112976637818,false
1,33,16:00,94,07:15,61,1,,,0.0,false,14.8,249.05408651091878,false
1,33,16:00,95,07:30,62,1,,,0.0,false,14.8,249.52704325545938,false
1,33,16:00,96,07:45,63,1,,,0.0,false,14.8,250.0,false
1,34,16:15,34,16:15,0,1,,Traveling,4.710100000000001,false,4.709419007872869,242.30890677763165,false
1,34,16:15,35,16:30,1,1,,Loading/Swinging,3.1586,false,3.919769007872869,242.30890677763165,false
1,34,16:15,36,16:45,2,1,,Loading/Swinging,3.1586,false,3.130119007872869,242.30890677763165,false
1,34,16:15,37,17:00,3,1,,Charging,0.0,true,5.0301190078728695,240.2036436197369,false
1,34,16:15,38,17:15,4,1,,Charging,0.0,true,6.930119007872869,238.0983804618422,false
1,34,16:15,39,17:30,5,1,,Charging,0.0,true,8.830119007872868,235.99311730394746,false
1,34,16:15,40,17:45,6,1,,Charging,0.0,true,10.730119007872869,233.88785414605272,false
1,34,16:15,41,18:00,7,1,,Charging,0.0,true,12.63011900787287,231.78259098815798,false
1,34,16:15,42,18:15,8,1,,Charging,0.0,true,14.530119007872868,229.67732783026324,false
1,34,16:15,43,18:30,9,1,,Charging,0.0,true,14.799999999999999,229.37829071987306,false
1,34,16:15,44,18:45,10,1,,,0.0,false,14.799999999999999,229.37829071987306,false
1,34,16:15,45,19:00,11,1,,,0.0,false,14.799999999999999,229.37829071987306,false
1,34,16:15,46,19:15,12,1,,,0.0,false,14.799999999999999,229.37829071987306,false
1,34,16:15,47,19:30,13,1,,,0.0,false,14.799999999999999,229.37829071987306,false
1,34,16:15,48,19:45,14,1,,,0.0,false,14.799999999999999,229.37829071987306,false
1,34,16:15,49,20:00,15,1,,,0.0,false,14.799999999999999,229.37829071987306,false
1,34,16:15,50,20:15,16,1,,,0.0,false,14.799999999999999,229.37829071987306,false
1,34,16:15,51,20:30,17,1,,,0.0,false,14.799999999999999,229.37829071987306,false
1,34,16:15,52,20:45,18,1,,,0.0,false,14.799999999999999,229.37829071987306,false
1,34,16:15,53,21:00,19,1,,,0.0,false,14.799999999999999,229.85124746441366,false
1,34,16:15,54,21:15,20,1,,,0.0,false,14.799999999999999,230.32420420895426,false
1,34,16:15,55,21:30,21,1,,,0.0,false,14.799999999999999,230.79716095349485,false
1,34,16:15,56,21:45,22,1,,,0.0,false,14.8,231.27011769803545,false
1,34,16:15,57,22:00,23,1,,,0.0,false,14.8,231.74307444257605,false
1,34,16:15,58,22:15,24,1,,,0.0,false,14.8,232.21603118711664,false
1,34,16:15,59,22:30,25,1,,,0.0,false,14.8,232.68898793165724,false
1,34,16:15,60,22:45,26,1,,,0.0,false,14.8,233.16194467619783,false
1,34,16:15,61,23:00,27,1,,,0.0,false,14.8,233.63490142073843,false
1,34,16:15,62,23:15,28,1,,,0.0,false,14.8,234.10785816527903,false
1,34,16:15,63,23:30,29,1,,,0.0,false,14.8,234.58081490981962,false
1,34,16:15,64,23:45,30,1,,,0.0,false,14.8,234.86538417470092,false
1,34,16:15,65,00:00,31,1,,,0.0,false,14.8,235.3383409192415,false
1,34,16:15,66,00:15,32,1,,,0.0,false,14.8,235.81129766378209,false
1,34,16:15,67,00:30,33,1,,,0.0,false,14.8,236.28425440832268,false
1,34,16:15,68,00:45,34,1,,,0.0,false,14.8,236.75721115286328,false
1,34,16:15,69,01:00,35,1,,,0.0,false,14.8,237.23016789740387,false
1,34,16:15,70,01:15,36,1,,,0.0,false,14.8,237.70312464194447,false
1,34,16:15,71,01:30,37,1,,,0.0,false,14.8,238.17608138648507,false
1,34,16:15,72,01:45,38,1,,,0.0,false,14.8,238.64903813102566,false
1,34,16:15,73,02:00,39,1,,,0.0,false,14.8,239.12199487556626,false
1,34,16:15,74,02:15,40,1,,,0.0,false,14.8,239.59495162010685,false
1,34,16:15,75,02:30,41,1,,,0.0,false,14.8,240.06790836464745,false
1,34,16:15,76,02:45,42,1,,,0.0,false,14.8,240.54086510918805,false
1,34,16:15,77,03:00,43,1,,,0.0,false,14.8,241.01382185372864,false
1,34,16:15,78,03:15,44,1,,,0.0,false,14.8,241.48677859826924,false
1,34,16:15,79,03:30,45,1,,,0.0,false,14.8,241.95973534280984,false
1,34,16:15,80,03:45,46,1,,,0.0,false,14.8,242.43269208735043,false
1,34,16:15,81,04:00,47,1,,,0.0,false,14.8,242.90564883189103,false
1,34,16:15,82,04:15,48,1,,,0.0,false,14.8,243.37860557643162,false
1,34,16:15,83,04:30,49,1,,,0.0,false,14.8,243.85156232097222,false
1,34,16:15,84,04:45,50,1,,,0.0,false,14.8,244.32451906551282,false
1,34,16:15,85,05:00,51,1,,,0.0,false,14.8,244.7974758100534,false
1,34,16:15,86,05:15,52,1,,,0.0,false,14.8,245.270432554594,false
1,34,16:15,87,05:30,53,1,,,0.0,false,14.8,245.7433892991346,false
1,34,16:15,88,05:45,54,1,,,0.0,false,14.8,246.2163460436752,false
1,34,16:15,89,06:00,55,1,,,0.0,false,14.8,246.6893027882158,false
1,34,16:15,90,06:15,56,1,,,0.0,false,14.8,247.1622595327564,false
1,34,16:15,91,06:30,57,1,,,0.0,false,14.8,247.635216277297,false
1,34,16:15,92,06:45,58,1,,,0.0,false,14.8,248.1081730218376,false
1,34,16:15,93,07:00,59,1,,,0.0,false,14.8,248.58112976637818,false
1,34,16:15,94,07:15,60,1,,,0.0,false,14.8,249.05408651091878,false
1,34,16:15,95,07:30,61,1,,,0.0,false,14.8,249.52704325545938,false
1,34,16:15,96,07:45,62,1,,,0.0,false,14.8,250.0,false
1,35,16:30,35,16:30,0,1,,Loading/Swinging,3.1586,false,3.9036440078728694,242.30890677763165,false
1,35,16:30,36,16:45,1,1,,Loading/Swinging,3.1586,false,3.1139940078728694,242.30890677763165,false
1,35,16:30,37,17:00,2,1,,Charging,0.0,true,3.400000000000001,241.9920026312304,false
1,35,16:30,38,17:15,3,1,,Charging,0.0,true,5.300000000000001,239.88673947333567,false
1,35,16:30,39,17:30,4,1,,Charging,0.0,true,7.200000000000001,237.78147631544093,false
1,35,16:30,40,17:45,5,1,,Charging,0.0,true,9.100000000000001,235.6762131575462,false
1,35,16:30,41,18:00,6,1,,Charging,0.0,true,11.0,233.57094999965145,false
1,35,16:30,42,18:15,7,1,,Charging,0.0,true,12.9,231.4656868417567,false
1,35,16:30,43,18:30,8,1,,Charging,0.0,true,14.8,229.36042368386197,false
1,35,16:30,44,18:45,9,1,,,0.0,false,14.8,229.36042368386197,false
1,35,16:30,45,19:00,10,1,,,0.0,false,14.8,229.36042368386197,false
1,35,16:30,46,19:15,11,1,,,0.0,false,14.8,229.36042368386197,false
1,35,16:30,47,19:30,12,1,,,0.0,false,14.8,229.36042368386197,false
1,35,16:30,48,19:45,13,1,,,0.0,false,14.8,229.36042368386197,false
1,35,16:30,49,20:00,14,1,,,0.0,false,14.8,229.36042368386197,false
1,35,16:30,50,20:15,15,1,,,0.0,false,14.8,229.36042368386197,false
1,35,16:30,51,20:30,16,1,,,0.0,false,14.8,229.36042368386197,false
1,35,16:30,52,20:45,17,1,,,0.0,false,14.8,229.36042368386197,false
1,35,16:30,53,21:00,18,1,,,0.0,false,14.8,229.83338042840256,false
1,35,16:30,54,21:15,19,1,,,0.0,false,14.8,230.30633717294316,false
1,35,16:30,55,21:30,20,1,,,0.0,false,14.8,230.77929391748376,false
1,35,16:30,56,21:45,21,1,,,0.0,false,14.8,231.25225066202435,false
1,35,16:30,57,22:00,22,1,,,0.0,false,14.8,231.72520740656495,false
1,35,16:30,58,22:15,23,1,,,0.0,false,14.8,232.19816415110554,false
1,35,16:30,59,22:30,24,1,,,0.0,false,14.8,232.67112089564614,false
1,35,16:30,60,22:45,25,1,,,0.0,false,14.8,233.14407764018674,false
1,35,16:30,61,23:00,26,1,,,0.0,false,14.8,233.61703438472733,false
1,35,16:30,62,23:15,27,1,,,0.0,false,14.8,234.08999112926793,false
1,35,16:30,63,23:30,28,1,,,0.0,false,14.8,234.56294787380853,false
1,35,16:30,64,23:45,29,1,,,0.0,false,14.8,234.8653841747009,false
1,35,16:30,65,00:00,30,1,,,0.0,false,14.8,235.3383409192415,false
1,35,16:30,66,00:15,31,1,,,0.0,false,14.8,235.81129766378209,false
1,35,16:30,67,00:30,32,1,,,0.0,false,14.8,236.28425440832268,false
1,35,16:30,68,00:45,33,1,,,0.0,false,14.8,236.75721115286328,false
1,35,16:30,69,01:00,34,1,,,0.0,false,14.8,237.23016789740387,false
1,35,16:30,70,01:15,35,1,,,0.0,false,14.8,237.70312464194447,false
1,35,16:30,71,01:30,36,1,,,0.0,false,14.8,238.17608138648507,false
1,35,16:30,72,01:45,37,1,,,0.0,false,14.8,238.64903813102566,false
1,35,16:30,73,02:00,38,1,,,0.0,false,14.8,239.12199487556626,false
1,35,16:30,74,02:15,39,1,,,0.0,false,14.8,239.59495162010685,false
1,35,16:30,75,02:30,40,1,,,0.0,false,14.8,240.06790836464745,false
1,35,16:30,76,02:45,41,1,,,0.0,false,14.8,240.54086510918805,false
1,35,16:30,77,03:00,42,1,,,0.0,false,14.8,241.01382185372864,false
1,35,16:30,78,03:15,43,1,,,0.0,false,14.8,241.48677859826924,false
1,35,16:30,79,03:30,44,1,,,0.0,false,14.8,241.95973534280984,false
1,35,16:30,80,03:45,45,1,,,0.0,false,14.8,242.43269208735043,false
1,35,16:30,81,04:00,46,1,,,0.0,false,14.8,242.90564883189103,false
1,35,16:30,82,04:15,47,1,,,0.0,false,14.8,243.37860557643162,false
1,35,16:30,83,04:30,48,1,,,0.0,false,14.8,243.85156232097222,false
1,35,16:30,84,04:45,49,1,,,0.0,false,14.8,244.32451906551282,false
1,35,16:30,85,05:00,50,1,,,0.0,false,14.8,244.7974758100534,false
1,35,16:30,86,05:15,51,1,,,0.0,false,14.8,245.270432554594,false
1,35,16:30,87,05:30,52,1,,,0.0,false,14.8,245.7433892991346,false
1,35,16:30,88,05:45,53,1,,,0.0,false,14.8,246.2163460436752,false
1,35,16:30,89,06:00,54,1,,,0.0,false,14.8,246.6893027882158,false
1,35,16:30,90,06:15,55,1,,,0.0,false,14.8,247.1622595327564,false
1,35,16:30,91,06:30,56,1,,,0.0,false,14.8,247.635216277297,false
1,35,16:30,92,06:45,57,1,,,0.0,false,14.8,248.1081730218376,false
1,35,16:30,93,07:00,58,1,,,0.0,false,14.8,248.58112976637818,false
1,35,16:30,94,07:15,59,1,,,0.0,false,14.8,249.05408651091878,false
1,35,16:30,95,07:30,60,1,,,0.0,false,14.8,249.52704325545938,false
1,35,16:30,96,07:45,61,1,,,0.0,false,14.8,250.0,false
1,36,16:45,36,16:45,0,1,,Loading/Swinging,3.1586,false,3.203644007872869,242.30890677763165,false
1,36,16:45,37,17:00,1,1,,Charging,0.0,true,5.103644007872869,240.2036436197369,false
1,36,16:45,38,17:15,2,1,,Charging,0.0,true,7.003644007872868,238.09838046184217,false
1,36,16:45,39,17:30,3,1,,Charging,0.0,true,8.903644007872868,235.99311730394743,false
1,36,16:45,40,17:45,4,1,,Charging,0.0,true,10.803644007872867,233.88785414605272,false
1,36,16:45,41,18:00,5,1,,Charging,0.0,true,12.703644007872867,231.78259098815798,false
1,36,16:45,42,18:15,6,1,,Charging,0.0,true,14.60364400787287,229.67732783026324,false
1,36,16:45,43,18:30,7,1,,Charging,0.0,true,14.8,229.4597588639174,false
1,36,16:45,44,18:45,8,1,,,0.0,false,14.8,229.4597588639174,false
1,36,16:45,45,19:00,9,1,,,0.0,false,14.8,229.4597588639174,false
1,36,16:45,46,19:15,10,1,,,0.0,false,14.8,229.4597588639174,false
1,36,16:45,47,19:30,11,1,,,0.0,false,14.8,229.4597588639174,false
1,36,16:45,48,19:45,12,1,,,0.0,false,14.8,229.4597588639174,false
1,36,16:45,49,20:00,13,1,,,0.0,false,14.8,229.4597588639174,false
1,36,16:45,50,20:15,14,1,,,0.0,false,14.8,229.4597588639174,false
1,36,16:45,51,20:30,15,1,,,0.0,false,14.8,229.4597588639174,false
1,36,16:45,52,20:45,16,1,,,0.0,false,14.8,229.4597588639174,false
1,36,16:45,53,21:00,17,1,,,0.0,false,14.8,229.93271560845798,false
1,36,16:45,54,21:15,18,1,,,0.0,false,14.8,230.40567235299858,false
1,36,16:45,55,21:30,19,1,,,0.0,false,14.8,230.87862909753918,false
1,36,16:45,56,21:45,20,1,,,0.0,false,14.8,231.35158584207977,false
1,36,16:45,57,22:00,21,1,,,0.0,false,14.8,231.82454258662037,false
1,36,16:45,58,22:15,22,1,,,0.0,false,14.8,232.29749933116096,false
1,36,16:45,59,22:30,23,1,,,0.0,false,14.8,232.77045607570156,false
1,36,16:45,60,22:45,24,1,,,0.0,false,14.8,233.24341282024216,false
1,36,16:45,61,23:00,25,1,,,0.0,false,14.8,233.71636956478275,false
1,36,16:45,62,23:15,26,1,,,0.0,false,14.8,234.18932630932335,false
1,36,16:45,63,23:30,27,1,,,0.0,false,14.8,234.66228305386392,false
1,36,16:45,64,23:45,28,1,,,0.0,false,14.8,234.8653841747009,false
1,36,16:45,65,00:00,29,1,,,0.0,false,14.8,235.3383409192415,false
1,36,16:45,66,00:15,30,1,,,0.0,false,14.8,235.81129766378209,false
1,36,16:45,67,00:30,31,1,,,0.0,false,14.8,236.28425440832268,false
1,36,16:45,68,00:45,32,1,,,0.0,false,14.8,236.75721115286328,false
1,36,16:45,69,01:00,33,1,,,0.0,false,14.8,237.23016789740387,false
1,36,16:45,70,01:15,34,1,,,0.0,false,14.8,237.70312464194447,false
1,36,16:45,71,01:30,35,1,,,0.0,false,14.8,238.17608138648507,false
1,36,16:45,72,01:45,36,1,,,0.0,false,14.8,238.64903813102566,false
1,36,16:45,73,02:00,37,1,,,0.0,false,14.8,239.12199487556626,false
1,36,16:45,74,02:15,38,1,,,0.0,false,14.8,239.59495162010685,false
1,36,16:45,75,02:30,39,1,,,0.0,false,14.8,240.06790836464745,false
1,36,16:45,76,02:45,40,1,,,0.0,false,14.8,240.54086510918805,false
1,36,16:45,77,03:00,41,1,,,0.0,false,14.8,241.01382185372864,false
1,36,16:45,78,03:15,42,1,,,0.0,false,14.8,241.48677859826924,false
1,36,16:45,79,03:30,43,1,,,0.0,false,14.8,241.95973534280984,false
1,36,16:45,80,03:45,44,1,,,0.0,false,14.8,242.43269208735043,false
1,36,16:45,81,04:00,45,1,,,0.0,false,14.8,242.90564883189103,false
1,36,16:45,82,04:15,46,1,,,0.0,false,14.8,243.37860557643162,false
1,36,16:45,83,04:30,47,1,,,0.0,false,14.8,243.85156232097222,false
1,36,16:45,84,04:45,48,1,,,0.0,false,14.8,244.32451906551282,false
1,36,16:45,85,05:00,49,1,,,0.0,false,14.8,244.7974758100534,false
1,36,16:45,86,05:15,50,1,,,0.0,false,14.8,245.270432554594,false
1,36,16:45,87,05:30,51,1,,,0.0,false,14.8,245.7433892991346,false
1,36,16:45,88,05:45,52,1,,,0.0,false,14.8,246.2163460436752,false
1,36,16:45,89,06:00,53,1,,,0.0,false,14.8,246.6893027882158,false
1,36,16:45,90,06:15,54,1,,,0.0,false,14.8,247.1622595327564,false
1,36,16:45,91,06:30,55,1,,,0.0,false,14.8,247.635216277297,false
1,36,16:45,92,06:45,56,1,,,0.0,false,14.8,248.1081730218376,false
1,36,16:45,93,07:00,57,1,,,0.0,false,14.8,248.58112976637818,false
1,36,16:45,94,07:15,58,1,,,0.0,false,14.8,249.05408651091878,false
1,36,16:45,95,07:30,59,1,,,0.0,false,14.8,249.52704325545938,false
1,36,16:45,96,07:45,60,1,,,0.0,false,14.8,250.0,false
1,37,17:00,37,17:00,0,1,,Charging,0.0,true,3.4000000000000004,242.2432491686265,false
1,37,17:00,38,17:15,1,1,,Charging,0.0,true,5.300000000000001,240.1379860107318,false
1,37,17:00,39,17:30,2,1,,Charging,0.0,true,7.199999999999999,238.03272285283703,false
1,37,17:00,40,17:45,3,1,,Charging,0.0,true,9.1,235.92745969494229,false
1,37,17:00,41,18:00,4,1,,Charging,0.0,true,10.999999999999998,233.82219653704755,false
1,37,17:00,42,18:15,5,1,,Charging,0.0,true,12.899999999999999,231.7169333791528,false
1,37,17:00,43,18:30,6,1,,Charging,0.0,true,14.8,229.61167022125807,false
1,37,17:00,44,18:45,7,1,,,0.0,false,14.8,229.61167022125807,false
1,37,17:00,45,19:00,8,1,,,0.0,false,14.8,229.61167022125807,false
1,37,17:00,46,19:15,9,1,,,0.0,false,14.8,229.61167022125807,false
1,37,17:00,47,19:30,10,1,,,0.0,false,14.8,229.61167022125807,false
1,37,17:00,48,19:45,11,1,,,0.0,false,14.8,229.61167022125807,false
1,37,17:00,49,20:00,12,1,,,0.0,false,14.8,229.61167022125807,false
1,37,17:00,50,20:15,13,1,,,0.0,false,14.8,229.61167022125807,false
1,37,17:00,51,20:30,14,1,,,0.0,false,14.8,229.61167022125807,false
1,37,17:00,52,20:45,15,1,,,0.0,false,14.8,229.61167022125807,false
1,37,17:00,53,21:00,16,1,,,0.0,false,14.8,230.08462696579866,false
1,37,17:00,54,21:15,17,1,,,0.0,false,14.8,230.55758371033926,false
1,37,17:00,55,21:30,18,1,,,0.0,false,14.8,231.03054045487985,false
1,37,17:00,56,21:45,19,1,,,0.0,false,14.8,231.50349719942045,false
1,37,17:00,57,22:00,20,1,,,0.0,false,14.8,231.97645394396105,false
1,37,17:00,58,22:15,21,1,,,0.0,false,14.8,232.44941068850164,false
1,37,17:00,59,22:30,22,1,,,0.0,false,14.8,232.92236743304224,false
1,37,17:00,60,22:45,23,1,,,0.0,false,14.8,233.39532417758284,false
1,37,17:00,61,23:00,24,1,,,0.0,false,14.8,233.86828092212343,false
1,37,17:00,62,23:15,25,1,,,0.0,false,14.8,234.34123766666403,false
1,37,17:00,63,23:30,26,1,,,0.0,false,14.8,234.81419441120462,false
1,37,17:00,64,23:45,27,1,,,0.0,false,14.8,234.8653841747009,false
1,37,17:00,65,00:00,28,1,,,0.0,false,14.8,235.3383409192415,false
1,37,17:00,66,00:15,29,1,,,0.0,false,14.8,235.81129766378209,false
1,37,17:00,67,00:30,30,1,,,0.0,false,14.8,236.28425440832268,false
1,37,17:00,68,00:45,31,1,,,0.0,false,14.8,236.75721115286328,false
1,37,17:00,69,01:00,32,1,,,0.0,false,14.8,237.23016789740387,false
1,37,17:00,70,01:15,33,1,,,0.0,false,14.8,237.70312464194447,false
1,37,17:00,71,01:30,34,1,,,0.0,false,14.8,238.17608138648507,false
1,37,17:00,72,01:45,35,1,,,0.0,false,14.8,238.64903813102566,false
1,37,17:00,73,02:00,36,1,,,0.0,false,14.8,239.12199487556626,false
1,37,17:00,74,02:15,37,1,,,0.0,false,14.8,239.59495162010685,false
1,37,17:00,75,02:30,38,1,,,0.0,false,14.8,240.06790836464745,false
1,37,17:00,76,02:45,39,1,,,0.0,false,14.8,240.54086510918805,false
1,37,17:00,77,03:00,40,1,,,0.0,false,14.8,241.01382185372864,false
1,37,17:00,78,03:15,41,1,,,0.0,false,14.8,241.48677859826924,false
1,37,17:00,79,03:30,42,1,,,0.0,false,14.8,241.95973534280984,false
1,37,17:00,80,03:45,43,1,,,0.0,false,14.8,242.43269208735043,false
1,37,17:00,81,04:00,44,1,,,0.0,false,14.8,242.90564883189103,false
1,37,17:00,82,04:15,45,1,,,0.0,false,14.8,243.37860557643162,false
1,37,17:00,83,04:30,46,1,,,0.0,false,14.8,243.85156232097222,false
1,37,17:00,84,04:45,47,1,,,0.0,false,14.8,244.32451906551282,false
1,37,17:00,85,05:00,48,1,,,0.0,false,14.8,244.7974758100534,false
1,37,17:00,86,05:15,49,1,,,0.0,false,14.8,245.270432554594,false
1,37,17:00,87,05:30,50,1,,,0.0,false,14.8,245.7433892991346,false
1,37,17:00,88,05:45,51,1,,,0.0,false,14.8,246.2163460436752,false
1,37,17:00,89,06:00,52,1,,,0.0,false,14.8,246.6893027882158,false
1,37,17:00,90,06:15,53,1,,,0.0,false,14.8,247.1622595327564,false
1,37,17:00,91,06:30,54,1,,,0.0,false,14.8,247.635216277297,false
1,37,17:00,92,06:45,55,1,,,0.0,false,14.8,248.1081730218376,false
1,37,17:00,93,07:00,56,1,,,0.0,false,14.8,248.58112976637818,false
1,37,17:00,94,07:15,57,1,,,0.0,false,14.8,249.05408651091878,false
1,37,17:00,95,07:30,58,1,,,0.0,false,14.8,249.52704325545938,false
1,37,17:00,96,07:45,59,1,,,0.0,false,14.8,250.0,false
1,38,17:15,38,17:15,0,1,,Charging,0.0,true,5.3,240.14144167436362,false
1,38,17:15,39,17:30,1,1,,Charging,0.0,true,7.2,238.03617851646888,false
1,38,17:15,40,17:45,2,1,,Charging,0.0,true,9.1,235.93091535857414,false
1,38,17:15,41,18:00,3,1,,Charging,0.0,true,11.0,233.8256522006794,false
1,38,17:15,42,18:15,4,1,,Charging,0.0,true,12.9,231.72038904278466,false
1,38,17:15,43,18:30,5,1,,Charging,0.0,true,14.8,229.61512588488992,false
1,38,17:15,44,18:45,6,1,,,0.0,false,14.8,229.61512588488992,false
1,38,17:15,45,19:00,7,1,,,0.0,false,14.8,229.61512588488992,false
1,38,17:15,46,19:15,8,1,,,0.0,false,14.8,229.61512588488992,false
1,38,17:15,47,19:30,9,1,,,0.0,false,14.8,229.61512588488992,false
1,38,17:15,48,19:45,10,1,,,0.0,false,14.8,229.61512588488992,false
1,38,17:15,49,20:00,11,1,,,0.0,false,14.8,229.61512588488992,false
1,38,17:15,50,20:15,12,1,,,0.0,false,14.8,229.61512588488992,false
1,38,17:15,51,20:30,13,1,,,0.0,false,14.8,229.61512588488992,false
1,38,17:15,52,20:45,14,1,,,0.0,false,14.8,229.61512588488992,false
1,38,17:15,53,21:00,15,1,,,0.0,false,14.8,230.08808262943052,false
1,38,17:15,54,21:15,16,1,,,0.0,false,14.8,230.5610393739711,false
1,38,17:15,55,21:30,17,1,,,0.0,false,14.8,231.0339961185117,false
1,38,17:15,56,21:45,18,1,,,0.0,false,14.8,231.5069528630523,false
1,38,17:15,57,22:00,19,1,,,0.0,false,14.8,231.9799096075929,false
1,38,17:15,58,22:15,20,1,,,0.0,false,14.8,232.4528663521335,false
1,38,17:15,59,22:30,21,1,,,0.0,false,14.8,232.9258230966741,false
1,38,17:15,60,22:45,22,1,,,0.0,false,14.8,233.3987798412147,false
1,38,17:15,61,23:00,23,1,,,0.0,false,14.8,233.8717365857553,false
1,38,17:15,62,23:15,24,1,,,0.0,false,14.8,234.34469333029588,false
1,38,17:15,63,23:30,25,1,,,0.0,false,14.8,234.81765007483648,false
1,38,17:15,64,23:45,26,1,,,0.0,false,14.8,234.8653841747009,false
1,38,17:15,65,00:00,27,1,,,0.0,false,14.8,235.3383409192415,false
1,38,17:15,66,00:15,28,1,,,0.0,false,14.8,235.81129766378209,false
1,38,17:15,67,00:30,29,1,,,0.0,false,14.8,236.28425440832268,false
1,38,17:15,68,00:45,30,1,,,0.0,false,14.8,236.75721115286328,false
1,38,17:15,69,01:00,31,1,,,0.0,false,14.8,237.23016789740387,false
1,38,17:15,70,01:15,32,1,,,0.0,false,14.8,237.70312464194447,false
1,38,17:15,71,01:30,33,1,,,0.0,false,14.8,238.17608138648507,false
1,38,17:15,72,01:45,34,1,,,0.0,false,14.8,238.64903813102566,false
1,38,17:15,73,02:00,35,1,,,0.0,false,14.8,239.12199487556626,false
1,38,17:15,74,02:15,36,1,,,0.0,false,14.8,239.59495162010685,false
1,38,17:15,75,02:30,37,1,,,0.0,false,14.8,240.06790836464745,false
1,38,17:15,76,02:45,38,1,,,0.0,false,14.8,240.54086510918805,false
1,38,17:15,77,03:00,39,1,,,0.0,false,14.8,241.01382185372864,false
1,38,17:15,78,03:15,40,1,,,0.0,false,14.8,241.48677859826924,false
1,38,17:15,79,03:30,41,1,,,0.0,false,14.8,241.95973534280984,false
1,38,17:15,80,03:45,42,1,,,0.0,false,14.8,242.43269208735043,false
1,38,17:15,81,04:00,43,1,,,0.0,false,14.8,242.90564883189103,false
1,38,17:15,82,04:15,44,1,,,0.0,false,14.8,243.37860557643162,false
1,38,17:15,83,04:30,45,1,,,0.0,false,14.8,243.85156232097222,false
1,38,17:15,84,04:45,46,1,,,0.0,false,14.8,244.32451906551282,false
1,38,17:15,85,05:00,47,1,,,0.0,false,14.8,244.7974758100534,false
1,38,17:15,86,05:15,48,1,,,0.0,false,14.8,245.270432554594,false
1,38,17:15,87,05:30,49,1,,,0.0,false,14.8,245.7433892991346,false
1,38,17:15,88,05:45,50,1,,,0.0,false,14.8,246.2163460436752,false
1,38,17:15,89,06:00,51,1,,,0.0,false,14.8,246.6893027882158,false
1,38,17:15,90,06:15,52,1,,,0.0,false,14.8,247.1622595327564,false
1,38,17:15,91,06:30,53,1,,,0.0,false,14.8,247.635216277297,false
1,38,17:15,92,06:45,54,1,,,0.0,false,14.8,248.1081730218376,false
1,38,17:15,93,07:00,55,1,,,0.0,false,14.8,248.58112976637818,false
1,38,17:15,94,07:15,56,1,,,0.0,false,14.8,249.05408651091878,false
1,38,17:15,95,07:30,57,1,,,0.0,false,14.8,249.52704325545938,false
1,38,17:15,96,07:45,58,1,,,0.0,false,14.8,250.0,false
1,39,17:30,39,17:30,0,1,,Charging,0.0,true,7.299835855977488,238.03617851646888,false
1,39,17:30,40,17:45,1,1,,Charging,0.0,true,9.199835855977486,235.93091535857414,false
1,39,17:30,41,18:00,2,1,,Charging,0.0,true,11.099835855977487,233.8256522006794,false
1,39,17:30,42,18:15,3,1,,Charging,0.0,true,12.9,231.83101048985114,false
1,39,17:30,43,18:30,4,1,,Charging,0.0,true,14.8,229.7257473319564,false
1,39,17:30,44,18:45,5,1,,,0.0,false,14.8,229.7257473319564,false
1,39,17:30,45,19:00,6,1,,,0.0,false,14.8,229.7257473319564,false
1,39,17:30,46,19:15,7,1,,,0.0,false,14.8,229.7257473319564,false
1,39,17:30,47,19:30,8,1,,,0.0,false,14.8,229.7257473319564,false
1,39,17:30,48,19:45,9,1,,,0.0,false,14.8,229.7257473319564,false
1,39,17:30,49,20:00,10,1,,,0.0,false,14.8,229.7257473319564,false
1,39,17:30,50,20:15,11,1,,,0.0,false,14.8,229.7257473319564,false
1,39,17:30,51,20:30,12,1,,,0.0,false,14.8,229.7257473319564,false
1,39,17:30,52,20:45,13,1,,,0.0,false,14.8,229.7257473319564,false
1,39,17:30,53,21:00,14,1,,,0.0,false,14.8,230.198704076497,false
1,39,17:30,54,21:15,15,1,,,0.0,false,14.8,230.6716608210376,false
1,39,17:30,55,21:30,16,1,,,0.0,false,14.8,231.1446175655782,false
1,39,17:30,56,21:45,17,1,,,0.0,false,14.8,231.61757431011878,false
1,39,17:30,57,22:00,18,1,,,0.0,false,14.8,232.09053105465938,false
1,39,17:30,58,22:15,19,1,,,0.0,false,14.8,232.56348779919998,false
1,39,17:30,59,22:30,20,1,,,0.0,false,14.8,233.03644454374057,false
1,39,17:30,60,22:45,21,1,,,0.0,false,14.8,233.50940128828117,false
1,39,17:30,61,23:00,22,1,,,0.0,false,14.8,233.9194706856197,false
1,39,17:30,62,23:15,23,1,,,0.0,false,14.8,234.3924274301603,false
1,39,17:30,63,23:30,24,1,,,0.0,false,14.8,234.8653841747009,false
1,39,17:30,64,23:45,25,1,,,0.0,false,14.8,234.8653841747009,false
1,39,17:30,65,00:00,26,1,,,0.0,false,14.8,235.3383409192415,false
1,39,17:30,66,00:15,27,1,,,0.0,false,14.8,235.81129766378209,false
1,39,17:30,67,00:30,28,1,,,0.0,false,14.8,236.28425440832268,false
1,39,17:30,68,00:45,29,1,,,0.0,false,14.8,236.75721115286328,false
1,39,17:30,69,01:00,30,1,,,0.0,false,14.8,237.23016789740387,false
1,39,17:30,70,01:15,31,1,,,0.0,false,14.8,237.70312464194447,false
1,39,17:30,71,01:30,32,1,,,0.0,false,14.8,238.17608138648507,false
1,39,17:30,72,01:45,33,1,,,0.0,false,14.8,238.64903813102566,false
1,39,17:30,73,02:00,34,1,,,0.0,false,14.8,239.12199487556626,false
1,39,17:30,74,02:15,35,1,,,0.0,false,14.8,239.59495162010685,false
1,39,17:30,75,02:30,36,1,,,0.0,false,14.8,240.06790836464745,false
1,39,17:30,76,02:45,37,1,,,0.0,false,14.8,240.54086510918805,false
1,39,17:30,77,03:00,38,1,,,0.0,false,14.8,241.01382185372864,false
1,39,17:30,78,03:15,39,1,,,0.0,false,14.8,241.48677859826924,false
1,39,17:30,79,03:30,40,1,,,0.0,false,14.8,241.95973534280984,false
1,39,17:30,80,03:45,41,1,,,0.0,false,14.8,242.43269208735043,false
1,39,17:30,81,04:00,42,1,,,0.0,false,14.8,242.90564883189103,false
1,39,17:30,82,04:15,43,1,,,0.0,false,14.8,243.37860557643162,false
1,39,17:30,83,04:30,44,1,,,0.0,false,14.8,243.85156232097222,false
1,39,17:30,84,04:45,45,1,,,0.0,false,14.8,244.32451906551282,false
1,39,17:30,85,05:00,46,1,,,0.0,false,14.8,244.7974758100534,false
1,39,17:30,86,05:15,47,1,,,0.0,false,14.8,245.270432554594,false
1,39,17:30,87,05:30,48,1,,,0.0,false,14.8,245.7433892991346,false
1,39,17:30,88,05:45,49,1,,,0.0,false,14.8,246.2163460436752,false
1,39,17:30,89,06:00,50,1,,,0.0,false,14.8,246.6893027882158,false
1,39,17:30,90,06:15,51,1,,,0.0,false,14.8,247.1622595327564,false
1,39,17:30,91,06:30,52,1,,,0.0,false,14.8,247.635216277297,false
1,39,17:30,92,06:45,53,1,,,0.0,false,14.8,248.1081730218376,false
1,39,17:30,93,07:00,54,1,,,0.0,false,14.8,248.58112976637818,false
1,39,17:30,94,07:15,55,1,,,0.0,false,14.8,249.05408651091878,false
1,39,17:30,95,07:30,56,1,,,0.0,false,14.8,249.52704325545938,false
1,39,17:30,96,07:45,57,1,,,0.0,false,14.8,250.0,false
1,40,17:45,40,17:45,0,1,,Charging,0.0,true,9.299835855977488,235.93091535857414,false
1,40,17:45,41,18:00,1,1,,Charging,0.0,true,11.199835855977486,233.8256522006794,false
1,40,17:45,42,18:15,2,1,,Charging,0.0,true,13.099835855977487,231.72038904278466,false
1,40,17:45,43,18:30,3,1,,Charging,0.0,true,14.8,229.83655065605612,false
1,40,17:45,44,18:45,4,1,,,0.0,false,14.8,229.83655065605612,false
1,40,17:45,45,19:00,5,1,,,0.0,false,14.8,229.83655065605612,false
1,40,17:45,46,19:15,6,1,,,0.0,false,14.8,229.83655065605612,false
1,40,17:45,47,19:30,7,1,,,0.0,false,14.8,229.83655065605612,false
1,40,17:45,48,19:45,8,1,,,0.0,false,14.8,229.83655065605612,false
1,40,17:45,49,20:00,9,1,,,0.0,false,14.8,229.83655065605612,false
1,40,17:45,50,20:15,10,1,,,0.0,false,14.8,229.83655065605612,false
1,40,17:45,51,20:30,11,1,,,0.0,false,14.8,229.83655065605612,false
1,40,17:45,52,20:45,12,1,,,0.0,false,14.8,229.83655065605612,false
1,40,17:45,53,21:00,13,1,,,0.0,false,14.8,230.30950740059671,false
1,40,17:45,54,21:15,14,1,,,0.0,false,14.8,230.7824641451373,false
1,40,17:45,55,21:30,15,1,,,0.0,false,14.8,231.2554208896779,false
1,40,17:45,56,21:45,16,1,,,0.0,false,14.8,231.7283776342185,false
1,40,17:45,57,22:00,17,1,,,0.0,false,14.8,232.2013343787591,false
1,40,17:45,58,22:15,18,1,,,0.0,false,14.8,232.6742911232997,false
1,40,17:45,59,22:30,19,1,,,0.0,false,14.8,233.1472478678403,false
1,40,17:45,60,22:45,20,1,,,0.0,false,14.8,233.6202046123809,false
1,40,17:45,61,23:00,21,1,,,0.0,false,14.8,233.91947068561973,false
1,40,17:45,62,23:15,22,1,,,0.0,false,14.8,234.39242743016032,false
1,40,17:45,63,23:30,23,1,,,0.0,false,14.8,234.86538417470092,false
1,40,17:45,64,23:45,24,1,,,0.0,false,14.8,234.86538417470092,false
1,40,17:45,65,00:00,25,1,,,0.0,false,14.8,235.33834091924152,false
1,40,17:45,66,00:15,26,1,,,0.0,false,14.8,235.8112976637821,false
1,40,17:45,67,00:30,27,1,,,0.0,false,14.8,236.2842544083227,false
1,40,17:45,68,00:45,28,1,,,0.0,false,14.8,236.7572111528633,false
1,40,17:45,69,01:00,29,1,,,0.0,false,14.8,237.2301678974039,false
1,40,17:45,70,01:15,30,1,,,0.0,false,14.8,237.7031246419445,false
1,40,17:45,71,01:30,31,1,,,0.0,false,14.8,238.1760813864851,false
1,40,17:45,72,01:45,32,1,,,0.0,false,14.8,238.6490381310257,false
1,40,17:45,73,02:00,33,1,,,0.0,false,14.8,239.1219948755663,false
1,40,17:45,74,02:15,34,1,,,0.0,false,14.8,239.59495162010688,false
1,40,17:45,75,02:30,35,1,,,0.0,false,14.8,240.06790836464748,false
1,40,17:45,76,02:45,36,1,,,0.0,false,14.8,240.54086510918808,false
1,40,17:45,77,03:00,37,1,,,0.0,false,14.8,241.01382185372867,false
1,40,17:45,78,03:15,38,1,,,0.0,false,14.8,241.48677859826927,false
1,40,17:45,79,03:30,39,1,,,0.0,false,14.8,241.95973534280986,false
1,40,17:45,80,03:45,40,1,,,0.0,false,14.8,242.43269208735046,false
1,40,17:45,81,04:00,41,1,,,0.0,false,14.8,242.90564883189106,false
1,40,17:45,82,04:15,42,1,,,0.0,false,14.8,243.37860557643165,false
1,40,17:45,83,04:30,43,1,,,0.0,false,14.8,243.85156232097225,false
1,40,17:45,84,04:45,44,1,,,0.0,false,14.8,244.32451906551285,false
1,40,17:45,85,05:00,45,1,,,0.0,false,14.8,244.7974758100534,false
1,40,17:45,86,05:15,46,1,,,0.0,false,14.8,245.270432554594,false
1,40,17:45,87,05:30,47,1,,,0.0,false,14.8,245.7433892991346,false
1,40,17:45,88,05:45,48,1,,,0.0,false,14.8,246.2163460436752,false
1,40,17:45,89,06:00,49,1,,,0.0,false,14.8,246.6893027882158,false
1,40,17:45,90,06:15,50,1,,,0.0,false,14.8,247.1622595327564,false
1,40,17:45,91,06:30,51,1,,,0.0,false,14.8,247.635216277297,false
1,40,17:45,92,06:45,52,1,,,0.0,false,14.8,248.1081730218376,false
1,40,17:45,93,07:00,53,1,,,0.0,false,14.8,248.58112976637818,false
1,40,17:45,94,07:15,54,1,,,0.0,false,14.8,249.05408651091878,false
1,40,17:45,95,07:30,55,1,,,0.0,false,14.8,249.52704325545938,false
1,40,17:45,96,07:45,56,1,,,0.0,false,14.8,250.0,false
1,41,18:00,41,18:00,0,1,,Charging,0.0,true,11.0,234.15788029594532,false
1,41,18:00,42,18:15,1,1,,Charging,0.0,true,12.9,232.05261713805058,false
1,41,18:00,43,18:30,2,1,,Charging,0.0,true,14.8,229.94735398015584,false
1,41,18:00,44,18:45,3,1,,,0.0,false,14.8,229.94735398015584,false
1,41,18:00,45,19:00,4,1,,,0.0,false,14.8,229.94735398015584,false
1,41,18:00,46,19:15,5,1,,,0.0,false,14.8,229.94735398015584,false
1,41,18:00,47,19:30,6,1,,,0.0,false,14.8,229.94735398015584,false
1,41,18:00,48,19:45,7,1,,,0.0,false,14.8,229.94735398015584,false
1,41,18:00,49,20:00,8,1,,,0.0,false,14.8,229.94735398015584,false
1,41,18:00,50,20:15,9,1,,,0.0,false,14.8,229.94735398015584,false
1,41,18:00,51,20:30,10,1,,,0.0,false,14.8,229.94735398015584,false
1,41,18:00,52,20:45,11,1,,,0.0,false,14.8,229.94735398015584,false
1,41,18:00,53,21:00,12,1,,,0.0,false,14.8,230.42031072469644,false
1,41,18:00,54,21:15,13,1,,,0.0,false,14.8,230.89326746923703,false
1,41,18:00,55,21:30,14,1,,,0.0,false,14.8,231.36622421377763,false
1,41,18:00,56,21:45,15,1,,,0.0,false,14.8,231.83918095831822,false
1,41,18:00,57,22:00,16,1,,,0.0,false,14.8,232.31213770285882,false
1,41,18:00,58,22:15,17,1,,,0.0,false,14.8,232.78509444739942,false
1,41,18:00,59,22:30,18,1,,,0.0,false,14.8,233.25805119194,false
1,41,18:00,60,22:45,19,1,,,0.0,false,14.8,233.7310079364806,false
1,41,18:00,61,23:00,20,1,,,0.0,false,14.8,233.91947068561973,false
1,41,18:00,62,23:15,21,1,,,0.0,false,14.8,234.39242743016032,false
1,41,18:00,63,23:30,22,1,,,0.0,false,14.8,234.86538417470092,false
1,41,18:00,64,23:45,23,1,,,0.0,false,14.8,234.86538417470092,false
1,41,18:00,65,00:00,24,1,,,0.0,false,14.8,235.33834091924152,false
1,41,18:00,66,00:15,25,1,,,0.0,false,14.8,235.8112976637821,false
1,41,18:00,67,00:30,26,1,,,0.0,false,14.8,236.2842544083227,false
1,41,18:00,68,00:45,27,1,,,0.0,false,14.8,236.7572111528633,false
1,41,18:00,69,01:00,28,1,,,0.0,false,14.8,237.2301678974039,false
1,41,18:00,70,01:15,29,1,,,0.0,false,14.8,237.7031246419445,false
1,41,18:00,71,01:30,30,1,,,0.0,false,14.8,238.1760813864851,false
1,41,18:00,72,01:45,31,1,,,0.0,false,14.8,238.6490381310257,false
1,41,18:00,73,02:00,32,1,,,0.0,false,14.8,239.1219948755663,false
1,41,18:00,74,02:15,33,1,,,0.0,false,14.8,239.59495162010688,false
1,41,18:00,75,02:30,34,1,,,0.0,false,14.8,240.06790836464748,false
1,41,18:00,76,02:45,35,1,,,0.0,false,14.8,240.54086510918808,false
1,41,18:00,77,03:00,36,1,,,0.0,false,14.8,241.01382185372867,false
1,41,18:00,78,03:15,37,1,,,0.0,false,14.8,241.48677859826927,false
1,41,18:00,79,03:30,38,1,,,0.0,false,14.8,241.95973534280986,false
1,41,18:00,80,03:45,39,1,,,0.0,false,14.8,242.43269208735046,false
1,41,18:00,81,04:00,40,1,,,0.0,false,14.8,242.90564883189106,false
1,41,18:00,82,04:15,41,1,,,0.0,false,14.8,243.37860557643162,false
1,41,18:00,83,04:30,42,1,,,0.0,false,14.8,243.85156232097222,false
1,41,18:00,84,04:45,43,1,,,0.0,false,14.8,244.32451906551282,false
1,41,18:00,85,05:00,44,1,,,0.0,false,14.8,244.7974758100534,false
1,41,18:00,86,05:15,45,1,,,0.0,false,14.8,245.270432554594,false
1,41,18:00,87,05:30,46,1,,,0.0,false,14.8,245.7433892991346,false
1,41,18:00,88,05:45,47,1,,,0.0,false,14.8,246.2163460436752,false
1,41,18:00,89,06:00,48,1,,,0.0,false,14.8,246.6893027882158,false
1,41,18:00,90,06:15,49,1,,,0.0,false,14.8,247.1622595327564,false
1,41,18:00,91,06:30,50,1,,,0.0,false,14.8,247.635216277297,false
1,41,18:00,92,06:45,51,1,,,0.0,false,14.8,248.1081730218376,false
1,41,18:00,93,07:00,52,1,,,0.0,false,14.8,248.58112976637818,false
1,41,18:00,94,07:15,53,1,,,0.0,false,14.8,249.05408651091878,false
1,41,18:00,95,07:30,54,1,,,0.0,false,14.8,249.52704325545938,false
1,41,18:00,96,07:45,55,1,,,0.0,false,14.8,250.0,false
1,42,18:15,42,18:15,0,1,,Charging,0.0,true,12.98421916547487,232.05261713805058,false
1,42,18:15,43,18:30,1,1,,Charging,0.0,true,14.8,230.04067161503104,false
1,42,18:15,44,18:45,2,1,,,0.0,false,14.8,230.04067161503104,false
1,42,18:15,45,19:00,3,1,,,0.0,false,14.8,230.04067161503104,false
1,42,18:15,46,19:15,4,1,,,0.0,false,14.8,230.04067161503104,false
1,42,18:15,47,19:30,5,1,,,0.0,false,14.8,230.04067161503104,false
1,42,18:15,48,19:45,6,1,,,0.0,false,14.8,230.04067161503104,false
1,42,18:15,49,20:00,7,1,,,0.0,false,14.8,230.04067161503104,false
1,42,18:15,50,20:15,8,1,,,0.0,false,14.8,230.04067161503104,false
1,42,18:15,51,20:30,9,1,,,0.0,false,14.8,230.04067161503104,false
1,42,18:15,52,20:45,10,1,,,0.0,false,14.8,230.04067161503104,false
1,42,18:15,53,21:00,11,1,,,0.0,false,14.8,230.51362835957164,false
1,42,18:15,54,21:15,12,1,,,0.0,false,14.8,230.98658510411224,false
1,42,18:15,55,21:30,13,1,,,0.0,false,14.8,231.45954184865283,false
1,42,18:15,56,21:45,14,1,,,0.0,false,14.8,231.93249859319343,false
1,42,18:15,57,22:00,15,1,,,0.0,false,14.8,232.40545533773403,false
1,42,18:15,58,22:15,16,1,,,0.0,false,14.8,232.87841208227462,false
1,42,18:15,59,22:30,17,1,,,0.0,false,14.8,233.35136882681522,false
1,42,18:15,60,22:45,18,1,,,0.0,false,14.8,233.8243255713558,false
1,42,18:15,61,23:00,19,1,,,0.0,false,14.8,233.91947068561973,false
1,42,18:15,62,23:15,20,1,,,0.0,false,14.8,234.39242743016032,false
1,42,18:15,63,23:30,21,1,,,0.0,false,14.8,234.86538417470092,false
1,42,18:15,64,23:45,22,1,,,0.0,false,14.8,234.86538417470092,false
1,42,18:15,65,00:00,23,1,,,0.0,false,14.8,235.33834091924152,false
1,42,18:15,66,00:15,24,1,,,0.0,false,14.8,235.8112976637821,false
1,42,18:15,67,00:30,25,1,,,0.0,false,14.8,236.2842544083227,false
1,42,18:15,68,00:45,26,1,,,0.0,false,14.8,236.7572111528633,false
1,42,18:15,69,01:00,27,1,,,0.0,false,14.8,237.2301678974039,false
1,42,18:15,70,01:15,28,1,,,0.0,false,14.8,237.70312464194447,false
1,42,18:15,71,01:30,29,1,,,0.0,false,14.8,238.17608138648507,false
1,42,18:15,72,01:45,30,1,,,0.0,false,14.8,238.64903813102566,false
1,42,18:15,73,02:00,31,1,,,0.0,false,14.8,239.12199487556626,false
1,42,18:15,74,02:15,32,1,,,0.0,false,14.8,239.59495162010685,false
1,42,18:15,75,02:30,33,1,,,0.0,false,14.8,240.06790836464745,false
1,42,18:15,76,02:45,34,1,,,0.0,false,14.8,240.54086510918805,false
1,42,18:15,77,03:00,35,1,,,0.0,false,14.8,241.01382185372864,false
1,42,18:15,78,03:15,36,1,,,0.0,false,14.8,241.48677859826924,false
1,42,18:15,79,03:30,37,1,,,0.0,false,14.8,241.95973534280984,false
1,42,18:15,80,03:45,38,1,,,0.0,false,14.8,242.43269208735043,false
1,42,18:15,81,04:00,39,1,,,0.0,false,14.8,242.90564883189103,false
1,42,18:15,82,04:15,40,1,,,0.0,false,14.8,243.37860557643162,false
1,42,18:15,83,04:30,41,1,,,0.0,false,14.8,243.85156232097222,false
1,42,18:15,84,04:45,42,1,,,0.0,false,14.8,244.32451906551282,false
1,42,18:15,85,05:00,43,1,,,0.0,false,14.8,244.7974758100534,false
1,42,18:15,86,05:15,44,1,,,0.0,false,14.8,245.270432554594,false
1,42,18:15,87,05:30,45,1,,,0.0,false,14.8,245.7433892991346,false
1,42,18:15,88,05:45,46,1,,,0.0,false,14.8,246.2163460436752,false
1,42,18:15,89,06:00,47,1,,,0.0,false,14.8,246.6893027882158,false
1,42,18:15,90,06:15,48,1,,,0.0,false,14.8,247.1622595327564,false
1,42,18:15,91,06:30,49,1,,,0.0,false,14.8,247.635216277297,false
1,42,18:15,92,06:45,50,1,,,0.0,false,14.8,248.1081730218376,false
1,42,18:15,93,07:00,51,1,,,0.0,false,14.8,248.58112976637818,false
1,42,18:15,94,07:15,52,1,,,0.0,false,14.8,249.05408651091878,false
1,42,18:15,95,07:30,53,1,,,0.0,false,14.8,249.52704325545938,false
1,42,18:15,96,07:45,54,1,,,0.0,false,14.8,250.0,false
1,43,18:30,43,18:30,0,1,,Charging,0.0,true,14.8,230.15147493913076,false
1,43,18:30,44,18:45,1,1,,,0.0,false,14.8,230.15147493913076,false
1,43,18:30,45,19:00,2,1,,,0.0,false,14.8,230.15147493913076,false
1,43,18:30,46,19:15,3,1,,,0.0,false,14.8,230.15147493913076,false
1,43,18:30,47,19:30,4,1,,,0.0,false,14.8,230.15147493913076,false
1,43,18:30,48,19:45,5,1,,,0.0,false,14.8,230.15147493913076,false
1,43,18:30,49,20:00,6,1,,,0.0,false,14.8,230.15147493913076,false
1,43,18:30,50,20:15,7,1,,,0.0,false,14.8,230.15147493913076,false
1,43,18:30,51,20:30,8,1,,,0.0,false,14.8,230.15147493913076,false
1,43,18:30,52,20:45,9,1,,,0.0,false,14.8,230.15147493913076,false
1,43,18:30,53,21:00,10,1,,,0.0,false,14.8,230.62443168367136,false
1,43,18:30,54,21:15,11,1,,,0.0,false,14.8,231.09738842821196,false
1,43,18:30,55,21:30,12,1,,,0.0,false,14.8,231.57034517275255,false
1,43,18:30,56,21:45,13,1,,,0.0,false,14.8,232.04330191729315,false
1,43,18:30,57,22:00,14,1,,,0.0,false,14.8,232.51625866183375,false
1,43,18:30,58,22:15,15,1,,,0.0,false,14.8,232.98921540637434,false
1,43,18:30,59,22:30,16,1,,,0.0,false,14.8,233.46217215091494,false
1,43,18:30,60,22:45,17,1,,,0.0,false,14.8,233.93512889545553,false
1,43,18:30,61,23:00,18,1,,,0.0,false,14.8,233.93512889545553,false
1,43,18:30,62,23:15,19,1,,,0.0,false,14.8,234.40808563999613,false
1,43,18:30,63,23:30,20,1,,,0.0,false,14.8,234.8653841747009,false
1,43,18:30,64,23:45,21,1,,,0.0,false,14.8,234.8653841747009,false
1,43,18:30,65,00:00,22,1,,,0.0,false,14.8,235.3383409192415,false
1,43,18:30,66,00:15,23,1,,,0.0,false,14.8,235.81129766378209,false
1,43,18:30,67,00:30,24,1,,,0.0,false,14.8,236.28425440832268,false
1,43,18:30,68,00:45,25,1,,,0.0,false,14.8,236.75721115286328,false
1,43,18:30,69,01:00,26,1,,,0.0,false,14.8,237.23016789740387,false
1,43,18:30,70,01:15,27,1,,,0.0,false,14.8,237.70312464194447,false
1,43,18:30,71,01:30,28,1,,,0.0,false,14.8,238.17608138648507,false
1,43,18:30,72,01:45,29,1,,,0.0,false,14.8,238.64903813102566,false
1,43,18:30,73,02:00,30,1,,,0.0,false,14.8,239.12199487556626,false
1,43,18:30,74,02:15,31,1,,,0.0,false,14.8,239.59495162010685,false
1,43,18:30,75,02:30,32,1,,,0.0,false,14.8,240.06790836464745,false
1,43,18:30,76,02:45,33,1,,,0.0,false,14.8,240.54086510918805,false
1,43,18:30,77,03:00,34,1,,,0.0,false,14.8,241.01382185372864,false
1,43,18:30,78,03:15,35,1,,,0.0,false,14.8,241.48677859826924,false
1,43,18:30,79,03:30,36,1,,,0.0,false,14.8,241.95973534280984,false
1,43,18:30,80,03:45,37,1,,,0.0,false,14.8,242.43269208735043,false
1,43,18:30,81,04:00,38,1,,,0.0,false,14.8,242.90564883189103,false
1,43,18:30,82,04:15,39,1,,,0.0,false,14.8,243.37860557643162,false
1,43,18:30,83,04:30,40,1,,,0.0,false,14.8,243.85156232097222,false
1,43,18:30,84,04:45,41,1,,,0.0,false,14.8,244.32451906551282,false
1,43,18:30,85,05:00,42,1,,,0.0,false,14.8,244.7974758100534,false
1,43,18:30,86,05:15,43,1,,,0.0,false,14.8,245.270432554594,false
1,43,18:30,87,05:30,44,1,,,0.0,false,14.8,245.7433892991346,false
1,43,18:30,88,05:45,45,1,,,0.0,false,14.8,246.2163460436752,false
1,43,18:30,89,06:00,46,1,,,0.0,false,14.8,246.6893027882158,false
1,43,18:30,90,06:15,47,1,,,0.0,false,14.8,247.1622595327564,false
1,43,18:30,91,06:30,48,1,,,0.0,false,14.8,247.635216277297,false
1,43,18:30,92,06:45,49,1,,,0.0,false,14.8,248.1081730218376,false
1,43,18:30,93,07:00,50,1,,,0.0,false,14.8,248.58112976637818,false
1,43,18:30,94,07:15,51,1,,,0.0,false,14.8,249.05408651091878,false
1,43,18:30,95,07:30,52,1,,,0.0,false,14.8,249.52704325545938,false
1,43,18:30,96,07:45,53,1,,,0.0,false,14.8,250.0,false
1,44,18:45,44,18:45,0,1,,,0.0,false,14.8,230.15147493913076,false
1,44,18:45,45,19:00,1,1,,,0.0,false,14.8,230.15147493913076,false
1,44,18:45,46,19:15,2,1,,,0.0,false,14.8,230.15147493913076,false
1,44,18:45,47,19:30,3,1,,,0.0,false,14.8,230.15147493913076,false
1,44,18:45,48,19:45,4,1,,,0.0,false,14.8,230.15147493913076,false
1,44,18:45,49,20:00,5,1,,,0.0,false,14.8,230.15147493913076,false
1,44,18:45,50,20:15,6,1,,,0.0,false,14.8,230.15147493913076,false
1,44,18:45,51,20:30,7,1,,,0.0,false,14.8,230.15147493913076,false
1,44,18:45,52,20:45,8,1,,,0.0,false,14.8,230.15147493913076,false
1,44,18:45,53,21:00,9,1,,,0.0,false,14.8,230.62443168367136,false
1,44,18:45,54,21:15,10,1,,,0.0,false,14.8,231.09738842821196,false
1,44,18:45,55,21:30,11,1,,,0.0,false,14.8,231.57034517275255,false
1,44,18:45,56,21:45,12,1,,,0.0,false,14.8,232.04330191729315,false
1,44,18:45,57,22:00,13,1,,,0.0,false,14.8,232.51625866183375,false
1,44,18:45,58,22:15,14,1,,,0.0,false,14.8,232.98921540637434,false
1,44,18:45,59,22:30,15,1,,,0.0,false,14.8,233.46217215091494,false
1,44,18:45,60,22:45,16,1,,,0.0,false,14.8,233.93512889545553,false
1,44,18:45,61,23:00,17,1,,,0.0,false,14.8,233.93512889545553,false
1,44,18:45,62,23:15,18,1,,,0.0,false,14.8,234.40808563999613,false
1,44,18:45,63,23:30,19,1,,,0.0,false,14.8,234.86538417470092,false
1,44,18:45,64,23:45,20,1,,,0.0,false,14.8,234.86538417470092,false
1,44,18:45,65,00:00,21,1,,,0.0,false,14.8,235.33834091924152,false
1,44,18:45,66,00:15,22,1,,,0.0,false,14.8,235.8112976637821,false
1,44,18:45,67,00:30,23,1,,,0.0,false,14.8,236.2842544083227,false
1,44,18:45,68,00:45,24,1,,,0.0,false,14.8,236.7572111528633,false
1,44,18:45,69,01:00,25,1,,,0.0,false,14.8,237.2301678974039,false
1,44,18:45,70,01:15,26,1,,,0.0,false,14.8,237.7031246419445,false
1,44,18:45,71,01:30,27,1,,,0.0,false,14.8,238.1760813864851,false
1,44,18:45,72,01:45,28,1,,,0.0,false,14.8,238.6490381310257,false
1,44,18:45,73,02:00,29,1,,,0.0,false,14.8,239.1219948755663,false
1,44,18:45,74,02:15,30,1,,,0.0,false,14.8,239.59495162010688,false
1,44,18:45,75,02:30,31,1,,,0.0,false,14.8,240.06790836464748,false
1,44,18:45,76,02:45,32,1,,,0.0,false,14.8,240.54086510918808,false
1,44,18:45,77,03:00,33,1,,,0.0,false,14.8,241.01382185372867,false
1,44,18:45,78,03:15,34,1,,,0.0,false,14.8,241.48677859826927,false
1,44,18:45,79,03:30,35,1,,,0.0,false,14.8,241.95973534280986,false
1,44,18:45,80,03:45,36,1,,,0.0,false,14.8,242.43269208735046,false
1,44,18:45,81,04:00,37,1,,,0.0,false,14.8,242.90564883189106,false
1,44,18:45,82,04:15,38,1,,,0.0,false,14.8,243.37860557643165,false
1,44,18:45,83,04:30,39,1,,,0.0,false,14.8,243.85156232097225,false
1,44,18:45,84,04:45,40,1,,,0.0,false,14.8,244.32451906551285,false
1,44,18:45,85,05:00,41,1,,,0.0,false,14.8,244.79747581005344,false
1,44,18:45,86,05:15,42,1,,,0.0,false,14.8,245.27043255459404,false
1,44,18:45,87,05:30,43,1,,,0.0,false,14.8,245.74338929913463,false
1,44,18:45,88,05:45,44,1,,,0.0,false,14.8,246.21634604367523,false
1,44,18:45,89,06:00,45,1,,,0.0,false,14.8,246.68930278821583,false
1,44,18:45,90,06:15,46,1,,,0.0,false,14.8,247.16225953275642,false
1,44,18:45,91,06:30,47,1,,,0.0,false,14.8,247.63521627729702,false
1,44,18:45,92,06:45,48,1,,,0.0,false,14.8,248.10817302183762,false
1,44,18:45,93,07:00,49,1,,,0.0,false,14.8,248.5811297663782,false
1,44,18:45,94,07:15,50,1,,,0.0,false,14.8,249.0540865109188,false
1,44,18:45,95,07:30,51,1,,,0.0,false,14.8,249.5270432554594,false
1,44,18:45,96,07:45,52,1,,,0.0,false,14.8,250.0,false
1,45,19:00,45,19:00,0,1,,,0.0,false,14.8,230.15147493913076,false
1,45,19:00,46,19:15,1,1,,,0.0,false,14.8,230.15147493913076,false
1,45,19:00,47,19:30,2,1,,,0.0,false,14.8,230.15147493913076,false
1,45,19:00,48,19:45,3,1,,,0.0,false,14.8,230.15147493913076,false
1,45,19:00,49,20:00,4,1,,,0.0,false,14.8,230.15147493913076,false
1,45,19:00,50,20:15,5,1,,,0.0,false,14.8,230.15147493913076,false
1,45,19:00,51,20:30,6,1,,,0.0,false,14.8,230.15147493913076,false
1,45,19:00,52,20:45,7,1,,,0.0,false,14.8,230.15147493913076,false
1,45,19:00,53,21:00,8,1,,,0.0,false,14.8,230.62443168367136,false
1,45,19:00,54,21:15,9,1,,,0.0,false,14.8,231.09738842821196,false
1,45,19:00,55,21:30,10,1,,,0.0,false,14.8,231.57034517275255,false
1,45,19:00,56,21:45,11,1,,,0.0,false,14.8,232.04330191729315,false
1,45,19:00,57,22:00,12,1,,,0.0,false,14.8,232.51625866183375,false
1,45,19:00,58,22:15,13,1,,,0.0,false,14.8,232.98921540637434,false
1,45,19:00,59,22:30,14,1,,,0.0,false,14.8,233.46217215091494,false
1,45,19:00,60,22:45,15,1,,,0.0,false,14.8,233.93512889545553,false
1,45,19:00,61,23:00,16,1,,,0.0,false,14.8,233.93512889545553,false
1,45,19:00,62,23:15,17,1,,,0.0,false,14.8,234.40808563999613,false
1,45,19:00,63,23:30,18,1,,,0.0,false,14.8,234.86538417470092,false
1,45,19:00,64,23:45,19,1,,,0.0,false,14.8,234.86538417470092,false
1,45,19:00,65,00:00,20,1,,,0.0,false,14.8,235.33834091924152,false
1,45,19:00,66,00:15,21,1,,,0.0,false,14.8,235.8112976637821,false
1,45,19:00,67,00:30,22,1,,,0.0,false,14.8,236.2842544083227,false
1,45,19:00,68,00:45,23,1,,,0.0,false,14.8,236.7572111528633,false
1,45,19:00,69,01:00,24,1,,,0.0,false,14.8,237.2301678974039,false
1,45,19:00,70,01:15,25,1,,,0.0,false,14.8,237.7031246419445,false
1,45,19:00,71,01:30,26,1,,,0.0,false,14.8,238.1760813864851,false
1,45,19:00,72,01:45,27,1,,,0.0,false,14.8,238.6490381310257,false
1,45,19:00,73,02:00,28,1,,,0.0,false,14.8,239.1219948755663,false
1,45,19:00,74,02:15,29,1,,,0.0,false,14.8,239.59495162010688,false
1,45,19:00,75,02:30,30,1,,,0.0,false,14.8,240.06790836464748,false
1,45,19:00,76,02:45,31,1,,,0.0,false,14.8,240.54086510918808,false
1,45,19:00,77,03:00,32,1,,,0.0,false,14.8,241.01382185372867,false
1,45,19:00,78,03:15,33,1,,,0.0,false,14.8,241.48677859826927,false
1,45,19:00,79,03:30,34,1,,,0.0,false,14.8,241.95973534280986,false
1,45,19:00,80,03:45,35,1,,,0.0,false,14.8,242.43269208735046,false
1,45,19:00,81,04:00,36,1,,,0.0,false,14.8,242.90564883189106,false
1,45,19:00,82,04:15,37,1,,,0.0,false,14.8,243.37860557643165,false
1,45,19:00,83,04:30,38,1,,,0.0,false,14.8,243.85156232097225,false
1,45,19:00,84,04:45,39,1,,,0.0,false,14.8,244.32451906551285,false
1,45,19:00,85,05:00,40,1,,,0.0,false,14.8,244.79747581005344,false
1,45,19:00,86,05:15,41,1,,,0.0,false,14.8,245.27043255459404,false
1,45,19:00,87,05:30,42,1,,,0.0,false,14.8,245.74338929913463,false
1,45,19:00,88,05:45,43,1,,,0.0,false,14.8,246.21634604367523,false
1,45,19:00,89,06:00,44,1,,,0.0,false,14.8,246.68930278821583,false
1,45,19:00,90,06:15,45,1,,,0.0,false,14.8,247.16225953275642,false
1,45,19:00,91,06:30,46,1,,,0.0,false,14.8,247.63521627729702,false
1,45,19:00,92,06:45,47,1,,,0.0,false,14.8,248.10817302183762,false
1,45,19:00,93,07:00,48,1,,,0.0,false,14.8,248.5811297663782,false
1,45,19:00,94,07:15,49,1,,,0.0,false,14.8,249.0540865109188,false
1,45,19:00,95,07:30,50,1,,,0.0,false,14.8,249.5270432554594,false
1,45,19:00,96,07:45,51,1,,,0.0,false,14.8,250.0,false
1,46,19:15,46,19:15,0,1,,,0.0,false,14.8,230.15147493913076,false
1,46,19:15,47,19:30,1,1,,,0.0,false,14.8,230.15147493913076,false
1,46,19:15,48,19:45,2,1,,,0.0,false,14.8,230.15147493913076,false
1,46,19:15,49,20:00,3,1,,,0.0,false,14.8,230.15147493913076,false
1,46,19:15,50,20:15,4,1,,,0.0,false,14.8,230.15147493913076,false
1,46,19:15,51,20:30,5,1,,,0.0,false,14.8,230.15147493913076,false
1,46,19:15,52,20:45,6,1,,,0.0,false,14.8,230.15147493913076,false
1,46,19:15,53,21:00,7,1,,,0.0,false,14.8,230.62443168367136,false
1,46,19:15,54,21:15,8,1,,,0.0,false,14.8,231.09738842821196,false
1,46,19:15,55,21:30,9,1,,,0.0,false,14.8,231.57034517275255,false
1,46,19:15,56,21:45,10,1,,,0.0,false,14.8,232.04330191729315,false
1,46,19:15,57,22:00,11,1,,,0.0,false,14.8,232.51625866183375,false
1,46,19:15,58,22:15,12,1,,,0.0,false,14.8,232.98921540637434,false
1,46,19:15,59,22:30,13,1,,,0.0,false,14.8,233.46217215091494,false
1,46,19:15,60,22:45,14,1,,,0.0,false,14.8,233.93512889545553,false
1,46,19:15,61,23:00,15,1,,,0.0,false,14.8,233.93512889545553,false
1,46,19:15,62,23:15,16,1,,,0.0,false,14.8,234.40808563999613,false
1,46,19:15,63,23:30,17,1,,,0.0,false,14.8,234.86538417470092,false
1,46,19:15,64,23:45,18,1,,,0.0,false,14.8,234.86538417470092,false
1,46,19:15,65,00:00,19,1,,,0.0,false,14.8,235.33834091924152,false
1,46,19:15,66,00:15,20,1,,,0.0,false,14.8,235.8112976637821,false
1,46,19:15,67,00:30,21,1,,,0.0,false,14.8,236.2842544083227,false
1,46,19:15,68,00:45,22,1,,,0.0,false,14.8,236.7572111528633,false
1,46,19:15,69,01:00,23,1,,,0.0,false,14.8,237.2301678974039,false
1,46,19:15,70,01:15,24,1,,,0.0,false,14.8,237.7031246419445,false
1,46,19:15,71,01:30,25,1,,,0.0,false,14.8,238.1760813864851,false
1,46,19:15,72,01:45,26,1,,,0.0,false,14.8,238.6490381310257,false
1,46,19:15,73,02:00,27,1,,,0.0,false,14.8,239.1219948755663,false
1,46,19:15,74,02:15,28,1,,,0.0,false,14.8,239.59495162010688,false
1,46,19:15,75,02:30,29,1,,,0.0,false,14.8,240.06790836464748,false
1,46,19:15,76,02:45,30,1,,,0.0,false,14.8,240.54086510918808,false
1,46,19:15,77,03:00,31,1,,,0.0,false,14.8,241.01382185372867,false
1,46,19:15,78,03:15,32,1,,,0.0,false,14.8,241.48677859826927,false
1,46,19:15,79,03:30,33,1,,,0.0,false,14.8,241.95973534280986,false
1,46,19:15,80,03:45,34,1,,,0.0,false,14.8,242.43269208735046,false
1,46,19:15,81,04:00,35,1,,,0.0,false,14.8,242.90564883189106,false
1,46,19:15,82,04:15,36,1,,,0.0,false,14.8,243.37860557643165,false
1,46,19:15,83,04:30,37,1,,,0.0,false,14.8,243.85156232097225,false
1,46,19:15,84,04:45,38,1,,,0.0,false,14.8,244.32451906551285,false
1,46,19:15,85,05:00,39,1,,,0.0,false,14.8,244.79747581005344,false
1,46,19:15,86,05:15,40,1,,,0.0,false,14.8,245.27043255459404,false
1,46,19:15,87,05:30,41,1,,,0.0,false,14.8,245.74338929913463,false
1,46,19:15,88,05:45,42,1,,,0.0,false,14.8,246.21634604367523,false
1,46,19:15,89,06:00,43,1,,,0.0,false,14.8,246.68930278821583,false
1,46,19:15,90,06:15,44,1,,,0.0,false,14.8,247.16225953275642,false
1,46,19:15,91,06:30,45,1,,,0.0,false,14.8,247.63521627729702,false
1,46,19:15,92,06:45,46,1,,,0.0,false,14.8,248.10817302183762,false
1,46,19:15,93,07:00,47,1,,,0.0,false,14.8,248.5811297663782,false
1,46,19:15,94,07:15,48,1,,,0.0,false,14.8,249.0540865109188,false
1,46,19:15,95,07:30,49,1,,,0.0,false,14.8,249.5270432554594,false
1,46,19:15,96,07:45,50,1,,,0.0,false,14.8,250.0,false
1,47,19:30,47,19:30,0,1,,,0.0,false,14.8,230.15147493913076,false
1,47,19:30,48,19:45,1,1,,,0.0,false,14.8,230.15147493913076,false
1,47,19:30,49,20:00,2,1,,,0.0,false,14.8,230.15147493913076,false
1,47,19:30,50,20:15,3,1,,,0.0,false,14.8,230.15147493913076,false
1,47,19:30,51,20:30,4,1,,,0.0,false,14.8,230.15147493913076,false
1,47,19:30,52,20:45,5,1,,,0.0,false,14.8,230.15147493913076,false
1,47,19:30,53,21:00,6,1,,,0.0,false,14.8,230.62443168367136,false
1,47,19:30,54,21:15,7,1,,,0.0,false,14.8,231.09738842821196,false
1,47,19:30,55,21:30,8,1,,,0.0,false,14.8,231.57034517275255,false
1,47,19:30,56,21:45,9,1,,,0.0,false,14.8,232.04330191729315,false
1,47,19:30,57,22:00,10,1,,,0.0,false,14.8,232.51625866183375,false
1,47,19:30,58,22:15,11,1,,,0.0,false,14.8,232.98921540637434,false
1,47,19:30,59,22:30,12,1,,,0.0,false,14.8,233.46217215091494,false
1,47,19:30,60,22:45,13,1,,,0.0,false,14.8,233.93512889545553,false
1,47,19:30,61,23:00,14,1,,,0.0,false,14.8,233.93512889545553,false
1,47,19:30,62,23:15,15,1,,,0.0,false,14.8,234.40808563999613,false
1,47,19:30,63,23:30,16,1,,,0.0,false,14.8,234.86538417470092,false
1,47,19:30,64,23:45,17,1,,,0.0,false,14.8,234.86538417470092,false
1,47,19:30,65,00:00,18,1,,,0.0,false,14.8,235.33834091924152,false
1,47,19:30,66,00:15,19,1,,,0.0,false,14.8,235.8112976637821,false
1,47,19:30,67,00:30,20,1,,,0.0,false,14.8,236.2842544083227,false
1,47,19:30,68,00:45,21,1,,,0.0,false,14.8,236.7572111528633,false
1,47,19:30,69,01:00,22,1,,,0.0,false,14.8,237.2301678974039,false
1,47,19:30,70,01:15,23,1,,,0.0,false,14.8,237.7031246419445,false
1,47,19:30,71,01:30,24,1,,,0.0,false,14.8,238.1760813864851,false
1,47,19:30,72,01:45,25,1,,,0.0,false,14.8,238.6490381310257,false
1,47,19:30,73,02:00,26,1,,,0.0,false,14.8,239.1219948755663,false
1,47,19:30,74,02:15,27,1,,,0.0,false,14.8,239.59495162010688,false
1,47,19:30,75,02:30,28,1,,,0.0,false,14.8,240.06790836464748,false
1,47,19:30,76,02:45,29,1,,,0.0,false,14.8,240.54086510918808,false
1,47,19:30,77,03:00,30,1,,,0.0,false,14.8,241.01382185372867,false
1,47,19:30,78,03:15,31,1,,,0.0,false,14.8,241.48677859826927,false
1,47,19:30,79,03:30,32,1,,,0.0,false,14.8,241.95973534280986,false
1,47,19:30,80,03:45,33,1,,,0.0,false,14.8,242.43269208735046,false
1,47,19:30,81,04:00,34,1,,,0.0,false,14.8,242.90564883189106,false
1,47,19:30,82,04:15,35,1,,,0.0,false,14.8,243.37860557643165,false
1,47,19:30,83,04:30,36,1,,,0.0,false,14.8,243.85156232097225,false
1,47,19:30,84,04:45,37,1,,,0.0,false,14.8,244.32451906551285,false
1,47,19:30,85,05:00,38,1,,,0.0,false,14.8,244.79747581005344,false
1,47,19:30,86,05:15,39,1,,,0.0,false,14.8,245.27043255459404,false
1,47,19:30,87,05:30,40,1,,,0.0,false,14.8,245.74338929913463,false
1,47,19:30,88,05:45,41,1,,,0.0,false,14.8,246.21634604367523,false
1,47,19:30,89,06:00,42,1,,,0.0,false,14.8,246.68930278821583,false
1,47,19:30,90,06:15,43,1,,,0.0,false,14.8,247.16225953275642,false
1,47,19:30,91,06:30,44,1,,,0.0,false,14.8,247.63521627729702,false
1,47,19:30,92,06:45,45,1,,,0.0,false,14.8,248.10817302183762,false
1,47,19:30,93,07:00,46,1,,,0.0,false,14.8,248.5811297663782,false
1,47,19:30,94,07:15,47,1,,,0.0,false,14.8,249.0540865109188,false
1,47,19:30,95,07:30,48,1,,,0.0,false,14.8,249.5270432554594,false
1,47,19:30,96,07:45,49,1,,,0.0,false,14.8,250.0,false
1,48,19:45,48,19:45,0,1,,,0.0,false,14.8,230.15147493913076,false
1,48,19:45,49,20:00,1,1,,,0.0,false,14.8,230.15147493913076,false
1,48,19:45,50,20:15,2,1,,,0.0,false,14.8,230.15147493913076,false
1,48,19:45,51,20:30,3,1,,,0.0,false,14.8,230.15147493913076,false
1,48,19:45,52,20:45,4,1,,,0.0,false,14.8,230.15147493913076,false
1,48,19:45,53,21:00,5,1,,,0.0,false,14.8,230.62443168367136,false
1,48,19:45,54,21:15,6,1,,,0.0,false,14.8,231.09738842821196,false
1,48,19:45,55,21:30,7,1,,,0.0,false,14.8,231.57034517275255,false
1,48,19:45,56,21:45,8,1,,,0.0,false,14.8,232.04330191729315,false
1,48,19:45,57,22:00,9,1,,,0.0,false,14.8,232.51625866183375,false
1,48,19:45,58,22:15,10,1,,,0.0,false,14.8,232.98921540637434,false
1,48,19:45,59,22:30,11,1,,,0.0,false,14.8,233.46217215091494,false
1,48,19:45,60,22:45,12,1,,,0.0,false,14.8,233.93512889545553,false
1,48,19:45,61,23:00,13,1,,,0.0,false,14.8,233.93512889545553,false
1,48,19:45,62,23:15,14,1,,,0.0,false,14.8,234.40808563999613,false
1,48,19:45,63,23:30,15,1,,,0.0,false,14.8,234.86538417470092,false
1,48,19:45,64,23:45,16,1,,,0.0,false,14.8,234.86538417470092,false
1,48,19:45,65,00:00,17,1,,,0.0,false,14.8,235.33834091924152,false
1,48,19:45,66,00:15,18,1,,,0.0,false,14.8,235.8112976637821,false
1,48,19:45,67,00:30,19,1,,,0.0,false,14.8,236.2842544083227,false
1,48,19:45,68,00:45,20,1,,,0.0,false,14.8,236.7572111528633,false
1,48,19:45,69,01:00,21,1,,,0.0,false,14.8,237.2301678974039,false
1,48,19:45,70,01:15,22,1,,,0.0,false,14.8,237.7031246419445,false
1,48,19:45,71,01:30,23,1,,,0.0,false,14.8,238.1760813864851,false
1,48,19:45,72,01:45,24,1,,,0.0,false,14.8,238.6490381310257,false
1,48,19:45,73,02:00,25,1,,,0.0,false,14.8,239.1219948755663,false
1,48,19:45,74,02:15,26,1,,,0.0,false,14.8,239.59495162010688,false
1,48,19:45,75,02:30,27,1,,,0.0,false,14.8,240.06790836464748,false
1,48,19:45,76,02:45,28,1,,,0.0,false,14.8,240.54086510918808,false
1,48,19:45,77,03:00,29,1,,,0.0,false,14.8,241.01382185372867,false
1,48,19:45,78,03:15,30,1,,,0.0,false,14.8,241.48677859826927,false
1,48,19:45,79,03:30,31,1,,,0.0,false,14.8,241.95973534280986,false
1,48,19:45,80,03:45,32,1,,,0.0,false,14.8,242.43269208735046,false
1,48,19:45,81,04:00,33,1,,,0.0,false,14.8,242.90564883189106,false
1,48,19:45,82,04:15,34,1,,,0.0,false,14.8,243.37860557643165,false
1,48,19:45,83,04:30,35,1,,,0.0,false,14.8,243.85156232097225,false
1,48,19:45,84,04:45,36,1,,,0.0,false,14.8,244.32451906551285,false
1,48,19:45,85,05:00,37,1,,,0.0,false,14.8,244.79747581005344,false
1,48,19:45,86,05:15,38,1,,,0.0,false,14.8,245.27043255459404,false
1,48,19:45,87,05:30,39,1,,,0.0,false,14.8,245.74338929913463,false
1,48,19:45,88,05:45,40,1,,,0.0,false,14.8,246.21634604367523,false
1,48,19:45,89,06:00,41,1,,,0.0,false,14.8,246.68930278821583,false
1,48,19:45,90,06:15,42,1,,,0.0,false,14.8,247.16225953275642,false
1,48,19:45,91,06:30,43,1,,,0.0,false,14.8,247.63521627729702,false
1,48,19:45,92,06:45,44,1,,,0.0,false,14.8,248.10817302183762,false
1,48,19:45,93,07:00,45,1,,,0.0,false,14.8,248.5811297663782,false
1,48,19:45,94,07:15,46,1,,,0.0,false,14.8,249.0540865109188,false
1,48,19:45,95,07:30,47,1,,,0.0,false,14.8,249.5270432554594,false
1,48,19:45,96,07:45,48,1,,,0.0,false,14.8,250.0,false
1,49,20:00,49,20:00,0,1,,,0.0,false,14.8,230.15147493913076,false
1,49,20:00,50,20:15,1,1,,,0.0,false,14.8,230.15147493913076,false
1,49,20:00,51,20:30,2,1,,,0.0,false,14.8,230.15147493913076,false
1,49,20:00,52,20:45,3,1,,,0.0,false,14.8,230.15147493913076,false
1,49,20:00,53,21:00,4,1,,,0.0,false,14.8,230.62443168367136,false
1,49,20:00,54,21:15,5,1,,,0.0,false,14.8,231.09738842821196,false
1,49,20:00,55,21:30,6,1,,,0.0,false,14.8,231.57034517275255,false
1,49,20:00,56,21:45,7,1,,,0.0,false,14.8,232.04330191729315,false
1,49,20:00,57,22:00,8,1,,,0.0,false,14.8,232.51625866183375,false
1,49,20:00,58,22:15,9,1,,,0.0,false,14.8,232.98921540637434,false
1,49,20:00,59,22:30,10,1,,,0.0,false,14.8,233.46217215091494,false
1,49,20:00,60,22:45,11,1,,,0.0,false,14.8,233.93512889545553,false
1,49,20:00,61,23:00,12,1,,,0.0,false,14.8,233.93512889545553,false
1,49,20:00,62,23:15,13,1,,,0.0,false,14.8,234.40808563999613,false
1,49,20:00,63,23:30,14,1,,,0.0,false,14.8,234.86538417470092,false
1,49,20:00,64,23:45,15,1,,,0.0,false,14.8,234.86538417470092,false
1,49,20:00,65,00:00,16,1,,,0.0,false,14.8,235.33834091924152,false
1,49,20:00,66,00:15,17,1,,,0.0,false,14.8,235.8112976637821,false
1,49,20:00,67,00:30,18,1,,,0.0,false,14.8,236.2842544083227,false
1,49,20:00,68,00:45,19,1,,,0.0,false,14.8,236.7572111528633,false
1,49,20:00,69,01:00,20,1,,,0.0,false,14.8,237.2301678974039,false
1,49,20:00,70,01:15,21,1,,,0.0,false,14.8,237.7031246419445,false
1,49,20:00,71,01:30,22,1,,,0.0,false,14.8,238.1760813864851,false
1,49,20:00,72,01:45,23,1,,,0.0,false,14.8,238.6490381310257,false
1,49,20:00,73,02:00,24,1,,,0.0,false,14.8,239.1219948755663,false
1,49,20:00,74,02:15,25,1,,,0.0,false,14.8,239.59495162010688,false
1,49,20:00,75,02:30,26,1,,,0.0,false,14.8,240.06790836464748,false
1,49,20:00,76,02:45,27,1,,,0.0,false,14.8,240.54086510918808,false
1,49,20:00,77,03:00,28,1,,,0.0,false,14.8,241.01382185372867,false
1,49,20:00,78,03:15,29,1,,,0.0,false,14.8,241.48677859826927,false
1,49,20:00,79,03:30,30,1,,,0.0,false,14.8,241.95973534280986,false
1,49,20:00,80,03:45,31,1,,,0.0,false,14.8,242.43269208735046,false
1,49,20:00,81,04:00,32,1,,,0.0,false,14.8,242.90564883189106,false
1,49,20:00,82,04:15,33,1,,,0.0,false,14.8,243.37860557643165,false
1,49,20:00,83,04:30,34,1,,,0.0,false,14.8,243.85156232097225,false
1,49,20:00,84,04:45,35,1,,,0.0,false,14.8,244.32451906551285,false
1,49,20:00,85,05:00,36,1,,,0.0,false,14.8,244.79747581005344,false
1,49,20:00,86,05:15,37,1,,,0.0,false,14.8,245.27043255459404,false
1,49,20:00,87,05:30,38,1,,,0.0,false,14.8,245.74338929913463,false
1,49,20:00,88,05:45,39,1,,,0.0,false,14.8,246.21634604367523,false
1,49,20:00,89,06:00,40,1,,,0.0,false,14.8,246.68930278821583,false
1,49,20:00,90,06:15,41,1,,,0.0,false,14.8,247.16225953275642,false
1,49,20:00,91,06:30,42,1,,,0.0,false,14.8,247.63521627729702,false
1,49,20:00,92,06:45,43,1,,,0.0,false,14.8,248.10817302183762,false
1,49,20:00,93,07:00,44,1,,,0.0,false,14.8,248.5811297663782,false
1,49,20:00,94,07:15,45,1,,,0.0,false,14.8,249.0540865109188,false
1,49,20:00,95,07:30,46,1,,,0.0,false,14.8,249.5270432554594,false
1,49,20:00,96,07:45,47,1,,,0.0,false,14.8,250.0,false
1,50,20:15,50,20:15,0,1,,,0.0,false,14.8,230.15147493913076,false
1,50,20:15,51,20:30,1,1,,,0.0,false,14.8,230.15147493913076,false
1,50,20:15,52,20:45,2,1,,,0.0,false,14.8,230.15147493913076,false
1,50,20:15,53,21:00,3,1,,,0.0,false,14.8,230.62443168367136,false
1,50,20:15,54,21:15,4,1,,,0.0,false,14.8,231.09738842821196,false
1,50,20:15,55,21:30,5,1,,,0.0,false,14.8,231.57034517275255,false
1,50,20:15,56,21:45,6,1,,,0.0,false,14.8,232.04330191729315,false
1,50,20:15,57,22:00,7,1,,,0.0,false,14.8,232.51625866183375,false
1,50,20:15,58,22:15,8,1,,,0.0,false,14.8,232.98921540637434,false
1,50,20:15,59,22:30,9,1,,,0.0,false,14.8,233.46217215091494,false
1,50,20:15,60,22:45,10,1,,,0.0,false,14.8,233.93512889545553,false
1,50,20:15,61,23:00,11,1,,,0.0,false,14.8,233.93512889545553,false
1,50,20:15,62,23:15,12,1,,,0.0,false,14.8,234.40808563999613,false
1,50,20:15,63,23:30,13,1,,,0.0,false,14.8,234.86538417470092,false
1,50,20:15,64,23:45,14,1,,,0.0,false,14.8,234.86538417470092,false
1,50,20:15,65,00:00,15,1,,,0.0,false,14.8,235.33834091924152,false
1,50,20:15,66,00:15,16,1,,,0.0,false,14.8,235.8112976637821,false
1,50,20:15,67,00:30,17,1,,,0.0,false,14.8,236.2842544083227,false
1,50,20:15,68,00:45,18,1,,,0.0,false,14.8,236.7572111528633,false
1,50,20:15,69,01:00,19,1,,,0.0,false,14.8,237.2301678974039,false
1,50,20:15,70,01:15,20,1,,,0.0,false,14.8,237.7031246419445,false
1,50,20:15,71,01:30,21,1,,,0.0,false,14.8,238.1760813864851,false
1,50,20:15,72,01:45,22,1,,,0.0,false,14.8,238.6490381310257,false
1,50,20:15,73,02:00,23,1,,,0.0,false,14.8,239.1219948755663,false
1,50,20:15,74,02:15,24,1,,,0.0,false,14.8,239.59495162010688,false
1,50,20:15,75,02:30,25,1,,,0.0,false,14.8,240.06790836464748,false
1,50,20:15,76,02:45,26,1,,,0.0,false,14.8,240.54086510918808,false
1,50,20:15,77,03:00,27,1,,,0.0,false,14.8,241.01382185372867,false
1,50,20:15,78,03:15,28,1,,,0.0,false,14.8,241.48677859826927,false
1,50,20:15,79,03:30,29,1,,,0.0,false,14.8,241.95973534280986,false
1,50,20:15,80,03:45,30,1,,,0.0,false,14.8,242.43269208735046,false
1,50,20:15,81,04:00,31,1,,,0.0,false,14.8,242.90564883189106,false
1,50,20:15,82,04:15,32,1,,,0.0,false,14.8,243.37860557643165,false
1,50,20:15,83,04:30,33,1,,,0.0,false,14.8,243.85156232097225,false
1,50,20:15,84,04:45,34,1,,,0.0,false,14.8,244.32451906551285,false
1,50,20:15,85,05:00,35,1,,,0.0,false,14.8,244.79747581005344,false
1,50,20:15,86,05:15,36,1,,,0.0,false,14.8,245.27043255459404,false
1,50,20:15,87,05:30,37,1,,,0.0,false,14.8,245.74338929913463,false
1,50,20:15,88,05:45,38,1,,,0.0,false,14.8,246.21634604367523,false
1,50,20:15,89,06:00,39,1,,,0.0,false,14.8,246.68930278821583,false
1,50,20:15,90,06:15,40,1,,,0.0,false,14.8,247.16225953275642,false
1,50,20:15,91,06:30,41,1,,,0.0,false,14.8,247.63521627729702,false
1,50,20:15,92,06:45,42,1,,,0.0,false,14.8,248.10817302183762,false
1,50,20:15,93,07:00,43,1,,,0.0,false,14.8,248.5811297663782,false
1,50,20:15,94,07:15,44,1,,,0.0,false,14.8,249.0540865109188,false
1,50,20:15,95,07:30,45,1,,,0.0,false,14.8,249.5270432554594,false
1,50,20:15,96,07:45,46,1,,,0.0,false,14.8,250.0,false
1,51,20:30,51,20:30,0,1,,,0.0,false,14.8,230.15147493913076,false
1,51,20:30,52,20:45,1,1,,,0.0,false,14.8,230.15147493913076,false
1,51,20:30,53,21:00,2,1,,,0.0,false,14.8,230.62443168367136,false
1,51,20:30,54,21:15,3,1,,,0.0,false,14.8,231.09738842821196,false
1,51,20:30,55,21:30,4,1,,,0.0,false,14.8,231.57034517275255,false
1,51,20:30,56,21:45,5,1,,,0.0,false,14.8,232.04330191729315,false
1,51,20:30,57,22:00,6,1,,,0.0,false,14.8,232.51625866183375,false
1,51,20:30,58,22:15,7,1,,,0.0,false,14.8,232.98921540637434,false
1,51,20:30,59,22:30,8,1,,,0.0,false,14.8,233.46217215091494,false
1,51,20:30,60,22:45,9,1,,,0.0,false,14.8,233.93512889545553,false
1,51,20:30,61,23:00,10,1,,,0.0,false,14.8,233.93512889545553,false
1,51,20:30,62,23:15,11,1,,,0.0,false,14.8,234.4080856399961,false
1,51,20:30,63,23:30,12,1,,,0.0,false,14.8,234.86538417470092,false
1,51,20:30,64,23:45,13,1,,,0.0,false,14.8,234.86538417470092,false
1,51,20:30,65,00:00,14,1,,,0.0,false,14.8,235.33834091924152,false
1,51,20:30,66,00:15,15,1,,,0.0,false,14.8,235.8112976637821,false
1,51,20:30,67,00:30,16,1,,,0.0,false,14.8,236.2842544083227,false
1,51,20:30,68,00:45,17,1,,,0.0,false,14.8,236.7572111528633,false
1,51,20:30,69,01:00,18,1,,,0.0,false,14.8,237.2301678974039,false
1,51,20:30,70,01:15,19,1,,,0.0,false,14.8,237.7031246419445,false
1,51,20:30,71,01:30,20,1,,,0.0,false,14.8,238.1760813864851,false
1,51,20:30,72,01:45,21,1,,,0.0,false,14.8,238.6490381310257,false
1,51,20:30,73,02:00,22,1,,,0.0,false,14.8,239.1219948755663,false
1,51,20:30,74,02:15,23,1,,,0.0,false,14.8,239.59495162010688,false
1,51,20:30,75,02:30,24,1,,,0.0,false,14.8,240.06790836464748,false
1,51,20:30,76,02:45,25,1,,,0.0,false,14.8,240.54086510918808,false
1,51,20:30,77,03:00,26,1,,,0.0,false,14.8,241.01382185372867,false
1,51,20:30,78,03:15,27,1,,,0.0,false,14.8,241.48677859826927,false
1,51,20:30,79,03:30,28,1,,,0.0,false,14.8,241.95973534280986,false
1,51,20:30,80,03:45,29,1,,,0.0,false,14.8,242.43269208735046,false
1,51,20:30,81,04:00,30,1,,,0.0,false,14.8,242.90564883189106,false
1,51,20:30,82,04:15,31,1,,,0.0,false,14.8,243.37860557643165,false
1,51,20:30,83,04:30,32,1,,,0.0,false,14.8,243.85156232097225,false
1,51,20:30,84,04:45,33,1,,,0.0,false,14.8,244.32451906551285,false
1,51,20:30,85,05:00,34,1,,,0.0,false,14.8,244.79747581005344,false
1,51,20:30,86,05:15,35,1,,,0.0,false,14.8,245.27043255459404,false
1,51,20:30,87,05:30,36,1,,,0.0,false,14.8,245.74338929913463,false
1,51,20:30,88,05:45,37,1,,,0.0,false,14.8,246.21634604367523,false
1,51,20:30,89,06:00,38,1,,,0.0,false,14.8,246.68930278821583,false
1,51,20:30,90,06:15,39,1,,,0.0,false,14.8,247.16225953275642,false
1,51,20:30,91,06:30,40,1,,,0.0,false,14.8,247.63521627729702,false
1,51,20:30,92,06:45,41,1,,,0.0,false,14.8,248.10817302183762,false
1,51,20:30,93,07:00,42,1,,,0.0,false,14.8,248.5811297663782,false
1,51,20:30,94,07:15,43,1,,,0.0,false,14.8,249.0540865109188,false
1,51,20:30,95,07:30,44,1,,,0.0,false,14.8,249.5270432554594,false
1,51,20:30,96,07:45,45,1,,,0.0,false,14.8,250.0,false
1,52,20:45,52,20:45,0,1,,,0.0,false,14.8,230.15147493913076,false
1,52,20:45,53,21:00,1,1,,,0.0,false,14.8,230.62443168367136,false
1,52,20:45,54,21:15,2,1,,,0.0,false,14.8,231.09738842821196,false
1,52,20:45,55,21:30,3,1,,,0.0,false,14.8,231.57034517275255,false
1,52,20:45,56,21:45,4,1,,,0.0,false,14.8,232.04330191729315,false
1,52,20:45,57,22:00,5,1,,,0.0,false,14.8,232.51625866183375,false
1,52,20:45,58,22:15,6,1,,,0.0,false,14.8,232.98921540637434,false
1,52,20:45,59,22:30,7,1,,,0.0,false,14.8,233.46217215091494,false
1,52,20:45,60,22:45,8,1,,,0.0,false,14.8,233.93512889545553,false
1,52,20:45,61,23:00,9,1,,,0.0,false,14.8,233.93512889545553,false
1,52,20:45,62,23:15,10,1,,,0.0,false,14.8,234.4080856399961,false
1,52,20:45,63,23:30,11,1,,,0.0,false,14.8,234.86538417470092,false
1,52,20:45,64,23:45,12,1,,,0.0,false,14.8,234.86538417470092,false
1,52,20:45,65,00:00,13,1,,,0.0,false,14.8,235.33834091924152,false
1,52,20:45,66,00:15,14,1,,,0.0,false,14.8,235.8112976637821,false
1,52,20:45,67,00:30,15,1,,,0.0,false,14.8,236.2842544083227,false
1,52,20:45,68,00:45,16,1,,,0.0,false,14.8,236.7572111528633,false
1,52,20:45,69,01:00,17,1,,,0.0,false,14.8,237.2301678974039,false
1,52,20:45,70,01:15,18,1,,,0.0,false,14.8,237.7031246419445,false
1,52,20:45,71,01:30,19,1,,,0.0,false,14.8,238.1760813864851,false
1,52,20:45,72,01:45,20,1,,,0.0,false,14.8,238.6490381310257,false
1,52,20:45,73,02:00,21,1,,,0.0,false,14.8,239.1219948755663,false
1,52,20:45,74,02:15,22,1,,,0.0,false,14.8,239.59495162010688,false
1,52,20:45,75,02:30,23,1,,,0.0,false,14.8,240.06790836464748,false
1,52,20:45,76,02:45,24,1,,,0.0,false,14.8,240.54086510918808,false
1,52,20:45,77,03:00,25,1,,,0.0,false,14.8,241.01382185372867,false
1,52,20:45,78,03:15,26,1,,,0.0,false,14.8,241.48677859826927,false
1,52,20:45,79,03:30,27,1,,,0.0,false,14.8,241.95973534280986,false
1,52,20:45,80,03:45,28,1,,,0.0,false,14.8,242.43269208735046,false
1,52,20:45,81,04:00,29,1,,,0.0,false,14.8,242.90564883189106,false
1,52,20:45,82,04:15,30,1,,,0.0,false,14.8,243.37860557643165,false
1,52,20:45,83,04:30,31,1,,,0.0,false,14.8,243.85156232097225,false
1,52,20:45,84,04:45,32,1,,,0.0,false,14.8,244.32451906551285,false
1,52,20:45,85,05:00,33,1,,,0.0,false,14.8,244.79747581005344,false
1,52,20:45,86,05:15,34,1,,,0.0,false,14.8,245.27043255459404,false
1,52,20:45,87,05:30,35,1,,,0.0,false,14.8,245.74338929913463,false
1,52,20:45,88,05:45,36,1,,,0.0,false,14.8,246.21634604367523,false
1,52,20:45,89,06:00,37,1,,,0.0,false,14.8,246.68930278821583,false
1,52,20:45,90,06:15,38,1,,,0.0,false,14.8,247.16225953275642,false
1,52,20:45,91,06:30,39,1,,,0.0,false,14.8,247.63521627729702,false
1,52,20:45,92,06:45,40,1,,,0.0,false,14.8,248.10817302183762,false
1,52,20:45,93,07:00,41,1,,,0.0,false,14.8,248.5811297663782,false
1,52,20:45,94,07:15,42,1,,,0.0,false,14.8,249.0540865109188,false
1,52,20:45,95,07:30,43,1,,,0.0,false,14.8,249.5270432554594,false
1,52,20:45,96,07:45,44,1,,,0.0,false,14.8,250.0,false
1,53,21:00,53,21:00,0,1,,,0.0,false,14.8,230.62443168367136,false
1,53,21:00,54,21:15,1,1,,,0.0,false,14.8,231.09738842821196,false
1,53,21:00,55,21:30,2,1,,,0.0,false,14.8,231.57034517275255,false
1,53,21:00,56,21:45,3,1,,,0.0,false,14.8,232.04330191729315,false
1,53,21:00,57,22:00,4,1,,,0.0,false,14.8,232.51625866183375,false
1,53,21:00,58,22:15,5,1,,,0.0,false,14.8,232.98921540637434,false
1,53,21:00,59,22:30,6,1,,,0.0,false,14.8,233.46217215091494,false
1,53,21:00,60,22:45,7,1,,,0.0,false,14.8,233.93512889545553,false
1,53,21:00,61,23:00,8,1,,,0.0,false,14.8,233.93512889545553,false
1,53,21:00,62,23:15,9,1,,,0.0,false,14.8,234.4080856399961,false
1,53,21:00,63,23:30,10,1,,,0.0,false,14.8,234.86538417470092,false
1,53,21:00,64,23:45,11,1,,,0.0,false,14.8,234.86538417470092,false
1,53,21:00,65,00:00,12,1,,,0.0,false,14.8,235.33834091924152,false
1,53,21:00,66,00:15,13,1,,,0.0,false,14.8,235.8112976637821,false
1,53,21:00,67,00:30,14,1,,,0.0,false,14.8,236.2842544083227,false
1,53,21:00,68,00:45,15,1,,,0.0,false,14.8,236.7572111528633,false
1,53,21:00,69,01:00,16,1,,,0.0,false,14.8,237.2301678974039,false
1,53,21:00,70,01:15,17,1,,,0.0,false,14.8,237.7031246419445,false
1,53,21:00,71,01:30,18,1,,,0.0,false,14.8,238.1760813864851,false
1,53,21:00,72,01:45,19,1,,,0.0,false,14.8,238.6490381310257,false
1,53,21:00,73,02:00,20,1,,,0.0,false,14.8,239.1219948755663,false
1,53,21:00,74,02:15,21,1,,,0.0,false,14.8,239.59495162010688,false
1,53,21:00,75,02:30,22,1,,,0.0,false,14.8,240.06790836464748,false
1,53,21:00,76,02:45,23,1,,,0.0,false,14.8,240.54086510918808,false
1,53,21:00,77,03:00,24,1,,,0.0,false,14.8,241.01382185372867,false
1,53,21:00,78,03:15,25,1,,,0.0,false,14.8,241.48677859826927,false
1,53,21:00,79,03:30,26,1,,,0.0,false,14.8,241.95973534280986,false
1,53,21:00,80,03:45,27,1,,,0.0,false,14.8,242.43269208735046,false
1,53,21:00,81,04:00,28,1,,,0.0,false,14.8,242.90564883189106,false
1,53,21:00,82,04:15,29,1,,,0.0,false,14.8,243.37860557643165,false
1,53,21:00,83,04:30,30,1,,,0.0,false,14.8,243.85156232097225,false
1,53,21:00,84,04:45,31,1,,,0.0,false,14.8,244.32451906551285,false
1,53,21:00,85,05:00,32,1,,,0.0,false,14.8,244.79747581005344,false
1,53,21:00,86,05:15,33,1,,,0.0,false,14.8,245.27043255459404,false
1,53,21:00,87,05:30,34,1,,,0.0,false,14.8,245.74338929913463,false
1,53,21:00,88,05:45,35,1,,,0.0,false,14.8,246.21634604367523,false
1,53,21:00,89,06:00,36,1,,,0.0,false,14.8,246.68930278821583,false
1,53,21:00,90,06:15,37,1,,,0.0,false,14.8,247.16225953275642,false
1,53,21:00,91,06:30,38,1,,,0.0,false,14.8,247.63521627729702,false
1,53,21:00,92,06:45,39,1,,,0.0,false,14.8,248.10817302183762,false
1,53,21:00,93,07:00,40,1,,,0.0,false,14.8,248.5811297663782,false
1,53,21:00,94,07:15,41,1,,,0.0,false,14.8,249.0540865109188,false
1,53,21:00,95,07:30,42,1,,,0.0,false,14.8,249.5270432554594,false
1,53,21:00,96,07:45,43,1,,,0.0,false,14.8,250.0,false
1,54,21:15,54,21:15,0,1,,,0.0,false,14.8,231.09738842821196,false
1,54,21:15,55,21:30,1,1,,,0.0,false,14.8,231.57034517275255,false
1,54,21:15,56,21:45,2,1,,,0.0,false,14.8,232.04330191729315,false
1,54,21:15,57,22:00,3,1,,,0.0,false,14.8,232.51625866183375,false
1,54,21:15,58,22:15,4,1,,,0.0,false,14.8,232.98921540637434,false
1,54,21:15,59,22:30,5,1,,,0.0,false,14.8,233.46217215091494,false
1,54,21:15,60,22:45,6,1,,,0.0,false,14.8,233.93512889545553,false
1,54,21:15,61,23:00,7,1,,,0.0,false,14.8,233.93512889545553,false
1,54,21:15,62,23:15,8,1,,,0.0,false,14.8,234.4080856399961,false
1,54,21:15,63,23:30,9,1,,,0.0,false,14.8,234.86538417470092,false
1,54,21:15,64,23:45,10,1,,,0.0,false,14.8,234.86538417470092,false
1,54,21:15,65,00:00,11,1,,,0.0,false,14.8,235.33834091924152,false
1,54,21:15,66,00:15,12,1,,,0.0,false,14.8,235.8112976637821,false
1,54,21:15,67,00:30,13,1,,,0.0,false,14.8,236.2842544083227,false
1,54,21:15,68,00:45,14,1,,,0.0,false,14.8,236.7572111528633,false
1,54,21:15,69,01:00,15,1,,,0.0,false,14.8,237.2301678974039,false
1,54,21:15,70,01:15,16,1,,,0.0,false,14.8,237.7031246419445,false
1,54,21:15,71,01:30,17,1,,,0.0,false,14.8,238.1760813864851,false
1,54,21:15,72,01:45,18,1,,,0.0,false,14.8,238.6490381310257,false
1,54,21:15,73,02:00,19,1,,,0.0,false,14.8,239.1219948755663,false
1,54,21:15,74,02:15,20,1,,,0.0,false,14.8,239.59495162010688,false
1,54,21:15,75,02:30,21,1,,,0.0,false,14.8,240.06790836464748,false
1,54,21:15,76,02:45,22,1,,,0.0,false,14.8,240.54086510918808,false
1,54,21:15,77,03:00,23,1,,,0.0,false,14.8,241.01382185372867,false
1,54,21:15,78,03:15,24,1,,,0.0,false,14.8,241.48677859826927,false
1,54,21:15,79,03:30,25,1,,,0.0,false,14.8,241.95973534280986,false
1,54,21:15,80,03:45,26,1,,,0.0,false,14.8,242.43269208735046,false
1,54,21:15,81,04:00,27,1,,,0.0,false,14.8,242.90564883189106,false
1,54,21:15,82,04:15,28,1,,,0.0,false,14.8,243.37860557643165,false
1,54,21:15,83,04:30,29,1,,,0.0,false,14.8,243.85156232097225,false
1,54,21:15,84,04:45,30,1,,,0.0,false,14.8,244.32451906551285,false
1,54,21:15,85,05:00,31,1,,,0.0,false,14.8,244.79747581005344,false
1,54,21:15,86,05:15,32,1,,,0.0,false,14.8,245.27043255459404,false
1,54,21:15,87,05:30,33,1,,,0.0,false,14.8,245.74338929913463,false
1,54,21:15,88,05:45,34,1,,,0.0,false,14.8,246.21634604367523,false
1,54,21:15,89,06:00,35,1,,,0.0,false,14.8,246.68930278821583,false
1,54,21:15,90,06:15,36,1,,,0.0,false,14.8,247.16225953275642,false
1,54,21:15,91,06:30,37,1,,,0.0,false,14.8,247.63521627729702,false
1,54,21:15,92,06:45,38,1,,,0.0,false,14.8,248.10817302183762,false
1,54,21:15,93,07:00,39,1,,,0.0,false,14.8,248.5811297663782,false
1,54,21:15,94,07:15,40,1,,,0.0,false,14.8,249.0540865109188,false
1,54,21:15,95,07:30,41,1,,,0.0,false,14.8,249.5270432554594,false
1,54,21:15,96,07:45,42,1,,,0.0,false,14.8,250.0,false
1,55,21:30,55,21:30,0,1,,,0.0,false,14.8,231.57034517275255,false
1,55,21:30,56,21:45,1,1,,,0.0,false,14.8,232.04330191729315,false
1,55,21:30,57,22:00,2,1,,,0.0,false,14.8,232.51625866183375,false
1,55,21:30,58,22:15,3,1,,,0.0,false,14.8,232.98921540637434,false
1,55,21:30,59,22:30,4,1,,,0.0,false,14.8,233.46217215091494,false
1,55,21:30,60,22:45,5,1,,,0.0,false,14.8,233.93512889545553,false
1,55,21:30,61,23:00,6,1,,,0.0,false,14.8,233.93512889545553,false
1,55,21:30,62,23:15,7,1,,,0.0,false,14.8,234.4080856399961,false
1,55,21:30,63,23:30,8,1,,,0.0,false,14.8,234.86538417470092,false
1,55,21:30,64,23:45,9,1,,,0.0,false,14.8,234.86538417470092,false
1,55,21:30,65,00:00,10,1,,,0.0,false,14.8,235.33834091924152,false
1,55,21:30,66,00:15,11,1,,,0.0,false,14.8,235.8112976637821,false
1,55,21:30,67,00:30,12,1,,,0.0,false,14.8,236.2842544083227,false
1,55,21:30,68,00:45,13,1,,,0.0,false,14.8,236.7572111528633,false
1,55,21:30,69,01:00,14,1,,,0.0,false,14.8,237.2301678974039,false
1,55,21:30,70,01:15,15,1,,,0.0,false,14.8,237.7031246419445,false
1,55,21:30,71,01:30,16,1,,,0.0,false,14.8,238.1760813864851,false
1,55,21:30,72,01:45,17,1,,,0.0,false,14.8,238.6490381310257,false
1,55,21:30,73,02:00,18,1,,,0.0,false,14.8,239.1219948755663,false
1,55,21:30,74,02:15,19,1,,,0.0,false,14.8,239.59495162010688,false
1,55,21:30,75,02:30,20,1,,,0.0,false,14.8,240.06790836464748,false
1,55,21:30,76,02:45,21,1,,,0.0,false,14.8,240.54086510918808,false
1,55,21:30,77,03:00,22,1,,,0.0,false,14.8,241.01382185372867,false
1,55,21:30,78,03:15,23,1,,,0.0,false,14.8,241.48677859826927,false
1,55,21:30,79,03:30,24,1,,,0.0,false,14.8,241.95973534280986,false
1,55,21:30,80,03:45,25,1,,,0.0,false,14.8,242.43269208735046,false
1,55,21:30,81,04:00,26,1,,,0.0,false,14.8,242.90564883189106,false
1,55,21:30,82,04:15,27,1,,,0.0,false,14.8,243.37860557643165,false
1,55,21:30,83,04:30,28,1,,,0.0,false,14.8,243.85156232097225,false
1,55,21:30,84,04:45,29,1,,,0.0,false,14.8,244.32451906551285,false
1,55,21:30,85,05:00,30,1,,,0.0,false,14.8,244.79747581005344,false
1,55,21:30,86,05:15,31,1,,,0.0,false,14.8,245.27043255459404,false
1,55,21:30,87,05:30,32,1,,,0.0,false,14.8,245.74338929913463,false
1,55,21:30,88,05:45,33,1,,,0.0,false,14.8,246.21634604367523,false
1,55,21:30,89,06:00,34,1,,,0.0,false,14.8,246.68930278821583,false
1,55,21:30,90,06:15,35,1,,,0.0,false,14.8,247.16225953275642,false
1,55,21:30,91,06:30,36,1,,,0.0,false,14.8,247.63521627729702,false
1,55,21:30,92,06:45,37,1,,,0.0,false,14.8,248.10817302183762,false
1,55,21:30,93,07:00,38,1,,,0.0,false,14.8,248.5811297663782,false
1,55,21:30,94,07:15,39,1,,,0.0,false,14.8,249.0540865109188,false
1,55,21:30,95,07:30,40,1,,,0.0,false,14.8,249.5270432554594,false
1,55,21:30,96,07:45,41,1,,,0.0,false,14.8,250.0,false
1,56,21:45,56,21:45,0,1,,,0.0,false,14.8,232.04330191729315,false
1,56,21:45,57,22:00,1,1,,,0.0,false,14.8,232.51625866183375,false
1,56,21:45,58,22:15,2,1,,,0.0,false,14.8,232.98921540637434,false
1,56,21:45,59,22:30,3,1,,,0.0,false,14.8,233.46217215091494,false
1,56,21:45,60,22:45,4,1,,,0.0,false,14.8,233.93512889545553,false
1,56,21:45,61,23:00,5,1,,,0.0,false,14.8,233.93512889545553,false
1,56,21:45,62,23:15,6,1,,,0.0,false,14.8,234.4080856399961,false
1,56,21:45,63,23:30,7,1,,,0.0,false,14.8,234.86538417470092,false
1,56,21:45,64,23:45,8,1,,,0.0,false,14.8,234.86538417470092,false
1,56,21:45,65,00:00,9,1,,,0.0,false,14.8,235.33834091924152,false
1,56,21:45,66,00:15,10,1,,,0.0,false,14.8,235.8112976637821,false
1,56,21:45,67,00:30,11,1,,,0.0,false,14.8,236.2842544083227,false
1,56,21:45,68,00:45,12,1,,,0.0,false,14.8,236.7572111528633,false
1,56,21:45,69,01:00,13,1,,,0.0,false,14.8,237.2301678974039,false
1,56,21:45,70,01:15,14,1,,,0.0,false,14.8,237.7031246419445,false
1,56,21:45,71,01:30,15,1,,,0.0,false,14.8,238.1760813864851,false
1,56,21:45,72,01:45,16,1,,,0.0,false,14.8,238.6490381310257,false
1,56,21:45,73,02:00,17,1,,,0.0,false,14.8,239.1219948755663,false
1,56,21:45,74,02:15,18,1,,,0.0,false,14.8,239.59495162010688,false
1,56,21:45,75,02:30,19,1,,,0.0,false,14.8,240.06790836464748,false
1,56,21:45,76,02:45,20,1,,,0.0,false,14.8,240.54086510918808,false
1,56,21:45,77,03:00,21,1,,,0.0,false,14.8,241.01382185372867,false
1,56,21:45,78,03:15,22,1,,,0.0,false,14.8,241.48677859826927,false
1,56,21:45,79,03:30,23,1,,,0.0,false,14.8,241.95973534280986,false
1,56,21:45,80,03:45,24,1,,,0.0,false,14.8,242.43269208735046,false
1,56,21:45,81,04:00,25,1,,,0.0,false,14.8,242.90564883189106,false
1,56,21:45,82,04:15,26,1,,,0.0,false,14.8,243.37860557643165,false
1,56,21:45,83,04:30,27,1,,,0.0,false,14.8,243.85156232097225,false
1,56,21:45,84,04:45,28,1,,,0.0,false,14.8,244.32451906551285,false
1,56,21:45,85,05:00,29,1,,,0.0,false,14.8,244.79747581005344,false
1,56,21:45,86,05:15,30,1,,,0.0,false,14.8,245.27043255459404,false
1,56,21:45,87,05:30,31,1,,,0.0,false,14.8,245.74338929913463,false
1,56,21:45,88,05:45,32,1,,,0.0,false,14.8,246.21634604367523,false
1,56,21:45,89,06:00,33,1,,,0.0,false,14.8,246.68930278821583,false
1,56,21:45,90,06:15,34,1,,,0.0,false,14.8,247.16225953275642,false
1,56,21:45,91,06:30,35,1,,,0.0,false,14.8,247.63521627729702,false
1,56,21:45,92,06:45,36,1,,,0.0,false,14.8,248.10817302183762,false
1,56,21:45,93,07:00,37,1,,,0.0,false,14.8,248.5811297663782,false
1,56,21:45,94,07:15,38,1,,,0.0,false,14.8,249.0540865109188,false
1,56,21:45,95,07:30,39,1,,,0.0,false,14.8,249.5270432554594,false
1,56,21:45,96,07:45,40,1,,,0.0,false,14.8,250.0,false
1,57,22:00,57,22:00,0,1,,,0.0,false,14.8,232.51625866183375,false
1,57,22:00,58,22:15,1,1,,,0.0,false,14.8,232.98921540637434,false
1,57,22:00,59,22:30,2,1,,,0.0,false,14.8,233.46217215091494,false
1,57,22:00,60,22:45,3,1,,,0.0,false,14.8,233.93512889545553,false
1,57,22:00,61,23:00,4,1,,,0.0,false,14.8,233.93512889545553,false
1,57,22:00,62,23:15,5,1,,,0.0,false,14.8,234.4080856399961,false
1,57,22:00,63,23:30,6,1,,,0.0,false,14.8,234.86538417470092,false
1,57,22:00,64,23:45,7,1,,,0.0,false,14.8,234.86538417470092,false
1,57,22:00,65,00:00,8,1,,,0.0,false,14.8,235.33834091924152,false
1,57,22:00,66,00:15,9,1,,,0.0,false,14.8,235.8112976637821,false
1,57,22:00,67,00:30,10,1,,,0.0,false,14.8,236.2842544083227,false
1,57,22:00,68,00:45,11,1,,,0.0,false,14.8,236.7572111528633,false
1,57,22:00,69,01:00,12,1,,,0.0,false,14.8,237.2301678974039,false
1,57,22:00,70,01:15,13,1,,,0.0,false,14.8,237.7031246419445,false
1,57,22:00,71,01:30,14,1,,,0.0,false,14.8,238.1760813864851,false
1,57,22:00,72,01:45,15,1,,,0.0,false,14.8,238.6490381310257,false
1,57,22:00,73,02:00,16,1,,,0.0,false,14.8,239.1219948755663,false
1,57,22:00,74,02:15,17,1,,,0.0,false,14.8,239.59495162010688,false
1,57,22:00,75,02:30,18,1,,,0.0,false,14.8,240.06790836464748,false
1,57,22:00,76,02:45,19,1,,,0.0,false,14.8,240.54086510918808,false
1,57,22:00,77,03:00,20,1,,,0.0,false,14.8,241.01382185372867,false
1,57,22:00,78,03:15,21,1,,,0.0,false,14.8,241.48677859826927,false
1,57,22:00,79,03:30,22,1,,,0.0,false,14.8,241.95973534280986,false
1,57,22:00,80,03:45,23,1,,,0.0,false,14.8,242.43269208735046,false
1,57,22:00,81,04:00,24,1,,,0.0,false,14.8,242.90564883189106,false
1,57,22:00,82,04:15,25,1,,,0.0,false,14.8,243.37860557643165,false
1,57,22:00,83,04:30,26,1,,,0.0,false,14.8,243.85156232097225,false
1,57,22:00,84,04:45,27,1,,,0.0,false,14.8,244.32451906551285,false
1,57,22:00,85,05:00,28,1,,,0.0,false,14.8,244.79747581005344,false
1,57,22:00,86,05:15,29,1,,,0.0,false,14.8,245.27043255459404,false
1,57,22:00,87,05:30,30,1,,,0.0,false,14.8,245.74338929913463,false
1,57,22:00,88,05:45,31,1,,,0.0,false,14.8,246.21634604367523,false
1,57,22:00,89,06:00,32,1,,,0.0,false,14.8,246.68930278821583,false
1,57,22:00,90,06:15,33,1,,,0.0,false,14.8,247.16225953275642,false
1,57,22:00,91,06:30,34,1,,,0.0,false,14.8,247.63521627729702,false
1,57,22:00,92,06:45,35,1,,,0.0,false,14.8,248.10817302183762,false
1,57,22:00,93,07:00,36,1,,,0.0,false,14.8,248.5811297663782,false
1,57,22:00,94,07:15,37,1,,,0.0,false,14.8,249.0540865109188,false
1,57,22:00,95,07:30,38,1,,,0.0,false,14.8,249.5270432554594,false
1,57,22:00,96,07:45,39,1,,,0.0,false,14.8,250.0,false
1,58,22:15,58,22:15,0,1,,,0.0,false,14.8,232.98921540637434,false
1,58,22:15,59,22:30,1,1,,,0.0,false,14.8,233.46217215091494,false
1,58,22:15,60,22:45,2,1,,,0.0,false,14.8,233.93512889545553,false
1,58,22:15,61,23:00,3,1,,,0.0,false,14.8,233.93512889545553,false
1,58,22:15,62,23:15,4,1,,,0.0,false,14.8,234.4080856399961,false
1,58,22:15,63,23:30,5,1,,,0.0,false,14.8,234.86538417470092,false
1,58,22:15,64,23:45,6,1,,,0.0,false,14.8,234.86538417470092,false
1,58,22:15,65,00:00,7,1,,,0.0,false,14.8,235.33834091924152,false
1,58,22:15,66,00:15,8,1,,,0.0,false,14.8,235.8112976637821,false
1,58,22:15,67,00:30,9,1,,,0.0,false,14.8,236.2842544083227,false
1,58,22:15,68,00:45,10,1,,,0.0,false,14.8,236.7572111528633,false
1,58,22:15,69,01:00,11,1,,,0.0,false,14.8,237.2301678974039,false
1,58,22:15,70,01:15,12,1,,,0.0,false,14.8,237.7031246419445,false
1,58,22:15,71,01:30,13,1,,,0.0,false,14.8,238.1760813864851,false
1,58,22:15,72,01:45,14,1,,,0.0,false,14.8,238.6490381310257,false
1,58,22:15,73,02:00,15,1,,,0.0,false,14.8,239.1219948755663,false
1,58,22:15,74,02:15,16,1,,,0.0,false,14.8,239.59495162010688,false
1,58,22:15,75,02:30,17,1,,,0.0,false,14.8,240.06790836464748,false
1,58,22:15,76,02:45,18,1,,,0.0,false,14.8,240.54086510918808,false
1,58,22:15,77,03:00,19,1,,,0.0,false,14.8,241.01382185372867,false
1,58,22:15,78,03:15,20,1,,,0.0,false,14.8,241.48677859826927,false
1,58,22:15,79,03:30,21,1,,,0.0,false,14.8,241.95973534280986,false
1,58,22:15,80,03:45,22,1,,,0.0,false,14.8,242.43269208735046,false
1,58,22:15,81,04:00,23,1,,,0.0,false,14.8,242.90564883189106,false
1,58,22:15,82,04:15,24,1,,,0.0,false,14.8,243.37860557643165,false
1,58,22:15,83,04:30,25,1,,,0.0,false,14.8,243.85156232097225,false
1,58,22:15,84,04:45,26,1,,,0.0,false,14.8,244.32451906551285,false
1,58,22:15,85,05:00,27,1,,,0.0,false,14.8,244.79747581005344,false
1,58,22:15,86,05:15,28,1,,,0.0,false,14.8,245.27043255459404,false
1,58,22:15,87,05:30,29,1,,,0.0,false,14.8,245.74338929913463,false
1,58,22:15,88,05:45,30,1,,,0.0,false,14.8,246.21634604367523,false
1,58,22:15,89,06:00,31,1,,,0.0,false,14.8,246.68930278821583,false
1,58,22:15,90,06:15,32,1,,,0.0,false,14.8,247.16225953275642,false
1,58,22:15,91,06:30,33,1,,,0.0,false,14.8,247.63521627729702,false
1,58,22:15,92,06:45,34,1,,,0.0,false,14.8,248.10817302183762,false
1,58,22:15,93,07:00,35,1,,,0.0,false,14.8,248.5811297663782,false
1,58,22:15,94,07:15,36,1,,,0.0,false,14.8,249.0540865109188,false
1,58,22:15,95,07:30,37,1,,,0.0,false,14.8,249.5270432554594,false
1,58,22:15,96,07:45,38,1,,,0.0,false,14.8,250.0,false
1,59,22:30,59,22:30,0,1,,,0.0,false,14.8,233.46217215091494,false
1,59,22:30,60,22:45,1,1,,,0.0,false,14.8,233.93512889545553,false
1,59,22:30,61,23:00,2,1,,,0.0,false,14.8,233.93512889545553,false
1,59,22:30,62,23:15,3,1,,,0.0,false,14.8,234.4080856399961,false
1,59,22:30,63,23:30,4,1,,,0.0,false,14.8,234.86538417470092,false
1,59,22:30,64,23:45,5,1,,,0.0,false,14.8,234.86538417470092,false
1,59,22:30,65,00:00,6,1,,,0.0,false,14.8,235.33834091924152,false
1,59,22:30,66,00:15,7,1,,,0.0,false,14.8,235.8112976637821,false
1,59,22:30,67,00:30,8,1,,,0.0,false,14.8,236.2842544083227,false
1,59,22:30,68,00:45,9,1,,,0.0,false,14.8,236.7572111528633,false
1,59,22:30,69,01:00,10,1,,,0.0,false,14.8,237.2301678974039,false
1,59,22:30,70,01:15,11,1,,,0.0,false,14.8,237.7031246419445,false
1,59,22:30,71,01:30,12,1,,,0.0,false,14.8,238.1760813864851,false
1,59,22:30,72,01:45,13,1,,,0.0,false,14.8,238.6490381310257,false
1,59,22:30,73,02:00,14,1,,,0.0,false,14.8,239.1219948755663,false
1,59,22:30,74,02:15,15,1,,,0.0,false,14.8,239.59495162010688,false
1,59,22:30,75,02:30,16,1,,,0.0,false,14.8,240.06790836464748,false
1,59,22:30,76,02:45,17,1,,,0.0,false,14.8,240.54086510918808,false
1,59,22:30,77,03:00,18,1,,,0.0,false,14.8,241.01382185372867,false
1,59,22:30,78,03:15,19,1,,,0.0,false,14.8,241.48677859826927,false
1,59,22:30,79,03:30,20,1,,,0.0,false,14.8,241.95973534280986,false
1,59,22:30,80,03:45,21,1,,,0.0,false,14.8,242.43269208735046,false
1,59,22:30,81,04:00,22,1,,,0.0,false,14.8,242.90564883189106,false
1,59,22:30,82,04:15,23,1,,,0.0,false,14.8,243.37860557643165,false
1,59,22:30,83,04:30,24,1,,,0.0,false,14.8,243.85156232097225,false
1,59,22:30,84,04:45,25,1,,,0.0,false,14.8,244.32451906551285,false
1,59,22:30,85,05:00,26,1,,,0.0,false,14.8,244.79747581005344,false
1,59,22:30,86,05:15,27,1,,,0.0,false,14.8,245.27043255459404,false
1,59,22:30,87,05:30,28,1,,,0.0,false,14.8,245.74338929913463,false
1,59,22:30,88,05:45,29,1,,,0.0,false,14.8,246.21634604367523,false
1,59,22:30,89,06:00,30,1,,,0.0,false,14.8,246.68930278821583,false
1,59,22:30,90,06:15,31,1,,,0.0,false,14.8,247.16225953275642,false
1,59,22:30,91,06:30,32,1,,,0.0,false,14.8,247.63521627729702,false
1,59,22:30,92,06:45,33,1,,,0.0,false,14.8,248.10817302183762,false
1,59,22:30,93,07:00,34,1,,,0.0,false,14.8,248.5811297663782,false
1,59,22:30,94,07:15,35,1,,,0.0,false,14.8,249.0540865109188,false
1,59,22:30,95,07:30,36,1,,,0.0,false,14.8,249.5270432554594,false
1,59,22:30,96,07:45,37,1,,,0.0,false,14.8,250.0,false
1,60,22:45,60,22:45,0,1,,,0.0,false,14.8,233.93512889545553,false
1,60,22:45,61,23:00,1,1,,,0.0,false,14.8,233.93512889545553,false
1,60,22:45,62,23:15,2,1,,,0.0,false,14.8,234.4080856399961,false
1,60,22:45,63,23:30,3,1,,,0.0,false,14.8,234.86538417470092,false
1,60,22:45,64,23:45,4,1,,,0.0,false,14.8,234.86538417470092,false
1,60,22:45,65,00:00,5,1,,,0.0,false,14.8,235.33834091924152,false
1,60,22:45,66,00:15,6,1,,,0.0,false,14.8,235.8112976637821,false
1,60,22:45,67,00:30,7,1,,,0.0,false,14.8,236.2842544083227,false
1,60,22:45,68,00:45,8,1,,,0.0,false,14.8,236.7572111528633,false
1,60,22:45,69,01:00,9,1,,,0.0,false,14.8,237.2301678974039,false
1,60,22:45,70,01:15,10,1,,,0.0,false,14.8,237.7031246419445,false
1,60,22:45,71,01:30,11,1,,,0.0,false,14.8,238.1760813864851,false
1,60,22:45,72,01:45,12,1,,,0.0,false,14.8,238.6490381310257,false
1,60,22:45,73,02:00,13,1,,,0.0,false,14.8,239.1219948755663,false
1,60,22:45,74,02:15,14,1,,,0.0,false,14.8,239.59495162010688,false
1,60,22:45,75,02:30,15,1,,,0.0,false,14.8,240.06790836464748,false
1,60,22:45,76,02:45,16,1,,,0.0,false,14.8,240.54086510918808,false
1,60,22:45,77,03:00,17,1,,,0.0,false,14.8,241.01382185372867,false
1,60,22:45,78,03:15,18,1,,,0.0,false,14.8,241.48677859826927,false
1,60,22:45,79,03:30,19,1,,,0.0,false,14.8,241.95973534280986,false
1,60,22:45,80,03:45,20,1,,,0.0,false,14.8,242.43269208735046,false
1,60,22:45,81,04:00,21,1,,,0.0,false,14.8,242.90564883189106,false
1,60,22:45,82,04:15,22,1,,,0.0,false,14.8,243.37860557643165,false
1,60,22:45,83,04:30,23,1,,,0.0,false,14.8,243.85156232097225,false
1,60,22:45,84,04:45,24,1,,,0.0,false,14.8,244.32451906551285,false
1,60,22:45,85,05:00,25,1,,,0.0,false,14.8,244.79747581005344,false
1,60,22:45,86,05:15,26,1,,,0.0,false,14.8,245.27043255459404,false
1,60,22:45,87,05:30,27,1,,,0.0,false,14.8,245.74338929913463,false
1,60,22:45,88,05:45,28,1,,,0.0,false,14.8,246.21634604367523,false
1,60,22:45,89,06:00,29,1,,,0.0,false,14.8,246.68930278821583,false
1,60,22:45,90,06:15,30,1,,,0.0,false,14.8,247.16225953275642,false
1,60,22:45,91,06:30,31,1,,,0.0,false,14.8,247.63521627729702,false
1,60,22:45,92,06:45,32,1,,,0.0,false,14.8,248.10817302183762,false
1,60,22:45,93,07:00,33,1,,,0.0,false,14.8,248.5811297663782,false
1,60,22:45,94,07:15,34,1,,,0.0,false,14.8,249.0540865109188,false
1,60,22:45,95,07:30,35,1,,,0.0,false,14.8,249.5270432554594,false
1,60,22:45,96,07:45,36,1,,,0.0,false,14.8,250.0,false
1,61,23:00,61,23:00,0,1,,,0.0,false,14.8,233.93512889545553,false
1,61,23:00,62,23:15,1,1,,,0.0,false,14.8,234.4080856399961,false
1,61,23:00,63,23:30,2,1,,,0.0,false,14.8,234.86538417470092,false
1,61,23:00,64,23:45,3,1,,,0.0,false,14.8,234.86538417470092,false
1,61,23:00,65,00:00,4,1,,,0.0,false,14.8,235.33834091924152,false
1,61,23:00,66,00:15,5,1,,,0.0,false,14.8,235.8112976637821,false
1,61,23:00,67,00:30,6,1,,,0.0,false,14.8,236.2842544083227,false
1,61,23:00,68,00:45,7,1,,,0.0,false,14.8,236.7572111528633,false
1,61,23:00,69,01:00,8,1,,,0.0,false,14.8,237.2301678974039,false
1,61,23:00,70,01:15,9,1,,,0.0,false,14.8,237.7031246419445,false
1,61,23:00,71,01:30,10,1,,,0.0,false,14.8,238.1760813864851,false
1,61,23:00,72,01:45,11,1,,,0.0,false,14.8,238.6490381310257,false
1,61,23:00,73,02:00,12,1,,,0.0,false,14.8,239.1219948755663,false
1,61,23:00,74,02:15,13,1,,,0.0,false,14.8,239.59495162010688,false
1,61,23:00,75,02:30,14,1,,,0.0,false,14.8,240.06790836464748,false
1,61,23:00,76,02:45,15,1,,,0.0,false,14.8,240.54086510918808,false
1,61,23:00,77,03:00,16,1,,,0.0,false,14.8,241.01382185372867,false
1,61,23:00,78,03:15,17,1,,,0.0,false,14.8,241.48677859826927,false
1,61,23:00,79,03:30,18,1,,,0.0,false,14.8,241.95973534280986,false
1,61,23:00,80,03:45,19,1,,,0.0,false,14.8,242.43269208735046,false
1,61,23:00,81,04:00,20,1,,,0.0,false,14.8,242.90564883189106,false
1,61,23:00,82,04:15,21,1,,,0.0,false,14.8,243.37860557643165,false
1,61,23:00,83,04:30,22,1,,,0.0,false,14.8,243.85156232097225,false
1,61,23:00,84,04:45,23,1,,,0.0,false,14.8,244.32451906551285,false
1,61,23:00,85,05:00,24,1,,,0.0,false,14.8,244.79747581005344,false
1,61,23:00,86,05:15,25,1,,,0.0,false,14.8,245.27043255459404,false
1,61,23:00,87,05:30,26,1,,,0.0,false,14.8,245.74338929913463,false
1,61,23:00,88,05:45,27,1,,,0.0,false,14.8,246.21634604367523,false
1,61,23:00,89,06:00,28,1,,,0.0,false,14.8,246.68930278821583,false
1,61,23:00,90,06:15,29,1,,,0.0,false,14.8,247.16225953275642,false
1,61,23:00,91,06:30,30,1,,,0.0,false,14.8,247.63521627729702,false
1,61,23:00,92,06:45,31,1,,,0.0,false,14.8,248.10817302183762,false
1,61,23:00,93,07:00,32,1,,,0.0,false,14.8,248.5811297663782,false
1,61,23:00,94,07:15,33,1,,,0.0,false,14.8,249.0540865109188,false
1,61,23:00,95,07:30,34,1,,,0.0,false,14.8,249.5270432554594,false
1,61,23:00,96,07:45,35,1,,,0.0,false,14.8,250.0,false
1,62,23:15,62,23:15,0,1,,,0.0,false,14.8,234.40808563999613,false
1,62,23:15,63,23:30,1,1,,,0.0,false,14.8,234.86538417470092,false
1,62,23:15,64,23:45,2,1,,,0.0,false,14.8,234.86538417470092,false
1,62,23:15,65,00:00,3,1,,,0.0,false,14.8,235.33834091924152,false
1,62,23:15,66,00:15,4,1,,,0.0,false,14.8,235.8112976637821,false
1,62,23:15,67,00:30,5,1,,,0.0,false,14.8,236.2842544083227,false
1,62,23:15,68,00:45,6,1,,,0.0,false,14.8,236.7572111528633,false
1,62,23:15,69,01:00,7,1,,,0.0,false,14.8,237.2301678974039,false
1,62,23:15,70,01:15,8,1,,,0.0,false,14.8,237.7031246419445,false
1,62,23:15,71,01:30,9,1,,,0.0,false,14.8,238.1760813864851,false
1,62,23:15,72,01:45,10,1,,,0.0,false,14.8,238.6490381310257,false
1,62,23:15,73,02:00,11,1,,,0.0,false,14.8,239.1219948755663,false
1,62,23:15,74,02:15,12,1,,,0.0,false,14.8,239.59495162010688,false
1,62,23:15,75,02:30,13,1,,,0.0,false,14.8,240.06790836464748,false
1,62,23:15,76,02:45,14,1,,,0.0,false,14.8,240.54086510918808,false
1,62,23:15,77,03:00,15,1,,,0.0,false,14.8,241.01382185372867,false
1,62,23:15,78,03:15,16,1,,,0.0,false,14.8,241.48677859826927,false
1,62,23:15,79,03:30,17,1,,,0.0,false,14.8,241.95973534280986,false
1,62,23:15,80,03:45,18,1,,,0.0,false,14.8,242.43269208735046,false
1,62,23:15,81,04:00,19,1,,,0.0,false,14.8,242.90564883189106,false
1,62,23:15,82,04:15,20,1,,,0.0,false,14.8,243.37860557643165,false
1,62,23:15,83,04:30,21,1,,,0.0,false,14.8,243.85156232097225,false
1,62,23:15,84,04:45,22,1,,,0.0,false,14.8,244.32451906551285,false
1,62,23:15,85,05:00,23,1,,,0.0,false,14.8,244.79747581005344,false
1,62,23:15,86,05:15,24,1,,,0.0,false,14.8,245.27043255459404,false
1,62,23:15,87,05:30,25,1,,,0.0,false,14.8,245.74338929913463,false
1,62,23:15,88,05:45,26,1,,,0.0,false,14.8,246.21634604367523,false
1,62,23:15,89,06:00,27,1,,,0.0,false,14.8,246.68930278821583,false
1,62,23:15,90,06:15,28,1,,,0.0,false,14.8,247.16225953275642,false
1,62,23:15,91,06:30,29,1,,,0.0,false,14.8,247.63521627729702,false
1,62,23:15,92,06:45,30,1,,,0.0,false,14.8,248.10817302183762,false
1,62,23:15,93,07:00,31,1,,,0.0,false,14.8,248.5811297663782,false
1,62,23:15,94,07:15,32,1,,,0.0,false,14.8,249.0540865109188,false
1,62,23:15,95,07:30,33,1,,,0.0,false,14.8,249.5270432554594,false
1,62,23:15,96,07:45,34,1,,,0.0,false,14.8,250.0,false
1,63,23:30,63,23:30,0,1,,,0.0,false,14.8,234.86538417470092,false
1,63,23:30,64,23:45,1,1,,,0.0,false,14.8,234.86538417470092,false
1,63,23:30,65,00:00,2,1,,,0.0,false,14.8,235.33834091924152,false
1,63,23:30,66,00:15,3,1,,,0.0,false,14.8,235.8112976637821,false
1,63,23:30,67,00:30,4,1,,,0.0,false,14.8,236.2842544083227,false
1,63,23:30,68,00:45,5,1,,,0.0,false,14.8,236.7572111528633,false
1,63,23:30,69,01:00,6,1,,,0.0,false,14.8,237.2301678974039,false
1,63,23:30,70,01:15,7,1,,,0.0,false,14.8,237.7031246419445,false
1,63,23:30,71,01:30,8,1,,,0.0,false,14.8,238.1760813864851,false
1,63,23:30,72,01:45,9,1,,,0.0,false,14.8,238.6490381310257,false
1,63,23:30,73,02:00,10,1,,,0.0,false,14.8,239.1219948755663,false
1,63,23:30,74,02:15,11,1,,,0.0,false,14.8,239.59495162010688,false
1,63,23:30,75,02:30,12,1,,,0.0,false,14.8,240.06790836464748,false
1,63,23:30,76,02:45,13,1,,,0.0,false,14.8,240.54086510918808,false
1,63,23:30,77,03:00,14,1,,,0.0,false,14.8,241.01382185372867,false
1,63,23:30,78,03:15,15,1,,,0.0,false,14.8,241.48677859826927,false
1,63,23:30,79,03:30,16,1,,,0.0,false,14.8,241.95973534280986,false
1,63,23:30,80,03:45,17,1,,,0.0,false,14.8,242.43269208735046,false
1,63,23:30,81,04:00,18,1,,,0.0,false,14.8,242.90564883189106,false
1,63,23:30,82,04:15,19,1,,,0.0,false,14.8,243.37860557643165,false
1,63,23:30,83,04:30,20,1,,,0.0,false,14.8,243.85156232097225,false
1,63,23:30,84,04:45,21,1,,,0.0,false,14.8,244.32451906551285,false
1,63,23:30,85,05:00,22,1,,,0.0,false,14.8,244.79747581005344,false
1,63,23:30,86,05:15,23,1,,,0.0,false,14.8,245.27043255459404,false
1,63,23:30,87,05:30,24,1,,,0.0,false,14.8,245.74338929913463,false
1,63,23:30,88,05:45,25,1,,,0.0,false,14.8,246.21634604367523,false
1,63,23:30,89,06:00,26,1,,,0.0,false,14.8,246.68930278821583,false
1,63,23:30,90,06:15,27,1,,,0.0,false,14.8,247.16225953275642,false
1,63,23:30,91,06:30,28,1,,,0.0,false,14.8,247.63521627729702,false
1,63,23:30,92,06:45,29,1,,,0.0,false,14.8,248.10817302183762,false
1,63,23:30,93,07:00,30,1,,,0.0,false,14.8,248.5811297663782,false
1,63,23:30,94,07:15,31,1,,,0.0,false,14.8,249.0540865109188,false
1,63,23:30,95,07:30,32,1,,,0.0,false,14.8,249.5270432554594,false
1,63,23:30,96,07:45,33,1,,,0.0,false,14.8,250.0,false
1,64,23:45,64,23:45,0,1,,,0.0,false,14.8,234.86538417470092,false
1,64,23:45,65,00:00,1,1,,,0.0,false,14.8,235.33834091924152,false
1,64,23:45,66,00:15,2,1,,,0.0,false,14.8,235.8112976637821,false
1,64,23:45,67,00:30,3,1,,,0.0,false,14.8,236.2842544083227,false
1,64,23:45,68,00:45,4,1,,,0.0,false,14.8,236.7572111528633,false
1,64,23:45,69,01:00,5,1,,,0.0,false,14.8,237.2301678974039,false
1,64,23:45,70,01:15,6,1,,,0.0,false,14.8,237.7031246419445,false
1,64,23:45,71,01:30,7,1,,,0.0,false,14.8,238.1760813864851,false
1,64,23:45,72,01:45,8,1,,,0.0,false,14.8,238.6490381310257,false
1,64,23:45,73,02:00,9,1,,,0.0,false,14.8,239.1219948755663,false
1,64,23:45,74,02:15,10,1,,,0.0,false,14.8,239.59495162010688,false
1,64,23:45,75,02:30,11,1,,,0.0,false,14.8,240.06790836464748,false
1,64,23:45,76,02:45,12,1,,,0.0,false,14.8,240.54086510918808,false
1,64,23:45,77,03:00,13,1,,,0.0,false,14.8,241.01382185372867,false
1,64,23:45,78,03:15,14,1,,,0.0,false,14.8,241.48677859826927,false
1,64,23:45,79,03:30,15,1,,,0.0,false,14.8,241.95973534280986,false
1,64,23:45,80,03:45,16,1,,,0.0,false,14.8,242.43269208735046,false
1,64,23:45,81,04:00,17,1,,,0.0,false,14.8,242.90564883189106,false
1,64,23:45,82,04:15,18,1,,,0.0,false,14.8,243.37860557643165,false
1,64,23:45,83,04:30,19,1,,,0.0,false,14.8,243.85156232097225,false
1,64,23:45,84,04:45,20,1,,,0.0,false,14.8,244.32451906551285,false
1,64,23:45,85,05:00,21,1,,,0.0,false,14.8,244.79747581005344,false
1,64,23:45,86,05:15,22,1,,,0.0,false,14.8,245.27043255459404,false
1,64,23:45,87,05:30,23,1,,,0.0,false,14.8,245.74338929913463,false
1,64,23:45,88,05:45,24,1,,,0.0,false,14.8,246.21634604367523,false
1,64,23:45,89,06:00,25,1,,,0.0,false,14.8,246.68930278821583,false
1,64,23:45,90,06:15,26,1,,,0.0,false,14.8,247.16225953275642,false
1,64,23:45,91,06:30,27,1,,,0.0,false,14.8,247.63521627729702,false
1,64,23:45,92,06:45,28,1,,,0.0,false,14.8,248.10817302183762,false
1,64,23:45,93,07:00,29,1,,,0.0,false,14.8,248.5811297663782,false
1,64,23:45,94,07:15,30,1,,,0.0,false,14.8,249.0540865109188,false
1,64,23:45,95,07:30,31,1,,,0.0,false,14.8,249.5270432554594,false
1,64,23:45,96,07:45,32,1,,,0.0,false,14.8,250.0,false
1,65,00:00,65,00:00,0,1,,,0.0,false,14.8,235.33834091924152,false
1,65,00:00,66,00:15,1,1,,,0.0,false,14.8,235.8112976637821,false
1,65,00:00,67,00:30,2,1,,,0.0,false,14.8,236.2842544083227,false
1,65,00:00,68,00:45,3,1,,,0.0,false,14.8,236.7572111528633,false
1,65,00:00,69,01:00,4,1,,,0.0,false,14.8,237.2301678974039,false
1,65,00:00,70,01:15,5,1,,,0.0,false,14.8,237.7031246419445,false
1,65,00:00,71,01:30,6,1,,,0.0,false,14.8,238.1760813864851,false
1,65,00:00,72,01:45,7,1,,,0.0,false,14.8,238.6490381310257,false
1,65,00:00,73,02:00,8,1,,,0.0,false,14.8,239.1219948755663,false
1,65,00:00,74,02:15,9,1,,,0.0,false,14.8,239.59495162010688,false
1,65,00:00,75,02:30,10,1,,,0.0,false,14.8,240.06790836464748,false
1,65,00:00,76,02:45,11,1,,,0.0,false,14.8,240.54086510918808,false
1,65,00:00,77,03:00,12,1,,,0.0,false,14.8,241.01382185372867,false
1,65,00:00,78,03:15,13,1,,,0.0,false,14.8,241.48677859826927,false
1,65,00:00,79,03:30,14,1,,,0.0,false,14.8,241.95973534280986,false
1,65,00:00,80,03:45,15,1,,,0.0,false,14.8,242.43269208735046,false
1,65,00:00,81,04:00,16,1,,,0.0,false,14.8,242.90564883189106,false
1,65,00:00,82,04:15,17,1,,,0.0,false,14.8,243.37860557643165,false
1,65,00:00,83,04:30,18,1,,,0.0,false,14.8,243.85156232097225,false
1,65,00:00,84,04:45,19,1,,,0.0,false,14.8,244.32451906551285,false
1,65,00:00,85,05:00,20,1,,,0.0,false,14.8,244.79747581005344,false
1,65,00:00,86,05:15,21,1,,,0.0,false,14.8,245.27043255459404,false
1,65,00:00,87,05:30,22,1,,,0.0,false,14.8,245.74338929913463,false
1,65,00:00,88,05:45,23,1,,,0.0,false,14.8,246.21634604367523,false
1,65,00:00,89,06:00,24,1,,,0.0,false,14.8,246.68930278821583,false
1,65,00:00,90,06:15,25,1,,,0.0,false,14.8,247.16225953275642,false
1,65,00:00,91,06:30,26,1,,,0.0,false,14.8,247.63521627729702,false
1,65,00:00,92,06:45,27,1,,,0.0,false,14.8,248.10817302183762,false
1,65,00:00,93,07:00,28,1,,,0.0,false,14.8,248.5811297663782,false
1,65,00:00,94,07:15,29,1,,,0.0,false,14.8,249.0540865109188,false
1,65,00:00,95,07:30,30,1,,,0.0,false,14.8,249.5270432554594,false
1,65,00:00,96,07:45,31,1,,,0.0,false,14.8,250.0,false
1,66,00:15,66,00:15,0,1,,,0.0,false,14.8,235.8112976637821,false
1,66,00:15,67,00:30,1,1,,,0.0,false,14.8,236.2842544083227,false
1,66,00:15,68,00:45,2,1,,,0.0,false,14.8,236.7572111528633,false
1,66,00:15,69,01:00,3,1,,,0.0,false,14.8,237.2301678974039,false
1,66,00:15,70,01:15,4,1,,,0.0,false,14.8,237.7031246419445,false
1,66,00:15,71,01:30,5,1,,,0.0,false,14.8,238.1760813864851,false
1,66,00:15,72,01:45,6,1,,,0.0,false,14.8,238.6490381310257,false
1,66,00:15,73,02:00,7,1,,,0.0,false,14.8,239.1219948755663,false
1,66,00:15,74,02:15,8,1,,,0.0,false,14.8,239.59495162010688,false
1,66,00:15,75,02:30,9,1,,,0.0,false,14.8,240.06790836464748,false
1,66,00:15,76,02:45,10,1,,,0.0,false,14.8,240.54086510918808,false
1,66,00:15,77,03:00,11,1,,,0.0,false,14.8,241.01382185372867,false
1,66,00:15,78,03:15,12,1,,,0.0,false,14.8,241.48677859826927,false
1,66,00:15,79,03:30,13,1,,,0.0,false,14.8,241.95973534280986,false
1,66,00:15,80,03:45,14,1,,,0.0,false,14.8,242.43269208735046,false
1,66,00:15,81,04:00,15,1,,,0.0,false,14.8,242.90564883189106,false
1,66,00:15,82,04:15,16,1,,,0.0,false,14.8,243.37860557643165,false
1,66,00:15,83,04:30,17,1,,,0.0,false,14.8,243.85156232097225,false
1,66,00:15,84,04:45,18,1,,,0.0,false,14.8,244.32451906551285,false
1,66,00:15,85,05:00,19,1,,,0.0,false,14.8,244.79747581005344,false
1,66,00:15,86,05:15,20,1,,,0.0,false,14.8,245.27043255459404,false
1,66,00:15,87,05:30,21,1,,,0.0,false,14.8,245.74338929913463,false
1,66,00:15,88,05:45,22,1,,,0.0,false,14.8,246.21634604367523,false
1,66,00:15,89,06:00,23,1,,,0.0,false,14.8,246.68930278821583,false
1,66,00:15,90,06:15,24,1,,,0.0,false,14.8,247.16225953275642,false
1,66,00:15,91,06:30,25,1,,,0.0,false,14.8,247.63521627729702,false
1,66,00:15,92,06:45,26,1,,,0.0,false,14.8,248.10817302183762,false
1,66,00:15,93,07:00,27,1,,,0.0,false,14.8,248.5811297663782,false
1,66,00:15,94,07:15,28,1,,,0.0,false,14.8,249.0540865109188,false
1,66,00:15,95,07:30,29,1,,,0.0,false,14.8,249.5270432554594,false
1,66,00:15,96,07:45,30,1,,,0.0,false,14.8,250.0,false
1,67,00:30,67,00:30,0,1,,,0.0,false,14.8,236.2842544083227,false
1,67,00:30,68,00:45,1,1,,,0.0,false,14.8,236.7572111528633,false
1,67,00:30,69,01:00,2,1,,,0.0,false,14.8,237.2301678974039,false
1,67,00:30,70,01:15,3,1,,,0.0,false,14.8,237.7031246419445,false
1,67,00:30,71,01:30,4,1,,,0.0,false,14.8,238.1760813864851,false
1,67,00:30,72,01:45,5,1,,,0.0,false,14.8,238.6490381310257,false
1,67,00:30,73,02:00,6,1,,,0.0,false,14.8,239.1219948755663,false
1,67,00:30,74,02:15,7,1,,,0.0,false,14.8,239.59495162010688,false
1,67,00:30,75,02:30,8,1,,,0.0,false,14.8,240.06790836464748,false
1,67,00:30,76,02:45,9,1,,,0.0,false,14.8,240.54086510918808,false
1,67,00:30,77,03:00,10,1,,,0.0,false,14.8,241.01382185372867,false
1,67,00:30,78,03:15,11,1,,,0.0,false,14.8,241.48677859826927,false
1,67,00:30,79,03:30,12,1,,,0.0,false,14.8,241.95973534280986,false
1,67,00:30,80,03:45,13,1,,,0.0,false,14.8,242.43269208735046,false
1,67,00:30,81,04:00,14,1,,,0.0,false,14.8,242.90564883189106,false
1,67,00:30,82,04:15,15,1,,,0.0,false,14.8,243.37860557643165,false
1,67,00:30,83,04:30,16,1,,,0.0,false,14.8,243.85156232097225,false
1,67,00:30,84,04:45,17,1,,,0.0,false,14.8,244.32451906551285,false
1,67,00:30,85,05:00,18,1,,,0.0,false,14.8,244.79747581005344,false
1,67,00:30,86,05:15,19,1,,,0.0,false,14.8,245.27043255459404,false
1,67,00:30,87,05:30,20,1,,,0.0,false,14.8,245.74338929913463,false
1,67,00:30,88,05:45,21,1,,,0.0,false,14.8,246.21634604367523,false
1,67,00:30,89,06:00,22,1,,,0.0,false,14.8,246.68930278821583,false
1,67,00:30,90,06:15,23,1,,,0.0,false,14.8,247.16225953275642,false
1,67,00:30,91,06:30,24,1,,,0.0,false,14.8,247.63521627729702,false
1,67,00:30,92,06:45,25,1,,,0.0,false,14.8,248.10817302183762,false
1,67,00:30,93,07:00,26,1,,,0.0,false,14.8,248.5811297663782,false
1,67,00:30,94,07:15,27,1,,,0.0,false,14.8,249.0540865109188,false
1,67,00:30,95,07:30,28,1,,,0.0,false,14.8,249.5270432554594,false
1,67,00:30,96,07:45,29,1,,,0.0,false,14.8,250.0,false
1,68,00:45,68,00:45,0,1,,,0.0,false,14.8,236.7572111528633,false
1,68,00:45,69,01:00,1,1,,,0.0,false,14.8,237.2301678974039,false
1,68,00:45,70,01:15,2,1,,,0.0,false,14.8,237.7031246419445,false
1,68,00:45,71,01:30,3,1,,,0.0,false,14.8,238.1760813864851,false
1,68,00:45,72,01:45,4,1,,,0.0,false,14.8,238.6490381310257,false
1,68,00:45,73,02:00,5,1,,,0.0,false,14.8,239.1219948755663,false
1,68,00:45,74,02:15,6,1,,,0.0,false,14.8,239.59495162010688,false
1,68,00:45,75,02:30,7,1,,,0.0,false,14.8,240.06790836464748,false
1,68,00:45,76,02:45,8,1,,,0.0,false,14.8,240.54086510918808,false
1,68,00:45,77,03:00,9,1,,,0.0,false,14.8,241.01382185372867,false
1,68,00:45,78,03:15,10,1,,,0.0,false,14.8,241.48677859826927,false
1,68,00:45,79,03:30,11,1,,,0.0,false,14.8,241.95973534280986,false
1,68,00:45,80,03:45,12,1,,,0.0,false,14.8,242.43269208735046,false
1,68,00:45,81,04:00,13,1,,,0.0,false,14.8,242.90564883189106,false
1,68,00:45,82,04:15,14,1,,,0.0,false,14.8,243.37860557643165,false
1,68,00:45,83,04:30,15,1,,,0.0,false,14.8,243.85156232097225,false
1,68,00:45,84,04:45,16,1,,,0.0,false,14.8,244.32451906551285,false
1,68,00:45,85,05:00,17,1,,,0.0,false,14.8,244.79747581005344,false
1,68,00:45,86,05:15,18,1,,,0.0,false,14.8,245.27043255459404,false
1,68,00:45,87,05:30,19,1,,,0.0,false,14.8,245.74338929913463,false
1,68,00:45,88,05:45,20,1,,,0.0,false,14.8,246.21634604367523,false
1,68,00:45,89,06:00,21,1,,,0.0,false,14.8,246.68930278821583,false
1,68,00:45,90,06:15,22,1,,,0.0,false,14.8,247.16225953275642,false
1,68,00:45,91,06:30,23,1,,,0.0,false,14.8,247.63521627729702,false
1,68,00:45,92,06:45,24,1,,,0.0,false,14.8,248.10817302183762,false
1,68,00:45,93,07:00,25,1,,,0.0,false,14.8,248.5811297663782,false
1,68,00:45,94,07:15,26,1,,,0.0,false,14.8,249.0540865109188,false
1,68,00:45,95,07:30,27,1,,,0.0,false,14.8,249.5270432554594,false
1,68,00:45,96,07:45,28,1,,,0.0,false,14.8,250.0,false
1,69,01:00,69,01:00,0,1,,,0.0,false,14.8,237.2301678974039,false
1,69,01:00,70,01:15,1,1,,,0.0,false,14.8,237.7031246419445,false
1,69,01:00,71,01:30,2,1,,,0.0,false,14.8,238.1760813864851,false
1,69,01:00,72,01:45,3,1,,,0.0,false,14.8,238.6490381310257,false
1,69,01:00,73,02:00,4,1,,,0.0,false,14.8,239.1219948755663,false
1,69,01:00,74,02:15,5,1,,,0.0,false,14.8,239.59495162010688,false
1,69,01:00,75,02:30,6,1,,,0.0,false,14.8,240.06790836464748,false
1,69,01:00,76,02:45,7,1,,,0.0,false,14.8,240.54086510918808,false
1,69,01:00,77,03:00,8,1,,,0.0,false,14.8,241.01382185372867,false
1,69,01:00,78,03:15,9,1,,,0.0,false,14.8,241.48677859826927,false
1,69,01:00,79,03:30,10,1,,,0.0,false,14.8,241.95973534280986,false
1,69,01:00,80,03:45,11,1,,,0.0,false,14.8,242.43269208735046,false
1,69,01:00,81,04:00,12,1,,,0.0,false,14.8,242.90564883189106,false
1,69,01:00,82,04:15,13,1,,,0.0,false,14.8,243.37860557643165,false
1,69,01:00,83,04:30,14,1,,,0.0,false,14.8,243.85156232097225,false
1,69,01:00,84,04:45,15,1,,,0.0,false,14.8,244.32451906551285,false
1,69,01:00,85,05:00,16,1,,,0.0,false,14.8,244.79747581005344,false
1,69,01:00,86,05:15,17,1,,,0.0,false,14.8,245.27043255459404,false
1,69,01:00,87,05:30,18,1,,,0.0,false,14.8,245.74338929913463,false
1,69,01:00,88,05:45,19,1,,,0.0,false,14.8,246.21634604367523,false
1,69,01:00,89,06:00,20,1,,,0.0,false,14.8,246.68930278821583,false
1,69,01:00,90,06:15,21,1,,,0.0,false,14.8,247.16225953275642,false
1,69,01:00,91,06:30,22,1,,,0.0,false,14.8,247.63521627729702,false
1,69,01:00,92,06:45,23,1,,,0.0,false,14.8,248.10817302183762,false
1,69,01:00,93,07:00,24,1,,,0.0,false,14.8,248.5811297663782,false
1,69,01:00,94,07:15,25,1,,,0.0,false,14.8,249.0540865109188,false
1,69,01:00,95,07:30,26,1,,,0.0,false,14.8,249.5270432554594,false
1,69,01:00,96,07:45,27,1,,,0.0,false,14.8,250.0,false
1,70,01:15,70,01:15,0,1,,,0.0,false,14.8,237.7031246419445,false
1,70,01:15,71,01:30,1,1,,,0.0,false,14.8,238.1760813864851,false
1,70,01:15,72,01:45,2,1,,,0.0,false,14.8,238.6490381310257,false
1,70,01:15,73,02:00,3,1,,,0.0,false,14.8,239.1219948755663,false
1,70,01:15,74,02:15,4,1,,,0.0,false,14.8,239.59495162010688,false
1,70,01:15,75,02:30,5,1,,,0.0,false,14.8,240.06790836464748,false
1,70,01:15,76,02:45,6,1,,,0.0,false,14.8,240.54086510918808,false
1,70,01:15,77,03:00,7,1,,,0.0,false,14.8,241.01382185372867,false
1,70,01:15,78,03:15,8,1,,,0.0,false,14.8,241.48677859826927,false
1,70,01:15,79,03:30,9,1,,,0.0,false,14.8,241.95973534280986,false
1,70,01:15,80,03:45,10,1,,,0.0,false,14.8,242.43269208735046,false
1,70,01:15,81,04:00,11,1,,,0.0,false,14.8,242.90564883189106,false
1,70,01:15,82,04:15,12,1,,,0.0,false,14.8,243.37860557643165,false
1,70,01:15,83,04:30,13,1,,,0.0,false,14.8,243.85156232097225,false
1,70,01:15,84,04:45,14,1,,,0.0,false,14.8,244.32451906551285,false
1,70,01:15,85,05:00,15,1,,,0.0,false,14.8,244.79747581005344,false
1,70,01:15,86,05:15,16,1,,,0.0,false,14.8,245.27043255459404,false
1,70,01:15,87,05:30,17,1,,,0.0,false,14.8,245.74338929913463,false
1,70,01:15,88,05:45,18,1,,,0.0,false,14.8,246.21634604367523,false
1,70,01:15,89,06:00,19,1,,,0.0,false,14.8,246.68930278821583,false
1,70,01:15,90,06:15,20,1,,,0.0,false,14.8,247.16225953275642,false
1,70,01:15,91,06:30,21,1,,,0.0,false,14.8,247.63521627729702,false
1,70,01:15,92,06:45,22,1,,,0.0,false,14.8,248.10817302183762,false
1,70,01:15,93,07:00,23,1,,,0.0,false,14.8,248.5811297663782,false
1,70,01:15,94,07:15,24,1,,,0.0,false,14.8,249.0540865109188,false
1,70,01:15,95,07:30,25,1,,,0.0,false,14.8,249.5270432554594,false
1,70,01:15,96,07:45,26,1,,,0.0,false,14.8,250.0,false
1,71,01:30,71,01:30,0,1,,,0.0,false,14.8,238.1760813864851,false
1,71,01:30,72,01:45,1,1,,,0.0,false,14.8,238.6490381310257,false
1,71,01:30,73,02:00,2,1,,,0.0,false,14.8,239.1219948755663,false
1,71,01:30,74,02:15,3,1,,,0.0,false,14.8,239.59495162010688,false
1,71,01:30,75,02:30,4,1,,,0.0,false,14.8,240.06790836464748,false
1,71,01:30,76,02:45,5,1,,,0.0,false,14.8,240.54086510918808,false
1,71,01:30,77,03:00,6,1,,,0.0,false,14.8,241.01382185372867,false
1,71,01:30,78,03:15,7,1,,,0.0,false,14.8,241.48677859826927,false
1,71,01:30,79,03:30,8,1,,,0.0,false,14.8,241.95973534280986,false
1,71,01:30,80,03:45,9,1,,,0.0,false,14.8,242.43269208735046,false
1,71,01:30,81,04:00,10,1,,,0.0,false,14.8,242.90564883189106,false
1,71,01:30,82,04:15,11,1,,,0.0,false,14.8,243.37860557643165,false
1,71,01:30,83,04:30,12,1,,,0.0,false,14.8,243.85156232097225,false
1,71,01:30,84,04:45,13,1,,,0.0,false,14.8,244.32451906551285,false
1,71,01:30,85,05:00,14,1,,,0.0,false,14.8,244.79747581005344,false
1,71,01:30,86,05:15,15,1,,,0.0,false,14.8,245.27043255459404,false
1,71,01:30,87,05:30,16,1,,,0.0,false,14.8,245.74338929913463,false
1,71,01:30,88,05:45,17,1,,,0.0,false,14.8,246.21634604367523,false
1,71,01:30,89,06:00,18,1,,,0.0,false,14.8,246.68930278821583,false
1,71,01:30,90,06:15,19,1,,,0.0,false,14.8,247.16225953275642,false
1,71,01:30,91,06:30,20,1,,,0.0,false,14.8,247.63521627729702,false
1,71,01:30,92,06:45,21,1,,,0.0,false,14.8,248.10817302183762,false
1,71,01:30,93,07:00,22,1,,,0.0,false,14.8,248.5811297663782,false
1,71,01:30,94,07:15,23,1,,,0.0,false,14.8,249.0540865109188,false
1,71,01:30,95,07:30,24,1,,,0.0,false,14.8,249.5270432554594,false
1,71,01:30,96,07:45,25,1,,,0.0,false,14.8,250.0,false
1,72,01:45,72,01:45,0,1,,,0.0,false,14.8,238.6490381310257,false
1,72,01:45,73,02:00,1,1,,,0.0,false,14.8,239.1219948755663,false
1,72,01:45,74,02:15,2,1,,,0.0,false,14.8,239.59495162010688,false
1,72,01:45,75,02:30,3,1,,,0.0,false,14.8,240.06790836464748,false
1,72,01:45,76,02:45,4,1,,,0.0,false,14.8,240.54086510918808,false
1,72,01:45,77,03:00,5,1,,,0.0,false,14.8,241.01382185372867,false
1,72,01:45,78,03:15,6,1,,,0.0,false,14.8,241.48677859826927,false
1,72,01:45,79,03:30,7,1,,,0.0,false,14.8,241.95973534280986,false
1,72,01:45,80,03:45,8,1,,,0.0,false,14.8,242.43269208735046,false
1,72,01:45,81,04:00,9,1,,,0.0,false,14.8,242.90564883189106,false
1,72,01:45,82,04:15,10,1,,,0.0,false,14.8,243.37860557643165,false
1,72,01:45,83,04:30,11,1,,,0.0,false,14.8,243.85156232097225,false
1,72,01:45,84,04:45,12,1,,,0.0,false,14.8,244.32451906551285,false
1,72,01:45,85,05:00,13,1,,,0.0,false,14.8,244.79747581005344,false
1,72,01:45,86,05:15,14,1,,,0.0,false,14.8,245.27043255459404,false
1,72,01:45,87,05:30,15,1,,,0.0,false,14.8,245.74338929913463,false
1,72,01:45,88,05:45,16,1,,,0.0,false,14.8,246.21634604367523,false
1,72,01:45,89,06:00,17,1,,,0.0,false,14.8,246.68930278821583,false
1,72,01:45,90,06:15,18,1,,,0.0,false,14.8,247.16225953275642,false
1,72,01:45,91,06:30,19,1,,,0.0,false,14.8,247.63521627729702,false
1,72,01:45,92,06:45,20,1,,,0.0,false,14.8,248.10817302183762,false
1,72,01:45,93,07:00,21,1,,,0.0,false,14.8,248.5811297663782,false
1,72,01:45,94,07:15,22,1,,,0.0,false,14.8,249.0540865109188,false
1,72,01:45,95,07:30,23,1,,,0.0,false,14.8,249.5270432554594,false
1,72,01:45,96,07:45,24,1,,,0.0,false,14.8,250.0,false
1,73,02:00,73,02:00,0,1,,,0.0,false,14.8,239.1219948755663,false
1,73,02:00,74,02:15,1,1,,,0.0,false,14.8,239.59495162010688,false
1,73,02:00,75,02:30,2,1,,,0.0,false,14.8,240.06790836464748,false
1,73,02:00,76,02:45,3,1,,,0.0,false,14.8,240.54086510918808,false
1,73,02:00,77,03:00,4,1,,,0.0,false,14.8,241.01382185372867,false
1,73,02:00,78,03:15,5,1,,,0.0,false,14.8,241.48677859826927,false
1,73,02:00,79,03:30,6,1,,,0.0,false,14.8,241.95973534280986,false
1,73,02:00,80,03:45,7,1,,,0.0,false,14.8,242.43269208735046,false
1,73,02:00,81,04:00,8,1,,,0.0,false,14.8,242.90564883189106,false
1,73,02:00,82,04:15,9,1,,,0.0,false,14.8,243.37860557643165,false
1,73,02:00,83,04:30,10,1,,,0.0,false,14.8,243.85156232097225,false
1,73,02:00,84,04:45,11,1,,,0.0,false,14.8,244.32451906551285,false
1,73,02:00,85,05:00,12,1,,,0.0,false,14.8,244.79747581005344,false
1,73,02:00,86,05:15,13,1,,,0.0,false,14.8,245.27043255459404,false
1,73,02:00,87,05:30,14,1,,,0.0,false,14.8,245.74338929913463,false
1,73,02:00,88,05:45,15,1,,,0.0,false,14.8,246.21634604367523,false
1,73,02:00,89,06:00,16,1,,,0.0,false,14.8,246.68930278821583,false
1,73,02:00,90,06:15,17,1,,,0.0,false,14.8,247.16225953275642,false
1,73,02:00,91,06:30,18,1,,,0.0,false,14.8,247.63521627729702,false
1,73,02:00,92,06:45,19,1,,,0.0,false,14.8,248.10817302183762,false
1,73,02:00,93,07:00,20,1,,,0.0,false,14.8,248.5811297663782,false
1,73,02:00,94,07:15,21,1,,,0.0,false,14.8,249.0540865109188,false
1,73,02:00,95,07:30,22,1,,,0.0,false,14.8,249.5270432554594,false
1,73,02:00,96,07:45,23,1,,,0.0,false,14.8,250.0,false
1,74,02:15,74,02:15,0,1,,,0.0,false,14.8,239.59495162010688,false
1,74,02:15,75,02:30,1,1,,,0.0,false,14.8,240.06790836464748,false
1,74,02:15,76,02:45,2,1,,,0.0,false,14.8,240.54086510918808,false
1,74,02:15,77,03:00,3,1,,,0.0,false,14.8,241.01382185372867,false
1,74,02:15,78,03:15,4,1,,,0.0,false,14.8,241.48677859826927,false
1,74,02:15,79,03:30,5,1,,,0.0,false,14.8,241.95973534280986,false
1,74,02:15,80,03:45,6,1,,,0.0,false,14.8,242.43269208735046,false
1,74,02:15,81,04:00,7,1,,,0.0,false,14.8,242.90564883189106,false
1,74,02:15,82,04:15,8,1,,,0.0,false,14.8,243.37860557643165,false
1,74,02:15,83,04:30,9,1,,,0.0,false,14.8,243.85156232097225,false
1,74,02:15,84,04:45,10,1,,,0.0,false,14.8,244.32451906551285,false
1,74,02:15,85,05:00,11,1,,,0.0,false,14.8,244.79747581005344,false
1,74,02:15,86,05:15,12,1,,,0.0,false,14.8,245.27043255459404,false
1,74,02:15,87,05:30,13,1,,,0.0,false,14.8,245.74338929913463,false
1,74,02:15,88,05:45,14,1,,,0.0,false,14.8,246.21634604367523,false
1,74,02:15,89,06:00,15,1,,,0.0,false,14.8,246.68930278821583,false
1,74,02:15,90,06:15,16,1,,,0.0,false,14.8,247.16225953275642,false
1,74,02:15,91,06:30,17,1,,,0.0,false,14.8,247.63521627729702,false
1,74,02:15,92,06:45,18,1,,,0.0,false,14.8,248.10817302183762,false
1,74,02:15,93,07:00,19,1,,,0.0,false,14.8,248.5811297663782,false
1,74,02:15,94,07:15,20,1,,,0.0,false,14.8,249.0540865109188,false
1,74,02:15,95,07:30,21,1,,,0.0,false,14.8,249.5270432554594,false
1,74,02:15,96,07:45,22,1,,,0.0,false,14.8,250.0,false
1,75,02:30,75,02:30,0,1,,,0.0,false,14.8,240.06790836464748,false
1,75,02:30,76,02:45,1,1,,,0.0,false,14.8,240.54086510918808,false
1,75,02:30,77,03:00,2,1,,,0.0,false,14.8,241.01382185372867,false
1,75,02:30,78,03:15,3,1,,,0.0,false,14.8,241.48677859826927,false
1,75,02:30,79,03:30,4,1,,,0.0,false,14.8,241.95973534280986,false
1,75,02:30,80,03:45,5,1,,,0.0,false,14.8,242.43269208735046,false
1,75,02:30,81,04:00,6,1,,,0.0,false,14.8,242.90564883189106,false
1,75,02:30,82,04:15,7,1,,,0.0,false,14.8,243.37860557643165,false
1,75,02:30,83,04:30,8,1,,,0.0,false,14.8,243.85156232097225,false
1,75,02:30,84,04:45,9,1,,,0.0,false,14.8,244.32451906551285,false
1,75,02:30,85,05:00,10,1,,,0.0,false,14.8,244.79747581005344,false
1,75,02:30,86,05:15,11,1,,,0.0,false,14.8,245.27043255459404,false
1,75,02:30,87,05:30,12,1,,,0.0,false,14.8,245.74338929913463,false
1,75,02:30,88,05:45,13,1,,,0.0,false,14.8,246.21634604367523,false
1,75,02:30,89,06:00,14,1,,,0.0,false,14.8,246.68930278821583,false
1,75,02:30,90,06:15,15,1,,,0.0,false,14.8,247.16225953275642,false
1,75,02:30,91,06:30,16,1,,,0.0,false,14.8,247.63521627729702,false
1,75,02:30,92,06:45,17,1,,,0.0,false,14.8,248.10817302183762,false
1,75,02:30,93,07:00,18,1,,,0.0,false,14.8,248.5811297663782,false
1,75,02:30,94,07:15,19,1,,,0.0,false,14.8,249.0540865109188,false
1,75,02:30,95,07:30,20,1,,,0.0,false,14.8,249.5270432554594,false
1,75,02:30,96,07:45,21,1,,,0.0,false,14.8,250.0,false
1,76,02:45,76,02:45,0,1,,,0.0,false,14.8,240.54086510918808,false
1,76,02:45,77,03:00,1,1,,,0.0,false,14.8,241.01382185372867,false
1,76,02:45,78,03:15,2,1,,,0.0,false,14.8,241.48677859826927,false
1,76,02:45,79,03:30,3,1,,,0.0,false,14.8,241.95973534280986,false
1,76,02:45,80,03:45,4,1,,,0.0,false,14.8,242.43269208735046,false
1,76,02:45,81,04:00,5,1,,,0.0,false,14.8,242.90564883189106,false
1,76,02:45,82,04:15,6,1,,,0.0,false,14.8,243.37860557643165,false
1,76,02:45,83,04:30,7,1,,,0.0,false,14.8,243.85156232097225,false
1,76,02:45,84,04:45,8,1,,,0.0,false,14.8,244.32451906551285,false
1,76,02:45,85,05:00,9,1,,,0.0,false,14.8,244.79747581005344,false
1,76,02:45,86,05:15,10,1,,,0.0,false,14.8,245.27043255459404,false
1,76,02:45,87,05:30,11,1,,,0.0,false,14.8,245.74338929913463,false
1,76,02:45,88,05:45,12,1,,,0.0,false,14.8,246.21634604367523,false
1,76,02:45,89,06:00,13,1,,,0.0,false,14.8,246.68930278821583,false
1,76,02:45,90,06:15,14,1,,,0.0,false,14.8,247.16225953275642,false
1,76,02:45,91,06:30,15,1,,,0.0,false,14.8,247.63521627729702,false
1,76,02:45,92,06:45,16,1,,,0.0,false,14.8,248.10817302183762,false
1,76,02:45,93,07:00,17,1,,,0.0,false,14.8,248.5811297663782,false
1,76,02:45,94,07:15,18,1,,,0.0,false,14.8,249.0540865109188,false
1,76,02:45,95,07:30,19,1,,,0.0,false,14.8,249.5270432554594,false
1,76,02:45,96,07:45,20,1,,,0.0,false,14.8,250.0,false
1,77,03:00,77,03:00,0,1,,,0.0,false,14.8,241.01382185372867,false
1,77,03:00,78,03:15,1,1,,,0.0,false,14.8,241.48677859826927,false
1,77,03:00,79,03:30,2,1,,,0.0,false,14.8,241.95973534280986,false
1,77,03:00,80,03:45,3,1,,,0.0,false,14.8,242.43269208735046,false
1,77,03:00,81,04:00,4,1,,,0.0,false,14.8,242.90564883189106,false
1,77,03:00,82,04:15,5,1,,,0.0,false,14.8,243.37860557643165,false
1,77,03:00,83,04:30,6,1,,,0.0,false,14.8,243.85156232097225,false
1,77,03:00,84,04:45,7,1,,,0.0,false,14.8,244.32451906551285,false
1,77,03:00,85,05:00,8,1,,,0.0,false,14.8,244.79747581005344,false
1,77,03:00,86,05:15,9,1,,,0.0,false,14.8,245.27043255459404,false
1,77,03:00,87,05:30,10,1,,,0.0,false,14.8,245.74338929913463,false
1,77,03:00,88,05:45,11,1,,,0.0,false,14.8,246.21634604367523,false
1,77,03:00,89,06:00,12,1,,,0.0,false,14.8,246.68930278821583,false
1,77,03:00,90,06:15,13,1,,,0.0,false,14.8,247.16225953275642,false
1,77,03:00,91,06:30,14,1,,,0.0,false,14.8,247.63521627729702,false
1,77,03:00,92,06:45,15,1,,,0.0,false,14.8,248.10817302183762,false
1,77,03:00,93,07:00,16,1,,,0.0,false,14.8,248.5811297663782,false
1,77,03:00,94,07:15,17,1,,,0.0,false,14.8,249.0540865109188,false
1,77,03:00,95,07:30,18,1,,,0.0,false,14.8,249.5270432554594,false
1,77,03:00,96,07:45,19,1,,,0.0,false,14.8,250.0,false
1,78,03:15,78,03:15,0,1,,,0.0,false,14.8,241.48677859826927,false
1,78,03:15,79,03:30,1,1,,,0.0,false,14.8,241.95973534280986,false
1,78,03:15,80,03:45,2,1,,,0.0,false,14.8,242.43269208735046,false
1,78,03:15,81,04:00,3,1,,,0.0,false,14.8,242.90564883189106,false
1,78,03:15,82,04:15,4,1,,,0.0,false,14.8,243.37860557643165,false
1,78,03:15,83,04:30,5,1,,,0.0,false,14.8,243.85156232097225,false
1,78,03:15,84,04:45,6,1,,,0.0,false,14.8,244.32451906551285,false
1,78,03:15,85,05:00,7,1,,,0.0,false,14.8,244.79747581005344,false
1,78,03:15,86,05:15,8,1,,,0.0,false,14.8,245.27043255459404,false
1,78,03:15,87,05:30,9,1,,,0.0,false,14.8,245.74338929913463,false
1,78,03:15,88,05:45,10,1,,,0.0,false,14.8,246.21634604367523,false
1,78,03:15,89,06:00,11,1,,,0.0,false,14.8,246.68930278821583,false
1,78,03:15,90,06:15,12,1,,,0.0,false,14.8,247.16225953275642,false
1,78,03:15,91,06:30,13,1,,,0.0,false,14.8,247.63521627729702,false
1,78,03:15,92,06:45,14,1,,,0.0,false,14.8,248.10817302183762,false
1,78,03:15,93,07:00,15,1,,,0.0,false,14.8,248.5811297663782,false
1,78,03:15,94,07:15,16,1,,,0.0,false,14.8,249.0540865109188,false
1,78,03:15,95,07:30,17,1,,,0.0,false,14.8,249.5270432554594,false
1,78,03:15,96,07:45,18,1,,,0.0,false,14.8,250.0,false
1,79,03:30,79,03:30,0,1,,,0.0,false,14.8,241.95973534280986,false
1,79,03:30,80,03:45,1,1,,,0.0,false,14.8,242.43269208735046,false
1,79,03:30,81,04:00,2,1,,,0.0,false,14.8,242.90564883189106,false
1,79,03:30,82,04:15,3,1,,,0.0,false,14.8,243.37860557643165,false
1,79,03:30,83,04:30,4,1,,,0.0,false,14.8,243.85156232097225,false
1,79,03:30,84,04:45,5,1,,,0.0,false,14.8,244.32451906551285,false
1,79,03:30,85,05:00,6,1,,,0.0,false,14.8,244.79747581005344,false
1,79,03:30,86,05:15,7,1,,,0.0,false,14.8,245.27043255459404,false
1,79,03:30,87,05:30,8,1,,,0.0,false,14.8,245.74338929913463,false
1,79,03:30,88,05:45,9,1,,,0.0,false,14.8,246.21634604367523,false
1,79,03:30,89,06:00,10,1,,,0.0,false,14.8,246.68930278821583,false
1,79,03:30,90,06:15,11,1,,,0.0,false,14.8,247.16225953275642,false
1,79,03:30,91,06:30,12,1,,,0.0,false,14.8,247.63521627729702,false
1,79,03:30,92,06:45,13,1,,,0.0,false,14.8,248.10817302183762,false
1,79,03:30,93,07:00,14,1,,,0.0,false,14.8,248.5811297663782,false
1,79,03:30,94,07:15,15,1,,,0.0,false,14.8,249.0540865109188,false
1,79,03:30,95,07:30,16,1,,,0.0,false,14.8,249.5270432554594,false
1,79,03:30,96,07:45,17,1,,,0.0,false,14.8,250.0,false
1,80,03:45,80,03:45,0,1,,,0.0,false,14.8,242.43269208735046,false
1,80,03:45,81,04:00,1,1,,,0.0,false,14.8,242.90564883189106,false
1,80,03:45,82,04:15,2,1,,,0.0,false,14.8,243.37860557643165,false
1,80,03:45,83,04:30,3,1,,,0.0,false,14.8,243.85156232097225,false
1,80,03:45,84,04:45,4,1,,,0.0,false,14.8,244.32451906551285,false
1,80,03:45,85,05:00,5,1,,,0.0,false,14.8,244.79747581005344,false
1,80,03:45,86,05:15,6,1,,,0.0,false,14.8,245.27043255459404,false
1,80,03:45,87,05:30,7,1,,,0.0,false,14.8,245.74338929913463,false
1,80,03:45,88,05:45,8,1,,,0.0,false,14.8,246.21634604367523,false
1,80,03:45,89,06:00,9,1,,,0.0,false,14.8,246.68930278821583,false
1,80,03:45,90,06:15,10,1,,,0.0,false,14.8,247.16225953275642,false
1,80,03:45,91,06:30,11,1,,,0.0,false,14.8,247.63521627729702,false
1,80,03:45,92,06:45,12,1,,,0.0,false,14.8,248.10817302183762,false
1,80,03:45,93,07:00,13,1,,,0.0,false,14.8,248.5811297663782,false
1,80,03:45,94,07:15,14,1,,,0.0,false,14.8,249.0540865109188,false
1,80,03:45,95,07:30,15,1,,,0.0,false,14.8,249.5270432554594,false
1,80,03:45,96,07:45,16,1,,,0.0,false,14.8,250.0,false
1,81,04:00,81,04:00,0,1,,,0.0,false,14.8,242.90564883189106,false
1,81,04:00,82,04:15,1,1,,,0.0,false,14.8,243.37860557643165,false
1,81,04:00,83,04:30,2,1,,,0.0,false,14.8,243.85156232097225,false
1,81,04:00,84,04:45,3,1,,,0.0,false,14.8,244.32451906551285,false
1,81,04:00,85,05:00,4,1,,,0.0,false,14.8,244.79747581005344,false
1,81,04:00,86,05:15,5,1,,,0.0,false,14.8,245.27043255459404,false
1,81,04:00,87,05:30,6,1,,,0.0,false,14.8,245.74338929913463,false
1,81,04:00,88,05:45,7,1,,,0.0,false,14.8,246.21634604367523,false
1,81,04:00,89,06:00,8,1,,,0.0,false,14.8,246.68930278821583,false
1,81,04:00,90,06:15,9,1,,,0.0,false,14.8,247.16225953275642,false
1,81,04:00,91,06:30,10,1,,,0.0,false,14.8,247.63521627729702,false
1,81,04:00,92,06:45,11,1,,,0.0,false,14.8,248.10817302183762,false
1,81,04:00,93,07:00,12,1,,,0.0,false,14.8,248.5811297663782,false
1,81,04:00,94,07:15,13,1,,,0.0,false,14.8,249.0540865109188,false
1,81,04:00,95,07:30,14,1,,,0.0,false,14.8,249.5270432554594,false
1,81,04:00,96,07:45,15,1,,,0.0,false,14.8,250.0,false
1,82,04:15,82,04:15,0,1,,,0.0,false,14.8,243.37860557643165,false
1,82,04:15,83,04:30,1,1,,,0.0,false,14.8,243.85156232097225,false
1,82,04:15,84,04:45,2,1,,,0.0,false,14.8,244.32451906551285,false
1,82,04:15,85,05:00,3,1,,,0.0,false,14.8,244.79747581005344,false
1,82,04:15,86,05:15,4,1,,,0.0,false,14.8,245.27043255459404,false
1,82,04:15,87,05:30,5,1,,,0.0,false,14.8,245.74338929913463,false
1,82,04:15,88,05:45,6,1,,,0.0,false,14.8,246.21634604367523,false
1,82,04:15,89,06:00,7,1,,,0.0,false,14.8,246.68930278821583,false
1,82,04:15,90,06:15,8,1,,,0.0,false,14.8,247.16225953275642,false
1,82,04:15,91,06:30,9,1,,,0.0,false,14.8,247.63521627729702,false
1,82,04:15,92,06:45,10,1,,,0.0,false,14.8,248.10817302183762,false
1,82,04:15,93,07:00,11,1,,,0.0,false,14.8,248.5811297663782,false
1,82,04:15,94,07:15,12,1,,,0.0,false,14.8,249.0540865109188,false
1,82,04:15,95,07:30,13,1,,,0.0,false,14.8,249.5270432554594,false
1,82,04:15,96,07:45,14,1,,,0.0,false,14.8,250.0,false
1,83,04:30,83,04:30,0,1,,,0.0,false,14.8,243.85156232097225,false
1,83,04:30,84,04:45,1,1,,,0.0,false,14.8,244.32451906551285,false
1,83,04:30,85,05:00,2,1,,,0.0,false,14.8,244.79747581005344,false
1,83,04:30,86,05:15,3,1,,,0.0,false,14.8,245.27043255459404,false
1,83,04:30,87,05:30,4,1,,,0.0,false,14.8,245.74338929913463,false
1,83,04:30,88,05:45,5,1,,,0.0,false,14.8,246.21634604367523,false
1,83,04:30,89,06:00,6,1,,,0.0,false,14.8,246.68930278821583,false
1,83,04:30,90,06:15,7,1,,,0.0,false,14.8,247.16225953275642,false
1,83,04:30,91,06:30,8,1,,,0.0,false,14.8,247.63521627729702,false
1,83,04:30,92,06:45,9,1,,,0.0,false,14.8,248.10817302183762,false
1,83,04:30,93,07:00,10,1,,,0.0,false,14.8,248.5811297663782,false
1,83,04:30,94,07:15,11,1,,,0.0,false,14.8,249.0540865109188,false
1,83,04:30,95,07:30,12,1,,,0.0,false,14.8,249.5270432554594,false
1,83,04:30,96,07:45,13,1,,,0.0,false,14.8,250.0,false
1,84,04:45,84,04:45,0,1,,,0.0,false,14.8,244.32451906551285,false
1,84,04:45,85,05:00,1,1,,,0.0,false,14.8,244.79747581005344,false
1,84,04:45,86,05:15,2,1,,,0.0,false,14.8,245.27043255459404,false
1,84,04:45,87,05:30,3,1,,,0.0,false,14.8,245.74338929913463,false
1,84,04:45,88,05:45,4,1,,,0.0,false,14.8,246.21634604367523,false
1,84,04:45,89,06:00,5,1,,,0.0,false,14.8,246.68930278821583,false
1,84,04:45,90,06:15,6,1,,,0.0,false,14.8,247.16225953275642,false
1,84,04:45,91,06:30,7,1,,,0.0,false,14.8,247.63521627729702,false
1,84,04:45,92,06:45,8,1,,,0.0,false,14.8,248.10817302183762,false
1,84,04:45,93,07:00,9,1,,,0.0,false,14.8,248.5811297663782,false
1,84,04:45,94,07:15,10,1,,,0.0,false,14.8,249.0540865109188,false
1,84,04:45,95,07:30,11,1,,,0.0,false,14.8,249.5270432554594,false
1,84,04:45,96,07:45,12,1,,,0.0,false,14.8,250.0,false
1,85,05:00,85,05:00,0,1,,,0.0,false,14.8,244.79747581005344,false
1,85,05:00,86,05:15,1,1,,,0.0,false,14.8,245.27043255459404,false
1,85,05:00,87,05:30,2,1,,,0.0,false,14.8,245.74338929913463,false
1,85,05:00,88,05:45,3,1,,,0.0,false,14.8,246.21634604367523,false
1,85,05:00,89,06:00,4,1,,,0.0,false,14.8,246.68930278821583,false
1,85,05:00,90,06:15,5,1,,,0.0,false,14.8,247.16225953275642,false
1,85,05:00,91,06:30,6,1,,,0.0,false,14.8,247.63521627729702,false
1,85,05:00,92,06:45,7,1,,,0.0,false,14.8,248.10817302183762,false
1,85,05:00,93,07:00,8,1,,,0.0,false,14.8,248.5811297663782,false
1,85,05:00,94,07:15,9,1,,,0.0,false,14.8,249.0540865109188,false
1,85,05:00,95,07:30,10,1,,,0.0,false,14.8,249.5270432554594,false
1,85,05:00,96,07:45,11,1,,,0.0,false,14.8,250.0,false
1,86,05:15,86,05:15,0,1,,,0.0,false,14.8,245.27043255459404,false
1,86,05:15,87,05:30,1,1,,,0.0,false,14.8,245.74338929913463,false
1,86,05:15,88,05:45,2,1,,,0.0,false,14.8,246.21634604367523,false
1,86,05:15,89,06:00,3,1,,,0.0,false,14.8,246.68930278821583,false
1,86,05:15,90,06:15,4,1,,,0.0,false,14.8,247.16225953275642,false
1,86,05:15,91,06:30,5,1,,,0.0,false,14.8,247.63521627729702,false
1,86,05:15,92,06:45,6,1,,,0.0,false,14.8,248.10817302183762,false
1,86,05:15,93,07:00,7,1,,,0.0,false,14.8,248.5811297663782,false
1,86,05:15,94,07:15,8,1,,,0.0,false,14.8,249.0540865109188,false
1,86,05:15,95,07:30,9,1,,,0.0,false,14.8,249.5270432554594,false
1,86,05:15,96,07:45,10,1,,,0.0,false,14.8,250.0,false
1,87,05:30,87,05:30,0,1,,,0.0,false,14.8,245.74338929913463,false
1,87,05:30,88,05:45,1,1,,,0.0,false,14.8,246.21634604367523,false
1,87,05:30,89,06:00,2,1,,,0.0,false,14.8,246.68930278821583,false
1,87,05:30,90,06:15,3,1,,,0.0,false,14.8,247.16225953275642,false
1,87,05:30,91,06:30,4,1,,,0.0,false,14.8,247.63521627729702,false
1,87,05:30,92,06:45,5,1,,,0.0,false,14.8,248.10817302183762,false
1,87,05:30,93,07:00,6,1,,,0.0,false,14.8,248.5811297663782,false
1,87,05:30,94,07:15,7,1,,,0.0,false,14.8,249.0540865109188,false
1,87,05:30,95,07:30,8,1,,,0.0,false,14.8,249.5270432554594,false
1,87,05:30,96,07:45,9,1,,,0.0,false,14.8,250.0,false
1,88,05:45,88,05:45,0,1,,,0.0,false,14.8,246.21634604367523,false
1,88,05:45,89,06:00,1,1,,,0.0,false,14.8,246.68930278821583,false
1,88,05:45,90,06:15,2,1,,,0.0,false,14.8,247.16225953275642,false
1,88,05:45,91,06:30,3,1,,,0.0,false,14.8,247.63521627729702,false
1,88,05:45,92,06:45,4,1,,,0.0,false,14.8,248.10817302183762,false
1,88,05:45,93,07:00,5,1,,,0.0,false,14.8,248.5811297663782,false
1,88,05:45,94,07:15,6,1,,,0.0,false,14.8,249.0540865109188,false
1,88,05:45,95,07:30,7,1,,,0.0,false,14.8,249.5270432554594,false
1,88,05:45,96,07:45,8,1,,,0.0,false,14.8,250.0,false
1,89,06:00,89,06:00,0,1,,,0.0,false,14.8,246.68930278821583,false
1,89,06:00,90,06:15,1,1,,,0.0,false,14.8,247.16225953275642,false
1,89,06:00,91,06:30,2,1,,,0.0,false,14.8,247.63521627729702,false
1,89,06:00,92,06:45,3,1,,,0.0,false,14.8,248.10817302183762,false
1,89,06:00,93,07:00,4,1,,,0.0,false,14.8,248.5811297663782,false
1,89,06:00,94,07:15,5,1,,,0.0,false,14.8,249.0540865109188,false
1,89,06:00,95,07:30,6,1,,,0.0,false,14.8,249.5270432554594,false
1,89,06:00,96,07:45,7,1,,,0.0,false,14.8,250.0,false
1,90,06:15,90,06:15,0,1,,,0.0,false,14.8,247.1622595327564,false
1,90,06:15,91,06:30,1,1,,,0.0,false,14.8,247.635216277297,false
1,90,06:15,92,06:45,2,1,,,0.0,false,14.8,248.1081730218376,false
1,90,06:15,93,07:00,3,1,,,0.0,false,14.8,248.58112976637818,false
1,90,06:15,94,07:15,4,1,,,0.0,false,14.8,249.0540865109188,false
1,90,06:15,95,07:30,5,1,,,0.0,false,14.8,249.5270432554594,false
1,90,06:15,96,07:45,6,1,,,0.0,false,14.8,250.0,false
1,91,06:30,91,06:30,0,1,,,0.0,false,14.8,247.635216277297,false
1,91,06:30,92,06:45,1,1,,,0.0,false,14.8,248.1081730218376,false
1,91,06:30,93,07:00,2,1,,,0.0,false,14.8,248.58112976637818,false
1,91,06:30,94,07:15,3,1,,,0.0,false,14.8,249.0540865109188,false
1,91,06:30,95,07:30,4,1,,,0.0,false,14.8,249.5270432554594,false
1,91,06:30,96,07:45,5,1,,,0.0,false,14.8,250.0,false
1,92,06:45,92,06:45,0,1,,,0.0,false,14.8,248.1081730218376,false
1,92,06:45,93,07:00,1,1,,,0.0,false,14.8,248.58112976637818,false
1,92,06:45,94,07:15,2,1,,,0.0,false,14.8,249.0540865109188,false
1,92,06:45,95,07:30,3,1,,,0.0,false,14.8,249.5270432554594,false
1,92,06:45,96,07:45,4,1,,,0.0,false,14.8,250.0,false
1,93,07:00,93,07:00,0,1,,,0.0,false,14.8,248.58112976637818,false
1,93,07:00,94,07:15,1,1,,,0.0,false,14.8,249.0540865109188,false
1,93,07:00,95,07:30,2,1,,,0.0,false,14.8,249.5270432554594,false
1,93,07:00,96,07:45,3,1,,,0.0,false,14.8,250.0,false
1,94,07:15,94,07:15,0,1,,,0.0,false,14.8,249.05408651091878,false
1,94,07:15,95,07:30,1,1,,,0.0,false,14.8,249.5270432554594,false
1,94,07:15,96,07:45,2,1,,,0.0,false,14.8,250.0,false
1,95,07:30,95,07:30,0,1,,,0.0,false,14.8,249.5270432554594,false
1,95,07:30,96,07:45,1,1,,,0.0,false,14.8,250.0,false
1,96,07:45,96,07:45,0,1,,,0.0,false,14.8,250.0,false
