day,resolve_step,resolve_clock,offset_step,offset_clock,steps_ahead,cev,scenario_id,activity_planned,planned_power_kW,planned_charging,soe_cev_planned_kWh,soe_mcs_planned_kWh,changed_from_prior_resolve
1,1,08:00,1,08:00,0,1,,Digging,4.7925,false,13.601875,250.0,
1,1,08:00,2,08:15,1,1,,Digging,4.7925,false,12.403749999999977,250.0,
1,1,08:00,3,08:30,2,1,,Charging,-2.6645352591003757e-15,true,14.303749999999978,247.89473684210526,
1,1,08:00,4,08:45,3,1,,Digging,4.7925,false,13.105624999999979,247.8947368421053,
1,1,08:00,5,09:00,4,1,,Digging,4.7925,false,11.907499999999978,247.8947368421053,
1,1,08:00,6,09:15,5,1,,Charging,0.0,true,13.807499999999978,245.78947368421055,
1,1,08:00,7,09:30,6,1,,Charging,0.0,true,14.8,244.68975069252076,
1,1,08:00,8,09:45,7,1,,Traveling,4.7101,false,13.622475000000001,244.68975069252076,
1,1,08:00,9,10:00,8,1,,Loading/Swinging,3.1586,false,12.832825000000001,244.68975069252076,
1,1,08:00,10,10:15,9,1,,Digging,4.792499999999997,false,11.634700000000002,244.68975069252076,
1,1,08:00,11,10:30,10,1,,Digging,4.7925000000000075,false,10.436575000000001,244.68975069252076,
1,1,08:00,12,10:45,11,1,,Charging,5.329070518200751e-15,true,12.336575,242.58448753462602,
1,1,08:00,13,11:00,12,1,,Digging,4.7925,false,11.138449999999999,242.58448753462602,
1,1,08:00,14,11:15,13,1,,Traveling,4.7101000000000015,false,9.960924999999998,242.58448753462602,
1,1,08:00,15,11:30,14,1,,Digging,4.7925,false,8.762799999999999,242.58448753462602,
1,1,08:00,16,11:45,15,1,,Digging,4.7925,false,7.5646749999999985,242.58448753462602,
1,1,08:00,17,12:00,16,1,,Charging,0.0,true,9.464674999999998,240.47922437673128,
1,1,08:00,18,12:15,17,1,,Charging,0.0,true,11.364674999999998,238.37396121883654,
1,1,08:00,19,12:30,18,1,,,0.0,false,11.364674999999998,238.37396121883654,
1,1,08:00,20,12:45,19,1,,,0.0,false,11.364674999999998,238.83710939398355,
1,1,08:00,21,13:00,20,1,,,0.0,false,11.364674999999998,239.30025756913057,
1,1,08:00,22,13:15,21,1,,,0.0,false,11.364674999999998,239.76340574427758,
1,1,08:00,23,13:30,22,1,,,0.0,false,11.364674999999998,240.2265539194246,
1,1,08:00,24,13:45,23,1,,,0.0,false,11.364674999999998,240.6897020945716,
1,1,08:00,25,14:00,24,1,,Digging,4.7925,false,10.166549999999997,241.1528502697186,
1,1,08:00,26,14:15,25,1,,Digging,4.7925,false,8.968424999999996,241.61599844486562,
1,1,08:00,27,14:30,26,1,,Traveling,4.710099999999922,false,7.790900000000016,242.07914662001264,
1,1,08:00,28,14:45,27,1,,Digging,4.792500000000054,false,6.592775000000002,242.54229479515965,
1,1,08:00,29,15:00,28,1,,Idle,0.0,false,6.592775000000002,243.00544297030666,
1,1,08:00,30,15:15,29,1,,Loading/Swinging,3.1586,false,5.803125000000002,243.46859114545367,
1,1,08:00,31,15:30,30,1,,Loading/Swinging,3.1586,false,5.013475000000002,243.93173932060068,
1,1,08:00,32,15:45,31,1,,Loading/Swinging,3.158599999999968,false,4.223825000000007,244.3948874957477,
1,1,08:00,33,16:00,32,1,,Traveling,4.71010000000001,false,3.0463000000000044,244.3948874957477,
1,1,08:00,34,16:15,33,1,,Charging,0.0,true,4.946299999999997,242.28962433785296,
1,1,08:00,35,16:30,34,1,,Loading/Swinging,3.1585999999999887,false,4.156649999999996,242.28962433785296,
1,1,08:00,36,16:45,35,1,,Loading/Swinging,3.1586,false,3.3669999999999964,242.28962433785296,
1,1,08:00,37,17:00,36,1,,,0.0,false,3.3669999999999964,242.28962433785296,
1,1,08:00,38,17:15,37,1,,,0.0,false,3.3669999999999964,242.28962433785296,
1,1,08:00,39,17:30,38,1,,,0.0,false,3.366999999999991,242.28962433785296,
1,1,08:00,40,17:45,39,1,,,0.0,false,3.366999999999991,242.28962433785296,
1,1,08:00,41,18:00,40,1,,,0.0,false,3.366999999999991,242.28962433785296,
1,1,08:00,42,18:15,41,1,,,0.0,false,3.366999999999991,242.28962433785296,
1,1,08:00,43,18:30,42,1,,,0.0,false,3.3669999999999907,242.28962433785296,
1,1,08:00,44,18:45,43,1,,Charging,0.0,true,5.266999999999991,240.18436117995822,
1,1,08:00,45,19:00,44,1,,Charging,0.0,true,7.166999999999991,238.07909802206348,
1,1,08:00,46,19:15,45,1,,,0.0,false,7.166999999999991,238.07909802206348,
1,1,08:00,47,19:30,46,1,,Charging,0.0,true,9.066999999999991,235.97383486416874,
1,1,08:00,48,19:45,47,1,,Charging,0.0,true,10.966999999999992,233.868571706274,
1,1,08:00,49,20:00,48,1,,Charging,0.0,true,11.00000000000001,233.83200660932107,
1,1,08:00,50,20:15,49,1,,Charging,0.0,true,12.900000000000011,231.72674345142633,
1,1,08:00,51,20:30,50,1,,Charging,0.0,true,14.8,229.6214802935316,
1,1,08:00,52,20:45,51,1,,,0.0,false,14.8,229.6214802935316,
1,1,08:00,53,21:00,52,1,,,0.0,false,14.8,230.0846284686786,
1,1,08:00,54,21:15,53,1,,,0.0,false,14.8,230.5477766438256,
1,1,08:00,55,21:30,54,1,,,0.0,false,14.8,231.01092481897263,
1,1,08:00,56,21:45,55,1,,,0.0,false,14.8,231.47407299411964,
1,1,08:00,57,22:00,56,1,,,0.0,false,14.8,231.93722116926665,
1,1,08:00,58,22:15,57,1,,,0.0,false,14.8,232.40036934441366,
1,1,08:00,59,22:30,58,1,,,0.0,false,14.8,232.86351751956067,
1,1,08:00,60,22:45,59,1,,,0.0,false,14.8,233.32666569470769,
1,1,08:00,61,23:00,60,1,,,0.0,false,14.8,233.7898138698547,
1,1,08:00,62,23:15,61,1,,,0.0,false,14.8,234.2529620450017,
1,1,08:00,63,23:30,62,1,,,0.0,false,14.8,234.71611022014872,
1,1,08:00,64,23:45,63,1,,,0.0,false,14.8,235.17925839529573,
1,1,08:00,65,00:00,64,1,,,0.0,false,14.8,235.64240657044274,
1,1,08:00,66,00:15,65,1,,,0.0,false,14.8,236.10555474558976,
1,1,08:00,67,00:30,66,1,,,0.0,false,14.8,236.56870292073677,
1,1,08:00,68,00:45,67,1,,,0.0,false,14.8,237.03185109588378,
1,1,08:00,69,01:00,68,1,,,0.0,false,14.8,237.4949992710308,
1,1,08:00,70,01:15,69,1,,,0.0,false,14.8,237.9581474461778,
1,1,08:00,71,01:30,70,1,,,0.0,false,14.8,238.42129562132482,
1,1,08:00,72,01:45,71,1,,,0.0,false,14.8,238.88444379647183,
1,1,08:00,73,02:00,72,1,,,0.0,false,14.8,239.34759197161884,
1,1,08:00,74,02:15,73,1,,,0.0,false,14.8,239.81074014676585,
1,1,08:00,75,02:30,74,1,,,0.0,false,14.8,240.27388832191286,
1,1,08:00,76,02:45,75,1,,,0.0,false,14.8,240.73703649705988,
1,1,08:00,77,03:00,76,1,,,0.0,false,14.8,241.2001846722069,
1,1,08:00,78,03:15,77,1,,,0.0,false,14.8,241.6633328473539,
1,1,08:00,79,03:30,78,1,,,0.0,false,14.8,242.1264810225009,
1,1,08:00,80,03:45,79,1,,,0.0,false,14.8,242.58962919764792,
1,1,08:00,81,04:00,80,1,,,0.0,false,14.8,243.05277737279494,
1,1,08:00,82,04:15,81,1,,,0.0,false,14.8,243.51592554794195,
1,1,08:00,83,04:30,82,1,,,0.0,false,14.8,243.97907372308896,
1,1,08:00,84,04:45,83,1,,,0.0,false,14.8,244.44222189823597,
1,1,08:00,85,05:00,84,1,,,0.0,false,14.8,244.90537007338298,
1,1,08:00,86,05:15,85,1,,,0.0,false,14.8,245.36851824853,
1,1,08:00,87,05:30,86,1,,,0.0,false,14.8,245.831666423677,
1,1,08:00,88,05:45,87,1,,,0.0,false,14.8,246.29481459882402,
1,1,08:00,89,06:00,88,1,,,0.0,false,14.8,246.75796277397103,
1,1,08:00,90,06:15,89,1,,,0.0,false,14.8,247.22111094911804,
1,1,08:00,91,06:30,90,1,,,0.0,false,14.8,247.68425912426505,
1,1,08:00,92,06:45,91,1,,,0.0,false,14.8,248.14740729941207,
1,1,08:00,93,07:00,92,1,,,0.0,false,14.8,248.61055547455908,
1,1,08:00,94,07:15,93,1,,,0.0,false,14.8,249.0737036497061,
1,1,08:00,95,07:30,94,1,,,0.0,false,14.8,249.536851824853,
1,1,08:00,96,07:45,95,1,,,0.0,false,14.8,250.0,
1,2,08:15,2,08:15,0,1,,Charging,-5.525357948954479e-12,true,14.800000000004465,248.7043490304675,true
1,2,08:15,3,08:30,1,1,,Digging,4.792500000004738,false,13.60187500000328,248.7043490304675,true
1,2,08:15,4,08:45,2,1,,Digging,4.792500000001463,false,12.403750000002914,248.7043490304675,false
1,2,08:15,5,09:00,3,1,,Digging,4.7925,false,11.205625000002915,248.7043490304675,false
1,2,08:15,6,09:15,4,1,,Traveling,4.7101,false,10.028100000002873,248.70434903046757,true
1,2,08:15,7,09:30,5,1,,Charging,-1.0059506042532568e-12,true,11.92810000000067,246.59908587257556,false
1,2,08:15,8,09:45,6,1,,Charging,2.6683401513976247e-13,true,13.828099999999939,244.49382271468156,true
1,2,08:15,9,10:00,7,1,,Digging,4.792499999999812,false,12.629974999999986,244.49382271468156,true
1,2,08:15,10,10:15,8,1,,Digging,4.7925000000000715,false,11.431849999999987,244.49382271468156,false
1,2,08:15,11,10:30,9,1,,Digging,4.792500000000004,false,10.233724999999986,244.49382271468156,false
1,2,08:15,12,10:45,10,1,,Charging,-8.987827637696408e-12,true,12.133725000002231,242.38855955678682,false
1,2,08:15,13,11:00,11,1,,Digging,4.7925,false,10.93560000000025,242.38855955678682,false
1,2,08:15,14,11:15,12,1,,Traveling,4.710099999999973,false,9.758075000000256,242.38855955678682,false
1,2,08:15,15,11:30,13,1,,Loading/Swinging,3.158600000004263,false,8.968424999999865,242.38855955678682,true
1,2,08:15,16,11:45,14,1,,Digging,4.7925,false,7.770299999999865,242.38855955678682,false
1,2,08:15,17,12:00,15,1,,Charging,0.0,true,9.670300000001394,240.28329639889037,false
1,2,08:15,18,12:15,16,1,,Charging,0.0,true,11.570300000001394,238.17803324099563,false
1,2,08:15,19,12:30,17,1,,,0.0,false,11.570300000001394,238.17803324099563,false
1,2,08:15,20,12:45,18,1,,,0.0,false,11.570300000001394,238.6406215677684,false
1,2,08:15,21,13:00,19,1,,,0.0,false,11.570300000001394,239.10320989454115,false
1,2,08:15,22,13:15,20,1,,,0.0,false,11.570300000001394,239.5657982213139,false
1,2,08:15,23,13:30,21,1,,,0.0,false,11.570300000001394,240.02838654808667,false
1,2,08:15,24,13:45,22,1,,,0.0,false,11.570299999997392,240.49097487486387,false
1,2,08:15,25,14:00,23,1,,Digging,4.792500000001792,false,10.372174999993838,240.95356320163663,false
1,2,08:15,26,14:15,24,1,,Digging,4.792499999993881,false,9.174049999995368,241.4161515284094,false
1,2,08:15,27,14:30,25,1,,Traveling,4.710100000002912,false,7.9965249999947146,241.8787398551821,false
1,2,08:15,28,14:45,26,1,,Loading/Swinging,3.1585999999976906,false,7.206874999995292,242.34132818195485,true
1,2,08:15,29,15:00,27,1,,Idle,4.831690603168681e-13,false,7.206874999995171,242.8039165087276,false
1,2,08:15,30,15:15,28,1,,Digging,4.792499999999783,false,6.008749999995225,243.26650483550037,true
1,2,08:15,31,15:30,29,1,,Loading/Swinging,3.1585999999992613,false,5.21909999999541,243.72909316227313,false
1,2,08:15,32,15:45,30,1,,Loading/Swinging,3.1585999999975867,false,4.429449999993892,244.1916814890459,false
1,2,08:15,33,16:00,31,1,,Traveling,4.7101,false,3.2519249999940243,244.1916814890459,false
1,2,08:15,34,16:15,32,1,,Charging,3.4281992356000043e-12,true,5.1519249999936045,242.08641833115067,false
1,2,08:15,35,16:30,33,1,,Loading/Swinging,3.1585999999985446,false,4.362274999993968,242.08641833115067,false
1,2,08:15,36,16:45,34,1,,Loading/Swinging,3.1586,false,3.572624999993968,242.08641833115067,false
1,2,08:15,37,17:00,35,1,,,0.0,false,3.572624999993968,242.08641833115067,false
1,2,08:15,38,17:15,36,1,,Charging,0.0,true,5.4726249999959276,239.98115517325377,true
1,2,08:15,39,17:30,37,1,,Charging,0.0,true,7.372624999995928,237.87589201535903,true
1,2,08:15,40,17:45,38,1,,Charging,0.0,true,9.272624999996417,235.77062885746375,true
1,2,08:15,41,18:00,39,1,,,0.0,false,9.272624999996417,235.77062885746375,false
1,2,08:15,42,18:15,40,1,,Charging,0.0,true,10.999999999997652,233.8566399377948,true
1,2,08:15,43,18:30,41,1,,,0.0,false,10.999999999997652,233.8566399377948,false
1,2,08:15,44,18:45,42,1,,Charging,0.0,true,12.9,231.75137677989744,false
1,2,08:15,45,19:00,43,1,,Charging,0.0,true,14.8,229.6461136220027,false
1,2,08:15,46,19:15,44,1,,,0.0,false,14.8,229.6461136220027,false
1,2,08:15,47,19:30,45,1,,,0.0,false,14.8,229.6461136220027,true
1,2,08:15,48,19:45,46,1,,,0.0,false,14.8,229.6461136220027,true
1,2,08:15,49,20:00,47,1,,,0.0,false,14.8,229.6461136220027,true
1,2,08:15,50,20:15,48,1,,,0.0,false,14.8,229.6461136220027,true
1,2,08:15,51,20:30,49,1,,,0.0,false,14.8,229.6461136220027,true
1,2,08:15,52,20:45,50,1,,,0.0,false,14.8,229.6461136220027,false
1,2,08:15,53,21:00,51,1,,,0.0,false,14.8,230.10870194877546,false
1,2,08:15,54,21:15,52,1,,,0.0,false,14.8,230.57129027554822,false
1,2,08:15,55,21:30,53,1,,,0.0,false,14.8,231.03387860232098,false
1,2,08:15,56,21:45,54,1,,,0.0,false,14.8,231.49646692909374,false
1,2,08:15,57,22:00,55,1,,,0.0,false,14.8,231.9590552558665,false
1,2,08:15,58,22:15,56,1,,,0.0,false,14.8,232.42164358263926,false
1,2,08:15,59,22:30,57,1,,,0.0,false,14.8,232.88423190941202,false
1,2,08:15,60,22:45,58,1,,,0.0,false,14.8,233.34682023618478,false
1,2,08:15,61,23:00,59,1,,,0.0,false,14.8,233.80940856295754,false
1,2,08:15,62,23:15,60,1,,,0.0,false,14.8,234.2719968897303,false
1,2,08:15,63,23:30,61,1,,,0.0,false,14.8,234.73458521650306,false
1,2,08:15,64,23:45,62,1,,,0.0,false,14.8,235.19717354327582,false
1,2,08:15,65,00:00,63,1,,,0.0,false,14.8,235.65976187004858,false
1,2,08:15,66,00:15,64,1,,,0.0,false,14.8,236.12235019682134,false
1,2,08:15,67,00:30,65,1,,,0.0,false,14.8,236.5849385235941,false
1,2,08:15,68,00:45,66,1,,,0.0,false,14.8,237.04752685036686,false
1,2,08:15,69,01:00,67,1,,,0.0,false,14.8,237.51011517713962,false
1,2,08:15,70,01:15,68,1,,,0.0,false,14.8,237.97270350391238,false
1,2,08:15,71,01:30,69,1,,,0.0,false,14.8,238.43529183068514,false
1,2,08:15,72,01:45,70,1,,,0.0,false,14.8,238.8978801574579,false
1,2,08:15,73,02:00,71,1,,,0.0,false,14.8,239.36046848423067,false
1,2,08:15,74,02:15,72,1,,,0.0,false,14.8,239.82305681100343,false
1,2,08:15,75,02:30,73,1,,,0.0,false,14.8,240.28564513777619,false
1,2,08:15,76,02:45,74,1,,,0.0,false,14.8,240.74823346454895,false
1,2,08:15,77,03:00,75,1,,,0.0,false,14.8,241.2108217913217,false
1,2,08:15,78,03:15,76,1,,,0.0,false,14.8,241.67341011809447,false
1,2,08:15,79,03:30,77,1,,,0.0,false,14.8,242.13599844486723,false
1,2,08:15,80,03:45,78,1,,,0.0,false,14.8,242.59858677164,false
1,2,08:15,81,04:00,79,1,,,0.0,false,14.8,243.06117509841275,false
1,2,08:15,82,04:15,80,1,,,0.0,false,14.8,243.5237634251855,false
1,2,08:15,83,04:30,81,1,,,0.0,false,14.8,243.98635175195827,false
1,2,08:15,84,04:45,82,1,,,0.0,false,14.8,244.44894007873103,false
1,2,08:15,85,05:00,83,1,,,0.0,false,14.8,244.9115284055038,false
1,2,08:15,86,05:15,84,1,,,0.0,false,14.8,245.37411673227655,false
1,2,08:15,87,05:30,85,1,,,0.0,false,14.8,245.8367050590493,false
1,2,08:15,88,05:45,86,1,,,0.0,false,14.8,246.29929338582207,false
1,2,08:15,89,06:00,87,1,,,0.0,false,14.8,246.76188171259483,false
1,2,08:15,90,06:15,88,1,,,0.0,false,14.8,247.2244700393676,false
1,2,08:15,91,06:30,89,1,,,0.0,false,14.8,247.68705836614035,false
1,2,08:15,92,06:45,90,1,,,0.0,false,14.8,248.1496466929131,false
1,2,08:15,93,07:00,91,1,,,0.0,false,14.8,248.61223501968587,false
1,2,08:15,94,07:15,92,1,,,0.0,false,14.8,249.07482334645445,false
1,2,08:15,95,07:30,93,1,,,0.0,false,14.8,249.5374116732272,false
1,2,08:15,96,07:45,94,1,,,0.0,false,14.8,250.0,false
1,3,08:30,3,08:30,0,1,,Digging,4.792499999999887,false,13.601875000000028,248.7043490304675,false
1,3,08:30,4,08:45,1,1,,Digging,4.792500000000052,false,12.403749999999999,248.7043490304675,false
1,3,08:30,5,09:00,2,1,,Charging,4.5013492933065895e-13,true,14.303749999999885,246.59908587257277,true
1,3,08:30,6,09:15,3,1,,Digging,4.792499999999998,false,13.105624999999897,246.59908587257277,true
1,3,08:30,7,09:30,4,1,,Traveling,4.710099999999947,false,11.92809999999991,246.59908587257277,true
1,3,08:30,8,09:45,5,1,,Charging,-6.288303211476887e-13,true,13.828100000000063,244.49382271467803,false
1,3,08:30,9,10:00,6,1,,Digging,4.792500000000383,false,12.62997499999997,244.49382271467803,false
1,3,08:30,10,10:15,7,1,,Digging,4.792500000001078,false,11.4318499999997,244.49382271467823,false
1,3,08:30,11,10:30,8,1,,Digging,4.792499999999721,false,10.23372499999977,244.49382271467823,false
1,3,08:30,12,10:45,9,1,,Charging,0.0,true,12.133724999999409,242.38855955678386,false
1,3,08:30,13,11:00,10,1,,Digging,4.792500000000002,false,10.935599999999408,242.38855955678386,false
1,3,08:30,14,11:15,11,1,,Traveling,4.710100000000002,false,9.758074999999407,242.38855955678386,false
1,3,08:30,15,11:30,12,1,,Digging,4.792499999999996,false,8.559949999999407,242.38855955678386,true
1,3,08:30,16,11:45,13,1,,Digging,4.792500000000048,false,7.361824999999396,242.38855955678386,false
1,3,08:30,17,12:00,14,1,,Charging,0.0,true,9.261824999999584,240.28329639888892,false
1,3,08:30,18,12:15,15,1,,Charging,0.0,true,11.161824999999588,238.17803324099418,false
1,3,08:30,19,12:30,16,1,,,0.0,false,11.161824999999588,238.17803324099418,false
1,3,08:30,20,12:45,17,1,,,0.0,false,11.161824999999574,238.64062156776686,false
1,3,08:30,21,13:00,18,1,,,0.0,false,11.161824999999574,239.10320989453953,false
1,3,08:30,22,13:15,19,1,,,0.0,false,11.161824999999574,239.5657982213122,false
1,3,08:30,23,13:30,20,1,,,0.0,false,11.161824999999574,240.02838654808488,false
1,3,08:30,24,13:45,21,1,,,0.0,false,11.161824999999574,240.49097487485756,false
1,3,08:30,25,14:00,22,1,,Digging,4.7925,false,9.963699999999573,240.95356320163023,false
1,3,08:30,26,14:15,23,1,,Digging,4.792500000000004,false,8.765574999999572,241.4161515284029,false
1,3,08:30,27,14:30,24,1,,Traveling,4.710099999999981,false,7.588049999999576,241.87873985517558,false
1,3,08:30,28,14:45,25,1,,Loading/Swinging,3.158599999999734,false,6.798399999999643,242.34132818194826,false
1,3,08:30,29,15:00,26,1,,Idle,0.0,false,6.798399999999643,242.80391650872093,false
1,3,08:30,30,15:15,27,1,,Loading/Swinging,3.1586,false,6.008749999999643,243.2665048354936,true
1,3,08:30,31,15:30,28,1,,Loading/Swinging,3.1586,false,5.219099999999643,243.72909316226628,false
1,3,08:30,32,15:45,29,1,,Loading/Swinging,3.1586,false,4.429449999999644,244.19168148903896,false
1,3,08:30,33,16:00,30,1,,Traveling,4.710099999999841,false,3.2519249999996838,244.19168148903896,false
1,3,08:30,34,16:15,31,1,,Charging,-1.9691270836119655e-13,true,5.151924999999719,242.08641833114424,false
1,3,08:30,35,16:30,32,1,,Loading/Swinging,3.1585999999995806,false,4.362274999999824,242.08641833114424,false
1,3,08:30,36,16:45,33,1,,Loading/Swinging,3.158600000000018,false,3.572624999999819,242.08641833114424,false
1,3,08:30,37,17:00,34,1,,Charging,0.0,true,5.472624999999816,239.9811551732495,true
1,3,08:30,38,17:15,35,1,,,0.0,false,5.4726249999999315,239.98115517324936,true
1,3,08:30,39,17:30,36,1,,Charging,0.0,true,7.372624999999932,237.87589201535462,false
1,3,08:30,40,17:45,37,1,,Charging,0.0,true,9.2726250000001,235.7706288574597,false
1,3,08:30,41,18:00,38,1,,Charging,0.0,true,11.172624999999703,233.66536569956543,true
1,3,08:30,42,18:15,39,1,,Charging,0.0,true,12.899999999999853,231.75137677989767,false
1,3,08:30,43,18:30,40,1,,Charging,0.0,true,14.799999999999969,229.64611362200293,true
1,3,08:30,44,18:45,41,1,,,0.0,false,14.799999999999969,229.64611362200293,true
1,3,08:30,45,19:00,42,1,,,0.0,false,14.799999999999969,229.64611362200293,true
1,3,08:30,46,19:15,43,1,,,0.0,false,14.799999999999976,229.64611362200293,false
1,3,08:30,47,19:30,44,1,,,0.0,false,14.799999999999976,229.64611362200293,false
1,3,08:30,48,19:45,45,1,,,0.0,false,14.799999999999976,229.64611362200293,false
1,3,08:30,49,20:00,46,1,,,0.0,false,14.799999999999976,229.64611362200304,false
1,3,08:30,50,20:15,47,1,,,0.0,false,14.799999999999976,229.64611362200304,false
1,3,08:30,51,20:30,48,1,,,0.0,false,14.800000000000006,229.64611362200304,false
1,3,08:30,52,20:45,49,1,,,0.0,false,14.800000000000006,229.64611362200307,false
1,3,08:30,53,21:00,50,1,,,0.0,false,14.800000000000006,230.10870194877575,false
1,3,08:30,54,21:15,51,1,,,0.0,false,14.800000000000002,230.57129027554842,false
1,3,08:30,55,21:30,52,1,,,0.0,false,14.800000000000002,231.0338786023211,false
1,3,08:30,56,21:45,53,1,,,0.0,false,14.800000000000002,231.49646692909377,false
1,3,08:30,57,22:00,54,1,,,0.0,false,14.800000000000002,231.95905525586645,false
1,3,08:30,58,22:15,55,1,,,0.0,false,14.800000000000002,232.42164358263912,false
1,3,08:30,59,22:30,56,1,,,0.0,false,14.800000000000002,232.8842319094118,false
1,3,08:30,60,22:45,57,1,,,0.0,false,14.800000000000002,233.34682023618447,false
1,3,08:30,61,23:00,58,1,,,0.0,false,14.800000000000002,233.80940856295715,false
1,3,08:30,62,23:15,59,1,,,0.0,false,14.800000000000002,234.27199688972982,false
1,3,08:30,63,23:30,60,1,,,0.0,false,14.800000000000002,234.7345852165025,false
1,3,08:30,64,23:45,61,1,,,0.0,false,14.800000000000002,235.19717354327517,false
1,3,08:30,65,00:00,62,1,,,0.0,false,14.800000000000006,235.65976187004784,false
1,3,08:30,66,00:15,63,1,,,0.0,false,14.800000000000006,236.12235019682052,false
1,3,08:30,67,00:30,64,1,,,0.0,false,14.800000000000006,236.58493852359308,false
1,3,08:30,68,00:45,65,1,,,0.0,false,14.800000000000006,237.04752685036576,false
1,3,08:30,69,01:00,66,1,,,0.0,false,14.800000000000006,237.51011517713843,false
1,3,08:30,70,01:15,67,1,,,0.0,false,14.800000000000006,237.97270350391122,false
1,3,08:30,71,01:30,68,1,,,0.0,false,14.800000000000006,238.43529183068364,false
1,3,08:30,72,01:45,69,1,,,0.0,false,14.800000000000006,238.8978801574563,false
1,3,08:30,73,02:00,70,1,,,0.0,false,14.800000000000006,239.360468484229,false
1,3,08:30,74,02:15,71,1,,,0.0,false,14.800000000000006,239.82305681100166,false
1,3,08:30,75,02:30,72,1,,,0.0,false,14.800000000000006,240.28564513777434,false
1,3,08:30,76,02:45,73,1,,,0.0,false,14.800000000000006,240.748233464547,false
1,3,08:30,77,03:00,74,1,,,0.0,false,14.800000000000006,241.2108217913197,false
1,3,08:30,78,03:15,75,1,,,0.0,false,14.800000000000006,241.67341011809236,false
1,3,08:30,79,03:30,76,1,,,0.0,false,14.800000000000006,242.13599844486504,false
1,3,08:30,80,03:45,77,1,,,0.0,false,14.800000000000006,242.5985867716377,false
1,3,08:30,81,04:00,78,1,,,0.0,false,14.800000000000006,243.0611750984104,false
1,3,08:30,82,04:15,79,1,,,0.0,false,14.800000000000006,243.52376342518306,false
1,3,08:30,83,04:30,80,1,,,0.0,false,14.800000000000006,243.98635175195574,false
1,3,08:30,84,04:45,81,1,,,0.0,false,14.800000000000011,244.44894007872853,false
1,3,08:30,85,05:00,82,1,,,0.0,false,14.800000000000006,244.91152840550131,false
1,3,08:30,86,05:15,83,1,,,0.0,false,14.800000000000008,245.374116732274,false
1,3,08:30,87,05:30,84,1,,,0.0,false,14.799999999999997,245.83670505904666,false
1,3,08:30,88,05:45,85,1,,,0.0,false,14.799999999999997,246.29929338581934,false
1,3,08:30,89,06:00,86,1,,,0.0,false,14.799999999999997,246.76188171259201,false
1,3,08:30,90,06:15,87,1,,,0.0,false,14.799999999999997,247.2244700393647,false
1,3,08:30,91,06:30,88,1,,,0.0,false,14.799999999999997,247.68705836613736,false
1,3,08:30,92,06:45,89,1,,,0.0,false,14.8,248.14964669291004,false
1,3,08:30,93,07:00,90,1,,,0.0,false,14.8,248.6122350196827,false
1,3,08:30,94,07:15,91,1,,,0.0,false,14.8,249.07482334645536,false
1,3,08:30,95,07:30,92,1,,,0.0,false,14.8,249.53741167322804,false
1,3,08:30,96,07:45,93,1,,,0.0,false,14.8,250.0,false
1,4,08:45,4,08:45,0,1,,Digging,4.792500000000004,false,12.388275,248.7043490304675,false
1,4,08:45,5,09:00,1,1,,Charging,-1.3353325112319681e-13,true,14.09812500000004,246.80977839334838,false
1,4,08:45,6,09:15,2,1,,Digging,4.7925000000000155,false,12.900000000000036,246.80977839334838,false
1,4,08:45,7,09:30,3,1,,Charging,0.0,true,14.800000000000036,244.70451523545364,true
1,4,08:45,8,09:45,4,1,,Traveling,4.7101,false,13.622475000000037,244.70451523545364,true
1,4,08:45,9,10:00,5,1,,Digging,4.792500000000646,false,12.424349999999876,244.70451523545364,false
1,4,08:45,10,10:15,6,1,,Digging,4.7925,false,11.226224999999875,244.70451523545364,false
1,4,08:45,11,10:30,7,1,,Digging,4.7925,false,10.028099999999874,244.70451523545364,false
1,4,08:45,12,10:45,8,1,,Charging,0.0,true,11.928099999999874,242.5992520775589,false
1,4,08:45,13,11:00,9,1,,Digging,4.7925,false,10.729974999999875,242.5992520775589,false
1,4,08:45,14,11:15,10,1,,Traveling,4.710099999999998,false,9.552449999999874,242.5992520775589,false
1,4,08:45,15,11:30,11,1,,Digging,4.7925,false,8.354324999999875,242.5992520775589,false
1,4,08:45,16,11:45,12,1,,Digging,4.792500000000001,false,7.156199999999874,242.5992520775589,false
1,4,08:45,17,12:00,13,1,,Charging,0.0,true,9.056199999999874,240.49398891966416,false
1,4,08:45,18,12:15,14,1,,Charging,0.0,true,10.549199999999878,238.8396952908553,false
1,4,08:45,19,12:30,15,1,,,0.0,false,10.549199999999878,238.83969529085533,false
1,4,08:45,20,12:45,16,1,,,0.0,false,10.549199999999878,239.30258443893334,false
1,4,08:45,21,13:00,17,1,,,0.0,false,10.549199999999878,239.76547358701134,false
1,4,08:45,22,13:15,18,1,,,0.0,false,10.549199999999878,240.22836273508935,false
1,4,08:45,23,13:30,19,1,,,0.0,false,10.549199999999878,240.69125188316735,false
1,4,08:45,24,13:45,20,1,,,0.0,false,10.549199999999878,241.15414103124536,false
1,4,08:45,25,14:00,21,1,,Digging,4.792499999999703,false,9.351074999999952,241.61703017932336,false
1,4,08:45,26,14:15,22,1,,Loading/Swinging,3.158599999999975,false,8.561424999999955,242.07991932740137,true
1,4,08:45,27,14:30,23,1,,Traveling,4.7101,false,7.383899999999955,242.54280847547938,false
1,4,08:45,28,14:45,24,1,,Loading/Swinging,3.158600000000001,false,6.594249999999955,243.0056976235574,false
1,4,08:45,29,15:00,25,1,,Idle,2.3495227985392827e-13,false,6.594249999999897,243.46858677163542,false
1,4,08:45,30,15:15,26,1,,Loading/Swinging,3.158599999999961,false,5.804599999999903,243.93147591971342,false
1,4,08:45,31,15:30,27,1,,Loading/Swinging,3.1586,false,5.014949999999903,244.39436506779143,false
1,4,08:45,32,15:45,28,1,,Loading/Swinging,3.1585999999995704,false,4.2253000000000105,244.85725421586943,false
1,4,08:45,33,16:00,29,1,,Traveling,4.7101,false,3.0477750000000046,244.85725421586943,false
1,4,08:45,34,16:15,30,1,,Charging,0.0,true,4.9477750000000045,242.7519910579747,false
1,4,08:45,35,16:30,31,1,,Digging,4.7925,false,3.7496499999999857,242.7519910579747,true
1,4,08:45,36,16:45,32,1,,Loading/Swinging,3.158600000000044,false,2.9599999999999698,242.7519910579747,false
1,4,08:45,37,17:00,33,1,,,0.0,false,2.9599999999999693,242.7519910579747,true
1,4,08:45,38,17:15,34,1,,,0.0,false,2.9599999999999693,242.7519910579747,false
1,4,08:45,39,17:30,35,1,,Charging,0.0,true,4.859999999999969,240.64672790007995,false
1,4,08:45,40,17:45,36,1,,Charging,0.0,true,6.759999999999968,238.5414647421852,false
1,4,08:45,41,18:00,37,1,,Charging,0.0,true,8.659999999999968,236.43620158429047,false
1,4,08:45,42,18:15,38,1,,Charging,0.0,true,10.559999999999969,234.33093842639573,false
1,4,08:45,43,18:30,39,1,,Charging,0.0,true,12.459999999999969,232.225675268501,false
1,4,08:45,44,18:45,40,1,,Charging,0.0,true,14.35999999999997,230.12041211060625,true
1,4,08:45,45,19:00,41,1,,Charging,0.0,true,14.799999999999994,229.63287748456744,true
1,4,08:45,46,19:15,42,1,,,0.0,false,14.799999999999994,229.63287748456744,false
1,4,08:45,47,19:30,43,1,,,0.0,false,14.799999999999994,229.63287748456744,false
1,4,08:45,48,19:45,44,1,,,0.0,false,14.799999999999994,229.63287748456744,false
1,4,08:45,49,20:00,45,1,,,0.0,false,14.799999999999994,229.63287748456744,false
1,4,08:45,50,20:15,46,1,,,0.0,false,14.799999999999994,229.63287748456744,false
1,4,08:45,51,20:30,47,1,,,0.0,false,14.8,229.63287748456744,false
1,4,08:45,52,20:45,48,1,,,0.0,false,14.8,229.63287748456744,false
1,4,08:45,53,21:00,49,1,,,0.0,false,14.8,230.09576663264545,false
1,4,08:45,54,21:15,50,1,,,0.0,false,14.8,230.55865578072346,false
1,4,08:45,55,21:30,51,1,,,0.0,false,14.8,231.02154492880146,false
1,4,08:45,56,21:45,52,1,,,0.0,false,14.8,231.48443407687947,false
1,4,08:45,57,22:00,53,1,,,0.0,false,14.8,231.94732322495747,false
1,4,08:45,58,22:15,54,1,,,0.0,false,14.8,232.41021237303548,false
1,4,08:45,59,22:30,55,1,,,0.0,false,14.8,232.87310152111348,false
1,4,08:45,60,22:45,56,1,,,0.0,false,14.8,233.3359906691915,false
1,4,08:45,61,23:00,57,1,,,0.0,false,14.8,233.7988798172695,false
1,4,08:45,62,23:15,58,1,,,0.0,false,14.8,234.2617689653475,false
1,4,08:45,63,23:30,59,1,,,0.0,false,14.8,234.7246581134255,false
1,4,08:45,64,23:45,60,1,,,0.0,false,14.8,235.1875472615035,false
1,4,08:45,65,00:00,61,1,,,0.0,false,14.8,235.65043640958152,false
1,4,08:45,66,00:15,62,1,,,0.0,false,14.8,236.11332555765952,false
1,4,08:45,67,00:30,63,1,,,0.0,false,14.8,236.57621470573753,false
1,4,08:45,68,00:45,64,1,,,0.0,false,14.8,237.03910385381553,false
1,4,08:45,69,01:00,65,1,,,0.0,false,14.8,237.50199300189354,false
1,4,08:45,70,01:15,66,1,,,0.0,false,14.8,237.96488214997154,false
1,4,08:45,71,01:30,67,1,,,0.0,false,14.8,238.42777129804955,false
1,4,08:45,72,01:45,68,1,,,0.0,false,14.8,238.89066044612755,false
1,4,08:45,73,02:00,69,1,,,0.0,false,14.8,239.35354959420556,false
1,4,08:45,74,02:15,70,1,,,0.0,false,14.8,239.81643874228357,false
1,4,08:45,75,02:30,71,1,,,0.0,false,14.8,240.27932789036157,false
1,4,08:45,76,02:45,72,1,,,0.0,false,14.8,240.74221703843958,false
1,4,08:45,77,03:00,73,1,,,0.0,false,14.8,241.20510618651758,false
1,4,08:45,78,03:15,74,1,,,0.0,false,14.8,241.6679953345956,false
1,4,08:45,79,03:30,75,1,,,0.0,false,14.8,242.1308844826736,false
1,4,08:45,80,03:45,76,1,,,0.0,false,14.8,242.5937736307516,false
1,4,08:45,81,04:00,77,1,,,0.0,false,14.8,243.0566627788296,false
1,4,08:45,82,04:15,78,1,,,0.0,false,14.8,243.5195519269076,false
1,4,08:45,83,04:30,79,1,,,0.0,false,14.8,243.98244107498562,false
1,4,08:45,84,04:45,80,1,,,0.0,false,14.8,244.44533022306362,false
1,4,08:45,85,05:00,81,1,,,0.0,false,14.8,244.90821937114163,false
1,4,08:45,86,05:15,82,1,,,0.0,false,14.8,245.37110851921963,false
1,4,08:45,87,05:30,83,1,,,0.0,false,14.8,245.83399766729764,false
1,4,08:45,88,05:45,84,1,,,0.0,false,14.8,246.29688681537564,false
1,4,08:45,89,06:00,85,1,,,0.0,false,14.8,246.75977596345365,false
1,4,08:45,90,06:15,86,1,,,0.0,false,14.8,247.22266511153165,false
1,4,08:45,91,06:30,87,1,,,0.0,false,14.8,247.68555425960966,false
1,4,08:45,92,06:45,88,1,,,0.0,false,14.8,248.14844340768767,false
1,4,08:45,93,07:00,89,1,,,0.0,false,14.8,248.61133255576567,false
1,4,08:45,94,07:15,90,1,,,0.0,false,14.8,249.07422170384368,false
1,4,08:45,95,07:30,91,1,,,0.0,false,14.8,249.53711085192197,false
1,4,08:45,96,07:45,92,1,,,0.0,false,14.8,250.0,false
1,5,09:00,5,09:00,0,1,,Charging,2.948752353404416e-13,true,14.41372499999981,246.5990858725729,false
1,5,09:00,6,09:15,1,1,,Digging,4.792499999998945,false,13.215600000000073,246.5990858725729,false
1,5,09:00,7,09:30,2,1,,Traveling,4.7101000000002955,false,12.038075,246.5990858725729,true
1,5,09:00,8,09:45,3,1,,Charging,3.0730973321624333e-13,true,13.938074999999928,244.49382271467817,true
1,5,09:00,9,10:00,4,1,,Digging,4.792499999999892,false,12.73994999999994,244.49382271467817,false
1,5,09:00,10,10:15,5,1,,Digging,4.792500000000004,false,11.541824999999939,244.81512465373964,false
1,5,09:00,11,10:30,6,1,,Digging,4.792500000000004,false,10.343699999999938,245.28647695794513,false
1,5,09:00,12,10:45,7,1,,Digging,4.792500000000004,false,9.145574999999937,245.7578292621506,true
1,5,09:00,13,11:00,8,1,,Idle,9.947598300641403e-14,false,9.145574999999912,246.2291815663561,true
1,5,09:00,14,11:15,9,1,,Traveling,4.7100999999998905,false,7.9680499999999395,246.70053387056157,false
1,5,09:00,15,11:30,10,1,,Digging,4.7925,false,6.769924999999939,247.17188617476705,false
1,5,09:00,16,11:45,11,1,,Digging,4.792499999999915,false,5.571799999999961,247.64323847897253,false
1,5,09:00,17,12:00,12,1,,,0.0,false,5.571799999999961,248.11459078317802,true
1,5,09:00,18,12:15,13,1,,,0.0,false,5.571799999999961,248.5859430873835,true
1,5,09:00,19,12:30,14,1,,,0.0,false,5.571799999999961,249.05729539158898,false
1,5,09:00,20,12:45,15,1,,,0.0,false,5.571799999999961,249.52864769579446,false
1,5,09:00,21,13:00,16,1,,,0.0,false,5.571799999999779,250.0,false
1,5,09:00,22,13:15,17,1,,,0.0,false,5.571799999999779,250.0,false
1,5,09:00,23,13:30,18,1,,Charging,0.0,true,7.47179999999978,247.89473684210526,true
1,5,09:00,24,13:45,19,1,,Charging,0.0,true,9.37179999999978,245.78947368421052,true
1,5,09:00,25,14:00,20,1,,Digging,4.792500000000004,false,8.173674999999779,245.78947368421052,false
1,5,09:00,26,14:15,21,1,,Digging,4.7925,false,6.975549999999779,245.78947368421052,true
1,5,09:00,27,14:30,22,1,,Charging,-4.4586556668946287e-13,true,8.592950000000116,243.99734072022136,true
1,5,09:00,28,14:45,23,1,,Traveling,4.710100000000001,false,7.415425000000115,243.99734072022136,true
1,5,09:00,29,15:00,24,1,,Loading/Swinging,3.1586,false,6.625775000000115,243.99734072022136,true
1,5,09:00,30,15:15,25,1,,Loading/Swinging,3.1586,false,5.8361250000001155,243.99734072022136,false
1,5,09:00,31,15:30,26,1,,Loading/Swinging,3.1586,false,5.0464750000001155,243.99734072022136,false
1,5,09:00,32,15:45,27,1,,Charging,4.085620730620576e-14,true,6.946475000000095,241.89207756232662,true
1,5,09:00,33,16:00,28,1,,Loading/Swinging,3.158599999999602,false,6.156825000000195,241.89207756232662,true
1,5,09:00,34,16:15,29,1,,Traveling,4.710100000000008,false,4.979300000000193,241.89207756232662,true
1,5,09:00,35,16:30,30,1,,Loading/Swinging,3.1586,false,4.189650000000193,241.89207756232662,true
1,5,09:00,36,16:45,31,1,,Loading/Swinging,3.158600000000053,false,3.4000000000001798,241.89207756232662,false
1,5,09:00,37,17:00,32,1,,Charging,0.0,true,5.30000000000018,239.78681440443188,true
1,5,09:00,38,17:15,33,1,,Charging,0.0,true,7.20000000000018,237.68155124653714,true
1,5,09:00,39,17:30,34,1,,Charging,0.0,true,9.100000000000179,235.5762880886424,false
1,5,09:00,40,17:45,35,1,,Charging,0.0,true,11.0,233.47102493074786,false
1,5,09:00,41,18:00,36,1,,Charging,0.0,true,12.899999999999999,231.36576177285312,false
1,5,09:00,42,18:15,37,1,,Charging,0.0,true,14.799999999999999,229.26049861495838,false
1,5,09:00,43,18:30,38,1,,,0.0,false,14.799999999999999,229.26049861495838,true
1,5,09:00,44,18:45,39,1,,,0.0,false,14.799999999999999,229.26049861495838,true
1,5,09:00,45,19:00,40,1,,,0.0,false,14.8,229.26049861495838,true
1,5,09:00,46,19:15,41,1,,,0.0,false,14.8,229.26049861495838,false
1,5,09:00,47,19:30,42,1,,,0.0,false,14.8,229.26049861495838,false
1,5,09:00,48,19:45,43,1,,,0.0,false,14.8,229.26049861495838,false
1,5,09:00,49,20:00,44,1,,,0.0,false,14.8,229.26049861495838,false
1,5,09:00,50,20:15,45,1,,,0.0,false,14.8,229.26049861495838,false
1,5,09:00,51,20:30,46,1,,,0.0,false,14.8,229.26049861495838,false
1,5,09:00,52,20:45,47,1,,,0.0,false,14.8,229.26049861495838,false
1,5,09:00,53,21:00,48,1,,,0.0,false,14.8,229.73185091916386,false
1,5,09:00,54,21:15,49,1,,,0.0,false,14.8,230.20320322336934,false
1,5,09:00,55,21:30,50,1,,,0.0,false,14.8,230.67455552757482,false
1,5,09:00,56,21:45,51,1,,,0.0,false,14.8,231.1459078317803,false
1,5,09:00,57,22:00,52,1,,,0.0,false,14.8,231.6172601359858,false
1,5,09:00,58,22:15,53,1,,,0.0,false,14.8,232.08861244019127,false
1,5,09:00,59,22:30,54,1,,,0.0,false,14.8,232.55996474439675,false
1,5,09:00,60,22:45,55,1,,,0.0,false,14.8,233.03131704860223,false
1,5,09:00,61,23:00,56,1,,,0.0,false,14.8,233.50266935280771,false
1,5,09:00,62,23:15,57,1,,,0.0,false,14.8,233.9740216570132,false
1,5,09:00,63,23:30,58,1,,,0.0,false,14.8,234.44537396121868,false
1,5,09:00,64,23:45,59,1,,,0.0,false,14.8,234.91672626542416,false
1,5,09:00,65,00:00,60,1,,,0.0,false,14.8,235.38807856962964,false
1,5,09:00,66,00:15,61,1,,,0.0,false,14.8,235.85943087383512,false
1,5,09:00,67,00:30,62,1,,,0.0,false,14.8,236.3307831780406,false
1,5,09:00,68,00:45,63,1,,,0.0,false,14.8,236.8021354822461,false
1,5,09:00,69,01:00,64,1,,,0.0,false,14.8,237.27348778645157,false
1,5,09:00,70,01:15,65,1,,,0.0,false,14.8,237.74484009065705,false
1,5,09:00,71,01:30,66,1,,,0.0,false,14.8,238.21619239486253,false
1,5,09:00,72,01:45,67,1,,,0.0,false,14.8,238.687544699068,false
1,5,09:00,73,02:00,68,1,,,0.0,false,14.8,239.1588970032735,false
1,5,09:00,74,02:15,69,1,,,0.0,false,14.8,239.63024930747898,false
1,5,09:00,75,02:30,70,1,,,0.0,false,14.8,240.10160161168446,false
1,5,09:00,76,02:45,71,1,,,0.0,false,14.8,240.57295391588994,false
1,5,09:00,77,03:00,72,1,,,0.0,false,14.8,241.04430622009542,false
1,5,09:00,78,03:15,73,1,,,0.0,false,14.8,241.5156585243009,false
1,5,09:00,79,03:30,74,1,,,0.0,false,14.8,241.98701082850638,false
1,5,09:00,80,03:45,75,1,,,0.0,false,14.8,242.45836313271187,false
1,5,09:00,81,04:00,76,1,,,0.0,false,14.8,242.92971543691735,false
1,5,09:00,82,04:15,77,1,,,0.0,false,14.8,243.40106774112283,false
1,5,09:00,83,04:30,78,1,,,0.0,false,14.8,243.8724200453283,false
1,5,09:00,84,04:45,79,1,,,0.0,false,14.8,244.3437723495338,false
1,5,09:00,85,05:00,80,1,,,0.0,false,14.8,244.81512465373928,false
1,5,09:00,86,05:15,81,1,,,0.0,false,14.8,245.28647695794476,false
1,5,09:00,87,05:30,82,1,,,0.0,false,14.8,245.75782926215024,false
1,5,09:00,88,05:45,83,1,,,0.0,false,14.8,246.22918156635572,false
1,5,09:00,89,06:00,84,1,,,0.0,false,14.8,246.7005338705612,false
1,5,09:00,90,06:15,85,1,,,0.0,false,14.8,247.17188617476668,false
1,5,09:00,91,06:30,86,1,,,0.0,false,14.8,247.64323847897217,false
1,5,09:00,92,06:45,87,1,,,0.0,false,14.8,248.11459078317765,false
1,5,09:00,93,07:00,88,1,,,0.0,false,14.8,248.58594308738313,false
1,5,09:00,94,07:15,89,1,,,0.0,false,14.8,249.0572953915886,false
1,5,09:00,95,07:30,90,1,,,0.0,false,14.8,249.52864769579452,false
1,5,09:00,96,07:45,91,1,,,0.0,false,14.8,250.0,false
1,6,09:15,6,09:15,0,1,,Digging,4.792500000000004,false,13.315599999999876,246.5990858725729,false
1,6,09:15,7,09:30,1,1,,Traveling,4.7101,false,12.138074999999876,246.5990858725729,false
1,6,09:15,8,09:45,2,1,,Charging,6.039613253960852e-14,true,14.038074999999836,244.4938227146782,false
1,6,09:15,9,10:00,3,1,,Digging,4.792500000000004,false,12.839949999999835,244.4938227146783,false
1,6,09:15,10,10:15,4,1,,Digging,4.792499999999933,false,11.641824999999852,244.84282548476452,false
1,6,09:15,11,10:30,5,1,,Digging,4.792500000000004,false,10.44369999999985,245.3116595316041,false
1,6,09:15,12,10:45,6,1,,Digging,4.792500000000004,false,9.24557499999985,245.7804935784437,false
1,6,09:15,13,11:00,7,1,,Idle,9.947598300641403e-14,false,9.245574999999825,246.24932762528329,false
1,6,09:15,14,11:15,8,1,,Traveling,4.710099999999933,false,8.068049999999841,246.71816167212287,false
1,6,09:15,15,11:30,9,1,,Digging,4.792499999999798,false,6.869924999999892,247.18699571896246,false
1,6,09:15,16,11:45,10,1,,Digging,4.792499999999997,false,5.671799999999893,247.65582976580205,false
1,6,09:15,17,12:00,11,1,,,0.0,false,5.671799999999893,248.12466381264164,false
1,6,09:15,18,12:15,12,1,,,0.0,false,5.671799999999893,248.59349785948123,false
1,6,09:15,19,12:30,13,1,,,0.0,false,5.671799999999893,249.06233190632082,false
1,6,09:15,20,12:45,14,1,,,0.0,false,5.671799999999893,249.5311659531604,false
1,6,09:15,21,13:00,15,1,,,0.0,false,5.671799999999893,250.0,false
1,6,09:15,22,13:15,16,1,,,0.0,false,5.671799999999893,250.00000000000003,false
1,6,09:15,23,13:30,17,1,,Charging,0.0,true,7.57179999999989,247.8947368421053,false
1,6,09:15,24,13:45,18,1,,Charging,0.0,true,9.47179999999989,245.78947368421055,false
1,6,09:15,25,14:00,19,1,,Digging,4.7925,false,8.273674999999889,245.78947368421055,false
1,6,09:15,26,14:15,20,1,,Digging,4.7925,false,7.075549999999889,245.78947368421055,false
1,6,09:15,27,14:30,21,1,,Charging,1.5987211554602254e-14,true,8.975549999999885,243.6842105263158,false
1,6,09:15,28,14:45,22,1,,Traveling,4.710100000000018,false,7.79802499999988,243.6842105263158,false
1,6,09:15,29,15:00,23,1,,Loading/Swinging,3.1585999999999324,false,7.008374999999897,243.6842105263158,false
1,6,09:15,30,15:15,24,1,,Loading/Swinging,3.158599999999897,false,6.218724999999923,243.6842105263158,false
1,6,09:15,31,15:30,25,1,,Loading/Swinging,3.1586,false,5.429074999999923,243.6842105263158,false
1,6,09:15,32,15:45,26,1,,Charging,3.090860900556436e-13,true,7.329074999999812,241.5789473684211,false
1,6,09:15,33,16:00,27,1,,Loading/Swinging,3.158600000000039,false,6.539424999999802,241.5789473684211,false
1,6,09:15,34,16:15,28,1,,Traveling,4.710100000000057,false,5.361899999999842,241.5789473684211,false
1,6,09:15,35,16:30,29,1,,Loading/Swinging,3.1586,false,4.572249999999842,241.5789473684211,false
1,6,09:15,36,16:45,30,1,,Loading/Swinging,3.1586,false,3.7825999999998423,241.5789473684211,false
1,6,09:15,37,17:00,31,1,,Charging,0.0,true,5.6825999999999155,239.47368421052627,false
1,6,09:15,38,17:15,32,1,,Charging,0.0,true,7.582599999999898,237.36842105263156,false
1,6,09:15,39,17:30,33,1,,,0.0,false,7.582599999999898,237.36842105263156,true
1,6,09:15,40,17:45,34,1,,Charging,0.0,true,9.099999999999998,235.68709141274226,false
1,6,09:15,41,18:00,35,1,,Charging,0.0,true,10.999999999999996,233.58182825484752,false
1,6,09:15,42,18:15,36,1,,Charging,0.0,true,12.899999999999997,231.47656509695278,false
1,6,09:15,43,18:30,37,1,,Charging,0.0,true,14.799999999999997,229.37130193905804,true
1,6,09:15,44,18:45,38,1,,,0.0,false,14.799999999999997,229.37130193905804,false
1,6,09:15,45,19:00,39,1,,,0.0,false,14.799999999999997,229.37130193905804,false
1,6,09:15,46,19:15,40,1,,,0.0,false,14.799999999999997,229.37130193905804,false
1,6,09:15,47,19:30,41,1,,,0.0,false,14.799999999999997,229.37130193905804,false
1,6,09:15,48,19:45,42,1,,,0.0,false,14.799999999999997,229.37130193905804,false
1,6,09:15,49,20:00,43,1,,,0.0,false,14.799999999999997,229.37130193905804,false
1,6,09:15,50,20:15,44,1,,,0.0,false,14.799999999999997,229.37130193905804,false
1,6,09:15,51,20:30,45,1,,,0.0,false,14.799999999999997,229.37130193905804,false
1,6,09:15,52,20:45,46,1,,,0.0,false,14.799999999999997,229.37130193905804,false
1,6,09:15,53,21:00,47,1,,,0.0,false,14.799999999999997,229.84013598589763,false
1,6,09:15,54,21:15,48,1,,,0.0,false,14.799999999999997,230.30897003273722,false
1,6,09:15,55,21:30,49,1,,,0.0,false,14.8,230.7778040795768,false
1,6,09:15,56,21:45,50,1,,,0.0,false,14.8,231.2466381264164,false
1,6,09:15,57,22:00,51,1,,,0.0,false,14.8,231.715472173256,false
1,6,09:15,58,22:15,52,1,,,0.0,false,14.8,232.18430622009558,false
1,6,09:15,59,22:30,53,1,,,0.0,false,14.8,232.65314026693517,false
1,6,09:15,60,22:45,54,1,,,0.0,false,14.8,233.12197431377476,false
1,6,09:15,61,23:00,55,1,,,0.0,false,14.8,233.59080836061435,false
1,6,09:15,62,23:15,56,1,,,0.0,false,14.8,234.05964240745394,false
1,6,09:15,63,23:30,57,1,,,0.0,false,14.8,234.52847645429352,false
1,6,09:15,64,23:45,58,1,,,0.0,false,14.8,234.99731050113311,false
1,6,09:15,65,00:00,59,1,,,0.0,false,14.8,235.4661445479727,false
1,6,09:15,66,00:15,60,1,,,0.0,false,14.8,235.9349785948123,false
1,6,09:15,67,00:30,61,1,,,0.0,false,14.8,236.40381264165188,false
1,6,09:15,68,00:45,62,1,,,0.0,false,14.8,236.87264668849147,false
1,6,09:15,69,01:00,63,1,,,0.0,false,14.8,237.34148073533106,false
1,6,09:15,70,01:15,64,1,,,0.0,false,14.8,237.81031478217065,false
1,6,09:15,71,01:30,65,1,,,0.0,false,14.8,238.27914882901024,false
1,6,09:15,72,01:45,66,1,,,0.0,false,14.8,238.74798287584983,false
1,6,09:15,73,02:00,67,1,,,0.0,false,14.8,239.21681692268942,false
1,6,09:15,74,02:15,68,1,,,0.0,false,14.8,239.685650969529,false
1,6,09:15,75,02:30,69,1,,,0.0,false,14.8,240.1544850163686,false
1,6,09:15,76,02:45,70,1,,,0.0,false,14.8,240.62331906320819,false
1,6,09:15,77,03:00,71,1,,,0.0,false,14.8,241.09215311004778,false
1,6,09:15,78,03:15,72,1,,,0.0,false,14.8,241.56098715688736,false
1,6,09:15,79,03:30,73,1,,,0.0,false,14.8,242.02982120372695,false
1,6,09:15,80,03:45,74,1,,,0.0,false,14.8,242.49865525056654,false
1,6,09:15,81,04:00,75,1,,,0.0,false,14.8,242.96748929740613,false
1,6,09:15,82,04:15,76,1,,,0.0,false,14.8,243.43632334424572,false
1,6,09:15,83,04:30,77,1,,,0.0,false,14.8,243.9051573910853,false
1,6,09:15,84,04:45,78,1,,,0.0,false,14.8,244.3739914379249,false
1,6,09:15,85,05:00,79,1,,,0.0,false,14.8,244.8428254847645,false
1,6,09:15,86,05:15,80,1,,,0.0,false,14.8,245.31165953160408,false
1,6,09:15,87,05:30,81,1,,,0.0,false,14.8,245.78049357844367,false
1,6,09:15,88,05:45,82,1,,,0.0,false,14.8,246.24932762528326,false
1,6,09:15,89,06:00,83,1,,,0.0,false,14.8,246.71816167212285,false
1,6,09:15,90,06:15,84,1,,,0.0,false,14.8,247.18699571896244,false
1,6,09:15,91,06:30,85,1,,,0.0,false,14.8,247.65582976580203,false
1,6,09:15,92,06:45,86,1,,,0.0,false,14.8,248.12466381264161,false
1,6,09:15,93,07:00,87,1,,,0.0,false,14.8,248.5934978594812,false
1,6,09:15,94,07:15,88,1,,,0.0,false,14.8,249.06233190632082,false
1,6,09:15,95,07:30,89,1,,,0.0,false,14.8,249.5311659531604,false
1,6,09:15,96,07:45,90,1,,,0.0,false,14.8,250.0,false
1,7,09:30,7,09:30,0,1,,Traveling,4.710099999999997,false,12.102424999999878,246.5990858725729,false
1,7,09:30,8,09:45,1,1,,Digging,4.792499999997787,false,10.90430000000043,246.5990858725729,true
1,7,09:30,9,10:00,2,1,,Charging,-1.34710020915918e-11,true,12.804300000004048,244.49382271467786,true
1,7,09:30,10,10:15,3,1,,Digging,4.792499999999805,false,11.606175000004097,244.49382271467786,false
1,7,09:30,11,10:30,4,1,,Digging,4.792500000000011,false,10.408050000004094,244.49382271467786,false
1,7,09:30,12,10:45,5,1,,Charging,5.281997061956645e-12,true,11.961100000000041,242.7729916897516,true
1,7,09:30,13,11:00,6,1,,Digging,4.79250000000178,false,10.762974999999596,242.7729916897516,true
1,7,09:30,14,11:15,7,1,,Traveling,4.7101000000010345,false,9.585449999999337,242.7729916897516,false
1,7,09:30,15,11:30,8,1,,Digging,4.792499999997679,false,8.387324999999917,242.7729916897516,false
1,7,09:30,16,11:45,9,1,,Digging,4.792500000002924,false,7.189199999999186,242.7729916897516,false
1,7,09:30,17,12:00,10,1,,Charging,0.0,true,9.089200000006517,240.66772853184872,true
1,7,09:30,18,12:15,11,1,,Charging,0.0,true,10.989200000001587,238.56246537395944,true
1,7,09:30,19,12:30,12,1,,,0.0,false,10.989200000001587,238.56246537395944,false
1,7,09:30,20,12:45,13,1,,,0.0,false,10.989200000001587,239.02166496573668,false
1,7,09:30,21,13:00,14,1,,,0.0,false,10.989200000001587,239.4808645575139,false
1,7,09:30,22,13:15,15,1,,,0.0,false,10.989200000001587,239.94006414929112,false
1,7,09:30,23,13:30,16,1,,,0.0,false,10.989200000001587,240.39926374106835,true
1,7,09:30,24,13:45,17,1,,,0.0,false,10.989200000001587,240.8584633328456,true
1,7,09:30,25,14:00,18,1,,Digging,4.792500000014989,false,9.79107499999784,241.3176629246228,false
1,7,09:30,26,14:15,19,1,,Digging,4.792499999998697,false,8.592949999998165,241.77686251640003,false
1,7,09:30,27,14:30,20,1,,Traveling,4.710100000006488,false,7.415424999996543,242.23606210817726,true
1,7,09:30,28,14:45,21,1,,Loading/Swinging,3.1586,false,6.625774999996543,242.6952616999545,true
1,7,09:30,29,15:00,22,1,,Idle,-1.738698074404965e-11,false,6.62577500000089,243.1544612917317,true
1,7,09:30,30,15:15,23,1,,Loading/Swinging,3.1585999999947596,false,5.8361250000022,243.61366088350894,false
1,7,09:30,31,15:30,24,1,,Loading/Swinging,3.1586000000015915,false,5.046475000001802,244.07286047528618,false
1,7,09:30,32,15:45,25,1,,Loading/Swinging,3.158599999998863,false,4.256825000002086,244.5320600670634,true
1,7,09:30,33,16:00,26,1,,Traveling,4.710100000000959,false,3.079300000001846,244.5320600670634,true
1,7,09:30,34,16:15,27,1,,Charging,0.0,true,4.979300000001846,242.42679690916867,true
1,7,09:30,35,16:30,28,1,,Loading/Swinging,3.1586,false,4.189650000001846,242.42679690916867,false
1,7,09:30,36,16:45,29,1,,Loading/Swinging,3.1586,false,3.400000000001846,242.42679690916867,false
1,7,09:30,37,17:00,30,1,,Charging,0.0,true,5.300000000001846,240.32153375127393,false
1,7,09:30,38,17:15,31,1,,Charging,0.0,true,7.200000000001846,238.21627059338448,false
1,7,09:30,39,17:30,32,1,,Charging,0.0,true,9.100000000003366,236.11100743548806,true
1,7,09:30,40,17:45,33,1,,Charging,0.0,true,11.000000000004242,234.00574427759236,false
1,7,09:30,41,18:00,34,1,,Charging,0.0,true,12.900000000004242,231.90048111969762,false
1,7,09:30,42,18:15,35,1,,Charging,0.0,true,14.800000000004243,229.79521796180288,false
1,7,09:30,43,18:30,36,1,,,0.0,false,14.800000000004243,229.79521796180288,true
1,7,09:30,44,18:45,37,1,,,0.0,false,14.800000000004243,229.79521796180288,false
1,7,09:30,45,19:00,38,1,,,0.0,false,14.800000000004243,229.79521796180288,false
1,7,09:30,46,19:15,39,1,,,0.0,false,14.800000000004243,229.79521796180288,false
1,7,09:30,47,19:30,40,1,,,0.0,false,14.800000000004243,229.79521796180288,false
1,7,09:30,48,19:45,41,1,,,0.0,false,14.800000000004243,229.79521796180288,false
1,7,09:30,49,20:00,42,1,,,0.0,false,14.800000000004243,229.79521796180288,false
1,7,09:30,50,20:15,43,1,,,0.0,false,14.800000000004243,229.79521796180288,false
1,7,09:30,51,20:30,44,1,,,0.0,false,14.800000000004243,229.79521796180288,false
1,7,09:30,52,20:45,45,1,,,0.0,false,14.800000000004243,229.79521796180288,false
1,7,09:30,53,21:00,46,1,,,0.0,false,14.800000000004243,230.2544175535801,false
1,7,09:30,54,21:15,47,1,,,0.0,false,14.800000000004243,230.71361714535735,false
1,7,09:30,55,21:30,48,1,,,0.0,false,14.800000000004243,231.17281673713458,false
1,7,09:30,56,21:45,49,1,,,0.0,false,14.799999999999994,231.63201632891182,false
1,7,09:30,57,22:00,50,1,,,0.0,false,14.799999999999994,232.09121592068905,false
1,7,09:30,58,22:15,51,1,,,0.0,false,14.799999999999994,232.5504155124663,false
1,7,09:30,59,22:30,52,1,,,0.0,false,14.799999999999994,233.00961510424352,false
1,7,09:30,60,22:45,53,1,,,0.0,false,14.799999999999994,233.46881469602076,false
1,7,09:30,61,23:00,54,1,,,0.0,false,14.799999999999994,233.928014287798,false
1,7,09:30,62,23:15,55,1,,,0.0,false,14.799999999999994,234.38721387957523,false
1,7,09:30,63,23:30,56,1,,,0.0,false,14.799999999999994,234.84641347135246,false
1,7,09:30,64,23:45,57,1,,,0.0,false,14.799999999999994,235.3056130631297,false
1,7,09:30,65,00:00,58,1,,,0.0,false,14.799999999999994,235.76481265490693,false
1,7,09:30,66,00:15,59,1,,,0.0,false,14.799999999999994,236.22401224668417,false
1,7,09:30,67,00:30,60,1,,,0.0,false,14.799999999999994,236.6832118384614,false
1,7,09:30,68,00:45,61,1,,,0.0,false,14.799999999999994,237.14241143023864,false
1,7,09:30,69,01:00,62,1,,,0.0,false,14.799999999999994,237.60161102201587,false
1,7,09:30,70,01:15,63,1,,,0.0,false,14.799999999999994,238.0608106137931,false
1,7,09:30,71,01:30,64,1,,,0.0,false,14.799999999999994,238.52001020557034,false
1,7,09:30,72,01:45,65,1,,,0.0,false,14.799999999999994,238.97920979734758,false
1,7,09:30,73,02:00,66,1,,,0.0,false,14.799999999999994,239.4384093891248,false
1,7,09:30,74,02:15,67,1,,,0.0,false,14.799999999999994,239.89760898090205,false
1,7,09:30,75,02:30,68,1,,,0.0,false,14.799999999999994,240.35680857267926,false
1,7,09:30,76,02:45,69,1,,,0.0,false,14.799999999999986,240.8160081644565,false
1,7,09:30,77,03:00,70,1,,,0.0,false,14.799999999999986,241.27520775623373,false
1,7,09:30,78,03:15,71,1,,,0.0,false,14.799999999999986,241.73440734801096,false
1,7,09:30,79,03:30,72,1,,,0.0,false,14.799999999999986,242.1936069397882,false
1,7,09:30,80,03:45,73,1,,,0.0,false,14.799999999999986,242.65280653156543,false
1,7,09:30,81,04:00,74,1,,,0.0,false,14.799999999999986,243.11200612334267,false
1,7,09:30,82,04:15,75,1,,,0.0,false,14.799999999999986,243.5712057151199,false
1,7,09:30,83,04:30,76,1,,,0.0,false,14.799999999999986,244.0304053068971,false
1,7,09:30,84,04:45,77,1,,,0.0,false,14.799999999999986,244.48960489867434,false
1,7,09:30,85,05:00,78,1,,,0.0,false,14.799999999999986,244.94880449045158,false
1,7,09:30,86,05:15,79,1,,,0.0,false,14.799999999999986,245.4080040822288,false
1,7,09:30,87,05:30,80,1,,,0.0,false,14.799999999999986,245.86720367400605,false
1,7,09:30,88,05:45,81,1,,,0.0,false,14.799999999999986,246.32640326578328,false
1,7,09:30,89,06:00,82,1,,,0.0,false,14.799999999999994,246.78560285756052,false
1,7,09:30,90,06:15,83,1,,,0.0,false,14.8,247.24480244933775,false
1,7,09:30,91,06:30,84,1,,,0.0,false,14.8,247.70400204111448,false
1,7,09:30,92,06:45,85,1,,,0.0,false,14.8,248.1632016328917,false
1,7,09:30,93,07:00,86,1,,,0.0,false,14.8,248.62240122466892,false
1,7,09:30,94,07:15,87,1,,,0.0,false,14.8,249.08160081644553,false
1,7,09:30,95,07:30,88,1,,,0.0,false,14.8,249.54080040822276,false
1,7,09:30,96,07:45,89,1,,,0.0,false,14.8,250.0,false
1,8,09:45,8,09:45,0,1,,Charging,-1.7763568394002505e-15,true,13.655475000000001,244.87842105262817,true
1,8,09:45,9,10:00,1,1,,Digging,4.792499999999954,false,12.457350000000012,244.87842105262817,true
1,8,09:45,10,10:15,2,1,,Digging,4.792500000000061,false,11.259224999999997,244.87842105262817,false
1,8,09:45,11,10:30,3,1,,Digging,4.792500000000004,false,10.061099999999996,244.87842105262817,false
1,8,09:45,12,10:45,4,1,,Charging,-6.217248937900877e-15,true,11.961099999999995,242.77315789473343,false
1,8,09:45,13,11:00,5,1,,Digging,4.792500000000004,false,10.762974999999994,242.77315789473343,false
1,8,09:45,14,11:15,6,1,,Traveling,4.710099999999995,false,9.585450000000002,242.77315789473343,false
1,8,09:45,15,11:30,7,1,,Digging,4.792500000000004,false,8.387325,242.77315789473343,false
1,8,09:45,16,11:45,8,1,,Digging,4.792500000000012,false,7.189199999999998,242.77315789473343,false
1,8,09:45,17,12:00,9,1,,Charging,0.0,true,9.089199999999998,240.6678947368387,false
1,8,09:45,18,12:15,10,1,,Charging,0.0,true,10.989199999999999,238.56263157894395,false
1,8,09:45,19,12:30,11,1,,,0.0,false,10.989199999999997,238.56263157894395,false
1,8,09:45,20,12:45,12,1,,,0.0,false,10.989199999999997,239.02182825484428,false
1,8,09:45,21,13:00,13,1,,,0.0,false,10.989199999999997,239.4810249307446,false
1,8,09:45,22,13:15,14,1,,,0.0,false,10.989199999999997,239.94022160664494,false
1,8,09:45,23,13:30,15,1,,,0.0,false,10.989199999999997,240.39941828254527,false
1,8,09:45,24,13:45,16,1,,,0.0,false,10.989199999999997,240.8586149584456,false
1,8,09:45,25,14:00,17,1,,Digging,4.7925,false,9.791074999999996,241.31781163434593,false
1,8,09:45,26,14:15,18,1,,Digging,4.792500000000018,false,8.592949999999991,241.77700831024626,false
1,8,09:45,27,14:30,19,1,,Traveling,4.710100000000001,false,7.415424999999991,242.2362049861466,false
1,8,09:45,28,14:45,20,1,,Loading/Swinging,3.1585999999999963,false,6.625774999999992,242.69540166204692,false
1,8,09:45,29,15:00,21,1,,Idle,0.0,false,6.625774999999992,243.15459833794728,false
1,8,09:45,30,15:15,22,1,,Loading/Swinging,3.1586,false,5.836124999999992,243.6137950138476,false
1,8,09:45,31,15:30,23,1,,Loading/Swinging,3.1586,false,5.046474999999992,244.07299168974794,false
1,8,09:45,32,15:45,24,1,,Loading/Swinging,3.1586,false,4.256824999999992,244.53218836564827,false
1,8,09:45,33,16:00,25,1,,Traveling,4.710100000000001,false,3.079299999999992,244.53218836564827,false
1,8,09:45,34,16:15,26,1,,Charging,0.0,true,4.97929999999999,242.42692520775353,false
1,8,09:45,35,16:30,27,1,,Loading/Swinging,3.1585999999999856,false,4.189649999999993,242.42692520775353,false
1,8,09:45,36,16:45,28,1,,Loading/Swinging,3.1586,false,3.3999999999999932,242.42692520775353,false
1,8,09:45,37,17:00,29,1,,Charging,0.0,true,5.300000000000008,240.3216620498588,false
1,8,09:45,38,17:15,30,1,,Charging,0.0,true,7.199999999999998,238.21639889196405,false
1,8,09:45,39,17:30,31,1,,Charging,0.0,true,9.10000000000001,236.1111357340693,false
1,8,09:45,40,17:45,32,1,,Charging,0.0,true,11.000000000000007,234.00587257617457,false
1,8,09:45,41,18:00,33,1,,Charging,0.0,true,12.899999999999999,231.90060941827983,false
1,8,09:45,42,18:15,34,1,,Charging,0.0,true,14.799999999999999,229.7953462603851,false
1,8,09:45,43,18:30,35,1,,,0.0,false,14.799999999999999,229.7953462603851,false
1,8,09:45,44,18:45,36,1,,,0.0,false,14.799999999999999,229.7953462603851,false
1,8,09:45,45,19:00,37,1,,,0.0,false,14.799999999999999,229.7953462603851,false
1,8,09:45,46,19:15,38,1,,,0.0,false,14.799999999999999,229.7953462603851,false
1,8,09:45,47,19:30,39,1,,,0.0,false,14.799999999999999,229.7953462603851,false
1,8,09:45,48,19:45,40,1,,,0.0,false,14.799999999999999,229.7953462603851,false
1,8,09:45,49,20:00,41,1,,,0.0,false,14.799999999999999,229.7953462603851,false
1,8,09:45,50,20:15,42,1,,,0.0,false,14.799999999999999,229.7953462603851,false
1,8,09:45,51,20:30,43,1,,,0.0,false,14.799999999999999,229.7953462603851,false
1,8,09:45,52,20:45,44,1,,,0.0,false,14.800000000000002,229.7953462603851,false
1,8,09:45,53,21:00,45,1,,,0.0,false,14.800000000000002,230.25454293628542,false
1,8,09:45,54,21:15,46,1,,,0.0,false,14.800000000000002,230.71373961218575,false
1,8,09:45,55,21:30,47,1,,,0.0,false,14.800000000000006,231.17293628808608,false
1,8,09:45,56,21:45,48,1,,,0.0,false,14.800000000000006,231.6321329639864,false
1,8,09:45,57,22:00,49,1,,,0.0,false,14.800000000000006,232.09132963988674,false
1,8,09:45,58,22:15,50,1,,,0.0,false,14.800000000000006,232.55052631578707,false
1,8,09:45,59,22:30,51,1,,,0.0,false,14.800000000000006,233.0097229916874,false
1,8,09:45,60,22:45,52,1,,,0.0,false,14.800000000000006,233.46891966758773,false
1,8,09:45,61,23:00,53,1,,,0.0,false,14.800000000000006,233.92811634348806,false
1,8,09:45,62,23:15,54,1,,,0.0,false,14.800000000000006,234.3873130193884,false
1,8,09:45,63,23:30,55,1,,,0.0,false,14.800000000000006,234.84650969528872,false
1,8,09:45,64,23:45,56,1,,,0.0,false,14.800000000000006,235.30570637118905,false
1,8,09:45,65,00:00,57,1,,,0.0,false,14.800000000000006,235.76490304708938,false
1,8,09:45,66,00:15,58,1,,,0.0,false,14.800000000000004,236.2240997229897,false
1,8,09:45,67,00:30,59,1,,,0.0,false,14.800000000000004,236.68329639889004,false
1,8,09:45,68,00:45,60,1,,,0.0,false,14.800000000000004,237.14249307479037,false
1,8,09:45,69,01:00,61,1,,,0.0,false,14.8,237.6016897506907,false
1,8,09:45,70,01:15,62,1,,,0.0,false,14.8,238.06088642659103,false
1,8,09:45,71,01:30,63,1,,,0.0,false,14.8,238.52008310249136,false
1,8,09:45,72,01:45,64,1,,,0.0,false,14.8,238.97927977839169,false
1,8,09:45,73,02:00,65,1,,,0.0,false,14.8,239.43847645429202,false
1,8,09:45,74,02:15,66,1,,,0.0,false,14.8,239.89767313019235,false
1,8,09:45,75,02:30,67,1,,,0.0,false,14.8,240.35686980609267,false
1,8,09:45,76,02:45,68,1,,,0.0,false,14.8,240.816066481993,false
1,8,09:45,77,03:00,69,1,,,0.0,false,14.8,241.27526315789333,false
1,8,09:45,78,03:15,70,1,,,0.0,false,14.8,241.73445983379366,false
1,8,09:45,79,03:30,71,1,,,0.0,false,14.8,242.193656509694,false
1,8,09:45,80,03:45,72,1,,,0.0,false,14.8,242.65285318559432,false
1,8,09:45,81,04:00,73,1,,,0.0,false,14.8,243.11204986149465,false
1,8,09:45,82,04:15,74,1,,,0.0,false,14.8,243.57124653739498,false
1,8,09:45,83,04:30,75,1,,,0.0,false,14.8,244.0304432132953,false
1,8,09:45,84,04:45,76,1,,,0.0,false,14.8,244.48963988919564,false
1,8,09:45,85,05:00,77,1,,,0.0,false,14.8,244.94883656509597,false
1,8,09:45,86,05:15,78,1,,,0.0,false,14.8,245.4080332409963,false
1,8,09:45,87,05:30,79,1,,,0.0,false,14.8,245.86722991689663,false
1,8,09:45,88,05:45,80,1,,,0.0,false,14.8,246.32642659279696,false
1,8,09:45,89,06:00,81,1,,,0.0,false,14.8,246.7856232686973,false
1,8,09:45,90,06:15,82,1,,,0.0,false,14.8,247.24481994459762,false
1,8,09:45,91,06:30,83,1,,,0.0,false,14.8,247.70401662049795,false
1,8,09:45,92,06:45,84,1,,,0.0,false,14.8,248.16321329639828,false
1,8,09:45,93,07:00,85,1,,,0.0,false,14.8,248.6224099722986,false
1,8,09:45,94,07:15,86,1,,,0.0,false,14.8,249.08160664819894,false
1,8,09:45,95,07:30,87,1,,,0.0,false,14.8,249.54080332409964,false
1,8,09:45,96,07:45,88,1,,,0.0,false,14.8,250.0,false
1,9,10:00,9,10:00,0,1,,Digging,4.792500000000004,false,12.539081578947375,244.87842105262817,false
1,9,10:00,10,10:15,1,1,,Digging,4.792499999999976,false,11.340956578947381,244.87842105262817,false
1,9,10:00,11,10:30,2,1,,Digging,4.792499999999988,false,10.142831578947384,244.87842105262817,false
1,9,10:00,12,10:45,3,1,,Charging,1.9539925233402755e-14,true,12.042831578947379,242.77315789473343,false
1,9,10:00,13,11:00,4,1,,Digging,4.7925,false,10.844706578947378,242.77315789473343,false
1,9,10:00,14,11:15,5,1,,Traveling,4.710099999999997,false,9.667181578947378,242.77315789473343,false
1,9,10:00,15,11:30,6,1,,Digging,4.7925,false,8.469056578947377,242.77315789473343,false
1,9,10:00,16,11:45,7,1,,Digging,4.792499999999986,false,7.270931578947381,242.77315789473343,false
1,9,10:00,17,12:00,8,1,,Charging,0.0,true,9.17093157894738,240.6678947368387,false
1,9,10:00,18,12:15,9,1,,Charging,0.0,true,11.07093157894738,238.56263157894395,false
1,9,10:00,19,12:30,10,1,,,0.0,false,11.07093157894738,238.56263157894395,false
1,9,10:00,20,12:45,11,1,,,0.0,false,11.07093157894738,239.0202394599967,false
1,9,10:00,21,13:00,12,1,,,0.0,false,11.07093157894738,239.47784734104945,false
1,9,10:00,22,13:15,13,1,,,0.0,false,11.07093157894738,239.93545522210218,false
1,9,10:00,23,13:30,14,1,,,0.0,false,11.07093157894738,240.39306310315493,false
1,9,10:00,24,13:45,15,1,,,0.0,false,11.07093157894738,240.85067098420768,false
1,9,10:00,25,14:00,16,1,,Digging,4.792500000000004,false,9.87280657894738,241.3082788652604,false
1,9,10:00,26,14:15,17,1,,Digging,4.79249999999999,false,8.674681578947382,241.76588674631316,false
1,9,10:00,27,14:30,18,1,,Traveling,4.710100000000001,false,7.497156578947382,242.2234946273659,false
1,9,10:00,28,14:45,19,1,,Loading/Swinging,3.1586000000000354,false,6.707506578947373,242.68110250841866,false
1,9,10:00,29,15:00,20,1,,Idle,-9.468226203068751e-15,false,6.707506578947376,243.13871038947138,false
1,9,10:00,30,15:15,21,1,,Loading/Swinging,3.1586,false,5.917856578947376,243.59631827052414,false
1,9,10:00,31,15:30,22,1,,Loading/Swinging,3.1586,false,5.128206578947376,244.0539261515769,false
1,9,10:00,32,15:45,23,1,,Loading/Swinging,3.1585999999999537,false,4.338556578947387,244.51153403262964,false
1,9,10:00,33,16:00,24,1,,Traveling,4.710099999999944,false,3.1610315789473904,244.51153403262964,false
1,9,10:00,34,16:15,25,1,,Charging,4.440892098500626e-15,true,5.061031578947387,242.4062708747349,false
1,9,10:00,35,16:30,26,1,,Loading/Swinging,3.1586,false,4.271381578947387,242.4062708747349,false
1,9,10:00,36,16:45,27,1,,Loading/Swinging,3.1585999999999945,false,3.481731578947388,242.4062708747349,false
1,9,10:00,37,17:00,28,1,,Charging,0.0,true,5.381731578947388,240.30100771684016,false
1,9,10:00,38,17:15,29,1,,Charging,0.0,true,7.2000000000000055,238.28630586525833,false
1,9,10:00,39,17:30,30,1,,Charging,0.0,true,9.100000000000005,236.1810427073636,false
1,9,10:00,40,17:45,31,1,,Charging,0.0,true,11.000000000000004,234.07577954946885,false
1,9,10:00,41,18:00,32,1,,Charging,0.0,true,12.900000000000004,231.9705163915741,false
1,9,10:00,42,18:15,33,1,,Charging,0.0,true,14.800000000000002,229.86525323367937,false
1,9,10:00,43,18:30,34,1,,,0.0,false,14.800000000000002,229.86525323367937,false
1,9,10:00,44,18:45,35,1,,,0.0,false,14.800000000000002,229.86525323367937,false
1,9,10:00,45,19:00,36,1,,,0.0,false,14.800000000000002,229.86525323367937,false
1,9,10:00,46,19:15,37,1,,,0.0,false,14.800000000000002,229.86525323367937,false
1,9,10:00,47,19:30,38,1,,,0.0,false,14.800000000000002,229.86525323367937,false
1,9,10:00,48,19:45,39,1,,,0.0,false,14.800000000000002,229.86525323367937,false
1,9,10:00,49,20:00,40,1,,,0.0,false,14.800000000000002,229.86525323367937,false
1,9,10:00,50,20:15,41,1,,,0.0,false,14.800000000000002,229.86525323367937,false
1,9,10:00,51,20:30,42,1,,,0.0,false,14.800000000000002,229.86525323367937,false
1,9,10:00,52,20:45,43,1,,,0.0,false,14.800000000000002,229.86525323367937,false
1,9,10:00,53,21:00,44,1,,,0.0,false,14.800000000000002,230.32286111473212,false
1,9,10:00,54,21:15,45,1,,,0.0,false,14.800000000000002,230.78046899578487,false
1,9,10:00,55,21:30,46,1,,,0.0,false,14.800000000000002,231.23807687683762,false
1,9,10:00,56,21:45,47,1,,,0.0,false,14.800000000000002,231.69568475789038,false
1,9,10:00,57,22:00,48,1,,,0.0,false,14.800000000000002,232.15329263894313,false
1,9,10:00,58,22:15,49,1,,,0.0,false,14.800000000000002,232.61090051999588,false
1,9,10:00,59,22:30,50,1,,,0.0,false,14.800000000000002,233.06850840104863,false
1,9,10:00,60,22:45,51,1,,,0.0,false,14.800000000000002,233.52611628210138,false
1,9,10:00,61,23:00,52,1,,,0.0,false,14.8,233.98372416315414,false
1,9,10:00,62,23:15,53,1,,,0.0,false,14.8,234.4413320442069,false
1,9,10:00,63,23:30,54,1,,,0.0,false,14.8,234.89893992525964,false
1,9,10:00,64,23:45,55,1,,,0.0,false,14.8,235.3565478063124,false
1,9,10:00,65,00:00,56,1,,,0.0,false,14.8,235.81415568736514,false
1,9,10:00,66,00:15,57,1,,,0.0,false,14.8,236.2717635684179,false
1,9,10:00,67,00:30,58,1,,,0.0,false,14.8,236.72937144947065,false
1,9,10:00,68,00:45,59,1,,,0.0,false,14.8,237.1869793305234,false
1,9,10:00,69,01:00,60,1,,,0.0,false,14.8,237.64458721157615,false
1,9,10:00,70,01:15,61,1,,,0.0,false,14.8,238.1021950926289,false
1,9,10:00,71,01:30,62,1,,,0.0,false,14.8,238.55980297368166,false
1,9,10:00,72,01:45,63,1,,,0.0,false,14.8,239.0174108547344,false
1,9,10:00,73,02:00,64,1,,,0.0,false,14.8,239.47501873578716,false
1,9,10:00,74,02:15,65,1,,,0.0,false,14.8,239.9326266168399,false
1,9,10:00,75,02:30,66,1,,,0.0,false,14.8,240.39023449789266,false
1,9,10:00,76,02:45,67,1,,,0.0,false,14.8,240.84784237894542,false
1,9,10:00,77,03:00,68,1,,,0.0,false,14.8,241.30545025999817,false
1,9,10:00,78,03:15,69,1,,,0.0,false,14.8,241.76305814105092,false
1,9,10:00,79,03:30,70,1,,,0.0,false,14.8,242.22066602210367,false
1,9,10:00,80,03:45,71,1,,,0.0,false,14.8,242.67827390315642,false
1,9,10:00,81,04:00,72,1,,,0.0,false,14.8,243.13588178420918,false
1,9,10:00,82,04:15,73,1,,,0.0,false,14.8,243.5934896652616,false
1,9,10:00,83,04:30,74,1,,,0.0,false,14.8,244.05109754631434,false
1,9,10:00,84,04:45,75,1,,,0.0,false,14.8,244.5087054273671,false
1,9,10:00,85,05:00,76,1,,,0.0,false,14.8,244.96631330841984,false
1,9,10:00,86,05:15,77,1,,,0.0,false,14.8,245.4239211894726,false
1,9,10:00,87,05:30,78,1,,,0.0,false,14.8,245.88152907052535,false
1,9,10:00,88,05:45,79,1,,,0.0,false,14.8,246.3391369515781,false
1,9,10:00,89,06:00,80,1,,,0.0,false,14.8,246.79674483263085,false
1,9,10:00,90,06:15,81,1,,,0.0,false,14.8,247.25435271368355,false
1,9,10:00,91,06:30,82,1,,,0.0,false,14.8,247.7119605947363,false
1,9,10:00,92,06:45,83,1,,,0.0,false,14.8,248.16956847578902,false
1,9,10:00,93,07:00,84,1,,,0.0,false,14.8,248.62717635684177,false
1,9,10:00,94,07:15,85,1,,,0.0,false,14.8,249.08478423789452,false
1,9,10:00,95,07:30,86,1,,,0.0,false,14.8,249.54239211894725,false
1,9,10:00,96,07:45,87,1,,,0.0,false,14.8,250.0,false
1,10,10:15,10,10:15,0,1,,Digging,4.7925,false,11.305306578947377,244.87842105262817,false
1,10,10:15,11,10:30,1,1,,Digging,4.792499999999997,false,10.107181578947378,244.87842105262817,false
1,10,10:15,12,10:45,2,1,,Charging,0.0,true,12.007181578947378,242.77315789473343,false
1,10,10:15,13,11:00,3,1,,Digging,4.792499999999983,false,10.809056578947382,242.77315789473343,false
1,10,10:15,14,11:15,4,1,,Traveling,4.7101,false,9.631531578947383,242.77315789473343,false
1,10,10:15,15,11:30,5,1,,Digging,4.792499999999997,false,8.433406578947384,242.77315789473343,false
1,10,10:15,16,11:45,6,1,,Digging,4.792500000000015,false,7.23528157894738,242.77315789473343,false
1,10,10:15,17,12:00,7,1,,Charging,0.0,true,9.13528157894738,240.6678947368387,false
1,10,10:15,18,12:15,8,1,,Charging,0.0,true,11.03528157894738,238.56263157894395,false
1,10,10:15,19,12:30,9,1,,,0.0,false,11.03528157894738,238.56263157894395,false
1,10,10:15,20,12:45,10,1,,,0.0,false,11.03528157894738,239.02093246675182,false
1,10,10:15,21,13:00,11,1,,,0.0,false,11.03528157894738,239.47923335455968,false
1,10,10:15,22,13:15,12,1,,,0.0,false,11.03528157894738,239.93753424236755,false
1,10,10:15,23,13:30,13,1,,,0.0,false,11.03528157894738,240.3958351301754,false
1,10,10:15,24,13:45,14,1,,,0.0,false,11.03528157894738,240.85413601798328,false
1,10,10:15,25,14:00,15,1,,Digging,4.792500000000004,false,9.83715657894738,241.31243690579115,false
1,10,10:15,26,14:15,16,1,,Digging,4.792500000000004,false,8.639031578947378,241.77073779359898,false
1,10,10:15,27,14:30,17,1,,Traveling,4.710100000000001,false,7.461506578947378,242.22903868140685,false
1,10,10:15,28,14:45,18,1,,Loading/Swinging,3.15860000000001,false,6.671856578947374,242.6873395692147,false
1,10,10:15,29,15:00,19,1,,Idle,0.0,false,6.671856578947374,243.14564045702258,false
1,10,10:15,30,15:15,20,1,,Loading/Swinging,3.1586,false,5.882206578947374,243.60394134483042,false
1,10,10:15,31,15:30,21,1,,Loading/Swinging,3.1585999999997583,false,5.092556578947434,244.06224223263828,false
1,10,10:15,32,15:45,22,1,,Loading/Swinging,3.1586000000002405,false,4.3029065789473755,244.52054312044615,false
1,10,10:15,33,16:00,23,1,,Traveling,4.710099999999974,false,3.125381578947382,244.52054312044615,false
1,10,10:15,34,16:15,24,1,,Charging,-3.8191672047105385e-14,true,5.025381578947388,242.4152799625514,false
1,10,10:15,35,16:30,25,1,,Loading/Swinging,3.158599999999989,false,4.235731578947391,242.4152799625514,false
1,10,10:15,36,16:45,26,1,,Loading/Swinging,3.1586,false,3.446081578947391,242.4152799625514,false
1,10,10:15,37,17:00,27,1,,Charging,0.0,true,5.346081578947391,240.31001680465667,false
1,10,10:15,38,17:15,28,1,,Charging,0.0,true,7.200000000000007,238.25581356803326,false
1,10,10:15,39,17:30,29,1,,Charging,0.0,true,9.100000000000001,236.15055041013852,false
1,10,10:15,40,17:45,30,1,,Charging,0.0,true,10.999999999999996,234.04528725224378,false
1,10,10:15,41,18:00,31,1,,Charging,0.0,true,12.899999999999997,231.94002409434904,false
1,10,10:15,42,18:15,32,1,,Charging,0.0,true,14.799999999999997,229.8347609364543,false
1,10,10:15,43,18:30,33,1,,,0.0,false,14.8,229.8347609364543,false
1,10,10:15,44,18:45,34,1,,,0.0,false,14.8,229.8347609364543,false
1,10,10:15,45,19:00,35,1,,,0.0,false,14.8,229.8347609364543,false
1,10,10:15,46,19:15,36,1,,,0.0,false,14.8,229.8347609364543,false
1,10,10:15,47,19:30,37,1,,,0.0,false,14.8,229.8347609364543,false
1,10,10:15,48,19:45,38,1,,,0.0,false,14.8,229.8347609364543,false
1,10,10:15,49,20:00,39,1,,,0.0,false,14.8,229.8347609364543,false
1,10,10:15,50,20:15,40,1,,,0.0,false,14.8,229.8347609364543,false
1,10,10:15,51,20:30,41,1,,,0.0,false,14.8,229.8347609364543,false
1,10,10:15,52,20:45,42,1,,,0.0,false,14.8,229.8347609364543,false
1,10,10:15,53,21:00,43,1,,,0.0,false,14.8,230.29306182426217,false
1,10,10:15,54,21:15,44,1,,,0.0,false,14.8,230.75136271207003,false
1,10,10:15,55,21:30,45,1,,,0.0,false,14.8,231.2096635998779,false
1,10,10:15,56,21:45,46,1,,,0.0,false,14.8,231.66796448768577,false
1,10,10:15,57,22:00,47,1,,,0.0,false,14.8,232.12626537549363,false
1,10,10:15,58,22:15,48,1,,,0.0,false,14.8,232.5845662633015,false
1,10,10:15,59,22:30,49,1,,,0.0,false,14.8,233.04286715110936,false
1,10,10:15,60,22:45,50,1,,,0.0,false,14.8,233.50116803891723,false
1,10,10:15,61,23:00,51,1,,,0.0,false,14.8,233.9594689267251,false
1,10,10:15,62,23:15,52,1,,,0.0,false,14.8,234.41776981453296,false
1,10,10:15,63,23:30,53,1,,,0.0,false,14.8,234.87607070234083,false
1,10,10:15,64,23:45,54,1,,,0.0,false,14.8,235.3343715901487,false
1,10,10:15,65,00:00,55,1,,,0.0,false,14.8,235.79267247795656,false
1,10,10:15,66,00:15,56,1,,,0.0,false,14.8,236.25097336576442,false
1,10,10:15,67,00:30,57,1,,,0.0,false,14.8,236.7092742535723,false
1,10,10:15,68,00:45,58,1,,,0.0,false,14.8,237.16757514138015,false
1,10,10:15,69,01:00,59,1,,,0.0,false,14.8,237.62587602918802,false
1,10,10:15,70,01:15,60,1,,,0.0,false,14.8,238.0841769169959,false
1,10,10:15,71,01:30,61,1,,,0.0,false,14.8,238.54247780480375,false
1,10,10:15,72,01:45,62,1,,,0.0,false,14.8,239.00077869261162,false
1,10,10:15,73,02:00,63,1,,,0.0,false,14.8,239.45907958041948,false
1,10,10:15,74,02:15,64,1,,,0.0,false,14.8,239.91738046822712,false
1,10,10:15,75,02:30,65,1,,,0.0,false,14.8,240.375681356035,false
1,10,10:15,76,02:45,66,1,,,0.0,false,14.8,240.83398224384285,false
1,10,10:15,77,03:00,67,1,,,0.0,false,14.8,241.29228313165072,false
1,10,10:15,78,03:15,68,1,,,0.0,false,14.8,241.75058401945859,false
1,10,10:15,79,03:30,69,1,,,0.0,false,14.8,242.20888490726645,false
1,10,10:15,80,03:45,70,1,,,0.0,false,14.8,242.66718579507432,false
1,10,10:15,81,04:00,71,1,,,0.0,false,14.8,243.12548668288215,false
1,10,10:15,82,04:15,72,1,,,0.0,false,14.8,243.58378757069002,false
1,10,10:15,83,04:30,73,1,,,0.0,false,14.8,244.0420884584979,false
1,10,10:15,84,04:45,74,1,,,0.0,false,14.8,244.50038934630575,false
1,10,10:15,85,05:00,75,1,,,0.0,false,14.8,244.95869023411362,false
1,10,10:15,86,05:15,76,1,,,0.0,false,14.8,245.41699112192148,false
1,10,10:15,87,05:30,77,1,,,0.0,false,14.8,245.87529200972935,false
1,10,10:15,88,05:45,78,1,,,0.0,false,14.8,246.33359289753722,false
1,10,10:15,89,06:00,79,1,,,0.0,false,14.8,246.791893785345,false
1,10,10:15,90,06:15,80,1,,,0.0,false,14.8,247.25019467315286,false
1,10,10:15,91,06:30,81,1,,,0.0,false,14.8,247.70849556096073,false
1,10,10:15,92,06:45,82,1,,,0.0,false,14.8,248.16679644876857,false
1,10,10:15,93,07:00,83,1,,,0.0,false,14.8,248.62509733657643,false
1,10,10:15,94,07:15,84,1,,,0.0,false,14.8,249.0833982243843,false
1,10,10:15,95,07:30,85,1,,,0.0,false,14.8,249.54169911219213,false
1,10,10:15,96,07:45,86,1,,,0.0,false,14.8,250.0,false
1,11,10:30,11,10:30,0,1,,Digging,4.792500000000004,false,9.963831578947374,244.87842105262817,false
1,11,10:30,12,10:45,1,1,,Charging,6.661338147750939e-14,true,11.863831578947345,242.77315789473346,false
1,11,10:30,13,11:00,2,1,,Digging,4.7925,false,10.66570657894736,242.77315789473346,false
1,11,10:30,14,11:15,3,1,,Traveling,4.710099999999997,false,9.48818157894736,242.77315789473346,false
1,11,10:30,15,11:30,4,1,,Digging,4.7925,false,8.29005657894736,242.77315789473346,false
1,11,10:30,16,11:45,5,1,,Digging,4.79249999999999,false,7.091931578947362,242.77315789473346,false
1,11,10:30,17,12:00,6,1,,Charging,0.0,true,8.99193157894736,240.66789473683872,false
1,11,10:30,18,12:15,7,1,,Charging,0.0,true,10.869900000000003,238.5870433007693,false
1,11,10:30,19,12:30,8,1,,,0.0,false,10.869900000000003,238.5870433007693,false
1,11,10:30,20,12:45,9,1,,,0.0,false,10.869900000000003,239.04813079498237,false
1,11,10:30,21,13:00,10,1,,,0.0,false,10.869900000000003,239.50921828919545,false
1,11,10:30,22,13:15,11,1,,,0.0,false,10.869900000000003,239.97030578340852,false
1,11,10:30,23,13:30,12,1,,,0.0,false,10.869900000000003,240.4313932776216,false
1,11,10:30,24,13:45,13,1,,,0.0,false,10.869900000000003,240.89248077183467,false
1,11,10:30,25,14:00,14,1,,Digging,4.792499999999869,false,9.671775000000036,241.35356826604763,false
1,11,10:30,26,14:15,15,1,,Digging,4.792500000000004,false,8.473650000000035,241.8146557602607,false
1,11,10:30,27,14:30,16,1,,Traveling,4.7101,false,7.2961250000000355,242.27574325447378,false
1,11,10:30,28,14:45,17,1,,Loading/Swinging,3.1586,false,6.5064750000000355,242.73683074868686,false
1,11,10:30,29,15:00,18,1,,Idle,0.0,false,6.5064750000000355,243.19791824289993,false
1,11,10:30,30,15:15,19,1,,Loading/Swinging,3.1586000000000176,false,5.716825000000031,243.65900573711298,false
1,11,10:30,31,15:30,20,1,,Loading/Swinging,3.1586,false,4.927175000000026,244.12009323132605,false
1,11,10:30,32,15:45,21,1,,Loading/Swinging,3.158599999999989,false,4.1375250000000285,244.58118072553918,false
1,11,10:30,33,16:00,22,1,,Traveling,4.7101,false,2.96,244.58118072553918,false
1,11,10:30,34,16:15,23,1,,Charging,-1.056932319443149e-13,true,4.860000000000022,242.47591756764444,false
1,11,10:30,35,16:30,24,1,,Loading/Swinging,3.1586,false,4.070350000000022,242.47591756764444,false
1,11,10:30,36,16:45,25,1,,Loading/Swinging,3.1586000000000447,false,3.2807000000000315,242.47591756764444,false
1,11,10:30,37,17:00,26,1,,,0.0,false,3.2807000000000315,242.47591756764444,true
1,11,10:30,38,17:15,27,1,,,0.0,false,3.280700000000034,242.47591756764444,true
1,11,10:30,39,17:30,28,1,,,0.0,false,3.280700000000034,242.47591756764444,true
1,11,10:30,40,17:45,29,1,,,0.0,false,3.2807000000000213,242.47591756764447,true
1,11,10:30,41,18:00,30,1,,,0.0,false,3.2807,242.4759175676445,true
1,11,10:30,42,18:15,31,1,,,0.0,false,3.2806999999999924,242.4759175676445,true
1,11,10:30,43,18:30,32,1,,Charging,0.0,true,5.1806999999999785,240.37065440974973,true
1,11,10:30,44,18:45,33,1,,Charging,0.0,true,7.080699999999991,238.265391251855,true
1,11,10:30,45,19:00,34,1,,Charging,0.0,true,8.980700000000008,236.16012809396022,true
1,11,10:30,46,19:15,35,1,,Charging,0.0,true,10.880700000000019,234.05486493606548,true
1,11,10:30,47,19:30,36,1,,Charging,0.0,true,12.780700000000015,231.94960177817075,true
1,11,10:30,48,19:45,37,1,,Charging,0.0,true,14.68070000000001,229.844338620276,true
1,11,10:30,49,20:00,38,1,,Charging,0.0,true,14.8,229.71215025462504,true
1,11,10:30,50,20:15,39,1,,,0.0,false,14.8,229.71215025462504,false
1,11,10:30,51,20:30,40,1,,,0.0,false,14.8,229.71215025462504,false
1,11,10:30,52,20:45,41,1,,,0.0,false,14.8,229.71215025462504,false
1,11,10:30,53,21:00,42,1,,,0.0,false,14.8,230.17323774883815,false
1,11,10:30,54,21:15,43,1,,,0.0,false,14.8,230.63432524305122,false
1,11,10:30,55,21:30,44,1,,,0.0,false,14.8,231.0954127372643,false
1,11,10:30,56,21:45,45,1,,,0.0,false,14.8,231.55650023147737,false
1,11,10:30,57,22:00,46,1,,,0.0,false,14.8,232.01758772569045,false
1,11,10:30,58,22:15,47,1,,,0.0,false,14.8,232.47867521990352,false
1,11,10:30,59,22:30,48,1,,,0.0,false,14.8,232.9397627141166,false
1,11,10:30,60,22:45,49,1,,,0.0,false,14.8,233.40085020832967,false
1,11,10:30,61,23:00,50,1,,,0.0,false,14.8,233.86193770254275,false
1,11,10:30,62,23:15,51,1,,,0.0,false,14.8,234.32302519675582,false
1,11,10:30,63,23:30,52,1,,,0.0,false,14.8,234.7841126909689,false
1,11,10:30,64,23:45,53,1,,,0.0,false,14.8,235.24520018518197,false
1,11,10:30,65,00:00,54,1,,,0.0,false,14.8,235.70628767939505,false
1,11,10:30,66,00:15,55,1,,,0.0,false,14.8,236.16737517360812,false
1,11,10:30,67,00:30,56,1,,,0.0,false,14.8,236.6284626678212,false
1,11,10:30,68,00:45,57,1,,,0.0,false,14.8,237.08955016203427,false
1,11,10:30,69,01:00,58,1,,,0.0,false,14.8,237.55063765624735,false
1,11,10:30,70,01:15,59,1,,,0.0,false,14.8,238.01172515046042,false
1,11,10:30,71,01:30,60,1,,,0.0,false,14.8,238.4728126446735,false
1,11,10:30,72,01:45,61,1,,,0.0,false,14.8,238.93390013888657,false
1,11,10:30,73,02:00,62,1,,,0.0,false,14.8,239.39498763309965,false
1,11,10:30,74,02:15,63,1,,,0.0,false,14.8,239.85607512731272,false
1,11,10:30,75,02:30,64,1,,,0.0,false,14.8,240.3171626215258,false
1,11,10:30,76,02:45,65,1,,,0.0,false,14.8,240.77825011573887,false
1,11,10:30,77,03:00,66,1,,,0.0,false,14.8,241.23933760995195,false
1,11,10:30,78,03:15,67,1,,,0.0,false,14.8,241.70042510416502,false
1,11,10:30,79,03:30,68,1,,,0.0,false,14.8,242.1615125983781,false
1,11,10:30,80,03:45,69,1,,,0.0,false,14.8,242.62260009259117,false
1,11,10:30,81,04:00,70,1,,,0.0,false,14.8,243.08368758680425,false
1,11,10:30,82,04:15,71,1,,,0.0,false,14.8,243.54477508101732,false
1,11,10:30,83,04:30,72,1,,,0.0,false,14.8,244.0058625752304,false
1,11,10:30,84,04:45,73,1,,,0.0,false,14.8,244.46695006944347,false
1,11,10:30,85,05:00,74,1,,,0.0,false,14.8,244.92803756365655,false
1,11,10:30,86,05:15,75,1,,,0.0,false,14.8,245.38912505786962,false
1,11,10:30,87,05:30,76,1,,,0.0,false,14.8,245.8502125520827,false
1,11,10:30,88,05:45,77,1,,,0.0,false,14.8,246.31130004629577,false
1,11,10:30,89,06:00,78,1,,,0.0,false,14.8,246.77238754050884,false
1,11,10:30,90,06:15,79,1,,,0.0,false,14.8,247.23347503472192,false
1,11,10:30,91,06:30,80,1,,,0.0,false,14.8,247.694562528935,false
1,11,10:30,92,06:45,81,1,,,0.0,false,14.8,248.15565002314807,false
1,11,10:30,93,07:00,82,1,,,0.0,false,14.8,248.61673751736114,false
1,11,10:30,94,07:15,83,1,,,0.0,false,14.8,249.07782501157385,false
1,11,10:30,95,07:30,84,1,,,0.0,false,14.8,249.53891250578693,false
1,11,10:30,96,07:45,85,1,,,0.0,false,14.8,250.0,false
1,12,10:45,12,10:45,0,1,,Charging,-1.7763568394002505e-15,true,11.866956578947375,242.77315789473343,false
1,12,10:45,13,11:00,1,1,,Digging,4.792499999999997,false,10.668831578947376,242.77315789473343,false
1,12,10:45,14,11:15,2,1,,Traveling,4.7101,false,9.491306578947377,242.77315789473343,false
1,12,10:45,15,11:30,3,1,,Digging,4.792500000000004,false,8.293181578947376,242.77315789473343,false
1,12,10:45,16,11:45,4,1,,Digging,4.7925,false,7.095056578947376,242.77315789473343,false
1,12,10:45,17,12:00,5,1,,Charging,0.0,true,8.995056578947375,240.6678947368387,false
1,12,10:45,18,12:15,6,1,,Charging,0.0,true,10.869900000000001,238.59050590464742,false
1,12,10:45,19,12:30,7,1,,,0.0,false,10.869900000000001,238.59050590464742,false
1,12,10:45,20,12:45,8,1,,,0.0,false,10.869900000000003,239.05153265142403,false
1,12,10:45,21,13:00,9,1,,,0.0,false,10.869900000000003,239.51255939820064,false
1,12,10:45,22,13:15,10,1,,,0.0,false,10.869900000000003,239.97358614497725,false
1,12,10:45,23,13:30,11,1,,,0.0,false,10.869900000000003,240.43461289175386,false
1,12,10:45,24,13:45,12,1,,,0.0,false,10.869900000000003,240.89563963853047,false
1,12,10:45,25,14:00,13,1,,Digging,4.792499999999997,false,9.671775000000004,241.35666638530708,false
1,12,10:45,26,14:15,14,1,,Digging,4.7925,false,8.473650000000003,241.8176931320837,false
1,12,10:45,27,14:30,15,1,,Traveling,4.710100000000001,false,7.296125000000003,242.2787198788603,false
1,12,10:45,28,14:45,16,1,,Loading/Swinging,3.1586,false,6.506475000000003,242.7397466256369,false
1,12,10:45,29,15:00,17,1,,Idle,0.0,false,6.506475000000003,243.20077337241352,false
1,12,10:45,30,15:15,18,1,,Loading/Swinging,3.1586,false,5.716825000000003,243.66180011919013,false
1,12,10:45,31,15:30,19,1,,Loading/Swinging,3.1586,false,4.927175000000003,244.12282686596674,false
1,12,10:45,32,15:45,20,1,,Loading/Swinging,3.1586,false,4.137525000000003,244.58385361274335,false
1,12,10:45,33,16:00,21,1,,Traveling,4.710100000000011,false,2.96,244.58385361274335,false
1,12,10:45,34,16:15,22,1,,Charging,1.7763568394002505e-15,true,4.859999999999999,242.47859045484861,false
1,12,10:45,35,16:30,23,1,,Loading/Swinging,3.1586,false,4.0703499999999995,242.47859045484861,false
1,12,10:45,36,16:45,24,1,,Loading/Swinging,3.1586,false,3.2806999999999995,242.47859045484861,false
1,12,10:45,37,17:00,25,1,,Charging,0.0,true,5.180700000000016,240.37332729695387,true
1,12,10:45,38,17:15,26,1,,Charging,0.0,true,7.080700000000016,238.26806413905913,true
1,12,10:45,39,17:30,27,1,,Charging,0.0,true,8.980700000000017,236.1628009811644,true
1,12,10:45,40,17:45,28,1,,Charging,0.0,true,10.880700000000017,234.05753782326966,true
1,12,10:45,41,18:00,29,1,,Charging,0.0,true,12.780700000000017,231.95227466537492,true
1,12,10:45,42,18:15,30,1,,Charging,0.0,true,12.9,231.82008629972398,true
1,12,10:45,43,18:30,31,1,,Charging,0.0,true,14.799999999999999,229.71482314182924,false
1,12,10:45,44,18:45,32,1,,,0.0,false,14.799999999999999,229.71482314182924,true
1,12,10:45,45,19:00,33,1,,,0.0,false,14.799999999999999,229.71482314182924,true
1,12,10:45,46,19:15,34,1,,,0.0,false,14.799999999999999,229.71482314182924,true
1,12,10:45,47,19:30,35,1,,,0.0,false,14.799999999999999,229.71482314182924,true
1,12,10:45,48,19:45,36,1,,,0.0,false,14.799999999999999,229.71482314182924,true
1,12,10:45,49,20:00,37,1,,,0.0,false,14.799999999999999,229.71482314182924,true
1,12,10:45,50,20:15,38,1,,,0.0,false,14.799999999999999,229.71482314182924,false
1,12,10:45,51,20:30,39,1,,,0.0,false,14.799999999999999,229.71482314182924,false
1,12,10:45,52,20:45,40,1,,,0.0,false,14.8,229.71482314182924,false
1,12,10:45,53,21:00,41,1,,,0.0,false,14.8,230.17584988860585,false
1,12,10:45,54,21:15,42,1,,,0.0,false,14.8,230.63687663538246,false
1,12,10:45,55,21:30,43,1,,,0.0,false,14.8,231.09790338215907,false
1,12,10:45,56,21:45,44,1,,,0.0,false,14.8,231.55893012893569,false
1,12,10:45,57,22:00,45,1,,,0.0,false,14.8,232.0199568757123,false
1,12,10:45,58,22:15,46,1,,,0.0,false,14.8,232.4809836224889,false
1,12,10:45,59,22:30,47,1,,,0.0,false,14.8,232.94201036926552,false
1,12,10:45,60,22:45,48,1,,,0.0,false,14.8,233.40303711604213,false
1,12,10:45,61,23:00,49,1,,,0.0,false,14.8,233.86406386281874,false
1,12,10:45,62,23:15,50,1,,,0.0,false,14.8,234.32509060959535,false
1,12,10:45,63,23:30,51,1,,,0.0,false,14.8,234.78611735637196,false
1,12,10:45,64,23:45,52,1,,,0.0,false,14.8,235.24714410314857,false
1,12,10:45,65,00:00,53,1,,,0.0,false,14.8,235.70817084992518,false
1,12,10:45,66,00:15,54,1,,,0.0,false,14.8,236.1691975967018,false
1,12,10:45,67,00:30,55,1,,,0.0,false,14.8,236.6302243434784,false
1,12,10:45,68,00:45,56,1,,,0.0,false,14.8,237.091251090255,false
1,12,10:45,69,01:00,57,1,,,0.0,false,14.8,237.55227783703162,false
1,12,10:45,70,01:15,58,1,,,0.0,false,14.8,238.01330458380824,false
1,12,10:45,71,01:30,59,1,,,0.0,false,14.8,238.47433133058485,false
1,12,10:45,72,01:45,60,1,,,0.0,false,14.8,238.93535807736146,false
1,12,10:45,73,02:00,61,1,,,0.0,false,14.8,239.39638482413807,false
1,12,10:45,74,02:15,62,1,,,0.0,false,14.8,239.85741157091468,false
1,12,10:45,75,02:30,63,1,,,0.0,false,14.8,240.3184383176913,false
1,12,10:45,76,02:45,64,1,,,0.0,false,14.8,240.7794650644679,false
1,12,10:45,77,03:00,65,1,,,0.0,false,14.8,241.2404918112445,false
1,12,10:45,78,03:15,66,1,,,0.0,false,14.8,241.70151855802112,false
1,12,10:45,79,03:30,67,1,,,0.0,false,14.8,242.16254530479773,false
1,12,10:45,80,03:45,68,1,,,0.0,false,14.8,242.62357205157434,false
1,12,10:45,81,04:00,69,1,,,0.0,false,14.8,243.08459879835095,false
1,12,10:45,82,04:15,70,1,,,0.0,false,14.8,243.54562554512756,false
1,12,10:45,83,04:30,71,1,,,0.0,false,14.8,244.00665229190417,false
1,12,10:45,84,04:45,72,1,,,0.0,false,14.8,244.46767903868079,false
1,12,10:45,85,05:00,73,1,,,0.0,false,14.8,244.9287057854574,false
1,12,10:45,86,05:15,74,1,,,0.0,false,14.8,245.389732532234,false
1,12,10:45,87,05:30,75,1,,,0.0,false,14.8,245.85075927901062,false
1,12,10:45,88,05:45,76,1,,,0.0,false,14.8,246.31178602578723,false
1,12,10:45,89,06:00,77,1,,,0.0,false,14.8,246.77281277256384,false
1,12,10:45,90,06:15,78,1,,,0.0,false,14.8,247.23383951934045,false
1,12,10:45,91,06:30,79,1,,,0.0,false,14.8,247.69486626611706,false
1,12,10:45,92,06:45,80,1,,,0.0,false,14.8,248.15589301289367,false
1,12,10:45,93,07:00,81,1,,,0.0,false,14.8,248.61691975967028,false
1,12,10:45,94,07:15,82,1,,,0.0,false,14.8,249.0779465064469,false
1,12,10:45,95,07:30,83,1,,,0.0,false,14.8,249.53897325322336,false
1,12,10:45,96,07:45,84,1,,,0.0,false,14.8,250.0,false
1,13,11:00,13,11:00,0,1,,Digging,4.792500000000004,false,10.768831578947374,242.77315789473343,false
1,13,11:00,14,11:15,1,1,,Traveling,4.710099999999997,false,9.591306578947375,242.77315789473343,false
1,13,11:00,15,11:30,2,1,,Digging,4.7925,false,8.393181578947376,242.77315789473343,false
1,13,11:00,16,11:45,3,1,,Digging,4.7925,false,7.1950565789473755,242.77315789473343,false
1,13,11:00,17,12:00,4,1,,Charging,0.0,true,9.095056578947375,240.6678947368387,false
1,13,11:00,18,12:15,5,1,,Charging,0.0,true,10.995056578947375,238.56263157894395,false
1,13,11:00,19,12:30,6,1,,,0.0,false,10.995056578947375,238.56263157894392,false
1,13,11:00,20,12:45,7,1,,,0.0,false,10.995056578947375,239.02171440775388,false
1,13,11:00,21,13:00,8,1,,,0.0,false,10.995056578947375,239.48079723656383,false
1,13,11:00,22,13:15,9,1,,,0.0,false,10.995056578947375,239.93988006537379,false
1,13,11:00,23,13:30,10,1,,,0.0,false,10.995056578947374,240.39896289418374,false
1,13,11:00,24,13:45,11,1,,,0.0,false,10.995056578947374,240.8580457229937,false
1,13,11:00,25,14:00,12,1,,Digging,4.792499999999958,false,9.796931578947385,241.31712855180362,false
1,13,11:00,26,14:15,13,1,,Digging,4.792500000000032,false,8.598806578947377,241.77621138061357,false
1,13,11:00,27,14:30,14,1,,Traveling,4.7101,false,7.421281578947377,242.23529420942353,false
1,13,11:00,28,14:45,15,1,,Loading/Swinging,3.1586000000000034,false,6.631631578947376,242.69437703823348,false
1,13,11:00,29,15:00,16,1,,Idle,0.0,false,6.631631578947376,243.15345986704344,false
1,13,11:00,30,15:15,17,1,,Loading/Swinging,3.158599999999936,false,5.841981578947392,243.61254269585336,false
1,13,11:00,31,15:30,18,1,,Loading/Swinging,3.1586000000000425,false,5.052331578947381,244.07162552466332,false
1,13,11:00,32,15:45,19,1,,Loading/Swinging,3.158599999999989,false,4.262681578947384,244.53070835347327,false
1,13,11:00,33,16:00,20,1,,Traveling,4.710100000000043,false,3.085156578947371,244.53070835347327,false
1,13,11:00,34,16:15,21,1,,Charging,0.0,true,4.985156578947371,242.42544519557853,false
1,13,11:00,35,16:30,22,1,,Loading/Swinging,3.1586000000000354,false,4.195506578947362,242.42544519557853,false
1,13,11:00,36,16:45,23,1,,Loading/Swinging,3.1586,false,3.4058565789473625,242.42544519557853,false
1,13,11:00,37,17:00,24,1,,Charging,0.0,true,5.305856578947362,240.3201820376838,false
1,13,11:00,38,17:15,25,1,,,0.0,false,5.305856578947362,240.3201820376838,true
1,13,11:00,39,17:30,26,1,,Charging,0.0,true,7.205856578947362,238.21491887978905,false
1,13,11:00,40,17:45,27,1,,Charging,0.0,true,9.105856578947362,236.1096557218943,false
1,13,11:00,41,18:00,28,1,,Charging,0.0,true,10.999999999999998,234.01088184815177,false
1,13,11:00,42,18:15,29,1,,Charging,0.0,true,12.899999999999999,231.90561869025706,false
1,13,11:00,43,18:30,30,1,,Charging,0.0,true,14.799999999999999,229.80035553236232,false
1,13,11:00,44,18:45,31,1,,,0.0,false,14.799999999999999,229.80035553236232,false
1,13,11:00,45,19:00,32,1,,,0.0,false,14.799999999999999,229.80035553236232,false
1,13,11:00,46,19:15,33,1,,,0.0,false,14.8,229.80035553236232,false
1,13,11:00,47,19:30,34,1,,,0.0,false,14.8,229.80035553236232,false
1,13,11:00,48,19:45,35,1,,,0.0,false,14.8,229.80035553236232,false
1,13,11:00,49,20:00,36,1,,,0.0,false,14.8,229.80035553236232,false
1,13,11:00,50,20:15,37,1,,,0.0,false,14.8,229.80035553236232,false
1,13,11:00,51,20:30,38,1,,,0.0,false,14.8,229.80035553236232,false
1,13,11:00,52,20:45,39,1,,,0.0,false,14.8,229.80035553236232,false
1,13,11:00,53,21:00,40,1,,,0.0,false,14.8,230.25943836117227,false
1,13,11:00,54,21:15,41,1,,,0.0,false,14.8,230.71852118998223,false
1,13,11:00,55,21:30,42,1,,,0.0,false,14.8,231.17760401879218,false
1,13,11:00,56,21:45,43,1,,,0.0,false,14.8,231.63668684760214,false
1,13,11:00,57,22:00,44,1,,,0.0,false,14.8,232.0957696764121,false
1,13,11:00,58,22:15,45,1,,,0.0,false,14.8,232.55485250522204,false
1,13,11:00,59,22:30,46,1,,,0.0,false,14.8,233.013935334032,false
1,13,11:00,60,22:45,47,1,,,0.0,false,14.8,233.47301816284195,false
1,13,11:00,61,23:00,48,1,,,0.0,false,14.8,233.9321009916519,false
1,13,11:00,62,23:15,49,1,,,0.0,false,14.8,234.39118382046186,false
1,13,11:00,63,23:30,50,1,,,0.0,false,14.8,234.85026664927182,false
1,13,11:00,64,23:45,51,1,,,0.0,false,14.8,235.30934947808177,false
1,13,11:00,65,00:00,52,1,,,0.0,false,14.8,235.76843230689173,false
1,13,11:00,66,00:15,53,1,,,0.0,false,14.8,236.22751513570168,false
1,13,11:00,67,00:30,54,1,,,0.0,false,14.8,236.68659796451163,false
1,13,11:00,68,00:45,55,1,,,0.0,false,14.8,237.1456807933216,false
1,13,11:00,69,01:00,56,1,,,0.0,false,14.8,237.60476362213154,false
1,13,11:00,70,01:15,57,1,,,0.0,false,14.8,238.0638464509415,false
1,13,11:00,71,01:30,58,1,,,0.0,false,14.8,238.52292927975145,false
1,13,11:00,72,01:45,59,1,,,0.0,false,14.8,238.9820121085614,false
1,13,11:00,73,02:00,60,1,,,0.0,false,14.8,239.44109493737136,false
1,13,11:00,74,02:15,61,1,,,0.0,false,14.8,239.90017776618132,false
1,13,11:00,75,02:30,62,1,,,0.0,false,14.8,240.35926059499127,false
1,13,11:00,76,02:45,63,1,,,0.0,false,14.8,240.81834342380122,false
1,13,11:00,77,03:00,64,1,,,0.0,false,14.8,241.27742625261118,false
1,13,11:00,78,03:15,65,1,,,0.0,false,14.8,241.73650908142113,false
1,13,11:00,79,03:30,66,1,,,0.0,false,14.8,242.1955919102311,false
1,13,11:00,80,03:45,67,1,,,0.0,false,14.8,242.65467473904104,false
1,13,11:00,81,04:00,68,1,,,0.0,false,14.8,243.113757567851,false
1,13,11:00,82,04:15,69,1,,,0.0,false,14.8,243.57284039666095,false
1,13,11:00,83,04:30,70,1,,,0.0,false,14.8,244.0319232254709,false
1,13,11:00,84,04:45,71,1,,,0.0,false,14.8,244.49100605428086,false
1,13,11:00,85,05:00,72,1,,,0.0,false,14.8,244.9500888830908,false
1,13,11:00,86,05:15,73,1,,,0.0,false,14.8,245.40917171190077,false
1,13,11:00,87,05:30,74,1,,,0.0,false,14.8,245.86825454071072,false
1,13,11:00,88,05:45,75,1,,,0.0,false,14.8,246.32733736952068,false
1,13,11:00,89,06:00,76,1,,,0.0,false,14.8,246.78642019833063,false
1,13,11:00,90,06:15,77,1,,,0.0,false,14.8,247.2455030271406,false
1,13,11:00,91,06:30,78,1,,,0.0,false,14.8,247.70458585595054,false
1,13,11:00,92,06:45,79,1,,,0.0,false,14.8,248.1636686847605,false
1,13,11:00,93,07:00,80,1,,,0.0,false,14.8,248.62275151357045,false
1,13,11:00,94,07:15,81,1,,,0.0,false,14.8,249.08183434238006,false
1,13,11:00,95,07:30,82,1,,,0.0,false,14.8,249.54091717119002,false
1,13,11:00,96,07:45,83,1,,,0.0,false,14.8,250.0,false
1,14,11:15,14,11:15,0,1,,Traveling,4.710099999999997,false,9.454706578947375,242.77315789473343,false
1,14,11:15,15,11:30,1,1,,Loading/Swinging,3.1585999999999927,false,8.665056578947377,242.77315789473343,true
1,14,11:15,16,11:45,2,1,,Loading/Swinging,3.15860000000011,false,7.8754065789473495,242.77315789473343,true
1,14,11:15,17,12:00,3,1,,Charging,0.0,true,9.775406578947349,240.66789473683875,false
1,14,11:15,18,12:15,4,1,,Charging,0.0,true,11.675406578947346,238.562631578944,false
1,14,11:15,19,12:30,5,1,,,0.0,false,11.675406578947346,238.562631578944,false
1,14,11:15,20,12:45,6,1,,,0.0,false,11.675406578947346,239.02436979969642,false
1,14,11:15,21,13:00,7,1,,,0.0,false,11.675406578947346,239.48610802044882,false
1,14,11:15,22,13:15,8,1,,,0.0,false,11.675406578947346,239.94784624120123,false
1,14,11:15,23,13:30,9,1,,,0.0,false,11.675406578947346,240.40958446195364,false
1,14,11:15,24,13:45,10,1,,,0.0,false,11.675406578947346,240.87132268270605,false
1,14,11:15,25,14:00,11,1,,Loading/Swinging,3.15860000000081,false,10.885756578947143,241.33306090345846,true
1,14,11:15,26,14:15,12,1,,Digging,4.7925,false,9.687631578947144,241.79479912421087,false
1,14,11:15,27,14:30,13,1,,Traveling,4.710099999999642,false,8.510106578947234,242.25653734496328,false
1,14,11:15,28,14:45,14,1,,Digging,4.7925,false,7.3119815789472336,242.7182755657157,true
1,14,11:15,29,15:00,15,1,,Idle,0.0,false,7.3119815789472336,243.1800137864681,false
1,14,11:15,30,15:15,16,1,,Digging,4.7925,false,6.113856578938564,243.6417520072205,true
1,14,11:15,31,15:30,17,1,,Loading/Swinging,3.1585999999888053,false,5.324206578941363,244.1034902279729,false
1,14,11:15,32,15:45,18,1,,Loading/Swinging,3.158599999992162,false,4.534556578943333,244.56522844872532,false
1,14,11:15,33,16:00,19,1,,Traveling,4.710099999985087,false,3.3570315789472094,244.56522844872515,false
1,14,11:15,34,16:15,20,1,,Charging,-2.3383961433864897e-11,true,5.25703157895309,242.45996529083035,false
1,14,11:15,35,16:30,21,1,,Loading/Swinging,3.1586,false,4.46738157895309,242.45996529083035,false
1,14,11:15,36,16:45,22,1,,Digging,4.792500000020898,false,3.2692565789475676,242.4599652908307,true
1,14,11:15,37,17:00,23,1,,,0.0,false,3.269256578947543,242.45996529083072,true
1,14,11:15,38,17:15,24,1,,,0.0,false,3.2692565789475476,242.45996529083072,false
1,14,11:15,39,17:30,25,1,,,0.0,false,3.2692565789475556,242.45996529083072,true
1,14,11:15,40,17:45,26,1,,,0.0,false,3.269256578947552,242.45996529083072,true
1,14,11:15,41,18:00,27,1,,,0.0,false,3.269256578947555,242.45996529083072,true
1,14,11:15,42,18:15,28,1,,,0.0,false,3.269256578947555,242.45996529083072,true
1,14,11:15,43,18:30,29,1,,Charging,0.0,true,5.169256578947968,240.3547021329355,false
1,14,11:15,44,18:45,30,1,,Charging,0.0,true,7.069256578947961,238.24943897504076,true
1,14,11:15,45,19:00,31,1,,Charging,0.0,true,8.969256578947958,236.14417581714602,true
1,14,11:15,46,19:15,32,1,,Charging,0.0,true,10.869256578947947,234.03891265925128,true
1,14,11:15,47,19:30,33,1,,Charging,0.0,true,12.769256578947948,231.93364950135654,true
1,14,11:15,48,19:45,34,1,,Charging,0.0,true,14.669256578947966,229.82838634346177,true
1,14,11:15,49,20:00,35,1,,Charging,0.0,true,14.800000000000413,229.68351828689396,true
1,14,11:15,50,20:15,36,1,,,0.0,false,14.800000000000413,229.68351828689396,false
1,14,11:15,51,20:30,37,1,,,0.0,false,14.800000000000413,229.68351828689396,false
1,14,11:15,52,20:45,38,1,,,0.0,false,14.800000000000413,229.68351828689396,false
1,14,11:15,53,21:00,39,1,,,0.0,false,14.800000000000413,230.14525650764642,false
1,14,11:15,54,21:15,40,1,,,0.0,false,14.8,230.60699472839883,false
1,14,11:15,55,21:30,41,1,,,0.0,false,14.8,231.06873294915124,false
1,14,11:15,56,21:45,42,1,,,0.0,false,14.8,231.53047116990365,false
1,14,11:15,57,22:00,43,1,,,0.0,false,14.8,231.99220939065606,false
1,14,11:15,58,22:15,44,1,,,0.0,false,14.8,232.45394761140847,false
1,14,11:15,59,22:30,45,1,,,0.0,false,14.8,232.91568583216088,false
1,14,11:15,60,22:45,46,1,,,0.0,false,14.8,233.37742405291328,false
1,14,11:15,61,23:00,47,1,,,0.0,false,14.8,233.8391622736657,false
1,14,11:15,62,23:15,48,1,,,0.0,false,14.8,234.3009004944181,false
1,14,11:15,63,23:30,49,1,,,0.0,false,14.8,234.7626387151705,false
1,14,11:15,64,23:45,50,1,,,0.0,false,14.8,235.22437693592292,false
1,14,11:15,65,00:00,51,1,,,0.0,false,14.8,235.68611515667533,false
1,14,11:15,66,00:15,52,1,,,0.0,false,14.8,236.14785337742774,false
1,14,11:15,67,00:30,53,1,,,0.0,false,14.8,236.60959159818015,false
1,14,11:15,68,00:45,54,1,,,0.0,false,14.8,237.07132981893255,false
1,14,11:15,69,01:00,55,1,,,0.0,false,14.8,237.53306803968496,false
1,14,11:15,70,01:15,56,1,,,0.0,false,14.8,237.99480626043737,false
1,14,11:15,71,01:30,57,1,,,0.0,false,14.8,238.45654448118978,false
1,14,11:15,72,01:45,58,1,,,0.0,false,14.8,238.9182827019422,false
1,14,11:15,73,02:00,59,1,,,0.0,false,14.8,239.3800209226946,false
1,14,11:15,74,02:15,60,1,,,0.0,false,14.8,239.841759143447,false
1,14,11:15,75,02:30,61,1,,,0.0,false,14.8,240.30349736419942,false
1,14,11:15,76,02:45,62,1,,,0.0,false,14.8,240.76523558495182,false
1,14,11:15,77,03:00,63,1,,,0.0,false,14.8,241.22697380570423,false
1,14,11:15,78,03:15,64,1,,,0.0,false,14.8,241.68871202645664,false
1,14,11:15,79,03:30,65,1,,,0.0,false,14.8,242.15045024720905,false
1,14,11:15,80,03:45,66,1,,,0.0,false,14.8,242.61218846796146,false
1,14,11:15,81,04:00,67,1,,,0.0,false,14.8,243.07392668871387,false
1,14,11:15,82,04:15,68,1,,,0.0,false,14.8,243.53566490946628,false
1,14,11:15,83,04:30,69,1,,,0.0,false,14.8,243.9974031302187,false
1,14,11:15,84,04:45,70,1,,,0.0,false,14.8,244.4591413509711,false
1,14,11:15,85,05:00,71,1,,,0.0,false,14.8,244.9208795717235,false
1,14,11:15,86,05:15,72,1,,,0.0,false,14.8,245.3826177924759,false
1,14,11:15,87,05:30,73,1,,,0.0,false,14.8,245.84435601322832,false
1,14,11:15,88,05:45,74,1,,,0.0,false,14.8,246.30609423398073,false
1,14,11:15,89,06:00,75,1,,,0.0,false,14.8,246.76783245473314,false
1,14,11:15,90,06:15,76,1,,,0.0,false,14.8,247.22957067548555,false
1,14,11:15,91,06:30,77,1,,,0.0,false,14.8,247.69130889623796,false
1,14,11:15,92,06:45,78,1,,,0.0,false,14.8,248.15304711699036,false
1,14,11:15,93,07:00,79,1,,,0.0,false,14.8,248.61478533774277,false
1,14,11:15,94,07:15,80,1,,,0.0,false,14.8,249.07652355849518,false
1,14,11:15,95,07:30,81,1,,,0.0,false,14.8,249.5382617792476,false
1,14,11:15,96,07:45,82,1,,,0.0,false,14.8,250.0,false
1,15,11:30,15,11:30,0,1,,Loading/Swinging,3.1586,false,8.493681578947374,242.77315789473343,false
1,15,11:30,16,11:45,1,1,,Digging,4.7925,false,7.295556578947374,242.77315789473343,true
1,15,11:30,17,12:00,2,1,,Charging,0.0,true,9.195556578947372,240.6678947368387,false
1,15,11:30,18,12:15,3,1,,Charging,0.0,true,11.095556578947372,238.56263157894395,false
1,15,11:30,19,12:30,4,1,,,0.0,false,11.095556578947372,238.56263157894395,false
1,15,11:30,20,12:45,5,1,,,0.0,false,11.095556578947372,239.02770118911172,false
1,15,11:30,21,13:00,6,1,,,0.0,false,11.095556578947372,239.4927707992795,false
1,15,11:30,22,13:15,7,1,,,0.0,false,11.095556578947372,239.95784040944727,false
1,15,11:30,23,13:30,8,1,,,0.0,false,11.095556578947376,240.42291001961505,false
1,15,11:30,24,13:45,9,1,,,0.0,false,11.095556578947376,240.88797962978282,false
1,15,11:30,25,14:00,10,1,,Digging,4.7925,false,9.897431578947376,241.3530492399506,true
1,15,11:30,26,14:15,11,1,,Digging,4.792500000000018,false,8.699306578947372,241.81811885011837,false
1,15,11:30,27,14:30,12,1,,Traveling,4.7101,false,7.521781578947372,242.28318846028614,false
1,15,11:30,28,14:45,13,1,,Loading/Swinging,3.1585999999999963,false,6.732131578947373,242.74825807045391,true
1,15,11:30,29,15:00,14,1,,Idle,0.0,false,6.732131578947373,243.2133276806217,false
1,15,11:30,30,15:15,15,1,,Loading/Swinging,3.158600000000011,false,5.942481578947377,243.67839729078946,true
1,15,11:30,31,15:30,16,1,,Loading/Swinging,3.158599999999999,false,5.152831578947377,244.14346690095724,false
1,15,11:30,32,15:45,17,1,,Loading/Swinging,3.1586,false,4.363181578947377,244.608536511125,false
1,15,11:30,33,16:00,18,1,,Traveling,4.7101,false,3.1856565789473774,244.608536511125,false
1,15,11:30,34,16:15,19,1,,Charging,0.0,true,5.085656578947364,242.5032733532303,false
1,15,11:30,35,16:30,20,1,,Digging,4.7924999999999365,false,3.88753157894738,242.5032733532303,true
1,15,11:30,36,16:45,21,1,,Loading/Swinging,3.1586,false,3.0978815789473644,242.5032733532303,true
1,15,11:30,37,17:00,22,1,,Charging,0.0,true,4.997881578947364,240.39801019533556,true
1,15,11:30,38,17:15,23,1,,Charging,0.0,true,5.300000000000006,240.06325294209162,true
1,15,11:30,39,17:30,24,1,,Charging,0.0,true,7.200000000000006,237.95798978419688,true
1,15,11:30,40,17:45,25,1,,Charging,0.0,true,9.100000000000005,235.85272662630214,true
1,15,11:30,41,18:00,26,1,,Charging,0.0,true,11.000000000000004,233.7474634684074,true
1,15,11:30,42,18:15,27,1,,Charging,0.0,true,12.900000000000004,231.64220031051266,true
1,15,11:30,43,18:30,28,1,,Charging,0.0,true,14.799999999999981,229.53693715261795,false
1,15,11:30,44,18:45,29,1,,,0.0,false,14.799999999999981,229.53693715261795,true
1,15,11:30,45,19:00,30,1,,,0.0,false,14.799999999999981,229.53693715261795,true
1,15,11:30,46,19:15,31,1,,,0.0,false,14.79999999999998,229.53693715261795,true
1,15,11:30,47,19:30,32,1,,,0.0,false,14.79999999999998,229.53693715261795,true
1,15,11:30,48,19:45,33,1,,,0.0,false,14.79999999999998,229.53693715261795,true
1,15,11:30,49,20:00,34,1,,,0.0,false,14.79999999999998,229.53693715261795,true
1,15,11:30,50,20:15,35,1,,,0.0,false,14.79999999999998,229.53693715261795,false
1,15,11:30,51,20:30,36,1,,,0.0,false,14.799999999999976,229.53693715261795,false
1,15,11:30,52,20:45,37,1,,,0.0,false,14.799999999999976,229.53693715261795,false
1,15,11:30,53,21:00,38,1,,,0.0,false,14.799999999999976,230.00200676278573,false
1,15,11:30,54,21:15,39,1,,,0.0,false,14.799999999999976,230.4670763729535,false
1,15,11:30,55,21:30,40,1,,,0.0,false,14.79999999999998,230.93214598312127,false
1,15,11:30,56,21:45,41,1,,,0.0,false,14.79999999999998,231.39721559328905,false
1,15,11:30,57,22:00,42,1,,,0.0,false,14.79999999999998,231.86228520345682,false
1,15,11:30,58,22:15,43,1,,,0.0,false,14.79999999999998,232.3273548136246,false
1,15,11:30,59,22:30,44,1,,,0.0,false,14.79999999999998,232.79242442379237,false
1,15,11:30,60,22:45,45,1,,,0.0,false,14.79999999999998,233.25749403396014,false
1,15,11:30,61,23:00,46,1,,,0.0,false,14.79999999999998,233.72256364412792,false
1,15,11:30,62,23:15,47,1,,,0.0,false,14.79999999999998,234.1876332542957,false
1,15,11:30,63,23:30,48,1,,,0.0,false,14.79999999999998,234.65270286446346,false
1,15,11:30,64,23:45,49,1,,,0.0,false,14.79999999999998,235.11777247463124,false
1,15,11:30,65,00:00,50,1,,,0.0,false,14.79999999999998,235.582842084799,false
1,15,11:30,66,00:15,51,1,,,0.0,false,14.79999999999998,236.04791169496679,false
1,15,11:30,67,00:30,52,1,,,0.0,false,14.79999999999998,236.51298130513456,false
1,15,11:30,68,00:45,53,1,,,0.0,false,14.79999999999998,236.97805091530233,false
1,15,11:30,69,01:00,54,1,,,0.0,false,14.79999999999998,237.4431205254701,false
1,15,11:30,70,01:15,55,1,,,0.0,false,14.79999999999998,237.90819013563788,false
1,15,11:30,71,01:30,56,1,,,0.0,false,14.79999999999998,238.37325974580565,false
1,15,11:30,72,01:45,57,1,,,0.0,false,14.79999999999998,238.83832935597343,false
1,15,11:30,73,02:00,58,1,,,0.0,false,14.8,239.3033989661412,false
1,15,11:30,74,02:15,59,1,,,0.0,false,14.8,239.76846857630898,false
1,15,11:30,75,02:30,60,1,,,0.0,false,14.8,240.23353818647675,false
1,15,11:30,76,02:45,61,1,,,0.0,false,14.8,240.69860779664452,false
1,15,11:30,77,03:00,62,1,,,0.0,false,14.8,241.1636774068123,false
1,15,11:30,78,03:15,63,1,,,0.0,false,14.8,241.62874701698007,false
1,15,11:30,79,03:30,64,1,,,0.0,false,14.8,242.09381662714785,false
1,15,11:30,80,03:45,65,1,,,0.0,false,14.8,242.55888623731562,false
1,15,11:30,81,04:00,66,1,,,0.0,false,14.8,243.0239558474834,false
1,15,11:30,82,04:15,67,1,,,0.0,false,14.8,243.48902545765117,false
1,15,11:30,83,04:30,68,1,,,0.0,false,14.8,243.95409506781894,false
1,15,11:30,84,04:45,69,1,,,0.0,false,14.8,244.4191646779867,false
1,15,11:30,85,05:00,70,1,,,0.0,false,14.8,244.8842342881545,false
1,15,11:30,86,05:15,71,1,,,0.0,false,14.8,245.34930389832226,false
1,15,11:30,87,05:30,72,1,,,0.0,false,14.8,245.81437350849004,false
1,15,11:30,88,05:45,73,1,,,0.0,false,14.8,246.2794431186578,false
1,15,11:30,89,06:00,74,1,,,0.0,false,14.8,246.74451272882558,false
1,15,11:30,90,06:15,75,1,,,0.0,false,14.8,247.20958233899336,false
1,15,11:30,91,06:30,76,1,,,0.0,false,14.8,247.67465194916113,false
1,15,11:30,92,06:45,77,1,,,0.0,false,14.8,248.1397215593289,false
1,15,11:30,93,07:00,78,1,,,0.0,false,14.8,248.60479116949668,false
1,15,11:30,94,07:15,79,1,,,0.0,false,14.8,249.06986077966445,false
1,15,11:30,95,07:30,80,1,,,0.0,false,14.8,249.53493038983223,false
1,15,11:30,96,07:45,81,1,,,0.0,false,14.8,250.0,false
1,16,11:45,16,11:45,0,1,,Loading/Swinging,3.1586,false,7.642831578947375,242.77315789473343,true
1,16,11:45,17,12:00,1,1,,Charging,0.0,true,9.542831578947375,240.6678947368387,false
1,16,11:45,18,12:15,2,1,,Charging,0.0,true,11.442831578947375,238.56263157894395,false
1,16,11:45,19,12:30,3,1,,,0.0,false,11.442831578947375,238.56263157894398,false
1,16,11:45,20,12:45,4,1,,,0.0,false,11.442831578947375,239.02889086690735,false
1,16,11:45,21,13:00,5,1,,,0.0,false,11.442831578947375,239.49515015487071,false
1,16,11:45,22,13:15,6,1,,,0.0,false,11.442831578947375,239.96140944283408,false
1,16,11:45,23,13:30,7,1,,,0.0,false,11.442831578947375,240.42766873079745,false
1,16,11:45,24,13:45,8,1,,,0.0,false,11.442831578947375,240.89392801876082,false
1,16,11:45,25,14:00,9,1,,Digging,4.792499999999997,false,10.244706578947376,241.36018730672419,false
1,16,11:45,26,14:15,10,1,,Digging,4.7925,false,9.046581578947375,241.82644659468755,false
1,16,11:45,27,14:30,11,1,,Traveling,4.710100000000001,false,7.869056578947375,242.29270588265092,false
1,16,11:45,28,14:45,12,1,,Digging,4.7925,false,6.670931578947375,242.7589651706143,true
1,16,11:45,29,15:00,13,1,,Idle,0.0,false,6.670931578947375,243.22522445857766,false
1,16,11:45,30,15:15,14,1,,Loading/Swinging,3.1586,false,5.881281578947375,243.69148374654102,false
1,16,11:45,31,15:30,15,1,,Loading/Swinging,3.1586,false,5.091631578947375,244.1577430345044,false
1,16,11:45,32,15:45,16,1,,Loading/Swinging,3.1586,false,4.301981578947375,244.62400232246776,false
1,16,11:45,33,16:00,17,1,,Traveling,4.7101,false,3.1244565789473753,244.62400232246776,false
1,16,11:45,34,16:15,18,1,,Charging,0.0,true,5.024456578947375,242.51873916457302,false
1,16,11:45,35,16:30,19,1,,Loading/Swinging,3.1586,false,4.234806578947375,242.51873916457302,true
1,16,11:45,36,16:45,20,1,,Digging,4.792500000000112,false,3.036681578947347,242.51873916457302,true
1,16,11:45,37,17:00,21,1,,,0.0,false,3.036681578947347,242.51873916457302,true
1,16,11:45,38,17:15,22,1,,,0.0,false,3.036681578947347,242.51873916457302,true
1,16,11:45,39,17:30,23,1,,,0.0,false,3.036681578947347,242.51873916457302,true
1,16,11:45,40,17:45,24,1,,,0.0,false,3.036681578947347,242.51873916457302,true
1,16,11:45,41,18:00,25,1,,,0.0,false,3.036681578947347,242.51873916457302,true
1,16,11:45,42,18:15,26,1,,,0.0,false,3.036681578947347,242.51873916457302,true
1,16,11:45,43,18:30,27,1,,Charging,0.0,true,4.936681578947347,240.41347600667828,false
1,16,11:45,44,18:45,28,1,,Charging,0.0,true,6.8366815789473465,238.30821284878354,true
1,16,11:45,45,19:00,29,1,,Charging,0.0,true,8.736681578947346,236.2029496908888,true
1,16,11:45,46,19:15,30,1,,Charging,0.0,true,10.636681578947346,234.09768653299406,true
1,16,11:45,47,19:30,31,1,,Charging,0.0,true,12.536681578947347,231.99242337509932,true
1,16,11:45,48,19:45,32,1,,Charging,0.0,true,12.899999999999999,231.58985448750636,true
1,16,11:45,49,20:00,33,1,,Charging,0.0,true,14.799999999999999,229.48459132961162,true
1,16,11:45,50,20:15,34,1,,,0.0,false,14.799999999999999,229.48459132961162,false
1,16,11:45,51,20:30,35,1,,,0.0,false,14.799999999999999,229.4845913296117,false
1,16,11:45,52,20:45,36,1,,,0.0,false,14.799999999999999,229.4845913296117,false
1,16,11:45,53,21:00,37,1,,,0.0,false,14.799999999999999,229.9508506175751,false
1,16,11:45,54,21:15,38,1,,,0.0,false,14.799999999999999,230.41710990553847,false
1,16,11:45,55,21:30,39,1,,,0.0,false,14.799999999999999,230.88336919350184,false
1,16,11:45,56,21:45,40,1,,,0.0,false,14.8,231.3496284814652,false
1,16,11:45,57,22:00,41,1,,,0.0,false,14.8,231.81588776942857,false
1,16,11:45,58,22:15,42,1,,,0.0,false,14.8,232.28214705739194,false
1,16,11:45,59,22:30,43,1,,,0.0,false,14.8,232.7484063453553,false
1,16,11:45,60,22:45,44,1,,,0.0,false,14.8,233.21466563331867,false
1,16,11:45,61,23:00,45,1,,,0.0,false,14.8,233.68092492128204,false
1,16,11:45,62,23:15,46,1,,,0.0,false,14.8,234.14718420924544,false
1,16,11:45,63,23:30,47,1,,,0.0,false,14.8,234.6134434972088,false
1,16,11:45,64,23:45,48,1,,,0.0,false,14.8,235.07970278517217,false
1,16,11:45,65,00:00,49,1,,,0.0,false,14.8,235.54596207313554,false
1,16,11:45,66,00:15,50,1,,,0.0,false,14.8,236.0122213610989,false
1,16,11:45,67,00:30,51,1,,,0.0,false,14.8,236.47848064906228,false
1,16,11:45,68,00:45,52,1,,,0.0,false,14.8,236.94473993702564,false
1,16,11:45,69,01:00,53,1,,,0.0,false,14.8,237.410999224989,false
1,16,11:45,70,01:15,54,1,,,0.0,false,14.8,237.87725851295238,false
1,16,11:45,71,01:30,55,1,,,0.0,false,14.8,238.34351780091575,false
1,16,11:45,72,01:45,56,1,,,0.0,false,14.8,238.80977708887912,false
1,16,11:45,73,02:00,57,1,,,0.0,false,14.8,239.27603637684248,false
1,16,11:45,74,02:15,58,1,,,0.0,false,14.8,239.74229566480585,false
1,16,11:45,75,02:30,59,1,,,0.0,false,14.8,240.20855495276925,false
1,16,11:45,76,02:45,60,1,,,0.0,false,14.8,240.67481424073262,false
1,16,11:45,77,03:00,61,1,,,0.0,false,14.8,241.14107352869598,false
1,16,11:45,78,03:15,62,1,,,0.0,false,14.8,241.60733281665935,false
1,16,11:45,79,03:30,63,1,,,0.0,false,14.8,242.07359210462272,false
1,16,11:45,80,03:45,64,1,,,0.0,false,14.8,242.5398513925861,false
1,16,11:45,81,04:00,65,1,,,0.0,false,14.8,243.00611068054945,false
1,16,11:45,82,04:15,66,1,,,0.0,false,14.8,243.47236996851282,false
1,16,11:45,83,04:30,67,1,,,0.0,false,14.8,243.9386292564762,false
1,16,11:45,84,04:45,68,1,,,0.0,false,14.8,244.40488854443956,false
1,16,11:45,85,05:00,69,1,,,0.0,false,14.8,244.87114783240293,false
1,16,11:45,86,05:15,70,1,,,0.0,false,14.8,245.3374071203663,false
1,16,11:45,87,05:30,71,1,,,0.0,false,14.8,245.80366640832966,false
1,16,11:45,88,05:45,72,1,,,0.0,false,14.8,246.26992569629303,false
1,16,11:45,89,06:00,73,1,,,0.0,false,14.8,246.7361849842564,false
1,16,11:45,90,06:15,74,1,,,0.0,false,14.8,247.2024442722198,false
1,16,11:45,91,06:30,75,1,,,0.0,false,14.8,247.66870356018316,false
1,16,11:45,92,06:45,76,1,,,0.0,false,14.8,248.13496284814653,false
1,16,11:45,93,07:00,77,1,,,0.0,false,14.8,248.6012221361099,false
1,16,11:45,94,07:15,78,1,,,0.0,false,14.8,249.06748142407324,false
1,16,11:45,95,07:30,79,1,,,0.0,false,14.8,249.5337407120366,false
1,16,11:45,96,07:45,80,1,,,0.0,false,14.8,250.0,false
1,17,12:00,17,12:00,0,1,,Charging,0.0,true,9.687581578947375,240.6678947368387,false
1,17,12:00,18,12:15,1,1,,Charging,0.0,true,11.587581578947376,238.56263157894395,false
1,17,12:00,19,12:30,2,1,,,0.0,false,11.587581578947376,238.56263157894395,false
1,17,12:00,20,12:45,3,1,,,0.0,false,11.587581578947376,239.02607704565057,false
1,17,12:00,21,13:00,4,1,,,0.0,false,11.587581578947376,239.4895225123572,false
1,17,12:00,22,13:15,5,1,,,0.0,false,11.587581578947376,239.95296797906386,false
1,17,12:00,23,13:30,6,1,,,0.0,false,11.587581578947376,240.4164134457705,false
1,17,12:00,24,13:45,7,1,,,0.0,false,11.587581578947376,240.87985891247712,false
1,17,12:00,25,14:00,8,1,,Digging,4.792499999983509,false,10.3894565789515,241.34330437918376,false
1,17,12:00,26,14:15,9,1,,Loading/Swinging,3.158600000000007,false,9.599806578951497,241.8067498458904,true
1,17,12:00,27,14:30,10,1,,Traveling,4.7101,false,8.422281578951498,242.27019531259705,false
1,17,12:00,28,14:45,11,1,,Digging,4.7925,false,7.224156578951498,242.7336407793037,false
1,17,12:00,29,15:00,12,1,,Idle,0.0,false,7.224156578951498,243.19708624601031,false
1,17,12:00,30,15:15,13,1,,Digging,4.7925,false,6.026031578951498,243.66053171271696,true
1,17,12:00,31,15:30,14,1,,Loading/Swinging,3.1585999999843923,false,5.2363815789554,244.12397717942355,false
1,17,12:00,32,15:45,15,1,,Loading/Swinging,3.158600000010684,false,4.446731578949842,244.5874226461302,false
1,17,12:00,33,16:00,16,1,,Traveling,4.7100999999957835,false,3.2692065789508957,244.5874226461302,false
1,17,12:00,34,16:15,17,1,,Charging,0.0,true,5.169206578951036,242.4821594882353,false
1,17,12:00,35,16:30,18,1,,Loading/Swinging,3.158600000004526,false,4.379556578949905,242.4821594882353,false
1,17,12:00,36,16:45,19,1,,Digging,4.792500000009253,false,3.1814315789471532,242.4821594882353,false
1,17,12:00,37,17:00,20,1,,,0.0,false,3.181431578947316,242.48215948823514,false
1,17,12:00,38,17:15,21,1,,,0.0,false,3.1814315789474583,242.48215948823497,false
1,17,12:00,39,17:30,22,1,,,0.0,false,3.181431578947347,242.48215948823508,false
1,17,12:00,40,17:45,23,1,,,0.0,false,3.1814315789470395,242.48215948823542,false
1,17,12:00,41,18:00,24,1,,,0.0,false,3.1814315789447374,242.48215948823798,false
1,17,12:00,42,18:15,25,1,,,0.0,false,3.181431578942892,242.48215948824003,false
1,17,12:00,43,18:30,26,1,,Charging,0.0,true,5.081431578942654,240.37689633033543,false
1,17,12:00,44,18:45,27,1,,Charging,0.0,true,6.981431578942194,238.2716331724412,false
1,17,12:00,45,19:00,28,1,,Charging,0.0,true,8.881431578941417,236.16637001454646,false
1,17,12:00,46,19:15,29,1,,Charging,0.0,true,10.781431578941387,234.06110685665172,false
1,17,12:00,47,19:30,30,1,,Charging,0.0,true,12.681431578941373,231.95584369875735,false
1,17,12:00,48,19:45,31,1,,Charging,0.0,true,14.581431578942075,229.85058054086275,false
1,17,12:00,49,20:00,32,1,,Charging,0.0,true,14.799999999991403,229.60839946490782,false
1,17,12:00,50,20:15,33,1,,,0.0,false,14.799999999991403,229.60839946490782,false
1,17,12:00,51,20:30,34,1,,,0.0,false,14.799999999991403,229.60839946490805,false
1,17,12:00,52,20:45,35,1,,,0.0,false,14.799999999991403,229.60839946490805,false
1,17,12:00,53,21:00,36,1,,,0.0,false,14.799999999991403,230.0718449316147,false
1,17,12:00,54,21:15,37,1,,,0.0,false,14.799999999991403,230.53529039832134,false
1,17,12:00,55,21:30,38,1,,,0.0,false,14.799999999991403,230.99873586502798,false
1,17,12:00,56,21:45,39,1,,,0.0,false,14.799999999991403,231.46218133173463,false
1,17,12:00,57,22:00,40,1,,,0.0,false,14.799999999991403,231.92562679844127,false
1,17,12:00,58,22:15,41,1,,,0.0,false,14.799999999991403,232.38907226514792,false
1,17,12:00,59,22:30,42,1,,,0.0,false,14.799999999991403,232.85251773185456,false
1,17,12:00,60,22:45,43,1,,,0.0,false,14.799999999991403,233.3159631985612,false
1,17,12:00,61,23:00,44,1,,,0.0,false,14.799999999991403,233.77940866526785,false
1,17,12:00,62,23:15,45,1,,,0.0,false,14.799999999991403,234.2428541319745,false
1,17,12:00,63,23:30,46,1,,,0.0,false,14.799999999991403,234.70629959868114,false
1,17,12:00,64,23:45,47,1,,,0.0,false,14.799999999991403,235.1697450653878,false
1,17,12:00,65,00:00,48,1,,,0.0,false,14.799999999991403,235.63319053209443,false
1,17,12:00,66,00:15,49,1,,,0.0,false,14.8,236.09663599880108,false
1,17,12:00,67,00:30,50,1,,,0.0,false,14.8,236.56008146550772,false
1,17,12:00,68,00:45,51,1,,,0.0,false,14.8,237.02352693221437,false
1,17,12:00,69,01:00,52,1,,,0.0,false,14.8,237.486972398921,false
1,17,12:00,70,01:15,53,1,,,0.0,false,14.8,237.95041786562766,false
1,17,12:00,71,01:30,54,1,,,0.0,false,14.8,238.4138633323343,false
1,17,12:00,72,01:45,55,1,,,0.0,false,14.8,238.87730879904095,false
1,17,12:00,73,02:00,56,1,,,0.0,false,14.8,239.3407542657476,false
1,17,12:00,74,02:15,57,1,,,0.0,false,14.8,239.80419973245424,false
1,17,12:00,75,02:30,58,1,,,0.0,false,14.8,240.26764519916088,false
1,17,12:00,76,02:45,59,1,,,0.0,false,14.8,240.73109066586753,false
1,17,12:00,77,03:00,60,1,,,0.0,false,14.8,241.19453613257417,false
1,17,12:00,78,03:15,61,1,,,0.0,false,14.8,241.65798159928082,false
1,17,12:00,79,03:30,62,1,,,0.0,false,14.8,242.12142706598746,false
1,17,12:00,80,03:45,63,1,,,0.0,false,14.8,242.5848725326941,false
1,17,12:00,81,04:00,64,1,,,0.0,false,14.8,243.04831799940075,false
1,17,12:00,82,04:15,65,1,,,0.0,false,14.8,243.5117634661074,false
1,17,12:00,83,04:30,66,1,,,0.0,false,14.8,243.97520893281404,false
1,17,12:00,84,04:45,67,1,,,0.0,false,14.8,244.4386543995207,false
1,17,12:00,85,05:00,68,1,,,0.0,false,14.8,244.90209986622733,false
1,17,12:00,86,05:15,69,1,,,0.0,false,14.8,245.36554533293398,false
1,17,12:00,87,05:30,70,1,,,0.0,false,14.8,245.82899079964062,false
1,17,12:00,88,05:45,71,1,,,0.0,false,14.8,246.29243626634727,false
1,17,12:00,89,06:00,72,1,,,0.0,false,14.8,246.7558817330539,false
1,17,12:00,90,06:15,73,1,,,0.0,false,14.8,247.21932719976056,false
1,17,12:00,91,06:30,74,1,,,0.0,false,14.8,247.6827726664672,false
1,17,12:00,92,06:45,75,1,,,0.0,false,14.8,248.14621813317385,false
1,17,12:00,93,07:00,76,1,,,0.0,false,14.8,248.6096635998805,false
1,17,12:00,94,07:15,77,1,,,0.0,false,14.8,249.07310906658714,false
1,17,12:00,95,07:30,78,1,,,0.0,false,14.8,249.53655453329336,false
1,17,12:00,96,07:45,79,1,,,0.0,false,14.8,250.0,false
1,18,12:15,18,12:15,0,1,,Charging,0.0,true,11.687581578947377,238.56263157894395,false
1,18,12:15,19,12:30,1,1,,,0.0,false,11.687581578947377,238.56263157894395,false
1,18,12:15,20,12:45,2,1,,,0.0,false,11.687581578947377,239.0241331276839,false
1,18,12:15,21,13:00,3,1,,,0.0,false,11.687581578947377,239.48563467642387,false
1,18,12:15,22,13:15,4,1,,,0.0,false,11.687581578947377,239.94713622516386,false
1,18,12:15,23,13:30,5,1,,,0.0,false,11.687581578947377,240.40863777390382,false
1,18,12:15,24,13:45,6,1,,,0.0,false,11.687581578947377,240.87013932264378,false
1,18,12:15,25,14:00,7,1,,Digging,4.792500000000004,false,10.489456578947376,241.33164087138374,false
1,18,12:15,26,14:15,8,1,,Digging,4.792499999999997,false,9.291331578947377,241.7931424201237,true
1,18,12:15,27,14:30,9,1,,Traveling,4.710100000000004,false,8.113806578947376,242.25464396886366,false
1,18,12:15,28,14:45,10,1,,Loading/Swinging,3.1586,false,7.324156578947377,242.71614551760362,true
1,18,12:15,29,15:00,11,1,,Idle,-3.552713678800501e-15,false,7.3241565789473775,243.1776470663436,false
1,18,12:15,30,15:15,12,1,,Digging,4.792500000000004,false,6.1260315789473765,243.63914861508357,false
1,18,12:15,31,15:30,13,1,,Digging,4.7925,false,4.927906578947376,244.10065016382353,true
1,18,12:15,32,15:45,14,1,,Loading/Swinging,3.1586,false,4.138256578947376,244.5621517125635,false
1,18,12:15,33,16:00,15,1,,Traveling,4.710100000000001,false,2.9607315789473763,244.5621517125635,false
1,18,12:15,34,16:15,16,1,,Charging,0.0,true,4.860731578947377,242.45688855466875,false
1,18,12:15,35,16:30,17,1,,Loading/Swinging,3.1586,false,4.071081578947377,242.45688855466875,false
1,18,12:15,36,16:45,18,1,,Loading/Swinging,3.1586000000000016,false,3.2814315789473762,242.45688855466875,true
1,18,12:15,37,17:00,19,1,,Charging,0.0,true,3.4,242.3255108028099,true
1,18,12:15,38,17:15,20,1,,Charging,0.0,true,5.299999999999999,240.22024764491516,true
1,18,12:15,39,17:30,21,1,,Charging,0.0,true,7.199999999999999,238.11498448702042,true
1,18,12:15,40,17:45,22,1,,Charging,0.0,true,9.1,236.0097213291257,true
1,18,12:15,41,18:00,23,1,,Charging,0.0,true,11.0,233.90445817123097,true
1,18,12:15,42,18:15,24,1,,Charging,0.0,true,12.9,231.79919501333623,true
1,18,12:15,43,18:30,25,1,,Charging,0.0,true,14.8,229.6939318554415,false
1,18,12:15,44,18:45,26,1,,,0.0,false,14.8,229.6939318554415,true
1,18,12:15,45,19:00,27,1,,,0.0,false,14.8,229.6939318554415,true
1,18,12:15,46,19:15,28,1,,,0.0,false,14.8,229.6939318554415,true
1,18,12:15,47,19:30,29,1,,,0.0,false,14.8,229.6939318554415,true
1,18,12:15,48,19:45,30,1,,,0.0,false,14.8,229.6939318554415,true
1,18,12:15,49,20:00,31,1,,,0.0,false,14.8,229.6939318554415,true
1,18,12:15,50,20:15,32,1,,,0.0,false,14.8,229.6939318554415,false
1,18,12:15,51,20:30,33,1,,,0.0,false,14.8,229.6939318554415,false
1,18,12:15,52,20:45,34,1,,,0.0,false,14.8,229.6939318554415,false
1,18,12:15,53,21:00,35,1,,,0.0,false,14.8,230.15543340418145,false
1,18,12:15,54,21:15,36,1,,,0.0,false,14.8,230.6169349529214,false
1,18,12:15,55,21:30,37,1,,,0.0,false,14.8,231.07843650166137,false
1,18,12:15,56,21:45,38,1,,,0.0,false,14.8,231.53993805040133,false
1,18,12:15,57,22:00,39,1,,,0.0,false,14.8,232.00143959914135,false
1,18,12:15,58,22:15,40,1,,,0.0,false,14.8,232.4629411478813,false
1,18,12:15,59,22:30,41,1,,,0.0,false,14.8,232.92444269662127,false
1,18,12:15,60,22:45,42,1,,,0.0,false,14.8,233.38594424536123,false
1,18,12:15,61,23:00,43,1,,,0.0,false,14.8,233.8474457941012,false
1,18,12:15,62,23:15,44,1,,,0.0,false,14.8,234.30894734284115,false
1,18,12:15,63,23:30,45,1,,,0.0,false,14.8,234.7704488915811,false
1,18,12:15,64,23:45,46,1,,,0.0,false,14.8,235.23195044032107,false
1,18,12:15,65,00:00,47,1,,,0.0,false,14.8,235.69345198906103,false
1,18,12:15,66,00:15,48,1,,,0.0,false,14.8,236.15495353780105,false
1,18,12:15,67,00:30,49,1,,,0.0,false,14.8,236.616455086541,false
1,18,12:15,68,00:45,50,1,,,0.0,false,14.8,237.07795663528097,false
1,18,12:15,69,01:00,51,1,,,0.0,false,14.8,237.53945818402093,false
1,18,12:15,70,01:15,52,1,,,0.0,false,14.8,238.0009597327609,false
1,18,12:15,71,01:30,53,1,,,0.0,false,14.8,238.46246128150085,false
1,18,12:15,72,01:45,54,1,,,0.0,false,14.8,238.9239628302408,false
1,18,12:15,73,02:00,55,1,,,0.0,false,14.8,239.38546437898077,false
1,18,12:15,74,02:15,56,1,,,0.0,false,14.8,239.84696592772073,false
1,18,12:15,75,02:30,57,1,,,0.0,false,14.8,240.30846747646075,false
1,18,12:15,76,02:45,58,1,,,0.0,false,14.8,240.7699690252007,false
1,18,12:15,77,03:00,59,1,,,0.0,false,14.8,241.23147057394067,false
1,18,12:15,78,03:15,60,1,,,0.0,false,14.8,241.69297212268063,false
1,18,12:15,79,03:30,61,1,,,0.0,false,14.8,242.1544736714206,false
1,18,12:15,80,03:45,62,1,,,0.0,false,14.8,242.61597522016055,false
1,18,12:15,81,04:00,63,1,,,0.0,false,14.8,243.0774767689005,false
1,18,12:15,82,04:15,64,1,,,0.0,false,14.8,243.53897831764047,false
1,18,12:15,83,04:30,65,1,,,0.0,false,14.8,244.00047986638043,false
1,18,12:15,84,04:45,66,1,,,0.0,false,14.8,244.4619814151204,false
1,18,12:15,85,05:00,67,1,,,0.0,false,14.8,244.92348296386035,false
1,18,12:15,86,05:15,68,1,,,0.0,false,14.8,245.38498451260034,false
1,18,12:15,87,05:30,69,1,,,0.0,false,14.8,245.8464860613403,false
1,18,12:15,88,05:45,70,1,,,0.0,false,14.8,246.30798761008026,false
1,18,12:15,89,06:00,71,1,,,0.0,false,14.8,246.76948915882022,false
1,18,12:15,90,06:15,72,1,,,0.0,false,14.8,247.23099070756018,false
1,18,12:15,91,06:30,73,1,,,0.0,false,14.8,247.69249225630014,false
1,18,12:15,92,06:45,74,1,,,0.0,false,14.8,248.15399380504013,false
1,18,12:15,93,07:00,75,1,,,0.0,false,14.8,248.6154953537801,false
1,18,12:15,94,07:15,76,1,,,0.0,false,14.8,249.07699690252005,false
1,18,12:15,95,07:30,77,1,,,0.0,false,14.8,249.53849845126,false
1,18,12:15,96,07:45,78,1,,,0.0,false,14.8,250.0,false
1,19,12:30,19,12:30,0,1,,,0.0,false,11.787581578947377,238.56263157894395,false
1,19,12:30,20,12:45,1,1,,,0.0,false,11.787581578947377,239.02218920971725,false
1,19,12:30,21,13:00,2,1,,,0.0,false,11.787581578947377,239.48174684049056,false
1,19,12:30,22,13:15,3,1,,,0.0,false,11.787581578947377,239.94130447126386,false
1,19,12:30,23,13:30,4,1,,,0.0,false,11.787581578947377,240.40086210203717,false
1,19,12:30,24,13:45,5,1,,,0.0,false,11.787581578947377,240.86041973281047,false
1,19,12:30,25,14:00,6,1,,Digging,4.792499999999997,false,10.589456578947377,241.31997736358377,false
1,19,12:30,26,14:15,7,1,,Digging,4.792500000000004,false,9.391331578947376,241.77953499435708,false
1,19,12:30,27,14:30,8,1,,Traveling,4.710099999999997,false,8.213806578947377,242.23909262513038,false
1,19,12:30,28,14:45,9,1,,Digging,4.792500000000004,false,7.015681578947376,242.6986502559037,true
1,19,12:30,29,15:00,10,1,,Idle,0.0,false,7.015681578947376,243.158207886677,false
1,19,12:30,30,15:15,11,1,,Loading/Swinging,3.1586,false,6.226031578947376,243.6177655174503,true
1,19,12:30,31,15:30,12,1,,Loading/Swinging,3.1586,false,5.436381578947376,244.0773231482236,true
1,19,12:30,32,15:45,13,1,,Digging,4.7925,false,4.238256578947376,244.5368807789969,true
1,19,12:30,33,16:00,14,1,,Traveling,4.710099999999999,false,3.0607315789473764,244.5368807789969,false
1,19,12:30,34,16:15,15,1,,Charging,0.0,true,4.960731578947376,242.4316176211022,false
1,19,12:30,35,16:30,16,1,,Loading/Swinging,3.1586,false,4.171081578947376,242.4316176211022,false
1,19,12:30,36,16:45,17,1,,Loading/Swinging,3.1586,false,3.3814315789473763,242.4316176211022,false
1,19,12:30,37,17:00,18,1,,Charging,0.0,true,5.281431578947377,240.32635446320745,false
1,19,12:30,38,17:15,19,1,,Charging,0.0,true,7.181431578947376,238.2210913053127,false
1,19,12:30,39,17:30,20,1,,Charging,0.0,true,9.081431578947376,236.11582814741797,false
1,19,12:30,40,17:45,21,1,,Charging,0.0,true,10.981431578947376,234.01056498952323,false
1,19,12:30,41,18:00,22,1,,Charging,0.0,true,12.881431578947376,231.9053018316285,false
1,19,12:30,42,18:15,23,1,,Charging,0.0,true,14.781431578947377,229.80003867373375,false
1,19,12:30,43,18:30,24,1,,Charging,0.0,true,14.8,229.77946424597462,false
1,19,12:30,44,18:45,25,1,,,0.0,false,14.8,229.77946424597462,false
1,19,12:30,45,19:00,26,1,,,0.0,false,14.8,229.77946424597462,false
1,19,12:30,46,19:15,27,1,,,0.0,false,14.8,229.77946424597462,false
1,19,12:30,47,19:30,28,1,,,0.0,false,14.8,229.77946424597462,false
1,19,12:30,48,19:45,29,1,,,0.0,false,14.8,229.77946424597462,false
1,19,12:30,49,20:00,30,1,,,0.0,false,14.8,229.77946424597462,false
1,19,12:30,50,20:15,31,1,,,0.0,false,14.8,229.77946424597462,false
1,19,12:30,51,20:30,32,1,,,0.0,false,14.8,229.77946424597462,false
1,19,12:30,52,20:45,33,1,,,0.0,false,14.8,229.77946424597462,false
1,19,12:30,53,21:00,34,1,,,0.0,false,14.8,230.23902187674793,false
1,19,12:30,54,21:15,35,1,,,0.0,false,14.8,230.69857950752123,false
1,19,12:30,55,21:30,36,1,,,0.0,false,14.8,231.15813713829453,false
1,19,12:30,56,21:45,37,1,,,0.0,false,14.8,231.61769476906784,false
1,19,12:30,57,22:00,38,1,,,0.0,false,14.8,232.07725239984114,false
1,19,12:30,58,22:15,39,1,,,0.0,false,14.8,232.53681003061445,false
1,19,12:30,59,22:30,40,1,,,0.0,false,14.8,232.99636766138775,false
1,19,12:30,60,22:45,41,1,,,0.0,false,14.8,233.45592529216106,false
1,19,12:30,61,23:00,42,1,,,0.0,false,14.8,233.91548292293436,false
1,19,12:30,62,23:15,43,1,,,0.0,false,14.8,234.37504055370766,false
1,19,12:30,63,23:30,44,1,,,0.0,false,14.8,234.83459818448097,false
1,19,12:30,64,23:45,45,1,,,0.0,false,14.8,235.29415581525427,false
1,19,12:30,65,00:00,46,1,,,0.0,false,14.8,235.75371344602758,false
1,19,12:30,66,00:15,47,1,,,0.0,false,14.8,236.21327107680088,false
1,19,12:30,67,00:30,48,1,,,0.0,false,14.8,236.67282870757418,false
1,19,12:30,68,00:45,49,1,,,0.0,false,14.8,237.1323863383475,false
1,19,12:30,69,01:00,50,1,,,0.0,false,14.8,237.5919439691208,false
1,19,12:30,70,01:15,51,1,,,0.0,false,14.8,238.0515015998941,false
1,19,12:30,71,01:30,52,1,,,0.0,false,14.8,238.5110592306674,false
1,19,12:30,72,01:45,53,1,,,0.0,false,14.8,238.9706168614407,false
1,19,12:30,73,02:00,54,1,,,0.0,false,14.8,239.430174492214,false
1,19,12:30,74,02:15,55,1,,,0.0,false,14.8,239.8897321229873,false
1,19,12:30,75,02:30,56,1,,,0.0,false,14.8,240.34928975376062,false
1,19,12:30,76,02:45,57,1,,,0.0,false,14.8,240.80884738453392,false
1,19,12:30,77,03:00,58,1,,,0.0,false,14.8,241.26840501530722,false
1,19,12:30,78,03:15,59,1,,,0.0,false,14.8,241.72796264608053,false
1,19,12:30,79,03:30,60,1,,,0.0,false,14.8,242.18752027685383,false
1,19,12:30,80,03:45,61,1,,,0.0,false,14.8,242.64707790762714,false
1,19,12:30,81,04:00,62,1,,,0.0,false,14.8,243.10663553840044,false
1,19,12:30,82,04:15,63,1,,,0.0,false,14.8,243.56619316917374,false
1,19,12:30,83,04:30,64,1,,,0.0,false,14.8,244.02575079994705,false
1,19,12:30,84,04:45,65,1,,,0.0,false,14.8,244.48530843072035,false
1,19,12:30,85,05:00,66,1,,,0.0,false,14.8,244.94486606149366,false
1,19,12:30,86,05:15,67,1,,,0.0,false,14.8,245.40442369226696,false
1,19,12:30,87,05:30,68,1,,,0.0,false,14.8,245.86398132304026,false
1,19,12:30,88,05:45,69,1,,,0.0,false,14.8,246.32353895381357,false
1,19,12:30,89,06:00,70,1,,,0.0,false,14.8,246.78309658458687,false
1,19,12:30,90,06:15,71,1,,,0.0,false,14.8,247.24265421536018,false
1,19,12:30,91,06:30,72,1,,,0.0,false,14.8,247.70221184613348,false
1,19,12:30,92,06:45,73,1,,,0.0,false,14.8,248.16176947690678,false
1,19,12:30,93,07:00,74,1,,,0.0,false,14.8,248.6213271076801,false
1,19,12:30,94,07:15,75,1,,,0.0,false,14.8,249.0808847384534,false
1,19,12:30,95,07:30,76,1,,,0.0,false,14.8,249.5404423692267,false
1,19,12:30,96,07:45,77,1,,,0.0,false,14.8,250.0,false
1,20,12:45,20,12:45,0,1,,,0.0,false,11.787581578947377,239.02218920971725,false
1,20,12:45,21,13:00,1,1,,,0.0,false,11.787581578947377,239.48174684049056,false
1,20,12:45,22,13:15,2,1,,,0.0,false,11.787581578947377,239.94130447126386,false
1,20,12:45,23,13:30,3,1,,,0.0,false,11.787581578947377,240.40086210203717,false
1,20,12:45,24,13:45,4,1,,,0.0,false,11.787581578947377,240.86041973281047,false
1,20,12:45,25,14:00,5,1,,Digging,4.792499999999997,false,10.589456578947377,241.31997736358377,false
1,20,12:45,26,14:15,6,1,,Digging,4.792500000000004,false,9.391331578947376,241.77953499435708,false
1,20,12:45,27,14:30,7,1,,Traveling,4.710099999999997,false,8.213806578947377,242.23909262513038,false
1,20,12:45,28,14:45,8,1,,Loading/Swinging,3.1586000000000034,false,7.424156578947376,242.6986502559037,true
1,20,12:45,29,15:00,9,1,,Idle,0.0,false,7.424156578947376,243.158207886677,false
1,20,12:45,30,15:15,10,1,,Digging,4.7925,false,6.226031578947376,243.6177655174503,true
1,20,12:45,31,15:30,11,1,,Loading/Swinging,3.1585999999999963,false,5.436381578947377,244.0773231482236,false
1,20,12:45,32,15:45,12,1,,Digging,4.7925,false,4.238256578947377,244.5368807789969,false
1,20,12:45,33,16:00,13,1,,Traveling,4.710100000000001,false,3.060731578947377,244.5368807789969,false
1,20,12:45,34,16:15,14,1,,Charging,0.0,true,4.960731578947377,242.43161762110216,false
1,20,12:45,35,16:30,15,1,,Loading/Swinging,3.1586,false,4.171081578947377,242.43161762110216,false
1,20,12:45,36,16:45,16,1,,Loading/Swinging,3.1586,false,3.3814315789473772,242.43161762110216,false
1,20,12:45,37,17:00,17,1,,Charging,0.0,true,5.281431578947377,240.32635446320742,false
1,20,12:45,38,17:15,18,1,,Charging,0.0,true,7.181431578947377,238.22109130531268,false
1,20,12:45,39,17:30,19,1,,Charging,0.0,true,7.200000000000004,238.20051687755355,false
1,20,12:45,40,17:45,20,1,,Charging,0.0,true,9.100000000000003,236.0952537196588,false
1,20,12:45,41,18:00,21,1,,Charging,0.0,true,11.000000000000004,233.98999056176407,false
1,20,12:45,42,18:15,22,1,,Charging,0.0,true,12.900000000000007,231.88472740386933,false
1,20,12:45,43,18:30,23,1,,Charging,0.0,true,14.80000000000001,229.7794642459746,false
1,20,12:45,44,18:45,24,1,,,0.0,false,14.80000000000001,229.7794642459746,false
1,20,12:45,45,19:00,25,1,,,0.0,false,14.80000000000001,229.7794642459746,false
1,20,12:45,46,19:15,26,1,,,0.0,false,14.80000000000001,229.7794642459746,false
1,20,12:45,47,19:30,27,1,,,0.0,false,14.80000000000001,229.7794642459746,false
1,20,12:45,48,19:45,28,1,,,0.0,false,14.80000000000001,229.7794642459746,false
1,20,12:45,49,20:00,29,1,,,0.0,false,14.80000000000001,229.7794642459746,false
1,20,12:45,50,20:15,30,1,,,0.0,false,14.80000000000001,229.7794642459746,false
1,20,12:45,51,20:30,31,1,,,0.0,false,14.8,229.7794642459746,false
1,20,12:45,52,20:45,32,1,,,0.0,false,14.8,229.7794642459746,false
1,20,12:45,53,21:00,33,1,,,0.0,false,14.8,230.2390218767479,false
1,20,12:45,54,21:15,34,1,,,0.0,false,14.8,230.6985795075212,false
1,20,12:45,55,21:30,35,1,,,0.0,false,14.8,231.15813713829453,false
1,20,12:45,56,21:45,36,1,,,0.0,false,14.8,231.61769476906784,false
1,20,12:45,57,22:00,37,1,,,0.0,false,14.8,232.07725239984114,false
1,20,12:45,58,22:15,38,1,,,0.0,false,14.8,232.53681003061445,false
1,20,12:45,59,22:30,39,1,,,0.0,false,14.8,232.99636766138775,false
1,20,12:45,60,22:45,40,1,,,0.0,false,14.8,233.45592529216106,false
1,20,12:45,61,23:00,41,1,,,0.0,false,14.8,233.91548292293436,false
1,20,12:45,62,23:15,42,1,,,0.0,false,14.8,234.37504055370766,false
1,20,12:45,63,23:30,43,1,,,0.0,false,14.8,234.83459818448097,false
1,20,12:45,64,23:45,44,1,,,0.0,false,14.8,235.29415581525427,false
1,20,12:45,65,00:00,45,1,,,0.0,false,14.8,235.75371344602758,false
1,20,12:45,66,00:15,46,1,,,0.0,false,14.8,236.21327107680088,false
1,20,12:45,67,00:30,47,1,,,0.0,false,14.8,236.67282870757418,false
1,20,12:45,68,00:45,48,1,,,0.0,false,14.8,237.1323863383475,false
1,20,12:45,69,01:00,49,1,,,0.0,false,14.8,237.5919439691208,false
1,20,12:45,70,01:15,50,1,,,0.0,false,14.8,238.0515015998941,false
1,20,12:45,71,01:30,51,1,,,0.0,false,14.8,238.5110592306674,false
1,20,12:45,72,01:45,52,1,,,0.0,false,14.8,238.9706168614407,false
1,20,12:45,73,02:00,53,1,,,0.0,false,14.8,239.430174492214,false
1,20,12:45,74,02:15,54,1,,,0.0,false,14.8,239.8897321229873,false
1,20,12:45,75,02:30,55,1,,,0.0,false,14.8,240.34928975376062,false
1,20,12:45,76,02:45,56,1,,,0.0,false,14.8,240.80884738453392,false
1,20,12:45,77,03:00,57,1,,,0.0,false,14.8,241.26840501530722,false
1,20,12:45,78,03:15,58,1,,,0.0,false,14.8,241.72796264608053,false
1,20,12:45,79,03:30,59,1,,,0.0,false,14.8,242.18752027685383,false
1,20,12:45,80,03:45,60,1,,,0.0,false,14.8,242.64707790762714,false
1,20,12:45,81,04:00,61,1,,,0.0,false,14.8,243.10663553840044,false
1,20,12:45,82,04:15,62,1,,,0.0,false,14.8,243.56619316917374,false
1,20,12:45,83,04:30,63,1,,,0.0,false,14.8,244.02575079994705,false
1,20,12:45,84,04:45,64,1,,,0.0,false,14.8,244.48530843072035,false
1,20,12:45,85,05:00,65,1,,,0.0,false,14.8,244.94486606149366,false
1,20,12:45,86,05:15,66,1,,,0.0,false,14.8,245.40442369226696,false
1,20,12:45,87,05:30,67,1,,,0.0,false,14.8,245.86398132304026,false
1,20,12:45,88,05:45,68,1,,,0.0,false,14.8,246.32353895381357,false
1,20,12:45,89,06:00,69,1,,,0.0,false,14.8,246.78309658458687,false
1,20,12:45,90,06:15,70,1,,,0.0,false,14.8,247.24265421536018,false
1,20,12:45,91,06:30,71,1,,,0.0,false,14.8,247.70221184613348,false
1,20,12:45,92,06:45,72,1,,,0.0,false,14.8,248.16176947690678,false
1,20,12:45,93,07:00,73,1,,,0.0,false,14.8,248.6213271076801,false
1,20,12:45,94,07:15,74,1,,,0.0,false,14.8,249.0808847384534,false
1,20,12:45,95,07:30,75,1,,,0.0,false,14.8,249.5404423692267,false
1,20,12:45,96,07:45,76,1,,,0.0,false,14.8,250.0,false
1,21,13:00,21,13:00,0,1,,,0.0,false,11.787581578947377,239.48174684049056,false
1,21,13:00,22,13:15,1,1,,,0.0,false,11.787581578947377,239.94130447126386,false
1,21,13:00,23,13:30,2,1,,,0.0,false,11.787581578947377,240.40086210203717,false
1,21,13:00,24,13:45,3,1,,,0.0,false,11.787581578947377,240.86041973281047,false
1,21,13:00,25,14:00,4,1,,Digging,4.7925,false,10.589456578947377,241.31997736358377,false
1,21,13:00,26,14:15,5,1,,Digging,4.792500000000004,false,9.391331578947376,241.77953499435708,false
1,21,13:00,27,14:30,6,1,,Traveling,4.7101,false,8.213806578947377,242.23909262513038,false
1,21,13:00,28,14:45,7,1,,Digging,4.792500000000004,false,7.015681578947376,242.6986502559037,true
1,21,13:00,29,15:00,8,1,,Idle,0.0,false,7.015681578947376,243.158207886677,false
1,21,13:00,30,15:15,9,1,,Loading/Swinging,3.1586,false,6.226031578947376,243.6177655174503,true
1,21,13:00,31,15:30,10,1,,Digging,4.7925,false,5.027906578947376,244.0773231482236,true
1,21,13:00,32,15:45,11,1,,Loading/Swinging,3.1586,false,4.238256578947376,244.5368807789969,true
1,21,13:00,33,16:00,12,1,,Traveling,4.710099999999999,false,3.0607315789473764,244.5368807789969,false
1,21,13:00,34,16:15,13,1,,Charging,0.0,true,4.5393,242.8985778193818,false
1,21,13:00,35,16:30,14,1,,Loading/Swinging,3.1586,false,3.74965,242.8985778193818,false
1,21,13:00,36,16:45,15,1,,Loading/Swinging,3.1586,false,2.96,242.8985778193818,false
1,21,13:00,37,17:00,16,1,,Charging,0.0,true,3.4000000000000012,242.41104319334303,false
1,21,13:00,38,17:15,17,1,,Charging,0.0,true,5.300000000000002,240.3057800354483,false
1,21,13:00,39,17:30,18,1,,Charging,0.0,true,7.200000000000001,238.20051687755355,false
1,21,13:00,40,17:45,19,1,,Charging,0.0,true,9.100000000000001,236.0952537196588,false
1,21,13:00,41,18:00,20,1,,Charging,0.0,true,11.0,233.98999056176407,false
1,21,13:00,42,18:15,21,1,,Charging,0.0,true,12.9,231.88472740386933,false
1,21,13:00,43,18:30,22,1,,Charging,0.0,true,14.8,229.7794642459746,false
1,21,13:00,44,18:45,23,1,,,0.0,false,14.8,229.7794642459746,false
1,21,13:00,45,19:00,24,1,,,0.0,false,14.8,229.7794642459746,false
1,21,13:00,46,19:15,25,1,,,0.0,false,14.8,229.7794642459746,false
1,21,13:00,47,19:30,26,1,,,0.0,false,14.8,229.7794642459746,false
1,21,13:00,48,19:45,27,1,,,0.0,false,14.8,229.7794642459746,false
1,21,13:00,49,20:00,28,1,,,0.0,false,14.8,229.7794642459746,false
1,21,13:00,50,20:15,29,1,,,0.0,false,14.8,229.7794642459746,false
1,21,13:00,51,20:30,30,1,,,0.0,false,14.8,229.7794642459746,false
1,21,13:00,52,20:45,31,1,,,0.0,false,14.8,229.7794642459746,false
1,21,13:00,53,21:00,32,1,,,0.0,false,14.8,230.2390218767479,false
1,21,13:00,54,21:15,33,1,,,0.0,false,14.8,230.6985795075212,false
1,21,13:00,55,21:30,34,1,,,0.0,false,14.8,231.1581371382945,false
1,21,13:00,56,21:45,35,1,,,0.0,false,14.8,231.6176947690678,false
1,21,13:00,57,22:00,36,1,,,0.0,false,14.8,232.07725239984111,false
1,21,13:00,58,22:15,37,1,,,0.0,false,14.8,232.53681003061442,false
1,21,13:00,59,22:30,38,1,,,0.0,false,14.8,232.99636766138772,false
1,21,13:00,60,22:45,39,1,,,0.0,false,14.8,233.45592529216103,false
1,21,13:00,61,23:00,40,1,,,0.0,false,14.8,233.91548292293433,false
1,21,13:00,62,23:15,41,1,,,0.0,false,14.8,234.37504055370763,false
1,21,13:00,63,23:30,42,1,,,0.0,false,14.8,234.83459818448094,false
1,21,13:00,64,23:45,43,1,,,0.0,false,14.8,235.29415581525427,false
1,21,13:00,65,00:00,44,1,,,0.0,false,14.8,235.75371344602758,false
1,21,13:00,66,00:15,45,1,,,0.0,false,14.8,236.21327107680088,false
1,21,13:00,67,00:30,46,1,,,0.0,false,14.8,236.67282870757418,false
1,21,13:00,68,00:45,47,1,,,0.0,false,14.8,237.1323863383475,false
1,21,13:00,69,01:00,48,1,,,0.0,false,14.8,237.5919439691208,false
1,21,13:00,70,01:15,49,1,,,0.0,false,14.8,238.0515015998941,false
1,21,13:00,71,01:30,50,1,,,0.0,false,14.8,238.5110592306674,false
1,21,13:00,72,01:45,51,1,,,0.0,false,14.8,238.9706168614407,false
1,21,13:00,73,02:00,52,1,,,0.0,false,14.8,239.430174492214,false
1,21,13:00,74,02:15,53,1,,,0.0,false,14.8,239.8897321229873,false
1,21,13:00,75,02:30,54,1,,,0.0,false,14.8,240.34928975376062,false
1,21,13:00,76,02:45,55,1,,,0.0,false,14.8,240.80884738453392,false
1,21,13:00,77,03:00,56,1,,,0.0,false,14.8,241.26840501530722,false
1,21,13:00,78,03:15,57,1,,,0.0,false,14.8,241.72796264608053,false
1,21,13:00,79,03:30,58,1,,,0.0,false,14.8,242.18752027685383,false
1,21,13:00,80,03:45,59,1,,,0.0,false,14.8,242.64707790762714,false
1,21,13:00,81,04:00,60,1,,,0.0,false,14.8,243.10663553840044,false
1,21,13:00,82,04:15,61,1,,,0.0,false,14.8,243.56619316917374,false
1,21,13:00,83,04:30,62,1,,,0.0,false,14.8,244.02575079994705,false
1,21,13:00,84,04:45,63,1,,,0.0,false,14.8,244.48530843072035,false
1,21,13:00,85,05:00,64,1,,,0.0,false,14.8,244.94486606149366,false
1,21,13:00,86,05:15,65,1,,,0.0,false,14.8,245.40442369226696,false
1,21,13:00,87,05:30,66,1,,,0.0,false,14.8,245.86398132304026,false
1,21,13:00,88,05:45,67,1,,,0.0,false,14.8,246.32353895381357,false
1,21,13:00,89,06:00,68,1,,,0.0,false,14.8,246.78309658458687,false
1,21,13:00,90,06:15,69,1,,,0.0,false,14.8,247.24265421536018,false
1,21,13:00,91,06:30,70,1,,,0.0,false,14.8,247.70221184613348,false
1,21,13:00,92,06:45,71,1,,,0.0,false,14.8,248.16176947690678,false
1,21,13:00,93,07:00,72,1,,,0.0,false,14.8,248.6213271076801,false
1,21,13:00,94,07:15,73,1,,,0.0,false,14.8,249.0808847384534,false
1,21,13:00,95,07:30,74,1,,,0.0,false,14.8,249.5404423692267,false
1,21,13:00,96,07:45,75,1,,,0.0,false,14.8,250.0,false
1,22,13:15,22,13:15,0,1,,,0.0,false,11.787581578947377,239.94130447126386,false
1,22,13:15,23,13:30,1,1,,,0.0,false,11.787581578947377,240.40086210203717,false
1,22,13:15,24,13:45,2,1,,,0.0,false,11.787581578947377,240.86041973281047,false
1,22,13:15,25,14:00,3,1,,Loading/Swinging,3.1586,false,10.997931578947377,241.31997736358377,true
1,22,13:15,26,14:15,4,1,,Digging,4.792500000000004,false,9.799806578947376,241.77953499435708,false
1,22,13:15,27,14:30,5,1,,Traveling,4.710099999999997,false,8.622281578947376,242.23909262513038,false
1,22,13:15,28,14:45,6,1,,Digging,4.7925,false,7.424156578947376,242.6986502559037,false
1,22,13:15,29,15:00,7,1,,Idle,0.0,false,7.424156578947376,243.158207886677,false
1,22,13:15,30,15:15,8,1,,Loading/Swinging,3.1586,false,6.634506578947376,243.6177655174503,false
1,22,13:15,31,15:30,9,1,,Digging,4.7925,false,5.436381578947376,244.0773231482236,false
1,22,13:15,32,15:45,10,1,,Digging,4.7925,false,4.238256578947376,244.5368807789969,true
1,22,13:15,33,16:00,11,1,,Traveling,4.710099999999999,false,3.0607315789473764,244.5368807789969,false
1,22,13:15,34,16:15,12,1,,Charging,0.0,true,4.960731578947376,242.43161762110216,false
1,22,13:15,35,16:30,13,1,,Loading/Swinging,3.1586,false,4.171081578947376,242.43161762110216,false
1,22,13:15,36,16:45,14,1,,Loading/Swinging,3.1586,false,3.3814315789473763,242.43161762110216,false
1,22,13:15,37,17:00,15,1,,Charging,0.0,true,5.281431578947377,240.32635446320742,false
1,22,13:15,38,17:15,16,1,,Charging,0.0,true,5.300000000000001,240.3057800354483,false
1,22,13:15,39,17:30,17,1,,Charging,0.0,true,7.199999999999999,238.20051687755355,false
1,22,13:15,40,17:45,18,1,,Charging,0.0,true,9.1,236.0952537196588,false
1,22,13:15,41,18:00,19,1,,Charging,0.0,true,11.0,233.98999056176407,false
1,22,13:15,42,18:15,20,1,,,0.0,false,11.0,233.98999056176407,true
1,22,13:15,43,18:30,21,1,,Charging,0.0,true,12.9,231.88472740386933,false
1,22,13:15,44,18:45,22,1,,Charging,0.0,true,14.8,229.7794642459746,true
1,22,13:15,45,19:00,23,1,,,0.0,false,14.8,229.7794642459746,false
1,22,13:15,46,19:15,24,1,,,0.0,false,14.8,229.7794642459746,false
1,22,13:15,47,19:30,25,1,,,0.0,false,14.8,229.7794642459746,false
1,22,13:15,48,19:45,26,1,,,0.0,false,14.8,229.7794642459746,false
1,22,13:15,49,20:00,27,1,,,0.0,false,14.8,229.7794642459746,false
1,22,13:15,50,20:15,28,1,,,0.0,false,14.8,229.7794642459746,false
1,22,13:15,51,20:30,29,1,,,0.0,false,14.8,229.7794642459746,false
1,22,13:15,52,20:45,30,1,,,0.0,false,14.8,229.7794642459746,false
1,22,13:15,53,21:00,31,1,,,0.0,false,14.8,230.2390218767479,false
1,22,13:15,54,21:15,32,1,,,0.0,false,14.8,230.6985795075212,false
1,22,13:15,55,21:30,33,1,,,0.0,false,14.8,231.1581371382945,false
1,22,13:15,56,21:45,34,1,,,0.0,false,14.8,231.6176947690678,false
1,22,13:15,57,22:00,35,1,,,0.0,false,14.8,232.07725239984111,false
1,22,13:15,58,22:15,36,1,,,0.0,false,14.8,232.53681003061442,false
1,22,13:15,59,22:30,37,1,,,0.0,false,14.8,232.99636766138772,false
1,22,13:15,60,22:45,38,1,,,0.0,false,14.8,233.45592529216103,false
1,22,13:15,61,23:00,39,1,,,0.0,false,14.8,233.91548292293433,false
1,22,13:15,62,23:15,40,1,,,0.0,false,14.8,234.37504055370763,false
1,22,13:15,63,23:30,41,1,,,0.0,false,14.8,234.83459818448094,false
1,22,13:15,64,23:45,42,1,,,0.0,false,14.8,235.29415581525427,false
1,22,13:15,65,00:00,43,1,,,0.0,false,14.8,235.75371344602758,false
1,22,13:15,66,00:15,44,1,,,0.0,false,14.8,236.21327107680088,false
1,22,13:15,67,00:30,45,1,,,0.0,false,14.8,236.67282870757418,false
1,22,13:15,68,00:45,46,1,,,0.0,false,14.8,237.1323863383475,false
1,22,13:15,69,01:00,47,1,,,0.0,false,14.8,237.5919439691208,false
1,22,13:15,70,01:15,48,1,,,0.0,false,14.8,238.0515015998941,false
1,22,13:15,71,01:30,49,1,,,0.0,false,14.8,238.5110592306674,false
1,22,13:15,72,01:45,50,1,,,0.0,false,14.8,238.9706168614407,false
1,22,13:15,73,02:00,51,1,,,0.0,false,14.8,239.430174492214,false
1,22,13:15,74,02:15,52,1,,,0.0,false,14.8,239.8897321229873,false
1,22,13:15,75,02:30,53,1,,,0.0,false,14.8,240.34928975376062,false
1,22,13:15,76,02:45,54,1,,,0.0,false,14.8,240.80884738453392,false
1,22,13:15,77,03:00,55,1,,,0.0,false,14.8,241.26840501530722,false
1,22,13:15,78,03:15,56,1,,,0.0,false,14.8,241.72796264608053,false
1,22,13:15,79,03:30,57,1,,,0.0,false,14.8,242.18752027685383,false
1,22,13:15,80,03:45,58,1,,,0.0,false,14.8,242.64707790762714,false
1,22,13:15,81,04:00,59,1,,,0.0,false,14.8,243.10663553840044,false
1,22,13:15,82,04:15,60,1,,,0.0,false,14.8,243.56619316917374,false
1,22,13:15,83,04:30,61,1,,,0.0,false,14.8,244.02575079994705,false
1,22,13:15,84,04:45,62,1,,,0.0,false,14.8,244.48530843072035,false
1,22,13:15,85,05:00,63,1,,,0.0,false,14.8,244.94486606149366,false
1,22,13:15,86,05:15,64,1,,,0.0,false,14.8,245.40442369226696,false
1,22,13:15,87,05:30,65,1,,,0.0,false,14.8,245.86398132304026,false
1,22,13:15,88,05:45,66,1,,,0.0,false,14.8,246.32353895381357,false
1,22,13:15,89,06:00,67,1,,,0.0,false,14.8,246.78309658458687,false
1,22,13:15,90,06:15,68,1,,,0.0,false,14.8,247.24265421536018,false
1,22,13:15,91,06:30,69,1,,,0.0,false,14.8,247.70221184613348,false
1,22,13:15,92,06:45,70,1,,,0.0,false,14.8,248.16176947690678,false
1,22,13:15,93,07:00,71,1,,,0.0,false,14.8,248.6213271076801,false
1,22,13:15,94,07:15,72,1,,,0.0,false,14.8,249.0808847384534,false
1,22,13:15,95,07:30,73,1,,,0.0,false,14.8,249.5404423692267,false
1,22,13:15,96,07:45,74,1,,,0.0,false,14.8,250.0,false
1,23,13:30,23,13:30,0,1,,,0.0,false,11.787581578947377,240.40086210203717,false
1,23,13:30,24,13:45,1,1,,,0.0,false,11.787581578947377,240.86041973281047,false
1,23,13:30,25,14:00,2,1,,Loading/Swinging,3.1586,false,10.997931578947377,241.31997736358377,false
1,23,13:30,26,14:15,3,1,,Digging,4.792500000000004,false,9.799806578947376,241.77953499435708,false
1,23,13:30,27,14:30,4,1,,Traveling,4.7101,false,8.622281578947376,242.23909262513038,false
1,23,13:30,28,14:45,5,1,,Loading/Swinging,3.1586,false,7.832631578947376,242.6986502559037,true
1,23,13:30,29,15:00,6,1,,Idle,0.0,false,7.832631578947376,243.158207886677,false
1,23,13:30,30,15:15,7,1,,Digging,4.7925,false,6.634506578947376,243.6177655174503,true
1,23,13:30,31,15:30,8,1,,Digging,4.7925,false,5.436381578947376,244.0773231482236,false
1,23,13:30,32,15:45,9,1,,Digging,4.7925,false,4.238256578947376,244.5368807789969,false
1,23,13:30,33,16:00,10,1,,Traveling,4.710100000000001,false,3.060731578947376,244.5368807789969,false
1,23,13:30,34,16:15,11,1,,Charging,0.0,true,4.960731578947376,242.43161762110216,false
1,23,13:30,35,16:30,12,1,,Loading/Swinging,3.1586,false,4.171081578947376,242.43161762110216,false
1,23,13:30,36,16:45,13,1,,Loading/Swinging,3.1586,false,3.3814315789473763,242.43161762110216,false
1,23,13:30,37,17:00,14,1,,Charging,0.0,true,5.281431578947377,240.32635446320742,false
1,23,13:30,38,17:15,15,1,,Charging,0.0,true,5.300000000000001,240.3057800354483,false
1,23,13:30,39,17:30,16,1,,Charging,0.0,true,7.200000000000001,238.20051687755355,false
1,23,13:30,40,17:45,17,1,,Charging,0.0,true,9.1,236.0952537196588,false
1,23,13:30,41,18:00,18,1,,Charging,0.0,true,11.0,233.98999056176407,false
1,23,13:30,42,18:15,19,1,,Charging,0.0,true,12.9,231.88472740386933,true
1,23,13:30,43,18:30,20,1,,,0.0,false,12.9,231.88472740386933,true
1,23,13:30,44,18:45,21,1,,Charging,0.0,true,14.8,229.7794642459746,false
1,23,13:30,45,19:00,22,1,,,0.0,false,14.8,229.7794642459746,false
1,23,13:30,46,19:15,23,1,,,0.0,false,14.8,229.7794642459746,false
1,23,13:30,47,19:30,24,1,,,0.0,false,14.8,229.7794642459746,false
1,23,13:30,48,19:45,25,1,,,0.0,false,14.8,229.7794642459746,false
1,23,13:30,49,20:00,26,1,,,0.0,false,14.8,229.7794642459746,false
1,23,13:30,50,20:15,27,1,,,0.0,false,14.8,229.7794642459746,false
1,23,13:30,51,20:30,28,1,,,0.0,false,14.8,229.7794642459746,false
1,23,13:30,52,20:45,29,1,,,0.0,false,14.8,229.7794642459746,false
1,23,13:30,53,21:00,30,1,,,0.0,false,14.8,230.2390218767479,false
1,23,13:30,54,21:15,31,1,,,0.0,false,14.8,230.6985795075212,false
1,23,13:30,55,21:30,32,1,,,0.0,false,14.8,231.1581371382945,false
1,23,13:30,56,21:45,33,1,,,0.0,false,14.8,231.6176947690678,false
1,23,13:30,57,22:00,34,1,,,0.0,false,14.8,232.07725239984111,false
1,23,13:30,58,22:15,35,1,,,0.0,false,14.8,232.53681003061442,false
1,23,13:30,59,22:30,36,1,,,0.0,false,14.8,232.99636766138772,false
1,23,13:30,60,22:45,37,1,,,0.0,false,14.8,233.45592529216103,false
1,23,13:30,61,23:00,38,1,,,0.0,false,14.8,233.91548292293433,false
1,23,13:30,62,23:15,39,1,,,0.0,false,14.8,234.37504055370763,false
1,23,13:30,63,23:30,40,1,,,0.0,false,14.8,234.83459818448094,false
1,23,13:30,64,23:45,41,1,,,0.0,false,14.8,235.29415581525427,false
1,23,13:30,65,00:00,42,1,,,0.0,false,14.8,235.75371344602758,false
1,23,13:30,66,00:15,43,1,,,0.0,false,14.8,236.21327107680088,false
1,23,13:30,67,00:30,44,1,,,0.0,false,14.8,236.67282870757418,false
1,23,13:30,68,00:45,45,1,,,0.0,false,14.8,237.1323863383475,false
1,23,13:30,69,01:00,46,1,,,0.0,false,14.8,237.5919439691208,false
1,23,13:30,70,01:15,47,1,,,0.0,false,14.8,238.0515015998941,false
1,23,13:30,71,01:30,48,1,,,0.0,false,14.8,238.5110592306674,false
1,23,13:30,72,01:45,49,1,,,0.0,false,14.8,238.9706168614407,false
1,23,13:30,73,02:00,50,1,,,0.0,false,14.8,239.430174492214,false
1,23,13:30,74,02:15,51,1,,,0.0,false,14.8,239.8897321229873,false
1,23,13:30,75,02:30,52,1,,,0.0,false,14.8,240.34928975376062,false
1,23,13:30,76,02:45,53,1,,,0.0,false,14.8,240.80884738453392,false
1,23,13:30,77,03:00,54,1,,,0.0,false,14.8,241.26840501530722,false
1,23,13:30,78,03:15,55,1,,,0.0,false,14.8,241.72796264608053,false
1,23,13:30,79,03:30,56,1,,,0.0,false,14.8,242.18752027685383,false
1,23,13:30,80,03:45,57,1,,,0.0,false,14.8,242.64707790762714,false
1,23,13:30,81,04:00,58,1,,,0.0,false,14.8,243.10663553840044,false
1,23,13:30,82,04:15,59,1,,,0.0,false,14.8,243.56619316917374,false
1,23,13:30,83,04:30,60,1,,,0.0,false,14.8,244.02575079994705,false
1,23,13:30,84,04:45,61,1,,,0.0,false,14.8,244.48530843072035,false
1,23,13:30,85,05:00,62,1,,,0.0,false,14.8,244.94486606149366,false
1,23,13:30,86,05:15,63,1,,,0.0,false,14.8,245.40442369226696,false
1,23,13:30,87,05:30,64,1,,,0.0,false,14.8,245.86398132304026,false
1,23,13:30,88,05:45,65,1,,,0.0,false,14.8,246.32353895381357,false
1,23,13:30,89,06:00,66,1,,,0.0,false,14.8,246.78309658458687,false
1,23,13:30,90,06:15,67,1,,,0.0,false,14.8,247.24265421536018,false
1,23,13:30,91,06:30,68,1,,,0.0,false,14.8,247.70221184613348,false
1,23,13:30,92,06:45,69,1,,,0.0,false,14.8,248.16176947690678,false
1,23,13:30,93,07:00,70,1,,,0.0,false,14.8,248.6213271076801,false
1,23,13:30,94,07:15,71,1,,,0.0,false,14.8,249.0808847384534,false
1,23,13:30,95,07:30,72,1,,,0.0,false,14.8,249.5404423692267,false
1,23,13:30,96,07:45,73,1,,,0.0,false,14.8,250.0,false
1,24,13:45,24,13:45,0,1,,,0.0,false,11.787581578947377,240.86041973281047,false
1,24,13:45,25,14:00,1,1,,Loading/Swinging,3.1586,false,10.997931578947377,241.31997736358377,false
1,24,13:45,26,14:15,2,1,,Digging,4.7925,false,9.799806578947376,241.77953499435708,false
1,24,13:45,27,14:30,3,1,,Traveling,4.7101,false,8.622281578947376,242.23909262513038,false
1,24,13:45,28,14:45,4,1,,Digging,4.7925,false,7.424156578947376,242.6986502559037,true
1,24,13:45,29,15:00,5,1,,Idle,0.0,false,7.424156578947376,243.158207886677,false
1,24,13:45,30,15:15,6,1,,Digging,4.7925,false,6.226031578947376,243.6177655174503,false
1,24,13:45,31,15:30,7,1,,Digging,4.7925,false,5.027906578947376,244.0773231482236,false
1,24,13:45,32,15:45,8,1,,Loading/Swinging,3.1586,false,4.238256578947376,244.5368807789969,true
1,24,13:45,33,16:00,9,1,,Traveling,4.7101,false,3.060731578947376,244.5368807789969,false
1,24,13:45,34,16:15,10,1,,Charging,0.0,true,4.960731578947376,242.43161762110216,false
1,24,13:45,35,16:30,11,1,,Loading/Swinging,3.1586,false,4.171081578947376,242.43161762110216,false
1,24,13:45,36,16:45,12,1,,Loading/Swinging,3.1586,false,3.381431578947376,242.43161762110216,false
1,24,13:45,37,17:00,13,1,,Charging,0.0,true,5.281431578947375,240.32635446320742,false
1,24,13:45,38,17:15,14,1,,Charging,0.0,true,7.181431578947375,238.22109130531268,false
1,24,13:45,39,17:30,15,1,,Charging,0.0,true,9.081431578947374,236.11582814741794,false
1,24,13:45,40,17:45,16,1,,Charging,0.0,true,10.981431578947374,234.0105649895232,false
1,24,13:45,41,18:00,17,1,,Charging,0.0,true,12.881431578947375,231.90530183162846,false
1,24,13:45,42,18:15,18,1,,Charging,0.0,true,12.899999999999999,231.88472740386933,false
1,24,13:45,43,18:30,19,1,,Charging,0.0,true,14.799999999999999,229.7794642459746,true
1,24,13:45,44,18:45,20,1,,,0.0,false,14.799999999999999,229.7794642459746,true
1,24,13:45,45,19:00,21,1,,,0.0,false,14.799999999999999,229.7794642459746,false
1,24,13:45,46,19:15,22,1,,,0.0,false,14.799999999999999,229.7794642459746,false
1,24,13:45,47,19:30,23,1,,,0.0,false,14.799999999999999,229.7794642459746,false
1,24,13:45,48,19:45,24,1,,,0.0,false,14.799999999999999,229.7794642459746,false
1,24,13:45,49,20:00,25,1,,,0.0,false,14.799999999999999,229.7794642459746,false
1,24,13:45,50,20:15,26,1,,,0.0,false,14.799999999999999,229.7794642459746,false
1,24,13:45,51,20:30,27,1,,,0.0,false,14.799999999999999,229.7794642459746,false
1,24,13:45,52,20:45,28,1,,,0.0,false,14.799999999999999,229.7794642459746,false
1,24,13:45,53,21:00,29,1,,,0.0,false,14.799999999999999,230.2390218767479,false
1,24,13:45,54,21:15,30,1,,,0.0,false,14.799999999999999,230.6985795075212,false
1,24,13:45,55,21:30,31,1,,,0.0,false,14.8,231.1581371382945,false
1,24,13:45,56,21:45,32,1,,,0.0,false,14.8,231.6176947690678,false
1,24,13:45,57,22:00,33,1,,,0.0,false,14.8,232.07725239984111,false
1,24,13:45,58,22:15,34,1,,,0.0,false,14.8,232.53681003061442,false
1,24,13:45,59,22:30,35,1,,,0.0,false,14.8,232.99636766138772,false
1,24,13:45,60,22:45,36,1,,,0.0,false,14.8,233.45592529216103,false
1,24,13:45,61,23:00,37,1,,,0.0,false,14.8,233.91548292293433,false
1,24,13:45,62,23:15,38,1,,,0.0,false,14.8,234.37504055370763,false
1,24,13:45,63,23:30,39,1,,,0.0,false,14.8,234.83459818448094,false
1,24,13:45,64,23:45,40,1,,,0.0,false,14.8,235.29415581525424,false
1,24,13:45,65,00:00,41,1,,,0.0,false,14.8,235.75371344602755,false
1,24,13:45,66,00:15,42,1,,,0.0,false,14.8,236.21327107680085,false
1,24,13:45,67,00:30,43,1,,,0.0,false,14.8,236.67282870757415,false
1,24,13:45,68,00:45,44,1,,,0.0,false,14.8,237.13238633834746,false
1,24,13:45,69,01:00,45,1,,,0.0,false,14.8,237.59194396912076,false
1,24,13:45,70,01:15,46,1,,,0.0,false,14.8,238.05150159989407,false
1,24,13:45,71,01:30,47,1,,,0.0,false,14.8,238.51105923066737,false
1,24,13:45,72,01:45,48,1,,,0.0,false,14.8,238.97061686144067,false
1,24,13:45,73,02:00,49,1,,,0.0,false,14.8,239.43017449221398,false
1,24,13:45,74,02:15,50,1,,,0.0,false,14.8,239.88973212298728,false
1,24,13:45,75,02:30,51,1,,,0.0,false,14.8,240.3492897537606,false
1,24,13:45,76,02:45,52,1,,,0.0,false,14.8,240.80884738453392,false
1,24,13:45,77,03:00,53,1,,,0.0,false,14.8,241.26840501530722,false
1,24,13:45,78,03:15,54,1,,,0.0,false,14.8,241.72796264608053,false
1,24,13:45,79,03:30,55,1,,,0.0,false,14.8,242.18752027685383,false
1,24,13:45,80,03:45,56,1,,,0.0,false,14.8,242.64707790762714,false
1,24,13:45,81,04:00,57,1,,,0.0,false,14.8,243.10663553840044,false
1,24,13:45,82,04:15,58,1,,,0.0,false,14.8,243.56619316917374,false
1,24,13:45,83,04:30,59,1,,,0.0,false,14.8,244.02575079994705,false
1,24,13:45,84,04:45,60,1,,,0.0,false,14.8,244.48530843072035,false
1,24,13:45,85,05:00,61,1,,,0.0,false,14.8,244.94486606149366,false
1,24,13:45,86,05:15,62,1,,,0.0,false,14.8,245.40442369226696,false
1,24,13:45,87,05:30,63,1,,,0.0,false,14.8,245.86398132304026,false
1,24,13:45,88,05:45,64,1,,,0.0,false,14.8,246.32353895381357,false
1,24,13:45,89,06:00,65,1,,,0.0,false,14.8,246.78309658458687,false
1,24,13:45,90,06:15,66,1,,,0.0,false,14.8,247.24265421536018,false
1,24,13:45,91,06:30,67,1,,,0.0,false,14.8,247.70221184613348,false
1,24,13:45,92,06:45,68,1,,,0.0,false,14.8,248.16176947690678,false
1,24,13:45,93,07:00,69,1,,,0.0,false,14.8,248.6213271076801,false
1,24,13:45,94,07:15,70,1,,,0.0,false,14.8,249.0808847384534,false
1,24,13:45,95,07:30,71,1,,,0.0,false,14.8,249.5404423692267,false
1,24,13:45,96,07:45,72,1,,,0.0,false,14.8,250.0,false
1,25,14:00,25,14:00,0,1,,Digging,4.7925,false,10.589456578947377,241.31997736358377,true
1,25,14:00,26,14:15,1,1,,Digging,4.7925,false,9.391331578947376,241.77953499435708,false
1,25,14:00,27,14:30,2,1,,Traveling,4.7101,false,8.213806578947377,242.23909262513038,false
1,25,14:00,28,14:45,3,1,,Digging,4.792500000000004,false,7.015681578947376,242.6986502559037,false
1,25,14:00,29,15:00,4,1,,Idle,0.0,false,7.015681578947376,243.158207886677,false
1,25,14:00,30,15:15,5,1,,Digging,4.7925,false,5.817556578947376,243.6177655174503,false
1,25,14:00,31,15:30,6,1,,Loading/Swinging,3.1586,false,5.027906578947376,244.0773231482236,true
1,25,14:00,32,15:45,7,1,,Loading/Swinging,3.1586,false,4.238256578947376,244.5368807789969,false
1,25,14:00,33,16:00,8,1,,Traveling,4.710100000000001,false,3.060731578947376,244.5368807789969,false
1,25,14:00,34,16:15,9,1,,Charging,0.0,true,4.960731578947376,242.43161762110216,false
1,25,14:00,35,16:30,10,1,,Loading/Swinging,3.1586,false,4.171081578947376,242.43161762110216,false
1,25,14:00,36,16:45,11,1,,Loading/Swinging,3.1586,false,3.3814315789473763,242.43161762110216,false
1,25,14:00,37,17:00,12,1,,Charging,0.0,true,5.281431578947377,240.32635446320742,false
1,25,14:00,38,17:15,13,1,,Charging,0.0,true,5.300000000000001,240.3057800354483,false
1,25,14:00,39,17:30,14,1,,Charging,0.0,true,7.200000000000001,238.20051687755355,false
1,25,14:00,40,17:45,15,1,,Charging,0.0,true,9.100000000000001,236.0952537196588,false
1,25,14:00,41,18:00,16,1,,Charging,0.0,true,11.000000000000002,233.98999056176407,false
1,25,14:00,42,18:15,17,1,,Charging,0.0,true,12.9,231.88472740386933,false
1,25,14:00,43,18:30,18,1,,Charging,0.0,true,14.8,229.7794642459746,false
1,25,14:00,44,18:45,19,1,,,0.0,false,14.8,229.7794642459746,false
1,25,14:00,45,19:00,20,1,,,0.0,false,14.8,229.7794642459746,false
1,25,14:00,46,19:15,21,1,,,0.0,false,14.8,229.7794642459746,false
1,25,14:00,47,19:30,22,1,,,0.0,false,14.8,229.7794642459746,false
1,25,14:00,48,19:45,23,1,,,0.0,false,14.8,229.7794642459746,false
1,25,14:00,49,20:00,24,1,,,0.0,false,14.8,229.7794642459746,false
1,25,14:00,50,20:15,25,1,,,0.0,false,14.8,229.7794642459746,false
1,25,14:00,51,20:30,26,1,,,0.0,false,14.8,229.7794642459746,false
1,25,14:00,52,20:45,27,1,,,0.0,false,14.8,229.7794642459746,false
1,25,14:00,53,21:00,28,1,,,0.0,false,14.8,230.2390218767479,false
1,25,14:00,54,21:15,29,1,,,0.0,false,14.8,230.6985795075212,false
1,25,14:00,55,21:30,30,1,,,0.0,false,14.8,231.1581371382945,false
1,25,14:00,56,21:45,31,1,,,0.0,false,14.8,231.6176947690678,false
1,25,14:00,57,22:00,32,1,,,0.0,false,14.8,232.07725239984111,false
1,25,14:00,58,22:15,33,1,,,0.0,false,14.8,232.53681003061442,false
1,25,14:00,59,22:30,34,1,,,0.0,false,14.8,232.99636766138772,false
1,25,14:00,60,22:45,35,1,,,0.0,false,14.8,233.45592529216103,false
1,25,14:00,61,23:00,36,1,,,0.0,false,14.8,233.91548292293433,false
1,25,14:00,62,23:15,37,1,,,0.0,false,14.8,234.37504055370763,false
1,25,14:00,63,23:30,38,1,,,0.0,false,14.8,234.83459818448094,false
1,25,14:00,64,23:45,39,1,,,0.0,false,14.8,235.29415581525427,false
1,25,14:00,65,00:00,40,1,,,0.0,false,14.8,235.75371344602758,false
1,25,14:00,66,00:15,41,1,,,0.0,false,14.8,236.21327107680088,false
1,25,14:00,67,00:30,42,1,,,0.0,false,14.8,236.67282870757418,false
1,25,14:00,68,00:45,43,1,,,0.0,false,14.8,237.1323863383475,false
1,25,14:00,69,01:00,44,1,,,0.0,false,14.8,237.5919439691208,false
1,25,14:00,70,01:15,45,1,,,0.0,false,14.8,238.0515015998941,false
1,25,14:00,71,01:30,46,1,,,0.0,false,14.8,238.5110592306674,false
1,25,14:00,72,01:45,47,1,,,0.0,false,14.8,238.9706168614407,false
1,25,14:00,73,02:00,48,1,,,0.0,false,14.8,239.430174492214,false
1,25,14:00,74,02:15,49,1,,,0.0,false,14.8,239.8897321229873,false
1,25,14:00,75,02:30,50,1,,,0.0,false,14.8,240.34928975376062,false
1,25,14:00,76,02:45,51,1,,,0.0,false,14.8,240.80884738453392,false
1,25,14:00,77,03:00,52,1,,,0.0,false,14.8,241.26840501530722,false
1,25,14:00,78,03:15,53,1,,,0.0,false,14.8,241.72796264608053,false
1,25,14:00,79,03:30,54,1,,,0.0,false,14.8,242.18752027685383,false
1,25,14:00,80,03:45,55,1,,,0.0,false,14.8,242.64707790762714,false
1,25,14:00,81,04:00,56,1,,,0.0,false,14.8,243.10663553840044,false
1,25,14:00,82,04:15,57,1,,,0.0,false,14.8,243.56619316917374,false
1,25,14:00,83,04:30,58,1,,,0.0,false,14.8,244.02575079994705,false
1,25,14:00,84,04:45,59,1,,,0.0,false,14.8,244.48530843072035,false
1,25,14:00,85,05:00,60,1,,,0.0,false,14.8,244.94486606149366,false
1,25,14:00,86,05:15,61,1,,,0.0,false,14.8,245.40442369226696,false
1,25,14:00,87,05:30,62,1,,,0.0,false,14.8,245.86398132304026,false
1,25,14:00,88,05:45,63,1,,,0.0,false,14.8,246.32353895381357,false
1,25,14:00,89,06:00,64,1,,,0.0,false,14.8,246.78309658458687,false
1,25,14:00,90,06:15,65,1,,,0.0,false,14.8,247.24265421536018,false
1,25,14:00,91,06:30,66,1,,,0.0,false,14.8,247.70221184613348,false
1,25,14:00,92,06:45,67,1,,,0.0,false,14.8,248.16176947690678,false
1,25,14:00,93,07:00,68,1,,,0.0,false,14.8,248.6213271076801,false
1,25,14:00,94,07:15,69,1,,,0.0,false,14.8,249.0808847384534,false
1,25,14:00,95,07:30,70,1,,,0.0,false,14.8,249.5404423692267,false
1,25,14:00,96,07:45,71,1,,,0.0,false,14.8,250.0,false
1,26,14:15,26,14:15,0,1,,Digging,4.7925,false,9.382531578947376,241.7797261844065,false
1,26,14:15,27,14:30,1,1,,Traveling,4.710100000000001,false,8.205006578947376,242.23947500522922,false
1,26,14:15,28,14:45,2,1,,Digging,4.7925,false,7.006881578947376,242.699223826052,false
1,26,14:15,29,15:00,3,1,,Idle,0.0,false,7.006881578947376,243.1589726468747,false
1,26,14:15,30,15:15,4,1,,Digging,4.7925,false,5.808756578947376,243.61872146769744,false
1,26,14:15,31,15:30,5,1,,Loading/Swinging,3.1586,false,5.019106578947376,244.07847028852015,false
1,26,14:15,32,15:45,6,1,,Loading/Swinging,3.1586,false,4.229456578947376,244.5382191093429,false
1,26,14:15,33,16:00,7,1,,Traveling,4.7101,false,3.0519315789473764,244.5382191093429,false
1,26,14:15,34,16:15,8,1,,Charging,0.0,true,4.951931578947376,242.43295595144815,false
1,26,14:15,35,16:30,9,1,,Loading/Swinging,3.1586,false,4.162281578947376,242.43295595144815,false
1,26,14:15,36,16:45,10,1,,Loading/Swinging,3.1586,false,3.3726315789473764,242.43295595144815,false
1,26,14:15,37,17:00,11,1,,Charging,0.0,true,5.272631578947377,240.3276927935534,false
1,26,14:15,38,17:15,12,1,,Charging,0.0,true,5.300000000000001,240.2973676732735,false
1,26,14:15,39,17:30,13,1,,Charging,0.0,true,7.200000000000001,238.19210451537876,false
1,26,14:15,40,17:45,14,1,,Charging,0.0,true,9.100000000000001,236.08684135748402,false
1,26,14:15,41,18:00,15,1,,Charging,0.0,true,11.0,233.98157819958928,false
1,26,14:15,42,18:15,16,1,,Charging,0.0,true,12.9,231.87631504169454,false
1,26,14:15,43,18:30,17,1,,Charging,0.0,true,14.8,229.7710518837998,false
1,26,14:15,44,18:45,18,1,,,0.0,false,14.8,229.7710518837998,false
1,26,14:15,45,19:00,19,1,,,0.0,false,14.8,229.7710518837998,false
1,26,14:15,46,19:15,20,1,,,0.0,false,14.8,229.7710518837998,false
1,26,14:15,47,19:30,21,1,,,0.0,false,14.8,229.7710518837998,false
1,26,14:15,48,19:45,22,1,,,0.0,false,14.8,229.7710518837998,false
1,26,14:15,49,20:00,23,1,,,0.0,false,14.8,229.7710518837998,false
1,26,14:15,50,20:15,24,1,,,0.0,false,14.8,229.7710518837998,false
1,26,14:15,51,20:30,25,1,,,0.0,false,14.8,229.7710518837998,false
1,26,14:15,52,20:45,26,1,,,0.0,false,14.8,229.7710518837998,false
1,26,14:15,53,21:00,27,1,,,0.0,false,14.8,230.2308007046225,false
1,26,14:15,54,21:15,28,1,,,0.0,false,14.8,230.69054952544525,false
1,26,14:15,55,21:30,29,1,,,0.0,false,14.8,231.150298346268,false
1,26,14:15,56,21:45,30,1,,,0.0,false,14.8,231.6100471670907,false
1,26,14:15,57,22:00,31,1,,,0.0,false,14.8,232.06979598791344,false
1,26,14:15,58,22:15,32,1,,,0.0,false,14.8,232.5295448087362,false
1,26,14:15,59,22:30,33,1,,,0.0,false,14.8,232.98929362955894,false
1,26,14:15,60,22:45,34,1,,,0.0,false,14.8,233.44904245038165,false
1,26,14:15,61,23:00,35,1,,,0.0,false,14.8,233.9087912712044,false
1,26,14:15,62,23:15,36,1,,,0.0,false,14.8,234.3685400920271,false
1,26,14:15,63,23:30,37,1,,,0.0,false,14.8,234.82828891284984,false
1,26,14:15,64,23:45,38,1,,,0.0,false,14.8,235.28803773367258,false
1,26,14:15,65,00:00,39,1,,,0.0,false,14.8,235.7477865544953,false
1,26,14:15,66,00:15,40,1,,,0.0,false,14.8,236.20753537531803,false
1,26,14:15,67,00:30,41,1,,,0.0,false,14.8,236.66728419614077,false
1,26,14:15,68,00:45,42,1,,,0.0,false,14.8,237.1270330169635,false
1,26,14:15,69,01:00,43,1,,,0.0,false,14.8,237.58678183778622,false
1,26,14:15,70,01:15,44,1,,,0.0,false,14.8,238.04653065860896,false
1,26,14:15,71,01:30,45,1,,,0.0,false,14.8,238.50627947943167,false
1,26,14:15,72,01:45,46,1,,,0.0,false,14.8,238.9660283002544,false
1,26,14:15,73,02:00,47,1,,,0.0,false,14.8,239.42577712107715,false
1,26,14:15,74,02:15,48,1,,,0.0,false,14.8,239.88552594189986,false
1,26,14:15,75,02:30,49,1,,,0.0,false,14.8,240.3452747627226,false
1,26,14:15,76,02:45,50,1,,,0.0,false,14.8,240.80502358354533,false
1,26,14:15,77,03:00,51,1,,,0.0,false,14.8,241.26477240436807,false
1,26,14:15,78,03:15,52,1,,,0.0,false,14.8,241.72452122519078,false
1,26,14:15,79,03:30,53,1,,,0.0,false,14.8,242.18427004601352,false
1,26,14:15,80,03:45,54,1,,,0.0,false,14.8,242.64401886683632,false
1,26,14:15,81,04:00,55,1,,,0.0,false,14.8,243.10376768765906,false
1,26,14:15,82,04:15,56,1,,,0.0,false,14.8,243.5635165084818,false
1,26,14:15,83,04:30,57,1,,,0.0,false,14.8,244.0232653293045,false
1,26,14:15,84,04:45,58,1,,,0.0,false,14.8,244.48301415012725,false
1,26,14:15,85,05:00,59,1,,,0.0,false,14.8,244.94276297094996,false
1,26,14:15,86,05:15,60,1,,,0.0,false,14.8,245.4025117917727,false
1,26,14:15,87,05:30,61,1,,,0.0,false,14.8,245.8622606125954,false
1,26,14:15,88,05:45,62,1,,,0.0,false,14.8,246.32200943341815,false
1,26,14:15,89,06:00,63,1,,,0.0,false,14.8,246.78175825424088,false
1,26,14:15,90,06:15,64,1,,,0.0,false,14.8,247.24150707506362,false
1,26,14:15,91,06:30,65,1,,,0.0,false,14.8,247.70125589588633,false
1,26,14:15,92,06:45,66,1,,,0.0,false,14.8,248.16100471670907,false
1,26,14:15,93,07:00,67,1,,,0.0,false,14.8,248.6207535375318,false
1,26,14:15,94,07:15,68,1,,,0.0,false,14.8,249.08050235835455,false
1,26,14:15,95,07:30,69,1,,,0.0,false,14.8,249.54025117917726,false
1,26,14:15,96,07:45,70,1,,,0.0,false,14.8,250.0,false
1,27,14:30,27,14:30,0,1,,Traveling,4.710100000000001,false,8.100681578947377,242.2417869165866,false
1,27,14:30,28,14:45,1,1,,Loading/Swinging,3.1586,false,7.311031578947376,242.70384764876664,true
1,27,14:30,29,15:00,2,1,,Idle,-1.04585229365739e-15,false,7.311031578947376,243.16590838094672,false
1,27,14:30,30,15:15,3,1,,Loading/Swinging,3.1586,false,6.521381578947376,243.6279691131268,true
1,27,14:30,31,15:30,4,1,,Digging,4.7925,false,5.323256578947377,244.09002984530684,true
1,27,14:30,32,15:45,5,1,,Loading/Swinging,3.1586,false,4.533606578947377,244.55209057748692,false
1,27,14:30,33,16:00,6,1,,Traveling,4.710100000000001,false,3.356081578947377,244.55209057748692,false
1,27,14:30,34,16:15,7,1,,Charging,0.0,true,5.256081578947377,242.44682741959218,false
1,27,14:30,35,16:30,8,1,,Loading/Swinging,3.1586,false,4.466431578947377,242.44682741959218,false
1,27,14:30,36,16:45,9,1,,Digging,4.7925,false,3.2683065789473766,242.44682741959218,true
1,27,14:30,37,17:00,10,1,,Charging,0.0,true,5.1683065789473766,240.34156426169764,false
1,27,14:30,38,17:15,11,1,,Charging,0.0,true,7.068306578947377,238.2363011038029,false
1,27,14:30,39,17:30,12,1,,Charging,0.0,true,8.968306578947377,236.13103794590816,false
1,27,14:30,40,17:45,13,1,,Charging,0.0,true,10.868306578947378,234.02577478801342,false
1,27,14:30,41,18:00,14,1,,Charging,0.0,true,12.768306578947378,231.92051163011868,false
1,27,14:30,42,18:15,15,1,,Charging,0.0,true,14.668306578947377,229.81524847222394,false
1,27,14:30,43,18:30,16,1,,Charging,0.0,true,14.8,229.66932778407698,false
1,27,14:30,44,18:45,17,1,,,0.0,false,14.8,229.66932778407698,false
1,27,14:30,45,19:00,18,1,,,0.0,false,14.8,229.66932778407698,false
1,27,14:30,46,19:15,19,1,,,0.0,false,14.8,229.66932778407698,false
1,27,14:30,47,19:30,20,1,,,0.0,false,14.8,229.66932778407698,false
1,27,14:30,48,19:45,21,1,,,0.0,false,14.8,229.66932778407698,false
1,27,14:30,49,20:00,22,1,,,0.0,false,14.8,229.66932778407698,false
1,27,14:30,50,20:15,23,1,,,0.0,false,14.8,229.66932778407698,false
1,27,14:30,51,20:30,24,1,,,0.0,false,14.8,229.66932778407698,false
1,27,14:30,52,20:45,25,1,,,0.0,false,14.8,229.66932778407698,false
1,27,14:30,53,21:00,26,1,,,0.0,false,14.8,230.13138851625703,false
1,27,14:30,54,21:15,27,1,,,0.0,false,14.8,230.5934492484371,false
1,27,14:30,55,21:30,28,1,,,0.0,false,14.8,231.05550998061716,false
1,27,14:30,56,21:45,29,1,,,0.0,false,14.8,231.51757071279724,false
1,27,14:30,57,22:00,30,1,,,0.0,false,14.8,231.97963144497731,false
1,27,14:30,58,22:15,31,1,,,0.0,false,14.8,232.4416921771574,false
1,27,14:30,59,22:30,32,1,,,0.0,false,14.8,232.90375290933744,false
1,27,14:30,60,22:45,33,1,,,0.0,false,14.8,233.36581364151752,false
1,27,14:30,61,23:00,34,1,,,0.0,false,14.8,233.8278743736976,false
1,27,14:30,62,23:15,35,1,,,0.0,false,14.8,234.28993510587767,false
1,27,14:30,63,23:30,36,1,,,0.0,false,14.8,234.75199583805772,false
1,27,14:30,64,23:45,37,1,,,0.0,false,14.8,235.2140565702378,false
1,27,14:30,65,00:00,38,1,,,0.0,false,14.8,235.67611730241785,false
1,27,14:30,66,00:15,39,1,,,0.0,false,14.8,236.13817803459793,false
1,27,14:30,67,00:30,40,1,,,0.0,false,14.8,236.60023876677798,false
1,27,14:30,68,00:45,41,1,,,0.0,false,14.8,237.06229949895805,false
1,27,14:30,69,01:00,42,1,,,0.0,false,14.8,237.5243602311381,false
1,27,14:30,70,01:15,43,1,,,0.0,false,14.8,237.98642096331818,false
1,27,14:30,71,01:30,44,1,,,0.0,false,14.8,238.44848169549826,false
1,27,14:30,72,01:45,45,1,,,0.0,false,14.8,238.9105424276783,false
1,27,14:30,73,02:00,46,1,,,0.0,false,14.8,239.3726031598584,false
1,27,14:30,74,02:15,47,1,,,0.0,false,14.8,239.83466389203846,false
1,27,14:30,75,02:30,48,1,,,0.0,false,14.8,240.2967246242185,false
1,27,14:30,76,02:45,49,1,,,0.0,false,14.8,240.7587853563986,false
1,27,14:30,77,03:00,50,1,,,0.0,false,14.8,241.22084608857867,false
1,27,14:30,78,03:15,51,1,,,0.0,false,14.8,241.68290682075875,false
1,27,14:30,79,03:30,52,1,,,0.0,false,14.8,242.1449675529388,false
1,27,14:30,80,03:45,53,1,,,0.0,false,14.8,242.60702828511887,false
1,27,14:30,81,04:00,54,1,,,0.0,false,14.8,243.06908901729892,false
1,27,14:30,82,04:15,55,1,,,0.0,false,14.8,243.531149749479,false
1,27,14:30,83,04:30,56,1,,,0.0,false,14.8,243.99321048165908,false
1,27,14:30,84,04:45,57,1,,,0.0,false,14.8,244.45527121383913,false
1,27,14:30,85,05:00,58,1,,,0.0,false,14.8,244.9173319460192,false
1,27,14:30,86,05:15,59,1,,,0.0,false,14.8,245.37939267819928,false
1,27,14:30,87,05:30,60,1,,,0.0,false,14.8,245.84145341037936,false
1,27,14:30,88,05:45,61,1,,,0.0,false,14.8,246.3035141425594,false
1,27,14:30,89,06:00,62,1,,,0.0,false,14.8,246.76557487473949,false
1,27,14:30,90,06:15,63,1,,,0.0,false,14.8,247.22763560691953,false
1,27,14:30,91,06:30,64,1,,,0.0,false,14.8,247.6896963390996,false
1,27,14:30,92,06:45,65,1,,,0.0,false,14.8,248.15175707127975,false
1,27,14:30,93,07:00,66,1,,,0.0,false,14.8,248.61381780345982,false
1,27,14:30,94,07:15,67,1,,,0.0,false,14.8,249.07587853563987,false
1,27,14:30,95,07:30,68,1,,,0.0,false,14.8,249.53793926781995,false
1,27,14:30,96,07:45,69,1,,,0.0,false,14.8,250.0,false
1,28,14:45,28,14:45,0,1,,Digging,4.7925,false,7.043481578947376,242.70384764876667,true
1,28,14:45,29,15:00,1,1,,Idle,0.0,false,7.043481578947376,243.16590838094672,false
1,28,14:45,30,15:15,2,1,,Digging,4.7925,false,5.845356578947376,243.62796911312682,true
1,28,14:45,31,15:30,3,1,,Loading/Swinging,3.1586,false,5.055706578947376,244.0900298453069,true
1,28,14:45,32,15:45,4,1,,Loading/Swinging,3.1586,false,4.266056578947376,244.55209057748698,false
1,28,14:45,33,16:00,5,1,,Traveling,4.7101,false,3.088531578947376,244.55209057748698,false
1,28,14:45,34,16:15,6,1,,Charging,0.0,true,4.9793,242.45705631593282,false
1,28,14:45,35,16:30,7,1,,Loading/Swinging,3.1586,false,4.18965,242.45705631593282,false
1,28,14:45,36,16:45,8,1,,Loading/Swinging,3.1586,false,3.4000000000000004,242.45705631593282,true
1,28,14:45,37,17:00,9,1,,Charging,0.0,true,5.300000000000001,240.35179315803808,false
1,28,14:45,38,17:15,10,1,,Charging,0.0,true,7.2,238.24653000014334,false
1,28,14:45,39,17:30,11,1,,Charging,0.0,true,9.1,236.1412668422486,false
1,28,14:45,40,17:45,12,1,,Charging,0.0,true,11.0,234.03600368435386,false
1,28,14:45,41,18:00,13,1,,Charging,0.0,true,12.9,231.93074052645912,false
1,28,14:45,42,18:15,14,1,,Charging,0.0,true,14.8,229.82547736856438,false
1,28,14:45,43,18:30,15,1,,,0.0,false,14.8,229.82547736856438,true
1,28,14:45,44,18:45,16,1,,,0.0,false,14.8,229.82547736856438,false
1,28,14:45,45,19:00,17,1,,,0.0,false,14.8,229.82547736856438,false
1,28,14:45,46,19:15,18,1,,,0.0,false,14.8,229.82547736856438,false
1,28,14:45,47,19:30,19,1,,,0.0,false,14.8,229.82547736856438,false
1,28,14:45,48,19:45,20,1,,,0.0,false,14.8,229.82547736856438,false
1,28,14:45,49,20:00,21,1,,,0.0,false,14.8,229.82547736856438,false
1,28,14:45,50,20:15,22,1,,,0.0,false,14.8,229.82547736856438,false
1,28,14:45,51,20:30,23,1,,,0.0,false,14.8,229.82547736856438,false
1,28,14:45,52,20:45,24,1,,,0.0,false,14.8,229.82547736856438,false
1,28,14:45,53,21:00,25,1,,,0.0,false,14.8,230.28753810074446,false
1,28,14:45,54,21:15,26,1,,,0.0,false,14.8,230.74959883292453,false
1,28,14:45,55,21:30,27,1,,,0.0,false,14.8,231.2116595651046,false
1,28,14:45,56,21:45,28,1,,,0.0,false,14.8,231.6737202972847,false
1,28,14:45,57,22:00,29,1,,,0.0,false,14.8,232.13578102946477,false
1,28,14:45,58,22:15,30,1,,,0.0,false,14.8,232.59784176164482,false
1,28,14:45,59,22:30,31,1,,,0.0,false,14.8,233.0599024938249,false
1,28,14:45,60,22:45,32,1,,,0.0,false,14.8,233.52196322600494,false
1,28,14:45,61,23:00,33,1,,,0.0,false,14.8,233.98402395818502,false
1,28,14:45,62,23:15,34,1,,,0.0,false,14.8,234.44608469036507,false
1,28,14:45,63,23:30,35,1,,,0.0,false,14.8,234.90814542254515,false
1,28,14:45,64,23:45,36,1,,,0.0,false,14.8,235.21405657023777,false
1,28,14:45,65,00:00,37,1,,,0.0,false,14.8,235.67611730241785,false
1,28,14:45,66,00:15,38,1,,,0.0,false,14.8,236.13817803459793,false
1,28,14:45,67,00:30,39,1,,,0.0,false,14.8,236.60023876677798,false
1,28,14:45,68,00:45,40,1,,,0.0,false,14.8,237.06229949895805,false
1,28,14:45,69,01:00,41,1,,,0.0,false,14.8,237.5243602311381,false
1,28,14:45,70,01:15,42,1,,,0.0,false,14.8,237.98642096331818,false
1,28,14:45,71,01:30,43,1,,,0.0,false,14.8,238.44848169549826,false
1,28,14:45,72,01:45,44,1,,,0.0,false,14.8,238.91054242767834,false
1,28,14:45,73,02:00,45,1,,,0.0,false,14.8,239.3726031598584,false
1,28,14:45,74,02:15,46,1,,,0.0,false,14.8,239.83466389203846,false
1,28,14:45,75,02:30,47,1,,,0.0,false,14.8,240.29672462421854,false
1,28,14:45,76,02:45,48,1,,,0.0,false,14.8,240.75878535639862,false
1,28,14:45,77,03:00,49,1,,,0.0,false,14.8,241.2208460885787,false
1,28,14:45,78,03:15,50,1,,,0.0,false,14.8,241.68290682075877,false
1,28,14:45,79,03:30,51,1,,,0.0,false,14.8,242.14496755293885,false
1,28,14:45,80,03:45,52,1,,,0.0,false,14.8,242.60702828511893,false
1,28,14:45,81,04:00,53,1,,,0.0,false,14.8,243.069089017299,false
1,28,14:45,82,04:15,54,1,,,0.0,false,14.8,243.53114974947908,false
1,28,14:45,83,04:30,55,1,,,0.0,false,14.8,243.99321048165916,false
1,28,14:45,84,04:45,56,1,,,0.0,false,14.8,244.45527121383924,false
1,28,14:45,85,05:00,57,1,,,0.0,false,14.8,244.9173319460193,false
1,28,14:45,86,05:15,58,1,,,0.0,false,14.8,245.37939267819937,false
1,28,14:45,87,05:30,59,1,,,0.0,false,14.8,245.84145341037942,false
1,28,14:45,88,05:45,60,1,,,0.0,false,14.8,246.3035141425595,false
1,28,14:45,89,06:00,61,1,,,0.0,false,14.8,246.76557487473954,false
1,28,14:45,90,06:15,62,1,,,0.0,false,14.8,247.22763560691962,false
1,28,14:45,91,06:30,63,1,,,0.0,false,14.8,247.68969633909967,false
1,28,14:45,92,06:45,64,1,,,0.0,false,14.8,248.15175707127975,false
1,28,14:45,93,07:00,65,1,,,0.0,false,14.8,248.61381780345982,false
1,28,14:45,94,07:15,66,1,,,0.0,false,14.8,249.07587853563987,false
1,28,14:45,95,07:30,67,1,,,0.0,false,14.8,249.53793926781995,false
1,28,14:45,96,07:45,68,1,,,0.0,false,14.8,250.0,false
1,29,15:00,29,15:00,0,1,,Idle,0.0,false,6.900131578947376,243.16596435970945,false
1,29,15:00,30,15:15,1,1,,Loading/Swinging,3.1586,false,6.110481578947376,243.6280810706522,true
1,29,15:00,31,15:30,2,1,,Loading/Swinging,3.1586,false,5.320831578947376,244.09019778159498,false
1,29,15:00,32,15:45,3,1,,Loading/Swinging,3.1586,false,4.531181578947376,244.55231449253776,false
1,29,15:00,33,16:00,4,1,,Traveling,4.710100000000001,false,3.3536565789473762,244.55231449253776,false
1,29,15:00,34,16:15,5,1,,Charging,0.0,true,5.253656578947377,242.44705133464302,false
1,29,15:00,35,16:30,6,1,,Digging,4.792500000000004,false,4.055531578947376,242.44705133464302,true
1,29,15:00,36,16:45,7,1,,Loading/Swinging,3.1586,false,3.265881578947376,242.44705133464302,false
1,29,15:00,37,17:00,8,1,,Charging,0.0,true,5.165881578947374,240.34178817674822,false
1,29,15:00,38,17:15,9,1,,Charging,0.0,true,7.065881578947375,238.23652501885348,false
1,29,15:00,39,17:30,10,1,,Charging,0.0,true,8.965881578947375,236.13126186095874,false
1,29,15:00,40,17:45,11,1,,Charging,0.0,true,10.865881578947375,234.025998703064,false
1,29,15:00,41,18:00,12,1,,Charging,0.0,true,12.765881578947376,231.92073554516926,false
1,29,15:00,42,18:15,13,1,,Charging,0.0,true,14.665881578947376,229.81547238727453,false
1,29,15:00,43,18:30,14,1,,Charging,0.0,true,14.799999999999999,229.66686471851816,true
1,29,15:00,44,18:45,15,1,,,0.0,false,14.799999999999999,229.66686471851816,false
1,29,15:00,45,19:00,16,1,,,0.0,false,14.799999999999999,229.66686471851816,false
1,29,15:00,46,19:15,17,1,,,0.0,false,14.799999999999999,229.66686471851816,false
1,29,15:00,47,19:30,18,1,,,0.0,false,14.799999999999999,229.66686471851816,false
1,29,15:00,48,19:45,19,1,,,0.0,false,14.799999999999999,229.66686471851816,false
1,29,15:00,49,20:00,20,1,,,0.0,false,14.799999999999999,229.66686471851816,false
1,29,15:00,50,20:15,21,1,,,0.0,false,14.799999999999999,229.66686471851816,false
1,29,15:00,51,20:30,22,1,,,0.0,false,14.8,229.66686471851816,false
1,29,15:00,52,20:45,23,1,,,0.0,false,14.8,229.66686471851816,false
1,29,15:00,53,21:00,24,1,,,0.0,false,14.8,230.12898142946094,false
1,29,15:00,54,21:15,25,1,,,0.0,false,14.8,230.59109814040372,false
1,29,15:00,55,21:30,26,1,,,0.0,false,14.8,231.0532148513465,false
1,29,15:00,56,21:45,27,1,,,0.0,false,14.8,231.51533156228925,false
1,29,15:00,57,22:00,28,1,,,0.0,false,14.8,231.97744827323203,false
1,29,15:00,58,22:15,29,1,,,0.0,false,14.8,232.43956498417478,false
1,29,15:00,59,22:30,30,1,,,0.0,false,14.8,232.90168169511756,false
1,29,15:00,60,22:45,31,1,,,0.0,false,14.8,233.36379840606034,false
1,29,15:00,61,23:00,32,1,,,0.0,false,14.8,233.8259151170031,false
1,29,15:00,62,23:15,33,1,,,0.0,false,14.8,234.28803182794587,false
1,29,15:00,63,23:30,34,1,,,0.0,false,14.8,234.75014853888862,false
1,29,15:00,64,23:45,35,1,,,0.0,false,14.8,235.2122652498314,false
1,29,15:00,65,00:00,36,1,,,0.0,false,14.8,235.67438196077416,false
1,29,15:00,66,00:15,37,1,,,0.0,false,14.8,236.13649867171694,false
1,29,15:00,67,00:30,38,1,,,0.0,false,14.8,236.5986153826597,false
1,29,15:00,68,00:45,39,1,,,0.0,false,14.8,237.06073209360247,false
1,29,15:00,69,01:00,40,1,,,0.0,false,14.8,237.52284880454525,false
1,29,15:00,70,01:15,41,1,,,0.0,false,14.8,237.984965515488,false
1,29,15:00,71,01:30,42,1,,,0.0,false,14.8,238.44708222643078,false
1,29,15:00,72,01:45,43,1,,,0.0,false,14.8,238.90919893737353,false
1,29,15:00,73,02:00,44,1,,,0.0,false,14.8,239.3713156483163,false
1,29,15:00,74,02:15,45,1,,,0.0,false,14.8,239.83343235925906,false
1,29,15:00,75,02:30,46,1,,,0.0,false,14.8,240.29554907020184,false
1,29,15:00,76,02:45,47,1,,,0.0,false,14.8,240.7576657811446,false
1,29,15:00,77,03:00,48,1,,,0.0,false,14.8,241.21978249208738,false
1,29,15:00,78,03:15,49,1,,,0.0,false,14.8,241.68189920303016,false
1,29,15:00,79,03:30,50,1,,,0.0,false,14.8,242.14401591397294,false
1,29,15:00,80,03:45,51,1,,,0.0,false,14.8,242.60613262491572,false
1,29,15:00,81,04:00,52,1,,,0.0,false,14.8,243.06824933585847,false
1,29,15:00,82,04:15,53,1,,,0.0,false,14.8,243.53036604680125,false
1,29,15:00,83,04:30,54,1,,,0.0,false,14.8,243.992482757744,false
1,29,15:00,84,04:45,55,1,,,0.0,false,14.8,244.45459946868678,false
1,29,15:00,85,05:00,56,1,,,0.0,false,14.8,244.91671617962953,false
1,29,15:00,86,05:15,57,1,,,0.0,false,14.8,245.3788328905723,false
1,29,15:00,87,05:30,58,1,,,0.0,false,14.8,245.8409496015151,false
1,29,15:00,88,05:45,59,1,,,0.0,false,14.8,246.30306631245784,false
1,29,15:00,89,06:00,60,1,,,0.0,false,14.8,246.76518302340062,false
1,29,15:00,90,06:15,61,1,,,0.0,false,14.8,247.22729973434338,false
1,29,15:00,91,06:30,62,1,,,0.0,false,14.8,247.68941644528616,false
1,29,15:00,92,06:45,63,1,,,0.0,false,14.8,248.1515331562289,false
1,29,15:00,93,07:00,64,1,,,0.0,false,14.8,248.6136498671717,false
1,29,15:00,94,07:15,65,1,,,0.0,false,14.8,249.07576657811444,false
1,29,15:00,95,07:30,66,1,,,0.0,false,14.8,249.53788328905722,false
1,29,15:00,96,07:45,67,1,,,0.0,false,14.8,250.0,false
1,30,15:15,30,15:15,0,1,,Loading/Swinging,3.1586,false,6.110481578947376,243.62808107065223,false
1,30,15:15,31,15:30,1,1,,Loading/Swinging,3.1586,false,5.320831578947376,244.090197781595,false
1,30,15:15,32,15:45,2,1,,Loading/Swinging,3.1586,false,4.531181578947376,244.5523144925378,false
1,30,15:15,33,16:00,3,1,,Traveling,4.7101,false,3.3536565789473762,244.5523144925378,false
1,30,15:15,34,16:15,4,1,,Charging,-1.7763568394002505e-15,true,5.253656578947377,242.44705133464305,false
1,30,15:15,35,16:30,5,1,,Loading/Swinging,3.1586,false,4.464006578947377,242.44705133464305,true
1,30,15:15,36,16:45,6,1,,Digging,4.7925,false,3.265881578947376,242.44705133464305,true
1,30,15:15,37,17:00,7,1,,Charging,0.0,true,5.165881578947376,240.34178817674834,false
1,30,15:15,38,17:15,8,1,,Charging,0.0,true,7.065881578947376,238.2365250188536,false
1,30,15:15,39,17:30,9,1,,Charging,0.0,true,8.965881578947377,236.13126186095886,false
1,30,15:15,40,17:45,10,1,,Charging,0.0,true,9.100000000000001,235.9826541922025,false
1,30,15:15,41,18:00,11,1,,Charging,0.0,true,11.0,233.87739103430775,false
1,30,15:15,42,18:15,12,1,,Charging,0.0,true,12.9,231.772127876413,false
1,30,15:15,43,18:30,13,1,,Charging,0.0,true,14.8,229.66686471851827,false
1,30,15:15,44,18:45,14,1,,,0.0,false,14.8,229.66686471851827,false
1,30,15:15,45,19:00,15,1,,,0.0,false,14.8,229.66686471851827,false
1,30,15:15,46,19:15,16,1,,,0.0,false,14.8,229.66686471851827,false
1,30,15:15,47,19:30,17,1,,,0.0,false,14.8,229.66686471851827,false
1,30,15:15,48,19:45,18,1,,,0.0,false,14.8,229.66686471851827,false
1,30,15:15,49,20:00,19,1,,,0.0,false,14.8,229.66686471851827,false
1,30,15:15,50,20:15,20,1,,,0.0,false,14.8,229.66686471851827,false
1,30,15:15,51,20:30,21,1,,,0.0,false,14.8,229.66686471851827,false
1,30,15:15,52,20:45,22,1,,,0.0,false,14.8,229.66686471851827,false
1,30,15:15,53,21:00,23,1,,,0.0,false,14.8,230.12898142946102,false
1,30,15:15,54,21:15,24,1,,,0.0,false,14.8,230.5910981404038,false
1,30,15:15,55,21:30,25,1,,,0.0,false,14.8,231.05321485134655,false
1,30,15:15,56,21:45,26,1,,,0.0,false,14.8,231.51533156228933,false
1,30,15:15,57,22:00,27,1,,,0.0,false,14.8,231.97744827323208,false
1,30,15:15,58,22:15,28,1,,,0.0,false,14.8,232.43956498417487,false
1,30,15:15,59,22:30,29,1,,,0.0,false,14.8,232.90168169511765,false
1,30,15:15,60,22:45,30,1,,,0.0,false,14.8,233.3637984060604,false
1,30,15:15,61,23:00,31,1,,,0.0,false,14.8,233.82591511700318,false
1,30,15:15,62,23:15,32,1,,,0.0,false,14.8,234.28803182794593,false
1,30,15:15,63,23:30,33,1,,,0.0,false,14.8,234.7501485388887,false
1,30,15:15,64,23:45,34,1,,,0.0,false,14.8,235.2122652498314,false
1,30,15:15,65,00:00,35,1,,,0.0,false,14.8,235.67438196077418,false
1,30,15:15,66,00:15,36,1,,,0.0,false,14.8,236.13649867171694,false
1,30,15:15,67,00:30,37,1,,,0.0,false,14.8,236.59861538265972,false
1,30,15:15,68,00:45,38,1,,,0.0,false,14.8,237.0607320936025,false
1,30,15:15,69,01:00,39,1,,,0.0,false,14.8,237.52284880454525,false
1,30,15:15,70,01:15,40,1,,,0.0,false,14.8,237.98496551548803,false
1,30,15:15,71,01:30,41,1,,,0.0,false,14.8,238.44708222643078,false
1,30,15:15,72,01:45,42,1,,,0.0,false,14.8,238.90919893737356,false
1,30,15:15,73,02:00,43,1,,,0.0,false,14.8,239.3713156483163,false
1,30,15:15,74,02:15,44,1,,,0.0,false,14.8,239.8334323592591,false
1,30,15:15,75,02:30,45,1,,,0.0,false,14.8,240.29554907020182,false
1,30,15:15,76,02:45,46,1,,,0.0,false,14.8,240.7576657811446,false
1,30,15:15,77,03:00,47,1,,,0.0,false,14.8,241.21978249208735,false
1,30,15:15,78,03:15,48,1,,,0.0,false,14.8,241.68189920303013,false
1,30,15:15,79,03:30,49,1,,,0.0,false,14.8,242.1440159139729,false
1,30,15:15,80,03:45,50,1,,,0.0,false,14.8,242.60613262491566,false
1,30,15:15,81,04:00,51,1,,,0.0,false,14.8,243.06824933585844,false
1,30,15:15,82,04:15,52,1,,,0.0,false,14.8,243.5303660468012,false
1,30,15:15,83,04:30,53,1,,,0.0,false,14.8,243.99248275774397,false
1,30,15:15,84,04:45,54,1,,,0.0,false,14.8,244.45459946868672,false
1,30,15:15,85,05:00,55,1,,,0.0,false,14.8,244.9167161796295,false
1,30,15:15,86,05:15,56,1,,,0.0,false,14.8,245.37883289057226,false
1,30,15:15,87,05:30,57,1,,,0.0,false,14.8,245.84094960151504,false
1,30,15:15,88,05:45,58,1,,,0.0,false,14.8,246.30306631245782,false
1,30,15:15,89,06:00,59,1,,,0.0,false,14.8,246.7651830234006,false
1,30,15:15,90,06:15,60,1,,,0.0,false,14.8,247.22729973434338,false
1,30,15:15,91,06:30,61,1,,,0.0,false,14.8,247.68941644528613,false
1,30,15:15,92,06:45,62,1,,,0.0,false,14.8,248.1515331562289,false
1,30,15:15,93,07:00,63,1,,,0.0,false,14.8,248.61364986717166,false
1,30,15:15,94,07:15,64,1,,,0.0,false,14.8,249.07576657811444,false
1,30,15:15,95,07:30,65,1,,,0.0,false,14.8,249.53788328905722,false
1,30,15:15,96,07:45,66,1,,,0.0,false,14.8,250.0,false
1,31,15:30,31,15:30,0,1,,Loading/Swinging,3.1586,false,5.370581578947377,244.090197781595,false
1,31,15:30,32,15:45,1,1,,Loading/Swinging,3.1586,false,4.580931578947377,244.5523144925378,false
1,31,15:30,33,16:00,2,1,,Traveling,4.710100000000001,false,3.4034065789473766,244.5523144925378,false
1,31,15:30,34,16:15,3,1,,Charging,0.0,true,4.947775,242.84110294566509,false
1,31,15:30,35,16:30,4,1,,Digging,4.7925,false,3.74965,242.84110294566509,true
1,31,15:30,36,16:45,5,1,,Loading/Swinging,3.1586,false,2.96,242.84110294566509,true
1,31,15:30,37,17:00,6,1,,Charging,0.0,true,3.4,242.3535683196263,false
1,31,15:30,38,17:15,7,1,,Charging,0.0,true,5.3,240.24830516173157,false
1,31,15:30,39,17:30,8,1,,Charging,0.0,true,7.199999999999999,238.14304200383683,false
1,31,15:30,40,17:45,9,1,,Charging,0.0,true,9.1,236.03777884594209,false
1,31,15:30,41,18:00,10,1,,Charging,0.0,true,11.0,233.93251568804735,false
1,31,15:30,42,18:15,11,1,,Charging,0.0,true,12.9,231.8272525301526,false
1,31,15:30,43,18:30,12,1,,Charging,0.0,true,14.8,229.72198937225787,false
1,31,15:30,44,18:45,13,1,,,0.0,false,14.799999999999999,229.72198937225787,false
1,31,15:30,45,19:00,14,1,,,0.0,false,14.799999999999999,229.72198937225787,false
1,31,15:30,46,19:15,15,1,,,0.0,false,14.799999999999999,229.72198937225787,false
1,31,15:30,47,19:30,16,1,,,0.0,false,14.799999999999999,229.72198937225787,false
1,31,15:30,48,19:45,17,1,,,0.0,false,14.799999999999999,229.72198937225787,false
1,31,15:30,49,20:00,18,1,,,0.0,false,14.799999999999999,229.72198937225787,false
1,31,15:30,50,20:15,19,1,,,0.0,false,14.799999999999999,229.72198937225787,false
1,31,15:30,51,20:30,20,1,,,0.0,false,14.799999999999999,229.72198937225787,false
1,31,15:30,52,20:45,21,1,,,0.0,false,14.799999999999999,229.72198937225787,false
1,31,15:30,53,21:00,22,1,,,0.0,false,14.8,230.18410608320062,false
1,31,15:30,54,21:15,23,1,,,0.0,false,14.8,230.6462227941434,false
1,31,15:30,55,21:30,24,1,,,0.0,false,14.8,231.10833950508615,false
1,31,15:30,56,21:45,25,1,,,0.0,false,14.8,231.57045621602893,false
1,31,15:30,57,22:00,26,1,,,0.0,false,14.8,232.03257292697168,false
1,31,15:30,58,22:15,27,1,,,0.0,false,14.8,232.49468963791446,false
1,31,15:30,59,22:30,28,1,,,0.0,false,14.8,232.9568063488572,false
1,31,15:30,60,22:45,29,1,,,0.0,false,14.8,233.4189230598,false
1,31,15:30,61,23:00,30,1,,,0.0,false,14.8,233.88103977074277,false
1,31,15:30,62,23:15,31,1,,,0.0,false,14.8,234.34315648168553,false
1,31,15:30,63,23:30,32,1,,,0.0,false,14.8,234.8052731926283,false
1,31,15:30,64,23:45,33,1,,,0.0,false,14.8,235.2122652498314,false
1,31,15:30,65,00:00,34,1,,,0.0,false,14.8,235.67438196077418,false
1,31,15:30,66,00:15,35,1,,,0.0,false,14.8,236.13649867171694,false
1,31,15:30,67,00:30,36,1,,,0.0,false,14.8,236.59861538265972,false
1,31,15:30,68,00:45,37,1,,,0.0,false,14.8,237.06073209360247,false
1,31,15:30,69,01:00,38,1,,,0.0,false,14.8,237.52284880454525,false
1,31,15:30,70,01:15,39,1,,,0.0,false,14.8,237.98496551548803,false
1,31,15:30,71,01:30,40,1,,,0.0,false,14.8,238.44708222643078,false
1,31,15:30,72,01:45,41,1,,,0.0,false,14.8,238.90919893737356,false
1,31,15:30,73,02:00,42,1,,,0.0,false,14.8,239.37131564831634,false
1,31,15:30,74,02:15,43,1,,,0.0,false,14.8,239.8334323592591,false
1,31,15:30,75,02:30,44,1,,,0.0,false,14.8,240.29554907020187,false
1,31,15:30,76,02:45,45,1,,,0.0,false,14.8,240.75766578114462,false
1,31,15:30,77,03:00,46,1,,,0.0,false,14.8,241.2197824920874,false
1,31,15:30,78,03:15,47,1,,,0.0,false,14.8,241.68189920303016,false
1,31,15:30,79,03:30,48,1,,,0.0,false,14.8,242.14401591397294,false
1,31,15:30,80,03:45,49,1,,,0.0,false,14.8,242.60613262491572,false
1,31,15:30,81,04:00,50,1,,,0.0,false,14.8,243.06824933585847,false
1,31,15:30,82,04:15,51,1,,,0.0,false,14.8,243.53036604680125,false
1,31,15:30,83,04:30,52,1,,,0.0,false,14.8,243.992482757744,false
1,31,15:30,84,04:45,53,1,,,0.0,false,14.8,244.45459946868678,false
1,31,15:30,85,05:00,54,1,,,0.0,false,14.8,244.91671617962953,false
1,31,15:30,86,05:15,55,1,,,0.0,false,14.8,245.3788328905723,false
1,31,15:30,87,05:30,56,1,,,0.0,false,14.8,245.84094960151506,false
1,31,15:30,88,05:45,57,1,,,0.0,false,14.8,246.30306631245784,false
1,31,15:30,89,06:00,58,1,,,0.0,false,14.8,246.76518302340062,false
1,31,15:30,90,06:15,59,1,,,0.0,false,14.8,247.22729973434338,false
1,31,15:30,91,06:30,60,1,,,0.0,false,14.8,247.68941644528616,false
1,31,15:30,92,06:45,61,1,,,0.0,false,14.8,248.1515331562289,false
1,31,15:30,93,07:00,62,1,,,0.0,false,14.8,248.6136498671717,false
1,31,15:30,94,07:15,63,1,,,0.0,false,14.8,249.07576657811444,false
1,31,15:30,95,07:30,64,1,,,0.0,false,14.8,249.53788328905722,false
1,31,15:30,96,07:45,65,1,,,0.0,false,14.8,250.0,false
1,32,15:45,32,15:45,0,1,,Loading/Swinging,3.1586,false,4.598881578947377,244.5523144925378,false
1,32,15:45,33,16:00,1,1,,Traveling,4.7101,false,3.4213565789473765,244.5523144925378,false
1,32,15:45,34,16:15,2,1,,Charging,0.0,true,5.321356578947377,242.44705133464305,false
1,32,15:45,35,16:30,3,1,,Loading/Swinging,3.1586,false,4.531706578947377,242.44705133464305,true
1,32,15:45,36,16:45,4,1,,Digging,4.7925,false,3.3335815789473764,242.44705133464305,true
1,32,15:45,37,17:00,5,1,,Charging,0.0,true,5.233581578947376,240.3417881767483,false
1,32,15:45,38,17:15,6,1,,Charging,0.0,true,7.133581578947377,238.23652501885357,false
1,32,15:45,39,17:30,7,1,,Charging,0.0,true,9.033581578947377,236.13126186095886,false
1,32,15:45,40,17:45,8,1,,Charging,0.0,true,9.100000000000001,236.057668042618,false
1,32,15:45,41,18:00,9,1,,Charging,0.0,true,11.000000000000002,233.95240488472325,false
1,32,15:45,42,18:15,10,1,,Charging,0.0,true,12.9,231.8471417268285,false
1,32,15:45,43,18:30,11,1,,Charging,0.0,true,14.8,229.74187856893377,false
1,32,15:45,44,18:45,12,1,,,0.0,false,14.8,229.74187856893377,false
1,32,15:45,45,19:00,13,1,,,0.0,false,14.8,229.74187856893377,false
1,32,15:45,46,19:15,14,1,,,0.0,false,14.8,229.74187856893377,false
1,32,15:45,47,19:30,15,1,,,0.0,false,14.8,229.74187856893388,false
1,32,15:45,48,19:45,16,1,,,0.0,false,14.8,229.74187856893388,false
1,32,15:45,49,20:00,17,1,,,0.0,false,14.8,229.74187856893388,false
1,32,15:45,50,20:15,18,1,,,0.0,false,14.8,229.74187856893388,false
1,32,15:45,51,20:30,19,1,,,0.0,false,14.8,229.74187856893388,false
1,32,15:45,52,20:45,20,1,,,0.0,false,14.8,229.74187856893388,false
1,32,15:45,53,21:00,21,1,,,0.0,false,14.8,230.20399527987666,false
1,32,15:45,54,21:15,22,1,,,0.0,false,14.8,230.66611199081945,false
1,32,15:45,55,21:30,23,1,,,0.0,false,14.8,231.1282287017622,false
1,32,15:45,56,21:45,24,1,,,0.0,false,14.8,231.59034541270498,false
1,32,15:45,57,22:00,25,1,,,0.0,false,14.8,232.05246212364773,false
1,32,15:45,58,22:15,26,1,,,0.0,false,14.8,232.5145788345905,false
1,32,15:45,59,22:30,27,1,,,0.0,false,14.8,232.97669554553326,false
1,32,15:45,60,22:45,28,1,,,0.0,false,14.8,233.43881225647604,false
1,32,15:45,61,23:00,29,1,,,0.0,false,14.8,233.90092896741882,false
1,32,15:45,62,23:15,30,1,,,0.0,false,14.8,234.36304567836157,false
1,32,15:45,63,23:30,31,1,,,0.0,false,14.8,234.82516238930435,false
1,32,15:45,64,23:45,32,1,,,0.0,false,14.8,235.2122652498314,false
1,32,15:45,65,00:00,33,1,,,0.0,false,14.8,235.67438196077418,false
1,32,15:45,66,00:15,34,1,,,0.0,false,14.8,236.13649867171694,false
1,32,15:45,67,00:30,35,1,,,0.0,false,14.8,236.59861538265972,false
1,32,15:45,68,00:45,36,1,,,0.0,false,14.8,237.06073209360247,false
1,32,15:45,69,01:00,37,1,,,0.0,false,14.8,237.52284880454525,false
1,32,15:45,70,01:15,38,1,,,0.0,false,14.8,237.98496551548803,false
1,32,15:45,71,01:30,39,1,,,0.0,false,14.8,238.44708222643078,false
1,32,15:45,72,01:45,40,1,,,0.0,false,14.8,238.90919893737356,false
1,32,15:45,73,02:00,41,1,,,0.0,false,14.8,239.3713156483163,false
1,32,15:45,74,02:15,42,1,,,0.0,false,14.8,239.8334323592591,false
1,32,15:45,75,02:30,43,1,,,0.0,false,14.8,240.29554907020184,false
1,32,15:45,76,02:45,44,1,,,0.0,false,14.8,240.75766578114462,false
1,32,15:45,77,03:00,45,1,,,0.0,false,14.8,241.21978249208738,false
1,32,15:45,78,03:15,46,1,,,0.0,false,14.8,241.68189920303016,false
1,32,15:45,79,03:30,47,1,,,0.0,false,14.8,242.1440159139729,false
1,32,15:45,80,03:45,48,1,,,0.0,false,14.8,242.6061326249157,false
1,32,15:45,81,04:00,49,1,,,0.0,false,14.8,243.06824933585847,false
1,32,15:45,82,04:15,50,1,,,0.0,false,14.8,243.53036604680122,false
1,32,15:45,83,04:30,51,1,,,0.0,false,14.8,243.992482757744,false
1,32,15:45,84,04:45,52,1,,,0.0,false,14.8,244.45459946868675,false
1,32,15:45,85,05:00,53,1,,,0.0,false,14.8,244.91671617962953,false
1,32,15:45,86,05:15,54,1,,,0.0,false,14.8,245.37883289057228,false
1,32,15:45,87,05:30,55,1,,,0.0,false,14.8,245.84094960151506,false
1,32,15:45,88,05:45,56,1,,,0.0,false,14.8,246.30306631245782,false
1,32,15:45,89,06:00,57,1,,,0.0,false,14.8,246.7651830234006,false
1,32,15:45,90,06:15,58,1,,,0.0,false,14.8,247.22729973434338,false
1,32,15:45,91,06:30,59,1,,,0.0,false,14.8,247.68941644528613,false
1,32,15:45,92,06:45,60,1,,,0.0,false,14.8,248.1515331562289,false
1,32,15:45,93,07:00,61,1,,,0.0,false,14.8,248.61364986717166,false
1,32,15:45,94,07:15,62,1,,,0.0,false,14.8,249.07576657811444,false
1,32,15:45,95,07:30,63,1,,,0.0,false,14.8,249.53788328905722,false
1,32,15:45,96,07:45,64,1,,,0.0,false,14.8,250.0,false
1,33,16:00,33,16:00,0,1,,Traveling,4.7101,false,3.4393065789473765,244.5523144925378,false
1,33,16:00,34,16:15,1,1,,Charging,0.0,true,5.339306578947376,242.44705133464305,false
1,33,16:00,35,16:30,2,1,,Loading/Swinging,3.1586,false,4.549656578947376,242.44705133464305,false
1,33,16:00,36,16:45,3,1,,Digging,4.7925,false,3.3515315789473763,242.44705133464305,false
1,33,16:00,37,17:00,4,1,,Charging,0.0,true,5.251531578947375,240.3417881767483,false
1,33,16:00,38,17:15,5,1,,Charging,0.0,true,7.151531578947376,238.23652501885357,false
1,33,16:00,39,17:30,6,1,,Charging,0.0,true,9.051531578947376,236.13126186095883,false
1,33,16:00,40,17:45,7,1,,Charging,0.0,true,10.951531578947376,234.02599870306423,false
1,33,16:00,41,18:00,8,1,,Charging,0.0,true,12.851531578947375,231.9207355451695,false
1,33,16:00,42,18:15,9,1,,Charging,0.0,true,14.751531578947375,229.81547238727475,false
1,33,16:00,43,18:30,10,1,,Charging,0.0,true,14.799999999999999,229.7617677656098,false
1,33,16:00,44,18:45,11,1,,,0.0,false,14.799999999999999,229.7617677656098,false
1,33,16:00,45,19:00,12,1,,,0.0,false,14.799999999999999,229.7617677656098,false
1,33,16:00,46,19:15,13,1,,,0.0,false,14.799999999999999,229.7617677656098,false
1,33,16:00,47,19:30,14,1,,,0.0,false,14.799999999999999,229.7617677656098,false
1,33,16:00,48,19:45,15,1,,,0.0,false,14.799999999999999,229.7617677656098,false
1,33,16:00,49,20:00,16,1,,,0.0,false,14.799999999999999,229.7617677656098,false
1,33,16:00,50,20:15,17,1,,,0.0,false,14.799999999999999,229.7617677656098,false
1,33,16:00,51,20:30,18,1,,,0.0,false,14.799999999999999,229.7617677656098,false
1,33,16:00,52,20:45,19,1,,,0.0,false,14.799999999999999,229.7617677656098,false
1,33,16:00,53,21:00,20,1,,,0.0,false,14.799999999999999,230.22388447655257,false
1,33,16:00,54,21:15,21,1,,,0.0,false,14.799999999999999,230.68600118749535,false
1,33,16:00,55,21:30,22,1,,,0.0,false,14.8,231.1481178984381,false
1,33,16:00,56,21:45,23,1,,,0.0,false,14.8,231.61023460938088,false
1,33,16:00,57,22:00,24,1,,,0.0,false,14.8,232.07235132032363,false
1,33,16:00,58,22:15,25,1,,,0.0,false,14.8,232.5344680312664,false
1,33,16:00,59,22:30,26,1,,,0.0,false,14.8,232.99658474220917,false
1,33,16:00,60,22:45,27,1,,,0.0,false,14.8,233.45870145315195,false
1,33,16:00,61,23:00,28,1,,,0.0,false,14.8,233.92081816409473,false
1,33,16:00,62,23:15,29,1,,,0.0,false,14.8,234.38293487503748,false
1,33,16:00,63,23:30,30,1,,,0.0,false,14.8,234.84505158598026,false
1,33,16:00,64,23:45,31,1,,,0.0,false,14.8,235.2122652498314,false
1,33,16:00,65,00:00,32,1,,,0.0,false,14.8,235.67438196077418,false
1,33,16:00,66,00:15,33,1,,,0.0,false,14.8,236.13649867171694,false
1,33,16:00,67,00:30,34,1,,,0.0,false,14.8,236.59861538265972,false
1,33,16:00,68,00:45,35,1,,,0.0,false,14.8,237.06073209360247,false
1,33,16:00,69,01:00,36,1,,,0.0,false,14.8,237.52284880454522,false
1,33,16:00,70,01:15,37,1,,,0.0,false,14.8,237.984965515488,false
1,33,16:00,71,01:30,38,1,,,0.0,false,14.8,238.44708222643078,false
1,33,16:00,72,01:45,39,1,,,0.0,false,14.8,238.90919893737356,false
1,33,16:00,73,02:00,40,1,,,0.0,false,14.8,239.37131564831628,false
1,33,16:00,74,02:15,41,1,,,0.0,false,14.8,239.83343235925906,false
1,33,16:00,75,02:30,42,1,,,0.0,false,14.8,240.29554907020182,false
1,33,16:00,76,02:45,43,1,,,0.0,false,14.8,240.7576657811446,false
1,33,16:00,77,03:00,44,1,,,0.0,false,14.8,241.21978249208738,false
1,33,16:00,78,03:15,45,1,,,0.0,false,14.8,241.68189920303013,false
1,33,16:00,79,03:30,46,1,,,0.0,false,14.8,242.1440159139729,false
1,33,16:00,80,03:45,47,1,,,0.0,false,14.8,242.6061326249157,false
1,33,16:00,81,04:00,48,1,,,0.0,false,14.8,243.06824933585847,false
1,33,16:00,82,04:15,49,1,,,0.0,false,14.8,243.53036604680122,false
1,33,16:00,83,04:30,50,1,,,0.0,false,14.8,243.992482757744,false
1,33,16:00,84,04:45,51,1,,,0.0,false,14.8,244.45459946868675,false
1,33,16:00,85,05:00,52,1,,,0.0,false,14.8,244.91671617962953,false
1,33,16:00,86,05:15,53,1,,,0.0,false,14.8,245.3788328905723,false
1,33,16:00,87,05:30,54,1,,,0.0,false,14.8,245.84094960151506,false
1,33,16:00,88,05:45,55,1,,,0.0,false,14.8,246.30306631245784,false
1,33,16:00,89,06:00,56,1,,,0.0,false,14.8,246.7651830234006,false
1,33,16:00,90,06:15,57,1,,,0.0,false,14.8,247.22729973434338,false
1,33,16:00,91,06:30,58,1,,,0.0,false,14.8,247.68941644528613,false
1,33,16:00,92,06:45,59,1,,,0.0,false,14.8,248.1515331562289,false
1,33,16:00,93,07:00,60,1,,,0.0,false,14.8,248.61364986717166,false
1,33,16:00,94,07:15,61,1,,,0.0,false,14.8,249.07576657811444,false
1,33,16:00,95,07:30,62,1,,,0.0,false,14.8,249.53788328905722,false
1,33,16:00,96,07:45,63,1,,,0.0,false,14.8,250.0,false
1,34,16:15,34,16:15,0,1,,Charging,0.0,true,5.364756578947377,242.44705133464305,false
1,34,16:15,35,16:30,1,1,,Loading/Swinging,3.1586,false,4.575106578947377,242.44705133464305,false
1,34,16:15,36,16:45,2,1,,Digging,4.792500000000002,false,3.3769815789473765,242.44705133464305,false
1,34,16:15,37,17:00,3,1,,Charging,0.0,true,5.276981578947376,240.3417881767483,false
1,34,16:15,38,17:15,4,1,,Charging,0.0,true,5.299999999999999,240.31628300106672,false
1,34,16:15,39,17:30,5,1,,Charging,0.0,true,7.199999999999999,238.21101984317198,false
1,34,16:15,40,17:45,6,1,,Charging,0.0,true,9.099999999999998,236.10575668527724,false
1,34,16:15,41,18:00,7,1,,Charging,0.0,true,10.999999999999998,234.0004935273825,false
1,34,16:15,42,18:15,8,1,,Charging,0.0,true,12.899999999999999,231.89523036948776,false
1,34,16:15,43,18:30,9,1,,Charging,0.0,true,14.799999999999999,229.78996721159302,false
1,34,16:15,44,18:45,10,1,,,0.0,false,14.799999999999999,229.78996721159302,false
1,34,16:15,45,19:00,11,1,,,0.0,false,14.799999999999999,229.78996721159302,false
1,34,16:15,46,19:15,12,1,,,0.0,false,14.799999999999999,229.78996721159302,false
1,34,16:15,47,19:30,13,1,,,0.0,false,14.799999999999999,229.78996721159302,false
1,34,16:15,48,19:45,14,1,,,0.0,false,14.799999999999999,229.78996721159302,false
1,34,16:15,49,20:00,15,1,,,0.0,false,14.799999999999999,229.78996721159302,false
1,34,16:15,50,20:15,16,1,,,0.0,false,14.799999999999999,229.78996721159302,false
1,34,16:15,51,20:30,17,1,,,0.0,false,14.799999999999999,229.78996721159302,false
1,34,16:15,52,20:45,18,1,,,0.0,false,14.799999999999999,229.78996721159302,false
1,34,16:15,53,21:00,19,1,,,0.0,false,14.799999999999999,230.2520839225358,false
1,34,16:15,54,21:15,20,1,,,0.0,false,14.799999999999999,230.71420063347858,false
1,34,16:15,55,21:30,21,1,,,0.0,false,14.799999999999999,231.17631734442136,false
1,34,16:15,56,21:45,22,1,,,0.0,false,14.8,231.63843405536414,false
1,34,16:15,57,22:00,23,1,,,0.0,false,14.8,232.10055076630692,false
1,34,16:15,58,22:15,24,1,,,0.0,false,14.8,232.5626674772497,false
1,34,16:15,59,22:30,25,1,,,0.0,false,14.8,233.02478418819248,false
1,34,16:15,60,22:45,26,1,,,0.0,false,14.8,233.48690089913526,false
1,34,16:15,61,23:00,27,1,,,0.0,false,14.8,233.94901761007804,false
1,34,16:15,62,23:15,28,1,,,0.0,false,14.8,234.41113432102082,false
1,34,16:15,63,23:30,29,1,,,0.0,false,14.8,234.8732510319636,false
1,34,16:15,64,23:45,30,1,,,0.0,false,14.8,235.21226524983132,false
1,34,16:15,65,00:00,31,1,,,0.0,false,14.8,235.6743819607741,false
1,34,16:15,66,00:15,32,1,,,0.0,false,14.8,236.13649867171688,false
1,34,16:15,67,00:30,33,1,,,0.0,false,14.8,236.59861538265966,false
1,34,16:15,68,00:45,34,1,,,0.0,false,14.8,237.06073209360244,false
1,34,16:15,69,01:00,35,1,,,0.0,false,14.8,237.52284880454522,false
1,34,16:15,70,01:15,36,1,,,0.0,false,14.8,237.98496551548797,false
1,34,16:15,71,01:30,37,1,,,0.0,false,14.8,238.44708222643075,false
1,34,16:15,72,01:45,38,1,,,0.0,false,14.8,238.9091989373735,false
1,34,16:15,73,02:00,39,1,,,0.0,false,14.8,239.37131564831628,false
1,34,16:15,74,02:15,40,1,,,0.0,false,14.8,239.83343235925904,false
1,34,16:15,75,02:30,41,1,,,0.0,false,14.8,240.29554907020182,false
1,34,16:15,76,02:45,42,1,,,0.0,false,14.8,240.7576657811446,false
1,34,16:15,77,03:00,43,1,,,0.0,false,14.8,241.21978249208735,false
1,34,16:15,78,03:15,44,1,,,0.0,false,14.8,241.68189920303013,false
1,34,16:15,79,03:30,45,1,,,0.0,false,14.8,242.14401591397288,false
1,34,16:15,80,03:45,46,1,,,0.0,false,14.8,242.60613262491566,false
1,34,16:15,81,04:00,47,1,,,0.0,false,14.8,243.0682493358584,false
1,34,16:15,82,04:15,48,1,,,0.0,false,14.8,243.5303660468012,false
1,34,16:15,83,04:30,49,1,,,0.0,false,14.8,243.99248275774394,false
1,34,16:15,84,04:45,50,1,,,0.0,false,14.8,244.45459946868672,false
1,34,16:15,85,05:00,51,1,,,0.0,false,14.8,244.9167161796295,false
1,34,16:15,86,05:15,52,1,,,0.0,false,14.8,245.37883289057226,false
1,34,16:15,87,05:30,53,1,,,0.0,false,14.8,245.84094960151504,false
1,34,16:15,88,05:45,54,1,,,0.0,false,14.8,246.30306631245782,false
1,34,16:15,89,06:00,55,1,,,0.0,false,14.8,246.7651830234006,false
1,34,16:15,90,06:15,56,1,,,0.0,false,14.8,247.22729973434332,false
1,34,16:15,91,06:30,57,1,,,0.0,false,14.8,247.6894164452861,false
1,34,16:15,92,06:45,58,1,,,0.0,false,14.8,248.15153315622888,false
1,34,16:15,93,07:00,59,1,,,0.0,false,14.8,248.61364986717166,false
1,34,16:15,94,07:15,60,1,,,0.0,false,14.8,249.07576657811444,false
1,34,16:15,95,07:30,61,1,,,0.0,false,14.8,249.53788328905722,false
1,34,16:15,96,07:45,62,1,,,0.0,false,14.8,250.0,false
1,35,16:30,35,16:30,0,1,,Digging,4.7925,false,4.2666315789473765,242.44705133464305,true
1,35,16:30,36,16:45,1,1,,Loading/Swinging,3.1586,false,3.4769815789473766,242.44705133464305,true
1,35,16:30,37,17:00,2,1,,Charging,0.0,true,5.300000000000001,240.42708632516647,false
1,35,16:30,38,17:15,3,1,,Charging,0.0,true,7.199999999999999,238.32182316727173,false
1,35,16:30,39,17:30,4,1,,Charging,0.0,true,9.1,236.216560009377,false
1,35,16:30,40,17:45,5,1,,Charging,0.0,true,11.0,234.11129685148225,false
1,35,16:30,41,18:00,6,1,,Charging,0.0,true,12.9,232.0060336935875,false
1,35,16:30,42,18:15,7,1,,Charging,0.0,true,14.8,229.90077053569277,false
1,35,16:30,43,18:30,8,1,,,0.0,false,14.8,229.90077053569277,true
1,35,16:30,44,18:45,9,1,,,0.0,false,14.8,229.90077053569277,false
1,35,16:30,45,19:00,10,1,,,0.0,false,14.8,229.90077053569277,false
1,35,16:30,46,19:15,11,1,,,0.0,false,14.8,229.90077053569277,false
1,35,16:30,47,19:30,12,1,,,0.0,false,14.8,229.90077053569277,false
1,35,16:30,48,19:45,13,1,,,0.0,false,14.8,229.90077053569277,false
1,35,16:30,49,20:00,14,1,,,0.0,false,14.8,229.90077053569277,false
1,35,16:30,50,20:15,15,1,,,0.0,false,14.8,229.90077053569277,false
1,35,16:30,51,20:30,16,1,,,0.0,false,14.8,229.90077053569277,false
1,35,16:30,52,20:45,17,1,,,0.0,false,14.8,229.90077053569277,false
1,35,16:30,53,21:00,18,1,,,0.0,false,14.8,230.36288724663555,false
1,35,16:30,54,21:15,19,1,,,0.0,false,14.8,230.82500395757833,false
1,35,16:30,55,21:30,20,1,,,0.0,false,14.8,231.2871206685211,false
1,35,16:30,56,21:45,21,1,,,0.0,false,14.8,231.7492373794639,false
1,35,16:30,57,22:00,22,1,,,0.0,false,14.8,232.21135409040667,false
1,35,16:30,58,22:15,23,1,,,0.0,false,14.8,232.67347080134945,false
1,35,16:30,59,22:30,24,1,,,0.0,false,14.8,233.13558751229223,false
1,35,16:30,60,22:45,25,1,,,0.0,false,14.8,233.597704223235,false
1,35,16:30,61,23:00,26,1,,,0.0,false,14.8,234.0598209341778,false
1,35,16:30,62,23:15,27,1,,,0.0,false,14.8,234.52193764512057,false
1,35,16:30,63,23:30,28,1,,,0.0,false,14.8,234.98405435606335,false
1,35,16:30,64,23:45,29,1,,,0.0,false,14.8,235.21226524983106,false
1,35,16:30,65,00:00,30,1,,,0.0,false,14.8,235.67438196077384,false
1,35,16:30,66,00:15,31,1,,,0.0,false,14.8,236.13649867171662,false
1,35,16:30,67,00:30,32,1,,,0.0,false,14.8,236.5986153826594,false
1,35,16:30,68,00:45,33,1,,,0.0,false,14.8,237.06073209360218,false
1,35,16:30,69,01:00,34,1,,,0.0,false,14.8,237.52284880454496,false
1,35,16:30,70,01:15,35,1,,,0.0,false,14.8,237.98496551548774,false
1,35,16:30,71,01:30,36,1,,,0.0,false,14.8,238.44708222643052,false
1,35,16:30,72,01:45,37,1,,,0.0,false,14.8,238.9091989373733,false
1,35,16:30,73,02:00,38,1,,,0.0,false,14.8,239.37131564831608,false
1,35,16:30,74,02:15,39,1,,,0.0,false,14.8,239.83343235925886,false
1,35,16:30,75,02:30,40,1,,,0.0,false,14.8,240.29554907020164,false
1,35,16:30,76,02:45,41,1,,,0.0,false,14.8,240.75766578114442,false
1,35,16:30,77,03:00,42,1,,,0.0,false,14.8,241.2197824920872,false
1,35,16:30,78,03:15,43,1,,,0.0,false,14.8,241.68189920302999,false
1,35,16:30,79,03:30,44,1,,,0.0,false,14.8,242.14401591397277,false
1,35,16:30,80,03:45,45,1,,,0.0,false,14.8,242.60613262491555,false
1,35,16:30,81,04:00,46,1,,,0.0,false,14.8,243.06824933585833,false
1,35,16:30,82,04:15,47,1,,,0.0,false,14.8,243.5303660468011,false
1,35,16:30,83,04:30,48,1,,,0.0,false,14.8,243.9924827577439,false
1,35,16:30,84,04:45,49,1,,,0.0,false,14.8,244.45459946868667,false
1,35,16:30,85,05:00,50,1,,,0.0,false,14.8,244.91671617962945,false
1,35,16:30,86,05:15,51,1,,,0.0,false,14.8,245.37883289057223,false
1,35,16:30,87,05:30,52,1,,,0.0,false,14.8,245.840949601515,false
1,35,16:30,88,05:45,53,1,,,0.0,false,14.8,246.3030663124578,false
1,35,16:30,89,06:00,54,1,,,0.0,false,14.8,246.76518302340057,false
1,35,16:30,90,06:15,55,1,,,0.0,false,14.8,247.22729973434335,false
1,35,16:30,91,06:30,56,1,,,0.0,false,14.8,247.68941644528613,false
1,35,16:30,92,06:45,57,1,,,0.0,false,14.8,248.1515331562289,false
1,35,16:30,93,07:00,58,1,,,0.0,false,14.8,248.6136498671717,false
1,35,16:30,94,07:15,59,1,,,0.0,false,14.8,249.07576657811444,false
1,35,16:30,95,07:30,60,1,,,0.0,false,14.8,249.53788328905722,false
1,35,16:30,96,07:45,61,1,,,0.0,false,14.8,250.0,false
1,36,16:45,36,16:45,0,1,,Loading/Swinging,3.1586,false,3.534381578947377,242.44705133464305,false
1,36,16:45,37,17:00,1,1,,Charging,0.0,true,5.300000000000001,240.4906874331997,false
1,36,16:45,38,17:15,2,1,,Charging,0.0,true,7.199999999999999,238.38542427530496,false
1,36,16:45,39,17:30,3,1,,Charging,0.0,true,9.1,236.28016111741022,false
1,36,16:45,40,17:45,4,1,,Charging,0.0,true,10.999999999999998,234.1748979595155,false
1,36,16:45,41,18:00,5,1,,Charging,0.0,true,12.899999999999999,232.06963480162077,false
1,36,16:45,42,18:15,6,1,,Charging,0.0,true,14.8,229.96437164372603,false
1,36,16:45,43,18:30,7,1,,,0.0,false,14.8,229.96437164372603,false
1,36,16:45,44,18:45,8,1,,,0.0,false,14.8,229.96437164372603,false
1,36,16:45,45,19:00,9,1,,,0.0,false,14.8,229.96437164372603,false
1,36,16:45,46,19:15,10,1,,,0.0,false,14.8,229.96437164372603,false
1,36,16:45,47,19:30,11,1,,,0.0,false,14.8,229.96437164372603,false
1,36,16:45,48,19:45,12,1,,,0.0,false,14.8,229.96437164372603,false
1,36,16:45,49,20:00,13,1,,,0.0,false,14.8,229.96437164372603,false
1,36,16:45,50,20:15,14,1,,,0.0,false,14.8,229.96437164372603,false
1,36,16:45,51,20:30,15,1,,,0.0,false,14.8,229.96437164372603,false
1,36,16:45,52,20:45,16,1,,,0.0,false,14.8,229.96437164372603,false
1,36,16:45,53,21:00,17,1,,,0.0,false,14.8,230.4264883546688,false
1,36,16:45,54,21:15,18,1,,,0.0,false,14.8,230.88860506561159,false
1,36,16:45,55,21:30,19,1,,,0.0,false,14.8,231.35072177655437,false
1,36,16:45,56,21:45,20,1,,,0.0,false,14.8,231.81283848749715,false
1,36,16:45,57,22:00,21,1,,,0.0,false,14.8,232.27495519843993,false
1,36,16:45,58,22:15,22,1,,,0.0,false,14.8,232.7370719093827,false
1,36,16:45,59,22:30,23,1,,,0.0,false,14.8,233.1991886203255,false
1,36,16:45,60,22:45,24,1,,,0.0,false,14.8,233.66130533126827,false
1,36,16:45,61,23:00,25,1,,,0.0,false,14.8,234.12342204221105,false
1,36,16:45,62,23:15,26,1,,,0.0,false,14.8,234.58553875315383,false
1,36,16:45,63,23:30,27,1,,,0.0,false,14.8,235.0476554640966,false
1,36,16:45,64,23:45,28,1,,,0.0,false,14.8,235.2122652498313,false
1,36,16:45,65,00:00,29,1,,,0.0,false,14.8,235.67438196077407,false
1,36,16:45,66,00:15,30,1,,,0.0,false,14.8,236.13649867171685,false
1,36,16:45,67,00:30,31,1,,,0.0,false,14.8,236.59861538265963,false
1,36,16:45,68,00:45,32,1,,,0.0,false,14.8,237.0607320936024,false
1,36,16:45,69,01:00,33,1,,,0.0,false,14.8,237.5228488045452,false
1,36,16:45,70,01:15,34,1,,,0.0,false,14.8,237.98496551548797,false
1,36,16:45,71,01:30,35,1,,,0.0,false,14.8,238.44708222643075,false
1,36,16:45,72,01:45,36,1,,,0.0,false,14.8,238.90919893737353,false
1,36,16:45,73,02:00,37,1,,,0.0,false,14.8,239.3713156483163,false
1,36,16:45,74,02:15,38,1,,,0.0,false,14.8,239.8334323592591,false
1,36,16:45,75,02:30,39,1,,,0.0,false,14.8,240.29554907020184,false
1,36,16:45,76,02:45,40,1,,,0.0,false,14.8,240.75766578114462,false
1,36,16:45,77,03:00,41,1,,,0.0,false,14.8,241.21978249208738,false
1,36,16:45,78,03:15,42,1,,,0.0,false,14.8,241.68189920303016,false
1,36,16:45,79,03:30,43,1,,,0.0,false,14.8,242.1440159139729,false
1,36,16:45,80,03:45,44,1,,,0.0,false,14.8,242.6061326249157,false
1,36,16:45,81,04:00,45,1,,,0.0,false,14.8,243.06824933585847,false
1,36,16:45,82,04:15,46,1,,,0.0,false,14.8,243.53036604680122,false
1,36,16:45,83,04:30,47,1,,,0.0,false,14.8,243.992482757744,false
1,36,16:45,84,04:45,48,1,,,0.0,false,14.8,244.45459946868675,false
1,36,16:45,85,05:00,49,1,,,0.0,false,14.8,244.91671617962953,false
1,36,16:45,86,05:15,50,1,,,0.0,false,14.8,245.37883289057228,false
1,36,16:45,87,05:30,51,1,,,0.0,false,14.8,245.84094960151506,false
1,36,16:45,88,05:45,52,1,,,0.0,false,14.8,246.30306631245782,false
1,36,16:45,89,06:00,53,1,,,0.0,false,14.8,246.7651830234006,false
1,36,16:45,90,06:15,54,1,,,0.0,false,14.8,247.22729973434338,false
1,36,16:45,91,06:30,55,1,,,0.0,false,14.8,247.68941644528613,false
1,36,16:45,92,06:45,56,1,,,0.0,false,14.8,248.1515331562289,false
1,36,16:45,93,07:00,57,1,,,0.0,false,14.8,248.6136498671717,false
1,36,16:45,94,07:15,58,1,,,0.0,false,14.8,249.07576657811444,false
1,36,16:45,95,07:30,59,1,,,0.0,false,14.8,249.53788328905722,false
1,36,16:45,96,07:45,60,1,,,0.0,false,14.8,250.0,false
1,37,17:00,37,17:00,0,1,,Charging,0.0,true,5.452331578947376,240.3417881767483,false
1,37,17:00,38,17:15,1,1,,Charging,0.0,true,7.352331578947377,238.23652501885357,false
1,37,17:00,39,17:30,2,1,,Charging,0.0,true,9.252331578947375,236.13126186095883,false
1,37,17:00,40,17:45,3,1,,Charging,0.0,true,11.152331578947376,234.0259987030641,false
1,37,17:00,41,18:00,4,1,,Charging,0.0,true,13.052331578947376,231.92073554516935,false
1,37,17:00,42,18:15,5,1,,Charging,0.0,true,14.799999999999999,229.9842608404019,false
1,37,17:00,43,18:30,6,1,,,0.0,false,14.8,229.9842608404019,false
1,37,17:00,44,18:45,7,1,,,0.0,false,14.8,229.9842608404019,false
1,37,17:00,45,19:00,8,1,,,0.0,false,14.8,229.9842608404019,false
1,37,17:00,46,19:15,9,1,,,0.0,false,14.8,229.9842608404019,false
1,37,17:00,47,19:30,10,1,,,0.0,false,14.8,229.9842608404019,false
1,37,17:00,48,19:45,11,1,,,0.0,false,14.8,229.9842608404019,false
1,37,17:00,49,20:00,12,1,,,0.0,false,14.8,229.9842608404019,false
1,37,17:00,50,20:15,13,1,,,0.0,false,14.8,229.9842608404019,false
1,37,17:00,51,20:30,14,1,,,0.0,false,14.8,229.9842608404019,false
1,37,17:00,52,20:45,15,1,,,0.0,false,14.8,229.9842608404019,false
1,37,17:00,53,21:00,16,1,,,0.0,false,14.8,230.44637755134468,false
1,37,17:00,54,21:15,17,1,,,0.0,false,14.8,230.90849426228746,false
1,37,17:00,55,21:30,18,1,,,0.0,false,14.8,231.37061097323024,false
1,37,17:00,56,21:45,19,1,,,0.0,false,14.8,231.83272768417302,false
1,37,17:00,57,22:00,20,1,,,0.0,false,14.8,232.2948443951158,false
1,37,17:00,58,22:15,21,1,,,0.0,false,14.8,232.75696110605858,false
1,37,17:00,59,22:30,22,1,,,0.0,false,14.8,233.21907781700136,false
1,37,17:00,60,22:45,23,1,,,0.0,false,14.8,233.68119452794414,false
1,37,17:00,61,23:00,24,1,,,0.0,false,14.8,234.14331123888692,false
1,37,17:00,62,23:15,25,1,,,0.0,false,14.8,234.6054279498297,false
1,37,17:00,63,23:30,26,1,,,0.0,false,14.8,235.06754466077248,false
1,37,17:00,64,23:45,27,1,,,0.0,false,14.8,235.21226524983103,false
1,37,17:00,65,00:00,28,1,,,0.0,false,14.8,235.67438196077381,false
1,37,17:00,66,00:15,29,1,,,0.0,false,14.8,236.1364986717166,false
1,37,17:00,67,00:30,30,1,,,0.0,false,14.8,236.59861538265937,false
1,37,17:00,68,00:45,31,1,,,0.0,false,14.8,237.06073209360216,false
1,37,17:00,69,01:00,32,1,,,0.0,false,14.8,237.52284880454494,false
1,37,17:00,70,01:15,33,1,,,0.0,false,14.8,237.98496551548772,false
1,37,17:00,71,01:30,34,1,,,0.0,false,14.8,238.4470822264305,false
1,37,17:00,72,01:45,35,1,,,0.0,false,14.8,238.90919893737328,false
1,37,17:00,73,02:00,36,1,,,0.0,false,14.8,239.37131564831606,false
1,37,17:00,74,02:15,37,1,,,0.0,false,14.8,239.83343235925884,false
1,37,17:00,75,02:30,38,1,,,0.0,false,14.8,240.29554907020162,false
1,37,17:00,76,02:45,39,1,,,0.0,false,14.8,240.75766578114437,false
1,37,17:00,77,03:00,40,1,,,0.0,false,14.8,241.21978249208715,false
1,37,17:00,78,03:15,41,1,,,0.0,false,14.8,241.6818992030299,false
1,37,17:00,79,03:30,42,1,,,0.0,false,14.8,242.14401591397268,false
1,37,17:00,80,03:45,43,1,,,0.0,false,14.8,242.60613262491543,false
1,37,17:00,81,04:00,44,1,,,0.0,false,14.8,243.0682493358582,false
1,37,17:00,82,04:15,45,1,,,0.0,false,14.8,243.530366046801,false
1,37,17:00,83,04:30,46,1,,,0.0,false,14.8,243.99248275774374,false
1,37,17:00,84,04:45,47,1,,,0.0,false,14.8,244.45459946868652,false
1,37,17:00,85,05:00,48,1,,,0.0,false,14.8,244.91671617962928,false
1,37,17:00,86,05:15,49,1,,,0.0,false,14.8,245.37883289057206,false
1,37,17:00,87,05:30,50,1,,,0.0,false,14.8,245.8409496015148,false
1,37,17:00,88,05:45,51,1,,,0.0,false,14.8,246.3030663124576,false
1,37,17:00,89,06:00,52,1,,,0.0,false,14.8,246.76518302340034,false
1,37,17:00,90,06:15,53,1,,,0.0,false,14.8,247.22729973434312,false
1,37,17:00,91,06:30,54,1,,,0.0,false,14.8,247.6894164452859,false
1,37,17:00,92,06:45,55,1,,,0.0,false,14.8,248.1515331562289,false
1,37,17:00,93,07:00,56,1,,,0.0,false,14.8,248.6136498671717,false
1,37,17:00,94,07:15,57,1,,,0.0,false,14.8,249.07576657811444,false
1,37,17:00,95,07:30,58,1,,,0.0,false,14.8,249.53788328905722,false
1,37,17:00,96,07:45,59,1,,,0.0,false,14.8,250.0,false
1,38,17:15,38,17:15,0,1,,Charging,0.0,true,7.452331578947376,238.23652501885357,false
1,38,17:15,39,17:30,1,1,,Charging,0.0,true,9.352331578947377,236.13126186095883,false
1,38,17:15,40,17:45,2,1,,Charging,0.0,true,11.252331578947375,234.0259987030641,false
1,38,17:15,41,18:00,3,1,,Charging,0.0,true,12.899999999999999,232.20032732239636,false
1,38,17:15,42,18:15,4,1,,Charging,0.0,true,14.799999999999999,230.09506416450162,false
1,38,17:15,43,18:30,5,1,,,0.0,false,14.799999999999999,230.09506416450162,false
1,38,17:15,44,18:45,6,1,,,0.0,false,14.8,230.09506416450162,false
1,38,17:15,45,19:00,7,1,,,0.0,false,14.8,230.09506416450162,false
1,38,17:15,46,19:15,8,1,,,0.0,false,14.8,230.09506416450162,false
1,38,17:15,47,19:30,9,1,,,0.0,false,14.8,230.09506416450162,false
1,38,17:15,48,19:45,10,1,,,0.0,false,14.8,230.09506416450162,false
1,38,17:15,49,20:00,11,1,,,0.0,false,14.8,230.09506416450162,false
1,38,17:15,50,20:15,12,1,,,0.0,false,14.8,230.09506416450162,false
1,38,17:15,51,20:30,13,1,,,0.0,false,14.8,230.09506416450162,false
1,38,17:15,52,20:45,14,1,,,0.0,false,14.8,230.09506416450162,false
1,38,17:15,53,21:00,15,1,,,0.0,false,14.8,230.5571808754444,false
1,38,17:15,54,21:15,16,1,,,0.0,false,14.8,231.01929758638718,false
1,38,17:15,55,21:30,17,1,,,0.0,false,14.8,231.48141429732996,false
1,38,17:15,56,21:45,18,1,,,0.0,false,14.8,231.94353100827274,false
1,38,17:15,57,22:00,19,1,,,0.0,false,14.8,232.40564771921552,false
1,38,17:15,58,22:15,20,1,,,0.0,false,14.8,232.8677644301583,false
1,38,17:15,59,22:30,21,1,,,0.0,false,14.8,233.32988114110108,false
1,38,17:15,60,22:45,22,1,,,0.0,false,14.8,233.79199785204386,false
1,38,17:15,61,23:00,23,1,,,0.0,false,14.8,234.25411456298664,false
1,38,17:15,62,23:15,24,1,,,0.0,false,14.8,234.71623127392942,false
1,38,17:15,63,23:30,25,1,,,0.0,false,14.8,235.1783479848722,false
1,38,17:15,64,23:45,26,1,,,0.0,false,14.8,235.21226524983103,false
1,38,17:15,65,00:00,27,1,,,0.0,false,14.8,235.67438196077381,false
1,38,17:15,66,00:15,28,1,,,0.0,false,14.8,236.1364986717166,false
1,38,17:15,67,00:30,29,1,,,0.0,false,14.8,236.59861538265937,false
1,38,17:15,68,00:45,30,1,,,0.0,false,14.8,237.06073209360216,false
1,38,17:15,69,01:00,31,1,,,0.0,false,14.8,237.52284880454494,false
1,38,17:15,70,01:15,32,1,,,0.0,false,14.8,237.98496551548772,false
1,38,17:15,71,01:30,33,1,,,0.0,false,14.8,238.4470822264305,false
1,38,17:15,72,01:45,34,1,,,0.0,false,14.8,238.90919893737328,false
1,38,17:15,73,02:00,35,1,,,0.0,false,14.8,239.37131564831606,false
1,38,17:15,74,02:15,36,1,,,0.0,false,14.8,239.83343235925884,false
1,38,17:15,75,02:30,37,1,,,0.0,false,14.8,240.29554907020162,false
1,38,17:15,76,02:45,38,1,,,0.0,false,14.8,240.7576657811444,false
1,38,17:15,77,03:00,39,1,,,0.0,false,14.8,241.21978249208718,false
1,38,17:15,78,03:15,40,1,,,0.0,false,14.8,241.68189920302996,false
1,38,17:15,79,03:30,41,1,,,0.0,false,14.8,242.14401591397274,false
1,38,17:15,80,03:45,42,1,,,0.0,false,14.8,242.60613262491552,false
1,38,17:15,81,04:00,43,1,,,0.0,false,14.8,243.0682493358583,false
1,38,17:15,82,04:15,44,1,,,0.0,false,14.8,243.53036604680108,false
1,38,17:15,83,04:30,45,1,,,0.0,false,14.8,243.99248275774386,false
1,38,17:15,84,04:45,46,1,,,0.0,false,14.8,244.45459946868664,false
1,38,17:15,85,05:00,47,1,,,0.0,false,14.8,244.91671617962942,false
1,38,17:15,86,05:15,48,1,,,0.0,false,14.8,245.3788328905722,false
1,38,17:15,87,05:30,49,1,,,0.0,false,14.8,245.84094960151498,false
1,38,17:15,88,05:45,50,1,,,0.0,false,14.8,246.30306631245776,false
1,38,17:15,89,06:00,51,1,,,0.0,false,14.8,246.76518302340054,false
1,38,17:15,90,06:15,52,1,,,0.0,false,14.8,247.22729973434332,false
1,38,17:15,91,06:30,53,1,,,0.0,false,14.8,247.6894164452861,false
1,38,17:15,92,06:45,54,1,,,0.0,false,14.8,248.15153315622888,false
1,38,17:15,93,07:00,55,1,,,0.0,false,14.8,248.61364986717166,false
1,38,17:15,94,07:15,56,1,,,0.0,false,14.8,249.07576657811444,false
1,38,17:15,95,07:30,57,1,,,0.0,false,14.8,249.53788328905722,false
1,38,17:15,96,07:45,58,1,,,0.0,false,14.8,250.0,false
1,39,17:30,39,17:30,0,1,,Charging,0.0,true,9.452331578947376,236.13126186095883,false
1,39,17:30,40,17:45,1,1,,Charging,0.0,true,11.35233157894738,234.0259987030641,false
1,39,17:30,41,18:00,2,1,,Charging,0.0,true,12.900000000000002,232.31113064649608,false
1,39,17:30,42,18:15,3,1,,Charging,0.0,true,14.800000000000008,230.20586748860134,false
1,39,17:30,43,18:30,4,1,,,0.0,false,14.8,230.20586748860134,false
1,39,17:30,44,18:45,5,1,,,0.0,false,14.8,230.20586748860134,false
1,39,17:30,45,19:00,6,1,,,0.0,false,14.8,230.20586748860134,false
1,39,17:30,46,19:15,7,1,,,0.0,false,14.8,230.20586748860134,false
1,39,17:30,47,19:30,8,1,,,0.0,false,14.8,230.20586748860134,false
1,39,17:30,48,19:45,9,1,,,0.0,false,14.8,230.20586748860134,false
1,39,17:30,49,20:00,10,1,,,0.0,false,14.8,230.20586748860134,false
1,39,17:30,50,20:15,11,1,,,0.0,false,14.8,230.20586748860134,false
1,39,17:30,51,20:30,12,1,,,0.0,false,14.8,230.20586748860134,false
1,39,17:30,52,20:45,13,1,,,0.0,false,14.8,230.20586748860134,false
1,39,17:30,53,21:00,14,1,,,0.0,false,14.8,230.66798419954412,false
1,39,17:30,54,21:15,15,1,,,0.0,false,14.8,231.1301009104869,false
1,39,17:30,55,21:30,16,1,,,0.0,false,14.8,231.59221762142968,false
1,39,17:30,56,21:45,17,1,,,0.0,false,14.8,232.05433433237246,false
1,39,17:30,57,22:00,18,1,,,0.0,false,14.8,232.51645104331524,false
1,39,17:30,58,22:15,19,1,,,0.0,false,14.8,232.97856775425802,false
1,39,17:30,59,22:30,20,1,,,0.0,false,14.8,233.44068446520075,false
1,39,17:30,60,22:45,21,1,,,0.0,false,14.8,233.90280117614353,false
1,39,17:30,61,23:00,22,1,,,0.0,false,14.8,234.2880318279456,false
1,39,17:30,62,23:15,23,1,,,0.0,false,14.8,234.75014853888837,false
1,39,17:30,63,23:30,24,1,,,0.0,false,14.8,235.21226524983112,false
1,39,17:30,64,23:45,25,1,,,0.0,false,14.8,235.21226524983112,false
1,39,17:30,65,00:00,26,1,,,0.0,false,14.8,235.6743819607739,false
1,39,17:30,66,00:15,27,1,,,0.0,false,14.8,236.13649867171668,false
1,39,17:30,67,00:30,28,1,,,0.0,false,14.8,236.59861538265943,false
1,39,17:30,68,00:45,29,1,,,0.0,false,14.8,237.0607320936022,false
1,39,17:30,69,01:00,30,1,,,0.0,false,14.8,237.522848804545,false
1,39,17:30,70,01:15,31,1,,,0.0,false,14.8,237.98496551548777,false
1,39,17:30,71,01:30,32,1,,,0.0,false,14.8,238.44708222643055,false
1,39,17:30,72,01:45,33,1,,,0.0,false,14.8,238.90919893737333,false
1,39,17:30,73,02:00,34,1,,,0.0,false,14.8,239.3713156483161,false
1,39,17:30,74,02:15,35,1,,,0.0,false,14.8,239.8334323592589,false
1,39,17:30,75,02:30,36,1,,,0.0,false,14.8,240.29554907020167,false
1,39,17:30,76,02:45,37,1,,,0.0,false,14.8,240.75766578114445,false
1,39,17:30,77,03:00,38,1,,,0.0,false,14.8,241.21978249208723,false
1,39,17:30,78,03:15,39,1,,,0.0,false,14.8,241.68189920303,false
1,39,17:30,79,03:30,40,1,,,0.0,false,14.8,242.1440159139728,false
1,39,17:30,80,03:45,41,1,,,0.0,false,14.8,242.60613262491557,false
1,39,17:30,81,04:00,42,1,,,0.0,false,14.8,243.06824933585835,false
1,39,17:30,82,04:15,43,1,,,0.0,false,14.8,243.53036604680113,false
1,39,17:30,83,04:30,44,1,,,0.0,false,14.8,243.99248275774391,false
1,39,17:30,84,04:45,45,1,,,0.0,false,14.8,244.4545994686867,false
1,39,17:30,85,05:00,46,1,,,0.0,false,14.8,244.91671617962947,false
1,39,17:30,86,05:15,47,1,,,0.0,false,14.8,245.37883289057226,false
1,39,17:30,87,05:30,48,1,,,0.0,false,14.8,245.84094960151504,false
1,39,17:30,88,05:45,49,1,,,0.0,false,14.8,246.30306631245782,false
1,39,17:30,89,06:00,50,1,,,0.0,false,14.8,246.76518302340057,false
1,39,17:30,90,06:15,51,1,,,0.0,false,14.8,247.22729973434335,false
1,39,17:30,91,06:30,52,1,,,0.0,false,14.8,247.68941644528613,false
1,39,17:30,92,06:45,53,1,,,0.0,false,14.8,248.1515331562289,false
1,39,17:30,93,07:00,54,1,,,0.0,false,14.8,248.6136498671717,false
1,39,17:30,94,07:15,55,1,,,0.0,false,14.8,249.07576657811444,false
1,39,17:30,95,07:30,56,1,,,0.0,false,14.8,249.53788328905722,false
1,39,17:30,96,07:45,57,1,,,0.0,false,14.8,250.0,false
1,40,17:45,40,17:45,0,1,,Charging,0.0,true,11.452331578947378,234.0259987030641,false
1,40,17:45,41,18:00,1,1,,Charging,0.0,true,13.352331578947378,231.92073554516935,false
1,40,17:45,42,18:15,2,1,,Charging,0.0,true,14.8,230.31667081270106,false
1,40,17:45,43,18:30,3,1,,,0.0,false,14.8,230.31667081270106,false
1,40,17:45,44,18:45,4,1,,,0.0,false,14.8,230.31667081270106,false
1,40,17:45,45,19:00,5,1,,,0.0,false,14.8,230.31667081270106,false
1,40,17:45,46,19:15,6,1,,,0.0,false,14.8,230.31667081270106,false
1,40,17:45,47,19:30,7,1,,,0.0,false,14.8,230.31667081270106,false
1,40,17:45,48,19:45,8,1,,,0.0,false,14.8,230.31667081270106,false
1,40,17:45,49,20:00,9,1,,,0.0,false,14.8,230.31667081270106,false
1,40,17:45,50,20:15,10,1,,,0.0,false,14.8,230.31667081270106,false
1,40,17:45,51,20:30,11,1,,,0.0,false,14.8,230.31667081270106,false
1,40,17:45,52,20:45,12,1,,,0.0,false,14.8,230.31667081270106,false
1,40,17:45,53,21:00,13,1,,,0.0,false,14.8,230.77878752364384,false
1,40,17:45,54,21:15,14,1,,,0.0,false,14.8,231.24090423458662,false
1,40,17:45,55,21:30,15,1,,,0.0,false,14.8,231.7030209455294,false
1,40,17:45,56,21:45,16,1,,,0.0,false,14.8,232.16513765647218,false
1,40,17:45,57,22:00,17,1,,,0.0,false,14.8,232.62725436741496,false
1,40,17:45,58,22:15,18,1,,,0.0,false,14.8,233.08937107835774,false
1,40,17:45,59,22:30,19,1,,,0.0,false,14.8,233.55148778930052,false
1,40,17:45,60,22:45,20,1,,,0.0,false,14.8,234.0136045002433,false
1,40,17:45,61,23:00,21,1,,,0.0,false,14.8,234.28803182794547,false
1,40,17:45,62,23:15,22,1,,,0.0,false,14.8,234.75014853888825,false
1,40,17:45,63,23:30,23,1,,,0.0,false,14.8,235.21226524983103,false
1,40,17:45,64,23:45,24,1,,,0.0,false,14.8,235.21226524983103,false
1,40,17:45,65,00:00,25,1,,,0.0,false,14.8,235.67438196077381,false
1,40,17:45,66,00:15,26,1,,,0.0,false,14.8,236.1364986717166,false
1,40,17:45,67,00:30,27,1,,,0.0,false,14.8,236.59861538265937,false
1,40,17:45,68,00:45,28,1,,,0.0,false,14.8,237.06073209360216,false
1,40,17:45,69,01:00,29,1,,,0.0,false,14.8,237.52284880454494,false
1,40,17:45,70,01:15,30,1,,,0.0,false,14.8,237.98496551548772,false
1,40,17:45,71,01:30,31,1,,,0.0,false,14.8,238.4470822264305,false
1,40,17:45,72,01:45,32,1,,,0.0,false,14.8,238.90919893737328,false
1,40,17:45,73,02:00,33,1,,,0.0,false,14.8,239.37131564831606,false
1,40,17:45,74,02:15,34,1,,,0.0,false,14.8,239.83343235925878,false
1,40,17:45,75,02:30,35,1,,,0.0,false,14.8,240.29554907020156,false
1,40,17:45,76,02:45,36,1,,,0.0,false,14.8,240.7576657811443,false
1,40,17:45,77,03:00,37,1,,,0.0,false,14.8,241.2197824920871,false
1,40,17:45,78,03:15,38,1,,,0.0,false,14.8,241.68189920302987,false
1,40,17:45,79,03:30,39,1,,,0.0,false,14.8,242.14401591397262,false
1,40,17:45,80,03:45,40,1,,,0.0,false,14.8,242.6061326249154,false
1,40,17:45,81,04:00,41,1,,,0.0,false,14.8,243.06824933585847,false
1,40,17:45,82,04:15,42,1,,,0.0,false,14.8,243.53036604680125,false
1,40,17:45,83,04:30,43,1,,,0.0,false,14.8,243.992482757744,false
1,40,17:45,84,04:45,44,1,,,0.0,false,14.8,244.45459946868678,false
1,40,17:45,85,05:00,45,1,,,0.0,false,14.8,244.91671617962953,false
1,40,17:45,86,05:15,46,1,,,0.0,false,14.8,245.3788328905723,false
1,40,17:45,87,05:30,47,1,,,0.0,false,14.8,245.8409496015151,false
1,40,17:45,88,05:45,48,1,,,0.0,false,14.8,246.30306631245784,false
1,40,17:45,89,06:00,49,1,,,0.0,false,14.8,246.76518302340062,false
1,40,17:45,90,06:15,50,1,,,0.0,false,14.8,247.22729973434338,false
1,40,17:45,91,06:30,51,1,,,0.0,false,14.8,247.68941644528616,false
1,40,17:45,92,06:45,52,1,,,0.0,false,14.8,248.1515331562289,false
1,40,17:45,93,07:00,53,1,,,0.0,false,14.8,248.6136498671717,false
1,40,17:45,94,07:15,54,1,,,0.0,false,14.8,249.07576657811444,false
1,40,17:45,95,07:30,55,1,,,0.0,false,14.8,249.53788328905722,false
1,40,17:45,96,07:45,56,1,,,0.0,false,14.8,250.0,false
1,41,18:00,41,18:00,0,1,,Charging,0.0,true,13.452331578947378,231.92073554516935,false
1,41,18:00,42,18:15,1,1,,Charging,0.0,true,14.8,230.42747413680078,false
1,41,18:00,43,18:30,2,1,,,0.0,false,14.8,230.42747413680078,false
1,41,18:00,44,18:45,3,1,,,0.0,false,14.8,230.42747413680078,false
1,41,18:00,45,19:00,4,1,,,0.0,false,14.8,230.42747413680078,false
1,41,18:00,46,19:15,5,1,,,0.0,false,14.8,230.42747413680078,false
1,41,18:00,47,19:30,6,1,,,0.0,false,14.8,230.42747413680078,false
1,41,18:00,48,19:45,7,1,,,0.0,false,14.8,230.42747413680078,false
1,41,18:00,49,20:00,8,1,,,0.0,false,14.8,230.42747413680078,false
1,41,18:00,50,20:15,9,1,,,0.0,false,14.8,230.42747413680078,false
1,41,18:00,51,20:30,10,1,,,0.0,false,14.8,230.42747413680078,false
1,41,18:00,52,20:45,11,1,,,0.0,false,14.8,230.42747413680078,false
1,41,18:00,53,21:00,12,1,,,0.0,false,14.8,230.88959084774356,false
1,41,18:00,54,21:15,13,1,,,0.0,false,14.8,231.35170755868634,false
1,41,18:00,55,21:30,14,1,,,0.0,false,14.8,231.81382426962915,false
1,41,18:00,56,21:45,15,1,,,0.0,false,14.8,232.27594098057193,false
1,41,18:00,57,22:00,16,1,,,0.0,false,14.8,232.7380576915147,false
1,41,18:00,58,22:15,17,1,,,0.0,false,14.8,233.2001744024575,false
1,41,18:00,59,22:30,18,1,,,0.0,false,14.8,233.66229111340027,false
1,41,18:00,60,22:45,19,1,,,0.0,false,14.8,234.12440782434305,false
1,41,18:00,61,23:00,20,1,,,0.0,false,14.8,234.2880318279456,false
1,41,18:00,62,23:15,21,1,,,0.0,false,14.8,234.7501485388885,false
1,41,18:00,63,23:30,22,1,,,0.0,false,14.8,235.2122652498313,false
1,41,18:00,64,23:45,23,1,,,0.0,false,14.8,235.2122652498313,false
1,41,18:00,65,00:00,24,1,,,0.0,false,14.8,235.67438196077407,false
1,41,18:00,66,00:15,25,1,,,0.0,false,14.8,236.13649867171682,false
1,41,18:00,67,00:30,26,1,,,0.0,false,14.8,236.5986153826596,false
1,41,18:00,68,00:45,27,1,,,0.0,false,14.8,237.06073209360238,false
1,41,18:00,69,01:00,28,1,,,0.0,false,14.8,237.52284880454516,false
1,41,18:00,70,01:15,29,1,,,0.0,false,14.8,237.98496551548794,false
1,41,18:00,71,01:30,30,1,,,0.0,false,14.8,238.4470822264307,false
1,41,18:00,72,01:45,31,1,,,0.0,false,14.8,238.90919893737347,false
1,41,18:00,73,02:00,32,1,,,0.0,false,14.8,239.37131564831625,false
1,41,18:00,74,02:15,33,1,,,0.0,false,14.8,239.83343235925904,false
1,41,18:00,75,02:30,34,1,,,0.0,false,14.8,240.29554907020176,false
1,41,18:00,76,02:45,35,1,,,0.0,false,14.8,240.75766578114454,false
1,41,18:00,77,03:00,36,1,,,0.0,false,14.8,241.2197824920873,false
1,41,18:00,78,03:15,37,1,,,0.0,false,14.8,241.68189920303007,false
1,41,18:00,79,03:30,38,1,,,0.0,false,14.8,242.14401591397285,false
1,41,18:00,80,03:45,39,1,,,0.0,false,14.8,242.60613262491566,false
1,41,18:00,81,04:00,40,1,,,0.0,false,14.8,243.06824933585844,false
1,41,18:00,82,04:15,41,1,,,0.0,false,14.8,243.5303660468012,false
1,41,18:00,83,04:30,42,1,,,0.0,false,14.8,243.99248275774397,false
1,41,18:00,84,04:45,43,1,,,0.0,false,14.8,244.45459946868672,false
1,41,18:00,85,05:00,44,1,,,0.0,false,14.8,244.9167161796295,false
1,41,18:00,86,05:15,45,1,,,0.0,false,14.8,245.37883289057228,false
1,41,18:00,87,05:30,46,1,,,0.0,false,14.8,245.84094960151506,false
1,41,18:00,88,05:45,47,1,,,0.0,false,14.8,246.30306631245784,false
1,41,18:00,89,06:00,48,1,,,0.0,false,14.8,246.76518302340062,false
1,41,18:00,90,06:15,49,1,,,0.0,false,14.8,247.2272997343434,false
1,41,18:00,91,06:30,50,1,,,0.0,false,14.8,247.68941644528613,false
1,41,18:00,92,06:45,51,1,,,0.0,false,14.8,248.1515331562289,false
1,41,18:00,93,07:00,52,1,,,0.0,false,14.8,248.6136498671717,false
1,41,18:00,94,07:15,53,1,,,0.0,false,14.8,249.07576657811447,false
1,41,18:00,95,07:30,54,1,,,0.0,false,14.8,249.53788328905722,false
1,41,18:00,96,07:45,55,1,,,0.0,false,14.8,250.0,false
1,42,18:15,42,18:15,0,1,,Charging,0.0,true,14.8,230.5382774609005,false
1,42,18:15,43,18:30,1,1,,,0.0,false,14.8,230.5382774609005,false
1,42,18:15,44,18:45,2,1,,,0.0,false,14.8,230.5382774609005,false
1,42,18:15,45,19:00,3,1,,,0.0,false,14.8,230.5382774609005,false
1,42,18:15,46,19:15,4,1,,,0.0,false,14.8,230.5382774609005,false
1,42,18:15,47,19:30,5,1,,,0.0,false,14.8,230.5382774609005,false
1,42,18:15,48,19:45,6,1,,,0.0,false,14.8,230.5382774609005,false
1,42,18:15,49,20:00,7,1,,,0.0,false,14.8,230.5382774609005,false
1,42,18:15,50,20:15,8,1,,,0.0,false,14.8,230.5382774609005,false
1,42,18:15,51,20:30,9,1,,,0.0,false,14.8,230.5382774609005,false
1,42,18:15,52,20:45,10,1,,,0.0,false,14.8,230.5382774609005,false
1,42,18:15,53,21:00,11,1,,,0.0,false,14.8,231.00039417184328,false
1,42,18:15,54,21:15,12,1,,,0.0,false,14.8,231.4625108827861,false
1,42,18:15,55,21:30,13,1,,,0.0,false,14.8,231.92462759372887,false
1,42,18:15,56,21:45,14,1,,,0.0,false,14.8,232.38674430467165,false
1,42,18:15,57,22:00,15,1,,,0.0,false,14.8,232.84886101561443,false
1,42,18:15,58,22:15,16,1,,,0.0,false,14.8,233.3109777265572,false
1,42,18:15,59,22:30,17,1,,,0.0,false,14.8,233.7730944375,false
1,42,18:15,60,22:45,18,1,,,0.0,false,14.8,234.23521114844277,false
1,42,18:15,61,23:00,19,1,,,0.0,false,14.8,234.28803182794573,false
1,42,18:15,62,23:15,20,1,,,0.0,false,14.8,234.7501485388885,false
1,42,18:15,63,23:30,21,1,,,0.0,false,14.8,235.2122652498313,false
1,42,18:15,64,23:45,22,1,,,0.0,false,14.8,235.2122652498313,false
1,42,18:15,65,00:00,23,1,,,0.0,false,14.8,235.67438196077407,false
1,42,18:15,66,00:15,24,1,,,0.0,false,14.8,236.13649867171685,false
1,42,18:15,67,00:30,25,1,,,0.0,false,14.8,236.59861538265963,false
1,42,18:15,68,00:45,26,1,,,0.0,false,14.8,237.0607320936024,false
1,42,18:15,69,01:00,27,1,,,0.0,false,14.8,237.5228488045452,false
1,42,18:15,70,01:15,28,1,,,0.0,false,14.8,237.98496551548797,false
1,42,18:15,71,01:30,29,1,,,0.0,false,14.8,238.44708222643075,false
1,42,18:15,72,01:45,30,1,,,0.0,false,14.8,238.90919893737353,false
1,42,18:15,73,02:00,31,1,,,0.0,false,14.8,239.3713156483163,false
1,42,18:15,74,02:15,32,1,,,0.0,false,14.8,239.8334323592591,false
1,42,18:15,75,02:30,33,1,,,0.0,false,14.8,240.29554907020187,false
1,42,18:15,76,02:45,34,1,,,0.0,false,14.8,240.75766578114465,false
1,42,18:15,77,03:00,35,1,,,0.0,false,14.8,241.2197824920874,false
1,42,18:15,78,03:15,36,1,,,0.0,false,14.8,241.68189920303018,false
1,42,18:15,79,03:30,37,1,,,0.0,false,14.8,242.14401591397294,false
1,42,18:15,80,03:45,38,1,,,0.0,false,14.8,242.60613262491572,false
1,42,18:15,81,04:00,39,1,,,0.0,false,14.8,243.06824933585847,false
1,42,18:15,82,04:15,40,1,,,0.0,false,14.8,243.53036604680125,false
1,42,18:15,83,04:30,41,1,,,0.0,false,14.8,243.99248275774403,false
1,42,18:15,84,04:45,42,1,,,0.0,false,14.8,244.45459946868678,false
1,42,18:15,85,05:00,43,1,,,0.0,false,14.8,244.91671617962956,false
1,42,18:15,86,05:15,44,1,,,0.0,false,14.8,245.37883289057228,false
1,42,18:15,87,05:30,45,1,,,0.0,false,14.8,245.84094960151506,false
1,42,18:15,88,05:45,46,1,,,0.0,false,14.8,246.30306631245782,false
1,42,18:15,89,06:00,47,1,,,0.0,false,14.8,246.7651830234006,false
1,42,18:15,90,06:15,48,1,,,0.0,false,14.8,247.22729973434335,false
1,42,18:15,91,06:30,49,1,,,0.0,false,14.8,247.68941644528613,false
1,42,18:15,92,06:45,50,1,,,0.0,false,14.8,248.1515331562289,false
1,42,18:15,93,07:00,51,1,,,0.0,false,14.8,248.61364986717166,false
1,42,18:15,94,07:15,52,1,,,0.0,false,14.8,249.07576657811444,false
1,42,18:15,95,07:30,53,1,,,0.0,false,14.8,249.53788328905722,false
1,42,18:15,96,07:45,54,1,,,0.0,false,14.8,250.0,false
1,43,18:30,43,18:30,0,1,,,0.0,false,14.8,230.5382774609005,false
1,43,18:30,44,18:45,1,1,,,0.0,false,14.8,230.5382774609005,false
1,43,18:30,45,19:00,2,1,,,0.0,false,14.8,230.5382774609005,false
1,43,18:30,46,19:15,3,1,,,0.0,false,14.8,230.5382774609005,false
1,43,18:30,47,19:30,4,1,,,0.0,false,14.8,230.5382774609005,false
1,43,18:30,48,19:45,5,1,,,0.0,false,14.8,230.5382774609005,false
1,43,18:30,49,20:00,6,1,,,0.0,false,14.8,230.5382774609005,false
1,43,18:30,50,20:15,7,1,,,0.0,false,14.8,230.5382774609005,false
1,43,18:30,51,20:30,8,1,,,0.0,false,14.8,230.5382774609005,false
1,43,18:30,52,20:45,9,1,,,0.0,false,14.8,230.5382774609005,false
1,43,18:30,53,21:00,10,1,,,0.0,false,14.8,231.00039417184328,false
1,43,18:30,54,21:15,11,1,,,0.0,false,14.8,231.46251088278603,false
1,43,18:30,55,21:30,12,1,,,0.0,false,14.8,231.92462759372881,false
1,43,18:30,56,21:45,13,1,,,0.0,false,14.8,232.38674430467157,false
1,43,18:30,57,22:00,14,1,,,0.0,false,14.8,232.84886101561435,false
1,43,18:30,58,22:15,15,1,,,0.0,false,14.8,233.3109777265571,false
1,43,18:30,59,22:30,16,1,,,0.0,false,14.8,233.77309443749988,false
1,43,18:30,60,22:45,17,1,,,0.0,false,14.8,234.23521114844263,false
1,43,18:30,61,23:00,18,1,,,0.0,false,14.8,234.28803182794587,false
1,43,18:30,62,23:15,19,1,,,0.0,false,14.8,234.75014853888865,false
1,43,18:30,63,23:30,20,1,,,0.0,false,14.8,235.21226524983143,false
1,43,18:30,64,23:45,21,1,,,0.0,false,14.8,235.21226524983143,false
1,43,18:30,65,00:00,22,1,,,0.0,false,14.8,235.67438196077418,false
1,43,18:30,66,00:15,23,1,,,0.0,false,14.8,236.13649867171696,false
1,43,18:30,67,00:30,24,1,,,0.0,false,14.8,236.59861538265972,false
1,43,18:30,68,00:45,25,1,,,0.0,false,14.8,237.0607320936025,false
1,43,18:30,69,01:00,26,1,,,0.0,false,14.8,237.52284880454525,false
1,43,18:30,70,01:15,27,1,,,0.0,false,14.8,237.98496551548803,false
1,43,18:30,71,01:30,28,1,,,0.0,false,14.8,238.4470822264308,false
1,43,18:30,72,01:45,29,1,,,0.0,false,14.8,238.90919893737356,false
1,43,18:30,73,02:00,30,1,,,0.0,false,14.8,239.37131564831634,false
1,43,18:30,74,02:15,31,1,,,0.0,false,14.8,239.8334323592591,false
1,43,18:30,75,02:30,32,1,,,0.0,false,14.8,240.29554907020187,false
1,43,18:30,76,02:45,33,1,,,0.0,false,14.8,240.75766578114462,false
1,43,18:30,77,03:00,34,1,,,0.0,false,14.8,241.2197824920874,false
1,43,18:30,78,03:15,35,1,,,0.0,false,14.8,241.68189920303016,false
1,43,18:30,79,03:30,36,1,,,0.0,false,14.8,242.14401591397294,false
1,43,18:30,80,03:45,37,1,,,0.0,false,14.8,242.60613262491572,false
1,43,18:30,81,04:00,38,1,,,0.0,false,14.8,243.06824933585847,false
1,43,18:30,82,04:15,39,1,,,0.0,false,14.8,243.53036604680125,false
1,43,18:30,83,04:30,40,1,,,0.0,false,14.8,243.992482757744,false
1,43,18:30,84,04:45,41,1,,,0.0,false,14.8,244.45459946868678,false
1,43,18:30,85,05:00,42,1,,,0.0,false,14.8,244.91671617962953,false
1,43,18:30,86,05:15,43,1,,,0.0,false,14.8,245.3788328905723,false
1,43,18:30,87,05:30,44,1,,,0.0,false,14.8,245.84094960151506,false
1,43,18:30,88,05:45,45,1,,,0.0,false,14.8,246.30306631245784,false
1,43,18:30,89,06:00,46,1,,,0.0,false,14.8,246.76518302340062,false
1,43,18:30,90,06:15,47,1,,,0.0,false,14.8,247.22729973434338,false
1,43,18:30,91,06:30,48,1,,,0.0,false,14.8,247.68941644528616,false
1,43,18:30,92,06:45,49,1,,,0.0,false,14.8,248.1515331562289,false
1,43,18:30,93,07:00,50,1,,,0.0,false,14.8,248.6136498671717,false
1,43,18:30,94,07:15,51,1,,,0.0,false,14.8,249.07576657811447,false
1,43,18:30,95,07:30,52,1,,,0.0,false,14.8,249.53788328905722,false
1,43,18:30,96,07:45,53,1,,,0.0,false,14.8,250.0,false
1,44,18:45,44,18:45,0,1,,,0.0,false,14.8,230.5382774609005,false
1,44,18:45,45,19:00,1,1,,,0.0,false,14.8,230.5382774609005,false
1,44,18:45,46,19:15,2,1,,,0.0,false,14.8,230.5382774609005,false
1,44,18:45,47,19:30,3,1,,,0.0,false,14.8,230.5382774609005,false
1,44,18:45,48,19:45,4,1,,,0.0,false,14.8,230.5382774609005,false
1,44,18:45,49,20:00,5,1,,,0.0,false,14.8,230.5382774609005,false
1,44,18:45,50,20:15,6,1,,,0.0,false,14.8,230.5382774609005,false
1,44,18:45,51,20:30,7,1,,,0.0,false,14.8,230.5382774609005,false
1,44,18:45,52,20:45,8,1,,,0.0,false,14.8,230.5382774609005,false
1,44,18:45,53,21:00,9,1,,,0.0,false,14.8,231.00039417184328,false
1,44,18:45,54,21:15,10,1,,,0.0,false,14.8,231.46251088278603,false
1,44,18:45,55,21:30,11,1,,,0.0,false,14.8,231.92462759372881,false
1,44,18:45,56,21:45,12,1,,,0.0,false,14.8,232.38674430467157,false
1,44,18:45,57,22:00,13,1,,,0.0,false,14.8,232.84886101561435,false
1,44,18:45,58,22:15,14,1,,,0.0,false,14.8,233.3109777265571,false
1,44,18:45,59,22:30,15,1,,,0.0,false,14.8,233.77309443749988,false
1,44,18:45,60,22:45,16,1,,,0.0,false,14.8,234.23521114844263,false
1,44,18:45,61,23:00,17,1,,,0.0,false,14.8,234.28803182794587,false
1,44,18:45,62,23:15,18,1,,,0.0,false,14.8,234.75014853888865,false
1,44,18:45,63,23:30,19,1,,,0.0,false,14.8,235.21226524983143,false
1,44,18:45,64,23:45,20,1,,,0.0,false,14.8,235.21226524983143,false
1,44,18:45,65,00:00,21,1,,,0.0,false,14.8,235.67438196077418,false
1,44,18:45,66,00:15,22,1,,,0.0,false,14.8,236.13649867171696,false
1,44,18:45,67,00:30,23,1,,,0.0,false,14.8,236.59861538265972,false
1,44,18:45,68,00:45,24,1,,,0.0,false,14.8,237.0607320936025,false
1,44,18:45,69,01:00,25,1,,,0.0,false,14.8,237.52284880454525,false
1,44,18:45,70,01:15,26,1,,,0.0,false,14.8,237.98496551548803,false
1,44,18:45,71,01:30,27,1,,,0.0,false,14.8,238.4470822264308,false
1,44,18:45,72,01:45,28,1,,,0.0,false,14.8,238.90919893737356,false
1,44,18:45,73,02:00,29,1,,,0.0,false,14.8,239.37131564831634,false
1,44,18:45,74,02:15,30,1,,,0.0,false,14.8,239.8334323592591,false
1,44,18:45,75,02:30,31,1,,,0.0,false,14.8,240.29554907020187,false
1,44,18:45,76,02:45,32,1,,,0.0,false,14.8,240.75766578114462,false
1,44,18:45,77,03:00,33,1,,,0.0,false,14.8,241.2197824920874,false
1,44,18:45,78,03:15,34,1,,,0.0,false,14.8,241.68189920303016,false
1,44,18:45,79,03:30,35,1,,,0.0,false,14.8,242.14401591397294,false
1,44,18:45,80,03:45,36,1,,,0.0,false,14.8,242.60613262491572,false
1,44,18:45,81,04:00,37,1,,,0.0,false,14.8,243.06824933585847,false
1,44,18:45,82,04:15,38,1,,,0.0,false,14.8,243.53036604680125,false
1,44,18:45,83,04:30,39,1,,,0.0,false,14.8,243.992482757744,false
1,44,18:45,84,04:45,40,1,,,0.0,false,14.8,244.45459946868678,false
1,44,18:45,85,05:00,41,1,,,0.0,false,14.8,244.91671617962953,false
1,44,18:45,86,05:15,42,1,,,0.0,false,14.8,245.3788328905723,false
1,44,18:45,87,05:30,43,1,,,0.0,false,14.8,245.84094960151506,false
1,44,18:45,88,05:45,44,1,,,0.0,false,14.8,246.30306631245784,false
1,44,18:45,89,06:00,45,1,,,0.0,false,14.8,246.76518302340062,false
1,44,18:45,90,06:15,46,1,,,0.0,false,14.8,247.22729973434338,false
1,44,18:45,91,06:30,47,1,,,0.0,false,14.8,247.68941644528616,false
1,44,18:45,92,06:45,48,1,,,0.0,false,14.8,248.1515331562289,false
1,44,18:45,93,07:00,49,1,,,0.0,false,14.8,248.6136498671717,false
1,44,18:45,94,07:15,50,1,,,0.0,false,14.8,249.07576657811447,false
1,44,18:45,95,07:30,51,1,,,0.0,false,14.8,249.53788328905722,false
1,44,18:45,96,07:45,52,1,,,0.0,false,14.8,250.0,false
1,45,19:00,45,19:00,0,1,,,0.0,false,14.8,230.5382774609005,false
1,45,19:00,46,19:15,1,1,,,0.0,false,14.8,230.5382774609005,false
1,45,19:00,47,19:30,2,1,,,0.0,false,14.8,230.5382774609005,false
1,45,19:00,48,19:45,3,1,,,0.0,false,14.8,230.5382774609005,false
1,45,19:00,49,20:00,4,1,,,0.0,false,14.8,230.5382774609005,false
1,45,19:00,50,20:15,5,1,,,0.0,false,14.8,230.5382774609005,false
1,45,19:00,51,20:30,6,1,,,0.0,false,14.8,230.5382774609005,false
1,45,19:00,52,20:45,7,1,,,0.0,false,14.8,230.5382774609005,false
1,45,19:00,53,21:00,8,1,,,0.0,false,14.8,231.00039417184328,false
1,45,19:00,54,21:15,9,1,,,0.0,false,14.8,231.46251088278603,false
1,45,19:00,55,21:30,10,1,,,0.0,false,14.8,231.92462759372881,false
1,45,19:00,56,21:45,11,1,,,0.0,false,14.8,232.38674430467157,false
1,45,19:00,57,22:00,12,1,,,0.0,false,14.8,232.84886101561435,false
1,45,19:00,58,22:15,13,1,,,0.0,false,14.8,233.3109777265571,false
1,45,19:00,59,22:30,14,1,,,0.0,false,14.8,233.77309443749988,false
1,45,19:00,60,22:45,15,1,,,0.0,false,14.8,234.23521114844263,false
1,45,19:00,61,23:00,16,1,,,0.0,false,14.8,234.28803182794587,false
1,45,19:00,62,23:15,17,1,,,0.0,false,14.8,234.75014853888865,false
1,45,19:00,63,23:30,18,1,,,0.0,false,14.8,235.21226524983143,false
1,45,19:00,64,23:45,19,1,,,0.0,false,14.8,235.21226524983143,false
1,45,19:00,65,00:00,20,1,,,0.0,false,14.8,235.67438196077418,false
1,45,19:00,66,00:15,21,1,,,0.0,false,14.8,236.13649867171696,false
1,45,19:00,67,00:30,22,1,,,0.0,false,14.8,236.59861538265972,false
1,45,19:00,68,00:45,23,1,,,0.0,false,14.8,237.0607320936025,false
1,45,19:00,69,01:00,24,1,,,0.0,false,14.8,237.52284880454525,false
1,45,19:00,70,01:15,25,1,,,0.0,false,14.8,237.98496551548803,false
1,45,19:00,71,01:30,26,1,,,0.0,false,14.8,238.4470822264308,false
1,45,19:00,72,01:45,27,1,,,0.0,false,14.8,238.90919893737356,false
1,45,19:00,73,02:00,28,1,,,0.0,false,14.8,239.37131564831634,false
1,45,19:00,74,02:15,29,1,,,0.0,false,14.8,239.8334323592591,false
1,45,19:00,75,02:30,30,1,,,0.0,false,14.8,240.29554907020187,false
1,45,19:00,76,02:45,31,1,,,0.0,false,14.8,240.75766578114462,false
1,45,19:00,77,03:00,32,1,,,0.0,false,14.8,241.2197824920874,false
1,45,19:00,78,03:15,33,1,,,0.0,false,14.8,241.68189920303016,false
1,45,19:00,79,03:30,34,1,,,0.0,false,14.8,242.14401591397294,false
1,45,19:00,80,03:45,35,1,,,0.0,false,14.8,242.60613262491572,false
1,45,19:00,81,04:00,36,1,,,0.0,false,14.8,243.06824933585847,false
1,45,19:00,82,04:15,37,1,,,0.0,false,14.8,243.53036604680125,false
1,45,19:00,83,04:30,38,1,,,0.0,false,14.8,243.992482757744,false
1,45,19:00,84,04:45,39,1,,,0.0,false,14.8,244.45459946868678,false
1,45,19:00,85,05:00,40,1,,,0.0,false,14.8,244.91671617962953,false
1,45,19:00,86,05:15,41,1,,,0.0,false,14.8,245.3788328905723,false
1,45,19:00,87,05:30,42,1,,,0.0,false,14.8,245.84094960151506,false
1,45,19:00,88,05:45,43,1,,,0.0,false,14.8,246.30306631245784,false
1,45,19:00,89,06:00,44,1,,,0.0,false,14.8,246.76518302340062,false
1,45,19:00,90,06:15,45,1,,,0.0,false,14.8,247.22729973434338,false
1,45,19:00,91,06:30,46,1,,,0.0,false,14.8,247.68941644528616,false
1,45,19:00,92,06:45,47,1,,,0.0,false,14.8,248.1515331562289,false
1,45,19:00,93,07:00,48,1,,,0.0,false,14.8,248.6136498671717,false
1,45,19:00,94,07:15,49,1,,,0.0,false,14.8,249.07576657811447,false
1,45,19:00,95,07:30,50,1,,,0.0,false,14.8,249.53788328905722,false
1,45,19:00,96,07:45,51,1,,,0.0,false,14.8,250.0,false
1,46,19:15,46,19:15,0,1,,,0.0,false,14.8,230.5382774609005,false
1,46,19:15,47,19:30,1,1,,,0.0,false,14.8,230.5382774609005,false
1,46,19:15,48,19:45,2,1,,,0.0,false,14.8,230.5382774609005,false
1,46,19:15,49,20:00,3,1,,,0.0,false,14.8,230.5382774609005,false
1,46,19:15,50,20:15,4,1,,,0.0,false,14.8,230.5382774609005,false
1,46,19:15,51,20:30,5,1,,,0.0,false,14.8,230.5382774609005,false
1,46,19:15,52,20:45,6,1,,,0.0,false,14.8,230.5382774609005,false
1,46,19:15,53,21:00,7,1,,,0.0,false,14.8,231.00039417184328,false
1,46,19:15,54,21:15,8,1,,,0.0,false,14.8,231.46251088278603,false
1,46,19:15,55,21:30,9,1,,,0.0,false,14.8,231.92462759372881,false
1,46,19:15,56,21:45,10,1,,,0.0,false,14.8,232.38674430467157,false
1,46,19:15,57,22:00,11,1,,,0.0,false,14.8,232.84886101561435,false
1,46,19:15,58,22:15,12,1,,,0.0,false,14.8,233.3109777265571,false
1,46,19:15,59,22:30,13,1,,,0.0,false,14.8,233.77309443749988,false
1,46,19:15,60,22:45,14,1,,,0.0,false,14.8,234.23521114844263,false
1,46,19:15,61,23:00,15,1,,,0.0,false,14.8,234.28803182794587,false
1,46,19:15,62,23:15,16,1,,,0.0,false,14.8,234.75014853888865,false
1,46,19:15,63,23:30,17,1,,,0.0,false,14.8,235.21226524983143,false
1,46,19:15,64,23:45,18,1,,,0.0,false,14.8,235.21226524983143,false
1,46,19:15,65,00:00,19,1,,,0.0,false,14.8,235.67438196077418,false
1,46,19:15,66,00:15,20,1,,,0.0,false,14.8,236.13649867171696,false
1,46,19:15,67,00:30,21,1,,,0.0,false,14.8,236.59861538265972,false
1,46,19:15,68,00:45,22,1,,,0.0,false,14.8,237.0607320936025,false
1,46,19:15,69,01:00,23,1,,,0.0,false,14.8,237.52284880454525,false
1,46,19:15,70,01:15,24,1,,,0.0,false,14.8,237.98496551548803,false
1,46,19:15,71,01:30,25,1,,,0.0,false,14.8,238.4470822264308,false
1,46,19:15,72,01:45,26,1,,,0.0,false,14.8,238.90919893737356,false
1,46,19:15,73,02:00,27,1,,,0.0,false,14.8,239.37131564831634,false
1,46,19:15,74,02:15,28,1,,,0.0,false,14.8,239.8334323592591,false
1,46,19:15,75,02:30,29,1,,,0.0,false,14.8,240.29554907020187,false
1,46,19:15,76,02:45,30,1,,,0.0,false,14.8,240.75766578114462,false
1,46,19:15,77,03:00,31,1,,,0.0,false,14.8,241.2197824920874,false
1,46,19:15,78,03:15,32,1,,,0.0,false,14.8,241.68189920303016,false
1,46,19:15,79,03:30,33,1,,,0.0,false,14.8,242.14401591397294,false
1,46,19:15,80,03:45,34,1,,,0.0,false,14.8,242.60613262491572,false
1,46,19:15,81,04:00,35,1,,,0.0,false,14.8,243.06824933585847,false
1,46,19:15,82,04:15,36,1,,,0.0,false,14.8,243.53036604680125,false
1,46,19:15,83,04:30,37,1,,,0.0,false,14.8,243.992482757744,false
1,46,19:15,84,04:45,38,1,,,0.0,false,14.8,244.45459946868678,false
1,46,19:15,85,05:00,39,1,,,0.0,false,14.8,244.91671617962953,false
1,46,19:15,86,05:15,40,1,,,0.0,false,14.8,245.3788328905723,false
1,46,19:15,87,05:30,41,1,,,0.0,false,14.8,245.84094960151506,false
1,46,19:15,88,05:45,42,1,,,0.0,false,14.8,246.30306631245784,false
1,46,19:15,89,06:00,43,1,,,0.0,false,14.8,246.76518302340062,false
1,46,19:15,90,06:15,44,1,,,0.0,false,14.8,247.22729973434338,false
1,46,19:15,91,06:30,45,1,,,0.0,false,14.8,247.68941644528616,false
1,46,19:15,92,06:45,46,1,,,0.0,false,14.8,248.1515331562289,false
1,46,19:15,93,07:00,47,1,,,0.0,false,14.8,248.6136498671717,false
1,46,19:15,94,07:15,48,1,,,0.0,false,14.8,249.07576657811447,false
1,46,19:15,95,07:30,49,1,,,0.0,false,14.8,249.53788328905722,false
1,46,19:15,96,07:45,50,1,,,0.0,false,14.8,250.0,false
1,47,19:30,47,19:30,0,1,,,0.0,false,14.8,230.5382774609005,false
1,47,19:30,48,19:45,1,1,,,0.0,false,14.8,230.5382774609005,false
1,47,19:30,49,20:00,2,1,,,0.0,false,14.8,230.5382774609005,false
1,47,19:30,50,20:15,3,1,,,0.0,false,14.8,230.5382774609005,false
1,47,19:30,51,20:30,4,1,,,0.0,false,14.8,230.5382774609005,false
1,47,19:30,52,20:45,5,1,,,0.0,false,14.8,230.5382774609005,false
1,47,19:30,53,21:00,6,1,,,0.0,false,14.8,231.00039417184328,false
1,47,19:30,54,21:15,7,1,,,0.0,false,14.8,231.46251088278603,false
1,47,19:30,55,21:30,8,1,,,0.0,false,14.8,231.92462759372881,false
1,47,19:30,56,21:45,9,1,,,0.0,false,14.8,232.38674430467157,false
1,47,19:30,57,22:00,10,1,,,0.0,false,14.8,232.84886101561435,false
1,47,19:30,58,22:15,11,1,,,0.0,false,14.8,233.3109777265571,false
1,47,19:30,59,22:30,12,1,,,0.0,false,14.8,233.77309443749988,false
1,47,19:30,60,22:45,13,1,,,0.0,false,14.8,234.23521114844263,false
1,47,19:30,61,23:00,14,1,,,0.0,false,14.8,234.28803182794587,false
1,47,19:30,62,23:15,15,1,,,0.0,false,14.8,234.75014853888865,false
1,47,19:30,63,23:30,16,1,,,0.0,false,14.8,235.21226524983143,false
1,47,19:30,64,23:45,17,1,,,0.0,false,14.8,235.21226524983143,false
1,47,19:30,65,00:00,18,1,,,0.0,false,14.8,235.67438196077418,false
1,47,19:30,66,00:15,19,1,,,0.0,false,14.8,236.13649867171696,false
1,47,19:30,67,00:30,20,1,,,0.0,false,14.8,236.59861538265972,false
1,47,19:30,68,00:45,21,1,,,0.0,false,14.8,237.0607320936025,false
1,47,19:30,69,01:00,22,1,,,0.0,false,14.8,237.52284880454525,false
1,47,19:30,70,01:15,23,1,,,0.0,false,14.8,237.98496551548803,false
1,47,19:30,71,01:30,24,1,,,0.0,false,14.8,238.4470822264308,false
1,47,19:30,72,01:45,25,1,,,0.0,false,14.8,238.90919893737356,false
1,47,19:30,73,02:00,26,1,,,0.0,false,14.8,239.37131564831634,false
1,47,19:30,74,02:15,27,1,,,0.0,false,14.8,239.8334323592591,false
1,47,19:30,75,02:30,28,1,,,0.0,false,14.8,240.29554907020187,false
1,47,19:30,76,02:45,29,1,,,0.0,false,14.8,240.75766578114462,false
1,47,19:30,77,03:00,30,1,,,0.0,false,14.8,241.2197824920874,false
1,47,19:30,78,03:15,31,1,,,0.0,false,14.8,241.68189920303016,false
1,47,19:30,79,03:30,32,1,,,0.0,false,14.8,242.14401591397294,false
1,47,19:30,80,03:45,33,1,,,0.0,false,14.8,242.60613262491572,false
1,47,19:30,81,04:00,34,1,,,0.0,false,14.8,243.06824933585847,false
1,47,19:30,82,04:15,35,1,,,0.0,false,14.8,243.53036604680125,false
1,47,19:30,83,04:30,36,1,,,0.0,false,14.8,243.992482757744,false
1,47,19:30,84,04:45,37,1,,,0.0,false,14.8,244.45459946868678,false
1,47,19:30,85,05:00,38,1,,,0.0,false,14.8,244.91671617962953,false
1,47,19:30,86,05:15,39,1,,,0.0,false,14.8,245.3788328905723,false
1,47,19:30,87,05:30,40,1,,,0.0,false,14.8,245.84094960151506,false
1,47,19:30,88,05:45,41,1,,,0.0,false,14.8,246.30306631245784,false
1,47,19:30,89,06:00,42,1,,,0.0,false,14.8,246.76518302340062,false
1,47,19:30,90,06:15,43,1,,,0.0,false,14.8,247.22729973434338,false
1,47,19:30,91,06:30,44,1,,,0.0,false,14.8,247.68941644528616,false
1,47,19:30,92,06:45,45,1,,,0.0,false,14.8,248.1515331562289,false
1,47,19:30,93,07:00,46,1,,,0.0,false,14.8,248.6136498671717,false
1,47,19:30,94,07:15,47,1,,,0.0,false,14.8,249.07576657811447,false
1,47,19:30,95,07:30,48,1,,,0.0,false,14.8,249.53788328905722,false
1,47,19:30,96,07:45,49,1,,,0.0,false,14.8,250.0,false
1,48,19:45,48,19:45,0,1,,,0.0,false,14.8,230.5382774609005,false
1,48,19:45,49,20:00,1,1,,,0.0,false,14.8,230.5382774609005,false
1,48,19:45,50,20:15,2,1,,,0.0,false,14.8,230.5382774609005,false
1,48,19:45,51,20:30,3,1,,,0.0,false,14.8,230.5382774609005,false
1,48,19:45,52,20:45,4,1,,,0.0,false,14.8,230.5382774609005,false
1,48,19:45,53,21:00,5,1,,,0.0,false,14.8,231.00039417184328,false
1,48,19:45,54,21:15,6,1,,,0.0,false,14.8,231.46251088278603,false
1,48,19:45,55,21:30,7,1,,,0.0,false,14.8,231.92462759372881,false
1,48,19:45,56,21:45,8,1,,,0.0,false,14.8,232.38674430467157,false
1,48,19:45,57,22:00,9,1,,,0.0,false,14.8,232.84886101561435,false
1,48,19:45,58,22:15,10,1,,,0.0,false,14.8,233.3109777265571,false
1,48,19:45,59,22:30,11,1,,,0.0,false,14.8,233.77309443749988,false
1,48,19:45,60,22:45,12,1,,,0.0,false,14.8,234.23521114844263,false
1,48,19:45,61,23:00,13,1,,,0.0,false,14.8,234.28803182794587,false
1,48,19:45,62,23:15,14,1,,,0.0,false,14.8,234.75014853888865,false
1,48,19:45,63,23:30,15,1,,,0.0,false,14.8,235.21226524983143,false
1,48,19:45,64,23:45,16,1,,,0.0,false,14.8,235.21226524983143,false
1,48,19:45,65,00:00,17,1,,,0.0,false,14.8,235.67438196077418,false
1,48,19:45,66,00:15,18,1,,,0.0,false,14.8,236.13649867171696,false
1,48,19:45,67,00:30,19,1,,,0.0,false,14.8,236.59861538265972,false
1,48,19:45,68,00:45,20,1,,,0.0,false,14.8,237.0607320936025,false
1,48,19:45,69,01:00,21,1,,,0.0,false,14.8,237.52284880454525,false
1,48,19:45,70,01:15,22,1,,,0.0,false,14.8,237.98496551548803,false
1,48,19:45,71,01:30,23,1,,,0.0,false,14.8,238.4470822264308,false
1,48,19:45,72,01:45,24,1,,,0.0,false,14.8,238.90919893737356,false
1,48,19:45,73,02:00,25,1,,,0.0,false,14.8,239.37131564831634,false
1,48,19:45,74,02:15,26,1,,,0.0,false,14.8,239.8334323592591,false
1,48,19:45,75,02:30,27,1,,,0.0,false,14.8,240.29554907020187,false
1,48,19:45,76,02:45,28,1,,,0.0,false,14.8,240.75766578114462,false
1,48,19:45,77,03:00,29,1,,,0.0,false,14.8,241.2197824920874,false
1,48,19:45,78,03:15,30,1,,,0.0,false,14.8,241.68189920303016,false
1,48,19:45,79,03:30,31,1,,,0.0,false,14.8,242.14401591397294,false
1,48,19:45,80,03:45,32,1,,,0.0,false,14.8,242.60613262491572,false
1,48,19:45,81,04:00,33,1,,,0.0,false,14.8,243.06824933585847,false
1,48,19:45,82,04:15,34,1,,,0.0,false,14.8,243.53036604680125,false
1,48,19:45,83,04:30,35,1,,,0.0,false,14.8,243.992482757744,false
1,48,19:45,84,04:45,36,1,,,0.0,false,14.8,244.45459946868678,false
1,48,19:45,85,05:00,37,1,,,0.0,false,14.8,244.91671617962953,false
1,48,19:45,86,05:15,38,1,,,0.0,false,14.8,245.3788328905723,false
1,48,19:45,87,05:30,39,1,,,0.0,false,14.8,245.84094960151506,false
1,48,19:45,88,05:45,40,1,,,0.0,false,14.8,246.30306631245784,false
1,48,19:45,89,06:00,41,1,,,0.0,false,14.8,246.76518302340062,false
1,48,19:45,90,06:15,42,1,,,0.0,false,14.8,247.22729973434338,false
1,48,19:45,91,06:30,43,1,,,0.0,false,14.8,247.68941644528616,false
1,48,19:45,92,06:45,44,1,,,0.0,false,14.8,248.1515331562289,false
1,48,19:45,93,07:00,45,1,,,0.0,false,14.8,248.6136498671717,false
1,48,19:45,94,07:15,46,1,,,0.0,false,14.8,249.07576657811447,false
1,48,19:45,95,07:30,47,1,,,0.0,false,14.8,249.53788328905722,false
1,48,19:45,96,07:45,48,1,,,0.0,false,14.8,250.0,false
1,49,20:00,49,20:00,0,1,,,0.0,false,14.8,230.5382774609005,false
1,49,20:00,50,20:15,1,1,,,0.0,false,14.8,230.5382774609005,false
1,49,20:00,51,20:30,2,1,,,0.0,false,14.8,230.5382774609005,false
1,49,20:00,52,20:45,3,1,,,0.0,false,14.8,230.5382774609005,false
1,49,20:00,53,21:00,4,1,,,0.0,false,14.8,231.00039417184328,false
1,49,20:00,54,21:15,5,1,,,0.0,false,14.8,231.46251088278603,false
1,49,20:00,55,21:30,6,1,,,0.0,false,14.8,231.92462759372881,false
1,49,20:00,56,21:45,7,1,,,0.0,false,14.8,232.38674430467157,false
1,49,20:00,57,22:00,8,1,,,0.0,false,14.8,232.84886101561435,false
1,49,20:00,58,22:15,9,1,,,0.0,false,14.8,233.3109777265571,false
1,49,20:00,59,22:30,10,1,,,0.0,false,14.8,233.77309443749988,false
1,49,20:00,60,22:45,11,1,,,0.0,false,14.8,234.23521114844263,false
1,49,20:00,61,23:00,12,1,,,0.0,false,14.8,234.28803182794587,false
1,49,20:00,62,23:15,13,1,,,0.0,false,14.8,234.75014853888865,false
1,49,20:00,63,23:30,14,1,,,0.0,false,14.8,235.21226524983143,false
1,49,20:00,64,23:45,15,1,,,0.0,false,14.8,235.21226524983143,false
1,49,20:00,65,00:00,16,1,,,0.0,false,14.8,235.67438196077418,false
1,49,20:00,66,00:15,17,1,,,0.0,false,14.8,236.13649867171696,false
1,49,20:00,67,00:30,18,1,,,0.0,false,14.8,236.59861538265972,false
1,49,20:00,68,00:45,19,1,,,0.0,false,14.8,237.0607320936025,false
1,49,20:00,69,01:00,20,1,,,0.0,false,14.8,237.52284880454525,false
1,49,20:00,70,01:15,21,1,,,0.0,false,14.8,237.98496551548803,false
1,49,20:00,71,01:30,22,1,,,0.0,false,14.8,238.4470822264308,false
1,49,20:00,72,01:45,23,1,,,0.0,false,14.8,238.90919893737356,false
1,49,20:00,73,02:00,24,1,,,0.0,false,14.8,239.37131564831634,false
1,49,20:00,74,02:15,25,1,,,0.0,false,14.8,239.8334323592591,false
1,49,20:00,75,02:30,26,1,,,0.0,false,14.8,240.29554907020187,false
1,49,20:00,76,02:45,27,1,,,0.0,false,14.8,240.75766578114462,false
1,49,20:00,77,03:00,28,1,,,0.0,false,14.8,241.2197824920874,false
1,49,20:00,78,03:15,29,1,,,0.0,false,14.8,241.68189920303016,false
1,49,20:00,79,03:30,30,1,,,0.0,false,14.8,242.14401591397294,false
1,49,20:00,80,03:45,31,1,,,0.0,false,14.8,242.60613262491572,false
1,49,20:00,81,04:00,32,1,,,0.0,false,14.8,243.06824933585847,false
1,49,20:00,82,04:15,33,1,,,0.0,false,14.8,243.53036604680125,false
1,49,20:00,83,04:30,34,1,,,0.0,false,14.8,243.992482757744,false
1,49,20:00,84,04:45,35,1,,,0.0,false,14.8,244.45459946868678,false
1,49,20:00,85,05:00,36,1,,,0.0,false,14.8,244.91671617962953,false
1,49,20:00,86,05:15,37,1,,,0.0,false,14.8,245.3788328905723,false
1,49,20:00,87,05:30,38,1,,,0.0,false,14.8,245.84094960151506,false
1,49,20:00,88,05:45,39,1,,,0.0,false,14.8,246.30306631245784,false
1,49,20:00,89,06:00,40,1,,,0.0,false,14.8,246.76518302340062,false
1,49,20:00,90,06:15,41,1,,,0.0,false,14.8,247.22729973434338,false
1,49,20:00,91,06:30,42,1,,,0.0,false,14.8,247.68941644528616,false
1,49,20:00,92,06:45,43,1,,,0.0,false,14.8,248.1515331562289,false
1,49,20:00,93,07:00,44,1,,,0.0,false,14.8,248.6136498671717,false
1,49,20:00,94,07:15,45,1,,,0.0,false,14.8,249.07576657811447,false
1,49,20:00,95,07:30,46,1,,,0.0,false,14.8,249.53788328905722,false
1,49,20:00,96,07:45,47,1,,,0.0,false,14.8,250.0,false
1,50,20:15,50,20:15,0,1,,,0.0,false,14.8,230.5382774609005,false
1,50,20:15,51,20:30,1,1,,,0.0,false,14.8,230.5382774609005,false
1,50,20:15,52,20:45,2,1,,,0.0,false,14.8,230.5382774609005,false
1,50,20:15,53,21:00,3,1,,,0.0,false,14.8,231.00039417184328,false
1,50,20:15,54,21:15,4,1,,,0.0,false,14.8,231.46251088278603,false
1,50,20:15,55,21:30,5,1,,,0.0,false,14.8,231.92462759372881,false
1,50,20:15,56,21:45,6,1,,,0.0,false,14.8,232.38674430467157,false
1,50,20:15,57,22:00,7,1,,,0.0,false,14.8,232.84886101561435,false
1,50,20:15,58,22:15,8,1,,,0.0,false,14.8,233.3109777265571,false
1,50,20:15,59,22:30,9,1,,,0.0,false,14.8,233.77309443749988,false
1,50,20:15,60,22:45,10,1,,,0.0,false,14.8,234.23521114844263,false
1,50,20:15,61,23:00,11,1,,,0.0,false,14.8,234.28803182794587,false
1,50,20:15,62,23:15,12,1,,,0.0,false,14.8,234.75014853888865,false
1,50,20:15,63,23:30,13,1,,,0.0,false,14.8,235.21226524983143,false
1,50,20:15,64,23:45,14,1,,,0.0,false,14.8,235.21226524983143,false
1,50,20:15,65,00:00,15,1,,,0.0,false,14.8,235.67438196077418,false
1,50,20:15,66,00:15,16,1,,,0.0,false,14.8,236.13649867171696,false
1,50,20:15,67,00:30,17,1,,,0.0,false,14.8,236.59861538265972,false
1,50,20:15,68,00:45,18,1,,,0.0,false,14.8,237.0607320936025,false
1,50,20:15,69,01:00,19,1,,,0.0,false,14.8,237.52284880454525,false
1,50,20:15,70,01:15,20,1,,,0.0,false,14.8,237.98496551548803,false
1,50,20:15,71,01:30,21,1,,,0.0,false,14.8,238.4470822264308,false
1,50,20:15,72,01:45,22,1,,,0.0,false,14.8,238.90919893737356,false
1,50,20:15,73,02:00,23,1,,,0.0,false,14.8,239.37131564831634,false
1,50,20:15,74,02:15,24,1,,,0.0,false,14.8,239.8334323592591,false
1,50,20:15,75,02:30,25,1,,,0.0,false,14.8,240.29554907020187,false
1,50,20:15,76,02:45,26,1,,,0.0,false,14.8,240.75766578114462,false
1,50,20:15,77,03:00,27,1,,,0.0,false,14.8,241.2197824920874,false
1,50,20:15,78,03:15,28,1,,,0.0,false,14.8,241.68189920303016,false
1,50,20:15,79,03:30,29,1,,,0.0,false,14.8,242.14401591397294,false
1,50,20:15,80,03:45,30,1,,,0.0,false,14.8,242.60613262491572,false
1,50,20:15,81,04:00,31,1,,,0.0,false,14.8,243.06824933585847,false
1,50,20:15,82,04:15,32,1,,,0.0,false,14.8,243.53036604680125,false
1,50,20:15,83,04:30,33,1,,,0.0,false,14.8,243.992482757744,false
1,50,20:15,84,04:45,34,1,,,0.0,false,14.8,244.45459946868678,false
1,50,20:15,85,05:00,35,1,,,0.0,false,14.8,244.91671617962953,false
1,50,20:15,86,05:15,36,1,,,0.0,false,14.8,245.3788328905723,false
1,50,20:15,87,05:30,37,1,,,0.0,false,14.8,245.84094960151506,false
1,50,20:15,88,05:45,38,1,,,0.0,false,14.8,246.30306631245784,false
1,50,20:15,89,06:00,39,1,,,0.0,false,14.8,246.76518302340062,false
1,50,20:15,90,06:15,40,1,,,0.0,false,14.8,247.22729973434338,false
1,50,20:15,91,06:30,41,1,,,0.0,false,14.8,247.68941644528616,false
1,50,20:15,92,06:45,42,1,,,0.0,false,14.8,248.1515331562289,false
1,50,20:15,93,07:00,43,1,,,0.0,false,14.8,248.6136498671717,false
1,50,20:15,94,07:15,44,1,,,0.0,false,14.8,249.07576657811447,false
1,50,20:15,95,07:30,45,1,,,0.0,false,14.8,249.53788328905722,false
1,50,20:15,96,07:45,46,1,,,0.0,false,14.8,250.0,false
1,51,20:30,51,20:30,0,1,,,0.0,false,14.8,230.5382774609005,false
1,51,20:30,52,20:45,1,1,,,0.0,false,14.8,230.5382774609005,false
1,51,20:30,53,21:00,2,1,,,0.0,false,14.8,231.00039417184325,false
1,51,20:30,54,21:15,3,1,,,0.0,false,14.8,231.46251088278603,false
1,51,20:30,55,21:30,4,1,,,0.0,false,14.8,231.92462759372881,false
1,51,20:30,56,21:45,5,1,,,0.0,false,14.8,232.38674430467157,false
1,51,20:30,57,22:00,6,1,,,0.0,false,14.8,232.84886101561435,false
1,51,20:30,58,22:15,7,1,,,0.0,false,14.8,233.31097772655713,false
1,51,20:30,59,22:30,8,1,,,0.0,false,14.8,233.7730944374999,false
1,51,20:30,60,22:45,9,1,,,0.0,false,14.8,234.23521114844266,false
1,51,20:30,61,23:00,10,1,,,0.0,false,14.8,234.2880318279459,false
1,51,20:30,62,23:15,11,1,,,0.0,false,14.8,234.75014853888865,false
1,51,20:30,63,23:30,12,1,,,0.0,false,14.8,235.21226524983143,false
1,51,20:30,64,23:45,13,1,,,0.0,false,14.8,235.21226524983143,false
1,51,20:30,65,00:00,14,1,,,0.0,false,14.8,235.67438196077418,false
1,51,20:30,66,00:15,15,1,,,0.0,false,14.8,236.13649867171696,false
1,51,20:30,67,00:30,16,1,,,0.0,false,14.8,236.59861538265972,false
1,51,20:30,68,00:45,17,1,,,0.0,false,14.8,237.0607320936025,false
1,51,20:30,69,01:00,18,1,,,0.0,false,14.8,237.52284880454525,false
1,51,20:30,70,01:15,19,1,,,0.0,false,14.8,237.98496551548803,false
1,51,20:30,71,01:30,20,1,,,0.0,false,14.8,238.4470822264308,false
1,51,20:30,72,01:45,21,1,,,0.0,false,14.8,238.90919893737356,false
1,51,20:30,73,02:00,22,1,,,0.0,false,14.8,239.37131564831634,false
1,51,20:30,74,02:15,23,1,,,0.0,false,14.8,239.8334323592591,false
1,51,20:30,75,02:30,24,1,,,0.0,false,14.8,240.29554907020187,false
1,51,20:30,76,02:45,25,1,,,0.0,false,14.8,240.75766578114462,false
1,51,20:30,77,03:00,26,1,,,0.0,false,14.8,241.2197824920874,false
1,51,20:30,78,03:15,27,1,,,0.0,false,14.8,241.68189920303016,false
1,51,20:30,79,03:30,28,1,,,0.0,false,14.8,242.14401591397294,false
1,51,20:30,80,03:45,29,1,,,0.0,false,14.8,242.60613262491572,false
1,51,20:30,81,04:00,30,1,,,0.0,false,14.8,243.06824933585847,false
1,51,20:30,82,04:15,31,1,,,0.0,false,14.8,243.53036604680125,false
1,51,20:30,83,04:30,32,1,,,0.0,false,14.8,243.992482757744,false
1,51,20:30,84,04:45,33,1,,,0.0,false,14.8,244.45459946868678,false
1,51,20:30,85,05:00,34,1,,,0.0,false,14.8,244.91671617962953,false
1,51,20:30,86,05:15,35,1,,,0.0,false,14.8,245.3788328905723,false
1,51,20:30,87,05:30,36,1,,,0.0,false,14.8,245.84094960151506,false
1,51,20:30,88,05:45,37,1,,,0.0,false,14.8,246.30306631245784,false
1,51,20:30,89,06:00,38,1,,,0.0,false,14.8,246.76518302340062,false
1,51,20:30,90,06:15,39,1,,,0.0,false,14.8,247.22729973434338,false
1,51,20:30,91,06:30,40,1,,,0.0,false,14.8,247.68941644528616,false
1,51,20:30,92,06:45,41,1,,,0.0,false,14.8,248.1515331562289,false
1,51,20:30,93,07:00,42,1,,,0.0,false,14.8,248.6136498671717,false
1,51,20:30,94,07:15,43,1,,,0.0,false,14.8,249.07576657811447,false
1,51,20:30,95,07:30,44,1,,,0.0,false,14.8,249.53788328905722,false
1,51,20:30,96,07:45,45,1,,,0.0,false,14.8,250.0,false
1,52,20:45,52,20:45,0,1,,,0.0,false,14.8,230.5382774609005,false
1,52,20:45,53,21:00,1,1,,,0.0,false,14.8,231.00039417184325,false
1,52,20:45,54,21:15,2,1,,,0.0,false,14.8,231.46251088278603,false
1,52,20:45,55,21:30,3,1,,,0.0,false,14.8,231.92462759372881,false
1,52,20:45,56,21:45,4,1,,,0.0,false,14.8,232.38674430467157,false
1,52,20:45,57,22:00,5,1,,,0.0,false,14.8,232.84886101561435,false
1,52,20:45,58,22:15,6,1,,,0.0,false,14.8,233.3109777265571,false
1,52,20:45,59,22:30,7,1,,,0.0,false,14.8,233.77309443749988,false
1,52,20:45,60,22:45,8,1,,,0.0,false,14.8,234.23521114844266,false
1,52,20:45,61,23:00,9,1,,,0.0,false,14.8,234.2880318279459,false
1,52,20:45,62,23:15,10,1,,,0.0,false,14.8,234.75014853888865,false
1,52,20:45,63,23:30,11,1,,,0.0,false,14.8,235.21226524983143,false
1,52,20:45,64,23:45,12,1,,,0.0,false,14.8,235.21226524983143,false
1,52,20:45,65,00:00,13,1,,,0.0,false,14.8,235.6743819607742,false
1,52,20:45,66,00:15,14,1,,,0.0,false,14.8,236.136498671717,false
1,52,20:45,67,00:30,15,1,,,0.0,false,14.8,236.59861538265974,false
1,52,20:45,68,00:45,16,1,,,0.0,false,14.8,237.06073209360252,false
1,52,20:45,69,01:00,17,1,,,0.0,false,14.8,237.52284880454528,false
1,52,20:45,70,01:15,18,1,,,0.0,false,14.8,237.98496551548806,false
1,52,20:45,71,01:30,19,1,,,0.0,false,14.8,238.4470822264308,false
1,52,20:45,72,01:45,20,1,,,0.0,false,14.8,238.90919893737356,false
1,52,20:45,73,02:00,21,1,,,0.0,false,14.8,239.37131564831634,false
1,52,20:45,74,02:15,22,1,,,0.0,false,14.8,239.8334323592591,false
1,52,20:45,75,02:30,23,1,,,0.0,false,14.8,240.29554907020187,false
1,52,20:45,76,02:45,24,1,,,0.0,false,14.8,240.75766578114462,false
1,52,20:45,77,03:00,25,1,,,0.0,false,14.8,241.2197824920874,false
1,52,20:45,78,03:15,26,1,,,0.0,false,14.8,241.68189920303016,false
1,52,20:45,79,03:30,27,1,,,0.0,false,14.8,242.14401591397294,false
1,52,20:45,80,03:45,28,1,,,0.0,false,14.8,242.60613262491572,false
1,52,20:45,81,04:00,29,1,,,0.0,false,14.8,243.06824933585847,false
1,52,20:45,82,04:15,30,1,,,0.0,false,14.8,243.53036604680125,false
1,52,20:45,83,04:30,31,1,,,0.0,false,14.8,243.992482757744,false
1,52,20:45,84,04:45,32,1,,,0.0,false,14.8,244.45459946868678,false
1,52,20:45,85,05:00,33,1,,,0.0,false,14.8,244.91671617962953,false
1,52,20:45,86,05:15,34,1,,,0.0,false,14.8,245.3788328905723,false
1,52,20:45,87,05:30,35,1,,,0.0,false,14.8,245.84094960151506,false
1,52,20:45,88,05:45,36,1,,,0.0,false,14.8,246.30306631245784,false
1,52,20:45,89,06:00,37,1,,,0.0,false,14.8,246.76518302340062,false
1,52,20:45,90,06:15,38,1,,,0.0,false,14.8,247.22729973434338,false
1,52,20:45,91,06:30,39,1,,,0.0,false,14.8,247.68941644528616,false
1,52,20:45,92,06:45,40,1,,,0.0,false,14.8,248.1515331562289,false
1,52,20:45,93,07:00,41,1,,,0.0,false,14.8,248.6136498671717,false
1,52,20:45,94,07:15,42,1,,,0.0,false,14.8,249.07576657811447,false
1,52,20:45,95,07:30,43,1,,,0.0,false,14.8,249.53788328905722,false
1,52,20:45,96,07:45,44,1,,,0.0,false,14.8,250.0,false
1,53,21:00,53,21:00,0,1,,,0.0,false,14.8,231.00039417184328,false
1,53,21:00,54,21:15,1,1,,,0.0,false,14.8,231.46251088278603,false
1,53,21:00,55,21:30,2,1,,,0.0,false,14.8,231.92462759372881,false
1,53,21:00,56,21:45,3,1,,,0.0,false,14.8,232.38674430467157,false
1,53,21:00,57,22:00,4,1,,,0.0,false,14.8,232.84886101561435,false
1,53,21:00,58,22:15,5,1,,,0.0,false,14.8,233.3109777265571,false
1,53,21:00,59,22:30,6,1,,,0.0,false,14.8,233.77309443749988,false
1,53,21:00,60,22:45,7,1,,,0.0,false,14.8,234.23521114844263,false
1,53,21:00,61,23:00,8,1,,,0.0,false,14.8,234.28803182794587,false
1,53,21:00,62,23:15,9,1,,,0.0,false,14.8,234.75014853888862,false
1,53,21:00,63,23:30,10,1,,,0.0,false,14.8,235.2122652498314,false
1,53,21:00,64,23:45,11,1,,,0.0,false,14.8,235.2122652498314,false
1,53,21:00,65,00:00,12,1,,,0.0,false,14.8,235.67438196077418,false
1,53,21:00,66,00:15,13,1,,,0.0,false,14.8,236.13649867171696,false
1,53,21:00,67,00:30,14,1,,,0.0,false,14.8,236.59861538265972,false
1,53,21:00,68,00:45,15,1,,,0.0,false,14.8,237.0607320936025,false
1,53,21:00,69,01:00,16,1,,,0.0,false,14.8,237.52284880454525,false
1,53,21:00,70,01:15,17,1,,,0.0,false,14.8,237.98496551548803,false
1,53,21:00,71,01:30,18,1,,,0.0,false,14.8,238.44708222643078,false
1,53,21:00,72,01:45,19,1,,,0.0,false,14.8,238.90919893737356,false
1,53,21:00,73,02:00,20,1,,,0.0,false,14.8,239.37131564831634,false
1,53,21:00,74,02:15,21,1,,,0.0,false,14.8,239.8334323592591,false
1,53,21:00,75,02:30,22,1,,,0.0,false,14.8,240.29554907020187,false
1,53,21:00,76,02:45,23,1,,,0.0,false,14.8,240.75766578114465,false
1,53,21:00,77,03:00,24,1,,,0.0,false,14.8,241.21978249208743,false
1,53,21:00,78,03:15,25,1,,,0.0,false,14.8,241.68189920303018,false
1,53,21:00,79,03:30,26,1,,,0.0,false,14.8,242.14401591397296,false
1,53,21:00,80,03:45,27,1,,,0.0,false,14.8,242.60613262491572,false
1,53,21:00,81,04:00,28,1,,,0.0,false,14.8,243.06824933585847,false
1,53,21:00,82,04:15,29,1,,,0.0,false,14.8,243.53036604680125,false
1,53,21:00,83,04:30,30,1,,,0.0,false,14.8,243.992482757744,false
1,53,21:00,84,04:45,31,1,,,0.0,false,14.8,244.45459946868678,false
1,53,21:00,85,05:00,32,1,,,0.0,false,14.8,244.91671617962953,false
1,53,21:00,86,05:15,33,1,,,0.0,false,14.8,245.3788328905723,false
1,53,21:00,87,05:30,34,1,,,0.0,false,14.8,245.84094960151506,false
1,53,21:00,88,05:45,35,1,,,0.0,false,14.8,246.30306631245784,false
1,53,21:00,89,06:00,36,1,,,0.0,false,14.8,246.76518302340062,false
1,53,21:00,90,06:15,37,1,,,0.0,false,14.8,247.22729973434338,false
1,53,21:00,91,06:30,38,1,,,0.0,false,14.8,247.68941644528616,false
1,53,21:00,92,06:45,39,1,,,0.0,false,14.8,248.1515331562289,false
1,53,21:00,93,07:00,40,1,,,0.0,false,14.8,248.6136498671717,false
1,53,21:00,94,07:15,41,1,,,0.0,false,14.8,249.07576657811447,false
1,53,21:00,95,07:30,42,1,,,0.0,false,14.8,249.53788328905722,false
1,53,21:00,96,07:45,43,1,,,0.0,false,14.8,250.0,false
1,54,21:15,54,21:15,0,1,,,0.0,false,14.8,231.46251088278606,false
1,54,21:15,55,21:30,1,1,,,0.0,false,14.8,231.92462759372881,false
1,54,21:15,56,21:45,2,1,,,0.0,false,14.8,232.3867443046716,false
1,54,21:15,57,22:00,3,1,,,0.0,false,14.8,232.84886101561437,false
1,54,21:15,58,22:15,4,1,,,0.0,false,14.8,233.3109777265571,false
1,54,21:15,59,22:30,5,1,,,0.0,false,14.8,233.77309443749988,false
1,54,21:15,60,22:45,6,1,,,0.0,false,14.8,234.23521114844263,false
1,54,21:15,61,23:00,7,1,,,0.0,false,14.8,234.28803182794584,false
1,54,21:15,62,23:15,8,1,,,0.0,false,14.8,234.75014853888862,false
1,54,21:15,63,23:30,9,1,,,0.0,false,14.8,235.2122652498314,false
1,54,21:15,64,23:45,10,1,,,0.0,false,14.8,235.2122652498314,false
1,54,21:15,65,00:00,11,1,,,0.0,false,14.8,235.67438196077418,false
1,54,21:15,66,00:15,12,1,,,0.0,false,14.8,236.13649867171696,false
1,54,21:15,67,00:30,13,1,,,0.0,false,14.8,236.59861538265972,false
1,54,21:15,68,00:45,14,1,,,0.0,false,14.8,237.0607320936025,false
1,54,21:15,69,01:00,15,1,,,0.0,false,14.8,237.52284880454525,false
1,54,21:15,70,01:15,16,1,,,0.0,false,14.8,237.98496551548803,false
1,54,21:15,71,01:30,17,1,,,0.0,false,14.8,238.44708222643078,false
1,54,21:15,72,01:45,18,1,,,0.0,false,14.8,238.90919893737356,false
1,54,21:15,73,02:00,19,1,,,0.0,false,14.8,239.37131564831634,false
1,54,21:15,74,02:15,20,1,,,0.0,false,14.8,239.8334323592591,false
1,54,21:15,75,02:30,21,1,,,0.0,false,14.8,240.29554907020187,false
1,54,21:15,76,02:45,22,1,,,0.0,false,14.8,240.75766578114462,false
1,54,21:15,77,03:00,23,1,,,0.0,false,14.8,241.2197824920874,false
1,54,21:15,78,03:15,24,1,,,0.0,false,14.8,241.68189920303016,false
1,54,21:15,79,03:30,25,1,,,0.0,false,14.8,242.14401591397294,false
1,54,21:15,80,03:45,26,1,,,0.0,false,14.8,242.6061326249157,false
1,54,21:15,81,04:00,27,1,,,0.0,false,14.8,243.06824933585847,false
1,54,21:15,82,04:15,28,1,,,0.0,false,14.8,243.53036604680125,false
1,54,21:15,83,04:30,29,1,,,0.0,false,14.8,243.992482757744,false
1,54,21:15,84,04:45,30,1,,,0.0,false,14.8,244.45459946868678,false
1,54,21:15,85,05:00,31,1,,,0.0,false,14.8,244.91671617962953,false
1,54,21:15,86,05:15,32,1,,,0.0,false,14.8,245.3788328905723,false
1,54,21:15,87,05:30,33,1,,,0.0,false,14.8,245.84094960151506,false
1,54,21:15,88,05:45,34,1,,,0.0,false,14.8,246.30306631245784,false
1,54,21:15,89,06:00,35,1,,,0.0,false,14.8,246.76518302340062,false
1,54,21:15,90,06:15,36,1,,,0.0,false,14.8,247.22729973434338,false
1,54,21:15,91,06:30,37,1,,,0.0,false,14.8,247.68941644528616,false
1,54,21:15,92,06:45,38,1,,,0.0,false,14.8,248.1515331562289,false
1,54,21:15,93,07:00,39,1,,,0.0,false,14.8,248.6136498671717,false
1,54,21:15,94,07:15,40,1,,,0.0,false,14.8,249.07576657811447,false
1,54,21:15,95,07:30,41,1,,,0.0,false,14.8,249.53788328905722,false
1,54,21:15,96,07:45,42,1,,,0.0,false,14.8,250.0,false
1,55,21:30,55,21:30,0,1,,,0.0,false,14.8,231.92462759372884,false
1,55,21:30,56,21:45,1,1,,,0.0,false,14.8,232.3867443046716,false
1,55,21:30,57,22:00,2,1,,,0.0,false,14.8,232.84886101561437,false
1,55,21:30,58,22:15,3,1,,,0.0,false,14.8,233.3109777265571,false
1,55,21:30,59,22:30,4,1,,,0.0,false,14.8,233.77309443749988,false
1,55,21:30,60,22:45,5,1,,,0.0,false,14.8,234.23521114844266,false
1,55,21:30,61,23:00,6,1,,,0.0,false,14.8,234.28803182794587,false
1,55,21:30,62,23:15,7,1,,,0.0,false,14.8,234.75014853888862,false
1,55,21:30,63,23:30,8,1,,,0.0,false,14.8,235.2122652498314,false
1,55,21:30,64,23:45,9,1,,,0.0,false,14.8,235.2122652498314,false
1,55,21:30,65,00:00,10,1,,,0.0,false,14.8,235.67438196077418,false
1,55,21:30,66,00:15,11,1,,,0.0,false,14.8,236.13649867171696,false
1,55,21:30,67,00:30,12,1,,,0.0,false,14.8,236.59861538265972,false
1,55,21:30,68,00:45,13,1,,,0.0,false,14.8,237.0607320936025,false
1,55,21:30,69,01:00,14,1,,,0.0,false,14.8,237.52284880454525,false
1,55,21:30,70,01:15,15,1,,,0.0,false,14.8,237.98496551548803,false
1,55,21:30,71,01:30,16,1,,,0.0,false,14.8,238.44708222643078,false
1,55,21:30,72,01:45,17,1,,,0.0,false,14.8,238.90919893737356,false
1,55,21:30,73,02:00,18,1,,,0.0,false,14.8,239.37131564831634,false
1,55,21:30,74,02:15,19,1,,,0.0,false,14.8,239.8334323592591,false
1,55,21:30,75,02:30,20,1,,,0.0,false,14.8,240.29554907020187,false
1,55,21:30,76,02:45,21,1,,,0.0,false,14.8,240.75766578114465,false
1,55,21:30,77,03:00,22,1,,,0.0,false,14.8,241.21978249208743,false
1,55,21:30,78,03:15,23,1,,,0.0,false,14.8,241.68189920303018,false
1,55,21:30,79,03:30,24,1,,,0.0,false,14.8,242.14401591397296,false
1,55,21:30,80,03:45,25,1,,,0.0,false,14.8,242.60613262491572,false
1,55,21:30,81,04:00,26,1,,,0.0,false,14.8,243.0682493358585,false
1,55,21:30,82,04:15,27,1,,,0.0,false,14.8,243.53036604680128,false
1,55,21:30,83,04:30,28,1,,,0.0,false,14.8,243.99248275774403,false
1,55,21:30,84,04:45,29,1,,,0.0,false,14.8,244.4545994686868,false
1,55,21:30,85,05:00,30,1,,,0.0,false,14.8,244.91671617962956,false
1,55,21:30,86,05:15,31,1,,,0.0,false,14.8,245.37883289057234,false
1,55,21:30,87,05:30,32,1,,,0.0,false,14.8,245.8409496015151,false
1,55,21:30,88,05:45,33,1,,,0.0,false,14.8,246.30306631245787,false
1,55,21:30,89,06:00,34,1,,,0.0,false,14.8,246.76518302340062,false
1,55,21:30,90,06:15,35,1,,,0.0,false,14.8,247.2272997343434,false
1,55,21:30,91,06:30,36,1,,,0.0,false,14.8,247.68941644528618,false
1,55,21:30,92,06:45,37,1,,,0.0,false,14.8,248.15153315622894,false
1,55,21:30,93,07:00,38,1,,,0.0,false,14.8,248.61364986717172,false
1,55,21:30,94,07:15,39,1,,,0.0,false,14.8,249.07576657811447,false
1,55,21:30,95,07:30,40,1,,,0.0,false,14.8,249.53788328905722,false
1,55,21:30,96,07:45,41,1,,,0.0,false,14.8,250.0,false
1,56,21:45,56,21:45,0,1,,,0.0,false,14.8,232.38674430467162,false
1,56,21:45,57,22:00,1,1,,,0.0,false,14.8,232.84886101561437,false
1,56,21:45,58,22:15,2,1,,,0.0,false,14.8,233.31097772655716,false
1,56,21:45,59,22:30,3,1,,,0.0,false,14.8,233.77309443749994,false
1,56,21:45,60,22:45,4,1,,,0.0,false,14.8,234.2352111484427,false
1,56,21:45,61,23:00,5,1,,,0.0,false,14.8,234.2880318279459,false
1,56,21:45,62,23:15,6,1,,,0.0,false,14.8,234.75014853888865,false
1,56,21:45,63,23:30,7,1,,,0.0,false,14.8,235.21226524983143,false
1,56,21:45,64,23:45,8,1,,,0.0,false,14.8,235.21226524983143,false
1,56,21:45,65,00:00,9,1,,,0.0,false,14.8,235.6743819607742,false
1,56,21:45,66,00:15,10,1,,,0.0,false,14.8,236.136498671717,false
1,56,21:45,67,00:30,11,1,,,0.0,false,14.8,236.59861538265972,false
1,56,21:45,68,00:45,12,1,,,0.0,false,14.8,237.0607320936025,false
1,56,21:45,69,01:00,13,1,,,0.0,false,14.8,237.52284880454525,false
1,56,21:45,70,01:15,14,1,,,0.0,false,14.8,237.98496551548803,false
1,56,21:45,71,01:30,15,1,,,0.0,false,14.8,238.44708222643078,false
1,56,21:45,72,01:45,16,1,,,0.0,false,14.8,238.90919893737356,false
1,56,21:45,73,02:00,17,1,,,0.0,false,14.8,239.37131564831634,false
1,56,21:45,74,02:15,18,1,,,0.0,false,14.8,239.8334323592591,false
1,56,21:45,75,02:30,19,1,,,0.0,false,14.8,240.29554907020187,false
1,56,21:45,76,02:45,20,1,,,0.0,false,14.8,240.75766578114465,false
1,56,21:45,77,03:00,21,1,,,0.0,false,14.8,241.21978249208743,false
1,56,21:45,78,03:15,22,1,,,0.0,false,14.8,241.68189920303018,false
1,56,21:45,79,03:30,23,1,,,0.0,false,14.8,242.14401591397296,false
1,56,21:45,80,03:45,24,1,,,0.0,false,14.8,242.60613262491572,false
1,56,21:45,81,04:00,25,1,,,0.0,false,14.8,243.0682493358585,false
1,56,21:45,82,04:15,26,1,,,0.0,false,14.8,243.53036604680128,false
1,56,21:45,83,04:30,27,1,,,0.0,false,14.8,243.99248275774403,false
1,56,21:45,84,04:45,28,1,,,0.0,false,14.8,244.4545994686868,false
1,56,21:45,85,05:00,29,1,,,0.0,false,14.8,244.91671617962956,false
1,56,21:45,86,05:15,30,1,,,0.0,false,14.8,245.37883289057234,false
1,56,21:45,87,05:30,31,1,,,0.0,false,14.8,245.8409496015151,false
1,56,21:45,88,05:45,32,1,,,0.0,false,14.8,246.30306631245787,false
1,56,21:45,89,06:00,33,1,,,0.0,false,14.8,246.76518302340062,false
1,56,21:45,90,06:15,34,1,,,0.0,false,14.8,247.2272997343434,false
1,56,21:45,91,06:30,35,1,,,0.0,false,14.8,247.68941644528618,false
1,56,21:45,92,06:45,36,1,,,0.0,false,14.8,248.15153315622894,false
1,56,21:45,93,07:00,37,1,,,0.0,false,14.8,248.61364986717172,false
1,56,21:45,94,07:15,38,1,,,0.0,false,14.8,249.07576657811447,false
1,56,21:45,95,07:30,39,1,,,0.0,false,14.8,249.53788328905722,false
1,56,21:45,96,07:45,40,1,,,0.0,false,14.8,250.0,false
1,57,22:00,57,22:00,0,1,,,0.0,false,14.8,232.8488610156144,false
1,57,22:00,58,22:15,1,1,,,0.0,false,14.8,233.31097772655716,false
1,57,22:00,59,22:30,2,1,,,0.0,false,14.8,233.77309443749994,false
1,57,22:00,60,22:45,3,1,,,0.0,false,14.8,234.23521114844272,false
1,57,22:00,61,23:00,4,1,,,0.0,false,14.8,234.2880318279459,false
1,57,22:00,62,23:15,5,1,,,0.0,false,14.8,234.75014853888862,false
1,57,22:00,63,23:30,6,1,,,0.0,false,14.8,235.2122652498314,false
1,57,22:00,64,23:45,7,1,,,0.0,false,14.8,235.2122652498314,false
1,57,22:00,65,00:00,8,1,,,0.0,false,14.8,235.67438196077418,false
1,57,22:00,66,00:15,9,1,,,0.0,false,14.8,236.13649867171696,false
1,57,22:00,67,00:30,10,1,,,0.0,false,14.8,236.59861538265972,false
1,57,22:00,68,00:45,11,1,,,0.0,false,14.8,237.0607320936025,false
1,57,22:00,69,01:00,12,1,,,0.0,false,14.8,237.52284880454525,false
1,57,22:00,70,01:15,13,1,,,0.0,false,14.8,237.98496551548803,false
1,57,22:00,71,01:30,14,1,,,0.0,false,14.8,238.44708222643078,false
1,57,22:00,72,01:45,15,1,,,0.0,false,14.8,238.90919893737356,false
1,57,22:00,73,02:00,16,1,,,0.0,false,14.8,239.37131564831634,false
1,57,22:00,74,02:15,17,1,,,0.0,false,14.8,239.8334323592591,false
1,57,22:00,75,02:30,18,1,,,0.0,false,14.8,240.29554907020187,false
1,57,22:00,76,02:45,19,1,,,0.0,false,14.8,240.75766578114465,false
1,57,22:00,77,03:00,20,1,,,0.0,false,14.8,241.21978249208743,false
1,57,22:00,78,03:15,21,1,,,0.0,false,14.8,241.68189920303018,false
1,57,22:00,79,03:30,22,1,,,0.0,false,14.8,242.14401591397296,false
1,57,22:00,80,03:45,23,1,,,0.0,false,14.8,242.60613262491572,false
1,57,22:00,81,04:00,24,1,,,0.0,false,14.8,243.0682493358585,false
1,57,22:00,82,04:15,25,1,,,0.0,false,14.8,243.53036604680128,false
1,57,22:00,83,04:30,26,1,,,0.0,false,14.8,243.99248275774403,false
1,57,22:00,84,04:45,27,1,,,0.0,false,14.8,244.4545994686868,false
1,57,22:00,85,05:00,28,1,,,0.0,false,14.8,244.91671617962956,false
1,57,22:00,86,05:15,29,1,,,0.0,false,14.8,245.37883289057234,false
1,57,22:00,87,05:30,30,1,,,0.0,false,14.8,245.8409496015151,false
1,57,22:00,88,05:45,31,1,,,0.0,false,14.8,246.30306631245787,false
1,57,22:00,89,06:00,32,1,,,0.0,false,14.8,246.76518302340062,false
1,57,22:00,90,06:15,33,1,,,0.0,false,14.8,247.2272997343434,false
1,57,22:00,91,06:30,34,1,,,0.0,false,14.8,247.68941644528618,false
1,57,22:00,92,06:45,35,1,,,0.0,false,14.8,248.15153315622894,false
1,57,22:00,93,07:00,36,1,,,0.0,false,14.8,248.61364986717172,false
1,57,22:00,94,07:15,37,1,,,0.0,false,14.8,249.07576657811447,false
1,57,22:00,95,07:30,38,1,,,0.0,false,14.8,249.53788328905722,false
1,57,22:00,96,07:45,39,1,,,0.0,false,14.8,250.0,false
1,58,22:15,58,22:15,0,1,,,0.0,false,14.8,233.31097772655718,false
1,58,22:15,59,22:30,1,1,,,0.0,false,14.8,233.77309443749994,false
1,58,22:15,60,22:45,2,1,,,0.0,false,14.8,234.23521114844272,false
1,58,22:15,61,23:00,3,1,,,0.0,false,14.8,234.2880318279459,false
1,58,22:15,62,23:15,4,1,,,0.0,false,14.8,234.75014853888865,false
1,58,22:15,63,23:30,5,1,,,0.0,false,14.8,235.21226524983143,false
1,58,22:15,64,23:45,6,1,,,0.0,false,14.8,235.21226524983143,false
1,58,22:15,65,00:00,7,1,,,0.0,false,14.8,235.6743819607742,false
1,58,22:15,66,00:15,8,1,,,0.0,false,14.8,236.136498671717,false
1,58,22:15,67,00:30,9,1,,,0.0,false,14.8,236.59861538265972,false
1,58,22:15,68,00:45,10,1,,,0.0,false,14.8,237.0607320936025,false
1,58,22:15,69,01:00,11,1,,,0.0,false,14.8,237.52284880454525,false
1,58,22:15,70,01:15,12,1,,,0.0,false,14.8,237.98496551548803,false
1,58,22:15,71,01:30,13,1,,,0.0,false,14.8,238.44708222643078,false
1,58,22:15,72,01:45,14,1,,,0.0,false,14.8,238.90919893737356,false
1,58,22:15,73,02:00,15,1,,,0.0,false,14.8,239.37131564831634,false
1,58,22:15,74,02:15,16,1,,,0.0,false,14.8,239.8334323592591,false
1,58,22:15,75,02:30,17,1,,,0.0,false,14.8,240.29554907020187,false
1,58,22:15,76,02:45,18,1,,,0.0,false,14.8,240.75766578114465,false
1,58,22:15,77,03:00,19,1,,,0.0,false,14.8,241.21978249208743,false
1,58,22:15,78,03:15,20,1,,,0.0,false,14.8,241.68189920303018,false
1,58,22:15,79,03:30,21,1,,,0.0,false,14.8,242.14401591397296,false
1,58,22:15,80,03:45,22,1,,,0.0,false,14.8,242.60613262491572,false
1,58,22:15,81,04:00,23,1,,,0.0,false,14.8,243.0682493358585,false
1,58,22:15,82,04:15,24,1,,,0.0,false,14.8,243.53036604680128,false
1,58,22:15,83,04:30,25,1,,,0.0,false,14.8,243.99248275774403,false
1,58,22:15,84,04:45,26,1,,,0.0,false,14.8,244.4545994686868,false
1,58,22:15,85,05:00,27,1,,,0.0,false,14.8,244.91671617962956,false
1,58,22:15,86,05:15,28,1,,,0.0,false,14.8,245.37883289057234,false
1,58,22:15,87,05:30,29,1,,,0.0,false,14.8,245.8409496015151,false
1,58,22:15,88,05:45,30,1,,,0.0,false,14.8,246.30306631245787,false
1,58,22:15,89,06:00,31,1,,,0.0,false,14.8,246.76518302340062,false
1,58,22:15,90,06:15,32,1,,,0.0,false,14.8,247.2272997343434,false
1,58,22:15,91,06:30,33,1,,,0.0,false,14.8,247.68941644528618,false
1,58,22:15,92,06:45,34,1,,,0.0,false,14.8,248.15153315622894,false
1,58,22:15,93,07:00,35,1,,,0.0,false,14.8,248.61364986717172,false
1,58,22:15,94,07:15,36,1,,,0.0,false,14.8,249.07576657811447,false
1,58,22:15,95,07:30,37,1,,,0.0,false,14.8,249.53788328905722,false
1,58,22:15,96,07:45,38,1,,,0.0,false,14.8,250.0,false
1,59,22:30,59,22:30,0,1,,,0.0,false,14.8,233.77309443749996,false
1,59,22:30,60,22:45,1,1,,,0.0,false,14.8,234.23521114844272,false
1,59,22:30,61,23:00,2,1,,,0.0,false,14.8,234.2880318279459,false
1,59,22:30,62,23:15,3,1,,,0.0,false,14.8,234.75014853888862,false
1,59,22:30,63,23:30,4,1,,,0.0,false,14.8,235.2122652498314,false
1,59,22:30,64,23:45,5,1,,,0.0,false,14.8,235.2122652498314,false
1,59,22:30,65,00:00,6,1,,,0.0,false,14.8,235.67438196077418,false
1,59,22:30,66,00:15,7,1,,,0.0,false,14.8,236.13649867171696,false
1,59,22:30,67,00:30,8,1,,,0.0,false,14.8,236.59861538265972,false
1,59,22:30,68,00:45,9,1,,,0.0,false,14.8,237.0607320936025,false
1,59,22:30,69,01:00,10,1,,,0.0,false,14.8,237.52284880454525,false
1,59,22:30,70,01:15,11,1,,,0.0,false,14.8,237.98496551548803,false
1,59,22:30,71,01:30,12,1,,,0.0,false,14.8,238.44708222643078,false
1,59,22:30,72,01:45,13,1,,,0.0,false,14.8,238.90919893737356,false
1,59,22:30,73,02:00,14,1,,,0.0,false,14.8,239.37131564831634,false
1,59,22:30,74,02:15,15,1,,,0.0,false,14.8,239.8334323592591,false
1,59,22:30,75,02:30,16,1,,,0.0,false,14.8,240.29554907020187,false
1,59,22:30,76,02:45,17,1,,,0.0,false,14.8,240.75766578114465,false
1,59,22:30,77,03:00,18,1,,,0.0,false,14.8,241.21978249208743,false
1,59,22:30,78,03:15,19,1,,,0.0,false,14.8,241.68189920303018,false
1,59,22:30,79,03:30,20,1,,,0.0,false,14.8,242.14401591397296,false
1,59,22:30,80,03:45,21,1,,,0.0,false,14.8,242.60613262491572,false
1,59,22:30,81,04:00,22,1,,,0.0,false,14.8,243.0682493358585,false
1,59,22:30,82,04:15,23,1,,,0.0,false,14.8,243.53036604680128,false
1,59,22:30,83,04:30,24,1,,,0.0,false,14.8,243.99248275774403,false
1,59,22:30,84,04:45,25,1,,,0.0,false,14.8,244.4545994686868,false
1,59,22:30,85,05:00,26,1,,,0.0,false,14.8,244.91671617962956,false
1,59,22:30,86,05:15,27,1,,,0.0,false,14.8,245.37883289057234,false
1,59,22:30,87,05:30,28,1,,,0.0,false,14.8,245.8409496015151,false
1,59,22:30,88,05:45,29,1,,,0.0,false,14.8,246.30306631245787,false
1,59,22:30,89,06:00,30,1,,,0.0,false,14.8,246.76518302340062,false
1,59,22:30,90,06:15,31,1,,,0.0,false,14.8,247.2272997343434,false
1,59,22:30,91,06:30,32,1,,,0.0,false,14.8,247.68941644528618,false
1,59,22:30,92,06:45,33,1,,,0.0,false,14.8,248.15153315622894,false
1,59,22:30,93,07:00,34,1,,,0.0,false,14.8,248.61364986717172,false
1,59,22:30,94,07:15,35,1,,,0.0,false,14.8,249.07576657811447,false
1,59,22:30,95,07:30,36,1,,,0.0,false,14.8,249.53788328905722,false
1,59,22:30,96,07:45,37,1,,,0.0,false,14.8,250.0,false
1,60,22:45,60,22:45,0,1,,,0.0,false,14.8,234.23521114844274,false
1,60,22:45,61,23:00,1,1,,,0.0,false,14.8,234.2880318279459,false
1,60,22:45,62,23:15,2,1,,,0.0,false,14.8,234.75014853888865,false
1,60,22:45,63,23:30,3,1,,,0.0,false,14.8,235.21226524983143,false
1,60,22:45,64,23:45,4,1,,,0.0,false,14.8,235.21226524983143,false
1,60,22:45,65,00:00,5,1,,,0.0,false,14.8,235.6743819607742,false
1,60,22:45,66,00:15,6,1,,,0.0,false,14.8,236.136498671717,false
1,60,22:45,67,00:30,7,1,,,0.0,false,14.8,236.59861538265974,false
1,60,22:45,68,00:45,8,1,,,0.0,false,14.8,237.06073209360252,false
1,60,22:45,69,01:00,9,1,,,0.0,false,14.8,237.52284880454528,false
1,60,22:45,70,01:15,10,1,,,0.0,false,14.8,237.98496551548806,false
1,60,22:45,71,01:30,11,1,,,0.0,false,14.8,238.4470822264308,false
1,60,22:45,72,01:45,12,1,,,0.0,false,14.8,238.9091989373736,false
1,60,22:45,73,02:00,13,1,,,0.0,false,14.8,239.37131564831637,false
1,60,22:45,74,02:15,14,1,,,0.0,false,14.8,239.83343235925912,false
1,60,22:45,75,02:30,15,1,,,0.0,false,14.8,240.2955490702019,false
1,60,22:45,76,02:45,16,1,,,0.0,false,14.8,240.75766578114465,false
1,60,22:45,77,03:00,17,1,,,0.0,false,14.8,241.21978249208743,false
1,60,22:45,78,03:15,18,1,,,0.0,false,14.8,241.68189920303018,false
1,60,22:45,79,03:30,19,1,,,0.0,false,14.8,242.14401591397296,false
1,60,22:45,80,03:45,20,1,,,0.0,false,14.8,242.60613262491572,false
1,60,22:45,81,04:00,21,1,,,0.0,false,14.8,243.0682493358585,false
1,60,22:45,82,04:15,22,1,,,0.0,false,14.8,243.53036604680128,false
1,60,22:45,83,04:30,23,1,,,0.0,false,14.8,243.99248275774403,false
1,60,22:45,84,04:45,24,1,,,0.0,false,14.8,244.4545994686868,false
1,60,22:45,85,05:00,25,1,,,0.0,false,14.8,244.91671617962956,false
1,60,22:45,86,05:15,26,1,,,0.0,false,14.8,245.37883289057234,false
1,60,22:45,87,05:30,27,1,,,0.0,false,14.8,245.8409496015151,false
1,60,22:45,88,05:45,28,1,,,0.0,false,14.8,246.30306631245787,false
1,60,22:45,89,06:00,29,1,,,0.0,false,14.8,246.76518302340062,false
1,60,22:45,90,06:15,30,1,,,0.0,false,14.8,247.2272997343434,false
1,60,22:45,91,06:30,31,1,,,0.0,false,14.8,247.68941644528618,false
1,60,22:45,92,06:45,32,1,,,0.0,false,14.8,248.15153315622894,false
1,60,22:45,93,07:00,33,1,,,0.0,false,14.8,248.61364986717172,false
1,60,22:45,94,07:15,34,1,,,0.0,false,14.8,249.07576657811447,false
1,60,22:45,95,07:30,35,1,,,0.0,false,14.8,249.53788328905722,false
1,60,22:45,96,07:45,36,1,,,0.0,false,14.8,250.0,false
1,61,23:00,61,23:00,0,1,,,0.0,false,14.8,234.2880318279459,false
1,61,23:00,62,23:15,1,1,,,0.0,false,14.8,234.75014853888865,false
1,61,23:00,63,23:30,2,1,,,0.0,false,14.8,235.21226524983143,false
1,61,23:00,64,23:45,3,1,,,0.0,false,14.8,235.21226524983143,false
1,61,23:00,65,00:00,4,1,,,0.0,false,14.8,235.67438196077418,false
1,61,23:00,66,00:15,5,1,,,0.0,false,14.8,236.13649867171696,false
1,61,23:00,67,00:30,6,1,,,0.0,false,14.8,236.59861538265972,false
1,61,23:00,68,00:45,7,1,,,0.0,false,14.8,237.0607320936025,false
1,61,23:00,69,01:00,8,1,,,0.0,false,14.8,237.52284880454525,false
1,61,23:00,70,01:15,9,1,,,0.0,false,14.8,237.98496551548803,false
1,61,23:00,71,01:30,10,1,,,0.0,false,14.8,238.44708222643078,false
1,61,23:00,72,01:45,11,1,,,0.0,false,14.8,238.90919893737356,false
1,61,23:00,73,02:00,12,1,,,0.0,false,14.8,239.37131564831634,false
1,61,23:00,74,02:15,13,1,,,0.0,false,14.8,239.8334323592591,false
1,61,23:00,75,02:30,14,1,,,0.0,false,14.8,240.29554907020187,false
1,61,23:00,76,02:45,15,1,,,0.0,false,14.8,240.75766578114462,false
1,61,23:00,77,03:00,16,1,,,0.0,false,14.8,241.2197824920874,false
1,61,23:00,78,03:15,17,1,,,0.0,false,14.8,241.68189920303018,false
1,61,23:00,79,03:30,18,1,,,0.0,false,14.8,242.14401591397296,false
1,61,23:00,80,03:45,19,1,,,0.0,false,14.8,242.60613262491572,false
1,61,23:00,81,04:00,20,1,,,0.0,false,14.8,243.0682493358585,false
1,61,23:00,82,04:15,21,1,,,0.0,false,14.8,243.53036604680128,false
1,61,23:00,83,04:30,22,1,,,0.0,false,14.8,243.99248275774403,false
1,61,23:00,84,04:45,23,1,,,0.0,false,14.8,244.4545994686868,false
1,61,23:00,85,05:00,24,1,,,0.0,false,14.8,244.91671617962956,false
1,61,23:00,86,05:15,25,1,,,0.0,false,14.8,245.37883289057234,false
1,61,23:00,87,05:30,26,1,,,0.0,false,14.8,245.8409496015151,false
1,61,23:00,88,05:45,27,1,,,0.0,false,14.8,246.30306631245787,false
1,61,23:00,89,06:00,28,1,,,0.0,false,14.8,246.76518302340062,false
1,61,23:00,90,06:15,29,1,,,0.0,false,14.8,247.2272997343434,false
1,61,23:00,91,06:30,30,1,,,0.0,false,14.8,247.68941644528618,false
1,61,23:00,92,06:45,31,1,,,0.0,false,14.8,248.15153315622894,false
1,61,23:00,93,07:00,32,1,,,0.0,false,14.8,248.61364986717172,false
1,61,23:00,94,07:15,33,1,,,0.0,false,14.8,249.07576657811447,false
1,61,23:00,95,07:30,34,1,,,0.0,false,14.8,249.53788328905722,false
1,61,23:00,96,07:45,35,1,,,0.0,false,14.8,250.0,false
1,62,23:15,62,23:15,0,1,,,0.0,false,14.8,234.75014853888868,false
1,62,23:15,63,23:30,1,1,,,0.0,false,14.8,235.21226524983143,false
1,62,23:15,64,23:45,2,1,,,0.0,false,14.8,235.21226524983143,false
1,62,23:15,65,00:00,3,1,,,0.0,false,14.8,235.67438196077418,false
1,62,23:15,66,00:15,4,1,,,0.0,false,14.8,236.13649867171696,false
1,62,23:15,67,00:30,5,1,,,0.0,false,14.8,236.59861538265972,false
1,62,23:15,68,00:45,6,1,,,0.0,false,14.8,237.0607320936025,false
1,62,23:15,69,01:00,7,1,,,0.0,false,14.8,237.52284880454525,false
1,62,23:15,70,01:15,8,1,,,0.0,false,14.8,237.98496551548803,false
1,62,23:15,71,01:30,9,1,,,0.0,false,14.8,238.44708222643078,false
1,62,23:15,72,01:45,10,1,,,0.0,false,14.8,238.90919893737356,false
1,62,23:15,73,02:00,11,1,,,0.0,false,14.8,239.37131564831634,false
1,62,23:15,74,02:15,12,1,,,0.0,false,14.8,239.8334323592591,false
1,62,23:15,75,02:30,13,1,,,0.0,false,14.8,240.29554907020187,false
1,62,23:15,76,02:45,14,1,,,0.0,false,14.8,240.75766578114462,false
1,62,23:15,77,03:00,15,1,,,0.0,false,14.8,241.2197824920874,false
1,62,23:15,78,03:15,16,1,,,0.0,false,14.8,241.68189920303016,false
1,62,23:15,79,03:30,17,1,,,0.0,false,14.8,242.14401591397294,false
1,62,23:15,80,03:45,18,1,,,0.0,false,14.8,242.60613262491572,false
1,62,23:15,81,04:00,19,1,,,0.0,false,14.8,243.0682493358585,false
1,62,23:15,82,04:15,20,1,,,0.0,false,14.8,243.53036604680128,false
1,62,23:15,83,04:30,21,1,,,0.0,false,14.8,243.99248275774403,false
1,62,23:15,84,04:45,22,1,,,0.0,false,14.8,244.4545994686868,false
1,62,23:15,85,05:00,23,1,,,0.0,false,14.8,244.91671617962956,false
1,62,23:15,86,05:15,24,1,,,0.0,false,14.8,245.37883289057234,false
1,62,23:15,87,05:30,25,1,,,0.0,false,14.8,245.8409496015151,false
1,62,23:15,88,05:45,26,1,,,0.0,false,14.8,246.30306631245787,false
1,62,23:15,89,06:00,27,1,,,0.0,false,14.8,246.76518302340062,false
1,62,23:15,90,06:15,28,1,,,0.0,false,14.8,247.2272997343434,false
1,62,23:15,91,06:30,29,1,,,0.0,false,14.8,247.68941644528618,false
1,62,23:15,92,06:45,30,1,,,0.0,false,14.8,248.15153315622894,false
1,62,23:15,93,07:00,31,1,,,0.0,false,14.8,248.61364986717172,false
1,62,23:15,94,07:15,32,1,,,0.0,false,14.8,249.07576657811447,false
1,62,23:15,95,07:30,33,1,,,0.0,false,14.8,249.53788328905722,false
1,62,23:15,96,07:45,34,1,,,0.0,false,14.8,250.0,false
1,63,23:30,63,23:30,0,1,,,0.0,false,14.8,235.21226524983143,false
1,63,23:30,64,23:45,1,1,,,0.0,false,14.8,235.21226524983143,false
1,63,23:30,65,00:00,2,1,,,0.0,false,14.8,235.67438196077418,false
1,63,23:30,66,00:15,3,1,,,0.0,false,14.8,236.13649867171696,false
1,63,23:30,67,00:30,4,1,,,0.0,false,14.8,236.59861538265972,false
1,63,23:30,68,00:45,5,1,,,0.0,false,14.8,237.0607320936025,false
1,63,23:30,69,01:00,6,1,,,0.0,false,14.8,237.52284880454525,false
1,63,23:30,70,01:15,7,1,,,0.0,false,14.8,237.98496551548803,false
1,63,23:30,71,01:30,8,1,,,0.0,false,14.8,238.44708222643078,false
1,63,23:30,72,01:45,9,1,,,0.0,false,14.8,238.90919893737356,false
1,63,23:30,73,02:00,10,1,,,0.0,false,14.8,239.37131564831634,false
1,63,23:30,74,02:15,11,1,,,0.0,false,14.8,239.8334323592591,false
1,63,23:30,75,02:30,12,1,,,0.0,false,14.8,240.29554907020187,false
1,63,23:30,76,02:45,13,1,,,0.0,false,14.8,240.75766578114462,false
1,63,23:30,77,03:00,14,1,,,0.0,false,14.8,241.2197824920874,false
1,63,23:30,78,03:15,15,1,,,0.0,false,14.8,241.68189920303016,false
1,63,23:30,79,03:30,16,1,,,0.0,false,14.8,242.14401591397294,false
1,63,23:30,80,03:45,17,1,,,0.0,false,14.8,242.6061326249157,false
1,63,23:30,81,04:00,18,1,,,0.0,false,14.8,243.06824933585847,false
1,63,23:30,82,04:15,19,1,,,0.0,false,14.8,243.53036604680125,false
1,63,23:30,83,04:30,20,1,,,0.0,false,14.8,243.992482757744,false
1,63,23:30,84,04:45,21,1,,,0.0,false,14.8,244.45459946868678,false
1,63,23:30,85,05:00,22,1,,,0.0,false,14.8,244.91671617962953,false
1,63,23:30,86,05:15,23,1,,,0.0,false,14.8,245.3788328905723,false
1,63,23:30,87,05:30,24,1,,,0.0,false,14.8,245.84094960151506,false
1,63,23:30,88,05:45,25,1,,,0.0,false,14.8,246.30306631245784,false
1,63,23:30,89,06:00,26,1,,,0.0,false,14.8,246.76518302340062,false
1,63,23:30,90,06:15,27,1,,,0.0,false,14.8,247.2272997343434,false
1,63,23:30,91,06:30,28,1,,,0.0,false,14.8,247.68941644528618,false
1,63,23:30,92,06:45,29,1,,,0.0,false,14.8,248.15153315622894,false
1,63,23:30,93,07:00,30,1,,,0.0,false,14.8,248.61364986717172,false
1,63,23:30,94,07:15,31,1,,,0.0,false,14.8,249.07576657811447,false
1,63,23:30,95,07:30,32,1,,,0.0,false,14.8,249.53788328905722,false
1,63,23:30,96,07:45,33,1,,,0.0,false,14.8,250.0,false
1,64,23:45,64,23:45,0,1,,,0.0,false,14.8,235.21226524983143,false
1,64,23:45,65,00:00,1,1,,,0.0,false,14.8,235.67438196077418,false
1,64,23:45,66,00:15,2,1,,,0.0,false,14.8,236.13649867171696,false
1,64,23:45,67,00:30,3,1,,,0.0,false,14.8,236.59861538265972,false
1,64,23:45,68,00:45,4,1,,,0.0,false,14.8,237.0607320936025,false
1,64,23:45,69,01:00,5,1,,,0.0,false,14.8,237.52284880454525,false
1,64,23:45,70,01:15,6,1,,,0.0,false,14.8,237.98496551548803,false
1,64,23:45,71,01:30,7,1,,,0.0,false,14.8,238.44708222643078,false
1,64,23:45,72,01:45,8,1,,,0.0,false,14.8,238.90919893737356,false
1,64,23:45,73,02:00,9,1,,,0.0,false,14.8,239.37131564831634,false
1,64,23:45,74,02:15,10,1,,,0.0,false,14.8,239.8334323592591,false
1,64,23:45,75,02:30,11,1,,,0.0,false,14.8,240.29554907020187,false
1,64,23:45,76,02:45,12,1,,,0.0,false,14.8,240.75766578114462,false
1,64,23:45,77,03:00,13,1,,,0.0,false,14.8,241.2197824920874,false
1,64,23:45,78,03:15,14,1,,,0.0,false,14.8,241.68189920303016,false
1,64,23:45,79,03:30,15,1,,,0.0,false,14.8,242.14401591397294,false
1,64,23:45,80,03:45,16,1,,,0.0,false,14.8,242.6061326249157,false
1,64,23:45,81,04:00,17,1,,,0.0,false,14.8,243.06824933585847,false
1,64,23:45,82,04:15,18,1,,,0.0,false,14.8,243.53036604680125,false
1,64,23:45,83,04:30,19,1,,,0.0,false,14.8,243.992482757744,false
1,64,23:45,84,04:45,20,1,,,0.0,false,14.8,244.45459946868678,false
1,64,23:45,85,05:00,21,1,,,0.0,false,14.8,244.91671617962953,false
1,64,23:45,86,05:15,22,1,,,0.0,false,14.8,245.3788328905723,false
1,64,23:45,87,05:30,23,1,,,0.0,false,14.8,245.84094960151506,false
1,64,23:45,88,05:45,24,1,,,0.0,false,14.8,246.30306631245784,false
1,64,23:45,89,06:00,25,1,,,0.0,false,14.8,246.7651830234006,false
1,64,23:45,90,06:15,26,1,,,0.0,false,14.8,247.22729973434338,false
1,64,23:45,91,06:30,27,1,,,0.0,false,14.8,247.68941644528616,false
1,64,23:45,92,06:45,28,1,,,0.0,false,14.8,248.1515331562289,false
1,64,23:45,93,07:00,29,1,,,0.0,false,14.8,248.6136498671717,false
1,64,23:45,94,07:15,30,1,,,0.0,false,14.8,249.07576657811447,false
1,64,23:45,95,07:30,31,1,,,0.0,false,14.8,249.53788328905722,false
1,64,23:45,96,07:45,32,1,,,0.0,false,14.8,250.0,false
1,65,00:00,65,00:00,0,1,,,0.0,false,14.8,235.6743819607742,false
1,65,00:00,66,00:15,1,1,,,0.0,false,14.8,236.13649867171696,false
1,65,00:00,67,00:30,2,1,,,0.0,false,14.8,236.59861538265974,false
1,65,00:00,68,00:45,3,1,,,0.0,false,14.8,237.06073209360252,false
1,65,00:00,69,01:00,4,1,,,0.0,false,14.8,237.52284880454528,false
1,65,00:00,70,01:15,5,1,,,0.0,false,14.8,237.98496551548806,false
1,65,00:00,71,01:30,6,1,,,0.0,false,14.8,238.4470822264308,false
1,65,00:00,72,01:45,7,1,,,0.0,false,14.8,238.9091989373736,false
1,65,00:00,73,02:00,8,1,,,0.0,false,14.8,239.37131564831634,false
1,65,00:00,74,02:15,9,1,,,0.0,false,14.8,239.8334323592591,false
1,65,00:00,75,02:30,10,1,,,0.0,false,14.8,240.29554907020187,false
1,65,00:00,76,02:45,11,1,,,0.0,false,14.8,240.75766578114462,false
1,65,00:00,77,03:00,12,1,,,0.0,false,14.8,241.2197824920874,false
1,65,00:00,78,03:15,13,1,,,0.0,false,14.8,241.68189920303016,false
1,65,00:00,79,03:30,14,1,,,0.0,false,14.8,242.14401591397294,false
1,65,00:00,80,03:45,15,1,,,0.0,false,14.8,242.6061326249157,false
1,65,00:00,81,04:00,16,1,,,0.0,false,14.8,243.06824933585847,false
1,65,00:00,82,04:15,17,1,,,0.0,false,14.8,243.53036604680125,false
1,65,00:00,83,04:30,18,1,,,0.0,false,14.8,243.992482757744,false
1,65,00:00,84,04:45,19,1,,,0.0,false,14.8,244.45459946868678,false
1,65,00:00,85,05:00,20,1,,,0.0,false,14.8,244.91671617962953,false
1,65,00:00,86,05:15,21,1,,,0.0,false,14.8,245.3788328905723,false
1,65,00:00,87,05:30,22,1,,,0.0,false,14.8,245.84094960151506,false
1,65,00:00,88,05:45,23,1,,,0.0,false,14.8,246.30306631245784,false
1,65,00:00,89,06:00,24,1,,,0.0,false,14.8,246.7651830234006,false
1,65,00:00,90,06:15,25,1,,,0.0,false,14.8,247.22729973434338,false
1,65,00:00,91,06:30,26,1,,,0.0,false,14.8,247.68941644528616,false
1,65,00:00,92,06:45,27,1,,,0.0,false,14.8,248.1515331562289,false
1,65,00:00,93,07:00,28,1,,,0.0,false,14.8,248.6136498671717,false
1,65,00:00,94,07:15,29,1,,,0.0,false,14.8,249.07576657811447,false
1,65,00:00,95,07:30,30,1,,,0.0,false,14.8,249.53788328905722,false
1,65,00:00,96,07:45,31,1,,,0.0,false,14.8,250.0,false
1,66,00:15,66,00:15,0,1,,,0.0,false,14.8,236.136498671717,false
1,66,00:15,67,00:30,1,1,,,0.0,false,14.8,236.59861538265974,false
1,66,00:15,68,00:45,2,1,,,0.0,false,14.8,237.06073209360252,false
1,66,00:15,69,01:00,3,1,,,0.0,false,14.8,237.52284880454528,false
1,66,00:15,70,01:15,4,1,,,0.0,false,14.8,237.98496551548806,false
1,66,00:15,71,01:30,5,1,,,0.0,false,14.8,238.4470822264308,false
1,66,00:15,72,01:45,6,1,,,0.0,false,14.8,238.9091989373736,false
1,66,00:15,73,02:00,7,1,,,0.0,false,14.8,239.37131564831637,false
1,66,00:15,74,02:15,8,1,,,0.0,false,14.8,239.83343235925912,false
1,66,00:15,75,02:30,9,1,,,0.0,false,14.8,240.2955490702019,false
1,66,00:15,76,02:45,10,1,,,0.0,false,14.8,240.75766578114465,false
1,66,00:15,77,03:00,11,1,,,0.0,false,14.8,241.21978249208743,false
1,66,00:15,78,03:15,12,1,,,0.0,false,14.8,241.68189920303018,false
1,66,00:15,79,03:30,13,1,,,0.0,false,14.8,242.14401591397296,false
1,66,00:15,80,03:45,14,1,,,0.0,false,14.8,242.60613262491572,false
1,66,00:15,81,04:00,15,1,,,0.0,false,14.8,243.0682493358585,false
1,66,00:15,82,04:15,16,1,,,0.0,false,14.8,243.53036604680128,false
1,66,00:15,83,04:30,17,1,,,0.0,false,14.8,243.99248275774403,false
1,66,00:15,84,04:45,18,1,,,0.0,false,14.8,244.4545994686868,false
1,66,00:15,85,05:00,19,1,,,0.0,false,14.8,244.91671617962956,false
1,66,00:15,86,05:15,20,1,,,0.0,false,14.8,245.37883289057234,false
1,66,00:15,87,05:30,21,1,,,0.0,false,14.8,245.8409496015151,false
1,66,00:15,88,05:45,22,1,,,0.0,false,14.8,246.30306631245787,false
1,66,00:15,89,06:00,23,1,,,0.0,false,14.8,246.7651830234006,false
1,66,00:15,90,06:15,24,1,,,0.0,false,14.8,247.22729973434338,false
1,66,00:15,91,06:30,25,1,,,0.0,false,14.8,247.68941644528616,false
1,66,00:15,92,06:45,26,1,,,0.0,false,14.8,248.1515331562289,false
1,66,00:15,93,07:00,27,1,,,0.0,false,14.8,248.6136498671717,false
1,66,00:15,94,07:15,28,1,,,0.0,false,14.8,249.07576657811447,false
1,66,00:15,95,07:30,29,1,,,0.0,false,14.8,249.53788328905722,false
1,66,00:15,96,07:45,30,1,,,0.0,false,14.8,250.0,false
1,67,00:30,67,00:30,0,1,,,0.0,false,14.8,236.59861538265977,false
1,67,00:30,68,00:45,1,1,,,0.0,false,14.8,237.06073209360252,false
1,67,00:30,69,01:00,2,1,,,0.0,false,14.8,237.5228488045453,false
1,67,00:30,70,01:15,3,1,,,0.0,false,14.8,237.98496551548808,false
1,67,00:30,71,01:30,4,1,,,0.0,false,14.8,238.44708222643084,false
1,67,00:30,72,01:45,5,1,,,0.0,false,14.8,238.90919893737362,false
1,67,00:30,73,02:00,6,1,,,0.0,false,14.8,239.37131564831637,false
1,67,00:30,74,02:15,7,1,,,0.0,false,14.8,239.83343235925912,false
1,67,00:30,75,02:30,8,1,,,0.0,false,14.8,240.2955490702019,false
1,67,00:30,76,02:45,9,1,,,0.0,false,14.8,240.75766578114465,false
1,67,00:30,77,03:00,10,1,,,0.0,false,14.8,241.21978249208743,false
1,67,00:30,78,03:15,11,1,,,0.0,false,14.8,241.68189920303018,false
1,67,00:30,79,03:30,12,1,,,0.0,false,14.8,242.14401591397296,false
1,67,00:30,80,03:45,13,1,,,0.0,false,14.8,242.60613262491572,false
1,67,00:30,81,04:00,14,1,,,0.0,false,14.8,243.0682493358585,false
1,67,00:30,82,04:15,15,1,,,0.0,false,14.8,243.53036604680128,false
1,67,00:30,83,04:30,16,1,,,0.0,false,14.8,243.99248275774403,false
1,67,00:30,84,04:45,17,1,,,0.0,false,14.8,244.4545994686868,false
1,67,00:30,85,05:00,18,1,,,0.0,false,14.8,244.91671617962956,false
1,67,00:30,86,05:15,19,1,,,0.0,false,14.8,245.37883289057234,false
1,67,00:30,87,05:30,20,1,,,0.0,false,14.8,245.8409496015151,false
1,67,00:30,88,05:45,21,1,,,0.0,false,14.8,246.30306631245787,false
1,67,00:30,89,06:00,22,1,,,0.0,false,14.8,246.7651830234006,false
1,67,00:30,90,06:15,23,1,,,0.0,false,14.8,247.22729973434338,false
1,67,00:30,91,06:30,24,1,,,0.0,false,14.8,247.68941644528616,false
1,67,00:30,92,06:45,25,1,,,0.0,false,14.8,248.1515331562289,false
1,67,00:30,93,07:00,26,1,,,0.0,false,14.8,248.6136498671717,false
1,67,00:30,94,07:15,27,1,,,0.0,false,14.8,249.07576657811447,false
1,67,00:30,95,07:30,28,1,,,0.0,false,14.8,249.53788328905722,false
1,67,00:30,96,07:45,29,1,,,0.0,false,14.8,250.0,false
1,68,00:45,68,00:45,0,1,,,0.0,false,14.8,237.06073209360255,false
1,68,00:45,69,01:00,1,1,,,0.0,false,14.8,237.5228488045453,false
1,68,00:45,70,01:15,2,1,,,0.0,false,14.8,237.98496551548808,false
1,68,00:45,71,01:30,3,1,,,0.0,false,14.8,238.4470822264308,false
1,68,00:45,72,01:45,4,1,,,0.0,false,14.8,238.9091989373736,false
1,68,00:45,73,02:00,5,1,,,0.0,false,14.8,239.37131564831637,false
1,68,00:45,74,02:15,6,1,,,0.0,false,14.8,239.83343235925912,false
1,68,00:45,75,02:30,7,1,,,0.0,false,14.8,240.2955490702019,false
1,68,00:45,76,02:45,8,1,,,0.0,false,14.8,240.75766578114465,false
1,68,00:45,77,03:00,9,1,,,0.0,false,14.8,241.21978249208743,false
1,68,00:45,78,03:15,10,1,,,0.0,false,14.8,241.68189920303018,false
1,68,00:45,79,03:30,11,1,,,0.0,false,14.8,242.14401591397296,false
1,68,00:45,80,03:45,12,1,,,0.0,false,14.8,242.60613262491572,false
1,68,00:45,81,04:00,13,1,,,0.0,false,14.8,243.0682493358585,false
1,68,00:45,82,04:15,14,1,,,0.0,false,14.8,243.53036604680128,false
1,68,00:45,83,04:30,15,1,,,0.0,false,14.8,243.99248275774403,false
1,68,00:45,84,04:45,16,1,,,0.0,false,14.8,244.4545994686868,false
1,68,00:45,85,05:00,17,1,,,0.0,false,14.8,244.91671617962956,false
1,68,00:45,86,05:15,18,1,,,0.0,false,14.8,245.37883289057234,false
1,68,00:45,87,05:30,19,1,,,0.0,false,14.8,245.8409496015151,false
1,68,00:45,88,05:45,20,1,,,0.0,false,14.8,246.30306631245787,false
1,68,00:45,89,06:00,21,1,,,0.0,false,14.8,246.76518302340057,false
1,68,00:45,90,06:15,22,1,,,0.0,false,14.8,247.22729973434335,false
1,68,00:45,91,06:30,23,1,,,0.0,false,14.8,247.68941644528613,false
1,68,00:45,92,06:45,24,1,,,0.0,false,14.8,248.15153315622888,false
1,68,00:45,93,07:00,25,1,,,0.0,false,14.8,248.61364986717166,false
1,68,00:45,94,07:15,26,1,,,0.0,false,14.8,249.07576657811447,false
1,68,00:45,95,07:30,27,1,,,0.0,false,14.8,249.53788328905722,false
1,68,00:45,96,07:45,28,1,,,0.0,false,14.8,250.0,false
1,69,01:00,69,01:00,0,1,,,0.0,false,14.8,237.52284880454533,false
1,69,01:00,70,01:15,1,1,,,0.0,false,14.8,237.98496551548808,false
1,69,01:00,71,01:30,2,1,,,0.0,false,14.8,238.44708222643087,false
1,69,01:00,72,01:45,3,1,,,0.0,false,14.8,238.90919893737365,false
1,69,01:00,73,02:00,4,1,,,0.0,false,14.8,239.3713156483164,false
1,69,01:00,74,02:15,5,1,,,0.0,false,14.8,239.83343235925915,false
1,69,01:00,75,02:30,6,1,,,0.0,false,14.8,240.29554907020193,false
1,69,01:00,76,02:45,7,1,,,0.0,false,14.8,240.75766578114468,false
1,69,01:00,77,03:00,8,1,,,0.0,false,14.8,241.21978249208746,false
1,69,01:00,78,03:15,9,1,,,0.0,false,14.8,241.6818992030302,false
1,69,01:00,79,03:30,10,1,,,0.0,false,14.8,242.144015913973,false
1,69,01:00,80,03:45,11,1,,,0.0,false,14.8,242.60613262491574,false
1,69,01:00,81,04:00,12,1,,,0.0,false,14.8,243.06824933585852,false
1,69,01:00,82,04:15,13,1,,,0.0,false,14.8,243.5303660468013,false
1,69,01:00,83,04:30,14,1,,,0.0,false,14.8,243.99248275774406,false
1,69,01:00,84,04:45,15,1,,,0.0,false,14.8,244.45459946868684,false
1,69,01:00,85,05:00,16,1,,,0.0,false,14.8,244.9167161796296,false
1,69,01:00,86,05:15,17,1,,,0.0,false,14.8,245.37883289057237,false
1,69,01:00,87,05:30,18,1,,,0.0,false,14.8,245.84094960151512,false
1,69,01:00,88,05:45,19,1,,,0.0,false,14.8,246.3030663124579,false
1,69,01:00,89,06:00,20,1,,,0.0,false,14.8,246.7651830234006,false
1,69,01:00,90,06:15,21,1,,,0.0,false,14.8,247.22729973434338,false
1,69,01:00,91,06:30,22,1,,,0.0,false,14.8,247.68941644528616,false
1,69,01:00,92,06:45,23,1,,,0.0,false,14.8,248.1515331562289,false
1,69,01:00,93,07:00,24,1,,,0.0,false,14.8,248.6136498671717,false
1,69,01:00,94,07:15,25,1,,,0.0,false,14.8,249.07576657811447,false
1,69,01:00,95,07:30,26,1,,,0.0,false,14.8,249.53788328905722,false
1,69,01:00,96,07:45,27,1,,,0.0,false,14.8,250.0,false
1,70,01:15,70,01:15,0,1,,,0.0,false,14.8,237.9849655154881,false
1,70,01:15,71,01:30,1,1,,,0.0,false,14.8,238.44708222643084,false
1,70,01:15,72,01:45,2,1,,,0.0,false,14.8,238.90919893737362,false
1,70,01:15,73,02:00,3,1,,,0.0,false,14.8,239.3713156483164,false
1,70,01:15,74,02:15,4,1,,,0.0,false,14.8,239.83343235925915,false
1,70,01:15,75,02:30,5,1,,,0.0,false,14.8,240.29554907020193,false
1,70,01:15,76,02:45,6,1,,,0.0,false,14.8,240.75766578114468,false
1,70,01:15,77,03:00,7,1,,,0.0,false,14.8,241.21978249208746,false
1,70,01:15,78,03:15,8,1,,,0.0,false,14.8,241.6818992030302,false
1,70,01:15,79,03:30,9,1,,,0.0,false,14.8,242.144015913973,false
1,70,01:15,80,03:45,10,1,,,0.0,false,14.8,242.60613262491574,false
1,70,01:15,81,04:00,11,1,,,0.0,false,14.8,243.06824933585852,false
1,70,01:15,82,04:15,12,1,,,0.0,false,14.8,243.5303660468013,false
1,70,01:15,83,04:30,13,1,,,0.0,false,14.8,243.99248275774406,false
1,70,01:15,84,04:45,14,1,,,0.0,false,14.8,244.45459946868684,false
1,70,01:15,85,05:00,15,1,,,0.0,false,14.8,244.9167161796296,false
1,70,01:15,86,05:15,16,1,,,0.0,false,14.8,245.37883289057237,false
1,70,01:15,87,05:30,17,1,,,0.0,false,14.8,245.84094960151512,false
1,70,01:15,88,05:45,18,1,,,0.0,false,14.8,246.3030663124579,false
1,70,01:15,89,06:00,19,1,,,0.0,false,14.8,246.76518302340057,false
1,70,01:15,90,06:15,20,1,,,0.0,false,14.8,247.22729973434335,false
1,70,01:15,91,06:30,21,1,,,0.0,false,14.8,247.68941644528613,false
1,70,01:15,92,06:45,22,1,,,0.0,false,14.8,248.15153315622888,false
1,70,01:15,93,07:00,23,1,,,0.0,false,14.8,248.61364986717166,false
1,70,01:15,94,07:15,24,1,,,0.0,false,14.8,249.07576657811447,false
1,70,01:15,95,07:30,25,1,,,0.0,false,14.8,249.53788328905722,false
1,70,01:15,96,07:45,26,1,,,0.0,false,14.8,250.0,false
1,71,01:30,71,01:30,0,1,,,0.0,false,14.8,238.4470822264309,false
1,71,01:30,72,01:45,1,1,,,0.0,false,14.8,238.90919893737365,false
1,71,01:30,73,02:00,2,1,,,0.0,false,14.8,239.37131564831643,false
1,71,01:30,74,02:15,3,1,,,0.0,false,14.8,239.83343235925918,false
1,71,01:30,75,02:30,4,1,,,0.0,false,14.8,240.29554907020196,false
1,71,01:30,76,02:45,5,1,,,0.0,false,14.8,240.7576657811447,false
1,71,01:30,77,03:00,6,1,,,0.0,false,14.8,241.2197824920875,false
1,71,01:30,78,03:15,7,1,,,0.0,false,14.8,241.68189920303024,false
1,71,01:30,79,03:30,8,1,,,0.0,false,14.8,242.14401591397302,false
1,71,01:30,80,03:45,9,1,,,0.0,false,14.8,242.60613262491577,false
1,71,01:30,81,04:00,10,1,,,0.0,false,14.8,243.06824933585855,false
1,71,01:30,82,04:15,11,1,,,0.0,false,14.8,243.53036604680133,false
1,71,01:30,83,04:30,12,1,,,0.0,false,14.8,243.99248275774409,false
1,71,01:30,84,04:45,13,1,,,0.0,false,14.8,244.45459946868687,false
1,71,01:30,85,05:00,14,1,,,0.0,false,14.8,244.91671617962962,false
1,71,01:30,86,05:15,15,1,,,0.0,false,14.8,245.3788328905724,false
1,71,01:30,87,05:30,16,1,,,0.0,false,14.8,245.84094960151515,false
1,71,01:30,88,05:45,17,1,,,0.0,false,14.8,246.30306631245793,false
1,71,01:30,89,06:00,18,1,,,0.0,false,14.8,246.7651830234006,false
1,71,01:30,90,06:15,19,1,,,0.0,false,14.8,247.22729973434338,false
1,71,01:30,91,06:30,20,1,,,0.0,false,14.8,247.68941644528616,false
1,71,01:30,92,06:45,21,1,,,0.0,false,14.8,248.1515331562289,false
1,71,01:30,93,07:00,22,1,,,0.0,false,14.8,248.6136498671717,false
1,71,01:30,94,07:15,23,1,,,0.0,false,14.8,249.07576657811447,false
1,71,01:30,95,07:30,24,1,,,0.0,false,14.8,249.53788328905722,false
1,71,01:30,96,07:45,25,1,,,0.0,false,14.8,250.0,false
1,72,01:45,72,01:45,0,1,,,0.0,false,14.8,238.90919893737367,false
1,72,01:45,73,02:00,1,1,,,0.0,false,14.8,239.37131564831643,false
1,72,01:45,74,02:15,2,1,,,0.0,false,14.8,239.83343235925918,false
1,72,01:45,75,02:30,3,1,,,0.0,false,14.8,240.29554907020196,false
1,72,01:45,76,02:45,4,1,,,0.0,false,14.8,240.7576657811447,false
1,72,01:45,77,03:00,5,1,,,0.0,false,14.8,241.2197824920875,false
1,72,01:45,78,03:15,6,1,,,0.0,false,14.8,241.68189920303024,false
1,72,01:45,79,03:30,7,1,,,0.0,false,14.8,242.14401591397302,false
1,72,01:45,80,03:45,8,1,,,0.0,false,14.8,242.60613262491577,false
1,72,01:45,81,04:00,9,1,,,0.0,false,14.8,243.06824933585855,false
1,72,01:45,82,04:15,10,1,,,0.0,false,14.8,243.53036604680133,false
1,72,01:45,83,04:30,11,1,,,0.0,false,14.8,243.99248275774409,false
1,72,01:45,84,04:45,12,1,,,0.0,false,14.8,244.45459946868687,false
1,72,01:45,85,05:00,13,1,,,0.0,false,14.8,244.91671617962962,false
1,72,01:45,86,05:15,14,1,,,0.0,false,14.8,245.3788328905724,false
1,72,01:45,87,05:30,15,1,,,0.0,false,14.8,245.84094960151515,false
1,72,01:45,88,05:45,16,1,,,0.0,false,14.8,246.30306631245793,false
1,72,01:45,89,06:00,17,1,,,0.0,false,14.8,246.7651830234006,false
1,72,01:45,90,06:15,18,1,,,0.0,false,14.8,247.22729973434338,false
1,72,01:45,91,06:30,19,1,,,0.0,false,14.8,247.68941644528616,false
1,72,01:45,92,06:45,20,1,,,0.0,false,14.8,248.1515331562289,false
1,72,01:45,93,07:00,21,1,,,0.0,false,14.8,248.6136498671717,false
1,72,01:45,94,07:15,22,1,,,0.0,false,14.8,249.07576657811447,false
1,72,01:45,95,07:30,23,1,,,0.0,false,14.8,249.53788328905722,false
1,72,01:45,96,07:45,24,1,,,0.0,false,14.8,250.0,false
1,73,02:00,73,02:00,0,1,,,0.0,false,14.8,239.37131564831645,false
1,73,02:00,74,02:15,1,1,,,0.0,false,14.8,239.8334323592592,false
1,73,02:00,75,02:30,2,1,,,0.0,false,14.8,240.295549070202,false
1,73,02:00,76,02:45,3,1,,,0.0,false,14.8,240.75766578114474,false
1,73,02:00,77,03:00,4,1,,,0.0,false,14.8,241.21978249208752,false
1,73,02:00,78,03:15,5,1,,,0.0,false,14.8,241.68189920303027,false
1,73,02:00,79,03:30,6,1,,,0.0,false,14.8,242.14401591397305,false
1,73,02:00,80,03:45,7,1,,,0.0,false,14.8,242.6061326249158,false
1,73,02:00,81,04:00,8,1,,,0.0,false,14.8,243.06824933585858,false
1,73,02:00,82,04:15,9,1,,,0.0,false,14.8,243.53036604680136,false
1,73,02:00,83,04:30,10,1,,,0.0,false,14.8,243.9924827577441,false
1,73,02:00,84,04:45,11,1,,,0.0,false,14.8,244.4545994686869,false
1,73,02:00,85,05:00,12,1,,,0.0,false,14.8,244.91671617962965,false
1,73,02:00,86,05:15,13,1,,,0.0,false,14.8,245.37883289057243,false
1,73,02:00,87,05:30,14,1,,,0.0,false,14.8,245.84094960151518,false
1,73,02:00,88,05:45,15,1,,,0.0,false,14.8,246.30306631245796,false
1,73,02:00,89,06:00,16,1,,,0.0,false,14.8,246.7651830234006,false
1,73,02:00,90,06:15,17,1,,,0.0,false,14.8,247.22729973434338,false
1,73,02:00,91,06:30,18,1,,,0.0,false,14.8,247.68941644528616,false
1,73,02:00,92,06:45,19,1,,,0.0,false,14.8,248.1515331562289,false
1,73,02:00,93,07:00,20,1,,,0.0,false,14.8,248.6136498671717,false
1,73,02:00,94,07:15,21,1,,,0.0,false,14.8,249.07576657811447,false
1,73,02:00,95,07:30,22,1,,,0.0,false,14.8,249.53788328905722,false
1,73,02:00,96,07:45,23,1,,,0.0,false,14.8,250.0,false
1,74,02:15,74,02:15,0,1,,,0.0,false,14.8,239.83343235925923,false
1,74,02:15,75,02:30,1,1,,,0.0,false,14.8,240.295549070202,false
1,74,02:15,76,02:45,2,1,,,0.0,false,14.8,240.75766578114477,false
1,74,02:15,77,03:00,3,1,,,0.0,false,14.8,241.21978249208755,false
1,74,02:15,78,03:15,4,1,,,0.0,false,14.8,241.6818992030303,false
1,74,02:15,79,03:30,5,1,,,0.0,false,14.8,242.14401591397308,false
1,74,02:15,80,03:45,6,1,,,0.0,false,14.8,242.60613262491583,false
1,74,02:15,81,04:00,7,1,,,0.0,false,14.8,243.0682493358586,false
1,74,02:15,82,04:15,8,1,,,0.0,false,14.8,243.53036604680136,false
1,74,02:15,83,04:30,9,1,,,0.0,false,14.8,243.9924827577441,false
1,74,02:15,84,04:45,10,1,,,0.0,false,14.8,244.4545994686869,false
1,74,02:15,85,05:00,11,1,,,0.0,false,14.8,244.91671617962965,false
1,74,02:15,86,05:15,12,1,,,0.0,false,14.8,245.37883289057243,false
1,74,02:15,87,05:30,13,1,,,0.0,false,14.8,245.84094960151518,false
1,74,02:15,88,05:45,14,1,,,0.0,false,14.8,246.30306631245796,false
1,74,02:15,89,06:00,15,1,,,0.0,false,14.8,246.7651830234006,false
1,74,02:15,90,06:15,16,1,,,0.0,false,14.8,247.22729973434338,false
1,74,02:15,91,06:30,17,1,,,0.0,false,14.8,247.68941644528616,false
1,74,02:15,92,06:45,18,1,,,0.0,false,14.8,248.1515331562289,false
1,74,02:15,93,07:00,19,1,,,0.0,false,14.8,248.6136498671717,false
1,74,02:15,94,07:15,20,1,,,0.0,false,14.8,249.07576657811447,false
1,74,02:15,95,07:30,21,1,,,0.0,false,14.8,249.53788328905722,false
1,74,02:15,96,07:45,22,1,,,0.0,false,14.8,250.0,false
1,75,02:30,75,02:30,0,1,,,0.0,false,14.8,240.29554907020201,false
1,75,02:30,76,02:45,1,1,,,0.0,false,14.8,240.75766578114477,false
1,75,02:30,77,03:00,2,1,,,0.0,false,14.8,241.21978249208755,false
1,75,02:30,78,03:15,3,1,,,0.0,false,14.8,241.6818992030303,false
1,75,02:30,79,03:30,4,1,,,0.0,false,14.8,242.14401591397308,false
1,75,02:30,80,03:45,5,1,,,0.0,false,14.8,242.60613262491583,false
1,75,02:30,81,04:00,6,1,,,0.0,false,14.8,243.0682493358586,false
1,75,02:30,82,04:15,7,1,,,0.0,false,14.8,243.5303660468014,false
1,75,02:30,83,04:30,8,1,,,0.0,false,14.8,243.99248275774414,false
1,75,02:30,84,04:45,9,1,,,0.0,false,14.8,244.45459946868692,false
1,75,02:30,85,05:00,10,1,,,0.0,false,14.8,244.91671617962967,false
1,75,02:30,86,05:15,11,1,,,0.0,false,14.8,245.37883289057245,false
1,75,02:30,87,05:30,12,1,,,0.0,false,14.8,245.8409496015152,false
1,75,02:30,88,05:45,13,1,,,0.0,false,14.8,246.303066312458,false
1,75,02:30,89,06:00,14,1,,,0.0,false,14.8,246.7651830234006,false
1,75,02:30,90,06:15,15,1,,,0.0,false,14.8,247.22729973434338,false
1,75,02:30,91,06:30,16,1,,,0.0,false,14.8,247.68941644528616,false
1,75,02:30,92,06:45,17,1,,,0.0,false,14.8,248.1515331562289,false
1,75,02:30,93,07:00,18,1,,,0.0,false,14.8,248.6136498671717,false
1,75,02:30,94,07:15,19,1,,,0.0,false,14.8,249.07576657811447,false
1,75,02:30,95,07:30,20,1,,,0.0,false,14.8,249.53788328905722,false
1,75,02:30,96,07:45,21,1,,,0.0,false,14.8,250.0,false
1,76,02:45,76,02:45,0,1,,,0.0,false,14.8,240.7576657811448,false
1,76,02:45,77,03:00,1,1,,,0.0,false,14.8,241.21978249208755,false
1,76,02:45,78,03:15,2,1,,,0.0,false,14.8,241.68189920303033,false
1,76,02:45,79,03:30,3,1,,,0.0,false,14.8,242.1440159139731,false
1,76,02:45,80,03:45,4,1,,,0.0,false,14.8,242.60613262491586,false
1,76,02:45,81,04:00,5,1,,,0.0,false,14.8,243.06824933585864,false
1,76,02:45,82,04:15,6,1,,,0.0,false,14.8,243.5303660468014,false
1,76,02:45,83,04:30,7,1,,,0.0,false,14.8,243.99248275774414,false
1,76,02:45,84,04:45,8,1,,,0.0,false,14.8,244.45459946868692,false
1,76,02:45,85,05:00,9,1,,,0.0,false,14.8,244.91671617962967,false
1,76,02:45,86,05:15,10,1,,,0.0,false,14.8,245.37883289057245,false
1,76,02:45,87,05:30,11,1,,,0.0,false,14.8,245.8409496015152,false
1,76,02:45,88,05:45,12,1,,,0.0,false,14.8,246.303066312458,false
1,76,02:45,89,06:00,13,1,,,0.0,false,14.8,246.7651830234006,false
1,76,02:45,90,06:15,14,1,,,0.0,false,14.8,247.22729973434338,false
1,76,02:45,91,06:30,15,1,,,0.0,false,14.8,247.68941644528616,false
1,76,02:45,92,06:45,16,1,,,0.0,false,14.8,248.1515331562289,false
1,76,02:45,93,07:00,17,1,,,0.0,false,14.8,248.6136498671717,false
1,76,02:45,94,07:15,18,1,,,0.0,false,14.8,249.07576657811447,false
1,76,02:45,95,07:30,19,1,,,0.0,false,14.8,249.53788328905722,false
1,76,02:45,96,07:45,20,1,,,0.0,false,14.8,250.0,false
1,77,03:00,77,03:00,0,1,,,0.0,false,14.8,241.21978249208757,false
1,77,03:00,78,03:15,1,1,,,0.0,false,14.8,241.68189920303033,false
1,77,03:00,79,03:30,2,1,,,0.0,false,14.8,242.1440159139731,false
1,77,03:00,80,03:45,3,1,,,0.0,false,14.8,242.60613262491583,false
1,77,03:00,81,04:00,4,1,,,0.0,false,14.8,243.0682493358586,false
1,77,03:00,82,04:15,5,1,,,0.0,false,14.8,243.5303660468014,false
1,77,03:00,83,04:30,6,1,,,0.0,false,14.8,243.99248275774414,false
1,77,03:00,84,04:45,7,1,,,0.0,false,14.8,244.45459946868692,false
1,77,03:00,85,05:00,8,1,,,0.0,false,14.8,244.9167161796297,false
1,77,03:00,86,05:15,9,1,,,0.0,false,14.8,245.37883289057248,false
1,77,03:00,87,05:30,10,1,,,0.0,false,14.8,245.84094960151523,false
1,77,03:00,88,05:45,11,1,,,0.0,false,14.8,246.30306631245801,false
1,77,03:00,89,06:00,12,1,,,0.0,false,14.8,246.7651830234006,false
1,77,03:00,90,06:15,13,1,,,0.0,false,14.8,247.22729973434338,false
1,77,03:00,91,06:30,14,1,,,0.0,false,14.8,247.68941644528616,false
1,77,03:00,92,06:45,15,1,,,0.0,false,14.8,248.1515331562289,false
1,77,03:00,93,07:00,16,1,,,0.0,false,14.8,248.6136498671717,false
1,77,03:00,94,07:15,17,1,,,0.0,false,14.8,249.07576657811447,false
1,77,03:00,95,07:30,18,1,,,0.0,false,14.8,249.53788328905722,false
1,77,03:00,96,07:45,19,1,,,0.0,false,14.8,250.0,false
1,78,03:15,78,03:15,0,1,,,0.0,false,14.8,241.68189920303035,false
1,78,03:15,79,03:30,1,1,,,0.0,false,14.8,242.1440159139731,false
1,78,03:15,80,03:45,2,1,,,0.0,false,14.8,242.6061326249159,false
1,78,03:15,81,04:00,3,1,,,0.0,false,14.8,243.06824933585867,false
1,78,03:15,82,04:15,4,1,,,0.0,false,14.8,243.53036604680142,false
1,78,03:15,83,04:30,5,1,,,0.0,false,14.8,243.99248275774417,false
1,78,03:15,84,04:45,6,1,,,0.0,false,14.8,244.45459946868695,false
1,78,03:15,85,05:00,7,1,,,0.0,false,14.8,244.9167161796297,false
1,78,03:15,86,05:15,8,1,,,0.0,false,14.8,245.37883289057248,false
1,78,03:15,87,05:30,9,1,,,0.0,false,14.8,245.84094960151523,false
1,78,03:15,88,05:45,10,1,,,0.0,false,14.8,246.30306631245801,false
1,78,03:15,89,06:00,11,1,,,0.0,false,14.8,246.7651830234006,false
1,78,03:15,90,06:15,12,1,,,0.0,false,14.8,247.22729973434338,false
1,78,03:15,91,06:30,13,1,,,0.0,false,14.8,247.68941644528616,false
1,78,03:15,92,06:45,14,1,,,0.0,false,14.8,248.1515331562289,false
1,78,03:15,93,07:00,15,1,,,0.0,false,14.8,248.6136498671717,false
1,78,03:15,94,07:15,16,1,,,0.0,false,14.8,249.07576657811447,false
1,78,03:15,95,07:30,17,1,,,0.0,false,14.8,249.53788328905722,false
1,78,03:15,96,07:45,18,1,,,0.0,false,14.8,250.0,false
1,79,03:30,79,03:30,0,1,,,0.0,false,14.8,242.14401591397313,false
1,79,03:30,80,03:45,1,1,,,0.0,false,14.8,242.60613262491586,false
1,79,03:30,81,04:00,2,1,,,0.0,false,14.8,243.06824933585864,false
1,79,03:30,82,04:15,3,1,,,0.0,false,14.8,243.53036604680142,false
1,79,03:30,83,04:30,4,1,,,0.0,false,14.8,243.99248275774417,false
1,79,03:30,84,04:45,5,1,,,0.0,false,14.8,244.45459946868695,false
1,79,03:30,85,05:00,6,1,,,0.0,false,14.8,244.91671617962973,false
1,79,03:30,86,05:15,7,1,,,0.0,false,14.8,245.3788328905725,false
1,79,03:30,87,05:30,8,1,,,0.0,false,14.8,245.84094960151526,false
1,79,03:30,88,05:45,9,1,,,0.0,false,14.8,246.30306631245804,false
1,79,03:30,89,06:00,10,1,,,0.0,false,14.8,246.7651830234006,false
1,79,03:30,90,06:15,11,1,,,0.0,false,14.8,247.22729973434338,false
1,79,03:30,91,06:30,12,1,,,0.0,false,14.8,247.68941644528616,false
1,79,03:30,92,06:45,13,1,,,0.0,false,14.8,248.1515331562289,false
1,79,03:30,93,07:00,14,1,,,0.0,false,14.8,248.6136498671717,false
1,79,03:30,94,07:15,15,1,,,0.0,false,14.8,249.07576657811447,false
1,79,03:30,95,07:30,16,1,,,0.0,false,14.8,249.53788328905722,false
1,79,03:30,96,07:45,17,1,,,0.0,false,14.8,250.0,false
1,80,03:45,80,03:45,0,1,,,0.0,false,14.8,242.60613262491592,false
1,80,03:45,81,04:00,1,1,,,0.0,false,14.8,243.06824933585867,false
1,80,03:45,82,04:15,2,1,,,0.0,false,14.8,243.53036604680145,false
1,80,03:45,83,04:30,3,1,,,0.0,false,14.8,243.9924827577442,false
1,80,03:45,84,04:45,4,1,,,0.0,false,14.8,244.45459946868698,false
1,80,03:45,85,05:00,5,1,,,0.0,false,14.8,244.91671617962973,false
1,80,03:45,86,05:15,6,1,,,0.0,false,14.8,245.3788328905725,false
1,80,03:45,87,05:30,7,1,,,0.0,false,14.8,245.84094960151526,false
1,80,03:45,88,05:45,8,1,,,0.0,false,14.8,246.30306631245804,false
1,80,03:45,89,06:00,9,1,,,0.0,false,14.8,246.7651830234006,false
1,80,03:45,90,06:15,10,1,,,0.0,false,14.8,247.22729973434338,false
1,80,03:45,91,06:30,11,1,,,0.0,false,14.8,247.68941644528616,false
1,80,03:45,92,06:45,12,1,,,0.0,false,14.8,248.1515331562289,false
1,80,03:45,93,07:00,13,1,,,0.0,false,14.8,248.6136498671717,false
1,80,03:45,94,07:15,14,1,,,0.0,false,14.8,249.07576657811447,false
1,80,03:45,95,07:30,15,1,,,0.0,false,14.8,249.53788328905722,false
1,80,03:45,96,07:45,16,1,,,0.0,false,14.8,250.0,false
1,81,04:00,81,04:00,0,1,,,0.0,false,14.8,243.0682493358587,false
1,81,04:00,82,04:15,1,1,,,0.0,false,14.8,243.53036604680145,false
1,81,04:00,83,04:30,2,1,,,0.0,false,14.8,243.9924827577442,false
1,81,04:00,84,04:45,3,1,,,0.0,false,14.8,244.45459946868698,false
1,81,04:00,85,05:00,4,1,,,0.0,false,14.8,244.91671617962973,false
1,81,04:00,86,05:15,5,1,,,0.0,false,14.8,245.3788328905725,false
1,81,04:00,87,05:30,6,1,,,0.0,false,14.8,245.8409496015153,false
1,81,04:00,88,05:45,7,1,,,0.0,false,14.8,246.30306631245807,false
1,81,04:00,89,06:00,8,1,,,0.0,false,14.8,246.76518302340062,false
1,81,04:00,90,06:15,9,1,,,0.0,false,14.8,247.2272997343434,false
1,81,04:00,91,06:30,10,1,,,0.0,false,14.8,247.68941644528618,false
1,81,04:00,92,06:45,11,1,,,0.0,false,14.8,248.15153315622894,false
1,81,04:00,93,07:00,12,1,,,0.0,false,14.8,248.61364986717172,false
1,81,04:00,94,07:15,13,1,,,0.0,false,14.8,249.07576657811447,false
1,81,04:00,95,07:30,14,1,,,0.0,false,14.8,249.53788328905722,false
1,81,04:00,96,07:45,15,1,,,0.0,false,14.8,250.0,false
1,82,04:15,82,04:15,0,1,,,0.0,false,14.8,243.53036604680148,false
1,82,04:15,83,04:30,1,1,,,0.0,false,14.8,243.99248275774423,false
1,82,04:15,84,04:45,2,1,,,0.0,false,14.8,244.454599468687,false
1,82,04:15,85,05:00,3,1,,,0.0,false,14.8,244.91671617962976,false
1,82,04:15,86,05:15,4,1,,,0.0,false,14.8,245.37883289057254,false
1,82,04:15,87,05:30,5,1,,,0.0,false,14.8,245.8409496015153,false
1,82,04:15,88,05:45,6,1,,,0.0,false,14.8,246.30306631245807,false
1,82,04:15,89,06:00,7,1,,,0.0,false,14.8,246.7651830234006,false
1,82,04:15,90,06:15,8,1,,,0.0,false,14.8,247.22729973434338,false
1,82,04:15,91,06:30,9,1,,,0.0,false,14.8,247.68941644528616,false
1,82,04:15,92,06:45,10,1,,,0.0,false,14.8,248.1515331562289,false
1,82,04:15,93,07:00,11,1,,,0.0,false,14.8,248.6136498671717,false
1,82,04:15,94,07:15,12,1,,,0.0,false,14.8,249.07576657811447,false
1,82,04:15,95,07:30,13,1,,,0.0,false,14.8,249.53788328905722,false
1,82,04:15,96,07:45,14,1,,,0.0,false,14.8,250.0,false
1,83,04:30,83,04:30,0,1,,,0.0,false,14.8,243.99248275774426,false
1,83,04:30,84,04:45,1,1,,,0.0,false,14.8,244.454599468687,false
1,83,04:30,85,05:00,2,1,,,0.0,false,14.8,244.9167161796298,false
1,83,04:30,86,05:15,3,1,,,0.0,false,14.8,245.37883289057257,false
1,83,04:30,87,05:30,4,1,,,0.0,false,14.8,245.84094960151532,false
1,83,04:30,88,05:45,5,1,,,0.0,false,14.8,246.3030663124581,false
1,83,04:30,89,06:00,6,1,,,0.0,false,14.8,246.76518302340062,false
1,83,04:30,90,06:15,7,1,,,0.0,false,14.8,247.2272997343434,false
1,83,04:30,91,06:30,8,1,,,0.0,false,14.8,247.68941644528616,false
1,83,04:30,92,06:45,9,1,,,0.0,false,14.8,248.1515331562289,false
1,83,04:30,93,07:00,10,1,,,0.0,false,14.8,248.6136498671717,false
1,83,04:30,94,07:15,11,1,,,0.0,false,14.8,249.07576657811447,false
1,83,04:30,95,07:30,12,1,,,0.0,false,14.8,249.53788328905722,false
1,83,04:30,96,07:45,13,1,,,0.0,false,14.8,250.0,false
1,84,04:45,84,04:45,0,1,,,0.0,false,14.8,244.45459946868704,false
1,84,04:45,85,05:00,1,1,,,0.0,false,14.8,244.9167161796298,false
1,84,04:45,86,05:15,2,1,,,0.0,false,14.8,245.37883289057257,false
1,84,04:45,87,05:30,3,1,,,0.0,false,14.8,245.84094960151532,false
1,84,04:45,88,05:45,4,1,,,0.0,false,14.8,246.3030663124581,false
1,84,04:45,89,06:00,5,1,,,0.0,false,14.8,246.7651830234006,false
1,84,04:45,90,06:15,6,1,,,0.0,false,14.8,247.22729973434338,false
1,84,04:45,91,06:30,7,1,,,0.0,false,14.8,247.68941644528616,false
1,84,04:45,92,06:45,8,1,,,0.0,false,14.8,248.1515331562289,false
1,84,04:45,93,07:00,9,1,,,0.0,false,14.8,248.6136498671717,false
1,84,04:45,94,07:15,10,1,,,0.0,false,14.8,249.07576657811447,false
1,84,04:45,95,07:30,11,1,,,0.0,false,14.8,249.53788328905722,false
1,84,04:45,96,07:45,12,1,,,0.0,false,14.8,250.0,false
1,85,05:00,85,05:00,0,1,,,0.0,false,14.8,244.91671617962982,false
1,85,05:00,86,05:15,1,1,,,0.0,false,14.8,245.37883289057257,false
1,85,05:00,87,05:30,2,1,,,0.0,false,14.8,245.84094960151535,false
1,85,05:00,88,05:45,3,1,,,0.0,false,14.8,246.30306631245813,false
1,85,05:00,89,06:00,4,1,,,0.0,false,14.8,246.76518302340062,false
1,85,05:00,90,06:15,5,1,,,0.0,false,14.8,247.2272997343434,false
1,85,05:00,91,06:30,6,1,,,0.0,false,14.8,247.68941644528616,false
1,85,05:00,92,06:45,7,1,,,0.0,false,14.8,248.1515331562289,false
1,85,05:00,93,07:00,8,1,,,0.0,false,14.8,248.6136498671717,false
1,85,05:00,94,07:15,9,1,,,0.0,false,14.8,249.07576657811447,false
1,85,05:00,95,07:30,10,1,,,0.0,false,14.8,249.53788328905722,false
1,85,05:00,96,07:45,11,1,,,0.0,false,14.8,250.0,false
1,86,05:15,86,05:15,0,1,,,0.0,false,14.8,245.3788328905726,false
1,86,05:15,87,05:30,1,1,,,0.0,false,14.8,245.84094960151535,false
1,86,05:15,88,05:45,2,1,,,0.0,false,14.8,246.30306631245813,false
1,86,05:15,89,06:00,3,1,,,0.0,false,14.8,246.7651830234006,false
1,86,05:15,90,06:15,4,1,,,0.0,false,14.8,247.22729973434338,false
1,86,05:15,91,06:30,5,1,,,0.0,false,14.8,247.68941644528616,false
1,86,05:15,92,06:45,6,1,,,0.0,false,14.8,248.1515331562289,false
1,86,05:15,93,07:00,7,1,,,0.0,false,14.8,248.6136498671717,false
1,86,05:15,94,07:15,8,1,,,0.0,false,14.8,249.07576657811447,false
1,86,05:15,95,07:30,9,1,,,0.0,false,14.8,249.53788328905722,false
1,86,05:15,96,07:45,10,1,,,0.0,false,14.8,250.0,false
1,87,05:30,87,05:30,0,1,,,0.0,false,14.8,245.84094960151538,false
1,87,05:30,88,05:45,1,1,,,0.0,false,14.8,246.30306631245813,false
1,87,05:30,89,06:00,2,1,,,0.0,false,14.8,246.76518302340062,false
1,87,05:30,90,06:15,3,1,,,0.0,false,14.8,247.2272997343434,false
1,87,05:30,91,06:30,4,1,,,0.0,false,14.8,247.68941644528616,false
1,87,05:30,92,06:45,5,1,,,0.0,false,14.8,248.1515331562289,false
1,87,05:30,93,07:00,6,1,,,0.0,false,14.8,248.6136498671717,false
1,87,05:30,94,07:15,7,1,,,0.0,false,14.8,249.07576657811447,false
1,87,05:30,95,07:30,8,1,,,0.0,false,14.8,249.53788328905722,false
1,87,05:30,96,07:45,9,1,,,0.0,false,14.8,250.0,false
1,88,05:45,88,05:45,0,1,,,0.0,false,14.8,246.30306631245816,false
1,88,05:45,89,06:00,1,1,,,0.0,false,14.8,246.7651830234006,false
1,88,05:45,90,06:15,2,1,,,0.0,false,14.8,247.22729973434338,false
1,88,05:45,91,06:30,3,1,,,0.0,false,14.8,247.68941644528616,false
1,88,05:45,92,06:45,4,1,,,0.0,false,14.8,248.1515331562289,false
1,88,05:45,93,07:00,5,1,,,0.0,false,14.8,248.6136498671717,false
1,88,05:45,94,07:15,6,1,,,0.0,false,14.8,249.07576657811447,false
1,88,05:45,95,07:30,7,1,,,0.0,false,14.8,249.53788328905722,false
1,88,05:45,96,07:45,8,1,,,0.0,false,14.8,250.0,false
1,89,06:00,89,06:00,0,1,,,0.0,false,14.8,246.76518302340062,false
1,89,06:00,90,06:15,1,1,,,0.0,false,14.8,247.2272997343434,false
1,89,06:00,91,06:30,2,1,,,0.0,false,14.8,247.68941644528616,false
1,89,06:00,92,06:45,3,1,,,0.0,false,14.8,248.1515331562289,false
1,89,06:00,93,07:00,4,1,,,0.0,false,14.8,248.6136498671717,false
1,89,06:00,94,07:15,5,1,,,0.0,false,14.8,249.07576657811447,false
1,89,06:00,95,07:30,6,1,,,0.0,false,14.8,249.53788328905722,false
1,89,06:00,96,07:45,7,1,,,0.0,false,14.8,250.0,false
1,90,06:15,90,06:15,0,1,,,0.0,false,14.8,247.2272997343434,false
1,90,06:15,91,06:30,1,1,,,0.0,false,14.8,247.68941644528616,false
1,90,06:15,92,06:45,2,1,,,0.0,false,14.8,248.1515331562289,false
1,90,06:15,93,07:00,3,1,,,0.0,false,14.8,248.6136498671717,false
1,90,06:15,94,07:15,4,1,,,0.0,false,14.8,249.07576657811447,false
1,90,06:15,95,07:30,5,1,,,0.0,false,14.8,249.53788328905722,false
1,90,06:15,96,07:45,6,1,,,0.0,false,14.8,250.0,false
1,91,06:30,91,06:30,0,1,,,0.0,false,14.8,247.68941644528616,false
1,91,06:30,92,06:45,1,1,,,0.0,false,14.8,248.1515331562289,false
1,91,06:30,93,07:00,2,1,,,0.0,false,14.8,248.6136498671717,false
1,91,06:30,94,07:15,3,1,,,0.0,false,14.8,249.07576657811447,false
1,91,06:30,95,07:30,4,1,,,0.0,false,14.8,249.53788328905722,false
1,91,06:30,96,07:45,5,1,,,0.0,false,14.8,250.0,false
1,92,06:45,92,06:45,0,1,,,0.0,false,14.8,248.15153315622894,false
1,92,06:45,93,07:00,1,1,,,0.0,false,14.8,248.6136498671717,false
1,92,06:45,94,07:15,2,1,,,0.0,false,14.8,249.07576657811447,false
1,92,06:45,95,07:30,3,1,,,0.0,false,14.8,249.53788328905722,false
1,92,06:45,96,07:45,4,1,,,0.0,false,14.8,250.0,false
1,93,07:00,93,07:00,0,1,,,0.0,false,14.8,248.6136498671717,false
1,93,07:00,94,07:15,1,1,,,0.0,false,14.8,249.07576657811447,false
1,93,07:00,95,07:30,2,1,,,0.0,false,14.8,249.53788328905722,false
1,93,07:00,96,07:45,3,1,,,0.0,false,14.8,250.0,false
1,94,07:15,94,07:15,0,1,,,0.0,false,14.8,249.07576657811447,false
1,94,07:15,95,07:30,1,1,,,0.0,false,14.8,249.53788328905722,false
1,94,07:15,96,07:45,2,1,,,0.0,false,14.8,250.0,false
1,95,07:30,95,07:30,0,1,,,0.0,false,14.8,249.53788328905722,false
1,95,07:30,96,07:45,1,1,,,0.0,false,14.8,250.0,false
1,96,07:45,96,07:45,0,1,,,0.0,false,14.8,250.0,false
