day,resolve_step,resolve_clock,offset_step,offset_clock,steps_ahead,cev,scenario_id,activity_planned,planned_power_kW,planned_charging,soe_cev_planned_kWh,soe_mcs_planned_kWh,changed_from_prior_resolve
1,1,08:00,1,08:00,0,1,,Digging,4.7925,false,13.601875,250.0,
1,1,08:00,2,08:15,1,1,,Digging,4.7925,false,12.403749999999977,250.0,
1,1,08:00,3,08:30,2,1,,Charging,-2.6645352591003757e-15,true,14.303749999999978,247.89473684210526,
1,1,08:00,4,08:45,3,1,,Digging,4.7925,false,13.105624999999979,247.8947368421053,
1,1,08:00,5,09:00,4,1,,Digging,4.7925,false,11.907499999999978,247.8947368421053,
1,1,08:00,6,09:15,5,1,,Charging,0.0,true,13.807499999999978,245.78947368421055,
1,1,08:00,7,09:30,6,1,,Charging,0.0,true,14.8,244.68975069252076,
1,1,08:00,8,09:45,7,1,,Traveling,4.7101,false,13.622475000000001,244.68975069252076,
1,1,08:00,9,10:00,8,1,,Loading/Swinging,3.1586,false,12.832825000000001,244.68975069252076,
1,1,08:00,10,10:15,9,1,,Digging,4.792499999999997,false,11.634700000000002,244.68975069252076,
1,1,08:00,11,10:30,10,1,,Digging,4.7925000000000075,false,10.436575000000001,244.68975069252076,
1,1,08:00,12,10:45,11,1,,Charging,5.329070518200751e-15,true,12.336575,242.58448753462602,
1,1,08:00,13,11:00,12,1,,Digging,4.7925,false,11.138449999999999,242.58448753462602,
1,1,08:00,14,11:15,13,1,,Traveling,4.7101000000000015,false,9.960924999999998,242.58448753462602,
1,1,08:00,15,11:30,14,1,,Digging,4.7925,false,8.762799999999999,242.58448753462602,
1,1,08:00,16,11:45,15,1,,Digging,4.7925,false,7.5646749999999985,242.58448753462602,
1,1,08:00,17,12:00,16,1,,Charging,0.0,true,9.464674999999998,240.47922437673128,
1,1,08:00,18,12:15,17,1,,Charging,0.0,true,11.364674999999998,238.37396121883654,
1,1,08:00,19,12:30,18,1,,,0.0,false,11.364674999999998,238.37396121883654,
1,1,08:00,20,12:45,19,1,,,0.0,false,11.364674999999998,238.83710939398355,
1,1,08:00,21,13:00,20,1,,,0.0,false,11.364674999999998,239.30025756913057,
1,1,08:00,22,13:15,21,1,,,0.0,false,11.364674999999998,239.76340574427758,
1,1,08:00,23,13:30,22,1,,,0.0,false,11.364674999999998,240.2265539194246,
1,1,08:00,24,13:45,23,1,,,0.0,false,11.364674999999998,240.6897020945716,
1,1,08:00,25,14:00,24,1,,Digging,4.7925,false,10.166549999999997,241.1528502697186,
1,1,08:00,26,14:15,25,1,,Digging,4.7925,false,8.968424999999996,241.61599844486562,
1,1,08:00,27,14:30,26,1,,Traveling,4.710099999999922,false,7.790900000000016,242.07914662001264,
1,1,08:00,28,14:45,27,1,,Digging,4.792500000000054,false,6.592775000000002,242.54229479515965,
1,1,08:00,29,15:00,28,1,,Idle,0.0,false,6.592775000000002,243.00544297030666,
1,1,08:00,30,15:15,29,1,,Loading/Swinging,3.1586,false,5.803125000000002,243.46859114545367,
1,1,08:00,31,15:30,30,1,,Loading/Swinging,3.1586,false,5.013475000000002,243.93173932060068,
1,1,08:00,32,15:45,31,1,,Loading/Swinging,3.158599999999968,false,4.223825000000007,244.3948874957477,
1,1,08:00,33,16:00,32,1,,Traveling,4.71010000000001,false,3.0463000000000044,244.3948874957477,
1,1,08:00,34,16:15,33,1,,Charging,0.0,true,4.946299999999997,242.28962433785296,
1,1,08:00,35,16:30,34,1,,Loading/Swinging,3.1585999999999887,false,4.156649999999996,242.28962433785296,
1,1,08:00,36,16:45,35,1,,Loading/Swinging,3.1586,false,3.3669999999999964,242.28962433785296,
1,1,08:00,37,17:00,36,1,,,0.0,false,3.3669999999999964,242.28962433785296,
1,1,08:00,38,17:15,37,1,,,0.0,false,3.3669999999999964,242.28962433785296,
1,1,08:00,39,17:30,38,1,,,0.0,false,3.366999999999991,242.28962433785296,
1,1,08:00,40,17:45,39,1,,,0.0,false,3.366999999999991,242.28962433785296,
1,1,08:00,41,18:00,40,1,,,0.0,false,3.366999999999991,242.28962433785296,
1,1,08:00,42,18:15,41,1,,,0.0,false,3.366999999999991,242.28962433785296,
1,1,08:00,43,18:30,42,1,,,0.0,false,3.3669999999999907,242.28962433785296,
1,1,08:00,44,18:45,43,1,,Charging,0.0,true,5.266999999999991,240.18436117995822,
1,1,08:00,45,19:00,44,1,,Charging,0.0,true,7.166999999999991,238.07909802206348,
1,1,08:00,46,19:15,45,1,,,0.0,false,7.166999999999991,238.07909802206348,
1,1,08:00,47,19:30,46,1,,Charging,0.0,true,9.066999999999991,235.97383486416874,
1,1,08:00,48,19:45,47,1,,Charging,0.0,true,10.966999999999992,233.868571706274,
1,1,08:00,49,20:00,48,1,,Charging,0.0,true,11.00000000000001,233.83200660932107,
1,1,08:00,50,20:15,49,1,,Charging,0.0,true,12.900000000000011,231.72674345142633,
1,1,08:00,51,20:30,50,1,,Charging,0.0,true,14.8,229.6214802935316,
1,1,08:00,52,20:45,51,1,,,0.0,false,14.8,229.6214802935316,
1,1,08:00,53,21:00,52,1,,,0.0,false,14.8,230.0846284686786,
1,1,08:00,54,21:15,53,1,,,0.0,false,14.8,230.5477766438256,
1,1,08:00,55,21:30,54,1,,,0.0,false,14.8,231.01092481897263,
1,1,08:00,56,21:45,55,1,,,0.0,false,14.8,231.47407299411964,
1,1,08:00,57,22:00,56,1,,,0.0,false,14.8,231.93722116926665,
1,1,08:00,58,22:15,57,1,,,0.0,false,14.8,232.40036934441366,
1,1,08:00,59,22:30,58,1,,,0.0,false,14.8,232.86351751956067,
1,1,08:00,60,22:45,59,1,,,0.0,false,14.8,233.32666569470769,
1,1,08:00,61,23:00,60,1,,,0.0,false,14.8,233.7898138698547,
1,1,08:00,62,23:15,61,1,,,0.0,false,14.8,234.2529620450017,
1,1,08:00,63,23:30,62,1,,,0.0,false,14.8,234.71611022014872,
1,1,08:00,64,23:45,63,1,,,0.0,false,14.8,235.17925839529573,
1,1,08:00,65,00:00,64,1,,,0.0,false,14.8,235.64240657044274,
1,1,08:00,66,00:15,65,1,,,0.0,false,14.8,236.10555474558976,
1,1,08:00,67,00:30,66,1,,,0.0,false,14.8,236.56870292073677,
1,1,08:00,68,00:45,67,1,,,0.0,false,14.8,237.03185109588378,
1,1,08:00,69,01:00,68,1,,,0.0,false,14.8,237.4949992710308,
1,1,08:00,70,01:15,69,1,,,0.0,false,14.8,237.9581474461778,
1,1,08:00,71,01:30,70,1,,,0.0,false,14.8,238.42129562132482,
1,1,08:00,72,01:45,71,1,,,0.0,false,14.8,238.88444379647183,
1,1,08:00,73,02:00,72,1,,,0.0,false,14.8,239.34759197161884,
1,1,08:00,74,02:15,73,1,,,0.0,false,14.8,239.81074014676585,
1,1,08:00,75,02:30,74,1,,,0.0,false,14.8,240.27388832191286,
1,1,08:00,76,02:45,75,1,,,0.0,false,14.8,240.73703649705988,
1,1,08:00,77,03:00,76,1,,,0.0,false,14.8,241.2001846722069,
1,1,08:00,78,03:15,77,1,,,0.0,false,14.8,241.6633328473539,
1,1,08:00,79,03:30,78,1,,,0.0,false,14.8,242.1264810225009,
1,1,08:00,80,03:45,79,1,,,0.0,false,14.8,242.58962919764792,
1,1,08:00,81,04:00,80,1,,,0.0,false,14.8,243.05277737279494,
1,1,08:00,82,04:15,81,1,,,0.0,false,14.8,243.51592554794195,
1,1,08:00,83,04:30,82,1,,,0.0,false,14.8,243.97907372308896,
1,1,08:00,84,04:45,83,1,,,0.0,false,14.8,244.44222189823597,
1,1,08:00,85,05:00,84,1,,,0.0,false,14.8,244.90537007338298,
1,1,08:00,86,05:15,85,1,,,0.0,false,14.8,245.36851824853,
1,1,08:00,87,05:30,86,1,,,0.0,false,14.8,245.831666423677,
1,1,08:00,88,05:45,87,1,,,0.0,false,14.8,246.29481459882402,
1,1,08:00,89,06:00,88,1,,,0.0,false,14.8,246.75796277397103,
1,1,08:00,90,06:15,89,1,,,0.0,false,14.8,247.22111094911804,
1,1,08:00,91,06:30,90,1,,,0.0,false,14.8,247.68425912426505,
1,1,08:00,92,06:45,91,1,,,0.0,false,14.8,248.14740729941207,
1,1,08:00,93,07:00,92,1,,,0.0,false,14.8,248.61055547455908,
1,1,08:00,94,07:15,93,1,,,0.0,false,14.8,249.0737036497061,
1,1,08:00,95,07:30,94,1,,,0.0,false,14.8,249.536851824853,
1,1,08:00,96,07:45,95,1,,,0.0,false,14.8,250.0,
1,2,08:15,2,08:15,0,1,,Charging,0.0,true,14.594375000000003,248.85293628808864,true
1,2,08:15,3,08:30,1,1,,Digging,4.7925,false,13.396250000000002,248.85293628808864,true
1,2,08:15,4,08:45,2,1,,Digging,4.7925,false,12.198125000000001,248.85293628808847,false
1,2,08:15,5,09:00,3,1,,Digging,4.7925,false,11.0,248.8529362880883,false
1,2,08:15,6,09:15,4,1,,Charging,0.0,true,12.9,246.7476731301934,false
1,2,08:15,7,09:30,5,1,,Charging,0.0,true,14.8,244.6424099722985,false
1,2,08:15,8,09:45,6,1,,Traveling,4.7101,false,13.622475000000001,244.64240997229692,false
1,2,08:15,9,10:00,7,1,,Digging,4.792499999999191,false,12.424350000000178,244.64240997229695,true
1,2,08:15,10,10:15,8,1,,Digging,4.7925,false,11.226225000000177,244.64240997229695,false
1,2,08:15,11,10:30,9,1,,Digging,4.792500000000004,false,10.028100000000176,244.64240997229695,false
1,2,08:15,12,10:45,10,1,,Charging,0.0,true,11.928100000000201,242.5371468144022,false
1,2,08:15,13,11:00,11,1,,Digging,4.7925,false,10.729975000000202,242.5371468144022,false
1,2,08:15,14,11:15,12,1,,Traveling,4.7101,false,9.552450000000203,242.5371468144022,false
1,2,08:15,15,11:30,13,1,,Digging,4.7925,false,8.354325000000202,242.5371468144022,false
1,2,08:15,16,11:45,14,1,,Digging,4.7925,false,7.156200000000203,242.5371468144022,false
1,2,08:15,17,12:00,15,1,,Charging,0.0,true,9.056200000000201,240.43188365650747,false
1,2,08:15,18,12:15,16,1,,Charging,0.0,true,10.956200000000202,238.32662049861273,false
1,2,08:15,19,12:30,17,1,,,0.0,false,10.956200000000202,238.32662049861273,false
1,2,08:15,20,12:45,18,1,,,0.0,false,10.956200000000202,238.79059921271104,false
1,2,08:15,21,13:00,19,1,,,0.0,false,10.956200000000202,239.25457792680933,false
1,2,08:15,22,13:15,20,1,,,0.0,false,10.956200000000202,239.71855664090762,false
1,2,08:15,23,13:30,21,1,,,0.0,false,10.956200000000202,240.1825353550059,false
1,2,08:15,24,13:45,22,1,,,0.0,false,10.956200000000202,240.6465140691042,false
1,2,08:15,25,14:00,23,1,,Digging,4.7925,false,9.7580750000002,241.1104927832025,false
1,2,08:15,26,14:15,24,1,,Loading/Swinging,3.1586,false,8.9684250000002,241.57447149730078,true
1,2,08:15,27,14:30,25,1,,Traveling,4.710099999999958,false,7.790900000000211,242.03845021139907,false
1,2,08:15,28,14:45,26,1,,Loading/Swinging,3.1585999999998875,false,7.001250000000241,242.50242892549736,true
1,2,08:15,29,15:00,27,1,,Idle,2.3803181647963356e-13,false,7.001250000000182,242.96640763959564,false
1,2,08:15,30,15:15,28,1,,Loading/Swinging,3.1585999999999985,false,6.211600000000182,243.43038635369393,false
1,2,08:15,31,15:30,29,1,,Digging,4.7925,false,5.013475000000182,243.89436506779222,true
1,2,08:15,32,15:45,30,1,,Loading/Swinging,3.158600000000025,false,4.223825000000176,244.3583437818905,false
1,2,08:15,33,16:00,31,1,,Traveling,4.710099999999863,false,3.046300000000242,244.3583437818905,false
1,2,08:15,34,16:15,32,1,,Charging,-7.714850980278242e-14,true,4.946300000000275,242.25308062399571,false
1,2,08:15,35,16:30,33,1,,Loading/Swinging,3.158599999999963,false,4.156650000000275,242.25308062399571,false
1,2,08:15,36,16:45,34,1,,Loading/Swinging,3.1585999999997565,false,3.367000000000336,242.25308062399571,false
1,2,08:15,37,17:00,35,1,,,0.0,false,3.366999999999075,242.2530806239971,false
1,2,08:15,38,17:15,36,1,,,0.0,false,3.366999999999075,242.2530806239971,false
1,2,08:15,39,17:30,37,1,,,0.0,false,3.366999999999075,242.2530806239971,false
1,2,08:15,40,17:45,38,1,,,0.0,false,3.366999999999075,242.2530806239971,false
1,2,08:15,41,18:00,39,1,,,0.0,false,3.366999999999075,242.2530806239971,false
1,2,08:15,42,18:15,40,1,,Charging,0.0,true,5.2669999999996655,240.14781746610237,true
1,2,08:15,43,18:30,41,1,,Charging,0.0,true,7.166999999999666,238.04255430820763,true
1,2,08:15,44,18:45,42,1,,Charging,0.0,true,9.066999999999666,235.9372911503129,false
1,2,08:15,45,19:00,43,1,,Charging,0.0,true,10.966999999999667,233.83202799241815,false
1,2,08:15,46,19:15,44,1,,Charging,0.0,true,11.000000000000195,233.79546289546465,true
1,2,08:15,47,19:30,45,1,,Charging,0.0,true,12.900000000000196,231.6901997375699,false
1,2,08:15,48,19:45,46,1,,Charging,0.0,true,14.8,229.5849365796754,false
1,2,08:15,49,20:00,47,1,,,0.0,false,14.8,229.5849365796754,true
1,2,08:15,50,20:15,48,1,,,0.0,false,14.8,229.5849365796754,true
1,2,08:15,51,20:30,49,1,,,0.0,false,14.8,229.5849365796754,true
1,2,08:15,52,20:45,50,1,,,0.0,false,14.8,229.5849365796754,false
1,2,08:15,53,21:00,51,1,,,0.0,false,14.8,230.0489152937737,false
1,2,08:15,54,21:15,52,1,,,0.0,false,14.8,230.51289400787198,false
1,2,08:15,55,21:30,53,1,,,0.0,false,14.8,230.97687272197027,false
1,2,08:15,56,21:45,54,1,,,0.0,false,14.8,231.44085143606856,false
1,2,08:15,57,22:00,55,1,,,0.0,false,14.8,231.90483015016684,false
1,2,08:15,58,22:15,56,1,,,0.0,false,14.8,232.36880886426513,false
1,2,08:15,59,22:30,57,1,,,0.0,false,14.8,232.83278757836342,false
1,2,08:15,60,22:45,58,1,,,0.0,false,14.8,233.2967662924617,false
1,2,08:15,61,23:00,59,1,,,0.0,false,14.8,233.76074500656,false
1,2,08:15,62,23:15,60,1,,,0.0,false,14.8,234.2247237206583,false
1,2,08:15,63,23:30,61,1,,,0.0,false,14.8,234.68870243475658,false
1,2,08:15,64,23:45,62,1,,,0.0,false,14.8,235.15268114885487,false
1,2,08:15,65,00:00,63,1,,,0.0,false,14.8,235.61665986295316,false
1,2,08:15,66,00:15,64,1,,,0.0,false,14.8,236.08063857705142,false
1,2,08:15,67,00:30,65,1,,,0.0,false,14.8,236.5446172911497,false
1,2,08:15,68,00:45,66,1,,,0.0,false,14.8,237.008596005248,false
1,2,08:15,69,01:00,67,1,,,0.0,false,14.8,237.47257471934628,false
1,2,08:15,70,01:15,68,1,,,0.0,false,14.8,237.93655343344457,false
1,2,08:15,71,01:30,69,1,,,0.0,false,14.8,238.40053214754286,false
1,2,08:15,72,01:45,70,1,,,0.0,false,14.8,238.86451086164115,false
1,2,08:15,73,02:00,71,1,,,0.0,false,14.8,239.32848957573944,false
1,2,08:15,74,02:15,72,1,,,0.0,false,14.8,239.7924682898377,false
1,2,08:15,75,02:30,73,1,,,0.0,false,14.8,240.256447003936,false
1,2,08:15,76,02:45,74,1,,,0.0,false,14.8,240.72042571803428,false
1,2,08:15,77,03:00,75,1,,,0.0,false,14.8,241.18440443213257,false
1,2,08:15,78,03:15,76,1,,,0.0,false,14.8,241.64838314623086,false
1,2,08:15,79,03:30,77,1,,,0.0,false,14.8,242.11236186032914,false
1,2,08:15,80,03:45,78,1,,,0.0,false,14.8,242.57634057442743,false
1,2,08:15,81,04:00,79,1,,,0.0,false,14.8,243.04031928852572,false
1,2,08:15,82,04:15,80,1,,,0.0,false,14.8,243.504298002624,false
1,2,08:15,83,04:30,81,1,,,0.0,false,14.8,243.96827671672227,false
1,2,08:15,84,04:45,82,1,,,0.0,false,14.8,244.43225543082056,false
1,2,08:15,85,05:00,83,1,,,0.0,false,14.8,244.89623414491885,false
1,2,08:15,86,05:15,84,1,,,0.0,false,14.8,245.36021285901714,false
1,2,08:15,87,05:30,85,1,,,0.0,false,14.8,245.82419157311543,false
1,2,08:15,88,05:45,86,1,,,0.0,false,14.8,246.28817028721372,false
1,2,08:15,89,06:00,87,1,,,0.0,false,14.8,246.752149001312,false
1,2,08:15,90,06:15,88,1,,,0.0,false,14.8,247.2161277154103,false
1,2,08:15,91,06:30,89,1,,,0.0,false,14.8,247.68010642950858,false
1,2,08:15,92,06:45,90,1,,,0.0,false,14.8,248.14408514360684,false
1,2,08:15,93,07:00,91,1,,,0.0,false,14.8,248.60806385770513,false
1,2,08:15,94,07:15,92,1,,,0.0,false,14.8,249.07204257180342,false
1,2,08:15,95,07:30,93,1,,,0.0,false,14.8,249.5360212859017,false
1,2,08:15,96,07:45,94,1,,,0.0,false,14.8,250.0,false
1,3,08:30,3,08:30,0,1,,Digging,4.7925,false,13.450735526315793,248.85293628808864,false
1,3,08:30,4,08:45,1,1,,Digging,4.7925,false,12.252610526315792,248.85293628808864,false
1,3,08:30,5,09:00,2,1,,Digging,4.7925,false,11.05448552631579,248.85293628808864,false
1,3,08:30,6,09:15,3,1,,Charging,0.0,true,12.954485526315784,246.74767313019393,false
1,3,08:30,7,09:30,4,1,,Traveling,4.7101,false,11.776960526315785,246.74767313019393,true
1,3,08:30,8,09:45,5,1,,Digging,4.792499999999997,false,10.578835526315785,246.74767313019393,true
1,3,08:30,9,10:00,6,1,,Charging,0.0,true,12.478835526315786,244.6424099722992,true
1,3,08:30,10,10:15,7,1,,Digging,4.7925,false,11.280710526315787,244.6424099722992,false
1,3,08:30,11,10:30,8,1,,Digging,4.7925,false,10.082585526315786,244.6424099722992,false
1,3,08:30,12,10:45,9,1,,Charging,0.0,true,11.982585526315786,242.53714681440445,false
1,3,08:30,13,11:00,10,1,,Digging,4.7925,false,10.784460526315787,242.53714681440445,false
1,3,08:30,14,11:15,11,1,,Traveling,4.7101,false,9.606935526315786,242.53714681440445,false
1,3,08:30,15,11:30,12,1,,Digging,4.7925,false,8.408810526315786,242.53714681440445,false
1,3,08:30,16,11:45,13,1,,Digging,4.7925,false,7.210685526315785,242.53714681440445,false
1,3,08:30,17,12:00,14,1,,Charging,0.0,true,9.110685526315786,240.4318836565097,false
1,3,08:30,18,12:15,15,1,,Charging,0.0,true,11.010685526315786,238.32662049861497,false
1,3,08:30,19,12:30,16,1,,,0.0,false,11.010685526315786,238.32662049861497,false
1,3,08:30,20,12:45,17,1,,,0.0,false,11.010685526315786,238.78954005877796,false
1,3,08:30,21,13:00,18,1,,,0.0,false,11.010685526315786,239.25245961894095,false
1,3,08:30,22,13:15,19,1,,,0.0,false,11.010685526315786,239.71537917910393,false
1,3,08:30,23,13:30,20,1,,,0.0,false,11.010685526315786,240.17829873926692,false
1,3,08:30,24,13:45,21,1,,,0.0,false,11.010685526315786,240.6412182994299,false
1,3,08:30,25,14:00,22,1,,Digging,4.7925,false,9.812560526315789,241.1041378595929,false
1,3,08:30,26,14:15,23,1,,Digging,4.792500000000004,false,8.614435526315788,241.56705741975588,true
1,3,08:30,27,14:30,24,1,,Traveling,4.7101,false,7.4369105263157875,242.02997697991887,false
1,3,08:30,28,14:45,25,1,,Loading/Swinging,3.1586,false,6.647260526315788,242.49289654008186,false
1,3,08:30,29,15:00,26,1,,Idle,0.0,false,6.647260526315788,242.95581610024485,false
1,3,08:30,30,15:15,27,1,,Loading/Swinging,3.1586,false,5.857610526315788,243.41873566040783,false
1,3,08:30,31,15:30,28,1,,Loading/Swinging,3.1586,false,5.067960526315788,243.88165522057082,true
1,3,08:30,32,15:45,29,1,,Loading/Swinging,3.1586,false,4.278310526315789,244.3445747807338,false
1,3,08:30,33,16:00,30,1,,Traveling,4.7101,false,3.100785526315789,244.3445747807338,false
1,3,08:30,34,16:15,31,1,,Charging,0.0,true,5.000785526315789,242.23931162283907,false
1,3,08:30,35,16:30,32,1,,Loading/Swinging,3.1586,false,4.211135526315789,242.23931162283907,false
1,3,08:30,36,16:45,33,1,,Loading/Swinging,3.1586,false,3.4214855263157893,242.23931162283907,false
1,3,08:30,37,17:00,34,1,,Charging,0.0,true,5.321485526315789,240.13404846494433,true
1,3,08:30,38,17:15,35,1,,Charging,0.0,true,7.199999999999998,238.0525919844078,true
1,3,08:30,39,17:30,36,1,,Charging,0.0,true,9.099999999999998,235.94732882651306,true
1,3,08:30,40,17:45,37,1,,Charging,0.0,true,10.999999999999998,233.84206566861832,true
1,3,08:30,41,18:00,38,1,,Charging,0.0,true,12.899999999999997,231.73680251072358,true
1,3,08:30,42,18:15,39,1,,Charging,0.0,true,14.799999999999997,229.63153935282884,false
1,3,08:30,43,18:30,40,1,,,0.0,false,14.8,229.63153935282884,true
1,3,08:30,44,18:45,41,1,,,0.0,false,14.8,229.63153935282884,true
1,3,08:30,45,19:00,42,1,,,0.0,false,14.8,229.63153935282884,true
1,3,08:30,46,19:15,43,1,,,0.0,false,14.8,229.63153935282884,true
1,3,08:30,47,19:30,44,1,,,0.0,false,14.8,229.63153935282884,true
1,3,08:30,48,19:45,45,1,,,0.0,false,14.8,229.63153935282884,true
1,3,08:30,49,20:00,46,1,,,0.0,false,14.8,229.63153935282884,false
1,3,08:30,50,20:15,47,1,,,0.0,false,14.8,229.63153935282884,false
1,3,08:30,51,20:30,48,1,,,0.0,false,14.8,229.63153935282884,false
1,3,08:30,52,20:45,49,1,,,0.0,false,14.8,229.63153935282884,false
1,3,08:30,53,21:00,50,1,,,0.0,false,14.8,230.09445891299185,false
1,3,08:30,54,21:15,51,1,,,0.0,false,14.8,230.55737847315484,false
1,3,08:30,55,21:30,52,1,,,0.0,false,14.8,231.02029803331783,false
1,3,08:30,56,21:45,53,1,,,0.0,false,14.8,231.48321759348082,false
1,3,08:30,57,22:00,54,1,,,0.0,false,14.8,231.9461371536438,false
1,3,08:30,58,22:15,55,1,,,0.0,false,14.8,232.4090567138068,false
1,3,08:30,59,22:30,56,1,,,0.0,false,14.8,232.87197627396978,false
1,3,08:30,60,22:45,57,1,,,0.0,false,14.8,233.33489583413277,false
1,3,08:30,61,23:00,58,1,,,0.0,false,14.8,233.79781539429575,false
1,3,08:30,62,23:15,59,1,,,0.0,false,14.8,234.26073495445874,false
1,3,08:30,63,23:30,60,1,,,0.0,false,14.8,234.72365451462173,false
1,3,08:30,64,23:45,61,1,,,0.0,false,14.8,235.18657407478472,false
1,3,08:30,65,00:00,62,1,,,0.0,false,14.8,235.6494936349477,false
1,3,08:30,66,00:15,63,1,,,0.0,false,14.8,236.1124131951107,false
1,3,08:30,67,00:30,64,1,,,0.0,false,14.8,236.57533275527368,false
1,3,08:30,68,00:45,65,1,,,0.0,false,14.8,237.03825231543667,false
1,3,08:30,69,01:00,66,1,,,0.0,false,14.8,237.50117187559965,false
1,3,08:30,70,01:15,67,1,,,0.0,false,14.8,237.96409143576264,false
1,3,08:30,71,01:30,68,1,,,0.0,false,14.8,238.42701099592563,false
1,3,08:30,72,01:45,69,1,,,0.0,false,14.8,238.88993055608861,false
1,3,08:30,73,02:00,70,1,,,0.0,false,14.8,239.3528501162516,false
1,3,08:30,74,02:15,71,1,,,0.0,false,14.8,239.8157696764146,false
1,3,08:30,75,02:30,72,1,,,0.0,false,14.8,240.27868923657758,false
1,3,08:30,76,02:45,73,1,,,0.0,false,14.8,240.74160879674056,false
1,3,08:30,77,03:00,74,1,,,0.0,false,14.8,241.20452835690355,false
1,3,08:30,78,03:15,75,1,,,0.0,false,14.8,241.66744791706654,false
1,3,08:30,79,03:30,76,1,,,0.0,false,14.8,242.13036747722953,false
1,3,08:30,80,03:45,77,1,,,0.0,false,14.8,242.5932870373925,false
1,3,08:30,81,04:00,78,1,,,0.0,false,14.8,243.0562065975555,false
1,3,08:30,82,04:15,79,1,,,0.0,false,14.8,243.5191261577185,false
1,3,08:30,83,04:30,80,1,,,0.0,false,14.8,243.98204571788148,false
1,3,08:30,84,04:45,81,1,,,0.0,false,14.8,244.44496527804446,false
1,3,08:30,85,05:00,82,1,,,0.0,false,14.8,244.90788483820745,false
1,3,08:30,86,05:15,83,1,,,0.0,false,14.8,245.37080439837044,false
1,3,08:30,87,05:30,84,1,,,0.0,false,14.8,245.83372395853343,false
1,3,08:30,88,05:45,85,1,,,0.0,false,14.8,246.2966435186964,false
1,3,08:30,89,06:00,86,1,,,0.0,false,14.8,246.7595630788594,false
1,3,08:30,90,06:15,87,1,,,0.0,false,14.8,247.2224826390224,false
1,3,08:30,91,06:30,88,1,,,0.0,false,14.8,247.68540219918538,false
1,3,08:30,92,06:45,89,1,,,0.0,false,14.8,248.14832175934836,false
1,3,08:30,93,07:00,90,1,,,0.0,false,14.8,248.61124131951135,false
1,3,08:30,94,07:15,91,1,,,0.0,false,14.8,249.07416087967434,false
1,3,08:30,95,07:30,92,1,,,0.0,false,14.8,249.53708043983698,false
1,3,08:30,96,07:45,93,1,,,0.0,false,14.8,250.0,false
1,4,08:45,4,08:45,0,1,,Digging,4.7924999999999045,false,12.237135526315818,248.85293628808864,false
1,4,08:45,5,09:00,1,1,,Charging,0.0,true,14.137135526315811,246.7476731301939,true
1,4,08:45,6,09:15,2,1,,Digging,4.792500000000021,false,12.939010526315805,246.7476731301939,true
1,4,08:45,7,09:30,3,1,,Charging,2.3991572786171954e-13,true,14.393000000000084,245.1366044612916,true
1,4,08:45,8,09:45,4,1,,Traveling,4.7101,false,13.215475000000085,245.1366044612916,true
1,4,08:45,9,10:00,5,1,,Digging,4.792500000001046,false,12.017349999999823,245.1366044612916,true
1,4,08:45,10,10:15,6,1,,Digging,4.7925,false,10.819224999999822,245.1366044612916,false
1,4,08:45,11,10:30,7,1,,Digging,4.792499999999993,false,9.621099999999824,245.1366044612916,false
1,4,08:45,12,10:45,8,1,,Charging,1.5780377005114586e-13,true,11.521099999999748,243.0313413033969,false
1,4,08:45,13,11:00,9,1,,Digging,4.7925,false,10.322974999999749,243.0313413033969,false
1,4,08:45,14,11:15,10,1,,Traveling,4.710100000000422,false,9.145449999999643,243.0313413033969,false
1,4,08:45,15,11:30,11,1,,Loading/Swinging,3.158600000000993,false,8.355799999999771,243.0313413033969,true
1,4,08:45,16,11:45,12,1,,Digging,4.7924999999993805,false,7.1576749999999265,243.0313413033969,false
1,4,08:45,17,12:00,13,1,,Charging,0.0,true,9.057674999999922,240.92607814550217,false
1,4,08:45,18,12:15,14,1,,Charging,0.0,true,10.957674999999991,238.82081498760735,false
1,4,08:45,19,12:30,15,1,,,0.0,false,10.957674999999991,238.82081498760735,false
1,4,08:45,20,12:45,16,1,,,0.0,false,10.957674999999991,239.28403536907567,false
1,4,08:45,21,13:00,17,1,,,0.0,false,10.957674999999991,239.74725575054399,false
1,4,08:45,22,13:15,18,1,,,0.0,false,10.957674999999991,240.2104761320123,false
1,4,08:45,23,13:30,19,1,,,0.0,false,10.957674999999991,240.67369651348062,false
1,4,08:45,24,13:45,20,1,,,0.0,false,10.957674999999991,241.13691689494894,false
1,4,08:45,25,14:00,21,1,,Digging,4.7925,false,9.75954999999999,241.60013727641726,false
1,4,08:45,26,14:15,22,1,,Digging,4.792500000000286,false,8.56142499999992,242.06335765788558,false
1,4,08:45,27,14:30,23,1,,Traveling,4.710100000000576,false,7.383899999999776,242.52657803935404,false
1,4,08:45,28,14:45,24,1,,Loading/Swinging,3.1585999999996686,false,6.5942499999998585,242.98979842082235,false
1,4,08:45,29,15:00,25,1,,Idle,-1.6546289346338812e-13,false,6.5942499999999,243.45301880229067,false
1,4,08:45,30,15:15,26,1,,Loading/Swinging,3.1586,false,5.8045999999999,243.916239183759,false
1,4,08:45,31,15:30,27,1,,Loading/Swinging,3.1586,false,5.0149499999999,244.3794595652273,false
1,4,08:45,32,15:45,28,1,,Loading/Swinging,3.1586000000007326,false,4.225299999999717,244.84267994669563,false
1,4,08:45,33,16:00,29,1,,Traveling,4.710100000000002,false,3.047774999999812,244.84267994669563,false
1,4,08:45,34,16:15,30,1,,Charging,-4.988715440745749e-13,true,4.947774999999863,242.73741678880097,false
1,4,08:45,35,16:30,31,1,,Loading/Swinging,3.158599999999156,false,4.158125000000075,242.73741678880097,false
1,4,08:45,36,16:45,32,1,,Digging,4.792500000001124,false,2.959999999999698,242.73741678880097,true
1,4,08:45,37,17:00,33,1,,Charging,0.0,true,4.8599999999996975,240.63215363090623,false
1,4,08:45,38,17:15,34,1,,Charging,0.0,true,6.759999999999698,238.5268904730115,false
1,4,08:45,39,17:30,35,1,,,0.0,false,6.759999999999698,238.5268904730115,true
1,4,08:45,40,17:45,36,1,,Charging,0.0,true,8.659999999999696,236.42162731511675,false
1,4,08:45,41,18:00,37,1,,Charging,0.0,true,10.559999999999697,234.316364157222,false
1,4,08:45,42,18:15,38,1,,Charging,0.0,true,12.459999999999697,232.21110099932727,false
1,4,08:45,43,18:30,39,1,,Charging,0.0,true,12.899999999998741,231.72356637328954,true
1,4,08:45,44,18:45,40,1,,Charging,0.0,true,14.799999999999926,229.6183032153935,true
1,4,08:45,45,19:00,41,1,,,0.0,false,14.799999999999926,229.6183032153934,false
1,4,08:45,46,19:15,42,1,,,0.0,false,14.799999999999926,229.6183032153934,false
1,4,08:45,47,19:30,43,1,,,0.0,false,14.799999999999926,229.6183032153934,false
1,4,08:45,48,19:45,44,1,,,0.0,false,14.799999999999926,229.6183032153934,false
1,4,08:45,49,20:00,45,1,,,0.0,false,14.799999999999926,229.6183032153934,false
1,4,08:45,50,20:15,46,1,,,0.0,false,14.799999999999926,229.6183032153934,false
1,4,08:45,51,20:30,47,1,,,0.0,false,14.8,229.6183032153934,false
1,4,08:45,52,20:45,48,1,,,0.0,false,14.8,229.6183032153934,false
1,4,08:45,53,21:00,49,1,,,0.0,false,14.8,230.08152359686173,false
1,4,08:45,54,21:15,50,1,,,0.0,false,14.8,230.54474397833005,false
1,4,08:45,55,21:30,51,1,,,0.0,false,14.8,231.00796435979836,false
1,4,08:45,56,21:45,52,1,,,0.0,false,14.8,231.47118474126668,false
1,4,08:45,57,22:00,53,1,,,0.0,false,14.8,231.934405122735,false
1,4,08:45,58,22:15,54,1,,,0.0,false,14.8,232.39762550420332,false
1,4,08:45,59,22:30,55,1,,,0.0,false,14.8,232.86084588567164,false
1,4,08:45,60,22:45,56,1,,,0.0,false,14.8,233.32406626713995,false
1,4,08:45,61,23:00,57,1,,,0.0,false,14.8,233.78728664860827,false
1,4,08:45,62,23:15,58,1,,,0.0,false,14.8,234.2505070300766,false
1,4,08:45,63,23:30,59,1,,,0.0,false,14.8,234.7137274115449,false
1,4,08:45,64,23:45,60,1,,,0.0,false,14.8,235.17694779301323,false
1,4,08:45,65,00:00,61,1,,,0.0,false,14.8,235.64016817448154,false
1,4,08:45,66,00:15,62,1,,,0.0,false,14.8,236.10338855594986,false
1,4,08:45,67,00:30,63,1,,,0.0,false,14.8,236.56660893741818,false
1,4,08:45,68,00:45,64,1,,,0.0,false,14.8,237.0298293188865,false
1,4,08:45,69,01:00,65,1,,,0.0,false,14.8,237.49304970035482,false
1,4,08:45,70,01:15,66,1,,,0.0,false,14.8,237.95627008182313,false
1,4,08:45,71,01:30,67,1,,,0.0,false,14.8,238.41949046329145,false
1,4,08:45,72,01:45,68,1,,,0.0,false,14.8,238.88271084475977,false
1,4,08:45,73,02:00,69,1,,,0.0,false,14.8,239.3459312262281,false
1,4,08:45,74,02:15,70,1,,,0.0,false,14.8,239.8091516076964,false
1,4,08:45,75,02:30,71,1,,,0.0,false,14.8,240.27237198916472,false
1,4,08:45,76,02:45,72,1,,,0.0,false,14.8,240.73559237063304,false
1,4,08:45,77,03:00,73,1,,,0.0,false,14.8,241.19881275210136,false
1,4,08:45,78,03:15,74,1,,,0.0,false,14.8,241.66203313356968,false
1,4,08:45,79,03:30,75,1,,,0.0,false,14.8,242.125253515038,false
1,4,08:45,80,03:45,76,1,,,0.0,false,14.8,242.58847389650631,false
1,4,08:45,81,04:00,77,1,,,0.0,false,14.8,243.05169427797463,false
1,4,08:45,82,04:15,78,1,,,0.0,false,14.8,243.51491465944295,false
1,4,08:45,83,04:30,79,1,,,0.0,false,14.8,243.97813504091127,false
1,4,08:45,84,04:45,80,1,,,0.0,false,14.8,244.4413554223796,false
1,4,08:45,85,05:00,81,1,,,0.0,false,14.8,244.9045758038479,false
1,4,08:45,86,05:15,82,1,,,0.0,false,14.8,245.36779618531622,false
1,4,08:45,87,05:30,83,1,,,0.0,false,14.8,245.83101656678454,false
1,4,08:45,88,05:45,84,1,,,0.0,false,14.8,246.29423694825286,false
1,4,08:45,89,06:00,85,1,,,0.0,false,14.8,246.75745732972118,false
1,4,08:45,90,06:15,86,1,,,0.0,false,14.8,247.2206777111895,false
1,4,08:45,91,06:30,87,1,,,0.0,false,14.8,247.6838980926578,false
1,4,08:45,92,06:45,88,1,,,0.0,false,14.8,248.14711847412613,false
1,4,08:45,93,07:00,89,1,,,0.0,false,14.8,248.61033885559445,false
1,4,08:45,94,07:15,90,1,,,0.0,false,14.8,249.07355923706277,false
1,4,08:45,95,07:30,91,1,,,0.0,false,14.8,249.53677961853168,false
1,4,08:45,96,07:45,92,1,,,0.0,false,14.8,250.0,false
1,5,09:00,5,09:00,0,1,,Digging,4.792500000000004,false,11.041060526315793,248.85293628808864,true
1,5,09:00,6,09:15,1,1,,Traveling,4.710099999999997,false,9.863535526315793,248.85293628808864,true
1,5,09:00,7,09:30,2,1,,Charging,-1.7763568394002505e-15,true,11.763535526315794,246.7476731301939,false
1,5,09:00,8,09:45,3,1,,Charging,1.098676705169055e-12,true,13.663535526315519,244.64240997229916,true
1,5,09:00,9,10:00,4,1,,Digging,4.792499999999855,false,12.465410526315555,244.64240997229916,false
1,5,09:00,10,10:15,5,1,,Digging,4.792500000000004,false,11.267285526315554,244.64240997229916,false
1,5,09:00,11,10:30,6,1,,Digging,4.792500000000004,false,10.069160526315553,244.64240997229916,false
1,5,09:00,12,10:45,7,1,,Charging,-9.769962616701378e-15,true,11.961100000002507,242.54607814549922,false
1,5,09:00,13,11:00,8,1,,Digging,4.792500000000004,false,10.762975000002506,242.54607814549922,false
1,5,09:00,14,11:15,9,1,,Traveling,4.710100000000544,false,9.58545000000237,242.54607814549922,false
1,5,09:00,15,11:30,10,1,,Digging,4.792499999999997,false,8.38732500000237,242.54607814549922,true
1,5,09:00,16,11:45,11,1,,Digging,4.7925,false,7.18920000000237,242.54607814549922,false
1,5,09:00,17,12:00,12,1,,Charging,0.0,true,9.08920000000237,240.44081498760448,false
1,5,09:00,18,12:15,13,1,,Charging,0.0,true,10.98920000000237,238.33555182970974,false
1,5,09:00,19,12:30,14,1,,,0.0,false,10.98920000000237,238.33555182970974,false
1,5,09:00,20,12:45,15,1,,,0.0,false,10.98920000000237,238.79873236085982,false
1,5,09:00,21,13:00,16,1,,,0.0,false,10.98920000000237,239.2619128920099,false
1,5,09:00,22,13:15,17,1,,,0.0,false,10.98920000000237,239.72509342315996,false
1,5,09:00,23,13:30,18,1,,,0.0,false,10.98920000000237,240.18827395431003,false
1,5,09:00,24,13:45,19,1,,,0.0,false,10.98920000000237,240.6514544854601,false
1,5,09:00,25,14:00,20,1,,Digging,4.792500000000004,false,9.791075000002369,241.11463501660998,false
1,5,09:00,26,14:15,21,1,,Loading/Swinging,3.1585999999904786,false,9.00142500000475,241.57781554776005,true
1,5,09:00,27,14:30,22,1,,Traveling,4.710100000000001,false,7.823900000004749,242.0409960789101,false
1,5,09:00,28,14:45,23,1,,Digging,4.792500000000356,false,6.62577500000466,242.50417661006017,true
1,5,09:00,29,15:00,24,1,,Idle,0.0,false,6.62577500000466,242.96735714121024,false
1,5,09:00,30,15:15,25,1,,Loading/Swinging,3.15860000000945,false,5.836125000002298,243.43053767236032,false
1,5,09:00,31,15:30,26,1,,Loading/Swinging,3.1586,false,5.046475000002298,243.8937182035104,false
1,5,09:00,32,15:45,27,1,,Loading/Swinging,3.1585999999579926,false,4.2568250000128,244.35689873466046,false
1,5,09:00,33,16:00,28,1,,Traveling,4.710100000000001,false,3.0793000000127995,244.35689873466046,false
1,5,09:00,34,16:15,29,1,,Charging,3.593658703948677e-11,true,4.979300000003813,242.25163557676572,false
1,5,09:00,35,16:30,30,1,,Loading/Swinging,3.1586000000149923,false,4.189650000000065,242.25163557676572,false
1,5,09:00,36,16:45,31,1,,Loading/Swinging,3.1586000000000816,false,3.4000000000000448,242.25163557676575,true
1,5,09:00,37,17:00,32,1,,Charging,0.0,true,5.30000000000018,240.14637241887087,false
1,5,09:00,38,17:15,33,1,,Charging,0.0,true,7.200000000000202,238.0411092609761,false
1,5,09:00,39,17:30,34,1,,Charging,0.0,true,9.100000000000195,235.93584610308136,true
1,5,09:00,40,17:45,35,1,,Charging,0.0,true,11.000000000000195,233.83058294518662,false
1,5,09:00,41,18:00,36,1,,Charging,0.0,true,12.9000000000002,231.72531978729188,false
1,5,09:00,42,18:15,37,1,,Charging,0.0,true,14.8000000000002,229.62005662939737,false
1,5,09:00,43,18:30,38,1,,,0.0,false,14.8000000000002,229.62005662939737,true
1,5,09:00,44,18:45,39,1,,,0.0,false,14.8000000000002,229.62005662939737,true
1,5,09:00,45,19:00,40,1,,,0.0,false,14.799999999999986,229.62005662939737,false
1,5,09:00,46,19:15,41,1,,,0.0,false,14.799999999999986,229.62005662939737,false
1,5,09:00,47,19:30,42,1,,,0.0,false,14.799999999999986,229.62005662939737,false
1,5,09:00,48,19:45,43,1,,,0.0,false,14.799999999999986,229.62005662939737,false
1,5,09:00,49,20:00,44,1,,,0.0,false,14.799999999999986,229.62005662939737,false
1,5,09:00,50,20:15,45,1,,,0.0,false,14.79999999999999,229.62005662939737,false
1,5,09:00,51,20:30,46,1,,,0.0,false,14.79999999999999,229.62005662939737,false
1,5,09:00,52,20:45,47,1,,,0.0,false,14.79999999999999,229.62005662939737,false
1,5,09:00,53,21:00,48,1,,,0.0,false,14.79999999999999,230.08323716054744,false
1,5,09:00,54,21:15,49,1,,,0.0,false,14.79999999999999,230.5464176916975,false
1,5,09:00,55,21:30,50,1,,,0.0,false,14.79999999999999,231.0095982228476,false
1,5,09:00,56,21:45,51,1,,,0.0,false,14.79999999999999,231.47277875399766,false
1,5,09:00,57,22:00,52,1,,,0.0,false,14.79999999999999,231.93595928514773,false
1,5,09:00,58,22:15,53,1,,,0.0,false,14.79999999999999,232.3991398162978,false
1,5,09:00,59,22:30,54,1,,,0.0,false,14.799999999999997,232.86232034744788,false
1,5,09:00,60,22:45,55,1,,,0.0,false,14.799999999999997,233.32550087859795,false
1,5,09:00,61,23:00,56,1,,,0.0,false,14.799999999999997,233.78868140974802,false
1,5,09:00,62,23:15,57,1,,,0.0,false,14.799999999999997,234.2518619408981,false
1,5,09:00,63,23:30,58,1,,,0.0,false,14.799999999999997,234.71504247204817,false
1,5,09:00,64,23:45,59,1,,,0.0,false,14.799999999999997,235.17822300319824,false
1,5,09:00,65,00:00,60,1,,,0.0,false,14.799999999999997,235.6414035343483,false
1,5,09:00,66,00:15,61,1,,,0.0,false,14.799999999999997,236.1045840654984,false
1,5,09:00,67,00:30,62,1,,,0.0,false,14.799999999999997,236.56776459664846,false
1,5,09:00,68,00:45,63,1,,,0.0,false,14.799999999999997,237.03094512779853,false
1,5,09:00,69,01:00,64,1,,,0.0,false,14.799999999999997,237.4941256589486,false
1,5,09:00,70,01:15,65,1,,,0.0,false,14.799999999999997,237.95730619009868,false
1,5,09:00,71,01:30,66,1,,,0.0,false,14.799999999999997,238.42048672124875,false
1,5,09:00,72,01:45,67,1,,,0.0,false,14.799999999999997,238.88366725239882,false
1,5,09:00,73,02:00,68,1,,,0.0,false,14.799999999999997,239.3468477835489,false
1,5,09:00,74,02:15,69,1,,,0.0,false,14.799999999999997,239.81002831469897,false
1,5,09:00,75,02:30,70,1,,,0.0,false,14.799999999999997,240.27320884584904,false
1,5,09:00,76,02:45,71,1,,,0.0,false,14.799999999999997,240.7363893769991,false
1,5,09:00,77,03:00,72,1,,,0.0,false,14.799999999999997,241.1995699081492,false
1,5,09:00,78,03:15,73,1,,,0.0,false,14.799999999999997,241.66275043929926,false
1,5,09:00,79,03:30,74,1,,,0.0,false,14.799999999999997,242.12593097044933,false
1,5,09:00,80,03:45,75,1,,,0.0,false,14.799999999999997,242.5891115015994,false
1,5,09:00,81,04:00,76,1,,,0.0,false,14.799999999999997,243.05229203274948,false
1,5,09:00,82,04:15,77,1,,,0.0,false,14.799999999999997,243.51547256389955,false
1,5,09:00,83,04:30,78,1,,,0.0,false,14.799999999999997,243.97865309504962,false
1,5,09:00,84,04:45,79,1,,,0.0,false,14.799999999999997,244.4418336261997,false
1,5,09:00,85,05:00,80,1,,,0.0,false,14.799999999999997,244.90501415734977,false
1,5,09:00,86,05:15,81,1,,,0.0,false,14.799999999999997,245.36819468849984,false
1,5,09:00,87,05:30,82,1,,,0.0,false,14.8,245.8313752196499,false
1,5,09:00,88,05:45,83,1,,,0.0,false,14.8,246.2945557508,false
1,5,09:00,89,06:00,84,1,,,0.0,false,14.8,246.75773628195006,false
1,5,09:00,90,06:15,85,1,,,0.0,false,14.8,247.22091681310013,false
1,5,09:00,91,06:30,86,1,,,0.0,false,14.8,247.6840973442502,false
1,5,09:00,92,06:45,87,1,,,0.0,false,14.8,248.14727787540028,false
1,5,09:00,93,07:00,88,1,,,0.0,false,14.8,248.61045840655035,false
1,5,09:00,94,07:15,89,1,,,0.0,false,14.8,249.07363893770042,false
1,5,09:00,95,07:30,90,1,,,0.0,false,14.8,249.53681946884996,false
1,5,09:00,96,07:45,91,1,,,0.0,false,14.8,250.0,false
1,6,09:15,6,09:15,0,1,,Charging,-8.881784197001252e-16,true,12.943110526315795,246.7476731301939,true
1,6,09:15,7,09:30,1,1,,Traveling,4.7101,false,11.765585526315796,246.7476731301939,true
1,6,09:15,8,09:45,2,1,,Digging,4.792500000000004,false,10.567460526315795,246.7476731301939,true
1,6,09:15,9,10:00,3,1,,Charging,-1.7763568394002505e-15,true,12.467460526315795,244.64240997229916,true
1,6,09:15,10,10:15,4,1,,Digging,4.792500000000004,false,11.269335526315794,244.64240997229916,false
1,6,09:15,11,10:30,5,1,,Digging,4.792499999999997,false,10.071210526315795,244.64240997229916,false
1,6,09:15,12,10:45,6,1,,Digging,4.792500000000004,false,8.873085526315794,244.64240997229916,true
1,6,09:15,13,11:00,7,1,,Traveling,4.710100000000001,false,7.695560526315794,244.64240997229916,true
1,6,09:15,14,11:15,8,1,,Charging,1.7763568394002505e-15,true,9.595560526315793,242.53714681440442,true
1,6,09:15,15,11:30,9,1,,Digging,4.792500000000004,false,8.397435526315792,242.53714681440442,false
1,6,09:15,16,11:45,10,1,,Digging,4.7925,false,7.199310526315792,242.53714681440442,false
1,6,09:15,17,12:00,11,1,,Charging,0.0,true,9.099310526315792,240.43188365650968,false
1,6,09:15,18,12:15,12,1,,Charging,0.0,true,10.999310526315792,238.32662049861494,false
1,6,09:15,19,12:30,13,1,,,0.0,false,10.999310526315792,238.32662049861494,false
1,6,09:15,20,12:45,14,1,,,0.0,false,10.999310526315792,238.78976117944663,false
1,6,09:15,21,13:00,15,1,,,0.0,false,10.999310526315792,239.2529018602783,false
1,6,09:15,22,13:15,16,1,,,0.0,false,10.999310526315792,239.71604254111,false
1,6,09:15,23,13:30,17,1,,,0.0,false,10.999310526315796,240.17918322194168,false
1,6,09:15,24,13:45,18,1,,,0.0,false,10.999310526315796,240.64232390277337,false
1,6,09:15,25,14:00,19,1,,Digging,4.7925,false,9.801185526315795,241.10546458360508,false
1,6,09:15,26,14:15,20,1,,Digging,4.792500000000004,false,8.603060526315794,241.56860526443677,true
1,6,09:15,27,14:30,21,1,,Traveling,4.710100000000001,false,7.425535526315794,242.03174594526845,false
1,6,09:15,28,14:45,22,1,,Loading/Swinging,3.1585999999999963,false,6.6358855263157945,242.49488662610014,true
1,6,09:15,29,15:00,23,1,,Idle,0.0,false,6.6358855263157945,242.95802730693185,false
1,6,09:15,30,15:15,24,1,,Loading/Swinging,3.1586,false,5.846235526315795,243.42116798776354,false
1,6,09:15,31,15:30,25,1,,Loading/Swinging,3.1586,false,5.056585526315795,243.88430866859522,false
1,6,09:15,32,15:45,26,1,,Loading/Swinging,3.1586,false,4.266935526315795,244.3474493494269,false
1,6,09:15,33,16:00,27,1,,Traveling,4.710100000000001,false,3.0894105263157945,244.3474493494269,false
1,6,09:15,34,16:15,28,1,,Charging,0.0,true,4.989410526315794,242.24218619153217,false
1,6,09:15,35,16:30,29,1,,Loading/Swinging,3.1585999999999856,false,4.1997605263157975,242.24218619153217,false
1,6,09:15,36,16:45,30,1,,Loading/Swinging,3.1586,false,3.4101105263157976,242.24218619153217,false
1,6,09:15,37,17:00,31,1,,Charging,0.0,true,5.310110526315798,240.13692303363743,false
1,6,09:15,38,17:15,32,1,,Charging,0.0,true,7.210110526315797,238.0316598757427,false
1,6,09:15,39,17:30,33,1,,Charging,0.0,true,9.110110526315797,235.92639671784795,false
1,6,09:15,40,17:45,34,1,,Charging,0.0,true,11.010110526315797,233.8211335599532,false
1,6,09:15,41,18:00,35,1,,Charging,0.0,true,12.910110526315798,231.71587040205847,false
1,6,09:15,42,18:15,36,1,,Charging,0.0,true,14.799999999999999,229.62181004340562,false
1,6,09:15,43,18:30,37,1,,,0.0,false,14.799999999999999,229.62181004340562,false
1,6,09:15,44,18:45,38,1,,,0.0,false,14.799999999999999,229.62181004340562,false
1,6,09:15,45,19:00,39,1,,,0.0,false,14.799999999999999,229.62181004340562,false
1,6,09:15,46,19:15,40,1,,,0.0,false,14.799999999999999,229.62181004340562,false
1,6,09:15,47,19:30,41,1,,,0.0,false,14.799999999999999,229.62181004340562,false
1,6,09:15,48,19:45,42,1,,,0.0,false,14.799999999999999,229.62181004340562,false
1,6,09:15,49,20:00,43,1,,,0.0,false,14.799999999999999,229.62181004340562,false
1,6,09:15,50,20:15,44,1,,,0.0,false,14.799999999999999,229.62181004340562,false
1,6,09:15,51,20:30,45,1,,,0.0,false,14.799999999999999,229.62181004340562,false
1,6,09:15,52,20:45,46,1,,,0.0,false,14.799999999999999,229.62181004340562,false
1,6,09:15,53,21:00,47,1,,,0.0,false,14.799999999999999,230.08495072423733,false
1,6,09:15,54,21:15,48,1,,,0.0,false,14.799999999999999,230.54809140506902,false
1,6,09:15,55,21:30,49,1,,,0.0,false,14.8,231.0112320859007,false
1,6,09:15,56,21:45,50,1,,,0.0,false,14.8,231.4743727667324,false
1,6,09:15,57,22:00,51,1,,,0.0,false,14.8,231.93751344756407,false
1,6,09:15,58,22:15,52,1,,,0.0,false,14.8,232.40065412839576,false
1,6,09:15,59,22:30,53,1,,,0.0,false,14.8,232.86379480922744,false
1,6,09:15,60,22:45,54,1,,,0.0,false,14.8,233.32693549005913,false
1,6,09:15,61,23:00,55,1,,,0.0,false,14.8,233.7900761708908,false
1,6,09:15,62,23:15,56,1,,,0.0,false,14.8,234.2532168517225,false
1,6,09:15,63,23:30,57,1,,,0.0,false,14.8,234.71635753255418,false
1,6,09:15,64,23:45,58,1,,,0.0,false,14.8,235.17949821338587,false
1,6,09:15,65,00:00,59,1,,,0.0,false,14.8,235.64263889421755,false
1,6,09:15,66,00:15,60,1,,,0.0,false,14.8,236.10577957504924,false
1,6,09:15,67,00:30,61,1,,,0.0,false,14.8,236.56892025588093,false
1,6,09:15,68,00:45,62,1,,,0.0,false,14.8,237.0320609367126,false
1,6,09:15,69,01:00,63,1,,,0.0,false,14.8,237.4952016175443,false
1,6,09:15,70,01:15,64,1,,,0.0,false,14.8,237.95834229837598,false
1,6,09:15,71,01:30,65,1,,,0.0,false,14.8,238.42148297920767,false
1,6,09:15,72,01:45,66,1,,,0.0,false,14.8,238.88462366003935,false
1,6,09:15,73,02:00,67,1,,,0.0,false,14.8,239.34776434087104,false
1,6,09:15,74,02:15,68,1,,,0.0,false,14.8,239.81090502170272,false
1,6,09:15,75,02:30,69,1,,,0.0,false,14.8,240.2740457025344,false
1,6,09:15,76,02:45,70,1,,,0.0,false,14.8,240.7371863833661,false
1,6,09:15,77,03:00,71,1,,,0.0,false,14.8,241.20032706419778,false
1,6,09:15,78,03:15,72,1,,,0.0,false,14.8,241.66346774502946,false
1,6,09:15,79,03:30,73,1,,,0.0,false,14.8,242.12660842586115,false
1,6,09:15,80,03:45,74,1,,,0.0,false,14.8,242.58974910669284,false
1,6,09:15,81,04:00,75,1,,,0.0,false,14.8,243.05288978752452,false
1,6,09:15,82,04:15,76,1,,,0.0,false,14.8,243.5160304683562,false
1,6,09:15,83,04:30,77,1,,,0.0,false,14.8,243.9791711491879,false
1,6,09:15,84,04:45,78,1,,,0.0,false,14.8,244.44231183001958,false
1,6,09:15,85,05:00,79,1,,,0.0,false,14.8,244.90545251085126,false
1,6,09:15,86,05:15,80,1,,,0.0,false,14.8,245.36859319168295,false
1,6,09:15,87,05:30,81,1,,,0.0,false,14.8,245.83173387251463,false
1,6,09:15,88,05:45,82,1,,,0.0,false,14.8,246.29487455334632,false
1,6,09:15,89,06:00,83,1,,,0.0,false,14.8,246.758015234178,false
1,6,09:15,90,06:15,84,1,,,0.0,false,14.8,247.2211559150097,false
1,6,09:15,91,06:30,85,1,,,0.0,false,14.8,247.68429659584137,false
1,6,09:15,92,06:45,86,1,,,0.0,false,14.8,248.14743727667306,false
1,6,09:15,93,07:00,87,1,,,0.0,false,14.8,248.61057795750474,false
1,6,09:15,94,07:15,88,1,,,0.0,false,14.8,249.07371863833663,false
1,6,09:15,95,07:30,89,1,,,0.0,false,14.8,249.53685931916831,false
1,6,09:15,96,07:45,90,1,,,0.0,false,14.8,250.0,false
1,7,09:30,7,09:30,0,1,,Traveling,4.710099999999997,false,11.865585526315796,246.7476731301939,false
1,7,09:30,8,09:45,1,1,,Charging,8.881784197001252e-16,true,13.655475,244.76441609564077,true
1,7,09:30,9,10:00,2,1,,Digging,4.79249999999999,false,12.457350000000002,244.76441609564077,true
1,7,09:30,10,10:15,3,1,,Digging,4.792500000000004,false,11.259225,244.76441609564077,false
1,7,09:30,11,10:30,4,1,,Digging,4.792500000000004,false,10.0611,244.76441609564077,false
1,7,09:30,12,10:45,5,1,,Charging,-7.105427357601002e-15,true,11.961100000000002,242.65915293774603,true
1,7,09:30,13,11:00,6,1,,Digging,4.792500000000004,false,10.762975,242.65915293774603,true
1,7,09:30,14,11:15,7,1,,Traveling,4.710099999999997,false,9.585450000000002,242.65915293774603,true
1,7,09:30,15,11:30,8,1,,Digging,4.7925,false,8.387325,242.65915293774603,false
1,7,09:30,16,11:45,9,1,,Digging,4.792499999999997,false,7.189200000000001,242.65915293774603,false
1,7,09:30,17,12:00,10,1,,Charging,0.0,true,9.089200000000002,240.5538897798513,false
1,7,09:30,18,12:15,11,1,,Charging,0.0,true,10.9892,238.44862662195655,false
1,7,09:30,19,12:30,12,1,,,0.0,false,10.9892,238.44862662195655,false
1,7,09:30,20,12:45,13,1,,,0.0,false,10.9892,238.90982338482158,false
1,7,09:30,21,13:00,14,1,,,0.0,false,10.9892,239.3710201476866,false
1,7,09:30,22,13:15,15,1,,,0.0,false,10.9892,239.83221691055164,false
1,7,09:30,23,13:30,16,1,,,0.0,false,10.9892,240.29341367341667,false
1,7,09:30,24,13:45,17,1,,,0.0,false,10.9892,240.7546104362817,false
1,7,09:30,25,14:00,18,1,,Digging,4.792500000000004,false,9.791075,241.21580719914672,false
1,7,09:30,26,14:15,19,1,,Digging,4.792499999999997,false,8.59295,241.67700396201175,false
1,7,09:30,27,14:30,20,1,,Traveling,4.710099999999997,false,7.415425000000001,242.13820072487678,false
1,7,09:30,28,14:45,21,1,,Loading/Swinging,3.1586,false,6.625775000000001,242.5993974877418,false
1,7,09:30,29,15:00,22,1,,Idle,0.0,false,6.625775000000001,243.06059425060684,false
1,7,09:30,30,15:15,23,1,,Loading/Swinging,3.1586,false,5.836125000000001,243.52179101347187,false
1,7,09:30,31,15:30,24,1,,Loading/Swinging,3.1586,false,5.046475000000001,243.9829877763369,false
1,7,09:30,32,15:45,25,1,,Loading/Swinging,3.1586,false,4.256825000000001,244.44418453920193,false
1,7,09:30,33,16:00,26,1,,Traveling,4.7101,false,3.079300000000001,244.44418453920193,false
1,7,09:30,34,16:15,27,1,,Charging,1.7763568394002505e-15,true,4.9793,242.3389213813072,false
1,7,09:30,35,16:30,28,1,,Loading/Swinging,3.1586,false,4.18965,242.3389213813072,false
1,7,09:30,36,16:45,29,1,,Loading/Swinging,3.1586,false,3.4000000000000004,242.3389213813072,false
1,7,09:30,37,17:00,30,1,,Charging,0.0,true,5.300000000000001,240.23365822341245,false
1,7,09:30,38,17:15,31,1,,Charging,0.0,true,7.2,238.1283950655177,false
1,7,09:30,39,17:30,32,1,,Charging,0.0,true,9.1,236.02313190762297,false
1,7,09:30,40,17:45,33,1,,Charging,0.0,true,11.0,233.91786874972823,false
1,7,09:30,41,18:00,34,1,,Charging,0.0,true,12.9,231.8126055918335,false
1,7,09:30,42,18:15,35,1,,Charging,0.0,true,14.8,229.70734243393875,false
1,7,09:30,43,18:30,36,1,,,0.0,false,14.8,229.70734243393875,false
1,7,09:30,44,18:45,37,1,,,0.0,false,14.8,229.70734243393875,false
1,7,09:30,45,19:00,38,1,,,0.0,false,14.8,229.70734243393875,false
1,7,09:30,46,19:15,39,1,,,0.0,false,14.8,229.70734243393875,false
1,7,09:30,47,19:30,40,1,,,0.0,false,14.8,229.70734243393875,false
1,7,09:30,48,19:45,41,1,,,0.0,false,14.8,229.70734243393875,false
1,7,09:30,49,20:00,42,1,,,0.0,false,14.8,229.70734243393875,false
1,7,09:30,50,20:15,43,1,,,0.0,false,14.8,229.70734243393875,false
1,7,09:30,51,20:30,44,1,,,0.0,false,14.8,229.70734243393875,false
1,7,09:30,52,20:45,45,1,,,0.0,false,14.8,229.70734243393875,false
1,7,09:30,53,21:00,46,1,,,0.0,false,14.8,230.16853919680378,false
1,7,09:30,54,21:15,47,1,,,0.0,false,14.8,230.6297359596688,false
1,7,09:30,55,21:30,48,1,,,0.0,false,14.8,231.09093272253384,false
1,7,09:30,56,21:45,49,1,,,0.0,false,14.8,231.55212948539886,false
1,7,09:30,57,22:00,50,1,,,0.0,false,14.8,232.0133262482639,false
1,7,09:30,58,22:15,51,1,,,0.0,false,14.8,232.47452301112892,false
1,7,09:30,59,22:30,52,1,,,0.0,false,14.8,232.93571977399395,false
1,7,09:30,60,22:45,53,1,,,0.0,false,14.8,233.39691653685898,false
1,7,09:30,61,23:00,54,1,,,0.0,false,14.8,233.858113299724,false
1,7,09:30,62,23:15,55,1,,,0.0,false,14.8,234.31931006258904,false
1,7,09:30,63,23:30,56,1,,,0.0,false,14.8,234.78050682545407,false
1,7,09:30,64,23:45,57,1,,,0.0,false,14.8,235.2417035883191,false
1,7,09:30,65,00:00,58,1,,,0.0,false,14.8,235.70290035118413,false
1,7,09:30,66,00:15,59,1,,,0.0,false,14.8,236.16409711404916,false
1,7,09:30,67,00:30,60,1,,,0.0,false,14.8,236.62529387691418,false
1,7,09:30,68,00:45,61,1,,,0.0,false,14.8,237.0864906397792,false
1,7,09:30,69,01:00,62,1,,,0.0,false,14.8,237.54768740264424,false
1,7,09:30,70,01:15,63,1,,,0.0,false,14.8,238.00888416550927,false
1,7,09:30,71,01:30,64,1,,,0.0,false,14.8,238.4700809283743,false
1,7,09:30,72,01:45,65,1,,,0.0,false,14.8,238.93127769123933,false
1,7,09:30,73,02:00,66,1,,,0.0,false,14.8,239.39247445410436,false
1,7,09:30,74,02:15,67,1,,,0.0,false,14.8,239.8536712169694,false
1,7,09:30,75,02:30,68,1,,,0.0,false,14.8,240.31486797983442,false
1,7,09:30,76,02:45,69,1,,,0.0,false,14.8,240.77606474269945,false
1,7,09:30,77,03:00,70,1,,,0.0,false,14.8,241.23726150556448,false
1,7,09:30,78,03:15,71,1,,,0.0,false,14.8,241.6984582684295,false
1,7,09:30,79,03:30,72,1,,,0.0,false,14.8,242.15965503129453,false
1,7,09:30,80,03:45,73,1,,,0.0,false,14.8,242.62085179415956,false
1,7,09:30,81,04:00,74,1,,,0.0,false,14.8,243.0820485570246,false
1,7,09:30,82,04:15,75,1,,,0.0,false,14.8,243.5432453198896,false
1,7,09:30,83,04:30,76,1,,,0.0,false,14.8,244.00444208275462,false
1,7,09:30,84,04:45,77,1,,,0.0,false,14.8,244.46563884561965,false
1,7,09:30,85,05:00,78,1,,,0.0,false,14.8,244.92683560848468,false
1,7,09:30,86,05:15,79,1,,,0.0,false,14.8,245.3880323713497,false
1,7,09:30,87,05:30,80,1,,,0.0,false,14.8,245.84922913421474,false
1,7,09:30,88,05:45,81,1,,,0.0,false,14.8,246.31042589707977,false
1,7,09:30,89,06:00,82,1,,,0.0,false,14.8,246.7716226599448,false
1,7,09:30,90,06:15,83,1,,,0.0,false,14.8,247.23281942280983,false
1,7,09:30,91,06:30,84,1,,,0.0,false,14.8,247.69401618567485,false
1,7,09:30,92,06:45,85,1,,,0.0,false,14.8,248.15521294853988,false
1,7,09:30,93,07:00,86,1,,,0.0,false,14.8,248.6164097114049,false
1,7,09:30,94,07:15,87,1,,,0.0,false,14.8,249.07760647426994,false
1,7,09:30,95,07:30,88,1,,,0.0,false,14.8,249.53880323713497,false
1,7,09:30,96,07:45,89,1,,,0.0,false,14.8,250.0,false
1,8,09:45,8,09:45,0,1,,Charging,-1.7763568394002505e-15,true,13.765735526315796,244.64240997229916,false
1,8,09:45,9,10:00,1,1,,Digging,4.792499999999415,false,12.567610526316175,244.6424099722989,false
1,8,09:45,10,10:15,2,1,,Digging,4.792499999999997,false,11.369485526316176,244.6424099722989,false
1,8,09:45,11,10:30,3,1,,Digging,4.79250000000026,false,10.17136052631611,244.6424099722989,false
1,8,09:45,12,10:45,4,1,,Charging,9.325873406851315e-14,true,12.071360526316049,242.53714681440422,false
1,8,09:45,13,11:00,5,1,,Digging,4.792499999999755,false,10.87323552631611,242.53714681440422,false
1,8,09:45,14,11:15,6,1,,Traveling,4.710099999999967,false,9.695710526316118,242.53714681440422,false
1,8,09:45,15,11:30,7,1,,Digging,4.792499999999997,false,8.497585526316119,242.53714681440422,false
1,8,09:45,16,11:45,8,1,,Digging,4.792500000000037,false,7.29946052631611,242.53714681440422,false
1,8,09:45,17,12:00,9,1,,Charging,0.0,true,9.199460526316109,240.43188365650948,false
1,8,09:45,18,12:15,10,1,,Charging,0.0,true,11.09946052631611,238.32662049861474,false
1,8,09:45,19,12:30,11,1,,,0.0,false,11.09946052631611,238.32662049861474,false
1,8,09:45,20,12:45,12,1,,,0.0,false,11.09946052631611,238.7878143456028,false
1,8,09:45,21,13:00,13,1,,,0.0,false,11.09946052631611,239.24900819259088,false
1,8,09:45,22,13:15,14,1,,,0.0,false,11.09946052631611,239.71020203957895,false
1,8,09:45,23,13:30,15,1,,,0.0,false,11.09946052631611,240.171395886567,false
1,8,09:45,24,13:45,16,1,,,0.0,false,11.09946052631611,240.63258973355516,false
1,8,09:45,25,14:00,17,1,,Digging,4.7925,false,9.90133552631611,241.09378358054323,false
1,8,09:45,26,14:15,18,1,,Digging,4.792500000000004,false,8.70321052631611,241.5549774275313,false
1,8,09:45,27,14:30,19,1,,Traveling,4.710100000000008,false,7.525685526316107,242.01617127451937,false
1,8,09:45,28,14:45,20,1,,Loading/Swinging,3.1586,false,6.736035526316107,242.47736512150743,false
1,8,09:45,29,15:00,21,1,,Idle,0.0,false,6.736035526316107,242.93855896849556,false
1,8,09:45,30,15:15,22,1,,Loading/Swinging,3.1586,false,5.946385526316107,243.39975281548362,false
1,8,09:45,31,15:30,23,1,,Loading/Swinging,3.1586,false,5.156735526316107,243.8609466624717,false
1,8,09:45,32,15:45,24,1,,Loading/Swinging,3.158599999999999,false,4.367085526315771,244.32214050945976,false
1,8,09:45,33,16:00,25,1,,Traveling,4.710099999999951,false,3.189560526315783,244.32214050945976,false
1,8,09:45,34,16:15,26,1,,Charging,-1.75337522279051e-14,true,5.089560526315797,242.21687735156502,false
1,8,09:45,35,16:30,27,1,,Loading/Swinging,3.1586,false,4.299910526315797,242.21687735156502,false
1,8,09:45,36,16:45,28,1,,Loading/Swinging,3.1586,false,3.510260526315797,242.21687735156502,false
1,8,09:45,37,17:00,29,1,,,0.0,false,3.510260526315797,242.21687735156502,true
1,8,09:45,38,17:15,30,1,,,0.0,false,3.510260526315797,242.21687735156502,true
1,8,09:45,39,17:30,31,1,,,0.0,false,3.5102605263157964,242.21687735156502,true
1,8,09:45,40,17:45,32,1,,Charging,0.0,true,5.410260526315796,240.11161419367028,false
1,8,09:45,41,18:00,33,1,,Charging,0.0,true,7.310260526315796,238.00635103577554,false
1,8,09:45,42,18:15,34,1,,Charging,0.0,true,9.210260526315796,235.9010878778808,false
1,8,09:45,43,18:30,35,1,,Charging,0.0,true,11.000000000000012,233.9179970483138,true
1,8,09:45,44,18:45,36,1,,Charging,0.0,true,12.900000000000013,231.81273389041905,true
1,8,09:45,45,19:00,37,1,,Charging,0.0,true,14.800000000000013,229.70747073252434,true
1,8,09:45,46,19:15,38,1,,,0.0,false,14.80000000000001,229.70747073252434,false
1,8,09:45,47,19:30,39,1,,,0.0,false,14.799999999999999,229.70747073252434,false
1,8,09:45,48,19:45,40,1,,,0.0,false,14.799999999999999,229.70747073252434,false
1,8,09:45,49,20:00,41,1,,,0.0,false,14.799999999999999,229.70747073252434,false
1,8,09:45,50,20:15,42,1,,,0.0,false,14.799999999999999,229.70747073252434,false
1,8,09:45,51,20:30,43,1,,,0.0,false,14.799999999999999,229.70747073252434,false
1,8,09:45,52,20:45,44,1,,,0.0,false,14.799999999999999,229.70747073252434,false
1,8,09:45,53,21:00,45,1,,,0.0,false,14.799999999999999,230.16866457951244,false
1,8,09:45,54,21:15,46,1,,,0.0,false,14.799999999999999,230.6298584265005,false
1,8,09:45,55,21:30,47,1,,,0.0,false,14.799999999999999,231.09105227348857,false
1,8,09:45,56,21:45,48,1,,,0.0,false,14.799999999999999,231.55224612047664,false
1,8,09:45,57,22:00,49,1,,,0.0,false,14.799999999999999,232.0134399674647,false
1,8,09:45,58,22:15,50,1,,,0.0,false,14.799999999999999,232.47463381445277,false
1,8,09:45,59,22:30,51,1,,,0.0,false,14.799999999999999,232.93582766144084,false
1,8,09:45,60,22:45,52,1,,,0.0,false,14.799999999999999,233.3970215084289,false
1,8,09:45,61,23:00,53,1,,,0.0,false,14.799999999999999,233.85821535541697,false
1,8,09:45,62,23:15,54,1,,,0.0,false,14.799999999999999,234.31940920240504,false
1,8,09:45,63,23:30,55,1,,,0.0,false,14.799999999999999,234.7806030493931,false
1,8,09:45,64,23:45,56,1,,,0.0,false,14.799999999999999,235.24179689638117,false
1,8,09:45,65,00:00,57,1,,,0.0,false,14.799999999999999,235.70299074336924,false
1,8,09:45,66,00:15,58,1,,,0.0,false,14.8,236.1641845903573,false
1,8,09:45,67,00:30,59,1,,,0.0,false,14.8,236.62537843734538,false
1,8,09:45,68,00:45,60,1,,,0.0,false,14.8,237.08657228433344,false
1,8,09:45,69,01:00,61,1,,,0.0,false,14.8,237.5477661313215,false
1,8,09:45,70,01:15,62,1,,,0.0,false,14.8,238.00895997830958,false
1,8,09:45,71,01:30,63,1,,,0.0,false,14.8,238.47015382529764,false
1,8,09:45,72,01:45,64,1,,,0.0,false,14.8,238.9313476722857,false
1,8,09:45,73,02:00,65,1,,,0.0,false,14.8,239.39254151927378,false
1,8,09:45,74,02:15,66,1,,,0.0,false,14.8,239.85373536626184,false
1,8,09:45,75,02:30,67,1,,,0.0,false,14.8,240.3149292132499,false
1,8,09:45,76,02:45,68,1,,,0.0,false,14.8,240.77612306023798,false
1,8,09:45,77,03:00,69,1,,,0.0,false,14.8,241.23731690722605,false
1,8,09:45,78,03:15,70,1,,,0.0,false,14.8,241.6985107542141,false
1,8,09:45,79,03:30,71,1,,,0.0,false,14.8,242.15970460120218,false
1,8,09:45,80,03:45,72,1,,,0.0,false,14.8,242.62089844819025,false
1,8,09:45,81,04:00,73,1,,,0.0,false,14.8,243.0820922951783,false
1,8,09:45,82,04:15,74,1,,,0.0,false,14.8,243.54328614216638,false
1,8,09:45,83,04:30,75,1,,,0.0,false,14.8,244.00447998915445,false
1,8,09:45,84,04:45,76,1,,,0.0,false,14.8,244.4656738361425,false
1,8,09:45,85,05:00,77,1,,,0.0,false,14.8,244.92686768313058,false
1,8,09:45,86,05:15,78,1,,,0.0,false,14.8,245.38806153011865,false
1,8,09:45,87,05:30,79,1,,,0.0,false,14.8,245.84925537710672,false
1,8,09:45,88,05:45,80,1,,,0.0,false,14.8,246.31044922409478,false
1,8,09:45,89,06:00,81,1,,,0.0,false,14.8,246.77164307108285,false
1,8,09:45,90,06:15,82,1,,,0.0,false,14.8,247.23283691807092,false
1,8,09:45,91,06:30,83,1,,,0.0,false,14.8,247.69403076505898,false
1,8,09:45,92,06:45,84,1,,,0.0,false,14.8,248.15522461204705,false
1,8,09:45,93,07:00,85,1,,,0.0,false,14.8,248.61641845903512,false
1,8,09:45,94,07:15,86,1,,,0.0,false,14.8,249.07761230602318,false
1,8,09:45,95,07:30,87,1,,,0.0,false,14.8,249.53880615301188,false
1,8,09:45,96,07:45,88,1,,,0.0,false,14.8,250.0,false
1,9,10:00,9,10:00,0,1,,Digging,4.792499999927465,false,12.33933552633393,244.64240997229916,false
1,9,10:00,10,10:15,1,1,,Digging,4.792500000018748,false,11.141210526329242,244.64240997229916,false
1,9,10:00,11,10:30,2,1,,Digging,4.792500000021695,false,9.943085526323818,244.64240997229916,false
1,9,10:00,12,10:45,3,1,,Charging,-2.3515500657822486e-10,true,11.841800000068215,242.53857122029294,false
1,9,10:00,13,11:00,4,1,,Digging,4.792500000000075,false,10.643675000068196,242.53857122029294,false
1,9,10:00,14,11:15,5,1,,Traveling,4.710100000000651,false,9.466150000068033,242.53857122029294,false
1,9,10:00,15,11:30,6,1,,Digging,4.7925,false,8.268025000068034,242.53857122029294,false
1,9,10:00,16,11:45,7,1,,Digging,4.792500000003795,false,7.0699000000670855,242.53857122029294,false
1,9,10:00,17,12:00,8,1,,Charging,0.0,true,8.969900000067085,240.4333080623982,false
1,9,10:00,18,12:15,9,1,,Charging,0.0,true,10.869900000067085,238.32804490450346,false
1,9,10:00,19,12:30,10,1,,,0.0,false,10.869900000067085,238.32804490450346,false
1,9,10:00,20,12:45,11,1,,,0.0,false,10.869900000067085,238.79367623023003,false
1,9,10:00,21,13:00,12,1,,,0.0,false,10.869900000067085,239.2593075559566,false
1,9,10:00,22,13:15,13,1,,,0.0,false,10.869900000067085,239.7249388816832,false
1,9,10:00,23,13:30,14,1,,,0.0,false,10.869900000067085,240.19057020740976,false
1,9,10:00,24,13:45,15,1,,,0.0,false,10.869900000067085,240.6562015331363,false
1,9,10:00,25,14:00,16,1,,Digging,4.792499999996998,false,9.671775000067836,241.1218328588629,false
1,9,10:00,26,14:15,17,1,,Digging,4.79250000005554,false,8.47365000005395,241.58746418458946,false
1,9,10:00,27,14:30,18,1,,Traveling,4.710100000000001,false,7.296125000053951,242.05309551031604,false
1,9,10:00,28,14:45,19,1,,Loading/Swinging,3.1586000000119867,false,6.506475000050954,242.51872683604262,false
1,9,10:00,29,15:00,20,1,,Idle,0.0,false,6.506475000050955,242.9843581617692,false
1,9,10:00,30,15:15,21,1,,Loading/Swinging,3.1585999999932532,false,5.7168250000526415,243.44998948749577,false
1,9,10:00,31,15:30,22,1,,Loading/Swinging,3.1585999999923526,false,4.927175000024437,243.91562081322232,false
1,9,10:00,32,15:45,23,1,,Loading/Swinging,3.1585999999909475,false,4.1375250000267005,244.3812521389489,false
1,9,10:00,33,16:00,24,1,,Traveling,4.710100000106814,false,2.96,244.3812521389489,false
1,9,10:00,34,16:15,25,1,,Charging,2.1458390619955026e-12,true,4.859999999999868,242.27598898105427,false
1,9,10:00,35,16:30,26,1,,Loading/Swinging,3.1586,false,4.070349999999868,242.27598898105427,false
1,9,10:00,36,16:45,27,1,,Loading/Swinging,3.1585999996872154,false,3.280700000078064,242.27598898105427,false
1,9,10:00,37,17:00,28,1,,,0.0,false,3.2807000000809636,242.27598898105106,false
1,9,10:00,38,17:15,29,1,,,0.0,false,3.280700000662116,242.27598898040713,false
1,9,10:00,39,17:30,30,1,,,0.0,false,3.2807000004669393,242.2759889806234,false
1,9,10:00,40,17:45,31,1,,,0.0,false,3.2807000006893374,242.2759889806234,true
1,9,10:00,41,18:00,32,1,,,0.0,false,3.2807000006893374,242.2759889806234,true
1,9,10:00,42,18:15,33,1,,,0.0,false,3.2807000006893374,242.2759889806234,true
1,9,10:00,43,18:30,34,1,,Charging,0.0,true,5.180700000689337,240.17072582272866,false
1,9,10:00,44,18:45,35,1,,Charging,0.0,true,7.080700000689337,238.06546266483392,false
1,9,10:00,45,19:00,36,1,,Charging,0.0,true,8.980700000689337,235.96019950693918,false
1,9,10:00,46,19:15,37,1,,Charging,0.0,true,10.880700000689338,233.8549363487075,true
1,9,10:00,47,19:30,38,1,,,0.0,false,10.880700000450991,233.8549363489716,false
1,9,10:00,48,19:45,39,1,,Charging,0.0,true,12.780700000003481,231.7496731915727,true
1,9,10:00,49,20:00,40,1,,Charging,0.0,true,14.68070000000185,229.64441003367978,true
1,9,10:00,50,20:15,41,1,,Charging,0.0,true,14.8,229.51222166803086,true
1,9,10:00,51,20:30,42,1,,,0.0,false,14.8,229.51222166803086,false
1,9,10:00,52,20:45,43,1,,,0.0,false,14.8,229.51222166803086,false
1,9,10:00,53,21:00,44,1,,,0.0,false,14.8,229.97785299375744,false
1,9,10:00,54,21:15,45,1,,,0.0,false,14.8,230.443484319484,false
1,9,10:00,55,21:30,46,1,,,0.0,false,14.8,230.9091156452106,false
1,9,10:00,56,21:45,47,1,,,0.0,false,14.8,231.37474697093717,false
1,9,10:00,57,22:00,48,1,,,0.0,false,14.8,231.84037829666374,false
1,9,10:00,58,22:15,49,1,,,0.0,false,14.8,232.30600962239032,false
1,9,10:00,59,22:30,50,1,,,0.0,false,14.8,232.7716409481169,false
1,9,10:00,60,22:45,51,1,,,0.0,false,14.8,233.23727227384347,false
1,9,10:00,61,23:00,52,1,,,0.0,false,14.8,233.70290359957005,false
1,9,10:00,62,23:15,53,1,,,0.0,false,14.8,234.16853492529663,false
1,9,10:00,63,23:30,54,1,,,0.0,false,14.8,234.6341662510232,false
1,9,10:00,64,23:45,55,1,,,0.0,false,14.8,235.09979757674978,false
1,9,10:00,65,00:00,56,1,,,0.0,false,14.8,235.56542890247636,false
1,9,10:00,66,00:15,57,1,,,0.0,false,14.8,236.03106022820293,false
1,9,10:00,67,00:30,58,1,,,0.0,false,14.8,236.4966915539295,false
1,9,10:00,68,00:45,59,1,,,0.0,false,14.8,236.96232287965609,false
1,9,10:00,69,01:00,60,1,,,0.0,false,14.8,237.42795420538266,false
1,9,10:00,70,01:15,61,1,,,0.0,false,14.8,237.89358553110924,false
1,9,10:00,71,01:30,62,1,,,0.0,false,14.8,238.35921685683581,false
1,9,10:00,72,01:45,63,1,,,0.0,false,14.8,238.8248481825624,false
1,9,10:00,73,02:00,64,1,,,0.0,false,14.8,239.29047950828897,false
1,9,10:00,74,02:15,65,1,,,0.0,false,14.8,239.75611083401554,false
1,9,10:00,75,02:30,66,1,,,0.0,false,14.8,240.22174215974212,false
1,9,10:00,76,02:45,67,1,,,0.0,false,14.8,240.6873734854687,false
1,9,10:00,77,03:00,68,1,,,0.0,false,14.8,241.15300481119527,false
1,9,10:00,78,03:15,69,1,,,0.0,false,14.8,241.61863613692185,false
1,9,10:00,79,03:30,70,1,,,0.0,false,14.8,242.08426746264843,false
1,9,10:00,80,03:45,71,1,,,0.0,false,14.8,242.549898788375,false
1,9,10:00,81,04:00,72,1,,,0.0,false,14.8,243.01553011410158,false
1,9,10:00,82,04:15,73,1,,,0.0,false,14.8,243.48116143982816,false
1,9,10:00,83,04:30,74,1,,,0.0,false,14.8,243.94679276555473,false
1,9,10:00,84,04:45,75,1,,,0.0,false,14.8,244.4124240912813,false
1,9,10:00,85,05:00,76,1,,,0.0,false,14.8,244.8780554170079,false
1,9,10:00,86,05:15,77,1,,,0.0,false,14.8,245.34368674273446,false
1,9,10:00,87,05:30,78,1,,,0.0,false,14.8,245.80931806846104,false
1,9,10:00,88,05:45,79,1,,,0.0,false,14.8,246.27494939418762,false
1,9,10:00,89,06:00,80,1,,,0.0,false,14.8,246.7405807199142,false
1,9,10:00,90,06:15,81,1,,,0.0,false,14.8,247.20621204564077,false
1,9,10:00,91,06:30,82,1,,,0.0,false,14.8,247.67184337136734,false
1,9,10:00,92,06:45,83,1,,,0.0,false,14.8,248.13747469709392,false
1,9,10:00,93,07:00,84,1,,,0.0,false,14.8,248.6031060228205,false
1,9,10:00,94,07:15,85,1,,,0.0,false,14.8,249.06873734854707,false
1,9,10:00,95,07:30,86,1,,,0.0,false,14.8,249.53436867427342,false
1,9,10:00,96,07:45,87,1,,,0.0,false,14.8,250.0,false
1,10,10:15,10,10:15,0,1,,Digging,4.7924999999999125,false,11.170010526315817,244.64240997229916,false
1,10,10:15,11,10:30,1,1,,Digging,4.792500000000004,false,9.971885526315816,244.64240997229916,false
1,10,10:15,12,10:45,2,1,,Charging,0.0,true,11.871885526316023,242.5371468144045,false
1,10,10:15,13,11:00,3,1,,Digging,4.792499999999578,false,10.673760526316128,242.5371468144045,false
1,10,10:15,14,11:15,4,1,,Traveling,4.710099999999999,false,9.496235526316129,242.5371468144045,false
1,10,10:15,15,11:30,5,1,,Digging,4.792499999999997,false,8.29811052631613,242.5371468144045,false
1,10,10:15,16,11:45,6,1,,Digging,4.792500000000004,false,7.099985526316129,242.5371468144045,false
1,10,10:15,17,12:00,7,1,,Charging,0.0,true,8.999985526316134,240.43188365650977,false
1,10,10:15,18,12:15,8,1,,Charging,0.0,true,10.869900000000376,238.35995626184572,false
1,10,10:15,19,12:30,9,1,,,0.0,false,10.869900000000376,238.35995626184572,false
1,10,10:15,20,12:45,10,1,,,0.0,false,10.869900000000376,238.82502773919785,false
1,10,10:15,21,13:00,11,1,,,0.0,false,10.869900000000376,239.29009921654992,false
1,10,10:15,22,13:15,12,1,,,0.0,false,10.869900000000376,239.755170693902,false
1,10,10:15,23,13:30,13,1,,,0.0,false,10.869900000000376,240.22024217125406,false
1,10,10:15,24,13:45,14,1,,,0.0,false,10.869900000000376,240.68531364860613,false
1,10,10:15,25,14:00,15,1,,Digging,4.792499999999997,false,9.671775000000377,241.1503851259582,false
1,10,10:15,26,14:15,16,1,,Digging,4.79249999999989,false,8.473650000000404,241.61545660331026,false
1,10,10:15,27,14:30,17,1,,Traveling,4.710100000000743,false,7.2961250000002185,242.08052808066233,false
1,10,10:15,28,14:45,18,1,,Loading/Swinging,3.15859999999965,false,6.506475000000306,242.5455995580144,false
1,10,10:15,29,15:00,19,1,,Idle,-6.004086117172847e-13,false,6.5064750000004565,243.01067103536647,false
1,10,10:15,30,15:15,20,1,,Loading/Swinging,3.1586,false,5.716825000000457,243.47574251271854,false
1,10,10:15,31,15:30,21,1,,Loading/Swinging,3.1585999999997405,false,4.927175000000521,243.9408139900706,false
1,10,10:15,32,15:45,22,1,,Loading/Swinging,3.158600000003104,false,4.137524999999795,244.40588546742237,false
1,10,10:15,33,16:00,23,1,,Traveling,4.71009999999918,false,2.96,244.40588546742237,false
1,10,10:15,34,16:15,24,1,,Charging,-6.465938895416912e-13,true,4.860000000000423,242.30062230952734,false
1,10,10:15,35,16:30,25,1,,Loading/Swinging,3.1585999999990655,false,4.070350000000657,242.30062230952734,false
1,10,10:15,36,16:45,26,1,,Loading/Swinging,3.1586000000024423,false,3.280700000000046,242.30062230952734,false
1,10,10:15,37,17:00,27,1,,,0.0,false,3.280700000001467,242.30062230952578,false
1,10,10:15,38,17:15,28,1,,,0.0,false,3.28069999999146,242.30062230953686,false
1,10,10:15,39,17:30,29,1,,Charging,0.0,true,5.180700000145104,240.19535915147188,true
1,10,10:15,40,17:45,30,1,,Charging,0.0,true,7.080700000145104,238.09009599357714,true
1,10,10:15,41,18:00,31,1,,,0.0,false,7.080700000145104,238.09009599357714,false
1,10,10:15,42,18:15,32,1,,,0.0,false,7.080700000145104,238.09009599357714,false
1,10,10:15,43,18:30,33,1,,Charging,0.0,true,8.980700000145795,235.9848328356824,false
1,10,10:15,44,18:45,34,1,,Charging,0.0,true,10.880700000145795,233.87956967778766,false
1,10,10:15,45,19:00,35,1,,Charging,0.0,true,12.780699999998829,231.77430652005577,false
1,10,10:15,46,19:15,36,1,,Charging,0.0,true,14.68069999999883,229.66904336216103,false
1,10,10:15,47,19:30,37,1,,Charging,0.0,true,14.8,229.53685499650877,true
1,10,10:15,48,19:45,38,1,,,0.0,false,14.8,229.53685499650877,true
1,10,10:15,49,20:00,39,1,,,0.0,false,14.8,229.53685499650877,true
1,10,10:15,50,20:15,40,1,,,0.0,false,14.8,229.53685499650877,true
1,10,10:15,51,20:30,41,1,,,0.0,false,14.8,229.53685499650877,false
1,10,10:15,52,20:45,42,1,,,0.0,false,14.8,229.53685499650877,false
1,10,10:15,53,21:00,43,1,,,0.0,false,14.8,230.00192647386083,false
1,10,10:15,54,21:15,44,1,,,0.0,false,14.8,230.4669979512129,false
1,10,10:15,55,21:30,45,1,,,0.0,false,14.8,230.93206942856497,false
1,10,10:15,56,21:45,46,1,,,0.0,false,14.8,231.39714090591704,false
1,10,10:15,57,22:00,47,1,,,0.0,false,14.8,231.8622123832691,false
1,10,10:15,58,22:15,48,1,,,0.0,false,14.8,232.32728386062118,false
1,10,10:15,59,22:30,49,1,,,0.0,false,14.8,232.79235533797325,false
1,10,10:15,60,22:45,50,1,,,0.0,false,14.8,233.25742681532532,false
1,10,10:15,61,23:00,51,1,,,0.0,false,14.8,233.7224982926774,false
1,10,10:15,62,23:15,52,1,,,0.0,false,14.8,234.18756977002946,false
1,10,10:15,63,23:30,53,1,,,0.0,false,14.8,234.65264124738152,false
1,10,10:15,64,23:45,54,1,,,0.0,false,14.8,235.1177127247336,false
1,10,10:15,65,00:00,55,1,,,0.0,false,14.8,235.58278420208566,false
1,10,10:15,66,00:15,56,1,,,0.0,false,14.8,236.04785567943773,false
1,10,10:15,67,00:30,57,1,,,0.0,false,14.8,236.5129271567898,false
1,10,10:15,68,00:45,58,1,,,0.0,false,14.8,236.97799863414187,false
1,10,10:15,69,01:00,59,1,,,0.0,false,14.8,237.44307011149394,false
1,10,10:15,70,01:15,60,1,,,0.0,false,14.8,237.908141588846,false
1,10,10:15,71,01:30,61,1,,,0.0,false,14.8,238.37321306619808,false
1,10,10:15,72,01:45,62,1,,,0.0,false,14.8,238.83828454355015,false
1,10,10:15,73,02:00,63,1,,,0.0,false,14.8,239.3033560209022,false
1,10,10:15,74,02:15,64,1,,,0.0,false,14.8,239.76842749825428,false
1,10,10:15,75,02:30,65,1,,,0.0,false,14.8,240.23349897560635,false
1,10,10:15,76,02:45,66,1,,,0.0,false,14.8,240.69857045295842,false
1,10,10:15,77,03:00,67,1,,,0.0,false,14.8,241.1636419303105,false
1,10,10:15,78,03:15,68,1,,,0.0,false,14.8,241.62871340766256,false
1,10,10:15,79,03:30,69,1,,,0.0,false,14.8,242.09378488501463,false
1,10,10:15,80,03:45,70,1,,,0.0,false,14.8,242.5588563623667,false
1,10,10:15,81,04:00,71,1,,,0.0,false,14.8,243.02392783971877,false
1,10,10:15,82,04:15,72,1,,,0.0,false,14.8,243.48899931707084,false
1,10,10:15,83,04:30,73,1,,,0.0,false,14.8,243.9540707944229,false
1,10,10:15,84,04:45,74,1,,,0.0,false,14.8,244.41914227177497,false
1,10,10:15,85,05:00,75,1,,,0.0,false,14.8,244.88421374912704,false
1,10,10:15,86,05:15,76,1,,,0.0,false,14.8,245.3492852264791,false
1,10,10:15,87,05:30,77,1,,,0.0,false,14.8,245.81435670383118,false
1,10,10:15,88,05:45,78,1,,,0.0,false,14.8,246.27942818118325,false
1,10,10:15,89,06:00,79,1,,,0.0,false,14.8,246.74449965853532,false
1,10,10:15,90,06:15,80,1,,,0.0,false,14.8,247.2095711358874,false
1,10,10:15,91,06:30,81,1,,,0.0,false,14.8,247.67464261323946,false
1,10,10:15,92,06:45,82,1,,,0.0,false,14.8,248.13971409059153,false
1,10,10:15,93,07:00,83,1,,,0.0,false,14.8,248.6047855679436,false
1,10,10:15,94,07:15,84,1,,,0.0,false,14.8,249.06985704529566,false
1,10,10:15,95,07:30,85,1,,,0.0,false,14.8,249.5349285226479,false
1,10,10:15,96,07:45,86,1,,,0.0,false,14.8,250.0,false
1,11,10:30,11,10:30,0,1,,Digging,4.792500000000125,false,9.984385526315764,244.64240997229916,false
1,11,10:30,12,10:45,1,1,,Charging,2.6645352591003757e-15,true,11.84179999999994,242.5843329931477,false
1,11,10:30,13,11:00,2,1,,Digging,4.792499999999813,false,10.643674999999988,242.5843329931477,false
1,11,10:30,14,11:15,3,1,,Traveling,4.710099999999997,false,9.466149999999988,242.5843329931477,false
1,11,10:30,15,11:30,4,1,,Digging,4.792500000000126,false,8.268024999999959,242.5843329931477,false
1,11,10:30,16,11:45,5,1,,Digging,4.7925,false,7.069899999999959,242.5843329931477,false
1,11,10:30,17,12:00,6,1,,Charging,0.0,true,8.969899999999958,240.47906983525297,false
1,11,10:30,18,12:15,7,1,,Charging,0.0,true,10.869899999999959,238.37380667735823,false
1,11,10:30,19,12:30,8,1,,,0.0,false,10.869899999999959,238.37380667735823,false
1,11,10:30,20,12:45,9,1,,,0.0,false,10.869899999999959,238.83863516496447,false
1,11,10:30,21,13:00,10,1,,,0.0,false,10.869899999999959,239.3034636525707,false
1,11,10:30,22,13:15,11,1,,,0.0,false,10.869899999999959,239.76829214017695,false
1,11,10:30,23,13:30,12,1,,,0.0,false,10.869899999999959,240.2331206277832,false
1,11,10:30,24,13:45,13,1,,,0.0,false,10.869899999999959,240.69794911538943,false
1,11,10:30,25,14:00,14,1,,Digging,4.792500000000004,false,9.671774999999958,241.16277760299567,false
1,11,10:30,26,14:15,15,1,,Loading/Swinging,3.1585999999999927,false,8.88212499999996,241.62760609060192,true
1,11,10:30,27,14:30,16,1,,Traveling,4.710100000000046,false,7.704599999999946,242.09243457820818,false
1,11,10:30,28,14:45,17,1,,Digging,4.792499999999986,false,6.506474999999949,242.55726306581442,true
1,11,10:30,29,15:00,18,1,,Idle,0.0,false,6.506474999999949,243.02209155342067,false
1,11,10:30,30,15:15,19,1,,Loading/Swinging,3.158600000000039,false,5.71682499999994,243.4869200410269,false
1,11,10:30,31,15:30,20,1,,Loading/Swinging,3.1586,false,4.92717499999994,243.95174852863315,false
1,11,10:30,32,15:45,21,1,,Loading/Swinging,3.1585999999999714,false,4.137524999999947,244.4165770162394,false
1,11,10:30,33,16:00,22,1,,Traveling,4.710099999999983,false,2.96,244.4165770162394,false
1,11,10:30,34,16:15,23,1,,Charging,-1.687538997430238e-14,true,4.86000000000001,242.31131385834465,false
1,11,10:30,35,16:30,24,1,,Loading/Swinging,3.1586000000000602,false,4.070349999999995,242.31131385834465,false
1,11,10:30,36,16:45,25,1,,Loading/Swinging,3.158600000000076,false,3.2806999999999578,242.31131385834465,false
1,11,10:30,37,17:00,26,1,,,0.0,false,3.2806999999999578,242.31131385834465,false
1,11,10:30,38,17:15,27,1,,,0.0,false,3.280699999999949,242.31131385834465,false
1,11,10:30,39,17:30,28,1,,,0.0,false,3.280699999999949,242.31131385834465,true
1,11,10:30,40,17:45,29,1,,Charging,0.0,true,5.1806999999999395,240.2060507004499,false
1,11,10:30,41,18:00,30,1,,Charging,0.0,true,7.080699999999943,238.10078754255517,true
1,11,10:30,42,18:15,31,1,,Charging,0.0,true,8.980699999999946,235.99552438466043,true
1,11,10:30,43,18:30,32,1,,Charging,0.0,true,10.880699999999946,233.8902612267657,false
1,11,10:30,44,18:45,33,1,,Charging,0.0,true,12.780699999999964,231.78499806887095,false
1,11,10:30,45,19:00,34,1,,Charging,0.0,true,14.680699999999964,229.6797349109762,false
1,11,10:30,46,19:15,35,1,,Charging,0.0,true,14.8,229.5475465453252,false
1,11,10:30,47,19:30,36,1,,,0.0,false,14.8,229.5475465453252,true
1,11,10:30,48,19:45,37,1,,,0.0,false,14.8,229.5475465453252,false
1,11,10:30,49,20:00,38,1,,,0.0,false,14.8,229.5475465453252,false
1,11,10:30,50,20:15,39,1,,,0.0,false,14.8,229.5475465453252,false
1,11,10:30,51,20:30,40,1,,,0.0,false,14.8,229.5475465453252,false
1,11,10:30,52,20:45,41,1,,,0.0,false,14.8,229.5475465453252,false
1,11,10:30,53,21:00,42,1,,,0.0,false,14.8,230.01237503293146,false
1,11,10:30,54,21:15,43,1,,,0.0,false,14.8,230.47720352053776,false
1,11,10:30,55,21:30,44,1,,,0.0,false,14.8,230.942032008144,false
1,11,10:30,56,21:45,45,1,,,0.0,false,14.8,231.40686049575027,false
1,11,10:30,57,22:00,46,1,,,0.0,false,14.8,231.8716889833565,false
1,11,10:30,58,22:15,47,1,,,0.0,false,14.8,232.33651747096275,false
1,11,10:30,59,22:30,48,1,,,0.0,false,14.8,232.801345958569,false
1,11,10:30,60,22:45,49,1,,,0.0,false,14.8,233.26617444617523,false
1,11,10:30,61,23:00,50,1,,,0.0,false,14.8,233.73100293378147,false
1,11,10:30,62,23:15,51,1,,,0.0,false,14.8,234.1958314213877,false
1,11,10:30,63,23:30,52,1,,,0.0,false,14.8,234.66065990899398,false
1,11,10:30,64,23:45,53,1,,,0.0,false,14.8,235.12548839660022,false
1,11,10:30,65,00:00,54,1,,,0.0,false,14.8,235.59031688420646,false
1,11,10:30,66,00:15,55,1,,,0.0,false,14.8,236.0551453718127,false
1,11,10:30,67,00:30,56,1,,,0.0,false,14.8,236.51997385941894,false
1,11,10:30,68,00:45,57,1,,,0.0,false,14.8,236.98480234702518,false
1,11,10:30,69,01:00,58,1,,,0.0,false,14.8,237.44963083463142,false
1,11,10:30,70,01:15,59,1,,,0.0,false,14.8,237.91445932223766,false
1,11,10:30,71,01:30,60,1,,,0.0,false,14.8,238.3792878098439,false
1,11,10:30,72,01:45,61,1,,,0.0,false,14.8,238.84411629745017,false
1,11,10:30,73,02:00,62,1,,,0.0,false,14.8,239.3089447850564,false
1,11,10:30,74,02:15,63,1,,,0.0,false,14.8,239.77377327266265,false
1,11,10:30,75,02:30,64,1,,,0.0,false,14.8,240.2386017602689,false
1,11,10:30,76,02:45,65,1,,,0.0,false,14.8,240.70343024787513,false
1,11,10:30,77,03:00,66,1,,,0.0,false,14.8,241.16825873548137,false
1,11,10:30,78,03:15,67,1,,,0.0,false,14.8,241.6330872230876,false
1,11,10:30,79,03:30,68,1,,,0.0,false,14.8,242.09791571069385,false
1,11,10:30,80,03:45,69,1,,,0.0,false,14.8,242.5627441983001,false
1,11,10:30,81,04:00,70,1,,,0.0,false,14.8,243.02757268590634,false
1,11,10:30,82,04:15,71,1,,,0.0,false,14.8,243.49240117351258,false
1,11,10:30,83,04:30,72,1,,,0.0,false,14.8,243.95722966111884,false
1,11,10:30,84,04:45,73,1,,,0.0,false,14.8,244.42205814872509,false
1,11,10:30,85,05:00,74,1,,,0.0,false,14.8,244.88688663633133,false
1,11,10:30,86,05:15,75,1,,,0.0,false,14.8,245.35171512393757,false
1,11,10:30,87,05:30,76,1,,,0.0,false,14.8,245.8165436115438,false
1,11,10:30,88,05:45,77,1,,,0.0,false,14.8,246.28137209915005,false
1,11,10:30,89,06:00,78,1,,,0.0,false,14.8,246.7462005867563,false
1,11,10:30,90,06:15,79,1,,,0.0,false,14.8,247.21102907436253,false
1,11,10:30,91,06:30,80,1,,,0.0,false,14.8,247.67585756196877,false
1,11,10:30,92,06:45,81,1,,,0.0,false,14.8,248.14068604957504,false
1,11,10:30,93,07:00,82,1,,,0.0,false,14.8,248.60551453718128,false
1,11,10:30,94,07:15,83,1,,,0.0,false,14.8,249.07034302478752,false
1,11,10:30,95,07:30,84,1,,,0.0,false,14.8,249.53517151239376,false
1,11,10:30,96,07:45,85,1,,,0.0,false,14.8,250.0,false
1,12,10:45,12,10:45,0,1,,Charging,-3.552713678800501e-15,true,11.8418,242.59186761918647,false
1,12,10:45,13,11:00,1,1,,Digging,4.792499999999997,false,10.643675,242.59186761918647,false
1,12,10:45,14,11:15,2,1,,Traveling,4.7101,false,9.46615,242.59186761918647,false
1,12,10:45,15,11:30,3,1,,Digging,4.792500000000004,false,8.268025,242.59186761918647,false
1,12,10:45,16,11:45,4,1,,Digging,4.7925,false,7.0699,242.59186761918647,false
1,12,10:45,17,12:00,5,1,,Charging,0.0,true,8.969899999999996,240.48660446129173,false
1,12,10:45,18,12:15,6,1,,Charging,0.0,true,10.869899999999996,238.381341303397,false
1,12,10:45,19,12:30,7,1,,,0.0,false,10.869899999999996,238.381341303397,false
1,12,10:45,20,12:45,8,1,,,0.0,false,10.869899999999994,238.84603760458148,false
1,12,10:45,21,13:00,9,1,,,0.0,false,10.869899999999994,239.310733905766,false
1,12,10:45,22,13:15,10,1,,,0.0,false,10.869899999999994,239.77543020695052,false
1,12,10:45,23,13:30,11,1,,,0.0,false,10.869899999999994,240.240126508135,false
1,12,10:45,24,13:45,12,1,,,0.0,false,10.869899999999994,240.70482280931952,false
1,12,10:45,25,14:00,13,1,,Digging,4.792499999999983,false,9.671774999999998,241.16951911050404,false
1,12,10:45,26,14:15,14,1,,Digging,4.7925,false,8.47365,241.63421541168856,true
1,12,10:45,27,14:30,15,1,,Traveling,4.710099999999983,false,7.2961250000000035,242.09891171287308,false
1,12,10:45,28,14:45,16,1,,Loading/Swinging,3.1586,false,6.506475000000004,242.5636080140576,true
1,12,10:45,29,15:00,17,1,,Idle,1.4210854715202004e-14,false,6.506475,243.0283043152421,false
1,12,10:45,30,15:15,18,1,,Loading/Swinging,3.1586,false,5.716825,243.49300061642663,false
1,12,10:45,31,15:30,19,1,,Loading/Swinging,3.1586,false,4.927175,243.95769691761114,false
1,12,10:45,32,15:45,20,1,,Loading/Swinging,3.158599999999977,false,4.137525000000005,244.42239321879566,false
1,12,10:45,33,16:00,21,1,,Traveling,4.710100000000018,false,2.96,244.42239321879566,false
1,12,10:45,34,16:15,22,1,,Charging,1.7763568394002505e-15,true,4.859999999999999,242.31713006090092,false
1,12,10:45,35,16:30,23,1,,Loading/Swinging,3.1586,false,4.070350000000002,242.31713006090092,false
1,12,10:45,36,16:45,24,1,,Loading/Swinging,3.158600000000007,false,3.2807000000000004,242.31713006090092,false
1,12,10:45,37,17:00,25,1,,Charging,0.0,true,5.1807,240.21186690300618,true
1,12,10:45,38,17:15,26,1,,Charging,0.0,true,7.0807,238.10660374511144,true
1,12,10:45,39,17:30,27,1,,Charging,0.0,true,8.9807,236.0013405872167,true
1,12,10:45,40,17:45,28,1,,Charging,0.0,true,10.880700000000001,233.89607742932196,false
1,12,10:45,41,18:00,29,1,,Charging,0.0,true,12.7807,231.79081427142722,false
1,12,10:45,42,18:15,30,1,,Charging,0.0,true,12.899999999999999,231.65862590577626,false
1,12,10:45,43,18:30,31,1,,Charging,0.0,true,14.799999999999999,229.55336274788152,false
1,12,10:45,44,18:45,32,1,,,0.0,false,14.799999999999999,229.55336274788152,true
1,12,10:45,45,19:00,33,1,,,0.0,false,14.799999999999999,229.55336274788152,true
1,12,10:45,46,19:15,34,1,,,0.0,false,14.799999999999999,229.55336274788152,true
1,12,10:45,47,19:30,35,1,,,0.0,false,14.799999999999999,229.55336274788152,false
1,12,10:45,48,19:45,36,1,,,0.0,false,14.799999999999999,229.55336274788152,false
1,12,10:45,49,20:00,37,1,,,0.0,false,14.799999999999999,229.55336274788152,false
1,12,10:45,50,20:15,38,1,,,0.0,false,14.799999999999999,229.55336274788152,false
1,12,10:45,51,20:30,39,1,,,0.0,false,14.799999999999999,229.55336274788152,false
1,12,10:45,52,20:45,40,1,,,0.0,false,14.8,229.55336274788152,false
1,12,10:45,53,21:00,41,1,,,0.0,false,14.8,230.01805904906604,false
1,12,10:45,54,21:15,42,1,,,0.0,false,14.8,230.48275535025056,false
1,12,10:45,55,21:30,43,1,,,0.0,false,14.8,230.94745165143507,false
1,12,10:45,56,21:45,44,1,,,0.0,false,14.8,231.4121479526196,false
1,12,10:45,57,22:00,45,1,,,0.0,false,14.8,231.8768442538041,false
1,12,10:45,58,22:15,46,1,,,0.0,false,14.8,232.34154055498863,false
1,12,10:45,59,22:30,47,1,,,0.0,false,14.8,232.80623685617314,false
1,12,10:45,60,22:45,48,1,,,0.0,false,14.8,233.27093315735766,false
1,12,10:45,61,23:00,49,1,,,0.0,false,14.8,233.73562945854218,false
1,12,10:45,62,23:15,50,1,,,0.0,false,14.8,234.2003257597267,false
1,12,10:45,63,23:30,51,1,,,0.0,false,14.8,234.6650220609112,false
1,12,10:45,64,23:45,52,1,,,0.0,false,14.8,235.12971836209573,false
1,12,10:45,65,00:00,53,1,,,0.0,false,14.8,235.59441466328025,false
1,12,10:45,66,00:15,54,1,,,0.0,false,14.8,236.05911096446476,false
1,12,10:45,67,00:30,55,1,,,0.0,false,14.8,236.52380726564928,false
1,12,10:45,68,00:45,56,1,,,0.0,false,14.8,236.9885035668338,false
1,12,10:45,69,01:00,57,1,,,0.0,false,14.8,237.45319986801832,false
1,12,10:45,70,01:15,58,1,,,0.0,false,14.8,237.91789616920283,false
1,12,10:45,71,01:30,59,1,,,0.0,false,14.8,238.38259247038735,false
1,12,10:45,72,01:45,60,1,,,0.0,false,14.8,238.84728877157187,false
1,12,10:45,73,02:00,61,1,,,0.0,false,14.8,239.31198507275639,false
1,12,10:45,74,02:15,62,1,,,0.0,false,14.8,239.7766813739409,false
1,12,10:45,75,02:30,63,1,,,0.0,false,14.8,240.24137767512542,false
1,12,10:45,76,02:45,64,1,,,0.0,false,14.8,240.70607397630994,false
1,12,10:45,77,03:00,65,1,,,0.0,false,14.8,241.17077027749446,false
1,12,10:45,78,03:15,66,1,,,0.0,false,14.8,241.63546657867897,false
1,12,10:45,79,03:30,67,1,,,0.0,false,14.8,242.1001628798635,false
1,12,10:45,80,03:45,68,1,,,0.0,false,14.8,242.564859181048,false
1,12,10:45,81,04:00,69,1,,,0.0,false,14.8,243.02955548223252,false
1,12,10:45,82,04:15,70,1,,,0.0,false,14.8,243.49425178341704,false
1,12,10:45,83,04:30,71,1,,,0.0,false,14.8,243.95894808460156,false
1,12,10:45,84,04:45,72,1,,,0.0,false,14.8,244.42364438578608,false
1,12,10:45,85,05:00,73,1,,,0.0,false,14.8,244.8883406869706,false
1,12,10:45,86,05:15,74,1,,,0.0,false,14.8,245.3530369881551,false
1,12,10:45,87,05:30,75,1,,,0.0,false,14.8,245.81773328933963,false
1,12,10:45,88,05:45,76,1,,,0.0,false,14.8,246.28242959052415,false
1,12,10:45,89,06:00,77,1,,,0.0,false,14.8,246.74712589170866,false
1,12,10:45,90,06:15,78,1,,,0.0,false,14.8,247.21182219289318,false
1,12,10:45,91,06:30,79,1,,,0.0,false,14.8,247.6765184940777,false
1,12,10:45,92,06:45,80,1,,,0.0,false,14.8,248.14121479526221,false
1,12,10:45,93,07:00,81,1,,,0.0,false,14.8,248.60591109644673,false
1,12,10:45,94,07:15,82,1,,,0.0,false,14.8,249.07060739763125,false
1,12,10:45,95,07:30,83,1,,,0.0,false,14.8,249.53530369881548,false
1,12,10:45,96,07:45,84,1,,,0.0,false,14.8,250.0,false
1,13,11:00,13,11:00,0,1,,Loading/Swinging,3.1586,false,11.14955076177285,242.59186761918647,true
1,13,11:00,14,11:15,1,1,,Traveling,4.710099999999997,false,9.972025761772851,242.59186761918647,false
1,13,11:00,15,11:30,2,1,,Digging,4.792500000160717,false,8.773900761732673,242.59186761918647,false
1,13,11:00,16,11:45,3,1,,Digging,4.7925,false,7.575775761732673,242.5918676191865,false
1,13,11:00,17,12:00,4,1,,Charging,0.0,true,9.378374999958938,240.5945277430355,false
1,13,11:00,18,12:15,5,1,,Charging,0.0,true,11.278374999958938,238.48926458514077,false
1,13,11:00,19,12:30,6,1,,,0.0,false,11.278374999958938,238.48926458514077,false
1,13,11:00,20,12:45,7,1,,,0.0,false,11.278374999958938,238.95206749541376,false
1,13,11:00,21,13:00,8,1,,,0.0,false,11.278374999958938,239.41487040568674,false
1,13,11:00,22,13:15,9,1,,,0.0,false,11.278374999958938,239.87767331595973,false
1,13,11:00,23,13:30,10,1,,,0.0,false,11.278374999959583,240.3404762262327,false
1,13,11:00,24,13:45,11,1,,,0.0,false,11.278374999959583,240.80327913650572,false
1,13,11:00,25,14:00,12,1,,Digging,4.7925,false,10.080249999959582,241.2660820467787,false
1,13,11:00,26,14:15,13,1,,Digging,4.792500000007287,false,8.88212499995776,241.7288849570517,false
1,13,11:00,27,14:30,14,1,,Traveling,4.710099999787244,false,7.7046000000109505,242.19168786732467,false
1,13,11:00,28,14:45,15,1,,Digging,4.7925,false,6.50647500001095,242.65449077759766,true
1,13,11:00,29,15:00,16,1,,Idle,1.4514440094257162e-10,false,6.506474999974664,243.11729368787064,false
1,13,11:00,30,15:15,17,1,,Loading/Swinging,3.1586,false,5.716824999974664,243.58009659814368,false
1,13,11:00,31,15:30,18,1,,Loading/Swinging,3.1586,false,4.927174999975754,244.04289950841667,false
1,13,11:00,32,15:45,19,1,,Loading/Swinging,3.1585999997925605,false,4.137525000027614,244.50570241868965,false
1,13,11:00,33,16:00,20,1,,Traveling,4.710099999753746,false,2.96,244.50570241868965,false
1,13,11:00,34,16:15,21,1,,Charging,-2.4641343210396812e-11,true,4.860000000016736,242.4004392607832,false
1,13,11:00,35,16:30,22,1,,Loading/Swinging,3.158599999261398,false,4.070350000201387,242.4004392607832,false
1,13,11:00,36,16:45,23,1,,Loading/Swinging,3.158599999995276,false,3.2807000000036486,242.4004392607832,false
1,13,11:00,37,17:00,24,1,,,0.0,false,3.2807000000046513,242.4004392607821,true
1,13,11:00,38,17:15,25,1,,,0.0,false,3.2807000001013997,242.4004392606749,true
1,13,11:00,39,17:30,26,1,,,0.0,false,3.2806999999760413,242.40043926081378,true
1,13,11:00,40,17:45,27,1,,,0.0,false,3.2807000003104023,242.4004392604433,true
1,13,11:00,41,18:00,28,1,,,0.0,false,3.280700000300822,242.4004392604539,true
1,13,11:00,42,18:15,29,1,,,0.0,false,3.280700000035762,242.4004392607476,true
1,13,11:00,43,18:30,30,1,,Charging,0.0,true,5.1807000000357615,240.29517610285288,false
1,13,11:00,44,18:45,31,1,,Charging,0.0,true,7.080699999898846,238.18991294510985,true
1,13,11:00,45,19:00,32,1,,Charging,0.0,true,8.980699999898846,236.0846497872151,true
1,13,11:00,46,19:15,33,1,,Charging,0.0,true,10.880700000106938,233.97938662931023,true
1,13,11:00,47,19:30,34,1,,Charging,0.0,true,10.999999999999895,233.84719826377787,true
1,13,11:00,48,19:45,35,1,,Charging,0.0,true,12.899999999999896,231.74193510588313,true
1,13,11:00,49,20:00,36,1,,Charging,0.0,true,14.8,229.63667194798828,true
1,13,11:00,50,20:15,37,1,,,0.0,false,14.8,229.63667194798828,false
1,13,11:00,51,20:30,38,1,,,0.0,false,14.8,229.63667194798828,false
1,13,11:00,52,20:45,39,1,,,0.0,false,14.8,229.63667194798828,false
1,13,11:00,53,21:00,40,1,,,0.0,false,14.8,230.09947485826126,false
1,13,11:00,54,21:15,41,1,,,0.0,false,14.8,230.56227776853424,false
1,13,11:00,55,21:30,42,1,,,0.0,false,14.8,231.02508067880723,false
1,13,11:00,56,21:45,43,1,,,0.0,false,14.8,231.4878835890802,false
1,13,11:00,57,22:00,44,1,,,0.0,false,14.8,231.9506864993532,false
1,13,11:00,58,22:15,45,1,,,0.0,false,14.8,232.41348940962618,false
1,13,11:00,59,22:30,46,1,,,0.0,false,14.8,232.87629231989916,false
1,13,11:00,60,22:45,47,1,,,0.0,false,14.8,233.33909523017215,false
1,13,11:00,61,23:00,48,1,,,0.0,false,14.8,233.80189814044513,false
1,13,11:00,62,23:15,49,1,,,0.0,false,14.8,234.26470105071812,false
1,13,11:00,63,23:30,50,1,,,0.0,false,14.8,234.7275039609911,false
1,13,11:00,64,23:45,51,1,,,0.0,false,14.8,235.19030687126408,false
1,13,11:00,65,00:00,52,1,,,0.0,false,14.8,235.65310978153707,false
1,13,11:00,66,00:15,53,1,,,0.0,false,14.8,236.11591269181005,false
1,13,11:00,67,00:30,54,1,,,0.0,false,14.8,236.57871560208304,false
1,13,11:00,68,00:45,55,1,,,0.0,false,14.8,237.04151851235602,false
1,13,11:00,69,01:00,56,1,,,0.0,false,14.8,237.504321422629,false
1,13,11:00,70,01:15,57,1,,,0.0,false,14.8,237.967124332902,false
1,13,11:00,71,01:30,58,1,,,0.0,false,14.8,238.42992724317497,false
1,13,11:00,72,01:45,59,1,,,0.0,false,14.8,238.89273015344796,false
1,13,11:00,73,02:00,60,1,,,0.0,false,14.8,239.35553306372094,false
1,13,11:00,74,02:15,61,1,,,0.0,false,14.8,239.81833597399392,false
1,13,11:00,75,02:30,62,1,,,0.0,false,14.8,240.2811388842669,false
1,13,11:00,76,02:45,63,1,,,0.0,false,14.8,240.7439417945399,false
1,13,11:00,77,03:00,64,1,,,0.0,false,14.8,241.20674470481288,false
1,13,11:00,78,03:15,65,1,,,0.0,false,14.8,241.66954761508586,false
1,13,11:00,79,03:30,66,1,,,0.0,false,14.8,242.13235052535885,false
1,13,11:00,80,03:45,67,1,,,0.0,false,14.8,242.59515343563183,false
1,13,11:00,81,04:00,68,1,,,0.0,false,14.8,243.0579563459048,false
1,13,11:00,82,04:15,69,1,,,0.0,false,14.8,243.5207592561778,false
1,13,11:00,83,04:30,70,1,,,0.0,false,14.8,243.98356216645078,false
1,13,11:00,84,04:45,71,1,,,0.0,false,14.8,244.44636507672377,false
1,13,11:00,85,05:00,72,1,,,0.0,false,14.8,244.90916798699675,false
1,13,11:00,86,05:15,73,1,,,0.0,false,14.8,245.37197089726973,false
1,13,11:00,87,05:30,74,1,,,0.0,false,14.8,245.83477380754272,false
1,13,11:00,88,05:45,75,1,,,0.0,false,14.8,246.2975767178157,false
1,13,11:00,89,06:00,76,1,,,0.0,false,14.8,246.76037962808869,false
1,13,11:00,90,06:15,77,1,,,0.0,false,14.8,247.22318253836167,false
1,13,11:00,91,06:30,78,1,,,0.0,false,14.8,247.68598544863465,false
1,13,11:00,92,06:45,79,1,,,0.0,false,14.8,248.14878835890764,false
1,13,11:00,93,07:00,80,1,,,0.0,false,14.8,248.61159126918062,false
1,13,11:00,94,07:15,81,1,,,0.0,false,14.8,249.07439417945403,false
1,13,11:00,95,07:30,82,1,,,0.0,false,14.8,249.53719708972702,false
1,13,11:00,96,07:45,83,1,,,0.0,false,14.8,250.0,false
1,14,11:15,14,11:15,0,1,,Traveling,4.710099999999997,false,9.98997576177285,242.59186761918647,false
1,14,11:15,15,11:30,1,1,,Digging,4.7925,false,8.79185076177285,242.59186761918647,false
1,14,11:15,16,11:45,2,1,,Digging,4.7925,false,7.593725761772849,242.59186761918647,false
1,14,11:15,17,12:00,3,1,,Charging,0.0,true,9.493725761772849,240.48660446129173,false
1,14,11:15,18,12:15,4,1,,Charging,0.0,true,11.39372576177285,238.381341303397,false
1,14,11:15,19,12:30,5,1,,,0.0,false,11.39372576177285,238.381341303397,false
1,14,11:15,20,12:45,6,1,,,0.0,false,11.39372576177285,238.84379528039872,false
1,14,11:15,21,13:00,7,1,,,0.0,false,11.39372576177285,239.30624925740045,false
1,14,11:15,22,13:15,8,1,,,0.0,false,11.39372576177285,239.76870323440218,false
1,14,11:15,23,13:30,9,1,,,0.0,false,11.39372576177285,240.2311572114039,false
1,14,11:15,24,13:45,10,1,,,0.0,false,11.393725761772851,240.69361118840564,false
1,14,11:15,25,14:00,11,1,,Digging,4.792499999999997,false,10.195600761772852,241.15606516540737,false
1,14,11:15,26,14:15,12,1,,Digging,4.7925,false,8.99747576177285,241.6185191424091,false
1,14,11:15,27,14:30,13,1,,Traveling,4.710100000000001,false,7.8199507617728505,242.08097311941083,false
1,14,11:15,28,14:45,14,1,,Digging,4.7925,false,6.62182576177285,242.54342709641256,false
1,14,11:15,29,15:00,15,1,,Idle,3.552713678800501e-15,false,6.6218257617728495,243.00588107341426,false
1,14,11:15,30,15:15,16,1,,Loading/Swinging,3.1586,false,5.83217576177285,243.468335050416,false
1,14,11:15,31,15:30,17,1,,Loading/Swinging,3.1586,false,5.04252576177285,243.93078902741772,false
1,14,11:15,32,15:45,18,1,,Loading/Swinging,3.1586,false,4.252875761772849,244.39324300441945,false
1,14,11:15,33,16:00,19,1,,Traveling,4.7101,false,3.0753507617728513,244.39324300441945,false
1,14,11:15,34,16:15,20,1,,Charging,-3.552713678800501e-15,true,4.5393,242.7711385853312,false
1,14,11:15,35,16:30,21,1,,Loading/Swinging,3.1586,false,3.74965,242.7711385853312,false
1,14,11:15,36,16:45,22,1,,Loading/Swinging,3.1586,false,2.96,242.7711385853312,false
1,14,11:15,37,17:00,23,1,,Charging,0.0,true,3.4000000000000004,242.28360395929244,true
1,14,11:15,38,17:15,24,1,,Charging,0.0,true,5.300000000000001,240.1783408013977,true
1,14,11:15,39,17:30,25,1,,Charging,0.0,true,7.200000000000001,238.07307764350296,true
1,14,11:15,40,17:45,26,1,,Charging,0.0,true,9.1,235.96781448560822,true
1,14,11:15,41,18:00,27,1,,Charging,0.0,true,11.0,233.86255132771348,true
1,14,11:15,42,18:15,28,1,,Charging,0.0,true,12.9,231.75728816981874,true
1,14,11:15,43,18:30,29,1,,Charging,0.0,true,14.799999999999999,229.652025011924,false
1,14,11:15,44,18:45,30,1,,,0.0,false,14.799999999999999,229.652025011924,true
1,14,11:15,45,19:00,31,1,,,0.0,false,14.799999999999999,229.652025011924,true
1,14,11:15,46,19:15,32,1,,,0.0,false,14.799999999999999,229.652025011924,true
1,14,11:15,47,19:30,33,1,,,0.0,false,14.799999999999999,229.652025011924,true
1,14,11:15,48,19:45,34,1,,,0.0,false,14.799999999999999,229.652025011924,true
1,14,11:15,49,20:00,35,1,,,0.0,false,14.799999999999999,229.652025011924,true
1,14,11:15,50,20:15,36,1,,,0.0,false,14.799999999999999,229.652025011924,false
1,14,11:15,51,20:30,37,1,,,0.0,false,14.799999999999999,229.65202501192402,false
1,14,11:15,52,20:45,38,1,,,0.0,false,14.799999999999999,229.65202501192402,false
1,14,11:15,53,21:00,39,1,,,0.0,false,14.799999999999999,230.11447898892575,false
1,14,11:15,54,21:15,40,1,,,0.0,false,14.8,230.57693296592748,false
1,14,11:15,55,21:30,41,1,,,0.0,false,14.8,231.0393869429292,false
1,14,11:15,56,21:45,42,1,,,0.0,false,14.8,231.50184091993094,false
1,14,11:15,57,22:00,43,1,,,0.0,false,14.8,231.96429489693267,false
1,14,11:15,58,22:15,44,1,,,0.0,false,14.8,232.4267488739344,false
1,14,11:15,59,22:30,45,1,,,0.0,false,14.8,232.88920285093613,false
1,14,11:15,60,22:45,46,1,,,0.0,false,14.8,233.35165682793783,false
1,14,11:15,61,23:00,47,1,,,0.0,false,14.8,233.81411080493956,false
1,14,11:15,62,23:15,48,1,,,0.0,false,14.8,234.2765647819413,false
1,14,11:15,63,23:30,49,1,,,0.0,false,14.8,234.73901875894302,false
1,14,11:15,64,23:45,50,1,,,0.0,false,14.8,235.20147273594475,false
1,14,11:15,65,00:00,51,1,,,0.0,false,14.8,235.66392671294648,false
1,14,11:15,66,00:15,52,1,,,0.0,false,14.8,236.1263806899482,false
1,14,11:15,67,00:30,53,1,,,0.0,false,14.8,236.58883466694994,false
1,14,11:15,68,00:45,54,1,,,0.0,false,14.8,237.05128864395166,false
1,14,11:15,69,01:00,55,1,,,0.0,false,14.8,237.51374262095337,false
1,14,11:15,70,01:15,56,1,,,0.0,false,14.8,237.9761965979551,false
1,14,11:15,71,01:30,57,1,,,0.0,false,14.8,238.43865057495682,false
1,14,11:15,72,01:45,58,1,,,0.0,false,14.8,238.90110455195855,false
1,14,11:15,73,02:00,59,1,,,0.0,false,14.8,239.36355852896028,false
1,14,11:15,74,02:15,60,1,,,0.0,false,14.8,239.826012505962,false
1,14,11:15,75,02:30,61,1,,,0.0,false,14.8,240.28846648296374,false
1,14,11:15,76,02:45,62,1,,,0.0,false,14.8,240.75092045996547,false
1,14,11:15,77,03:00,63,1,,,0.0,false,14.8,241.2133744369672,false
1,14,11:15,78,03:15,64,1,,,0.0,false,14.8,241.6758284139689,false
1,14,11:15,79,03:30,65,1,,,0.0,false,14.8,242.13828239097063,false
1,14,11:15,80,03:45,66,1,,,0.0,false,14.8,242.60073636797236,false
1,14,11:15,81,04:00,67,1,,,0.0,false,14.8,243.0631903449741,false
1,14,11:15,82,04:15,68,1,,,0.0,false,14.8,243.52564432197582,false
1,14,11:15,83,04:30,69,1,,,0.0,false,14.8,243.98809829897755,false
1,14,11:15,84,04:45,70,1,,,0.0,false,14.8,244.45055227597928,false
1,14,11:15,85,05:00,71,1,,,0.0,false,14.8,244.913006252981,false
1,14,11:15,86,05:15,72,1,,,0.0,false,14.8,245.37546022998274,false
1,14,11:15,87,05:30,73,1,,,0.0,false,14.8,245.83791420698444,false
1,14,11:15,88,05:45,74,1,,,0.0,false,14.8,246.30036818398617,false
1,14,11:15,89,06:00,75,1,,,0.0,false,14.8,246.7628221609879,false
1,14,11:15,90,06:15,76,1,,,0.0,false,14.8,247.22527613798962,false
1,14,11:15,91,06:30,77,1,,,0.0,false,14.8,247.68773011499135,false
1,14,11:15,92,06:45,78,1,,,0.0,false,14.8,248.15018409199308,false
1,14,11:15,93,07:00,79,1,,,0.0,false,14.8,248.6126380689948,false
1,14,11:15,94,07:15,80,1,,,0.0,false,14.8,249.07509204599654,false
1,14,11:15,95,07:30,81,1,,,0.0,false,14.8,249.53754602299827,false
1,14,11:15,96,07:45,82,1,,,0.0,false,14.8,250.0,false
1,15,11:30,15,11:30,0,1,,Digging,4.7925,false,8.900250761772849,242.59186761918647,false
1,15,11:30,16,11:45,1,1,,Digging,4.7924999999999995,false,7.70212576177285,242.59186761918647,false
1,15,11:30,17,12:00,2,1,,Charging,0.0,true,9.602125761772848,240.48660446129173,false
1,15,11:30,18,12:15,3,1,,Charging,0.0,true,11.502125761772849,238.38134130339697,false
1,15,11:30,19,12:30,4,1,,,0.0,false,11.502125761772849,238.38134130339697,false
1,15,11:30,20,12:45,5,1,,,0.0,false,11.502125761772849,238.8416880733228,false
1,15,11:30,21,13:00,6,1,,,0.0,false,11.502125761772849,239.3020348432487,false
1,15,11:30,22,13:15,7,1,,,0.0,false,11.502125761772849,239.76238161317457,false
1,15,11:30,23,13:30,8,1,,,0.0,false,11.502125761772856,240.22272838310045,false
1,15,11:30,24,13:45,9,1,,,0.0,false,11.502125761772856,240.68307515302632,false
1,15,11:30,25,14:00,10,1,,Digging,4.7925,false,10.304000761772855,241.14342192295217,false
1,15,11:30,26,14:15,11,1,,Digging,4.792499999999997,false,9.105875761772856,241.60376869287802,false
1,15,11:30,27,14:30,12,1,,Traveling,4.7101,false,7.928350761772856,242.0641154628039,false
1,15,11:30,28,14:45,13,1,,Digging,4.792499999999993,false,6.730225761772858,242.52446223272977,false
1,15,11:30,29,15:00,14,1,,Idle,0.0,false,6.730225761772858,242.98480900265565,false
1,15,11:30,30,15:15,15,1,,Loading/Swinging,3.1586,false,5.940575761772858,243.4451557725815,false
1,15,11:30,31,15:30,16,1,,Loading/Swinging,3.1586,false,5.150925761772858,243.90550254250735,false
1,15,11:30,32,15:45,17,1,,Loading/Swinging,3.158599999999997,false,4.361275761772859,244.36584931243323,false
1,15,11:30,33,16:00,18,1,,Traveling,4.7101,false,3.183750761772859,244.36584931243323,false
1,15,11:30,34,16:15,19,1,,Charging,0.0,true,5.083750761772858,242.2605861545385,false
1,15,11:30,35,16:30,20,1,,Loading/Swinging,3.1586,false,4.294100761772858,242.2605861545385,false
1,15,11:30,36,16:45,21,1,,Loading/Swinging,3.1586,false,3.5044507617729255,242.2605861545385,false
1,15,11:30,37,17:00,22,1,,Charging,0.0,true,5.4044507617729245,240.15532299664375,false
1,15,11:30,38,17:15,23,1,,Charging,0.0,true,7.304450761772934,238.050059838749,false
1,15,11:30,39,17:30,24,1,,Charging,0.0,true,9.204450761772932,235.94479668085427,false
1,15,11:30,40,17:45,25,1,,Charging,0.0,true,11.104450761772933,233.83953352295953,false
1,15,11:30,41,18:00,26,1,,Charging,0.0,true,13.004450761772933,231.7342703650648,false
1,15,11:30,42,18:15,27,1,,Charging,0.0,true,14.799999999999807,229.74474212326217,false
1,15,11:30,43,18:30,28,1,,,0.0,false,14.799999999999807,229.74474212326217,true
1,15,11:30,44,18:45,29,1,,,0.0,false,14.799999999999807,229.74474212326217,false
1,15,11:30,45,19:00,30,1,,,0.0,false,14.799999999999807,229.74474212326217,false
1,15,11:30,46,19:15,31,1,,,0.0,false,14.799999999999807,229.74474212326217,false
1,15,11:30,47,19:30,32,1,,,0.0,false,14.799999999999807,229.74474212326217,false
1,15,11:30,48,19:45,33,1,,,0.0,false,14.799999999999807,229.74474212326217,false
1,15,11:30,49,20:00,34,1,,,0.0,false,14.799999999999807,229.74474212326217,false
1,15,11:30,50,20:15,35,1,,,0.0,false,14.799999999999807,229.74474212326217,false
1,15,11:30,51,20:30,36,1,,,0.0,false,14.799999999999807,229.74474212326217,false
1,15,11:30,52,20:45,37,1,,,0.0,false,14.799999999999807,229.74474212326217,false
1,15,11:30,53,21:00,38,1,,,0.0,false,14.799999999999807,230.20508889318802,false
1,15,11:30,54,21:15,39,1,,,0.0,false,14.799999999999807,230.6654356631139,false
1,15,11:30,55,21:30,40,1,,,0.0,false,14.799999999999807,231.12578243303977,false
1,15,11:30,56,21:45,41,1,,,0.0,false,14.799999999999807,231.58612920296565,false
1,15,11:30,57,22:00,42,1,,,0.0,false,14.799999999999807,232.04647597289153,false
1,15,11:30,58,22:15,43,1,,,0.0,false,14.799999999999807,232.5068227428174,false
1,15,11:30,59,22:30,44,1,,,0.0,false,14.799999999999807,232.96716951274308,false
1,15,11:30,60,22:45,45,1,,,0.0,false,14.799999999999807,233.42751628266893,false
1,15,11:30,61,23:00,46,1,,,0.0,false,14.799999999999807,233.8878630525948,false
1,15,11:30,62,23:15,47,1,,,0.0,false,14.799999999999807,234.34820982252066,false
1,15,11:30,63,23:30,48,1,,,0.0,false,14.799999999999807,234.80855659244654,false
1,15,11:30,64,23:45,49,1,,,0.0,false,14.799999999999807,235.26890336237238,false
1,15,11:30,65,00:00,50,1,,,0.0,false,14.799999999999807,235.72925013229826,false
1,15,11:30,66,00:15,51,1,,,0.0,false,14.799999999999807,236.1895969022241,false
1,15,11:30,67,00:30,52,1,,,0.0,false,14.799999999999807,236.64994367215,false
1,15,11:30,68,00:45,53,1,,,0.0,false,14.799999999999807,237.11029044207584,false
1,15,11:30,69,01:00,54,1,,,0.0,false,14.799999999999807,237.5706372120017,false
1,15,11:30,70,01:15,55,1,,,0.0,false,14.799999999999807,238.03098398192756,false
1,15,11:30,71,01:30,56,1,,,0.0,false,14.799999999999807,238.49133075185344,false
1,15,11:30,72,01:45,57,1,,,0.0,false,14.799999999999807,238.9516775217793,false
1,15,11:30,73,02:00,58,1,,,0.0,false,14.8,239.41202429170517,false
1,15,11:30,74,02:15,59,1,,,0.0,false,14.8,239.87237106163101,false
1,15,11:30,75,02:30,60,1,,,0.0,false,14.8,240.3327178315569,false
1,15,11:30,76,02:45,61,1,,,0.0,false,14.8,240.79306460148274,false
1,15,11:30,77,03:00,62,1,,,0.0,false,14.8,241.25341137140862,false
1,15,11:30,78,03:15,63,1,,,0.0,false,14.8,241.71375814133447,false
1,15,11:30,79,03:30,64,1,,,0.0,false,14.8,242.17410491126034,false
1,15,11:30,80,03:45,65,1,,,0.0,false,14.8,242.6344516811862,false
1,15,11:30,81,04:00,66,1,,,0.0,false,14.8,243.09479845111207,false
1,15,11:30,82,04:15,67,1,,,0.0,false,14.8,243.55514522103792,false
1,15,11:30,83,04:30,68,1,,,0.0,false,14.8,244.0154919909638,false
1,15,11:30,84,04:45,69,1,,,0.0,false,14.8,244.47583876088964,false
1,15,11:30,85,05:00,70,1,,,0.0,false,14.8,244.93618553081552,false
1,15,11:30,86,05:15,71,1,,,0.0,false,14.8,245.39653230074137,false
1,15,11:30,87,05:30,72,1,,,0.0,false,14.8,245.85687907066722,false
1,15,11:30,88,05:45,73,1,,,0.0,false,14.8,246.3172258405931,false
1,15,11:30,89,06:00,74,1,,,0.0,false,14.8,246.77757261051894,false
1,15,11:30,90,06:15,75,1,,,0.0,false,14.8,247.23791938044482,false
1,15,11:30,91,06:30,76,1,,,0.0,false,14.8,247.69826615037067,false
1,15,11:30,92,06:45,77,1,,,0.0,false,14.8,248.15861292029655,false
1,15,11:30,93,07:00,78,1,,,0.0,false,14.8,248.61895969022243,false
1,15,11:30,94,07:15,79,1,,,0.0,false,14.8,249.07930646014827,false
1,15,11:30,95,07:30,80,1,,,0.0,false,14.8,249.53965323007412,false
1,15,11:30,96,07:45,81,1,,,0.0,false,14.8,250.0,false
1,16,11:45,16,11:45,0,1,,Digging,4.792500000000004,false,7.619600761772849,242.59186761918647,false
1,16,11:45,17,12:00,1,1,,Charging,0.0,true,9.497675000000001,240.51089893417023,false
1,16,11:45,18,12:15,2,1,,Charging,0.0,true,11.397675000000001,238.4056357762755,false
1,16,11:45,19,12:30,3,1,,,0.0,false,11.397675000000001,238.40563577627563,false
1,16,11:45,20,12:45,4,1,,,0.0,false,11.397675000000001,238.86758676450347,false
1,16,11:45,21,13:00,5,1,,,0.0,false,11.397675000000001,239.3295377527313,false
1,16,11:45,22,13:15,6,1,,,0.0,false,11.397675000000001,239.79148874095915,false
1,16,11:45,23,13:30,7,1,,,0.0,false,11.397675000000001,240.253439729187,false
1,16,11:45,24,13:45,8,1,,,0.0,false,11.397675000000001,240.71539071741483,false
1,16,11:45,25,14:00,9,1,,Digging,4.792499999999997,false,10.199550000000002,241.17734170564268,false
1,16,11:45,26,14:15,10,1,,Digging,4.7925,false,9.001425000000001,241.63929269387052,false
1,16,11:45,27,14:30,11,1,,Traveling,4.710100000000001,false,7.823900000000001,242.10124368209836,false
1,16,11:45,28,14:45,12,1,,Digging,4.7925,false,6.625775000000001,242.5631946703262,false
1,16,11:45,29,15:00,13,1,,Idle,0.0,false,6.625775000000001,243.02514565855407,false
1,16,11:45,30,15:15,14,1,,Loading/Swinging,3.1586,false,5.836125000000001,243.4870966467819,false
1,16,11:45,31,15:30,15,1,,Loading/Swinging,3.1586,false,5.046475000000001,243.94904763500975,false
1,16,11:45,32,15:45,16,1,,Loading/Swinging,3.1586,false,4.256825000000001,244.41099862323762,false
1,16,11:45,33,16:00,17,1,,Traveling,4.7101,false,3.079300000000001,244.41099862323762,false
1,16,11:45,34,16:15,18,1,,Charging,1.7763568394002505e-15,true,4.9793,242.30573546534288,false
1,16,11:45,35,16:30,19,1,,Loading/Swinging,3.1586,false,4.18965,242.30573546534288,false
1,16,11:45,36,16:45,20,1,,Loading/Swinging,3.1586,false,3.4000000000000004,242.30573546534288,false
1,16,11:45,37,17:00,21,1,,Charging,0.0,true,5.300000000000001,240.20047230744814,false
1,16,11:45,38,17:15,22,1,,Charging,0.0,true,7.2,238.0952091495534,false
1,16,11:45,39,17:30,23,1,,Charging,0.0,true,9.1,235.98994599165866,false
1,16,11:45,40,17:45,24,1,,Charging,0.0,true,11.0,233.88468283376392,false
1,16,11:45,41,18:00,25,1,,Charging,0.0,true,12.9,231.77941967586918,false
1,16,11:45,42,18:15,26,1,,Charging,0.0,true,14.8,229.67415651797444,false
1,16,11:45,43,18:30,27,1,,,0.0,false,14.8,229.67415651797444,false
1,16,11:45,44,18:45,28,1,,,0.0,false,14.8,229.67415651797444,false
1,16,11:45,45,19:00,29,1,,,0.0,false,14.8,229.67415651797444,false
1,16,11:45,46,19:15,30,1,,,0.0,false,14.8,229.67415651797444,false
1,16,11:45,47,19:30,31,1,,,0.0,false,14.8,229.67415651797444,false
1,16,11:45,48,19:45,32,1,,,0.0,false,14.8,229.67415651797444,false
1,16,11:45,49,20:00,33,1,,,0.0,false,14.8,229.67415651797444,false
1,16,11:45,50,20:15,34,1,,,0.0,false,14.8,229.67415651797444,false
1,16,11:45,51,20:30,35,1,,,0.0,false,14.8,229.67415651797444,false
1,16,11:45,52,20:45,36,1,,,0.0,false,14.8,229.67415651797444,false
1,16,11:45,53,21:00,37,1,,,0.0,false,14.8,230.13610750620228,false
1,16,11:45,54,21:15,38,1,,,0.0,false,14.8,230.59805849443015,false
1,16,11:45,55,21:30,39,1,,,0.0,false,14.8,231.060009482658,false
1,16,11:45,56,21:45,40,1,,,0.0,false,14.8,231.52196047088586,false
1,16,11:45,57,22:00,41,1,,,0.0,false,14.8,231.9839114591137,false
1,16,11:45,58,22:15,42,1,,,0.0,false,14.8,232.44586244734157,false
1,16,11:45,59,22:30,43,1,,,0.0,false,14.8,232.9078134355694,false
1,16,11:45,60,22:45,44,1,,,0.0,false,14.8,233.36976442379728,false
1,16,11:45,61,23:00,45,1,,,0.0,false,14.8,233.83171541202512,false
1,16,11:45,62,23:15,46,1,,,0.0,false,14.8,234.293666400253,false
1,16,11:45,63,23:30,47,1,,,0.0,false,14.8,234.75561738848083,false
1,16,11:45,64,23:45,48,1,,,0.0,false,14.8,235.2175683767087,false
1,16,11:45,65,00:00,49,1,,,0.0,false,14.8,235.67951936493654,false
1,16,11:45,66,00:15,50,1,,,0.0,false,14.8,236.1414703531644,false
1,16,11:45,67,00:30,51,1,,,0.0,false,14.8,236.60342134139225,false
1,16,11:45,68,00:45,52,1,,,0.0,false,14.8,237.06537232962012,false
1,16,11:45,69,01:00,53,1,,,0.0,false,14.8,237.52732331784796,false
1,16,11:45,70,01:15,54,1,,,0.0,false,14.8,237.98927430607583,false
1,16,11:45,71,01:30,55,1,,,0.0,false,14.8,238.45122529430367,false
1,16,11:45,72,01:45,56,1,,,0.0,false,14.8,238.9131762825315,false
1,16,11:45,73,02:00,57,1,,,0.0,false,14.8,239.37512727075938,false
1,16,11:45,74,02:15,58,1,,,0.0,false,14.8,239.83707825898722,false
1,16,11:45,75,02:30,59,1,,,0.0,false,14.8,240.2990292472151,false
1,16,11:45,76,02:45,60,1,,,0.0,false,14.8,240.76098023544293,false
1,16,11:45,77,03:00,61,1,,,0.0,false,14.8,241.2229312236708,false
1,16,11:45,78,03:15,62,1,,,0.0,false,14.8,241.68488221189864,false
1,16,11:45,79,03:30,63,1,,,0.0,false,14.8,242.14683320012654,false
1,16,11:45,80,03:45,64,1,,,0.0,false,14.8,242.60878418835438,false
1,16,11:45,81,04:00,65,1,,,0.0,false,14.8,243.07073517658222,false
1,16,11:45,82,04:15,66,1,,,0.0,false,14.8,243.5326861648101,false
1,16,11:45,83,04:30,67,1,,,0.0,false,14.8,243.99463715303793,false
1,16,11:45,84,04:45,68,1,,,0.0,false,14.8,244.4565881412658,false
1,16,11:45,85,05:00,69,1,,,0.0,false,14.8,244.91853912949364,false
1,16,11:45,86,05:15,70,1,,,0.0,false,14.8,245.3804901177215,false
1,16,11:45,87,05:30,71,1,,,0.0,false,14.8,245.84244110594935,false
1,16,11:45,88,05:45,72,1,,,0.0,false,14.8,246.30439209417722,false
1,16,11:45,89,06:00,73,1,,,0.0,false,14.8,246.76634308240506,false
1,16,11:45,90,06:15,74,1,,,0.0,false,14.8,247.22829407063293,false
1,16,11:45,91,06:30,75,1,,,0.0,false,14.8,247.69024505886077,false
1,16,11:45,92,06:45,76,1,,,0.0,false,14.8,248.1521960470886,false
1,16,11:45,93,07:00,77,1,,,0.0,false,14.8,248.61414703531645,false
1,16,11:45,94,07:15,78,1,,,0.0,false,14.8,249.07609802354432,false
1,16,11:45,95,07:30,79,1,,,0.0,false,14.8,249.53804901177216,false
1,16,11:45,96,07:45,80,1,,,0.0,false,14.8,250.0,false
1,17,12:00,17,12:00,0,1,,Charging,0.0,true,9.43707576177284,240.48660446129176,false
1,17,12:00,18,12:15,1,1,,Charging,0.0,true,11.33707576177284,238.38134130339702,false
1,17,12:00,19,12:30,2,1,,,0.0,false,11.33707576177284,238.38134130339702,false
1,17,12:00,20,12:45,3,1,,,0.0,false,11.33707576177284,238.84489650992688,false
1,17,12:00,21,13:00,4,1,,,0.0,false,11.33707576177284,239.30845171645672,false
1,17,12:00,22,13:15,5,1,,,0.0,false,11.33707576177284,239.77200692298655,false
1,17,12:00,23,13:30,6,1,,,0.0,false,11.33707576177284,240.23556212951638,false
1,17,12:00,24,13:45,7,1,,,0.0,false,11.33707576177284,240.69911733604624,false
1,17,12:00,25,14:00,8,1,,Digging,4.7925,false,10.13895076177284,241.16267254257608,false
1,17,12:00,26,14:15,9,1,,Digging,4.792499999999997,false,8.94082576177284,241.6262277491059,false
1,17,12:00,27,14:30,10,1,,Traveling,4.7101,false,7.763300761772837,242.08978295563574,false
1,17,12:00,28,14:45,11,1,,Digging,4.7925,false,6.565175761772837,242.55333816216557,false
1,17,12:00,29,15:00,12,1,,Idle,0.0,false,6.565175761772837,243.01689336869543,false
1,17,12:00,30,15:15,13,1,,Loading/Swinging,3.1586,false,5.775525761772837,243.48044857522527,false
1,17,12:00,31,15:30,14,1,,Loading/Swinging,3.158600000000011,false,4.985875761772833,243.9440037817551,false
1,17,12:00,32,15:45,15,1,,Loading/Swinging,3.1586,false,4.196225761772833,244.40755898828493,false
1,17,12:00,33,16:00,16,1,,Traveling,4.710099999999999,false,3.0187007617728336,244.40755898828493,false
1,17,12:00,34,16:15,17,1,,Charging,0.0,true,4.9187007617728336,242.3022958303902,false
1,17,12:00,35,16:30,18,1,,Loading/Swinging,3.1586000000000034,false,4.129050761772833,242.3022958303902,false
1,17,12:00,36,16:45,19,1,,Loading/Swinging,3.1586,false,3.3394007617728323,242.3022958303902,false
1,17,12:00,37,17:00,20,1,,,0.0,false,3.3394007617728323,242.3022958303902,true
1,17,12:00,38,17:15,21,1,,,0.0,false,3.3394007617728323,242.3022958303902,true
1,17,12:00,39,17:30,22,1,,,0.0,false,3.3394007617728323,242.3022958303902,true
1,17,12:00,40,17:45,23,1,,,0.0,false,3.3394007617728323,242.3022958303902,true
1,17,12:00,41,18:00,24,1,,,0.0,false,3.3394007617728323,242.3022958303902,true
1,17,12:00,42,18:15,25,1,,,0.0,false,3.3394007617728323,242.3022958303902,true
1,17,12:00,43,18:30,26,1,,Charging,0.0,true,5.239400761772831,240.19703267249545,true
1,17,12:00,44,18:45,27,1,,Charging,0.0,true,7.139400761772832,238.0917695146007,true
1,17,12:00,45,19:00,28,1,,Charging,0.0,true,9.039400761772832,235.98650635670597,true
1,17,12:00,46,19:15,29,1,,Charging,0.0,true,10.939400761772832,233.88124319881123,true
1,17,12:00,47,19:30,30,1,,Charging,0.0,true,12.839400761772833,231.7759800409165,true
1,17,12:00,48,19:45,31,1,,Charging,0.0,true,14.739400761772831,229.67071688302175,true
1,17,12:00,49,20:00,32,1,,Charging,0.0,true,14.799999999999999,229.60357091268696,true
1,17,12:00,50,20:15,33,1,,,0.0,false,14.799999999999999,229.60357091268696,false
1,17,12:00,51,20:30,34,1,,,0.0,false,14.799999999999999,229.60357091268696,false
1,17,12:00,52,20:45,35,1,,,0.0,false,14.799999999999999,229.60357091268696,false
1,17,12:00,53,21:00,36,1,,,0.0,false,14.799999999999999,230.0671261192168,false
1,17,12:00,54,21:15,37,1,,,0.0,false,14.799999999999999,230.53068132574663,false
1,17,12:00,55,21:30,38,1,,,0.0,false,14.799999999999999,230.99423653227646,false
1,17,12:00,56,21:45,39,1,,,0.0,false,14.799999999999999,231.4577917388063,false
1,17,12:00,57,22:00,40,1,,,0.0,false,14.799999999999999,231.92134694533613,false
1,17,12:00,58,22:15,41,1,,,0.0,false,14.799999999999999,232.38490215186596,false
1,17,12:00,59,22:30,42,1,,,0.0,false,14.799999999999999,232.8484573583958,false
1,17,12:00,60,22:45,43,1,,,0.0,false,14.799999999999999,233.31201256492562,false
1,17,12:00,61,23:00,44,1,,,0.0,false,14.799999999999999,233.77556777145546,false
1,17,12:00,62,23:15,45,1,,,0.0,false,14.799999999999999,234.2391229779853,false
1,17,12:00,63,23:30,46,1,,,0.0,false,14.799999999999999,234.70267818451512,false
1,17,12:00,64,23:45,47,1,,,0.0,false,14.799999999999999,235.16623339104495,false
1,17,12:00,65,00:00,48,1,,,0.0,false,14.799999999999999,235.6297885975748,false
1,17,12:00,66,00:15,49,1,,,0.0,false,14.8,236.09334380410462,false
1,17,12:00,67,00:30,50,1,,,0.0,false,14.8,236.55689901063445,false
1,17,12:00,68,00:45,51,1,,,0.0,false,14.8,237.02045421716429,false
1,17,12:00,69,01:00,52,1,,,0.0,false,14.8,237.48400942369412,false
1,17,12:00,70,01:15,53,1,,,0.0,false,14.8,237.94756463022395,false
1,17,12:00,71,01:30,54,1,,,0.0,false,14.8,238.41111983675378,false
1,17,12:00,72,01:45,55,1,,,0.0,false,14.8,238.87467504328362,false
1,17,12:00,73,02:00,56,1,,,0.0,false,14.8,239.33823024981345,false
1,17,12:00,74,02:15,57,1,,,0.0,false,14.8,239.80178545634328,false
1,17,12:00,75,02:30,58,1,,,0.0,false,14.8,240.26534066287311,false
1,17,12:00,76,02:45,59,1,,,0.0,false,14.8,240.72889586940295,false
1,17,12:00,77,03:00,60,1,,,0.0,false,14.8,241.19245107593278,false
1,17,12:00,78,03:15,61,1,,,0.0,false,14.8,241.6560062824626,false
1,17,12:00,79,03:30,62,1,,,0.0,false,14.8,242.11956148899245,false
1,17,12:00,80,03:45,63,1,,,0.0,false,14.8,242.58311669552228,false
1,17,12:00,81,04:00,64,1,,,0.0,false,14.8,243.0466719020521,false
1,17,12:00,82,04:15,65,1,,,0.0,false,14.8,243.51022710858194,false
1,17,12:00,83,04:30,66,1,,,0.0,false,14.8,243.97378231511178,false
1,17,12:00,84,04:45,67,1,,,0.0,false,14.8,244.4373375216416,false
1,17,12:00,85,05:00,68,1,,,0.0,false,14.8,244.90089272817144,false
1,17,12:00,86,05:15,69,1,,,0.0,false,14.8,245.36444793470127,false
1,17,12:00,87,05:30,70,1,,,0.0,false,14.8,245.8280031412311,false
1,17,12:00,88,05:45,71,1,,,0.0,false,14.8,246.29155834776094,false
1,17,12:00,89,06:00,72,1,,,0.0,false,14.8,246.75511355429077,false
1,17,12:00,90,06:15,73,1,,,0.0,false,14.8,247.2186687608206,false
1,17,12:00,91,06:30,74,1,,,0.0,false,14.8,247.68222396735078,false
1,17,12:00,92,06:45,75,1,,,0.0,false,14.8,248.14577917388064,false
1,17,12:00,93,07:00,76,1,,,0.0,false,14.8,248.60933438041047,false
1,17,12:00,94,07:15,77,1,,,0.0,false,14.8,249.0728895869403,false
1,17,12:00,95,07:30,78,1,,,0.0,false,14.8,249.5364447934701,false
1,17,12:00,96,07:45,79,1,,,0.0,false,14.8,250.0,false
1,18,12:15,18,12:15,0,1,,Charging,0.0,true,11.437075761693391,238.38134130348504,false
1,18,12:15,19,12:30,1,1,,,0.0,false,11.437075761693391,238.38134130380135,false
1,18,12:15,20,12:45,2,1,,,0.0,false,11.437075761693391,238.8429525921895,false
1,18,12:15,21,13:00,3,1,,,0.0,false,11.437075761693391,239.30456388075015,false
1,18,12:15,22,13:15,4,1,,,0.0,false,11.437075761693382,239.7661751693108,false
1,18,12:15,23,13:30,5,1,,,0.0,false,11.437075761693382,240.22778645787145,false
1,18,12:15,24,13:45,6,1,,,0.0,false,11.437075761693382,240.68939774643206,false
1,18,12:15,25,14:00,7,1,,Digging,4.792499999782251,false,10.23895076174782,241.1510090349927,false
1,18,12:15,26,14:15,8,1,,Digging,4.792500000001112,false,9.040825761747541,241.61262032355336,false
1,18,12:15,27,14:30,9,1,,Traveling,4.710099999790586,false,7.863300761799895,242.074231612114,false
1,18,12:15,28,14:45,10,1,,Digging,4.7924999999996,false,6.665175761799995,242.53584290067465,false
1,18,12:15,29,15:00,11,1,,Idle,-2.0037305148434825e-12,false,6.665175761800496,242.9974541892353,false
1,18,12:15,30,15:15,12,1,,Loading/Swinging,3.1586000003199852,false,5.8755257617205,243.45906547779595,false
1,18,12:15,31,15:30,13,1,,Loading/Swinging,3.158600000103533,false,5.085875761694616,243.9206767663566,false
1,18,12:15,32,15:45,14,1,,Loading/Swinging,3.1585999998330214,false,4.2962257617379205,244.38228805492946,false
1,18,12:15,33,16:00,15,1,,Traveling,4.710100000237574,false,3.118700761678527,244.38228805492946,false
1,18,12:15,34,16:15,16,1,,Charging,-8.881784197001252e-16,true,5.018700761678526,242.27702489703472,false
1,18,12:15,35,16:30,17,1,,Loading/Swinging,3.158600000000007,false,4.229050761678525,242.27702489703472,false
1,18,12:15,36,16:45,18,1,,Loading/Swinging,3.158599999971372,false,3.4394007616856817,242.27702489703472,false
1,18,12:15,37,17:00,19,1,,Charging,0.0,true,5.339400761685121,240.1717617391406,true
1,18,12:15,38,17:15,20,1,,Charging,0.0,true,7.199999999998915,238.1101559349148,true
1,18,12:15,39,17:30,21,1,,Charging,0.0,true,9.099999999998355,236.00489277702067,true
1,18,12:15,40,17:45,22,1,,Charging,0.0,true,10.9999999999987,233.89962961912556,true
1,18,12:15,41,18:00,23,1,,Charging,0.0,true,12.8999999999987,231.79436646123082,true
1,18,12:15,42,18:15,24,1,,Charging,0.0,true,14.8,229.6891033033367,true
1,18,12:15,43,18:30,25,1,,,0.0,false,14.8,229.6891033033367,true
1,18,12:15,44,18:45,26,1,,,0.0,false,14.8,229.6891033033367,true
1,18,12:15,45,19:00,27,1,,,0.0,false,14.8,229.6891033033367,true
1,18,12:15,46,19:15,28,1,,,0.0,false,14.8,229.6891033033367,true
1,18,12:15,47,19:30,29,1,,,0.0,false,14.8,229.6891033033367,true
1,18,12:15,48,19:45,30,1,,,0.0,false,14.8,229.6891033033367,true
1,18,12:15,49,20:00,31,1,,,0.0,false,14.8,229.6891033033367,true
1,18,12:15,50,20:15,32,1,,,0.0,false,14.8,229.6891033033367,false
1,18,12:15,51,20:30,33,1,,,0.0,false,14.8,229.6891033033367,false
1,18,12:15,52,20:45,34,1,,,0.0,false,14.8,229.6891033033367,false
1,18,12:15,53,21:00,35,1,,,0.0,false,14.8,230.15071459189735,false
1,18,12:15,54,21:15,36,1,,,0.0,false,14.8,230.612325880458,false
1,18,12:15,55,21:30,37,1,,,0.0,false,14.8,231.07393716901865,false
1,18,12:15,56,21:45,38,1,,,0.0,false,14.8,231.5355484575793,false
1,18,12:15,57,22:00,39,1,,,0.0,false,14.8,231.99715974613994,false
1,18,12:15,58,22:15,40,1,,,0.0,false,14.8,232.4587710347006,false
1,18,12:15,59,22:30,41,1,,,0.0,false,14.8,232.92038232326124,false
1,18,12:15,60,22:45,42,1,,,0.0,false,14.8,233.38199361182188,false
1,18,12:15,61,23:00,43,1,,,0.0,false,14.8,233.84360490038253,false
1,18,12:15,62,23:15,44,1,,,0.0,false,14.8,234.30521618894318,false
1,18,12:15,63,23:30,45,1,,,0.0,false,14.8,234.76682747750382,false
1,18,12:15,64,23:45,46,1,,,0.0,false,14.8,235.22843876606447,false
1,18,12:15,65,00:00,47,1,,,0.0,false,14.8,235.69005005462512,false
1,18,12:15,66,00:15,48,1,,,0.0,false,14.8,236.15166134318576,false
1,18,12:15,67,00:30,49,1,,,0.0,false,14.8,236.6132726317464,false
1,18,12:15,68,00:45,50,1,,,0.0,false,14.8,237.07488392030706,false
1,18,12:15,69,01:00,51,1,,,0.0,false,14.8,237.5364952088677,false
1,18,12:15,70,01:15,52,1,,,0.0,false,14.8,237.99810649742835,false
1,18,12:15,71,01:30,53,1,,,0.0,false,14.8,238.459717785989,false
1,18,12:15,72,01:45,54,1,,,0.0,false,14.8,238.92132907454965,false
1,18,12:15,73,02:00,55,1,,,0.0,false,14.8,239.3829403631103,false
1,18,12:15,74,02:15,56,1,,,0.0,false,14.8,239.84455165167094,false
1,18,12:15,75,02:30,57,1,,,0.0,false,14.8,240.3061629402316,false
1,18,12:15,76,02:45,58,1,,,0.0,false,14.8,240.76777422879223,false
1,18,12:15,77,03:00,59,1,,,0.0,false,14.8,241.22938551735288,false
1,18,12:15,78,03:15,60,1,,,0.0,false,14.8,241.69099680591353,false
1,18,12:15,79,03:30,61,1,,,0.0,false,14.8,242.15260809447418,false
1,18,12:15,80,03:45,62,1,,,0.0,false,14.8,242.61421938303482,false
1,18,12:15,81,04:00,63,1,,,0.0,false,14.8,243.07583067159547,false
1,18,12:15,82,04:15,64,1,,,0.0,false,14.8,243.53744196015612,false
1,18,12:15,83,04:30,65,1,,,0.0,false,14.8,243.99905324871676,false
1,18,12:15,84,04:45,66,1,,,0.0,false,14.8,244.4606645372774,false
1,18,12:15,85,05:00,67,1,,,0.0,false,14.8,244.92227582583806,false
1,18,12:15,86,05:15,68,1,,,0.0,false,14.8,245.3838871143987,false
1,18,12:15,87,05:30,69,1,,,0.0,false,14.8,245.84549840295935,false
1,18,12:15,88,05:45,70,1,,,0.0,false,14.8,246.30710969152,false
1,18,12:15,89,06:00,71,1,,,0.0,false,14.8,246.76872098008064,false
1,18,12:15,90,06:15,72,1,,,0.0,false,14.8,247.2303322686413,false
1,18,12:15,91,06:30,73,1,,,0.0,false,14.8,247.69194355720194,false
1,18,12:15,92,06:45,74,1,,,0.0,false,14.8,248.15355484576259,false
1,18,12:15,93,07:00,75,1,,,0.0,false,14.8,248.61516613432323,false
1,18,12:15,94,07:15,76,1,,,0.0,false,14.8,249.07677742289135,false
1,18,12:15,95,07:30,77,1,,,0.0,false,14.8,249.538388711452,false
1,18,12:15,96,07:45,78,1,,,0.0,false,14.8,250.0,false
1,19,12:30,19,12:30,0,1,,,0.0,false,11.53707576168921,238.38134130348504,false
1,19,12:30,20,12:45,1,1,,,0.0,false,11.53707576168921,238.84100867408165,false
1,19,12:30,21,13:00,2,1,,,0.0,false,11.53707576168921,239.30067604467826,false
1,19,12:30,22,13:15,3,1,,,0.0,false,11.53707576168921,239.76034341527483,false
1,19,12:30,23,13:30,4,1,,,0.0,false,11.537075761689152,240.22001078587144,false
1,19,12:30,24,13:45,5,1,,,0.0,false,11.537075761689152,240.67967815646804,false
1,19,12:30,25,14:00,6,1,,Digging,4.792500000000004,false,10.338950761689151,241.13934552706465,false
1,19,12:30,26,14:15,7,1,,Digging,4.7925000000000395,false,9.140825761689142,241.59901289766125,false
1,19,12:30,27,14:30,8,1,,Traveling,4.710100000000168,false,7.9633007616891,242.05868026825783,false
1,19,12:30,28,14:45,9,1,,Digging,4.792500000000214,false,6.765175761689046,242.51834763885444,false
1,19,12:30,29,15:00,10,1,,Idle,-2.4868995751603507e-13,false,6.765175761689108,242.97801500945104,false
1,19,12:30,30,15:15,11,1,,Loading/Swinging,3.158599999999975,false,5.975525761689115,243.43768238004765,false
1,19,12:30,31,15:30,12,1,,Loading/Swinging,3.1586000000000265,false,5.185875761689108,243.89734975064425,false
1,19,12:30,32,15:45,13,1,,Loading/Swinging,3.158599999999897,false,4.396225761689133,244.35701712124086,false
1,19,12:30,33,16:00,14,1,,Traveling,4.710100000000001,false,3.218700761689133,244.35701712124086,false
1,19,12:30,34,16:15,15,1,,Charging,1.3855583347321954e-13,true,5.118700761689098,242.25175396334612,false
1,19,12:30,35,16:30,16,1,,Loading/Swinging,3.1586,false,4.329050761689098,242.25175396334612,false
1,19,12:30,36,16:45,17,1,,Loading/Swinging,3.1586000000000602,false,3.539400761689083,242.25175396334612,false
1,19,12:30,37,17:00,18,1,,Charging,0.0,true,5.4394007616890825,240.14649080545138,false
1,19,12:30,38,17:15,19,1,,Charging,0.0,true,7.339400761689083,238.04122764755664,false
1,19,12:30,39,17:30,20,1,,Charging,0.0,true,9.239400761689087,235.9359644896619,false
1,19,12:30,40,17:45,21,1,,Charging,0.0,true,11.139400761689087,233.83070133176716,false
1,19,12:30,41,18:00,22,1,,Charging,0.0,true,12.9,231.87989885164427,false
1,19,12:30,42,18:15,23,1,,Charging,0.0,true,14.799999999999962,229.7746356937496,false
1,19,12:30,43,18:30,24,1,,,0.0,false,14.8,229.7746356937496,false
1,19,12:30,44,18:45,25,1,,,0.0,false,14.8,229.77463569374953,false
1,19,12:30,45,19:00,26,1,,,0.0,false,14.8,229.77463569374953,false
1,19,12:30,46,19:15,27,1,,,0.0,false,14.8,229.77463569374953,false
1,19,12:30,47,19:30,28,1,,,0.0,false,14.8,229.77463569374953,false
1,19,12:30,48,19:45,29,1,,,0.0,false,14.8,229.77463569374953,false
1,19,12:30,49,20:00,30,1,,,0.0,false,14.8,229.77463569374953,false
1,19,12:30,50,20:15,31,1,,,0.0,false,14.8,229.77463569374953,false
1,19,12:30,51,20:30,32,1,,,0.0,false,14.8,229.77463569374953,false
1,19,12:30,52,20:45,33,1,,,0.0,false,14.8,229.77463569374953,false
1,19,12:30,53,21:00,34,1,,,0.0,false,14.8,230.23430306434614,false
1,19,12:30,54,21:15,35,1,,,0.0,false,14.8,230.69397043494274,false
1,19,12:30,55,21:30,36,1,,,0.0,false,14.8,231.15363780553935,false
1,19,12:30,56,21:45,37,1,,,0.0,false,14.8,231.61330517613592,false
1,19,12:30,57,22:00,38,1,,,0.0,false,14.8,232.07297254673253,false
1,19,12:30,58,22:15,39,1,,,0.0,false,14.8,232.53263991732913,false
1,19,12:30,59,22:30,40,1,,,0.0,false,14.8,232.99230728792574,false
1,19,12:30,60,22:45,41,1,,,0.0,false,14.8,233.45197465852235,false
1,19,12:30,61,23:00,42,1,,,0.0,false,14.8,233.91164202911892,false
1,19,12:30,62,23:15,43,1,,,0.0,false,14.8,234.37130939971553,false
1,19,12:30,63,23:30,44,1,,,0.0,false,14.8,234.83097677031213,false
1,19,12:30,64,23:45,45,1,,,0.0,false,14.8,235.29064414090874,false
1,19,12:30,65,00:00,46,1,,,0.0,false,14.8,235.75031151150534,false
1,19,12:30,66,00:15,47,1,,,0.0,false,14.8,236.20997888210195,false
1,19,12:30,67,00:30,48,1,,,0.0,false,14.8,236.66964625269856,false
1,19,12:30,68,00:45,49,1,,,0.0,false,14.8,237.12931362329516,false
1,19,12:30,69,01:00,50,1,,,0.0,false,14.8,237.58898099389177,false
1,19,12:30,70,01:15,51,1,,,0.0,false,14.8,238.04864836448834,false
1,19,12:30,71,01:30,52,1,,,0.0,false,14.8,238.50831573508495,false
1,19,12:30,72,01:45,53,1,,,0.0,false,14.8,238.96798310568155,false
1,19,12:30,73,02:00,54,1,,,0.0,false,14.8,239.42765047627816,false
1,19,12:30,74,02:15,55,1,,,0.0,false,14.8,239.8873178468747,false
1,19,12:30,75,02:30,56,1,,,0.0,false,14.8,240.3469852174713,false
1,19,12:30,76,02:45,57,1,,,0.0,false,14.8,240.80665258806792,false
1,19,12:30,77,03:00,58,1,,,0.0,false,14.8,241.26631995866452,false
1,19,12:30,78,03:15,59,1,,,0.0,false,14.8,241.72598732926113,false
1,19,12:30,79,03:30,60,1,,,0.0,false,14.8,242.18565469985774,false
1,19,12:30,80,03:45,61,1,,,0.0,false,14.8,242.64532207045434,false
1,19,12:30,81,04:00,62,1,,,0.0,false,14.8,243.10498944105095,false
1,19,12:30,82,04:15,63,1,,,0.0,false,14.8,243.56465681164755,false
1,19,12:30,83,04:30,64,1,,,0.0,false,14.8,244.0243241822441,false
1,19,12:30,84,04:45,65,1,,,0.0,false,14.8,244.4839915528407,false
1,19,12:30,85,05:00,66,1,,,0.0,false,14.8,244.9436589234373,false
1,19,12:30,86,05:15,67,1,,,0.0,false,14.8,245.40332629403392,false
1,19,12:30,87,05:30,68,1,,,0.0,false,14.8,245.86299366463052,false
1,19,12:30,88,05:45,69,1,,,0.0,false,14.8,246.32266103522713,false
1,19,12:30,89,06:00,70,1,,,0.0,false,14.8,246.78232840582373,false
1,19,12:30,90,06:15,71,1,,,0.0,false,14.8,247.24199577642034,false
1,19,12:30,91,06:30,72,1,,,0.0,false,14.8,247.70166314701694,false
1,19,12:30,92,06:45,73,1,,,0.0,false,14.8,248.16133051761355,false
1,19,12:30,93,07:00,74,1,,,0.0,false,14.8,248.62099788821016,false
1,19,12:30,94,07:15,75,1,,,0.0,false,14.8,249.08066525880676,false
1,19,12:30,95,07:30,76,1,,,0.0,false,14.8,249.54033262940337,false
1,19,12:30,96,07:45,77,1,,,0.0,false,14.8,250.0,false
1,20,12:45,20,12:45,0,1,,,0.0,false,11.53707576168921,238.84100867408165,false
1,20,12:45,21,13:00,1,1,,,0.0,false,11.53707576168921,239.30067604467823,false
1,20,12:45,22,13:15,2,1,,,0.0,false,11.53707576168921,239.76034341527483,false
1,20,12:45,23,13:30,3,1,,,0.0,false,11.53707576168921,240.22001078587144,false
1,20,12:45,24,13:45,4,1,,,0.0,false,11.53707576168921,240.67967815646801,false
1,20,12:45,25,14:00,5,1,,Loading/Swinging,3.1586,false,10.74742576168921,241.13934552706462,true
1,20,12:45,26,14:15,6,1,,Loading/Swinging,3.1586,false,9.95777576168921,241.59901289766123,true
1,20,12:45,27,14:30,7,1,,Traveling,4.710099999999997,false,8.78025076168921,242.05868026825783,false
1,20,12:45,28,14:45,8,1,,Digging,4.7925,false,7.58212576168921,242.51834763885444,false
1,20,12:45,29,15:00,9,1,,Idle,7.105427357601002e-15,false,7.582125761689208,242.978015009451,false
1,20,12:45,30,15:15,10,1,,Loading/Swinging,3.1586,false,6.792475761689208,243.43768238004762,false
1,20,12:45,31,15:30,11,1,,Digging,4.7925,false,5.594350761689208,243.89734975064422,true
1,20,12:45,32,15:45,12,1,,Digging,4.7925,false,4.396225761689208,244.35701712124083,true
1,20,12:45,33,16:00,13,1,,Traveling,4.710100000000001,false,3.218700761689208,244.35701712124083,false
1,20,12:45,34,16:15,14,1,,Charging,-1.7763568394002505e-15,true,5.118700761689208,242.2517539633461,false
1,20,12:45,35,16:30,15,1,,Loading/Swinging,3.1586,false,4.329050761689208,242.2517539633461,false
1,20,12:45,36,16:45,16,1,,Loading/Swinging,3.1586,false,3.5394007616892083,242.2517539633461,false
1,20,12:45,37,17:00,17,1,,Charging,0.0,true,5.439400761689207,240.14649080545135,false
1,20,12:45,38,17:15,18,1,,Charging,0.0,true,7.339400761689207,238.0412276475566,false
1,20,12:45,39,17:30,19,1,,Charging,0.0,true,9.239400761689208,235.93596448966187,false
1,20,12:45,40,17:45,20,1,,Charging,0.0,true,11.139400761689208,233.83070133176713,false
1,20,12:45,41,18:00,21,1,,Charging,0.0,true,13.039400761689208,231.7254381738724,false
1,20,12:45,42,18:15,22,1,,Charging,0.0,true,14.8,229.77463569374964,false
1,20,12:45,43,18:30,23,1,,,0.0,false,14.8,229.77463569374964,false
1,20,12:45,44,18:45,24,1,,,0.0,false,14.8,229.77463569374964,false
1,20,12:45,45,19:00,25,1,,,0.0,false,14.8,229.77463569374964,false
1,20,12:45,46,19:15,26,1,,,0.0,false,14.8,229.77463569374964,false
1,20,12:45,47,19:30,27,1,,,0.0,false,14.8,229.77463569374964,false
1,20,12:45,48,19:45,28,1,,,0.0,false,14.8,229.77463569374964,false
1,20,12:45,49,20:00,29,1,,,0.0,false,14.8,229.77463569374964,false
1,20,12:45,50,20:15,30,1,,,0.0,false,14.8,229.77463569374964,false
1,20,12:45,51,20:30,31,1,,,0.0,false,14.8,229.77463569374973,false
1,20,12:45,52,20:45,32,1,,,0.0,false,14.8,229.77463569374973,false
1,20,12:45,53,21:00,33,1,,,0.0,false,14.8,230.23430306434634,false
1,20,12:45,54,21:15,34,1,,,0.0,false,14.8,230.6939704349429,false
1,20,12:45,55,21:30,35,1,,,0.0,false,14.8,231.15363780553952,false
1,20,12:45,56,21:45,36,1,,,0.0,false,14.8,231.6133051761361,false
1,20,12:45,57,22:00,37,1,,,0.0,false,14.8,232.0729725467327,false
1,20,12:45,58,22:15,38,1,,,0.0,false,14.8,232.53263991732928,false
1,20,12:45,59,22:30,39,1,,,0.0,false,14.8,232.99230728792588,false
1,20,12:45,60,22:45,40,1,,,0.0,false,14.8,233.45197465852252,false
1,20,12:45,61,23:00,41,1,,,0.0,false,14.8,233.91164202911912,false
1,20,12:45,62,23:15,42,1,,,0.0,false,14.8,234.37130939971573,false
1,20,12:45,63,23:30,43,1,,,0.0,false,14.8,234.8309767703123,false
1,20,12:45,64,23:45,44,1,,,0.0,false,14.8,235.2906441409089,false
1,20,12:45,65,00:00,45,1,,,0.0,false,14.8,235.7503115115055,false
1,20,12:45,66,00:15,46,1,,,0.0,false,14.8,236.2099788821021,false
1,20,12:45,67,00:30,47,1,,,0.0,false,14.8,236.66964625269867,false
1,20,12:45,68,00:45,48,1,,,0.0,false,14.8,237.12931362329527,false
1,20,12:45,69,01:00,49,1,,,0.0,false,14.8,237.5889809938919,false
1,20,12:45,70,01:15,50,1,,,0.0,false,14.8,238.0486483644885,false
1,20,12:45,71,01:30,51,1,,,0.0,false,14.8,238.50831573508512,false
1,20,12:45,72,01:45,52,1,,,0.0,false,14.8,238.9679831056817,false
1,20,12:45,73,02:00,53,1,,,0.0,false,14.8,239.4276504762783,false
1,20,12:45,74,02:15,54,1,,,0.0,false,14.8,239.88731784687488,false
1,20,12:45,75,02:30,55,1,,,0.0,false,14.8,240.34698521747148,false
1,20,12:45,76,02:45,56,1,,,0.0,false,14.8,240.80665258806806,false
1,20,12:45,77,03:00,57,1,,,0.0,false,14.8,241.26631995866467,false
1,20,12:45,78,03:15,58,1,,,0.0,false,14.8,241.7259873292613,false
1,20,12:45,79,03:30,59,1,,,0.0,false,14.8,242.1856546998579,false
1,20,12:45,80,03:45,60,1,,,0.0,false,14.8,242.6453220704545,false
1,20,12:45,81,04:00,61,1,,,0.0,false,14.8,243.1049894410511,false
1,20,12:45,82,04:15,62,1,,,0.0,false,14.8,243.5646568116477,false
1,20,12:45,83,04:30,63,1,,,0.0,false,14.8,244.02432418224427,false
1,20,12:45,84,04:45,64,1,,,0.0,false,14.8,244.48399155284088,false
1,20,12:45,85,05:00,65,1,,,0.0,false,14.8,244.94365892343745,false
1,20,12:45,86,05:15,66,1,,,0.0,false,14.8,245.40332629403406,false
1,20,12:45,87,05:30,67,1,,,0.0,false,14.8,245.86299366463064,false
1,20,12:45,88,05:45,68,1,,,0.0,false,14.8,246.32266103522724,false
1,20,12:45,89,06:00,69,1,,,0.0,false,14.8,246.78232840582385,false
1,20,12:45,90,06:15,70,1,,,0.0,false,14.8,247.24199577642042,false
1,20,12:45,91,06:30,71,1,,,0.0,false,14.8,247.70166314701703,false
1,20,12:45,92,06:45,72,1,,,0.0,false,14.8,248.16133051761364,false
1,20,12:45,93,07:00,73,1,,,0.0,false,14.8,248.62099788821024,false
1,20,12:45,94,07:15,74,1,,,0.0,false,14.8,249.08066525880682,false
1,20,12:45,95,07:30,75,1,,,0.0,false,14.8,249.54033262940342,false
1,20,12:45,96,07:45,76,1,,,0.0,false,14.8,250.0,false
1,21,13:00,21,13:00,0,1,,,0.0,false,11.53707576168921,239.30067604467826,false
1,21,13:00,22,13:15,1,1,,,0.0,false,11.53707576168921,239.76034341527486,false
1,21,13:00,23,13:30,2,1,,,0.0,false,11.53707576168921,240.22001078587147,false
1,21,13:00,24,13:45,3,1,,,0.0,false,11.53707576168921,240.67967815646807,false
1,21,13:00,25,14:00,4,1,,Digging,4.792500000000007,false,10.338950761689208,241.13934552706468,true
1,21,13:00,26,14:15,5,1,,Digging,4.7924999999999685,false,9.140825761689216,241.59901289766128,true
1,21,13:00,27,14:30,6,1,,Traveling,4.7101,false,7.963300761689217,242.0586802682579,false
1,21,13:00,28,14:45,7,1,,Digging,4.79250000000005,false,6.765175761689204,242.5183476388545,false
1,21,13:00,29,15:00,8,1,,Idle,0.0,false,6.765175761689204,242.9780150094511,false
1,21,13:00,30,15:15,9,1,,Loading/Swinging,3.1586,false,5.975525761689204,243.4376823800477,false
1,21,13:00,31,15:30,10,1,,Loading/Swinging,3.1586,false,5.185875761689206,243.8973497506443,true
1,21,13:00,32,15:45,11,1,,Loading/Swinging,3.1586000000000056,false,4.396225761689205,244.35701712124092,true
1,21,13:00,33,16:00,12,1,,Traveling,4.7100999999999615,false,3.218700761689215,244.35701712124092,false
1,21,13:00,34,16:15,13,1,,Charging,0.0,true,5.118700761689214,242.25175396334618,false
1,21,13:00,35,16:30,14,1,,Loading/Swinging,3.158600000000071,false,4.329050761689197,242.25175396334618,false
1,21,13:00,36,16:45,15,1,,Loading/Swinging,3.1586,false,3.5394007616891967,242.25175396334618,false
1,21,13:00,37,17:00,16,1,,Charging,0.0,true,5.300000000000107,240.3009514832233,false
1,21,13:00,38,17:15,17,1,,Charging,0.0,true,7.200000000000107,238.19568832532855,false
1,21,13:00,39,17:30,18,1,,Charging,0.0,true,9.100000000000106,236.0904251674338,false
1,21,13:00,40,17:45,19,1,,Charging,0.0,true,10.999999999999982,233.9851620095392,false
1,21,13:00,41,18:00,20,1,,Charging,0.0,true,12.899999999999983,231.87989885164447,false
1,21,13:00,42,18:15,21,1,,Charging,0.0,true,14.799999999999986,229.77463569374973,false
1,21,13:00,43,18:30,22,1,,,0.0,false,14.799999999999986,229.77463569374973,false
1,21,13:00,44,18:45,23,1,,,0.0,false,14.799999999999986,229.77463569374973,false
1,21,13:00,45,19:00,24,1,,,0.0,false,14.799999999999994,229.77463569374973,false
1,21,13:00,46,19:15,25,1,,,0.0,false,14.799999999999994,229.77463569374973,false
1,21,13:00,47,19:30,26,1,,,0.0,false,14.799999999999994,229.77463569374973,false
1,21,13:00,48,19:45,27,1,,,0.0,false,14.799999999999994,229.77463569374973,false
1,21,13:00,49,20:00,28,1,,,0.0,false,14.799999999999994,229.77463569374973,false
1,21,13:00,50,20:15,29,1,,,0.0,false,14.799999999999994,229.77463569374973,false
1,21,13:00,51,20:30,30,1,,,0.0,false,14.799999999999994,229.77463569374973,false
1,21,13:00,52,20:45,31,1,,,0.0,false,14.799999999999994,229.77463569374973,false
1,21,13:00,53,21:00,32,1,,,0.0,false,14.799999999999994,230.23430306434634,false
1,21,13:00,54,21:15,33,1,,,0.0,false,14.799999999999994,230.69397043494294,false
1,21,13:00,55,21:30,34,1,,,0.0,false,14.799999999999994,231.15363780553955,false
1,21,13:00,56,21:45,35,1,,,0.0,false,14.799999999999994,231.61330517613615,false
1,21,13:00,57,22:00,36,1,,,0.0,false,14.799999999999994,232.07297254673276,false
1,21,13:00,58,22:15,37,1,,,0.0,false,14.799999999999994,232.53263991732936,false
1,21,13:00,59,22:30,38,1,,,0.0,false,14.799999999999994,232.99230728792597,false
1,21,13:00,60,22:45,39,1,,,0.0,false,14.799999999999994,233.45197465852257,false
1,21,13:00,61,23:00,40,1,,,0.0,false,14.799999999999994,233.91164202911918,false
1,21,13:00,62,23:15,41,1,,,0.0,false,14.799999999999994,234.37130939971578,false
1,21,13:00,63,23:30,42,1,,,0.0,false,14.799999999999994,234.8309767703124,false
1,21,13:00,64,23:45,43,1,,,0.0,false,14.799999999999994,235.290644140909,false
1,21,13:00,65,00:00,44,1,,,0.0,false,14.799999999999994,235.7503115115056,false
1,21,13:00,66,00:15,45,1,,,0.0,false,14.799999999999994,236.2099788821022,false
1,21,13:00,67,00:30,46,1,,,0.0,false,14.799999999999994,236.6696462526988,false
1,21,13:00,68,00:45,47,1,,,0.0,false,14.799999999999994,237.12931362329542,false
1,21,13:00,69,01:00,48,1,,,0.0,false,14.799999999999994,237.58898099389202,false
1,21,13:00,70,01:15,49,1,,,0.0,false,14.799999999999994,238.04864836448863,false
1,21,13:00,71,01:30,50,1,,,0.0,false,14.799999999999994,238.50831573508523,false
1,21,13:00,72,01:45,51,1,,,0.0,false,14.799999999999994,238.96798310568184,false
1,21,13:00,73,02:00,52,1,,,0.0,false,14.799999999999994,239.42765047627844,false
1,21,13:00,74,02:15,53,1,,,0.0,false,14.799999999999994,239.88731784687505,false
1,21,13:00,75,02:30,54,1,,,0.0,false,14.799999999999994,240.34698521747166,false
1,21,13:00,76,02:45,55,1,,,0.0,false,14.799999999999994,240.80665258806826,false
1,21,13:00,77,03:00,56,1,,,0.0,false,14.799999999999994,241.26631995866487,false
1,21,13:00,78,03:15,57,1,,,0.0,false,14.799999999999994,241.72598732926147,false
1,21,13:00,79,03:30,58,1,,,0.0,false,14.799999999999994,242.18565469985808,false
1,21,13:00,80,03:45,59,1,,,0.0,false,14.799999999999994,242.64532207045468,false
1,21,13:00,81,04:00,60,1,,,0.0,false,14.799999999999994,243.1049894410513,false
1,21,13:00,82,04:15,61,1,,,0.0,false,14.799999999999994,243.5646568116479,false
1,21,13:00,83,04:30,62,1,,,0.0,false,14.799999999999994,244.0243241822445,false
1,21,13:00,84,04:45,63,1,,,0.0,false,14.799999999999994,244.4839915528411,false
1,21,13:00,85,05:00,64,1,,,0.0,false,14.799999999999994,244.9436589234377,false
1,21,13:00,86,05:15,65,1,,,0.0,false,14.799999999999994,245.40332629403431,false
1,21,13:00,87,05:30,66,1,,,0.0,false,14.799999999999994,245.86299366463092,false
1,21,13:00,88,05:45,67,1,,,0.0,false,14.799999999999994,246.32266103522753,false
1,21,13:00,89,06:00,68,1,,,0.0,false,14.799999999999994,246.78232840582413,false
1,21,13:00,90,06:15,69,1,,,0.0,false,14.799999999999994,247.24199577642074,false
1,21,13:00,91,06:30,70,1,,,0.0,false,14.8,247.70166314701697,false
1,21,13:00,92,06:45,71,1,,,0.0,false,14.8,248.16133051761358,false
1,21,13:00,93,07:00,72,1,,,0.0,false,14.8,248.62099788821018,false
1,21,13:00,94,07:15,73,1,,,0.0,false,14.8,249.0806652588068,false
1,21,13:00,95,07:30,74,1,,,0.0,false,14.8,249.5403326294034,false
1,21,13:00,96,07:45,75,1,,,0.0,false,14.8,250.0,false
1,22,13:15,22,13:15,0,1,,,0.0,false,11.53707576168921,239.76034341527486,false
1,22,13:15,23,13:30,1,1,,,0.0,false,11.53707576168921,240.22001078587144,false
1,22,13:15,24,13:45,2,1,,,0.0,false,11.53707576168921,240.67967815646804,false
1,22,13:15,25,14:00,3,1,,Digging,4.792500000000004,false,10.338950761689208,241.13934552706465,false
1,22,13:15,26,14:15,4,1,,Loading/Swinging,3.1585999999999927,false,9.54930076168921,241.59901289766125,true
1,22,13:15,27,14:30,5,1,,Traveling,4.710100000000004,false,8.371775761689209,242.05868026825786,false
1,22,13:15,28,14:45,6,1,,Loading/Swinging,3.1586,false,7.582125761689209,242.51834763885446,true
1,22,13:15,29,15:00,7,1,,Idle,0.0,false,7.582125761689209,242.9780150094511,false
1,22,13:15,30,15:15,8,1,,Digging,4.7925,false,6.384000761689209,243.4376823800477,true
1,22,13:15,31,15:30,9,1,,Loading/Swinging,3.1586,false,5.594350761689209,243.8973497506443,false
1,22,13:15,32,15:45,10,1,,Digging,4.7925,false,4.396225761689209,244.35701712124092,true
1,22,13:15,33,16:00,11,1,,Traveling,4.710099999999999,false,3.218700761689209,244.35701712124092,false
1,22,13:15,34,16:15,12,1,,Charging,0.0,true,4.5393,242.89374926715695,false
1,22,13:15,35,16:30,13,1,,Loading/Swinging,3.1586,false,3.74965,242.89374926715695,false
1,22,13:15,36,16:45,14,1,,Loading/Swinging,3.1586,false,2.96,242.89374926715695,false
1,22,13:15,37,17:00,15,1,,Charging,0.0,true,3.400000000000001,242.40621464111817,false
1,22,13:15,38,17:15,16,1,,Charging,0.0,true,5.300000000000001,240.30095148322343,false
1,22,13:15,39,17:30,17,1,,,0.0,false,5.299999999999999,240.30095148322343,true
1,22,13:15,40,17:45,18,1,,Charging,0.0,true,7.199999999999999,238.1956883253287,false
1,22,13:15,41,18:00,19,1,,Charging,0.0,true,9.1,236.09042516743395,false
1,22,13:15,42,18:15,20,1,,Charging,0.0,true,10.999999999999998,233.9851620095392,false
1,22,13:15,43,18:30,21,1,,Charging,0.0,true,12.899999999999999,231.87989885164447,true
1,22,13:15,44,18:45,22,1,,,0.0,false,12.9,231.87989885164447,false
1,22,13:15,45,19:00,23,1,,Charging,0.0,true,14.8,229.77463569374973,true
1,22,13:15,46,19:15,24,1,,,0.0,false,14.8,229.77463569374973,false
1,22,13:15,47,19:30,25,1,,,0.0,false,14.8,229.77463569374973,false
1,22,13:15,48,19:45,26,1,,,0.0,false,14.8,229.77463569374973,false
1,22,13:15,49,20:00,27,1,,,0.0,false,14.8,229.77463569374973,false
1,22,13:15,50,20:15,28,1,,,0.0,false,14.8,229.77463569374973,false
1,22,13:15,51,20:30,29,1,,,0.0,false,14.8,229.77463569374973,false
1,22,13:15,52,20:45,30,1,,,0.0,false,14.8,229.77463569374973,false
1,22,13:15,53,21:00,31,1,,,0.0,false,14.8,230.23430306434634,false
1,22,13:15,54,21:15,32,1,,,0.0,false,14.8,230.69397043494294,false
1,22,13:15,55,21:30,33,1,,,0.0,false,14.8,231.15363780553955,false
1,22,13:15,56,21:45,34,1,,,0.0,false,14.8,231.61330517613615,false
1,22,13:15,57,22:00,35,1,,,0.0,false,14.8,232.07297254673276,false
1,22,13:15,58,22:15,36,1,,,0.0,false,14.8,232.53263991732936,false
1,22,13:15,59,22:30,37,1,,,0.0,false,14.8,232.99230728792594,false
1,22,13:15,60,22:45,38,1,,,0.0,false,14.8,233.45197465852254,false
1,22,13:15,61,23:00,39,1,,,0.0,false,14.8,233.91164202911915,false
1,22,13:15,62,23:15,40,1,,,0.0,false,14.8,234.37130939971576,false
1,22,13:15,63,23:30,41,1,,,0.0,false,14.8,234.83097677031236,false
1,22,13:15,64,23:45,42,1,,,0.0,false,14.8,235.29064414090874,false
1,22,13:15,65,00:00,43,1,,,0.0,false,14.8,235.75031151150534,false
1,22,13:15,66,00:15,44,1,,,0.0,false,14.8,236.20997888210195,false
1,22,13:15,67,00:30,45,1,,,0.0,false,14.8,236.66964625269856,false
1,22,13:15,68,00:45,46,1,,,0.0,false,14.8,237.12931362329516,false
1,22,13:15,69,01:00,47,1,,,0.0,false,14.8,237.58898099389177,false
1,22,13:15,70,01:15,48,1,,,0.0,false,14.8,238.04864836448837,false
1,22,13:15,71,01:30,49,1,,,0.0,false,14.8,238.50831573508498,false
1,22,13:15,72,01:45,50,1,,,0.0,false,14.8,238.96798310568155,false
1,22,13:15,73,02:00,51,1,,,0.0,false,14.8,239.42765047627816,false
1,22,13:15,74,02:15,52,1,,,0.0,false,14.8,239.88731784687477,false
1,22,13:15,75,02:30,53,1,,,0.0,false,14.8,240.34698521747137,false
1,22,13:15,76,02:45,54,1,,,0.0,false,14.8,240.80665258806798,false
1,22,13:15,77,03:00,55,1,,,0.0,false,14.8,241.26631995866452,false
1,22,13:15,78,03:15,56,1,,,0.0,false,14.8,241.72598732926113,false
1,22,13:15,79,03:30,57,1,,,0.0,false,14.8,242.18565469985774,false
1,22,13:15,80,03:45,58,1,,,0.0,false,14.8,242.64532207045434,false
1,22,13:15,81,04:00,59,1,,,0.0,false,14.8,243.1049894410509,false
1,22,13:15,82,04:15,60,1,,,0.0,false,14.8,243.5646568116475,false
1,22,13:15,83,04:30,61,1,,,0.0,false,14.8,244.0243241822441,false
1,22,13:15,84,04:45,62,1,,,0.0,false,14.8,244.4839915528407,false
1,22,13:15,85,05:00,63,1,,,0.0,false,14.8,244.9436589234373,false
1,22,13:15,86,05:15,64,1,,,0.0,false,14.8,245.40332629403392,false
1,22,13:15,87,05:30,65,1,,,0.0,false,14.8,245.86299366463052,false
1,22,13:15,88,05:45,66,1,,,0.0,false,14.8,246.32266103522713,false
1,22,13:15,89,06:00,67,1,,,0.0,false,14.8,246.78232840582373,false
1,22,13:15,90,06:15,68,1,,,0.0,false,14.8,247.24199577642034,false
1,22,13:15,91,06:30,69,1,,,0.0,false,14.8,247.70166314701694,false
1,22,13:15,92,06:45,70,1,,,0.0,false,14.8,248.16133051761355,false
1,22,13:15,93,07:00,71,1,,,0.0,false,14.8,248.62099788821016,false
1,22,13:15,94,07:15,72,1,,,0.0,false,14.8,249.08066525880676,false
1,22,13:15,95,07:30,73,1,,,0.0,false,14.8,249.54033262940337,false
1,22,13:15,96,07:45,74,1,,,0.0,false,14.8,250.0,false
1,23,13:30,23,13:30,0,1,,,0.0,false,11.53707576168921,240.22001078587147,false
1,23,13:30,24,13:45,1,1,,,0.0,false,11.53707576168921,240.67967815646804,false
1,23,13:30,25,14:00,2,1,,Digging,4.7925,false,10.338950761689208,241.13934552706465,false
1,23,13:30,26,14:15,3,1,,Digging,4.792499999999997,false,9.140825761689209,241.5990128976613,true
1,23,13:30,27,14:30,4,1,,Traveling,4.7101,false,7.963300761689209,242.05868026825792,false
1,23,13:30,28,14:45,5,1,,Loading/Swinging,3.1586,false,7.173650761689209,242.51834763885452,false
1,23,13:30,29,15:00,6,1,,Idle,0.0,false,7.173650761689209,242.97801500945113,false
1,23,13:30,30,15:15,7,1,,Digging,4.7925,false,5.975525761689209,243.4376823800477,false
1,23,13:30,31,15:30,8,1,,Loading/Swinging,3.1586,false,5.185875761689209,243.8973497506443,false
1,23,13:30,32,15:45,9,1,,Loading/Swinging,3.1586,false,4.396225761689209,244.35701712124092,true
1,23,13:30,33,16:00,10,1,,Traveling,4.710100000000001,false,3.2187007616892087,244.35701712124092,false
1,23,13:30,34,16:15,11,1,,Charging,0.0,true,4.979300000000001,242.40621464111814,false
1,23,13:30,35,16:30,12,1,,Loading/Swinging,3.1586,false,4.189650000000001,242.40621464111814,false
1,23,13:30,36,16:45,13,1,,Loading/Swinging,3.1586,false,3.4000000000000012,242.40621464111814,false
1,23,13:30,37,17:00,14,1,,Charging,0.0,true,5.300000000000001,240.3009514832234,false
1,23,13:30,38,17:15,15,1,,Charging,0.0,true,7.200000000000001,238.19568832532866,false
1,23,13:30,39,17:30,16,1,,Charging,0.0,true,9.100000000000001,236.09042516743392,true
1,23,13:30,40,17:45,17,1,,Charging,0.0,true,11.0,233.98516200953918,false
1,23,13:30,41,18:00,18,1,,Charging,0.0,true,12.9,231.87989885164444,false
1,23,13:30,42,18:15,19,1,,Charging,0.0,true,14.8,229.7746356937497,false
1,23,13:30,43,18:30,20,1,,,0.0,false,14.8,229.7746356937497,true
1,23,13:30,44,18:45,21,1,,,0.0,false,14.8,229.7746356937497,false
1,23,13:30,45,19:00,22,1,,,0.0,false,14.8,229.7746356937497,true
1,23,13:30,46,19:15,23,1,,,0.0,false,14.8,229.7746356937497,false
1,23,13:30,47,19:30,24,1,,,0.0,false,14.8,229.7746356937497,false
1,23,13:30,48,19:45,25,1,,,0.0,false,14.8,229.7746356937497,false
1,23,13:30,49,20:00,26,1,,,0.0,false,14.8,229.7746356937497,false
1,23,13:30,50,20:15,27,1,,,0.0,false,14.8,229.7746356937497,false
1,23,13:30,51,20:30,28,1,,,0.0,false,14.8,229.7746356937497,false
1,23,13:30,52,20:45,29,1,,,0.0,false,14.8,229.7746356937497,false
1,23,13:30,53,21:00,30,1,,,0.0,false,14.8,230.23430306434628,false
1,23,13:30,54,21:15,31,1,,,0.0,false,14.8,230.69397043494288,false
1,23,13:30,55,21:30,32,1,,,0.0,false,14.8,231.1536378055395,false
1,23,13:30,56,21:45,33,1,,,0.0,false,14.8,231.6133051761361,false
1,23,13:30,57,22:00,34,1,,,0.0,false,14.8,232.0729725467327,false
1,23,13:30,58,22:15,35,1,,,0.0,false,14.8,232.5326399173293,false
1,23,13:30,59,22:30,36,1,,,0.0,false,14.8,232.9923072879259,false
1,23,13:30,60,22:45,37,1,,,0.0,false,14.8,233.45197465852252,false
1,23,13:30,61,23:00,38,1,,,0.0,false,14.8,233.91164202911912,false
1,23,13:30,62,23:15,39,1,,,0.0,false,14.8,234.37130939971573,false
1,23,13:30,63,23:30,40,1,,,0.0,false,14.8,234.83097677031233,false
1,23,13:30,64,23:45,41,1,,,0.0,false,14.8,235.29064414090877,false
1,23,13:30,65,00:00,42,1,,,0.0,false,14.8,235.75031151150537,false
1,23,13:30,66,00:15,43,1,,,0.0,false,14.8,236.20997888210198,false
1,23,13:30,67,00:30,44,1,,,0.0,false,14.8,236.66964625269858,false
1,23,13:30,68,00:45,45,1,,,0.0,false,14.8,237.1293136232952,false
1,23,13:30,69,01:00,46,1,,,0.0,false,14.8,237.58898099389177,false
1,23,13:30,70,01:15,47,1,,,0.0,false,14.8,238.04864836448837,false
1,23,13:30,71,01:30,48,1,,,0.0,false,14.8,238.50831573508498,false
1,23,13:30,72,01:45,49,1,,,0.0,false,14.8,238.96798310568158,false
1,23,13:30,73,02:00,50,1,,,0.0,false,14.8,239.42765047627816,false
1,23,13:30,74,02:15,51,1,,,0.0,false,14.8,239.88731784687477,false
1,23,13:30,75,02:30,52,1,,,0.0,false,14.8,240.34698521747134,false
1,23,13:30,76,02:45,53,1,,,0.0,false,14.8,240.80665258806795,false
1,23,13:30,77,03:00,54,1,,,0.0,false,14.8,241.26631995866455,false
1,23,13:30,78,03:15,55,1,,,0.0,false,14.8,241.72598732926116,false
1,23,13:30,79,03:30,56,1,,,0.0,false,14.8,242.18565469985776,false
1,23,13:30,80,03:45,57,1,,,0.0,false,14.8,242.64532207045437,false
1,23,13:30,81,04:00,58,1,,,0.0,false,14.8,243.10498944105098,false
1,23,13:30,82,04:15,59,1,,,0.0,false,14.8,243.56465681164758,false
1,23,13:30,83,04:30,60,1,,,0.0,false,14.8,244.0243241822442,false
1,23,13:30,84,04:45,61,1,,,0.0,false,14.8,244.48399155284073,false
1,23,13:30,85,05:00,62,1,,,0.0,false,14.8,244.94365892343734,false
1,23,13:30,86,05:15,63,1,,,0.0,false,14.8,245.40332629403395,false
1,23,13:30,87,05:30,64,1,,,0.0,false,14.8,245.86299366463055,false
1,23,13:30,88,05:45,65,1,,,0.0,false,14.8,246.32266103522716,false
1,23,13:30,89,06:00,66,1,,,0.0,false,14.8,246.78232840582376,false
1,23,13:30,90,06:15,67,1,,,0.0,false,14.8,247.24199577642037,false
1,23,13:30,91,06:30,68,1,,,0.0,false,14.8,247.70166314701694,false
1,23,13:30,92,06:45,69,1,,,0.0,false,14.8,248.16133051761355,false
1,23,13:30,93,07:00,70,1,,,0.0,false,14.8,248.62099788821016,false
1,23,13:30,94,07:15,71,1,,,0.0,false,14.8,249.08066525880676,false
1,23,13:30,95,07:30,72,1,,,0.0,false,14.8,249.54033262940337,false
1,23,13:30,96,07:45,73,1,,,0.0,false,14.8,250.0,false
1,24,13:45,24,13:45,0,1,,,0.0,false,11.53707576168921,240.67967815646807,false
1,24,13:45,25,14:00,1,1,,Digging,4.7925000000008,false,10.33895076168901,241.13934552706465,false
1,24,13:45,26,14:15,2,1,,Digging,4.792500000000001,false,9.140825761689008,241.59901289766125,false
1,24,13:45,27,14:30,3,1,,Traveling,4.710100000000003,false,7.963300761689007,242.05868026825786,false
1,24,13:45,28,14:45,4,1,,Digging,4.792499999999994,false,6.765175761689009,242.51834763885446,true
1,24,13:45,29,15:00,5,1,,Idle,0.0,false,6.765175761689009,242.97801500945104,false
1,24,13:45,30,15:15,6,1,,Loading/Swinging,3.1586,false,5.975525761689009,243.43768238004765,true
1,24,13:45,31,15:30,7,1,,Loading/Swinging,3.1586,false,5.185875761689006,243.89734975064425,false
1,24,13:45,32,15:45,8,1,,Loading/Swinging,3.158599999999211,false,4.3962257616892035,244.35701712124086,false
1,24,13:45,33,16:00,9,1,,Traveling,4.710099999999998,false,3.2187007616892043,244.35701712124086,false
1,24,13:45,34,16:15,10,1,,Charging,0.0,true,5.118700761689205,242.25175396334612,false
1,24,13:45,35,16:30,11,1,,Loading/Swinging,3.158599999999994,false,4.329050761689207,242.25175396334612,false
1,24,13:45,36,16:45,12,1,,Loading/Swinging,3.1585999999999963,false,3.539400761689208,242.25175396334612,false
1,24,13:45,37,17:00,13,1,,Charging,0.0,true,5.439400761689208,240.14649080545138,false
1,24,13:45,38,17:15,14,1,,Charging,0.0,true,7.339400761689201,238.04122764755664,false
1,24,13:45,39,17:30,15,1,,Charging,0.0,true,9.239400761689206,235.9359644896619,false
1,24,13:45,40,17:45,16,1,,Charging,0.0,true,11.0,233.98516200953912,false
1,24,13:45,41,18:00,17,1,,Charging,0.0,true,12.899999999999999,231.87989885164438,false
1,24,13:45,42,18:15,18,1,,Charging,0.0,true,14.799999999999999,229.77463569374964,false
1,24,13:45,43,18:30,19,1,,,0.0,false,14.799999999999999,229.77463569374964,false
1,24,13:45,44,18:45,20,1,,,0.0,false,14.799999999999999,229.77463569374964,false
1,24,13:45,45,19:00,21,1,,,0.0,false,14.799999999999999,229.77463569374964,false
1,24,13:45,46,19:15,22,1,,,0.0,false,14.799999999999999,229.77463569374964,false
1,24,13:45,47,19:30,23,1,,,0.0,false,14.799999999999999,229.77463569374964,false
1,24,13:45,48,19:45,24,1,,,0.0,false,14.799999999999999,229.77463569374964,false
1,24,13:45,49,20:00,25,1,,,0.0,false,14.799999999999999,229.77463569374964,false
1,24,13:45,50,20:15,26,1,,,0.0,false,14.799999999999999,229.77463569374964,false
1,24,13:45,51,20:30,27,1,,,0.0,false,14.799999999999999,229.77463569374964,false
1,24,13:45,52,20:45,28,1,,,0.0,false,14.799999999999999,229.77463569374964,false
1,24,13:45,53,21:00,29,1,,,0.0,false,14.799999999999999,230.23430306434625,false
1,24,13:45,54,21:15,30,1,,,0.0,false,14.799999999999999,230.69397043494286,false
1,24,13:45,55,21:30,31,1,,,0.0,false,14.8,231.15363780553946,false
1,24,13:45,56,21:45,32,1,,,0.0,false,14.8,231.61330517613607,false
1,24,13:45,57,22:00,33,1,,,0.0,false,14.8,232.07297254673267,false
1,24,13:45,58,22:15,34,1,,,0.0,false,14.8,232.53263991732928,false
1,24,13:45,59,22:30,35,1,,,0.0,false,14.8,232.99230728792588,false
1,24,13:45,60,22:45,36,1,,,0.0,false,14.8,233.4519746585225,false
1,24,13:45,61,23:00,37,1,,,0.0,false,14.8,233.9116420291191,false
1,24,13:45,62,23:15,38,1,,,0.0,false,14.8,234.3713093997157,false
1,24,13:45,63,23:30,39,1,,,0.0,false,14.8,234.8309767703123,false
1,24,13:45,64,23:45,40,1,,,0.0,false,14.8,235.2906441409089,false
1,24,13:45,65,00:00,41,1,,,0.0,false,14.8,235.75031151150552,false
1,24,13:45,66,00:15,42,1,,,0.0,false,14.8,236.20997888210212,false
1,24,13:45,67,00:30,43,1,,,0.0,false,14.8,236.66964625269873,false
1,24,13:45,68,00:45,44,1,,,0.0,false,14.8,237.12931362329533,false
1,24,13:45,69,01:00,45,1,,,0.0,false,14.8,237.58898099389194,false
1,24,13:45,70,01:15,46,1,,,0.0,false,14.8,238.04864836448854,false
1,24,13:45,71,01:30,47,1,,,0.0,false,14.8,238.50831573508515,false
1,24,13:45,72,01:45,48,1,,,0.0,false,14.8,238.96798310568175,false
1,24,13:45,73,02:00,49,1,,,0.0,false,14.8,239.42765047627836,false
1,24,13:45,74,02:15,50,1,,,0.0,false,14.8,239.88731784687496,false
1,24,13:45,75,02:30,51,1,,,0.0,false,14.8,240.34698521747157,false
1,24,13:45,76,02:45,52,1,,,0.0,false,14.8,240.80665258806818,false
1,24,13:45,77,03:00,53,1,,,0.0,false,14.8,241.26631995866478,false
1,24,13:45,78,03:15,54,1,,,0.0,false,14.8,241.7259873292614,false
1,24,13:45,79,03:30,55,1,,,0.0,false,14.8,242.185654699858,false
1,24,13:45,80,03:45,56,1,,,0.0,false,14.8,242.6453220704546,false
1,24,13:45,81,04:00,57,1,,,0.0,false,14.8,243.1049894410512,false
1,24,13:45,82,04:15,58,1,,,0.0,false,14.8,243.5646568116478,false
1,24,13:45,83,04:30,59,1,,,0.0,false,14.8,244.0243241822444,false
1,24,13:45,84,04:45,60,1,,,0.0,false,14.8,244.48399155284102,false
1,24,13:45,85,05:00,61,1,,,0.0,false,14.8,244.94365892343762,false
1,24,13:45,86,05:15,62,1,,,0.0,false,14.8,245.40332629403423,false
1,24,13:45,87,05:30,63,1,,,0.0,false,14.8,245.86299366463084,false
1,24,13:45,88,05:45,64,1,,,0.0,false,14.8,246.32266103522744,false
1,24,13:45,89,06:00,65,1,,,0.0,false,14.8,246.78232840582405,false
1,24,13:45,90,06:15,66,1,,,0.0,false,14.8,247.24199577642065,false
1,24,13:45,91,06:30,67,1,,,0.0,false,14.8,247.70166314701726,false
1,24,13:45,92,06:45,68,1,,,0.0,false,14.8,248.16133051761386,false
1,24,13:45,93,07:00,69,1,,,0.0,false,14.8,248.62099788821047,false
1,24,13:45,94,07:15,70,1,,,0.0,false,14.8,249.08066525880707,false
1,24,13:45,95,07:30,71,1,,,0.0,false,14.8,249.54033262940368,false
1,24,13:45,96,07:45,72,1,,,0.0,false,14.8,250.0,false
1,25,14:00,25,14:00,0,1,,Digging,4.7925,false,10.338950761689208,241.13934552706468,false
1,25,14:00,26,14:15,1,1,,Digging,4.7925,false,9.140825761689209,241.59901289766128,false
1,25,14:00,27,14:30,2,1,,Traveling,4.7101,false,7.963300761689209,242.0586802682579,false
1,25,14:00,28,14:45,3,1,,Digging,4.7925,false,6.765175761689209,242.5183476388545,false
1,25,14:00,29,15:00,4,1,,Idle,0.0,false,6.765175761689209,242.9780150094511,false
1,25,14:00,30,15:15,5,1,,Loading/Swinging,3.1586,false,5.975525761689209,243.4376823800477,false
1,25,14:00,31,15:30,6,1,,Loading/Swinging,3.1586,false,5.185875761689209,243.8973497506443,false
1,25,14:00,32,15:45,7,1,,Loading/Swinging,3.1586,false,4.396225761689209,244.35701712124092,false
1,25,14:00,33,16:00,8,1,,Traveling,4.710100000000001,false,3.2187007616892087,244.35701712124092,false
1,25,14:00,34,16:15,9,1,,Charging,0.0,true,4.979300000000001,242.40621464111814,false
1,25,14:00,35,16:30,10,1,,Loading/Swinging,3.1586,false,4.189650000000001,242.40621464111814,false
1,25,14:00,36,16:45,11,1,,Loading/Swinging,3.1586,false,3.4000000000000012,242.40621464111814,false
1,25,14:00,37,17:00,12,1,,Charging,0.0,true,5.300000000000001,240.3009514832234,false
1,25,14:00,38,17:15,13,1,,Charging,0.0,true,7.200000000000001,238.19568832532866,false
1,25,14:00,39,17:30,14,1,,Charging,0.0,true,9.100000000000001,236.09042516743392,false
1,25,14:00,40,17:45,15,1,,Charging,0.0,true,11.0,233.98516200953918,false
1,25,14:00,41,18:00,16,1,,Charging,0.0,true,12.9,231.87989885164444,false
1,25,14:00,42,18:15,17,1,,Charging,0.0,true,14.8,229.7746356937497,false
1,25,14:00,43,18:30,18,1,,,0.0,false,14.8,229.7746356937497,false
1,25,14:00,44,18:45,19,1,,,0.0,false,14.8,229.7746356937497,false
1,25,14:00,45,19:00,20,1,,,0.0,false,14.8,229.7746356937497,false
1,25,14:00,46,19:15,21,1,,,0.0,false,14.8,229.7746356937497,false
1,25,14:00,47,19:30,22,1,,,0.0,false,14.8,229.7746356937497,false
1,25,14:00,48,19:45,23,1,,,0.0,false,14.8,229.7746356937497,false
1,25,14:00,49,20:00,24,1,,,0.0,false,14.8,229.7746356937497,false
1,25,14:00,50,20:15,25,1,,,0.0,false,14.8,229.7746356937497,false
1,25,14:00,51,20:30,26,1,,,0.0,false,14.8,229.7746356937497,false
1,25,14:00,52,20:45,27,1,,,0.0,false,14.8,229.7746356937497,false
1,25,14:00,53,21:00,28,1,,,0.0,false,14.8,230.2343030643463,false
1,25,14:00,54,21:15,29,1,,,0.0,false,14.8,230.6939704349429,false
1,25,14:00,55,21:30,30,1,,,0.0,false,14.8,231.15363780553952,false
1,25,14:00,56,21:45,31,1,,,0.0,false,14.8,231.61330517613612,false
1,25,14:00,57,22:00,32,1,,,0.0,false,14.8,232.07297254673273,false
1,25,14:00,58,22:15,33,1,,,0.0,false,14.8,232.53263991732933,false
1,25,14:00,59,22:30,34,1,,,0.0,false,14.8,232.99230728792594,false
1,25,14:00,60,22:45,35,1,,,0.0,false,14.8,233.45197465852254,false
1,25,14:00,61,23:00,36,1,,,0.0,false,14.8,233.91164202911915,false
1,25,14:00,62,23:15,37,1,,,0.0,false,14.8,234.37130939971576,false
1,25,14:00,63,23:30,38,1,,,0.0,false,14.8,234.83097677031236,false
1,25,14:00,64,23:45,39,1,,,0.0,false,14.8,235.2906441409086,false
1,25,14:00,65,00:00,40,1,,,0.0,false,14.8,235.7503115115052,false
1,25,14:00,66,00:15,41,1,,,0.0,false,14.8,236.2099788821018,false
1,25,14:00,67,00:30,42,1,,,0.0,false,14.8,236.6696462526984,false
1,25,14:00,68,00:45,43,1,,,0.0,false,14.8,237.12931362329502,false
1,25,14:00,69,01:00,44,1,,,0.0,false,14.8,237.58898099389162,false
1,25,14:00,70,01:15,45,1,,,0.0,false,14.8,238.04864836448823,false
1,25,14:00,71,01:30,46,1,,,0.0,false,14.8,238.50831573508484,false
1,25,14:00,72,01:45,47,1,,,0.0,false,14.8,238.96798310568144,false
1,25,14:00,73,02:00,48,1,,,0.0,false,14.8,239.42765047627805,false
1,25,14:00,74,02:15,49,1,,,0.0,false,14.8,239.88731784687465,false
1,25,14:00,75,02:30,50,1,,,0.0,false,14.8,240.34698521747126,false
1,25,14:00,76,02:45,51,1,,,0.0,false,14.8,240.80665258806786,false
1,25,14:00,77,03:00,52,1,,,0.0,false,14.8,241.26631995866447,false
1,25,14:00,78,03:15,53,1,,,0.0,false,14.8,241.72598732926107,false
1,25,14:00,79,03:30,54,1,,,0.0,false,14.8,242.18565469985768,false
1,25,14:00,80,03:45,55,1,,,0.0,false,14.8,242.64532207045428,false
1,25,14:00,81,04:00,56,1,,,0.0,false,14.8,243.1049894410509,false
1,25,14:00,82,04:15,57,1,,,0.0,false,14.8,243.5646568116475,false
1,25,14:00,83,04:30,58,1,,,0.0,false,14.8,244.0243241822441,false
1,25,14:00,84,04:45,59,1,,,0.0,false,14.8,244.4839915528407,false
1,25,14:00,85,05:00,60,1,,,0.0,false,14.8,244.9436589234373,false
1,25,14:00,86,05:15,61,1,,,0.0,false,14.8,245.40332629403392,false
1,25,14:00,87,05:30,62,1,,,0.0,false,14.8,245.86299366463052,false
1,25,14:00,88,05:45,63,1,,,0.0,false,14.8,246.32266103522713,false
1,25,14:00,89,06:00,64,1,,,0.0,false,14.8,246.78232840582373,false
1,25,14:00,90,06:15,65,1,,,0.0,false,14.8,247.24199577642034,false
1,25,14:00,91,06:30,66,1,,,0.0,false,14.8,247.70166314701694,false
1,25,14:00,92,06:45,67,1,,,0.0,false,14.8,248.16133051761355,false
1,25,14:00,93,07:00,68,1,,,0.0,false,14.8,248.62099788821016,false
1,25,14:00,94,07:15,69,1,,,0.0,false,14.8,249.08066525880676,false
1,25,14:00,95,07:30,70,1,,,0.0,false,14.8,249.54033262940337,false
1,25,14:00,96,07:45,71,1,,,0.0,false,14.8,250.0,false
1,26,14:15,26,14:15,0,1,,Digging,4.7925,false,9.036500761689208,241.60127947742336,false
1,26,14:15,27,14:30,1,1,,Traveling,4.710100000000001,false,7.858975761689209,242.06321342778207,false
1,26,14:15,28,14:45,2,1,,Digging,4.7925,false,6.6608507616892085,242.52514737814076,false
1,26,14:15,29,15:00,3,1,,Idle,0.0,false,6.6608507616892085,242.98708132849956,false
1,26,14:15,30,15:15,4,1,,Loading/Swinging,3.1586,false,5.871200761689209,243.44901527885824,false
1,26,14:15,31,15:30,5,1,,Loading/Swinging,3.1586,false,5.081550761689209,243.91094922921693,false
1,26,14:15,32,15:45,6,1,,Loading/Swinging,3.1586,false,4.291900761689209,244.3728831795756,false
1,26,14:15,33,16:00,7,1,,Traveling,4.7101,false,3.1143757616892085,244.3728831795756,false
1,26,14:15,34,16:15,8,1,,Charging,0.0,true,4.9793,242.30648513158582,false
1,26,14:15,35,16:30,9,1,,Loading/Swinging,3.1586,false,4.18965,242.30648513158582,false
1,26,14:15,36,16:45,10,1,,Loading/Swinging,3.1586,false,3.4000000000000004,242.30648513158582,false
1,26,14:15,37,17:00,11,1,,Charging,0.0,true,5.300000000000001,240.20122197369108,false
1,26,14:15,38,17:15,12,1,,Charging,0.0,true,7.2,238.09595881579634,false
1,26,14:15,39,17:30,13,1,,Charging,0.0,true,9.1,235.9906956579016,false
1,26,14:15,40,17:45,14,1,,Charging,0.0,true,11.0,233.88543250000686,false
1,26,14:15,41,18:00,15,1,,Charging,0.0,true,12.9,231.78016934211212,false
1,26,14:15,42,18:15,16,1,,Charging,0.0,true,14.8,229.67490618421738,false
1,26,14:15,43,18:30,17,1,,,0.0,false,14.8,229.67490618421738,false
1,26,14:15,44,18:45,18,1,,,0.0,false,14.8,229.67490618421738,false
1,26,14:15,45,19:00,19,1,,,0.0,false,14.8,229.67490618421738,false
1,26,14:15,46,19:15,20,1,,,0.0,false,14.8,229.67490618421738,false
1,26,14:15,47,19:30,21,1,,,0.0,false,14.8,229.67490618421738,false
1,26,14:15,48,19:45,22,1,,,0.0,false,14.8,229.67490618421738,false
1,26,14:15,49,20:00,23,1,,,0.0,false,14.8,229.67490618421738,false
1,26,14:15,50,20:15,24,1,,,0.0,false,14.8,229.67490618421738,false
1,26,14:15,51,20:30,25,1,,,0.0,false,14.8,229.67490618421738,false
1,26,14:15,52,20:45,26,1,,,0.0,false,14.8,229.67490618421738,false
1,26,14:15,53,21:00,27,1,,,0.0,false,14.8,230.13684013457606,false
1,26,14:15,54,21:15,28,1,,,0.0,false,14.8,230.59877408493475,false
1,26,14:15,55,21:30,29,1,,,0.0,false,14.8,231.06070803529343,false
1,26,14:15,56,21:45,30,1,,,0.0,false,14.8,231.52264198565214,false
1,26,14:15,57,22:00,31,1,,,0.0,false,14.8,231.98457593601083,false
1,26,14:15,58,22:15,32,1,,,0.0,false,14.8,232.44650988636954,false
1,26,14:15,59,22:30,33,1,,,0.0,false,14.8,232.90844383672822,false
1,26,14:15,60,22:45,34,1,,,0.0,false,14.8,233.37037778708694,false
1,26,14:15,61,23:00,35,1,,,0.0,false,14.8,233.83231173744562,false
1,26,14:15,62,23:15,36,1,,,0.0,false,14.8,234.29424568780433,false
1,26,14:15,63,23:30,37,1,,,0.0,false,14.8,234.75617963816302,false
1,26,14:15,64,23:45,38,1,,,0.0,false,14.8,235.2181135885217,false
1,26,14:15,65,00:00,39,1,,,0.0,false,14.8,235.68004753888042,false
1,26,14:15,66,00:15,40,1,,,0.0,false,14.8,236.1419814892391,false
1,26,14:15,67,00:30,41,1,,,0.0,false,14.8,236.6039154395978,false
1,26,14:15,68,00:45,42,1,,,0.0,false,14.8,237.0658493899565,false
1,26,14:15,69,01:00,43,1,,,0.0,false,14.8,237.5277833403152,false
1,26,14:15,70,01:15,44,1,,,0.0,false,14.8,237.9897172906739,false
1,26,14:15,71,01:30,45,1,,,0.0,false,14.8,238.4516512410326,false
1,26,14:15,72,01:45,46,1,,,0.0,false,14.8,238.9135851913913,false
1,26,14:15,73,02:00,47,1,,,0.0,false,14.8,239.37551914174998,false
1,26,14:15,74,02:15,48,1,,,0.0,false,14.8,239.8374530921087,false
1,26,14:15,75,02:30,49,1,,,0.0,false,14.8,240.29938704246737,false
1,26,14:15,76,02:45,50,1,,,0.0,false,14.8,240.76132099282609,false
1,26,14:15,77,03:00,51,1,,,0.0,false,14.8,241.22325494318477,false
1,26,14:15,78,03:15,52,1,,,0.0,false,14.8,241.68518889354345,false
1,26,14:15,79,03:30,53,1,,,0.0,false,14.8,242.14712284390214,false
1,26,14:15,80,03:45,54,1,,,0.0,false,14.8,242.60905679426085,false
1,26,14:15,81,04:00,55,1,,,0.0,false,14.8,243.07099074461954,false
1,26,14:15,82,04:15,56,1,,,0.0,false,14.8,243.53292469497822,false
1,26,14:15,83,04:30,57,1,,,0.0,false,14.8,243.99485864533693,false
1,26,14:15,84,04:45,58,1,,,0.0,false,14.8,244.45679259569562,false
1,26,14:15,85,05:00,59,1,,,0.0,false,14.8,244.91872654605433,false
1,26,14:15,86,05:15,60,1,,,0.0,false,14.8,245.38066049641301,false
1,26,14:15,87,05:30,61,1,,,0.0,false,14.8,245.84259444677173,false
1,26,14:15,88,05:45,62,1,,,0.0,false,14.8,246.3045283971304,false
1,26,14:15,89,06:00,63,1,,,0.0,false,14.8,246.76646234748912,false
1,26,14:15,90,06:15,64,1,,,0.0,false,14.8,247.2283962978478,false
1,26,14:15,91,06:30,65,1,,,0.0,false,14.8,247.6903302482065,false
1,26,14:15,92,06:45,66,1,,,0.0,false,14.8,248.1522641985652,false
1,26,14:15,93,07:00,67,1,,,0.0,false,14.8,248.6141981489239,false
1,26,14:15,94,07:15,68,1,,,0.0,false,14.8,249.0761320992826,false
1,26,14:15,95,07:30,69,1,,,0.0,false,14.8,249.5380660496413,false
1,26,14:15,96,07:45,70,1,,,0.0,false,14.8,250.0,false
1,27,14:30,27,14:30,0,1,,Traveling,4.7101,false,8.18630076168921,242.06321342778205,false
1,27,14:30,28,14:45,1,1,,Digging,4.792499999999998,false,6.98817576168921,242.52514737814076,false
1,27,14:30,29,15:00,2,1,,Idle,0.0,false,6.98817576168921,242.98708132849944,false
1,27,14:30,30,15:15,3,1,,Loading/Swinging,3.1586,false,6.19852576168921,243.4490152788581,false
1,27,14:30,31,15:30,4,1,,Loading/Swinging,3.1586,false,5.4088757616892105,243.91094922921678,false
1,27,14:30,32,15:45,5,1,,Loading/Swinging,3.1586,false,4.6192257616892105,244.37288317957547,false
1,27,14:30,33,16:00,6,1,,Traveling,4.710100000000001,false,3.4417007616892104,244.37288317957547,false
1,27,14:30,34,16:15,7,1,,Charging,0.0,true,4.9793,242.6691721121951,false
1,27,14:30,35,16:30,8,1,,Loading/Swinging,3.1586,false,4.18965,242.6691721121951,false
1,27,14:30,36,16:45,9,1,,Loading/Swinging,3.1586,false,3.4000000000000004,242.6691721121951,false
1,27,14:30,37,17:00,10,1,,Charging,0.0,true,5.300000000000001,240.56390895430036,false
1,27,14:30,38,17:15,11,1,,Charging,0.0,true,7.199999999999999,238.45864579640562,false
1,27,14:30,39,17:30,12,1,,Charging,0.0,true,9.1,236.3533826385109,false
1,27,14:30,40,17:45,13,1,,Charging,0.0,true,10.999999999999998,234.24811948061617,false
1,27,14:30,41,18:00,14,1,,Charging,0.0,true,12.899999999999999,232.14285632272143,false
1,27,14:30,42,18:15,15,1,,Charging,0.0,true,14.8,230.0375931648267,false
1,27,14:30,43,18:30,16,1,,,0.0,false,14.8,230.0375931648267,false
1,27,14:30,44,18:45,17,1,,,0.0,false,14.8,230.0375931648267,false
1,27,14:30,45,19:00,18,1,,,0.0,false,14.8,230.0375931648267,false
1,27,14:30,46,19:15,19,1,,,0.0,false,14.8,230.0375931648267,false
1,27,14:30,47,19:30,20,1,,,0.0,false,14.8,230.0375931648267,false
1,27,14:30,48,19:45,21,1,,,0.0,false,14.8,230.0375931648267,false
1,27,14:30,49,20:00,22,1,,,0.0,false,14.8,230.0375931648267,false
1,27,14:30,50,20:15,23,1,,,0.0,false,14.8,230.0375931648267,false
1,27,14:30,51,20:30,24,1,,,0.0,false,14.8,230.0375931648267,false
1,27,14:30,52,20:45,25,1,,,0.0,false,14.8,230.0375931648267,false
1,27,14:30,53,21:00,26,1,,,0.0,false,14.8,230.49952711518537,false
1,27,14:30,54,21:15,27,1,,,0.0,false,14.8,230.96146106554409,false
1,27,14:30,55,21:30,28,1,,,0.0,false,14.8,231.42339501590277,false
1,27,14:30,56,21:45,29,1,,,0.0,false,14.8,231.88532896626148,false
1,27,14:30,57,22:00,30,1,,,0.0,false,14.8,232.34726291662017,false
1,27,14:30,58,22:15,31,1,,,0.0,false,14.8,232.80919686697885,false
1,27,14:30,59,22:30,32,1,,,0.0,false,14.8,233.27113081733756,false
1,27,14:30,60,22:45,33,1,,,0.0,false,14.8,233.73306476769625,false
1,27,14:30,61,23:00,34,1,,,0.0,false,14.8,234.19499871805496,false
1,27,14:30,62,23:15,35,1,,,0.0,false,14.8,234.65693266841365,false
1,27,14:30,63,23:30,36,1,,,0.0,false,14.8,235.11886661877233,false
1,27,14:30,64,23:45,37,1,,,0.0,false,14.8,235.21811358852167,false
1,27,14:30,65,00:00,38,1,,,0.0,false,14.8,235.6800475388804,false
1,27,14:30,66,00:15,39,1,,,0.0,false,14.8,236.14198148923907,false
1,27,14:30,67,00:30,40,1,,,0.0,false,14.8,236.60391543959776,false
1,27,14:30,68,00:45,41,1,,,0.0,false,14.8,237.06584938995647,false
1,27,14:30,69,01:00,42,1,,,0.0,false,14.8,237.52778334031515,false
1,27,14:30,70,01:15,43,1,,,0.0,false,14.8,237.98971729067387,false
1,27,14:30,71,01:30,44,1,,,0.0,false,14.8,238.45165124103255,false
1,27,14:30,72,01:45,45,1,,,0.0,false,14.8,238.91358519139126,false
1,27,14:30,73,02:00,46,1,,,0.0,false,14.8,239.37551914174995,false
1,27,14:30,74,02:15,47,1,,,0.0,false,14.8,239.83745309210866,false
1,27,14:30,75,02:30,48,1,,,0.0,false,14.8,240.29938704246734,false
1,27,14:30,76,02:45,49,1,,,0.0,false,14.8,240.76132099282603,false
1,27,14:30,77,03:00,50,1,,,0.0,false,14.8,241.22325494318474,false
1,27,14:30,78,03:15,51,1,,,0.0,false,14.8,241.68518889354343,false
1,27,14:30,79,03:30,52,1,,,0.0,false,14.8,242.14712284390217,false
1,27,14:30,80,03:45,53,1,,,0.0,false,14.8,242.60905679426085,false
1,27,14:30,81,04:00,54,1,,,0.0,false,14.8,243.07099074461956,false
1,27,14:30,82,04:15,55,1,,,0.0,false,14.8,243.53292469497825,false
1,27,14:30,83,04:30,56,1,,,0.0,false,14.8,243.99485864533693,false
1,27,14:30,84,04:45,57,1,,,0.0,false,14.8,244.45679259569562,false
1,27,14:30,85,05:00,58,1,,,0.0,false,14.8,244.9187265460543,false
1,27,14:30,86,05:15,59,1,,,0.0,false,14.8,245.38066049641301,false
1,27,14:30,87,05:30,60,1,,,0.0,false,14.8,245.8425944467717,false
1,27,14:30,88,05:45,61,1,,,0.0,false,14.8,246.3045283971304,false
1,27,14:30,89,06:00,62,1,,,0.0,false,14.8,246.7664623474891,false
1,27,14:30,90,06:15,63,1,,,0.0,false,14.8,247.2283962978478,false
1,27,14:30,91,06:30,64,1,,,0.0,false,14.8,247.6903302482065,false
1,27,14:30,92,06:45,65,1,,,0.0,false,14.8,248.1522641985652,false
1,27,14:30,93,07:00,66,1,,,0.0,false,14.8,248.6141981489239,false
1,27,14:30,94,07:15,67,1,,,0.0,false,14.8,249.0761320992826,false
1,27,14:30,95,07:30,68,1,,,0.0,false,14.8,249.5380660496413,false
1,27,14:30,96,07:45,69,1,,,0.0,false,14.8,250.0,false
1,28,14:45,28,14:45,0,1,,Digging,4.7925,false,7.12910076168921,242.52514737814073,false
1,28,14:45,29,15:00,1,1,,Idle,0.0,false,7.12910076168921,242.98708132849947,false
1,28,14:45,30,15:15,2,1,,Loading/Swinging,3.1586,false,6.33945076168921,243.44901527885816,false
1,28,14:45,31,15:30,3,1,,Loading/Swinging,3.1586,false,5.54980076168921,243.91094922921684,false
1,28,14:45,32,15:45,4,1,,Loading/Swinging,3.1586,false,4.76015076168921,244.37288317957552,false
1,28,14:45,33,16:00,5,1,,Traveling,4.7101,false,3.5826257616892097,244.37288317957552,false
1,28,14:45,34,16:15,6,1,,Charging,0.0,true,4.979300000000001,242.8253216966827,false
1,28,14:45,35,16:30,7,1,,Loading/Swinging,3.1586,false,4.189650000000001,242.8253216966827,false
1,28,14:45,36,16:45,8,1,,Loading/Swinging,3.1586,false,3.4000000000000012,242.8253216966827,false
1,28,14:45,37,17:00,9,1,,Charging,0.0,true,5.300000000000001,240.7200585387879,false
1,28,14:45,38,17:15,10,1,,Charging,0.0,true,7.2,238.61479538089316,false
1,28,14:45,39,17:30,11,1,,Charging,0.0,true,9.1,236.50953222299842,false
1,28,14:45,40,17:45,12,1,,Charging,0.0,true,11.0,234.40426906510368,false
1,28,14:45,41,18:00,13,1,,Charging,0.0,true,12.9,232.29900590720894,false
1,28,14:45,42,18:15,14,1,,Charging,0.0,true,14.8,230.1937427493142,false
1,28,14:45,43,18:30,15,1,,,0.0,false,14.8,230.1937427493142,false
1,28,14:45,44,18:45,16,1,,,0.0,false,14.8,230.1937427493142,false
1,28,14:45,45,19:00,17,1,,,0.0,false,14.8,230.1937427493142,false
1,28,14:45,46,19:15,18,1,,,0.0,false,14.8,230.1937427493142,false
1,28,14:45,47,19:30,19,1,,,0.0,false,14.8,230.1937427493142,false
1,28,14:45,48,19:45,20,1,,,0.0,false,14.8,230.1937427493142,false
1,28,14:45,49,20:00,21,1,,,0.0,false,14.8,230.1937427493142,false
1,28,14:45,50,20:15,22,1,,,0.0,false,14.8,230.1937427493142,false
1,28,14:45,51,20:30,23,1,,,0.0,false,14.8,230.1937427493142,false
1,28,14:45,52,20:45,24,1,,,0.0,false,14.8,230.1937427493142,false
1,28,14:45,53,21:00,25,1,,,0.0,false,14.8,230.65567669967288,false
1,28,14:45,54,21:15,26,1,,,0.0,false,14.8,231.11761065003157,false
1,28,14:45,55,21:30,27,1,,,0.0,false,14.8,231.57954460039025,false
1,28,14:45,56,21:45,28,1,,,0.0,false,14.8,232.04147855074893,false
1,28,14:45,57,22:00,29,1,,,0.0,false,14.8,232.50341250110762,false
1,28,14:45,58,22:15,30,1,,,0.0,false,14.8,232.9653464514663,false
1,28,14:45,59,22:30,31,1,,,0.0,false,14.8,233.427280401825,false
1,28,14:45,60,22:45,32,1,,,0.0,false,14.8,233.88921435218367,false
1,28,14:45,61,23:00,33,1,,,0.0,false,14.8,234.29424568780436,false
1,28,14:45,62,23:15,34,1,,,0.0,false,14.8,234.75617963816305,false
1,28,14:45,63,23:30,35,1,,,0.0,false,14.8,235.21811358852173,false
1,28,14:45,64,23:45,36,1,,,0.0,false,14.8,235.21811358852173,false
1,28,14:45,65,00:00,37,1,,,0.0,false,14.8,235.68004753888042,false
1,28,14:45,66,00:15,38,1,,,0.0,false,14.8,236.1419814892391,false
1,28,14:45,67,00:30,39,1,,,0.0,false,14.8,236.60391543959778,false
1,28,14:45,68,00:45,40,1,,,0.0,false,14.8,237.06584938995647,false
1,28,14:45,69,01:00,41,1,,,0.0,false,14.8,237.52778334031518,false
1,28,14:45,70,01:15,42,1,,,0.0,false,14.8,237.98971729067387,false
1,28,14:45,71,01:30,43,1,,,0.0,false,14.8,238.45165124103258,false
1,28,14:45,72,01:45,44,1,,,0.0,false,14.8,238.91358519139126,false
1,28,14:45,73,02:00,45,1,,,0.0,false,14.8,239.37551914174998,false
1,28,14:45,74,02:15,46,1,,,0.0,false,14.8,239.83745309210866,false
1,28,14:45,75,02:30,47,1,,,0.0,false,14.8,240.29938704246734,false
1,28,14:45,76,02:45,48,1,,,0.0,false,14.8,240.76132099282606,false
1,28,14:45,77,03:00,49,1,,,0.0,false,14.8,241.22325494318474,false
1,28,14:45,78,03:15,50,1,,,0.0,false,14.8,241.68518889354345,false
1,28,14:45,79,03:30,51,1,,,0.0,false,14.8,242.14712284390214,false
1,28,14:45,80,03:45,52,1,,,0.0,false,14.8,242.60905679426085,false
1,28,14:45,81,04:00,53,1,,,0.0,false,14.8,243.07099074461954,false
1,28,14:45,82,04:15,54,1,,,0.0,false,14.8,243.53292469497825,false
1,28,14:45,83,04:30,55,1,,,0.0,false,14.8,243.99485864533693,false
1,28,14:45,84,04:45,56,1,,,0.0,false,14.8,244.45679259569562,false
1,28,14:45,85,05:00,57,1,,,0.0,false,14.8,244.91872654605433,false
1,28,14:45,86,05:15,58,1,,,0.0,false,14.8,245.38066049641301,false
1,28,14:45,87,05:30,59,1,,,0.0,false,14.8,245.84259444677173,false
1,28,14:45,88,05:45,60,1,,,0.0,false,14.8,246.3045283971304,false
1,28,14:45,89,06:00,61,1,,,0.0,false,14.8,246.76646234748912,false
1,28,14:45,90,06:15,62,1,,,0.0,false,14.8,247.2283962978478,false
1,28,14:45,91,06:30,63,1,,,0.0,false,14.8,247.69033024820652,false
1,28,14:45,92,06:45,64,1,,,0.0,false,14.8,248.1522641985652,false
1,28,14:45,93,07:00,65,1,,,0.0,false,14.8,248.6141981489239,false
1,28,14:45,94,07:15,66,1,,,0.0,false,14.8,249.0761320992826,false
1,28,14:45,95,07:30,67,1,,,0.0,false,14.8,249.5380660496413,false
1,28,14:45,96,07:45,68,1,,,0.0,false,14.8,250.0,false
1,29,15:00,29,15:00,0,1,,Idle,0.0,false,7.12030076168921,242.98708132849941,false
1,29,15:00,30,15:15,1,1,,Loading/Swinging,3.1586,false,6.33065076168921,243.4490152788581,false
1,29,15:00,31,15:30,2,1,,Loading/Swinging,3.1586,false,5.54100076168921,243.91094922921678,false
1,29,15:00,32,15:45,3,1,,Loading/Swinging,3.1586,false,4.75135076168921,243.91094922921678,false
1,29,15:00,33,16:00,4,1,,Charging,0.0,true,6.156825000000001,242.35363705380317,true
1,29,15:00,34,16:15,5,1,,Traveling,4.7101,false,4.979300000000001,242.35363705380317,true
1,29,15:00,35,16:30,6,1,,Loading/Swinging,3.1586,false,4.189650000000001,242.35363705380317,false
1,29,15:00,36,16:45,7,1,,Loading/Swinging,3.1586,false,3.4000000000000012,242.35363705380317,false
1,29,15:00,37,17:00,8,1,,Charging,0.0,true,5.300000000000001,240.24837389590843,false
1,29,15:00,38,17:15,9,1,,Charging,0.0,true,7.200000000000001,238.1431107380137,false
1,29,15:00,39,17:30,10,1,,Charging,0.0,true,9.100000000000001,236.03784758011895,false
1,29,15:00,40,17:45,11,1,,Charging,0.0,true,11.000000000000002,233.9325844222242,false
1,29,15:00,41,18:00,12,1,,Charging,0.0,true,12.900000000000002,231.82732126432947,false
1,29,15:00,42,18:15,13,1,,Charging,0.0,true,14.8,229.72205810643473,false
1,29,15:00,43,18:30,14,1,,,0.0,false,14.8,229.72205810643473,false
1,29,15:00,44,18:45,15,1,,,0.0,false,14.8,229.72205810643473,false
1,29,15:00,45,19:00,16,1,,,0.0,false,14.8,229.72205810643473,false
1,29,15:00,46,19:15,17,1,,,0.0,false,14.8,229.72205810643473,false
1,29,15:00,47,19:30,18,1,,,0.0,false,14.8,229.72205810643473,false
1,29,15:00,48,19:45,19,1,,,0.0,false,14.8,229.72205810643473,false
1,29,15:00,49,20:00,20,1,,,0.0,false,14.8,229.72205810643473,false
1,29,15:00,50,20:15,21,1,,,0.0,false,14.8,229.72205810643473,false
1,29,15:00,51,20:30,22,1,,,0.0,false,14.8,229.72205810643473,false
1,29,15:00,52,20:45,23,1,,,0.0,false,14.8,229.72205810643473,false
1,29,15:00,53,21:00,24,1,,,0.0,false,14.8,230.18399205679341,false
1,29,15:00,54,21:15,25,1,,,0.0,false,14.8,230.6459260071521,false
1,29,15:00,55,21:30,26,1,,,0.0,false,14.8,231.10785995751078,false
1,29,15:00,56,21:45,27,1,,,0.0,false,14.8,231.56979390786947,false
1,29,15:00,57,22:00,28,1,,,0.0,false,14.8,232.03172785822815,false
1,29,15:00,58,22:15,29,1,,,0.0,false,14.8,232.49366180858684,false
1,29,15:00,59,22:30,30,1,,,0.0,false,14.8,232.95559575894552,false
1,29,15:00,60,22:45,31,1,,,0.0,false,14.8,233.4175297093042,false
1,29,15:00,61,23:00,32,1,,,0.0,false,14.8,233.8794636596629,false
1,29,15:00,62,23:15,33,1,,,0.0,false,14.8,234.34139761002157,false
1,29,15:00,63,23:30,34,1,,,0.0,false,14.8,234.80333156038026,false
1,29,15:00,64,23:45,35,1,,,0.0,false,14.8,235.21811358852207,false
1,29,15:00,65,00:00,36,1,,,0.0,false,14.8,235.68004753888076,false
1,29,15:00,66,00:15,37,1,,,0.0,false,14.8,236.14198148923944,false
1,29,15:00,67,00:30,38,1,,,0.0,false,14.8,236.60391543959813,false
1,29,15:00,68,00:45,39,1,,,0.0,false,14.8,237.0658493899568,false
1,29,15:00,69,01:00,40,1,,,0.0,false,14.8,237.5277833403155,false
1,29,15:00,70,01:15,41,1,,,0.0,false,14.8,237.98971729067418,false
1,29,15:00,71,01:30,42,1,,,0.0,false,14.8,238.45165124103286,false
1,29,15:00,72,01:45,43,1,,,0.0,false,14.8,238.91358519139155,false
1,29,15:00,73,02:00,44,1,,,0.0,false,14.8,239.37551914175023,false
1,29,15:00,74,02:15,45,1,,,0.0,false,14.8,239.83745309210892,false
1,29,15:00,75,02:30,46,1,,,0.0,false,14.8,240.2993870424676,false
1,29,15:00,76,02:45,47,1,,,0.0,false,14.8,240.76132099282628,false
1,29,15:00,77,03:00,48,1,,,0.0,false,14.8,241.22325494318497,false
1,29,15:00,78,03:15,49,1,,,0.0,false,14.8,241.68518889354365,false
1,29,15:00,79,03:30,50,1,,,0.0,false,14.8,242.14712284390234,false
1,29,15:00,80,03:45,51,1,,,0.0,false,14.8,242.60905679426102,false
1,29,15:00,81,04:00,52,1,,,0.0,false,14.8,243.0709907446197,false
1,29,15:00,82,04:15,53,1,,,0.0,false,14.8,243.5329246949784,false
1,29,15:00,83,04:30,54,1,,,0.0,false,14.8,243.99485864533708,false
1,29,15:00,84,04:45,55,1,,,0.0,false,14.8,244.45679259569576,false
1,29,15:00,85,05:00,56,1,,,0.0,false,14.8,244.91872654605444,false
1,29,15:00,86,05:15,57,1,,,0.0,false,14.8,245.38066049641313,false
1,29,15:00,87,05:30,58,1,,,0.0,false,14.8,245.8425944467718,false
1,29,15:00,88,05:45,59,1,,,0.0,false,14.8,246.3045283971305,false
1,29,15:00,89,06:00,60,1,,,0.0,false,14.8,246.76646234748918,false
1,29,15:00,90,06:15,61,1,,,0.0,false,14.8,247.22839629784787,false
1,29,15:00,91,06:30,62,1,,,0.0,false,14.8,247.69033024820655,false
1,29,15:00,92,06:45,63,1,,,0.0,false,14.8,248.15226419856523,false
1,29,15:00,93,07:00,64,1,,,0.0,false,14.8,248.61419814892392,false
1,29,15:00,94,07:15,65,1,,,0.0,false,14.8,249.0761320992826,false
1,29,15:00,95,07:30,66,1,,,0.0,false,14.8,249.5380660496413,false
1,29,15:00,96,07:45,67,1,,,0.0,false,14.8,250.0,false
1,30,15:15,30,15:15,0,1,,Loading/Swinging,3.1586,false,6.33065076168921,243.4490152788581,false
1,30,15:15,31,15:30,1,1,,Loading/Swinging,3.1586,false,5.54100076168921,243.9109492292168,false
1,30,15:15,32,15:45,2,1,,Loading/Swinging,3.1586,false,4.75135076168921,244.3728831795755,false
1,30,15:15,33,16:00,3,1,,Traveling,4.7101,false,3.5738257616892097,244.3728831795755,true
1,30,15:15,34,16:15,4,1,,Charging,0.0,true,4.979300000000001,242.81557100416185,true
1,30,15:15,35,16:30,5,1,,Loading/Swinging,3.1586,false,4.189650000000001,242.81557100416185,false
1,30,15:15,36,16:45,6,1,,Loading/Swinging,3.1586,false,3.4000000000000012,242.81557100416185,false
1,30,15:15,37,17:00,7,1,,Charging,0.0,true,5.300000000000001,240.7103078462671,false
1,30,15:15,38,17:15,8,1,,Charging,0.0,true,7.200000000000001,238.60504468837237,false
1,30,15:15,39,17:30,9,1,,Charging,0.0,true,9.100000000000001,236.49978153047763,false
1,30,15:15,40,17:45,10,1,,Charging,0.0,true,11.0,234.3945183725829,false
1,30,15:15,41,18:00,11,1,,Charging,0.0,true,12.9,232.28925521468815,false
1,30,15:15,42,18:15,12,1,,Charging,0.0,true,14.8,230.18399205679341,false
1,30,15:15,43,18:30,13,1,,,0.0,false,14.8,230.18399205679341,false
1,30,15:15,44,18:45,14,1,,,0.0,false,14.8,230.18399205679341,false
1,30,15:15,45,19:00,15,1,,,0.0,false,14.8,230.18399205679341,false
1,30,15:15,46,19:15,16,1,,,0.0,false,14.8,230.18399205679341,false
1,30,15:15,47,19:30,17,1,,,0.0,false,14.8,230.18399205679341,false
1,30,15:15,48,19:45,18,1,,,0.0,false,14.8,230.18399205679341,false
1,30,15:15,49,20:00,19,1,,,0.0,false,14.8,230.18399205679341,false
1,30,15:15,50,20:15,20,1,,,0.0,false,14.8,230.18399205679341,false
1,30,15:15,51,20:30,21,1,,,0.0,false,14.8,230.18399205679341,false
1,30,15:15,52,20:45,22,1,,,0.0,false,14.8,230.18399205679341,false
1,30,15:15,53,21:00,23,1,,,0.0,false,14.8,230.6459260071521,false
1,30,15:15,54,21:15,24,1,,,0.0,false,14.8,231.10785995751078,false
1,30,15:15,55,21:30,25,1,,,0.0,false,14.8,231.56979390786947,false
1,30,15:15,56,21:45,26,1,,,0.0,false,14.8,232.03172785822815,false
1,30,15:15,57,22:00,27,1,,,0.0,false,14.8,232.49366180858684,false
1,30,15:15,58,22:15,28,1,,,0.0,false,14.8,232.95559575894552,false
1,30,15:15,59,22:30,29,1,,,0.0,false,14.8,233.4175297093042,false
1,30,15:15,60,22:45,30,1,,,0.0,false,14.8,233.8794636596629,false
1,30,15:15,61,23:00,31,1,,,0.0,false,14.8,234.2942456878043,false
1,30,15:15,62,23:15,32,1,,,0.0,false,14.8,234.75617963816302,false
1,30,15:15,63,23:30,33,1,,,0.0,false,14.8,235.2181135885217,false
1,30,15:15,64,23:45,34,1,,,0.0,false,14.8,235.2181135885217,false
1,30,15:15,65,00:00,35,1,,,0.0,false,14.8,235.6800475388804,false
1,30,15:15,66,00:15,36,1,,,0.0,false,14.8,236.1419814892391,false
1,30,15:15,67,00:30,37,1,,,0.0,false,14.8,236.60391543959778,false
1,30,15:15,68,00:45,38,1,,,0.0,false,14.8,237.0658493899565,false
1,30,15:15,69,01:00,39,1,,,0.0,false,14.8,237.52778334031518,false
1,30,15:15,70,01:15,40,1,,,0.0,false,14.8,237.98971729067387,false
1,30,15:15,71,01:30,41,1,,,0.0,false,14.8,238.45165124103258,false
1,30,15:15,72,01:45,42,1,,,0.0,false,14.8,238.91358519139126,false
1,30,15:15,73,02:00,43,1,,,0.0,false,14.8,239.37551914174998,false
1,30,15:15,74,02:15,44,1,,,0.0,false,14.8,239.83745309210866,false
1,30,15:15,75,02:30,45,1,,,0.0,false,14.8,240.29938704246737,false
1,30,15:15,76,02:45,46,1,,,0.0,false,14.8,240.76132099282606,false
1,30,15:15,77,03:00,47,1,,,0.0,false,14.8,241.22325494318477,false
1,30,15:15,78,03:15,48,1,,,0.0,false,14.8,241.68518889354345,false
1,30,15:15,79,03:30,49,1,,,0.0,false,14.8,242.14712284390214,false
1,30,15:15,80,03:45,50,1,,,0.0,false,14.8,242.60905679426085,false
1,30,15:15,81,04:00,51,1,,,0.0,false,14.8,243.07099074461954,false
1,30,15:15,82,04:15,52,1,,,0.0,false,14.8,243.53292469497825,false
1,30,15:15,83,04:30,53,1,,,0.0,false,14.8,243.99485864533693,false
1,30,15:15,84,04:45,54,1,,,0.0,false,14.8,244.45679259569565,false
1,30,15:15,85,05:00,55,1,,,0.0,false,14.8,244.91872654605433,false
1,30,15:15,86,05:15,56,1,,,0.0,false,14.8,245.38066049641304,false
1,30,15:15,87,05:30,57,1,,,0.0,false,14.8,245.84259444677173,false
1,30,15:15,88,05:45,58,1,,,0.0,false,14.8,246.3045283971304,false
1,30,15:15,89,06:00,59,1,,,0.0,false,14.8,246.76646234748912,false
1,30,15:15,90,06:15,60,1,,,0.0,false,14.8,247.2283962978478,false
1,30,15:15,91,06:30,61,1,,,0.0,false,14.8,247.69033024820652,false
1,30,15:15,92,06:45,62,1,,,0.0,false,14.8,248.1522641985652,false
1,30,15:15,93,07:00,63,1,,,0.0,false,14.8,248.61419814892392,false
1,30,15:15,94,07:15,64,1,,,0.0,false,14.8,249.0761320992826,false
1,30,15:15,95,07:30,65,1,,,0.0,false,14.8,249.5380660496413,false
1,30,15:15,96,07:45,66,1,,,0.0,false,14.8,250.0,false
1,31,15:30,31,15:30,0,1,,Loading/Swinging,3.1586,false,5.5830757616892095,243.91094922921678,false
1,31,15:30,32,15:45,1,1,,Loading/Swinging,3.1586,false,4.7934257616892095,244.37288317957547,false
1,31,15:30,33,16:00,2,1,,Traveling,4.7101,false,3.6159007616892094,244.37288317957547,false
1,31,15:30,34,16:15,3,1,,Charging,0.0,true,4.9793,242.8621915027768,false
1,31,15:30,35,16:30,4,1,,Loading/Swinging,3.1586,false,4.18965,242.8621915027768,false
1,31,15:30,36,16:45,5,1,,Loading/Swinging,3.1586,false,3.4000000000000004,242.8621915027768,false
1,31,15:30,37,17:00,6,1,,Charging,0.0,true,5.300000000000001,240.75692834488206,false
1,31,15:30,38,17:15,7,1,,Charging,0.0,true,7.2,238.65166518698732,false
1,31,15:30,39,17:30,8,1,,Charging,0.0,true,9.1,236.54640202909258,false
1,31,15:30,40,17:45,9,1,,Charging,0.0,true,11.0,234.44113887119784,false
1,31,15:30,41,18:00,10,1,,Charging,0.0,true,12.9,232.3358757133031,false
1,31,15:30,42,18:15,11,1,,Charging,0.0,true,14.8,230.23061255540836,false
1,31,15:30,43,18:30,12,1,,,0.0,false,14.8,230.23061255540836,false
1,31,15:30,44,18:45,13,1,,,0.0,false,14.8,230.23061255540836,false
1,31,15:30,45,19:00,14,1,,,0.0,false,14.8,230.23061255540836,false
1,31,15:30,46,19:15,15,1,,,0.0,false,14.8,230.23061255540836,false
1,31,15:30,47,19:30,16,1,,,0.0,false,14.8,230.23061255540836,false
1,31,15:30,48,19:45,17,1,,,0.0,false,14.8,230.23061255540836,false
1,31,15:30,49,20:00,18,1,,,0.0,false,14.8,230.23061255540836,false
1,31,15:30,50,20:15,19,1,,,0.0,false,14.8,230.23061255540836,false
1,31,15:30,51,20:30,20,1,,,0.0,false,14.8,230.23061255540836,false
1,31,15:30,52,20:45,21,1,,,0.0,false,14.8,230.23061255540836,false
1,31,15:30,53,21:00,22,1,,,0.0,false,14.8,230.69254650576704,false
1,31,15:30,54,21:15,23,1,,,0.0,false,14.8,231.15448045612573,false
1,31,15:30,55,21:30,24,1,,,0.0,false,14.8,231.6164144064844,false
1,31,15:30,56,21:45,25,1,,,0.0,false,14.8,232.0783483568431,false
1,31,15:30,57,22:00,26,1,,,0.0,false,14.8,232.54028230720178,false
1,31,15:30,58,22:15,27,1,,,0.0,false,14.8,233.00221625756046,false
1,31,15:30,59,22:30,28,1,,,0.0,false,14.8,233.46415020791915,false
1,31,15:30,60,22:45,29,1,,,0.0,false,14.8,233.92608415827783,false
1,31,15:30,61,23:00,30,1,,,0.0,false,14.8,234.2942456878047,false
1,31,15:30,62,23:15,31,1,,,0.0,false,14.8,234.7561796381634,false
1,31,15:30,63,23:30,32,1,,,0.0,false,14.8,235.21811358852207,false
1,31,15:30,64,23:45,33,1,,,0.0,false,14.8,235.21811358852207,false
1,31,15:30,65,00:00,34,1,,,0.0,false,14.8,235.68004753888076,false
1,31,15:30,66,00:15,35,1,,,0.0,false,14.8,236.14198148923944,false
1,31,15:30,67,00:30,36,1,,,0.0,false,14.8,236.60391543959813,false
1,31,15:30,68,00:45,37,1,,,0.0,false,14.8,237.0658493899568,false
1,31,15:30,69,01:00,38,1,,,0.0,false,14.8,237.5277833403155,false
1,31,15:30,70,01:15,39,1,,,0.0,false,14.8,237.98971729067418,false
1,31,15:30,71,01:30,40,1,,,0.0,false,14.8,238.45165124103286,false
1,31,15:30,72,01:45,41,1,,,0.0,false,14.8,238.91358519139155,false
1,31,15:30,73,02:00,42,1,,,0.0,false,14.8,239.37551914175023,false
1,31,15:30,74,02:15,43,1,,,0.0,false,14.8,239.83745309210892,false
1,31,15:30,75,02:30,44,1,,,0.0,false,14.8,240.2993870424676,false
1,31,15:30,76,02:45,45,1,,,0.0,false,14.8,240.76132099282628,false
1,31,15:30,77,03:00,46,1,,,0.0,false,14.8,241.22325494318497,false
1,31,15:30,78,03:15,47,1,,,0.0,false,14.8,241.68518889354365,false
1,31,15:30,79,03:30,48,1,,,0.0,false,14.8,242.14712284390234,false
1,31,15:30,80,03:45,49,1,,,0.0,false,14.8,242.60905679426102,false
1,31,15:30,81,04:00,50,1,,,0.0,false,14.8,243.0709907446197,false
1,31,15:30,82,04:15,51,1,,,0.0,false,14.8,243.5329246949784,false
1,31,15:30,83,04:30,52,1,,,0.0,false,14.8,243.99485864533708,false
1,31,15:30,84,04:45,53,1,,,0.0,false,14.8,244.45679259569576,false
1,31,15:30,85,05:00,54,1,,,0.0,false,14.8,244.91872654605444,false
1,31,15:30,86,05:15,55,1,,,0.0,false,14.8,245.38066049641313,false
1,31,15:30,87,05:30,56,1,,,0.0,false,14.8,245.8425944467718,false
1,31,15:30,88,05:45,57,1,,,0.0,false,14.8,246.3045283971305,false
1,31,15:30,89,06:00,58,1,,,0.0,false,14.8,246.76646234748918,false
1,31,15:30,90,06:15,59,1,,,0.0,false,14.8,247.22839629784787,false
1,31,15:30,91,06:30,60,1,,,0.0,false,14.8,247.69033024820655,false
1,31,15:30,92,06:45,61,1,,,0.0,false,14.8,248.15226419856523,false
1,31,15:30,93,07:00,62,1,,,0.0,false,14.8,248.61419814892392,false
1,31,15:30,94,07:15,63,1,,,0.0,false,14.8,249.0761320992826,false
1,31,15:30,95,07:30,64,1,,,0.0,false,14.8,249.5380660496413,false
1,31,15:30,96,07:45,65,1,,,0.0,false,14.8,250.0,false
1,32,15:45,32,15:45,0,1,,Loading/Swinging,3.1586,false,4.883075761689209,244.37288317957547,false
1,32,15:45,33,16:00,1,1,,Traveling,4.7101,false,3.705550761689209,244.37288317957547,false
1,32,15:45,34,16:15,2,1,,Charging,0.0,true,4.979300000000001,242.96152668283221,false
1,32,15:45,35,16:30,3,1,,Loading/Swinging,3.1586,false,4.189650000000001,242.96152668283221,false
1,32,15:45,36,16:45,4,1,,Loading/Swinging,3.1586,false,3.4000000000000012,242.96152668283221,false
1,32,15:45,37,17:00,5,1,,Charging,0.0,true,5.300000000000001,240.85626352493748,false
1,32,15:45,38,17:15,6,1,,Charging,0.0,true,7.200000000000001,238.75100036704274,false
1,32,15:45,39,17:30,7,1,,Charging,0.0,true,9.100000000000001,236.645737209148,false
1,32,15:45,40,17:45,8,1,,Charging,0.0,true,11.0,234.54047405125326,false
1,32,15:45,41,18:00,9,1,,Charging,0.0,true,12.9,232.43521089335852,false
1,32,15:45,42,18:15,10,1,,Charging,0.0,true,14.8,230.32994773546378,false
1,32,15:45,43,18:30,11,1,,,0.0,false,14.8,230.32994773546378,false
1,32,15:45,44,18:45,12,1,,,0.0,false,14.8,230.32994773546378,false
1,32,15:45,45,19:00,13,1,,,0.0,false,14.8,230.32994773546378,false
1,32,15:45,46,19:15,14,1,,,0.0,false,14.8,230.32994773546378,false
1,32,15:45,47,19:30,15,1,,,0.0,false,14.8,230.32994773546378,false
1,32,15:45,48,19:45,16,1,,,0.0,false,14.8,230.32994773546378,false
1,32,15:45,49,20:00,17,1,,,0.0,false,14.8,230.32994773546378,false
1,32,15:45,50,20:15,18,1,,,0.0,false,14.8,230.32994773546378,false
1,32,15:45,51,20:30,19,1,,,0.0,false,14.8,230.32994773546378,false
1,32,15:45,52,20:45,20,1,,,0.0,false,14.8,230.32994773546378,false
1,32,15:45,53,21:00,21,1,,,0.0,false,14.8,230.79188168582246,false
1,32,15:45,54,21:15,22,1,,,0.0,false,14.8,231.25381563618114,false
1,32,15:45,55,21:30,23,1,,,0.0,false,14.8,231.71574958653983,false
1,32,15:45,56,21:45,24,1,,,0.0,false,14.8,232.1776835368985,false
1,32,15:45,57,22:00,25,1,,,0.0,false,14.8,232.6396174872572,false
1,32,15:45,58,22:15,26,1,,,0.0,false,14.8,233.10155143761588,false
1,32,15:45,59,22:30,27,1,,,0.0,false,14.8,233.56348538797457,false
1,32,15:45,60,22:45,28,1,,,0.0,false,14.8,234.02541933833325,false
1,32,15:45,61,23:00,29,1,,,0.0,false,14.8,234.2942456878047,false
1,32,15:45,62,23:15,30,1,,,0.0,false,14.8,234.7561796381634,false
1,32,15:45,63,23:30,31,1,,,0.0,false,14.8,235.21811358852207,false
1,32,15:45,64,23:45,32,1,,,0.0,false,14.8,235.21811358852207,false
1,32,15:45,65,00:00,33,1,,,0.0,false,14.8,235.68004753888076,false
1,32,15:45,66,00:15,34,1,,,0.0,false,14.8,236.14198148923944,false
1,32,15:45,67,00:30,35,1,,,0.0,false,14.8,236.60391543959813,false
1,32,15:45,68,00:45,36,1,,,0.0,false,14.8,237.0658493899568,false
1,32,15:45,69,01:00,37,1,,,0.0,false,14.8,237.5277833403155,false
1,32,15:45,70,01:15,38,1,,,0.0,false,14.8,237.98971729067418,false
1,32,15:45,71,01:30,39,1,,,0.0,false,14.8,238.45165124103286,false
1,32,15:45,72,01:45,40,1,,,0.0,false,14.8,238.91358519139155,false
1,32,15:45,73,02:00,41,1,,,0.0,false,14.8,239.37551914175023,false
1,32,15:45,74,02:15,42,1,,,0.0,false,14.8,239.83745309210892,false
1,32,15:45,75,02:30,43,1,,,0.0,false,14.8,240.2993870424676,false
1,32,15:45,76,02:45,44,1,,,0.0,false,14.8,240.76132099282628,false
1,32,15:45,77,03:00,45,1,,,0.0,false,14.8,241.22325494318497,false
1,32,15:45,78,03:15,46,1,,,0.0,false,14.8,241.68518889354365,false
1,32,15:45,79,03:30,47,1,,,0.0,false,14.8,242.14712284390234,false
1,32,15:45,80,03:45,48,1,,,0.0,false,14.8,242.60905679426102,false
1,32,15:45,81,04:00,49,1,,,0.0,false,14.8,243.0709907446197,false
1,32,15:45,82,04:15,50,1,,,0.0,false,14.8,243.5329246949784,false
1,32,15:45,83,04:30,51,1,,,0.0,false,14.8,243.99485864533708,false
1,32,15:45,84,04:45,52,1,,,0.0,false,14.8,244.45679259569576,false
1,32,15:45,85,05:00,53,1,,,0.0,false,14.8,244.91872654605444,false
1,32,15:45,86,05:15,54,1,,,0.0,false,14.8,245.38066049641313,false
1,32,15:45,87,05:30,55,1,,,0.0,false,14.8,245.8425944467718,false
1,32,15:45,88,05:45,56,1,,,0.0,false,14.8,246.3045283971305,false
1,32,15:45,89,06:00,57,1,,,0.0,false,14.8,246.76646234748918,false
1,32,15:45,90,06:15,58,1,,,0.0,false,14.8,247.22839629784787,false
1,32,15:45,91,06:30,59,1,,,0.0,false,14.8,247.69033024820655,false
1,32,15:45,92,06:45,60,1,,,0.0,false,14.8,248.15226419856523,false
1,32,15:45,93,07:00,61,1,,,0.0,false,14.8,248.61419814892392,false
1,32,15:45,94,07:15,62,1,,,0.0,false,14.8,249.0761320992826,false
1,32,15:45,95,07:30,63,1,,,0.0,false,14.8,249.5380660496413,false
1,32,15:45,96,07:45,64,1,,,0.0,false,14.8,250.0,false
1,33,16:00,33,16:00,0,1,,Traveling,4.7101,false,3.5537507616892094,244.37288317957547,false
1,33,16:00,34,16:15,1,1,,Charging,0.0,true,4.979300000000001,242.79332723684882,false
1,33,16:00,35,16:30,2,1,,Loading/Swinging,3.1586,false,4.189650000000001,242.79332723684882,false
1,33,16:00,36,16:45,3,1,,Loading/Swinging,3.1586,false,3.4000000000000012,242.79332723684882,false
1,33,16:00,37,17:00,4,1,,Charging,0.0,true,5.300000000000001,240.68806407895408,false
1,33,16:00,38,17:15,5,1,,Charging,0.0,true,7.200000000000001,238.58280092105937,false
1,33,16:00,39,17:30,6,1,,Charging,0.0,true,9.1,236.47753776316463,false
1,33,16:00,40,17:45,7,1,,Charging,0.0,true,11.0,234.3722746052699,false
1,33,16:00,41,18:00,8,1,,Charging,0.0,true,12.9,232.26701144737515,false
1,33,16:00,42,18:15,9,1,,Charging,0.0,true,14.8,230.1617482894804,false
1,33,16:00,43,18:30,10,1,,,0.0,false,14.8,230.1617482894804,false
1,33,16:00,44,18:45,11,1,,,0.0,false,14.8,230.1617482894804,false
1,33,16:00,45,19:00,12,1,,,0.0,false,14.8,230.1617482894804,false
1,33,16:00,46,19:15,13,1,,,0.0,false,14.8,230.1617482894804,false
1,33,16:00,47,19:30,14,1,,,0.0,false,14.8,230.1617482894804,false
1,33,16:00,48,19:45,15,1,,,0.0,false,14.8,230.1617482894804,false
1,33,16:00,49,20:00,16,1,,,0.0,false,14.8,230.1617482894804,false
1,33,16:00,50,20:15,17,1,,,0.0,false,14.8,230.1617482894804,false
1,33,16:00,51,20:30,18,1,,,0.0,false,14.8,230.1617482894804,false
1,33,16:00,52,20:45,19,1,,,0.0,false,14.8,230.1617482894804,false
1,33,16:00,53,21:00,20,1,,,0.0,false,14.8,230.6236822398391,false
1,33,16:00,54,21:15,21,1,,,0.0,false,14.8,231.08561619019778,false
1,33,16:00,55,21:30,22,1,,,0.0,false,14.8,231.54755014055647,false
1,33,16:00,56,21:45,23,1,,,0.0,false,14.8,232.00948409091515,false
1,33,16:00,57,22:00,24,1,,,0.0,false,14.8,232.47141804127384,false
1,33,16:00,58,22:15,25,1,,,0.0,false,14.8,232.93335199163252,false
1,33,16:00,59,22:30,26,1,,,0.0,false,14.8,233.3952859419912,false
1,33,16:00,60,22:45,27,1,,,0.0,false,14.8,233.8572198923499,false
1,33,16:00,61,23:00,28,1,,,0.0,false,14.8,234.29424568780442,false
1,33,16:00,62,23:15,29,1,,,0.0,false,14.8,234.7561796381631,false
1,33,16:00,63,23:30,30,1,,,0.0,false,14.8,235.2181135885218,false
1,33,16:00,64,23:45,31,1,,,0.0,false,14.8,235.2181135885218,false
1,33,16:00,65,00:00,32,1,,,0.0,false,14.8,235.68004753888047,false
1,33,16:00,66,00:15,33,1,,,0.0,false,14.8,236.14198148923916,false
1,33,16:00,67,00:30,34,1,,,0.0,false,14.8,236.60391543959784,false
1,33,16:00,68,00:45,35,1,,,0.0,false,14.8,237.06584938995653,false
1,33,16:00,69,01:00,36,1,,,0.0,false,14.8,237.5277833403152,false
1,33,16:00,70,01:15,37,1,,,0.0,false,14.8,237.9897172906739,false
1,33,16:00,71,01:30,38,1,,,0.0,false,14.8,238.45165124103258,false
1,33,16:00,72,01:45,39,1,,,0.0,false,14.8,238.91358519139126,false
1,33,16:00,73,02:00,40,1,,,0.0,false,14.8,239.37551914174998,false
1,33,16:00,74,02:15,41,1,,,0.0,false,14.8,239.83745309210866,false
1,33,16:00,75,02:30,42,1,,,0.0,false,14.8,240.29938704246737,false
1,33,16:00,76,02:45,43,1,,,0.0,false,14.8,240.76132099282606,false
1,33,16:00,77,03:00,44,1,,,0.0,false,14.8,241.22325494318474,false
1,33,16:00,78,03:15,45,1,,,0.0,false,14.8,241.68518889354345,false
1,33,16:00,79,03:30,46,1,,,0.0,false,14.8,242.14712284390214,false
1,33,16:00,80,03:45,47,1,,,0.0,false,14.8,242.60905679426085,false
1,33,16:00,81,04:00,48,1,,,0.0,false,14.8,243.07099074461954,false
1,33,16:00,82,04:15,49,1,,,0.0,false,14.8,243.53292469497825,false
1,33,16:00,83,04:30,50,1,,,0.0,false,14.8,243.99485864533693,false
1,33,16:00,84,04:45,51,1,,,0.0,false,14.8,244.45679259569565,false
1,33,16:00,85,05:00,52,1,,,0.0,false,14.8,244.91872654605433,false
1,33,16:00,86,05:15,53,1,,,0.0,false,14.8,245.38066049641301,false
1,33,16:00,87,05:30,54,1,,,0.0,false,14.8,245.84259444677173,false
1,33,16:00,88,05:45,55,1,,,0.0,false,14.8,246.3045283971304,false
1,33,16:00,89,06:00,56,1,,,0.0,false,14.8,246.76646234748912,false
1,33,16:00,90,06:15,57,1,,,0.0,false,14.8,247.2283962978478,false
1,33,16:00,91,06:30,58,1,,,0.0,false,14.8,247.69033024820652,false
1,33,16:00,92,06:45,59,1,,,0.0,false,14.8,248.1522641985652,false
1,33,16:00,93,07:00,60,1,,,0.0,false,14.8,248.61419814892392,false
1,33,16:00,94,07:15,61,1,,,0.0,false,14.8,249.0761320992826,false
1,33,16:00,95,07:30,62,1,,,0.0,false,14.8,249.5380660496413,false
1,33,16:00,96,07:45,63,1,,,0.0,false,14.8,250.0,false
1,34,16:15,34,16:15,0,1,,Charging,0.0,true,4.979299999999999,242.81911671053305,false
1,34,16:15,35,16:30,1,1,,Loading/Swinging,3.1586,false,4.189649999999999,242.81911671053305,false
1,34,16:15,36,16:45,2,1,,Loading/Swinging,3.1586,false,3.3999999999999995,242.81911671053305,false
1,34,16:15,37,17:00,3,1,,Charging,0.0,true,5.299999999999999,240.7138535526383,false
1,34,16:15,38,17:15,4,1,,Charging,0.0,true,7.199999999999999,238.60859039474357,false
1,34,16:15,39,17:30,5,1,,Charging,0.0,true,9.1,236.50332723684883,false
1,34,16:15,40,17:45,6,1,,Charging,0.0,true,11.0,234.3980640789541,false
1,34,16:15,41,18:00,7,1,,Charging,0.0,true,12.9,232.29280092105935,false
1,34,16:15,42,18:15,8,1,,Charging,0.0,true,14.799999999999999,230.1875377631646,false
1,34,16:15,43,18:30,9,1,,,0.0,false,14.799999999999999,230.1875377631646,false
1,34,16:15,44,18:45,10,1,,,0.0,false,14.799999999999999,230.1875377631646,false
1,34,16:15,45,19:00,11,1,,,0.0,false,14.799999999999999,230.1875377631646,false
1,34,16:15,46,19:15,12,1,,,0.0,false,14.799999999999999,230.1875377631646,false
1,34,16:15,47,19:30,13,1,,,0.0,false,14.799999999999999,230.1875377631646,false
1,34,16:15,48,19:45,14,1,,,0.0,false,14.799999999999999,230.1875377631646,false
1,34,16:15,49,20:00,15,1,,,0.0,false,14.799999999999999,230.1875377631646,false
1,34,16:15,50,20:15,16,1,,,0.0,false,14.799999999999999,230.1875377631646,false
1,34,16:15,51,20:30,17,1,,,0.0,false,14.799999999999999,230.1875377631646,false
1,34,16:15,52,20:45,18,1,,,0.0,false,14.799999999999999,230.1875377631646,false
1,34,16:15,53,21:00,19,1,,,0.0,false,14.799999999999999,230.6494717135233,false
1,34,16:15,54,21:15,20,1,,,0.0,false,14.799999999999999,231.11140566388198,false
1,34,16:15,55,21:30,21,1,,,0.0,false,14.799999999999999,231.57333961424067,false
1,34,16:15,56,21:45,22,1,,,0.0,false,14.8,232.03527356459935,false
1,34,16:15,57,22:00,23,1,,,0.0,false,14.8,232.49720751495803,false
1,34,16:15,58,22:15,24,1,,,0.0,false,14.8,232.95914146531672,false
1,34,16:15,59,22:30,25,1,,,0.0,false,14.8,233.4210754156754,false
1,34,16:15,60,22:45,26,1,,,0.0,false,14.8,233.8830093660341,false
1,34,16:15,61,23:00,27,1,,,0.0,false,14.8,234.29424568780442,false
1,34,16:15,62,23:15,28,1,,,0.0,false,14.8,234.7561796381631,false
1,34,16:15,63,23:30,29,1,,,0.0,false,14.8,235.2181135885218,false
1,34,16:15,64,23:45,30,1,,,0.0,false,14.8,235.2181135885218,false
1,34,16:15,65,00:00,31,1,,,0.0,false,14.8,235.68004753888047,false
1,34,16:15,66,00:15,32,1,,,0.0,false,14.8,236.14198148923916,false
1,34,16:15,67,00:30,33,1,,,0.0,false,14.8,236.60391543959784,false
1,34,16:15,68,00:45,34,1,,,0.0,false,14.8,237.06584938995653,false
1,34,16:15,69,01:00,35,1,,,0.0,false,14.8,237.5277833403152,false
1,34,16:15,70,01:15,36,1,,,0.0,false,14.8,237.98971729067392,false
1,34,16:15,71,01:30,37,1,,,0.0,false,14.8,238.4516512410326,false
1,34,16:15,72,01:45,38,1,,,0.0,false,14.8,238.91358519139132,false
1,34,16:15,73,02:00,39,1,,,0.0,false,14.8,239.37551914175,false
1,34,16:15,74,02:15,40,1,,,0.0,false,14.8,239.83745309210872,false
1,34,16:15,75,02:30,41,1,,,0.0,false,14.8,240.2993870424674,false
1,34,16:15,76,02:45,42,1,,,0.0,false,14.8,240.76132099282609,false
1,34,16:15,77,03:00,43,1,,,0.0,false,14.8,241.2232549431848,false
1,34,16:15,78,03:15,44,1,,,0.0,false,14.8,241.68518889354348,false
1,34,16:15,79,03:30,45,1,,,0.0,false,14.8,242.1471228439022,false
1,34,16:15,80,03:45,46,1,,,0.0,false,14.8,242.60905679426088,false
1,34,16:15,81,04:00,47,1,,,0.0,false,14.8,243.0709907446196,false
1,34,16:15,82,04:15,48,1,,,0.0,false,14.8,243.53292469497828,false
1,34,16:15,83,04:30,49,1,,,0.0,false,14.8,243.994858645337,false
1,34,16:15,84,04:45,50,1,,,0.0,false,14.8,244.45679259569567,false
1,34,16:15,85,05:00,51,1,,,0.0,false,14.8,244.91872654605436,false
1,34,16:15,86,05:15,52,1,,,0.0,false,14.8,245.38066049641307,false
1,34,16:15,87,05:30,53,1,,,0.0,false,14.8,245.84259444677176,false
1,34,16:15,88,05:45,54,1,,,0.0,false,14.8,246.30452839713047,false
1,34,16:15,89,06:00,55,1,,,0.0,false,14.8,246.76646234748915,false
1,34,16:15,90,06:15,56,1,,,0.0,false,14.8,247.22839629784787,false
1,34,16:15,91,06:30,57,1,,,0.0,false,14.8,247.69033024820655,false
1,34,16:15,92,06:45,58,1,,,0.0,false,14.8,248.15226419856523,false
1,34,16:15,93,07:00,59,1,,,0.0,false,14.8,248.61419814892392,false
1,34,16:15,94,07:15,60,1,,,0.0,false,14.8,249.0761320992826,false
1,34,16:15,95,07:30,61,1,,,0.0,false,14.8,249.5380660496413,false
1,34,16:15,96,07:45,62,1,,,0.0,false,14.8,250.0,false
1,35,16:30,35,16:30,0,1,,Loading/Swinging,3.1586,false,4.083753907279514,242.81911671053305,false
1,35,16:30,36,16:45,1,1,,Loading/Swinging,3.1586,false,3.2941039072795144,242.81911671053305,false
1,35,16:30,37,17:00,2,1,,Charging,0.0,true,5.194103907279514,240.7138535526383,false
1,35,16:30,38,17:15,3,1,,Charging,0.0,true,7.094103907279514,238.60859039474357,false
1,35,16:30,39,17:30,4,1,,Charging,0.0,true,8.994103907279515,236.50332723684883,false
1,35,16:30,40,17:45,5,1,,Charging,0.0,true,10.894103907279515,234.3980640789541,false
1,35,16:30,41,18:00,6,1,,Charging,0.0,true,12.794103907279514,232.29280092105935,false
1,35,16:30,42,18:15,7,1,,Charging,0.0,true,14.694103907279514,230.1875377631646,false
1,35,16:30,43,18:30,8,1,,Charging,0.0,true,14.8,230.0702013723386,true
1,35,16:30,44,18:45,9,1,,,0.0,false,14.8,230.0702013723386,false
1,35,16:30,45,19:00,10,1,,,0.0,false,14.8,230.0702013723386,false
1,35,16:30,46,19:15,11,1,,,0.0,false,14.8,230.0702013723386,false
1,35,16:30,47,19:30,12,1,,,0.0,false,14.8,230.0702013723386,false
1,35,16:30,48,19:45,13,1,,,0.0,false,14.8,230.0702013723386,false
1,35,16:30,49,20:00,14,1,,,0.0,false,14.8,230.0702013723386,false
1,35,16:30,50,20:15,15,1,,,0.0,false,14.8,230.0702013723386,false
1,35,16:30,51,20:30,16,1,,,0.0,false,14.8,230.0702013723386,false
1,35,16:30,52,20:45,17,1,,,0.0,false,14.8,230.0702013723386,false
1,35,16:30,53,21:00,18,1,,,0.0,false,14.8,230.5321353226973,false
1,35,16:30,54,21:15,19,1,,,0.0,false,14.8,230.994069273056,false
1,35,16:30,55,21:30,20,1,,,0.0,false,14.8,231.45600322341468,false
1,35,16:30,56,21:45,21,1,,,0.0,false,14.8,231.91793717377337,false
1,35,16:30,57,22:00,22,1,,,0.0,false,14.8,232.37987112413208,false
1,35,16:30,58,22:15,23,1,,,0.0,false,14.8,232.84180507449076,false
1,35,16:30,59,22:30,24,1,,,0.0,false,14.8,233.30373902484948,false
1,35,16:30,60,22:45,25,1,,,0.0,false,14.8,233.76567297520816,false
1,35,16:30,61,23:00,26,1,,,0.0,false,14.8,234.22760692556687,false
1,35,16:30,62,23:15,27,1,,,0.0,false,14.8,234.68954087592556,false
1,35,16:30,63,23:30,28,1,,,0.0,false,14.8,235.15147482628424,false
1,35,16:30,64,23:45,29,1,,,0.0,false,14.8,235.2181135885218,false
1,35,16:30,65,00:00,30,1,,,0.0,false,14.8,235.68004753888047,false
1,35,16:30,66,00:15,31,1,,,0.0,false,14.8,236.14198148923919,false
1,35,16:30,67,00:30,32,1,,,0.0,false,14.8,236.60391543959787,false
1,35,16:30,68,00:45,33,1,,,0.0,false,14.8,237.06584938995658,false
1,35,16:30,69,01:00,34,1,,,0.0,false,14.8,237.52778334031527,false
1,35,16:30,70,01:15,35,1,,,0.0,false,14.8,237.98971729067398,false
1,35,16:30,71,01:30,36,1,,,0.0,false,14.8,238.45165124103266,false
1,35,16:30,72,01:45,37,1,,,0.0,false,14.8,238.91358519139138,false
1,35,16:30,73,02:00,38,1,,,0.0,false,14.8,239.37551914175006,false
1,35,16:30,74,02:15,39,1,,,0.0,false,14.8,239.83745309210875,false
1,35,16:30,75,02:30,40,1,,,0.0,false,14.8,240.29938704246746,false
1,35,16:30,76,02:45,41,1,,,0.0,false,14.8,240.76132099282614,false
1,35,16:30,77,03:00,42,1,,,0.0,false,14.8,241.22325494318486,false
1,35,16:30,78,03:15,43,1,,,0.0,false,14.8,241.68518889354354,false
1,35,16:30,79,03:30,44,1,,,0.0,false,14.8,242.14712284390222,false
1,35,16:30,80,03:45,45,1,,,0.0,false,14.8,242.60905679426094,false
1,35,16:30,81,04:00,46,1,,,0.0,false,14.8,243.07099074461962,false
1,35,16:30,82,04:15,47,1,,,0.0,false,14.8,243.53292469497825,false
1,35,16:30,83,04:30,48,1,,,0.0,false,14.8,243.99485864533693,false
1,35,16:30,84,04:45,49,1,,,0.0,false,14.8,244.45679259569565,false
1,35,16:30,85,05:00,50,1,,,0.0,false,14.8,244.91872654605433,false
1,35,16:30,86,05:15,51,1,,,0.0,false,14.8,245.38066049641304,false
1,35,16:30,87,05:30,52,1,,,0.0,false,14.8,245.84259444677173,false
1,35,16:30,88,05:45,53,1,,,0.0,false,14.8,246.3045283971304,false
1,35,16:30,89,06:00,54,1,,,0.0,false,14.8,246.76646234748912,false
1,35,16:30,90,06:15,55,1,,,0.0,false,14.8,247.2283962978478,false
1,35,16:30,91,06:30,56,1,,,0.0,false,14.8,247.69033024820652,false
1,35,16:30,92,06:45,57,1,,,0.0,false,14.8,248.1522641985652,false
1,35,16:30,93,07:00,58,1,,,0.0,false,14.8,248.6141981489239,false
1,35,16:30,94,07:15,59,1,,,0.0,false,14.8,249.0761320992826,false
1,35,16:30,95,07:30,60,1,,,0.0,false,14.8,249.5380660496413,false
1,35,16:30,96,07:45,61,1,,,0.0,false,14.8,250.0,false
1,36,16:45,36,16:45,0,1,,Loading/Swinging,3.1586,false,3.4312039072795146,242.81911671053305,false
1,36,16:45,37,17:00,1,1,,Charging,0.0,true,5.299999999999999,240.748428519153,false
1,36,16:45,38,17:15,2,1,,Charging,0.0,true,7.1999999999999975,238.64316536125827,false
1,36,16:45,39,17:30,3,1,,Charging,0.0,true,9.099999999999998,236.53790220336356,false
1,36,16:45,40,17:45,4,1,,Charging,0.0,true,10.999999999999998,234.43263904546882,false
1,36,16:45,41,18:00,5,1,,Charging,0.0,true,12.899999999999999,232.32737588757408,false
1,36,16:45,42,18:15,6,1,,Charging,0.0,true,14.8,230.22211272967934,false
1,36,16:45,43,18:30,7,1,,,0.0,false,14.8,230.22211272967934,true
1,36,16:45,44,18:45,8,1,,,0.0,false,14.8,230.22211272967934,false
1,36,16:45,45,19:00,9,1,,,0.0,false,14.8,230.22211272967934,false
1,36,16:45,46,19:15,10,1,,,0.0,false,14.8,230.22211272967934,false
1,36,16:45,47,19:30,11,1,,,0.0,false,14.8,230.22211272967934,false
1,36,16:45,48,19:45,12,1,,,0.0,false,14.8,230.22211272967934,false
1,36,16:45,49,20:00,13,1,,,0.0,false,14.8,230.22211272967934,false
1,36,16:45,50,20:15,14,1,,,0.0,false,14.8,230.22211272967934,false
1,36,16:45,51,20:30,15,1,,,0.0,false,14.8,230.22211272967934,false
1,36,16:45,52,20:45,16,1,,,0.0,false,14.8,230.22211272967934,false
1,36,16:45,53,21:00,17,1,,,0.0,false,14.8,230.68404668003802,false
1,36,16:45,54,21:15,18,1,,,0.0,false,14.8,231.1459806303967,false
1,36,16:45,55,21:30,19,1,,,0.0,false,14.8,231.6079145807554,false
1,36,16:45,56,21:45,20,1,,,0.0,false,14.8,232.06984853111408,false
1,36,16:45,57,22:00,21,1,,,0.0,false,14.8,232.53178248147276,false
1,36,16:45,58,22:15,22,1,,,0.0,false,14.8,232.99371643183144,false
1,36,16:45,59,22:30,23,1,,,0.0,false,14.8,233.45565038219013,false
1,36,16:45,60,22:45,24,1,,,0.0,false,14.8,233.9175843325488,false
1,36,16:45,61,23:00,25,1,,,0.0,false,14.8,234.29424568780442,false
1,36,16:45,62,23:15,26,1,,,0.0,false,14.8,234.7561796381631,false
1,36,16:45,63,23:30,27,1,,,0.0,false,14.8,235.2181135885218,false
1,36,16:45,64,23:45,28,1,,,0.0,false,14.8,235.2181135885218,false
1,36,16:45,65,00:00,29,1,,,0.0,false,14.8,235.68004753888047,false
1,36,16:45,66,00:15,30,1,,,0.0,false,14.8,236.14198148923916,false
1,36,16:45,67,00:30,31,1,,,0.0,false,14.8,236.60391543959784,false
1,36,16:45,68,00:45,32,1,,,0.0,false,14.8,237.06584938995653,false
1,36,16:45,69,01:00,33,1,,,0.0,false,14.8,237.5277833403152,false
1,36,16:45,70,01:15,34,1,,,0.0,false,14.8,237.98971729067392,false
1,36,16:45,71,01:30,35,1,,,0.0,false,14.8,238.4516512410326,false
1,36,16:45,72,01:45,36,1,,,0.0,false,14.8,238.91358519139132,false
1,36,16:45,73,02:00,37,1,,,0.0,false,14.8,239.37551914175,false
1,36,16:45,74,02:15,38,1,,,0.0,false,14.8,239.83745309210872,false
1,36,16:45,75,02:30,39,1,,,0.0,false,14.8,240.2993870424674,false
1,36,16:45,76,02:45,40,1,,,0.0,false,14.8,240.7613209928261,false
1,36,16:45,77,03:00,41,1,,,0.0,false,14.8,241.2232549431848,false
1,36,16:45,78,03:15,42,1,,,0.0,false,14.8,241.6851888935435,false
1,36,16:45,79,03:30,43,1,,,0.0,false,14.8,242.1471228439022,false
1,36,16:45,80,03:45,44,1,,,0.0,false,14.8,242.60905679426088,false
1,36,16:45,81,04:00,45,1,,,0.0,false,14.8,243.0709907446196,false
1,36,16:45,82,04:15,46,1,,,0.0,false,14.8,243.53292469497828,false
1,36,16:45,83,04:30,47,1,,,0.0,false,14.8,243.994858645337,false
1,36,16:45,84,04:45,48,1,,,0.0,false,14.8,244.45679259569567,false
1,36,16:45,85,05:00,49,1,,,0.0,false,14.8,244.9187265460544,false
1,36,16:45,86,05:15,50,1,,,0.0,false,14.8,245.38066049641307,false
1,36,16:45,87,05:30,51,1,,,0.0,false,14.8,245.84259444677178,false
1,36,16:45,88,05:45,52,1,,,0.0,false,14.8,246.30452839713047,false
1,36,16:45,89,06:00,53,1,,,0.0,false,14.8,246.76646234748915,false
1,36,16:45,90,06:15,54,1,,,0.0,false,14.8,247.22839629784784,false
1,36,16:45,91,06:30,55,1,,,0.0,false,14.8,247.69033024820652,false
1,36,16:45,92,06:45,56,1,,,0.0,false,14.8,248.1522641985652,false
1,36,16:45,93,07:00,57,1,,,0.0,false,14.8,248.6141981489239,false
1,36,16:45,94,07:15,58,1,,,0.0,false,14.8,249.0761320992826,false
1,36,16:45,95,07:30,59,1,,,0.0,false,14.8,249.5380660496413,false
1,36,16:45,96,07:45,60,1,,,0.0,false,14.8,250.0,false
1,37,17:00,37,17:00,0,1,,Charging,0.0,true,3.400000000000001,242.78588004269872,false
1,37,17:00,38,17:15,1,1,,Charging,0.0,true,5.300000000000001,240.68061688480398,false
1,37,17:00,39,17:30,2,1,,Charging,0.0,true,7.200000000000001,238.57535372690924,false
1,37,17:00,40,17:45,3,1,,Charging,0.0,true,9.100000000000001,236.4700905690145,false
1,37,17:00,41,18:00,4,1,,Charging,0.0,true,11.000000000000002,234.36482741111976,false
1,37,17:00,42,18:15,5,1,,Charging,0.0,true,12.900000000000002,232.25956425322502,false
1,37,17:00,43,18:30,6,1,,Charging,0.0,true,14.8,230.15430109533028,true
1,37,17:00,44,18:45,7,1,,,0.0,false,14.8,230.15430109533028,false
1,37,17:00,45,19:00,8,1,,,0.0,false,14.8,230.15430109533028,false
1,37,17:00,46,19:15,9,1,,,0.0,false,14.8,230.15430109533028,false
1,37,17:00,47,19:30,10,1,,,0.0,false,14.8,230.15430109533028,false
1,37,17:00,48,19:45,11,1,,,0.0,false,14.8,230.15430109533028,false
1,37,17:00,49,20:00,12,1,,,0.0,false,14.8,230.15430109533028,false
1,37,17:00,50,20:15,13,1,,,0.0,false,14.8,230.15430109533028,false
1,37,17:00,51,20:30,14,1,,,0.0,false,14.8,230.15430109533028,false
1,37,17:00,52,20:45,15,1,,,0.0,false,14.8,230.15430109533028,false
1,37,17:00,53,21:00,16,1,,,0.0,false,14.8,230.61623504568897,false
1,37,17:00,54,21:15,17,1,,,0.0,false,14.8,231.07816899604765,false
1,37,17:00,55,21:30,18,1,,,0.0,false,14.8,231.54010294640634,false
1,37,17:00,56,21:45,19,1,,,0.0,false,14.8,232.00203689676502,false
1,37,17:00,57,22:00,20,1,,,0.0,false,14.8,232.4639708471237,false
1,37,17:00,58,22:15,21,1,,,0.0,false,14.8,232.9259047974824,false
1,37,17:00,59,22:30,22,1,,,0.0,false,14.8,233.38783874784107,false
1,37,17:00,60,22:45,23,1,,,0.0,false,14.8,233.84977269819976,false
1,37,17:00,61,23:00,24,1,,,0.0,false,14.8,234.29424568780468,false
1,37,17:00,62,23:15,25,1,,,0.0,false,14.8,234.75617963816336,false
1,37,17:00,63,23:30,26,1,,,0.0,false,14.8,235.21811358852204,false
1,37,17:00,64,23:45,27,1,,,0.0,false,14.8,235.21811358852204,false
1,37,17:00,65,00:00,28,1,,,0.0,false,14.8,235.68004753888073,false
1,37,17:00,66,00:15,29,1,,,0.0,false,14.8,236.1419814892394,false
1,37,17:00,67,00:30,30,1,,,0.0,false,14.8,236.6039154395981,false
1,37,17:00,68,00:45,31,1,,,0.0,false,14.8,237.06584938995678,false
1,37,17:00,69,01:00,32,1,,,0.0,false,14.8,237.52778334031547,false
1,37,17:00,70,01:15,33,1,,,0.0,false,14.8,237.98971729067415,false
1,37,17:00,71,01:30,34,1,,,0.0,false,14.8,238.45165124103283,false
1,37,17:00,72,01:45,35,1,,,0.0,false,14.8,238.91358519139152,false
1,37,17:00,73,02:00,36,1,,,0.0,false,14.8,239.3755191417502,false
1,37,17:00,74,02:15,37,1,,,0.0,false,14.8,239.8374530921089,false
1,37,17:00,75,02:30,38,1,,,0.0,false,14.8,240.29938704246757,false
1,37,17:00,76,02:45,39,1,,,0.0,false,14.8,240.76132099282626,false
1,37,17:00,77,03:00,40,1,,,0.0,false,14.8,241.22325494318494,false
1,37,17:00,78,03:15,41,1,,,0.0,false,14.8,241.68518889354362,false
1,37,17:00,79,03:30,42,1,,,0.0,false,14.8,242.1471228439023,false
1,37,17:00,80,03:45,43,1,,,0.0,false,14.8,242.609056794261,false
1,37,17:00,81,04:00,44,1,,,0.0,false,14.8,243.07099074461968,false
1,37,17:00,82,04:15,45,1,,,0.0,false,14.8,243.53292469497836,false
1,37,17:00,83,04:30,46,1,,,0.0,false,14.8,243.99485864533705,false
1,37,17:00,84,04:45,47,1,,,0.0,false,14.8,244.45679259569573,false
1,37,17:00,85,05:00,48,1,,,0.0,false,14.8,244.91872654605442,false
1,37,17:00,86,05:15,49,1,,,0.0,false,14.8,245.3806604964131,false
1,37,17:00,87,05:30,50,1,,,0.0,false,14.8,245.84259444677178,false
1,37,17:00,88,05:45,51,1,,,0.0,false,14.8,246.30452839713047,false
1,37,17:00,89,06:00,52,1,,,0.0,false,14.8,246.76646234748915,false
1,37,17:00,90,06:15,53,1,,,0.0,false,14.8,247.22839629784784,false
1,37,17:00,91,06:30,54,1,,,0.0,false,14.8,247.69033024820652,false
1,37,17:00,92,06:45,55,1,,,0.0,false,14.8,248.1522641985652,false
1,37,17:00,93,07:00,56,1,,,0.0,false,14.8,248.6141981489239,false
1,37,17:00,94,07:15,57,1,,,0.0,false,14.8,249.0761320992826,false
1,37,17:00,95,07:30,58,1,,,0.0,false,14.8,249.5380660496413,false
1,37,17:00,96,07:45,59,1,,,0.0,false,14.8,250.0,false
1,38,17:15,38,17:15,0,1,,Charging,0.0,true,5.300000000000002,240.68236618311104,false
1,38,17:15,39,17:30,1,1,,Charging,0.0,true,7.199999999999999,238.5771030252163,false
1,38,17:15,40,17:45,2,1,,Charging,0.0,true,9.1,236.47183986732156,false
1,38,17:15,41,18:00,3,1,,Charging,0.0,true,11.0,234.36657670942682,false
1,38,17:15,42,18:15,4,1,,Charging,0.0,true,12.9,232.26131355153208,false
1,38,17:15,43,18:30,5,1,,Charging,0.0,true,14.8,230.15605039363734,false
1,38,17:15,44,18:45,6,1,,,0.0,false,14.8,230.15605039363734,false
1,38,17:15,45,19:00,7,1,,,0.0,false,14.8,230.15605039363734,false
1,38,17:15,46,19:15,8,1,,,0.0,false,14.8,230.15605039363734,false
1,38,17:15,47,19:30,9,1,,,0.0,false,14.8,230.15605039363734,false
1,38,17:15,48,19:45,10,1,,,0.0,false,14.8,230.15605039363734,false
1,38,17:15,49,20:00,11,1,,,0.0,false,14.8,230.15605039363734,false
1,38,17:15,50,20:15,12,1,,,0.0,false,14.8,230.15605039363734,false
1,38,17:15,51,20:30,13,1,,,0.0,false,14.8,230.15605039363734,false
1,38,17:15,52,20:45,14,1,,,0.0,false,14.8,230.15605039363734,false
1,38,17:15,53,21:00,15,1,,,0.0,false,14.8,230.61798434399603,false
1,38,17:15,54,21:15,16,1,,,0.0,false,14.8,231.0799182943547,false
1,38,17:15,55,21:30,17,1,,,0.0,false,14.8,231.5418522447134,false
1,38,17:15,56,21:45,18,1,,,0.0,false,14.8,232.00378619507208,false
1,38,17:15,57,22:00,19,1,,,0.0,false,14.8,232.46572014543077,false
1,38,17:15,58,22:15,20,1,,,0.0,false,14.8,232.92765409578945,false
1,38,17:15,59,22:30,21,1,,,0.0,false,14.8,233.38958804614813,false
1,38,17:15,60,22:45,22,1,,,0.0,false,14.8,233.85152199650682,false
1,38,17:15,61,23:00,23,1,,,0.0,false,14.8,234.29424568780445,false
1,38,17:15,62,23:15,24,1,,,0.0,false,14.8,234.75617963816313,false
1,38,17:15,63,23:30,25,1,,,0.0,false,14.8,235.21811358852182,false
1,38,17:15,64,23:45,26,1,,,0.0,false,14.8,235.21811358852182,false
1,38,17:15,65,00:00,27,1,,,0.0,false,14.8,235.6800475388805,false
1,38,17:15,66,00:15,28,1,,,0.0,false,14.8,236.14198148923919,false
1,38,17:15,67,00:30,29,1,,,0.0,false,14.8,236.60391543959787,false
1,38,17:15,68,00:45,30,1,,,0.0,false,14.8,237.06584938995655,false
1,38,17:15,69,01:00,31,1,,,0.0,false,14.8,237.52778334031524,false
1,38,17:15,70,01:15,32,1,,,0.0,false,14.8,237.98971729067392,false
1,38,17:15,71,01:30,33,1,,,0.0,false,14.8,238.4516512410326,false
1,38,17:15,72,01:45,34,1,,,0.0,false,14.8,238.9135851913913,false
1,38,17:15,73,02:00,35,1,,,0.0,false,14.8,239.37551914174998,false
1,38,17:15,74,02:15,36,1,,,0.0,false,14.8,239.83745309210866,false
1,38,17:15,75,02:30,37,1,,,0.0,false,14.8,240.29938704246734,false
1,38,17:15,76,02:45,38,1,,,0.0,false,14.8,240.76132099282606,false
1,38,17:15,77,03:00,39,1,,,0.0,false,14.8,241.22325494318474,false
1,38,17:15,78,03:15,40,1,,,0.0,false,14.8,241.68518889354345,false
1,38,17:15,79,03:30,41,1,,,0.0,false,14.8,242.14712284390214,false
1,38,17:15,80,03:45,42,1,,,0.0,false,14.8,242.60905679426085,false
1,38,17:15,81,04:00,43,1,,,0.0,false,14.8,243.07099074461954,false
1,38,17:15,82,04:15,44,1,,,0.0,false,14.8,243.53292469497822,false
1,38,17:15,83,04:30,45,1,,,0.0,false,14.8,243.99485864533693,false
1,38,17:15,84,04:45,46,1,,,0.0,false,14.8,244.45679259569562,false
1,38,17:15,85,05:00,47,1,,,0.0,false,14.8,244.91872654605433,false
1,38,17:15,86,05:15,48,1,,,0.0,false,14.8,245.38066049641301,false
1,38,17:15,87,05:30,49,1,,,0.0,false,14.8,245.84259444677173,false
1,38,17:15,88,05:45,50,1,,,0.0,false,14.8,246.3045283971304,false
1,38,17:15,89,06:00,51,1,,,0.0,false,14.8,246.76646234748915,false
1,38,17:15,90,06:15,52,1,,,0.0,false,14.8,247.22839629784784,false
1,38,17:15,91,06:30,53,1,,,0.0,false,14.8,247.69033024820652,false
1,38,17:15,92,06:45,54,1,,,0.0,false,14.8,248.15226419856523,false
1,38,17:15,93,07:00,55,1,,,0.0,false,14.8,248.61419814892392,false
1,38,17:15,94,07:15,56,1,,,0.0,false,14.8,249.0761320992826,false
1,38,17:15,95,07:30,57,1,,,0.0,false,14.8,249.5380660496413,false
1,38,17:15,96,07:45,58,1,,,0.0,false,14.8,250.0,false
1,39,17:30,39,17:30,0,1,,Charging,0.0,true,7.200000000000002,238.68781428098407,false
1,39,17:30,40,17:45,1,1,,Charging,0.0,true,9.100000000000001,236.58255112308936,false
1,39,17:30,41,18:00,2,1,,Charging,0.0,true,11.000000000000002,234.47728796519462,false
1,39,17:30,42,18:15,3,1,,Charging,0.0,true,12.900000000000002,232.37202480729988,false
1,39,17:30,43,18:30,4,1,,Charging,0.0,true,14.800000000000002,230.26676164940514,false
1,39,17:30,44,18:45,5,1,,,0.0,false,14.800000000000002,230.26676164940514,false
1,39,17:30,45,19:00,6,1,,,0.0,false,14.8,230.26676164940514,false
1,39,17:30,46,19:15,7,1,,,0.0,false,14.8,230.26676164940514,false
1,39,17:30,47,19:30,8,1,,,0.0,false,14.8,230.26676164940514,false
1,39,17:30,48,19:45,9,1,,,0.0,false,14.8,230.26676164940514,false
1,39,17:30,49,20:00,10,1,,,0.0,false,14.8,230.26676164940514,false
1,39,17:30,50,20:15,11,1,,,0.0,false,14.8,230.26676164940514,false
1,39,17:30,51,20:30,12,1,,,0.0,false,14.8,230.26676164940514,false
1,39,17:30,52,20:45,13,1,,,0.0,false,14.8,230.26676164940514,false
1,39,17:30,53,21:00,14,1,,,0.0,false,14.8,230.72869559976382,false
1,39,17:30,54,21:15,15,1,,,0.0,false,14.8,231.1906295501225,false
1,39,17:30,55,21:30,16,1,,,0.0,false,14.8,231.6525635004812,false
1,39,17:30,56,21:45,17,1,,,0.0,false,14.8,232.11449745083988,false
1,39,17:30,57,22:00,18,1,,,0.0,false,14.8,232.57643140119856,false
1,39,17:30,58,22:15,19,1,,,0.0,false,14.8,233.03836535155725,false
1,39,17:30,59,22:30,20,1,,,0.0,false,14.8,233.50029930191593,false
1,39,17:30,60,22:45,21,1,,,0.0,false,14.8,233.96223325227461,false
1,39,17:30,61,23:00,22,1,,,0.0,false,14.8,234.29424568780445,false
1,39,17:30,62,23:15,23,1,,,0.0,false,14.8,234.75617963816313,false
1,39,17:30,63,23:30,24,1,,,0.0,false,14.8,235.21811358852182,false
1,39,17:30,64,23:45,25,1,,,0.0,false,14.8,235.21811358852182,false
1,39,17:30,65,00:00,26,1,,,0.0,false,14.8,235.6800475388805,false
1,39,17:30,66,00:15,27,1,,,0.0,false,14.8,236.14198148923919,false
1,39,17:30,67,00:30,28,1,,,0.0,false,14.8,236.60391543959787,false
1,39,17:30,68,00:45,29,1,,,0.0,false,14.8,237.06584938995655,false
1,39,17:30,69,01:00,30,1,,,0.0,false,14.8,237.52778334031524,false
1,39,17:30,70,01:15,31,1,,,0.0,false,14.8,237.98971729067392,false
1,39,17:30,71,01:30,32,1,,,0.0,false,14.8,238.4516512410326,false
1,39,17:30,72,01:45,33,1,,,0.0,false,14.8,238.9135851913913,false
1,39,17:30,73,02:00,34,1,,,0.0,false,14.8,239.37551914174998,false
1,39,17:30,74,02:15,35,1,,,0.0,false,14.8,239.83745309210866,false
1,39,17:30,75,02:30,36,1,,,0.0,false,14.8,240.29938704246737,false
1,39,17:30,76,02:45,37,1,,,0.0,false,14.8,240.76132099282606,false
1,39,17:30,77,03:00,38,1,,,0.0,false,14.8,241.22325494318474,false
1,39,17:30,78,03:15,39,1,,,0.0,false,14.8,241.68518889354345,false
1,39,17:30,79,03:30,40,1,,,0.0,false,14.8,242.14712284390214,false
1,39,17:30,80,03:45,41,1,,,0.0,false,14.8,242.60905679426085,false
1,39,17:30,81,04:00,42,1,,,0.0,false,14.8,243.07099074461954,false
1,39,17:30,82,04:15,43,1,,,0.0,false,14.8,243.53292469497825,false
1,39,17:30,83,04:30,44,1,,,0.0,false,14.8,243.99485864533693,false
1,39,17:30,84,04:45,45,1,,,0.0,false,14.8,244.45679259569565,false
1,39,17:30,85,05:00,46,1,,,0.0,false,14.8,244.91872654605433,false
1,39,17:30,86,05:15,47,1,,,0.0,false,14.8,245.38066049641301,false
1,39,17:30,87,05:30,48,1,,,0.0,false,14.8,245.84259444677173,false
1,39,17:30,88,05:45,49,1,,,0.0,false,14.8,246.3045283971304,false
1,39,17:30,89,06:00,50,1,,,0.0,false,14.8,246.76646234748912,false
1,39,17:30,90,06:15,51,1,,,0.0,false,14.8,247.2283962978478,false
1,39,17:30,91,06:30,52,1,,,0.0,false,14.8,247.69033024820652,false
1,39,17:30,92,06:45,53,1,,,0.0,false,14.8,248.1522641985652,false
1,39,17:30,93,07:00,54,1,,,0.0,false,14.8,248.6141981489239,false
1,39,17:30,94,07:15,55,1,,,0.0,false,14.8,249.0761320992826,false
1,39,17:30,95,07:30,56,1,,,0.0,false,14.8,249.5380660496413,false
1,39,17:30,96,07:45,57,1,,,0.0,false,14.8,250.0,false
1,40,17:45,40,17:45,0,1,,Charging,0.0,true,9.194741215351048,236.58255112308933,false
1,40,17:45,41,18:00,1,1,,Charging,0.0,true,11.094741215351046,234.4772879651946,false
1,40,17:45,42,18:15,2,1,,Charging,0.0,true,12.994741215351047,232.37202480729985,false
1,40,17:45,43,18:30,3,1,,Charging,0.0,true,14.800000000000013,230.37173806530654,false
1,40,17:45,44,18:45,4,1,,,0.0,false,14.800000000000013,230.37173806530654,false
1,40,17:45,45,19:00,5,1,,,0.0,false,14.800000000000013,230.37173806530654,false
1,40,17:45,46,19:15,6,1,,,0.0,false,14.8,230.37173806530654,false
1,40,17:45,47,19:30,7,1,,,0.0,false,14.8,230.37173806530654,false
1,40,17:45,48,19:45,8,1,,,0.0,false,14.8,230.37173806530654,false
1,40,17:45,49,20:00,9,1,,,0.0,false,14.8,230.37173806530654,false
1,40,17:45,50,20:15,10,1,,,0.0,false,14.8,230.37173806530654,false
1,40,17:45,51,20:30,11,1,,,0.0,false,14.8,230.37173806530654,false
1,40,17:45,52,20:45,12,1,,,0.0,false,14.8,230.37173806530654,false
1,40,17:45,53,21:00,13,1,,,0.0,false,14.8,230.83367201566523,false
1,40,17:45,54,21:15,14,1,,,0.0,false,14.8,231.2956059660239,false
1,40,17:45,55,21:30,15,1,,,0.0,false,14.8,231.75753991638263,false
1,40,17:45,56,21:45,16,1,,,0.0,false,14.8,232.2194738667413,false
1,40,17:45,57,22:00,17,1,,,0.0,false,14.8,232.6814078171,false
1,40,17:45,58,22:15,18,1,,,0.0,false,14.8,233.14334176745868,false
1,40,17:45,59,22:30,19,1,,,0.0,false,14.8,233.6052757178174,false
1,40,17:45,60,22:45,20,1,,,0.0,false,14.8,234.06720966817608,false
1,40,17:45,61,23:00,21,1,,,0.0,false,14.8,234.29424568780428,false
1,40,17:45,62,23:15,22,1,,,0.0,false,14.8,234.75617963816296,false
1,40,17:45,63,23:30,23,1,,,0.0,false,14.8,235.21811358852165,false
1,40,17:45,64,23:45,24,1,,,0.0,false,14.8,235.21811358852167,false
1,40,17:45,65,00:00,25,1,,,0.0,false,14.8,235.68004753888036,false
1,40,17:45,66,00:15,26,1,,,0.0,false,14.8,236.14198148923904,false
1,40,17:45,67,00:30,27,1,,,0.0,false,14.8,236.60391543959773,false
1,40,17:45,68,00:45,28,1,,,0.0,false,14.8,237.06584938995644,false
1,40,17:45,69,01:00,29,1,,,0.0,false,14.8,237.52778334031512,false
1,40,17:45,70,01:15,30,1,,,0.0,false,14.8,237.9897172906738,false
1,40,17:45,71,01:30,31,1,,,0.0,false,14.8,238.4516512410325,false
1,40,17:45,72,01:45,32,1,,,0.0,false,14.8,238.91358519139118,false
1,40,17:45,73,02:00,33,1,,,0.0,false,14.8,239.3755191417499,false
1,40,17:45,74,02:15,34,1,,,0.0,false,14.8,239.83745309210857,false
1,40,17:45,75,02:30,35,1,,,0.0,false,14.8,240.29938704246726,false
1,40,17:45,76,02:45,36,1,,,0.0,false,14.8,240.76132099282594,false
1,40,17:45,77,03:00,37,1,,,0.0,false,14.8,241.22325494318463,false
1,40,17:45,78,03:15,38,1,,,0.0,false,14.8,241.68518889354334,false
1,40,17:45,79,03:30,39,1,,,0.0,false,14.8,242.14712284390203,false
1,40,17:45,80,03:45,40,1,,,0.0,false,14.8,242.6090567942607,false
1,40,17:45,81,04:00,41,1,,,0.0,false,14.8,243.07099074461942,false
1,40,17:45,82,04:15,42,1,,,0.0,false,14.8,243.5329246949781,false
1,40,17:45,83,04:30,43,1,,,0.0,false,14.8,243.9948586453368,false
1,40,17:45,84,04:45,44,1,,,0.0,false,14.8,244.45679259569548,false
1,40,17:45,85,05:00,45,1,,,0.0,false,14.8,244.91872654605422,false
1,40,17:45,86,05:15,46,1,,,0.0,false,14.8,245.3806604964129,false
1,40,17:45,87,05:30,47,1,,,0.0,false,14.8,245.84259444677159,false
1,40,17:45,88,05:45,48,1,,,0.0,false,14.8,246.3045283971303,false
1,40,17:45,89,06:00,49,1,,,0.0,false,14.8,246.76646234748898,false
1,40,17:45,90,06:15,50,1,,,0.0,false,14.8,247.2283962978477,false
1,40,17:45,91,06:30,51,1,,,0.0,false,14.8,247.69033024820638,false
1,40,17:45,92,06:45,52,1,,,0.0,false,14.8,248.15226419856506,false
1,40,17:45,93,07:00,53,1,,,0.0,false,14.8,248.61419814892375,false
1,40,17:45,94,07:15,54,1,,,0.0,false,14.8,249.07613209928243,false
1,40,17:45,95,07:30,55,1,,,0.0,false,14.8,249.5380660496413,false
1,40,17:45,96,07:45,56,1,,,0.0,false,14.8,250.0,false
1,41,18:00,41,18:00,0,1,,Charging,0.0,true,11.194741215351048,234.4772879651946,false
1,41,18:00,42,18:15,1,1,,Charging,0.0,true,13.094741215351046,232.37202480729985,false
1,41,18:00,43,18:30,2,1,,Charging,0.0,true,14.8,230.48254138940626,false
1,41,18:00,44,18:45,3,1,,,0.0,false,14.8,230.48254138940626,false
1,41,18:00,45,19:00,4,1,,,0.0,false,14.8,230.48254138940626,false
1,41,18:00,46,19:15,5,1,,,0.0,false,14.8,230.48254138940626,false
1,41,18:00,47,19:30,6,1,,,0.0,false,14.8,230.48254138940626,false
1,41,18:00,48,19:45,7,1,,,0.0,false,14.8,230.48254138940626,false
1,41,18:00,49,20:00,8,1,,,0.0,false,14.8,230.48254138940626,false
1,41,18:00,50,20:15,9,1,,,0.0,false,14.8,230.48254138940626,false
1,41,18:00,51,20:30,10,1,,,0.0,false,14.8,230.48254138940626,false
1,41,18:00,52,20:45,11,1,,,0.0,false,14.8,230.48254138940626,false
1,41,18:00,53,21:00,12,1,,,0.0,false,14.8,230.94447533976495,false
1,41,18:00,54,21:15,13,1,,,0.0,false,14.8,231.40640929012363,false
1,41,18:00,55,21:30,14,1,,,0.0,false,14.8,231.86834324048232,false
1,41,18:00,56,21:45,15,1,,,0.0,false,14.8,232.330277190841,false
1,41,18:00,57,22:00,16,1,,,0.0,false,14.8,232.7922111411997,false
1,41,18:00,58,22:15,17,1,,,0.0,false,14.8,233.25414509155837,false
1,41,18:00,59,22:30,18,1,,,0.0,false,14.8,233.71607904191706,false
1,41,18:00,60,22:45,19,1,,,0.0,false,14.8,234.17801299227574,false
1,41,18:00,61,23:00,20,1,,,0.0,false,14.8,234.29424568780468,false
1,41,18:00,62,23:15,21,1,,,0.0,false,14.8,234.75617963816336,false
1,41,18:00,63,23:30,22,1,,,0.0,false,14.8,235.21811358852204,false
1,41,18:00,64,23:45,23,1,,,0.0,false,14.8,235.21811358852204,false
1,41,18:00,65,00:00,24,1,,,0.0,false,14.8,235.68004753888073,false
1,41,18:00,66,00:15,25,1,,,0.0,false,14.8,236.1419814892394,false
1,41,18:00,67,00:30,26,1,,,0.0,false,14.8,236.6039154395981,false
1,41,18:00,68,00:45,27,1,,,0.0,false,14.8,237.06584938995678,false
1,41,18:00,69,01:00,28,1,,,0.0,false,14.8,237.52778334031547,false
1,41,18:00,70,01:15,29,1,,,0.0,false,14.8,237.98971729067415,false
1,41,18:00,71,01:30,30,1,,,0.0,false,14.8,238.45165124103283,false
1,41,18:00,72,01:45,31,1,,,0.0,false,14.8,238.91358519139152,false
1,41,18:00,73,02:00,32,1,,,0.0,false,14.8,239.3755191417502,false
1,41,18:00,74,02:15,33,1,,,0.0,false,14.8,239.8374530921089,false
1,41,18:00,75,02:30,34,1,,,0.0,false,14.8,240.29938704246757,false
1,41,18:00,76,02:45,35,1,,,0.0,false,14.8,240.76132099282626,false
1,41,18:00,77,03:00,36,1,,,0.0,false,14.8,241.22325494318497,false
1,41,18:00,78,03:15,37,1,,,0.0,false,14.8,241.68518889354365,false
1,41,18:00,79,03:30,38,1,,,0.0,false,14.8,242.14712284390234,false
1,41,18:00,80,03:45,39,1,,,0.0,false,14.8,242.60905679426105,false
1,41,18:00,81,04:00,40,1,,,0.0,false,14.8,243.07099074461973,false
1,41,18:00,82,04:15,41,1,,,0.0,false,14.8,243.53292469497825,false
1,41,18:00,83,04:30,42,1,,,0.0,false,14.8,243.99485864533693,false
1,41,18:00,84,04:45,43,1,,,0.0,false,14.8,244.45679259569565,false
1,41,18:00,85,05:00,44,1,,,0.0,false,14.8,244.91872654605433,false
1,41,18:00,86,05:15,45,1,,,0.0,false,14.8,245.38066049641304,false
1,41,18:00,87,05:30,46,1,,,0.0,false,14.8,245.84259444677173,false
1,41,18:00,88,05:45,47,1,,,0.0,false,14.8,246.3045283971304,false
1,41,18:00,89,06:00,48,1,,,0.0,false,14.8,246.76646234748912,false
1,41,18:00,90,06:15,49,1,,,0.0,false,14.8,247.2283962978478,false
1,41,18:00,91,06:30,50,1,,,0.0,false,14.8,247.69033024820652,false
1,41,18:00,92,06:45,51,1,,,0.0,false,14.8,248.1522641985652,false
1,41,18:00,93,07:00,52,1,,,0.0,false,14.8,248.61419814892392,false
1,41,18:00,94,07:15,53,1,,,0.0,false,14.8,249.0761320992826,false
1,41,18:00,95,07:30,54,1,,,0.0,false,14.8,249.5380660496413,false
1,41,18:00,96,07:45,55,1,,,0.0,false,14.8,250.0,false
1,42,18:15,42,18:15,0,1,,Charging,0.0,true,13.194741215351048,232.37202480729985,false
1,42,18:15,43,18:30,1,1,,Charging,0.0,true,14.8,230.59334471350599,false
1,42,18:15,44,18:45,2,1,,,0.0,false,14.8,230.59334471350599,false
1,42,18:15,45,19:00,3,1,,,0.0,false,14.8,230.59334471350599,false
1,42,18:15,46,19:15,4,1,,,0.0,false,14.8,230.59334471350599,false
1,42,18:15,47,19:30,5,1,,,0.0,false,14.8,230.59334471350599,false
1,42,18:15,48,19:45,6,1,,,0.0,false,14.8,230.59334471350599,false
1,42,18:15,49,20:00,7,1,,,0.0,false,14.8,230.59334471350599,false
1,42,18:15,50,20:15,8,1,,,0.0,false,14.8,230.59334471350599,false
1,42,18:15,51,20:30,9,1,,,0.0,false,14.8,230.59334471350599,false
1,42,18:15,52,20:45,10,1,,,0.0,false,14.8,230.59334471350599,false
1,42,18:15,53,21:00,11,1,,,0.0,false,14.8,231.05527866386467,false
1,42,18:15,54,21:15,12,1,,,0.0,false,14.8,231.51721261422335,false
1,42,18:15,55,21:30,13,1,,,0.0,false,14.8,231.97914656458204,false
1,42,18:15,56,21:45,14,1,,,0.0,false,14.8,232.44108051494072,false
1,42,18:15,57,22:00,15,1,,,0.0,false,14.8,232.9030144652994,false
1,42,18:15,58,22:15,16,1,,,0.0,false,14.8,233.3649484156581,false
1,42,18:15,59,22:30,17,1,,,0.0,false,14.8,233.82688236601678,false
1,42,18:15,60,22:45,18,1,,,0.0,false,14.8,234.28881631637546,false
1,42,18:15,61,23:00,19,1,,,0.0,false,14.8,234.29424568780445,false
1,42,18:15,62,23:15,20,1,,,0.0,false,14.8,234.75617963816313,false
1,42,18:15,63,23:30,21,1,,,0.0,false,14.8,235.21811358852182,false
1,42,18:15,64,23:45,22,1,,,0.0,false,14.8,235.21811358852182,false
1,42,18:15,65,00:00,23,1,,,0.0,false,14.8,235.6800475388805,false
1,42,18:15,66,00:15,24,1,,,0.0,false,14.8,236.14198148923919,false
1,42,18:15,67,00:30,25,1,,,0.0,false,14.8,236.60391543959787,false
1,42,18:15,68,00:45,26,1,,,0.0,false,14.8,237.06584938995655,false
1,42,18:15,69,01:00,27,1,,,0.0,false,14.8,237.52778334031524,false
1,42,18:15,70,01:15,28,1,,,0.0,false,14.8,237.98971729067392,false
1,42,18:15,71,01:30,29,1,,,0.0,false,14.8,238.4516512410326,false
1,42,18:15,72,01:45,30,1,,,0.0,false,14.8,238.9135851913913,false
1,42,18:15,73,02:00,31,1,,,0.0,false,14.8,239.37551914174998,false
1,42,18:15,74,02:15,32,1,,,0.0,false,14.8,239.83745309210866,false
1,42,18:15,75,02:30,33,1,,,0.0,false,14.8,240.29938704246734,false
1,42,18:15,76,02:45,34,1,,,0.0,false,14.8,240.76132099282603,false
1,42,18:15,77,03:00,35,1,,,0.0,false,14.8,241.22325494318474,false
1,42,18:15,78,03:15,36,1,,,0.0,false,14.8,241.68518889354343,false
1,42,18:15,79,03:30,37,1,,,0.0,false,14.8,242.14712284390214,false
1,42,18:15,80,03:45,38,1,,,0.0,false,14.8,242.60905679426082,false
1,42,18:15,81,04:00,39,1,,,0.0,false,14.8,243.07099074461954,false
1,42,18:15,82,04:15,40,1,,,0.0,false,14.8,243.53292469497822,false
1,42,18:15,83,04:30,41,1,,,0.0,false,14.8,243.9948586453369,false
1,42,18:15,84,04:45,42,1,,,0.0,false,14.8,244.45679259569562,false
1,42,18:15,85,05:00,43,1,,,0.0,false,14.8,244.9187265460543,false
1,42,18:15,86,05:15,44,1,,,0.0,false,14.8,245.38066049641301,false
1,42,18:15,87,05:30,45,1,,,0.0,false,14.8,245.8425944467717,false
1,42,18:15,88,05:45,46,1,,,0.0,false,14.8,246.3045283971304,false
1,42,18:15,89,06:00,47,1,,,0.0,false,14.8,246.7664623474891,false
1,42,18:15,90,06:15,48,1,,,0.0,false,14.8,247.2283962978478,false
1,42,18:15,91,06:30,49,1,,,0.0,false,14.8,247.6903302482065,false
1,42,18:15,92,06:45,50,1,,,0.0,false,14.8,248.1522641985652,false
1,42,18:15,93,07:00,51,1,,,0.0,false,14.8,248.61419814892392,false
1,42,18:15,94,07:15,52,1,,,0.0,false,14.8,249.0761320992826,false
1,42,18:15,95,07:30,53,1,,,0.0,false,14.8,249.5380660496413,false
1,42,18:15,96,07:45,54,1,,,0.0,false,14.8,250.0,false
1,43,18:30,43,18:30,0,1,,Charging,0.0,true,14.8,230.70414803760573,false
1,43,18:30,44,18:45,1,1,,,0.0,false,14.8,230.70414803760573,false
1,43,18:30,45,19:00,2,1,,,0.0,false,14.8,230.70414803760573,false
1,43,18:30,46,19:15,3,1,,,0.0,false,14.8,230.70414803760573,false
1,43,18:30,47,19:30,4,1,,,0.0,false,14.8,230.70414803760573,false
1,43,18:30,48,19:45,5,1,,,0.0,false,14.8,230.70414803760573,false
1,43,18:30,49,20:00,6,1,,,0.0,false,14.8,230.70414803760573,false
1,43,18:30,50,20:15,7,1,,,0.0,false,14.8,230.70414803760573,false
1,43,18:30,51,20:30,8,1,,,0.0,false,14.8,230.70414803760573,false
1,43,18:30,52,20:45,9,1,,,0.0,false,14.8,230.70414803760573,false
1,43,18:30,53,21:00,10,1,,,0.0,false,14.8,231.16608198796442,false
1,43,18:30,54,21:15,11,1,,,0.0,false,14.8,231.6280159383231,false
1,43,18:30,55,21:30,12,1,,,0.0,false,14.8,232.0899498886818,false
1,43,18:30,56,21:45,13,1,,,0.0,false,14.8,232.55188383904047,false
1,43,18:30,57,22:00,14,1,,,0.0,false,14.8,233.01381778939916,false
1,43,18:30,58,22:15,15,1,,,0.0,false,14.8,233.47575173975784,false
1,43,18:30,59,22:30,16,1,,,0.0,false,14.8,233.93768569011652,false
1,43,18:30,60,22:45,17,1,,,0.0,false,14.8,234.3996196404752,false
1,43,18:30,61,23:00,18,1,,,0.0,false,14.8,234.39961964047524,false
1,43,18:30,62,23:15,19,1,,,0.0,false,14.8,234.86155359083392,false
1,43,18:30,63,23:30,20,1,,,0.0,false,14.8,235.21811358852182,false
1,43,18:30,64,23:45,21,1,,,0.0,false,14.8,235.21811358852182,false
1,43,18:30,65,00:00,22,1,,,0.0,false,14.8,235.6800475388805,false
1,43,18:30,66,00:15,23,1,,,0.0,false,14.8,236.1419814892392,false
1,43,18:30,67,00:30,24,1,,,0.0,false,14.8,236.6039154395979,false
1,43,18:30,68,00:45,25,1,,,0.0,false,14.8,237.0658493899566,false
1,43,18:30,69,01:00,26,1,,,0.0,false,14.8,237.5277833403153,false
1,43,18:30,70,01:15,27,1,,,0.0,false,14.8,237.98971729067398,false
1,43,18:30,71,01:30,28,1,,,0.0,false,14.8,238.45165124103266,false
1,43,18:30,72,01:45,29,1,,,0.0,false,14.8,238.91358519139135,false
1,43,18:30,73,02:00,30,1,,,0.0,false,14.8,239.37551914175003,false
1,43,18:30,74,02:15,31,1,,,0.0,false,14.8,239.83745309210872,false
1,43,18:30,75,02:30,32,1,,,0.0,false,14.8,240.2993870424674,false
1,43,18:30,76,02:45,33,1,,,0.0,false,14.8,240.7613209928261,false
1,43,18:30,77,03:00,34,1,,,0.0,false,14.8,241.2232549431848,false
1,43,18:30,78,03:15,35,1,,,0.0,false,14.8,241.6851888935435,false
1,43,18:30,79,03:30,36,1,,,0.0,false,14.8,242.1471228439022,false
1,43,18:30,80,03:45,37,1,,,0.0,false,14.8,242.60905679426088,false
1,43,18:30,81,04:00,38,1,,,0.0,false,14.8,243.07099074461956,false
1,43,18:30,82,04:15,39,1,,,0.0,false,14.8,243.53292469497825,false
1,43,18:30,83,04:30,40,1,,,0.0,false,14.8,243.994858645337,false
1,43,18:30,84,04:45,41,1,,,0.0,false,14.8,244.45679259569567,false
1,43,18:30,85,05:00,42,1,,,0.0,false,14.8,244.9187265460544,false
1,43,18:30,86,05:15,43,1,,,0.0,false,14.8,245.38066049641307,false
1,43,18:30,87,05:30,44,1,,,0.0,false,14.8,245.84259444677176,false
1,43,18:30,88,05:45,45,1,,,0.0,false,14.8,246.30452839713044,false
1,43,18:30,89,06:00,46,1,,,0.0,false,14.8,246.76646234748912,false
1,43,18:30,90,06:15,47,1,,,0.0,false,14.8,247.2283962978478,false
1,43,18:30,91,06:30,48,1,,,0.0,false,14.8,247.69033024820655,false
1,43,18:30,92,06:45,49,1,,,0.0,false,14.8,248.15226419856523,false
1,43,18:30,93,07:00,50,1,,,0.0,false,14.8,248.61419814892392,false
1,43,18:30,94,07:15,51,1,,,0.0,false,14.8,249.07613209928263,false
1,43,18:30,95,07:30,52,1,,,0.0,false,14.8,249.5380660496413,false
1,43,18:30,96,07:45,53,1,,,0.0,false,14.8,250.0,false
1,44,18:45,44,18:45,0,1,,,0.0,false,14.8,230.70414803760573,false
1,44,18:45,45,19:00,1,1,,,0.0,false,14.8,230.70414803760573,false
1,44,18:45,46,19:15,2,1,,,0.0,false,14.8,230.70414803760573,false
1,44,18:45,47,19:30,3,1,,,0.0,false,14.8,230.70414803760573,false
1,44,18:45,48,19:45,4,1,,,0.0,false,14.8,230.70414803760573,false
1,44,18:45,49,20:00,5,1,,,0.0,false,14.8,230.70414803760573,false
1,44,18:45,50,20:15,6,1,,,0.0,false,14.8,230.70414803760573,false
1,44,18:45,51,20:30,7,1,,,0.0,false,14.8,230.70414803760573,false
1,44,18:45,52,20:45,8,1,,,0.0,false,14.8,230.70414803760573,false
1,44,18:45,53,21:00,9,1,,,0.0,false,14.8,231.16608198796442,false
1,44,18:45,54,21:15,10,1,,,0.0,false,14.8,231.62801593832313,false
1,44,18:45,55,21:30,11,1,,,0.0,false,14.8,232.08994988868182,false
1,44,18:45,56,21:45,12,1,,,0.0,false,14.8,232.55188383904053,false
1,44,18:45,57,22:00,13,1,,,0.0,false,14.8,233.0138177893992,false
1,44,18:45,58,22:15,14,1,,,0.0,false,14.8,233.47575173975792,false
1,44,18:45,59,22:30,15,1,,,0.0,false,14.8,233.9376856901166,false
1,44,18:45,60,22:45,16,1,,,0.0,false,14.8,234.39961964047532,false
1,44,18:45,61,23:00,17,1,,,0.0,false,14.8,234.39961964047532,false
1,44,18:45,62,23:15,18,1,,,0.0,false,14.8,234.861553590834,false
1,44,18:45,63,23:30,19,1,,,0.0,false,14.8,235.21811358852173,false
1,44,18:45,64,23:45,20,1,,,0.0,false,14.8,235.21811358852173,false
1,44,18:45,65,00:00,21,1,,,0.0,false,14.8,235.68004753888042,false
1,44,18:45,66,00:15,22,1,,,0.0,false,14.8,236.1419814892391,false
1,44,18:45,67,00:30,23,1,,,0.0,false,14.8,236.6039154395978,false
1,44,18:45,68,00:45,24,1,,,0.0,false,14.8,237.0658493899565,false
1,44,18:45,69,01:00,25,1,,,0.0,false,14.8,237.5277833403152,false
1,44,18:45,70,01:15,26,1,,,0.0,false,14.8,237.9897172906739,false
1,44,18:45,71,01:30,27,1,,,0.0,false,14.8,238.45165124103258,false
1,44,18:45,72,01:45,28,1,,,0.0,false,14.8,238.9135851913913,false
1,44,18:45,73,02:00,29,1,,,0.0,false,14.8,239.37551914174998,false
1,44,18:45,74,02:15,30,1,,,0.0,false,14.8,239.8374530921087,false
1,44,18:45,75,02:30,31,1,,,0.0,false,14.8,240.29938704246737,false
1,44,18:45,76,02:45,32,1,,,0.0,false,14.8,240.76132099282609,false
1,44,18:45,77,03:00,33,1,,,0.0,false,14.8,241.22325494318477,false
1,44,18:45,78,03:15,34,1,,,0.0,false,14.8,241.68518889354348,false
1,44,18:45,79,03:30,35,1,,,0.0,false,14.8,242.14712284390217,false
1,44,18:45,80,03:45,36,1,,,0.0,false,14.8,242.60905679426085,false
1,44,18:45,81,04:00,37,1,,,0.0,false,14.8,243.07099074461956,false
1,44,18:45,82,04:15,38,1,,,0.0,false,14.8,243.53292469497825,false
1,44,18:45,83,04:30,39,1,,,0.0,false,14.8,243.99485864533696,false
1,44,18:45,84,04:45,40,1,,,0.0,false,14.8,244.45679259569565,false
1,44,18:45,85,05:00,41,1,,,0.0,false,14.8,244.91872654605436,false
1,44,18:45,86,05:15,42,1,,,0.0,false,14.8,245.38066049641304,false
1,44,18:45,87,05:30,43,1,,,0.0,false,14.8,245.84259444677176,false
1,44,18:45,88,05:45,44,1,,,0.0,false,14.8,246.30452839713044,false
1,44,18:45,89,06:00,45,1,,,0.0,false,14.8,246.76646234748912,false
1,44,18:45,90,06:15,46,1,,,0.0,false,14.8,247.22839629784784,false
1,44,18:45,91,06:30,47,1,,,0.0,false,14.8,247.69033024820652,false
1,44,18:45,92,06:45,48,1,,,0.0,false,14.8,248.15226419856523,false
1,44,18:45,93,07:00,49,1,,,0.0,false,14.8,248.61419814892392,false
1,44,18:45,94,07:15,50,1,,,0.0,false,14.8,249.0761320992826,false
1,44,18:45,95,07:30,51,1,,,0.0,false,14.8,249.53806604964132,false
1,44,18:45,96,07:45,52,1,,,0.0,false,14.8,250.0,false
1,45,19:00,45,19:00,0,1,,,0.0,false,14.8,230.70414803760573,false
1,45,19:00,46,19:15,1,1,,,0.0,false,14.8,230.70414803760573,false
1,45,19:00,47,19:30,2,1,,,0.0,false,14.8,230.70414803760573,false
1,45,19:00,48,19:45,3,1,,,0.0,false,14.8,230.70414803760573,false
1,45,19:00,49,20:00,4,1,,,0.0,false,14.8,230.70414803760573,false
1,45,19:00,50,20:15,5,1,,,0.0,false,14.8,230.70414803760573,false
1,45,19:00,51,20:30,6,1,,,0.0,false,14.8,230.70414803760573,false
1,45,19:00,52,20:45,7,1,,,0.0,false,14.8,230.70414803760573,false
1,45,19:00,53,21:00,8,1,,,0.0,false,14.8,231.16608198796442,false
1,45,19:00,54,21:15,9,1,,,0.0,false,14.8,231.62801593832313,false
1,45,19:00,55,21:30,10,1,,,0.0,false,14.8,232.08994988868182,false
1,45,19:00,56,21:45,11,1,,,0.0,false,14.8,232.55188383904053,false
1,45,19:00,57,22:00,12,1,,,0.0,false,14.8,233.0138177893992,false
1,45,19:00,58,22:15,13,1,,,0.0,false,14.8,233.47575173975792,false
1,45,19:00,59,22:30,14,1,,,0.0,false,14.8,233.9376856901166,false
1,45,19:00,60,22:45,15,1,,,0.0,false,14.8,234.39961964047532,false
1,45,19:00,61,23:00,16,1,,,0.0,false,14.8,234.39961964047532,false
1,45,19:00,62,23:15,17,1,,,0.0,false,14.8,234.861553590834,false
1,45,19:00,63,23:30,18,1,,,0.0,false,14.8,235.21811358852173,false
1,45,19:00,64,23:45,19,1,,,0.0,false,14.8,235.21811358852173,false
1,45,19:00,65,00:00,20,1,,,0.0,false,14.8,235.68004753888042,false
1,45,19:00,66,00:15,21,1,,,0.0,false,14.8,236.1419814892391,false
1,45,19:00,67,00:30,22,1,,,0.0,false,14.8,236.6039154395978,false
1,45,19:00,68,00:45,23,1,,,0.0,false,14.8,237.0658493899565,false
1,45,19:00,69,01:00,24,1,,,0.0,false,14.8,237.5277833403152,false
1,45,19:00,70,01:15,25,1,,,0.0,false,14.8,237.9897172906739,false
1,45,19:00,71,01:30,26,1,,,0.0,false,14.8,238.45165124103258,false
1,45,19:00,72,01:45,27,1,,,0.0,false,14.8,238.9135851913913,false
1,45,19:00,73,02:00,28,1,,,0.0,false,14.8,239.37551914174998,false
1,45,19:00,74,02:15,29,1,,,0.0,false,14.8,239.8374530921087,false
1,45,19:00,75,02:30,30,1,,,0.0,false,14.8,240.29938704246737,false
1,45,19:00,76,02:45,31,1,,,0.0,false,14.8,240.76132099282609,false
1,45,19:00,77,03:00,32,1,,,0.0,false,14.8,241.22325494318477,false
1,45,19:00,78,03:15,33,1,,,0.0,false,14.8,241.68518889354348,false
1,45,19:00,79,03:30,34,1,,,0.0,false,14.8,242.14712284390217,false
1,45,19:00,80,03:45,35,1,,,0.0,false,14.8,242.60905679426085,false
1,45,19:00,81,04:00,36,1,,,0.0,false,14.8,243.07099074461956,false
1,45,19:00,82,04:15,37,1,,,0.0,false,14.8,243.53292469497825,false
1,45,19:00,83,04:30,38,1,,,0.0,false,14.8,243.99485864533696,false
1,45,19:00,84,04:45,39,1,,,0.0,false,14.8,244.45679259569565,false
1,45,19:00,85,05:00,40,1,,,0.0,false,14.8,244.91872654605436,false
1,45,19:00,86,05:15,41,1,,,0.0,false,14.8,245.38066049641304,false
1,45,19:00,87,05:30,42,1,,,0.0,false,14.8,245.84259444677176,false
1,45,19:00,88,05:45,43,1,,,0.0,false,14.8,246.30452839713044,false
1,45,19:00,89,06:00,44,1,,,0.0,false,14.8,246.76646234748912,false
1,45,19:00,90,06:15,45,1,,,0.0,false,14.8,247.22839629784784,false
1,45,19:00,91,06:30,46,1,,,0.0,false,14.8,247.69033024820652,false
1,45,19:00,92,06:45,47,1,,,0.0,false,14.8,248.15226419856523,false
1,45,19:00,93,07:00,48,1,,,0.0,false,14.8,248.61419814892392,false
1,45,19:00,94,07:15,49,1,,,0.0,false,14.8,249.0761320992826,false
1,45,19:00,95,07:30,50,1,,,0.0,false,14.8,249.53806604964132,false
1,45,19:00,96,07:45,51,1,,,0.0,false,14.8,250.0,false
1,46,19:15,46,19:15,0,1,,,0.0,false,14.8,230.70414803760573,false
1,46,19:15,47,19:30,1,1,,,0.0,false,14.8,230.70414803760573,false
1,46,19:15,48,19:45,2,1,,,0.0,false,14.8,230.70414803760573,false
1,46,19:15,49,20:00,3,1,,,0.0,false,14.8,230.70414803760573,false
1,46,19:15,50,20:15,4,1,,,0.0,false,14.8,230.70414803760573,false
1,46,19:15,51,20:30,5,1,,,0.0,false,14.8,230.70414803760573,false
1,46,19:15,52,20:45,6,1,,,0.0,false,14.8,230.70414803760573,false
1,46,19:15,53,21:00,7,1,,,0.0,false,14.8,231.16608198796442,false
1,46,19:15,54,21:15,8,1,,,0.0,false,14.8,231.62801593832313,false
1,46,19:15,55,21:30,9,1,,,0.0,false,14.8,232.08994988868182,false
1,46,19:15,56,21:45,10,1,,,0.0,false,14.8,232.55188383904053,false
1,46,19:15,57,22:00,11,1,,,0.0,false,14.8,233.0138177893992,false
1,46,19:15,58,22:15,12,1,,,0.0,false,14.8,233.47575173975792,false
1,46,19:15,59,22:30,13,1,,,0.0,false,14.8,233.9376856901166,false
1,46,19:15,60,22:45,14,1,,,0.0,false,14.8,234.39961964047532,false
1,46,19:15,61,23:00,15,1,,,0.0,false,14.8,234.39961964047532,false
1,46,19:15,62,23:15,16,1,,,0.0,false,14.8,234.861553590834,false
1,46,19:15,63,23:30,17,1,,,0.0,false,14.8,235.21811358852173,false
1,46,19:15,64,23:45,18,1,,,0.0,false,14.8,235.21811358852173,false
1,46,19:15,65,00:00,19,1,,,0.0,false,14.8,235.68004753888042,false
1,46,19:15,66,00:15,20,1,,,0.0,false,14.8,236.1419814892391,false
1,46,19:15,67,00:30,21,1,,,0.0,false,14.8,236.6039154395978,false
1,46,19:15,68,00:45,22,1,,,0.0,false,14.8,237.0658493899565,false
1,46,19:15,69,01:00,23,1,,,0.0,false,14.8,237.5277833403152,false
1,46,19:15,70,01:15,24,1,,,0.0,false,14.8,237.9897172906739,false
1,46,19:15,71,01:30,25,1,,,0.0,false,14.8,238.45165124103258,false
1,46,19:15,72,01:45,26,1,,,0.0,false,14.8,238.9135851913913,false
1,46,19:15,73,02:00,27,1,,,0.0,false,14.8,239.37551914174998,false
1,46,19:15,74,02:15,28,1,,,0.0,false,14.8,239.8374530921087,false
1,46,19:15,75,02:30,29,1,,,0.0,false,14.8,240.29938704246737,false
1,46,19:15,76,02:45,30,1,,,0.0,false,14.8,240.76132099282609,false
1,46,19:15,77,03:00,31,1,,,0.0,false,14.8,241.22325494318477,false
1,46,19:15,78,03:15,32,1,,,0.0,false,14.8,241.68518889354348,false
1,46,19:15,79,03:30,33,1,,,0.0,false,14.8,242.14712284390217,false
1,46,19:15,80,03:45,34,1,,,0.0,false,14.8,242.60905679426085,false
1,46,19:15,81,04:00,35,1,,,0.0,false,14.8,243.07099074461956,false
1,46,19:15,82,04:15,36,1,,,0.0,false,14.8,243.53292469497825,false
1,46,19:15,83,04:30,37,1,,,0.0,false,14.8,243.99485864533696,false
1,46,19:15,84,04:45,38,1,,,0.0,false,14.8,244.45679259569565,false
1,46,19:15,85,05:00,39,1,,,0.0,false,14.8,244.91872654605436,false
1,46,19:15,86,05:15,40,1,,,0.0,false,14.8,245.38066049641304,false
1,46,19:15,87,05:30,41,1,,,0.0,false,14.8,245.84259444677176,false
1,46,19:15,88,05:45,42,1,,,0.0,false,14.8,246.30452839713044,false
1,46,19:15,89,06:00,43,1,,,0.0,false,14.8,246.76646234748912,false
1,46,19:15,90,06:15,44,1,,,0.0,false,14.8,247.22839629784784,false
1,46,19:15,91,06:30,45,1,,,0.0,false,14.8,247.69033024820652,false
1,46,19:15,92,06:45,46,1,,,0.0,false,14.8,248.15226419856523,false
1,46,19:15,93,07:00,47,1,,,0.0,false,14.8,248.61419814892392,false
1,46,19:15,94,07:15,48,1,,,0.0,false,14.8,249.0761320992826,false
1,46,19:15,95,07:30,49,1,,,0.0,false,14.8,249.53806604964132,false
1,46,19:15,96,07:45,50,1,,,0.0,false,14.8,250.0,false
1,47,19:30,47,19:30,0,1,,,0.0,false,14.8,230.70414803760573,false
1,47,19:30,48,19:45,1,1,,,0.0,false,14.8,230.70414803760573,false
1,47,19:30,49,20:00,2,1,,,0.0,false,14.8,230.70414803760573,false
1,47,19:30,50,20:15,3,1,,,0.0,false,14.8,230.70414803760573,false
1,47,19:30,51,20:30,4,1,,,0.0,false,14.8,230.70414803760573,false
1,47,19:30,52,20:45,5,1,,,0.0,false,14.8,230.70414803760573,false
1,47,19:30,53,21:00,6,1,,,0.0,false,14.8,231.1660819879644,false
1,47,19:30,54,21:15,7,1,,,0.0,false,14.8,231.6280159383231,false
1,47,19:30,55,21:30,8,1,,,0.0,false,14.8,232.0899498886818,false
1,47,19:30,56,21:45,9,1,,,0.0,false,14.8,232.5518838390405,false
1,47,19:30,57,22:00,10,1,,,0.0,false,14.8,233.01381778939918,false
1,47,19:30,58,22:15,11,1,,,0.0,false,14.8,233.4757517397579,false
1,47,19:30,59,22:30,12,1,,,0.0,false,14.8,233.93768569011658,false
1,47,19:30,60,22:45,13,1,,,0.0,false,14.8,234.3996196404753,false
1,47,19:30,61,23:00,14,1,,,0.0,false,14.8,234.3996196404753,false
1,47,19:30,62,23:15,15,1,,,0.0,false,14.8,234.86155359083398,false
1,47,19:30,63,23:30,16,1,,,0.0,false,14.8,235.2181135885217,false
1,47,19:30,64,23:45,17,1,,,0.0,false,14.8,235.2181135885217,false
1,47,19:30,65,00:00,18,1,,,0.0,false,14.8,235.68004753888042,false
1,47,19:30,66,00:15,19,1,,,0.0,false,14.8,236.1419814892391,false
1,47,19:30,67,00:30,20,1,,,0.0,false,14.8,236.6039154395978,false
1,47,19:30,68,00:45,21,1,,,0.0,false,14.8,237.0658493899565,false
1,47,19:30,69,01:00,22,1,,,0.0,false,14.8,237.5277833403152,false
1,47,19:30,70,01:15,23,1,,,0.0,false,14.8,237.9897172906739,false
1,47,19:30,71,01:30,24,1,,,0.0,false,14.8,238.45165124103258,false
1,47,19:30,72,01:45,25,1,,,0.0,false,14.8,238.9135851913913,false
1,47,19:30,73,02:00,26,1,,,0.0,false,14.8,239.37551914174998,false
1,47,19:30,74,02:15,27,1,,,0.0,false,14.8,239.8374530921087,false
1,47,19:30,75,02:30,28,1,,,0.0,false,14.8,240.29938704246737,false
1,47,19:30,76,02:45,29,1,,,0.0,false,14.8,240.76132099282609,false
1,47,19:30,77,03:00,30,1,,,0.0,false,14.8,241.22325494318477,false
1,47,19:30,78,03:15,31,1,,,0.0,false,14.8,241.68518889354348,false
1,47,19:30,79,03:30,32,1,,,0.0,false,14.8,242.14712284390217,false
1,47,19:30,80,03:45,33,1,,,0.0,false,14.8,242.60905679426085,false
1,47,19:30,81,04:00,34,1,,,0.0,false,14.8,243.07099074461956,false
1,47,19:30,82,04:15,35,1,,,0.0,false,14.8,243.53292469497825,false
1,47,19:30,83,04:30,36,1,,,0.0,false,14.8,243.99485864533696,false
1,47,19:30,84,04:45,37,1,,,0.0,false,14.8,244.45679259569565,false
1,47,19:30,85,05:00,38,1,,,0.0,false,14.8,244.91872654605436,false
1,47,19:30,86,05:15,39,1,,,0.0,false,14.8,245.38066049641304,false
1,47,19:30,87,05:30,40,1,,,0.0,false,14.8,245.84259444677176,false
1,47,19:30,88,05:45,41,1,,,0.0,false,14.8,246.30452839713044,false
1,47,19:30,89,06:00,42,1,,,0.0,false,14.8,246.76646234748912,false
1,47,19:30,90,06:15,43,1,,,0.0,false,14.8,247.22839629784784,false
1,47,19:30,91,06:30,44,1,,,0.0,false,14.8,247.69033024820652,false
1,47,19:30,92,06:45,45,1,,,0.0,false,14.8,248.15226419856523,false
1,47,19:30,93,07:00,46,1,,,0.0,false,14.8,248.61419814892392,false
1,47,19:30,94,07:15,47,1,,,0.0,false,14.8,249.0761320992826,false
1,47,19:30,95,07:30,48,1,,,0.0,false,14.8,249.53806604964132,false
1,47,19:30,96,07:45,49,1,,,0.0,false,14.8,250.0,false
1,48,19:45,48,19:45,0,1,,,0.0,false,14.8,230.70414803760573,false
1,48,19:45,49,20:00,1,1,,,0.0,false,14.8,230.70414803760573,false
1,48,19:45,50,20:15,2,1,,,0.0,false,14.8,230.70414803760573,false
1,48,19:45,51,20:30,3,1,,,0.0,false,14.8,230.70414803760573,false
1,48,19:45,52,20:45,4,1,,,0.0,false,14.8,230.70414803760573,false
1,48,19:45,53,21:00,5,1,,,0.0,false,14.8,231.16608198796442,false
1,48,19:45,54,21:15,6,1,,,0.0,false,14.8,231.62801593832313,false
1,48,19:45,55,21:30,7,1,,,0.0,false,14.8,232.08994988868182,false
1,48,19:45,56,21:45,8,1,,,0.0,false,14.8,232.55188383904053,false
1,48,19:45,57,22:00,9,1,,,0.0,false,14.8,233.0138177893992,false
1,48,19:45,58,22:15,10,1,,,0.0,false,14.8,233.47575173975792,false
1,48,19:45,59,22:30,11,1,,,0.0,false,14.8,233.9376856901166,false
1,48,19:45,60,22:45,12,1,,,0.0,false,14.8,234.39961964047532,false
1,48,19:45,61,23:00,13,1,,,0.0,false,14.8,234.39961964047532,false
1,48,19:45,62,23:15,14,1,,,0.0,false,14.8,234.861553590834,false
1,48,19:45,63,23:30,15,1,,,0.0,false,14.8,235.21811358852173,false
1,48,19:45,64,23:45,16,1,,,0.0,false,14.8,235.21811358852173,false
1,48,19:45,65,00:00,17,1,,,0.0,false,14.8,235.68004753888042,false
1,48,19:45,66,00:15,18,1,,,0.0,false,14.8,236.1419814892391,false
1,48,19:45,67,00:30,19,1,,,0.0,false,14.8,236.6039154395978,false
1,48,19:45,68,00:45,20,1,,,0.0,false,14.8,237.0658493899565,false
1,48,19:45,69,01:00,21,1,,,0.0,false,14.8,237.5277833403152,false
1,48,19:45,70,01:15,22,1,,,0.0,false,14.8,237.9897172906739,false
1,48,19:45,71,01:30,23,1,,,0.0,false,14.8,238.45165124103258,false
1,48,19:45,72,01:45,24,1,,,0.0,false,14.8,238.9135851913913,false
1,48,19:45,73,02:00,25,1,,,0.0,false,14.8,239.37551914174998,false
1,48,19:45,74,02:15,26,1,,,0.0,false,14.8,239.8374530921087,false
1,48,19:45,75,02:30,27,1,,,0.0,false,14.8,240.29938704246737,false
1,48,19:45,76,02:45,28,1,,,0.0,false,14.8,240.76132099282609,false
1,48,19:45,77,03:00,29,1,,,0.0,false,14.8,241.22325494318477,false
1,48,19:45,78,03:15,30,1,,,0.0,false,14.8,241.68518889354348,false
1,48,19:45,79,03:30,31,1,,,0.0,false,14.8,242.14712284390217,false
1,48,19:45,80,03:45,32,1,,,0.0,false,14.8,242.60905679426085,false
1,48,19:45,81,04:00,33,1,,,0.0,false,14.8,243.07099074461956,false
1,48,19:45,82,04:15,34,1,,,0.0,false,14.8,243.53292469497825,false
1,48,19:45,83,04:30,35,1,,,0.0,false,14.8,243.99485864533696,false
1,48,19:45,84,04:45,36,1,,,0.0,false,14.8,244.45679259569565,false
1,48,19:45,85,05:00,37,1,,,0.0,false,14.8,244.91872654605436,false
1,48,19:45,86,05:15,38,1,,,0.0,false,14.8,245.38066049641304,false
1,48,19:45,87,05:30,39,1,,,0.0,false,14.8,245.84259444677176,false
1,48,19:45,88,05:45,40,1,,,0.0,false,14.8,246.30452839713044,false
1,48,19:45,89,06:00,41,1,,,0.0,false,14.8,246.76646234748912,false
1,48,19:45,90,06:15,42,1,,,0.0,false,14.8,247.22839629784784,false
1,48,19:45,91,06:30,43,1,,,0.0,false,14.8,247.69033024820652,false
1,48,19:45,92,06:45,44,1,,,0.0,false,14.8,248.15226419856523,false
1,48,19:45,93,07:00,45,1,,,0.0,false,14.8,248.61419814892392,false
1,48,19:45,94,07:15,46,1,,,0.0,false,14.8,249.0761320992826,false
1,48,19:45,95,07:30,47,1,,,0.0,false,14.8,249.53806604964132,false
1,48,19:45,96,07:45,48,1,,,0.0,false,14.8,250.0,false
1,49,20:00,49,20:00,0,1,,,0.0,false,14.8,230.70414803760573,false
1,49,20:00,50,20:15,1,1,,,0.0,false,14.8,230.70414803760573,false
1,49,20:00,51,20:30,2,1,,,0.0,false,14.8,230.70414803760573,false
1,49,20:00,52,20:45,3,1,,,0.0,false,14.8,230.70414803760573,false
1,49,20:00,53,21:00,4,1,,,0.0,false,14.8,231.16608198796442,false
1,49,20:00,54,21:15,5,1,,,0.0,false,14.8,231.62801593832313,false
1,49,20:00,55,21:30,6,1,,,0.0,false,14.8,232.08994988868182,false
1,49,20:00,56,21:45,7,1,,,0.0,false,14.8,232.55188383904053,false
1,49,20:00,57,22:00,8,1,,,0.0,false,14.8,233.0138177893992,false
1,49,20:00,58,22:15,9,1,,,0.0,false,14.8,233.4757517397579,false
1,49,20:00,59,22:30,10,1,,,0.0,false,14.8,233.93768569011658,false
1,49,20:00,60,22:45,11,1,,,0.0,false,14.8,234.3996196404753,false
1,49,20:00,61,23:00,12,1,,,0.0,false,14.8,234.3996196404753,false
1,49,20:00,62,23:15,13,1,,,0.0,false,14.8,234.86155359083398,false
1,49,20:00,63,23:30,14,1,,,0.0,false,14.8,235.2181135885217,false
1,49,20:00,64,23:45,15,1,,,0.0,false,14.8,235.2181135885217,false
1,49,20:00,65,00:00,16,1,,,0.0,false,14.8,235.68004753888042,false
1,49,20:00,66,00:15,17,1,,,0.0,false,14.8,236.1419814892391,false
1,49,20:00,67,00:30,18,1,,,0.0,false,14.8,236.6039154395978,false
1,49,20:00,68,00:45,19,1,,,0.0,false,14.8,237.0658493899565,false
1,49,20:00,69,01:00,20,1,,,0.0,false,14.8,237.5277833403152,false
1,49,20:00,70,01:15,21,1,,,0.0,false,14.8,237.9897172906739,false
1,49,20:00,71,01:30,22,1,,,0.0,false,14.8,238.45165124103258,false
1,49,20:00,72,01:45,23,1,,,0.0,false,14.8,238.9135851913913,false
1,49,20:00,73,02:00,24,1,,,0.0,false,14.8,239.37551914174998,false
1,49,20:00,74,02:15,25,1,,,0.0,false,14.8,239.8374530921087,false
1,49,20:00,75,02:30,26,1,,,0.0,false,14.8,240.29938704246737,false
1,49,20:00,76,02:45,27,1,,,0.0,false,14.8,240.76132099282609,false
1,49,20:00,77,03:00,28,1,,,0.0,false,14.8,241.22325494318477,false
1,49,20:00,78,03:15,29,1,,,0.0,false,14.8,241.68518889354348,false
1,49,20:00,79,03:30,30,1,,,0.0,false,14.8,242.14712284390217,false
1,49,20:00,80,03:45,31,1,,,0.0,false,14.8,242.60905679426085,false
1,49,20:00,81,04:00,32,1,,,0.0,false,14.8,243.07099074461956,false
1,49,20:00,82,04:15,33,1,,,0.0,false,14.8,243.53292469497825,false
1,49,20:00,83,04:30,34,1,,,0.0,false,14.8,243.99485864533696,false
1,49,20:00,84,04:45,35,1,,,0.0,false,14.8,244.45679259569565,false
1,49,20:00,85,05:00,36,1,,,0.0,false,14.8,244.91872654605436,false
1,49,20:00,86,05:15,37,1,,,0.0,false,14.8,245.38066049641304,false
1,49,20:00,87,05:30,38,1,,,0.0,false,14.8,245.84259444677176,false
1,49,20:00,88,05:45,39,1,,,0.0,false,14.8,246.30452839713044,false
1,49,20:00,89,06:00,40,1,,,0.0,false,14.8,246.76646234748912,false
1,49,20:00,90,06:15,41,1,,,0.0,false,14.8,247.22839629784784,false
1,49,20:00,91,06:30,42,1,,,0.0,false,14.8,247.69033024820652,false
1,49,20:00,92,06:45,43,1,,,0.0,false,14.8,248.15226419856523,false
1,49,20:00,93,07:00,44,1,,,0.0,false,14.8,248.61419814892392,false
1,49,20:00,94,07:15,45,1,,,0.0,false,14.8,249.0761320992826,false
1,49,20:00,95,07:30,46,1,,,0.0,false,14.8,249.53806604964132,false
1,49,20:00,96,07:45,47,1,,,0.0,false,14.8,250.0,false
1,50,20:15,50,20:15,0,1,,,0.0,false,14.8,230.70414803760573,false
1,50,20:15,51,20:30,1,1,,,0.0,false,14.8,230.70414803760573,false
1,50,20:15,52,20:45,2,1,,,0.0,false,14.8,230.70414803760573,false
1,50,20:15,53,21:00,3,1,,,0.0,false,14.8,231.16608198796442,false
1,50,20:15,54,21:15,4,1,,,0.0,false,14.8,231.62801593832313,false
1,50,20:15,55,21:30,5,1,,,0.0,false,14.8,232.08994988868182,false
1,50,20:15,56,21:45,6,1,,,0.0,false,14.8,232.55188383904053,false
1,50,20:15,57,22:00,7,1,,,0.0,false,14.8,233.0138177893992,false
1,50,20:15,58,22:15,8,1,,,0.0,false,14.8,233.47575173975792,false
1,50,20:15,59,22:30,9,1,,,0.0,false,14.8,233.9376856901166,false
1,50,20:15,60,22:45,10,1,,,0.0,false,14.8,234.39961964047532,false
1,50,20:15,61,23:00,11,1,,,0.0,false,14.8,234.39961964047532,false
1,50,20:15,62,23:15,12,1,,,0.0,false,14.8,234.861553590834,false
1,50,20:15,63,23:30,13,1,,,0.0,false,14.8,235.21811358852173,false
1,50,20:15,64,23:45,14,1,,,0.0,false,14.8,235.21811358852173,false
1,50,20:15,65,00:00,15,1,,,0.0,false,14.8,235.68004753888042,false
1,50,20:15,66,00:15,16,1,,,0.0,false,14.8,236.1419814892391,false
1,50,20:15,67,00:30,17,1,,,0.0,false,14.8,236.6039154395978,false
1,50,20:15,68,00:45,18,1,,,0.0,false,14.8,237.0658493899565,false
1,50,20:15,69,01:00,19,1,,,0.0,false,14.8,237.5277833403152,false
1,50,20:15,70,01:15,20,1,,,0.0,false,14.8,237.9897172906739,false
1,50,20:15,71,01:30,21,1,,,0.0,false,14.8,238.45165124103258,false
1,50,20:15,72,01:45,22,1,,,0.0,false,14.8,238.9135851913913,false
1,50,20:15,73,02:00,23,1,,,0.0,false,14.8,239.37551914174998,false
1,50,20:15,74,02:15,24,1,,,0.0,false,14.8,239.8374530921087,false
1,50,20:15,75,02:30,25,1,,,0.0,false,14.8,240.29938704246737,false
1,50,20:15,76,02:45,26,1,,,0.0,false,14.8,240.76132099282609,false
1,50,20:15,77,03:00,27,1,,,0.0,false,14.8,241.22325494318477,false
1,50,20:15,78,03:15,28,1,,,0.0,false,14.8,241.68518889354348,false
1,50,20:15,79,03:30,29,1,,,0.0,false,14.8,242.14712284390217,false
1,50,20:15,80,03:45,30,1,,,0.0,false,14.8,242.60905679426085,false
1,50,20:15,81,04:00,31,1,,,0.0,false,14.8,243.07099074461956,false
1,50,20:15,82,04:15,32,1,,,0.0,false,14.8,243.53292469497825,false
1,50,20:15,83,04:30,33,1,,,0.0,false,14.8,243.99485864533696,false
1,50,20:15,84,04:45,34,1,,,0.0,false,14.8,244.45679259569565,false
1,50,20:15,85,05:00,35,1,,,0.0,false,14.8,244.91872654605436,false
1,50,20:15,86,05:15,36,1,,,0.0,false,14.8,245.38066049641304,false
1,50,20:15,87,05:30,37,1,,,0.0,false,14.8,245.84259444677176,false
1,50,20:15,88,05:45,38,1,,,0.0,false,14.8,246.30452839713044,false
1,50,20:15,89,06:00,39,1,,,0.0,false,14.8,246.76646234748912,false
1,50,20:15,90,06:15,40,1,,,0.0,false,14.8,247.22839629784784,false
1,50,20:15,91,06:30,41,1,,,0.0,false,14.8,247.69033024820652,false
1,50,20:15,92,06:45,42,1,,,0.0,false,14.8,248.15226419856523,false
1,50,20:15,93,07:00,43,1,,,0.0,false,14.8,248.61419814892392,false
1,50,20:15,94,07:15,44,1,,,0.0,false,14.8,249.0761320992826,false
1,50,20:15,95,07:30,45,1,,,0.0,false,14.8,249.53806604964132,false
1,50,20:15,96,07:45,46,1,,,0.0,false,14.8,250.0,false
1,51,20:30,51,20:30,0,1,,,0.0,false,14.8,230.70414803760573,false
1,51,20:30,52,20:45,1,1,,,0.0,false,14.8,230.70414803760573,false
1,51,20:30,53,21:00,2,1,,,0.0,false,14.8,231.16608198796445,false
1,51,20:30,54,21:15,3,1,,,0.0,false,14.8,231.62801593832313,false
1,51,20:30,55,21:30,4,1,,,0.0,false,14.8,232.08994988868182,false
1,51,20:30,56,21:45,5,1,,,0.0,false,14.8,232.55188383904053,false
1,51,20:30,57,22:00,6,1,,,0.0,false,14.8,233.0138177893992,false
1,51,20:30,58,22:15,7,1,,,0.0,false,14.8,233.4757517397579,false
1,51,20:30,59,22:30,8,1,,,0.0,false,14.8,233.93768569011658,false
1,51,20:30,60,22:45,9,1,,,0.0,false,14.8,234.3996196404753,false
1,51,20:30,61,23:00,10,1,,,0.0,false,14.8,234.3996196404753,false
1,51,20:30,62,23:15,11,1,,,0.0,false,14.8,234.86155359083398,false
1,51,20:30,63,23:30,12,1,,,0.0,false,14.8,235.2181135885217,false
1,51,20:30,64,23:45,13,1,,,0.0,false,14.8,235.2181135885217,false
1,51,20:30,65,00:00,14,1,,,0.0,false,14.8,235.68004753888042,false
1,51,20:30,66,00:15,15,1,,,0.0,false,14.8,236.1419814892391,false
1,51,20:30,67,00:30,16,1,,,0.0,false,14.8,236.6039154395978,false
1,51,20:30,68,00:45,17,1,,,0.0,false,14.8,237.0658493899565,false
1,51,20:30,69,01:00,18,1,,,0.0,false,14.8,237.5277833403152,false
1,51,20:30,70,01:15,19,1,,,0.0,false,14.8,237.9897172906739,false
1,51,20:30,71,01:30,20,1,,,0.0,false,14.8,238.45165124103258,false
1,51,20:30,72,01:45,21,1,,,0.0,false,14.8,238.9135851913913,false
1,51,20:30,73,02:00,22,1,,,0.0,false,14.8,239.37551914174998,false
1,51,20:30,74,02:15,23,1,,,0.0,false,14.8,239.8374530921087,false
1,51,20:30,75,02:30,24,1,,,0.0,false,14.8,240.29938704246737,false
1,51,20:30,76,02:45,25,1,,,0.0,false,14.8,240.76132099282609,false
1,51,20:30,77,03:00,26,1,,,0.0,false,14.8,241.22325494318477,false
1,51,20:30,78,03:15,27,1,,,0.0,false,14.8,241.68518889354348,false
1,51,20:30,79,03:30,28,1,,,0.0,false,14.8,242.14712284390217,false
1,51,20:30,80,03:45,29,1,,,0.0,false,14.8,242.60905679426085,false
1,51,20:30,81,04:00,30,1,,,0.0,false,14.8,243.07099074461956,false
1,51,20:30,82,04:15,31,1,,,0.0,false,14.8,243.53292469497825,false
1,51,20:30,83,04:30,32,1,,,0.0,false,14.8,243.99485864533696,false
1,51,20:30,84,04:45,33,1,,,0.0,false,14.8,244.45679259569565,false
1,51,20:30,85,05:00,34,1,,,0.0,false,14.8,244.91872654605436,false
1,51,20:30,86,05:15,35,1,,,0.0,false,14.8,245.38066049641304,false
1,51,20:30,87,05:30,36,1,,,0.0,false,14.8,245.84259444677176,false
1,51,20:30,88,05:45,37,1,,,0.0,false,14.8,246.30452839713044,false
1,51,20:30,89,06:00,38,1,,,0.0,false,14.8,246.76646234748912,false
1,51,20:30,90,06:15,39,1,,,0.0,false,14.8,247.22839629784784,false
1,51,20:30,91,06:30,40,1,,,0.0,false,14.8,247.69033024820652,false
1,51,20:30,92,06:45,41,1,,,0.0,false,14.8,248.15226419856523,false
1,51,20:30,93,07:00,42,1,,,0.0,false,14.8,248.61419814892392,false
1,51,20:30,94,07:15,43,1,,,0.0,false,14.8,249.0761320992826,false
1,51,20:30,95,07:30,44,1,,,0.0,false,14.8,249.53806604964132,false
1,51,20:30,96,07:45,45,1,,,0.0,false,14.8,250.0,false
1,52,20:45,52,20:45,0,1,,,0.0,false,14.8,230.70414803760573,false
1,52,20:45,53,21:00,1,1,,,0.0,false,14.8,231.16608198796445,false
1,52,20:45,54,21:15,2,1,,,0.0,false,14.8,231.62801593832313,false
1,52,20:45,55,21:30,3,1,,,0.0,false,14.8,232.08994988868182,false
1,52,20:45,56,21:45,4,1,,,0.0,false,14.8,232.55188383904053,false
1,52,20:45,57,22:00,5,1,,,0.0,false,14.8,233.0138177893992,false
1,52,20:45,58,22:15,6,1,,,0.0,false,14.8,233.47575173975792,false
1,52,20:45,59,22:30,7,1,,,0.0,false,14.8,233.9376856901166,false
1,52,20:45,60,22:45,8,1,,,0.0,false,14.8,234.3996196404753,false
1,52,20:45,61,23:00,9,1,,,0.0,false,14.8,234.3996196404753,false
1,52,20:45,62,23:15,10,1,,,0.0,false,14.8,234.86155359083398,false
1,52,20:45,63,23:30,11,1,,,0.0,false,14.8,235.2181135885217,false
1,52,20:45,64,23:45,12,1,,,0.0,false,14.8,235.2181135885217,false
1,52,20:45,65,00:00,13,1,,,0.0,false,14.8,235.6800475388804,false
1,52,20:45,66,00:15,14,1,,,0.0,false,14.8,236.14198148923907,false
1,52,20:45,67,00:30,15,1,,,0.0,false,14.8,236.60391543959778,false
1,52,20:45,68,00:45,16,1,,,0.0,false,14.8,237.06584938995647,false
1,52,20:45,69,01:00,17,1,,,0.0,false,14.8,237.52778334031518,false
1,52,20:45,70,01:15,18,1,,,0.0,false,14.8,237.98971729067387,false
1,52,20:45,71,01:30,19,1,,,0.0,false,14.8,238.45165124103258,false
1,52,20:45,72,01:45,20,1,,,0.0,false,14.8,238.9135851913913,false
1,52,20:45,73,02:00,21,1,,,0.0,false,14.8,239.37551914174998,false
1,52,20:45,74,02:15,22,1,,,0.0,false,14.8,239.8374530921087,false
1,52,20:45,75,02:30,23,1,,,0.0,false,14.8,240.29938704246737,false
1,52,20:45,76,02:45,24,1,,,0.0,false,14.8,240.76132099282609,false
1,52,20:45,77,03:00,25,1,,,0.0,false,14.8,241.22325494318477,false
1,52,20:45,78,03:15,26,1,,,0.0,false,14.8,241.68518889354348,false
1,52,20:45,79,03:30,27,1,,,0.0,false,14.8,242.14712284390217,false
1,52,20:45,80,03:45,28,1,,,0.0,false,14.8,242.60905679426085,false
1,52,20:45,81,04:00,29,1,,,0.0,false,14.8,243.07099074461956,false
1,52,20:45,82,04:15,30,1,,,0.0,false,14.8,243.53292469497825,false
1,52,20:45,83,04:30,31,1,,,0.0,false,14.8,243.99485864533696,false
1,52,20:45,84,04:45,32,1,,,0.0,false,14.8,244.45679259569565,false
1,52,20:45,85,05:00,33,1,,,0.0,false,14.8,244.91872654605436,false
1,52,20:45,86,05:15,34,1,,,0.0,false,14.8,245.38066049641304,false
1,52,20:45,87,05:30,35,1,,,0.0,false,14.8,245.84259444677176,false
1,52,20:45,88,05:45,36,1,,,0.0,false,14.8,246.30452839713044,false
1,52,20:45,89,06:00,37,1,,,0.0,false,14.8,246.76646234748912,false
1,52,20:45,90,06:15,38,1,,,0.0,false,14.8,247.22839629784784,false
1,52,20:45,91,06:30,39,1,,,0.0,false,14.8,247.69033024820652,false
1,52,20:45,92,06:45,40,1,,,0.0,false,14.8,248.15226419856523,false
1,52,20:45,93,07:00,41,1,,,0.0,false,14.8,248.61419814892392,false
1,52,20:45,94,07:15,42,1,,,0.0,false,14.8,249.0761320992826,false
1,52,20:45,95,07:30,43,1,,,0.0,false,14.8,249.53806604964132,false
1,52,20:45,96,07:45,44,1,,,0.0,false,14.8,250.0,false
1,53,21:00,53,21:00,0,1,,,0.0,false,14.8,231.16608198796442,false
1,53,21:00,54,21:15,1,1,,,0.0,false,14.8,231.62801593832313,false
1,53,21:00,55,21:30,2,1,,,0.0,false,14.8,232.08994988868182,false
1,53,21:00,56,21:45,3,1,,,0.0,false,14.8,232.55188383904053,false
1,53,21:00,57,22:00,4,1,,,0.0,false,14.8,233.0138177893992,false
1,53,21:00,58,22:15,5,1,,,0.0,false,14.8,233.47575173975792,false
1,53,21:00,59,22:30,6,1,,,0.0,false,14.8,233.9376856901166,false
1,53,21:00,60,22:45,7,1,,,0.0,false,14.8,234.39961964047532,false
1,53,21:00,61,23:00,8,1,,,0.0,false,14.8,234.39961964047532,false
1,53,21:00,62,23:15,9,1,,,0.0,false,14.8,234.861553590834,false
1,53,21:00,63,23:30,10,1,,,0.0,false,14.8,235.21811358852173,false
1,53,21:00,64,23:45,11,1,,,0.0,false,14.8,235.21811358852173,false
1,53,21:00,65,00:00,12,1,,,0.0,false,14.8,235.68004753888042,false
1,53,21:00,66,00:15,13,1,,,0.0,false,14.8,236.1419814892391,false
1,53,21:00,67,00:30,14,1,,,0.0,false,14.8,236.6039154395978,false
1,53,21:00,68,00:45,15,1,,,0.0,false,14.8,237.0658493899565,false
1,53,21:00,69,01:00,16,1,,,0.0,false,14.8,237.5277833403152,false
1,53,21:00,70,01:15,17,1,,,0.0,false,14.8,237.9897172906739,false
1,53,21:00,71,01:30,18,1,,,0.0,false,14.8,238.4516512410326,false
1,53,21:00,72,01:45,19,1,,,0.0,false,14.8,238.9135851913913,false
1,53,21:00,73,02:00,20,1,,,0.0,false,14.8,239.37551914174998,false
1,53,21:00,74,02:15,21,1,,,0.0,false,14.8,239.8374530921087,false
1,53,21:00,75,02:30,22,1,,,0.0,false,14.8,240.29938704246737,false
1,53,21:00,76,02:45,23,1,,,0.0,false,14.8,240.76132099282606,false
1,53,21:00,77,03:00,24,1,,,0.0,false,14.8,241.22325494318474,false
1,53,21:00,78,03:15,25,1,,,0.0,false,14.8,241.68518889354345,false
1,53,21:00,79,03:30,26,1,,,0.0,false,14.8,242.14712284390214,false
1,53,21:00,80,03:45,27,1,,,0.0,false,14.8,242.60905679426085,false
1,53,21:00,81,04:00,28,1,,,0.0,false,14.8,243.07099074461956,false
1,53,21:00,82,04:15,29,1,,,0.0,false,14.8,243.53292469497825,false
1,53,21:00,83,04:30,30,1,,,0.0,false,14.8,243.99485864533696,false
1,53,21:00,84,04:45,31,1,,,0.0,false,14.8,244.45679259569565,false
1,53,21:00,85,05:00,32,1,,,0.0,false,14.8,244.91872654605436,false
1,53,21:00,86,05:15,33,1,,,0.0,false,14.8,245.38066049641304,false
1,53,21:00,87,05:30,34,1,,,0.0,false,14.8,245.84259444677176,false
1,53,21:00,88,05:45,35,1,,,0.0,false,14.8,246.30452839713044,false
1,53,21:00,89,06:00,36,1,,,0.0,false,14.8,246.76646234748912,false
1,53,21:00,90,06:15,37,1,,,0.0,false,14.8,247.22839629784784,false
1,53,21:00,91,06:30,38,1,,,0.0,false,14.8,247.69033024820652,false
1,53,21:00,92,06:45,39,1,,,0.0,false,14.8,248.15226419856523,false
1,53,21:00,93,07:00,40,1,,,0.0,false,14.8,248.61419814892392,false
1,53,21:00,94,07:15,41,1,,,0.0,false,14.8,249.0761320992826,false
1,53,21:00,95,07:30,42,1,,,0.0,false,14.8,249.53806604964132,false
1,53,21:00,96,07:45,43,1,,,0.0,false,14.8,250.0,false
1,54,21:15,54,21:15,0,1,,,0.0,false,14.8,231.6280159383231,false
1,54,21:15,55,21:30,1,1,,,0.0,false,14.8,232.08994988868182,false
1,54,21:15,56,21:45,2,1,,,0.0,false,14.8,232.5518838390405,false
1,54,21:15,57,22:00,3,1,,,0.0,false,14.8,233.01381778939918,false
1,54,21:15,58,22:15,4,1,,,0.0,false,14.8,233.47575173975792,false
1,54,21:15,59,22:30,5,1,,,0.0,false,14.8,233.9376856901166,false
1,54,21:15,60,22:45,6,1,,,0.0,false,14.8,234.39961964047532,false
1,54,21:15,61,23:00,7,1,,,0.0,false,14.8,234.39961964047532,false
1,54,21:15,62,23:15,8,1,,,0.0,false,14.8,234.861553590834,false
1,54,21:15,63,23:30,9,1,,,0.0,false,14.8,235.21811358852173,false
1,54,21:15,64,23:45,10,1,,,0.0,false,14.8,235.21811358852173,false
1,54,21:15,65,00:00,11,1,,,0.0,false,14.8,235.68004753888042,false
1,54,21:15,66,00:15,12,1,,,0.0,false,14.8,236.1419814892391,false
1,54,21:15,67,00:30,13,1,,,0.0,false,14.8,236.6039154395978,false
1,54,21:15,68,00:45,14,1,,,0.0,false,14.8,237.0658493899565,false
1,54,21:15,69,01:00,15,1,,,0.0,false,14.8,237.5277833403152,false
1,54,21:15,70,01:15,16,1,,,0.0,false,14.8,237.9897172906739,false
1,54,21:15,71,01:30,17,1,,,0.0,false,14.8,238.4516512410326,false
1,54,21:15,72,01:45,18,1,,,0.0,false,14.8,238.9135851913913,false
1,54,21:15,73,02:00,19,1,,,0.0,false,14.8,239.37551914174998,false
1,54,21:15,74,02:15,20,1,,,0.0,false,14.8,239.8374530921087,false
1,54,21:15,75,02:30,21,1,,,0.0,false,14.8,240.29938704246737,false
1,54,21:15,76,02:45,22,1,,,0.0,false,14.8,240.76132099282609,false
1,54,21:15,77,03:00,23,1,,,0.0,false,14.8,241.22325494318477,false
1,54,21:15,78,03:15,24,1,,,0.0,false,14.8,241.68518889354348,false
1,54,21:15,79,03:30,25,1,,,0.0,false,14.8,242.14712284390217,false
1,54,21:15,80,03:45,26,1,,,0.0,false,14.8,242.60905679426088,false
1,54,21:15,81,04:00,27,1,,,0.0,false,14.8,243.07099074461956,false
1,54,21:15,82,04:15,28,1,,,0.0,false,14.8,243.53292469497825,false
1,54,21:15,83,04:30,29,1,,,0.0,false,14.8,243.99485864533696,false
1,54,21:15,84,04:45,30,1,,,0.0,false,14.8,244.45679259569565,false
1,54,21:15,85,05:00,31,1,,,0.0,false,14.8,244.91872654605436,false
1,54,21:15,86,05:15,32,1,,,0.0,false,14.8,245.38066049641304,false
1,54,21:15,87,05:30,33,1,,,0.0,false,14.8,245.84259444677176,false
1,54,21:15,88,05:45,34,1,,,0.0,false,14.8,246.30452839713044,false
1,54,21:15,89,06:00,35,1,,,0.0,false,14.8,246.76646234748912,false
1,54,21:15,90,06:15,36,1,,,0.0,false,14.8,247.22839629784784,false
1,54,21:15,91,06:30,37,1,,,0.0,false,14.8,247.69033024820652,false
1,54,21:15,92,06:45,38,1,,,0.0,false,14.8,248.15226419856523,false
1,54,21:15,93,07:00,39,1,,,0.0,false,14.8,248.61419814892392,false
1,54,21:15,94,07:15,40,1,,,0.0,false,14.8,249.0761320992826,false
1,54,21:15,95,07:30,41,1,,,0.0,false,14.8,249.53806604964132,false
1,54,21:15,96,07:45,42,1,,,0.0,false,14.8,250.0,false
1,55,21:30,55,21:30,0,1,,,0.0,false,14.8,232.0899498886818,false
1,55,21:30,56,21:45,1,1,,,0.0,false,14.8,232.5518838390405,false
1,55,21:30,57,22:00,2,1,,,0.0,false,14.8,233.01381778939918,false
1,55,21:30,58,22:15,3,1,,,0.0,false,14.8,233.47575173975792,false
1,55,21:30,59,22:30,4,1,,,0.0,false,14.8,233.9376856901166,false
1,55,21:30,60,22:45,5,1,,,0.0,false,14.8,234.3996196404753,false
1,55,21:30,61,23:00,6,1,,,0.0,false,14.8,234.3996196404753,false
1,55,21:30,62,23:15,7,1,,,0.0,false,14.8,234.861553590834,false
1,55,21:30,63,23:30,8,1,,,0.0,false,14.8,235.21811358852173,false
1,55,21:30,64,23:45,9,1,,,0.0,false,14.8,235.21811358852173,false
1,55,21:30,65,00:00,10,1,,,0.0,false,14.8,235.68004753888042,false
1,55,21:30,66,00:15,11,1,,,0.0,false,14.8,236.1419814892391,false
1,55,21:30,67,00:30,12,1,,,0.0,false,14.8,236.6039154395978,false
1,55,21:30,68,00:45,13,1,,,0.0,false,14.8,237.0658493899565,false
1,55,21:30,69,01:00,14,1,,,0.0,false,14.8,237.5277833403152,false
1,55,21:30,70,01:15,15,1,,,0.0,false,14.8,237.9897172906739,false
1,55,21:30,71,01:30,16,1,,,0.0,false,14.8,238.4516512410326,false
1,55,21:30,72,01:45,17,1,,,0.0,false,14.8,238.9135851913913,false
1,55,21:30,73,02:00,18,1,,,0.0,false,14.8,239.37551914174998,false
1,55,21:30,74,02:15,19,1,,,0.0,false,14.8,239.8374530921087,false
1,55,21:30,75,02:30,20,1,,,0.0,false,14.8,240.29938704246737,false
1,55,21:30,76,02:45,21,1,,,0.0,false,14.8,240.76132099282606,false
1,55,21:30,77,03:00,22,1,,,0.0,false,14.8,241.22325494318474,false
1,55,21:30,78,03:15,23,1,,,0.0,false,14.8,241.68518889354345,false
1,55,21:30,79,03:30,24,1,,,0.0,false,14.8,242.14712284390214,false
1,55,21:30,80,03:45,25,1,,,0.0,false,14.8,242.60905679426085,false
1,55,21:30,81,04:00,26,1,,,0.0,false,14.8,243.07099074461954,false
1,55,21:30,82,04:15,27,1,,,0.0,false,14.8,243.53292469497822,false
1,55,21:30,83,04:30,28,1,,,0.0,false,14.8,243.99485864533693,false
1,55,21:30,84,04:45,29,1,,,0.0,false,14.8,244.45679259569562,false
1,55,21:30,85,05:00,30,1,,,0.0,false,14.8,244.91872654605433,false
1,55,21:30,86,05:15,31,1,,,0.0,false,14.8,245.38066049641301,false
1,55,21:30,87,05:30,32,1,,,0.0,false,14.8,245.84259444677173,false
1,55,21:30,88,05:45,33,1,,,0.0,false,14.8,246.3045283971304,false
1,55,21:30,89,06:00,34,1,,,0.0,false,14.8,246.76646234748912,false
1,55,21:30,90,06:15,35,1,,,0.0,false,14.8,247.2283962978478,false
1,55,21:30,91,06:30,36,1,,,0.0,false,14.8,247.6903302482065,false
1,55,21:30,92,06:45,37,1,,,0.0,false,14.8,248.1522641985652,false
1,55,21:30,93,07:00,38,1,,,0.0,false,14.8,248.6141981489239,false
1,55,21:30,94,07:15,39,1,,,0.0,false,14.8,249.0761320992826,false
1,55,21:30,95,07:30,40,1,,,0.0,false,14.8,249.53806604964132,false
1,55,21:30,96,07:45,41,1,,,0.0,false,14.8,250.0,false
1,56,21:45,56,21:45,0,1,,,0.0,false,14.8,232.55188383904047,false
1,56,21:45,57,22:00,1,1,,,0.0,false,14.8,233.01381778939918,false
1,56,21:45,58,22:15,2,1,,,0.0,false,14.8,233.47575173975787,false
1,56,21:45,59,22:30,3,1,,,0.0,false,14.8,233.93768569011655,false
1,56,21:45,60,22:45,4,1,,,0.0,false,14.8,234.39961964047527,false
1,56,21:45,61,23:00,5,1,,,0.0,false,14.8,234.39961964047527,false
1,56,21:45,62,23:15,6,1,,,0.0,false,14.8,234.86155359083395,false
1,56,21:45,63,23:30,7,1,,,0.0,false,14.8,235.2181135885217,false
1,56,21:45,64,23:45,8,1,,,0.0,false,14.8,235.2181135885217,false
1,56,21:45,65,00:00,9,1,,,0.0,false,14.8,235.6800475388804,false
1,56,21:45,66,00:15,10,1,,,0.0,false,14.8,236.14198148923907,false
1,56,21:45,67,00:30,11,1,,,0.0,false,14.8,236.6039154395978,false
1,56,21:45,68,00:45,12,1,,,0.0,false,14.8,237.0658493899565,false
1,56,21:45,69,01:00,13,1,,,0.0,false,14.8,237.5277833403152,false
1,56,21:45,70,01:15,14,1,,,0.0,false,14.8,237.9897172906739,false
1,56,21:45,71,01:30,15,1,,,0.0,false,14.8,238.4516512410326,false
1,56,21:45,72,01:45,16,1,,,0.0,false,14.8,238.9135851913913,false
1,56,21:45,73,02:00,17,1,,,0.0,false,14.8,239.37551914174998,false
1,56,21:45,74,02:15,18,1,,,0.0,false,14.8,239.8374530921087,false
1,56,21:45,75,02:30,19,1,,,0.0,false,14.8,240.29938704246737,false
1,56,21:45,76,02:45,20,1,,,0.0,false,14.8,240.76132099282606,false
1,56,21:45,77,03:00,21,1,,,0.0,false,14.8,241.22325494318474,false
1,56,21:45,78,03:15,22,1,,,0.0,false,14.8,241.68518889354345,false
1,56,21:45,79,03:30,23,1,,,0.0,false,14.8,242.14712284390214,false
1,56,21:45,80,03:45,24,1,,,0.0,false,14.8,242.60905679426085,false
1,56,21:45,81,04:00,25,1,,,0.0,false,14.8,243.07099074461954,false
1,56,21:45,82,04:15,26,1,,,0.0,false,14.8,243.53292469497822,false
1,56,21:45,83,04:30,27,1,,,0.0,false,14.8,243.99485864533693,false
1,56,21:45,84,04:45,28,1,,,0.0,false,14.8,244.45679259569562,false
1,56,21:45,85,05:00,29,1,,,0.0,false,14.8,244.91872654605433,false
1,56,21:45,86,05:15,30,1,,,0.0,false,14.8,245.38066049641301,false
1,56,21:45,87,05:30,31,1,,,0.0,false,14.8,245.84259444677173,false
1,56,21:45,88,05:45,32,1,,,0.0,false,14.8,246.3045283971304,false
1,56,21:45,89,06:00,33,1,,,0.0,false,14.8,246.76646234748912,false
1,56,21:45,90,06:15,34,1,,,0.0,false,14.8,247.2283962978478,false
1,56,21:45,91,06:30,35,1,,,0.0,false,14.8,247.6903302482065,false
1,56,21:45,92,06:45,36,1,,,0.0,false,14.8,248.1522641985652,false
1,56,21:45,93,07:00,37,1,,,0.0,false,14.8,248.6141981489239,false
1,56,21:45,94,07:15,38,1,,,0.0,false,14.8,249.0761320992826,false
1,56,21:45,95,07:30,39,1,,,0.0,false,14.8,249.53806604964132,false
1,56,21:45,96,07:45,40,1,,,0.0,false,14.8,250.0,false
1,57,22:00,57,22:00,0,1,,,0.0,false,14.8,233.01381778939916,false
1,57,22:00,58,22:15,1,1,,,0.0,false,14.8,233.47575173975787,false
1,57,22:00,59,22:30,2,1,,,0.0,false,14.8,233.93768569011655,false
1,57,22:00,60,22:45,3,1,,,0.0,false,14.8,234.39961964047527,false
1,57,22:00,61,23:00,4,1,,,0.0,false,14.8,234.39961964047527,false
1,57,22:00,62,23:15,5,1,,,0.0,false,14.8,234.86155359083398,false
1,57,22:00,63,23:30,6,1,,,0.0,false,14.8,235.21811358852173,false
1,57,22:00,64,23:45,7,1,,,0.0,false,14.8,235.21811358852173,false
1,57,22:00,65,00:00,8,1,,,0.0,false,14.8,235.68004753888042,false
1,57,22:00,66,00:15,9,1,,,0.0,false,14.8,236.1419814892391,false
1,57,22:00,67,00:30,10,1,,,0.0,false,14.8,236.6039154395978,false
1,57,22:00,68,00:45,11,1,,,0.0,false,14.8,237.0658493899565,false
1,57,22:00,69,01:00,12,1,,,0.0,false,14.8,237.5277833403152,false
1,57,22:00,70,01:15,13,1,,,0.0,false,14.8,237.9897172906739,false
1,57,22:00,71,01:30,14,1,,,0.0,false,14.8,238.4516512410326,false
1,57,22:00,72,01:45,15,1,,,0.0,false,14.8,238.9135851913913,false
1,57,22:00,73,02:00,16,1,,,0.0,false,14.8,239.37551914174998,false
1,57,22:00,74,02:15,17,1,,,0.0,false,14.8,239.8374530921087,false
1,57,22:00,75,02:30,18,1,,,0.0,false,14.8,240.29938704246737,false
1,57,22:00,76,02:45,19,1,,,0.0,false,14.8,240.76132099282606,false
1,57,22:00,77,03:00,20,1,,,0.0,false,14.8,241.22325494318474,false
1,57,22:00,78,03:15,21,1,,,0.0,false,14.8,241.68518889354345,false
1,57,22:00,79,03:30,22,1,,,0.0,false,14.8,242.14712284390214,false
1,57,22:00,80,03:45,23,1,,,0.0,false,14.8,242.60905679426085,false
1,57,22:00,81,04:00,24,1,,,0.0,false,14.8,243.07099074461954,false
1,57,22:00,82,04:15,25,1,,,0.0,false,14.8,243.53292469497822,false
1,57,22:00,83,04:30,26,1,,,0.0,false,14.8,243.99485864533693,false
1,57,22:00,84,04:45,27,1,,,0.0,false,14.8,244.45679259569562,false
1,57,22:00,85,05:00,28,1,,,0.0,false,14.8,244.91872654605433,false
1,57,22:00,86,05:15,29,1,,,0.0,false,14.8,245.38066049641301,false
1,57,22:00,87,05:30,30,1,,,0.0,false,14.8,245.84259444677173,false
1,57,22:00,88,05:45,31,1,,,0.0,false,14.8,246.3045283971304,false
1,57,22:00,89,06:00,32,1,,,0.0,false,14.8,246.76646234748912,false
1,57,22:00,90,06:15,33,1,,,0.0,false,14.8,247.2283962978478,false
1,57,22:00,91,06:30,34,1,,,0.0,false,14.8,247.6903302482065,false
1,57,22:00,92,06:45,35,1,,,0.0,false,14.8,248.1522641985652,false
1,57,22:00,93,07:00,36,1,,,0.0,false,14.8,248.6141981489239,false
1,57,22:00,94,07:15,37,1,,,0.0,false,14.8,249.0761320992826,false
1,57,22:00,95,07:30,38,1,,,0.0,false,14.8,249.53806604964132,false
1,57,22:00,96,07:45,39,1,,,0.0,false,14.8,250.0,false
1,58,22:15,58,22:15,0,1,,,0.0,false,14.8,233.47575173975784,false
1,58,22:15,59,22:30,1,1,,,0.0,false,14.8,233.93768569011655,false
1,58,22:15,60,22:45,2,1,,,0.0,false,14.8,234.39961964047524,false
1,58,22:15,61,23:00,3,1,,,0.0,false,14.8,234.39961964047524,false
1,58,22:15,62,23:15,4,1,,,0.0,false,14.8,234.86155359083392,false
1,58,22:15,63,23:30,5,1,,,0.0,false,14.8,235.2181135885217,false
1,58,22:15,64,23:45,6,1,,,0.0,false,14.8,235.2181135885217,false
1,58,22:15,65,00:00,7,1,,,0.0,false,14.8,235.6800475388804,false
1,58,22:15,66,00:15,8,1,,,0.0,false,14.8,236.14198148923907,false
1,58,22:15,67,00:30,9,1,,,0.0,false,14.8,236.6039154395978,false
1,58,22:15,68,00:45,10,1,,,0.0,false,14.8,237.0658493899565,false
1,58,22:15,69,01:00,11,1,,,0.0,false,14.8,237.5277833403152,false
1,58,22:15,70,01:15,12,1,,,0.0,false,14.8,237.9897172906739,false
1,58,22:15,71,01:30,13,1,,,0.0,false,14.8,238.4516512410326,false
1,58,22:15,72,01:45,14,1,,,0.0,false,14.8,238.9135851913913,false
1,58,22:15,73,02:00,15,1,,,0.0,false,14.8,239.37551914174998,false
1,58,22:15,74,02:15,16,1,,,0.0,false,14.8,239.8374530921087,false
1,58,22:15,75,02:30,17,1,,,0.0,false,14.8,240.29938704246737,false
1,58,22:15,76,02:45,18,1,,,0.0,false,14.8,240.76132099282606,false
1,58,22:15,77,03:00,19,1,,,0.0,false,14.8,241.22325494318474,false
1,58,22:15,78,03:15,20,1,,,0.0,false,14.8,241.68518889354345,false
1,58,22:15,79,03:30,21,1,,,0.0,false,14.8,242.14712284390214,false
1,58,22:15,80,03:45,22,1,,,0.0,false,14.8,242.60905679426085,false
1,58,22:15,81,04:00,23,1,,,0.0,false,14.8,243.07099074461954,false
1,58,22:15,82,04:15,24,1,,,0.0,false,14.8,243.53292469497822,false
1,58,22:15,83,04:30,25,1,,,0.0,false,14.8,243.99485864533693,false
1,58,22:15,84,04:45,26,1,,,0.0,false,14.8,244.45679259569562,false
1,58,22:15,85,05:00,27,1,,,0.0,false,14.8,244.91872654605433,false
1,58,22:15,86,05:15,28,1,,,0.0,false,14.8,245.38066049641301,false
1,58,22:15,87,05:30,29,1,,,0.0,false,14.8,245.84259444677173,false
1,58,22:15,88,05:45,30,1,,,0.0,false,14.8,246.3045283971304,false
1,58,22:15,89,06:00,31,1,,,0.0,false,14.8,246.76646234748912,false
1,58,22:15,90,06:15,32,1,,,0.0,false,14.8,247.2283962978478,false
1,58,22:15,91,06:30,33,1,,,0.0,false,14.8,247.6903302482065,false
1,58,22:15,92,06:45,34,1,,,0.0,false,14.8,248.1522641985652,false
1,58,22:15,93,07:00,35,1,,,0.0,false,14.8,248.6141981489239,false
1,58,22:15,94,07:15,36,1,,,0.0,false,14.8,249.0761320992826,false
1,58,22:15,95,07:30,37,1,,,0.0,false,14.8,249.53806604964132,false
1,58,22:15,96,07:45,38,1,,,0.0,false,14.8,250.0,false
1,59,22:30,59,22:30,0,1,,,0.0,false,14.8,233.93768569011652,false
1,59,22:30,60,22:45,1,1,,,0.0,false,14.8,234.39961964047524,false
1,59,22:30,61,23:00,2,1,,,0.0,false,14.8,234.39961964047524,false
1,59,22:30,62,23:15,3,1,,,0.0,false,14.8,234.86155359083395,false
1,59,22:30,63,23:30,4,1,,,0.0,false,14.8,235.21811358852173,false
1,59,22:30,64,23:45,5,1,,,0.0,false,14.8,235.21811358852173,false
1,59,22:30,65,00:00,6,1,,,0.0,false,14.8,235.68004753888042,false
1,59,22:30,66,00:15,7,1,,,0.0,false,14.8,236.1419814892391,false
1,59,22:30,67,00:30,8,1,,,0.0,false,14.8,236.6039154395978,false
1,59,22:30,68,00:45,9,1,,,0.0,false,14.8,237.0658493899565,false
1,59,22:30,69,01:00,10,1,,,0.0,false,14.8,237.5277833403152,false
1,59,22:30,70,01:15,11,1,,,0.0,false,14.8,237.9897172906739,false
1,59,22:30,71,01:30,12,1,,,0.0,false,14.8,238.4516512410326,false
1,59,22:30,72,01:45,13,1,,,0.0,false,14.8,238.9135851913913,false
1,59,22:30,73,02:00,14,1,,,0.0,false,14.8,239.37551914174998,false
1,59,22:30,74,02:15,15,1,,,0.0,false,14.8,239.8374530921087,false
1,59,22:30,75,02:30,16,1,,,0.0,false,14.8,240.29938704246737,false
1,59,22:30,76,02:45,17,1,,,0.0,false,14.8,240.76132099282606,false
1,59,22:30,77,03:00,18,1,,,0.0,false,14.8,241.22325494318474,false
1,59,22:30,78,03:15,19,1,,,0.0,false,14.8,241.68518889354345,false
1,59,22:30,79,03:30,20,1,,,0.0,false,14.8,242.14712284390214,false
1,59,22:30,80,03:45,21,1,,,0.0,false,14.8,242.60905679426085,false
1,59,22:30,81,04:00,22,1,,,0.0,false,14.8,243.07099074461954,false
1,59,22:30,82,04:15,23,1,,,0.0,false,14.8,243.53292469497822,false
1,59,22:30,83,04:30,24,1,,,0.0,false,14.8,243.99485864533693,false
1,59,22:30,84,04:45,25,1,,,0.0,false,14.8,244.45679259569562,false
1,59,22:30,85,05:00,26,1,,,0.0,false,14.8,244.91872654605433,false
1,59,22:30,86,05:15,27,1,,,0.0,false,14.8,245.38066049641301,false
1,59,22:30,87,05:30,28,1,,,0.0,false,14.8,245.84259444677173,false
1,59,22:30,88,05:45,29,1,,,0.0,false,14.8,246.3045283971304,false
1,59,22:30,89,06:00,30,1,,,0.0,false,14.8,246.76646234748912,false
1,59,22:30,90,06:15,31,1,,,0.0,false,14.8,247.2283962978478,false
1,59,22:30,91,06:30,32,1,,,0.0,false,14.8,247.6903302482065,false
1,59,22:30,92,06:45,33,1,,,0.0,false,14.8,248.1522641985652,false
1,59,22:30,93,07:00,34,1,,,0.0,false,14.8,248.6141981489239,false
1,59,22:30,94,07:15,35,1,,,0.0,false,14.8,249.0761320992826,false
1,59,22:30,95,07:30,36,1,,,0.0,false,14.8,249.53806604964132,false
1,59,22:30,96,07:45,37,1,,,0.0,false,14.8,250.0,false
1,60,22:45,60,22:45,0,1,,,0.0,false,14.8,234.3996196404752,false
1,60,22:45,61,23:00,1,1,,,0.0,false,14.8,234.3996196404752,false
1,60,22:45,62,23:15,2,1,,,0.0,false,14.8,234.86155359083392,false
1,60,22:45,63,23:30,3,1,,,0.0,false,14.8,235.2181135885217,false
1,60,22:45,64,23:45,4,1,,,0.0,false,14.8,235.2181135885217,false
1,60,22:45,65,00:00,5,1,,,0.0,false,14.8,235.6800475388804,false
1,60,22:45,66,00:15,6,1,,,0.0,false,14.8,236.14198148923907,false
1,60,22:45,67,00:30,7,1,,,0.0,false,14.8,236.60391543959778,false
1,60,22:45,68,00:45,8,1,,,0.0,false,14.8,237.06584938995647,false
1,60,22:45,69,01:00,9,1,,,0.0,false,14.8,237.52778334031518,false
1,60,22:45,70,01:15,10,1,,,0.0,false,14.8,237.98971729067387,false
1,60,22:45,71,01:30,11,1,,,0.0,false,14.8,238.45165124103258,false
1,60,22:45,72,01:45,12,1,,,0.0,false,14.8,238.91358519139126,false
1,60,22:45,73,02:00,13,1,,,0.0,false,14.8,239.37551914174995,false
1,60,22:45,74,02:15,14,1,,,0.0,false,14.8,239.83745309210866,false
1,60,22:45,75,02:30,15,1,,,0.0,false,14.8,240.29938704246734,false
1,60,22:45,76,02:45,16,1,,,0.0,false,14.8,240.76132099282606,false
1,60,22:45,77,03:00,17,1,,,0.0,false,14.8,241.22325494318474,false
1,60,22:45,78,03:15,18,1,,,0.0,false,14.8,241.68518889354345,false
1,60,22:45,79,03:30,19,1,,,0.0,false,14.8,242.14712284390214,false
1,60,22:45,80,03:45,20,1,,,0.0,false,14.8,242.60905679426085,false
1,60,22:45,81,04:00,21,1,,,0.0,false,14.8,243.07099074461954,false
1,60,22:45,82,04:15,22,1,,,0.0,false,14.8,243.53292469497822,false
1,60,22:45,83,04:30,23,1,,,0.0,false,14.8,243.99485864533693,false
1,60,22:45,84,04:45,24,1,,,0.0,false,14.8,244.45679259569562,false
1,60,22:45,85,05:00,25,1,,,0.0,false,14.8,244.91872654605433,false
1,60,22:45,86,05:15,26,1,,,0.0,false,14.8,245.38066049641301,false
1,60,22:45,87,05:30,27,1,,,0.0,false,14.8,245.84259444677173,false
1,60,22:45,88,05:45,28,1,,,0.0,false,14.8,246.3045283971304,false
1,60,22:45,89,06:00,29,1,,,0.0,false,14.8,246.76646234748912,false
1,60,22:45,90,06:15,30,1,,,0.0,false,14.8,247.2283962978478,false
1,60,22:45,91,06:30,31,1,,,0.0,false,14.8,247.6903302482065,false
1,60,22:45,92,06:45,32,1,,,0.0,false,14.8,248.1522641985652,false
1,60,22:45,93,07:00,33,1,,,0.0,false,14.8,248.6141981489239,false
1,60,22:45,94,07:15,34,1,,,0.0,false,14.8,249.0761320992826,false
1,60,22:45,95,07:30,35,1,,,0.0,false,14.8,249.53806604964132,false
1,60,22:45,96,07:45,36,1,,,0.0,false,14.8,250.0,false
1,61,23:00,61,23:00,0,1,,,0.0,false,14.8,234.3996196404752,false
1,61,23:00,62,23:15,1,1,,,0.0,false,14.8,234.8615535908339,false
1,61,23:00,63,23:30,2,1,,,0.0,false,14.8,235.2181135885217,false
1,61,23:00,64,23:45,3,1,,,0.0,false,14.8,235.2181135885217,false
1,61,23:00,65,00:00,4,1,,,0.0,false,14.8,235.68004753888042,false
1,61,23:00,66,00:15,5,1,,,0.0,false,14.8,236.1419814892391,false
1,61,23:00,67,00:30,6,1,,,0.0,false,14.8,236.6039154395978,false
1,61,23:00,68,00:45,7,1,,,0.0,false,14.8,237.0658493899565,false
1,61,23:00,69,01:00,8,1,,,0.0,false,14.8,237.5277833403152,false
1,61,23:00,70,01:15,9,1,,,0.0,false,14.8,237.9897172906739,false
1,61,23:00,71,01:30,10,1,,,0.0,false,14.8,238.4516512410326,false
1,61,23:00,72,01:45,11,1,,,0.0,false,14.8,238.9135851913913,false
1,61,23:00,73,02:00,12,1,,,0.0,false,14.8,239.37551914174998,false
1,61,23:00,74,02:15,13,1,,,0.0,false,14.8,239.8374530921087,false
1,61,23:00,75,02:30,14,1,,,0.0,false,14.8,240.29938704246737,false
1,61,23:00,76,02:45,15,1,,,0.0,false,14.8,240.76132099282609,false
1,61,23:00,77,03:00,16,1,,,0.0,false,14.8,241.22325494318477,false
1,61,23:00,78,03:15,17,1,,,0.0,false,14.8,241.68518889354345,false
1,61,23:00,79,03:30,18,1,,,0.0,false,14.8,242.14712284390214,false
1,61,23:00,80,03:45,19,1,,,0.0,false,14.8,242.60905679426085,false
1,61,23:00,81,04:00,20,1,,,0.0,false,14.8,243.07099074461954,false
1,61,23:00,82,04:15,21,1,,,0.0,false,14.8,243.53292469497822,false
1,61,23:00,83,04:30,22,1,,,0.0,false,14.8,243.99485864533693,false
1,61,23:00,84,04:45,23,1,,,0.0,false,14.8,244.45679259569562,false
1,61,23:00,85,05:00,24,1,,,0.0,false,14.8,244.91872654605433,false
1,61,23:00,86,05:15,25,1,,,0.0,false,14.8,245.38066049641301,false
1,61,23:00,87,05:30,26,1,,,0.0,false,14.8,245.84259444677173,false
1,61,23:00,88,05:45,27,1,,,0.0,false,14.8,246.3045283971304,false
1,61,23:00,89,06:00,28,1,,,0.0,false,14.8,246.76646234748912,false
1,61,23:00,90,06:15,29,1,,,0.0,false,14.8,247.2283962978478,false
1,61,23:00,91,06:30,30,1,,,0.0,false,14.8,247.6903302482065,false
1,61,23:00,92,06:45,31,1,,,0.0,false,14.8,248.1522641985652,false
1,61,23:00,93,07:00,32,1,,,0.0,false,14.8,248.6141981489239,false
1,61,23:00,94,07:15,33,1,,,0.0,false,14.8,249.0761320992826,false
1,61,23:00,95,07:30,34,1,,,0.0,false,14.8,249.53806604964132,false
1,61,23:00,96,07:45,35,1,,,0.0,false,14.8,250.0,false
1,62,23:15,62,23:15,0,1,,,0.0,false,14.8,234.8615535908339,false
1,62,23:15,63,23:30,1,1,,,0.0,false,14.8,235.2181135885217,false
1,62,23:15,64,23:45,2,1,,,0.0,false,14.8,235.2181135885217,false
1,62,23:15,65,00:00,3,1,,,0.0,false,14.8,235.68004753888042,false
1,62,23:15,66,00:15,4,1,,,0.0,false,14.8,236.1419814892391,false
1,62,23:15,67,00:30,5,1,,,0.0,false,14.8,236.6039154395978,false
1,62,23:15,68,00:45,6,1,,,0.0,false,14.8,237.0658493899565,false
1,62,23:15,69,01:00,7,1,,,0.0,false,14.8,237.5277833403152,false
1,62,23:15,70,01:15,8,1,,,0.0,false,14.8,237.9897172906739,false
1,62,23:15,71,01:30,9,1,,,0.0,false,14.8,238.4516512410326,false
1,62,23:15,72,01:45,10,1,,,0.0,false,14.8,238.9135851913913,false
1,62,23:15,73,02:00,11,1,,,0.0,false,14.8,239.37551914174998,false
1,62,23:15,74,02:15,12,1,,,0.0,false,14.8,239.8374530921087,false
1,62,23:15,75,02:30,13,1,,,0.0,false,14.8,240.29938704246737,false
1,62,23:15,76,02:45,14,1,,,0.0,false,14.8,240.76132099282609,false
1,62,23:15,77,03:00,15,1,,,0.0,false,14.8,241.22325494318477,false
1,62,23:15,78,03:15,16,1,,,0.0,false,14.8,241.68518889354348,false
1,62,23:15,79,03:30,17,1,,,0.0,false,14.8,242.14712284390217,false
1,62,23:15,80,03:45,18,1,,,0.0,false,14.8,242.60905679426085,false
1,62,23:15,81,04:00,19,1,,,0.0,false,14.8,243.07099074461954,false
1,62,23:15,82,04:15,20,1,,,0.0,false,14.8,243.53292469497822,false
1,62,23:15,83,04:30,21,1,,,0.0,false,14.8,243.99485864533693,false
1,62,23:15,84,04:45,22,1,,,0.0,false,14.8,244.45679259569562,false
1,62,23:15,85,05:00,23,1,,,0.0,false,14.8,244.91872654605433,false
1,62,23:15,86,05:15,24,1,,,0.0,false,14.8,245.38066049641301,false
1,62,23:15,87,05:30,25,1,,,0.0,false,14.8,245.84259444677173,false
1,62,23:15,88,05:45,26,1,,,0.0,false,14.8,246.3045283971304,false
1,62,23:15,89,06:00,27,1,,,0.0,false,14.8,246.76646234748912,false
1,62,23:15,90,06:15,28,1,,,0.0,false,14.8,247.2283962978478,false
1,62,23:15,91,06:30,29,1,,,0.0,false,14.8,247.6903302482065,false
1,62,23:15,92,06:45,30,1,,,0.0,false,14.8,248.1522641985652,false
1,62,23:15,93,07:00,31,1,,,0.0,false,14.8,248.6141981489239,false
1,62,23:15,94,07:15,32,1,,,0.0,false,14.8,249.0761320992826,false
1,62,23:15,95,07:30,33,1,,,0.0,false,14.8,249.53806604964132,false
1,62,23:15,96,07:45,34,1,,,0.0,false,14.8,250.0,false
1,63,23:30,63,23:30,0,1,,,0.0,false,14.8,235.2181135885217,false
1,63,23:30,64,23:45,1,1,,,0.0,false,14.8,235.2181135885217,false
1,63,23:30,65,00:00,2,1,,,0.0,false,14.8,235.68004753888042,false
1,63,23:30,66,00:15,3,1,,,0.0,false,14.8,236.1419814892391,false
1,63,23:30,67,00:30,4,1,,,0.0,false,14.8,236.6039154395978,false
1,63,23:30,68,00:45,5,1,,,0.0,false,14.8,237.0658493899565,false
1,63,23:30,69,01:00,6,1,,,0.0,false,14.8,237.5277833403152,false
1,63,23:30,70,01:15,7,1,,,0.0,false,14.8,237.9897172906739,false
1,63,23:30,71,01:30,8,1,,,0.0,false,14.8,238.4516512410326,false
1,63,23:30,72,01:45,9,1,,,0.0,false,14.8,238.9135851913913,false
1,63,23:30,73,02:00,10,1,,,0.0,false,14.8,239.37551914174998,false
1,63,23:30,74,02:15,11,1,,,0.0,false,14.8,239.8374530921087,false
1,63,23:30,75,02:30,12,1,,,0.0,false,14.8,240.29938704246737,false
1,63,23:30,76,02:45,13,1,,,0.0,false,14.8,240.76132099282609,false
1,63,23:30,77,03:00,14,1,,,0.0,false,14.8,241.22325494318477,false
1,63,23:30,78,03:15,15,1,,,0.0,false,14.8,241.68518889354348,false
1,63,23:30,79,03:30,16,1,,,0.0,false,14.8,242.14712284390217,false
1,63,23:30,80,03:45,17,1,,,0.0,false,14.8,242.60905679426088,false
1,63,23:30,81,04:00,18,1,,,0.0,false,14.8,243.07099074461956,false
1,63,23:30,82,04:15,19,1,,,0.0,false,14.8,243.53292469497825,false
1,63,23:30,83,04:30,20,1,,,0.0,false,14.8,243.99485864533696,false
1,63,23:30,84,04:45,21,1,,,0.0,false,14.8,244.45679259569565,false
1,63,23:30,85,05:00,22,1,,,0.0,false,14.8,244.91872654605436,false
1,63,23:30,86,05:15,23,1,,,0.0,false,14.8,245.38066049641304,false
1,63,23:30,87,05:30,24,1,,,0.0,false,14.8,245.84259444677176,false
1,63,23:30,88,05:45,25,1,,,0.0,false,14.8,246.30452839713044,false
1,63,23:30,89,06:00,26,1,,,0.0,false,14.8,246.76646234748912,false
1,63,23:30,90,06:15,27,1,,,0.0,false,14.8,247.2283962978478,false
1,63,23:30,91,06:30,28,1,,,0.0,false,14.8,247.6903302482065,false
1,63,23:30,92,06:45,29,1,,,0.0,false,14.8,248.1522641985652,false
1,63,23:30,93,07:00,30,1,,,0.0,false,14.8,248.6141981489239,false
1,63,23:30,94,07:15,31,1,,,0.0,false,14.8,249.0761320992826,false
1,63,23:30,95,07:30,32,1,,,0.0,false,14.8,249.53806604964132,false
1,63,23:30,96,07:45,33,1,,,0.0,false,14.8,250.0,false
1,64,23:45,64,23:45,0,1,,,0.0,false,14.8,235.2181135885217,false
1,64,23:45,65,00:00,1,1,,,0.0,false,14.8,235.68004753888042,false
1,64,23:45,66,00:15,2,1,,,0.0,false,14.8,236.1419814892391,false
1,64,23:45,67,00:30,3,1,,,0.0,false,14.8,236.6039154395978,false
1,64,23:45,68,00:45,4,1,,,0.0,false,14.8,237.0658493899565,false
1,64,23:45,69,01:00,5,1,,,0.0,false,14.8,237.5277833403152,false
1,64,23:45,70,01:15,6,1,,,0.0,false,14.8,237.9897172906739,false
1,64,23:45,71,01:30,7,1,,,0.0,false,14.8,238.4516512410326,false
1,64,23:45,72,01:45,8,1,,,0.0,false,14.8,238.9135851913913,false
1,64,23:45,73,02:00,9,1,,,0.0,false,14.8,239.37551914174998,false
1,64,23:45,74,02:15,10,1,,,0.0,false,14.8,239.8374530921087,false
1,64,23:45,75,02:30,11,1,,,0.0,false,14.8,240.29938704246737,false
1,64,23:45,76,02:45,12,1,,,0.0,false,14.8,240.76132099282609,false
1,64,23:45,77,03:00,13,1,,,0.0,false,14.8,241.22325494318477,false
1,64,23:45,78,03:15,14,1,,,0.0,false,14.8,241.68518889354348,false
1,64,23:45,79,03:30,15,1,,,0.0,false,14.8,242.14712284390217,false
1,64,23:45,80,03:45,16,1,,,0.0,false,14.8,242.60905679426088,false
1,64,23:45,81,04:00,17,1,,,0.0,false,14.8,243.07099074461956,false
1,64,23:45,82,04:15,18,1,,,0.0,false,14.8,243.53292469497825,false
1,64,23:45,83,04:30,19,1,,,0.0,false,14.8,243.99485864533696,false
1,64,23:45,84,04:45,20,1,,,0.0,false,14.8,244.45679259569565,false
1,64,23:45,85,05:00,21,1,,,0.0,false,14.8,244.91872654605436,false
1,64,23:45,86,05:15,22,1,,,0.0,false,14.8,245.38066049641304,false
1,64,23:45,87,05:30,23,1,,,0.0,false,14.8,245.84259444677176,false
1,64,23:45,88,05:45,24,1,,,0.0,false,14.8,246.30452839713044,false
1,64,23:45,89,06:00,25,1,,,0.0,false,14.8,246.76646234748915,false
1,64,23:45,90,06:15,26,1,,,0.0,false,14.8,247.22839629784784,false
1,64,23:45,91,06:30,27,1,,,0.0,false,14.8,247.69033024820652,false
1,64,23:45,92,06:45,28,1,,,0.0,false,14.8,248.15226419856523,false
1,64,23:45,93,07:00,29,1,,,0.0,false,14.8,248.61419814892392,false
1,64,23:45,94,07:15,30,1,,,0.0,false,14.8,249.0761320992826,false
1,64,23:45,95,07:30,31,1,,,0.0,false,14.8,249.53806604964132,false
1,64,23:45,96,07:45,32,1,,,0.0,false,14.8,250.0,false
1,65,00:00,65,00:00,0,1,,,0.0,false,14.8,235.6800475388804,false
1,65,00:00,66,00:15,1,1,,,0.0,false,14.8,236.1419814892391,false
1,65,00:00,67,00:30,2,1,,,0.0,false,14.8,236.60391543959778,false
1,65,00:00,68,00:45,3,1,,,0.0,false,14.8,237.06584938995647,false
1,65,00:00,69,01:00,4,1,,,0.0,false,14.8,237.52778334031518,false
1,65,00:00,70,01:15,5,1,,,0.0,false,14.8,237.98971729067387,false
1,65,00:00,71,01:30,6,1,,,0.0,false,14.8,238.45165124103258,false
1,65,00:00,72,01:45,7,1,,,0.0,false,14.8,238.91358519139126,false
1,65,00:00,73,02:00,8,1,,,0.0,false,14.8,239.37551914174998,false
1,65,00:00,74,02:15,9,1,,,0.0,false,14.8,239.8374530921087,false
1,65,00:00,75,02:30,10,1,,,0.0,false,14.8,240.29938704246737,false
1,65,00:00,76,02:45,11,1,,,0.0,false,14.8,240.76132099282609,false
1,65,00:00,77,03:00,12,1,,,0.0,false,14.8,241.22325494318477,false
1,65,00:00,78,03:15,13,1,,,0.0,false,14.8,241.68518889354348,false
1,65,00:00,79,03:30,14,1,,,0.0,false,14.8,242.14712284390217,false
1,65,00:00,80,03:45,15,1,,,0.0,false,14.8,242.60905679426088,false
1,65,00:00,81,04:00,16,1,,,0.0,false,14.8,243.07099074461956,false
1,65,00:00,82,04:15,17,1,,,0.0,false,14.8,243.53292469497825,false
1,65,00:00,83,04:30,18,1,,,0.0,false,14.8,243.99485864533696,false
1,65,00:00,84,04:45,19,1,,,0.0,false,14.8,244.45679259569565,false
1,65,00:00,85,05:00,20,1,,,0.0,false,14.8,244.91872654605436,false
1,65,00:00,86,05:15,21,1,,,0.0,false,14.8,245.38066049641304,false
1,65,00:00,87,05:30,22,1,,,0.0,false,14.8,245.84259444677176,false
1,65,00:00,88,05:45,23,1,,,0.0,false,14.8,246.30452839713044,false
1,65,00:00,89,06:00,24,1,,,0.0,false,14.8,246.76646234748915,false
1,65,00:00,90,06:15,25,1,,,0.0,false,14.8,247.22839629784784,false
1,65,00:00,91,06:30,26,1,,,0.0,false,14.8,247.69033024820652,false
1,65,00:00,92,06:45,27,1,,,0.0,false,14.8,248.15226419856523,false
1,65,00:00,93,07:00,28,1,,,0.0,false,14.8,248.61419814892392,false
1,65,00:00,94,07:15,29,1,,,0.0,false,14.8,249.0761320992826,false
1,65,00:00,95,07:30,30,1,,,0.0,false,14.8,249.53806604964132,false
1,65,00:00,96,07:45,31,1,,,0.0,false,14.8,250.0,false
1,66,00:15,66,00:15,0,1,,,0.0,false,14.8,236.14198148923907,false
1,66,00:15,67,00:30,1,1,,,0.0,false,14.8,236.60391543959778,false
1,66,00:15,68,00:45,2,1,,,0.0,false,14.8,237.06584938995647,false
1,66,00:15,69,01:00,3,1,,,0.0,false,14.8,237.52778334031518,false
1,66,00:15,70,01:15,4,1,,,0.0,false,14.8,237.98971729067387,false
1,66,00:15,71,01:30,5,1,,,0.0,false,14.8,238.45165124103258,false
1,66,00:15,72,01:45,6,1,,,0.0,false,14.8,238.91358519139126,false
1,66,00:15,73,02:00,7,1,,,0.0,false,14.8,239.37551914174995,false
1,66,00:15,74,02:15,8,1,,,0.0,false,14.8,239.83745309210866,false
1,66,00:15,75,02:30,9,1,,,0.0,false,14.8,240.29938704246734,false
1,66,00:15,76,02:45,10,1,,,0.0,false,14.8,240.76132099282609,false
1,66,00:15,77,03:00,11,1,,,0.0,false,14.8,241.22325494318477,false
1,66,00:15,78,03:15,12,1,,,0.0,false,14.8,241.68518889354348,false
1,66,00:15,79,03:30,13,1,,,0.0,false,14.8,242.14712284390217,false
1,66,00:15,80,03:45,14,1,,,0.0,false,14.8,242.60905679426088,false
1,66,00:15,81,04:00,15,1,,,0.0,false,14.8,243.07099074461956,false
1,66,00:15,82,04:15,16,1,,,0.0,false,14.8,243.53292469497825,false
1,66,00:15,83,04:30,17,1,,,0.0,false,14.8,243.99485864533696,false
1,66,00:15,84,04:45,18,1,,,0.0,false,14.8,244.45679259569565,false
1,66,00:15,85,05:00,19,1,,,0.0,false,14.8,244.91872654605436,false
1,66,00:15,86,05:15,20,1,,,0.0,false,14.8,245.38066049641304,false
1,66,00:15,87,05:30,21,1,,,0.0,false,14.8,245.84259444677176,false
1,66,00:15,88,05:45,22,1,,,0.0,false,14.8,246.30452839713044,false
1,66,00:15,89,06:00,23,1,,,0.0,false,14.8,246.76646234748918,false
1,66,00:15,90,06:15,24,1,,,0.0,false,14.8,247.22839629784787,false
1,66,00:15,91,06:30,25,1,,,0.0,false,14.8,247.69033024820655,false
1,66,00:15,92,06:45,26,1,,,0.0,false,14.8,248.15226419856526,false
1,66,00:15,93,07:00,27,1,,,0.0,false,14.8,248.61419814892395,false
1,66,00:15,94,07:15,28,1,,,0.0,false,14.8,249.0761320992826,false
1,66,00:15,95,07:30,29,1,,,0.0,false,14.8,249.53806604964132,false
1,66,00:15,96,07:45,30,1,,,0.0,false,14.8,250.0,false
1,67,00:30,67,00:30,0,1,,,0.0,false,14.8,236.60391543959776,false
1,67,00:30,68,00:45,1,1,,,0.0,false,14.8,237.06584938995647,false
1,67,00:30,69,01:00,2,1,,,0.0,false,14.8,237.52778334031515,false
1,67,00:30,70,01:15,3,1,,,0.0,false,14.8,237.98971729067384,false
1,67,00:30,71,01:30,4,1,,,0.0,false,14.8,238.45165124103255,false
1,67,00:30,72,01:45,5,1,,,0.0,false,14.8,238.91358519139123,false
1,67,00:30,73,02:00,6,1,,,0.0,false,14.8,239.37551914174995,false
1,67,00:30,74,02:15,7,1,,,0.0,false,14.8,239.83745309210866,false
1,67,00:30,75,02:30,8,1,,,0.0,false,14.8,240.29938704246734,false
1,67,00:30,76,02:45,9,1,,,0.0,false,14.8,240.76132099282606,false
1,67,00:30,77,03:00,10,1,,,0.0,false,14.8,241.22325494318474,false
1,67,00:30,78,03:15,11,1,,,0.0,false,14.8,241.68518889354345,false
1,67,00:30,79,03:30,12,1,,,0.0,false,14.8,242.14712284390214,false
1,67,00:30,80,03:45,13,1,,,0.0,false,14.8,242.60905679426085,false
1,67,00:30,81,04:00,14,1,,,0.0,false,14.8,243.07099074461954,false
1,67,00:30,82,04:15,15,1,,,0.0,false,14.8,243.53292469497822,false
1,67,00:30,83,04:30,16,1,,,0.0,false,14.8,243.99485864533693,false
1,67,00:30,84,04:45,17,1,,,0.0,false,14.8,244.45679259569562,false
1,67,00:30,85,05:00,18,1,,,0.0,false,14.8,244.91872654605433,false
1,67,00:30,86,05:15,19,1,,,0.0,false,14.8,245.38066049641301,false
1,67,00:30,87,05:30,20,1,,,0.0,false,14.8,245.84259444677173,false
1,67,00:30,88,05:45,21,1,,,0.0,false,14.8,246.3045283971304,false
1,67,00:30,89,06:00,22,1,,,0.0,false,14.8,246.76646234748915,false
1,67,00:30,90,06:15,23,1,,,0.0,false,14.8,247.22839629784784,false
1,67,00:30,91,06:30,24,1,,,0.0,false,14.8,247.69033024820652,false
1,67,00:30,92,06:45,25,1,,,0.0,false,14.8,248.15226419856523,false
1,67,00:30,93,07:00,26,1,,,0.0,false,14.8,248.61419814892392,false
1,67,00:30,94,07:15,27,1,,,0.0,false,14.8,249.0761320992826,false
1,67,00:30,95,07:30,28,1,,,0.0,false,14.8,249.53806604964132,false
1,67,00:30,96,07:45,29,1,,,0.0,false,14.8,250.0,false
1,68,00:45,68,00:45,0,1,,,0.0,false,14.8,237.06584938995644,false
1,68,00:45,69,01:00,1,1,,,0.0,false,14.8,237.52778334031515,false
1,68,00:45,70,01:15,2,1,,,0.0,false,14.8,237.98971729067384,false
1,68,00:45,71,01:30,3,1,,,0.0,false,14.8,238.45165124103258,false
1,68,00:45,72,01:45,4,1,,,0.0,false,14.8,238.91358519139126,false
1,68,00:45,73,02:00,5,1,,,0.0,false,14.8,239.37551914174995,false
1,68,00:45,74,02:15,6,1,,,0.0,false,14.8,239.83745309210866,false
1,68,00:45,75,02:30,7,1,,,0.0,false,14.8,240.29938704246734,false
1,68,00:45,76,02:45,8,1,,,0.0,false,14.8,240.76132099282606,false
1,68,00:45,77,03:00,9,1,,,0.0,false,14.8,241.22325494318474,false
1,68,00:45,78,03:15,10,1,,,0.0,false,14.8,241.68518889354345,false
1,68,00:45,79,03:30,11,1,,,0.0,false,14.8,242.14712284390214,false
1,68,00:45,80,03:45,12,1,,,0.0,false,14.8,242.60905679426085,false
1,68,00:45,81,04:00,13,1,,,0.0,false,14.8,243.07099074461954,false
1,68,00:45,82,04:15,14,1,,,0.0,false,14.8,243.53292469497822,false
1,68,00:45,83,04:30,15,1,,,0.0,false,14.8,243.99485864533693,false
1,68,00:45,84,04:45,16,1,,,0.0,false,14.8,244.45679259569562,false
1,68,00:45,85,05:00,17,1,,,0.0,false,14.8,244.91872654605433,false
1,68,00:45,86,05:15,18,1,,,0.0,false,14.8,245.38066049641301,false
1,68,00:45,87,05:30,19,1,,,0.0,false,14.8,245.84259444677173,false
1,68,00:45,88,05:45,20,1,,,0.0,false,14.8,246.3045283971304,false
1,68,00:45,89,06:00,21,1,,,0.0,false,14.8,246.76646234748918,false
1,68,00:45,90,06:15,22,1,,,0.0,false,14.8,247.22839629784787,false
1,68,00:45,91,06:30,23,1,,,0.0,false,14.8,247.69033024820655,false
1,68,00:45,92,06:45,24,1,,,0.0,false,14.8,248.15226419856526,false
1,68,00:45,93,07:00,25,1,,,0.0,false,14.8,248.61419814892395,false
1,68,00:45,94,07:15,26,1,,,0.0,false,14.8,249.0761320992826,false
1,68,00:45,95,07:30,27,1,,,0.0,false,14.8,249.53806604964132,false
1,68,00:45,96,07:45,28,1,,,0.0,false,14.8,250.0,false
1,69,01:00,69,01:00,0,1,,,0.0,false,14.8,237.52778334031512,false
1,69,01:00,70,01:15,1,1,,,0.0,false,14.8,237.98971729067384,false
1,69,01:00,71,01:30,2,1,,,0.0,false,14.8,238.45165124103252,false
1,69,01:00,72,01:45,3,1,,,0.0,false,14.8,238.9135851913912,false
1,69,01:00,73,02:00,4,1,,,0.0,false,14.8,239.37551914174992,false
1,69,01:00,74,02:15,5,1,,,0.0,false,14.8,239.83745309210863,false
1,69,01:00,75,02:30,6,1,,,0.0,false,14.8,240.29938704246732,false
1,69,01:00,76,02:45,7,1,,,0.0,false,14.8,240.76132099282603,false
1,69,01:00,77,03:00,8,1,,,0.0,false,14.8,241.2232549431847,false
1,69,01:00,78,03:15,9,1,,,0.0,false,14.8,241.68518889354343,false
1,69,01:00,79,03:30,10,1,,,0.0,false,14.8,242.1471228439021,false
1,69,01:00,80,03:45,11,1,,,0.0,false,14.8,242.60905679426082,false
1,69,01:00,81,04:00,12,1,,,0.0,false,14.8,243.0709907446195,false
1,69,01:00,82,04:15,13,1,,,0.0,false,14.8,243.5329246949782,false
1,69,01:00,83,04:30,14,1,,,0.0,false,14.8,243.9948586453369,false
1,69,01:00,84,04:45,15,1,,,0.0,false,14.8,244.4567925956956,false
1,69,01:00,85,05:00,16,1,,,0.0,false,14.8,244.9187265460543,false
1,69,01:00,86,05:15,17,1,,,0.0,false,14.8,245.380660496413,false
1,69,01:00,87,05:30,18,1,,,0.0,false,14.8,245.8425944467717,false
1,69,01:00,88,05:45,19,1,,,0.0,false,14.8,246.30452839713038,false
1,69,01:00,89,06:00,20,1,,,0.0,false,14.8,246.76646234748915,false
1,69,01:00,90,06:15,21,1,,,0.0,false,14.8,247.22839629784784,false
1,69,01:00,91,06:30,22,1,,,0.0,false,14.8,247.69033024820652,false
1,69,01:00,92,06:45,23,1,,,0.0,false,14.8,248.15226419856523,false
1,69,01:00,93,07:00,24,1,,,0.0,false,14.8,248.61419814892392,false
1,69,01:00,94,07:15,25,1,,,0.0,false,14.8,249.0761320992826,false
1,69,01:00,95,07:30,26,1,,,0.0,false,14.8,249.53806604964132,false
1,69,01:00,96,07:45,27,1,,,0.0,false,14.8,250.0,false
1,70,01:15,70,01:15,0,1,,,0.0,false,14.8,237.9897172906738,false
1,70,01:15,71,01:30,1,1,,,0.0,false,14.8,238.45165124103255,false
1,70,01:15,72,01:45,2,1,,,0.0,false,14.8,238.91358519139123,false
1,70,01:15,73,02:00,3,1,,,0.0,false,14.8,239.37551914174992,false
1,70,01:15,74,02:15,4,1,,,0.0,false,14.8,239.83745309210863,false
1,70,01:15,75,02:30,5,1,,,0.0,false,14.8,240.29938704246732,false
1,70,01:15,76,02:45,6,1,,,0.0,false,14.8,240.761320992826,false
1,70,01:15,77,03:00,7,1,,,0.0,false,14.8,241.22325494318468,false
1,70,01:15,78,03:15,8,1,,,0.0,false,14.8,241.6851888935434,false
1,70,01:15,79,03:30,9,1,,,0.0,false,14.8,242.14712284390208,false
1,70,01:15,80,03:45,10,1,,,0.0,false,14.8,242.6090567942608,false
1,70,01:15,81,04:00,11,1,,,0.0,false,14.8,243.07099074461948,false
1,70,01:15,82,04:15,12,1,,,0.0,false,14.8,243.53292469497816,false
1,70,01:15,83,04:30,13,1,,,0.0,false,14.8,243.99485864533688,false
1,70,01:15,84,04:45,14,1,,,0.0,false,14.8,244.45679259569556,false
1,70,01:15,85,05:00,15,1,,,0.0,false,14.8,244.91872654605427,false
1,70,01:15,86,05:15,16,1,,,0.0,false,14.8,245.38066049641296,false
1,70,01:15,87,05:30,17,1,,,0.0,false,14.8,245.84259444677167,false
1,70,01:15,88,05:45,18,1,,,0.0,false,14.8,246.30452839713035,false
1,70,01:15,89,06:00,19,1,,,0.0,false,14.8,246.76646234748915,false
1,70,01:15,90,06:15,20,1,,,0.0,false,14.8,247.22839629784784,false
1,70,01:15,91,06:30,21,1,,,0.0,false,14.8,247.69033024820652,false
1,70,01:15,92,06:45,22,1,,,0.0,false,14.8,248.15226419856523,false
1,70,01:15,93,07:00,23,1,,,0.0,false,14.8,248.61419814892392,false
1,70,01:15,94,07:15,24,1,,,0.0,false,14.8,249.0761320992826,false
1,70,01:15,95,07:30,25,1,,,0.0,false,14.8,249.53806604964132,false
1,70,01:15,96,07:45,26,1,,,0.0,false,14.8,250.0,false
1,71,01:30,71,01:30,0,1,,,0.0,false,14.8,238.4516512410325,false
1,71,01:30,72,01:45,1,1,,,0.0,false,14.8,238.9135851913912,false
1,71,01:30,73,02:00,2,1,,,0.0,false,14.8,239.3755191417499,false
1,71,01:30,74,02:15,3,1,,,0.0,false,14.8,239.8374530921086,false
1,71,01:30,75,02:30,4,1,,,0.0,false,14.8,240.2993870424673,false
1,71,01:30,76,02:45,5,1,,,0.0,false,14.8,240.761320992826,false
1,71,01:30,77,03:00,6,1,,,0.0,false,14.8,241.22325494318468,false
1,71,01:30,78,03:15,7,1,,,0.0,false,14.8,241.6851888935434,false
1,71,01:30,79,03:30,8,1,,,0.0,false,14.8,242.14712284390208,false
1,71,01:30,80,03:45,9,1,,,0.0,false,14.8,242.6090567942608,false
1,71,01:30,81,04:00,10,1,,,0.0,false,14.8,243.07099074461948,false
1,71,01:30,82,04:15,11,1,,,0.0,false,14.8,243.53292469497816,false
1,71,01:30,83,04:30,12,1,,,0.0,false,14.8,243.99485864533688,false
1,71,01:30,84,04:45,13,1,,,0.0,false,14.8,244.45679259569556,false
1,71,01:30,85,05:00,14,1,,,0.0,false,14.8,244.91872654605427,false
1,71,01:30,86,05:15,15,1,,,0.0,false,14.8,245.38066049641296,false
1,71,01:30,87,05:30,16,1,,,0.0,false,14.8,245.84259444677167,false
1,71,01:30,88,05:45,17,1,,,0.0,false,14.8,246.30452839713035,false
1,71,01:30,89,06:00,18,1,,,0.0,false,14.8,246.76646234748915,false
1,71,01:30,90,06:15,19,1,,,0.0,false,14.8,247.22839629784784,false
1,71,01:30,91,06:30,20,1,,,0.0,false,14.8,247.69033024820652,false
1,71,01:30,92,06:45,21,1,,,0.0,false,14.8,248.15226419856523,false
1,71,01:30,93,07:00,22,1,,,0.0,false,14.8,248.61419814892392,false
1,71,01:30,94,07:15,23,1,,,0.0,false,14.8,249.0761320992826,false
1,71,01:30,95,07:30,24,1,,,0.0,false,14.8,249.53806604964132,false
1,71,01:30,96,07:45,25,1,,,0.0,false,14.8,250.0,false
1,72,01:45,72,01:45,0,1,,,0.0,false,14.8,238.91358519139118,false
1,72,01:45,73,02:00,1,1,,,0.0,false,14.8,239.3755191417499,false
1,72,01:45,74,02:15,2,1,,,0.0,false,14.8,239.8374530921086,false
1,72,01:45,75,02:30,3,1,,,0.0,false,14.8,240.2993870424673,false
1,72,01:45,76,02:45,4,1,,,0.0,false,14.8,240.761320992826,false
1,72,01:45,77,03:00,5,1,,,0.0,false,14.8,241.22325494318468,false
1,72,01:45,78,03:15,6,1,,,0.0,false,14.8,241.6851888935434,false
1,72,01:45,79,03:30,7,1,,,0.0,false,14.8,242.14712284390208,false
1,72,01:45,80,03:45,8,1,,,0.0,false,14.8,242.6090567942608,false
1,72,01:45,81,04:00,9,1,,,0.0,false,14.8,243.07099074461948,false
1,72,01:45,82,04:15,10,1,,,0.0,false,14.8,243.53292469497816,false
1,72,01:45,83,04:30,11,1,,,0.0,false,14.8,243.99485864533688,false
1,72,01:45,84,04:45,12,1,,,0.0,false,14.8,244.45679259569556,false
1,72,01:45,85,05:00,13,1,,,0.0,false,14.8,244.91872654605427,false
1,72,01:45,86,05:15,14,1,,,0.0,false,14.8,245.38066049641296,false
1,72,01:45,87,05:30,15,1,,,0.0,false,14.8,245.84259444677167,false
1,72,01:45,88,05:45,16,1,,,0.0,false,14.8,246.30452839713035,false
1,72,01:45,89,06:00,17,1,,,0.0,false,14.8,246.76646234748915,false
1,72,01:45,90,06:15,18,1,,,0.0,false,14.8,247.22839629784784,false
1,72,01:45,91,06:30,19,1,,,0.0,false,14.8,247.69033024820652,false
1,72,01:45,92,06:45,20,1,,,0.0,false,14.8,248.15226419856523,false
1,72,01:45,93,07:00,21,1,,,0.0,false,14.8,248.61419814892392,false
1,72,01:45,94,07:15,22,1,,,0.0,false,14.8,249.0761320992826,false
1,72,01:45,95,07:30,23,1,,,0.0,false,14.8,249.53806604964132,false
1,72,01:45,96,07:45,24,1,,,0.0,false,14.8,250.0,false
1,73,02:00,73,02:00,0,1,,,0.0,false,14.8,239.37551914174986,false
1,73,02:00,74,02:15,1,1,,,0.0,false,14.8,239.83745309210857,false
1,73,02:00,75,02:30,2,1,,,0.0,false,14.8,240.29938704246726,false
1,73,02:00,76,02:45,3,1,,,0.0,false,14.8,240.76132099282597,false
1,73,02:00,77,03:00,4,1,,,0.0,false,14.8,241.22325494318466,false
1,73,02:00,78,03:15,5,1,,,0.0,false,14.8,241.68518889354337,false
1,73,02:00,79,03:30,6,1,,,0.0,false,14.8,242.14712284390205,false
1,73,02:00,80,03:45,7,1,,,0.0,false,14.8,242.60905679426077,false
1,73,02:00,81,04:00,8,1,,,0.0,false,14.8,243.07099074461945,false
1,73,02:00,82,04:15,9,1,,,0.0,false,14.8,243.53292469497813,false
1,73,02:00,83,04:30,10,1,,,0.0,false,14.8,243.99485864533685,false
1,73,02:00,84,04:45,11,1,,,0.0,false,14.8,244.45679259569553,false
1,73,02:00,85,05:00,12,1,,,0.0,false,14.8,244.91872654605424,false
1,73,02:00,86,05:15,13,1,,,0.0,false,14.8,245.38066049641293,false
1,73,02:00,87,05:30,14,1,,,0.0,false,14.8,245.84259444677164,false
1,73,02:00,88,05:45,15,1,,,0.0,false,14.8,246.30452839713033,false
1,73,02:00,89,06:00,16,1,,,0.0,false,14.8,246.76646234748915,false
1,73,02:00,90,06:15,17,1,,,0.0,false,14.8,247.22839629784784,false
1,73,02:00,91,06:30,18,1,,,0.0,false,14.8,247.69033024820652,false
1,73,02:00,92,06:45,19,1,,,0.0,false,14.8,248.15226419856523,false
1,73,02:00,93,07:00,20,1,,,0.0,false,14.8,248.61419814892392,false
1,73,02:00,94,07:15,21,1,,,0.0,false,14.8,249.0761320992826,false
1,73,02:00,95,07:30,22,1,,,0.0,false,14.8,249.53806604964132,false
1,73,02:00,96,07:45,23,1,,,0.0,false,14.8,250.0,false
1,74,02:15,74,02:15,0,1,,,0.0,false,14.8,239.83745309210855,false
1,74,02:15,75,02:30,1,1,,,0.0,false,14.8,240.29938704246726,false
1,74,02:15,76,02:45,2,1,,,0.0,false,14.8,240.76132099282594,false
1,74,02:15,77,03:00,3,1,,,0.0,false,14.8,241.22325494318463,false
1,74,02:15,78,03:15,4,1,,,0.0,false,14.8,241.68518889354334,false
1,74,02:15,79,03:30,5,1,,,0.0,false,14.8,242.14712284390203,false
1,74,02:15,80,03:45,6,1,,,0.0,false,14.8,242.60905679426074,false
1,74,02:15,81,04:00,7,1,,,0.0,false,14.8,243.07099074461942,false
1,74,02:15,82,04:15,8,1,,,0.0,false,14.8,243.53292469497813,false
1,74,02:15,83,04:30,9,1,,,0.0,false,14.8,243.99485864533685,false
1,74,02:15,84,04:45,10,1,,,0.0,false,14.8,244.45679259569553,false
1,74,02:15,85,05:00,11,1,,,0.0,false,14.8,244.91872654605424,false
1,74,02:15,86,05:15,12,1,,,0.0,false,14.8,245.38066049641293,false
1,74,02:15,87,05:30,13,1,,,0.0,false,14.8,245.84259444677164,false
1,74,02:15,88,05:45,14,1,,,0.0,false,14.8,246.30452839713033,false
1,74,02:15,89,06:00,15,1,,,0.0,false,14.8,246.76646234748915,false
1,74,02:15,90,06:15,16,1,,,0.0,false,14.8,247.22839629784784,false
1,74,02:15,91,06:30,17,1,,,0.0,false,14.8,247.69033024820652,false
1,74,02:15,92,06:45,18,1,,,0.0,false,14.8,248.15226419856523,false
1,74,02:15,93,07:00,19,1,,,0.0,false,14.8,248.61419814892392,false
1,74,02:15,94,07:15,20,1,,,0.0,false,14.8,249.0761320992826,false
1,74,02:15,95,07:30,21,1,,,0.0,false,14.8,249.53806604964132,false
1,74,02:15,96,07:45,22,1,,,0.0,false,14.8,250.0,false
1,75,02:30,75,02:30,0,1,,,0.0,false,14.8,240.29938704246723,false
1,75,02:30,76,02:45,1,1,,,0.0,false,14.8,240.76132099282594,false
1,75,02:30,77,03:00,2,1,,,0.0,false,14.8,241.22325494318463,false
1,75,02:30,78,03:15,3,1,,,0.0,false,14.8,241.68518889354334,false
1,75,02:30,79,03:30,4,1,,,0.0,false,14.8,242.14712284390203,false
1,75,02:30,80,03:45,5,1,,,0.0,false,14.8,242.60905679426074,false
1,75,02:30,81,04:00,6,1,,,0.0,false,14.8,243.07099074461942,false
1,75,02:30,82,04:15,7,1,,,0.0,false,14.8,243.5329246949781,false
1,75,02:30,83,04:30,8,1,,,0.0,false,14.8,243.99485864533682,false
1,75,02:30,84,04:45,9,1,,,0.0,false,14.8,244.4567925956955,false
1,75,02:30,85,05:00,10,1,,,0.0,false,14.8,244.91872654605422,false
1,75,02:30,86,05:15,11,1,,,0.0,false,14.8,245.3806604964129,false
1,75,02:30,87,05:30,12,1,,,0.0,false,14.8,245.8425944467716,false
1,75,02:30,88,05:45,13,1,,,0.0,false,14.8,246.3045283971303,false
1,75,02:30,89,06:00,14,1,,,0.0,false,14.8,246.76646234748915,false
1,75,02:30,90,06:15,15,1,,,0.0,false,14.8,247.22839629784784,false
1,75,02:30,91,06:30,16,1,,,0.0,false,14.8,247.69033024820652,false
1,75,02:30,92,06:45,17,1,,,0.0,false,14.8,248.15226419856523,false
1,75,02:30,93,07:00,18,1,,,0.0,false,14.8,248.61419814892392,false
1,75,02:30,94,07:15,19,1,,,0.0,false,14.8,249.0761320992826,false
1,75,02:30,95,07:30,20,1,,,0.0,false,14.8,249.53806604964132,false
1,75,02:30,96,07:45,21,1,,,0.0,false,14.8,250.0,false
1,76,02:45,76,02:45,0,1,,,0.0,false,14.8,240.76132099282592,false
1,76,02:45,77,03:00,1,1,,,0.0,false,14.8,241.22325494318463,false
1,76,02:45,78,03:15,2,1,,,0.0,false,14.8,241.6851888935433,false
1,76,02:45,79,03:30,3,1,,,0.0,false,14.8,242.147122843902,false
1,76,02:45,80,03:45,4,1,,,0.0,false,14.8,242.6090567942607,false
1,76,02:45,81,04:00,5,1,,,0.0,false,14.8,243.0709907446194,false
1,76,02:45,82,04:15,6,1,,,0.0,false,14.8,243.5329246949781,false
1,76,02:45,83,04:30,7,1,,,0.0,false,14.8,243.99485864533682,false
1,76,02:45,84,04:45,8,1,,,0.0,false,14.8,244.4567925956955,false
1,76,02:45,85,05:00,9,1,,,0.0,false,14.8,244.91872654605422,false
1,76,02:45,86,05:15,10,1,,,0.0,false,14.8,245.3806604964129,false
1,76,02:45,87,05:30,11,1,,,0.0,false,14.8,245.8425944467716,false
1,76,02:45,88,05:45,12,1,,,0.0,false,14.8,246.3045283971303,false
1,76,02:45,89,06:00,13,1,,,0.0,false,14.8,246.76646234748915,false
1,76,02:45,90,06:15,14,1,,,0.0,false,14.8,247.22839629784784,false
1,76,02:45,91,06:30,15,1,,,0.0,false,14.8,247.69033024820652,false
1,76,02:45,92,06:45,16,1,,,0.0,false,14.8,248.15226419856523,false
1,76,02:45,93,07:00,17,1,,,0.0,false,14.8,248.61419814892392,false
1,76,02:45,94,07:15,18,1,,,0.0,false,14.8,249.0761320992826,false
1,76,02:45,95,07:30,19,1,,,0.0,false,14.8,249.53806604964132,false
1,76,02:45,96,07:45,20,1,,,0.0,false,14.8,250.0,false
1,77,03:00,77,03:00,0,1,,,0.0,false,14.8,241.2232549431846,false
1,77,03:00,78,03:15,1,1,,,0.0,false,14.8,241.6851888935433,false
1,77,03:00,79,03:30,2,1,,,0.0,false,14.8,242.147122843902,false
1,77,03:00,80,03:45,3,1,,,0.0,false,14.8,242.60905679426074,false
1,77,03:00,81,04:00,4,1,,,0.0,false,14.8,243.07099074461942,false
1,77,03:00,82,04:15,5,1,,,0.0,false,14.8,243.5329246949781,false
1,77,03:00,83,04:30,6,1,,,0.0,false,14.8,243.99485864533682,false
1,77,03:00,84,04:45,7,1,,,0.0,false,14.8,244.4567925956955,false
1,77,03:00,85,05:00,8,1,,,0.0,false,14.8,244.9187265460542,false
1,77,03:00,86,05:15,9,1,,,0.0,false,14.8,245.38066049641287,false
1,77,03:00,87,05:30,10,1,,,0.0,false,14.8,245.84259444677159,false
1,77,03:00,88,05:45,11,1,,,0.0,false,14.8,246.30452839713027,false
1,77,03:00,89,06:00,12,1,,,0.0,false,14.8,246.76646234748915,false
1,77,03:00,90,06:15,13,1,,,0.0,false,14.8,247.22839629784784,false
1,77,03:00,91,06:30,14,1,,,0.0,false,14.8,247.69033024820652,false
1,77,03:00,92,06:45,15,1,,,0.0,false,14.8,248.15226419856523,false
1,77,03:00,93,07:00,16,1,,,0.0,false,14.8,248.61419814892392,false
1,77,03:00,94,07:15,17,1,,,0.0,false,14.8,249.0761320992826,false
1,77,03:00,95,07:30,18,1,,,0.0,false,14.8,249.53806604964132,false
1,77,03:00,96,07:45,19,1,,,0.0,false,14.8,250.0,false
1,78,03:15,78,03:15,0,1,,,0.0,false,14.8,241.68518889354328,false
1,78,03:15,79,03:30,1,1,,,0.0,false,14.8,242.147122843902,false
1,78,03:15,80,03:45,2,1,,,0.0,false,14.8,242.60905679426068,false
1,78,03:15,81,04:00,3,1,,,0.0,false,14.8,243.07099074461937,false
1,78,03:15,82,04:15,4,1,,,0.0,false,14.8,243.53292469497808,false
1,78,03:15,83,04:30,5,1,,,0.0,false,14.8,243.9948586453368,false
1,78,03:15,84,04:45,6,1,,,0.0,false,14.8,244.45679259569548,false
1,78,03:15,85,05:00,7,1,,,0.0,false,14.8,244.9187265460542,false
1,78,03:15,86,05:15,8,1,,,0.0,false,14.8,245.38066049641287,false
1,78,03:15,87,05:30,9,1,,,0.0,false,14.8,245.84259444677159,false
1,78,03:15,88,05:45,10,1,,,0.0,false,14.8,246.30452839713027,false
1,78,03:15,89,06:00,11,1,,,0.0,false,14.8,246.76646234748915,false
1,78,03:15,90,06:15,12,1,,,0.0,false,14.8,247.22839629784784,false
1,78,03:15,91,06:30,13,1,,,0.0,false,14.8,247.69033024820652,false
1,78,03:15,92,06:45,14,1,,,0.0,false,14.8,248.15226419856523,false
1,78,03:15,93,07:00,15,1,,,0.0,false,14.8,248.61419814892392,false
1,78,03:15,94,07:15,16,1,,,0.0,false,14.8,249.0761320992826,false
1,78,03:15,95,07:30,17,1,,,0.0,false,14.8,249.53806604964132,false
1,78,03:15,96,07:45,18,1,,,0.0,false,14.8,250.0,false
1,79,03:30,79,03:30,0,1,,,0.0,false,14.8,242.14712284390197,false
1,79,03:30,80,03:45,1,1,,,0.0,false,14.8,242.6090567942607,false
1,79,03:30,81,04:00,2,1,,,0.0,false,14.8,243.0709907446194,false
1,79,03:30,82,04:15,3,1,,,0.0,false,14.8,243.53292469497808,false
1,79,03:30,83,04:30,4,1,,,0.0,false,14.8,243.9948586453368,false
1,79,03:30,84,04:45,5,1,,,0.0,false,14.8,244.45679259569548,false
1,79,03:30,85,05:00,6,1,,,0.0,false,14.8,244.91872654605416,false
1,79,03:30,86,05:15,7,1,,,0.0,false,14.8,245.38066049641284,false
1,79,03:30,87,05:30,8,1,,,0.0,false,14.8,245.84259444677156,false
1,79,03:30,88,05:45,9,1,,,0.0,false,14.8,246.30452839713024,false
1,79,03:30,89,06:00,10,1,,,0.0,false,14.8,246.76646234748915,false
1,79,03:30,90,06:15,11,1,,,0.0,false,14.8,247.22839629784784,false
1,79,03:30,91,06:30,12,1,,,0.0,false,14.8,247.69033024820652,false
1,79,03:30,92,06:45,13,1,,,0.0,false,14.8,248.15226419856523,false
1,79,03:30,93,07:00,14,1,,,0.0,false,14.8,248.61419814892392,false
1,79,03:30,94,07:15,15,1,,,0.0,false,14.8,249.0761320992826,false
1,79,03:30,95,07:30,16,1,,,0.0,false,14.8,249.53806604964132,false
1,79,03:30,96,07:45,17,1,,,0.0,false,14.8,250.0,false
1,80,03:45,80,03:45,0,1,,,0.0,false,14.8,242.60905679426065,false
1,80,03:45,81,04:00,1,1,,,0.0,false,14.8,243.07099074461937,false
1,80,03:45,82,04:15,2,1,,,0.0,false,14.8,243.53292469497805,false
1,80,03:45,83,04:30,3,1,,,0.0,false,14.8,243.99485864533676,false
1,80,03:45,84,04:45,4,1,,,0.0,false,14.8,244.45679259569545,false
1,80,03:45,85,05:00,5,1,,,0.0,false,14.8,244.91872654605416,false
1,80,03:45,86,05:15,6,1,,,0.0,false,14.8,245.38066049641284,false
1,80,03:45,87,05:30,7,1,,,0.0,false,14.8,245.84259444677156,false
1,80,03:45,88,05:45,8,1,,,0.0,false,14.8,246.30452839713024,false
1,80,03:45,89,06:00,9,1,,,0.0,false,14.8,246.76646234748915,false
1,80,03:45,90,06:15,10,1,,,0.0,false,14.8,247.22839629784784,false
1,80,03:45,91,06:30,11,1,,,0.0,false,14.8,247.69033024820652,false
1,80,03:45,92,06:45,12,1,,,0.0,false,14.8,248.15226419856523,false
1,80,03:45,93,07:00,13,1,,,0.0,false,14.8,248.61419814892392,false
1,80,03:45,94,07:15,14,1,,,0.0,false,14.8,249.0761320992826,false
1,80,03:45,95,07:30,15,1,,,0.0,false,14.8,249.53806604964132,false
1,80,03:45,96,07:45,16,1,,,0.0,false,14.8,250.0,false
1,81,04:00,81,04:00,0,1,,,0.0,false,14.8,243.07099074461934,false
1,81,04:00,82,04:15,1,1,,,0.0,false,14.8,243.53292469497805,false
1,81,04:00,83,04:30,2,1,,,0.0,false,14.8,243.99485864533676,false
1,81,04:00,84,04:45,3,1,,,0.0,false,14.8,244.45679259569545,false
1,81,04:00,85,05:00,4,1,,,0.0,false,14.8,244.91872654605416,false
1,81,04:00,86,05:15,5,1,,,0.0,false,14.8,245.38066049641284,false
1,81,04:00,87,05:30,6,1,,,0.0,false,14.8,245.84259444677153,false
1,81,04:00,88,05:45,7,1,,,0.0,false,14.8,246.3045283971302,false
1,81,04:00,89,06:00,8,1,,,0.0,false,14.8,246.76646234748912,false
1,81,04:00,90,06:15,9,1,,,0.0,false,14.8,247.2283962978478,false
1,81,04:00,91,06:30,10,1,,,0.0,false,14.8,247.6903302482065,false
1,81,04:00,92,06:45,11,1,,,0.0,false,14.8,248.1522641985652,false
1,81,04:00,93,07:00,12,1,,,0.0,false,14.8,248.6141981489239,false
1,81,04:00,94,07:15,13,1,,,0.0,false,14.8,249.0761320992826,false
1,81,04:00,95,07:30,14,1,,,0.0,false,14.8,249.53806604964132,false
1,81,04:00,96,07:45,15,1,,,0.0,false,14.8,250.0,false
1,82,04:15,82,04:15,0,1,,,0.0,false,14.8,243.53292469497802,false
1,82,04:15,83,04:30,1,1,,,0.0,false,14.8,243.99485864533673,false
1,82,04:15,84,04:45,2,1,,,0.0,false,14.8,244.45679259569542,false
1,82,04:15,85,05:00,3,1,,,0.0,false,14.8,244.91872654605413,false
1,82,04:15,86,05:15,4,1,,,0.0,false,14.8,245.38066049641282,false
1,82,04:15,87,05:30,5,1,,,0.0,false,14.8,245.84259444677153,false
1,82,04:15,88,05:45,6,1,,,0.0,false,14.8,246.3045283971302,false
1,82,04:15,89,06:00,7,1,,,0.0,false,14.8,246.76646234748915,false
1,82,04:15,90,06:15,8,1,,,0.0,false,14.8,247.22839629784784,false
1,82,04:15,91,06:30,9,1,,,0.0,false,14.8,247.69033024820652,false
1,82,04:15,92,06:45,10,1,,,0.0,false,14.8,248.15226419856523,false
1,82,04:15,93,07:00,11,1,,,0.0,false,14.8,248.61419814892392,false
1,82,04:15,94,07:15,12,1,,,0.0,false,14.8,249.0761320992826,false
1,82,04:15,95,07:30,13,1,,,0.0,false,14.8,249.53806604964132,false
1,82,04:15,96,07:45,14,1,,,0.0,false,14.8,250.0,false
1,83,04:30,83,04:30,0,1,,,0.0,false,14.8,243.9948586453367,false
1,83,04:30,84,04:45,1,1,,,0.0,false,14.8,244.45679259569542,false
1,83,04:30,85,05:00,2,1,,,0.0,false,14.8,244.9187265460541,false
1,83,04:30,86,05:15,3,1,,,0.0,false,14.8,245.3806604964128,false
1,83,04:30,87,05:30,4,1,,,0.0,false,14.8,245.8425944467715,false
1,83,04:30,88,05:45,5,1,,,0.0,false,14.8,246.30452839713018,false
1,83,04:30,89,06:00,6,1,,,0.0,false,14.8,246.76646234748912,false
1,83,04:30,90,06:15,7,1,,,0.0,false,14.8,247.2283962978478,false
1,83,04:30,91,06:30,8,1,,,0.0,false,14.8,247.69033024820652,false
1,83,04:30,92,06:45,9,1,,,0.0,false,14.8,248.15226419856523,false
1,83,04:30,93,07:00,10,1,,,0.0,false,14.8,248.61419814892392,false
1,83,04:30,94,07:15,11,1,,,0.0,false,14.8,249.0761320992826,false
1,83,04:30,95,07:30,12,1,,,0.0,false,14.8,249.53806604964132,false
1,83,04:30,96,07:45,13,1,,,0.0,false,14.8,250.0,false
1,84,04:45,84,04:45,0,1,,,0.0,false,14.8,244.4567925956954,false
1,84,04:45,85,05:00,1,1,,,0.0,false,14.8,244.9187265460541,false
1,84,04:45,86,05:15,2,1,,,0.0,false,14.8,245.3806604964128,false
1,84,04:45,87,05:30,3,1,,,0.0,false,14.8,245.8425944467715,false
1,84,04:45,88,05:45,4,1,,,0.0,false,14.8,246.30452839713018,false
1,84,04:45,89,06:00,5,1,,,0.0,false,14.8,246.76646234748915,false
1,84,04:45,90,06:15,6,1,,,0.0,false,14.8,247.22839629784784,false
1,84,04:45,91,06:30,7,1,,,0.0,false,14.8,247.69033024820652,false
1,84,04:45,92,06:45,8,1,,,0.0,false,14.8,248.15226419856523,false
1,84,04:45,93,07:00,9,1,,,0.0,false,14.8,248.61419814892392,false
1,84,04:45,94,07:15,10,1,,,0.0,false,14.8,249.0761320992826,false
1,84,04:45,95,07:30,11,1,,,0.0,false,14.8,249.53806604964132,false
1,84,04:45,96,07:45,12,1,,,0.0,false,14.8,250.0,false
1,85,05:00,85,05:00,0,1,,,0.0,false,14.8,244.91872654605407,false
1,85,05:00,86,05:15,1,1,,,0.0,false,14.8,245.3806604964128,false
1,85,05:00,87,05:30,2,1,,,0.0,false,14.8,245.84259444677147,false
1,85,05:00,88,05:45,3,1,,,0.0,false,14.8,246.30452839713016,false
1,85,05:00,89,06:00,4,1,,,0.0,false,14.8,246.76646234748912,false
1,85,05:00,90,06:15,5,1,,,0.0,false,14.8,247.2283962978478,false
1,85,05:00,91,06:30,6,1,,,0.0,false,14.8,247.69033024820652,false
1,85,05:00,92,06:45,7,1,,,0.0,false,14.8,248.15226419856523,false
1,85,05:00,93,07:00,8,1,,,0.0,false,14.8,248.61419814892392,false
1,85,05:00,94,07:15,9,1,,,0.0,false,14.8,249.0761320992826,false
1,85,05:00,95,07:30,10,1,,,0.0,false,14.8,249.53806604964132,false
1,85,05:00,96,07:45,11,1,,,0.0,false,14.8,250.0,false
1,86,05:15,86,05:15,0,1,,,0.0,false,14.8,245.38066049641276,false
1,86,05:15,87,05:30,1,1,,,0.0,false,14.8,245.84259444677147,false
1,86,05:15,88,05:45,2,1,,,0.0,false,14.8,246.30452839713016,false
1,86,05:15,89,06:00,3,1,,,0.0,false,14.8,246.76646234748915,false
1,86,05:15,90,06:15,4,1,,,0.0,false,14.8,247.22839629784784,false
1,86,05:15,91,06:30,5,1,,,0.0,false,14.8,247.69033024820652,false
1,86,05:15,92,06:45,6,1,,,0.0,false,14.8,248.15226419856523,false
1,86,05:15,93,07:00,7,1,,,0.0,false,14.8,248.61419814892392,false
1,86,05:15,94,07:15,8,1,,,0.0,false,14.8,249.0761320992826,false
1,86,05:15,95,07:30,9,1,,,0.0,false,14.8,249.53806604964132,false
1,86,05:15,96,07:45,10,1,,,0.0,false,14.8,250.0,false
1,87,05:30,87,05:30,0,1,,,0.0,false,14.8,245.84259444677144,false
1,87,05:30,88,05:45,1,1,,,0.0,false,14.8,246.30452839713016,false
1,87,05:30,89,06:00,2,1,,,0.0,false,14.8,246.76646234748912,false
1,87,05:30,90,06:15,3,1,,,0.0,false,14.8,247.2283962978478,false
1,87,05:30,91,06:30,4,1,,,0.0,false,14.8,247.69033024820652,false
1,87,05:30,92,06:45,5,1,,,0.0,false,14.8,248.15226419856523,false
1,87,05:30,93,07:00,6,1,,,0.0,false,14.8,248.61419814892392,false
1,87,05:30,94,07:15,7,1,,,0.0,false,14.8,249.0761320992826,false
1,87,05:30,95,07:30,8,1,,,0.0,false,14.8,249.53806604964132,false
1,87,05:30,96,07:45,9,1,,,0.0,false,14.8,250.0,false
1,88,05:45,88,05:45,0,1,,,0.0,false,14.8,246.30452839713013,false
1,88,05:45,89,06:00,1,1,,,0.0,false,14.8,246.76646234748915,false
1,88,05:45,90,06:15,2,1,,,0.0,false,14.8,247.22839629784784,false
1,88,05:45,91,06:30,3,1,,,0.0,false,14.8,247.69033024820652,false
1,88,05:45,92,06:45,4,1,,,0.0,false,14.8,248.15226419856523,false
1,88,05:45,93,07:00,5,1,,,0.0,false,14.8,248.61419814892392,false
1,88,05:45,94,07:15,6,1,,,0.0,false,14.8,249.0761320992826,false
1,88,05:45,95,07:30,7,1,,,0.0,false,14.8,249.53806604964132,false
1,88,05:45,96,07:45,8,1,,,0.0,false,14.8,250.0,false
1,89,06:00,89,06:00,0,1,,,0.0,false,14.8,246.76646234748912,false
1,89,06:00,90,06:15,1,1,,,0.0,false,14.8,247.2283962978478,false
1,89,06:00,91,06:30,2,1,,,0.0,false,14.8,247.69033024820652,false
1,89,06:00,92,06:45,3,1,,,0.0,false,14.8,248.15226419856523,false
1,89,06:00,93,07:00,4,1,,,0.0,false,14.8,248.61419814892392,false
1,89,06:00,94,07:15,5,1,,,0.0,false,14.8,249.0761320992826,false
1,89,06:00,95,07:30,6,1,,,0.0,false,14.8,249.53806604964132,false
1,89,06:00,96,07:45,7,1,,,0.0,false,14.8,250.0,false
1,90,06:15,90,06:15,0,1,,,0.0,false,14.8,247.22839629784602,false
1,90,06:15,91,06:30,1,1,,,0.0,false,14.8,247.69033024820502,false
1,90,06:15,92,06:45,2,1,,,0.0,false,14.8,248.152264198564,false
1,90,06:15,93,07:00,3,1,,,0.0,false,14.8,248.614198148923,false
1,90,06:15,94,07:15,4,1,,,0.0,false,14.8,249.076132099282,false
1,90,06:15,95,07:30,5,1,,,0.0,false,14.8,249.538066049641,false
1,90,06:15,96,07:45,6,1,,,0.0,false,14.8,250.0,false
1,91,06:30,91,06:30,0,1,,,0.0,false,14.8,247.69033024820502,false
1,91,06:30,92,06:45,1,1,,,0.0,false,14.8,248.152264198564,false
1,91,06:30,93,07:00,2,1,,,0.0,false,14.8,248.614198148923,false
1,91,06:30,94,07:15,3,1,,,0.0,false,14.8,249.076132099282,false
1,91,06:30,95,07:30,4,1,,,0.0,false,14.8,249.538066049641,false
1,91,06:30,96,07:45,5,1,,,0.0,false,14.8,250.0,false
1,92,06:45,92,06:45,0,1,,,0.0,false,14.8,248.152264198564,false
1,92,06:45,93,07:00,1,1,,,0.0,false,14.8,248.614198148923,false
1,92,06:45,94,07:15,2,1,,,0.0,false,14.8,249.076132099282,false
1,92,06:45,95,07:30,3,1,,,0.0,false,14.8,249.538066049641,false
1,92,06:45,96,07:45,4,1,,,0.0,false,14.8,250.0,false
1,93,07:00,93,07:00,0,1,,,0.0,false,14.8,248.614198148923,false
1,93,07:00,94,07:15,1,1,,,0.0,false,14.8,249.076132099282,false
1,93,07:00,95,07:30,2,1,,,0.0,false,14.8,249.538066049641,false
1,93,07:00,96,07:45,3,1,,,0.0,false,14.8,250.0,false
1,94,07:15,94,07:15,0,1,,,0.0,false,14.8,249.076132099282,false
1,94,07:15,95,07:30,1,1,,,0.0,false,14.8,249.538066049641,false
1,94,07:15,96,07:45,2,1,,,0.0,false,14.8,250.0,false
1,95,07:30,95,07:30,0,1,,,0.0,false,14.8,249.538066049641,false
1,95,07:30,96,07:45,1,1,,,0.0,false,14.8,250.0,false
1,96,07:45,96,07:45,0,1,,,0.0,false,14.8,250.0,false
