day,resolve_step,resolve_clock,offset_step,offset_clock,steps_ahead,cev,scenario_id,activity_planned,planned_power_kW,planned_charging,soe_cev_planned_kWh,soe_mcs_planned_kWh,changed_from_prior_resolve
1,1,08:00,1,08:00,0,1,,Digging,4.7925,false,13.601875,250.0,
1,1,08:00,2,08:15,1,1,,Digging,4.7925,false,12.403749999999977,250.0,
1,1,08:00,3,08:30,2,1,,Charging,-2.6645352591003757e-15,true,14.303749999999978,247.89473684210526,
1,1,08:00,4,08:45,3,1,,Digging,4.7925,false,13.105624999999979,247.8947368421053,
1,1,08:00,5,09:00,4,1,,Digging,4.7925,false,11.907499999999978,247.8947368421053,
1,1,08:00,6,09:15,5,1,,Charging,0.0,true,13.807499999999978,245.78947368421055,
1,1,08:00,7,09:30,6,1,,Charging,0.0,true,14.8,244.68975069252076,
1,1,08:00,8,09:45,7,1,,Traveling,4.7101,false,13.622475000000001,244.68975069252076,
1,1,08:00,9,10:00,8,1,,Loading/Swinging,3.1586,false,12.832825000000001,244.68975069252076,
1,1,08:00,10,10:15,9,1,,Digging,4.792499999999997,false,11.634700000000002,244.68975069252076,
1,1,08:00,11,10:30,10,1,,Digging,4.7925000000000075,false,10.436575000000001,244.68975069252076,
1,1,08:00,12,10:45,11,1,,Charging,5.329070518200751e-15,true,12.336575,242.58448753462602,
1,1,08:00,13,11:00,12,1,,Digging,4.7925,false,11.138449999999999,242.58448753462602,
1,1,08:00,14,11:15,13,1,,Traveling,4.7101000000000015,false,9.960924999999998,242.58448753462602,
1,1,08:00,15,11:30,14,1,,Digging,4.7925,false,8.762799999999999,242.58448753462602,
1,1,08:00,16,11:45,15,1,,Digging,4.7925,false,7.5646749999999985,242.58448753462602,
1,1,08:00,17,12:00,16,1,,Charging,0.0,true,9.464674999999998,240.47922437673128,
1,1,08:00,18,12:15,17,1,,Charging,0.0,true,11.364674999999998,238.37396121883654,
1,1,08:00,19,12:30,18,1,,,0.0,false,11.364674999999998,238.37396121883654,
1,1,08:00,20,12:45,19,1,,,0.0,false,11.364674999999998,238.83710939398355,
1,1,08:00,21,13:00,20,1,,,0.0,false,11.364674999999998,239.30025756913057,
1,1,08:00,22,13:15,21,1,,,0.0,false,11.364674999999998,239.76340574427758,
1,1,08:00,23,13:30,22,1,,,0.0,false,11.364674999999998,240.2265539194246,
1,1,08:00,24,13:45,23,1,,,0.0,false,11.364674999999998,240.6897020945716,
1,1,08:00,25,14:00,24,1,,Digging,4.7925,false,10.166549999999997,241.1528502697186,
1,1,08:00,26,14:15,25,1,,Digging,4.7925,false,8.968424999999996,241.61599844486562,
1,1,08:00,27,14:30,26,1,,Traveling,4.710099999999922,false,7.790900000000016,242.07914662001264,
1,1,08:00,28,14:45,27,1,,Digging,4.792500000000054,false,6.592775000000002,242.54229479515965,
1,1,08:00,29,15:00,28,1,,Idle,0.0,false,6.592775000000002,243.00544297030666,
1,1,08:00,30,15:15,29,1,,Loading/Swinging,3.1586,false,5.803125000000002,243.46859114545367,
1,1,08:00,31,15:30,30,1,,Loading/Swinging,3.1586,false,5.013475000000002,243.93173932060068,
1,1,08:00,32,15:45,31,1,,Loading/Swinging,3.158599999999968,false,4.223825000000007,244.3948874957477,
1,1,08:00,33,16:00,32,1,,Traveling,4.71010000000001,false,3.0463000000000044,244.3948874957477,
1,1,08:00,34,16:15,33,1,,Charging,0.0,true,4.946299999999997,242.28962433785296,
1,1,08:00,35,16:30,34,1,,Loading/Swinging,3.1585999999999887,false,4.156649999999996,242.28962433785296,
1,1,08:00,36,16:45,35,1,,Loading/Swinging,3.1586,false,3.3669999999999964,242.28962433785296,
1,1,08:00,37,17:00,36,1,,,0.0,false,3.3669999999999964,242.28962433785296,
1,1,08:00,38,17:15,37,1,,,0.0,false,3.3669999999999964,242.28962433785296,
1,1,08:00,39,17:30,38,1,,,0.0,false,3.366999999999991,242.28962433785296,
1,1,08:00,40,17:45,39,1,,,0.0,false,3.366999999999991,242.28962433785296,
1,1,08:00,41,18:00,40,1,,,0.0,false,3.366999999999991,242.28962433785296,
1,1,08:00,42,18:15,41,1,,,0.0,false,3.366999999999991,242.28962433785296,
1,1,08:00,43,18:30,42,1,,,0.0,false,3.3669999999999907,242.28962433785296,
1,1,08:00,44,18:45,43,1,,Charging,0.0,true,5.266999999999991,240.18436117995822,
1,1,08:00,45,19:00,44,1,,Charging,0.0,true,7.166999999999991,238.07909802206348,
1,1,08:00,46,19:15,45,1,,,0.0,false,7.166999999999991,238.07909802206348,
1,1,08:00,47,19:30,46,1,,Charging,0.0,true,9.066999999999991,235.97383486416874,
1,1,08:00,48,19:45,47,1,,Charging,0.0,true,10.966999999999992,233.868571706274,
1,1,08:00,49,20:00,48,1,,Charging,0.0,true,11.00000000000001,233.83200660932107,
1,1,08:00,50,20:15,49,1,,Charging,0.0,true,12.900000000000011,231.72674345142633,
1,1,08:00,51,20:30,50,1,,Charging,0.0,true,14.8,229.6214802935316,
1,1,08:00,52,20:45,51,1,,,0.0,false,14.8,229.6214802935316,
1,1,08:00,53,21:00,52,1,,,0.0,false,14.8,230.0846284686786,
1,1,08:00,54,21:15,53,1,,,0.0,false,14.8,230.5477766438256,
1,1,08:00,55,21:30,54,1,,,0.0,false,14.8,231.01092481897263,
1,1,08:00,56,21:45,55,1,,,0.0,false,14.8,231.47407299411964,
1,1,08:00,57,22:00,56,1,,,0.0,false,14.8,231.93722116926665,
1,1,08:00,58,22:15,57,1,,,0.0,false,14.8,232.40036934441366,
1,1,08:00,59,22:30,58,1,,,0.0,false,14.8,232.86351751956067,
1,1,08:00,60,22:45,59,1,,,0.0,false,14.8,233.32666569470769,
1,1,08:00,61,23:00,60,1,,,0.0,false,14.8,233.7898138698547,
1,1,08:00,62,23:15,61,1,,,0.0,false,14.8,234.2529620450017,
1,1,08:00,63,23:30,62,1,,,0.0,false,14.8,234.71611022014872,
1,1,08:00,64,23:45,63,1,,,0.0,false,14.8,235.17925839529573,
1,1,08:00,65,00:00,64,1,,,0.0,false,14.8,235.64240657044274,
1,1,08:00,66,00:15,65,1,,,0.0,false,14.8,236.10555474558976,
1,1,08:00,67,00:30,66,1,,,0.0,false,14.8,236.56870292073677,
1,1,08:00,68,00:45,67,1,,,0.0,false,14.8,237.03185109588378,
1,1,08:00,69,01:00,68,1,,,0.0,false,14.8,237.4949992710308,
1,1,08:00,70,01:15,69,1,,,0.0,false,14.8,237.9581474461778,
1,1,08:00,71,01:30,70,1,,,0.0,false,14.8,238.42129562132482,
1,1,08:00,72,01:45,71,1,,,0.0,false,14.8,238.88444379647183,
1,1,08:00,73,02:00,72,1,,,0.0,false,14.8,239.34759197161884,
1,1,08:00,74,02:15,73,1,,,0.0,false,14.8,239.81074014676585,
1,1,08:00,75,02:30,74,1,,,0.0,false,14.8,240.27388832191286,
1,1,08:00,76,02:45,75,1,,,0.0,false,14.8,240.73703649705988,
1,1,08:00,77,03:00,76,1,,,0.0,false,14.8,241.2001846722069,
1,1,08:00,78,03:15,77,1,,,0.0,false,14.8,241.6633328473539,
1,1,08:00,79,03:30,78,1,,,0.0,false,14.8,242.1264810225009,
1,1,08:00,80,03:45,79,1,,,0.0,false,14.8,242.58962919764792,
1,1,08:00,81,04:00,80,1,,,0.0,false,14.8,243.05277737279494,
1,1,08:00,82,04:15,81,1,,,0.0,false,14.8,243.51592554794195,
1,1,08:00,83,04:30,82,1,,,0.0,false,14.8,243.97907372308896,
1,1,08:00,84,04:45,83,1,,,0.0,false,14.8,244.44222189823597,
1,1,08:00,85,05:00,84,1,,,0.0,false,14.8,244.90537007338298,
1,1,08:00,86,05:15,85,1,,,0.0,false,14.8,245.36851824853,
1,1,08:00,87,05:30,86,1,,,0.0,false,14.8,245.831666423677,
1,1,08:00,88,05:45,87,1,,,0.0,false,14.8,246.29481459882402,
1,1,08:00,89,06:00,88,1,,,0.0,false,14.8,246.75796277397103,
1,1,08:00,90,06:15,89,1,,,0.0,false,14.8,247.22111094911804,
1,1,08:00,91,06:30,90,1,,,0.0,false,14.8,247.68425912426505,
1,1,08:00,92,06:45,91,1,,,0.0,false,14.8,248.14740729941207,
1,1,08:00,93,07:00,92,1,,,0.0,false,14.8,248.61055547455908,
1,1,08:00,94,07:15,93,1,,,0.0,false,14.8,249.0737036497061,
1,1,08:00,95,07:30,94,1,,,0.0,false,14.8,249.536851824853,
1,1,08:00,96,07:45,95,1,,,0.0,false,14.8,250.0,
1,2,08:15,2,08:15,0,1,,Digging,4.7924999999997695,false,12.379250000000058,250.0,false
1,2,08:15,3,08:30,1,1,,Digging,4.7925,false,11.181125000000058,250.0,true
1,2,08:15,4,08:45,2,1,,Charging,2.3261860631650133e-13,true,13.081124999999906,247.89473684210537,true
1,2,08:15,5,09:00,3,1,,Digging,4.7925,false,11.882999999999907,247.89473684210537,false
1,2,08:15,6,09:15,4,1,,Charging,0.0,true,13.782999999999907,245.78947368421063,false
1,2,08:15,7,09:30,5,1,,Traveling,4.7101,false,12.605474999999908,245.78947368421063,true
1,2,08:15,8,09:45,6,1,,Charging,0.0,true,14.505474999999908,243.6842105263159,true
1,2,08:15,9,10:00,7,1,,Digging,4.792499999999976,false,13.307349999999914,243.6842105263159,true
1,2,08:15,10,10:15,8,1,,Digging,4.792500000000004,false,12.109224999999913,244.15611396913346,false
1,2,08:15,11,10:30,9,1,,Digging,4.79249999999999,false,10.911099999999916,244.62801741195102,false
1,2,08:15,12,10:45,10,1,,Digging,4.792500000000013,false,9.712974999999913,245.09992085476858,true
1,2,08:15,13,11:00,11,1,,Idle,0.0,false,9.712974999999913,245.57182429758615,true
1,2,08:15,14,11:15,12,1,,Traveling,4.7101,false,8.535449999999914,246.0437277404037,false
1,2,08:15,15,11:30,13,1,,Digging,4.792499999999988,false,7.337324999999916,246.51563118322127,false
1,2,08:15,16,11:45,14,1,,Digging,4.7925,false,6.139199999999916,246.98753462603884,false
1,2,08:15,17,12:00,15,1,,,0.0,false,6.139199999999916,247.4594380688564,true
1,2,08:15,18,12:15,16,1,,,0.0,false,6.139199999999916,247.93134151167396,true
1,2,08:15,19,12:30,17,1,,,0.0,false,6.139199999999916,248.40324495449153,false
1,2,08:15,20,12:45,18,1,,,0.0,false,6.139199999999916,248.87514839730912,false
1,2,08:15,21,13:00,19,1,,,0.0,false,6.139199999999916,249.34705184012668,false
1,2,08:15,22,13:15,20,1,,,0.0,false,6.139199999999915,249.34705184012668,false
1,2,08:15,23,13:30,21,1,,Charging,0.0,true,8.039199999999916,247.24178868223194,true
1,2,08:15,24,13:45,22,1,,Charging,0.0,true,9.939199999999916,245.1365255243372,true
1,2,08:15,25,14:00,23,1,,Digging,4.7925,false,8.741074999999917,245.1365255243372,false
1,2,08:15,26,14:15,24,1,,Digging,4.7925,false,7.542949999999917,245.1365255243372,false
1,2,08:15,27,14:30,25,1,,Traveling,4.710100000000001,false,6.365424999999917,245.1365255243372,false
1,2,08:15,28,14:45,26,1,,Charging,0.0,true,8.265424999999917,243.03126236644246,true
1,2,08:15,29,15:00,27,1,,Loading/Swinging,3.1586,false,7.475774999999917,243.03126236644246,true
1,2,08:15,30,15:15,28,1,,Loading/Swinging,3.1586,false,6.686124999999917,243.03126236644246,false
1,2,08:15,31,15:30,29,1,,Loading/Swinging,3.1586,false,5.896474999999917,243.03126236644246,false
1,2,08:15,32,15:45,30,1,,Charging,0.0,true,7.796474999999917,240.92599920854772,true
1,2,08:15,33,16:00,31,1,,Loading/Swinging,3.1586,false,7.0068249999999175,240.92599920854772,true
1,2,08:15,34,16:15,32,1,,Traveling,4.710099999999997,false,5.829300000000065,240.92599920854772,true
1,2,08:15,35,16:30,33,1,,Loading/Swinging,3.1586,false,5.039650000000065,240.92599920854772,false
1,2,08:15,36,16:45,34,1,,Loading/Swinging,3.1585999999999963,false,4.250000000000066,240.92599920854772,false
1,2,08:15,37,17:00,35,1,,,0.0,false,4.250000000000066,240.92599920854772,false
1,2,08:15,38,17:15,36,1,,Charging,0.0,true,6.150000000000066,238.82073605065298,true
1,2,08:15,39,17:30,37,1,,,0.0,false,6.150000000000066,238.82073605065298,false
1,2,08:15,40,17:45,38,1,,Charging,0.0,true,8.050000000000065,236.71547289275824,true
1,2,08:15,41,18:00,39,1,,Charging,0.0,true,9.100000000000009,235.5520379897112,true
1,2,08:15,42,18:15,40,1,,Charging,0.0,true,11.000000000000009,233.44677483181647,true
1,2,08:15,43,18:30,41,1,,Charging,0.0,true,12.90000000000001,231.34151167392173,true
1,2,08:15,44,18:45,42,1,,Charging,0.0,true,14.8,229.236248516027,false
1,2,08:15,45,19:00,43,1,,,0.0,false,14.8,229.236248516027,true
1,2,08:15,46,19:15,44,1,,,0.0,false,14.8,229.236248516027,false
1,2,08:15,47,19:30,45,1,,,0.0,false,14.8,229.236248516027,true
1,2,08:15,48,19:45,46,1,,,0.0,false,14.8,229.236248516027,true
1,2,08:15,49,20:00,47,1,,,0.0,false,14.8,229.236248516027,true
1,2,08:15,50,20:15,48,1,,,0.0,false,14.8,229.236248516027,true
1,2,08:15,51,20:30,49,1,,,0.0,false,14.8,229.236248516027,true
1,2,08:15,52,20:45,50,1,,,0.0,false,14.8,229.236248516027,false
1,2,08:15,53,21:00,51,1,,,0.0,false,14.8,229.70815195884455,false
1,2,08:15,54,21:15,52,1,,,0.0,false,14.8,230.18005540166212,false
1,2,08:15,55,21:30,53,1,,,0.0,false,14.8,230.65195884447968,false
1,2,08:15,56,21:45,54,1,,,0.0,false,14.8,231.12386228729724,false
1,2,08:15,57,22:00,55,1,,,0.0,false,14.8,231.5957657301148,false
1,2,08:15,58,22:15,56,1,,,0.0,false,14.8,232.06766917293237,false
1,2,08:15,59,22:30,57,1,,,0.0,false,14.8,232.53957261574993,false
1,2,08:15,60,22:45,58,1,,,0.0,false,14.8,233.0114760585675,false
1,2,08:15,61,23:00,59,1,,,0.0,false,14.8,233.48337950138506,false
1,2,08:15,62,23:15,60,1,,,0.0,false,14.8,233.95528294420262,false
1,2,08:15,63,23:30,61,1,,,0.0,false,14.8,234.42718638702019,false
1,2,08:15,64,23:45,62,1,,,0.0,false,14.8,234.89908982983775,false
1,2,08:15,65,00:00,63,1,,,0.0,false,14.8,235.3709932726553,false
1,2,08:15,66,00:15,64,1,,,0.0,false,14.8,235.84289671547288,false
1,2,08:15,67,00:30,65,1,,,0.0,false,14.8,236.31480015829044,false
1,2,08:15,68,00:45,66,1,,,0.0,false,14.8,236.786703601108,false
1,2,08:15,69,01:00,67,1,,,0.0,false,14.8,237.25860704392556,false
1,2,08:15,70,01:15,68,1,,,0.0,false,14.8,237.73051048674313,false
1,2,08:15,71,01:30,69,1,,,0.0,false,14.8,238.2024139295607,false
1,2,08:15,72,01:45,70,1,,,0.0,false,14.8,238.67431737237825,false
1,2,08:15,73,02:00,71,1,,,0.0,false,14.8,239.14622081519582,false
1,2,08:15,74,02:15,72,1,,,0.0,false,14.8,239.61812425801338,false
1,2,08:15,75,02:30,73,1,,,0.0,false,14.8,240.09002770083094,false
1,2,08:15,76,02:45,74,1,,,0.0,false,14.8,240.5619311436485,false
1,2,08:15,77,03:00,75,1,,,0.0,false,14.8,241.03383458646607,false
1,2,08:15,78,03:15,76,1,,,0.0,false,14.8,241.50573802928363,false
1,2,08:15,79,03:30,77,1,,,0.0,false,14.8,241.9776414721012,false
1,2,08:15,80,03:45,78,1,,,0.0,false,14.8,242.44954491491876,false
1,2,08:15,81,04:00,79,1,,,0.0,false,14.8,242.92144835773632,false
1,2,08:15,82,04:15,80,1,,,0.0,false,14.8,243.3933518005539,false
1,2,08:15,83,04:30,81,1,,,0.0,false,14.8,243.86525524337145,false
1,2,08:15,84,04:45,82,1,,,0.0,false,14.8,244.337158686189,false
1,2,08:15,85,05:00,83,1,,,0.0,false,14.8,244.80906212900658,false
1,2,08:15,86,05:15,84,1,,,0.0,false,14.8,245.28096557182414,false
1,2,08:15,87,05:30,85,1,,,0.0,false,14.8,245.7528690146417,false
1,2,08:15,88,05:45,86,1,,,0.0,false,14.8,246.22477245745927,false
1,2,08:15,89,06:00,87,1,,,0.0,false,14.8,246.69667590027683,false
1,2,08:15,90,06:15,88,1,,,0.0,false,14.8,247.1685793430944,false
1,2,08:15,91,06:30,89,1,,,0.0,false,14.8,247.64048278591196,false
1,2,08:15,92,06:45,90,1,,,0.0,false,14.8,248.11238622872952,false
1,2,08:15,93,07:00,91,1,,,0.0,false,14.8,248.58428967154708,false
1,2,08:15,94,07:15,92,1,,,0.0,false,14.8,249.05619311436487,false
1,2,08:15,95,07:30,93,1,,,0.0,false,14.8,249.52809655718244,false
1,2,08:15,96,07:45,94,1,,,0.0,false,14.8,250.0,false
1,3,08:30,3,08:30,0,1,,Loading/Swinging,3.1586000000001055,false,11.64699999999997,250.0,true
1,3,08:30,4,08:45,1,1,,Charging,-1.5536572028906904e-13,true,13.375649999999888,248.08459833795027,false
1,3,08:30,5,09:00,2,1,,Digging,4.7925,false,12.17752499999989,248.08459833795027,false
1,3,08:30,6,09:15,3,1,,Charging,0.0,true,14.077524999999886,245.97933518005553,false
1,3,08:30,7,09:30,4,1,,Traveling,4.7101,false,12.899999999999917,245.9793351800555,false
1,3,08:30,8,09:45,5,1,,Charging,-3.8902214782865485e-13,true,14.8,243.8740720221608,false
1,3,08:30,9,10:00,6,1,,Digging,4.7925,false,13.601875,243.8740720221608,false
1,3,08:30,10,10:15,7,1,,Digging,4.7925,false,12.403749999999999,244.34483973090633,false
1,3,08:30,11,10:30,8,1,,Digging,4.7925,false,11.205624999999998,244.81560743965187,false
1,3,08:30,12,10:45,9,1,,Digging,4.792500000000038,false,10.00749999999999,245.2863751483974,false
1,3,08:30,13,11:00,10,1,,Idle,-3.777728130316322e-14,false,10.007499999999999,245.75714285714295,false
1,3,08:30,14,11:15,11,1,,Traveling,4.7101,false,8.829975,246.2279105658885,false
1,3,08:30,15,11:30,12,1,,Digging,4.7925,false,7.631849999999999,246.69867827463403,false
1,3,08:30,16,11:45,13,1,,Digging,4.7925,false,6.433724999999999,247.16944598337957,false
1,3,08:30,17,12:00,14,1,,,0.0,false,6.433724999999999,247.64021369212512,false
1,3,08:30,18,12:15,15,1,,,0.0,false,6.433724999999999,248.11098140087066,false
1,3,08:30,19,12:30,16,1,,,0.0,false,6.433724999999999,248.5817491096162,false
1,3,08:30,20,12:45,17,1,,,0.0,false,6.433725,249.05251681836182,false
1,3,08:30,21,13:00,18,1,,,0.0,false,6.433725,249.52328452710736,false
1,3,08:30,22,13:15,19,1,,,0.0,false,6.433725,249.5232845271074,false
1,3,08:30,23,13:30,20,1,,Charging,0.0,true,8.333725,247.41802136921262,false
1,3,08:30,24,13:45,21,1,,Charging,0.0,true,10.233725,245.31275821131788,false
1,3,08:30,25,14:00,22,1,,Digging,4.7925,false,9.035599999999999,245.31275821131788,false
1,3,08:30,26,14:15,23,1,,Loading/Swinging,3.1586,false,8.245949999999999,245.31275821131788,true
1,3,08:30,27,14:30,24,1,,Charging,0.0,true,10.14595,243.20749505342314,true
1,3,08:30,28,14:45,25,1,,Traveling,4.7101,false,8.968425,243.20749505342314,true
1,3,08:30,29,15:00,26,1,,Loading/Swinging,3.1586,false,8.178775,243.20749505342314,false
1,3,08:30,30,15:15,27,1,,Loading/Swinging,3.1586,false,7.389125,243.20749505342314,false
1,3,08:30,31,15:30,28,1,,Loading/Swinging,3.1586,false,6.599475,243.20749505342314,false
1,3,08:30,32,15:45,29,1,,Charging,0.0,true,8.499475,241.1022318955284,false
1,3,08:30,33,16:00,30,1,,Digging,4.792500000000059,false,7.3013500000000064,241.1022318955284,true
1,3,08:30,34,16:15,31,1,,Traveling,4.710099999999987,false,6.12382500000001,241.1022318955284,false
1,3,08:30,35,16:30,32,1,,Digging,4.7925,false,4.92570000000001,241.1022318955284,true
1,3,08:30,36,16:45,33,1,,Loading/Swinging,3.1586000000000083,false,4.136050000000008,241.1022318955284,false
1,3,08:30,37,17:00,34,1,,Charging,0.0,true,6.036050000000008,238.9969687376337,true
1,3,08:30,38,17:15,35,1,,,0.0,false,6.0360500000000075,238.9969687376337,true
1,3,08:30,39,17:30,36,1,,Charging,0.0,true,7.936050000000007,236.89170557973895,true
1,3,08:30,40,17:45,37,1,,Charging,0.0,true,9.836050000000007,234.7864424218442,false
1,3,08:30,41,18:00,38,1,,Charging,0.0,true,10.999999999999998,233.4967471309855,false
1,3,08:30,42,18:15,39,1,,,0.0,false,10.999999999999998,233.4967471309855,true
1,3,08:30,43,18:30,40,1,,Charging,0.0,true,12.9,231.39148397309077,false
1,3,08:30,44,18:45,41,1,,Charging,0.0,true,14.8,229.28622081519603,false
1,3,08:30,45,19:00,42,1,,,0.0,false,14.8,229.28622081519603,false
1,3,08:30,46,19:15,43,1,,,0.0,false,14.8,229.28622081519603,false
1,3,08:30,47,19:30,44,1,,,0.0,false,14.8,229.28622081519603,false
1,3,08:30,48,19:45,45,1,,,0.0,false,14.8,229.28622081519603,false
1,3,08:30,49,20:00,46,1,,,0.0,false,14.8,229.28622081519603,false
1,3,08:30,50,20:15,47,1,,,0.0,false,14.8,229.28622081519603,false
1,3,08:30,51,20:30,48,1,,,0.0,false,14.8,229.28622081519603,false
1,3,08:30,52,20:45,49,1,,,0.0,false,14.8,229.28622081519603,false
1,3,08:30,53,21:00,50,1,,,0.0,false,14.8,229.75698852394157,false
1,3,08:30,54,21:15,51,1,,,0.0,false,14.8,230.2277562326871,false
1,3,08:30,55,21:30,52,1,,,0.0,false,14.8,230.69852394143265,false
1,3,08:30,56,21:45,53,1,,,0.0,false,14.8,231.1692916501782,false
1,3,08:30,57,22:00,54,1,,,0.0,false,14.8,231.64005935892374,false
1,3,08:30,58,22:15,55,1,,,0.0,false,14.8,232.11082706766928,false
1,3,08:30,59,22:30,56,1,,,0.0,false,14.8,232.58159477641482,false
1,3,08:30,60,22:45,57,1,,,0.0,false,14.8,233.05236248516036,false
1,3,08:30,61,23:00,58,1,,,0.0,false,14.8,233.5231301939059,false
1,3,08:30,62,23:15,59,1,,,0.0,false,14.8,233.99389790265144,false
1,3,08:30,63,23:30,60,1,,,0.0,false,14.8,234.46466561139698,false
1,3,08:30,64,23:45,61,1,,,0.0,false,14.8,234.93543332014252,false
1,3,08:30,65,00:00,62,1,,,0.0,false,14.8,235.40620102888806,false
1,3,08:30,66,00:15,63,1,,,0.0,false,14.8,235.8769687376336,false
1,3,08:30,67,00:30,64,1,,,0.0,false,14.8,236.34773644637914,false
1,3,08:30,68,00:45,65,1,,,0.0,false,14.8,236.81850415512469,false
1,3,08:30,69,01:00,66,1,,,0.0,false,14.8,237.28927186387023,false
1,3,08:30,70,01:15,67,1,,,0.0,false,14.8,237.76003957261577,false
1,3,08:30,71,01:30,68,1,,,0.0,false,14.8,238.2308072813613,false
1,3,08:30,72,01:45,69,1,,,0.0,false,14.8,238.70157499010685,false
1,3,08:30,73,02:00,70,1,,,0.0,false,14.8,239.1723426988524,false
1,3,08:30,74,02:15,71,1,,,0.0,false,14.8,239.64311040759793,false
1,3,08:30,75,02:30,72,1,,,0.0,false,14.8,240.11387811634347,false
1,3,08:30,76,02:45,73,1,,,0.0,false,14.8,240.584645825089,false
1,3,08:30,77,03:00,74,1,,,0.0,false,14.8,241.05541353383455,false
1,3,08:30,78,03:15,75,1,,,0.0,false,14.8,241.5261812425801,false
1,3,08:30,79,03:30,76,1,,,0.0,false,14.8,241.99694895132563,false
1,3,08:30,80,03:45,77,1,,,0.0,false,14.8,242.46771666007118,false
1,3,08:30,81,04:00,78,1,,,0.0,false,14.8,242.93848436881672,false
1,3,08:30,82,04:15,79,1,,,0.0,false,14.8,243.40925207756226,false
1,3,08:30,83,04:30,80,1,,,0.0,false,14.8,243.8800197863078,false
1,3,08:30,84,04:45,81,1,,,0.0,false,14.8,244.35078749505334,false
1,3,08:30,85,05:00,82,1,,,0.0,false,14.8,244.82155520379888,false
1,3,08:30,86,05:15,83,1,,,0.0,false,14.8,245.29232291254442,false
1,3,08:30,87,05:30,84,1,,,0.0,false,14.8,245.76309062128996,false
1,3,08:30,88,05:45,85,1,,,0.0,false,14.8,246.2338583300355,false
1,3,08:30,89,06:00,86,1,,,0.0,false,14.8,246.70462603878104,false
1,3,08:30,90,06:15,87,1,,,0.0,false,14.8,247.17539374752658,false
1,3,08:30,91,06:30,88,1,,,0.0,false,14.8,247.64616145627213,false
1,3,08:30,92,06:45,89,1,,,0.0,false,14.8,248.11692916501767,false
1,3,08:30,93,07:00,90,1,,,0.0,false,14.8,248.5876968737632,false
1,3,08:30,94,07:15,91,1,,,0.0,false,14.8,249.05846458250875,false
1,3,08:30,95,07:30,92,1,,,0.0,false,14.8,249.52923229125446,false
1,3,08:30,96,07:45,93,1,,,0.0,false,14.8,250.0,false
1,4,08:45,4,08:45,0,1,,Digging,4.792500000000004,false,10.638124999999995,250.0,true
1,4,08:45,5,09:00,1,1,,Charging,0.0,true,12.177525,248.29429362880887,true
1,4,08:45,6,09:15,2,1,,Traveling,4.7101,false,11.0,248.29429362880887,true
1,4,08:45,7,09:30,3,1,,Charging,0.0,true,12.9,246.18903047091413,true
1,4,08:45,8,09:45,4,1,,Charging,0.0,true,14.8,244.0837673130194,false
1,4,08:45,9,10:00,5,1,,Digging,4.792500000000001,false,13.601875,244.0837673130194,false
1,4,08:45,10,10:15,6,1,,Digging,4.7925,false,12.403749999999999,244.5507904629996,false
1,4,08:45,11,10:30,7,1,,Digging,4.7925,false,11.205625,245.0178136129798,false
1,4,08:45,12,10:45,8,1,,Idle,0.0,false,11.205625,245.48483676296001,true
1,4,08:45,13,11:00,9,1,,Digging,4.7925,false,10.0075,245.95185991294022,true
1,4,08:45,14,11:15,10,1,,Traveling,4.7101,false,8.829975000000001,246.41888306292043,false
1,4,08:45,15,11:30,11,1,,Digging,4.7925,false,7.63185,246.88590621290064,false
1,4,08:45,16,11:45,12,1,,Digging,4.7925,false,6.433725,247.35292936288084,false
1,4,08:45,17,12:00,13,1,,,0.0,false,6.433725,247.81995251286105,false
1,4,08:45,18,12:15,14,1,,,0.0,false,6.433725,248.28697566284126,false
1,4,08:45,19,12:30,15,1,,,0.0,false,6.433725,248.75399881282146,false
1,4,08:45,20,12:45,16,1,,,0.0,false,6.433725,249.22102196280167,false
1,4,08:45,21,13:00,17,1,,,0.0,false,6.433725,249.68804511278188,false
1,4,08:45,22,13:15,18,1,,,0.0,false,6.433725,249.68804511278188,false
1,4,08:45,23,13:30,19,1,,Charging,0.0,true,8.333725,247.58278195488714,false
1,4,08:45,24,13:45,20,1,,Charging,0.0,true,10.233725,245.4775187969924,false
1,4,08:45,25,14:00,21,1,,Digging,4.7924999999999995,false,9.035599999999999,245.4775187969924,false
1,4,08:45,26,14:15,22,1,,Digging,4.7925,false,7.837474999999999,245.4775187969924,true
1,4,08:45,27,14:30,23,1,,Charging,0.0,true,9.737475,243.37225563909766,false
1,4,08:45,28,14:45,24,1,,Traveling,4.7101,false,8.55995,243.37225563909766,false
1,4,08:45,29,15:00,25,1,,Digging,4.7925,false,7.3618250000000005,243.37225563909766,true
1,4,08:45,30,15:15,26,1,,Loading/Swinging,3.1586,false,6.5721750000000005,243.37225563909766,false
1,4,08:45,31,15:30,27,1,,Loading/Swinging,3.1586,false,5.782525000000001,243.37225563909766,false
1,4,08:45,32,15:45,28,1,,Charging,0.0,true,7.682525,241.26699248120292,false
1,4,08:45,33,16:00,29,1,,Loading/Swinging,3.1586,false,6.892875,241.26699248120292,true
1,4,08:45,34,16:15,30,1,,Traveling,4.7101,false,5.71535,241.26699248120292,false
1,4,08:45,35,16:30,31,1,,Loading/Swinging,3.1586,false,4.9257,241.26699248120292,true
1,4,08:45,36,16:45,32,1,,Loading/Swinging,3.1586,false,4.136050000000244,241.26699248120292,false
1,4,08:45,37,17:00,33,1,,Charging,0.0,true,6.036050000000245,239.16172932330818,false
1,4,08:45,38,17:15,34,1,,Charging,0.0,true,7.936050000000244,237.05646616541344,true
1,4,08:45,39,17:30,35,1,,,0.0,false,7.936050000000244,237.05646616541344,true
1,4,08:45,40,17:45,36,1,,Charging,0.0,true,9.836050000000244,234.9512030075187,false
1,4,08:45,41,18:00,37,1,,Charging,0.0,true,11.736050000000244,232.84593984962396,false
1,4,08:45,42,18:15,38,1,,Charging,0.0,true,12.90000000000027,231.5562445587652,true
1,4,08:45,43,18:30,39,1,,Charging,0.0,true,14.80000000000027,229.45098140087046,false
1,4,08:45,44,18:45,40,1,,,0.0,false,14.80000000000027,229.45098140087046,true
1,4,08:45,45,19:00,41,1,,,0.0,false,14.80000000000027,229.45098140087046,false
1,4,08:45,46,19:15,42,1,,,0.0,false,14.80000000000027,229.45098140087046,false
1,4,08:45,47,19:30,43,1,,,0.0,false,14.80000000000027,229.45098140087046,false
1,4,08:45,48,19:45,44,1,,,0.0,false,14.80000000000027,229.45098140087046,false
1,4,08:45,49,20:00,45,1,,,0.0,false,14.80000000000027,229.45098140087046,false
1,4,08:45,50,20:15,46,1,,,0.0,false,14.80000000000027,229.45098140087046,false
1,4,08:45,51,20:30,47,1,,,0.0,false,14.8,229.45098140087046,false
1,4,08:45,52,20:45,48,1,,,0.0,false,14.8,229.45098140087046,false
1,4,08:45,53,21:00,49,1,,,0.0,false,14.8,229.9180045508507,false
1,4,08:45,54,21:15,50,1,,,0.0,false,14.8,230.3850277008309,false
1,4,08:45,55,21:30,51,1,,,0.0,false,14.8,230.8520508508111,false
1,4,08:45,56,21:45,52,1,,,0.0,false,14.8,231.31907400079132,false
1,4,08:45,57,22:00,53,1,,,0.0,false,14.8,231.78609715077152,false
1,4,08:45,58,22:15,54,1,,,0.0,false,14.8,232.25312030075173,false
1,4,08:45,59,22:30,55,1,,,0.0,false,14.8,232.72014345073194,false
1,4,08:45,60,22:45,56,1,,,0.0,false,14.8,233.18716660071215,false
1,4,08:45,61,23:00,57,1,,,0.0,false,14.8,233.65418975069235,false
1,4,08:45,62,23:15,58,1,,,0.0,false,14.8,234.12121290067256,false
1,4,08:45,63,23:30,59,1,,,0.0,false,14.8,234.58823605065277,false
1,4,08:45,64,23:45,60,1,,,0.0,false,14.8,235.05525920063297,false
1,4,08:45,65,00:00,61,1,,,0.0,false,14.8,235.52228235061318,false
1,4,08:45,66,00:15,62,1,,,0.0,false,14.8,235.9893055005934,false
1,4,08:45,67,00:30,63,1,,,0.0,false,14.8,236.4563286505736,false
1,4,08:45,68,00:45,64,1,,,0.0,false,14.8,236.9233518005538,false
1,4,08:45,69,01:00,65,1,,,0.0,false,14.8,237.390374950534,false
1,4,08:45,70,01:15,66,1,,,0.0,false,14.8,237.85739810051422,false
1,4,08:45,71,01:30,67,1,,,0.0,false,14.8,238.32442125049442,false
1,4,08:45,72,01:45,68,1,,,0.0,false,14.8,238.79144440047463,false
1,4,08:45,73,02:00,69,1,,,0.0,false,14.8,239.25846755045484,false
1,4,08:45,74,02:15,70,1,,,0.0,false,14.8,239.72549070043505,false
1,4,08:45,75,02:30,71,1,,,0.0,false,14.8,240.19251385041525,false
1,4,08:45,76,02:45,72,1,,,0.0,false,14.8,240.65953700039546,false
1,4,08:45,77,03:00,73,1,,,0.0,false,14.8,241.12656015037567,false
1,4,08:45,78,03:15,74,1,,,0.0,false,14.8,241.59358330035587,false
1,4,08:45,79,03:30,75,1,,,0.0,false,14.8,242.06060645033608,false
1,4,08:45,80,03:45,76,1,,,0.0,false,14.8,242.5276296003163,false
1,4,08:45,81,04:00,77,1,,,0.0,false,14.8,242.9946527502965,false
1,4,08:45,82,04:15,78,1,,,0.0,false,14.8,243.46167590027702,false
1,4,08:45,83,04:30,79,1,,,0.0,false,14.8,243.92869905025722,false
1,4,08:45,84,04:45,80,1,,,0.0,false,14.8,244.39572220023743,false
1,4,08:45,85,05:00,81,1,,,0.0,false,14.8,244.86274535021766,false
1,4,08:45,86,05:15,82,1,,,0.0,false,14.8,245.32976850019787,false
1,4,08:45,87,05:30,83,1,,,0.0,false,14.8,245.79679165017808,false
1,4,08:45,88,05:45,84,1,,,0.0,false,14.8,246.2638148001583,false
1,4,08:45,89,06:00,85,1,,,0.0,false,14.8,246.7308379501385,false
1,4,08:45,90,06:15,86,1,,,0.0,false,14.8,247.19786110011873,false
1,4,08:45,91,06:30,87,1,,,0.0,false,14.8,247.66488425009894,false
1,4,08:45,92,06:45,88,1,,,0.0,false,14.8,248.13190740007914,false
1,4,08:45,93,07:00,89,1,,,0.0,false,14.8,248.59893055005935,false
1,4,08:45,94,07:15,90,1,,,0.0,false,14.8,249.06595370003959,false
1,4,08:45,95,07:30,91,1,,,0.0,false,14.8,249.53297685001976,false
1,4,08:45,96,07:45,92,1,,,0.0,false,14.8,250.0,false
1,5,09:00,5,09:00,0,1,,Charging,0.0,true,12.522649999999997,247.89473684210526,false
1,5,09:00,6,09:15,1,1,,Charging,-3.552713678800501e-15,true,14.422649999999997,245.78947368421052,true
1,5,09:00,7,09:30,2,1,,Traveling,4.710099999999997,false,13.245124999999998,245.78947368421052,true
1,5,09:00,8,09:45,3,1,,Digging,4.792499999999997,false,12.046999999999999,245.78947368421052,true
1,5,09:00,9,10:00,4,1,,Digging,4.792499999999997,false,10.848875,245.78947368421052,false
1,5,09:00,10,10:15,5,1,,Digging,4.792500000000004,false,9.650749999999999,245.78947368421052,false
1,5,09:00,11,10:30,6,1,,Charging,-1.7763568394002505e-15,true,11.550749999999999,243.68421052631578,true
1,5,09:00,12,10:45,7,1,,Digging,4.792500000000011,false,10.352624999999996,243.68421052631578,true
1,5,09:00,13,11:00,8,1,,Traveling,4.710099999999997,false,9.175099999999997,243.68421052631578,true
1,5,09:00,14,11:15,9,1,,Charging,2.6645352591003757e-15,true,11.075099999999996,241.57894736842104,true
1,5,09:00,15,11:30,10,1,,Digging,4.792499999999997,false,9.876974999999996,241.57894736842104,false
1,5,09:00,16,11:45,11,1,,Digging,4.792499999999997,false,8.678849999999997,241.57894736842104,false
1,5,09:00,17,12:00,12,1,,Charging,0.0,true,10.578849999999997,239.4736842105263,true
1,5,09:00,18,12:15,13,1,,Charging,0.0,true,12.478850000000003,237.36842105263156,true
1,5,09:00,19,12:30,14,1,,,0.0,false,12.478850000000003,237.36842105263156,false
1,5,09:00,20,12:45,15,1,,,0.0,false,12.478850000000003,237.82755163532096,false
1,5,09:00,21,13:00,16,1,,,0.0,false,12.478850000000003,238.28668221801036,false
1,5,09:00,22,13:15,17,1,,,0.0,false,12.478850000000003,238.74581280069975,false
1,5,09:00,23,13:30,18,1,,,0.0,false,12.478850000000003,239.20494338338915,true
1,5,09:00,24,13:45,19,1,,,0.0,false,12.478850000000001,239.66407396607855,true
1,5,09:00,25,14:00,20,1,,Digging,4.792500000000004,false,11.280725,240.12320454876794,false
1,5,09:00,26,14:15,21,1,,Digging,4.792500000000004,false,10.0826,240.58233513145734,false
1,5,09:00,27,14:30,22,1,,Traveling,4.710099999999997,false,8.905075,241.04146571414674,true
1,5,09:00,28,14:45,23,1,,Digging,4.7925,false,7.70695,241.50059629683614,true
1,5,09:00,29,15:00,24,1,,Idle,0.0,false,7.70695,241.95972687952553,true
1,5,09:00,30,15:15,25,1,,Loading/Swinging,3.1586,false,6.9173,242.41885746221493,false
1,5,09:00,31,15:30,26,1,,Loading/Swinging,3.1586,false,6.12765,242.87798804490433,false
1,5,09:00,32,15:45,27,1,,Loading/Swinging,3.1586000000000105,false,5.337999999999997,243.33711862759372,true
1,5,09:00,33,16:00,28,1,,Traveling,4.710100000000001,false,4.160474999999997,243.33711862759372,true
1,5,09:00,34,16:15,29,1,,Charging,1.7763568394002505e-15,true,6.060474999999997,241.23185546969898,true
1,5,09:00,35,16:30,30,1,,Loading/Swinging,3.1586,false,5.270824999999997,241.23185546969898,false
1,5,09:00,36,16:45,31,1,,Loading/Swinging,3.1586,false,4.481174999999997,241.23185546969898,false
1,5,09:00,37,17:00,32,1,,Charging,0.0,true,6.381174999999997,239.12659231180425,false
1,5,09:00,38,17:15,33,1,,Charging,0.0,true,8.281174999999998,237.0213291539095,false
1,5,09:00,39,17:30,34,1,,Charging,0.0,true,10.181174999999998,234.91606599601477,true
1,5,09:00,40,17:45,35,1,,,0.0,false,10.181174999999996,234.91606599601477,true
1,5,09:00,41,18:00,36,1,,,0.0,false,10.181174999999996,234.91606599601477,true
1,5,09:00,42,18:15,37,1,,Charging,0.0,true,12.081174999999996,232.81080283812003,false
1,5,09:00,43,18:30,38,1,,Charging,0.0,true,13.981174999999997,230.7055396802253,false
1,5,09:00,44,18:45,39,1,,Charging,0.0,true,14.799999999999999,229.79825436166573,true
1,5,09:00,45,19:00,40,1,,,0.0,false,14.8,229.79825436166573,false
1,5,09:00,46,19:15,41,1,,,0.0,false,14.8,229.79825436166573,false
1,5,09:00,47,19:30,42,1,,,0.0,false,14.8,229.79825436166573,false
1,5,09:00,48,19:45,43,1,,,0.0,false,14.8,229.79825436166573,false
1,5,09:00,49,20:00,44,1,,,0.0,false,14.8,229.79825436166573,false
1,5,09:00,50,20:15,45,1,,,0.0,false,14.8,229.79825436166573,false
1,5,09:00,51,20:30,46,1,,,0.0,false,14.8,229.79825436166573,false
1,5,09:00,52,20:45,47,1,,,0.0,false,14.8,229.79825436166573,false
1,5,09:00,53,21:00,48,1,,,0.0,false,14.8,230.25738494435512,false
1,5,09:00,54,21:15,49,1,,,0.0,false,14.8,230.71651552704452,false
1,5,09:00,55,21:30,50,1,,,0.0,false,14.8,231.17564610973392,false
1,5,09:00,56,21:45,51,1,,,0.0,false,14.8,231.63477669242332,false
1,5,09:00,57,22:00,52,1,,,0.0,false,14.8,232.0939072751127,false
1,5,09:00,58,22:15,53,1,,,0.0,false,14.8,232.5530378578021,false
1,5,09:00,59,22:30,54,1,,,0.0,false,14.8,233.0121684404915,false
1,5,09:00,60,22:45,55,1,,,0.0,false,14.8,233.4712990231809,false
1,5,09:00,61,23:00,56,1,,,0.0,false,14.8,233.9304296058703,false
1,5,09:00,62,23:15,57,1,,,0.0,false,14.8,234.3895601885597,false
1,5,09:00,63,23:30,58,1,,,0.0,false,14.8,234.8486907712491,false
1,5,09:00,64,23:45,59,1,,,0.0,false,14.8,235.3078213539385,false
1,5,09:00,65,00:00,60,1,,,0.0,false,14.8,235.7669519366279,false
1,5,09:00,66,00:15,61,1,,,0.0,false,14.8,236.2260825193173,false
1,5,09:00,67,00:30,62,1,,,0.0,false,14.8,236.68521310200668,false
1,5,09:00,68,00:45,63,1,,,0.0,false,14.8,237.14434368469608,false
1,5,09:00,69,01:00,64,1,,,0.0,false,14.8,237.60347426738548,false
1,5,09:00,70,01:15,65,1,,,0.0,false,14.8,238.06260485007488,false
1,5,09:00,71,01:30,66,1,,,0.0,false,14.8,238.52173543276427,false
1,5,09:00,72,01:45,67,1,,,0.0,false,14.8,238.98086601545367,false
1,5,09:00,73,02:00,68,1,,,0.0,false,14.8,239.43999659814307,false
1,5,09:00,74,02:15,69,1,,,0.0,false,14.8,239.89912718083247,false
1,5,09:00,75,02:30,70,1,,,0.0,false,14.8,240.35825776352186,false
1,5,09:00,76,02:45,71,1,,,0.0,false,14.8,240.81738834621126,false
1,5,09:00,77,03:00,72,1,,,0.0,false,14.8,241.27651892890066,false
1,5,09:00,78,03:15,73,1,,,0.0,false,14.8,241.73564951159005,false
1,5,09:00,79,03:30,74,1,,,0.0,false,14.8,242.19478009427945,false
1,5,09:00,80,03:45,75,1,,,0.0,false,14.8,242.65391067696885,false
1,5,09:00,81,04:00,76,1,,,0.0,false,14.8,243.11304125965825,false
1,5,09:00,82,04:15,77,1,,,0.0,false,14.8,243.57217184234764,false
1,5,09:00,83,04:30,78,1,,,0.0,false,14.8,244.03130242503704,false
1,5,09:00,84,04:45,79,1,,,0.0,false,14.8,244.49043300772644,false
1,5,09:00,85,05:00,80,1,,,0.0,false,14.8,244.94956359041583,false
1,5,09:00,86,05:15,81,1,,,0.0,false,14.8,245.40869417310523,false
1,5,09:00,87,05:30,82,1,,,0.0,false,14.8,245.86782475579463,false
1,5,09:00,88,05:45,83,1,,,0.0,false,14.8,246.32695533848403,false
1,5,09:00,89,06:00,84,1,,,0.0,false,14.8,246.78608592117342,false
1,5,09:00,90,06:15,85,1,,,0.0,false,14.8,247.24521650386282,false
1,5,09:00,91,06:30,86,1,,,0.0,false,14.8,247.70434708655222,false
1,5,09:00,92,06:45,87,1,,,0.0,false,14.8,248.16347766924162,false
1,5,09:00,93,07:00,88,1,,,0.0,false,14.8,248.622608251931,false
1,5,09:00,94,07:15,89,1,,,0.0,false,14.8,249.0817388346204,false
1,5,09:00,95,07:30,90,1,,,0.0,false,14.8,249.54086941731057,false
1,5,09:00,96,07:45,91,1,,,0.0,false,14.8,250.0,false
1,6,09:15,6,09:15,0,1,,Traveling,4.710099999999997,false,11.445124999999997,247.89473684210526,true
1,6,09:15,7,09:30,1,1,,Charging,0.0,true,13.345124999999998,245.78947368421052,true
1,6,09:15,8,09:45,2,1,,Charging,-8.881784197001252e-16,true,14.8,244.17742382271467,true
1,6,09:15,9,10:00,3,1,,Digging,4.792499999999997,false,13.601875000000001,244.17742382271467,false
1,6,09:15,10,10:15,4,1,,Digging,4.792499999999997,false,12.403750000000002,244.64277453502174,false
1,6,09:15,11,10:30,5,1,,Loading/Swinging,3.1586,false,11.614100000000002,245.10812524732881,true
1,6,09:15,12,10:45,6,1,,Digging,4.792500000000004,false,10.415975000000001,245.57347595963589,false
1,6,09:15,13,11:00,7,1,,Idle,0.0,false,10.415975000000001,246.03882667194296,true
1,6,09:15,14,11:15,8,1,,Traveling,4.710099999999997,false,9.238450000000002,246.50417738425003,true
1,6,09:15,15,11:30,9,1,,Loading/Swinging,3.1586,false,8.448800000000002,246.9695280965571,true
1,6,09:15,16,11:45,10,1,,Digging,4.792500000000001,false,7.250675000000002,247.43487880886417,false
1,6,09:15,17,12:00,11,1,,,0.0,false,7.250675000000002,247.90022952117124,true
1,6,09:15,18,12:15,12,1,,,0.0,false,7.250675000000002,248.3655802334783,true
1,6,09:15,19,12:30,13,1,,,0.0,false,7.250675000000002,248.83093094578538,false
1,6,09:15,20,12:45,14,1,,,0.0,false,7.250675000000002,249.29628165809245,false
1,6,09:15,21,13:00,15,1,,,0.0,false,7.250675000000002,249.76163237039952,false
1,6,09:15,22,13:15,16,1,,,0.0,false,7.250675000000002,249.76163237039952,false
1,6,09:15,23,13:30,17,1,,Charging,0.0,true,9.150675000000001,247.65636921250479,true
1,6,09:15,24,13:45,18,1,,Charging,0.0,true,11.050675000000002,245.55110605461005,true
1,6,09:15,25,14:00,19,1,,Digging,4.792499999999733,false,9.852550000000068,245.55110605461005,false
1,6,09:15,26,14:15,20,1,,Digging,4.79250000000016,false,8.654425000000028,245.55110605461007,false
1,6,09:15,27,14:30,21,1,,Charging,-4.1744385725905886e-14,true,10.554425000000041,243.44584289671533,true
1,6,09:15,28,14:45,22,1,,Traveling,4.710100000000125,false,9.37690000000001,243.44584289671533,true
1,6,09:15,29,15:00,23,1,,Digging,4.792500000000004,false,8.178775000000009,243.44584289671533,true
1,6,09:15,30,15:15,24,1,,Digging,4.79250000000544,false,6.980649999998649,243.44584289671533,true
1,6,09:15,31,15:30,25,1,,Digging,4.792499999999887,false,5.782524999998677,243.44584289671533,true
1,6,09:15,32,15:45,26,1,,Charging,1.7763568394002505e-15,true,7.682524999998677,241.3405797388206,true
1,6,09:15,33,16:00,27,1,,Loading/Swinging,3.1586,false,6.892874999998677,241.3405797388206,true
1,6,09:15,34,16:15,28,1,,Traveling,4.7100999999946165,false,5.7153500000000275,241.3405797388206,true
1,6,09:15,35,16:30,29,1,,Loading/Swinging,3.1585999999999927,false,4.925700000000029,241.3405797388206,false
1,6,09:15,36,16:45,30,1,,Loading/Swinging,3.1586,false,4.136050000000029,241.3405797388206,false
1,6,09:15,37,17:00,31,1,,Charging,0.0,true,6.036050000000023,239.23531658092585,false
1,6,09:15,38,17:15,32,1,,Charging,0.0,true,7.936050000000009,237.13005342303114,false
1,6,09:15,39,17:30,33,1,,Charging,0.0,true,9.836050000000007,235.0247902651364,false
1,6,09:15,40,17:45,34,1,,Charging,0.0,true,10.999999999999975,233.7350949742777,true
1,6,09:15,41,18:00,35,1,,Charging,0.0,true,12.899999999999983,231.62983181638296,true
1,6,09:15,42,18:15,36,1,,Charging,0.0,true,14.799999999999983,229.52456865848822,false
1,6,09:15,43,18:30,37,1,,,0.0,false,14.799999999999983,229.52456865848822,true
1,6,09:15,44,18:45,38,1,,,0.0,false,14.799999999999983,229.52456865848822,true
1,6,09:15,45,19:00,39,1,,,0.0,false,14.799999999999983,229.52456865848822,false
1,6,09:15,46,19:15,40,1,,,0.0,false,14.799999999999983,229.52456865848822,false
1,6,09:15,47,19:30,41,1,,,0.0,false,14.799999999999983,229.52456865848822,false
1,6,09:15,48,19:45,42,1,,,0.0,false,14.799999999999983,229.52456865848822,false
1,6,09:15,49,20:00,43,1,,,0.0,false,14.799999999999983,229.52456865848822,false
1,6,09:15,50,20:15,44,1,,,0.0,false,14.799999999999983,229.52456865848822,false
1,6,09:15,51,20:30,45,1,,,0.0,false,14.799999999999983,229.52456865848822,false
1,6,09:15,52,20:45,46,1,,,0.0,false,14.799999999999983,229.52456865848822,false
1,6,09:15,53,21:00,47,1,,,0.0,false,14.799999999999983,229.9899193707953,false
1,6,09:15,54,21:15,48,1,,,0.0,false,14.799999999999983,230.45527008310236,false
1,6,09:15,55,21:30,49,1,,,0.0,false,14.8,230.92062079540943,false
1,6,09:15,56,21:45,50,1,,,0.0,false,14.8,231.3859715077165,false
1,6,09:15,57,22:00,51,1,,,0.0,false,14.8,231.85132222002358,false
1,6,09:15,58,22:15,52,1,,,0.0,false,14.8,232.31667293233065,false
1,6,09:15,59,22:30,53,1,,,0.0,false,14.8,232.78202364463772,false
1,6,09:15,60,22:45,54,1,,,0.0,false,14.8,233.2473743569448,false
1,6,09:15,61,23:00,55,1,,,0.0,false,14.8,233.71272506925186,false
1,6,09:15,62,23:15,56,1,,,0.0,false,14.8,234.17807578155893,false
1,6,09:15,63,23:30,57,1,,,0.0,false,14.8,234.643426493866,false
1,6,09:15,64,23:45,58,1,,,0.0,false,14.8,235.10877720617307,false
1,6,09:15,65,00:00,59,1,,,0.0,false,14.8,235.57412791848014,false
1,6,09:15,66,00:15,60,1,,,0.0,false,14.8,236.03947863078722,false
1,6,09:15,67,00:30,61,1,,,0.0,false,14.8,236.5048293430943,false
1,6,09:15,68,00:45,62,1,,,0.0,false,14.8,236.97018005540136,false
1,6,09:15,69,01:00,63,1,,,0.0,false,14.8,237.43553076770843,false
1,6,09:15,70,01:15,64,1,,,0.0,false,14.8,237.9008814800155,false
1,6,09:15,71,01:30,65,1,,,0.0,false,14.8,238.36623219232257,false
1,6,09:15,72,01:45,66,1,,,0.0,false,14.8,238.83158290462964,false
1,6,09:15,73,02:00,67,1,,,0.0,false,14.8,239.2969336169367,false
1,6,09:15,74,02:15,68,1,,,0.0,false,14.8,239.76228432924378,false
1,6,09:15,75,02:30,69,1,,,0.0,false,14.8,240.22763504155085,false
1,6,09:15,76,02:45,70,1,,,0.0,false,14.8,240.69298575385793,false
1,6,09:15,77,03:00,71,1,,,0.0,false,14.8,241.158336466165,false
1,6,09:15,78,03:15,72,1,,,0.0,false,14.8,241.62368717847207,false
1,6,09:15,79,03:30,73,1,,,0.0,false,14.8,242.08903789077914,false
1,6,09:15,80,03:45,74,1,,,0.0,false,14.8,242.5543886030862,false
1,6,09:15,81,04:00,75,1,,,0.0,false,14.8,243.01973931539328,false
1,6,09:15,82,04:15,76,1,,,0.0,false,14.8,243.48509002770035,false
1,6,09:15,83,04:30,77,1,,,0.0,false,14.8,243.95044074000742,false
1,6,09:15,84,04:45,78,1,,,0.0,false,14.8,244.4157914523145,false
1,6,09:15,85,05:00,79,1,,,0.0,false,14.8,244.88114216462156,false
1,6,09:15,86,05:15,80,1,,,0.0,false,14.8,245.34649287692864,false
1,6,09:15,87,05:30,81,1,,,0.0,false,14.8,245.8118435892357,false
1,6,09:15,88,05:45,82,1,,,0.0,false,14.8,246.27719430154278,false
1,6,09:15,89,06:00,83,1,,,0.0,false,14.8,246.74254501384985,false
1,6,09:15,90,06:15,84,1,,,0.0,false,14.8,247.20789572615692,false
1,6,09:15,91,06:30,85,1,,,0.0,false,14.8,247.673246438464,false
1,6,09:15,92,06:45,86,1,,,0.0,false,14.8,248.13859715077106,false
1,6,09:15,93,07:00,87,1,,,0.0,false,14.8,248.60394786307813,false
1,6,09:15,94,07:15,88,1,,,0.0,false,14.8,249.06929857538583,false
1,6,09:15,95,07:30,89,1,,,0.0,false,14.8,249.5346492876929,false
1,6,09:15,96,07:45,90,1,,,0.0,false,14.8,250.0,false
1,7,09:30,7,09:30,0,1,,Digging,4.792499999999998,false,10.281375000000315,247.89473684210492,true
1,7,09:30,8,09:45,1,1,,Charging,8.903988657493755e-13,true,10.965824999999635,247.13634349030488,false
1,7,09:30,9,10:00,2,1,,Charging,3.607691922979939e-11,true,12.865824999990839,245.0310803324161,true
1,7,09:30,10,10:15,3,1,,Digging,4.792499999998022,false,11.667699999991333,245.0310803324161,false
1,7,09:30,11,10:30,4,1,,Digging,4.792500000000004,false,10.469574999991332,245.0310803324161,true
1,7,09:30,12,10:45,5,1,,Charging,-7.922551503725117e-13,true,12.369574999993183,242.92581717451955,true
1,7,09:30,13,11:00,6,1,,Digging,4.792499999989445,false,11.171449999995822,242.92581717451955,true
1,7,09:30,14,11:15,7,1,,Traveling,4.71009999999994,false,9.993924999995837,242.92581717451955,false
1,7,09:30,15,11:30,8,1,,Loading/Swinging,3.1586000000001886,false,9.20427499999579,242.92581717451955,false
1,7,09:30,16,11:45,9,1,,Digging,4.792500000000004,false,8.006149999995788,242.92581717451955,false
1,7,09:30,17,12:00,10,1,,Charging,0.0,true,9.906149999997025,240.82055401662345,true
1,7,09:30,18,12:15,11,1,,Charging,0.0,true,11.806149999997025,238.7152908587287,true
1,7,09:30,19,12:30,12,1,,,0.0,false,11.806149999997025,238.71529085872928,false
1,7,09:30,20,12:45,13,1,,,0.0,false,11.806149999997025,239.17180930165088,false
1,7,09:30,21,13:00,14,1,,,0.0,false,11.806149999997025,239.6283277445725,false
1,7,09:30,22,13:15,15,1,,,0.0,false,11.806149999997025,240.0848461874941,false
1,7,09:30,23,13:30,16,1,,,0.0,false,11.806149999997025,240.5413646304157,true
1,7,09:30,24,13:45,17,1,,,0.0,false,11.806149999997025,240.9978830733373,true
1,7,09:30,25,14:00,18,1,,Digging,4.792499999979299,false,10.6080250000022,241.45440151625314,false
1,7,09:30,26,14:15,19,1,,Loading/Swinging,3.1585999999945287,false,9.818375000003568,241.91091995917475,true
1,7,09:30,27,14:30,20,1,,Traveling,4.710099999998874,false,8.64085000000385,242.36743840209635,true
1,7,09:30,28,14:45,21,1,,Digging,4.792500000000153,false,7.442725000003811,242.82395684501796,true
1,7,09:30,29,15:00,22,1,,Idle,0.0,false,7.442725000003811,243.28047528793957,true
1,7,09:30,30,15:15,23,1,,Digging,4.7924999999999365,false,6.244600000003827,243.73699373086117,false
1,7,09:30,31,15:30,24,1,,Digging,4.792499999989079,false,5.0464750000065575,244.19351217378278,false
1,7,09:30,32,15:45,25,1,,Loading/Swinging,3.1586000000034034,false,4.256825000005707,244.65003061670438,true
1,7,09:30,33,16:00,26,1,,Traveling,4.710099999999194,false,3.079300000005908,244.65003061670438,true
1,7,09:30,34,16:15,27,1,,Charging,8.757439218243235e-13,true,4.979300000005689,242.54476745880964,true
1,7,09:30,35,16:30,28,1,,Loading/Swinging,3.1586,false,4.189650000005689,242.54476745880964,false
1,7,09:30,36,16:45,29,1,,Loading/Swinging,3.1585999999915035,false,3.400000000007813,242.54476745880964,false
1,7,09:30,37,17:00,30,1,,,0.0,false,3.400000000007813,242.54476745880964,true
1,7,09:30,38,17:15,31,1,,,0.0,false,3.400000000007813,242.54476745880964,true
1,7,09:30,39,17:30,32,1,,Charging,0.0,true,5.300000000007813,240.4395043009149,false
1,7,09:30,40,17:45,33,1,,Charging,0.0,true,7.200000000007813,238.33424114302017,false
1,7,09:30,41,18:00,34,1,,,0.0,false,7.200000000007813,238.33424114302017,true
1,7,09:30,42,18:15,35,1,,Charging,0.0,true,9.100000000007812,236.22897798512543,false
1,7,09:30,43,18:30,36,1,,Charging,0.0,true,11.000000000007812,234.12371482723069,true
1,7,09:30,44,18:45,37,1,,Charging,0.0,true,12.900000000007813,232.01845166933595,true
1,7,09:30,45,19:00,38,1,,Charging,0.0,true,14.800000000000562,229.91318851144925,true
1,7,09:30,46,19:15,39,1,,,0.0,false,14.800000000000562,229.91318851144925,false
1,7,09:30,47,19:30,40,1,,,0.0,false,14.800000000000562,229.91318851144925,false
1,7,09:30,48,19:45,41,1,,,0.0,false,14.800000000000562,229.91318851144925,false
1,7,09:30,49,20:00,42,1,,,0.0,false,14.800000000000562,229.91318851144925,false
1,7,09:30,50,20:15,43,1,,,0.0,false,14.800000000000562,229.91318851144925,false
1,7,09:30,51,20:30,44,1,,,0.0,false,14.800000000000562,229.91318851144925,false
1,7,09:30,52,20:45,45,1,,,0.0,false,14.800000000000562,229.91318851144925,false
1,7,09:30,53,21:00,46,1,,,0.0,false,14.800000000000562,230.36970695437086,false
1,7,09:30,54,21:15,47,1,,,0.0,false,14.800000000000562,230.82622539729246,false
1,7,09:30,55,21:30,48,1,,,0.0,false,14.800000000000562,231.28274384021407,false
1,7,09:30,56,21:45,49,1,,,0.0,false,14.8,231.73926228313567,false
1,7,09:30,57,22:00,50,1,,,0.0,false,14.8,232.19578072605728,false
1,7,09:30,58,22:15,51,1,,,0.0,false,14.8,232.65229916897889,false
1,7,09:30,59,22:30,52,1,,,0.0,false,14.8,233.1088176119005,false
1,7,09:30,60,22:45,53,1,,,0.0,false,14.8,233.5653360548221,false
1,7,09:30,61,23:00,54,1,,,0.0,false,14.8,234.0218544977437,false
1,7,09:30,62,23:15,55,1,,,0.0,false,14.8,234.4783729406653,false
1,7,09:30,63,23:30,56,1,,,0.0,false,14.8,234.93489138358692,false
1,7,09:30,64,23:45,57,1,,,0.0,false,14.8,235.39140982650852,false
1,7,09:30,65,00:00,58,1,,,0.0,false,14.8,235.84792826943013,false
1,7,09:30,66,00:15,59,1,,,0.0,false,14.8,236.30444671235173,false
1,7,09:30,67,00:30,60,1,,,0.0,false,14.8,236.76096515527334,false
1,7,09:30,68,00:45,61,1,,,0.0,false,14.8,237.21748359819495,false
1,7,09:30,69,01:00,62,1,,,0.0,false,14.8,237.67400204111655,false
1,7,09:30,70,01:15,63,1,,,0.0,false,14.8,238.13052048403816,false
1,7,09:30,71,01:30,64,1,,,0.0,false,14.8,238.58703892695976,false
1,7,09:30,72,01:45,65,1,,,0.0,false,14.8,239.04355736988137,false
1,7,09:30,73,02:00,66,1,,,0.0,false,14.8,239.50007581280298,false
1,7,09:30,74,02:15,67,1,,,0.0,false,14.8,239.95659425572458,false
1,7,09:30,75,02:30,68,1,,,0.0,false,14.8,240.4131126986462,false
1,7,09:30,76,02:45,69,1,,,0.0,false,14.8,240.8696311415678,false
1,7,09:30,77,03:00,70,1,,,0.0,false,14.8,241.3261495844894,false
1,7,09:30,78,03:15,71,1,,,0.0,false,14.8,241.782668027411,false
1,7,09:30,79,03:30,72,1,,,0.0,false,14.8,242.2391864703326,false
1,7,09:30,80,03:45,73,1,,,0.0,false,14.8,242.69570491325422,false
1,7,09:30,81,04:00,74,1,,,0.0,false,14.8,243.15222335617582,false
1,7,09:30,82,04:15,75,1,,,0.0,false,14.8,243.60874179909743,false
1,7,09:30,83,04:30,76,1,,,0.0,false,14.8,244.06526024201904,false
1,7,09:30,84,04:45,77,1,,,0.0,false,14.8,244.52177868494064,false
1,7,09:30,85,05:00,78,1,,,0.0,false,14.8,244.97829712786225,false
1,7,09:30,86,05:15,79,1,,,0.0,false,14.8,245.43481557078385,false
1,7,09:30,87,05:30,80,1,,,0.0,false,14.8,245.89133401370546,false
1,7,09:30,88,05:45,81,1,,,0.0,false,14.8,246.34785245662707,false
1,7,09:30,89,06:00,82,1,,,0.0,false,14.8,246.80437089954867,false
1,7,09:30,90,06:15,83,1,,,0.0,false,14.8,247.26088934247028,false
1,7,09:30,91,06:30,84,1,,,0.0,false,14.8,247.71740778539188,false
1,7,09:30,92,06:45,85,1,,,0.0,false,14.8,248.17392622831412,false
1,7,09:30,93,07:00,86,1,,,0.0,false,14.8,248.63044467123572,false
1,7,09:30,94,07:15,87,1,,,0.0,false,14.8,249.0869631141568,false
1,7,09:30,95,07:30,88,1,,,0.0,false,14.8,249.5434815570784,false
1,7,09:30,96,07:45,89,1,,,0.0,false,14.8,250.0,false
1,8,09:45,8,09:45,0,1,,Digging,4.792500000000094,false,9.04052500000027,247.89473684210495,true
1,8,09:45,9,10:00,1,1,,Charging,-1.5987211554602254e-14,true,10.940525000000275,245.78947368421024,false
1,8,09:45,10,10:15,2,1,,Charging,-4.615863247181551e-12,true,12.840525000001431,243.68421052631547,true
1,8,09:45,11,10:30,3,1,,Digging,4.792500000000047,false,11.64240000000142,243.68421052631547,false
1,8,09:45,12,10:45,4,1,,Digging,4.792500000000018,false,10.444275000001415,243.68421052631547,true
1,8,09:45,13,11:00,5,1,,Traveling,4.710099999999997,false,9.266750000001416,243.68421052631547,true
1,8,09:45,14,11:15,6,1,,Charging,0.0,true,11.166750000001395,241.57894736842076,true
1,8,09:45,15,11:30,7,1,,Digging,4.792500000000096,false,9.96862500000137,241.57894736842076,true
1,8,09:45,16,11:45,8,1,,Digging,4.79250000000001,false,8.770500000001368,241.57894736842076,false
1,8,09:45,17,12:00,9,1,,Charging,0.0,true,10.670500000001368,239.47368421052602,false
1,8,09:45,18,12:15,10,1,,Charging,0.0,true,12.570500000001372,237.36842105263128,false
1,8,09:45,19,12:30,11,1,,,0.0,false,12.57050000000137,237.36842105263128,false
1,8,09:45,20,12:45,12,1,,,0.0,false,12.57050000000137,237.82577003450425,false
1,8,09:45,21,13:00,13,1,,,0.0,false,12.57050000000137,238.2831190163772,false
1,8,09:45,22,13:15,14,1,,,0.0,false,12.57050000000137,238.74046799825018,false
1,8,09:45,23,13:30,15,1,,,0.0,false,12.57050000000137,239.19781698012315,false
1,8,09:45,24,13:45,16,1,,,0.0,false,12.57050000000137,239.65516596199612,false
1,8,09:45,25,14:00,17,1,,Digging,4.7925,false,11.37237500000137,240.1125149438691,false
1,8,09:45,26,14:15,18,1,,Digging,4.792500000001134,false,10.174250000001086,240.56986392574206,true
1,8,09:45,27,14:30,19,1,,Traveling,4.710099999999997,false,8.996725000001087,241.02721290761502,false
1,8,09:45,28,14:45,20,1,,Loading/Swinging,3.1586,false,8.207075000001087,241.48456188948796,true
1,8,09:45,29,15:00,21,1,,Idle,0.0,false,8.207075000001087,241.94191087136093,false
1,8,09:45,30,15:15,22,1,,Digging,4.7925,false,7.008950000001087,242.3992598532339,false
1,8,09:45,31,15:30,23,1,,Loading/Swinging,3.1586,false,6.219300000001087,242.85660883510687,true
1,8,09:45,32,15:45,24,1,,Loading/Swinging,3.1586000000009826,false,5.429650000000841,243.31395781697984,false
1,8,09:45,33,16:00,25,1,,Traveling,4.7100999999994,false,4.252125000000991,243.31395781697984,false
1,8,09:45,34,16:15,26,1,,Charging,0.0,true,6.152125000001048,241.20869465908518,false
1,8,09:45,35,16:30,27,1,,Loading/Swinging,3.1586000000014565,false,5.362475000000684,241.20869465908518,false
1,8,09:45,36,16:45,28,1,,Loading/Swinging,3.1586,false,4.572825000000684,241.20869465908518,false
1,8,09:45,37,17:00,29,1,,,0.0,false,4.572825000000684,241.20869465908518,false
1,8,09:45,38,17:15,30,1,,,0.0,false,4.57282500000068,241.20869465908518,false
1,8,09:45,39,17:30,31,1,,,0.0,false,4.572825000000678,241.20869465908518,true
1,8,09:45,40,17:45,32,1,,Charging,0.0,true,6.4728250000006895,239.10343150119044,false
1,8,09:45,41,18:00,33,1,,Charging,0.0,true,8.37282500000069,236.9981683432957,true
1,8,09:45,42,18:15,34,1,,Charging,0.0,true,10.272825000000346,234.89290518540136,false
1,8,09:45,43,18:30,35,1,,Charging,0.0,true,12.172825000000348,232.78764202750662,false
1,8,09:45,44,18:45,36,1,,Charging,0.0,true,12.900000000000096,231.98190795548473,false
1,8,09:45,45,19:00,37,1,,Charging,0.0,true,14.800000000000008,229.8766447975901,false
1,8,09:45,46,19:15,38,1,,,0.0,false,14.800000000000008,229.8766447975901,false
1,8,09:45,47,19:30,39,1,,,0.0,false,14.800000000000008,229.8766447975901,false
1,8,09:45,48,19:45,40,1,,,0.0,false,14.800000000000008,229.8766447975901,false
1,8,09:45,49,20:00,41,1,,,0.0,false,14.800000000000024,229.8766447975901,false
1,8,09:45,50,20:15,42,1,,,0.0,false,14.800000000000024,229.8766447975901,false
1,8,09:45,51,20:30,43,1,,,0.0,false,14.800000000000024,229.8766447975901,false
1,8,09:45,52,20:45,44,1,,,0.0,false,14.800000000000024,229.8766447975901,false
1,8,09:45,53,21:00,45,1,,,0.0,false,14.800000000000024,230.33399377946307,false
1,8,09:45,54,21:15,46,1,,,0.0,false,14.800000000000024,230.79134276133604,false
1,8,09:45,55,21:30,47,1,,,0.0,false,14.800000000000024,231.248691743209,false
1,8,09:45,56,21:45,48,1,,,0.0,false,14.800000000000024,231.70604072508198,false
1,8,09:45,57,22:00,49,1,,,0.0,false,14.800000000000024,232.16338970695494,false
1,8,09:45,58,22:15,50,1,,,0.0,false,14.800000000000024,232.6207386888279,false
1,8,09:45,59,22:30,51,1,,,0.0,false,14.800000000000024,233.07808767070088,false
1,8,09:45,60,22:45,52,1,,,0.0,false,14.800000000000024,233.53543665257385,false
1,8,09:45,61,23:00,53,1,,,0.0,false,14.800000000000024,233.99278563444682,false
1,8,09:45,62,23:15,54,1,,,0.0,false,14.800000000000024,234.4501346163198,false
1,8,09:45,63,23:30,55,1,,,0.0,false,14.800000000000024,234.90748359819275,false
1,8,09:45,64,23:45,56,1,,,0.0,false,14.800000000000024,235.36483258006572,false
1,8,09:45,65,00:00,57,1,,,0.0,false,14.800000000000024,235.8221815619387,false
1,8,09:45,66,00:15,58,1,,,0.0,false,14.800000000000004,236.27953054381166,false
1,8,09:45,67,00:30,59,1,,,0.0,false,14.800000000000004,236.73687952568463,false
1,8,09:45,68,00:45,60,1,,,0.0,false,14.800000000000004,237.1942285075576,false
1,8,09:45,69,01:00,61,1,,,0.0,false,14.800000000000004,237.65157748943057,false
1,8,09:45,70,01:15,62,1,,,0.0,false,14.800000000000004,238.10892647130353,false
1,8,09:45,71,01:30,63,1,,,0.0,false,14.800000000000004,238.5662754531765,false
1,8,09:45,72,01:45,64,1,,,0.0,false,14.800000000000004,239.02362443504947,false
1,8,09:45,73,02:00,65,1,,,0.0,false,14.800000000000004,239.48097341692244,false
1,8,09:45,74,02:15,66,1,,,0.0,false,14.800000000000004,239.9383223987954,false
1,8,09:45,75,02:30,67,1,,,0.0,false,14.800000000000004,240.39567138066838,false
1,8,09:45,76,02:45,68,1,,,0.0,false,14.800000000000004,240.85302036254134,false
1,8,09:45,77,03:00,69,1,,,0.0,false,14.800000000000004,241.3103693444143,false
1,8,09:45,78,03:15,70,1,,,0.0,false,14.800000000000004,241.76771832628728,false
1,8,09:45,79,03:30,71,1,,,0.0,false,14.800000000000004,242.22506730816025,false
1,8,09:45,80,03:45,72,1,,,0.0,false,14.800000000000004,242.68241629003322,false
1,8,09:45,81,04:00,73,1,,,0.0,false,14.800000000000004,243.13976527190619,false
1,8,09:45,82,04:15,74,1,,,0.0,false,14.800000000000004,243.59711425377915,false
1,8,09:45,83,04:30,75,1,,,0.0,false,14.800000000000004,244.05446323565212,false
1,8,09:45,84,04:45,76,1,,,0.0,false,14.800000000000004,244.5118122175251,false
1,8,09:45,85,05:00,77,1,,,0.0,false,14.800000000000004,244.96916119939806,false
1,8,09:45,86,05:15,78,1,,,0.0,false,14.800000000000004,245.42651018127103,false
1,8,09:45,87,05:30,79,1,,,0.0,false,14.800000000000004,245.883859163144,false
1,8,09:45,88,05:45,80,1,,,0.0,false,14.800000000000004,246.34120814501696,false
1,8,09:45,89,06:00,81,1,,,0.0,false,14.800000000000004,246.79855712688993,false
1,8,09:45,90,06:15,82,1,,,0.0,false,14.800000000000004,247.2559061087629,false
1,8,09:45,91,06:30,83,1,,,0.0,false,14.800000000000004,247.71325509063587,false
1,8,09:45,92,06:45,84,1,,,0.0,false,14.800000000000004,248.17060407250884,false
1,8,09:45,93,07:00,85,1,,,0.0,false,14.800000000000004,248.6279530543818,false
1,8,09:45,94,07:15,86,1,,,0.0,false,14.8,249.08530203625477,false
1,8,09:45,95,07:30,87,1,,,0.0,false,14.8,249.542651018127,false
1,8,09:45,96,07:45,88,1,,,0.0,false,14.8,250.0,false
1,9,10:00,9,10:00,0,1,,Charging,-1.7763568394002505e-15,true,11.227700000000068,245.8339612188365,false
1,9,10:00,10,10:15,1,1,,Digging,4.792500000000004,false,10.029575000000067,245.8339612188365,true
1,9,10:00,11,10:30,2,1,,Charging,0.0,true,11.929575000000067,243.72869806094175,true
1,9,10:00,12,10:45,3,1,,Charging,-1.7763568394002505e-15,true,13.829575000000068,241.623434903047,true
1,9,10:00,13,11:00,4,1,,Loading/Swinging,3.1586,false,13.039925000000068,241.623434903047,true
1,9,10:00,14,11:15,5,1,,Traveling,4.710099999999997,false,11.862400000000068,241.623434903047,true
1,9,10:00,15,11:30,6,1,,Digging,4.7925,false,10.664275000000067,241.623434903047,false
1,9,10:00,16,11:45,7,1,,Digging,4.792500000000004,false,9.466150000000066,241.623434903047,false
1,9,10:00,17,12:00,8,1,,Charging,0.0,true,11.366150000000067,239.51817174515227,false
1,9,10:00,18,12:15,9,1,,,0.0,false,11.366150000000067,239.51817174515227,true
1,9,10:00,19,12:30,10,1,,,0.0,false,11.366150000000067,239.96138217594796,false
1,9,10:00,20,12:45,11,1,,,0.0,false,11.366150000000067,240.40459260674365,false
1,9,10:00,21,13:00,12,1,,,0.0,false,11.366150000000067,240.84780303753934,false
1,9,10:00,22,13:15,13,1,,,0.0,false,11.366150000000067,241.29101346833502,false
1,9,10:00,23,13:30,14,1,,,0.0,false,11.366150000000067,241.7342238991307,false
1,9,10:00,24,13:45,15,1,,,0.0,false,11.366150000000067,242.1774343299264,false
1,9,10:00,25,14:00,16,1,,Digging,4.792499999999997,false,10.168025000000068,242.62064476072212,false
1,9,10:00,26,14:15,17,1,,Digging,4.792499999999997,false,8.969900000000068,243.0638551915178,false
1,9,10:00,27,14:30,18,1,,Traveling,4.710100000000001,false,7.792375000000068,243.5070656223135,false
1,9,10:00,28,14:45,19,1,,Loading/Swinging,3.1586,false,7.002725000000068,243.95027605310918,false
1,9,10:00,29,15:00,20,1,,Idle,0.0,false,7.002725000000068,244.39348648390487,false
1,9,10:00,30,15:15,21,1,,Loading/Swinging,3.1586,false,6.213075000000068,244.83669691470055,true
1,9,10:00,31,15:30,22,1,,Loading/Swinging,3.1586,false,5.423425000000068,245.27990734549624,false
1,9,10:00,32,15:45,23,1,,Digging,4.7925,false,4.225300000000068,245.72311777629193,true
1,9,10:00,33,16:00,24,1,,Traveling,4.7101,false,3.047775000000068,245.72311777629193,false
1,9,10:00,34,16:15,25,1,,Charging,1.0658141036401503e-14,true,4.947775000000004,243.61785461839727,false
1,9,10:00,35,16:30,26,1,,Digging,4.7925,false,3.7496500000000035,243.61785461839727,true
1,9,10:00,36,16:45,27,1,,Loading/Swinging,3.1586,false,2.9600000000000035,243.61785461839727,false
1,9,10:00,37,17:00,28,1,,Charging,0.0,true,3.399999999999907,243.1303199923586,true
1,9,10:00,38,17:15,29,1,,Charging,0.0,true,5.2999999999999075,241.02505683446387,true
1,9,10:00,39,17:30,30,1,,Charging,0.0,true,7.199999999999907,238.91979367656913,true
1,9,10:00,40,17:45,31,1,,Charging,0.0,true,9.100000000000001,236.81453051867427,false
1,9,10:00,41,18:00,32,1,,Charging,0.0,true,11.000000000000002,234.70926736077953,false
1,9,10:00,42,18:15,33,1,,Charging,0.0,true,12.9,232.6040042028848,false
1,9,10:00,43,18:30,34,1,,Charging,0.0,true,14.8,230.49874104499006,false
1,9,10:00,44,18:45,35,1,,,0.0,false,14.8,230.49874104499006,true
1,9,10:00,45,19:00,36,1,,,0.0,false,14.8,230.49874104499006,true
1,9,10:00,46,19:15,37,1,,,0.0,false,14.8,230.49874104499006,false
1,9,10:00,47,19:30,38,1,,,0.0,false,14.8,230.49874104499006,false
1,9,10:00,48,19:45,39,1,,,0.0,false,14.8,230.49874104499006,false
1,9,10:00,49,20:00,40,1,,,0.0,false,14.8,230.49874104499006,false
1,9,10:00,50,20:15,41,1,,,0.0,false,14.8,230.49874104499006,false
1,9,10:00,51,20:30,42,1,,,0.0,false,14.8,230.49874104499006,false
1,9,10:00,52,20:45,43,1,,,0.0,false,14.8,230.49874104499006,false
1,9,10:00,53,21:00,44,1,,,0.0,false,14.8,230.94195147578574,false
1,9,10:00,54,21:15,45,1,,,0.0,false,14.8,231.38516190658143,false
1,9,10:00,55,21:30,46,1,,,0.0,false,14.8,231.82837233737712,false
1,9,10:00,56,21:45,47,1,,,0.0,false,14.8,232.2715827681728,false
1,9,10:00,57,22:00,48,1,,,0.0,false,14.8,232.7147931989685,false
1,9,10:00,58,22:15,49,1,,,0.0,false,14.8,233.15800362976418,false
1,9,10:00,59,22:30,50,1,,,0.0,false,14.8,233.60121406055987,false
1,9,10:00,60,22:45,51,1,,,0.0,false,14.8,234.04442449135556,false
1,9,10:00,61,23:00,52,1,,,0.0,false,14.8,234.48763492215124,false
1,9,10:00,62,23:15,53,1,,,0.0,false,14.8,234.93084535294693,false
1,9,10:00,63,23:30,54,1,,,0.0,false,14.8,235.37405578374262,false
1,9,10:00,64,23:45,55,1,,,0.0,false,14.8,235.8172662145383,false
1,9,10:00,65,00:00,56,1,,,0.0,false,14.8,236.260476645334,false
1,9,10:00,66,00:15,57,1,,,0.0,false,14.8,236.70368707612968,false
1,9,10:00,67,00:30,58,1,,,0.0,false,14.8,237.14689750692537,false
1,9,10:00,68,00:45,59,1,,,0.0,false,14.8,237.59010793772106,false
1,9,10:00,69,01:00,60,1,,,0.0,false,14.8,238.03331836851675,false
1,9,10:00,70,01:15,61,1,,,0.0,false,14.8,238.47652879931243,false
1,9,10:00,71,01:30,62,1,,,0.0,false,14.8,238.91973923010812,false
1,9,10:00,72,01:45,63,1,,,0.0,false,14.8,239.3629496609038,false
1,9,10:00,73,02:00,64,1,,,0.0,false,14.8,239.8061600916995,false
1,9,10:00,74,02:15,65,1,,,0.0,false,14.8,240.24937052249518,false
1,9,10:00,75,02:30,66,1,,,0.0,false,14.8,240.69258095329087,false
1,9,10:00,76,02:45,67,1,,,0.0,false,14.8,241.13579138408656,false
1,9,10:00,77,03:00,68,1,,,0.0,false,14.8,241.57900181488225,false
1,9,10:00,78,03:15,69,1,,,0.0,false,14.8,242.02221224567793,false
1,9,10:00,79,03:30,70,1,,,0.0,false,14.8,242.46542267647362,false
1,9,10:00,80,03:45,71,1,,,0.0,false,14.8,242.9086331072693,false
1,9,10:00,81,04:00,72,1,,,0.0,false,14.8,243.351843538065,false
1,9,10:00,82,04:15,73,1,,,0.0,false,14.8,243.79505396886069,false
1,9,10:00,83,04:30,74,1,,,0.0,false,14.8,244.23826439965637,false
1,9,10:00,84,04:45,75,1,,,0.0,false,14.8,244.68147483045206,false
1,9,10:00,85,05:00,76,1,,,0.0,false,14.8,245.12468526124775,false
1,9,10:00,86,05:15,77,1,,,0.0,false,14.8,245.56789569204344,false
1,9,10:00,87,05:30,78,1,,,0.0,false,14.8,246.01110612283912,false
1,9,10:00,88,05:45,79,1,,,0.0,false,14.8,246.4543165536348,false
1,9,10:00,89,06:00,80,1,,,0.0,false,14.8,246.8975269844305,false
1,9,10:00,90,06:15,81,1,,,0.0,false,14.8,247.3407374152262,false
1,9,10:00,91,06:30,82,1,,,0.0,false,14.8,247.78394784602187,false
1,9,10:00,92,06:45,83,1,,,0.0,false,14.8,248.22715827681756,false
1,9,10:00,93,07:00,84,1,,,0.0,false,14.8,248.67036870761325,false
1,9,10:00,94,07:15,85,1,,,0.0,false,14.8,249.11357913840894,false
1,9,10:00,95,07:30,86,1,,,0.0,false,14.8,249.55678956920428,false
1,9,10:00,96,07:45,87,1,,,0.0,false,14.8,250.0,false
1,10,10:15,10,10:15,0,1,,Charging,0.0,true,13.225586842105319,243.72869806094175,true
1,10,10:15,11,10:30,1,1,,Digging,4.792499999999997,false,12.02746184210532,243.72869806094175,true
1,10,10:15,12,10:45,2,1,,Charging,0.0,true,13.927461842105318,241.623434903047,false
1,10,10:15,13,11:00,3,1,,Digging,4.792499999999997,false,12.729336842105319,241.623434903047,true
1,10,10:15,14,11:15,4,1,,Traveling,4.7101,false,11.55181184210532,242.06477530151668,false
1,10,10:15,15,11:30,5,1,,Digging,4.792500000000004,false,10.353686842105319,242.50611569998634,false
1,10,10:15,16,11:45,6,1,,Digging,4.792500000000004,false,9.155561842105318,242.947456098456,false
1,10,10:15,17,12:00,7,1,,,0.0,false,9.155561842105318,243.38879649692566,true
1,10,10:15,18,12:15,8,1,,,0.0,false,9.155561842105318,243.83013689539533,false
1,10,10:15,19,12:30,9,1,,,0.0,false,9.155561842105318,244.271477293865,false
1,10,10:15,20,12:45,10,1,,,0.0,false,9.155561842105318,244.71281769233465,false
1,10,10:15,21,13:00,11,1,,,0.0,false,9.155561842105318,245.15415809080432,false
1,10,10:15,22,13:15,12,1,,,0.0,false,9.155561842105318,245.59549848927398,false
1,10,10:15,23,13:30,13,1,,,0.0,false,9.155561842105318,246.03683888774364,false
1,10,10:15,24,13:45,14,1,,,0.0,false,9.155561842105318,246.4781792862133,false
1,10,10:15,25,14:00,15,1,,Digging,4.7925,false,7.957436842105317,246.91951968468297,false
1,10,10:15,26,14:15,16,1,,Digging,4.792499999999983,false,6.759311842105322,247.36086008315263,false
1,10,10:15,27,14:30,17,1,,Traveling,4.710100000000008,false,5.58178684210532,247.8022004816223,false
1,10,10:15,28,14:45,18,1,,Digging,4.7925,false,4.38366184210532,247.8022004816223,true
1,10,10:15,29,15:00,19,1,,Charging,1.7763568394002505e-15,true,6.283661842105319,245.69693732372755,true
1,10,10:15,30,15:15,20,1,,Loading/Swinging,3.1586,false,5.4940118421053175,245.69693732372755,false
1,10,10:15,31,15:30,21,1,,Loading/Swinging,3.1585999999999963,false,4.704361842105318,245.69693732372755,false
1,10,10:15,32,15:45,22,1,,Charging,0.0,true,6.604361842105321,243.5916741658329,true
1,10,10:15,33,16:00,23,1,,Loading/Swinging,3.1586,false,5.814711842105321,243.5916741658329,true
1,10,10:15,34,16:15,24,1,,Traveling,4.710100000000004,false,4.63718684210532,243.5916741658329,true
1,10,10:15,35,16:30,25,1,,Loading/Swinging,3.1586,false,3.8475368421053204,243.5916741658329,true
1,10,10:15,36,16:45,26,1,,Loading/Swinging,3.1586000000000034,false,3.0578868421053196,243.5916741658329,false
1,10,10:15,37,17:00,27,1,,Charging,0.0,true,4.957886842105319,241.48641100793816,false
1,10,10:15,38,17:15,28,1,,Charging,0.0,true,6.857886842105319,239.38114785004342,false
1,10,10:15,39,17:30,29,1,,Charging,0.0,true,8.75788684210532,237.27588469214868,false
1,10,10:15,40,17:45,30,1,,Charging,0.0,true,10.65788684210532,235.17062153425394,false
1,10,10:15,41,18:00,31,1,,Charging,0.0,true,12.557886842105319,233.0653583763592,false
1,10,10:15,42,18:15,32,1,,,0.0,false,12.557886842105319,233.0653583763592,true
1,10,10:15,43,18:30,33,1,,Charging,0.0,true,14.45788684210532,230.96009521846446,false
1,10,10:15,44,18:45,34,1,,Charging,0.0,true,14.8,230.58102246733463,true
1,10,10:15,45,19:00,35,1,,,0.0,false,14.8,230.58102246733463,false
1,10,10:15,46,19:15,36,1,,,0.0,false,14.8,230.58102246733463,false
1,10,10:15,47,19:30,37,1,,,0.0,false,14.8,230.58102246733463,false
1,10,10:15,48,19:45,38,1,,,0.0,false,14.8,230.58102246733463,false
1,10,10:15,49,20:00,39,1,,,0.0,false,14.8,230.58102246733463,false
1,10,10:15,50,20:15,40,1,,,0.0,false,14.8,230.58102246733463,false
1,10,10:15,51,20:30,41,1,,,0.0,false,14.8,230.58102246733463,false
1,10,10:15,52,20:45,42,1,,,0.0,false,14.8,230.58102246733463,false
1,10,10:15,53,21:00,43,1,,,0.0,false,14.8,231.0223628658043,false
1,10,10:15,54,21:15,44,1,,,0.0,false,14.8,231.46370326427396,false
1,10,10:15,55,21:30,45,1,,,0.0,false,14.8,231.90504366274362,false
1,10,10:15,56,21:45,46,1,,,0.0,false,14.8,232.34638406121329,false
1,10,10:15,57,22:00,47,1,,,0.0,false,14.8,232.78772445968295,false
1,10,10:15,58,22:15,48,1,,,0.0,false,14.8,233.2290648581526,false
1,10,10:15,59,22:30,49,1,,,0.0,false,14.8,233.67040525662227,false
1,10,10:15,60,22:45,50,1,,,0.0,false,14.8,234.11174565509194,false
1,10,10:15,61,23:00,51,1,,,0.0,false,14.8,234.5530860535616,false
1,10,10:15,62,23:15,52,1,,,0.0,false,14.8,234.99442645203126,false
1,10,10:15,63,23:30,53,1,,,0.0,false,14.8,235.43576685050093,false
1,10,10:15,64,23:45,54,1,,,0.0,false,14.8,235.8771072489706,false
1,10,10:15,65,00:00,55,1,,,0.0,false,14.8,236.31844764744025,false
1,10,10:15,66,00:15,56,1,,,0.0,false,14.8,236.75978804590991,false
1,10,10:15,67,00:30,57,1,,,0.0,false,14.8,237.20112844437958,false
1,10,10:15,68,00:45,58,1,,,0.0,false,14.8,237.64246884284924,false
1,10,10:15,69,01:00,59,1,,,0.0,false,14.8,238.0838092413189,false
1,10,10:15,70,01:15,60,1,,,0.0,false,14.8,238.52514963978857,false
1,10,10:15,71,01:30,61,1,,,0.0,false,14.8,238.96649003825823,false
1,10,10:15,72,01:45,62,1,,,0.0,false,14.8,239.4078304367279,false
1,10,10:15,73,02:00,63,1,,,0.0,false,14.8,239.84917083519755,false
1,10,10:15,74,02:15,64,1,,,0.0,false,14.8,240.29051123366722,false
1,10,10:15,75,02:30,65,1,,,0.0,false,14.8,240.73185163213688,false
1,10,10:15,76,02:45,66,1,,,0.0,false,14.8,241.17319203060654,false
1,10,10:15,77,03:00,67,1,,,0.0,false,14.8,241.6145324290762,false
1,10,10:15,78,03:15,68,1,,,0.0,false,14.8,242.05587282754587,false
1,10,10:15,79,03:30,69,1,,,0.0,false,14.8,242.49721322601553,false
1,10,10:15,80,03:45,70,1,,,0.0,false,14.8,242.9385536244852,false
1,10,10:15,81,04:00,71,1,,,0.0,false,14.8,243.37989402295486,false
1,10,10:15,82,04:15,72,1,,,0.0,false,14.8,243.82123442142452,false
1,10,10:15,83,04:30,73,1,,,0.0,false,14.8,244.26257481989418,false
1,10,10:15,84,04:45,74,1,,,0.0,false,14.8,244.70391521836385,false
1,10,10:15,85,05:00,75,1,,,0.0,false,14.8,245.1452556168335,false
1,10,10:15,86,05:15,76,1,,,0.0,false,14.8,245.58659601530317,false
1,10,10:15,87,05:30,77,1,,,0.0,false,14.8,246.02793641377284,false
1,10,10:15,88,05:45,78,1,,,0.0,false,14.8,246.4692768122425,false
1,10,10:15,89,06:00,79,1,,,0.0,false,14.8,246.91061721071216,false
1,10,10:15,90,06:15,80,1,,,0.0,false,14.8,247.35195760918182,false
1,10,10:15,91,06:30,81,1,,,0.0,false,14.8,247.7932980076515,false
1,10,10:15,92,06:45,82,1,,,0.0,false,14.8,248.23463840612115,false
1,10,10:15,93,07:00,83,1,,,0.0,false,14.8,248.6759788045908,false
1,10,10:15,94,07:15,84,1,,,0.0,false,14.8,249.11731920306048,false
1,10,10:15,95,07:30,85,1,,,0.0,false,14.8,249.5586596015303,false
1,10,10:15,96,07:45,86,1,,,0.0,false,14.8,250.0,false
1,11,10:30,11,10:30,0,1,,Digging,4.792500000000004,false,12.094336842105317,243.72869806094175,false
1,11,10:30,12,10:45,1,1,,Charging,0.0,true,13.829575000000002,241.80599650094763,false
1,11,10:30,13,11:00,2,1,,Digging,4.7925,false,12.631450000000001,241.80599650094763,false
1,11,10:30,14,11:15,3,1,,Traveling,4.710099999999997,false,11.453925000000002,242.2460593179864,false
1,11,10:30,15,11:30,4,1,,Digging,4.7925,false,10.2558,242.6861221350252,false
1,11,10:30,16,11:45,5,1,,Digging,4.792499999999997,false,9.057675000000001,243.12618495206397,false
1,11,10:30,17,12:00,6,1,,,0.0,false,9.057675000000001,243.56624776910274,false
1,11,10:30,18,12:15,7,1,,,0.0,false,9.057675000000001,244.00631058614152,false
1,11,10:30,19,12:30,8,1,,,0.0,false,9.057675,244.4463734031803,false
1,11,10:30,20,12:45,9,1,,,0.0,false,9.057675,244.88643622021908,false
1,11,10:30,21,13:00,10,1,,,0.0,false,9.057675,245.32649903725786,false
1,11,10:30,22,13:15,11,1,,,0.0,false,9.057675,245.76656185429664,false
1,11,10:30,23,13:30,12,1,,,0.0,false,9.057675,246.20662467133542,false
1,11,10:30,24,13:45,13,1,,,0.0,false,9.057675,246.6466874883742,false
1,11,10:30,25,14:00,14,1,,Digging,4.792499999999997,false,7.8595500000000005,247.08675030541298,false
1,11,10:30,26,14:15,15,1,,Digging,4.7925,false,6.661425,247.52681312245176,false
1,11,10:30,27,14:30,16,1,,Traveling,4.7101,false,5.4839,247.96687593949054,false
1,11,10:30,28,14:45,17,1,,Digging,4.7925,false,4.285775,247.96687593949054,false
1,11,10:30,29,15:00,18,1,,Charging,0.0,true,6.185775,245.8616127815958,false
1,11,10:30,30,15:15,19,1,,Loading/Swinging,3.1586,false,5.396125,245.8616127815958,false
1,11,10:30,31,15:30,20,1,,Loading/Swinging,3.1586,false,4.606475,245.8616127815958,false
1,11,10:30,32,15:45,21,1,,Charging,-1.7763568394002505e-15,true,6.506475,243.75634962370106,false
1,11,10:30,33,16:00,22,1,,Loading/Swinging,3.1586,false,5.716825,243.75634962370106,false
1,11,10:30,34,16:15,23,1,,Traveling,4.710100000000001,false,4.5393,243.75634962370106,false
1,11,10:30,35,16:30,24,1,,Loading/Swinging,3.1586,false,3.74965,243.75634962370106,false
1,11,10:30,36,16:45,25,1,,Loading/Swinging,3.1586,false,2.96,243.75634962370106,false
1,11,10:30,37,17:00,26,1,,Charging,0.0,true,3.4000000000000017,243.26881499766228,false
1,11,10:30,38,17:15,27,1,,Charging,0.0,true,5.300000000000002,241.16355183976754,false
1,11,10:30,39,17:30,28,1,,Charging,0.0,true,7.200000000000001,239.0582886818728,false
1,11,10:30,40,17:45,29,1,,Charging,0.0,true,9.100000000000001,236.95302552397808,false
1,11,10:30,41,18:00,30,1,,Charging,0.0,true,11.000000000000002,234.84776236608334,false
1,11,10:30,42,18:15,31,1,,Charging,0.0,true,12.899999999999999,232.7424992081886,true
1,11,10:30,43,18:30,32,1,,Charging,0.0,true,14.799999999999999,230.63723605029386,false
1,11,10:30,44,18:45,33,1,,,0.0,false,14.8,230.63723605029386,true
1,11,10:30,45,19:00,34,1,,,0.0,false,14.8,230.63723605029386,false
1,11,10:30,46,19:15,35,1,,,0.0,false,14.8,230.63723605029386,false
1,11,10:30,47,19:30,36,1,,,0.0,false,14.8,230.63723605029384,false
1,11,10:30,48,19:45,37,1,,,0.0,false,14.8,230.63723605029384,false
1,11,10:30,49,20:00,38,1,,,0.0,false,14.8,230.63723605029384,false
1,11,10:30,50,20:15,39,1,,,0.0,false,14.8,230.63723605029384,false
1,11,10:30,51,20:30,40,1,,,0.0,false,14.8,230.63723605029384,false
1,11,10:30,52,20:45,41,1,,,0.0,false,14.8,230.63723605029384,false
1,11,10:30,53,21:00,42,1,,,0.0,false,14.8,231.07729886733262,false
1,11,10:30,54,21:15,43,1,,,0.0,false,14.8,231.5173616843714,false
1,11,10:30,55,21:30,44,1,,,0.0,false,14.8,231.95742450141017,false
1,11,10:30,56,21:45,45,1,,,0.0,false,14.8,232.39748731844892,false
1,11,10:30,57,22:00,46,1,,,0.0,false,14.8,232.8375501354877,false
1,11,10:30,58,22:15,47,1,,,0.0,false,14.8,233.27761295252648,false
1,11,10:30,59,22:30,48,1,,,0.0,false,14.8,233.71767576956526,false
1,11,10:30,60,22:45,49,1,,,0.0,false,14.8,234.15773858660404,false
1,11,10:30,61,23:00,50,1,,,0.0,false,14.8,234.59780140364282,false
1,11,10:30,62,23:15,51,1,,,0.0,false,14.8,235.0378642206816,false
1,11,10:30,63,23:30,52,1,,,0.0,false,14.8,235.47792703772038,false
1,11,10:30,64,23:45,53,1,,,0.0,false,14.8,235.91798985475916,false
1,11,10:30,65,00:00,54,1,,,0.0,false,14.8,236.3580526717979,false
1,11,10:30,66,00:15,55,1,,,0.0,false,14.8,236.7981154888367,false
1,11,10:30,67,00:30,56,1,,,0.0,false,14.8,237.23817830587546,false
1,11,10:30,68,00:45,57,1,,,0.0,false,14.8,237.67824112291424,false
1,11,10:30,69,01:00,58,1,,,0.0,false,14.8,238.11830393995302,false
1,11,10:30,70,01:15,59,1,,,0.0,false,14.8,238.5583667569918,false
1,11,10:30,71,01:30,60,1,,,0.0,false,14.8,238.99842957403058,false
1,11,10:30,72,01:45,61,1,,,0.0,false,14.8,239.43849239106936,false
1,11,10:30,73,02:00,62,1,,,0.0,false,14.8,239.87855520810814,false
1,11,10:30,74,02:15,63,1,,,0.0,false,14.8,240.3186180251469,false
1,11,10:30,75,02:30,64,1,,,0.0,false,14.8,240.75868084218567,false
1,11,10:30,76,02:45,65,1,,,0.0,false,14.8,241.19874365922445,false
1,11,10:30,77,03:00,66,1,,,0.0,false,14.8,241.63880647626323,false
1,11,10:30,78,03:15,67,1,,,0.0,false,14.8,242.078869293302,false
1,11,10:30,79,03:30,68,1,,,0.0,false,14.8,242.51893211034078,false
1,11,10:30,80,03:45,69,1,,,0.0,false,14.8,242.95899492737956,false
1,11,10:30,81,04:00,70,1,,,0.0,false,14.8,243.39905774441834,false
1,11,10:30,82,04:15,71,1,,,0.0,false,14.8,243.83912056145712,false
1,11,10:30,83,04:30,72,1,,,0.0,false,14.8,244.27918337849587,false
1,11,10:30,84,04:45,73,1,,,0.0,false,14.8,244.71924619553465,false
1,11,10:30,85,05:00,74,1,,,0.0,false,14.8,245.15930901257343,false
1,11,10:30,86,05:15,75,1,,,0.0,false,14.8,245.5993718296122,false
1,11,10:30,87,05:30,76,1,,,0.0,false,14.8,246.039434646651,false
1,11,10:30,88,05:45,77,1,,,0.0,false,14.8,246.47949746368977,false
1,11,10:30,89,06:00,78,1,,,0.0,false,14.8,246.91956028072855,false
1,11,10:30,90,06:15,79,1,,,0.0,false,14.8,247.35962309776733,false
1,11,10:30,91,06:30,80,1,,,0.0,false,14.8,247.7996859148061,false
1,11,10:30,92,06:45,81,1,,,0.0,false,14.8,248.23974873184488,false
1,11,10:30,93,07:00,82,1,,,0.0,false,14.8,248.67981154888366,false
1,11,10:30,94,07:15,83,1,,,0.0,false,14.8,249.11987436592244,false
1,11,10:30,95,07:30,84,1,,,0.0,false,14.8,249.55993718296122,false
1,11,10:30,96,07:45,85,1,,,0.0,false,14.8,250.0,false
1,12,10:45,12,10:45,0,1,,Digging,4.792500000004685,false,10.759611842103878,243.72869806094204,true
1,12,10:45,13,11:00,1,1,,Charging,-9.2192919964873e-13,true,12.659611842105761,241.62343490304548,true
1,12,10:45,14,11:15,2,1,,Traveling,4.7101,false,11.482086842105762,241.62343490304548,false
1,12,10:45,15,11:30,3,1,,Digging,4.792499999999926,false,10.28396184210578,241.62343490304548,false
1,12,10:45,16,11:45,4,1,,Digging,4.792499999998938,false,9.085836842106046,241.62343490304548,false
1,12,10:45,17,12:00,5,1,,Charging,0.0,true,10.985836842106046,239.51817174515074,true
1,12,10:45,18,12:15,6,1,,,0.0,false,10.985836842106046,239.51817174515074,false
1,12,10:45,19,12:30,7,1,,,0.0,false,10.985836842106046,239.9608441715123,false
1,12,10:45,20,12:45,8,1,,,0.0,false,10.985836842106046,240.40351659787385,false
1,12,10:45,21,13:00,9,1,,,0.0,false,10.985836842106046,240.8461890242354,false
1,12,10:45,22,13:15,10,1,,,0.0,false,10.985836842106046,241.28886145059695,false
1,12,10:45,23,13:30,11,1,,,0.0,false,10.985836842106046,241.7315338769585,false
1,12,10:45,24,13:45,12,1,,,0.0,false,10.985836842106046,242.17420630332006,false
1,12,10:45,25,14:00,13,1,,Digging,4.792500000000004,false,9.787711842106045,242.61687872968162,false
1,12,10:45,26,14:15,14,1,,Digging,4.792500000000588,false,8.589586842105899,243.05955115604317,false
1,12,10:45,27,14:30,15,1,,Traveling,4.710099999999734,false,7.412061842105965,243.50222358240472,false
1,12,10:45,28,14:45,16,1,,Loading/Swinging,3.158599999999532,false,6.622411842106082,243.94489600876628,true
1,12,10:45,29,15:00,17,1,,Idle,0.0,false,6.622411842106082,244.38756843512783,true
1,12,10:45,30,15:15,18,1,,Loading/Swinging,3.1585999999997263,false,5.832761842104848,244.8302408614894,false
1,12,10:45,31,15:30,19,1,,Loading/Swinging,3.1586000000020142,false,5.043111842104344,245.27291328785094,false
1,12,10:45,32,15:45,20,1,,Loading/Swinging,3.158599999999767,false,4.253461842104402,245.7155857142125,true
1,12,10:45,33,16:00,21,1,,Traveling,4.710100000002175,false,3.075936842103858,245.7155857142125,true
1,12,10:45,34,16:15,22,1,,Charging,-8.329337219947774e-12,true,4.9759368421059404,243.61032255631775,true
1,12,10:45,35,16:30,23,1,,Digging,4.7925000000004925,false,3.7778118421058173,243.61032255631775,true
1,12,10:45,36,16:45,24,1,,Loading/Swinging,3.1586000000025063,false,2.9881618421051908,243.61032255631775,false
1,12,10:45,37,17:00,25,1,,Charging,0.0,true,4.8881618421051884,241.50505939842301,false
1,12,10:45,38,17:15,26,1,,Charging,0.0,true,6.788161842101168,239.39979624053274,false
1,12,10:45,39,17:30,27,1,,Charging,0.0,true,8.688161842108629,237.29453308262973,false
1,12,10:45,40,17:45,28,1,,Charging,0.0,true,10.588161842108642,235.189269924735,false
1,12,10:45,41,18:00,29,1,,Charging,0.0,true,12.488161842108642,233.08400676684025,false
1,12,10:45,42,18:15,30,1,,Charging,0.0,true,14.388161842108632,230.97874360894554,false
1,12,10:45,43,18:30,31,1,,Charging,0.0,true,14.79999999999938,230.5224132400915,false
1,12,10:45,44,18:45,32,1,,,0.0,false,14.79999999999938,230.5224132400915,false
1,12,10:45,45,19:00,33,1,,,0.0,false,14.79999999999938,230.5224132400915,false
1,12,10:45,46,19:15,34,1,,,0.0,false,14.79999999999938,230.5224132400915,false
1,12,10:45,47,19:30,35,1,,,0.0,false,14.79999999999938,230.5224132400915,false
1,12,10:45,48,19:45,36,1,,,0.0,false,14.79999999999938,230.5224132400915,false
1,12,10:45,49,20:00,37,1,,,0.0,false,14.79999999999938,230.5224132400915,false
1,12,10:45,50,20:15,38,1,,,0.0,false,14.79999999999938,230.5224132400915,false
1,12,10:45,51,20:30,39,1,,,0.0,false,14.79999999999938,230.5224132400915,false
1,12,10:45,52,20:45,40,1,,,0.0,false,14.8,230.5224132400915,false
1,12,10:45,53,21:00,41,1,,,0.0,false,14.8,230.96508566645306,false
1,12,10:45,54,21:15,42,1,,,0.0,false,14.8,231.40775809281462,false
1,12,10:45,55,21:30,43,1,,,0.0,false,14.8,231.85043051917617,false
1,12,10:45,56,21:45,44,1,,,0.0,false,14.8,232.29310294553773,false
1,12,10:45,57,22:00,45,1,,,0.0,false,14.8,232.73577537189928,false
1,12,10:45,58,22:15,46,1,,,0.0,false,14.8,233.17844779826083,false
1,12,10:45,59,22:30,47,1,,,0.0,false,14.8,233.6211202246224,false
1,12,10:45,60,22:45,48,1,,,0.0,false,14.8,234.06379265098394,false
1,12,10:45,61,23:00,49,1,,,0.0,false,14.8,234.5064650773455,false
1,12,10:45,62,23:15,50,1,,,0.0,false,14.8,234.94913750370705,false
1,12,10:45,63,23:30,51,1,,,0.0,false,14.8,235.3918099300686,false
1,12,10:45,64,23:45,52,1,,,0.0,false,14.8,235.83448235643016,false
1,12,10:45,65,00:00,53,1,,,0.0,false,14.8,236.2771547827917,false
1,12,10:45,66,00:15,54,1,,,0.0,false,14.8,236.71982720915327,false
1,12,10:45,67,00:30,55,1,,,0.0,false,14.8,237.16249963551482,false
1,12,10:45,68,00:45,56,1,,,0.0,false,14.8,237.60517206187637,false
1,12,10:45,69,01:00,57,1,,,0.0,false,14.8,238.04784448823793,false
1,12,10:45,70,01:15,58,1,,,0.0,false,14.8,238.49051691459948,false
1,12,10:45,71,01:30,59,1,,,0.0,false,14.8,238.93318934096104,false
1,12,10:45,72,01:45,60,1,,,0.0,false,14.8,239.3758617673226,false
1,12,10:45,73,02:00,61,1,,,0.0,false,14.8,239.81853419368414,false
1,12,10:45,74,02:15,62,1,,,0.0,false,14.8,240.2612066200457,false
1,12,10:45,75,02:30,63,1,,,0.0,false,14.8,240.70387904640725,false
1,12,10:45,76,02:45,64,1,,,0.0,false,14.8,241.1465514727688,false
1,12,10:45,77,03:00,65,1,,,0.0,false,14.8,241.58922389913036,false
1,12,10:45,78,03:15,66,1,,,0.0,false,14.8,242.0318963254919,false
1,12,10:45,79,03:30,67,1,,,0.0,false,14.8,242.47456875185347,false
1,12,10:45,80,03:45,68,1,,,0.0,false,14.8,242.91724117821502,false
1,12,10:45,81,04:00,69,1,,,0.0,false,14.8,243.35991360457658,false
1,12,10:45,82,04:15,70,1,,,0.0,false,14.8,243.80258603093813,false
1,12,10:45,83,04:30,71,1,,,0.0,false,14.8,244.24525845729968,false
1,12,10:45,84,04:45,72,1,,,0.0,false,14.8,244.68793088366124,false
1,12,10:45,85,05:00,73,1,,,0.0,false,14.8,245.1306033100228,false
1,12,10:45,86,05:15,74,1,,,0.0,false,14.8,245.57327573638435,false
1,12,10:45,87,05:30,75,1,,,0.0,false,14.8,246.0159481627459,false
1,12,10:45,88,05:45,76,1,,,0.0,false,14.8,246.45862058910745,false
1,12,10:45,89,06:00,77,1,,,0.0,false,14.8,246.901293015469,false
1,12,10:45,90,06:15,78,1,,,0.0,false,14.8,247.34396544183056,false
1,12,10:45,91,06:30,79,1,,,0.0,false,14.8,247.78663786819212,false
1,12,10:45,92,06:45,80,1,,,0.0,false,14.8,248.22931029455367,false
1,12,10:45,93,07:00,81,1,,,0.0,false,14.8,248.67198272091522,false
1,12,10:45,94,07:15,82,1,,,0.0,false,14.8,249.11465514727678,false
1,12,10:45,95,07:30,83,1,,,0.0,false,14.8,249.55732757363842,false
1,12,10:45,96,07:45,84,1,,,0.0,false,14.8,250.0,false
1,13,11:00,13,11:00,0,1,,Charging,-1.7763568394002505e-15,true,12.717011842105036,241.6234349030473,false
1,13,11:00,14,11:15,1,1,,Traveling,4.710099999999905,false,11.53948684210506,241.6234349030473,false
1,13,11:00,15,11:30,2,1,,Digging,4.792500000000021,false,10.341361842105055,241.6234349030473,false
1,13,11:00,16,11:45,3,1,,Digging,4.7925,false,9.143236842105054,241.62343490304727,false
1,13,11:00,17,12:00,4,1,,Charging,0.0,true,11.043236842105054,239.51817174515253,false
1,13,11:00,18,12:15,5,1,,,0.0,false,11.043236842105054,239.51817174515253,false
1,13,11:00,19,12:30,6,1,,,0.0,false,11.043236842105047,239.9597476006859,false
1,13,11:00,20,12:45,7,1,,,0.0,false,11.043236842105047,240.40132345621927,false
1,13,11:00,21,13:00,8,1,,,0.0,false,11.043236842105047,240.84289931175266,false
1,13,11:00,22,13:15,9,1,,,0.0,false,11.043236842105047,241.28447516728605,false
1,13,11:00,23,13:30,10,1,,,0.0,false,11.043236842105049,241.72605102281943,false
1,13,11:00,24,13:45,11,1,,,0.0,false,11.043236842105049,242.16762687835282,false
1,13,11:00,25,14:00,12,1,,Digging,4.7925,false,9.845111842105048,242.6092027338862,false
1,13,11:00,26,14:15,13,1,,Digging,4.792499999999919,false,8.646986842105068,243.0507785894196,false
1,13,11:00,27,14:30,14,1,,Traveling,4.710100000000287,false,7.469461842104948,243.49235444495298,false
1,13,11:00,28,14:45,15,1,,Loading/Swinging,3.1585999999991827,false,6.679811842105153,243.93393030048637,false
1,13,11:00,29,15:00,16,1,,Idle,-1.2169258267747036e-12,false,6.679811842105463,244.37550615601975,false
1,13,11:00,30,15:15,17,1,,Loading/Swinging,3.15860000000351,false,5.890161842104585,244.81708201155314,false
1,13,11:00,31,15:30,18,1,,Loading/Swinging,3.158600000001146,false,5.100511842104298,245.25865786708653,false
1,13,11:00,32,15:45,19,1,,Loading/Swinging,3.15859999999784,false,4.310861842104838,245.7002337226199,false
1,13,11:00,33,16:00,20,1,,Traveling,4.710099999999937,false,3.1333368421050207,245.7002337226199,false
1,13,11:00,34,16:15,21,1,,Charging,0.0,true,5.033336842104806,243.59497056472517,false
1,13,11:00,35,16:30,22,1,,Loading/Swinging,3.1586000000007637,false,4.243686842104615,243.59497056472517,true
1,13,11:00,36,16:45,23,1,,Digging,4.792500000000122,false,3.0455618421049366,243.59497056472517,true
1,13,11:00,37,17:00,24,1,,Charging,0.0,true,4.9455618421049365,241.48970740683043,false
1,13,11:00,38,17:15,25,1,,Charging,0.0,true,6.845561842104937,239.3844442489357,false
1,13,11:00,39,17:30,26,1,,Charging,0.0,true,8.745561842104935,237.27918109104095,false
1,13,11:00,40,17:45,27,1,,Charging,0.0,true,9.09999999999993,236.88645183021546,false
1,13,11:00,41,18:00,28,1,,Charging,0.0,true,10.99999999999993,234.78118867232072,false
1,13,11:00,42,18:15,29,1,,Charging,0.0,true,12.899999999999931,232.67592551442598,false
1,13,11:00,43,18:30,30,1,,Charging,0.0,true,14.799999999999931,230.57066235653124,false
1,13,11:00,44,18:45,31,1,,,0.0,false,14.799999999999931,230.57066235653124,false
1,13,11:00,45,19:00,32,1,,,0.0,false,14.799999999999931,230.57066235653124,false
1,13,11:00,46,19:15,33,1,,,0.0,false,14.799999999999994,230.57066235653124,false
1,13,11:00,47,19:30,34,1,,,0.0,false,14.799999999999994,230.57066235653124,false
1,13,11:00,48,19:45,35,1,,,0.0,false,14.799999999999994,230.57066235653124,false
1,13,11:00,49,20:00,36,1,,,0.0,false,14.799999999999994,230.57066235653124,false
1,13,11:00,50,20:15,37,1,,,0.0,false,14.799999999999994,230.57066235653124,false
1,13,11:00,51,20:30,38,1,,,0.0,false,14.799999999999994,230.57066235653124,false
1,13,11:00,52,20:45,39,1,,,0.0,false,14.799999999999994,230.57066235653124,false
1,13,11:00,53,21:00,40,1,,,0.0,false,14.799999999999994,231.01223821206466,false
1,13,11:00,54,21:15,41,1,,,0.0,false,14.799999999999994,231.45381406759805,false
1,13,11:00,55,21:30,42,1,,,0.0,false,14.799999999999994,231.89538992313143,false
1,13,11:00,56,21:45,43,1,,,0.0,false,14.799999999999994,232.33696577866482,false
1,13,11:00,57,22:00,44,1,,,0.0,false,14.799999999999994,232.7785416341982,false
1,13,11:00,58,22:15,45,1,,,0.0,false,14.799999999999994,233.2201174897316,false
1,13,11:00,59,22:30,46,1,,,0.0,false,14.799999999999994,233.66169334526498,false
1,13,11:00,60,22:45,47,1,,,0.0,false,14.799999999999994,234.10326920079837,false
1,13,11:00,61,23:00,48,1,,,0.0,false,14.799999999999994,234.54484505633164,false
1,13,11:00,62,23:15,49,1,,,0.0,false,14.799999999999994,234.98642091186503,false
1,13,11:00,63,23:30,50,1,,,0.0,false,14.799999999999994,235.4279967673984,false
1,13,11:00,64,23:45,51,1,,,0.0,false,14.799999999999994,235.8695726229318,false
1,13,11:00,65,00:00,52,1,,,0.0,false,14.799999999999994,236.31114847846516,false
1,13,11:00,66,00:15,53,1,,,0.0,false,14.799999999999994,236.75272433399854,false
1,13,11:00,67,00:30,54,1,,,0.0,false,14.799999999999985,237.19430018953193,false
1,13,11:00,68,00:45,55,1,,,0.0,false,14.799999999999985,237.63587604506532,false
1,13,11:00,69,01:00,56,1,,,0.0,false,14.799999999999985,238.0774519005987,false
1,13,11:00,70,01:15,57,1,,,0.0,false,14.799999999999985,238.51902775613206,false
1,13,11:00,71,01:30,58,1,,,0.0,false,14.799999999999985,238.96060361166545,false
1,13,11:00,72,01:45,59,1,,,0.0,false,14.799999999999985,239.40217946719883,false
1,13,11:00,73,02:00,60,1,,,0.0,false,14.799999999999985,239.84375532273222,false
1,13,11:00,74,02:15,61,1,,,0.0,false,14.799999999999985,240.2853311782656,false
1,13,11:00,75,02:30,62,1,,,0.0,false,14.799999999999985,240.726907033799,false
1,13,11:00,76,02:45,63,1,,,0.0,false,14.799999999999985,241.16848288933235,false
1,13,11:00,77,03:00,64,1,,,0.0,false,14.799999999999985,241.61005874486574,false
1,13,11:00,78,03:15,65,1,,,0.0,false,14.799999999999985,242.05163460039913,false
1,13,11:00,79,03:30,66,1,,,0.0,false,14.799999999999985,242.4932104559325,false
1,13,11:00,80,03:45,67,1,,,0.0,false,14.799999999999985,242.9347863114659,false
1,13,11:00,81,04:00,68,1,,,0.0,false,14.799999999999985,243.3763621669993,false
1,13,11:00,82,04:15,69,1,,,0.0,false,14.799999999999988,243.81793802253264,false
1,13,11:00,83,04:30,70,1,,,0.0,false,14.799999999999988,244.25951387806603,false
1,13,11:00,84,04:45,71,1,,,0.0,false,14.799999999999988,244.70108973359942,false
1,13,11:00,85,05:00,72,1,,,0.0,false,14.799999999999988,245.1426655891328,false
1,13,11:00,86,05:15,73,1,,,0.0,false,14.799999999999988,245.5842414446662,false
1,13,11:00,87,05:30,74,1,,,0.0,false,14.799999999999988,246.02581730019955,false
1,13,11:00,88,05:45,75,1,,,0.0,false,14.799999999999988,246.46739315573294,false
1,13,11:00,89,06:00,76,1,,,0.0,false,14.799999999999986,246.90896901126632,false
1,13,11:00,90,06:15,77,1,,,0.0,false,14.799999999999986,247.3505448667997,false
1,13,11:00,91,06:30,78,1,,,0.0,false,14.799999999999992,247.7921207223331,false
1,13,11:00,92,06:45,79,1,,,0.0,false,14.799999999999992,248.23369657786648,false
1,13,11:00,93,07:00,80,1,,,0.0,false,14.799999999999992,248.67527243339987,false
1,13,11:00,94,07:15,81,1,,,0.0,false,14.8,249.1168482889332,false
1,13,11:00,95,07:30,82,1,,,0.0,false,14.8,249.55842414446658,false
1,13,11:00,96,07:45,83,1,,,0.0,false,14.8,250.0,false
1,14,11:15,14,11:15,0,1,,Traveling,4.710099999999997,false,11.639486842105036,241.6234349030473,false
1,14,11:15,15,11:30,1,1,,Loading/Swinging,3.1586,false,10.849836842105036,241.6234349030473,true
1,14,11:15,16,11:45,2,1,,Digging,4.792499999999997,false,9.651711842105037,241.6234349030473,false
1,14,11:15,17,12:00,3,1,,Charging,0.0,true,11.551711842105037,239.51817174515256,false
1,14,11:15,18,12:15,4,1,,,0.0,false,11.551711842105037,239.51817174515256,false
1,14,11:15,19,12:30,5,1,,,0.0,false,11.551711842105037,239.9578371985463,false
1,14,11:15,20,12:45,6,1,,,0.0,false,11.551711842105037,240.39750265194002,false
1,14,11:15,21,13:00,7,1,,,0.0,false,11.551711842105037,240.83716810533375,false
1,14,11:15,22,13:15,8,1,,,0.0,false,11.551711842105037,241.27683355872747,false
1,14,11:15,23,13:30,9,1,,,0.0,false,11.551711842105037,241.7164990121212,false
1,14,11:15,24,13:45,10,1,,,0.0,false,11.551711842105036,242.15616446551493,false
1,14,11:15,25,14:00,11,1,,Digging,4.792500000000004,false,10.353586842105035,242.59582991890866,false
1,14,11:15,26,14:15,12,1,,Digging,4.792499999999929,false,9.155461842105051,243.0354953723024,false
1,14,11:15,27,14:30,13,1,,Traveling,4.7100999999998585,false,7.977936842105087,243.47516082569612,false
1,14,11:15,28,14:45,14,1,,Digging,4.792500000000332,false,6.779811842105003,243.91482627908985,true
1,14,11:15,29,15:00,15,1,,Idle,0.0,false,6.779811842105003,244.35449173248358,false
1,14,11:15,30,15:15,16,1,,Loading/Swinging,3.158599999999806,false,5.990161842105052,244.7941571858773,false
1,14,11:15,31,15:30,17,1,,Loading/Swinging,3.1586,false,5.200511842105052,245.23382263927104,false
1,14,11:15,32,15:45,18,1,,Loading/Swinging,3.1586,false,4.4108618421050565,245.67348809266477,false
1,14,11:15,33,16:00,19,1,,Traveling,4.7101,false,3.233336842105074,245.67348809266477,false
1,14,11:15,34,16:15,20,1,,Charging,4.884981308350689e-14,true,5.133336842105064,243.56822493477003,false
1,14,11:15,35,16:30,21,1,,Loading/Swinging,3.1586,false,4.3436868421052415,243.56822493477003,false
1,14,11:15,36,16:45,22,1,,Digging,4.792500000000107,false,3.1455618421052147,243.56822493477003,false
1,14,11:15,37,17:00,23,1,,,0.0,false,3.1455618421052147,243.56822493477003,true
1,14,11:15,38,17:15,24,1,,Charging,0.0,true,5.045561842105215,241.4629617768753,false
1,14,11:15,39,17:30,25,1,,,0.0,false,5.045561842105215,241.4629617768753,true
1,14,11:15,40,17:45,26,1,,,0.0,false,5.045561842105215,241.4629617768753,true
1,14,11:15,41,18:00,27,1,,,0.0,false,5.045561842105215,241.4629617768753,true
1,14,11:15,42,18:15,28,1,,,0.0,false,5.045561842105215,241.4629617768753,true
1,14,11:15,43,18:30,29,1,,Charging,0.0,true,6.945561842105215,239.35769861898055,false
1,14,11:15,44,18:45,30,1,,Charging,0.0,true,8.845561842105216,237.2524354610858,true
1,14,11:15,45,19:00,31,1,,Charging,0.0,true,10.745561842105214,235.14717230319107,true
1,14,11:15,46,19:15,32,1,,Charging,0.0,true,12.645561842105215,233.04190914529633,true
1,14,11:15,47,19:30,33,1,,Charging,0.0,true,14.545561842105215,230.9366459874016,true
1,14,11:15,48,19:45,34,1,,Charging,0.0,true,14.799999999999997,230.65472005067608,true
1,14,11:15,49,20:00,35,1,,,0.0,false,14.799999999999997,230.65472005067608,false
1,14,11:15,50,20:15,36,1,,,0.0,false,14.799999999999997,230.65472005067608,false
1,14,11:15,51,20:30,37,1,,,0.0,false,14.799999999999997,230.65472005067608,false
1,14,11:15,52,20:45,38,1,,,0.0,false,14.799999999999997,230.65472005067608,false
1,14,11:15,53,21:00,39,1,,,0.0,false,14.799999999999997,231.0943855040698,false
1,14,11:15,54,21:15,40,1,,,0.0,false,14.8,231.53405095746353,false
1,14,11:15,55,21:30,41,1,,,0.0,false,14.8,231.97371641085726,false
1,14,11:15,56,21:45,42,1,,,0.0,false,14.8,232.413381864251,false
1,14,11:15,57,22:00,43,1,,,0.0,false,14.8,232.85304731764472,false
1,14,11:15,58,22:15,44,1,,,0.0,false,14.8,233.29271277103845,false
1,14,11:15,59,22:30,45,1,,,0.0,false,14.8,233.73237822443218,false
1,14,11:15,60,22:45,46,1,,,0.0,false,14.8,234.1720436778259,false
1,14,11:15,61,23:00,47,1,,,0.0,false,14.8,234.61170913121964,false
1,14,11:15,62,23:15,48,1,,,0.0,false,14.8,235.05137458461337,false
1,14,11:15,63,23:30,49,1,,,0.0,false,14.8,235.4910400380071,false
1,14,11:15,64,23:45,50,1,,,0.0,false,14.8,235.93070549140083,false
1,14,11:15,65,00:00,51,1,,,0.0,false,14.8,236.37037094479456,false
1,14,11:15,66,00:15,52,1,,,0.0,false,14.8,236.8100363981883,false
1,14,11:15,67,00:30,53,1,,,0.0,false,14.8,237.24970185158202,false
1,14,11:15,68,00:45,54,1,,,0.0,false,14.8,237.68936730497575,false
1,14,11:15,69,01:00,55,1,,,0.0,false,14.8,238.12903275836948,false
1,14,11:15,70,01:15,56,1,,,0.0,false,14.8,238.5686982117632,false
1,14,11:15,71,01:30,57,1,,,0.0,false,14.8,239.00836366515693,false
1,14,11:15,72,01:45,58,1,,,0.0,false,14.8,239.44802911855066,false
1,14,11:15,73,02:00,59,1,,,0.0,false,14.8,239.8876945719444,false
1,14,11:15,74,02:15,60,1,,,0.0,false,14.8,240.32736002533795,false
1,14,11:15,75,02:30,61,1,,,0.0,false,14.8,240.76702547873168,false
1,14,11:15,76,02:45,62,1,,,0.0,false,14.8,241.2066909321254,false
1,14,11:15,77,03:00,63,1,,,0.0,false,14.8,241.64635638551914,false
1,14,11:15,78,03:15,64,1,,,0.0,false,14.8,242.08602183891287,false
1,14,11:15,79,03:30,65,1,,,0.0,false,14.8,242.5256872923066,false
1,14,11:15,80,03:45,66,1,,,0.0,false,14.8,242.96535274570033,false
1,14,11:15,81,04:00,67,1,,,0.0,false,14.8,243.40501819909406,false
1,14,11:15,82,04:15,68,1,,,0.0,false,14.8,243.8446836524878,false
1,14,11:15,83,04:30,69,1,,,0.0,false,14.8,244.28434910588152,false
1,14,11:15,84,04:45,70,1,,,0.0,false,14.8,244.72401455927525,false
1,14,11:15,85,05:00,71,1,,,0.0,false,14.8,245.16368001266898,false
1,14,11:15,86,05:15,72,1,,,0.0,false,14.8,245.6033454660627,false
1,14,11:15,87,05:30,73,1,,,0.0,false,14.8,246.04301091945644,false
1,14,11:15,88,05:45,74,1,,,0.0,false,14.8,246.48267637285016,false
1,14,11:15,89,06:00,75,1,,,0.0,false,14.8,246.9223418262439,false
1,14,11:15,90,06:15,76,1,,,0.0,false,14.8,247.36200727963762,false
1,14,11:15,91,06:30,77,1,,,0.0,false,14.8,247.80167273303135,false
1,14,11:15,92,06:45,78,1,,,0.0,false,14.8,248.24133818642508,false
1,14,11:15,93,07:00,79,1,,,0.0,false,14.8,248.6810036398188,false
1,14,11:15,94,07:15,80,1,,,0.0,false,14.8,249.12066909321254,false
1,14,11:15,95,07:30,81,1,,,0.0,false,14.8,249.56033454660624,false
1,14,11:15,96,07:45,82,1,,,0.0,false,14.8,250.0,false
1,15,11:30,15,11:30,0,1,,Digging,4.7925,false,10.549761842105035,241.6234349030473,true
1,15,11:30,16,11:45,1,1,,Digging,4.7925,false,9.351636842105036,241.62343490304727,false
1,15,11:30,17,12:00,2,1,,Charging,0.0,true,11.251636842105032,239.51817174515256,false
1,15,11:30,18,12:15,3,1,,,0.0,false,11.251636842105032,239.51817174515256,false
1,15,11:30,19,12:30,4,1,,,0.0,false,11.251636842105032,239.95576632262689,false
1,15,11:30,20,12:45,5,1,,,0.0,false,11.251636842105032,240.39336090010124,false
1,15,11:30,21,13:00,6,1,,,0.0,false,11.251636842105032,240.8309554775756,false
1,15,11:30,22,13:15,7,1,,,0.0,false,11.251636842105032,241.26855005504996,false
1,15,11:30,23,13:30,8,1,,,0.0,false,11.251636842105032,241.7061446325243,false
1,15,11:30,24,13:45,9,1,,,0.0,false,11.251636842105032,242.14373920999867,false
1,15,11:30,25,14:00,10,1,,Digging,4.7925,false,10.053511842105031,242.58133378747303,false
1,15,11:30,26,14:15,11,1,,Digging,4.792499999999997,false,8.855386842105032,243.01892836494739,false
1,15,11:30,27,14:30,12,1,,Traveling,4.7101,false,7.677861842105032,243.45652294242174,false
1,15,11:30,28,14:45,13,1,,Loading/Swinging,3.1585999999999927,false,6.888211842105034,243.8941175198961,true
1,15,11:30,29,15:00,14,1,,Idle,0.0,false,6.888211842105034,244.33171209737046,false
1,15,11:30,30,15:15,15,1,,Loading/Swinging,3.1586,false,6.098561842105034,244.7693066748448,false
1,15,11:30,31,15:30,16,1,,Loading/Swinging,3.1586,false,5.308911842105034,245.20690125231897,false
1,15,11:30,32,15:45,17,1,,Loading/Swinging,3.1586,false,4.519261842105033,245.64449582979333,false
1,15,11:30,33,16:00,18,1,,Traveling,4.7101,false,3.3417368421050333,245.64449582979333,false
1,15,11:30,34,16:15,19,1,,Charging,0.0,true,5.241736842105033,243.5392326718986,false
1,15,11:30,35,16:30,20,1,,Digging,4.79249999999999,false,4.043611842105036,243.5392326718986,true
1,15,11:30,36,16:45,21,1,,Loading/Swinging,3.158600000000007,false,3.253961842105034,243.5392326718986,true
1,15,11:30,37,17:00,22,1,,Charging,0.0,true,5.1539618421050335,241.43396951400385,true
1,15,11:30,38,17:15,23,1,,,0.0,false,5.1539618421050335,241.43396951400385,true
1,15,11:30,39,17:30,24,1,,Charging,0.0,true,7.053961842105034,239.3287063561091,true
1,15,11:30,40,17:45,25,1,,Charging,0.0,true,7.200000000000003,239.16689122270748,true
1,15,11:30,41,18:00,26,1,,Charging,0.0,true,9.100000000000001,237.06162806481274,true
1,15,11:30,42,18:15,27,1,,Charging,0.0,true,11.000000000000002,234.956364906918,true
1,15,11:30,43,18:30,28,1,,Charging,0.0,true,12.900000000000002,232.85110174902326,false
1,15,11:30,44,18:45,29,1,,Charging,0.0,true,14.800000000000002,230.74583859112852,false
1,15,11:30,45,19:00,30,1,,,0.0,false,14.800000000000002,230.74583859112852,true
1,15,11:30,46,19:15,31,1,,,0.0,false,14.800000000000002,230.74583859112852,true
1,15,11:30,47,19:30,32,1,,,0.0,false,14.800000000000002,230.74583859112852,true
1,15,11:30,48,19:45,33,1,,,0.0,false,14.800000000000002,230.74583859112852,true
1,15,11:30,49,20:00,34,1,,,0.0,false,14.800000000000002,230.74583859112852,false
1,15,11:30,50,20:15,35,1,,,0.0,false,14.800000000000002,230.74583859112852,false
1,15,11:30,51,20:30,36,1,,,0.0,false,14.800000000000002,230.74583859112852,false
1,15,11:30,52,20:45,37,1,,,0.0,false,14.800000000000002,230.74583859112852,false
1,15,11:30,53,21:00,38,1,,,0.0,false,14.800000000000002,231.1834331686029,false
1,15,11:30,54,21:15,39,1,,,0.0,false,14.800000000000002,231.62102774607726,false
1,15,11:30,55,21:30,40,1,,,0.0,false,14.800000000000002,232.05862232355162,false
1,15,11:30,56,21:45,41,1,,,0.0,false,14.800000000000002,232.49621690102597,false
1,15,11:30,57,22:00,42,1,,,0.0,false,14.800000000000002,232.93381147850033,false
1,15,11:30,58,22:15,43,1,,,0.0,false,14.800000000000002,233.3714060559747,false
1,15,11:30,59,22:30,44,1,,,0.0,false,14.800000000000002,233.80900063344905,false
1,15,11:30,60,22:45,45,1,,,0.0,false,14.800000000000002,234.2465952109234,false
1,15,11:30,61,23:00,46,1,,,0.0,false,14.800000000000002,234.68418978839776,false
1,15,11:30,62,23:15,47,1,,,0.0,false,14.800000000000002,235.12178436587212,false
1,15,11:30,63,23:30,48,1,,,0.0,false,14.800000000000002,235.55937894334647,false
1,15,11:30,64,23:45,49,1,,,0.0,false,14.800000000000002,235.99697352082083,false
1,15,11:30,65,00:00,50,1,,,0.0,false,14.800000000000002,236.4345680982952,false
1,15,11:30,66,00:15,51,1,,,0.0,false,14.800000000000002,236.87216267576954,false
1,15,11:30,67,00:30,52,1,,,0.0,false,14.800000000000002,237.3097572532439,false
1,15,11:30,68,00:45,53,1,,,0.0,false,14.800000000000002,237.74735183071826,false
1,15,11:30,69,01:00,54,1,,,0.0,false,14.800000000000002,238.18494640819262,false
1,15,11:30,70,01:15,55,1,,,0.0,false,14.800000000000002,238.62254098566697,false
1,15,11:30,71,01:30,56,1,,,0.0,false,14.800000000000002,239.06013556314133,false
1,15,11:30,72,01:45,57,1,,,0.0,false,14.800000000000002,239.4977301406157,false
1,15,11:30,73,02:00,58,1,,,0.0,false,14.8,239.93532471809004,false
1,15,11:30,74,02:15,59,1,,,0.0,false,14.8,240.3729192955644,false
1,15,11:30,75,02:30,60,1,,,0.0,false,14.8,240.81051387303876,false
1,15,11:30,76,02:45,61,1,,,0.0,false,14.8,241.24810845051312,false
1,15,11:30,77,03:00,62,1,,,0.0,false,14.8,241.68570302798747,false
1,15,11:30,78,03:15,63,1,,,0.0,false,14.8,242.12329760546183,false
1,15,11:30,79,03:30,64,1,,,0.0,false,14.8,242.5608921829362,false
1,15,11:30,80,03:45,65,1,,,0.0,false,14.8,242.99848676041054,false
1,15,11:30,81,04:00,66,1,,,0.0,false,14.8,243.4360813378849,false
1,15,11:30,82,04:15,67,1,,,0.0,false,14.8,243.87367591535926,false
1,15,11:30,83,04:30,68,1,,,0.0,false,14.8,244.31127049283361,false
1,15,11:30,84,04:45,69,1,,,0.0,false,14.8,244.74886507030797,false
1,15,11:30,85,05:00,70,1,,,0.0,false,14.8,245.18645964778233,false
1,15,11:30,86,05:15,71,1,,,0.0,false,14.8,245.62405422525669,false
1,15,11:30,87,05:30,72,1,,,0.0,false,14.8,246.06164880273104,false
1,15,11:30,88,05:45,73,1,,,0.0,false,14.8,246.4992433802054,false
1,15,11:30,89,06:00,74,1,,,0.0,false,14.8,246.93683795767976,false
1,15,11:30,90,06:15,75,1,,,0.0,false,14.8,247.3744325351541,false
1,15,11:30,91,06:30,76,1,,,0.0,false,14.8,247.81202711262847,false
1,15,11:30,92,06:45,77,1,,,0.0,false,14.8,248.24962169010283,false
1,15,11:30,93,07:00,78,1,,,0.0,false,14.8,248.68721626757718,false
1,15,11:30,94,07:15,79,1,,,0.0,false,14.8,249.12481084505154,false
1,15,11:30,95,07:30,80,1,,,0.0,false,14.8,249.56240542252564,false
1,15,11:30,96,07:45,81,1,,,0.0,false,14.8,250.0,false
1,16,11:45,16,11:45,0,1,,Digging,4.792500000000004,false,9.358436842105036,241.6234349030473,false
1,16,11:45,17,12:00,1,1,,Charging,0.0,true,11.258436842105036,239.51817174515253,false
1,16,11:45,18,12:15,2,1,,,0.0,false,11.258436842105036,239.51817174515253,false
1,16,11:45,19,12:30,3,1,,,0.0,false,11.258436842105036,239.9556364152814,false
1,16,11:45,20,12:45,4,1,,,0.0,false,11.258436842105036,240.39310108541025,false
1,16,11:45,21,13:00,5,1,,,0.0,false,11.258436842105036,240.8305657555391,false
1,16,11:45,22,13:15,6,1,,,0.0,false,11.258436842105036,241.26803042566797,false
1,16,11:45,23,13:30,7,1,,,0.0,false,11.258436842105036,241.70549509579683,false
1,16,11:45,24,13:45,8,1,,,0.0,false,11.258436842105036,242.1429597659257,false
1,16,11:45,25,14:00,9,1,,Loading/Swinging,3.1586,false,10.468786842105036,242.58042443605453,true
1,16,11:45,26,14:15,10,1,,Digging,4.7925,false,9.270661842105035,243.0178891061834,false
1,16,11:45,27,14:30,11,1,,Traveling,4.710099999999997,false,8.093136842105036,243.45535377631225,false
1,16,11:45,28,14:45,12,1,,Digging,4.7925,false,6.895011842105036,243.8928184464411,true
1,16,11:45,29,15:00,13,1,,Idle,0.0,false,6.895011842105036,244.33028311656994,false
1,16,11:45,30,15:15,14,1,,Loading/Swinging,3.1586,false,6.105361842105036,244.76774778669878,false
1,16,11:45,31,15:30,15,1,,Loading/Swinging,3.1586,false,5.315711842105036,245.20521245682764,false
1,16,11:45,32,15:45,16,1,,Loading/Swinging,3.1586,false,4.526061842105036,245.6426771269565,false
1,16,11:45,33,16:00,17,1,,Traveling,4.7101,false,3.3485368421050357,245.6426771269565,false
1,16,11:45,34,16:15,18,1,,Charging,1.7763568394002505e-15,true,5.248536842105029,243.53741396906176,false
1,16,11:45,35,16:30,19,1,,Loading/Swinging,3.1586,false,4.458886842105029,243.53741396906176,true
1,16,11:45,36,16:45,20,1,,Digging,4.7925,false,3.260761842105029,243.53741396906176,true
1,16,11:45,37,17:00,21,1,,Charging,0.0,true,3.8620175239242185,242.87120268726764,false
1,16,11:45,38,17:15,22,1,,Charging,0.0,true,5.762017523924218,240.7659395293729,true
1,16,11:45,39,17:30,23,1,,Charging,0.0,true,7.662017523924218,238.6606763714782,false
1,16,11:45,40,17:45,24,1,,Charging,0.0,true,9.099999999999998,237.06734398801473,false
1,16,11:45,41,18:00,25,1,,Charging,0.0,true,10.999999999999998,234.96208083012,false
1,16,11:45,42,18:15,26,1,,Charging,0.0,true,12.899999999999999,232.85681767222525,false
1,16,11:45,43,18:30,27,1,,Charging,0.0,true,14.799999999999999,230.7515545143305,false
1,16,11:45,44,18:45,28,1,,,0.0,false,14.799999999999999,230.7515545143305,true
1,16,11:45,45,19:00,29,1,,,0.0,false,14.799999999999999,230.7515545143305,false
1,16,11:45,46,19:15,30,1,,,0.0,false,14.799999999999999,230.7515545143305,false
1,16,11:45,47,19:30,31,1,,,0.0,false,14.799999999999999,230.7515545143305,false
1,16,11:45,48,19:45,32,1,,,0.0,false,14.799999999999999,230.7515545143305,false
1,16,11:45,49,20:00,33,1,,,0.0,false,14.799999999999999,230.7515545143305,false
1,16,11:45,50,20:15,34,1,,,0.0,false,14.799999999999999,230.7515545143305,false
1,16,11:45,51,20:30,35,1,,,0.0,false,14.799999999999999,230.7515545143305,false
1,16,11:45,52,20:45,36,1,,,0.0,false,14.799999999999999,230.7515545143305,false
1,16,11:45,53,21:00,37,1,,,0.0,false,14.799999999999999,231.18901918445937,false
1,16,11:45,54,21:15,38,1,,,0.0,false,14.799999999999999,231.62648385458823,false
1,16,11:45,55,21:30,39,1,,,0.0,false,14.799999999999999,232.0639485247171,false
1,16,11:45,56,21:45,40,1,,,0.0,false,14.8,232.50141319484595,false
1,16,11:45,57,22:00,41,1,,,0.0,false,14.8,232.9388778649748,false
1,16,11:45,58,22:15,42,1,,,0.0,false,14.8,233.37634253510367,false
1,16,11:45,59,22:30,43,1,,,0.0,false,14.8,233.81380720523254,false
1,16,11:45,60,22:45,44,1,,,0.0,false,14.8,234.2512718753614,false
1,16,11:45,61,23:00,45,1,,,0.0,false,14.8,234.68873654549026,false
1,16,11:45,62,23:15,46,1,,,0.0,false,14.8,235.12620121561912,false
1,16,11:45,63,23:30,47,1,,,0.0,false,14.8,235.56366588574798,false
1,16,11:45,64,23:45,48,1,,,0.0,false,14.8,236.00113055587684,false
1,16,11:45,65,00:00,49,1,,,0.0,false,14.8,236.4385952260057,false
1,16,11:45,66,00:15,50,1,,,0.0,false,14.8,236.87605989613456,false
1,16,11:45,67,00:30,51,1,,,0.0,false,14.8,237.31352456626342,false
1,16,11:45,68,00:45,52,1,,,0.0,false,14.8,237.7509892363923,false
1,16,11:45,69,01:00,53,1,,,0.0,false,14.8,238.18845390652115,false
1,16,11:45,70,01:15,54,1,,,0.0,false,14.8,238.62591857665,false
1,16,11:45,71,01:30,55,1,,,0.0,false,14.8,239.06338324677887,false
1,16,11:45,72,01:45,56,1,,,0.0,false,14.8,239.50084791690773,false
1,16,11:45,73,02:00,57,1,,,0.0,false,14.8,239.9383125870366,false
1,16,11:45,74,02:15,58,1,,,0.0,false,14.8,240.37577725716545,false
1,16,11:45,75,02:30,59,1,,,0.0,false,14.8,240.8132419272943,false
1,16,11:45,76,02:45,60,1,,,0.0,false,14.8,241.25070659742318,false
1,16,11:45,77,03:00,61,1,,,0.0,false,14.8,241.68817126755204,false
1,16,11:45,78,03:15,62,1,,,0.0,false,14.8,242.1256359376809,false
1,16,11:45,79,03:30,63,1,,,0.0,false,14.8,242.56310060780976,false
1,16,11:45,80,03:45,64,1,,,0.0,false,14.8,243.00056527793862,false
1,16,11:45,81,04:00,65,1,,,0.0,false,14.8,243.43802994806748,false
1,16,11:45,82,04:15,66,1,,,0.0,false,14.8,243.87549461819634,false
1,16,11:45,83,04:30,67,1,,,0.0,false,14.8,244.3129592883252,false
1,16,11:45,84,04:45,68,1,,,0.0,false,14.8,244.75042395845406,false
1,16,11:45,85,05:00,69,1,,,0.0,false,14.8,245.18788862858293,false
1,16,11:45,86,05:15,70,1,,,0.0,false,14.8,245.6253532987118,false
1,16,11:45,87,05:30,71,1,,,0.0,false,14.8,246.06281796884065,false
1,16,11:45,88,05:45,72,1,,,0.0,false,14.8,246.5002826389695,false
1,16,11:45,89,06:00,73,1,,,0.0,false,14.8,246.93774730909837,false
1,16,11:45,90,06:15,74,1,,,0.0,false,14.8,247.37521197922723,false
1,16,11:45,91,06:30,75,1,,,0.0,false,14.8,247.8126766493561,false
1,16,11:45,92,06:45,76,1,,,0.0,false,14.8,248.25014131948495,false
1,16,11:45,93,07:00,77,1,,,0.0,false,14.8,248.68760598961381,false
1,16,11:45,94,07:15,78,1,,,0.0,false,14.8,249.12507065974228,false
1,16,11:45,95,07:30,79,1,,,0.0,false,14.8,249.56253532987114,false
1,16,11:45,96,07:45,80,1,,,0.0,false,14.8,250.0,false
1,17,12:00,17,12:00,0,1,,Charging,0.0,true,11.233936842105036,239.51817174515256,false
1,17,12:00,18,12:15,1,1,,,0.0,false,11.233936842105036,239.51817174515259,false
1,17,12:00,19,12:30,2,1,,,0.0,false,11.233936842105036,239.95610446380564,false
1,17,12:00,20,12:45,3,1,,,0.0,false,11.233936842105036,240.3940371824587,false
1,17,12:00,21,13:00,4,1,,,0.0,false,11.233936842105036,240.83196990111176,false
1,17,12:00,22,13:15,5,1,,,0.0,false,11.233936842105036,241.26990261976482,false
1,17,12:00,23,13:30,6,1,,,0.0,false,11.233936842105036,241.70783533841788,false
1,17,12:00,24,13:45,7,1,,,0.0,false,11.233936842105036,242.14576805707094,false
1,17,12:00,25,14:00,8,1,,Digging,4.7925,false,10.035811842105037,242.583700775724,true
1,17,12:00,26,14:15,9,1,,Loading/Swinging,3.158600000000007,false,9.246161842105035,243.02163349437706,true
1,17,12:00,27,14:30,10,1,,Traveling,4.7101,false,8.068636842105036,243.45956621303012,false
1,17,12:00,28,14:45,11,1,,Digging,4.7925,false,6.870511842105036,243.89749893168317,false
1,17,12:00,29,15:00,12,1,,Idle,0.0,false,6.870511842105037,244.33543165033626,false
1,17,12:00,30,15:15,13,1,,Loading/Swinging,3.1586,false,6.080861842105037,244.77336436898932,false
1,17,12:00,31,15:30,14,1,,Loading/Swinging,3.1586,false,5.291211842105037,245.21129708764238,false
1,17,12:00,32,15:45,15,1,,Loading/Swinging,3.1586,false,4.501561842105037,245.64922980629544,false
1,17,12:00,33,16:00,16,1,,Traveling,4.710100000000001,false,3.324036842105037,245.64922980629544,false
1,17,12:00,34,16:15,17,1,,Charging,0.0,true,5.224036842105036,243.5439666484007,false
1,17,12:00,35,16:30,18,1,,Digging,4.7925,false,4.025911842105036,243.5439666484007,true
1,17,12:00,36,16:45,19,1,,Loading/Swinging,3.1586,false,3.236261842105036,243.5439666484007,true
1,17,12:00,37,17:00,20,1,,Charging,0.0,true,5.136261842105036,241.43870349050596,false
1,17,12:00,38,17:15,21,1,,Charging,0.0,true,7.036261842105036,239.33344033261122,false
1,17,12:00,39,17:30,22,1,,Charging,0.0,true,8.936261842105035,237.22817717471648,false
1,17,12:00,40,17:45,23,1,,Charging,0.0,true,10.836261842105035,235.12291401682174,false
1,17,12:00,41,18:00,24,1,,Charging,0.0,true,12.736261842105034,233.017650858927,false
1,17,12:00,42,18:15,25,1,,Charging,0.0,true,12.899999999999999,232.83622353715998,false
1,17,12:00,43,18:30,26,1,,,0.0,false,12.899999999999999,232.83622353715998,true
1,17,12:00,44,18:45,27,1,,,0.0,false,12.899999999999999,232.83622353715998,false
1,17,12:00,45,19:00,28,1,,,0.0,false,12.899999999999999,232.83622353715998,false
1,17,12:00,46,19:15,29,1,,,0.0,false,12.899999999999999,232.83622353715998,false
1,17,12:00,47,19:30,30,1,,,0.0,false,12.899999999999999,232.83622353715998,false
1,17,12:00,48,19:45,31,1,,,0.0,false,12.899999999999999,232.83622353715998,false
1,17,12:00,49,20:00,32,1,,,0.0,false,12.899999999999999,232.83622353715998,false
1,17,12:00,50,20:15,33,1,,Charging,0.0,true,14.799999999999999,230.73096037926524,true
1,17,12:00,51,20:30,34,1,,,0.0,false,14.799999999999999,230.73096037926524,false
1,17,12:00,52,20:45,35,1,,,0.0,false,14.799999999999999,230.73096037926524,false
1,17,12:00,53,21:00,36,1,,,0.0,false,14.799999999999999,231.1688930979183,false
1,17,12:00,54,21:15,37,1,,,0.0,false,14.799999999999999,231.60682581657136,false
1,17,12:00,55,21:30,38,1,,,0.0,false,14.799999999999999,232.04475853522442,false
1,17,12:00,56,21:45,39,1,,,0.0,false,14.799999999999999,232.48269125387748,false
1,17,12:00,57,22:00,40,1,,,0.0,false,14.799999999999999,232.92062397253054,false
1,17,12:00,58,22:15,41,1,,,0.0,false,14.799999999999999,233.3585566911836,false
1,17,12:00,59,22:30,42,1,,,0.0,false,14.799999999999999,233.79648940983665,false
1,17,12:00,60,22:45,43,1,,,0.0,false,14.799999999999999,234.2344221284897,false
1,17,12:00,61,23:00,44,1,,,0.0,false,14.799999999999999,234.67235484714277,false
1,17,12:00,62,23:15,45,1,,,0.0,false,14.799999999999999,235.11028756579583,false
1,17,12:00,63,23:30,46,1,,,0.0,false,14.799999999999999,235.5482202844489,false
1,17,12:00,64,23:45,47,1,,,0.0,false,14.799999999999999,235.98615300310195,false
1,17,12:00,65,00:00,48,1,,,0.0,false,14.799999999999999,236.424085721755,false
1,17,12:00,66,00:15,49,1,,,0.0,false,14.8,236.86201844040806,false
1,17,12:00,67,00:30,50,1,,,0.0,false,14.8,237.29995115906112,false
1,17,12:00,68,00:45,51,1,,,0.0,false,14.8,237.73788387771418,false
1,17,12:00,69,01:00,52,1,,,0.0,false,14.8,238.17581659636724,false
1,17,12:00,70,01:15,53,1,,,0.0,false,14.8,238.6137493150203,false
1,17,12:00,71,01:30,54,1,,,0.0,false,14.8,239.05168203367336,false
1,17,12:00,72,01:45,55,1,,,0.0,false,14.8,239.48961475232642,false
1,17,12:00,73,02:00,56,1,,,0.0,false,14.8,239.92754747097948,false
1,17,12:00,74,02:15,57,1,,,0.0,false,14.8,240.36548018963254,false
1,17,12:00,75,02:30,58,1,,,0.0,false,14.8,240.8034129082856,false
1,17,12:00,76,02:45,59,1,,,0.0,false,14.8,241.24134562693865,false
1,17,12:00,77,03:00,60,1,,,0.0,false,14.8,241.6792783455917,false
1,17,12:00,78,03:15,61,1,,,0.0,false,14.8,242.11721106424477,false
1,17,12:00,79,03:30,62,1,,,0.0,false,14.8,242.55514378289783,false
1,17,12:00,80,03:45,63,1,,,0.0,false,14.8,242.9930765015509,false
1,17,12:00,81,04:00,64,1,,,0.0,false,14.8,243.43100922020395,false
1,17,12:00,82,04:15,65,1,,,0.0,false,14.8,243.868941938857,false
1,17,12:00,83,04:30,66,1,,,0.0,false,14.8,244.30687465751006,false
1,17,12:00,84,04:45,67,1,,,0.0,false,14.8,244.74480737616312,false
1,17,12:00,85,05:00,68,1,,,0.0,false,14.8,245.18274009481618,false
1,17,12:00,86,05:15,69,1,,,0.0,false,14.8,245.62067281346924,false
1,17,12:00,87,05:30,70,1,,,0.0,false,14.8,246.0586055321223,false
1,17,12:00,88,05:45,71,1,,,0.0,false,14.8,246.49653825077536,false
1,17,12:00,89,06:00,72,1,,,0.0,false,14.8,246.93447096942842,false
1,17,12:00,90,06:15,73,1,,,0.0,false,14.8,247.37240368808148,false
1,17,12:00,91,06:30,74,1,,,0.0,false,14.8,247.81033640673454,false
1,17,12:00,92,06:45,75,1,,,0.0,false,14.8,248.2482691253876,false
1,17,12:00,93,07:00,76,1,,,0.0,false,14.8,248.68620184404065,false
1,17,12:00,94,07:15,77,1,,,0.0,false,14.8,249.1241345626937,false
1,17,12:00,95,07:30,78,1,,,0.0,false,14.8,249.5620672813469,false
1,17,12:00,96,07:45,79,1,,,0.0,false,14.8,250.0,false
1,18,12:15,18,12:15,0,1,,,0.0,false,11.333936842105036,239.51817174515256,false
1,18,12:15,19,12:30,1,1,,,0.0,false,11.333936842105036,239.954194061666,false
1,18,12:15,20,12:45,2,1,,,0.0,false,11.333936842105036,240.3902163781794,false
1,18,12:15,21,13:00,3,1,,,0.0,false,11.333936842105036,240.82623869469282,false
1,18,12:15,22,13:15,4,1,,,0.0,false,11.333936842105036,241.26226101120616,false
1,18,12:15,23,13:30,5,1,,,0.0,false,11.333936842105036,241.6982833277196,false
1,18,12:15,24,13:45,6,1,,,0.0,false,11.333936842105036,242.134305644233,false
1,18,12:15,25,14:00,7,1,,Digging,4.792500000000004,false,10.135811842105035,242.57032796074643,false
1,18,12:15,26,14:15,8,1,,Digging,4.7925,false,8.937686842105036,243.00635027725986,true
1,18,12:15,27,14:30,9,1,,Traveling,4.710100000000001,false,7.760161842105036,243.44237259377329,false
1,18,12:15,28,14:45,10,1,,Digging,4.7925,false,6.5620368421050355,243.87839491028672,false
1,18,12:15,29,15:00,11,1,,Idle,0.0,false,6.5620368421050355,244.31441722680015,false
1,18,12:15,30,15:15,12,1,,Loading/Swinging,3.1586,false,5.7723868421050355,244.75043954331355,false
1,18,12:15,31,15:30,13,1,,Loading/Swinging,3.1586,false,4.9827368421050355,245.18646185982698,false
1,18,12:15,32,15:45,14,1,,Loading/Swinging,3.1586,false,4.193086842105036,245.6224841763404,false
1,18,12:15,33,16:00,15,1,,Traveling,4.7101,false,3.0155618421050354,245.6224841763404,false
1,18,12:15,34,16:15,16,1,,Charging,1.7763568394002505e-15,true,4.915561842105035,243.51722101844567,false
1,18,12:15,35,16:30,17,1,,Loading/Swinging,3.1586,false,4.125911842105035,243.51722101844567,true
1,18,12:15,36,16:45,18,1,,Loading/Swinging,3.1586,false,3.336261842105035,243.51722101844567,false
1,18,12:15,37,17:00,19,1,,Charging,0.0,true,5.236261842105035,241.41195786055093,false
1,18,12:15,38,17:15,20,1,,Charging,0.0,true,5.300000000000001,241.34133386288337,false
1,18,12:15,39,17:30,21,1,,Charging,0.0,true,7.2,239.23607070498863,false
1,18,12:15,40,17:45,22,1,,Charging,0.0,true,9.1,237.1308075470939,false
1,18,12:15,41,18:00,23,1,,Charging,0.0,true,11.0,235.02554438919915,false
1,18,12:15,42,18:15,24,1,,Charging,0.0,true,12.9,232.92028123130441,false
1,18,12:15,43,18:30,25,1,,Charging,0.0,true,14.8,230.81501807340968,true
1,18,12:15,44,18:45,26,1,,,0.0,false,14.8,230.81501807340968,false
1,18,12:15,45,19:00,27,1,,,0.0,false,14.8,230.81501807340968,false
1,18,12:15,46,19:15,28,1,,,0.0,false,14.8,230.81501807340968,false
1,18,12:15,47,19:30,29,1,,,0.0,false,14.8,230.81501807340968,false
1,18,12:15,48,19:45,30,1,,,0.0,false,14.8,230.81501807340968,false
1,18,12:15,49,20:00,31,1,,,0.0,false,14.8,230.81501807340968,false
1,18,12:15,50,20:15,32,1,,,0.0,false,14.8,230.81501807340968,true
1,18,12:15,51,20:30,33,1,,,0.0,false,14.8,230.81501807340968,false
1,18,12:15,52,20:45,34,1,,,0.0,false,14.8,230.81501807340962,false
1,18,12:15,53,21:00,35,1,,,0.0,false,14.8,231.25104038992305,false
1,18,12:15,54,21:15,36,1,,,0.0,false,14.8,231.68706270643648,false
1,18,12:15,55,21:30,37,1,,,0.0,false,14.8,232.12308502294988,false
1,18,12:15,56,21:45,38,1,,,0.0,false,14.8,232.5591073394633,false
1,18,12:15,57,22:00,39,1,,,0.0,false,14.8,232.9951296559767,false
1,18,12:15,58,22:15,40,1,,,0.0,false,14.8,233.43115197249014,false
1,18,12:15,59,22:30,41,1,,,0.0,false,14.8,233.86717428900354,false
1,18,12:15,60,22:45,42,1,,,0.0,false,14.8,234.30319660551697,false
1,18,12:15,61,23:00,43,1,,,0.0,false,14.8,234.73921892203037,false
1,18,12:15,62,23:15,44,1,,,0.0,false,14.8,235.1752412385438,false
1,18,12:15,63,23:30,45,1,,,0.0,false,14.8,235.61126355505723,false
1,18,12:15,64,23:45,46,1,,,0.0,false,14.8,236.04728587157064,false
1,18,12:15,65,00:00,47,1,,,0.0,false,14.8,236.48330818808407,false
1,18,12:15,66,00:15,48,1,,,0.0,false,14.8,236.91933050459747,false
1,18,12:15,67,00:30,49,1,,,0.0,false,14.8,237.3553528211109,false
1,18,12:15,68,00:45,50,1,,,0.0,false,14.8,237.7913751376243,false
1,18,12:15,69,01:00,51,1,,,0.0,false,14.8,238.22739745413773,false
1,18,12:15,70,01:15,52,1,,,0.0,false,14.8,238.66341977065113,false
1,18,12:15,71,01:30,53,1,,,0.0,false,14.8,239.09944208716456,false
1,18,12:15,72,01:45,54,1,,,0.0,false,14.8,239.535464403678,false
1,18,12:15,73,02:00,55,1,,,0.0,false,14.8,239.9714867201914,false
1,18,12:15,74,02:15,56,1,,,0.0,false,14.8,240.40750903670482,false
1,18,12:15,75,02:30,57,1,,,0.0,false,14.8,240.84353135321822,false
1,18,12:15,76,02:45,58,1,,,0.0,false,14.8,241.27955366973165,false
1,18,12:15,77,03:00,59,1,,,0.0,false,14.8,241.71557598624506,false
1,18,12:15,78,03:15,60,1,,,0.0,false,14.8,242.1515983027585,false
1,18,12:15,79,03:30,61,1,,,0.0,false,14.8,242.5876206192719,false
1,18,12:15,80,03:45,62,1,,,0.0,false,14.8,243.02364293578532,false
1,18,12:15,81,04:00,63,1,,,0.0,false,14.8,243.45966525229875,false
1,18,12:15,82,04:15,64,1,,,0.0,false,14.8,243.89568756881215,false
1,18,12:15,83,04:30,65,1,,,0.0,false,14.8,244.33170988532558,false
1,18,12:15,84,04:45,66,1,,,0.0,false,14.8,244.76773220183898,false
1,18,12:15,85,05:00,67,1,,,0.0,false,14.8,245.2037545183524,false
1,18,12:15,86,05:15,68,1,,,0.0,false,14.8,245.6397768348658,false
1,18,12:15,87,05:30,69,1,,,0.0,false,14.8,246.07579915137924,false
1,18,12:15,88,05:45,70,1,,,0.0,false,14.8,246.51182146789262,false
1,18,12:15,89,06:00,71,1,,,0.0,false,14.8,246.94784378440605,false
1,18,12:15,90,06:15,72,1,,,0.0,false,14.8,247.38386610091948,false
1,18,12:15,91,06:30,73,1,,,0.0,false,14.8,247.81988841743288,false
1,18,12:15,92,06:45,74,1,,,0.0,false,14.8,248.2559107339463,false
1,18,12:15,93,07:00,75,1,,,0.0,false,14.8,248.6919330504597,false
1,18,12:15,94,07:15,76,1,,,0.0,false,14.8,249.12795536697314,false
1,18,12:15,95,07:30,77,1,,,0.0,false,14.8,249.56397768348657,false
1,18,12:15,96,07:45,78,1,,,0.0,false,14.8,250.0,false
1,19,12:30,19,12:30,0,1,,,0.0,false,11.333936842105036,239.954194061666,false
1,19,12:30,20,12:45,1,1,,,0.0,false,11.333936842105036,240.3902163781794,false
1,19,12:30,21,13:00,2,1,,,0.0,false,11.333936842105036,240.82623869469282,false
1,19,12:30,22,13:15,3,1,,,0.0,false,11.333936842105036,241.2622610112062,false
1,19,12:30,23,13:30,4,1,,,0.0,false,11.333936842105036,241.69828332771962,false
1,19,12:30,24,13:45,5,1,,,0.0,false,11.333936842105036,242.134305644233,false
1,19,12:30,25,14:00,6,1,,Digging,4.7925,false,10.135811842105035,242.57032796074643,false
1,19,12:30,26,14:15,7,1,,Digging,4.792499999999997,false,8.937686842105036,243.00635027725986,false
1,19,12:30,27,14:30,8,1,,Traveling,4.7101,false,7.760161842105036,243.44237259377329,false
1,19,12:30,28,14:45,9,1,,Digging,4.7925,false,6.5620368421050355,243.87839491028672,false
1,19,12:30,29,15:00,10,1,,Idle,0.0,false,6.5620368421050355,244.31441722680012,false
1,19,12:30,30,15:15,11,1,,Loading/Swinging,3.1586,false,5.7723868421050355,244.75043954331355,false
1,19,12:30,31,15:30,12,1,,Loading/Swinging,3.1586,false,4.9827368421050355,245.18646185982698,false
1,19,12:30,32,15:45,13,1,,Loading/Swinging,3.1586,false,4.193086842105036,245.6224841763404,false
1,19,12:30,33,16:00,14,1,,Traveling,4.710100000000001,false,3.0155618421050354,245.6224841763404,false
1,19,12:30,34,16:15,15,1,,Charging,0.0,true,4.915561842105035,243.51722101844567,false
1,19,12:30,35,16:30,16,1,,Loading/Swinging,3.1586,false,4.125911842105035,243.51722101844567,false
1,19,12:30,36,16:45,17,1,,Loading/Swinging,3.1586,false,3.336261842105035,243.51722101844567,false
1,19,12:30,37,17:00,18,1,,Charging,0.0,true,5.236261842105035,241.41195786055093,false
1,19,12:30,38,17:15,19,1,,Charging,0.0,true,5.3,241.34133386288337,false
1,19,12:30,39,17:30,20,1,,Charging,0.0,true,7.199999999999999,239.23607070498863,false
1,19,12:30,40,17:45,21,1,,Charging,0.0,true,9.1,237.1308075470939,false
1,19,12:30,41,18:00,22,1,,Charging,0.0,true,10.999999999999998,235.02554438919915,false
1,19,12:30,42,18:15,23,1,,Charging,0.0,true,12.899999999999999,232.92028123130441,false
1,19,12:30,43,18:30,24,1,,,0.0,false,12.9,232.92028123130441,true
1,19,12:30,44,18:45,25,1,,Charging,0.0,true,14.8,230.81501807340968,true
1,19,12:30,45,19:00,26,1,,,0.0,false,14.8,230.81501807340968,false
1,19,12:30,46,19:15,27,1,,,0.0,false,14.8,230.81501807340968,false
1,19,12:30,47,19:30,28,1,,,0.0,false,14.8,230.81501807340968,false
1,19,12:30,48,19:45,29,1,,,0.0,false,14.8,230.81501807340968,false
1,19,12:30,49,20:00,30,1,,,0.0,false,14.8,230.81501807340968,false
1,19,12:30,50,20:15,31,1,,,0.0,false,14.8,230.81501807340968,false
1,19,12:30,51,20:30,32,1,,,0.0,false,14.8,230.81501807340968,false
1,19,12:30,52,20:45,33,1,,,0.0,false,14.8,230.81501807340968,false
1,19,12:30,53,21:00,34,1,,,0.0,false,14.8,231.25104038992308,false
1,19,12:30,54,21:15,35,1,,,0.0,false,14.8,231.6870627064365,false
1,19,12:30,55,21:30,36,1,,,0.0,false,14.8,232.1230850229499,false
1,19,12:30,56,21:45,37,1,,,0.0,false,14.8,232.55910733946334,false
1,19,12:30,57,22:00,38,1,,,0.0,false,14.8,232.99512965597674,false
1,19,12:30,58,22:15,39,1,,,0.0,false,14.8,233.43115197249017,false
1,19,12:30,59,22:30,40,1,,,0.0,false,14.8,233.86717428900357,false
1,19,12:30,60,22:45,41,1,,,0.0,false,14.8,234.303196605517,false
1,19,12:30,61,23:00,42,1,,,0.0,false,14.8,234.73921892203043,false
1,19,12:30,62,23:15,43,1,,,0.0,false,14.8,235.17524123854383,false
1,19,12:30,63,23:30,44,1,,,0.0,false,14.8,235.61126355505726,false
1,19,12:30,64,23:45,45,1,,,0.0,false,14.8,236.04728587157066,false
1,19,12:30,65,00:00,46,1,,,0.0,false,14.8,236.4833081880841,false
1,19,12:30,66,00:15,47,1,,,0.0,false,14.8,236.9193305045975,false
1,19,12:30,67,00:30,48,1,,,0.0,false,14.8,237.35535282111093,false
1,19,12:30,68,00:45,49,1,,,0.0,false,14.8,237.79137513762433,false
1,19,12:30,69,01:00,50,1,,,0.0,false,14.8,238.22739745413776,false
1,19,12:30,70,01:15,51,1,,,0.0,false,14.8,238.6634197706512,false
1,19,12:30,71,01:30,52,1,,,0.0,false,14.8,239.0994420871646,false
1,19,12:30,72,01:45,53,1,,,0.0,false,14.8,239.53546440367802,false
1,19,12:30,73,02:00,54,1,,,0.0,false,14.8,239.97148672019142,false
1,19,12:30,74,02:15,55,1,,,0.0,false,14.8,240.40750903670485,false
1,19,12:30,75,02:30,56,1,,,0.0,false,14.8,240.84353135321825,false
1,19,12:30,76,02:45,57,1,,,0.0,false,14.8,241.27955366973168,false
1,19,12:30,77,03:00,58,1,,,0.0,false,14.8,241.71557598624509,false
1,19,12:30,78,03:15,59,1,,,0.0,false,14.8,242.15159830275852,false
1,19,12:30,79,03:30,60,1,,,0.0,false,14.8,242.58762061927195,false
1,19,12:30,80,03:45,61,1,,,0.0,false,14.8,243.0236429357853,false
1,19,12:30,81,04:00,62,1,,,0.0,false,14.8,243.45966525229872,false
1,19,12:30,82,04:15,63,1,,,0.0,false,14.8,243.89568756881212,false
1,19,12:30,83,04:30,64,1,,,0.0,false,14.8,244.33170988532555,false
1,19,12:30,84,04:45,65,1,,,0.0,false,14.8,244.76773220183895,false
1,19,12:30,85,05:00,66,1,,,0.0,false,14.8,245.20375451835238,false
1,19,12:30,86,05:15,67,1,,,0.0,false,14.8,245.63977683486578,false
1,19,12:30,87,05:30,68,1,,,0.0,false,14.8,246.07579915137921,false
1,19,12:30,88,05:45,69,1,,,0.0,false,14.8,246.51182146789264,false
1,19,12:30,89,06:00,70,1,,,0.0,false,14.8,246.94784378440605,false
1,19,12:30,90,06:15,71,1,,,0.0,false,14.8,247.38386610091948,false
1,19,12:30,91,06:30,72,1,,,0.0,false,14.8,247.81988841743288,false
1,19,12:30,92,06:45,73,1,,,0.0,false,14.8,248.2559107339463,false
1,19,12:30,93,07:00,74,1,,,0.0,false,14.8,248.69193305045974,false
1,19,12:30,94,07:15,75,1,,,0.0,false,14.8,249.12795536697314,false
1,19,12:30,95,07:30,76,1,,,0.0,false,14.8,249.56397768348657,false
1,19,12:30,96,07:45,77,1,,,0.0,false,14.8,250.0,false
1,20,12:45,20,12:45,0,1,,,0.0,false,11.333936842105036,240.39021637817942,false
1,20,12:45,21,13:00,1,1,,,0.0,false,11.333936842105036,240.82623869469282,false
1,20,12:45,22,13:15,2,1,,,0.0,false,11.333936842105036,241.26226101120625,false
1,20,12:45,23,13:30,3,1,,,0.0,false,11.333936842105036,241.6982833277198,false
1,20,12:45,24,13:45,4,1,,,0.0,false,11.333936842105036,242.13430564423322,false
1,20,12:45,25,14:00,5,1,,Loading/Swinging,3.1586,false,10.544286842105036,242.57032796074662,true
1,20,12:45,26,14:15,6,1,,Loading/Swinging,3.1586,false,9.754636842105036,243.00635027726005,true
1,20,12:45,27,14:30,7,1,,Traveling,4.710099999999997,false,8.577111842105037,243.44237259377348,false
1,20,12:45,28,14:45,8,1,,Digging,4.792500000000004,false,7.378986842105036,243.8783949102869,false
1,20,12:45,29,15:00,9,1,,Idle,0.0,false,7.378986842105036,244.31441722680032,false
1,20,12:45,30,15:15,10,1,,Loading/Swinging,3.1586,false,6.589336842105036,244.75043954331372,false
1,20,12:45,31,15:30,11,1,,Digging,4.7925,false,5.391211842105036,245.18646185982715,true
1,20,12:45,32,15:45,12,1,,Loading/Swinging,3.1586,false,4.601561842105036,245.62248417634058,false
1,20,12:45,33,16:00,13,1,,Traveling,4.710099999999999,false,3.424036842105036,245.62248417634058,false
1,20,12:45,34,16:15,14,1,,Charging,0.0,true,5.324036842105036,243.51722101844584,false
1,20,12:45,35,16:30,15,1,,Loading/Swinging,3.1586,false,4.534386842105036,243.51722101844584,false
1,20,12:45,36,16:45,16,1,,Digging,4.7925,false,3.336261842105036,243.51722101844584,true
1,20,12:45,37,17:00,17,1,,Charging,0.0,true,5.236261842105036,241.4119578605511,false
1,20,12:45,38,17:15,18,1,,Charging,0.0,true,5.300000000000001,241.34133386288354,false
1,20,12:45,39,17:30,19,1,,Charging,0.0,true,7.2,239.2360707049888,false
1,20,12:45,40,17:45,20,1,,Charging,0.0,true,9.1,237.13080754709407,false
1,20,12:45,41,18:00,21,1,,Charging,0.0,true,11.0,235.02554438919933,false
1,20,12:45,42,18:15,22,1,,Charging,0.0,true,12.9,232.92028123130459,false
1,20,12:45,43,18:30,23,1,,,0.0,false,12.9,232.92028123130459,false
1,20,12:45,44,18:45,24,1,,Charging,0.0,true,14.8,230.81501807340985,false
1,20,12:45,45,19:00,25,1,,,0.0,false,14.8,230.81501807340985,false
1,20,12:45,46,19:15,26,1,,,0.0,false,14.8,230.81501807340985,false
1,20,12:45,47,19:30,27,1,,,0.0,false,14.8,230.81501807340985,false
1,20,12:45,48,19:45,28,1,,,0.0,false,14.8,230.81501807340985,false
1,20,12:45,49,20:00,29,1,,,0.0,false,14.8,230.81501807340985,false
1,20,12:45,50,20:15,30,1,,,0.0,false,14.8,230.81501807340985,false
1,20,12:45,51,20:30,31,1,,,0.0,false,14.8,230.81501807340985,false
1,20,12:45,52,20:45,32,1,,,0.0,false,14.8,230.81501807340982,false
1,20,12:45,53,21:00,33,1,,,0.0,false,14.8,231.25104038992325,false
1,20,12:45,54,21:15,34,1,,,0.0,false,14.8,231.68706270643668,false
1,20,12:45,55,21:30,35,1,,,0.0,false,14.8,232.1230850229501,false
1,20,12:45,56,21:45,36,1,,,0.0,false,14.8,232.55910733946354,false
1,20,12:45,57,22:00,37,1,,,0.0,false,14.8,232.9951296559769,false
1,20,12:45,58,22:15,38,1,,,0.0,false,14.8,233.43115197249034,false
1,20,12:45,59,22:30,39,1,,,0.0,false,14.8,233.86717428900374,false
1,20,12:45,60,22:45,40,1,,,0.0,false,14.8,234.30319660551717,false
1,20,12:45,61,23:00,41,1,,,0.0,false,14.8,234.73921892203057,false
1,20,12:45,62,23:15,42,1,,,0.0,false,14.8,235.175241238544,false
1,20,12:45,63,23:30,43,1,,,0.0,false,14.8,235.61126355505743,false
1,20,12:45,64,23:45,44,1,,,0.0,false,14.8,236.0472858715704,false
1,20,12:45,65,00:00,45,1,,,0.0,false,14.8,236.48330818808384,false
1,20,12:45,66,00:15,46,1,,,0.0,false,14.8,236.91933050459727,false
1,20,12:45,67,00:30,47,1,,,0.0,false,14.8,237.3553528211107,false
1,20,12:45,68,00:45,48,1,,,0.0,false,14.8,237.79137513762413,false
1,20,12:45,69,01:00,49,1,,,0.0,false,14.8,238.22739745413756,false
1,20,12:45,70,01:15,50,1,,,0.0,false,14.8,238.663419770651,false
1,20,12:45,71,01:30,51,1,,,0.0,false,14.8,239.09944208716442,false
1,20,12:45,72,01:45,52,1,,,0.0,false,14.8,239.53546440367785,false
1,20,12:45,73,02:00,53,1,,,0.0,false,14.8,239.97148672019128,false
1,20,12:45,74,02:15,54,1,,,0.0,false,14.8,240.4075090367047,false
1,20,12:45,75,02:30,55,1,,,0.0,false,14.8,240.84353135321814,false
1,20,12:45,76,02:45,56,1,,,0.0,false,14.8,241.27955366973157,false
1,20,12:45,77,03:00,57,1,,,0.0,false,14.8,241.71557598624497,false
1,20,12:45,78,03:15,58,1,,,0.0,false,14.8,242.1515983027584,false
1,20,12:45,79,03:30,59,1,,,0.0,false,14.8,242.5876206192718,false
1,20,12:45,80,03:45,60,1,,,0.0,false,14.8,243.02364293578523,false
1,20,12:45,81,04:00,61,1,,,0.0,false,14.8,243.45966525229866,false
1,20,12:45,82,04:15,62,1,,,0.0,false,14.8,243.89568756881206,false
1,20,12:45,83,04:30,63,1,,,0.0,false,14.8,244.3317098853255,false
1,20,12:45,84,04:45,64,1,,,0.0,false,14.8,244.76773220183887,false
1,20,12:45,85,05:00,65,1,,,0.0,false,14.8,245.2037545183523,false
1,20,12:45,86,05:15,66,1,,,0.0,false,14.8,245.63977683486573,false
1,20,12:45,87,05:30,67,1,,,0.0,false,14.8,246.07579915137916,false
1,20,12:45,88,05:45,68,1,,,0.0,false,14.8,246.5118214678926,false
1,20,12:45,89,06:00,69,1,,,0.0,false,14.8,246.94784378440602,false
1,20,12:45,90,06:15,70,1,,,0.0,false,14.8,247.38386610091945,false
1,20,12:45,91,06:30,71,1,,,0.0,false,14.8,247.81988841743288,false
1,20,12:45,92,06:45,72,1,,,0.0,false,14.8,248.2559107339463,false
1,20,12:45,93,07:00,73,1,,,0.0,false,14.8,248.69193305045974,false
1,20,12:45,94,07:15,74,1,,,0.0,false,14.8,249.12795536697314,false
1,20,12:45,95,07:30,75,1,,,0.0,false,14.8,249.56397768348657,false
1,20,12:45,96,07:45,76,1,,,0.0,false,14.8,250.0,false
1,21,13:00,21,13:00,0,1,,,0.0,false,11.333936842105036,240.82623869469285,false
1,21,13:00,22,13:15,1,1,,,0.0,false,11.333936842105036,241.26226101120625,false
1,21,13:00,23,13:30,2,1,,,0.0,false,11.333936842105036,241.69828332771968,false
1,21,13:00,24,13:45,3,1,,,0.0,false,11.333936842105036,242.13430564423308,false
1,21,13:00,25,14:00,4,1,,Loading/Swinging,3.1586,false,10.544286842105036,242.5703279607465,false
1,21,13:00,26,14:15,5,1,,Loading/Swinging,3.1586,false,9.754636842105036,243.00635027726005,false
1,21,13:00,27,14:30,6,1,,Traveling,4.7101,false,8.577111842105037,243.44237259377348,false
1,21,13:00,28,14:45,7,1,,Loading/Swinging,3.1586000000000034,false,7.787461842105036,243.87839491028691,true
1,21,13:00,29,15:00,8,1,,Idle,0.0,false,7.787461842105036,244.31441722680032,false
1,21,13:00,30,15:15,9,1,,Digging,4.7925,false,6.589336842105036,244.75043954331375,true
1,21,13:00,31,15:30,10,1,,Digging,4.7925,false,5.391211842105036,245.18646185982715,false
1,21,13:00,32,15:45,11,1,,Digging,4.7925,false,4.193086842105036,245.62248417634058,true
1,21,13:00,33,16:00,12,1,,Traveling,4.710099999999999,false,3.015561842105036,245.62248417634058,false
1,21,13:00,34,16:15,13,1,,Charging,0.0,true,4.915561842105036,243.51722101844584,false
1,21,13:00,35,16:30,14,1,,Loading/Swinging,3.1586,false,4.125911842105036,243.51722101844584,false
1,21,13:00,36,16:45,15,1,,Loading/Swinging,3.1586,false,3.336261842105036,243.51722101844584,true
1,21,13:00,37,17:00,16,1,,Charging,0.0,true,5.236261842105035,241.4119578605511,false
1,21,13:00,38,17:15,17,1,,Charging,0.0,true,5.300000000000001,241.34133386288354,false
1,21,13:00,39,17:30,18,1,,Charging,0.0,true,7.200000000000001,239.2360707049888,false
1,21,13:00,40,17:45,19,1,,Charging,0.0,true,9.100000000000001,237.13080754709407,false
1,21,13:00,41,18:00,20,1,,Charging,0.0,true,11.0,235.02554438919933,false
1,21,13:00,42,18:15,21,1,,Charging,0.0,true,12.9,232.92028123130459,false
1,21,13:00,43,18:30,22,1,,Charging,0.0,true,14.8,230.81501807340985,true
1,21,13:00,44,18:45,23,1,,,0.0,false,14.8,230.81501807340985,true
1,21,13:00,45,19:00,24,1,,,0.0,false,14.8,230.81501807340985,false
1,21,13:00,46,19:15,25,1,,,0.0,false,14.8,230.81501807340985,false
1,21,13:00,47,19:30,26,1,,,0.0,false,14.8,230.81501807340985,false
1,21,13:00,48,19:45,27,1,,,0.0,false,14.8,230.81501807340985,false
1,21,13:00,49,20:00,28,1,,,0.0,false,14.8,230.81501807340985,false
1,21,13:00,50,20:15,29,1,,,0.0,false,14.8,230.81501807340985,false
1,21,13:00,51,20:30,30,1,,,0.0,false,14.8,230.81501807340985,false
1,21,13:00,52,20:45,31,1,,,0.0,false,14.8,230.81501807340985,false
1,21,13:00,53,21:00,32,1,,,0.0,false,14.8,231.25104038992322,false
1,21,13:00,54,21:15,33,1,,,0.0,false,14.8,231.68706270643665,false
1,21,13:00,55,21:30,34,1,,,0.0,false,14.8,232.12308502295008,false
1,21,13:00,56,21:45,35,1,,,0.0,false,14.8,232.55910733946348,false
1,21,13:00,57,22:00,36,1,,,0.0,false,14.8,232.9951296559769,false
1,21,13:00,58,22:15,37,1,,,0.0,false,14.8,233.4311519724903,false
1,21,13:00,59,22:30,38,1,,,0.0,false,14.8,233.86717428900374,false
1,21,13:00,60,22:45,39,1,,,0.0,false,14.8,234.30319660551717,false
1,21,13:00,61,23:00,40,1,,,0.0,false,14.8,234.7392189220306,false
1,21,13:00,62,23:15,41,1,,,0.0,false,14.8,235.17524123854403,false
1,21,13:00,63,23:30,42,1,,,0.0,false,14.8,235.61126355505743,false
1,21,13:00,64,23:45,43,1,,,0.0,false,14.8,236.0472858715706,false
1,21,13:00,65,00:00,44,1,,,0.0,false,14.8,236.483308188084,false
1,21,13:00,66,00:15,45,1,,,0.0,false,14.8,236.91933050459744,false
1,21,13:00,67,00:30,46,1,,,0.0,false,14.8,237.35535282111084,false
1,21,13:00,68,00:45,47,1,,,0.0,false,14.8,237.79137513762427,false
1,21,13:00,69,01:00,48,1,,,0.0,false,14.8,238.2273974541377,false
1,21,13:00,70,01:15,49,1,,,0.0,false,14.8,238.66341977065113,false
1,21,13:00,71,01:30,50,1,,,0.0,false,14.8,239.09944208716453,false
1,21,13:00,72,01:45,51,1,,,0.0,false,14.8,239.53546440367796,false
1,21,13:00,73,02:00,52,1,,,0.0,false,14.8,239.97148672019136,false
1,21,13:00,74,02:15,53,1,,,0.0,false,14.8,240.4075090367048,false
1,21,13:00,75,02:30,54,1,,,0.0,false,14.8,240.84353135321822,false
1,21,13:00,76,02:45,55,1,,,0.0,false,14.8,241.27955366973163,false
1,21,13:00,77,03:00,56,1,,,0.0,false,14.8,241.71557598624506,false
1,21,13:00,78,03:15,57,1,,,0.0,false,14.8,242.15159830275846,false
1,21,13:00,79,03:30,58,1,,,0.0,false,14.8,242.5876206192719,false
1,21,13:00,80,03:45,59,1,,,0.0,false,14.8,243.02364293578526,false
1,21,13:00,81,04:00,60,1,,,0.0,false,14.8,243.4596652522987,false
1,21,13:00,82,04:15,61,1,,,0.0,false,14.8,243.89568756881212,false
1,21,13:00,83,04:30,62,1,,,0.0,false,14.8,244.33170988532552,false
1,21,13:00,84,04:45,63,1,,,0.0,false,14.8,244.76773220183895,false
1,21,13:00,85,05:00,64,1,,,0.0,false,14.8,245.20375451835238,false
1,21,13:00,86,05:15,65,1,,,0.0,false,14.8,245.6397768348658,false
1,21,13:00,87,05:30,66,1,,,0.0,false,14.8,246.07579915137924,false
1,21,13:00,88,05:45,67,1,,,0.0,false,14.8,246.51182146789267,false
1,21,13:00,89,06:00,68,1,,,0.0,false,14.8,246.94784378440607,false
1,21,13:00,90,06:15,69,1,,,0.0,false,14.8,247.3838661009195,false
1,21,13:00,91,06:30,70,1,,,0.0,false,14.8,247.81988841743294,false
1,21,13:00,92,06:45,71,1,,,0.0,false,14.8,248.2559107339463,false
1,21,13:00,93,07:00,72,1,,,0.0,false,14.8,248.69193305045974,false
1,21,13:00,94,07:15,73,1,,,0.0,false,14.8,249.12795536697314,false
1,21,13:00,95,07:30,74,1,,,0.0,false,14.8,249.56397768348657,false
1,21,13:00,96,07:45,75,1,,,0.0,false,14.8,250.0,false
1,22,13:15,22,13:15,0,1,,,0.0,false,11.333936842105036,241.26226101120628,false
1,22,13:15,23,13:30,1,1,,,0.0,false,11.333936842105036,241.69828332771968,false
1,22,13:15,24,13:45,2,1,,,0.0,false,11.333936842105036,242.1343056442331,false
1,22,13:15,25,14:00,3,1,,Digging,4.792500000000004,false,10.135811842105035,242.57032796074665,true
1,22,13:15,26,14:15,4,1,,Digging,4.792499999999997,false,8.937686842105036,243.00635027726008,true
1,22,13:15,27,14:30,5,1,,Traveling,4.710100000000001,false,7.760161842105036,243.44237259377348,false
1,22,13:15,28,14:45,6,1,,Loading/Swinging,3.1586,false,6.970511842105036,243.87839491028691,false
1,22,13:15,29,15:00,7,1,,Idle,0.0,false,6.970511842105036,244.31441722680032,false
1,22,13:15,30,15:15,8,1,,Loading/Swinging,3.1586,false,6.180861842105036,244.75043954331375,true
1,22,13:15,31,15:30,9,1,,Loading/Swinging,3.1586,false,5.391211842105036,245.18646185982718,true
1,22,13:15,32,15:45,10,1,,Digging,4.7925,false,4.193086842105036,245.62248417634058,false
1,22,13:15,33,16:00,11,1,,Traveling,4.710100000000001,false,3.0155618421050354,245.62248417634058,false
1,22,13:15,34,16:15,12,1,,Charging,1.7763568394002505e-15,true,4.915561842105035,243.51722101844584,false
1,22,13:15,35,16:30,13,1,,Loading/Swinging,3.1586,false,4.125911842105035,243.51722101844584,false
1,22,13:15,36,16:45,14,1,,Loading/Swinging,3.1586,false,3.336261842105035,243.51722101844584,false
1,22,13:15,37,17:00,15,1,,Charging,0.0,true,5.236261842105035,241.4119578605511,false
1,22,13:15,38,17:15,16,1,,Charging,0.0,true,5.300000000000001,241.34133386288354,false
1,22,13:15,39,17:30,17,1,,Charging,0.0,true,7.199999999999999,239.2360707049888,false
1,22,13:15,40,17:45,18,1,,Charging,0.0,true,9.1,237.13080754709407,false
1,22,13:15,41,18:00,19,1,,Charging,0.0,true,11.0,235.02554438919933,false
1,22,13:15,42,18:15,20,1,,Charging,0.0,true,12.9,232.92028123130459,false
1,22,13:15,43,18:30,21,1,,Charging,0.0,true,14.8,230.81501807340985,false
1,22,13:15,44,18:45,22,1,,,0.0,false,14.8,230.81501807340985,false
1,22,13:15,45,19:00,23,1,,,0.0,false,14.8,230.81501807340985,false
1,22,13:15,46,19:15,24,1,,,0.0,false,14.8,230.81501807340985,false
1,22,13:15,47,19:30,25,1,,,0.0,false,14.8,230.81501807340985,false
1,22,13:15,48,19:45,26,1,,,0.0,false,14.8,230.81501807340985,false
1,22,13:15,49,20:00,27,1,,,0.0,false,14.8,230.81501807340985,false
1,22,13:15,50,20:15,28,1,,,0.0,false,14.8,230.81501807340985,false
1,22,13:15,51,20:30,29,1,,,0.0,false,14.8,230.81501807340985,false
1,22,13:15,52,20:45,30,1,,,0.0,false,14.8,230.81501807340985,false
1,22,13:15,53,21:00,31,1,,,0.0,false,14.8,231.25104038992328,false
1,22,13:15,54,21:15,32,1,,,0.0,false,14.8,231.68706270643668,false
1,22,13:15,55,21:30,33,1,,,0.0,false,14.8,232.1230850229501,false
1,22,13:15,56,21:45,34,1,,,0.0,false,14.8,232.5591073394635,false
1,22,13:15,57,22:00,35,1,,,0.0,false,14.8,232.99512965597694,false
1,22,13:15,58,22:15,36,1,,,0.0,false,14.8,233.43115197249037,false
1,22,13:15,59,22:30,37,1,,,0.0,false,14.8,233.86717428900377,false
1,22,13:15,60,22:45,38,1,,,0.0,false,14.8,234.3031966055172,false
1,22,13:15,61,23:00,39,1,,,0.0,false,14.8,234.7392189220306,false
1,22,13:15,62,23:15,40,1,,,0.0,false,14.8,235.17524123854403,false
1,22,13:15,63,23:30,41,1,,,0.0,false,14.8,235.61126355505743,false
1,22,13:15,64,23:45,42,1,,,0.0,false,14.8,236.0472858715704,false
1,22,13:15,65,00:00,43,1,,,0.0,false,14.8,236.4833081880838,false
1,22,13:15,66,00:15,44,1,,,0.0,false,14.8,236.91933050459724,false
1,22,13:15,67,00:30,45,1,,,0.0,false,14.8,237.35535282111067,false
1,22,13:15,68,00:45,46,1,,,0.0,false,14.8,237.7913751376241,false
1,22,13:15,69,01:00,47,1,,,0.0,false,14.8,238.22739745413753,false
1,22,13:15,70,01:15,48,1,,,0.0,false,14.8,238.66341977065096,false
1,22,13:15,71,01:30,49,1,,,0.0,false,14.8,239.0994420871644,false
1,22,13:15,72,01:45,50,1,,,0.0,false,14.8,239.53546440367782,false
1,22,13:15,73,02:00,51,1,,,0.0,false,14.8,239.97148672019125,false
1,22,13:15,74,02:15,52,1,,,0.0,false,14.8,240.40750903670468,false
1,22,13:15,75,02:30,53,1,,,0.0,false,14.8,240.8435313532181,false
1,22,13:15,76,02:45,54,1,,,0.0,false,14.8,241.27955366973154,false
1,22,13:15,77,03:00,55,1,,,0.0,false,14.8,241.71557598624497,false
1,22,13:15,78,03:15,56,1,,,0.0,false,14.8,242.1515983027584,false
1,22,13:15,79,03:30,57,1,,,0.0,false,14.8,242.5876206192718,false
1,22,13:15,80,03:45,58,1,,,0.0,false,14.8,243.02364293578523,false
1,22,13:15,81,04:00,59,1,,,0.0,false,14.8,243.4596652522986,false
1,22,13:15,82,04:15,60,1,,,0.0,false,14.8,243.89568756881204,false
1,22,13:15,83,04:30,61,1,,,0.0,false,14.8,244.33170988532547,false
1,22,13:15,84,04:45,62,1,,,0.0,false,14.8,244.76773220183887,false
1,22,13:15,85,05:00,63,1,,,0.0,false,14.8,245.2037545183523,false
1,22,13:15,86,05:15,64,1,,,0.0,false,14.8,245.6397768348657,false
1,22,13:15,87,05:30,65,1,,,0.0,false,14.8,246.07579915137913,false
1,22,13:15,88,05:45,66,1,,,0.0,false,14.8,246.51182146789256,false
1,22,13:15,89,06:00,67,1,,,0.0,false,14.8,246.947843784406,false
1,22,13:15,90,06:15,68,1,,,0.0,false,14.8,247.38386610091942,false
1,22,13:15,91,06:30,69,1,,,0.0,false,14.8,247.81988841743285,false
1,22,13:15,92,06:45,70,1,,,0.0,false,14.8,248.25591073394628,false
1,22,13:15,93,07:00,71,1,,,0.0,false,14.8,248.6919330504597,false
1,22,13:15,94,07:15,72,1,,,0.0,false,14.8,249.12795536697314,false
1,22,13:15,95,07:30,73,1,,,0.0,false,14.8,249.56397768348657,false
1,22,13:15,96,07:45,74,1,,,0.0,false,14.8,250.0,false
1,23,13:30,23,13:30,0,1,,,0.0,false,11.333936842105036,241.6982833277197,false
1,23,13:30,24,13:45,1,1,,,0.0,false,11.333936842105036,242.1343056442331,false
1,23,13:30,25,14:00,2,1,,Digging,4.7925,false,10.135811842105035,242.57032796074654,false
1,23,13:30,26,14:15,3,1,,Digging,4.792499999999997,false,8.937686842105036,243.00635027726005,false
1,23,13:30,27,14:30,4,1,,Traveling,4.7101,false,7.760161842105036,243.44237259377348,false
1,23,13:30,28,14:45,5,1,,Digging,4.7925,false,6.5620368421050355,243.8783949102869,true
1,23,13:30,29,15:00,6,1,,Idle,0.0,false,6.5620368421050355,244.31441722680032,false
1,23,13:30,30,15:15,7,1,,Loading/Swinging,3.1586,false,5.7723868421050355,244.75043954331372,false
1,23,13:30,31,15:30,8,1,,Loading/Swinging,3.1586,false,4.9827368421050355,245.18646185982715,false
1,23,13:30,32,15:45,9,1,,Loading/Swinging,3.1586,false,4.193086842105036,245.62248417634058,true
1,23,13:30,33,16:00,10,1,,Traveling,4.710099999999999,false,3.015561842105036,245.62248417634058,false
1,23,13:30,34,16:15,11,1,,Charging,0.0,true,4.5393,243.93413164681706,false
1,23,13:30,35,16:30,12,1,,Loading/Swinging,3.1586,false,3.74965,243.93413164681706,false
1,23,13:30,36,16:45,13,1,,Loading/Swinging,3.1586,false,2.96,243.93413164681706,false
1,23,13:30,37,17:00,14,1,,Charging,0.0,true,3.4000000000000012,243.4465970207783,false
1,23,13:30,38,17:15,15,1,,Charging,0.0,true,5.300000000000002,241.34133386288357,false
1,23,13:30,39,17:30,16,1,,Charging,0.0,true,7.200000000000001,239.23607070498883,false
1,23,13:30,40,17:45,17,1,,Charging,0.0,true,9.100000000000001,237.1308075470941,false
1,23,13:30,41,18:00,18,1,,Charging,0.0,true,11.000000000000002,235.02554438919935,false
1,23,13:30,42,18:15,19,1,,Charging,0.0,true,12.9,232.9202812313046,false
1,23,13:30,43,18:30,20,1,,Charging,0.0,true,14.8,230.81501807340987,false
1,23,13:30,44,18:45,21,1,,,0.0,false,14.8,230.81501807340987,false
1,23,13:30,45,19:00,22,1,,,0.0,false,14.8,230.81501807340987,false
1,23,13:30,46,19:15,23,1,,,0.0,false,14.8,230.81501807340987,false
1,23,13:30,47,19:30,24,1,,,0.0,false,14.8,230.81501807340987,false
1,23,13:30,48,19:45,25,1,,,0.0,false,14.8,230.81501807340987,false
1,23,13:30,49,20:00,26,1,,,0.0,false,14.8,230.81501807340987,false
1,23,13:30,50,20:15,27,1,,,0.0,false,14.8,230.81501807340987,false
1,23,13:30,51,20:30,28,1,,,0.0,false,14.8,230.81501807340987,false
1,23,13:30,52,20:45,29,1,,,0.0,false,14.8,230.81501807340987,false
1,23,13:30,53,21:00,30,1,,,0.0,false,14.8,231.25104038992328,false
1,23,13:30,54,21:15,31,1,,,0.0,false,14.8,231.6870627064367,false
1,23,13:30,55,21:30,32,1,,,0.0,false,14.8,232.1230850229501,false
1,23,13:30,56,21:45,33,1,,,0.0,false,14.8,232.55910733946354,false
1,23,13:30,57,22:00,34,1,,,0.0,false,14.8,232.99512965597694,false
1,23,13:30,58,22:15,35,1,,,0.0,false,14.8,233.43115197249037,false
1,23,13:30,59,22:30,36,1,,,0.0,false,14.8,233.8671742890038,false
1,23,13:30,60,22:45,37,1,,,0.0,false,14.8,234.3031966055172,false
1,23,13:30,61,23:00,38,1,,,0.0,false,14.8,234.73921892203063,false
1,23,13:30,62,23:15,39,1,,,0.0,false,14.8,235.17524123854403,false
1,23,13:30,63,23:30,40,1,,,0.0,false,14.8,235.61126355505746,false
1,23,13:30,64,23:45,41,1,,,0.0,false,14.8,236.04728587157066,false
1,23,13:30,65,00:00,42,1,,,0.0,false,14.8,236.4833081880841,false
1,23,13:30,66,00:15,43,1,,,0.0,false,14.8,236.9193305045975,false
1,23,13:30,67,00:30,44,1,,,0.0,false,14.8,237.35535282111093,false
1,23,13:30,68,00:45,45,1,,,0.0,false,14.8,237.79137513762436,false
1,23,13:30,69,01:00,46,1,,,0.0,false,14.8,238.22739745413776,false
1,23,13:30,70,01:15,47,1,,,0.0,false,14.8,238.6634197706512,false
1,23,13:30,71,01:30,48,1,,,0.0,false,14.8,239.0994420871646,false
1,23,13:30,72,01:45,49,1,,,0.0,false,14.8,239.53546440367802,false
1,23,13:30,73,02:00,50,1,,,0.0,false,14.8,239.97148672019142,false
1,23,13:30,74,02:15,51,1,,,0.0,false,14.8,240.40750903670485,false
1,23,13:30,75,02:30,52,1,,,0.0,false,14.8,240.84353135321825,false
1,23,13:30,76,02:45,53,1,,,0.0,false,14.8,241.27955366973168,false
1,23,13:30,77,03:00,54,1,,,0.0,false,14.8,241.7155759862451,false
1,23,13:30,78,03:15,55,1,,,0.0,false,14.8,242.15159830275852,false
1,23,13:30,79,03:30,56,1,,,0.0,false,14.8,242.58762061927195,false
1,23,13:30,80,03:45,57,1,,,0.0,false,14.8,243.0236429357853,false
1,23,13:30,81,04:00,58,1,,,0.0,false,14.8,243.45966525229872,false
1,23,13:30,82,04:15,59,1,,,0.0,false,14.8,243.89568756881212,false
1,23,13:30,83,04:30,60,1,,,0.0,false,14.8,244.33170988532555,false
1,23,13:30,84,04:45,61,1,,,0.0,false,14.8,244.76773220183895,false
1,23,13:30,85,05:00,62,1,,,0.0,false,14.8,245.20375451835238,false
1,23,13:30,86,05:15,63,1,,,0.0,false,14.8,245.6397768348658,false
1,23,13:30,87,05:30,64,1,,,0.0,false,14.8,246.07579915137924,false
1,23,13:30,88,05:45,65,1,,,0.0,false,14.8,246.51182146789264,false
1,23,13:30,89,06:00,66,1,,,0.0,false,14.8,246.94784378440607,false
1,23,13:30,90,06:15,67,1,,,0.0,false,14.8,247.3838661009195,false
1,23,13:30,91,06:30,68,1,,,0.0,false,14.8,247.81988841743288,false
1,23,13:30,92,06:45,69,1,,,0.0,false,14.8,248.2559107339463,false
1,23,13:30,93,07:00,70,1,,,0.0,false,14.8,248.69193305045974,false
1,23,13:30,94,07:15,71,1,,,0.0,false,14.8,249.12795536697314,false
1,23,13:30,95,07:30,72,1,,,0.0,false,14.8,249.56397768348657,false
1,23,13:30,96,07:45,73,1,,,0.0,false,14.8,250.0,false
1,24,13:45,24,13:45,0,1,,,0.0,false,11.333936842105036,242.13430564423314,false
1,24,13:45,25,14:00,1,1,,Digging,4.792500000000004,false,10.135811842105035,242.57032796074654,false
1,24,13:45,26,14:15,2,1,,Digging,4.7925,false,8.937686842105036,243.00635027725997,false
1,24,13:45,27,14:30,3,1,,Traveling,4.7101,false,7.760161842105036,243.44237259377348,false
1,24,13:45,28,14:45,4,1,,Digging,4.7925,false,6.5620368421050355,243.87839491028691,false
1,24,13:45,29,15:00,5,1,,Idle,0.0,false,6.5620368421050355,244.31441722680032,false
1,24,13:45,30,15:15,6,1,,Loading/Swinging,3.1586,false,5.7723868421050355,244.75043954331375,false
1,24,13:45,31,15:30,7,1,,Loading/Swinging,3.1586,false,4.9827368421050355,245.18646185982715,false
1,24,13:45,32,15:45,8,1,,Loading/Swinging,3.1586,false,4.193086842105036,245.62248417634058,false
1,24,13:45,33,16:00,9,1,,Traveling,4.7101,false,3.015561842105036,245.62248417634058,false
1,24,13:45,34,16:15,10,1,,Charging,0.0,true,4.915561842105036,243.51722101844584,false
1,24,13:45,35,16:30,11,1,,Loading/Swinging,3.1586,false,4.125911842105036,243.51722101844584,false
1,24,13:45,36,16:45,12,1,,Loading/Swinging,3.1586,false,3.336261842105036,243.51722101844584,false
1,24,13:45,37,17:00,13,1,,Charging,0.0,true,5.236261842105036,241.4119578605511,false
1,24,13:45,38,17:15,14,1,,Charging,0.0,true,5.300000000000001,241.34133386288354,false
1,24,13:45,39,17:30,15,1,,Charging,0.0,true,7.200000000000001,239.2360707049888,false
1,24,13:45,40,17:45,16,1,,Charging,0.0,true,9.100000000000001,237.13080754709407,false
1,24,13:45,41,18:00,17,1,,Charging,0.0,true,11.0,235.02554438919933,false
1,24,13:45,42,18:15,18,1,,Charging,0.0,true,12.9,232.92028123130459,false
1,24,13:45,43,18:30,19,1,,Charging,0.0,true,14.8,230.81501807340985,false
1,24,13:45,44,18:45,20,1,,,0.0,false,14.8,230.81501807340985,false
1,24,13:45,45,19:00,21,1,,,0.0,false,14.8,230.81501807340985,false
1,24,13:45,46,19:15,22,1,,,0.0,false,14.8,230.81501807340985,false
1,24,13:45,47,19:30,23,1,,,0.0,false,14.8,230.81501807340985,false
1,24,13:45,48,19:45,24,1,,,0.0,false,14.8,230.81501807340985,false
1,24,13:45,49,20:00,25,1,,,0.0,false,14.8,230.81501807340985,false
1,24,13:45,50,20:15,26,1,,,0.0,false,14.8,230.81501807340985,false
1,24,13:45,51,20:30,27,1,,,0.0,false,14.8,230.8150180734098,false
1,24,13:45,52,20:45,28,1,,,0.0,false,14.8,230.8150180734098,false
1,24,13:45,53,21:00,29,1,,,0.0,false,14.8,231.25104038992322,false
1,24,13:45,54,21:15,30,1,,,0.0,false,14.8,231.68706270643662,false
1,24,13:45,55,21:30,31,1,,,0.0,false,14.8,232.12308502295005,false
1,24,13:45,56,21:45,32,1,,,0.0,false,14.8,232.55910733946345,false
1,24,13:45,57,22:00,33,1,,,0.0,false,14.8,232.99512965597688,false
1,24,13:45,58,22:15,34,1,,,0.0,false,14.8,233.4311519724903,false
1,24,13:45,59,22:30,35,1,,,0.0,false,14.8,233.86717428900374,false
1,24,13:45,60,22:45,36,1,,,0.0,false,14.8,234.30319660551717,false
1,24,13:45,61,23:00,37,1,,,0.0,false,14.8,234.7392189220306,false
1,24,13:45,62,23:15,38,1,,,0.0,false,14.8,235.17524123854403,false
1,24,13:45,63,23:30,39,1,,,0.0,false,14.8,235.61126355505746,false
1,24,13:45,64,23:45,40,1,,,0.0,false,14.8,236.0472858715705,false
1,24,13:45,65,00:00,41,1,,,0.0,false,14.8,236.48330818808392,false
1,24,13:45,66,00:15,42,1,,,0.0,false,14.8,236.91933050459735,false
1,24,13:45,67,00:30,43,1,,,0.0,false,14.8,237.35535282111076,false
1,24,13:45,68,00:45,44,1,,,0.0,false,14.8,237.7913751376242,false
1,24,13:45,69,01:00,45,1,,,0.0,false,14.8,238.22739745413762,false
1,24,13:45,70,01:15,46,1,,,0.0,false,14.8,238.66341977065105,false
1,24,13:45,71,01:30,47,1,,,0.0,false,14.8,239.09944208716448,false
1,24,13:45,72,01:45,48,1,,,0.0,false,14.8,239.5354644036779,false
1,24,13:45,73,02:00,49,1,,,0.0,false,14.8,239.97148672019134,false
1,24,13:45,74,02:15,50,1,,,0.0,false,14.8,240.4075090367047,false
1,24,13:45,75,02:30,51,1,,,0.0,false,14.8,240.84353135321814,false
1,24,13:45,76,02:45,52,1,,,0.0,false,14.8,241.27955366973154,false
1,24,13:45,77,03:00,53,1,,,0.0,false,14.8,241.71557598624497,false
1,24,13:45,78,03:15,54,1,,,0.0,false,14.8,242.1515983027584,false
1,24,13:45,79,03:30,55,1,,,0.0,false,14.8,242.5876206192718,false
1,24,13:45,80,03:45,56,1,,,0.0,false,14.8,243.02364293578523,false
1,24,13:45,81,04:00,57,1,,,0.0,false,14.8,243.45966525229863,false
1,24,13:45,82,04:15,58,1,,,0.0,false,14.8,243.89568756881206,false
1,24,13:45,83,04:30,59,1,,,0.0,false,14.8,244.33170988532547,false
1,24,13:45,84,04:45,60,1,,,0.0,false,14.8,244.7677322018389,false
1,24,13:45,85,05:00,61,1,,,0.0,false,14.8,245.2037545183523,false
1,24,13:45,86,05:15,62,1,,,0.0,false,14.8,245.63977683486573,false
1,24,13:45,87,05:30,63,1,,,0.0,false,14.8,246.07579915137913,false
1,24,13:45,88,05:45,64,1,,,0.0,false,14.8,246.51182146789256,false
1,24,13:45,89,06:00,65,1,,,0.0,false,14.8,246.947843784406,false
1,24,13:45,90,06:15,66,1,,,0.0,false,14.8,247.38386610091942,false
1,24,13:45,91,06:30,67,1,,,0.0,false,14.8,247.81988841743285,false
1,24,13:45,92,06:45,68,1,,,0.0,false,14.8,248.25591073394628,false
1,24,13:45,93,07:00,69,1,,,0.0,false,14.8,248.6919330504597,false
1,24,13:45,94,07:15,70,1,,,0.0,false,14.8,249.12795536697314,false
1,24,13:45,95,07:30,71,1,,,0.0,false,14.8,249.56397768348657,false
1,24,13:45,96,07:45,72,1,,,0.0,false,14.8,250.0,false
1,25,14:00,25,14:00,0,1,,Digging,4.7925,false,10.135811842105035,242.57032796074657,false
1,25,14:00,26,14:15,1,1,,Digging,4.7925,false,8.937686842105036,243.00635027726,false
1,25,14:00,27,14:30,2,1,,Traveling,4.7101,false,7.760161842105036,243.44237259377343,false
1,25,14:00,28,14:45,3,1,,Digging,4.7925,false,6.5620368421050355,243.87839491028686,false
1,25,14:00,29,15:00,4,1,,Idle,0.0,false,6.5620368421050355,244.31441722680026,false
1,25,14:00,30,15:15,5,1,,Loading/Swinging,3.1586,false,5.7723868421050355,244.7504395433137,false
1,25,14:00,31,15:30,6,1,,Loading/Swinging,3.1586,false,4.9827368421050355,245.18646185982712,false
1,25,14:00,32,15:45,7,1,,Loading/Swinging,3.1586,false,4.193086842105036,245.62248417634055,false
1,25,14:00,33,16:00,8,1,,Traveling,4.710100000000001,false,3.0155618421050354,245.62248417634055,false
1,25,14:00,34,16:15,9,1,,Charging,0.0,true,4.915561842105035,243.5172210184458,false
1,25,14:00,35,16:30,10,1,,Loading/Swinging,3.1586,false,4.125911842105035,243.5172210184458,false
1,25,14:00,36,16:45,11,1,,Loading/Swinging,3.1586,false,3.336261842105035,243.5172210184458,false
1,25,14:00,37,17:00,12,1,,Charging,0.0,true,5.236261842105035,241.41195786055107,false
1,25,14:00,38,17:15,13,1,,Charging,0.0,true,5.300000000000001,241.34133386288352,false
1,25,14:00,39,17:30,14,1,,Charging,0.0,true,7.200000000000001,239.23607070498878,false
1,25,14:00,40,17:45,15,1,,Charging,0.0,true,9.100000000000001,237.13080754709404,false
1,25,14:00,41,18:00,16,1,,Charging,0.0,true,11.000000000000002,235.0255443891993,false
1,25,14:00,42,18:15,17,1,,Charging,0.0,true,12.9,232.92028123130456,false
1,25,14:00,43,18:30,18,1,,Charging,0.0,true,14.8,230.81501807340982,false
1,25,14:00,44,18:45,19,1,,,0.0,false,14.8,230.81501807340982,false
1,25,14:00,45,19:00,20,1,,,0.0,false,14.8,230.81501807340982,false
1,25,14:00,46,19:15,21,1,,,0.0,false,14.8,230.81501807340982,false
1,25,14:00,47,19:30,22,1,,,0.0,false,14.8,230.81501807340982,false
1,25,14:00,48,19:45,23,1,,,0.0,false,14.8,230.81501807340982,false
1,25,14:00,49,20:00,24,1,,,0.0,false,14.8,230.81501807340982,false
1,25,14:00,50,20:15,25,1,,,0.0,false,14.8,230.81501807340982,false
1,25,14:00,51,20:30,26,1,,,0.0,false,14.8,230.81501807340982,false
1,25,14:00,52,20:45,27,1,,,0.0,false,14.8,230.81501807340982,false
1,25,14:00,53,21:00,28,1,,,0.0,false,14.8,231.25104038992325,false
1,25,14:00,54,21:15,29,1,,,0.0,false,14.8,231.68706270643668,false
1,25,14:00,55,21:30,30,1,,,0.0,false,14.8,232.1230850229501,false
1,25,14:00,56,21:45,31,1,,,0.0,false,14.8,232.55910733946354,false
1,25,14:00,57,22:00,32,1,,,0.0,false,14.8,232.99512965597697,false
1,25,14:00,58,22:15,33,1,,,0.0,false,14.8,233.4311519724904,false
1,25,14:00,59,22:30,34,1,,,0.0,false,14.8,233.86717428900383,false
1,25,14:00,60,22:45,35,1,,,0.0,false,14.8,234.30319660551726,false
1,25,14:00,61,23:00,36,1,,,0.0,false,14.8,234.7392189220307,false
1,25,14:00,62,23:15,37,1,,,0.0,false,14.8,235.17524123854406,false
1,25,14:00,63,23:30,38,1,,,0.0,false,14.8,235.6112635550575,false
1,25,14:00,64,23:45,39,1,,,0.0,false,14.8,236.04728587157064,false
1,25,14:00,65,00:00,40,1,,,0.0,false,14.8,236.48330818808407,false
1,25,14:00,66,00:15,41,1,,,0.0,false,14.8,236.91933050459747,false
1,25,14:00,67,00:30,42,1,,,0.0,false,14.8,237.3553528211109,false
1,25,14:00,68,00:45,43,1,,,0.0,false,14.8,237.7913751376243,false
1,25,14:00,69,01:00,44,1,,,0.0,false,14.8,238.22739745413773,false
1,25,14:00,70,01:15,45,1,,,0.0,false,14.8,238.66341977065116,false
1,25,14:00,71,01:30,46,1,,,0.0,false,14.8,239.09944208716456,false
1,25,14:00,72,01:45,47,1,,,0.0,false,14.8,239.535464403678,false
1,25,14:00,73,02:00,48,1,,,0.0,false,14.8,239.9714867201914,false
1,25,14:00,74,02:15,49,1,,,0.0,false,14.8,240.40750903670482,false
1,25,14:00,75,02:30,50,1,,,0.0,false,14.8,240.84353135321822,false
1,25,14:00,76,02:45,51,1,,,0.0,false,14.8,241.27955366973165,false
1,25,14:00,77,03:00,52,1,,,0.0,false,14.8,241.71557598624506,false
1,25,14:00,78,03:15,53,1,,,0.0,false,14.8,242.1515983027585,false
1,25,14:00,79,03:30,54,1,,,0.0,false,14.8,242.58762061927192,false
1,25,14:00,80,03:45,55,1,,,0.0,false,14.8,243.02364293578532,false
1,25,14:00,81,04:00,56,1,,,0.0,false,14.8,243.45966525229875,false
1,25,14:00,82,04:15,57,1,,,0.0,false,14.8,243.89568756881215,false
1,25,14:00,83,04:30,58,1,,,0.0,false,14.8,244.33170988532558,false
1,25,14:00,84,04:45,59,1,,,0.0,false,14.8,244.76773220183898,false
1,25,14:00,85,05:00,60,1,,,0.0,false,14.8,245.2037545183524,false
1,25,14:00,86,05:15,61,1,,,0.0,false,14.8,245.63977683486578,false
1,25,14:00,87,05:30,62,1,,,0.0,false,14.8,246.07579915137921,false
1,25,14:00,88,05:45,63,1,,,0.0,false,14.8,246.51182146789264,false
1,25,14:00,89,06:00,64,1,,,0.0,false,14.8,246.94784378440605,false
1,25,14:00,90,06:15,65,1,,,0.0,false,14.8,247.38386610091948,false
1,25,14:00,91,06:30,66,1,,,0.0,false,14.8,247.81988841743288,false
1,25,14:00,92,06:45,67,1,,,0.0,false,14.8,248.2559107339463,false
1,25,14:00,93,07:00,68,1,,,0.0,false,14.8,248.6919330504597,false
1,25,14:00,94,07:15,69,1,,,0.0,false,14.8,249.12795536697314,false
1,25,14:00,95,07:30,70,1,,,0.0,false,14.8,249.56397768348657,false
1,25,14:00,96,07:45,71,1,,,0.0,false,14.8,250.0,false
1,26,14:15,26,14:15,0,1,,Digging,4.7925,false,9.012836842105035,243.00635027726,false
1,26,14:15,27,14:30,1,1,,Traveling,4.710100000000001,false,7.835311842105035,243.4423725937734,false
1,26,14:15,28,14:45,2,1,,Digging,4.7925,false,6.637186842105035,243.87839491028683,false
1,26,14:15,29,15:00,3,1,,Idle,0.0,false,6.637186842105035,244.3144172268002,false
1,26,14:15,30,15:15,4,1,,Loading/Swinging,3.1586,false,5.847536842105035,244.75043954331363,false
1,26,14:15,31,15:30,5,1,,Loading/Swinging,3.1586,false,5.057886842105035,245.18646185982706,false
1,26,14:15,32,15:45,6,1,,Loading/Swinging,3.1586,false,4.268236842105035,245.6224841763405,false
1,26,14:15,33,16:00,7,1,,Traveling,4.7101,false,3.0907118421050352,245.6224841763405,false
1,26,14:15,34,16:15,8,1,,Charging,0.0,true,4.979300000000001,243.52986571883915,false
1,26,14:15,35,16:30,9,1,,Loading/Swinging,3.1586,false,4.189650000000001,243.52986571883915,false
1,26,14:15,36,16:45,10,1,,Loading/Swinging,3.1586,false,3.4000000000000012,243.52986571883915,false
1,26,14:15,37,17:00,11,1,,Charging,0.0,true,5.300000000000001,241.4246025609444,false
1,26,14:15,38,17:15,12,1,,Charging,0.0,true,7.2,239.31933940304967,false
1,26,14:15,39,17:30,13,1,,Charging,0.0,true,9.1,237.21407624515493,false
1,26,14:15,40,17:45,14,1,,Charging,0.0,true,11.0,235.1088130872602,false
1,26,14:15,41,18:00,15,1,,Charging,0.0,true,12.9,233.00354992936545,false
1,26,14:15,42,18:15,16,1,,Charging,0.0,true,14.8,230.8982867714707,false
1,26,14:15,43,18:30,17,1,,,0.0,false,14.8,230.8982867714707,true
1,26,14:15,44,18:45,18,1,,,0.0,false,14.8,230.8982867714707,false
1,26,14:15,45,19:00,19,1,,,0.0,false,14.8,230.8982867714707,false
1,26,14:15,46,19:15,20,1,,,0.0,false,14.8,230.8982867714707,false
1,26,14:15,47,19:30,21,1,,,0.0,false,14.8,230.8982867714707,false
1,26,14:15,48,19:45,22,1,,,0.0,false,14.8,230.8982867714707,false
1,26,14:15,49,20:00,23,1,,,0.0,false,14.8,230.8982867714707,false
1,26,14:15,50,20:15,24,1,,,0.0,false,14.8,230.8982867714707,false
1,26,14:15,51,20:30,25,1,,,0.0,false,14.8,230.8982867714707,false
1,26,14:15,52,20:45,26,1,,,0.0,false,14.8,230.8982867714707,false
1,26,14:15,53,21:00,27,1,,,0.0,false,14.8,231.3343090879841,false
1,26,14:15,54,21:15,28,1,,,0.0,false,14.8,231.77033140449754,false
1,26,14:15,55,21:30,29,1,,,0.0,false,14.8,232.20635372101097,false
1,26,14:15,56,21:45,30,1,,,0.0,false,14.8,232.64237603752437,false
1,26,14:15,57,22:00,31,1,,,0.0,false,14.8,233.0783983540378,false
1,26,14:15,58,22:15,32,1,,,0.0,false,14.8,233.5144206705512,false
1,26,14:15,59,22:30,33,1,,,0.0,false,14.8,233.95044298706463,false
1,26,14:15,60,22:45,34,1,,,0.0,false,14.8,234.38646530357803,false
1,26,14:15,61,23:00,35,1,,,0.0,false,14.8,234.82248762009147,false
1,26,14:15,62,23:15,36,1,,,0.0,false,14.8,235.25850993660487,false
1,26,14:15,63,23:30,37,1,,,0.0,false,14.8,235.6945322531183,false
1,26,14:15,64,23:45,38,1,,,0.0,false,14.8,236.0472858715704,false
1,26,14:15,65,00:00,39,1,,,0.0,false,14.8,236.4833081880838,false
1,26,14:15,66,00:15,40,1,,,0.0,false,14.8,236.91933050459724,false
1,26,14:15,67,00:30,41,1,,,0.0,false,14.8,237.35535282111064,false
1,26,14:15,68,00:45,42,1,,,0.0,false,14.8,237.79137513762407,false
1,26,14:15,69,01:00,43,1,,,0.0,false,14.8,238.22739745413747,false
1,26,14:15,70,01:15,44,1,,,0.0,false,14.8,238.6634197706509,false
1,26,14:15,71,01:30,45,1,,,0.0,false,14.8,239.0994420871643,false
1,26,14:15,72,01:45,46,1,,,0.0,false,14.8,239.53546440367774,false
1,26,14:15,73,02:00,47,1,,,0.0,false,14.8,239.97148672019117,false
1,26,14:15,74,02:15,48,1,,,0.0,false,14.8,240.40750903670457,false
1,26,14:15,75,02:30,49,1,,,0.0,false,14.8,240.843531353218,false
1,26,14:15,76,02:45,50,1,,,0.0,false,14.8,241.2795536697314,false
1,26,14:15,77,03:00,51,1,,,0.0,false,14.8,241.71557598624483,false
1,26,14:15,78,03:15,52,1,,,0.0,false,14.8,242.15159830275823,false
1,26,14:15,79,03:30,53,1,,,0.0,false,14.8,242.58762061927166,false
1,26,14:15,80,03:45,54,1,,,0.0,false,14.8,243.0236429357853,false
1,26,14:15,81,04:00,55,1,,,0.0,false,14.8,243.45966525229872,false
1,26,14:15,82,04:15,56,1,,,0.0,false,14.8,243.89568756881215,false
1,26,14:15,83,04:30,57,1,,,0.0,false,14.8,244.33170988532555,false
1,26,14:15,84,04:45,58,1,,,0.0,false,14.8,244.76773220183898,false
1,26,14:15,85,05:00,59,1,,,0.0,false,14.8,245.20375451835238,false
1,26,14:15,86,05:15,60,1,,,0.0,false,14.8,245.6397768348658,false
1,26,14:15,87,05:30,61,1,,,0.0,false,14.8,246.07579915137921,false
1,26,14:15,88,05:45,62,1,,,0.0,false,14.8,246.51182146789264,false
1,26,14:15,89,06:00,63,1,,,0.0,false,14.8,246.94784378440605,false
1,26,14:15,90,06:15,64,1,,,0.0,false,14.8,247.38386610091948,false
1,26,14:15,91,06:30,65,1,,,0.0,false,14.8,247.8198884174329,false
1,26,14:15,92,06:45,66,1,,,0.0,false,14.8,248.2559107339463,false
1,26,14:15,93,07:00,67,1,,,0.0,false,14.8,248.69193305045974,false
1,26,14:15,94,07:15,68,1,,,0.0,false,14.8,249.12795536697314,false
1,26,14:15,95,07:30,69,1,,,0.0,false,14.8,249.56397768348657,false
1,26,14:15,96,07:45,70,1,,,0.0,false,14.8,250.0,false
1,27,14:30,27,14:30,0,1,,Traveling,4.7101,false,7.838211842105035,243.44237259377343,false
1,27,14:30,28,14:45,1,1,,Digging,4.792500000000001,false,6.640086842105035,243.87839491028686,false
1,27,14:30,29,15:00,2,1,,Idle,0.0,false,6.640086842105035,244.3144172268003,false
1,27,14:30,30,15:15,3,1,,Loading/Swinging,3.1586,false,5.850436842105035,244.75043954331372,false
1,27,14:30,31,15:30,4,1,,Loading/Swinging,3.1586,false,5.060786842105035,245.18646185982715,false
1,27,14:30,32,15:45,5,1,,Loading/Swinging,3.1586,false,4.271136842105035,245.62248417634058,false
1,27,14:30,33,16:00,6,1,,Traveling,4.710100000000001,false,3.0936118421050347,245.62248417634058,false
1,27,14:30,34,16:15,7,1,,Charging,0.0,true,4.9793,243.53307901523812,false
1,27,14:30,35,16:30,8,1,,Loading/Swinging,3.1586,false,4.18965,243.53307901523812,false
1,27,14:30,36,16:45,9,1,,Loading/Swinging,3.1586,false,3.4000000000000004,243.53307901523812,false
1,27,14:30,37,17:00,10,1,,Charging,0.0,true,5.300000000000001,241.42781585734338,false
1,27,14:30,38,17:15,11,1,,Charging,0.0,true,7.199999999999999,239.32255269944864,false
1,27,14:30,39,17:30,12,1,,Charging,0.0,true,9.1,237.2172895415539,false
1,27,14:30,40,17:45,13,1,,Charging,0.0,true,10.999999999999998,235.11202638365916,false
1,27,14:30,41,18:00,14,1,,Charging,0.0,true,12.899999999999999,233.00676322576442,false
1,27,14:30,42,18:15,15,1,,Charging,0.0,true,14.8,230.90150006786968,false
1,27,14:30,43,18:30,16,1,,,0.0,false,14.8,230.90150006786968,false
1,27,14:30,44,18:45,17,1,,,0.0,false,14.8,230.90150006786968,false
1,27,14:30,45,19:00,18,1,,,0.0,false,14.8,230.90150006786968,false
1,27,14:30,46,19:15,19,1,,,0.0,false,14.8,230.90150006786968,false
1,27,14:30,47,19:30,20,1,,,0.0,false,14.8,230.90150006786968,false
1,27,14:30,48,19:45,21,1,,,0.0,false,14.8,230.90150006786968,false
1,27,14:30,49,20:00,22,1,,,0.0,false,14.8,230.90150006786968,false
1,27,14:30,50,20:15,23,1,,,0.0,false,14.8,230.90150006786968,false
1,27,14:30,51,20:30,24,1,,,0.0,false,14.8,230.90150006786968,false
1,27,14:30,52,20:45,25,1,,,0.0,false,14.8,230.90150006786968,false
1,27,14:30,53,21:00,26,1,,,0.0,false,14.8,231.3375223843831,false
1,27,14:30,54,21:15,27,1,,,0.0,false,14.8,231.77354470089654,false
1,27,14:30,55,21:30,28,1,,,0.0,false,14.8,232.20956701740997,false
1,27,14:30,56,21:45,29,1,,,0.0,false,14.8,232.6455893339234,false
1,27,14:30,57,22:00,30,1,,,0.0,false,14.8,233.08161165043683,false
1,27,14:30,58,22:15,31,1,,,0.0,false,14.8,233.51763396695026,false
1,27,14:30,59,22:30,32,1,,,0.0,false,14.8,233.9536562834637,false
1,27,14:30,60,22:45,33,1,,,0.0,false,14.8,234.38967859997712,false
1,27,14:30,61,23:00,34,1,,,0.0,false,14.8,234.82570091649055,false
1,27,14:30,62,23:15,35,1,,,0.0,false,14.8,235.26172323300398,false
1,27,14:30,63,23:30,36,1,,,0.0,false,14.8,235.6977455495174,false
1,27,14:30,64,23:45,37,1,,,0.0,false,14.8,236.04728587157027,false
1,27,14:30,65,00:00,38,1,,,0.0,false,14.8,236.4833081880837,false
1,27,14:30,66,00:15,39,1,,,0.0,false,14.8,236.91933050459713,false
1,27,14:30,67,00:30,40,1,,,0.0,false,14.8,237.35535282111056,false
1,27,14:30,68,00:45,41,1,,,0.0,false,14.8,237.791375137624,false
1,27,14:30,69,01:00,42,1,,,0.0,false,14.8,238.22739745413742,false
1,27,14:30,70,01:15,43,1,,,0.0,false,14.8,238.66341977065085,false
1,27,14:30,71,01:30,44,1,,,0.0,false,14.8,239.09944208716428,false
1,27,14:30,72,01:45,45,1,,,0.0,false,14.8,239.5354644036777,false
1,27,14:30,73,02:00,46,1,,,0.0,false,14.8,239.97148672019114,false
1,27,14:30,74,02:15,47,1,,,0.0,false,14.8,240.40750903670457,false
1,27,14:30,75,02:30,48,1,,,0.0,false,14.8,240.843531353218,false
1,27,14:30,76,02:45,49,1,,,0.0,false,14.8,241.27955366973143,false
1,27,14:30,77,03:00,50,1,,,0.0,false,14.8,241.71557598624486,false
1,27,14:30,78,03:15,51,1,,,0.0,false,14.8,242.1515983027583,false
1,27,14:30,79,03:30,52,1,,,0.0,false,14.8,242.58762061927172,false
1,27,14:30,80,03:45,53,1,,,0.0,false,14.8,243.02364293578515,false
1,27,14:30,81,04:00,54,1,,,0.0,false,14.8,243.45966525229858,false
1,27,14:30,82,04:15,55,1,,,0.0,false,14.8,243.895687568812,false
1,27,14:30,83,04:30,56,1,,,0.0,false,14.8,244.33170988532544,false
1,27,14:30,84,04:45,57,1,,,0.0,false,14.8,244.76773220183887,false
1,27,14:30,85,05:00,58,1,,,0.0,false,14.8,245.2037545183523,false
1,27,14:30,86,05:15,59,1,,,0.0,false,14.8,245.63977683486573,false
1,27,14:30,87,05:30,60,1,,,0.0,false,14.8,246.07579915137916,false
1,27,14:30,88,05:45,61,1,,,0.0,false,14.8,246.5118214678926,false
1,27,14:30,89,06:00,62,1,,,0.0,false,14.8,246.94784378440602,false
1,27,14:30,90,06:15,63,1,,,0.0,false,14.8,247.38386610091945,false
1,27,14:30,91,06:30,64,1,,,0.0,false,14.8,247.81988841743288,false
1,27,14:30,92,06:45,65,1,,,0.0,false,14.8,248.2559107339463,false
1,27,14:30,93,07:00,66,1,,,0.0,false,14.8,248.69193305045974,false
1,27,14:30,94,07:15,67,1,,,0.0,false,14.8,249.12795536697314,false
1,27,14:30,95,07:30,68,1,,,0.0,false,14.8,249.56397768348657,false
1,27,14:30,96,07:45,69,1,,,0.0,false,14.8,250.0,false
1,28,14:45,28,14:45,0,1,,Digging,4.7925,false,6.674461842105035,243.87839491028686,false
1,28,14:45,29,15:00,1,1,,Idle,0.0,false,6.674461842105035,244.3144172268003,false
1,28,14:45,30,15:15,2,1,,Loading/Swinging,3.1586,false,5.884811842105035,244.75043954331372,false
1,28,14:45,31,15:30,3,1,,Loading/Swinging,3.1586,false,5.095161842105035,245.18646185982715,false
1,28,14:45,32,15:45,4,1,,Loading/Swinging,3.1586,false,4.305511842105035,245.62248417634058,false
1,28,14:45,33,16:00,5,1,,Traveling,4.7101,false,3.1279868421050345,245.62248417634058,false
1,28,14:45,34,16:15,6,1,,Charging,0.0,true,4.979300000000001,243.5711676578974,false
1,28,14:45,35,16:30,7,1,,Loading/Swinging,3.1586,false,4.189650000000001,243.5711676578974,false
1,28,14:45,36,16:45,8,1,,Loading/Swinging,3.1586,false,3.4000000000000012,243.5711676578974,false
1,28,14:45,37,17:00,9,1,,Charging,0.0,true,5.300000000000001,241.46590450000267,false
1,28,14:45,38,17:15,10,1,,Charging,0.0,true,7.2,239.36064134210793,false
1,28,14:45,39,17:30,11,1,,Charging,0.0,true,9.1,237.25537818421319,false
1,28,14:45,40,17:45,12,1,,Charging,0.0,true,11.0,235.15011502631845,false
1,28,14:45,41,18:00,13,1,,Charging,0.0,true,12.9,233.0448518684237,false
1,28,14:45,42,18:15,14,1,,Charging,0.0,true,14.8,230.93958871052897,false
1,28,14:45,43,18:30,15,1,,,0.0,false,14.8,230.93958871052897,false
1,28,14:45,44,18:45,16,1,,,0.0,false,14.8,230.93958871052897,false
1,28,14:45,45,19:00,17,1,,,0.0,false,14.8,230.93958871052897,false
1,28,14:45,46,19:15,18,1,,,0.0,false,14.8,230.93958871052897,false
1,28,14:45,47,19:30,19,1,,,0.0,false,14.8,230.93958871052897,false
1,28,14:45,48,19:45,20,1,,,0.0,false,14.8,230.93958871052897,false
1,28,14:45,49,20:00,21,1,,,0.0,false,14.8,230.93958871052897,false
1,28,14:45,50,20:15,22,1,,,0.0,false,14.8,230.93958871052897,false
1,28,14:45,51,20:30,23,1,,,0.0,false,14.8,230.93958871052897,false
1,28,14:45,52,20:45,24,1,,,0.0,false,14.8,230.93958871052897,false
1,28,14:45,53,21:00,25,1,,,0.0,false,14.8,231.3756110270424,false
1,28,14:45,54,21:15,26,1,,,0.0,false,14.8,231.81163334355583,false
1,28,14:45,55,21:30,27,1,,,0.0,false,14.8,232.24765566006923,false
1,28,14:45,56,21:45,28,1,,,0.0,false,14.8,232.68367797658266,false
1,28,14:45,57,22:00,29,1,,,0.0,false,14.8,233.1197002930961,false
1,28,14:45,58,22:15,30,1,,,0.0,false,14.8,233.5557226096095,false
1,28,14:45,59,22:30,31,1,,,0.0,false,14.8,233.99174492612292,false
1,28,14:45,60,22:45,32,1,,,0.0,false,14.8,234.42776724263632,false
1,28,14:45,61,23:00,33,1,,,0.0,false,14.8,234.86378955914975,false
1,28,14:45,62,23:15,34,1,,,0.0,false,14.8,235.29981187566315,false
1,28,14:45,63,23:30,35,1,,,0.0,false,14.8,235.73583419217658,false
1,28,14:45,64,23:45,36,1,,,0.0,false,14.8,236.04728587157064,false
1,28,14:45,65,00:00,37,1,,,0.0,false,14.8,236.48330818808407,false
1,28,14:45,66,00:15,38,1,,,0.0,false,14.8,236.9193305045975,false
1,28,14:45,67,00:30,39,1,,,0.0,false,14.8,237.3553528211109,false
1,28,14:45,68,00:45,40,1,,,0.0,false,14.8,237.79137513762433,false
1,28,14:45,69,01:00,41,1,,,0.0,false,14.8,238.22739745413773,false
1,28,14:45,70,01:15,42,1,,,0.0,false,14.8,238.66341977065116,false
1,28,14:45,71,01:30,43,1,,,0.0,false,14.8,239.09944208716456,false
1,28,14:45,72,01:45,44,1,,,0.0,false,14.8,239.535464403678,false
1,28,14:45,73,02:00,45,1,,,0.0,false,14.8,239.9714867201914,false
1,28,14:45,74,02:15,46,1,,,0.0,false,14.8,240.40750903670482,false
1,28,14:45,75,02:30,47,1,,,0.0,false,14.8,240.84353135321825,false
1,28,14:45,76,02:45,48,1,,,0.0,false,14.8,241.27955366973165,false
1,28,14:45,77,03:00,49,1,,,0.0,false,14.8,241.71557598624509,false
1,28,14:45,78,03:15,50,1,,,0.0,false,14.8,242.1515983027585,false
1,28,14:45,79,03:30,51,1,,,0.0,false,14.8,242.58762061927192,false
1,28,14:45,80,03:45,52,1,,,0.0,false,14.8,243.02364293578532,false
1,28,14:45,81,04:00,53,1,,,0.0,false,14.8,243.45966525229875,false
1,28,14:45,82,04:15,54,1,,,0.0,false,14.8,243.89568756881215,false
1,28,14:45,83,04:30,55,1,,,0.0,false,14.8,244.33170988532558,false
1,28,14:45,84,04:45,56,1,,,0.0,false,14.8,244.76773220183898,false
1,28,14:45,85,05:00,57,1,,,0.0,false,14.8,245.2037545183524,false
1,28,14:45,86,05:15,58,1,,,0.0,false,14.8,245.6397768348658,false
1,28,14:45,87,05:30,59,1,,,0.0,false,14.8,246.07579915137924,false
1,28,14:45,88,05:45,60,1,,,0.0,false,14.8,246.51182146789262,false
1,28,14:45,89,06:00,61,1,,,0.0,false,14.8,246.94784378440605,false
1,28,14:45,90,06:15,62,1,,,0.0,false,14.8,247.38386610091948,false
1,28,14:45,91,06:30,63,1,,,0.0,false,14.8,247.81988841743288,false
1,28,14:45,92,06:45,64,1,,,0.0,false,14.8,248.2559107339463,false
1,28,14:45,93,07:00,65,1,,,0.0,false,14.8,248.6919330504597,false
1,28,14:45,94,07:15,66,1,,,0.0,false,14.8,249.12795536697314,false
1,28,14:45,95,07:30,67,1,,,0.0,false,14.8,249.56397768348657,false
1,28,14:45,96,07:45,68,1,,,0.0,false,14.8,250.0,false
1,29,15:00,29,15:00,0,1,,Idle,0.0,false,6.821936842105035,244.3144172268003,false
1,29,15:00,30,15:15,1,1,,Loading/Swinging,3.1586,false,6.032286842105035,244.75043954331372,false
1,29,15:00,31,15:30,2,1,,Loading/Swinging,3.1586,false,5.242636842105035,245.18646185982715,false
1,29,15:00,32,15:45,3,1,,Loading/Swinging,3.1586,false,4.452986842105035,245.62248417634058,false
1,29,15:00,33,16:00,4,1,,Traveling,4.7101,false,3.2754618421050345,245.62248417634058,false
1,29,15:00,34,16:15,5,1,,Charging,0.0,true,4.979300000000001,243.73457486011347,false
1,29,15:00,35,16:30,6,1,,Loading/Swinging,3.1586,false,4.189650000000001,243.73457486011347,false
1,29,15:00,36,16:45,7,1,,Loading/Swinging,3.1586,false,3.4000000000000012,243.73457486011347,false
1,29,15:00,37,17:00,8,1,,Charging,0.0,true,5.300000000000001,241.62931170221873,false
1,29,15:00,38,17:15,9,1,,Charging,0.0,true,7.200000000000001,239.524048544324,false
1,29,15:00,39,17:30,10,1,,Charging,0.0,true,9.100000000000001,237.41878538642925,false
1,29,15:00,40,17:45,11,1,,Charging,0.0,true,11.000000000000002,235.3135222285345,false
1,29,15:00,41,18:00,12,1,,Charging,0.0,true,12.900000000000002,233.20825907063977,false
1,29,15:00,42,18:15,13,1,,Charging,0.0,true,14.8,231.10299591274503,false
1,29,15:00,43,18:30,14,1,,,0.0,false,14.8,231.10299591274503,false
1,29,15:00,44,18:45,15,1,,,0.0,false,14.8,231.10299591274503,false
1,29,15:00,45,19:00,16,1,,,0.0,false,14.8,231.10299591274503,false
1,29,15:00,46,19:15,17,1,,,0.0,false,14.8,231.10299591274503,false
1,29,15:00,47,19:30,18,1,,,0.0,false,14.8,231.10299591274503,false
1,29,15:00,48,19:45,19,1,,,0.0,false,14.8,231.10299591274503,false
1,29,15:00,49,20:00,20,1,,,0.0,false,14.8,231.10299591274503,false
1,29,15:00,50,20:15,21,1,,,0.0,false,14.8,231.10299591274503,false
1,29,15:00,51,20:30,22,1,,,0.0,false,14.8,231.10299591274503,false
1,29,15:00,52,20:45,23,1,,,0.0,false,14.8,231.10299591274503,false
1,29,15:00,53,21:00,24,1,,,0.0,false,14.8,231.53901822925846,false
1,29,15:00,54,21:15,25,1,,,0.0,false,14.8,231.9750405457719,false
1,29,15:00,55,21:30,26,1,,,0.0,false,14.8,232.41106286228532,false
1,29,15:00,56,21:45,27,1,,,0.0,false,14.8,232.84708517879875,false
1,29,15:00,57,22:00,28,1,,,0.0,false,14.8,233.28310749531218,false
1,29,15:00,58,22:15,29,1,,,0.0,false,14.8,233.7191298118256,false
1,29,15:00,59,22:30,30,1,,,0.0,false,14.8,234.15515212833904,false
1,29,15:00,60,22:45,31,1,,,0.0,false,14.8,234.59117444485247,false
1,29,15:00,61,23:00,32,1,,,0.0,false,14.8,235.0271967613659,false
1,29,15:00,62,23:15,33,1,,,0.0,false,14.8,235.46321907787933,false
1,29,15:00,63,23:30,34,1,,,0.0,false,14.8,235.89924139439276,false
1,29,15:00,64,23:45,35,1,,,0.0,false,14.8,236.04728587157024,false
1,29,15:00,65,00:00,36,1,,,0.0,false,14.8,236.48330818808367,false
1,29,15:00,66,00:15,37,1,,,0.0,false,14.8,236.9193305045971,false
1,29,15:00,67,00:30,38,1,,,0.0,false,14.8,237.35535282111053,false
1,29,15:00,68,00:45,39,1,,,0.0,false,14.8,237.79137513762396,false
1,29,15:00,69,01:00,40,1,,,0.0,false,14.8,238.2273974541374,false
1,29,15:00,70,01:15,41,1,,,0.0,false,14.8,238.66341977065082,false
1,29,15:00,71,01:30,42,1,,,0.0,false,14.8,239.09944208716425,false
1,29,15:00,72,01:45,43,1,,,0.0,false,14.8,239.53546440367768,false
1,29,15:00,73,02:00,44,1,,,0.0,false,14.8,239.9714867201911,false
1,29,15:00,74,02:15,45,1,,,0.0,false,14.8,240.40750903670454,false
1,29,15:00,75,02:30,46,1,,,0.0,false,14.8,240.84353135321797,false
1,29,15:00,76,02:45,47,1,,,0.0,false,14.8,241.2795536697314,false
1,29,15:00,77,03:00,48,1,,,0.0,false,14.8,241.71557598624483,false
1,29,15:00,78,03:15,49,1,,,0.0,false,14.8,242.15159830275826,false
1,29,15:00,79,03:30,50,1,,,0.0,false,14.8,242.5876206192717,false
1,29,15:00,80,03:45,51,1,,,0.0,false,14.8,243.02364293578512,false
1,29,15:00,81,04:00,52,1,,,0.0,false,14.8,243.45966525229855,false
1,29,15:00,82,04:15,53,1,,,0.0,false,14.8,243.89568756881198,false
1,29,15:00,83,04:30,54,1,,,0.0,false,14.8,244.3317098853254,false
1,29,15:00,84,04:45,55,1,,,0.0,false,14.8,244.76773220183884,false
1,29,15:00,85,05:00,56,1,,,0.0,false,14.8,245.20375451835227,false
1,29,15:00,86,05:15,57,1,,,0.0,false,14.8,245.6397768348657,false
1,29,15:00,87,05:30,58,1,,,0.0,false,14.8,246.07579915137913,false
1,29,15:00,88,05:45,59,1,,,0.0,false,14.8,246.51182146789256,false
1,29,15:00,89,06:00,60,1,,,0.0,false,14.8,246.947843784406,false
1,29,15:00,90,06:15,61,1,,,0.0,false,14.8,247.38386610091942,false
1,29,15:00,91,06:30,62,1,,,0.0,false,14.8,247.81988841743285,false
1,29,15:00,92,06:45,63,1,,,0.0,false,14.8,248.25591073394628,false
1,29,15:00,93,07:00,64,1,,,0.0,false,14.8,248.6919330504597,false
1,29,15:00,94,07:15,65,1,,,0.0,false,14.8,249.12795536697314,false
1,29,15:00,95,07:30,66,1,,,0.0,false,14.8,249.56397768348657,false
1,29,15:00,96,07:45,67,1,,,0.0,false,14.8,250.0,false
1,30,15:15,30,15:15,0,1,,Loading/Swinging,3.1586,false,6.032286842105035,244.75043954331372,false
1,30,15:15,31,15:30,1,1,,Loading/Swinging,3.1586,false,5.242636842105035,245.18646185982712,false
1,30,15:15,32,15:45,2,1,,Loading/Swinging,3.1586,false,4.452986842105035,245.62248417634055,false
1,30,15:15,33,16:00,3,1,,Traveling,4.7101,false,3.2754618421050345,245.62248417634055,false
1,30,15:15,34,16:15,4,1,,Charging,0.0,true,4.979300000000001,243.7345748601135,false
1,30,15:15,35,16:30,5,1,,Loading/Swinging,3.1586,false,4.189650000000001,243.7345748601135,false
1,30,15:15,36,16:45,6,1,,Loading/Swinging,3.1586,false,3.4000000000000012,243.7345748601135,false
1,30,15:15,37,17:00,7,1,,Charging,0.0,true,5.300000000000001,241.62931170221876,false
1,30,15:15,38,17:15,8,1,,Charging,0.0,true,7.200000000000001,239.52404854432402,false
1,30,15:15,39,17:30,9,1,,Charging,0.0,true,9.100000000000001,237.41878538642928,false
1,30,15:15,40,17:45,10,1,,Charging,0.0,true,11.0,235.31352222853454,false
1,30,15:15,41,18:00,11,1,,Charging,0.0,true,12.9,233.2082590706398,false
1,30,15:15,42,18:15,12,1,,Charging,0.0,true,14.8,231.10299591274506,false
1,30,15:15,43,18:30,13,1,,,0.0,false,14.8,231.10299591274506,false
1,30,15:15,44,18:45,14,1,,,0.0,false,14.8,231.10299591274506,false
1,30,15:15,45,19:00,15,1,,,0.0,false,14.8,231.10299591274506,false
1,30,15:15,46,19:15,16,1,,,0.0,false,14.8,231.10299591274506,false
1,30,15:15,47,19:30,17,1,,,0.0,false,14.8,231.10299591274506,false
1,30,15:15,48,19:45,18,1,,,0.0,false,14.8,231.10299591274506,false
1,30,15:15,49,20:00,19,1,,,0.0,false,14.8,231.10299591274506,false
1,30,15:15,50,20:15,20,1,,,0.0,false,14.8,231.10299591274506,false
1,30,15:15,51,20:30,21,1,,,0.0,false,14.8,231.10299591274506,false
1,30,15:15,52,20:45,22,1,,,0.0,false,14.8,231.10299591274506,false
1,30,15:15,53,21:00,23,1,,,0.0,false,14.8,231.5390182292585,false
1,30,15:15,54,21:15,24,1,,,0.0,false,14.8,231.97504054577192,false
1,30,15:15,55,21:30,25,1,,,0.0,false,14.8,232.41106286228535,false
1,30,15:15,56,21:45,26,1,,,0.0,false,14.8,232.84708517879878,false
1,30,15:15,57,22:00,27,1,,,0.0,false,14.8,233.2831074953122,false
1,30,15:15,58,22:15,28,1,,,0.0,false,14.8,233.71912981182564,false
1,30,15:15,59,22:30,29,1,,,0.0,false,14.8,234.15515212833907,false
1,30,15:15,60,22:45,30,1,,,0.0,false,14.8,234.5911744448525,false
1,30,15:15,61,23:00,31,1,,,0.0,false,14.8,235.02719676136593,false
1,30,15:15,62,23:15,32,1,,,0.0,false,14.8,235.46321907787936,false
1,30,15:15,63,23:30,33,1,,,0.0,false,14.8,235.8992413943928,false
1,30,15:15,64,23:45,34,1,,,0.0,false,14.8,236.04728587157064,false
1,30,15:15,65,00:00,35,1,,,0.0,false,14.8,236.48330818808407,false
1,30,15:15,66,00:15,36,1,,,0.0,false,14.8,236.91933050459747,false
1,30,15:15,67,00:30,37,1,,,0.0,false,14.8,237.3553528211109,false
1,30,15:15,68,00:45,38,1,,,0.0,false,14.8,237.7913751376243,false
1,30,15:15,69,01:00,39,1,,,0.0,false,14.8,238.22739745413773,false
1,30,15:15,70,01:15,40,1,,,0.0,false,14.8,238.66341977065116,false
1,30,15:15,71,01:30,41,1,,,0.0,false,14.8,239.09944208716456,false
1,30,15:15,72,01:45,42,1,,,0.0,false,14.8,239.535464403678,false
1,30,15:15,73,02:00,43,1,,,0.0,false,14.8,239.9714867201914,false
1,30,15:15,74,02:15,44,1,,,0.0,false,14.8,240.40750903670482,false
1,30,15:15,75,02:30,45,1,,,0.0,false,14.8,240.84353135321822,false
1,30,15:15,76,02:45,46,1,,,0.0,false,14.8,241.27955366973165,false
1,30,15:15,77,03:00,47,1,,,0.0,false,14.8,241.71557598624506,false
1,30,15:15,78,03:15,48,1,,,0.0,false,14.8,242.1515983027585,false
1,30,15:15,79,03:30,49,1,,,0.0,false,14.8,242.58762061927192,false
1,30,15:15,80,03:45,50,1,,,0.0,false,14.8,243.02364293578532,false
1,30,15:15,81,04:00,51,1,,,0.0,false,14.8,243.45966525229875,false
1,30,15:15,82,04:15,52,1,,,0.0,false,14.8,243.89568756881215,false
1,30,15:15,83,04:30,53,1,,,0.0,false,14.8,244.33170988532558,false
1,30,15:15,84,04:45,54,1,,,0.0,false,14.8,244.76773220183898,false
1,30,15:15,85,05:00,55,1,,,0.0,false,14.8,245.2037545183524,false
1,30,15:15,86,05:15,56,1,,,0.0,false,14.8,245.63977683486578,false
1,30,15:15,87,05:30,57,1,,,0.0,false,14.8,246.07579915137921,false
1,30,15:15,88,05:45,58,1,,,0.0,false,14.8,246.51182146789264,false
1,30,15:15,89,06:00,59,1,,,0.0,false,14.8,246.94784378440605,false
1,30,15:15,90,06:15,60,1,,,0.0,false,14.8,247.38386610091948,false
1,30,15:15,91,06:30,61,1,,,0.0,false,14.8,247.81988841743288,false
1,30,15:15,92,06:45,62,1,,,0.0,false,14.8,248.2559107339463,false
1,30,15:15,93,07:00,63,1,,,0.0,false,14.8,248.6919330504597,false
1,30,15:15,94,07:15,64,1,,,0.0,false,14.8,249.12795536697314,false
1,30,15:15,95,07:30,65,1,,,0.0,false,14.8,249.56397768348657,false
1,30,15:15,96,07:45,66,1,,,0.0,false,14.8,250.0,false
1,31,15:30,31,15:30,0,1,,Loading/Swinging,3.1586,false,5.173061842105034,245.19146487960313,false
1,31,15:30,32,15:45,1,1,,Loading/Swinging,3.1586,false,4.383411842105034,245.19146487960313,false
1,31,15:30,33,16:00,2,1,,Charging,0.0,true,6.156825000000001,243.22646415063363,true
1,31,15:30,34,16:15,3,1,,Traveling,4.7101,false,4.979300000000001,243.22646415063363,true
1,31,15:30,35,16:30,4,1,,Loading/Swinging,3.1586,false,4.189650000000001,243.22646415063363,false
1,31,15:30,36,16:45,5,1,,Loading/Swinging,3.1586,false,3.4000000000000012,243.22646415063363,false
1,31,15:30,37,17:00,6,1,,Charging,0.0,true,5.300000000000001,241.1212009927389,false
1,31,15:30,38,17:15,7,1,,Charging,0.0,true,7.200000000000001,239.01593783484415,false
1,31,15:30,39,17:30,8,1,,Charging,0.0,true,9.1,236.9106746769494,false
1,31,15:30,40,17:45,9,1,,Charging,0.0,true,11.0,234.80541151905467,false
1,31,15:30,41,18:00,10,1,,Charging,0.0,true,12.9,232.70014836115993,false
1,31,15:30,42,18:15,11,1,,Charging,0.0,true,14.8,230.5948852032652,false
1,31,15:30,43,18:30,12,1,,,0.0,false,14.8,230.5948852032652,false
1,31,15:30,44,18:45,13,1,,,0.0,false,14.8,230.5948852032652,false
1,31,15:30,45,19:00,14,1,,,0.0,false,14.8,230.5948852032652,false
1,31,15:30,46,19:15,15,1,,,0.0,false,14.8,230.5948852032652,false
1,31,15:30,47,19:30,16,1,,,0.0,false,14.8,230.5948852032652,false
1,31,15:30,48,19:45,17,1,,,0.0,false,14.8,230.5948852032652,false
1,31,15:30,49,20:00,18,1,,,0.0,false,14.8,230.5948852032652,false
1,31,15:30,50,20:15,19,1,,,0.0,false,14.8,230.5948852032652,false
1,31,15:30,51,20:30,20,1,,,0.0,false,14.8,230.5948852032652,false
1,31,15:30,52,20:45,21,1,,,0.0,false,14.8,230.5948852032652,false
1,31,15:30,53,21:00,22,1,,,0.0,false,14.8,231.03591053955466,false
1,31,15:30,54,21:15,23,1,,,0.0,false,14.8,231.4769358758441,false
1,31,15:30,55,21:30,24,1,,,0.0,false,14.8,231.91796121213352,false
1,31,15:30,56,21:45,25,1,,,0.0,false,14.8,232.35898654842293,false
1,31,15:30,57,22:00,26,1,,,0.0,false,14.8,232.80001188471238,false
1,31,15:30,58,22:15,27,1,,,0.0,false,14.8,233.2410372210018,false
1,31,15:30,59,22:30,28,1,,,0.0,false,14.8,233.68206255729123,false
1,31,15:30,60,22:45,29,1,,,0.0,false,14.8,234.12308789358065,false
1,31,15:30,61,23:00,30,1,,,0.0,false,14.8,234.5641132298701,false
1,31,15:30,62,23:15,31,1,,,0.0,false,14.8,235.0051385661595,false
1,31,15:30,63,23:30,32,1,,,0.0,false,14.8,235.44616390244894,false
1,31,15:30,64,23:45,33,1,,,0.0,false,14.8,235.88718923873836,false
1,31,15:30,65,00:00,34,1,,,0.0,false,14.8,236.3282145750278,false
1,31,15:30,66,00:15,35,1,,,0.0,false,14.8,236.76923991131721,false
1,31,15:30,67,00:30,36,1,,,0.0,false,14.8,237.21026524760663,false
1,31,15:30,68,00:45,37,1,,,0.0,false,14.8,237.65129058389607,false
1,31,15:30,69,01:00,38,1,,,0.0,false,14.8,238.09231592018548,false
1,31,15:30,70,01:15,39,1,,,0.0,false,14.8,238.53334125647493,false
1,31,15:30,71,01:30,40,1,,,0.0,false,14.8,238.97436659276434,false
1,31,15:30,72,01:45,41,1,,,0.0,false,14.8,239.41539192905378,false
1,31,15:30,73,02:00,42,1,,,0.0,false,14.8,239.8564172653432,false
1,31,15:30,74,02:15,43,1,,,0.0,false,14.8,240.2974426016326,false
1,31,15:30,75,02:30,44,1,,,0.0,false,14.8,240.73846793792205,false
1,31,15:30,76,02:45,45,1,,,0.0,false,14.8,241.17949327421147,false
1,31,15:30,77,03:00,46,1,,,0.0,false,14.8,241.6205186105009,false
1,31,15:30,78,03:15,47,1,,,0.0,false,14.8,242.06154394679032,false
1,31,15:30,79,03:30,48,1,,,0.0,false,14.8,242.50256928307977,false
1,31,15:30,80,03:45,49,1,,,0.0,false,14.8,242.94359461936918,false
1,31,15:30,81,04:00,50,1,,,0.0,false,14.8,243.3846199556586,false
1,31,15:30,82,04:15,51,1,,,0.0,false,14.8,243.82564529194804,false
1,31,15:30,83,04:30,52,1,,,0.0,false,14.8,244.26667062823745,false
1,31,15:30,84,04:45,53,1,,,0.0,false,14.8,244.7076959645269,false
1,31,15:30,85,05:00,54,1,,,0.0,false,14.8,245.1487213008163,false
1,31,15:30,86,05:15,55,1,,,0.0,false,14.8,245.58974663710575,false
1,31,15:30,87,05:30,56,1,,,0.0,false,14.8,246.03077197339516,false
1,31,15:30,88,05:45,57,1,,,0.0,false,14.8,246.47179730968458,false
1,31,15:30,89,06:00,58,1,,,0.0,false,14.8,246.91282264597402,false
1,31,15:30,90,06:15,59,1,,,0.0,false,14.8,247.35384798226343,false
1,31,15:30,91,06:30,60,1,,,0.0,false,14.8,247.79487331855287,false
1,31,15:30,92,06:45,61,1,,,0.0,false,14.8,248.2358986548423,false
1,31,15:30,93,07:00,62,1,,,0.0,false,14.8,248.67692399113173,false
1,31,15:30,94,07:15,63,1,,,0.0,false,14.8,249.11794932742114,false
1,31,15:30,95,07:30,64,1,,,0.0,false,14.8,249.55897466371056,false
1,31,15:30,96,07:45,65,1,,,0.0,false,14.8,250.0,false
1,32,15:45,32,15:45,0,1,,Loading/Swinging,3.1586,false,4.4229618421050345,245.19146487960313,false
1,32,15:45,33,16:00,1,1,,Charging,0.0,true,6.322961842105034,243.0862017217084,false
1,32,15:45,34,16:15,2,1,,Traveling,4.7101,false,5.145436842105034,243.0862017217084,false
1,32,15:45,35,16:30,3,1,,Loading/Swinging,3.1586,false,4.355786842105034,243.0862017217084,false
1,32,15:45,36,16:45,4,1,,Loading/Swinging,3.1586,false,3.566136842105034,243.0862017217084,false
1,32,15:45,37,17:00,5,1,,Charging,0.0,true,5.466136842105033,240.98093856381368,false
1,32,15:45,38,17:15,6,1,,Charging,0.0,true,7.366136842105034,238.87567540591894,false
1,32,15:45,39,17:30,7,1,,Charging,0.0,true,9.266136842105034,236.7704122480242,false
1,32,15:45,40,17:45,8,1,,Charging,0.0,true,11.166136842105033,234.66514909012946,false
1,32,15:45,41,18:00,9,1,,Charging,0.0,true,13.066136842105033,232.55988593223472,false
1,32,15:45,42,18:15,10,1,,Charging,0.0,true,14.8,230.63870791794668,false
1,32,15:45,43,18:30,11,1,,,0.0,false,14.8,230.63870791794668,false
1,32,15:45,44,18:45,12,1,,,0.0,false,14.8,230.63870791794668,false
1,32,15:45,45,19:00,13,1,,,0.0,false,14.8,230.63870791794668,false
1,32,15:45,46,19:15,14,1,,,0.0,false,14.8,230.63870791794668,false
1,32,15:45,47,19:30,15,1,,,0.0,false,14.8,230.63870791794668,false
1,32,15:45,48,19:45,16,1,,,0.0,false,14.8,230.63870791794668,false
1,32,15:45,49,20:00,17,1,,,0.0,false,14.8,230.63870791794668,false
1,32,15:45,50,20:15,18,1,,,0.0,false,14.8,230.63870791794668,false
1,32,15:45,51,20:30,19,1,,,0.0,false,14.8,230.63870791794668,false
1,32,15:45,52,20:45,20,1,,,0.0,false,14.8,230.63870791794668,false
1,32,15:45,53,21:00,21,1,,,0.0,false,14.8,231.0797332542361,false
1,32,15:45,54,21:15,22,1,,,0.0,false,14.8,231.52075859052553,false
1,32,15:45,55,21:30,23,1,,,0.0,false,14.8,231.96178392681497,false
1,32,15:45,56,21:45,24,1,,,0.0,false,14.8,232.4028092631044,false
1,32,15:45,57,22:00,25,1,,,0.0,false,14.8,232.84383459939383,false
1,32,15:45,58,22:15,26,1,,,0.0,false,14.8,233.28485993568324,false
1,32,15:45,59,22:30,27,1,,,0.0,false,14.8,233.7258852719727,false
1,32,15:45,60,22:45,28,1,,,0.0,false,14.8,234.1669106082621,false
1,32,15:45,61,23:00,29,1,,,0.0,false,14.8,234.60793594455154,false
1,32,15:45,62,23:15,30,1,,,0.0,false,14.8,235.04896128084096,false
1,32,15:45,63,23:30,31,1,,,0.0,false,14.8,235.48998661713037,false
1,32,15:45,64,23:45,32,1,,,0.0,false,14.8,235.88718923873836,false
1,32,15:45,65,00:00,33,1,,,0.0,false,14.8,236.32821457502777,false
1,32,15:45,66,00:15,34,1,,,0.0,false,14.8,236.76923991131721,false
1,32,15:45,67,00:30,35,1,,,0.0,false,14.8,237.21026524760663,false
1,32,15:45,68,00:45,36,1,,,0.0,false,14.8,237.65129058389607,false
1,32,15:45,69,01:00,37,1,,,0.0,false,14.8,238.09231592018548,false
1,32,15:45,70,01:15,38,1,,,0.0,false,14.8,238.53334125647493,false
1,32,15:45,71,01:30,39,1,,,0.0,false,14.8,238.97436659276434,false
1,32,15:45,72,01:45,40,1,,,0.0,false,14.8,239.41539192905375,false
1,32,15:45,73,02:00,41,1,,,0.0,false,14.8,239.8564172653432,false
1,32,15:45,74,02:15,42,1,,,0.0,false,14.8,240.2974426016326,false
1,32,15:45,75,02:30,43,1,,,0.0,false,14.8,240.73846793792205,false
1,32,15:45,76,02:45,44,1,,,0.0,false,14.8,241.17949327421147,false
1,32,15:45,77,03:00,45,1,,,0.0,false,14.8,241.6205186105009,false
1,32,15:45,78,03:15,46,1,,,0.0,false,14.8,242.06154394679032,false
1,32,15:45,79,03:30,47,1,,,0.0,false,14.8,242.50256928307977,false
1,32,15:45,80,03:45,48,1,,,0.0,false,14.8,242.94359461936918,false
1,32,15:45,81,04:00,49,1,,,0.0,false,14.8,243.3846199556586,false
1,32,15:45,82,04:15,50,1,,,0.0,false,14.8,243.82564529194804,false
1,32,15:45,83,04:30,51,1,,,0.0,false,14.8,244.26667062823745,false
1,32,15:45,84,04:45,52,1,,,0.0,false,14.8,244.7076959645269,false
1,32,15:45,85,05:00,53,1,,,0.0,false,14.8,245.1487213008163,false
1,32,15:45,86,05:15,54,1,,,0.0,false,14.8,245.58974663710575,false
1,32,15:45,87,05:30,55,1,,,0.0,false,14.8,246.03077197339516,false
1,32,15:45,88,05:45,56,1,,,0.0,false,14.8,246.47179730968458,false
1,32,15:45,89,06:00,57,1,,,0.0,false,14.8,246.912822645974,false
1,32,15:45,90,06:15,58,1,,,0.0,false,14.8,247.35384798226343,false
1,32,15:45,91,06:30,59,1,,,0.0,false,14.8,247.79487331855285,false
1,32,15:45,92,06:45,60,1,,,0.0,false,14.8,248.2358986548423,false
1,32,15:45,93,07:00,61,1,,,0.0,false,14.8,248.6769239911317,false
1,32,15:45,94,07:15,62,1,,,0.0,false,14.8,249.11794932742114,false
1,32,15:45,95,07:30,63,1,,,0.0,false,14.8,249.55897466371056,false
1,32,15:45,96,07:45,64,1,,,0.0,false,14.8,250.0,false
1,33,16:00,33,16:00,0,1,,Charging,0.0,true,6.253586842105035,243.0862017217084,false
1,33,16:00,34,16:15,1,1,,Traveling,4.7101,false,5.076061842105035,243.0862017217084,false
1,33,16:00,35,16:30,2,1,,Loading/Swinging,3.1586,false,4.286411842105035,243.0862017217084,false
1,33,16:00,36,16:45,3,1,,Loading/Swinging,3.1586,false,3.496761842105035,243.0862017217084,false
1,33,16:00,37,17:00,4,1,,Charging,0.0,true,5.396761842105034,240.98093856381365,false
1,33,16:00,38,17:15,5,1,,Charging,0.0,true,7.296761842105035,238.8756754059189,false
1,33,16:00,39,17:30,6,1,,Charging,0.0,true,9.196761842105033,236.77041224802417,false
1,33,16:00,40,17:45,7,1,,Charging,0.0,true,11.096761842105034,234.66514909012943,false
1,33,16:00,41,18:00,8,1,,Charging,0.0,true,12.996761842105034,232.5598859322347,false
1,33,16:00,42,18:15,9,1,,Charging,0.0,true,14.8,230.56183811185247,false
1,33,16:00,43,18:30,10,1,,,0.0,false,14.8,230.56183811185247,false
1,33,16:00,44,18:45,11,1,,,0.0,false,14.8,230.5618381118525,false
1,33,16:00,45,19:00,12,1,,,0.0,false,14.8,230.5618381118525,false
1,33,16:00,46,19:15,13,1,,,0.0,false,14.8,230.5618381118525,false
1,33,16:00,47,19:30,14,1,,,0.0,false,14.8,230.5618381118525,false
1,33,16:00,48,19:45,15,1,,,0.0,false,14.8,230.5618381118525,false
1,33,16:00,49,20:00,16,1,,,0.0,false,14.8,230.5618381118525,false
1,33,16:00,50,20:15,17,1,,,0.0,false,14.8,230.5618381118525,false
1,33,16:00,51,20:30,18,1,,,0.0,false,14.8,230.5618381118525,false
1,33,16:00,52,20:45,19,1,,,0.0,false,14.8,230.5618381118525,false
1,33,16:00,53,21:00,20,1,,,0.0,false,14.8,231.0036145184013,false
1,33,16:00,54,21:15,21,1,,,0.0,false,14.8,231.44539092495012,false
1,33,16:00,55,21:30,22,1,,,0.0,false,14.8,231.88716733149892,false
1,33,16:00,56,21:45,23,1,,,0.0,false,14.8,232.3289437380477,false
1,33,16:00,57,22:00,24,1,,,0.0,false,14.8,232.77072014459654,false
1,33,16:00,58,22:15,25,1,,,0.0,false,14.8,233.21249655114534,false
1,33,16:00,59,22:30,26,1,,,0.0,false,14.8,233.65427295769416,false
1,33,16:00,60,22:45,27,1,,,0.0,false,14.8,234.09604936424296,false
1,33,16:00,61,23:00,28,1,,,0.0,false,14.8,234.53782577079176,false
1,33,16:00,62,23:15,29,1,,,0.0,false,14.8,234.97960217734058,false
1,33,16:00,63,23:30,30,1,,,0.0,false,14.8,235.42137858388938,false
1,33,16:00,64,23:45,31,1,,,0.0,false,14.8,235.8631549904382,false
1,33,16:00,65,00:00,32,1,,,0.0,false,14.8,236.304931396987,false
1,33,16:00,66,00:15,33,1,,,0.0,false,14.8,236.7467078035358,false
1,33,16:00,67,00:30,34,1,,,0.0,false,14.8,237.1884842100846,false
1,33,16:00,68,00:45,35,1,,,0.0,false,14.8,237.63026061663342,false
1,33,16:00,69,01:00,36,1,,,0.0,false,14.8,238.07203702318222,false
1,33,16:00,70,01:15,37,1,,,0.0,false,14.8,238.51381342973104,false
1,33,16:00,71,01:30,38,1,,,0.0,false,14.8,238.95558983627984,false
1,33,16:00,72,01:45,39,1,,,0.0,false,14.8,239.39736624282867,false
1,33,16:00,73,02:00,40,1,,,0.0,false,14.8,239.83914264937746,false
1,33,16:00,74,02:15,41,1,,,0.0,false,14.8,240.2809190559263,false
1,33,16:00,75,02:30,42,1,,,0.0,false,14.8,240.7226954624751,false
1,33,16:00,76,02:45,43,1,,,0.0,false,14.8,241.16447186902388,false
1,33,16:00,77,03:00,44,1,,,0.0,false,14.8,241.6062482755727,false
1,33,16:00,78,03:15,45,1,,,0.0,false,14.8,242.0480246821215,false
1,33,16:00,79,03:30,46,1,,,0.0,false,14.8,242.48980108867028,false
1,33,16:00,80,03:45,47,1,,,0.0,false,14.8,242.93157749521907,false
1,33,16:00,81,04:00,48,1,,,0.0,false,14.8,243.3733539017679,false
1,33,16:00,82,04:15,49,1,,,0.0,false,14.8,243.8151303083167,false
1,33,16:00,83,04:30,50,1,,,0.0,false,14.8,244.2569067148655,false
1,33,16:00,84,04:45,51,1,,,0.0,false,14.8,244.6986831214143,false
1,33,16:00,85,05:00,52,1,,,0.0,false,14.8,245.1404595279631,false
1,33,16:00,86,05:15,53,1,,,0.0,false,14.8,245.5822359345119,false
1,33,16:00,87,05:30,54,1,,,0.0,false,14.8,246.0240123410607,false
1,33,16:00,88,05:45,55,1,,,0.0,false,14.8,246.46578874760954,false
1,33,16:00,89,06:00,56,1,,,0.0,false,14.8,246.90756515415833,false
1,33,16:00,90,06:15,57,1,,,0.0,false,14.8,247.34934156070716,false
1,33,16:00,91,06:30,58,1,,,0.0,false,14.8,247.79111796725596,false
1,33,16:00,92,06:45,59,1,,,0.0,false,14.8,248.23289437380475,false
1,33,16:00,93,07:00,60,1,,,0.0,false,14.8,248.67467078035355,false
1,33,16:00,94,07:15,61,1,,,0.0,false,14.8,249.11644718690238,false
1,33,16:00,95,07:30,62,1,,,0.0,false,14.8,249.55822359345117,false
1,33,16:00,96,07:45,63,1,,,0.0,false,14.8,250.0,false
1,34,16:15,34,16:15,0,1,,Traveling,4.710100000000001,false,5.176061842105034,243.0862017217084,false
1,34,16:15,35,16:30,1,1,,Loading/Swinging,3.1586,false,4.386411842105034,243.0862017217084,false
1,34,16:15,36,16:45,2,1,,Loading/Swinging,3.1586,false,3.5967618421050345,243.0862017217084,false
1,34,16:15,37,17:00,3,1,,Charging,0.0,true,5.300000000000001,241.1989572254259,false
1,34,16:15,38,17:15,4,1,,Charging,0.0,true,7.199999999999999,239.09369406753115,false
1,34,16:15,39,17:30,5,1,,Charging,0.0,true,9.1,236.9884309096364,false
1,34,16:15,40,17:45,6,1,,Charging,0.0,true,11.0,234.88316775174167,false
1,34,16:15,41,18:00,7,1,,Charging,0.0,true,12.9,232.77790459384693,false
1,34,16:15,42,18:15,8,1,,Charging,0.0,true,14.799999999999999,230.6726414359522,false
1,34,16:15,43,18:30,9,1,,,0.0,false,14.799999999999999,230.6726414359522,false
1,34,16:15,44,18:45,10,1,,,0.0,false,14.799999999999999,230.6726414359522,false
1,34,16:15,45,19:00,11,1,,,0.0,false,14.799999999999999,230.6726414359522,false
1,34,16:15,46,19:15,12,1,,,0.0,false,14.799999999999999,230.6726414359522,false
1,34,16:15,47,19:30,13,1,,,0.0,false,14.799999999999999,230.6726414359522,false
1,34,16:15,48,19:45,14,1,,,0.0,false,14.799999999999999,230.6726414359522,false
1,34,16:15,49,20:00,15,1,,,0.0,false,14.799999999999999,230.6726414359522,false
1,34,16:15,50,20:15,16,1,,,0.0,false,14.799999999999999,230.6726414359522,false
1,34,16:15,51,20:30,17,1,,,0.0,false,14.799999999999999,230.6726414359522,false
1,34,16:15,52,20:45,18,1,,,0.0,false,14.799999999999999,230.6726414359522,false
1,34,16:15,53,21:00,19,1,,,0.0,false,14.799999999999999,231.1136667722416,false
1,34,16:15,54,21:15,20,1,,,0.0,false,14.799999999999999,231.55469210853101,false
1,34,16:15,55,21:30,21,1,,,0.0,false,14.799999999999999,231.99571744482043,false
1,34,16:15,56,21:45,22,1,,,0.0,false,14.8,232.43674278110984,false
1,34,16:15,57,22:00,23,1,,,0.0,false,14.8,232.87776811739926,false
1,34,16:15,58,22:15,24,1,,,0.0,false,14.8,233.31879345368867,false
1,34,16:15,59,22:30,25,1,,,0.0,false,14.8,233.75981878997808,false
1,34,16:15,60,22:45,26,1,,,0.0,false,14.8,234.2008441262675,false
1,34,16:15,61,23:00,27,1,,,0.0,false,14.8,234.6418694625569,false
1,34,16:15,62,23:15,28,1,,,0.0,false,14.8,235.08289479884633,false
1,34,16:15,63,23:30,29,1,,,0.0,false,14.8,235.52392013513574,false
1,34,16:15,64,23:45,30,1,,,0.0,false,14.8,235.88718923873842,false
1,34,16:15,65,00:00,31,1,,,0.0,false,14.8,236.32821457502783,false
1,34,16:15,66,00:15,32,1,,,0.0,false,14.8,236.76923991131724,false
1,34,16:15,67,00:30,33,1,,,0.0,false,14.8,237.21026524760666,false
1,34,16:15,68,00:45,34,1,,,0.0,false,14.8,237.65129058389607,false
1,34,16:15,69,01:00,35,1,,,0.0,false,14.8,238.09231592018548,false
1,34,16:15,70,01:15,36,1,,,0.0,false,14.8,238.53334125647493,false
1,34,16:15,71,01:30,37,1,,,0.0,false,14.8,238.97436659276434,false
1,34,16:15,72,01:45,38,1,,,0.0,false,14.8,239.41539192905378,false
1,34,16:15,73,02:00,39,1,,,0.0,false,14.8,239.8564172653432,false
1,34,16:15,74,02:15,40,1,,,0.0,false,14.8,240.29744260163264,false
1,34,16:15,75,02:30,41,1,,,0.0,false,14.8,240.73846793792205,false
1,34,16:15,76,02:45,42,1,,,0.0,false,14.8,241.17949327421147,false
1,34,16:15,77,03:00,43,1,,,0.0,false,14.8,241.6205186105009,false
1,34,16:15,78,03:15,44,1,,,0.0,false,14.8,242.06154394679032,false
1,34,16:15,79,03:30,45,1,,,0.0,false,14.8,242.50256928307977,false
1,34,16:15,80,03:45,46,1,,,0.0,false,14.8,242.94359461936918,false
1,34,16:15,81,04:00,47,1,,,0.0,false,14.8,243.38461995565862,false
1,34,16:15,82,04:15,48,1,,,0.0,false,14.8,243.82564529194804,false
1,34,16:15,83,04:30,49,1,,,0.0,false,14.8,244.26667062823748,false
1,34,16:15,84,04:45,50,1,,,0.0,false,14.8,244.7076959645269,false
1,34,16:15,85,05:00,51,1,,,0.0,false,14.8,245.1487213008163,false
1,34,16:15,86,05:15,52,1,,,0.0,false,14.8,245.58974663710575,false
1,34,16:15,87,05:30,53,1,,,0.0,false,14.8,246.03077197339516,false
1,34,16:15,88,05:45,54,1,,,0.0,false,14.8,246.47179730968458,false
1,34,16:15,89,06:00,55,1,,,0.0,false,14.8,246.912822645974,false
1,34,16:15,90,06:15,56,1,,,0.0,false,14.8,247.35384798226346,false
1,34,16:15,91,06:30,57,1,,,0.0,false,14.8,247.79487331855287,false
1,34,16:15,92,06:45,58,1,,,0.0,false,14.8,248.2358986548423,false
1,34,16:15,93,07:00,59,1,,,0.0,false,14.8,248.67692399113173,false
1,34,16:15,94,07:15,60,1,,,0.0,false,14.8,249.11794932742114,false
1,34,16:15,95,07:30,61,1,,,0.0,false,14.8,249.55897466371056,false
1,34,16:15,96,07:45,62,1,,,0.0,false,14.8,250.0,false
1,35,16:30,35,16:30,0,1,,Loading/Swinging,3.1586,false,4.494811842105035,243.0862017217084,false
1,35,16:30,36,16:45,1,1,,Loading/Swinging,3.1586,false,3.705161842105035,243.0862017217084,false
1,35,16:30,37,17:00,2,1,,Charging,0.0,true,5.300000000000001,241.31906802874997,false
1,35,16:30,38,17:15,3,1,,Charging,0.0,true,7.199999999999999,239.21380487085523,false
1,35,16:30,39,17:30,4,1,,Charging,0.0,true,9.1,237.1085417129605,false
1,35,16:30,40,17:45,5,1,,Charging,0.0,true,11.0,235.00327855506575,false
1,35,16:30,41,18:00,6,1,,Charging,0.0,true,12.9,232.898015397171,false
1,35,16:30,42,18:15,7,1,,Charging,0.0,true,14.8,230.79275223927627,false
1,35,16:30,43,18:30,8,1,,,0.0,false,14.8,230.79275223927627,false
1,35,16:30,44,18:45,9,1,,,0.0,false,14.8,230.79275223927627,false
1,35,16:30,45,19:00,10,1,,,0.0,false,14.8,230.79275223927627,false
1,35,16:30,46,19:15,11,1,,,0.0,false,14.8,230.79275223927627,false
1,35,16:30,47,19:30,12,1,,,0.0,false,14.8,230.79275223927627,false
1,35,16:30,48,19:45,13,1,,,0.0,false,14.8,230.79275223927627,false
1,35,16:30,49,20:00,14,1,,,0.0,false,14.8,230.79275223927627,false
1,35,16:30,50,20:15,15,1,,,0.0,false,14.8,230.79275223927627,false
1,35,16:30,51,20:30,16,1,,,0.0,false,14.8,230.79275223927627,false
1,35,16:30,52,20:45,17,1,,,0.0,false,14.8,230.79275223927627,false
1,35,16:30,53,21:00,18,1,,,0.0,false,14.8,231.23377757556568,false
1,35,16:30,54,21:15,19,1,,,0.0,false,14.8,231.6748029118551,false
1,35,16:30,55,21:30,20,1,,,0.0,false,14.8,232.1158282481445,false
1,35,16:30,56,21:45,21,1,,,0.0,false,14.8,232.55685358443392,false
1,35,16:30,57,22:00,22,1,,,0.0,false,14.8,232.99787892072334,false
1,35,16:30,58,22:15,23,1,,,0.0,false,14.8,233.43890425701275,false
1,35,16:30,59,22:30,24,1,,,0.0,false,14.8,233.87992959330217,false
1,35,16:30,60,22:45,25,1,,,0.0,false,14.8,234.32095492959158,false
1,35,16:30,61,23:00,26,1,,,0.0,false,14.8,234.761980265881,false
1,35,16:30,62,23:15,27,1,,,0.0,false,14.8,235.2030056021704,false
1,35,16:30,63,23:30,28,1,,,0.0,false,14.8,235.64403093845982,false
1,35,16:30,64,23:45,29,1,,,0.0,false,14.8,235.8871892387387,false
1,35,16:30,65,00:00,30,1,,,0.0,false,14.8,236.3282145750281,false
1,35,16:30,66,00:15,31,1,,,0.0,false,14.8,236.76923991131753,false
1,35,16:30,67,00:30,32,1,,,0.0,false,14.8,237.21026524760694,false
1,35,16:30,68,00:45,33,1,,,0.0,false,14.8,237.65129058389635,false
1,35,16:30,69,01:00,34,1,,,0.0,false,14.8,238.09231592018577,false
1,35,16:30,70,01:15,35,1,,,0.0,false,14.8,238.53334125647518,false
1,35,16:30,71,01:30,36,1,,,0.0,false,14.8,238.9743665927646,false
1,35,16:30,72,01:45,37,1,,,0.0,false,14.8,239.415391929054,false
1,35,16:30,73,02:00,38,1,,,0.0,false,14.8,239.85641726534342,false
1,35,16:30,74,02:15,39,1,,,0.0,false,14.8,240.29744260163284,false
1,35,16:30,75,02:30,40,1,,,0.0,false,14.8,240.73846793792225,false
1,35,16:30,76,02:45,41,1,,,0.0,false,14.8,241.17949327421167,false
1,35,16:30,77,03:00,42,1,,,0.0,false,14.8,241.62051861050108,false
1,35,16:30,78,03:15,43,1,,,0.0,false,14.8,242.0615439467905,false
1,35,16:30,79,03:30,44,1,,,0.0,false,14.8,242.5025692830799,false
1,35,16:30,80,03:45,45,1,,,0.0,false,14.8,242.94359461936932,false
1,35,16:30,81,04:00,46,1,,,0.0,false,14.8,243.38461995565874,false
1,35,16:30,82,04:15,47,1,,,0.0,false,14.8,243.82564529194815,false
1,35,16:30,83,04:30,48,1,,,0.0,false,14.8,244.26667062823756,false
1,35,16:30,84,04:45,49,1,,,0.0,false,14.8,244.70769596452698,false
1,35,16:30,85,05:00,50,1,,,0.0,false,14.8,245.1487213008164,false
1,35,16:30,86,05:15,51,1,,,0.0,false,14.8,245.5897466371058,false
1,35,16:30,87,05:30,52,1,,,0.0,false,14.8,246.03077197339522,false
1,35,16:30,88,05:45,53,1,,,0.0,false,14.8,246.47179730968463,false
1,35,16:30,89,06:00,54,1,,,0.0,false,14.8,246.91282264597405,false
1,35,16:30,90,06:15,55,1,,,0.0,false,14.8,247.35384798226346,false
1,35,16:30,91,06:30,56,1,,,0.0,false,14.8,247.79487331855287,false
1,35,16:30,92,06:45,57,1,,,0.0,false,14.8,248.2358986548423,false
1,35,16:30,93,07:00,58,1,,,0.0,false,14.8,248.6769239911317,false
1,35,16:30,94,07:15,59,1,,,0.0,false,14.8,249.11794932742114,false
1,35,16:30,95,07:30,60,1,,,0.0,false,14.8,249.55897466371056,false
1,35,16:30,96,07:45,61,1,,,0.0,false,14.8,250.0,false
1,36,16:45,36,16:45,0,1,,Loading/Swinging,3.1586,false,3.5533618421050353,243.0862017217084,false
1,36,16:45,37,17:00,1,1,,Charging,0.0,true,5.300000000000001,241.1508685827666,false
1,36,16:45,38,17:15,2,1,,Charging,0.0,true,7.199999999999999,239.04560542487187,false
1,36,16:45,39,17:30,3,1,,Charging,0.0,true,9.1,236.94034226697713,false
1,36,16:45,40,17:45,4,1,,Charging,0.0,true,10.999999999999998,234.8350791090824,false
1,36,16:45,41,18:00,5,1,,Charging,0.0,true,12.899999999999999,232.72981595118765,false
1,36,16:45,42,18:15,6,1,,Charging,0.0,true,14.8,230.6245527932929,false
1,36,16:45,43,18:30,7,1,,,0.0,false,14.8,230.6245527932929,false
1,36,16:45,44,18:45,8,1,,,0.0,false,14.8,230.6245527932929,false
1,36,16:45,45,19:00,9,1,,,0.0,false,14.8,230.6245527932929,false
1,36,16:45,46,19:15,10,1,,,0.0,false,14.8,230.6245527932929,false
1,36,16:45,47,19:30,11,1,,,0.0,false,14.8,230.6245527932929,false
1,36,16:45,48,19:45,12,1,,,0.0,false,14.8,230.6245527932929,false
1,36,16:45,49,20:00,13,1,,,0.0,false,14.8,230.6245527932929,false
1,36,16:45,50,20:15,14,1,,,0.0,false,14.8,230.6245527932929,false
1,36,16:45,51,20:30,15,1,,,0.0,false,14.8,230.6245527932929,false
1,36,16:45,52,20:45,16,1,,,0.0,false,14.8,230.6245527932929,false
1,36,16:45,53,21:00,17,1,,,0.0,false,14.8,231.06557812958232,false
1,36,16:45,54,21:15,18,1,,,0.0,false,14.8,231.50660346587173,false
1,36,16:45,55,21:30,19,1,,,0.0,false,14.8,231.94762880216115,false
1,36,16:45,56,21:45,20,1,,,0.0,false,14.8,232.38865413845056,false
1,36,16:45,57,22:00,21,1,,,0.0,false,14.8,232.82967947473998,false
1,36,16:45,58,22:15,22,1,,,0.0,false,14.8,233.2707048110294,false
1,36,16:45,59,22:30,23,1,,,0.0,false,14.8,233.7117301473188,false
1,36,16:45,60,22:45,24,1,,,0.0,false,14.8,234.15275548360822,false
1,36,16:45,61,23:00,25,1,,,0.0,false,14.8,234.59378081989763,false
1,36,16:45,62,23:15,26,1,,,0.0,false,14.8,235.03480615618705,false
1,36,16:45,63,23:30,27,1,,,0.0,false,14.8,235.47583149247646,false
1,36,16:45,64,23:45,28,1,,,0.0,false,14.8,235.8871892387387,false
1,36,16:45,65,00:00,29,1,,,0.0,false,14.8,236.3282145750281,false
1,36,16:45,66,00:15,30,1,,,0.0,false,14.8,236.76923991131753,false
1,36,16:45,67,00:30,31,1,,,0.0,false,14.8,237.21026524760694,false
1,36,16:45,68,00:45,32,1,,,0.0,false,14.8,237.65129058389635,false
1,36,16:45,69,01:00,33,1,,,0.0,false,14.8,238.09231592018577,false
1,36,16:45,70,01:15,34,1,,,0.0,false,14.8,238.53334125647518,false
1,36,16:45,71,01:30,35,1,,,0.0,false,14.8,238.9743665927646,false
1,36,16:45,72,01:45,36,1,,,0.0,false,14.8,239.415391929054,false
1,36,16:45,73,02:00,37,1,,,0.0,false,14.8,239.85641726534342,false
1,36,16:45,74,02:15,38,1,,,0.0,false,14.8,240.29744260163284,false
1,36,16:45,75,02:30,39,1,,,0.0,false,14.8,240.73846793792225,false
1,36,16:45,76,02:45,40,1,,,0.0,false,14.8,241.17949327421167,false
1,36,16:45,77,03:00,41,1,,,0.0,false,14.8,241.62051861050108,false
1,36,16:45,78,03:15,42,1,,,0.0,false,14.8,242.0615439467905,false
1,36,16:45,79,03:30,43,1,,,0.0,false,14.8,242.5025692830799,false
1,36,16:45,80,03:45,44,1,,,0.0,false,14.8,242.94359461936932,false
1,36,16:45,81,04:00,45,1,,,0.0,false,14.8,243.38461995565874,false
1,36,16:45,82,04:15,46,1,,,0.0,false,14.8,243.82564529194815,false
1,36,16:45,83,04:30,47,1,,,0.0,false,14.8,244.26667062823756,false
1,36,16:45,84,04:45,48,1,,,0.0,false,14.8,244.70769596452698,false
1,36,16:45,85,05:00,49,1,,,0.0,false,14.8,245.1487213008164,false
1,36,16:45,86,05:15,50,1,,,0.0,false,14.8,245.5897466371058,false
1,36,16:45,87,05:30,51,1,,,0.0,false,14.8,246.03077197339522,false
1,36,16:45,88,05:45,52,1,,,0.0,false,14.8,246.47179730968463,false
1,36,16:45,89,06:00,53,1,,,0.0,false,14.8,246.91282264597405,false
1,36,16:45,90,06:15,54,1,,,0.0,false,14.8,247.35384798226346,false
1,36,16:45,91,06:30,55,1,,,0.0,false,14.8,247.79487331855287,false
1,36,16:45,92,06:45,56,1,,,0.0,false,14.8,248.2358986548423,false
1,36,16:45,93,07:00,57,1,,,0.0,false,14.8,248.6769239911317,false
1,36,16:45,94,07:15,58,1,,,0.0,false,14.8,249.11794932742114,false
1,36,16:45,95,07:30,59,1,,,0.0,false,14.8,249.55897466371056,false
1,36,16:45,96,07:45,60,1,,,0.0,false,14.8,250.0,false
1,37,17:00,37,17:00,0,1,,Charging,0.0,true,5.280836842105035,240.98093856381365,false
1,37,17:00,38,17:15,1,1,,Charging,0.0,true,7.180836842105035,238.8756754059189,false
1,37,17:00,39,17:30,2,1,,Charging,0.0,true,9.080836842105034,236.77041224802232,false
1,37,17:00,40,17:45,3,1,,Charging,0.0,true,10.980836842105035,234.66514909012758,false
1,37,17:00,41,18:00,4,1,,Charging,0.0,true,12.880836842105035,232.55988593223285,false
1,37,17:00,42,18:15,5,1,,Charging,0.0,true,14.780836842105035,230.4546227743381,false
1,37,17:00,43,18:30,6,1,,Charging,0.0,true,14.8,230.433389358388,true
1,37,17:00,44,18:45,7,1,,,0.0,false,14.8,230.433389358388,false
1,37,17:00,45,19:00,8,1,,,0.0,false,14.8,230.433389358388,false
1,37,17:00,46,19:15,9,1,,,0.0,false,14.8,230.433389358388,false
1,37,17:00,47,19:30,10,1,,,0.0,false,14.8,230.433389358388,false
1,37,17:00,48,19:45,11,1,,,0.0,false,14.8,230.433389358388,false
1,37,17:00,49,20:00,12,1,,,0.0,false,14.8,230.433389358388,false
1,37,17:00,50,20:15,13,1,,,0.0,false,14.8,230.433389358388,false
1,37,17:00,51,20:30,14,1,,,0.0,false,14.8,230.433389358388,false
1,37,17:00,52,20:45,15,1,,,0.0,false,14.8,230.433389358388,false
1,37,17:00,53,21:00,16,1,,,0.0,false,14.8,230.87808505478827,false
1,37,17:00,54,21:15,17,1,,,0.0,false,14.8,231.3227807511886,false
1,37,17:00,55,21:30,18,1,,,0.0,false,14.8,231.76747644758885,false
1,37,17:00,56,21:45,19,1,,,0.0,false,14.8,232.2121721439891,false
1,37,17:00,57,22:00,20,1,,,0.0,false,14.8,232.65686784038934,false
1,37,17:00,58,22:15,21,1,,,0.0,false,14.8,233.1015635367896,false
1,37,17:00,59,22:30,22,1,,,0.0,false,14.8,233.54625923318983,false
1,37,17:00,60,22:45,23,1,,,0.0,false,14.8,233.9909549295901,false
1,37,17:00,61,23:00,24,1,,,0.0,false,14.8,234.43565062599032,false
1,37,17:00,62,23:15,25,1,,,0.0,false,14.8,234.88034632239058,false
1,37,17:00,63,23:30,26,1,,,0.0,false,14.8,235.32504201879084,false
1,37,17:00,64,23:45,27,1,,,0.0,false,14.8,235.76973771519107,false
1,37,17:00,65,00:00,28,1,,,0.0,false,14.8,236.21443341159133,false
1,37,17:00,66,00:15,29,1,,,0.0,false,14.8,236.6591291079916,false
1,37,17:00,67,00:30,30,1,,,0.0,false,14.8,237.10382480439185,false
1,37,17:00,68,00:45,31,1,,,0.0,false,14.8,237.54852050079208,false
1,37,17:00,69,01:00,32,1,,,0.0,false,14.8,237.99321619719234,false
1,37,17:00,70,01:15,33,1,,,0.0,false,14.8,238.43791189359257,false
1,37,17:00,71,01:30,34,1,,,0.0,false,14.8,238.88260758999283,false
1,37,17:00,72,01:45,35,1,,,0.0,false,14.8,239.3273032863931,false
1,37,17:00,73,02:00,36,1,,,0.0,false,14.8,239.77199898279332,false
1,37,17:00,74,02:15,37,1,,,0.0,false,14.8,240.21669467919358,false
1,37,17:00,75,02:30,38,1,,,0.0,false,14.8,240.66139037559384,false
1,37,17:00,76,02:45,39,1,,,0.0,false,14.8,241.1060860719941,false
1,37,17:00,77,03:00,40,1,,,0.0,false,14.8,241.55078176839433,false
1,37,17:00,78,03:15,41,1,,,0.0,false,14.8,241.9954774647946,false
1,37,17:00,79,03:30,42,1,,,0.0,false,14.8,242.44017316119482,false
1,37,17:00,80,03:45,43,1,,,0.0,false,14.8,242.88486885759508,false
1,37,17:00,81,04:00,44,1,,,0.0,false,14.8,243.32956455399534,false
1,37,17:00,82,04:15,45,1,,,0.0,false,14.8,243.77426025039557,false
1,37,17:00,83,04:30,46,1,,,0.0,false,14.8,244.21895594679583,false
1,37,17:00,84,04:45,47,1,,,0.0,false,14.8,244.66365164319606,false
1,37,17:00,85,05:00,48,1,,,0.0,false,14.8,245.10834733959632,false
1,37,17:00,86,05:15,49,1,,,0.0,false,14.8,245.55304303599658,false
1,37,17:00,87,05:30,50,1,,,0.0,false,14.8,245.99773873239684,false
1,37,17:00,88,05:45,51,1,,,0.0,false,14.8,246.44243442879704,false
1,37,17:00,89,06:00,52,1,,,0.0,false,14.8,246.8871301251973,false
1,37,17:00,90,06:15,53,1,,,0.0,false,14.8,247.33182582159756,false
1,37,17:00,91,06:30,54,1,,,0.0,false,14.8,247.77652151799873,false
1,37,17:00,92,06:45,55,1,,,0.0,false,14.8,248.221217214399,false
1,37,17:00,93,07:00,56,1,,,0.0,false,14.8,248.66591291079925,false
1,37,17:00,94,07:15,57,1,,,0.0,false,14.8,249.11060860719948,false
1,37,17:00,95,07:30,58,1,,,0.0,false,14.8,249.55530430359974,false
1,37,17:00,96,07:45,59,1,,,0.0,false,14.8,250.0,false
1,38,17:15,38,17:15,0,1,,Charging,0.0,true,7.200000000000001,238.96524531406854,false
1,38,17:15,39,17:30,1,1,,Charging,0.0,true,9.100000000000001,236.8599821561738,false
1,38,17:15,40,17:45,2,1,,Charging,0.0,true,11.000000000000002,234.75471899827906,false
1,38,17:15,41,18:00,3,1,,Charging,0.0,true,12.900000000000002,232.64945584038432,false
1,38,17:15,42,18:15,4,1,,Charging,0.0,true,14.800000000000002,230.54419268248958,false
1,38,17:15,43,18:30,5,1,,,0.0,false,14.800000000000002,230.54419268248958,true
1,38,17:15,44,18:45,6,1,,,0.0,false,14.8,230.54419268248958,false
1,38,17:15,45,19:00,7,1,,,0.0,false,14.8,230.54419268248958,false
1,38,17:15,46,19:15,8,1,,,0.0,false,14.8,230.54419268248958,false
1,38,17:15,47,19:30,9,1,,,0.0,false,14.8,230.54419268248958,false
1,38,17:15,48,19:45,10,1,,,0.0,false,14.8,230.54419268248958,false
1,38,17:15,49,20:00,11,1,,,0.0,false,14.8,230.54419268248958,false
1,38,17:15,50,20:15,12,1,,,0.0,false,14.8,230.54419268248958,false
1,38,17:15,51,20:30,13,1,,,0.0,false,14.8,230.54419268248958,false
1,38,17:15,52,20:45,14,1,,,0.0,false,14.8,230.54419268248958,false
1,38,17:15,53,21:00,15,1,,,0.0,false,14.8,230.98637012152392,false
1,38,17:15,54,21:15,16,1,,,0.0,false,14.8,231.42854756055823,false
1,38,17:15,55,21:30,17,1,,,0.0,false,14.8,231.87072499959257,false
1,38,17:15,56,21:45,18,1,,,0.0,false,14.8,232.3129024386269,false
1,38,17:15,57,22:00,19,1,,,0.0,false,14.8,232.75507987766122,false
1,38,17:15,58,22:15,20,1,,,0.0,false,14.8,233.19725731669556,false
1,38,17:15,59,22:30,21,1,,,0.0,false,14.8,233.6394347557299,false
1,38,17:15,60,22:45,22,1,,,0.0,false,14.8,234.0816121947642,false
1,38,17:15,61,23:00,23,1,,,0.0,false,14.8,234.52378963379854,false
1,38,17:15,62,23:15,24,1,,,0.0,false,14.8,234.96596707283288,false
1,38,17:15,63,23:30,25,1,,,0.0,false,14.8,235.4081445118672,false
1,38,17:15,64,23:45,26,1,,,0.0,false,14.8,235.85032195090153,false
1,38,17:15,65,00:00,27,1,,,0.0,false,14.8,236.29249938993584,false
1,38,17:15,66,00:15,28,1,,,0.0,false,14.8,236.73467682897018,false
1,38,17:15,67,00:30,29,1,,,0.0,false,14.8,237.17685426800452,false
1,38,17:15,68,00:45,30,1,,,0.0,false,14.8,237.61903170703883,false
1,38,17:15,69,01:00,31,1,,,0.0,false,14.8,238.06120914607317,false
1,38,17:15,70,01:15,32,1,,,0.0,false,14.8,238.50338658510748,false
1,38,17:15,71,01:30,33,1,,,0.0,false,14.8,238.94556402414182,false
1,38,17:15,72,01:45,34,1,,,0.0,false,14.8,239.38774146317616,false
1,38,17:15,73,02:00,35,1,,,0.0,false,14.8,239.82991890221047,false
1,38,17:15,74,02:15,36,1,,,0.0,false,14.8,240.2720963412448,false
1,38,17:15,75,02:30,37,1,,,0.0,false,14.8,240.71427378027911,false
1,38,17:15,76,02:45,38,1,,,0.0,false,14.8,241.15645121931345,false
1,38,17:15,77,03:00,39,1,,,0.0,false,14.8,241.59862865834776,false
1,38,17:15,78,03:15,40,1,,,0.0,false,14.8,242.0408060973821,false
1,38,17:15,79,03:30,41,1,,,0.0,false,14.8,242.48298353641644,false
1,38,17:15,80,03:45,42,1,,,0.0,false,14.8,242.92516097545075,false
1,38,17:15,81,04:00,43,1,,,0.0,false,14.8,243.3673384144851,false
1,38,17:15,82,04:15,44,1,,,0.0,false,14.8,243.80951585351943,false
1,38,17:15,83,04:30,45,1,,,0.0,false,14.8,244.25169329255374,false
1,38,17:15,84,04:45,46,1,,,0.0,false,14.8,244.69387073158808,false
1,38,17:15,85,05:00,47,1,,,0.0,false,14.8,245.1360481706224,false
1,38,17:15,86,05:15,48,1,,,0.0,false,14.8,245.57822560965673,false
1,38,17:15,87,05:30,49,1,,,0.0,false,14.8,246.02040304869104,false
1,38,17:15,88,05:45,50,1,,,0.0,false,14.8,246.46258048772538,false
1,38,17:15,89,06:00,51,1,,,0.0,false,14.8,246.90475792675971,false
1,38,17:15,90,06:15,52,1,,,0.0,false,14.8,247.34693536579402,false
1,38,17:15,91,06:30,53,1,,,0.0,false,14.8,247.78911280482836,false
1,38,17:15,92,06:45,54,1,,,0.0,false,14.8,248.2312902438627,false
1,38,17:15,93,07:00,55,1,,,0.0,false,14.8,248.673467682897,false
1,38,17:15,94,07:15,56,1,,,0.0,false,14.8,249.11564512193135,false
1,38,17:15,95,07:30,57,1,,,0.0,false,14.8,249.55782256096563,false
1,38,17:15,96,07:45,58,1,,,0.0,false,14.8,250.0,false
1,39,17:30,39,17:30,0,1,,Charging,0.0,true,9.195745429362894,236.8599821561738,false
1,39,17:30,40,17:45,1,1,,Charging,0.0,true,11.095745429362893,234.75471899827906,false
1,39,17:30,41,18:00,2,1,,Charging,0.0,true,12.995745429362893,232.64945584038432,false
1,39,17:30,42,18:15,3,1,,Charging,0.0,true,14.8,230.65028180089723,false
1,39,17:30,43,18:30,4,1,,,0.0,false,14.8,230.65028180089723,false
1,39,17:30,44,18:45,5,1,,,0.0,false,14.8,230.65028180089723,false
1,39,17:30,45,19:00,6,1,,,0.0,false,14.8,230.65028180089723,false
1,39,17:30,46,19:15,7,1,,,0.0,false,14.8,230.65028180089723,false
1,39,17:30,47,19:30,8,1,,,0.0,false,14.8,230.65028180089723,false
1,39,17:30,48,19:45,9,1,,,0.0,false,14.8,230.65028180089723,false
1,39,17:30,49,20:00,10,1,,,0.0,false,14.8,230.65028180089723,false
1,39,17:30,50,20:15,11,1,,,0.0,false,14.8,230.65028180089723,false
1,39,17:30,51,20:30,12,1,,,0.0,false,14.8,230.65028180089723,false
1,39,17:30,52,20:45,13,1,,,0.0,false,14.8,230.65028180089723,false
1,39,17:30,53,21:00,14,1,,,0.0,false,14.8,231.09130713718665,false
1,39,17:30,54,21:15,15,1,,,0.0,false,14.8,231.53233247347606,false
1,39,17:30,55,21:30,16,1,,,0.0,false,14.8,231.97335780976547,false
1,39,17:30,56,21:45,17,1,,,0.0,false,14.8,232.4143831460549,false
1,39,17:30,57,22:00,18,1,,,0.0,false,14.8,232.8554084823443,false
1,39,17:30,58,22:15,19,1,,,0.0,false,14.8,233.29643381863372,false
1,39,17:30,59,22:30,20,1,,,0.0,false,14.8,233.73745915492313,false
1,39,17:30,60,22:45,21,1,,,0.0,false,14.8,234.17848449121254,false
1,39,17:30,61,23:00,22,1,,,0.0,false,14.8,234.61950982750196,false
1,39,17:30,62,23:15,23,1,,,0.0,false,14.8,235.06053516379137,false
1,39,17:30,63,23:30,24,1,,,0.0,false,14.8,235.50156050008079,false
1,39,17:30,64,23:45,25,1,,,0.0,false,14.8,235.88718923873847,false
1,39,17:30,65,00:00,26,1,,,0.0,false,14.8,236.32821457502789,false
1,39,17:30,66,00:15,27,1,,,0.0,false,14.8,236.7692399113173,false
1,39,17:30,67,00:30,28,1,,,0.0,false,14.8,237.2102652476067,false
1,39,17:30,68,00:45,29,1,,,0.0,false,14.8,237.65129058389613,false
1,39,17:30,69,01:00,30,1,,,0.0,false,14.8,238.09231592018554,false
1,39,17:30,70,01:15,31,1,,,0.0,false,14.8,238.53334125647496,false
1,39,17:30,71,01:30,32,1,,,0.0,false,14.8,238.97436659276437,false
1,39,17:30,72,01:45,33,1,,,0.0,false,14.8,239.41539192905378,false
1,39,17:30,73,02:00,34,1,,,0.0,false,14.8,239.8564172653432,false
1,39,17:30,74,02:15,35,1,,,0.0,false,14.8,240.2974426016326,false
1,39,17:30,75,02:30,36,1,,,0.0,false,14.8,240.73846793792205,false
1,39,17:30,76,02:45,37,1,,,0.0,false,14.8,241.17949327421147,false
1,39,17:30,77,03:00,38,1,,,0.0,false,14.8,241.62051861050088,false
1,39,17:30,78,03:15,39,1,,,0.0,false,14.8,242.06154394679032,false
1,39,17:30,79,03:30,40,1,,,0.0,false,14.8,242.50256928307974,false
1,39,17:30,80,03:45,41,1,,,0.0,false,14.8,242.94359461936918,false
1,39,17:30,81,04:00,42,1,,,0.0,false,14.8,243.3846199556586,false
1,39,17:30,82,04:15,43,1,,,0.0,false,14.8,243.82564529194804,false
1,39,17:30,83,04:30,44,1,,,0.0,false,14.8,244.26667062823745,false
1,39,17:30,84,04:45,45,1,,,0.0,false,14.8,244.7076959645269,false
1,39,17:30,85,05:00,46,1,,,0.0,false,14.8,245.1487213008163,false
1,39,17:30,86,05:15,47,1,,,0.0,false,14.8,245.58974663710572,false
1,39,17:30,87,05:30,48,1,,,0.0,false,14.8,246.03077197339516,false
1,39,17:30,88,05:45,49,1,,,0.0,false,14.8,246.47179730968458,false
1,39,17:30,89,06:00,50,1,,,0.0,false,14.8,246.91282264597402,false
1,39,17:30,90,06:15,51,1,,,0.0,false,14.8,247.35384798226343,false
1,39,17:30,91,06:30,52,1,,,0.0,false,14.8,247.79487331855287,false
1,39,17:30,92,06:45,53,1,,,0.0,false,14.8,248.2358986548423,false
1,39,17:30,93,07:00,54,1,,,0.0,false,14.8,248.6769239911317,false
1,39,17:30,94,07:15,55,1,,,0.0,false,14.8,249.11794932742114,false
1,39,17:30,95,07:30,56,1,,,0.0,false,14.8,249.55897466371056,false
1,39,17:30,96,07:45,57,1,,,0.0,false,14.8,250.0,false
1,40,17:45,40,17:45,0,1,,Charging,0.0,true,11.000000000000002,234.97161144078643,false
1,40,17:45,41,18:00,1,1,,Charging,0.0,true,12.9,232.8663482828917,false
1,40,17:45,42,18:15,2,1,,Charging,0.0,true,14.8,230.76108512499695,false
1,40,17:45,43,18:30,3,1,,,0.0,false,14.8,230.76108512499695,false
1,40,17:45,44,18:45,4,1,,,0.0,false,14.8,230.76108512499695,false
1,40,17:45,45,19:00,5,1,,,0.0,false,14.8,230.76108512499695,false
1,40,17:45,46,19:15,6,1,,,0.0,false,14.8,230.76108512499695,false
1,40,17:45,47,19:30,7,1,,,0.0,false,14.8,230.76108512499695,false
1,40,17:45,48,19:45,8,1,,,0.0,false,14.8,230.76108512499695,false
1,40,17:45,49,20:00,9,1,,,0.0,false,14.8,230.76108512499695,false
1,40,17:45,50,20:15,10,1,,,0.0,false,14.8,230.76108512499695,false
1,40,17:45,51,20:30,11,1,,,0.0,false,14.8,230.76108512499695,false
1,40,17:45,52,20:45,12,1,,,0.0,false,14.8,230.76108512499695,false
1,40,17:45,53,21:00,13,1,,,0.0,false,14.8,231.20211046128637,false
1,40,17:45,54,21:15,14,1,,,0.0,false,14.8,231.64313579757578,false
1,40,17:45,55,21:30,15,1,,,0.0,false,14.8,232.0841611338652,false
1,40,17:45,56,21:45,16,1,,,0.0,false,14.8,232.5251864701546,false
1,40,17:45,57,22:00,17,1,,,0.0,false,14.8,232.96621180644402,false
1,40,17:45,58,22:15,18,1,,,0.0,false,14.8,233.40723714273344,false
1,40,17:45,59,22:30,19,1,,,0.0,false,14.8,233.84826247902285,false
1,40,17:45,60,22:45,20,1,,,0.0,false,14.8,234.28928781531226,false
1,40,17:45,61,23:00,21,1,,,0.0,false,14.8,234.73031315160168,false
1,40,17:45,62,23:15,22,1,,,0.0,false,14.8,235.1713384878911,false
1,40,17:45,63,23:30,23,1,,,0.0,false,14.8,235.6123638241805,false
1,40,17:45,64,23:45,24,1,,,0.0,false,14.8,235.88718923873873,false
1,40,17:45,65,00:00,25,1,,,0.0,false,14.8,236.32821457502814,false
1,40,17:45,66,00:15,26,1,,,0.0,false,14.8,236.76923991131756,false
1,40,17:45,67,00:30,27,1,,,0.0,false,14.8,237.21026524760697,false
1,40,17:45,68,00:45,28,1,,,0.0,false,14.8,237.65129058389638,false
1,40,17:45,69,01:00,29,1,,,0.0,false,14.8,238.0923159201858,false
1,40,17:45,70,01:15,30,1,,,0.0,false,14.8,238.5333412564752,false
1,40,17:45,71,01:30,31,1,,,0.0,false,14.8,238.97436659276462,false
1,40,17:45,72,01:45,32,1,,,0.0,false,14.8,239.41539192905404,false
1,40,17:45,73,02:00,33,1,,,0.0,false,14.8,239.85641726534345,false
1,40,17:45,74,02:15,34,1,,,0.0,false,14.8,240.29744260163287,false
1,40,17:45,75,02:30,35,1,,,0.0,false,14.8,240.73846793792228,false
1,40,17:45,76,02:45,36,1,,,0.0,false,14.8,241.1794932742117,false
1,40,17:45,77,03:00,37,1,,,0.0,false,14.8,241.6205186105011,false
1,40,17:45,78,03:15,38,1,,,0.0,false,14.8,242.06154394679052,false
1,40,17:45,79,03:30,39,1,,,0.0,false,14.8,242.50256928307994,false
1,40,17:45,80,03:45,40,1,,,0.0,false,14.8,242.94359461936935,false
1,40,17:45,81,04:00,41,1,,,0.0,false,14.8,243.38461995565876,false
1,40,17:45,82,04:15,42,1,,,0.0,false,14.8,243.82564529194818,false
1,40,17:45,83,04:30,43,1,,,0.0,false,14.8,244.2666706282376,false
1,40,17:45,84,04:45,44,1,,,0.0,false,14.8,244.707695964527,false
1,40,17:45,85,05:00,45,1,,,0.0,false,14.8,245.14872130081642,false
1,40,17:45,86,05:15,46,1,,,0.0,false,14.8,245.58974663710583,false
1,40,17:45,87,05:30,47,1,,,0.0,false,14.8,246.03077197339525,false
1,40,17:45,88,05:45,48,1,,,0.0,false,14.8,246.47179730968466,false
1,40,17:45,89,06:00,49,1,,,0.0,false,14.8,246.91282264597407,false
1,40,17:45,90,06:15,50,1,,,0.0,false,14.8,247.3538479822635,false
1,40,17:45,91,06:30,51,1,,,0.0,false,14.8,247.7948733185529,false
1,40,17:45,92,06:45,52,1,,,0.0,false,14.8,248.23589865484232,false
1,40,17:45,93,07:00,53,1,,,0.0,false,14.8,248.67692399113173,false
1,40,17:45,94,07:15,54,1,,,0.0,false,14.8,249.11794932742114,false
1,40,17:45,95,07:30,55,1,,,0.0,false,14.8,249.55897466371056,false
1,40,17:45,96,07:45,56,1,,,0.0,false,14.8,250.0,false
1,41,18:00,41,18:00,0,1,,Charging,0.0,true,12.989697608980903,232.8663482828917,false
1,41,18:00,42,18:15,1,1,,Charging,0.0,true,14.8,230.86047305738578,false
1,41,18:00,43,18:30,2,1,,,0.0,false,14.8,230.86047305738578,false
1,41,18:00,44,18:45,3,1,,,0.0,false,14.8,230.86047305738578,false
1,41,18:00,45,19:00,4,1,,,0.0,false,14.8,230.86047305738578,false
1,41,18:00,46,19:15,5,1,,,0.0,false,14.8,230.86047305738578,false
1,41,18:00,47,19:30,6,1,,,0.0,false,14.8,230.86047305738578,false
1,41,18:00,48,19:45,7,1,,,0.0,false,14.8,230.86047305738578,false
1,41,18:00,49,20:00,8,1,,,0.0,false,14.8,230.86047305738578,false
1,41,18:00,50,20:15,9,1,,,0.0,false,14.8,230.86047305738578,false
1,41,18:00,51,20:30,10,1,,,0.0,false,14.8,230.86047305738578,false
1,41,18:00,52,20:45,11,1,,,0.0,false,14.8,230.86047305738578,false
1,41,18:00,53,21:00,12,1,,,0.0,false,14.8,231.3014983936752,false
1,41,18:00,54,21:15,13,1,,,0.0,false,14.8,231.7425237299646,false
1,41,18:00,55,21:30,14,1,,,0.0,false,14.8,232.18354906625402,false
1,41,18:00,56,21:45,15,1,,,0.0,false,14.8,232.62457440254343,false
1,41,18:00,57,22:00,16,1,,,0.0,false,14.8,233.06559973883284,false
1,41,18:00,58,22:15,17,1,,,0.0,false,14.8,233.50662507512226,false
1,41,18:00,59,22:30,18,1,,,0.0,false,14.8,233.94765041141167,false
1,41,18:00,60,22:45,19,1,,,0.0,false,14.8,234.3886757477011,false
1,41,18:00,61,23:00,20,1,,,0.0,false,14.8,234.8297010839905,false
1,41,18:00,62,23:15,21,1,,,0.0,false,14.8,235.2707264202799,false
1,41,18:00,63,23:30,22,1,,,0.0,false,14.8,235.71175175656933,false
1,41,18:00,64,23:45,23,1,,,0.0,false,14.8,235.88718923873873,false
1,41,18:00,65,00:00,24,1,,,0.0,false,14.8,236.32821457502814,false
1,41,18:00,66,00:15,25,1,,,0.0,false,14.8,236.76923991131756,false
1,41,18:00,67,00:30,26,1,,,0.0,false,14.8,237.21026524760697,false
1,41,18:00,68,00:45,27,1,,,0.0,false,14.8,237.65129058389638,false
1,41,18:00,69,01:00,28,1,,,0.0,false,14.8,238.0923159201858,false
1,41,18:00,70,01:15,29,1,,,0.0,false,14.8,238.5333412564752,false
1,41,18:00,71,01:30,30,1,,,0.0,false,14.8,238.97436659276462,false
1,41,18:00,72,01:45,31,1,,,0.0,false,14.8,239.41539192905404,false
1,41,18:00,73,02:00,32,1,,,0.0,false,14.8,239.85641726534345,false
1,41,18:00,74,02:15,33,1,,,0.0,false,14.8,240.29744260163287,false
1,41,18:00,75,02:30,34,1,,,0.0,false,14.8,240.73846793792228,false
1,41,18:00,76,02:45,35,1,,,0.0,false,14.8,241.1794932742117,false
1,41,18:00,77,03:00,36,1,,,0.0,false,14.8,241.6205186105011,false
1,41,18:00,78,03:15,37,1,,,0.0,false,14.8,242.06154394679052,false
1,41,18:00,79,03:30,38,1,,,0.0,false,14.8,242.50256928307994,false
1,41,18:00,80,03:45,39,1,,,0.0,false,14.8,242.94359461936935,false
1,41,18:00,81,04:00,40,1,,,0.0,false,14.8,243.38461995565876,false
1,41,18:00,82,04:15,41,1,,,0.0,false,14.8,243.82564529194818,false
1,41,18:00,83,04:30,42,1,,,0.0,false,14.8,244.2666706282376,false
1,41,18:00,84,04:45,43,1,,,0.0,false,14.8,244.707695964527,false
1,41,18:00,85,05:00,44,1,,,0.0,false,14.8,245.14872130081642,false
1,41,18:00,86,05:15,45,1,,,0.0,false,14.8,245.58974663710583,false
1,41,18:00,87,05:30,46,1,,,0.0,false,14.8,246.03077197339525,false
1,41,18:00,88,05:45,47,1,,,0.0,false,14.8,246.47179730968466,false
1,41,18:00,89,06:00,48,1,,,0.0,false,14.8,246.91282264597407,false
1,41,18:00,90,06:15,49,1,,,0.0,false,14.8,247.3538479822635,false
1,41,18:00,91,06:30,50,1,,,0.0,false,14.8,247.7948733185529,false
1,41,18:00,92,06:45,51,1,,,0.0,false,14.8,248.23589865484232,false
1,41,18:00,93,07:00,52,1,,,0.0,false,14.8,248.67692399113173,false
1,41,18:00,94,07:15,53,1,,,0.0,false,14.8,249.11794932742114,false
1,41,18:00,95,07:30,54,1,,,0.0,false,14.8,249.55897466371056,false
1,41,18:00,96,07:45,55,1,,,0.0,false,14.8,250.0,false
1,42,18:15,42,18:15,0,1,,Charging,0.0,true,14.8,230.9712763814855,false
1,42,18:15,43,18:30,1,1,,,0.0,false,14.8,230.9712763814855,false
1,42,18:15,44,18:45,2,1,,,0.0,false,14.8,230.9712763814855,false
1,42,18:15,45,19:00,3,1,,,0.0,false,14.8,230.9712763814855,false
1,42,18:15,46,19:15,4,1,,,0.0,false,14.8,230.9712763814855,false
1,42,18:15,47,19:30,5,1,,,0.0,false,14.8,230.9712763814855,false
1,42,18:15,48,19:45,6,1,,,0.0,false,14.8,230.9712763814855,false
1,42,18:15,49,20:00,7,1,,,0.0,false,14.8,230.9712763814855,false
1,42,18:15,50,20:15,8,1,,,0.0,false,14.8,230.9712763814855,false
1,42,18:15,51,20:30,9,1,,,0.0,false,14.8,230.9712763814855,false
1,42,18:15,52,20:45,10,1,,,0.0,false,14.8,230.9712763814855,false
1,42,18:15,53,21:00,11,1,,,0.0,false,14.8,231.4123017177749,false
1,42,18:15,54,21:15,12,1,,,0.0,false,14.8,231.85332705406432,false
1,42,18:15,55,21:30,13,1,,,0.0,false,14.8,232.29435239035377,false
1,42,18:15,56,21:45,14,1,,,0.0,false,14.8,232.73537772664318,false
1,42,18:15,57,22:00,15,1,,,0.0,false,14.8,233.1764030629326,false
1,42,18:15,58,22:15,16,1,,,0.0,false,14.8,233.617428399222,false
1,42,18:15,59,22:30,17,1,,,0.0,false,14.8,234.05845373551142,false
1,42,18:15,60,22:45,18,1,,,0.0,false,14.8,234.4994790718009,false
1,42,18:15,61,23:00,19,1,,,0.0,false,14.8,234.9405044080903,false
1,42,18:15,62,23:15,20,1,,,0.0,false,14.8,235.38152974437975,false
1,42,18:15,63,23:30,21,1,,,0.0,false,14.8,235.82255508066916,false
1,42,18:15,64,23:45,22,1,,,0.0,false,14.8,235.8871892387385,false
1,42,18:15,65,00:00,23,1,,,0.0,false,14.8,236.3282145750279,false
1,42,18:15,66,00:15,24,1,,,0.0,false,14.8,236.76923991131733,false
1,42,18:15,67,00:30,25,1,,,0.0,false,14.8,237.21026524760674,false
1,42,18:15,68,00:45,26,1,,,0.0,false,14.8,237.65129058389616,false
1,42,18:15,69,01:00,27,1,,,0.0,false,14.8,238.0923159201856,false
1,42,18:15,70,01:15,28,1,,,0.0,false,14.8,238.533341256475,false
1,42,18:15,71,01:30,29,1,,,0.0,false,14.8,238.97436659276443,false
1,42,18:15,72,01:45,30,1,,,0.0,false,14.8,239.41539192905384,false
1,42,18:15,73,02:00,31,1,,,0.0,false,14.8,239.85641726534325,false
1,42,18:15,74,02:15,32,1,,,0.0,false,14.8,240.29744260163267,false
1,42,18:15,75,02:30,33,1,,,0.0,false,14.8,240.73846793792208,false
1,42,18:15,76,02:45,34,1,,,0.0,false,14.8,241.1794932742115,false
1,42,18:15,77,03:00,35,1,,,0.0,false,14.8,241.62051861050097,false
1,42,18:15,78,03:15,36,1,,,0.0,false,14.8,242.06154394679038,false
1,42,18:15,79,03:30,37,1,,,0.0,false,14.8,242.50256928307982,false
1,42,18:15,80,03:45,38,1,,,0.0,false,14.8,242.94359461936924,false
1,42,18:15,81,04:00,39,1,,,0.0,false,14.8,243.38461995565865,false
1,42,18:15,82,04:15,40,1,,,0.0,false,14.8,243.82564529194806,false
1,42,18:15,83,04:30,41,1,,,0.0,false,14.8,244.2666706282375,false
1,42,18:15,84,04:45,42,1,,,0.0,false,14.8,244.70769596452692,false
1,42,18:15,85,05:00,43,1,,,0.0,false,14.8,245.14872130081633,false
1,42,18:15,86,05:15,44,1,,,0.0,false,14.8,245.58974663710578,false
1,42,18:15,87,05:30,45,1,,,0.0,false,14.8,246.0307719733952,false
1,42,18:15,88,05:45,46,1,,,0.0,false,14.8,246.4717973096846,false
1,42,18:15,89,06:00,47,1,,,0.0,false,14.8,246.91282264597402,false
1,42,18:15,90,06:15,48,1,,,0.0,false,14.8,247.35384798226343,false
1,42,18:15,91,06:30,49,1,,,0.0,false,14.8,247.79487331855285,false
1,42,18:15,92,06:45,50,1,,,0.0,false,14.8,248.23589865484232,false
1,42,18:15,93,07:00,51,1,,,0.0,false,14.8,248.6769239911317,false
1,42,18:15,94,07:15,52,1,,,0.0,false,14.8,249.11794932742112,false
1,42,18:15,95,07:30,53,1,,,0.0,false,14.8,249.55897466371053,false
1,42,18:15,96,07:45,54,1,,,0.0,false,14.8,250.0,false
1,43,18:30,43,18:30,0,1,,,0.0,false,14.8,230.9712763814855,false
1,43,18:30,44,18:45,1,1,,,0.0,false,14.8,230.9712763814855,false
1,43,18:30,45,19:00,2,1,,,0.0,false,14.8,230.9712763814855,false
1,43,18:30,46,19:15,3,1,,,0.0,false,14.8,230.9712763814855,false
1,43,18:30,47,19:30,4,1,,,0.0,false,14.8,230.9712763814855,false
1,43,18:30,48,19:45,5,1,,,0.0,false,14.8,230.9712763814855,false
1,43,18:30,49,20:00,6,1,,,0.0,false,14.8,230.9712763814855,false
1,43,18:30,50,20:15,7,1,,,0.0,false,14.8,230.9712763814855,false
1,43,18:30,51,20:30,8,1,,,0.0,false,14.8,230.9712763814855,false
1,43,18:30,52,20:45,9,1,,,0.0,false,14.8,230.9712763814855,false
1,43,18:30,53,21:00,10,1,,,0.0,false,14.8,231.4123017177749,false
1,43,18:30,54,21:15,11,1,,,0.0,false,14.8,231.85332705406435,false
1,43,18:30,55,21:30,12,1,,,0.0,false,14.8,232.29435239035377,false
1,43,18:30,56,21:45,13,1,,,0.0,false,14.8,232.7353777266432,false
1,43,18:30,57,22:00,14,1,,,0.0,false,14.8,233.17640306293262,false
1,43,18:30,58,22:15,15,1,,,0.0,false,14.8,233.61742839922206,false
1,43,18:30,59,22:30,16,1,,,0.0,false,14.8,234.05845373551148,false
1,43,18:30,60,22:45,17,1,,,0.0,false,14.8,234.49947907180092,false
1,43,18:30,61,23:00,18,1,,,0.0,false,14.8,234.94050440809033,false
1,43,18:30,62,23:15,19,1,,,0.0,false,14.8,235.38152974437975,false
1,43,18:30,63,23:30,20,1,,,0.0,false,14.8,235.82255508066916,false
1,43,18:30,64,23:45,21,1,,,0.0,false,14.8,235.88718923873833,false
1,43,18:30,65,00:00,22,1,,,0.0,false,14.8,236.3282145750278,false
1,43,18:30,66,00:15,23,1,,,0.0,false,14.8,236.76923991131721,false
1,43,18:30,67,00:30,24,1,,,0.0,false,14.8,237.21026524760666,false
1,43,18:30,68,00:45,25,1,,,0.0,false,14.8,237.65129058389607,false
1,43,18:30,69,01:00,26,1,,,0.0,false,14.8,238.0923159201855,false
1,43,18:30,70,01:15,27,1,,,0.0,false,14.8,238.53334125647493,false
1,43,18:30,71,01:30,28,1,,,0.0,false,14.8,238.97436659276434,false
1,43,18:30,72,01:45,29,1,,,0.0,false,14.8,239.41539192905378,false
1,43,18:30,73,02:00,30,1,,,0.0,false,14.8,239.8564172653432,false
1,43,18:30,74,02:15,31,1,,,0.0,false,14.8,240.29744260163264,false
1,43,18:30,75,02:30,32,1,,,0.0,false,14.8,240.73846793792205,false
1,43,18:30,76,02:45,33,1,,,0.0,false,14.8,241.1794932742115,false
1,43,18:30,77,03:00,34,1,,,0.0,false,14.8,241.6205186105009,false
1,43,18:30,78,03:15,35,1,,,0.0,false,14.8,242.06154394679035,false
1,43,18:30,79,03:30,36,1,,,0.0,false,14.8,242.50256928307977,false
1,43,18:30,80,03:45,37,1,,,0.0,false,14.8,242.94359461936918,false
1,43,18:30,81,04:00,38,1,,,0.0,false,14.8,243.38461995565862,false
1,43,18:30,82,04:15,39,1,,,0.0,false,14.8,243.82564529194804,false
1,43,18:30,83,04:30,40,1,,,0.0,false,14.8,244.26667062823748,false
1,43,18:30,84,04:45,41,1,,,0.0,false,14.8,244.7076959645269,false
1,43,18:30,85,05:00,42,1,,,0.0,false,14.8,245.14872130081633,false
1,43,18:30,86,05:15,43,1,,,0.0,false,14.8,245.58974663710575,false
1,43,18:30,87,05:30,44,1,,,0.0,false,14.8,246.0307719733952,false
1,43,18:30,88,05:45,45,1,,,0.0,false,14.8,246.4717973096846,false
1,43,18:30,89,06:00,46,1,,,0.0,false,14.8,246.91282264597402,false
1,43,18:30,90,06:15,47,1,,,0.0,false,14.8,247.35384798226346,false
1,43,18:30,91,06:30,48,1,,,0.0,false,14.8,247.79487331855287,false
1,43,18:30,92,06:45,49,1,,,0.0,false,14.8,248.23589865484232,false
1,43,18:30,93,07:00,50,1,,,0.0,false,14.8,248.67692399113173,false
1,43,18:30,94,07:15,51,1,,,0.0,false,14.8,249.11794932742114,false
1,43,18:30,95,07:30,52,1,,,0.0,false,14.8,249.5589746637106,false
1,43,18:30,96,07:45,53,1,,,0.0,false,14.8,250.0,false
1,44,18:45,44,18:45,0,1,,,0.0,false,14.8,230.9712763814855,false
1,44,18:45,45,19:00,1,1,,,0.0,false,14.8,230.9712763814855,false
1,44,18:45,46,19:15,2,1,,,0.0,false,14.8,230.9712763814855,false
1,44,18:45,47,19:30,3,1,,,0.0,false,14.8,230.9712763814855,false
1,44,18:45,48,19:45,4,1,,,0.0,false,14.8,230.9712763814855,false
1,44,18:45,49,20:00,5,1,,,0.0,false,14.8,230.9712763814855,false
1,44,18:45,50,20:15,6,1,,,0.0,false,14.8,230.9712763814855,false
1,44,18:45,51,20:30,7,1,,,0.0,false,14.8,230.9712763814855,false
1,44,18:45,52,20:45,8,1,,,0.0,false,14.8,230.9712763814855,false
1,44,18:45,53,21:00,9,1,,,0.0,false,14.8,231.4123017177749,false
1,44,18:45,54,21:15,10,1,,,0.0,false,14.8,231.85332705406435,false
1,44,18:45,55,21:30,11,1,,,0.0,false,14.8,232.29435239035377,false
1,44,18:45,56,21:45,12,1,,,0.0,false,14.8,232.7353777266432,false
1,44,18:45,57,22:00,13,1,,,0.0,false,14.8,233.17640306293262,false
1,44,18:45,58,22:15,14,1,,,0.0,false,14.8,233.61742839922206,false
1,44,18:45,59,22:30,15,1,,,0.0,false,14.8,234.05845373551148,false
1,44,18:45,60,22:45,16,1,,,0.0,false,14.8,234.49947907180092,false
1,44,18:45,61,23:00,17,1,,,0.0,false,14.8,234.94050440809033,false
1,44,18:45,62,23:15,18,1,,,0.0,false,14.8,235.38152974437975,false
1,44,18:45,63,23:30,19,1,,,0.0,false,14.8,235.82255508066916,false
1,44,18:45,64,23:45,20,1,,,0.0,false,14.8,235.88718923873833,false
1,44,18:45,65,00:00,21,1,,,0.0,false,14.8,236.3282145750278,false
1,44,18:45,66,00:15,22,1,,,0.0,false,14.8,236.76923991131721,false
1,44,18:45,67,00:30,23,1,,,0.0,false,14.8,237.21026524760666,false
1,44,18:45,68,00:45,24,1,,,0.0,false,14.8,237.65129058389607,false
1,44,18:45,69,01:00,25,1,,,0.0,false,14.8,238.0923159201855,false
1,44,18:45,70,01:15,26,1,,,0.0,false,14.8,238.53334125647493,false
1,44,18:45,71,01:30,27,1,,,0.0,false,14.8,238.97436659276434,false
1,44,18:45,72,01:45,28,1,,,0.0,false,14.8,239.41539192905378,false
1,44,18:45,73,02:00,29,1,,,0.0,false,14.8,239.8564172653432,false
1,44,18:45,74,02:15,30,1,,,0.0,false,14.8,240.29744260163264,false
1,44,18:45,75,02:30,31,1,,,0.0,false,14.8,240.73846793792205,false
1,44,18:45,76,02:45,32,1,,,0.0,false,14.8,241.1794932742115,false
1,44,18:45,77,03:00,33,1,,,0.0,false,14.8,241.6205186105009,false
1,44,18:45,78,03:15,34,1,,,0.0,false,14.8,242.06154394679035,false
1,44,18:45,79,03:30,35,1,,,0.0,false,14.8,242.50256928307977,false
1,44,18:45,80,03:45,36,1,,,0.0,false,14.8,242.94359461936918,false
1,44,18:45,81,04:00,37,1,,,0.0,false,14.8,243.38461995565862,false
1,44,18:45,82,04:15,38,1,,,0.0,false,14.8,243.82564529194804,false
1,44,18:45,83,04:30,39,1,,,0.0,false,14.8,244.26667062823748,false
1,44,18:45,84,04:45,40,1,,,0.0,false,14.8,244.7076959645269,false
1,44,18:45,85,05:00,41,1,,,0.0,false,14.8,245.14872130081633,false
1,44,18:45,86,05:15,42,1,,,0.0,false,14.8,245.58974663710575,false
1,44,18:45,87,05:30,43,1,,,0.0,false,14.8,246.0307719733952,false
1,44,18:45,88,05:45,44,1,,,0.0,false,14.8,246.4717973096846,false
1,44,18:45,89,06:00,45,1,,,0.0,false,14.8,246.91282264597402,false
1,44,18:45,90,06:15,46,1,,,0.0,false,14.8,247.35384798226346,false
1,44,18:45,91,06:30,47,1,,,0.0,false,14.8,247.79487331855287,false
1,44,18:45,92,06:45,48,1,,,0.0,false,14.8,248.23589865484232,false
1,44,18:45,93,07:00,49,1,,,0.0,false,14.8,248.67692399113173,false
1,44,18:45,94,07:15,50,1,,,0.0,false,14.8,249.11794932742114,false
1,44,18:45,95,07:30,51,1,,,0.0,false,14.8,249.5589746637106,false
1,44,18:45,96,07:45,52,1,,,0.0,false,14.8,250.0,false
1,45,19:00,45,19:00,0,1,,,0.0,false,14.8,230.9712763814855,false
1,45,19:00,46,19:15,1,1,,,0.0,false,14.8,230.9712763814855,false
1,45,19:00,47,19:30,2,1,,,0.0,false,14.8,230.9712763814855,false
1,45,19:00,48,19:45,3,1,,,0.0,false,14.8,230.9712763814855,false
1,45,19:00,49,20:00,4,1,,,0.0,false,14.8,230.9712763814855,false
1,45,19:00,50,20:15,5,1,,,0.0,false,14.8,230.9712763814855,false
1,45,19:00,51,20:30,6,1,,,0.0,false,14.8,230.9712763814855,false
1,45,19:00,52,20:45,7,1,,,0.0,false,14.8,230.9712763814855,false
1,45,19:00,53,21:00,8,1,,,0.0,false,14.8,231.4123017177749,false
1,45,19:00,54,21:15,9,1,,,0.0,false,14.8,231.85332705406435,false
1,45,19:00,55,21:30,10,1,,,0.0,false,14.8,232.29435239035377,false
1,45,19:00,56,21:45,11,1,,,0.0,false,14.8,232.7353777266432,false
1,45,19:00,57,22:00,12,1,,,0.0,false,14.8,233.17640306293262,false
1,45,19:00,58,22:15,13,1,,,0.0,false,14.8,233.61742839922206,false
1,45,19:00,59,22:30,14,1,,,0.0,false,14.8,234.05845373551148,false
1,45,19:00,60,22:45,15,1,,,0.0,false,14.8,234.49947907180092,false
1,45,19:00,61,23:00,16,1,,,0.0,false,14.8,234.94050440809033,false
1,45,19:00,62,23:15,17,1,,,0.0,false,14.8,235.38152974437975,false
1,45,19:00,63,23:30,18,1,,,0.0,false,14.8,235.82255508066916,false
1,45,19:00,64,23:45,19,1,,,0.0,false,14.8,235.88718923873833,false
1,45,19:00,65,00:00,20,1,,,0.0,false,14.8,236.3282145750278,false
1,45,19:00,66,00:15,21,1,,,0.0,false,14.8,236.76923991131721,false
1,45,19:00,67,00:30,22,1,,,0.0,false,14.8,237.21026524760666,false
1,45,19:00,68,00:45,23,1,,,0.0,false,14.8,237.65129058389607,false
1,45,19:00,69,01:00,24,1,,,0.0,false,14.8,238.0923159201855,false
1,45,19:00,70,01:15,25,1,,,0.0,false,14.8,238.53334125647493,false
1,45,19:00,71,01:30,26,1,,,0.0,false,14.8,238.97436659276434,false
1,45,19:00,72,01:45,27,1,,,0.0,false,14.8,239.41539192905378,false
1,45,19:00,73,02:00,28,1,,,0.0,false,14.8,239.8564172653432,false
1,45,19:00,74,02:15,29,1,,,0.0,false,14.8,240.29744260163264,false
1,45,19:00,75,02:30,30,1,,,0.0,false,14.8,240.73846793792205,false
1,45,19:00,76,02:45,31,1,,,0.0,false,14.8,241.1794932742115,false
1,45,19:00,77,03:00,32,1,,,0.0,false,14.8,241.6205186105009,false
1,45,19:00,78,03:15,33,1,,,0.0,false,14.8,242.06154394679035,false
1,45,19:00,79,03:30,34,1,,,0.0,false,14.8,242.50256928307977,false
1,45,19:00,80,03:45,35,1,,,0.0,false,14.8,242.94359461936918,false
1,45,19:00,81,04:00,36,1,,,0.0,false,14.8,243.38461995565862,false
1,45,19:00,82,04:15,37,1,,,0.0,false,14.8,243.82564529194804,false
1,45,19:00,83,04:30,38,1,,,0.0,false,14.8,244.26667062823748,false
1,45,19:00,84,04:45,39,1,,,0.0,false,14.8,244.7076959645269,false
1,45,19:00,85,05:00,40,1,,,0.0,false,14.8,245.14872130081633,false
1,45,19:00,86,05:15,41,1,,,0.0,false,14.8,245.58974663710575,false
1,45,19:00,87,05:30,42,1,,,0.0,false,14.8,246.0307719733952,false
1,45,19:00,88,05:45,43,1,,,0.0,false,14.8,246.4717973096846,false
1,45,19:00,89,06:00,44,1,,,0.0,false,14.8,246.91282264597402,false
1,45,19:00,90,06:15,45,1,,,0.0,false,14.8,247.35384798226346,false
1,45,19:00,91,06:30,46,1,,,0.0,false,14.8,247.79487331855287,false
1,45,19:00,92,06:45,47,1,,,0.0,false,14.8,248.23589865484232,false
1,45,19:00,93,07:00,48,1,,,0.0,false,14.8,248.67692399113173,false
1,45,19:00,94,07:15,49,1,,,0.0,false,14.8,249.11794932742114,false
1,45,19:00,95,07:30,50,1,,,0.0,false,14.8,249.5589746637106,false
1,45,19:00,96,07:45,51,1,,,0.0,false,14.8,250.0,false
1,46,19:15,46,19:15,0,1,,,0.0,false,14.8,230.9712763814855,false
1,46,19:15,47,19:30,1,1,,,0.0,false,14.8,230.9712763814855,false
1,46,19:15,48,19:45,2,1,,,0.0,false,14.8,230.9712763814855,false
1,46,19:15,49,20:00,3,1,,,0.0,false,14.8,230.9712763814855,false
1,46,19:15,50,20:15,4,1,,,0.0,false,14.8,230.9712763814855,false
1,46,19:15,51,20:30,5,1,,,0.0,false,14.8,230.9712763814855,false
1,46,19:15,52,20:45,6,1,,,0.0,false,14.8,230.9712763814855,false
1,46,19:15,53,21:00,7,1,,,0.0,false,14.8,231.4123017177749,false
1,46,19:15,54,21:15,8,1,,,0.0,false,14.8,231.85332705406435,false
1,46,19:15,55,21:30,9,1,,,0.0,false,14.8,232.29435239035377,false
1,46,19:15,56,21:45,10,1,,,0.0,false,14.8,232.7353777266432,false
1,46,19:15,57,22:00,11,1,,,0.0,false,14.8,233.17640306293262,false
1,46,19:15,58,22:15,12,1,,,0.0,false,14.8,233.61742839922206,false
1,46,19:15,59,22:30,13,1,,,0.0,false,14.8,234.05845373551148,false
1,46,19:15,60,22:45,14,1,,,0.0,false,14.8,234.49947907180092,false
1,46,19:15,61,23:00,15,1,,,0.0,false,14.8,234.94050440809033,false
1,46,19:15,62,23:15,16,1,,,0.0,false,14.8,235.38152974437975,false
1,46,19:15,63,23:30,17,1,,,0.0,false,14.8,235.82255508066916,false
1,46,19:15,64,23:45,18,1,,,0.0,false,14.8,235.88718923873833,false
1,46,19:15,65,00:00,19,1,,,0.0,false,14.8,236.3282145750278,false
1,46,19:15,66,00:15,20,1,,,0.0,false,14.8,236.76923991131721,false
1,46,19:15,67,00:30,21,1,,,0.0,false,14.8,237.21026524760666,false
1,46,19:15,68,00:45,22,1,,,0.0,false,14.8,237.65129058389607,false
1,46,19:15,69,01:00,23,1,,,0.0,false,14.8,238.0923159201855,false
1,46,19:15,70,01:15,24,1,,,0.0,false,14.8,238.53334125647493,false
1,46,19:15,71,01:30,25,1,,,0.0,false,14.8,238.97436659276434,false
1,46,19:15,72,01:45,26,1,,,0.0,false,14.8,239.41539192905378,false
1,46,19:15,73,02:00,27,1,,,0.0,false,14.8,239.8564172653432,false
1,46,19:15,74,02:15,28,1,,,0.0,false,14.8,240.29744260163264,false
1,46,19:15,75,02:30,29,1,,,0.0,false,14.8,240.73846793792205,false
1,46,19:15,76,02:45,30,1,,,0.0,false,14.8,241.1794932742115,false
1,46,19:15,77,03:00,31,1,,,0.0,false,14.8,241.6205186105009,false
1,46,19:15,78,03:15,32,1,,,0.0,false,14.8,242.06154394679035,false
1,46,19:15,79,03:30,33,1,,,0.0,false,14.8,242.50256928307977,false
1,46,19:15,80,03:45,34,1,,,0.0,false,14.8,242.94359461936918,false
1,46,19:15,81,04:00,35,1,,,0.0,false,14.8,243.38461995565862,false
1,46,19:15,82,04:15,36,1,,,0.0,false,14.8,243.82564529194804,false
1,46,19:15,83,04:30,37,1,,,0.0,false,14.8,244.26667062823748,false
1,46,19:15,84,04:45,38,1,,,0.0,false,14.8,244.7076959645269,false
1,46,19:15,85,05:00,39,1,,,0.0,false,14.8,245.14872130081633,false
1,46,19:15,86,05:15,40,1,,,0.0,false,14.8,245.58974663710575,false
1,46,19:15,87,05:30,41,1,,,0.0,false,14.8,246.0307719733952,false
1,46,19:15,88,05:45,42,1,,,0.0,false,14.8,246.4717973096846,false
1,46,19:15,89,06:00,43,1,,,0.0,false,14.8,246.91282264597402,false
1,46,19:15,90,06:15,44,1,,,0.0,false,14.8,247.35384798226346,false
1,46,19:15,91,06:30,45,1,,,0.0,false,14.8,247.79487331855287,false
1,46,19:15,92,06:45,46,1,,,0.0,false,14.8,248.23589865484232,false
1,46,19:15,93,07:00,47,1,,,0.0,false,14.8,248.67692399113173,false
1,46,19:15,94,07:15,48,1,,,0.0,false,14.8,249.11794932742114,false
1,46,19:15,95,07:30,49,1,,,0.0,false,14.8,249.5589746637106,false
1,46,19:15,96,07:45,50,1,,,0.0,false,14.8,250.0,false
1,47,19:30,47,19:30,0,1,,,0.0,false,14.8,230.9712763814855,false
1,47,19:30,48,19:45,1,1,,,0.0,false,14.8,230.9712763814855,false
1,47,19:30,49,20:00,2,1,,,0.0,false,14.8,230.9712763814855,false
1,47,19:30,50,20:15,3,1,,,0.0,false,14.8,230.9712763814855,false
1,47,19:30,51,20:30,4,1,,,0.0,false,14.8,230.9712763814855,false
1,47,19:30,52,20:45,5,1,,,0.0,false,14.8,230.9712763814855,false
1,47,19:30,53,21:00,6,1,,,0.0,false,14.8,231.41230171777494,false
1,47,19:30,54,21:15,7,1,,,0.0,false,14.8,231.85332705406438,false
1,47,19:30,55,21:30,8,1,,,0.0,false,14.8,232.2943523903538,false
1,47,19:30,56,21:45,9,1,,,0.0,false,14.8,232.73537772664324,false
1,47,19:30,57,22:00,10,1,,,0.0,false,14.8,233.17640306293265,false
1,47,19:30,58,22:15,11,1,,,0.0,false,14.8,233.6174283992221,false
1,47,19:30,59,22:30,12,1,,,0.0,false,14.8,234.0584537355115,false
1,47,19:30,60,22:45,13,1,,,0.0,false,14.8,234.49947907180095,false
1,47,19:30,61,23:00,14,1,,,0.0,false,14.8,234.94050440809036,false
1,47,19:30,62,23:15,15,1,,,0.0,false,14.8,235.38152974437978,false
1,47,19:30,63,23:30,16,1,,,0.0,false,14.8,235.8225550806692,false
1,47,19:30,64,23:45,17,1,,,0.0,false,14.8,235.88718923873836,false
1,47,19:30,65,00:00,18,1,,,0.0,false,14.8,236.3282145750278,false
1,47,19:30,66,00:15,19,1,,,0.0,false,14.8,236.76923991131721,false
1,47,19:30,67,00:30,20,1,,,0.0,false,14.8,237.21026524760666,false
1,47,19:30,68,00:45,21,1,,,0.0,false,14.8,237.65129058389607,false
1,47,19:30,69,01:00,22,1,,,0.0,false,14.8,238.0923159201855,false
1,47,19:30,70,01:15,23,1,,,0.0,false,14.8,238.53334125647493,false
1,47,19:30,71,01:30,24,1,,,0.0,false,14.8,238.97436659276434,false
1,47,19:30,72,01:45,25,1,,,0.0,false,14.8,239.41539192905378,false
1,47,19:30,73,02:00,26,1,,,0.0,false,14.8,239.8564172653432,false
1,47,19:30,74,02:15,27,1,,,0.0,false,14.8,240.29744260163264,false
1,47,19:30,75,02:30,28,1,,,0.0,false,14.8,240.73846793792205,false
1,47,19:30,76,02:45,29,1,,,0.0,false,14.8,241.1794932742115,false
1,47,19:30,77,03:00,30,1,,,0.0,false,14.8,241.6205186105009,false
1,47,19:30,78,03:15,31,1,,,0.0,false,14.8,242.06154394679035,false
1,47,19:30,79,03:30,32,1,,,0.0,false,14.8,242.50256928307977,false
1,47,19:30,80,03:45,33,1,,,0.0,false,14.8,242.94359461936918,false
1,47,19:30,81,04:00,34,1,,,0.0,false,14.8,243.38461995565862,false
1,47,19:30,82,04:15,35,1,,,0.0,false,14.8,243.82564529194804,false
1,47,19:30,83,04:30,36,1,,,0.0,false,14.8,244.26667062823748,false
1,47,19:30,84,04:45,37,1,,,0.0,false,14.8,244.7076959645269,false
1,47,19:30,85,05:00,38,1,,,0.0,false,14.8,245.14872130081633,false
1,47,19:30,86,05:15,39,1,,,0.0,false,14.8,245.58974663710575,false
1,47,19:30,87,05:30,40,1,,,0.0,false,14.8,246.0307719733952,false
1,47,19:30,88,05:45,41,1,,,0.0,false,14.8,246.4717973096846,false
1,47,19:30,89,06:00,42,1,,,0.0,false,14.8,246.91282264597402,false
1,47,19:30,90,06:15,43,1,,,0.0,false,14.8,247.35384798226346,false
1,47,19:30,91,06:30,44,1,,,0.0,false,14.8,247.79487331855287,false
1,47,19:30,92,06:45,45,1,,,0.0,false,14.8,248.23589865484232,false
1,47,19:30,93,07:00,46,1,,,0.0,false,14.8,248.67692399113173,false
1,47,19:30,94,07:15,47,1,,,0.0,false,14.8,249.11794932742114,false
1,47,19:30,95,07:30,48,1,,,0.0,false,14.8,249.5589746637106,false
1,47,19:30,96,07:45,49,1,,,0.0,false,14.8,250.0,false
1,48,19:45,48,19:45,0,1,,,0.0,false,14.8,230.9712763814855,false
1,48,19:45,49,20:00,1,1,,,0.0,false,14.8,230.9712763814855,false
1,48,19:45,50,20:15,2,1,,,0.0,false,14.8,230.9712763814855,false
1,48,19:45,51,20:30,3,1,,,0.0,false,14.8,230.9712763814855,false
1,48,19:45,52,20:45,4,1,,,0.0,false,14.8,230.9712763814855,false
1,48,19:45,53,21:00,5,1,,,0.0,false,14.8,231.4123017177749,false
1,48,19:45,54,21:15,6,1,,,0.0,false,14.8,231.85332705406435,false
1,48,19:45,55,21:30,7,1,,,0.0,false,14.8,232.29435239035377,false
1,48,19:45,56,21:45,8,1,,,0.0,false,14.8,232.7353777266432,false
1,48,19:45,57,22:00,9,1,,,0.0,false,14.8,233.17640306293262,false
1,48,19:45,58,22:15,10,1,,,0.0,false,14.8,233.61742839922206,false
1,48,19:45,59,22:30,11,1,,,0.0,false,14.8,234.05845373551148,false
1,48,19:45,60,22:45,12,1,,,0.0,false,14.8,234.49947907180092,false
1,48,19:45,61,23:00,13,1,,,0.0,false,14.8,234.94050440809033,false
1,48,19:45,62,23:15,14,1,,,0.0,false,14.8,235.38152974437975,false
1,48,19:45,63,23:30,15,1,,,0.0,false,14.8,235.82255508066916,false
1,48,19:45,64,23:45,16,1,,,0.0,false,14.8,235.88718923873833,false
1,48,19:45,65,00:00,17,1,,,0.0,false,14.8,236.3282145750278,false
1,48,19:45,66,00:15,18,1,,,0.0,false,14.8,236.76923991131721,false
1,48,19:45,67,00:30,19,1,,,0.0,false,14.8,237.21026524760666,false
1,48,19:45,68,00:45,20,1,,,0.0,false,14.8,237.65129058389607,false
1,48,19:45,69,01:00,21,1,,,0.0,false,14.8,238.0923159201855,false
1,48,19:45,70,01:15,22,1,,,0.0,false,14.8,238.53334125647493,false
1,48,19:45,71,01:30,23,1,,,0.0,false,14.8,238.97436659276434,false
1,48,19:45,72,01:45,24,1,,,0.0,false,14.8,239.41539192905378,false
1,48,19:45,73,02:00,25,1,,,0.0,false,14.8,239.8564172653432,false
1,48,19:45,74,02:15,26,1,,,0.0,false,14.8,240.29744260163264,false
1,48,19:45,75,02:30,27,1,,,0.0,false,14.8,240.73846793792205,false
1,48,19:45,76,02:45,28,1,,,0.0,false,14.8,241.1794932742115,false
1,48,19:45,77,03:00,29,1,,,0.0,false,14.8,241.6205186105009,false
1,48,19:45,78,03:15,30,1,,,0.0,false,14.8,242.06154394679035,false
1,48,19:45,79,03:30,31,1,,,0.0,false,14.8,242.50256928307977,false
1,48,19:45,80,03:45,32,1,,,0.0,false,14.8,242.94359461936918,false
1,48,19:45,81,04:00,33,1,,,0.0,false,14.8,243.38461995565862,false
1,48,19:45,82,04:15,34,1,,,0.0,false,14.8,243.82564529194804,false
1,48,19:45,83,04:30,35,1,,,0.0,false,14.8,244.26667062823748,false
1,48,19:45,84,04:45,36,1,,,0.0,false,14.8,244.7076959645269,false
1,48,19:45,85,05:00,37,1,,,0.0,false,14.8,245.14872130081633,false
1,48,19:45,86,05:15,38,1,,,0.0,false,14.8,245.58974663710575,false
1,48,19:45,87,05:30,39,1,,,0.0,false,14.8,246.0307719733952,false
1,48,19:45,88,05:45,40,1,,,0.0,false,14.8,246.4717973096846,false
1,48,19:45,89,06:00,41,1,,,0.0,false,14.8,246.91282264597402,false
1,48,19:45,90,06:15,42,1,,,0.0,false,14.8,247.35384798226346,false
1,48,19:45,91,06:30,43,1,,,0.0,false,14.8,247.79487331855287,false
1,48,19:45,92,06:45,44,1,,,0.0,false,14.8,248.23589865484232,false
1,48,19:45,93,07:00,45,1,,,0.0,false,14.8,248.67692399113173,false
1,48,19:45,94,07:15,46,1,,,0.0,false,14.8,249.11794932742114,false
1,48,19:45,95,07:30,47,1,,,0.0,false,14.8,249.5589746637106,false
1,48,19:45,96,07:45,48,1,,,0.0,false,14.8,250.0,false
1,49,20:00,49,20:00,0,1,,,0.0,false,14.8,230.9712763814855,false
1,49,20:00,50,20:15,1,1,,,0.0,false,14.8,230.9712763814855,false
1,49,20:00,51,20:30,2,1,,,0.0,false,14.8,230.9712763814855,false
1,49,20:00,52,20:45,3,1,,,0.0,false,14.8,230.9712763814855,false
1,49,20:00,53,21:00,4,1,,,0.0,false,14.8,231.4123017177749,false
1,49,20:00,54,21:15,5,1,,,0.0,false,14.8,231.85332705406435,false
1,49,20:00,55,21:30,6,1,,,0.0,false,14.8,232.29435239035377,false
1,49,20:00,56,21:45,7,1,,,0.0,false,14.8,232.7353777266432,false
1,49,20:00,57,22:00,8,1,,,0.0,false,14.8,233.17640306293262,false
1,49,20:00,58,22:15,9,1,,,0.0,false,14.8,233.6174283992221,false
1,49,20:00,59,22:30,10,1,,,0.0,false,14.8,234.0584537355115,false
1,49,20:00,60,22:45,11,1,,,0.0,false,14.8,234.49947907180095,false
1,49,20:00,61,23:00,12,1,,,0.0,false,14.8,234.94050440809036,false
1,49,20:00,62,23:15,13,1,,,0.0,false,14.8,235.38152974437978,false
1,49,20:00,63,23:30,14,1,,,0.0,false,14.8,235.8225550806692,false
1,49,20:00,64,23:45,15,1,,,0.0,false,14.8,235.88718923873836,false
1,49,20:00,65,00:00,16,1,,,0.0,false,14.8,236.3282145750278,false
1,49,20:00,66,00:15,17,1,,,0.0,false,14.8,236.76923991131721,false
1,49,20:00,67,00:30,18,1,,,0.0,false,14.8,237.21026524760666,false
1,49,20:00,68,00:45,19,1,,,0.0,false,14.8,237.65129058389607,false
1,49,20:00,69,01:00,20,1,,,0.0,false,14.8,238.0923159201855,false
1,49,20:00,70,01:15,21,1,,,0.0,false,14.8,238.53334125647493,false
1,49,20:00,71,01:30,22,1,,,0.0,false,14.8,238.97436659276434,false
1,49,20:00,72,01:45,23,1,,,0.0,false,14.8,239.41539192905378,false
1,49,20:00,73,02:00,24,1,,,0.0,false,14.8,239.8564172653432,false
1,49,20:00,74,02:15,25,1,,,0.0,false,14.8,240.29744260163264,false
1,49,20:00,75,02:30,26,1,,,0.0,false,14.8,240.73846793792205,false
1,49,20:00,76,02:45,27,1,,,0.0,false,14.8,241.1794932742115,false
1,49,20:00,77,03:00,28,1,,,0.0,false,14.8,241.6205186105009,false
1,49,20:00,78,03:15,29,1,,,0.0,false,14.8,242.06154394679035,false
1,49,20:00,79,03:30,30,1,,,0.0,false,14.8,242.50256928307977,false
1,49,20:00,80,03:45,31,1,,,0.0,false,14.8,242.94359461936918,false
1,49,20:00,81,04:00,32,1,,,0.0,false,14.8,243.38461995565862,false
1,49,20:00,82,04:15,33,1,,,0.0,false,14.8,243.82564529194804,false
1,49,20:00,83,04:30,34,1,,,0.0,false,14.8,244.26667062823748,false
1,49,20:00,84,04:45,35,1,,,0.0,false,14.8,244.7076959645269,false
1,49,20:00,85,05:00,36,1,,,0.0,false,14.8,245.14872130081633,false
1,49,20:00,86,05:15,37,1,,,0.0,false,14.8,245.58974663710575,false
1,49,20:00,87,05:30,38,1,,,0.0,false,14.8,246.0307719733952,false
1,49,20:00,88,05:45,39,1,,,0.0,false,14.8,246.4717973096846,false
1,49,20:00,89,06:00,40,1,,,0.0,false,14.8,246.91282264597402,false
1,49,20:00,90,06:15,41,1,,,0.0,false,14.8,247.35384798226346,false
1,49,20:00,91,06:30,42,1,,,0.0,false,14.8,247.79487331855287,false
1,49,20:00,92,06:45,43,1,,,0.0,false,14.8,248.23589865484232,false
1,49,20:00,93,07:00,44,1,,,0.0,false,14.8,248.67692399113173,false
1,49,20:00,94,07:15,45,1,,,0.0,false,14.8,249.11794932742114,false
1,49,20:00,95,07:30,46,1,,,0.0,false,14.8,249.5589746637106,false
1,49,20:00,96,07:45,47,1,,,0.0,false,14.8,250.0,false
1,50,20:15,50,20:15,0,1,,,0.0,false,14.8,230.9712763814855,false
1,50,20:15,51,20:30,1,1,,,0.0,false,14.8,230.9712763814855,false
1,50,20:15,52,20:45,2,1,,,0.0,false,14.8,230.9712763814855,false
1,50,20:15,53,21:00,3,1,,,0.0,false,14.8,231.4123017177749,false
1,50,20:15,54,21:15,4,1,,,0.0,false,14.8,231.85332705406435,false
1,50,20:15,55,21:30,5,1,,,0.0,false,14.8,232.29435239035377,false
1,50,20:15,56,21:45,6,1,,,0.0,false,14.8,232.7353777266432,false
1,50,20:15,57,22:00,7,1,,,0.0,false,14.8,233.17640306293262,false
1,50,20:15,58,22:15,8,1,,,0.0,false,14.8,233.61742839922206,false
1,50,20:15,59,22:30,9,1,,,0.0,false,14.8,234.05845373551148,false
1,50,20:15,60,22:45,10,1,,,0.0,false,14.8,234.49947907180092,false
1,50,20:15,61,23:00,11,1,,,0.0,false,14.8,234.94050440809033,false
1,50,20:15,62,23:15,12,1,,,0.0,false,14.8,235.38152974437975,false
1,50,20:15,63,23:30,13,1,,,0.0,false,14.8,235.82255508066916,false
1,50,20:15,64,23:45,14,1,,,0.0,false,14.8,235.88718923873833,false
1,50,20:15,65,00:00,15,1,,,0.0,false,14.8,236.3282145750278,false
1,50,20:15,66,00:15,16,1,,,0.0,false,14.8,236.76923991131721,false
1,50,20:15,67,00:30,17,1,,,0.0,false,14.8,237.21026524760666,false
1,50,20:15,68,00:45,18,1,,,0.0,false,14.8,237.65129058389607,false
1,50,20:15,69,01:00,19,1,,,0.0,false,14.8,238.0923159201855,false
1,50,20:15,70,01:15,20,1,,,0.0,false,14.8,238.53334125647493,false
1,50,20:15,71,01:30,21,1,,,0.0,false,14.8,238.97436659276434,false
1,50,20:15,72,01:45,22,1,,,0.0,false,14.8,239.41539192905378,false
1,50,20:15,73,02:00,23,1,,,0.0,false,14.8,239.8564172653432,false
1,50,20:15,74,02:15,24,1,,,0.0,false,14.8,240.29744260163264,false
1,50,20:15,75,02:30,25,1,,,0.0,false,14.8,240.73846793792205,false
1,50,20:15,76,02:45,26,1,,,0.0,false,14.8,241.1794932742115,false
1,50,20:15,77,03:00,27,1,,,0.0,false,14.8,241.6205186105009,false
1,50,20:15,78,03:15,28,1,,,0.0,false,14.8,242.06154394679035,false
1,50,20:15,79,03:30,29,1,,,0.0,false,14.8,242.50256928307977,false
1,50,20:15,80,03:45,30,1,,,0.0,false,14.8,242.94359461936918,false
1,50,20:15,81,04:00,31,1,,,0.0,false,14.8,243.38461995565862,false
1,50,20:15,82,04:15,32,1,,,0.0,false,14.8,243.82564529194804,false
1,50,20:15,83,04:30,33,1,,,0.0,false,14.8,244.26667062823748,false
1,50,20:15,84,04:45,34,1,,,0.0,false,14.8,244.7076959645269,false
1,50,20:15,85,05:00,35,1,,,0.0,false,14.8,245.14872130081633,false
1,50,20:15,86,05:15,36,1,,,0.0,false,14.8,245.58974663710575,false
1,50,20:15,87,05:30,37,1,,,0.0,false,14.8,246.0307719733952,false
1,50,20:15,88,05:45,38,1,,,0.0,false,14.8,246.4717973096846,false
1,50,20:15,89,06:00,39,1,,,0.0,false,14.8,246.91282264597402,false
1,50,20:15,90,06:15,40,1,,,0.0,false,14.8,247.35384798226346,false
1,50,20:15,91,06:30,41,1,,,0.0,false,14.8,247.79487331855287,false
1,50,20:15,92,06:45,42,1,,,0.0,false,14.8,248.23589865484232,false
1,50,20:15,93,07:00,43,1,,,0.0,false,14.8,248.67692399113173,false
1,50,20:15,94,07:15,44,1,,,0.0,false,14.8,249.11794932742114,false
1,50,20:15,95,07:30,45,1,,,0.0,false,14.8,249.5589746637106,false
1,50,20:15,96,07:45,46,1,,,0.0,false,14.8,250.0,false
1,51,20:30,51,20:30,0,1,,,0.0,false,14.8,230.9712763814855,false
1,51,20:30,52,20:45,1,1,,,0.0,false,14.8,230.9712763814855,false
1,51,20:30,53,21:00,2,1,,,0.0,false,14.8,231.41230171777494,false
1,51,20:30,54,21:15,3,1,,,0.0,false,14.8,231.85332705406435,false
1,51,20:30,55,21:30,4,1,,,0.0,false,14.8,232.29435239035377,false
1,51,20:30,56,21:45,5,1,,,0.0,false,14.8,232.7353777266432,false
1,51,20:30,57,22:00,6,1,,,0.0,false,14.8,233.17640306293262,false
1,51,20:30,58,22:15,7,1,,,0.0,false,14.8,233.61742839922206,false
1,51,20:30,59,22:30,8,1,,,0.0,false,14.8,234.05845373551148,false
1,51,20:30,60,22:45,9,1,,,0.0,false,14.8,234.49947907180092,false
1,51,20:30,61,23:00,10,1,,,0.0,false,14.8,234.94050440809033,false
1,51,20:30,62,23:15,11,1,,,0.0,false,14.8,235.38152974437978,false
1,51,20:30,63,23:30,12,1,,,0.0,false,14.8,235.8225550806692,false
1,51,20:30,64,23:45,13,1,,,0.0,false,14.8,235.88718923873836,false
1,51,20:30,65,00:00,14,1,,,0.0,false,14.8,236.3282145750278,false
1,51,20:30,66,00:15,15,1,,,0.0,false,14.8,236.76923991131721,false
1,51,20:30,67,00:30,16,1,,,0.0,false,14.8,237.21026524760666,false
1,51,20:30,68,00:45,17,1,,,0.0,false,14.8,237.65129058389607,false
1,51,20:30,69,01:00,18,1,,,0.0,false,14.8,238.0923159201855,false
1,51,20:30,70,01:15,19,1,,,0.0,false,14.8,238.53334125647493,false
1,51,20:30,71,01:30,20,1,,,0.0,false,14.8,238.97436659276434,false
1,51,20:30,72,01:45,21,1,,,0.0,false,14.8,239.41539192905378,false
1,51,20:30,73,02:00,22,1,,,0.0,false,14.8,239.8564172653432,false
1,51,20:30,74,02:15,23,1,,,0.0,false,14.8,240.29744260163264,false
1,51,20:30,75,02:30,24,1,,,0.0,false,14.8,240.73846793792205,false
1,51,20:30,76,02:45,25,1,,,0.0,false,14.8,241.1794932742115,false
1,51,20:30,77,03:00,26,1,,,0.0,false,14.8,241.6205186105009,false
1,51,20:30,78,03:15,27,1,,,0.0,false,14.8,242.06154394679035,false
1,51,20:30,79,03:30,28,1,,,0.0,false,14.8,242.50256928307977,false
1,51,20:30,80,03:45,29,1,,,0.0,false,14.8,242.94359461936918,false
1,51,20:30,81,04:00,30,1,,,0.0,false,14.8,243.38461995565862,false
1,51,20:30,82,04:15,31,1,,,0.0,false,14.8,243.82564529194804,false
1,51,20:30,83,04:30,32,1,,,0.0,false,14.8,244.26667062823748,false
1,51,20:30,84,04:45,33,1,,,0.0,false,14.8,244.7076959645269,false
1,51,20:30,85,05:00,34,1,,,0.0,false,14.8,245.14872130081633,false
1,51,20:30,86,05:15,35,1,,,0.0,false,14.8,245.58974663710575,false
1,51,20:30,87,05:30,36,1,,,0.0,false,14.8,246.0307719733952,false
1,51,20:30,88,05:45,37,1,,,0.0,false,14.8,246.4717973096846,false
1,51,20:30,89,06:00,38,1,,,0.0,false,14.8,246.91282264597402,false
1,51,20:30,90,06:15,39,1,,,0.0,false,14.8,247.35384798226346,false
1,51,20:30,91,06:30,40,1,,,0.0,false,14.8,247.79487331855287,false
1,51,20:30,92,06:45,41,1,,,0.0,false,14.8,248.23589865484232,false
1,51,20:30,93,07:00,42,1,,,0.0,false,14.8,248.67692399113173,false
1,51,20:30,94,07:15,43,1,,,0.0,false,14.8,249.11794932742114,false
1,51,20:30,95,07:30,44,1,,,0.0,false,14.8,249.5589746637106,false
1,51,20:30,96,07:45,45,1,,,0.0,false,14.8,250.0,false
1,52,20:45,52,20:45,0,1,,,0.0,false,14.8,230.9712763814855,false
1,52,20:45,53,21:00,1,1,,,0.0,false,14.8,231.41230171777494,false
1,52,20:45,54,21:15,2,1,,,0.0,false,14.8,231.85332705406435,false
1,52,20:45,55,21:30,3,1,,,0.0,false,14.8,232.29435239035377,false
1,52,20:45,56,21:45,4,1,,,0.0,false,14.8,232.7353777266432,false
1,52,20:45,57,22:00,5,1,,,0.0,false,14.8,233.17640306293262,false
1,52,20:45,58,22:15,6,1,,,0.0,false,14.8,233.61742839922206,false
1,52,20:45,59,22:30,7,1,,,0.0,false,14.8,234.05845373551148,false
1,52,20:45,60,22:45,8,1,,,0.0,false,14.8,234.49947907180092,false
1,52,20:45,61,23:00,9,1,,,0.0,false,14.8,234.94050440809033,false
1,52,20:45,62,23:15,10,1,,,0.0,false,14.8,235.38152974437978,false
1,52,20:45,63,23:30,11,1,,,0.0,false,14.8,235.8225550806692,false
1,52,20:45,64,23:45,12,1,,,0.0,false,14.8,235.88718923873836,false
1,52,20:45,65,00:00,13,1,,,0.0,false,14.8,236.32821457502777,false
1,52,20:45,66,00:15,14,1,,,0.0,false,14.8,236.7692399113172,false
1,52,20:45,67,00:30,15,1,,,0.0,false,14.8,237.21026524760663,false
1,52,20:45,68,00:45,16,1,,,0.0,false,14.8,237.65129058389604,false
1,52,20:45,69,01:00,17,1,,,0.0,false,14.8,238.09231592018548,false
1,52,20:45,70,01:15,18,1,,,0.0,false,14.8,238.5333412564749,false
1,52,20:45,71,01:30,19,1,,,0.0,false,14.8,238.97436659276434,false
1,52,20:45,72,01:45,20,1,,,0.0,false,14.8,239.41539192905378,false
1,52,20:45,73,02:00,21,1,,,0.0,false,14.8,239.8564172653432,false
1,52,20:45,74,02:15,22,1,,,0.0,false,14.8,240.29744260163264,false
1,52,20:45,75,02:30,23,1,,,0.0,false,14.8,240.73846793792205,false
1,52,20:45,76,02:45,24,1,,,0.0,false,14.8,241.1794932742115,false
1,52,20:45,77,03:00,25,1,,,0.0,false,14.8,241.6205186105009,false
1,52,20:45,78,03:15,26,1,,,0.0,false,14.8,242.06154394679035,false
1,52,20:45,79,03:30,27,1,,,0.0,false,14.8,242.50256928307977,false
1,52,20:45,80,03:45,28,1,,,0.0,false,14.8,242.94359461936918,false
1,52,20:45,81,04:00,29,1,,,0.0,false,14.8,243.38461995565862,false
1,52,20:45,82,04:15,30,1,,,0.0,false,14.8,243.82564529194804,false
1,52,20:45,83,04:30,31,1,,,0.0,false,14.8,244.26667062823748,false
1,52,20:45,84,04:45,32,1,,,0.0,false,14.8,244.7076959645269,false
1,52,20:45,85,05:00,33,1,,,0.0,false,14.8,245.14872130081633,false
1,52,20:45,86,05:15,34,1,,,0.0,false,14.8,245.58974663710575,false
1,52,20:45,87,05:30,35,1,,,0.0,false,14.8,246.0307719733952,false
1,52,20:45,88,05:45,36,1,,,0.0,false,14.8,246.4717973096846,false
1,52,20:45,89,06:00,37,1,,,0.0,false,14.8,246.91282264597402,false
1,52,20:45,90,06:15,38,1,,,0.0,false,14.8,247.35384798226346,false
1,52,20:45,91,06:30,39,1,,,0.0,false,14.8,247.79487331855287,false
1,52,20:45,92,06:45,40,1,,,0.0,false,14.8,248.23589865484232,false
1,52,20:45,93,07:00,41,1,,,0.0,false,14.8,248.67692399113173,false
1,52,20:45,94,07:15,42,1,,,0.0,false,14.8,249.11794932742114,false
1,52,20:45,95,07:30,43,1,,,0.0,false,14.8,249.5589746637106,false
1,52,20:45,96,07:45,44,1,,,0.0,false,14.8,250.0,false
1,53,21:00,53,21:00,0,1,,,0.0,false,14.8,231.4123017177749,false
1,53,21:00,54,21:15,1,1,,,0.0,false,14.8,231.85332705406435,false
1,53,21:00,55,21:30,2,1,,,0.0,false,14.8,232.29435239035377,false
1,53,21:00,56,21:45,3,1,,,0.0,false,14.8,232.7353777266432,false
1,53,21:00,57,22:00,4,1,,,0.0,false,14.8,233.17640306293262,false
1,53,21:00,58,22:15,5,1,,,0.0,false,14.8,233.61742839922206,false
1,53,21:00,59,22:30,6,1,,,0.0,false,14.8,234.05845373551148,false
1,53,21:00,60,22:45,7,1,,,0.0,false,14.8,234.49947907180092,false
1,53,21:00,61,23:00,8,1,,,0.0,false,14.8,234.94050440809033,false
1,53,21:00,62,23:15,9,1,,,0.0,false,14.8,235.38152974437978,false
1,53,21:00,63,23:30,10,1,,,0.0,false,14.8,235.8225550806692,false
1,53,21:00,64,23:45,11,1,,,0.0,false,14.8,235.88718923873836,false
1,53,21:00,65,00:00,12,1,,,0.0,false,14.8,236.32821457502777,false
1,53,21:00,66,00:15,13,1,,,0.0,false,14.8,236.7692399113172,false
1,53,21:00,67,00:30,14,1,,,0.0,false,14.8,237.21026524760663,false
1,53,21:00,68,00:45,15,1,,,0.0,false,14.8,237.65129058389604,false
1,53,21:00,69,01:00,16,1,,,0.0,false,14.8,238.09231592018548,false
1,53,21:00,70,01:15,17,1,,,0.0,false,14.8,238.5333412564749,false
1,53,21:00,71,01:30,18,1,,,0.0,false,14.8,238.97436659276434,false
1,53,21:00,72,01:45,19,1,,,0.0,false,14.8,239.41539192905375,false
1,53,21:00,73,02:00,20,1,,,0.0,false,14.8,239.85641726534317,false
1,53,21:00,74,02:15,21,1,,,0.0,false,14.8,240.2974426016326,false
1,53,21:00,75,02:30,22,1,,,0.0,false,14.8,240.73846793792202,false
1,53,21:00,76,02:45,23,1,,,0.0,false,14.8,241.17949327421144,false
1,53,21:00,77,03:00,24,1,,,0.0,false,14.8,241.62051861050085,false
1,53,21:00,78,03:15,25,1,,,0.0,false,14.8,242.0615439467903,false
1,53,21:00,79,03:30,26,1,,,0.0,false,14.8,242.5025692830797,false
1,53,21:00,80,03:45,27,1,,,0.0,false,14.8,242.94359461936915,false
1,53,21:00,81,04:00,28,1,,,0.0,false,14.8,243.3846199556586,false
1,53,21:00,82,04:15,29,1,,,0.0,false,14.8,243.825645291948,false
1,53,21:00,83,04:30,30,1,,,0.0,false,14.8,244.26667062823745,false
1,53,21:00,84,04:45,31,1,,,0.0,false,14.8,244.70769596452686,false
1,53,21:00,85,05:00,32,1,,,0.0,false,14.8,245.14872130081633,false
1,53,21:00,86,05:15,33,1,,,0.0,false,14.8,245.58974663710575,false
1,53,21:00,87,05:30,34,1,,,0.0,false,14.8,246.0307719733952,false
1,53,21:00,88,05:45,35,1,,,0.0,false,14.8,246.4717973096846,false
1,53,21:00,89,06:00,36,1,,,0.0,false,14.8,246.91282264597402,false
1,53,21:00,90,06:15,37,1,,,0.0,false,14.8,247.35384798226346,false
1,53,21:00,91,06:30,38,1,,,0.0,false,14.8,247.79487331855287,false
1,53,21:00,92,06:45,39,1,,,0.0,false,14.8,248.23589865484232,false
1,53,21:00,93,07:00,40,1,,,0.0,false,14.8,248.67692399113173,false
1,53,21:00,94,07:15,41,1,,,0.0,false,14.8,249.11794932742114,false
1,53,21:00,95,07:30,42,1,,,0.0,false,14.8,249.5589746637106,false
1,53,21:00,96,07:45,43,1,,,0.0,false,14.8,250.0,false
1,54,21:15,54,21:15,0,1,,,0.0,false,14.8,231.85332705406432,false
1,54,21:15,55,21:30,1,1,,,0.0,false,14.8,232.29435239035377,false
1,54,21:15,56,21:45,2,1,,,0.0,false,14.8,232.73537772664318,false
1,54,21:15,57,22:00,3,1,,,0.0,false,14.8,233.1764030629326,false
1,54,21:15,58,22:15,4,1,,,0.0,false,14.8,233.61742839922204,false
1,54,21:15,59,22:30,5,1,,,0.0,false,14.8,234.05845373551145,false
1,54,21:15,60,22:45,6,1,,,0.0,false,14.8,234.4994790718009,false
1,54,21:15,61,23:00,7,1,,,0.0,false,14.8,234.9405044080903,false
1,54,21:15,62,23:15,8,1,,,0.0,false,14.8,235.38152974437975,false
1,54,21:15,63,23:30,9,1,,,0.0,false,14.8,235.82255508066916,false
1,54,21:15,64,23:45,10,1,,,0.0,false,14.8,235.88718923873833,false
1,54,21:15,65,00:00,11,1,,,0.0,false,14.8,236.32821457502777,false
1,54,21:15,66,00:15,12,1,,,0.0,false,14.8,236.7692399113172,false
1,54,21:15,67,00:30,13,1,,,0.0,false,14.8,237.21026524760663,false
1,54,21:15,68,00:45,14,1,,,0.0,false,14.8,237.65129058389604,false
1,54,21:15,69,01:00,15,1,,,0.0,false,14.8,238.09231592018548,false
1,54,21:15,70,01:15,16,1,,,0.0,false,14.8,238.5333412564749,false
1,54,21:15,71,01:30,17,1,,,0.0,false,14.8,238.97436659276434,false
1,54,21:15,72,01:45,18,1,,,0.0,false,14.8,239.41539192905375,false
1,54,21:15,73,02:00,19,1,,,0.0,false,14.8,239.85641726534317,false
1,54,21:15,74,02:15,20,1,,,0.0,false,14.8,240.2974426016326,false
1,54,21:15,75,02:30,21,1,,,0.0,false,14.8,240.73846793792202,false
1,54,21:15,76,02:45,22,1,,,0.0,false,14.8,241.17949327421147,false
1,54,21:15,77,03:00,23,1,,,0.0,false,14.8,241.62051861050088,false
1,54,21:15,78,03:15,24,1,,,0.0,false,14.8,242.06154394679032,false
1,54,21:15,79,03:30,25,1,,,0.0,false,14.8,242.50256928307974,false
1,54,21:15,80,03:45,26,1,,,0.0,false,14.8,242.94359461936918,false
1,54,21:15,81,04:00,27,1,,,0.0,false,14.8,243.3846199556586,false
1,54,21:15,82,04:15,28,1,,,0.0,false,14.8,243.825645291948,false
1,54,21:15,83,04:30,29,1,,,0.0,false,14.8,244.26667062823745,false
1,54,21:15,84,04:45,30,1,,,0.0,false,14.8,244.70769596452686,false
1,54,21:15,85,05:00,31,1,,,0.0,false,14.8,245.1487213008163,false
1,54,21:15,86,05:15,32,1,,,0.0,false,14.8,245.58974663710572,false
1,54,21:15,87,05:30,33,1,,,0.0,false,14.8,246.03077197339516,false
1,54,21:15,88,05:45,34,1,,,0.0,false,14.8,246.47179730968458,false
1,54,21:15,89,06:00,35,1,,,0.0,false,14.8,246.91282264597402,false
1,54,21:15,90,06:15,36,1,,,0.0,false,14.8,247.35384798226346,false
1,54,21:15,91,06:30,37,1,,,0.0,false,14.8,247.79487331855287,false
1,54,21:15,92,06:45,38,1,,,0.0,false,14.8,248.23589865484232,false
1,54,21:15,93,07:00,39,1,,,0.0,false,14.8,248.67692399113173,false
1,54,21:15,94,07:15,40,1,,,0.0,false,14.8,249.11794932742114,false
1,54,21:15,95,07:30,41,1,,,0.0,false,14.8,249.5589746637106,false
1,54,21:15,96,07:45,42,1,,,0.0,false,14.8,250.0,false
1,55,21:30,55,21:30,0,1,,,0.0,false,14.8,232.29435239035374,false
1,55,21:30,56,21:45,1,1,,,0.0,false,14.8,232.73537772664318,false
1,55,21:30,57,22:00,2,1,,,0.0,false,14.8,233.1764030629326,false
1,55,21:30,58,22:15,3,1,,,0.0,false,14.8,233.61742839922204,false
1,55,21:30,59,22:30,4,1,,,0.0,false,14.8,234.05845373551145,false
1,55,21:30,60,22:45,5,1,,,0.0,false,14.8,234.4994790718009,false
1,55,21:30,61,23:00,6,1,,,0.0,false,14.8,234.9405044080903,false
1,55,21:30,62,23:15,7,1,,,0.0,false,14.8,235.38152974437975,false
1,55,21:30,63,23:30,8,1,,,0.0,false,14.8,235.82255508066916,false
1,55,21:30,64,23:45,9,1,,,0.0,false,14.8,235.88718923873836,false
1,55,21:30,65,00:00,10,1,,,0.0,false,14.8,236.32821457502777,false
1,55,21:30,66,00:15,11,1,,,0.0,false,14.8,236.7692399113172,false
1,55,21:30,67,00:30,12,1,,,0.0,false,14.8,237.21026524760663,false
1,55,21:30,68,00:45,13,1,,,0.0,false,14.8,237.65129058389604,false
1,55,21:30,69,01:00,14,1,,,0.0,false,14.8,238.09231592018548,false
1,55,21:30,70,01:15,15,1,,,0.0,false,14.8,238.5333412564749,false
1,55,21:30,71,01:30,16,1,,,0.0,false,14.8,238.97436659276434,false
1,55,21:30,72,01:45,17,1,,,0.0,false,14.8,239.41539192905375,false
1,55,21:30,73,02:00,18,1,,,0.0,false,14.8,239.85641726534317,false
1,55,21:30,74,02:15,19,1,,,0.0,false,14.8,240.2974426016326,false
1,55,21:30,75,02:30,20,1,,,0.0,false,14.8,240.73846793792202,false
1,55,21:30,76,02:45,21,1,,,0.0,false,14.8,241.17949327421147,false
1,55,21:30,77,03:00,22,1,,,0.0,false,14.8,241.62051861050088,false
1,55,21:30,78,03:15,23,1,,,0.0,false,14.8,242.06154394679032,false
1,55,21:30,79,03:30,24,1,,,0.0,false,14.8,242.50256928307974,false
1,55,21:30,80,03:45,25,1,,,0.0,false,14.8,242.94359461936918,false
1,55,21:30,81,04:00,26,1,,,0.0,false,14.8,243.3846199556586,false
1,55,21:30,82,04:15,27,1,,,0.0,false,14.8,243.825645291948,false
1,55,21:30,83,04:30,28,1,,,0.0,false,14.8,244.26667062823745,false
1,55,21:30,84,04:45,29,1,,,0.0,false,14.8,244.70769596452686,false
1,55,21:30,85,05:00,30,1,,,0.0,false,14.8,245.1487213008163,false
1,55,21:30,86,05:15,31,1,,,0.0,false,14.8,245.58974663710572,false
1,55,21:30,87,05:30,32,1,,,0.0,false,14.8,246.03077197339516,false
1,55,21:30,88,05:45,33,1,,,0.0,false,14.8,246.47179730968458,false
1,55,21:30,89,06:00,34,1,,,0.0,false,14.8,246.91282264597402,false
1,55,21:30,90,06:15,35,1,,,0.0,false,14.8,247.35384798226343,false
1,55,21:30,91,06:30,36,1,,,0.0,false,14.8,247.79487331855285,false
1,55,21:30,92,06:45,37,1,,,0.0,false,14.8,248.2358986548423,false
1,55,21:30,93,07:00,38,1,,,0.0,false,14.8,248.6769239911317,false
1,55,21:30,94,07:15,39,1,,,0.0,false,14.8,249.11794932742114,false
1,55,21:30,95,07:30,40,1,,,0.0,false,14.8,249.5589746637106,false
1,55,21:30,96,07:45,41,1,,,0.0,false,14.8,250.0,false
1,56,21:45,56,21:45,0,1,,,0.0,false,14.8,232.73537772664315,false
1,56,21:45,57,22:00,1,1,,,0.0,false,14.8,233.1764030629326,false
1,56,21:45,58,22:15,2,1,,,0.0,false,14.8,233.617428399222,false
1,56,21:45,59,22:30,3,1,,,0.0,false,14.8,234.05845373551142,false
1,56,21:45,60,22:45,4,1,,,0.0,false,14.8,234.4994790718009,false
1,56,21:45,61,23:00,5,1,,,0.0,false,14.8,234.9405044080903,false
1,56,21:45,62,23:15,6,1,,,0.0,false,14.8,235.38152974437975,false
1,56,21:45,63,23:30,7,1,,,0.0,false,14.8,235.82255508066916,false
1,56,21:45,64,23:45,8,1,,,0.0,false,14.8,235.88718923873836,false
1,56,21:45,65,00:00,9,1,,,0.0,false,14.8,236.3282145750278,false
1,56,21:45,66,00:15,10,1,,,0.0,false,14.8,236.76923991131721,false
1,56,21:45,67,00:30,11,1,,,0.0,false,14.8,237.21026524760663,false
1,56,21:45,68,00:45,12,1,,,0.0,false,14.8,237.65129058389604,false
1,56,21:45,69,01:00,13,1,,,0.0,false,14.8,238.09231592018548,false
1,56,21:45,70,01:15,14,1,,,0.0,false,14.8,238.5333412564749,false
1,56,21:45,71,01:30,15,1,,,0.0,false,14.8,238.97436659276434,false
1,56,21:45,72,01:45,16,1,,,0.0,false,14.8,239.41539192905375,false
1,56,21:45,73,02:00,17,1,,,0.0,false,14.8,239.85641726534317,false
1,56,21:45,74,02:15,18,1,,,0.0,false,14.8,240.2974426016326,false
1,56,21:45,75,02:30,19,1,,,0.0,false,14.8,240.73846793792202,false
1,56,21:45,76,02:45,20,1,,,0.0,false,14.8,241.17949327421147,false
1,56,21:45,77,03:00,21,1,,,0.0,false,14.8,241.62051861050088,false
1,56,21:45,78,03:15,22,1,,,0.0,false,14.8,242.06154394679032,false
1,56,21:45,79,03:30,23,1,,,0.0,false,14.8,242.50256928307974,false
1,56,21:45,80,03:45,24,1,,,0.0,false,14.8,242.94359461936918,false
1,56,21:45,81,04:00,25,1,,,0.0,false,14.8,243.3846199556586,false
1,56,21:45,82,04:15,26,1,,,0.0,false,14.8,243.825645291948,false
1,56,21:45,83,04:30,27,1,,,0.0,false,14.8,244.26667062823745,false
1,56,21:45,84,04:45,28,1,,,0.0,false,14.8,244.70769596452686,false
1,56,21:45,85,05:00,29,1,,,0.0,false,14.8,245.1487213008163,false
1,56,21:45,86,05:15,30,1,,,0.0,false,14.8,245.58974663710572,false
1,56,21:45,87,05:30,31,1,,,0.0,false,14.8,246.03077197339516,false
1,56,21:45,88,05:45,32,1,,,0.0,false,14.8,246.47179730968458,false
1,56,21:45,89,06:00,33,1,,,0.0,false,14.8,246.91282264597402,false
1,56,21:45,90,06:15,34,1,,,0.0,false,14.8,247.35384798226343,false
1,56,21:45,91,06:30,35,1,,,0.0,false,14.8,247.79487331855285,false
1,56,21:45,92,06:45,36,1,,,0.0,false,14.8,248.2358986548423,false
1,56,21:45,93,07:00,37,1,,,0.0,false,14.8,248.6769239911317,false
1,56,21:45,94,07:15,38,1,,,0.0,false,14.8,249.11794932742114,false
1,56,21:45,95,07:30,39,1,,,0.0,false,14.8,249.5589746637106,false
1,56,21:45,96,07:45,40,1,,,0.0,false,14.8,250.0,false
1,57,22:00,57,22:00,0,1,,,0.0,false,14.8,233.17640306293256,false
1,57,22:00,58,22:15,1,1,,,0.0,false,14.8,233.617428399222,false
1,57,22:00,59,22:30,2,1,,,0.0,false,14.8,234.05845373551142,false
1,57,22:00,60,22:45,3,1,,,0.0,false,14.8,234.49947907180086,false
1,57,22:00,61,23:00,4,1,,,0.0,false,14.8,234.94050440809028,false
1,57,22:00,62,23:15,5,1,,,0.0,false,14.8,235.38152974437972,false
1,57,22:00,63,23:30,6,1,,,0.0,false,14.8,235.82255508066913,false
1,57,22:00,64,23:45,7,1,,,0.0,false,14.8,235.88718923873836,false
1,57,22:00,65,00:00,8,1,,,0.0,false,14.8,236.32821457502777,false
1,57,22:00,66,00:15,9,1,,,0.0,false,14.8,236.7692399113172,false
1,57,22:00,67,00:30,10,1,,,0.0,false,14.8,237.21026524760663,false
1,57,22:00,68,00:45,11,1,,,0.0,false,14.8,237.65129058389604,false
1,57,22:00,69,01:00,12,1,,,0.0,false,14.8,238.09231592018548,false
1,57,22:00,70,01:15,13,1,,,0.0,false,14.8,238.5333412564749,false
1,57,22:00,71,01:30,14,1,,,0.0,false,14.8,238.97436659276434,false
1,57,22:00,72,01:45,15,1,,,0.0,false,14.8,239.41539192905375,false
1,57,22:00,73,02:00,16,1,,,0.0,false,14.8,239.85641726534317,false
1,57,22:00,74,02:15,17,1,,,0.0,false,14.8,240.2974426016326,false
1,57,22:00,75,02:30,18,1,,,0.0,false,14.8,240.73846793792202,false
1,57,22:00,76,02:45,19,1,,,0.0,false,14.8,241.17949327421147,false
1,57,22:00,77,03:00,20,1,,,0.0,false,14.8,241.62051861050088,false
1,57,22:00,78,03:15,21,1,,,0.0,false,14.8,242.06154394679032,false
1,57,22:00,79,03:30,22,1,,,0.0,false,14.8,242.50256928307974,false
1,57,22:00,80,03:45,23,1,,,0.0,false,14.8,242.94359461936918,false
1,57,22:00,81,04:00,24,1,,,0.0,false,14.8,243.3846199556586,false
1,57,22:00,82,04:15,25,1,,,0.0,false,14.8,243.825645291948,false
1,57,22:00,83,04:30,26,1,,,0.0,false,14.8,244.26667062823745,false
1,57,22:00,84,04:45,27,1,,,0.0,false,14.8,244.70769596452686,false
1,57,22:00,85,05:00,28,1,,,0.0,false,14.8,245.1487213008163,false
1,57,22:00,86,05:15,29,1,,,0.0,false,14.8,245.58974663710572,false
1,57,22:00,87,05:30,30,1,,,0.0,false,14.8,246.03077197339516,false
1,57,22:00,88,05:45,31,1,,,0.0,false,14.8,246.47179730968458,false
1,57,22:00,89,06:00,32,1,,,0.0,false,14.8,246.91282264597402,false
1,57,22:00,90,06:15,33,1,,,0.0,false,14.8,247.35384798226343,false
1,57,22:00,91,06:30,34,1,,,0.0,false,14.8,247.79487331855285,false
1,57,22:00,92,06:45,35,1,,,0.0,false,14.8,248.2358986548423,false
1,57,22:00,93,07:00,36,1,,,0.0,false,14.8,248.6769239911317,false
1,57,22:00,94,07:15,37,1,,,0.0,false,14.8,249.11794932742114,false
1,57,22:00,95,07:30,38,1,,,0.0,false,14.8,249.5589746637106,false
1,57,22:00,96,07:45,39,1,,,0.0,false,14.8,250.0,false
1,58,22:15,58,22:15,0,1,,,0.0,false,14.8,233.61742839922198,false
1,58,22:15,59,22:30,1,1,,,0.0,false,14.8,234.05845373551142,false
1,58,22:15,60,22:45,2,1,,,0.0,false,14.8,234.49947907180083,false
1,58,22:15,61,23:00,3,1,,,0.0,false,14.8,234.94050440809025,false
1,58,22:15,62,23:15,4,1,,,0.0,false,14.8,235.38152974437972,false
1,58,22:15,63,23:30,5,1,,,0.0,false,14.8,235.82255508066913,false
1,58,22:15,64,23:45,6,1,,,0.0,false,14.8,235.88718923873836,false
1,58,22:15,65,00:00,7,1,,,0.0,false,14.8,236.3282145750278,false
1,58,22:15,66,00:15,8,1,,,0.0,false,14.8,236.76923991131721,false
1,58,22:15,67,00:30,9,1,,,0.0,false,14.8,237.21026524760663,false
1,58,22:15,68,00:45,10,1,,,0.0,false,14.8,237.65129058389604,false
1,58,22:15,69,01:00,11,1,,,0.0,false,14.8,238.09231592018548,false
1,58,22:15,70,01:15,12,1,,,0.0,false,14.8,238.5333412564749,false
1,58,22:15,71,01:30,13,1,,,0.0,false,14.8,238.97436659276434,false
1,58,22:15,72,01:45,14,1,,,0.0,false,14.8,239.41539192905375,false
1,58,22:15,73,02:00,15,1,,,0.0,false,14.8,239.85641726534317,false
1,58,22:15,74,02:15,16,1,,,0.0,false,14.8,240.2974426016326,false
1,58,22:15,75,02:30,17,1,,,0.0,false,14.8,240.73846793792202,false
1,58,22:15,76,02:45,18,1,,,0.0,false,14.8,241.17949327421147,false
1,58,22:15,77,03:00,19,1,,,0.0,false,14.8,241.62051861050088,false
1,58,22:15,78,03:15,20,1,,,0.0,false,14.8,242.06154394679032,false
1,58,22:15,79,03:30,21,1,,,0.0,false,14.8,242.50256928307974,false
1,58,22:15,80,03:45,22,1,,,0.0,false,14.8,242.94359461936918,false
1,58,22:15,81,04:00,23,1,,,0.0,false,14.8,243.3846199556586,false
1,58,22:15,82,04:15,24,1,,,0.0,false,14.8,243.825645291948,false
1,58,22:15,83,04:30,25,1,,,0.0,false,14.8,244.26667062823745,false
1,58,22:15,84,04:45,26,1,,,0.0,false,14.8,244.70769596452686,false
1,58,22:15,85,05:00,27,1,,,0.0,false,14.8,245.1487213008163,false
1,58,22:15,86,05:15,28,1,,,0.0,false,14.8,245.58974663710572,false
1,58,22:15,87,05:30,29,1,,,0.0,false,14.8,246.03077197339516,false
1,58,22:15,88,05:45,30,1,,,0.0,false,14.8,246.47179730968458,false
1,58,22:15,89,06:00,31,1,,,0.0,false,14.8,246.91282264597402,false
1,58,22:15,90,06:15,32,1,,,0.0,false,14.8,247.35384798226343,false
1,58,22:15,91,06:30,33,1,,,0.0,false,14.8,247.79487331855285,false
1,58,22:15,92,06:45,34,1,,,0.0,false,14.8,248.2358986548423,false
1,58,22:15,93,07:00,35,1,,,0.0,false,14.8,248.6769239911317,false
1,58,22:15,94,07:15,36,1,,,0.0,false,14.8,249.11794932742114,false
1,58,22:15,95,07:30,37,1,,,0.0,false,14.8,249.5589746637106,false
1,58,22:15,96,07:45,38,1,,,0.0,false,14.8,250.0,false
1,59,22:30,59,22:30,0,1,,,0.0,false,14.8,234.0584537355114,false
1,59,22:30,60,22:45,1,1,,,0.0,false,14.8,234.49947907180083,false
1,59,22:30,61,23:00,2,1,,,0.0,false,14.8,234.94050440809025,false
1,59,22:30,62,23:15,3,1,,,0.0,false,14.8,235.3815297443797,false
1,59,22:30,63,23:30,4,1,,,0.0,false,14.8,235.8225550806691,false
1,59,22:30,64,23:45,5,1,,,0.0,false,14.8,235.88718923873836,false
1,59,22:30,65,00:00,6,1,,,0.0,false,14.8,236.32821457502777,false
1,59,22:30,66,00:15,7,1,,,0.0,false,14.8,236.7692399113172,false
1,59,22:30,67,00:30,8,1,,,0.0,false,14.8,237.21026524760663,false
1,59,22:30,68,00:45,9,1,,,0.0,false,14.8,237.65129058389604,false
1,59,22:30,69,01:00,10,1,,,0.0,false,14.8,238.0923159201855,false
1,59,22:30,70,01:15,11,1,,,0.0,false,14.8,238.53334125647493,false
1,59,22:30,71,01:30,12,1,,,0.0,false,14.8,238.97436659276437,false
1,59,22:30,72,01:45,13,1,,,0.0,false,14.8,239.41539192905378,false
1,59,22:30,73,02:00,14,1,,,0.0,false,14.8,239.8564172653432,false
1,59,22:30,74,02:15,15,1,,,0.0,false,14.8,240.29744260163264,false
1,59,22:30,75,02:30,16,1,,,0.0,false,14.8,240.73846793792205,false
1,59,22:30,76,02:45,17,1,,,0.0,false,14.8,241.17949327421147,false
1,59,22:30,77,03:00,18,1,,,0.0,false,14.8,241.62051861050088,false
1,59,22:30,78,03:15,19,1,,,0.0,false,14.8,242.06154394679032,false
1,59,22:30,79,03:30,20,1,,,0.0,false,14.8,242.50256928307974,false
1,59,22:30,80,03:45,21,1,,,0.0,false,14.8,242.94359461936918,false
1,59,22:30,81,04:00,22,1,,,0.0,false,14.8,243.3846199556586,false
1,59,22:30,82,04:15,23,1,,,0.0,false,14.8,243.825645291948,false
1,59,22:30,83,04:30,24,1,,,0.0,false,14.8,244.26667062823745,false
1,59,22:30,84,04:45,25,1,,,0.0,false,14.8,244.70769596452686,false
1,59,22:30,85,05:00,26,1,,,0.0,false,14.8,245.1487213008163,false
1,59,22:30,86,05:15,27,1,,,0.0,false,14.8,245.58974663710572,false
1,59,22:30,87,05:30,28,1,,,0.0,false,14.8,246.03077197339516,false
1,59,22:30,88,05:45,29,1,,,0.0,false,14.8,246.47179730968458,false
1,59,22:30,89,06:00,30,1,,,0.0,false,14.8,246.91282264597402,false
1,59,22:30,90,06:15,31,1,,,0.0,false,14.8,247.35384798226343,false
1,59,22:30,91,06:30,32,1,,,0.0,false,14.8,247.79487331855285,false
1,59,22:30,92,06:45,33,1,,,0.0,false,14.8,248.2358986548423,false
1,59,22:30,93,07:00,34,1,,,0.0,false,14.8,248.6769239911317,false
1,59,22:30,94,07:15,35,1,,,0.0,false,14.8,249.11794932742114,false
1,59,22:30,95,07:30,36,1,,,0.0,false,14.8,249.5589746637106,false
1,59,22:30,96,07:45,37,1,,,0.0,false,14.8,250.0,false
1,60,22:45,60,22:45,0,1,,,0.0,false,14.8,234.4994790718008,false
1,60,22:45,61,23:00,1,1,,,0.0,false,14.8,234.94050440809025,false
1,60,22:45,62,23:15,2,1,,,0.0,false,14.8,235.3815297443797,false
1,60,22:45,63,23:30,3,1,,,0.0,false,14.8,235.8225550806691,false
1,60,22:45,64,23:45,4,1,,,0.0,false,14.8,235.88718923873836,false
1,60,22:45,65,00:00,5,1,,,0.0,false,14.8,236.3282145750278,false
1,60,22:45,66,00:15,6,1,,,0.0,false,14.8,236.76923991131721,false
1,60,22:45,67,00:30,7,1,,,0.0,false,14.8,237.21026524760666,false
1,60,22:45,68,00:45,8,1,,,0.0,false,14.8,237.65129058389607,false
1,60,22:45,69,01:00,9,1,,,0.0,false,14.8,238.0923159201855,false
1,60,22:45,70,01:15,10,1,,,0.0,false,14.8,238.53334125647493,false
1,60,22:45,71,01:30,11,1,,,0.0,false,14.8,238.97436659276437,false
1,60,22:45,72,01:45,12,1,,,0.0,false,14.8,239.41539192905378,false
1,60,22:45,73,02:00,13,1,,,0.0,false,14.8,239.8564172653432,false
1,60,22:45,74,02:15,14,1,,,0.0,false,14.8,240.29744260163264,false
1,60,22:45,75,02:30,15,1,,,0.0,false,14.8,240.73846793792205,false
1,60,22:45,76,02:45,16,1,,,0.0,false,14.8,241.17949327421147,false
1,60,22:45,77,03:00,17,1,,,0.0,false,14.8,241.62051861050088,false
1,60,22:45,78,03:15,18,1,,,0.0,false,14.8,242.06154394679032,false
1,60,22:45,79,03:30,19,1,,,0.0,false,14.8,242.50256928307974,false
1,60,22:45,80,03:45,20,1,,,0.0,false,14.8,242.94359461936918,false
1,60,22:45,81,04:00,21,1,,,0.0,false,14.8,243.3846199556586,false
1,60,22:45,82,04:15,22,1,,,0.0,false,14.8,243.825645291948,false
1,60,22:45,83,04:30,23,1,,,0.0,false,14.8,244.26667062823745,false
1,60,22:45,84,04:45,24,1,,,0.0,false,14.8,244.70769596452686,false
1,60,22:45,85,05:00,25,1,,,0.0,false,14.8,245.1487213008163,false
1,60,22:45,86,05:15,26,1,,,0.0,false,14.8,245.58974663710572,false
1,60,22:45,87,05:30,27,1,,,0.0,false,14.8,246.03077197339516,false
1,60,22:45,88,05:45,28,1,,,0.0,false,14.8,246.47179730968458,false
1,60,22:45,89,06:00,29,1,,,0.0,false,14.8,246.91282264597402,false
1,60,22:45,90,06:15,30,1,,,0.0,false,14.8,247.35384798226343,false
1,60,22:45,91,06:30,31,1,,,0.0,false,14.8,247.79487331855285,false
1,60,22:45,92,06:45,32,1,,,0.0,false,14.8,248.2358986548423,false
1,60,22:45,93,07:00,33,1,,,0.0,false,14.8,248.6769239911317,false
1,60,22:45,94,07:15,34,1,,,0.0,false,14.8,249.11794932742114,false
1,60,22:45,95,07:30,35,1,,,0.0,false,14.8,249.5589746637106,false
1,60,22:45,96,07:45,36,1,,,0.0,false,14.8,250.0,false
1,61,23:00,61,23:00,0,1,,,0.0,false,14.8,234.94050440809022,false
1,61,23:00,62,23:15,1,1,,,0.0,false,14.8,235.38152974437966,false
1,61,23:00,63,23:30,2,1,,,0.0,false,14.8,235.82255508066908,false
1,61,23:00,64,23:45,3,1,,,0.0,false,14.8,235.88718923873836,false
1,61,23:00,65,00:00,4,1,,,0.0,false,14.8,236.3282145750278,false
1,61,23:00,66,00:15,5,1,,,0.0,false,14.8,236.76923991131721,false
1,61,23:00,67,00:30,6,1,,,0.0,false,14.8,237.21026524760666,false
1,61,23:00,68,00:45,7,1,,,0.0,false,14.8,237.65129058389607,false
1,61,23:00,69,01:00,8,1,,,0.0,false,14.8,238.0923159201855,false
1,61,23:00,70,01:15,9,1,,,0.0,false,14.8,238.53334125647493,false
1,61,23:00,71,01:30,10,1,,,0.0,false,14.8,238.97436659276437,false
1,61,23:00,72,01:45,11,1,,,0.0,false,14.8,239.41539192905378,false
1,61,23:00,73,02:00,12,1,,,0.0,false,14.8,239.8564172653432,false
1,61,23:00,74,02:15,13,1,,,0.0,false,14.8,240.29744260163264,false
1,61,23:00,75,02:30,14,1,,,0.0,false,14.8,240.73846793792205,false
1,61,23:00,76,02:45,15,1,,,0.0,false,14.8,241.1794932742115,false
1,61,23:00,77,03:00,16,1,,,0.0,false,14.8,241.6205186105009,false
1,61,23:00,78,03:15,17,1,,,0.0,false,14.8,242.06154394679032,false
1,61,23:00,79,03:30,18,1,,,0.0,false,14.8,242.50256928307974,false
1,61,23:00,80,03:45,19,1,,,0.0,false,14.8,242.94359461936918,false
1,61,23:00,81,04:00,20,1,,,0.0,false,14.8,243.3846199556586,false
1,61,23:00,82,04:15,21,1,,,0.0,false,14.8,243.825645291948,false
1,61,23:00,83,04:30,22,1,,,0.0,false,14.8,244.26667062823745,false
1,61,23:00,84,04:45,23,1,,,0.0,false,14.8,244.70769596452686,false
1,61,23:00,85,05:00,24,1,,,0.0,false,14.8,245.1487213008163,false
1,61,23:00,86,05:15,25,1,,,0.0,false,14.8,245.58974663710572,false
1,61,23:00,87,05:30,26,1,,,0.0,false,14.8,246.03077197339516,false
1,61,23:00,88,05:45,27,1,,,0.0,false,14.8,246.47179730968458,false
1,61,23:00,89,06:00,28,1,,,0.0,false,14.8,246.91282264597402,false
1,61,23:00,90,06:15,29,1,,,0.0,false,14.8,247.35384798226343,false
1,61,23:00,91,06:30,30,1,,,0.0,false,14.8,247.79487331855285,false
1,61,23:00,92,06:45,31,1,,,0.0,false,14.8,248.2358986548423,false
1,61,23:00,93,07:00,32,1,,,0.0,false,14.8,248.6769239911317,false
1,61,23:00,94,07:15,33,1,,,0.0,false,14.8,249.11794932742114,false
1,61,23:00,95,07:30,34,1,,,0.0,false,14.8,249.5589746637106,false
1,61,23:00,96,07:45,35,1,,,0.0,false,14.8,250.0,false
1,62,23:15,62,23:15,0,1,,,0.0,false,14.8,235.38152974437963,false
1,62,23:15,63,23:30,1,1,,,0.0,false,14.8,235.82255508066908,false
1,62,23:15,64,23:45,2,1,,,0.0,false,14.8,235.88718923873836,false
1,62,23:15,65,00:00,3,1,,,0.0,false,14.8,236.3282145750278,false
1,62,23:15,66,00:15,4,1,,,0.0,false,14.8,236.76923991131721,false
1,62,23:15,67,00:30,5,1,,,0.0,false,14.8,237.21026524760666,false
1,62,23:15,68,00:45,6,1,,,0.0,false,14.8,237.65129058389607,false
1,62,23:15,69,01:00,7,1,,,0.0,false,14.8,238.0923159201855,false
1,62,23:15,70,01:15,8,1,,,0.0,false,14.8,238.53334125647493,false
1,62,23:15,71,01:30,9,1,,,0.0,false,14.8,238.97436659276437,false
1,62,23:15,72,01:45,10,1,,,0.0,false,14.8,239.41539192905378,false
1,62,23:15,73,02:00,11,1,,,0.0,false,14.8,239.8564172653432,false
1,62,23:15,74,02:15,12,1,,,0.0,false,14.8,240.29744260163264,false
1,62,23:15,75,02:30,13,1,,,0.0,false,14.8,240.73846793792205,false
1,62,23:15,76,02:45,14,1,,,0.0,false,14.8,241.1794932742115,false
1,62,23:15,77,03:00,15,1,,,0.0,false,14.8,241.6205186105009,false
1,62,23:15,78,03:15,16,1,,,0.0,false,14.8,242.06154394679035,false
1,62,23:15,79,03:30,17,1,,,0.0,false,14.8,242.50256928307977,false
1,62,23:15,80,03:45,18,1,,,0.0,false,14.8,242.94359461936918,false
1,62,23:15,81,04:00,19,1,,,0.0,false,14.8,243.3846199556586,false
1,62,23:15,82,04:15,20,1,,,0.0,false,14.8,243.825645291948,false
1,62,23:15,83,04:30,21,1,,,0.0,false,14.8,244.26667062823745,false
1,62,23:15,84,04:45,22,1,,,0.0,false,14.8,244.70769596452686,false
1,62,23:15,85,05:00,23,1,,,0.0,false,14.8,245.1487213008163,false
1,62,23:15,86,05:15,24,1,,,0.0,false,14.8,245.58974663710572,false
1,62,23:15,87,05:30,25,1,,,0.0,false,14.8,246.03077197339516,false
1,62,23:15,88,05:45,26,1,,,0.0,false,14.8,246.47179730968458,false
1,62,23:15,89,06:00,27,1,,,0.0,false,14.8,246.91282264597402,false
1,62,23:15,90,06:15,28,1,,,0.0,false,14.8,247.35384798226343,false
1,62,23:15,91,06:30,29,1,,,0.0,false,14.8,247.79487331855285,false
1,62,23:15,92,06:45,30,1,,,0.0,false,14.8,248.2358986548423,false
1,62,23:15,93,07:00,31,1,,,0.0,false,14.8,248.6769239911317,false
1,62,23:15,94,07:15,32,1,,,0.0,false,14.8,249.11794932742114,false
1,62,23:15,95,07:30,33,1,,,0.0,false,14.8,249.5589746637106,false
1,62,23:15,96,07:45,34,1,,,0.0,false,14.8,250.0,false
1,63,23:30,63,23:30,0,1,,,0.0,false,14.8,235.82255508066905,false
1,63,23:30,64,23:45,1,1,,,0.0,false,14.8,235.88718923873836,false
1,63,23:30,65,00:00,2,1,,,0.0,false,14.8,236.3282145750278,false
1,63,23:30,66,00:15,3,1,,,0.0,false,14.8,236.76923991131721,false
1,63,23:30,67,00:30,4,1,,,0.0,false,14.8,237.21026524760666,false
1,63,23:30,68,00:45,5,1,,,0.0,false,14.8,237.65129058389607,false
1,63,23:30,69,01:00,6,1,,,0.0,false,14.8,238.0923159201855,false
1,63,23:30,70,01:15,7,1,,,0.0,false,14.8,238.53334125647493,false
1,63,23:30,71,01:30,8,1,,,0.0,false,14.8,238.97436659276437,false
1,63,23:30,72,01:45,9,1,,,0.0,false,14.8,239.41539192905378,false
1,63,23:30,73,02:00,10,1,,,0.0,false,14.8,239.8564172653432,false
1,63,23:30,74,02:15,11,1,,,0.0,false,14.8,240.29744260163264,false
1,63,23:30,75,02:30,12,1,,,0.0,false,14.8,240.73846793792205,false
1,63,23:30,76,02:45,13,1,,,0.0,false,14.8,241.1794932742115,false
1,63,23:30,77,03:00,14,1,,,0.0,false,14.8,241.6205186105009,false
1,63,23:30,78,03:15,15,1,,,0.0,false,14.8,242.06154394679035,false
1,63,23:30,79,03:30,16,1,,,0.0,false,14.8,242.50256928307977,false
1,63,23:30,80,03:45,17,1,,,0.0,false,14.8,242.9435946193692,false
1,63,23:30,81,04:00,18,1,,,0.0,false,14.8,243.38461995565862,false
1,63,23:30,82,04:15,19,1,,,0.0,false,14.8,243.82564529194804,false
1,63,23:30,83,04:30,20,1,,,0.0,false,14.8,244.26667062823748,false
1,63,23:30,84,04:45,21,1,,,0.0,false,14.8,244.7076959645269,false
1,63,23:30,85,05:00,22,1,,,0.0,false,14.8,245.14872130081633,false
1,63,23:30,86,05:15,23,1,,,0.0,false,14.8,245.58974663710575,false
1,63,23:30,87,05:30,24,1,,,0.0,false,14.8,246.0307719733952,false
1,63,23:30,88,05:45,25,1,,,0.0,false,14.8,246.4717973096846,false
1,63,23:30,89,06:00,26,1,,,0.0,false,14.8,246.91282264597402,false
1,63,23:30,90,06:15,27,1,,,0.0,false,14.8,247.35384798226343,false
1,63,23:30,91,06:30,28,1,,,0.0,false,14.8,247.79487331855285,false
1,63,23:30,92,06:45,29,1,,,0.0,false,14.8,248.2358986548423,false
1,63,23:30,93,07:00,30,1,,,0.0,false,14.8,248.6769239911317,false
1,63,23:30,94,07:15,31,1,,,0.0,false,14.8,249.11794932742114,false
1,63,23:30,95,07:30,32,1,,,0.0,false,14.8,249.5589746637106,false
1,63,23:30,96,07:45,33,1,,,0.0,false,14.8,250.0,false
1,64,23:45,64,23:45,0,1,,,0.0,false,14.8,235.88718923873836,false
1,64,23:45,65,00:00,1,1,,,0.0,false,14.8,236.3282145750278,false
1,64,23:45,66,00:15,2,1,,,0.0,false,14.8,236.76923991131721,false
1,64,23:45,67,00:30,3,1,,,0.0,false,14.8,237.21026524760666,false
1,64,23:45,68,00:45,4,1,,,0.0,false,14.8,237.65129058389607,false
1,64,23:45,69,01:00,5,1,,,0.0,false,14.8,238.0923159201855,false
1,64,23:45,70,01:15,6,1,,,0.0,false,14.8,238.53334125647493,false
1,64,23:45,71,01:30,7,1,,,0.0,false,14.8,238.97436659276437,false
1,64,23:45,72,01:45,8,1,,,0.0,false,14.8,239.41539192905378,false
1,64,23:45,73,02:00,9,1,,,0.0,false,14.8,239.8564172653432,false
1,64,23:45,74,02:15,10,1,,,0.0,false,14.8,240.29744260163264,false
1,64,23:45,75,02:30,11,1,,,0.0,false,14.8,240.73846793792205,false
1,64,23:45,76,02:45,12,1,,,0.0,false,14.8,241.1794932742115,false
1,64,23:45,77,03:00,13,1,,,0.0,false,14.8,241.6205186105009,false
1,64,23:45,78,03:15,14,1,,,0.0,false,14.8,242.06154394679035,false
1,64,23:45,79,03:30,15,1,,,0.0,false,14.8,242.50256928307977,false
1,64,23:45,80,03:45,16,1,,,0.0,false,14.8,242.9435946193692,false
1,64,23:45,81,04:00,17,1,,,0.0,false,14.8,243.38461995565862,false
1,64,23:45,82,04:15,18,1,,,0.0,false,14.8,243.82564529194804,false
1,64,23:45,83,04:30,19,1,,,0.0,false,14.8,244.26667062823748,false
1,64,23:45,84,04:45,20,1,,,0.0,false,14.8,244.7076959645269,false
1,64,23:45,85,05:00,21,1,,,0.0,false,14.8,245.14872130081633,false
1,64,23:45,86,05:15,22,1,,,0.0,false,14.8,245.58974663710575,false
1,64,23:45,87,05:30,23,1,,,0.0,false,14.8,246.0307719733952,false
1,64,23:45,88,05:45,24,1,,,0.0,false,14.8,246.4717973096846,false
1,64,23:45,89,06:00,25,1,,,0.0,false,14.8,246.91282264597405,false
1,64,23:45,90,06:15,26,1,,,0.0,false,14.8,247.35384798226346,false
1,64,23:45,91,06:30,27,1,,,0.0,false,14.8,247.79487331855287,false
1,64,23:45,92,06:45,28,1,,,0.0,false,14.8,248.23589865484232,false
1,64,23:45,93,07:00,29,1,,,0.0,false,14.8,248.67692399113173,false
1,64,23:45,94,07:15,30,1,,,0.0,false,14.8,249.11794932742114,false
1,64,23:45,95,07:30,31,1,,,0.0,false,14.8,249.5589746637106,false
1,64,23:45,96,07:45,32,1,,,0.0,false,14.8,250.0,false
1,65,00:00,65,00:00,0,1,,,0.0,false,14.8,236.32821457502777,false
1,65,00:00,66,00:15,1,1,,,0.0,false,14.8,236.76923991131721,false
1,65,00:00,67,00:30,2,1,,,0.0,false,14.8,237.21026524760663,false
1,65,00:00,68,00:45,3,1,,,0.0,false,14.8,237.65129058389604,false
1,65,00:00,69,01:00,4,1,,,0.0,false,14.8,238.09231592018548,false
1,65,00:00,70,01:15,5,1,,,0.0,false,14.8,238.5333412564749,false
1,65,00:00,71,01:30,6,1,,,0.0,false,14.8,238.97436659276434,false
1,65,00:00,72,01:45,7,1,,,0.0,false,14.8,239.41539192905375,false
1,65,00:00,73,02:00,8,1,,,0.0,false,14.8,239.8564172653432,false
1,65,00:00,74,02:15,9,1,,,0.0,false,14.8,240.29744260163264,false
1,65,00:00,75,02:30,10,1,,,0.0,false,14.8,240.73846793792205,false
1,65,00:00,76,02:45,11,1,,,0.0,false,14.8,241.1794932742115,false
1,65,00:00,77,03:00,12,1,,,0.0,false,14.8,241.6205186105009,false
1,65,00:00,78,03:15,13,1,,,0.0,false,14.8,242.06154394679035,false
1,65,00:00,79,03:30,14,1,,,0.0,false,14.8,242.50256928307977,false
1,65,00:00,80,03:45,15,1,,,0.0,false,14.8,242.9435946193692,false
1,65,00:00,81,04:00,16,1,,,0.0,false,14.8,243.38461995565862,false
1,65,00:00,82,04:15,17,1,,,0.0,false,14.8,243.82564529194804,false
1,65,00:00,83,04:30,18,1,,,0.0,false,14.8,244.26667062823748,false
1,65,00:00,84,04:45,19,1,,,0.0,false,14.8,244.7076959645269,false
1,65,00:00,85,05:00,20,1,,,0.0,false,14.8,245.14872130081633,false
1,65,00:00,86,05:15,21,1,,,0.0,false,14.8,245.58974663710575,false
1,65,00:00,87,05:30,22,1,,,0.0,false,14.8,246.0307719733952,false
1,65,00:00,88,05:45,23,1,,,0.0,false,14.8,246.4717973096846,false
1,65,00:00,89,06:00,24,1,,,0.0,false,14.8,246.91282264597405,false
1,65,00:00,90,06:15,25,1,,,0.0,false,14.8,247.35384798226346,false
1,65,00:00,91,06:30,26,1,,,0.0,false,14.8,247.79487331855287,false
1,65,00:00,92,06:45,27,1,,,0.0,false,14.8,248.23589865484232,false
1,65,00:00,93,07:00,28,1,,,0.0,false,14.8,248.67692399113173,false
1,65,00:00,94,07:15,29,1,,,0.0,false,14.8,249.11794932742114,false
1,65,00:00,95,07:30,30,1,,,0.0,false,14.8,249.5589746637106,false
1,65,00:00,96,07:45,31,1,,,0.0,false,14.8,250.0,false
1,66,00:15,66,00:15,0,1,,,0.0,false,14.8,236.7692399113172,false
1,66,00:15,67,00:30,1,1,,,0.0,false,14.8,237.21026524760663,false
1,66,00:15,68,00:45,2,1,,,0.0,false,14.8,237.65129058389604,false
1,66,00:15,69,01:00,3,1,,,0.0,false,14.8,238.0923159201855,false
1,66,00:15,70,01:15,4,1,,,0.0,false,14.8,238.53334125647493,false
1,66,00:15,71,01:30,5,1,,,0.0,false,14.8,238.97436659276437,false
1,66,00:15,72,01:45,6,1,,,0.0,false,14.8,239.41539192905378,false
1,66,00:15,73,02:00,7,1,,,0.0,false,14.8,239.8564172653432,false
1,66,00:15,74,02:15,8,1,,,0.0,false,14.8,240.29744260163264,false
1,66,00:15,75,02:30,9,1,,,0.0,false,14.8,240.73846793792205,false
1,66,00:15,76,02:45,10,1,,,0.0,false,14.8,241.17949327421147,false
1,66,00:15,77,03:00,11,1,,,0.0,false,14.8,241.62051861050088,false
1,66,00:15,78,03:15,12,1,,,0.0,false,14.8,242.06154394679032,false
1,66,00:15,79,03:30,13,1,,,0.0,false,14.8,242.50256928307974,false
1,66,00:15,80,03:45,14,1,,,0.0,false,14.8,242.94359461936918,false
1,66,00:15,81,04:00,15,1,,,0.0,false,14.8,243.3846199556586,false
1,66,00:15,82,04:15,16,1,,,0.0,false,14.8,243.825645291948,false
1,66,00:15,83,04:30,17,1,,,0.0,false,14.8,244.26667062823745,false
1,66,00:15,84,04:45,18,1,,,0.0,false,14.8,244.70769596452686,false
1,66,00:15,85,05:00,19,1,,,0.0,false,14.8,245.1487213008163,false
1,66,00:15,86,05:15,20,1,,,0.0,false,14.8,245.58974663710572,false
1,66,00:15,87,05:30,21,1,,,0.0,false,14.8,246.03077197339516,false
1,66,00:15,88,05:45,22,1,,,0.0,false,14.8,246.47179730968458,false
1,66,00:15,89,06:00,23,1,,,0.0,false,14.8,246.91282264597405,false
1,66,00:15,90,06:15,24,1,,,0.0,false,14.8,247.35384798226346,false
1,66,00:15,91,06:30,25,1,,,0.0,false,14.8,247.79487331855287,false
1,66,00:15,92,06:45,26,1,,,0.0,false,14.8,248.23589865484232,false
1,66,00:15,93,07:00,27,1,,,0.0,false,14.8,248.67692399113173,false
1,66,00:15,94,07:15,28,1,,,0.0,false,14.8,249.11794932742114,false
1,66,00:15,95,07:30,29,1,,,0.0,false,14.8,249.5589746637106,false
1,66,00:15,96,07:45,30,1,,,0.0,false,14.8,250.0,false
1,67,00:30,67,00:30,0,1,,,0.0,false,14.8,237.2102652476066,false
1,67,00:30,68,00:45,1,1,,,0.0,false,14.8,237.65129058389604,false
1,67,00:30,69,01:00,2,1,,,0.0,false,14.8,238.09231592018546,false
1,67,00:30,70,01:15,3,1,,,0.0,false,14.8,238.53334125647487,false
1,67,00:30,71,01:30,4,1,,,0.0,false,14.8,238.9743665927643,false
1,67,00:30,72,01:45,5,1,,,0.0,false,14.8,239.41539192905373,false
1,67,00:30,73,02:00,6,1,,,0.0,false,14.8,239.85641726534317,false
1,67,00:30,74,02:15,7,1,,,0.0,false,14.8,240.2974426016326,false
1,67,00:30,75,02:30,8,1,,,0.0,false,14.8,240.73846793792202,false
1,67,00:30,76,02:45,9,1,,,0.0,false,14.8,241.17949327421147,false
1,67,00:30,77,03:00,10,1,,,0.0,false,14.8,241.62051861050088,false
1,67,00:30,78,03:15,11,1,,,0.0,false,14.8,242.06154394679032,false
1,67,00:30,79,03:30,12,1,,,0.0,false,14.8,242.50256928307974,false
1,67,00:30,80,03:45,13,1,,,0.0,false,14.8,242.94359461936918,false
1,67,00:30,81,04:00,14,1,,,0.0,false,14.8,243.3846199556586,false
1,67,00:30,82,04:15,15,1,,,0.0,false,14.8,243.825645291948,false
1,67,00:30,83,04:30,16,1,,,0.0,false,14.8,244.26667062823745,false
1,67,00:30,84,04:45,17,1,,,0.0,false,14.8,244.70769596452686,false
1,67,00:30,85,05:00,18,1,,,0.0,false,14.8,245.1487213008163,false
1,67,00:30,86,05:15,19,1,,,0.0,false,14.8,245.58974663710572,false
1,67,00:30,87,05:30,20,1,,,0.0,false,14.8,246.03077197339516,false
1,67,00:30,88,05:45,21,1,,,0.0,false,14.8,246.47179730968458,false
1,67,00:30,89,06:00,22,1,,,0.0,false,14.8,246.91282264597405,false
1,67,00:30,90,06:15,23,1,,,0.0,false,14.8,247.35384798226346,false
1,67,00:30,91,06:30,24,1,,,0.0,false,14.8,247.79487331855287,false
1,67,00:30,92,06:45,25,1,,,0.0,false,14.8,248.23589865484232,false
1,67,00:30,93,07:00,26,1,,,0.0,false,14.8,248.67692399113173,false
1,67,00:30,94,07:15,27,1,,,0.0,false,14.8,249.11794932742114,false
1,67,00:30,95,07:30,28,1,,,0.0,false,14.8,249.5589746637106,false
1,67,00:30,96,07:45,29,1,,,0.0,false,14.8,250.0,false
1,68,00:45,68,00:45,0,1,,,0.0,false,14.8,237.651290583896,false
1,68,00:45,69,01:00,1,1,,,0.0,false,14.8,238.09231592018546,false
1,68,00:45,70,01:15,2,1,,,0.0,false,14.8,238.53334125647487,false
1,68,00:45,71,01:30,3,1,,,0.0,false,14.8,238.97436659276434,false
1,68,00:45,72,01:45,4,1,,,0.0,false,14.8,239.41539192905375,false
1,68,00:45,73,02:00,5,1,,,0.0,false,14.8,239.85641726534317,false
1,68,00:45,74,02:15,6,1,,,0.0,false,14.8,240.2974426016326,false
1,68,00:45,75,02:30,7,1,,,0.0,false,14.8,240.73846793792202,false
1,68,00:45,76,02:45,8,1,,,0.0,false,14.8,241.17949327421147,false
1,68,00:45,77,03:00,9,1,,,0.0,false,14.8,241.62051861050088,false
1,68,00:45,78,03:15,10,1,,,0.0,false,14.8,242.06154394679032,false
1,68,00:45,79,03:30,11,1,,,0.0,false,14.8,242.50256928307974,false
1,68,00:45,80,03:45,12,1,,,0.0,false,14.8,242.94359461936918,false
1,68,00:45,81,04:00,13,1,,,0.0,false,14.8,243.3846199556586,false
1,68,00:45,82,04:15,14,1,,,0.0,false,14.8,243.825645291948,false
1,68,00:45,83,04:30,15,1,,,0.0,false,14.8,244.26667062823745,false
1,68,00:45,84,04:45,16,1,,,0.0,false,14.8,244.70769596452686,false
1,68,00:45,85,05:00,17,1,,,0.0,false,14.8,245.1487213008163,false
1,68,00:45,86,05:15,18,1,,,0.0,false,14.8,245.58974663710572,false
1,68,00:45,87,05:30,19,1,,,0.0,false,14.8,246.03077197339516,false
1,68,00:45,88,05:45,20,1,,,0.0,false,14.8,246.47179730968458,false
1,68,00:45,89,06:00,21,1,,,0.0,false,14.8,246.91282264597407,false
1,68,00:45,90,06:15,22,1,,,0.0,false,14.8,247.3538479822635,false
1,68,00:45,91,06:30,23,1,,,0.0,false,14.8,247.7948733185529,false
1,68,00:45,92,06:45,24,1,,,0.0,false,14.8,248.23589865484234,false
1,68,00:45,93,07:00,25,1,,,0.0,false,14.8,248.67692399113176,false
1,68,00:45,94,07:15,26,1,,,0.0,false,14.8,249.11794932742114,false
1,68,00:45,95,07:30,27,1,,,0.0,false,14.8,249.5589746637106,false
1,68,00:45,96,07:45,28,1,,,0.0,false,14.8,250.0,false
1,69,01:00,69,01:00,0,1,,,0.0,false,14.8,238.09231592018543,false
1,69,01:00,70,01:15,1,1,,,0.0,false,14.8,238.53334125647487,false
1,69,01:00,71,01:30,2,1,,,0.0,false,14.8,238.97436659276428,false
1,69,01:00,72,01:45,3,1,,,0.0,false,14.8,239.4153919290537,false
1,69,01:00,73,02:00,4,1,,,0.0,false,14.8,239.85641726534314,false
1,69,01:00,74,02:15,5,1,,,0.0,false,14.8,240.29744260163258,false
1,69,01:00,75,02:30,6,1,,,0.0,false,14.8,240.738467937922,false
1,69,01:00,76,02:45,7,1,,,0.0,false,14.8,241.17949327421144,false
1,69,01:00,77,03:00,8,1,,,0.0,false,14.8,241.62051861050085,false
1,69,01:00,78,03:15,9,1,,,0.0,false,14.8,242.0615439467903,false
1,69,01:00,79,03:30,10,1,,,0.0,false,14.8,242.5025692830797,false
1,69,01:00,80,03:45,11,1,,,0.0,false,14.8,242.94359461936915,false
1,69,01:00,81,04:00,12,1,,,0.0,false,14.8,243.38461995565856,false
1,69,01:00,82,04:15,13,1,,,0.0,false,14.8,243.82564529194798,false
1,69,01:00,83,04:30,14,1,,,0.0,false,14.8,244.26667062823742,false
1,69,01:00,84,04:45,15,1,,,0.0,false,14.8,244.70769596452683,false
1,69,01:00,85,05:00,16,1,,,0.0,false,14.8,245.14872130081628,false
1,69,01:00,86,05:15,17,1,,,0.0,false,14.8,245.5897466371057,false
1,69,01:00,87,05:30,18,1,,,0.0,false,14.8,246.03077197339513,false
1,69,01:00,88,05:45,19,1,,,0.0,false,14.8,246.47179730968455,false
1,69,01:00,89,06:00,20,1,,,0.0,false,14.8,246.91282264597405,false
1,69,01:00,90,06:15,21,1,,,0.0,false,14.8,247.35384798226346,false
1,69,01:00,91,06:30,22,1,,,0.0,false,14.8,247.79487331855287,false
1,69,01:00,92,06:45,23,1,,,0.0,false,14.8,248.23589865484232,false
1,69,01:00,93,07:00,24,1,,,0.0,false,14.8,248.67692399113173,false
1,69,01:00,94,07:15,25,1,,,0.0,false,14.8,249.11794932742114,false
1,69,01:00,95,07:30,26,1,,,0.0,false,14.8,249.5589746637106,false
1,69,01:00,96,07:45,27,1,,,0.0,false,14.8,250.0,false
1,70,01:15,70,01:15,0,1,,,0.0,false,14.8,238.53334125647484,false
1,70,01:15,71,01:30,1,1,,,0.0,false,14.8,238.9743665927643,false
1,70,01:15,72,01:45,2,1,,,0.0,false,14.8,239.41539192905373,false
1,70,01:15,73,02:00,3,1,,,0.0,false,14.8,239.85641726534314,false
1,70,01:15,74,02:15,4,1,,,0.0,false,14.8,240.29744260163258,false
1,70,01:15,75,02:30,5,1,,,0.0,false,14.8,240.738467937922,false
1,70,01:15,76,02:45,6,1,,,0.0,false,14.8,241.17949327421144,false
1,70,01:15,77,03:00,7,1,,,0.0,false,14.8,241.62051861050085,false
1,70,01:15,78,03:15,8,1,,,0.0,false,14.8,242.0615439467903,false
1,70,01:15,79,03:30,9,1,,,0.0,false,14.8,242.5025692830797,false
1,70,01:15,80,03:45,10,1,,,0.0,false,14.8,242.94359461936915,false
1,70,01:15,81,04:00,11,1,,,0.0,false,14.8,243.38461995565856,false
1,70,01:15,82,04:15,12,1,,,0.0,false,14.8,243.82564529194798,false
1,70,01:15,83,04:30,13,1,,,0.0,false,14.8,244.26667062823742,false
1,70,01:15,84,04:45,14,1,,,0.0,false,14.8,244.70769596452683,false
1,70,01:15,85,05:00,15,1,,,0.0,false,14.8,245.14872130081628,false
1,70,01:15,86,05:15,16,1,,,0.0,false,14.8,245.5897466371057,false
1,70,01:15,87,05:30,17,1,,,0.0,false,14.8,246.03077197339513,false
1,70,01:15,88,05:45,18,1,,,0.0,false,14.8,246.47179730968455,false
1,70,01:15,89,06:00,19,1,,,0.0,false,14.8,246.91282264597407,false
1,70,01:15,90,06:15,20,1,,,0.0,false,14.8,247.3538479822635,false
1,70,01:15,91,06:30,21,1,,,0.0,false,14.8,247.7948733185529,false
1,70,01:15,92,06:45,22,1,,,0.0,false,14.8,248.23589865484234,false
1,70,01:15,93,07:00,23,1,,,0.0,false,14.8,248.67692399113176,false
1,70,01:15,94,07:15,24,1,,,0.0,false,14.8,249.11794932742114,false
1,70,01:15,95,07:30,25,1,,,0.0,false,14.8,249.5589746637106,false
1,70,01:15,96,07:45,26,1,,,0.0,false,14.8,250.0,false
1,71,01:30,71,01:30,0,1,,,0.0,false,14.8,238.97436659276426,false
1,71,01:30,72,01:45,1,1,,,0.0,false,14.8,239.4153919290537,false
1,71,01:30,73,02:00,2,1,,,0.0,false,14.8,239.8564172653431,false
1,71,01:30,74,02:15,3,1,,,0.0,false,14.8,240.29744260163255,false
1,71,01:30,75,02:30,4,1,,,0.0,false,14.8,240.73846793792197,false
1,71,01:30,76,02:45,5,1,,,0.0,false,14.8,241.1794932742114,false
1,71,01:30,77,03:00,6,1,,,0.0,false,14.8,241.62051861050082,false
1,71,01:30,78,03:15,7,1,,,0.0,false,14.8,242.06154394679027,false
1,71,01:30,79,03:30,8,1,,,0.0,false,14.8,242.50256928307968,false
1,71,01:30,80,03:45,9,1,,,0.0,false,14.8,242.94359461936912,false
1,71,01:30,81,04:00,10,1,,,0.0,false,14.8,243.38461995565854,false
1,71,01:30,82,04:15,11,1,,,0.0,false,14.8,243.82564529194795,false
1,71,01:30,83,04:30,12,1,,,0.0,false,14.8,244.2666706282374,false
1,71,01:30,84,04:45,13,1,,,0.0,false,14.8,244.7076959645268,false
1,71,01:30,85,05:00,14,1,,,0.0,false,14.8,245.14872130081625,false
1,71,01:30,86,05:15,15,1,,,0.0,false,14.8,245.58974663710566,false
1,71,01:30,87,05:30,16,1,,,0.0,false,14.8,246.0307719733951,false
1,71,01:30,88,05:45,17,1,,,0.0,false,14.8,246.47179730968452,false
1,71,01:30,89,06:00,18,1,,,0.0,false,14.8,246.91282264597405,false
1,71,01:30,90,06:15,19,1,,,0.0,false,14.8,247.35384798226346,false
1,71,01:30,91,06:30,20,1,,,0.0,false,14.8,247.79487331855287,false
1,71,01:30,92,06:45,21,1,,,0.0,false,14.8,248.23589865484232,false
1,71,01:30,93,07:00,22,1,,,0.0,false,14.8,248.67692399113173,false
1,71,01:30,94,07:15,23,1,,,0.0,false,14.8,249.11794932742114,false
1,71,01:30,95,07:30,24,1,,,0.0,false,14.8,249.5589746637106,false
1,71,01:30,96,07:45,25,1,,,0.0,false,14.8,250.0,false
1,72,01:45,72,01:45,0,1,,,0.0,false,14.8,239.41539192905367,false
1,72,01:45,73,02:00,1,1,,,0.0,false,14.8,239.8564172653431,false
1,72,01:45,74,02:15,2,1,,,0.0,false,14.8,240.29744260163255,false
1,72,01:45,75,02:30,3,1,,,0.0,false,14.8,240.73846793792197,false
1,72,01:45,76,02:45,4,1,,,0.0,false,14.8,241.1794932742114,false
1,72,01:45,77,03:00,5,1,,,0.0,false,14.8,241.62051861050082,false
1,72,01:45,78,03:15,6,1,,,0.0,false,14.8,242.06154394679027,false
1,72,01:45,79,03:30,7,1,,,0.0,false,14.8,242.50256928307968,false
1,72,01:45,80,03:45,8,1,,,0.0,false,14.8,242.94359461936912,false
1,72,01:45,81,04:00,9,1,,,0.0,false,14.8,243.38461995565854,false
1,72,01:45,82,04:15,10,1,,,0.0,false,14.8,243.82564529194795,false
1,72,01:45,83,04:30,11,1,,,0.0,false,14.8,244.2666706282374,false
1,72,01:45,84,04:45,12,1,,,0.0,false,14.8,244.7076959645268,false
1,72,01:45,85,05:00,13,1,,,0.0,false,14.8,245.14872130081625,false
1,72,01:45,86,05:15,14,1,,,0.0,false,14.8,245.58974663710566,false
1,72,01:45,87,05:30,15,1,,,0.0,false,14.8,246.0307719733951,false
1,72,01:45,88,05:45,16,1,,,0.0,false,14.8,246.47179730968452,false
1,72,01:45,89,06:00,17,1,,,0.0,false,14.8,246.91282264597405,false
1,72,01:45,90,06:15,18,1,,,0.0,false,14.8,247.35384798226346,false
1,72,01:45,91,06:30,19,1,,,0.0,false,14.8,247.79487331855287,false
1,72,01:45,92,06:45,20,1,,,0.0,false,14.8,248.23589865484232,false
1,72,01:45,93,07:00,21,1,,,0.0,false,14.8,248.67692399113173,false
1,72,01:45,94,07:15,22,1,,,0.0,false,14.8,249.11794932742114,false
1,72,01:45,95,07:30,23,1,,,0.0,false,14.8,249.5589746637106,false
1,72,01:45,96,07:45,24,1,,,0.0,false,14.8,250.0,false
1,73,02:00,73,02:00,0,1,,,0.0,false,14.8,239.85641726534308,false
1,73,02:00,74,02:15,1,1,,,0.0,false,14.8,240.29744260163253,false
1,73,02:00,75,02:30,2,1,,,0.0,false,14.8,240.73846793792194,false
1,73,02:00,76,02:45,3,1,,,0.0,false,14.8,241.17949327421138,false
1,73,02:00,77,03:00,4,1,,,0.0,false,14.8,241.6205186105008,false
1,73,02:00,78,03:15,5,1,,,0.0,false,14.8,242.06154394679024,false
1,73,02:00,79,03:30,6,1,,,0.0,false,14.8,242.50256928307965,false
1,73,02:00,80,03:45,7,1,,,0.0,false,14.8,242.9435946193691,false
1,73,02:00,81,04:00,8,1,,,0.0,false,14.8,243.3846199556585,false
1,73,02:00,82,04:15,9,1,,,0.0,false,14.8,243.82564529194792,false
1,73,02:00,83,04:30,10,1,,,0.0,false,14.8,244.26667062823736,false
1,73,02:00,84,04:45,11,1,,,0.0,false,14.8,244.70769596452678,false
1,73,02:00,85,05:00,12,1,,,0.0,false,14.8,245.14872130081622,false
1,73,02:00,86,05:15,13,1,,,0.0,false,14.8,245.58974663710563,false
1,73,02:00,87,05:30,14,1,,,0.0,false,14.8,246.03077197339508,false
1,73,02:00,88,05:45,15,1,,,0.0,false,14.8,246.4717973096845,false
1,73,02:00,89,06:00,16,1,,,0.0,false,14.8,246.91282264597405,false
1,73,02:00,90,06:15,17,1,,,0.0,false,14.8,247.35384798226346,false
1,73,02:00,91,06:30,18,1,,,0.0,false,14.8,247.79487331855287,false
1,73,02:00,92,06:45,19,1,,,0.0,false,14.8,248.23589865484232,false
1,73,02:00,93,07:00,20,1,,,0.0,false,14.8,248.67692399113173,false
1,73,02:00,94,07:15,21,1,,,0.0,false,14.8,249.11794932742114,false
1,73,02:00,95,07:30,22,1,,,0.0,false,14.8,249.5589746637106,false
1,73,02:00,96,07:45,23,1,,,0.0,false,14.8,250.0,false
1,74,02:15,74,02:15,0,1,,,0.0,false,14.8,240.2974426016325,false
1,74,02:15,75,02:30,1,1,,,0.0,false,14.8,240.73846793792194,false
1,74,02:15,76,02:45,2,1,,,0.0,false,14.8,241.17949327421135,false
1,74,02:15,77,03:00,3,1,,,0.0,false,14.8,241.62051861050077,false
1,74,02:15,78,03:15,4,1,,,0.0,false,14.8,242.0615439467902,false
1,74,02:15,79,03:30,5,1,,,0.0,false,14.8,242.50256928307962,false
1,74,02:15,80,03:45,6,1,,,0.0,false,14.8,242.94359461936907,false
1,74,02:15,81,04:00,7,1,,,0.0,false,14.8,243.38461995565848,false
1,74,02:15,82,04:15,8,1,,,0.0,false,14.8,243.82564529194792,false
1,74,02:15,83,04:30,9,1,,,0.0,false,14.8,244.26667062823736,false
1,74,02:15,84,04:45,10,1,,,0.0,false,14.8,244.70769596452678,false
1,74,02:15,85,05:00,11,1,,,0.0,false,14.8,245.14872130081622,false
1,74,02:15,86,05:15,12,1,,,0.0,false,14.8,245.58974663710563,false
1,74,02:15,87,05:30,13,1,,,0.0,false,14.8,246.03077197339508,false
1,74,02:15,88,05:45,14,1,,,0.0,false,14.8,246.4717973096845,false
1,74,02:15,89,06:00,15,1,,,0.0,false,14.8,246.91282264597405,false
1,74,02:15,90,06:15,16,1,,,0.0,false,14.8,247.35384798226346,false
1,74,02:15,91,06:30,17,1,,,0.0,false,14.8,247.79487331855287,false
1,74,02:15,92,06:45,18,1,,,0.0,false,14.8,248.23589865484232,false
1,74,02:15,93,07:00,19,1,,,0.0,false,14.8,248.67692399113173,false
1,74,02:15,94,07:15,20,1,,,0.0,false,14.8,249.11794932742114,false
1,74,02:15,95,07:30,21,1,,,0.0,false,14.8,249.5589746637106,false
1,74,02:15,96,07:45,22,1,,,0.0,false,14.8,250.0,false
1,75,02:30,75,02:30,0,1,,,0.0,false,14.8,240.7384679379219,false
1,75,02:30,76,02:45,1,1,,,0.0,false,14.8,241.17949327421135,false
1,75,02:30,77,03:00,2,1,,,0.0,false,14.8,241.62051861050077,false
1,75,02:30,78,03:15,3,1,,,0.0,false,14.8,242.0615439467902,false
1,75,02:30,79,03:30,4,1,,,0.0,false,14.8,242.50256928307962,false
1,75,02:30,80,03:45,5,1,,,0.0,false,14.8,242.94359461936907,false
1,75,02:30,81,04:00,6,1,,,0.0,false,14.8,243.38461995565848,false
1,75,02:30,82,04:15,7,1,,,0.0,false,14.8,243.8256452919479,false
1,75,02:30,83,04:30,8,1,,,0.0,false,14.8,244.26667062823734,false
1,75,02:30,84,04:45,9,1,,,0.0,false,14.8,244.70769596452675,false
1,75,02:30,85,05:00,10,1,,,0.0,false,14.8,245.1487213008162,false
1,75,02:30,86,05:15,11,1,,,0.0,false,14.8,245.5897466371056,false
1,75,02:30,87,05:30,12,1,,,0.0,false,14.8,246.03077197339505,false
1,75,02:30,88,05:45,13,1,,,0.0,false,14.8,246.47179730968446,false
1,75,02:30,89,06:00,14,1,,,0.0,false,14.8,246.91282264597405,false
1,75,02:30,90,06:15,15,1,,,0.0,false,14.8,247.35384798226346,false
1,75,02:30,91,06:30,16,1,,,0.0,false,14.8,247.79487331855287,false
1,75,02:30,92,06:45,17,1,,,0.0,false,14.8,248.23589865484232,false
1,75,02:30,93,07:00,18,1,,,0.0,false,14.8,248.67692399113173,false
1,75,02:30,94,07:15,19,1,,,0.0,false,14.8,249.11794932742114,false
1,75,02:30,95,07:30,20,1,,,0.0,false,14.8,249.5589746637106,false
1,75,02:30,96,07:45,21,1,,,0.0,false,14.8,250.0,false
1,76,02:45,76,02:45,0,1,,,0.0,false,14.8,241.17949327421132,false
1,76,02:45,77,03:00,1,1,,,0.0,false,14.8,241.62051861050077,false
1,76,02:45,78,03:15,2,1,,,0.0,false,14.8,242.06154394679018,false
1,76,02:45,79,03:30,3,1,,,0.0,false,14.8,242.5025692830796,false
1,76,02:45,80,03:45,4,1,,,0.0,false,14.8,242.94359461936904,false
1,76,02:45,81,04:00,5,1,,,0.0,false,14.8,243.38461995565845,false
1,76,02:45,82,04:15,6,1,,,0.0,false,14.8,243.8256452919479,false
1,76,02:45,83,04:30,7,1,,,0.0,false,14.8,244.26667062823734,false
1,76,02:45,84,04:45,8,1,,,0.0,false,14.8,244.70769596452675,false
1,76,02:45,85,05:00,9,1,,,0.0,false,14.8,245.1487213008162,false
1,76,02:45,86,05:15,10,1,,,0.0,false,14.8,245.5897466371056,false
1,76,02:45,87,05:30,11,1,,,0.0,false,14.8,246.03077197339505,false
1,76,02:45,88,05:45,12,1,,,0.0,false,14.8,246.47179730968446,false
1,76,02:45,89,06:00,13,1,,,0.0,false,14.8,246.91282264597405,false
1,76,02:45,90,06:15,14,1,,,0.0,false,14.8,247.35384798226346,false
1,76,02:45,91,06:30,15,1,,,0.0,false,14.8,247.79487331855287,false
1,76,02:45,92,06:45,16,1,,,0.0,false,14.8,248.23589865484232,false
1,76,02:45,93,07:00,17,1,,,0.0,false,14.8,248.67692399113173,false
1,76,02:45,94,07:15,18,1,,,0.0,false,14.8,249.11794932742114,false
1,76,02:45,95,07:30,19,1,,,0.0,false,14.8,249.5589746637106,false
1,76,02:45,96,07:45,20,1,,,0.0,false,14.8,250.0,false
1,77,03:00,77,03:00,0,1,,,0.0,false,14.8,241.62051861050074,false
1,77,03:00,78,03:15,1,1,,,0.0,false,14.8,242.06154394679018,false
1,77,03:00,79,03:30,2,1,,,0.0,false,14.8,242.5025692830796,false
1,77,03:00,80,03:45,3,1,,,0.0,false,14.8,242.94359461936907,false
1,77,03:00,81,04:00,4,1,,,0.0,false,14.8,243.38461995565848,false
1,77,03:00,82,04:15,5,1,,,0.0,false,14.8,243.8256452919479,false
1,77,03:00,83,04:30,6,1,,,0.0,false,14.8,244.26667062823734,false
1,77,03:00,84,04:45,7,1,,,0.0,false,14.8,244.70769596452675,false
1,77,03:00,85,05:00,8,1,,,0.0,false,14.8,245.14872130081616,false
1,77,03:00,86,05:15,9,1,,,0.0,false,14.8,245.58974663710558,false
1,77,03:00,87,05:30,10,1,,,0.0,false,14.8,246.03077197339502,false
1,77,03:00,88,05:45,11,1,,,0.0,false,14.8,246.47179730968443,false
1,77,03:00,89,06:00,12,1,,,0.0,false,14.8,246.91282264597405,false
1,77,03:00,90,06:15,13,1,,,0.0,false,14.8,247.35384798226346,false
1,77,03:00,91,06:30,14,1,,,0.0,false,14.8,247.79487331855287,false
1,77,03:00,92,06:45,15,1,,,0.0,false,14.8,248.23589865484232,false
1,77,03:00,93,07:00,16,1,,,0.0,false,14.8,248.67692399113173,false
1,77,03:00,94,07:15,17,1,,,0.0,false,14.8,249.11794932742114,false
1,77,03:00,95,07:30,18,1,,,0.0,false,14.8,249.5589746637106,false
1,77,03:00,96,07:45,19,1,,,0.0,false,14.8,250.0,false
1,78,03:15,78,03:15,0,1,,,0.0,false,14.8,242.06154394679015,false
1,78,03:15,79,03:30,1,1,,,0.0,false,14.8,242.5025692830796,false
1,78,03:15,80,03:45,2,1,,,0.0,false,14.8,242.943594619369,false
1,78,03:15,81,04:00,3,1,,,0.0,false,14.8,243.38461995565842,false
1,78,03:15,82,04:15,4,1,,,0.0,false,14.8,243.82564529194786,false
1,78,03:15,83,04:30,5,1,,,0.0,false,14.8,244.2666706282373,false
1,78,03:15,84,04:45,6,1,,,0.0,false,14.8,244.70769596452672,false
1,78,03:15,85,05:00,7,1,,,0.0,false,14.8,245.14872130081616,false
1,78,03:15,86,05:15,8,1,,,0.0,false,14.8,245.58974663710558,false
1,78,03:15,87,05:30,9,1,,,0.0,false,14.8,246.03077197339502,false
1,78,03:15,88,05:45,10,1,,,0.0,false,14.8,246.47179730968443,false
1,78,03:15,89,06:00,11,1,,,0.0,false,14.8,246.91282264597405,false
1,78,03:15,90,06:15,12,1,,,0.0,false,14.8,247.35384798226346,false
1,78,03:15,91,06:30,13,1,,,0.0,false,14.8,247.79487331855287,false
1,78,03:15,92,06:45,14,1,,,0.0,false,14.8,248.23589865484232,false
1,78,03:15,93,07:00,15,1,,,0.0,false,14.8,248.67692399113173,false
1,78,03:15,94,07:15,16,1,,,0.0,false,14.8,249.11794932742114,false
1,78,03:15,95,07:30,17,1,,,0.0,false,14.8,249.5589746637106,false
1,78,03:15,96,07:45,18,1,,,0.0,false,14.8,250.0,false
1,79,03:30,79,03:30,0,1,,,0.0,false,14.8,242.50256928307957,false
1,79,03:30,80,03:45,1,1,,,0.0,false,14.8,242.94359461936904,false
1,79,03:30,81,04:00,2,1,,,0.0,false,14.8,243.38461995565845,false
1,79,03:30,82,04:15,3,1,,,0.0,false,14.8,243.82564529194786,false
1,79,03:30,83,04:30,4,1,,,0.0,false,14.8,244.2666706282373,false
1,79,03:30,84,04:45,5,1,,,0.0,false,14.8,244.70769596452672,false
1,79,03:30,85,05:00,6,1,,,0.0,false,14.8,245.14872130081613,false
1,79,03:30,86,05:15,7,1,,,0.0,false,14.8,245.58974663710555,false
1,79,03:30,87,05:30,8,1,,,0.0,false,14.8,246.030771973395,false
1,79,03:30,88,05:45,9,1,,,0.0,false,14.8,246.4717973096844,false
1,79,03:30,89,06:00,10,1,,,0.0,false,14.8,246.91282264597402,false
1,79,03:30,90,06:15,11,1,,,0.0,false,14.8,247.35384798226343,false
1,79,03:30,91,06:30,12,1,,,0.0,false,14.8,247.79487331855285,false
1,79,03:30,92,06:45,13,1,,,0.0,false,14.8,248.2358986548423,false
1,79,03:30,93,07:00,14,1,,,0.0,false,14.8,248.6769239911317,false
1,79,03:30,94,07:15,15,1,,,0.0,false,14.8,249.11794932742114,false
1,79,03:30,95,07:30,16,1,,,0.0,false,14.8,249.5589746637106,false
1,79,03:30,96,07:45,17,1,,,0.0,false,14.8,250.0,false
1,80,03:45,80,03:45,0,1,,,0.0,false,14.8,242.94359461936898,false
1,80,03:45,81,04:00,1,1,,,0.0,false,14.8,243.38461995565842,false
1,80,03:45,82,04:15,2,1,,,0.0,false,14.8,243.82564529194784,false
1,80,03:45,83,04:30,3,1,,,0.0,false,14.8,244.26667062823728,false
1,80,03:45,84,04:45,4,1,,,0.0,false,14.8,244.7076959645267,false
1,80,03:45,85,05:00,5,1,,,0.0,false,14.8,245.14872130081613,false
1,80,03:45,86,05:15,6,1,,,0.0,false,14.8,245.58974663710555,false
1,80,03:45,87,05:30,7,1,,,0.0,false,14.8,246.030771973395,false
1,80,03:45,88,05:45,8,1,,,0.0,false,14.8,246.4717973096844,false
1,80,03:45,89,06:00,9,1,,,0.0,false,14.8,246.91282264597405,false
1,80,03:45,90,06:15,10,1,,,0.0,false,14.8,247.35384798226346,false
1,80,03:45,91,06:30,11,1,,,0.0,false,14.8,247.79487331855287,false
1,80,03:45,92,06:45,12,1,,,0.0,false,14.8,248.23589865484232,false
1,80,03:45,93,07:00,13,1,,,0.0,false,14.8,248.67692399113173,false
1,80,03:45,94,07:15,14,1,,,0.0,false,14.8,249.11794932742114,false
1,80,03:45,95,07:30,15,1,,,0.0,false,14.8,249.5589746637106,false
1,80,03:45,96,07:45,16,1,,,0.0,false,14.8,250.0,false
1,81,04:00,81,04:00,0,1,,,0.0,false,14.8,243.3846199556584,false
1,81,04:00,82,04:15,1,1,,,0.0,false,14.8,243.82564529194784,false
1,81,04:00,83,04:30,2,1,,,0.0,false,14.8,244.26667062823728,false
1,81,04:00,84,04:45,3,1,,,0.0,false,14.8,244.7076959645267,false
1,81,04:00,85,05:00,4,1,,,0.0,false,14.8,245.14872130081613,false
1,81,04:00,86,05:15,5,1,,,0.0,false,14.8,245.58974663710555,false
1,81,04:00,87,05:30,6,1,,,0.0,false,14.8,246.03077197339496,false
1,81,04:00,88,05:45,7,1,,,0.0,false,14.8,246.47179730968438,false
1,81,04:00,89,06:00,8,1,,,0.0,false,14.8,246.91282264597402,false
1,81,04:00,90,06:15,9,1,,,0.0,false,14.8,247.35384798226343,false
1,81,04:00,91,06:30,10,1,,,0.0,false,14.8,247.79487331855285,false
1,81,04:00,92,06:45,11,1,,,0.0,false,14.8,248.2358986548423,false
1,81,04:00,93,07:00,12,1,,,0.0,false,14.8,248.6769239911317,false
1,81,04:00,94,07:15,13,1,,,0.0,false,14.8,249.11794932742114,false
1,81,04:00,95,07:30,14,1,,,0.0,false,14.8,249.5589746637106,false
1,81,04:00,96,07:45,15,1,,,0.0,false,14.8,250.0,false
1,82,04:15,82,04:15,0,1,,,0.0,false,14.8,243.8256452919478,false
1,82,04:15,83,04:30,1,1,,,0.0,false,14.8,244.26667062823725,false
1,82,04:15,84,04:45,2,1,,,0.0,false,14.8,244.70769596452666,false
1,82,04:15,85,05:00,3,1,,,0.0,false,14.8,245.1487213008161,false
1,82,04:15,86,05:15,4,1,,,0.0,false,14.8,245.58974663710552,false
1,82,04:15,87,05:30,5,1,,,0.0,false,14.8,246.03077197339496,false
1,82,04:15,88,05:45,6,1,,,0.0,false,14.8,246.47179730968438,false
1,82,04:15,89,06:00,7,1,,,0.0,false,14.8,246.91282264597405,false
1,82,04:15,90,06:15,8,1,,,0.0,false,14.8,247.35384798226346,false
1,82,04:15,91,06:30,9,1,,,0.0,false,14.8,247.79487331855287,false
1,82,04:15,92,06:45,10,1,,,0.0,false,14.8,248.23589865484232,false
1,82,04:15,93,07:00,11,1,,,0.0,false,14.8,248.67692399113173,false
1,82,04:15,94,07:15,12,1,,,0.0,false,14.8,249.11794932742114,false
1,82,04:15,95,07:30,13,1,,,0.0,false,14.8,249.5589746637106,false
1,82,04:15,96,07:45,14,1,,,0.0,false,14.8,250.0,false
1,83,04:30,83,04:30,0,1,,,0.0,false,14.8,244.26667062823722,false
1,83,04:30,84,04:45,1,1,,,0.0,false,14.8,244.70769596452666,false
1,83,04:30,85,05:00,2,1,,,0.0,false,14.8,245.14872130081608,false
1,83,04:30,86,05:15,3,1,,,0.0,false,14.8,245.5897466371055,false
1,83,04:30,87,05:30,4,1,,,0.0,false,14.8,246.03077197339493,false
1,83,04:30,88,05:45,5,1,,,0.0,false,14.8,246.47179730968435,false
1,83,04:30,89,06:00,6,1,,,0.0,false,14.8,246.91282264597402,false
1,83,04:30,90,06:15,7,1,,,0.0,false,14.8,247.35384798226343,false
1,83,04:30,91,06:30,8,1,,,0.0,false,14.8,247.79487331855287,false
1,83,04:30,92,06:45,9,1,,,0.0,false,14.8,248.23589865484232,false
1,83,04:30,93,07:00,10,1,,,0.0,false,14.8,248.67692399113173,false
1,83,04:30,94,07:15,11,1,,,0.0,false,14.8,249.11794932742114,false
1,83,04:30,95,07:30,12,1,,,0.0,false,14.8,249.5589746637106,false
1,83,04:30,96,07:45,13,1,,,0.0,false,14.8,250.0,false
1,84,04:45,84,04:45,0,1,,,0.0,false,14.8,244.70769596452664,false
1,84,04:45,85,05:00,1,1,,,0.0,false,14.8,245.14872130081608,false
1,84,04:45,86,05:15,2,1,,,0.0,false,14.8,245.5897466371055,false
1,84,04:45,87,05:30,3,1,,,0.0,false,14.8,246.03077197339493,false
1,84,04:45,88,05:45,4,1,,,0.0,false,14.8,246.47179730968435,false
1,84,04:45,89,06:00,5,1,,,0.0,false,14.8,246.91282264597405,false
1,84,04:45,90,06:15,6,1,,,0.0,false,14.8,247.35384798226346,false
1,84,04:45,91,06:30,7,1,,,0.0,false,14.8,247.79487331855287,false
1,84,04:45,92,06:45,8,1,,,0.0,false,14.8,248.23589865484232,false
1,84,04:45,93,07:00,9,1,,,0.0,false,14.8,248.67692399113173,false
1,84,04:45,94,07:15,10,1,,,0.0,false,14.8,249.11794932742114,false
1,84,04:45,95,07:30,11,1,,,0.0,false,14.8,249.5589746637106,false
1,84,04:45,96,07:45,12,1,,,0.0,false,14.8,250.0,false
1,85,05:00,85,05:00,0,1,,,0.0,false,14.8,245.14872130081605,false
1,85,05:00,86,05:15,1,1,,,0.0,false,14.8,245.5897466371055,false
1,85,05:00,87,05:30,2,1,,,0.0,false,14.8,246.0307719733949,false
1,85,05:00,88,05:45,3,1,,,0.0,false,14.8,246.47179730968432,false
1,85,05:00,89,06:00,4,1,,,0.0,false,14.8,246.91282264597402,false
1,85,05:00,90,06:15,5,1,,,0.0,false,14.8,247.35384798226343,false
1,85,05:00,91,06:30,6,1,,,0.0,false,14.8,247.79487331855287,false
1,85,05:00,92,06:45,7,1,,,0.0,false,14.8,248.23589865484232,false
1,85,05:00,93,07:00,8,1,,,0.0,false,14.8,248.67692399113173,false
1,85,05:00,94,07:15,9,1,,,0.0,false,14.8,249.11794932742114,false
1,85,05:00,95,07:30,10,1,,,0.0,false,14.8,249.5589746637106,false
1,85,05:00,96,07:45,11,1,,,0.0,false,14.8,250.0,false
1,86,05:15,86,05:15,0,1,,,0.0,false,14.8,245.58974663710546,false
1,86,05:15,87,05:30,1,1,,,0.0,false,14.8,246.0307719733949,false
1,86,05:15,88,05:45,2,1,,,0.0,false,14.8,246.47179730968432,false
1,86,05:15,89,06:00,3,1,,,0.0,false,14.8,246.91282264597405,false
1,86,05:15,90,06:15,4,1,,,0.0,false,14.8,247.35384798226346,false
1,86,05:15,91,06:30,5,1,,,0.0,false,14.8,247.79487331855287,false
1,86,05:15,92,06:45,6,1,,,0.0,false,14.8,248.23589865484232,false
1,86,05:15,93,07:00,7,1,,,0.0,false,14.8,248.67692399113173,false
1,86,05:15,94,07:15,8,1,,,0.0,false,14.8,249.11794932742114,false
1,86,05:15,95,07:30,9,1,,,0.0,false,14.8,249.5589746637106,false
1,86,05:15,96,07:45,10,1,,,0.0,false,14.8,250.0,false
1,87,05:30,87,05:30,0,1,,,0.0,false,14.8,246.03077197339488,false
1,87,05:30,88,05:45,1,1,,,0.0,false,14.8,246.47179730968432,false
1,87,05:30,89,06:00,2,1,,,0.0,false,14.8,246.91282264597402,false
1,87,05:30,90,06:15,3,1,,,0.0,false,14.8,247.35384798226343,false
1,87,05:30,91,06:30,4,1,,,0.0,false,14.8,247.79487331855287,false
1,87,05:30,92,06:45,5,1,,,0.0,false,14.8,248.23589865484232,false
1,87,05:30,93,07:00,6,1,,,0.0,false,14.8,248.67692399113173,false
1,87,05:30,94,07:15,7,1,,,0.0,false,14.8,249.11794932742114,false
1,87,05:30,95,07:30,8,1,,,0.0,false,14.8,249.5589746637106,false
1,87,05:30,96,07:45,9,1,,,0.0,false,14.8,250.0,false
1,88,05:45,88,05:45,0,1,,,0.0,false,14.8,246.4717973096843,false
1,88,05:45,89,06:00,1,1,,,0.0,false,14.8,246.91282264597405,false
1,88,05:45,90,06:15,2,1,,,0.0,false,14.8,247.35384798226346,false
1,88,05:45,91,06:30,3,1,,,0.0,false,14.8,247.79487331855287,false
1,88,05:45,92,06:45,4,1,,,0.0,false,14.8,248.23589865484232,false
1,88,05:45,93,07:00,5,1,,,0.0,false,14.8,248.67692399113173,false
1,88,05:45,94,07:15,6,1,,,0.0,false,14.8,249.11794932742114,false
1,88,05:45,95,07:30,7,1,,,0.0,false,14.8,249.5589746637106,false
1,88,05:45,96,07:45,8,1,,,0.0,false,14.8,250.0,false
1,89,06:00,89,06:00,0,1,,,0.0,false,14.8,246.91282264597402,false
1,89,06:00,90,06:15,1,1,,,0.0,false,14.8,247.35384798226343,false
1,89,06:00,91,06:30,2,1,,,0.0,false,14.8,247.79487331855287,false
1,89,06:00,92,06:45,3,1,,,0.0,false,14.8,248.23589865484232,false
1,89,06:00,93,07:00,4,1,,,0.0,false,14.8,248.67692399113173,false
1,89,06:00,94,07:15,5,1,,,0.0,false,14.8,249.11794932742114,false
1,89,06:00,95,07:30,6,1,,,0.0,false,14.8,249.5589746637106,false
1,89,06:00,96,07:45,7,1,,,0.0,false,14.8,250.0,false
1,90,06:15,90,06:15,0,1,,,0.0,false,14.8,247.35384798226164,false
1,90,06:15,91,06:30,1,1,,,0.0,false,14.8,247.79487331855137,false
1,90,06:15,92,06:45,2,1,,,0.0,false,14.8,248.2358986548411,false
1,90,06:15,93,07:00,3,1,,,0.0,false,14.8,248.67692399113082,false
1,90,06:15,94,07:15,4,1,,,0.0,false,14.8,249.11794932742055,false
1,90,06:15,95,07:30,5,1,,,0.0,false,14.8,249.55897466371027,false
1,90,06:15,96,07:45,6,1,,,0.0,false,14.8,250.0,false
1,91,06:30,91,06:30,0,1,,,0.0,false,14.8,247.79487331855137,false
1,91,06:30,92,06:45,1,1,,,0.0,false,14.8,248.2358986548411,false
1,91,06:30,93,07:00,2,1,,,0.0,false,14.8,248.67692399113082,false
1,91,06:30,94,07:15,3,1,,,0.0,false,14.8,249.11794932742055,false
1,91,06:30,95,07:30,4,1,,,0.0,false,14.8,249.55897466371027,false
1,91,06:30,96,07:45,5,1,,,0.0,false,14.8,250.0,false
1,92,06:45,92,06:45,0,1,,,0.0,false,14.8,248.23589865484107,false
1,92,06:45,93,07:00,1,1,,,0.0,false,14.8,248.6769239911308,false
1,92,06:45,94,07:15,2,1,,,0.0,false,14.8,249.11794932742052,false
1,92,06:45,95,07:30,3,1,,,0.0,false,14.8,249.55897466371027,false
1,92,06:45,96,07:45,4,1,,,0.0,false,14.8,250.0,false
1,93,07:00,93,07:00,0,1,,,0.0,false,14.8,248.6769239911308,false
1,93,07:00,94,07:15,1,1,,,0.0,false,14.8,249.11794932742052,false
1,93,07:00,95,07:30,2,1,,,0.0,false,14.8,249.55897466371027,false
1,93,07:00,96,07:45,3,1,,,0.0,false,14.8,250.0,false
1,94,07:15,94,07:15,0,1,,,0.0,false,14.8,249.11794932742052,false
1,94,07:15,95,07:30,1,1,,,0.0,false,14.8,249.55897466371027,false
1,94,07:15,96,07:45,2,1,,,0.0,false,14.8,250.0,false
1,95,07:30,95,07:30,0,1,,,0.0,false,14.8,249.55897466371027,false
1,95,07:30,96,07:45,1,1,,,0.0,false,14.8,250.0,false
1,96,07:45,96,07:45,0,1,,,0.0,false,14.8,250.0,false
