day,resolve_step,resolve_clock,offset_step,offset_clock,steps_ahead,cev,scenario_id,activity_planned,planned_power_kW,planned_charging,soe_cev_planned_kWh,soe_mcs_planned_kWh,changed_from_prior_resolve
1,1,08:00,1,08:00,0,1,,Digging,4.7925,false,13.601875,250.0,
1,1,08:00,2,08:15,1,1,,Digging,4.7925,false,12.403749999999977,250.0,
1,1,08:00,3,08:30,2,1,,Charging,-2.6645352591003757e-15,true,14.303749999999978,247.89473684210526,
1,1,08:00,4,08:45,3,1,,Digging,4.7925,false,13.105624999999979,247.8947368421053,
1,1,08:00,5,09:00,4,1,,Digging,4.7925,false,11.907499999999978,247.8947368421053,
1,1,08:00,6,09:15,5,1,,Charging,0.0,true,13.807499999999978,245.78947368421055,
1,1,08:00,7,09:30,6,1,,Charging,0.0,true,14.8,244.68975069252076,
1,1,08:00,8,09:45,7,1,,Traveling,4.7101,false,13.622475000000001,244.68975069252076,
1,1,08:00,9,10:00,8,1,,Loading/Swinging,3.1586,false,12.832825000000001,244.68975069252076,
1,1,08:00,10,10:15,9,1,,Digging,4.792499999999997,false,11.634700000000002,244.68975069252076,
1,1,08:00,11,10:30,10,1,,Digging,4.7925000000000075,false,10.436575000000001,244.68975069252076,
1,1,08:00,12,10:45,11,1,,Charging,5.329070518200751e-15,true,12.336575,242.58448753462602,
1,1,08:00,13,11:00,12,1,,Digging,4.7925,false,11.138449999999999,242.58448753462602,
1,1,08:00,14,11:15,13,1,,Traveling,4.7101000000000015,false,9.960924999999998,242.58448753462602,
1,1,08:00,15,11:30,14,1,,Digging,4.7925,false,8.762799999999999,242.58448753462602,
1,1,08:00,16,11:45,15,1,,Digging,4.7925,false,7.5646749999999985,242.58448753462602,
1,1,08:00,17,12:00,16,1,,Charging,0.0,true,9.464674999999998,240.47922437673128,
1,1,08:00,18,12:15,17,1,,Charging,0.0,true,11.364674999999998,238.37396121883654,
1,1,08:00,19,12:30,18,1,,,0.0,false,11.364674999999998,238.37396121883654,
1,1,08:00,20,12:45,19,1,,,0.0,false,11.364674999999998,238.83710939398355,
1,1,08:00,21,13:00,20,1,,,0.0,false,11.364674999999998,239.30025756913057,
1,1,08:00,22,13:15,21,1,,,0.0,false,11.364674999999998,239.76340574427758,
1,1,08:00,23,13:30,22,1,,,0.0,false,11.364674999999998,240.2265539194246,
1,1,08:00,24,13:45,23,1,,,0.0,false,11.364674999999998,240.6897020945716,
1,1,08:00,25,14:00,24,1,,Digging,4.7925,false,10.166549999999997,241.1528502697186,
1,1,08:00,26,14:15,25,1,,Digging,4.7925,false,8.968424999999996,241.61599844486562,
1,1,08:00,27,14:30,26,1,,Traveling,4.710099999999922,false,7.790900000000016,242.07914662001264,
1,1,08:00,28,14:45,27,1,,Digging,4.792500000000054,false,6.592775000000002,242.54229479515965,
1,1,08:00,29,15:00,28,1,,Idle,0.0,false,6.592775000000002,243.00544297030666,
1,1,08:00,30,15:15,29,1,,Loading/Swinging,3.1586,false,5.803125000000002,243.46859114545367,
1,1,08:00,31,15:30,30,1,,Loading/Swinging,3.1586,false,5.013475000000002,243.93173932060068,
1,1,08:00,32,15:45,31,1,,Loading/Swinging,3.158599999999968,false,4.223825000000007,244.3948874957477,
1,1,08:00,33,16:00,32,1,,Traveling,4.71010000000001,false,3.0463000000000044,244.3948874957477,
1,1,08:00,34,16:15,33,1,,Charging,0.0,true,4.946299999999997,242.28962433785296,
1,1,08:00,35,16:30,34,1,,Loading/Swinging,3.1585999999999887,false,4.156649999999996,242.28962433785296,
1,1,08:00,36,16:45,35,1,,Loading/Swinging,3.1586,false,3.3669999999999964,242.28962433785296,
1,1,08:00,37,17:00,36,1,,,0.0,false,3.3669999999999964,242.28962433785296,
1,1,08:00,38,17:15,37,1,,,0.0,false,3.3669999999999964,242.28962433785296,
1,1,08:00,39,17:30,38,1,,,0.0,false,3.366999999999991,242.28962433785296,
1,1,08:00,40,17:45,39,1,,,0.0,false,3.366999999999991,242.28962433785296,
1,1,08:00,41,18:00,40,1,,,0.0,false,3.366999999999991,242.28962433785296,
1,1,08:00,42,18:15,41,1,,,0.0,false,3.366999999999991,242.28962433785296,
1,1,08:00,43,18:30,42,1,,,0.0,false,3.3669999999999907,242.28962433785296,
1,1,08:00,44,18:45,43,1,,Charging,0.0,true,5.266999999999991,240.18436117995822,
1,1,08:00,45,19:00,44,1,,Charging,0.0,true,7.166999999999991,238.07909802206348,
1,1,08:00,46,19:15,45,1,,,0.0,false,7.166999999999991,238.07909802206348,
1,1,08:00,47,19:30,46,1,,Charging,0.0,true,9.066999999999991,235.97383486416874,
1,1,08:00,48,19:45,47,1,,Charging,0.0,true,10.966999999999992,233.868571706274,
1,1,08:00,49,20:00,48,1,,Charging,0.0,true,11.00000000000001,233.83200660932107,
1,1,08:00,50,20:15,49,1,,Charging,0.0,true,12.900000000000011,231.72674345142633,
1,1,08:00,51,20:30,50,1,,Charging,0.0,true,14.8,229.6214802935316,
1,1,08:00,52,20:45,51,1,,,0.0,false,14.8,229.6214802935316,
1,1,08:00,53,21:00,52,1,,,0.0,false,14.8,230.0846284686786,
1,1,08:00,54,21:15,53,1,,,0.0,false,14.8,230.5477766438256,
1,1,08:00,55,21:30,54,1,,,0.0,false,14.8,231.01092481897263,
1,1,08:00,56,21:45,55,1,,,0.0,false,14.8,231.47407299411964,
1,1,08:00,57,22:00,56,1,,,0.0,false,14.8,231.93722116926665,
1,1,08:00,58,22:15,57,1,,,0.0,false,14.8,232.40036934441366,
1,1,08:00,59,22:30,58,1,,,0.0,false,14.8,232.86351751956067,
1,1,08:00,60,22:45,59,1,,,0.0,false,14.8,233.32666569470769,
1,1,08:00,61,23:00,60,1,,,0.0,false,14.8,233.7898138698547,
1,1,08:00,62,23:15,61,1,,,0.0,false,14.8,234.2529620450017,
1,1,08:00,63,23:30,62,1,,,0.0,false,14.8,234.71611022014872,
1,1,08:00,64,23:45,63,1,,,0.0,false,14.8,235.17925839529573,
1,1,08:00,65,00:00,64,1,,,0.0,false,14.8,235.64240657044274,
1,1,08:00,66,00:15,65,1,,,0.0,false,14.8,236.10555474558976,
1,1,08:00,67,00:30,66,1,,,0.0,false,14.8,236.56870292073677,
1,1,08:00,68,00:45,67,1,,,0.0,false,14.8,237.03185109588378,
1,1,08:00,69,01:00,68,1,,,0.0,false,14.8,237.4949992710308,
1,1,08:00,70,01:15,69,1,,,0.0,false,14.8,237.9581474461778,
1,1,08:00,71,01:30,70,1,,,0.0,false,14.8,238.42129562132482,
1,1,08:00,72,01:45,71,1,,,0.0,false,14.8,238.88444379647183,
1,1,08:00,73,02:00,72,1,,,0.0,false,14.8,239.34759197161884,
1,1,08:00,74,02:15,73,1,,,0.0,false,14.8,239.81074014676585,
1,1,08:00,75,02:30,74,1,,,0.0,false,14.8,240.27388832191286,
1,1,08:00,76,02:45,75,1,,,0.0,false,14.8,240.73703649705988,
1,1,08:00,77,03:00,76,1,,,0.0,false,14.8,241.2001846722069,
1,1,08:00,78,03:15,77,1,,,0.0,false,14.8,241.6633328473539,
1,1,08:00,79,03:30,78,1,,,0.0,false,14.8,242.1264810225009,
1,1,08:00,80,03:45,79,1,,,0.0,false,14.8,242.58962919764792,
1,1,08:00,81,04:00,80,1,,,0.0,false,14.8,243.05277737279494,
1,1,08:00,82,04:15,81,1,,,0.0,false,14.8,243.51592554794195,
1,1,08:00,83,04:30,82,1,,,0.0,false,14.8,243.97907372308896,
1,1,08:00,84,04:45,83,1,,,0.0,false,14.8,244.44222189823597,
1,1,08:00,85,05:00,84,1,,,0.0,false,14.8,244.90537007338298,
1,1,08:00,86,05:15,85,1,,,0.0,false,14.8,245.36851824853,
1,1,08:00,87,05:30,86,1,,,0.0,false,14.8,245.831666423677,
1,1,08:00,88,05:45,87,1,,,0.0,false,14.8,246.29481459882402,
1,1,08:00,89,06:00,88,1,,,0.0,false,14.8,246.75796277397103,
1,1,08:00,90,06:15,89,1,,,0.0,false,14.8,247.22111094911804,
1,1,08:00,91,06:30,90,1,,,0.0,false,14.8,247.68425912426505,
1,1,08:00,92,06:45,91,1,,,0.0,false,14.8,248.14740729941207,
1,1,08:00,93,07:00,92,1,,,0.0,false,14.8,248.61055547455908,
1,1,08:00,94,07:15,93,1,,,0.0,false,14.8,249.0737036497061,
1,1,08:00,95,07:30,94,1,,,0.0,false,14.8,249.536851824853,
1,1,08:00,96,07:45,95,1,,,0.0,false,14.8,250.0,
1,2,08:15,2,08:15,0,1,,Charging,2.6645352591003757e-15,true,14.8,248.8114404432133,true
1,2,08:15,3,08:30,1,1,,Loading/Swinging,3.1586,false,14.01035,248.8114404432133,true
1,2,08:15,4,08:45,2,1,,Digging,4.7925,false,12.812225000000002,248.8114404432133,false
1,2,08:15,5,09:00,3,1,,Digging,4.7925,false,11.6141,248.8114404432133,false
1,2,08:15,6,09:15,4,1,,Charging,0.0,true,13.5141,246.70617728531855,false
1,2,08:15,7,09:30,5,1,,Traveling,4.7101,false,12.336575,246.70617728531855,true
1,2,08:15,8,09:45,6,1,,Digging,4.7925,false,11.138449999999999,246.70617728531855,true
1,2,08:15,9,10:00,7,1,,Digging,4.792500000000004,false,9.940324999999998,246.70617728531855,true
1,2,08:15,10,10:15,8,1,,Charging,0.0,true,11.840324999999998,244.6009141274238,true
1,2,08:15,11,10:30,9,1,,Digging,4.792500000000004,false,10.642199999999997,244.6009141274238,false
1,2,08:15,12,10:45,10,1,,Digging,4.7925,false,9.444074999999998,244.6009141274238,true
1,2,08:15,13,11:00,11,1,,Traveling,4.7101,false,8.266549999999999,244.6009141274238,true
1,2,08:15,14,11:15,12,1,,Digging,4.7925,false,7.068424999999998,244.6009141274238,true
1,2,08:15,15,11:30,13,1,,Charging,0.0,true,8.968424999999998,242.49565096952907,true
1,2,08:15,16,11:45,14,1,,Digging,4.7925,false,7.770299999999998,242.49565096952907,false
1,2,08:15,17,12:00,15,1,,Charging,0.0,true,9.670299999999997,240.39038781163433,false
1,2,08:15,18,12:15,16,1,,Charging,0.0,true,11.570299999999998,238.2851246537396,false
1,2,08:15,19,12:30,17,1,,,0.0,false,11.570299999999998,238.2851246537396,false
1,2,08:15,20,12:45,18,1,,,0.0,false,11.570299999999998,238.74583418379746,false
1,2,08:15,21,13:00,19,1,,,0.0,false,11.570299999999998,239.2065437138553,false
1,2,08:15,22,13:15,20,1,,,0.0,false,11.570299999999998,239.6672532439131,false
1,2,08:15,23,13:30,21,1,,,0.0,false,11.570299999999998,240.12796277397095,false
1,2,08:15,24,13:45,22,1,,,0.0,false,11.570299999999998,240.5886723040288,false
1,2,08:15,25,14:00,23,1,,Digging,4.7925,false,10.372174999999999,241.04938183408663,false
1,2,08:15,26,14:15,24,1,,Digging,4.7925,false,9.174049999999998,241.51009136414447,false
1,2,08:15,27,14:30,25,1,,Traveling,4.710100000000001,false,7.996524999999997,241.9708008942023,false
1,2,08:15,28,14:45,26,1,,Digging,4.7925,false,6.798399999999998,242.43151042426015,false
1,2,08:15,29,15:00,27,1,,Idle,0.0,false,6.798399999999998,242.892219954318,false
1,2,08:15,30,15:15,28,1,,Loading/Swinging,3.1586,false,6.008749999999998,243.35292948437584,false
1,2,08:15,31,15:30,29,1,,Loading/Swinging,3.1586,false,5.219099999999998,243.81363901443368,false
1,2,08:15,32,15:45,30,1,,Loading/Swinging,3.1586,false,4.429449999999998,244.27434854449152,false
1,2,08:15,33,16:00,31,1,,Traveling,4.7101,false,3.2519249999999986,244.27434854449152,false
1,2,08:15,34,16:15,32,1,,Charging,0.0,true,5.1519249999999985,242.16908538659678,false
1,2,08:15,35,16:30,33,1,,Loading/Swinging,3.1586,false,4.362274999999999,242.16908538659678,false
1,2,08:15,36,16:45,34,1,,Loading/Swinging,3.158599999999998,false,3.572624999999999,242.16908538659678,false
1,2,08:15,37,17:00,35,1,,,0.0,false,3.572624999999999,242.16908538659678,false
1,2,08:15,38,17:15,36,1,,Charging,0.0,true,5.472624999999999,240.06382222870204,true
1,2,08:15,39,17:30,37,1,,,0.0,false,5.472624999999999,240.06382222870204,false
1,2,08:15,40,17:45,38,1,,,0.0,false,5.472624999999999,240.06382222870204,false
1,2,08:15,41,18:00,39,1,,,0.0,false,5.472624999999999,240.06382222870204,false
1,2,08:15,42,18:15,40,1,,Charging,0.0,true,7.372625000000001,237.9585590708073,true
1,2,08:15,43,18:30,41,1,,Charging,0.0,true,9.272625000000001,235.85329591291256,true
1,2,08:15,44,18:45,42,1,,Charging,0.0,true,11.172625,233.74803275501782,false
1,2,08:15,45,19:00,43,1,,Charging,0.0,true,12.9,231.83404383535023,false
1,2,08:15,46,19:15,44,1,,Charging,0.0,true,14.8,229.7287806774555,true
1,2,08:15,47,19:30,45,1,,,0.0,false,14.8,229.7287806774555,true
1,2,08:15,48,19:45,46,1,,,0.0,false,14.8,229.7287806774555,true
1,2,08:15,49,20:00,47,1,,,0.0,false,14.8,229.7287806774555,true
1,2,08:15,50,20:15,48,1,,,0.0,false,14.8,229.7287806774555,true
1,2,08:15,51,20:30,49,1,,,0.0,false,14.8,229.7287806774555,true
1,2,08:15,52,20:45,50,1,,,0.0,false,14.8,229.7287806774555,false
1,2,08:15,53,21:00,51,1,,,0.0,false,14.8,230.18949020751333,false
1,2,08:15,54,21:15,52,1,,,0.0,false,14.8,230.65019973757117,false
1,2,08:15,55,21:30,53,1,,,0.0,false,14.8,231.110909267629,false
1,2,08:15,56,21:45,54,1,,,0.0,false,14.8,231.57161879768685,false
1,2,08:15,57,22:00,55,1,,,0.0,false,14.8,232.0323283277447,false
1,2,08:15,58,22:15,56,1,,,0.0,false,14.8,232.49303785780253,false
1,2,08:15,59,22:30,57,1,,,0.0,false,14.8,232.95374738786037,false
1,2,08:15,60,22:45,58,1,,,0.0,false,14.8,233.41445691791822,false
1,2,08:15,61,23:00,59,1,,,0.0,false,14.8,233.87516644797606,false
1,2,08:15,62,23:15,60,1,,,0.0,false,14.8,234.3358759780339,false
1,2,08:15,63,23:30,61,1,,,0.0,false,14.8,234.79658550809174,false
1,2,08:15,64,23:45,62,1,,,0.0,false,14.8,235.25729503814958,false
1,2,08:15,65,00:00,63,1,,,0.0,false,14.8,235.71800456820742,false
1,2,08:15,66,00:15,64,1,,,0.0,false,14.8,236.17871409826526,false
1,2,08:15,67,00:30,65,1,,,0.0,false,14.8,236.6394236283231,false
1,2,08:15,68,00:45,66,1,,,0.0,false,14.8,237.10013315838094,false
1,2,08:15,69,01:00,67,1,,,0.0,false,14.8,237.56084268843878,false
1,2,08:15,70,01:15,68,1,,,0.0,false,14.8,238.02155221849662,false
1,2,08:15,71,01:30,69,1,,,0.0,false,14.8,238.48226174855446,false
1,2,08:15,72,01:45,70,1,,,0.0,false,14.8,238.9429712786123,false
1,2,08:15,73,02:00,71,1,,,0.0,false,14.8,239.40368080867015,false
1,2,08:15,74,02:15,72,1,,,0.0,false,14.8,239.864390338728,false
1,2,08:15,75,02:30,73,1,,,0.0,false,14.8,240.32509986878583,false
1,2,08:15,76,02:45,74,1,,,0.0,false,14.8,240.78580939884367,false
1,2,08:15,77,03:00,75,1,,,0.0,false,14.8,241.2465189289015,false
1,2,08:15,78,03:15,76,1,,,0.0,false,14.8,241.70722845895935,false
1,2,08:15,79,03:30,77,1,,,0.0,false,14.8,242.1679379890172,false
1,2,08:15,80,03:45,78,1,,,0.0,false,14.8,242.62864751907503,false
1,2,08:15,81,04:00,79,1,,,0.0,false,14.8,243.08935704913287,false
1,2,08:15,82,04:15,80,1,,,0.0,false,14.8,243.5500665791907,false
1,2,08:15,83,04:30,81,1,,,0.0,false,14.8,244.01077610924855,false
1,2,08:15,84,04:45,82,1,,,0.0,false,14.8,244.4714856393064,false
1,2,08:15,85,05:00,83,1,,,0.0,false,14.8,244.93219516936423,false
1,2,08:15,86,05:15,84,1,,,0.0,false,14.8,245.39290469942208,false
1,2,08:15,87,05:30,85,1,,,0.0,false,14.8,245.85361422947992,false
1,2,08:15,88,05:45,86,1,,,0.0,false,14.8,246.31432375953776,false
1,2,08:15,89,06:00,87,1,,,0.0,false,14.8,246.7750332895956,false
1,2,08:15,90,06:15,88,1,,,0.0,false,14.8,247.23574281965344,false
1,2,08:15,91,06:30,89,1,,,0.0,false,14.8,247.69645234971128,false
1,2,08:15,92,06:45,90,1,,,0.0,false,14.8,248.15716187976912,false
1,2,08:15,93,07:00,91,1,,,0.0,false,14.8,248.61787140982696,false
1,2,08:15,94,07:15,92,1,,,0.0,false,14.8,249.07858093988432,false
1,2,08:15,95,07:30,93,1,,,0.0,false,14.8,249.53929046994216,false
1,2,08:15,96,07:45,94,1,,,0.0,false,14.8,250.0,false
1,3,08:30,3,08:30,0,1,,Digging,4.7924999999999764,false,13.53635657894737,248.8114404432133,true
1,3,08:30,4,08:45,1,1,,Digging,4.7925,false,12.338231578947369,248.8114404432133,false
1,3,08:30,5,09:00,2,1,,Charging,1.0801110006397608e-13,true,14.098124999999932,246.86142003207468,true
1,3,08:30,6,09:15,3,1,,Digging,4.7925,false,12.899999999999931,246.86142003207468,true
1,3,08:30,7,09:30,4,1,,Charging,0.0,true,14.799999999999931,244.75615687417994,true
1,3,08:30,8,09:45,5,1,,Traveling,4.710100000000004,false,13.62247499999993,244.75615687417994,true
1,3,08:30,9,10:00,6,1,,Digging,4.7925,false,12.42434999999993,244.75615687417994,false
1,3,08:30,10,10:15,7,1,,Digging,4.7925,false,11.226224999999928,244.75615687417994,true
1,3,08:30,11,10:30,8,1,,Digging,4.7925,false,10.028099999999927,244.75615687417994,false
1,3,08:30,12,10:45,9,1,,Charging,0.0,true,11.928099999999876,242.65089371628525,true
1,3,08:30,13,11:00,10,1,,Digging,4.7925,false,10.729974999999875,242.65089371628525,true
1,3,08:30,14,11:15,11,1,,Traveling,4.7101,false,9.552449999999876,242.65089371628525,true
1,3,08:30,15,11:30,12,1,,Digging,4.7925,false,8.354324999999875,242.65089371628525,true
1,3,08:30,16,11:45,13,1,,Digging,4.792500000000004,false,7.156199999999874,242.65089371628525,false
1,3,08:30,17,12:00,14,1,,Charging,0.0,true,8.649199999999915,240.99660008747634,false
1,3,08:30,18,12:15,15,1,,Charging,0.0,true,10.549199999999916,238.8913369295816,false
1,3,08:30,19,12:30,16,1,,,0.0,false,10.549199999999916,238.8913369295816,false
1,3,08:30,20,12:45,17,1,,,0.0,false,10.549199999999916,239.35332008399774,false
1,3,08:30,21,13:00,18,1,,,0.0,false,10.549199999999916,239.8153032384139,false
1,3,08:30,22,13:15,19,1,,,0.0,false,10.549199999999916,240.27728639283004,false
1,3,08:30,23,13:30,20,1,,,0.0,false,10.549199999999916,240.73926954724618,false
1,3,08:30,24,13:45,21,1,,,0.0,false,10.549199999999916,241.20125270166233,false
1,3,08:30,25,14:00,22,1,,Loading/Swinging,3.158599999999931,false,9.759549999999933,241.66323585607847,true
1,3,08:30,26,14:15,23,1,,Loading/Swinging,3.1586,false,8.969899999999933,242.12521901049462,true
1,3,08:30,27,14:30,24,1,,Traveling,4.710100000000001,false,7.792374999999933,242.58720216491076,false
1,3,08:30,28,14:45,25,1,,Digging,4.792499999999803,false,6.594249999999983,243.0491853193269,false
1,3,08:30,29,15:00,26,1,,Idle,0.0,false,6.594249999999983,243.51116847374306,false
1,3,08:30,30,15:15,27,1,,Loading/Swinging,3.1586000000000025,false,5.804599999999982,243.9731516281592,false
1,3,08:30,31,15:30,28,1,,Loading/Swinging,3.1586,false,5.014949999999982,244.43513478257535,false
1,3,08:30,32,15:45,29,1,,Loading/Swinging,3.1585999999999546,false,4.225299999999994,244.8971179369915,false
1,3,08:30,33,16:00,30,1,,Traveling,4.710100000000083,false,3.047774999999973,244.8971179369915,false
1,3,08:30,34,16:15,31,1,,Charging,0.0,true,4.947774999999973,242.79185477909675,false
1,3,08:30,35,16:30,32,1,,Digging,4.7925,false,3.7496499999999733,242.79185477909675,true
1,3,08:30,36,16:45,33,1,,Loading/Swinging,3.1585999999998937,false,2.9599999999999995,242.79185477909675,false
1,3,08:30,37,17:00,34,1,,,0.0,false,2.9599999999999995,242.79185477909675,false
1,3,08:30,38,17:15,35,1,,Charging,0.0,true,4.86,240.686591621202,false
1,3,08:30,39,17:30,36,1,,Charging,0.0,true,6.76,238.58132846330727,true
1,3,08:30,40,17:45,37,1,,Charging,0.0,true,8.66,236.47606530541253,true
1,3,08:30,41,18:00,38,1,,Charging,0.0,true,10.56,234.3708021475178,true
1,3,08:30,42,18:15,39,1,,Charging,0.0,true,12.46,232.26553898962305,false
1,3,08:30,43,18:30,40,1,,Charging,0.0,true,14.360000000000001,230.1602758317283,false
1,3,08:30,44,18:45,41,1,,Charging,0.0,true,14.8,229.67274120568953,false
1,3,08:30,45,19:00,42,1,,,0.0,false,14.8,229.67274120568953,true
1,3,08:30,46,19:15,43,1,,,0.0,false,14.8,229.67274120568953,true
1,3,08:30,47,19:30,44,1,,,0.0,false,14.8,229.67274120568953,false
1,3,08:30,48,19:45,45,1,,,0.0,false,14.8,229.67274120568953,false
1,3,08:30,49,20:00,46,1,,,0.0,false,14.8,229.67274120568953,false
1,3,08:30,50,20:15,47,1,,,0.0,false,14.8,229.67274120568953,false
1,3,08:30,51,20:30,48,1,,,0.0,false,14.8,229.67274120568953,false
1,3,08:30,52,20:45,49,1,,,0.0,false,14.8,229.67274120568953,false
1,3,08:30,53,21:00,50,1,,,0.0,false,14.8,230.1347243601057,false
1,3,08:30,54,21:15,51,1,,,0.0,false,14.8,230.59670751452185,false
1,3,08:30,55,21:30,52,1,,,0.0,false,14.8,231.058690668938,false
1,3,08:30,56,21:45,53,1,,,0.0,false,14.8,231.52067382335414,false
1,3,08:30,57,22:00,54,1,,,0.0,false,14.8,231.9826569777703,false
1,3,08:30,58,22:15,55,1,,,0.0,false,14.8,232.44464013218644,false
1,3,08:30,59,22:30,56,1,,,0.0,false,14.8,232.90662328660258,false
1,3,08:30,60,22:45,57,1,,,0.0,false,14.8,233.36860644101873,false
1,3,08:30,61,23:00,58,1,,,0.0,false,14.8,233.83058959543487,false
1,3,08:30,62,23:15,59,1,,,0.0,false,14.8,234.29257274985102,false
1,3,08:30,63,23:30,60,1,,,0.0,false,14.8,234.75455590426716,false
1,3,08:30,64,23:45,61,1,,,0.0,false,14.8,235.2165390586833,false
1,3,08:30,65,00:00,62,1,,,0.0,false,14.8,235.67852221309946,false
1,3,08:30,66,00:15,63,1,,,0.0,false,14.8,236.1405053675156,false
1,3,08:30,67,00:30,64,1,,,0.0,false,14.8,236.60248852193175,false
1,3,08:30,68,00:45,65,1,,,0.0,false,14.8,237.0644716763479,false
1,3,08:30,69,01:00,66,1,,,0.0,false,14.8,237.52645483076404,false
1,3,08:30,70,01:15,67,1,,,0.0,false,14.8,237.98843798518018,false
1,3,08:30,71,01:30,68,1,,,0.0,false,14.8,238.45042113959633,false
1,3,08:30,72,01:45,69,1,,,0.0,false,14.8,238.91240429401248,false
1,3,08:30,73,02:00,70,1,,,0.0,false,14.8,239.37438744842862,false
1,3,08:30,74,02:15,71,1,,,0.0,false,14.8,239.83637060284477,false
1,3,08:30,75,02:30,72,1,,,0.0,false,14.8,240.2983537572609,false
1,3,08:30,76,02:45,73,1,,,0.0,false,14.8,240.76033691167706,false
1,3,08:30,77,03:00,74,1,,,0.0,false,14.8,241.2223200660932,false
1,3,08:30,78,03:15,75,1,,,0.0,false,14.8,241.68430322050935,false
1,3,08:30,79,03:30,76,1,,,0.0,false,14.8,242.1462863749255,false
1,3,08:30,80,03:45,77,1,,,0.0,false,14.8,242.60826952934164,false
1,3,08:30,81,04:00,78,1,,,0.0,false,14.8,243.0702526837578,false
1,3,08:30,82,04:15,79,1,,,0.0,false,14.8,243.53223583817393,false
1,3,08:30,83,04:30,80,1,,,0.0,false,14.8,243.99421899259008,false
1,3,08:30,84,04:45,81,1,,,0.0,false,14.8,244.45620214700622,false
1,3,08:30,85,05:00,82,1,,,0.0,false,14.8,244.91818530142237,false
1,3,08:30,86,05:15,83,1,,,0.0,false,14.8,245.38016845583851,false
1,3,08:30,87,05:30,84,1,,,0.0,false,14.8,245.84215161025466,false
1,3,08:30,88,05:45,85,1,,,0.0,false,14.8,246.3041347646708,false
1,3,08:30,89,06:00,86,1,,,0.0,false,14.8,246.76611791908695,false
1,3,08:30,90,06:15,87,1,,,0.0,false,14.8,247.2281010735031,false
1,3,08:30,91,06:30,88,1,,,0.0,false,14.8,247.69008422791924,false
1,3,08:30,92,06:45,89,1,,,0.0,false,14.8,248.1520673823354,false
1,3,08:30,93,07:00,90,1,,,0.0,false,14.8,248.61405053675153,false
1,3,08:30,94,07:15,91,1,,,0.0,false,14.8,249.07603369116768,false
1,3,08:30,95,07:30,92,1,,,0.0,false,14.8,249.53801684558383,false
1,3,08:30,96,07:45,93,1,,,0.0,false,14.8,250.0,false
1,4,08:45,4,08:45,0,1,,Digging,4.792499999999997,false,12.39563157894737,248.8114404432133,false
1,4,08:45,5,09:00,1,1,,Digging,4.7925,false,11.197506578947369,248.8114404432133,true
1,4,08:45,6,09:15,2,1,,Traveling,4.7101,false,10.01998157894737,248.8114404432133,true
1,4,08:45,7,09:30,3,1,,Charging,0.0,true,11.91998157894737,246.70617728531855,false
1,4,08:45,8,09:45,4,1,,Digging,4.792500000000011,false,10.721856578947367,246.70617728531855,true
1,4,08:45,9,10:00,5,1,,Charging,1.6893361709514013e-13,true,12.621856578947634,244.60091412742347,true
1,4,08:45,10,10:15,6,1,,Digging,4.7925,false,11.423731578947628,244.60091412742347,false
1,4,08:45,11,10:30,7,1,,Digging,4.792499999999785,false,10.225606578947682,244.60091412742347,false
1,4,08:45,12,10:45,8,1,,Digging,4.792500000000608,false,9.027481578947627,244.60091412742335,true
1,4,08:45,13,11:00,9,1,,Traveling,4.7101,false,7.849956578947627,244.60091412742335,true
1,4,08:45,14,11:15,10,1,,Charging,0.0,true,9.749956578947652,242.49565096952858,true
1,4,08:45,15,11:30,11,1,,Digging,4.7925,false,8.551831578947652,242.49565096952858,false
1,4,08:45,16,11:45,12,1,,Digging,4.792499999999372,false,7.3537065789478095,242.49565096952858,false
1,4,08:45,17,12:00,13,1,,Charging,0.0,true,9.253706578947812,240.39038781163384,false
1,4,08:45,18,12:15,14,1,,Charging,0.0,true,11.1537065789478,238.28512465373913,false
1,4,08:45,19,12:30,15,1,,,0.0,false,11.1537065789478,238.28512465373913,false
1,4,08:45,20,12:45,16,1,,,0.0,false,11.1537065789478,238.74599199924242,false
1,4,08:45,21,13:00,17,1,,,0.0,false,11.153706578947794,239.2068593447457,false
1,4,08:45,22,13:15,18,1,,,0.0,false,11.153706578947794,239.667726690249,false
1,4,08:45,23,13:30,19,1,,,0.0,false,11.153706578947794,240.1285940357523,false
1,4,08:45,24,13:45,20,1,,,0.0,false,11.153706578947794,240.58946138125557,false
1,4,08:45,25,14:00,21,1,,Digging,4.792499999999986,false,9.955581578947797,241.05032872675886,true
1,4,08:45,26,14:15,22,1,,Digging,4.792500000000132,false,8.757456578947764,241.51119607226215,true
1,4,08:45,27,14:30,23,1,,Traveling,4.710100000000161,false,7.579931578947724,241.97206341776544,false
1,4,08:45,28,14:45,24,1,,Loading/Swinging,3.1586000000000145,false,6.79028157894772,242.43293076326873,true
1,4,08:45,29,15:00,25,1,,Idle,-6.732960855515567e-14,false,6.790281578947737,242.89379810877202,false
1,4,08:45,30,15:15,26,1,,Loading/Swinging,3.1586000000000736,false,6.0006315789477185,243.35466545427525,false
1,4,08:45,31,15:30,27,1,,Loading/Swinging,3.158600000000266,false,5.210981578947652,243.81553279977854,false
1,4,08:45,32,15:45,28,1,,Loading/Swinging,3.158599999999716,false,4.421331578947723,244.27640014528183,false
1,4,08:45,33,16:00,29,1,,Traveling,4.710100000000022,false,3.2438065789477175,244.27640014528183,false
1,4,08:45,34,16:15,30,1,,Charging,-7.36417593572014e-14,true,5.143806578947736,242.1711369873871,false
1,4,08:45,35,16:30,31,1,,Loading/Swinging,3.1586000000001464,false,4.354156578947699,242.1711369873871,true
1,4,08:45,36,16:45,32,1,,Loading/Swinging,3.1586,false,3.5645065789476993,242.1711369873871,false
1,4,08:45,37,17:00,33,1,,Charging,0.0,true,5.464506578947699,240.06587382949235,true
1,4,08:45,38,17:15,34,1,,Charging,0.0,true,7.364506578947645,237.96061067159766,false
1,4,08:45,39,17:30,35,1,,,0.0,false,7.364506578947645,237.96061067159766,true
1,4,08:45,40,17:45,36,1,,Charging,0.0,true,9.264506578947646,235.85534751370292,false
1,4,08:45,41,18:00,37,1,,Charging,0.0,true,10.999999999999957,233.93236311364495,false
1,4,08:45,42,18:15,38,1,,Charging,0.0,true,12.899999999999963,231.8270999557502,false
1,4,08:45,43,18:30,39,1,,Charging,0.0,true,14.79999999999998,229.72183679785545,false
1,4,08:45,44,18:45,40,1,,,0.0,false,14.79999999999998,229.72183679785545,true
1,4,08:45,45,19:00,41,1,,,0.0,false,14.79999999999998,229.72183679785545,false
1,4,08:45,46,19:15,42,1,,,0.0,false,14.799999999999983,229.72183679785545,false
1,4,08:45,47,19:30,43,1,,,0.0,false,14.799999999999986,229.72183679785545,false
1,4,08:45,48,19:45,44,1,,,0.0,false,14.799999999999986,229.72183679785545,false
1,4,08:45,49,20:00,45,1,,,0.0,false,14.799999999999986,229.72183679785545,false
1,4,08:45,50,20:15,46,1,,,0.0,false,14.799999999999986,229.72183679785545,false
1,4,08:45,51,20:30,47,1,,,0.0,false,14.799999999999997,229.72183679785545,false
1,4,08:45,52,20:45,48,1,,,0.0,false,14.799999999999997,229.72183679785545,false
1,4,08:45,53,21:00,49,1,,,0.0,false,14.799999999999997,230.18270414335873,false
1,4,08:45,54,21:15,50,1,,,0.0,false,14.8,230.64357148886202,false
1,4,08:45,55,21:30,51,1,,,0.0,false,14.8,231.10443883436525,false
1,4,08:45,56,21:45,52,1,,,0.0,false,14.8,231.56530617986854,false
1,4,08:45,57,22:00,53,1,,,0.0,false,14.8,232.02617352537183,false
1,4,08:45,58,22:15,54,1,,,0.0,false,14.8,232.48704087087512,false
1,4,08:45,59,22:30,55,1,,,0.0,false,14.8,232.9479082163784,false
1,4,08:45,60,22:45,56,1,,,0.0,false,14.8,233.4087755618817,false
1,4,08:45,61,23:00,57,1,,,0.0,false,14.8,233.86964290738499,false
1,4,08:45,62,23:15,58,1,,,0.0,false,14.8,234.33051025288827,false
1,4,08:45,63,23:30,59,1,,,0.0,false,14.8,234.79137759839156,false
1,4,08:45,64,23:45,60,1,,,0.0,false,14.8,235.2522449438949,false
1,4,08:45,65,00:00,61,1,,,0.0,false,14.8,235.7131122893982,false
1,4,08:45,66,00:15,62,1,,,0.0,false,14.8,236.17397963490149,false
1,4,08:45,67,00:30,63,1,,,0.0,false,14.8,236.63484698040477,false
1,4,08:45,68,00:45,64,1,,,0.0,false,14.8,237.09571432590806,false
1,4,08:45,69,01:00,65,1,,,0.0,false,14.8,237.55658167141135,false
1,4,08:45,70,01:15,66,1,,,0.0,false,14.8,238.0174490169147,false
1,4,08:45,71,01:30,67,1,,,0.0,false,14.8,238.47831636241793,false
1,4,08:45,72,01:45,68,1,,,0.0,false,14.8,238.93918370792122,false
1,4,08:45,73,02:00,69,1,,,0.0,false,14.8,239.4000510534245,false
1,4,08:45,74,02:15,70,1,,,0.0,false,14.8,239.8609183989278,false
1,4,08:45,75,02:30,71,1,,,0.0,false,14.8,240.32178574443108,false
1,4,08:45,76,02:45,72,1,,,0.0,false,14.8,240.78265308993437,false
1,4,08:45,77,03:00,73,1,,,0.0,false,14.8,241.24352043543766,false
1,4,08:45,78,03:15,74,1,,,0.0,false,14.8,241.70438778094095,false
1,4,08:45,79,03:30,75,1,,,0.0,false,14.8,242.16525512644424,false
1,4,08:45,80,03:45,76,1,,,0.0,false,14.8,242.62612247194753,false
1,4,08:45,81,04:00,77,1,,,0.0,false,14.8,243.0869898174508,false
1,4,08:45,82,04:15,78,1,,,0.0,false,14.8,243.5478571629541,false
1,4,08:45,83,04:30,79,1,,,0.0,false,14.8,244.0087245084574,false
1,4,08:45,84,04:45,80,1,,,0.0,false,14.8,244.46959185396068,false
1,4,08:45,85,05:00,81,1,,,0.0,false,14.8,244.93045919946397,false
1,4,08:45,86,05:15,82,1,,,0.0,false,14.8,245.39132654496726,false
1,4,08:45,87,05:30,83,1,,,0.0,false,14.8,245.85219389047055,false
1,4,08:45,88,05:45,84,1,,,0.0,false,14.8,246.31306123597383,false
1,4,08:45,89,06:00,85,1,,,0.0,false,14.8,246.77392858147712,false
1,4,08:45,90,06:15,86,1,,,0.0,false,14.8,247.2347959269804,false
1,4,08:45,91,06:30,87,1,,,0.0,false,14.8,247.6956632724837,false
1,4,08:45,92,06:45,88,1,,,0.0,false,14.8,248.156530617987,false
1,4,08:45,93,07:00,89,1,,,0.0,false,14.8,248.61739796349028,false
1,4,08:45,94,07:15,90,1,,,0.0,false,14.8,249.07826530899356,false
1,4,08:45,95,07:30,91,1,,,0.0,false,14.8,249.5391326544967,false
1,4,08:45,96,07:45,92,1,,,0.0,false,14.8,250.0,false
1,5,09:00,5,09:00,0,1,,Charging,0.0,true,14.302431578947216,246.70617728531872,true
1,5,09:00,6,09:15,1,1,,Digging,4.792500000000722,false,13.104306578947035,246.70617728531872,true
1,5,09:00,7,09:30,2,1,,Traveling,4.7101000000000255,false,11.926781578947029,246.70617728531872,true
1,5,09:00,8,09:45,3,1,,Charging,9.947598300641403e-14,true,13.826781578947045,244.60091412742395,true
1,5,09:00,9,10:00,4,1,,Digging,4.792500000000004,false,12.628656578947044,244.60091412742395,true
1,5,09:00,10,10:15,5,1,,Digging,4.792500000000004,false,11.430531578947043,244.60091412742395,false
1,5,09:00,11,10:30,6,1,,Digging,4.792499999999862,false,10.232406578947078,244.60091412742398,false
1,5,09:00,12,10:45,7,1,,Charging,-2.6645352591003757e-15,true,12.132406578946991,242.49565096952935,true
1,5,09:00,13,11:00,8,1,,Digging,4.792500000000246,false,10.93428157894693,242.49565096952935,true
1,5,09:00,14,11:15,9,1,,Traveling,4.710100000000011,false,9.756756578946927,242.49565096952935,true
1,5,09:00,15,11:30,10,1,,Digging,4.792500000000132,false,8.558631578946894,242.49565096952935,false
1,5,09:00,16,11:45,11,1,,Digging,4.7925,false,7.360506578946894,242.49565096952935,false
1,5,09:00,17,12:00,12,1,,Charging,0.0,true,9.260506578946902,240.3903878116346,false
1,5,09:00,18,12:15,13,1,,Charging,0.0,true,11.160506578946903,238.28512465373987,false
1,5,09:00,19,12:30,14,1,,,0.0,false,11.160506578946903,238.28512465373987,false
1,5,09:00,20,12:45,15,1,,,0.0,false,11.160506578946903,238.74585981282135,false
1,5,09:00,21,13:00,16,1,,,0.0,false,11.160506578946903,239.20659497190283,false
1,5,09:00,22,13:15,17,1,,,0.0,false,11.160506578946903,239.6673301309843,false
1,5,09:00,23,13:30,18,1,,,0.0,false,11.160506578946903,240.1280652900658,false
1,5,09:00,24,13:45,19,1,,,0.0,false,11.160506578946894,240.58880044914727,false
1,5,09:00,25,14:00,20,1,,Digging,4.792500000000345,false,9.962381578946808,241.04953560822898,false
1,5,09:00,26,14:15,21,1,,Digging,4.7924999999998406,false,8.764256578946847,241.51027076731046,false
1,5,09:00,27,14:30,22,1,,Traveling,4.710100000000008,false,7.5867315789468455,241.97100592639194,false
1,5,09:00,28,14:45,23,1,,Loading/Swinging,3.1586,false,6.7970815789468455,242.43174108547342,false
1,5,09:00,29,15:00,24,1,,Idle,-3.197442310920451e-13,false,6.797081578946925,242.8924762445549,false
1,5,09:00,30,15:15,25,1,,Loading/Swinging,3.158599999998316,false,6.0074315789473465,243.35321140363638,false
1,5,09:00,31,15:30,26,1,,Loading/Swinging,3.158600000000206,false,5.217781578947295,243.81394656271786,false
1,5,09:00,32,15:45,27,1,,Loading/Swinging,3.158600000002405,false,4.428131578946694,244.27468172179934,false
1,5,09:00,33,16:00,28,1,,Traveling,4.710100000000022,false,3.2506065789466883,244.27468172179934,false
1,5,09:00,34,16:15,29,1,,Charging,4.835243316847482e-12,true,4.979299999998357,242.35923194777953,false
1,5,09:00,35,16:30,30,1,,Loading/Swinging,3.1585999999918783,false,4.189650000000388,242.35923194777953,false
1,5,09:00,36,16:45,31,1,,Loading/Swinging,3.1586000000020427,false,3.399999999999877,242.35923194777953,false
1,5,09:00,37,17:00,32,1,,Charging,0.0,true,5.299999999999839,240.25396878988485,false
1,5,09:00,38,17:15,33,1,,Charging,0.0,true,7.199999999999987,238.14870563198994,false
1,5,09:00,39,17:30,34,1,,Charging,0.0,true,9.099999999999998,236.0434424740952,true
1,5,09:00,40,17:45,35,1,,Charging,0.0,true,11.000000000000007,233.93817931620046,false
1,5,09:00,41,18:00,36,1,,Charging,0.0,true,12.900000000000006,231.83291615830572,false
1,5,09:00,42,18:15,37,1,,Charging,0.0,true,14.800000000000006,229.72765300041098,false
1,5,09:00,43,18:30,38,1,,,0.0,false,14.800000000000006,229.72765300041098,true
1,5,09:00,44,18:45,39,1,,,0.0,false,14.800000000000006,229.72765300041098,false
1,5,09:00,45,19:00,40,1,,,0.0,false,14.800000000000008,229.72765300041098,false
1,5,09:00,46,19:15,41,1,,,0.0,false,14.800000000000008,229.72765300041098,false
1,5,09:00,47,19:30,42,1,,,0.0,false,14.800000000000008,229.72765300041098,false
1,5,09:00,48,19:45,43,1,,,0.0,false,14.8,229.72765300041098,false
1,5,09:00,49,20:00,44,1,,,0.0,false,14.8,229.72765300041098,false
1,5,09:00,50,20:15,45,1,,,0.0,false,14.8,229.72765300041098,false
1,5,09:00,51,20:30,46,1,,,0.0,false,14.8,229.72765300041098,false
1,5,09:00,52,20:45,47,1,,,0.0,false,14.8,229.72765300041098,false
1,5,09:00,53,21:00,48,1,,,0.0,false,14.8,230.18838815949246,false
1,5,09:00,54,21:15,49,1,,,0.0,false,14.8,230.64912331857394,false
1,5,09:00,55,21:30,50,1,,,0.0,false,14.8,231.10985847765545,false
1,5,09:00,56,21:45,51,1,,,0.0,false,14.8,231.57059363673693,false
1,5,09:00,57,22:00,52,1,,,0.0,false,14.8,232.0313287958184,false
1,5,09:00,58,22:15,53,1,,,0.0,false,14.8,232.4920639548999,false
1,5,09:00,59,22:30,54,1,,,0.0,false,14.8,232.95279911398137,false
1,5,09:00,60,22:45,55,1,,,0.0,false,14.8,233.41353427306285,false
1,5,09:00,61,23:00,56,1,,,0.0,false,14.8,233.87426943214433,false
1,5,09:00,62,23:15,57,1,,,0.0,false,14.8,234.3350045912258,false
1,5,09:00,63,23:30,58,1,,,0.0,false,14.8,234.7957397503073,false
1,5,09:00,64,23:45,59,1,,,0.0,false,14.8,235.25647490938877,false
1,5,09:00,65,00:00,60,1,,,0.0,false,14.8,235.71721006847025,false
1,5,09:00,66,00:15,61,1,,,0.0,false,14.8,236.17794522755173,false
1,5,09:00,67,00:30,62,1,,,0.0,false,14.8,236.6386803866332,false
1,5,09:00,68,00:45,63,1,,,0.0,false,14.8,237.0994155457147,false
1,5,09:00,69,01:00,64,1,,,0.0,false,14.8,237.56015070479617,false
1,5,09:00,70,01:15,65,1,,,0.0,false,14.8,238.02088586387765,false
1,5,09:00,71,01:30,66,1,,,0.0,false,14.8,238.48162102295913,false
1,5,09:00,72,01:45,67,1,,,0.0,false,14.8,238.9423561820406,false
1,5,09:00,73,02:00,68,1,,,0.0,false,14.8,239.4030913411221,false
1,5,09:00,74,02:15,69,1,,,0.0,false,14.8,239.86382650020357,false
1,5,09:00,75,02:30,70,1,,,0.0,false,14.8,240.32456165928505,false
1,5,09:00,76,02:45,71,1,,,0.0,false,14.8,240.78529681836653,false
1,5,09:00,77,03:00,72,1,,,0.0,false,14.8,241.246031977448,false
1,5,09:00,78,03:15,73,1,,,0.0,false,14.8,241.7067671365295,false
1,5,09:00,79,03:30,74,1,,,0.0,false,14.8,242.16750229561097,false
1,5,09:00,80,03:45,75,1,,,0.0,false,14.8,242.62823745469245,false
1,5,09:00,81,04:00,76,1,,,0.0,false,14.8,243.08897261377393,false
1,5,09:00,82,04:15,77,1,,,0.0,false,14.8,243.5497077728554,false
1,5,09:00,83,04:30,78,1,,,0.0,false,14.8,244.0104429319369,false
1,5,09:00,84,04:45,79,1,,,0.0,false,14.8,244.47117809101837,false
1,5,09:00,85,05:00,80,1,,,0.0,false,14.8,244.93191325009985,false
1,5,09:00,86,05:15,81,1,,,0.0,false,14.8,245.39264840918133,false
1,5,09:00,87,05:30,82,1,,,0.0,false,14.8,245.8533835682628,false
1,5,09:00,88,05:45,83,1,,,0.0,false,14.8,246.3141187273443,false
1,5,09:00,89,06:00,84,1,,,0.0,false,14.8,246.77485388642577,false
1,5,09:00,90,06:15,85,1,,,0.0,false,14.8,247.23558904550725,false
1,5,09:00,91,06:30,86,1,,,0.0,false,14.8,247.69632420458873,false
1,5,09:00,92,06:45,87,1,,,0.0,false,14.8,248.15705936367021,false
1,5,09:00,93,07:00,88,1,,,0.0,false,14.8,248.6177945227517,false
1,5,09:00,94,07:15,89,1,,,0.0,false,14.8,249.07852968183317,false
1,5,09:00,95,07:30,90,1,,,0.0,false,14.8,249.5392648409185,false
1,5,09:00,96,07:45,91,1,,,0.0,false,14.8,250.0,false
1,6,09:15,6,09:15,0,1,,Digging,4.792500000000004,false,13.204306578947207,246.70617728531872,false
1,6,09:15,7,09:30,1,1,,Charging,3.148015403908744e-13,true,14.713699999999054,245.03371920105064,true
1,6,09:15,8,09:45,2,1,,Traveling,4.710099999999684,false,13.536174999999133,245.03371920105062,true
1,6,09:15,9,10:00,3,1,,Digging,4.792499999994362,false,12.338050000000543,245.03371920105062,false
1,6,09:15,10,10:15,4,1,,Digging,4.792500000000004,false,11.139925000000542,245.03371920105062,false
1,6,09:15,11,10:30,5,1,,Digging,4.792499999999997,false,9.941800000000542,245.03371920105062,false
1,6,09:15,12,10:45,6,1,,Charging,-1.7763568394002505e-15,true,11.841800000000543,242.92845604315588,false
1,6,09:15,13,11:00,7,1,,Digging,4.792500000000004,false,10.643675000000542,242.92845604315588,false
1,6,09:15,14,11:15,8,1,,Traveling,4.710099999999997,false,9.466150000000543,242.92845604315588,false
1,6,09:15,15,11:30,9,1,,Digging,4.792500000000004,false,8.268025000000542,242.92845604315588,false
1,6,09:15,16,11:45,10,1,,Digging,4.792500000001801,false,7.069900000000091,242.92845604315588,false
1,6,09:15,17,12:00,11,1,,Charging,0.0,true,8.96990000000009,240.82319288526114,false
1,6,09:15,18,12:15,12,1,,Charging,0.0,true,10.86990000000009,238.7179297273664,false
1,6,09:15,19,12:30,13,1,,,0.0,false,10.86990000000009,238.7179297273664,false
1,6,09:15,20,12:45,14,1,,,0.0,false,10.86990000000009,239.17672096848125,false
1,6,09:15,21,13:00,15,1,,,0.0,false,10.86990000000009,239.6355122095961,false
1,6,09:15,22,13:15,16,1,,,0.0,false,10.86990000000009,240.09430345071095,false
1,6,09:15,23,13:30,17,1,,,0.0,false,10.86990000000009,240.5530946918258,false
1,6,09:15,24,13:45,18,1,,,0.0,false,10.86990000000009,241.01188593294066,false
1,6,09:15,25,14:00,19,1,,Digging,4.7925,false,9.671775000000089,241.4706771740555,false
1,6,09:15,26,14:15,20,1,,Digging,4.792500000000004,false,8.473650000000088,241.92946841517036,false
1,6,09:15,27,14:30,21,1,,Traveling,4.710100000000033,false,7.29612500000008,242.3882596562853,false
1,6,09:15,28,14:45,22,1,,Loading/Swinging,3.1586000000071905,false,6.506474999998282,242.84705089740015,false
1,6,09:15,29,15:00,23,1,,Idle,-6.341593916658894e-12,false,6.506474999999868,243.305842138515,false
1,6,09:15,30,15:15,24,1,,Loading/Swinging,3.158599999998671,false,5.7168250000002,243.76463337962986,false
1,6,09:15,31,15:30,25,1,,Loading/Swinging,3.1586000000009165,false,4.927174999999971,244.2234246207447,false
1,6,09:15,32,15:45,26,1,,Loading/Swinging,3.1585999999940064,false,4.137525000001469,244.68221586185956,false
1,6,09:15,33,16:00,27,1,,Traveling,4.710100000005877,false,2.96,244.68221586185956,false
1,6,09:15,34,16:15,28,1,,Charging,0.0,true,4.859999999999999,242.57695270396482,false
1,6,09:15,35,16:30,29,1,,Loading/Swinging,3.1586,false,4.0703499999999995,242.57695270396482,false
1,6,09:15,36,16:45,30,1,,Loading/Swinging,3.1586000000048227,false,3.280699999998794,242.57695270396482,false
1,6,09:15,37,17:00,31,1,,Charging,0.0,true,5.180699999998794,240.47168954607008,false
1,6,09:15,38,17:15,32,1,,Charging,0.0,true,7.080699999998794,238.36642638817534,false
1,6,09:15,39,17:30,33,1,,Charging,0.0,true,8.980699999998793,236.2611632302806,false
1,6,09:15,40,17:45,34,1,,Charging,0.0,true,10.880699999998793,234.15590007238586,false
1,6,09:15,41,18:00,35,1,,Charging,0.0,true,12.780699999998788,232.05063691449112,false
1,6,09:15,42,18:15,36,1,,Charging,0.0,true,12.899999999993288,231.91844854884624,false
1,6,09:15,43,18:30,37,1,,Charging,0.0,true,14.79999999999328,229.8131853909515,true
1,6,09:15,44,18:45,38,1,,,0.0,false,14.79999999999328,229.8131853909515,false
1,6,09:15,45,19:00,39,1,,,0.0,false,14.79999999999328,229.8131853909515,false
1,6,09:15,46,19:15,40,1,,,0.0,false,14.79999999999328,229.8131853909515,false
1,6,09:15,47,19:30,41,1,,,0.0,false,14.79999999999328,229.8131853909515,false
1,6,09:15,48,19:45,42,1,,,0.0,false,14.799999999993258,229.81318539095153,false
1,6,09:15,49,20:00,43,1,,,0.0,false,14.799999999993258,229.81318539095153,false
1,6,09:15,50,20:15,44,1,,,0.0,false,14.799999999993258,229.8131853909515,false
1,6,09:15,51,20:30,45,1,,,0.0,false,14.79999999999438,229.81318539095025,false
1,6,09:15,52,20:45,46,1,,,0.0,false,14.79999999999438,229.81318539095025,false
1,6,09:15,53,21:00,47,1,,,0.0,false,14.799999999995505,230.27197663206385,false
1,6,09:15,54,21:15,48,1,,,0.0,false,14.799999999996627,230.73076787317746,false
1,6,09:15,55,21:30,49,1,,,0.0,false,14.8,231.18955911429106,false
1,6,09:15,56,21:45,50,1,,,0.0,false,14.8,231.6483503554059,false
1,6,09:15,57,22:00,51,1,,,0.0,false,14.8,232.10714159652076,false
1,6,09:15,58,22:15,52,1,,,0.0,false,14.8,232.56593283763561,false
1,6,09:15,59,22:30,53,1,,,0.0,false,14.8,233.02472407875047,false
1,6,09:15,60,22:45,54,1,,,0.0,false,14.8,233.48351531986532,false
1,6,09:15,61,23:00,55,1,,,0.0,false,14.8,233.94230656098017,false
1,6,09:15,62,23:15,56,1,,,0.0,false,14.8,234.40109780209505,false
1,6,09:15,63,23:30,57,1,,,0.0,false,14.8,234.8598890432099,false
1,6,09:15,64,23:45,58,1,,,0.0,false,14.8,235.31868028432473,false
1,6,09:15,65,00:00,59,1,,,0.0,false,14.8,235.77747152543958,false
1,6,09:15,66,00:15,60,1,,,0.0,false,14.8,236.23626276655443,false
1,6,09:15,67,00:30,61,1,,,0.0,false,14.8,236.69505400766928,false
1,6,09:15,68,00:45,62,1,,,0.0,false,14.8,237.15384524878414,false
1,6,09:15,69,01:00,63,1,,,0.0,false,14.8,237.612636489899,false
1,6,09:15,70,01:15,64,1,,,0.0,false,14.8,238.07142773101384,false
1,6,09:15,71,01:30,65,1,,,0.0,false,14.8,238.5302189721287,false
1,6,09:15,72,01:45,66,1,,,0.0,false,14.8,238.98901021324355,false
1,6,09:15,73,02:00,67,1,,,0.0,false,14.8,239.4478014543584,false
1,6,09:15,74,02:15,68,1,,,0.0,false,14.8,239.90659269547325,false
1,6,09:15,75,02:30,69,1,,,0.0,false,14.8,240.3653839365881,false
1,6,09:15,76,02:45,70,1,,,0.0,false,14.8,240.82417517770295,false
1,6,09:15,77,03:00,71,1,,,0.0,false,14.8,241.2829664188178,false
1,6,09:15,78,03:15,72,1,,,0.0,false,14.8,241.74175765993266,false
1,6,09:15,79,03:30,73,1,,,0.0,false,14.8,242.2005489010475,false
1,6,09:15,80,03:45,74,1,,,0.0,false,14.8,242.65934014216236,false
1,6,09:15,81,04:00,75,1,,,0.0,false,14.8,243.11813138327722,false
1,6,09:15,82,04:15,76,1,,,0.0,false,14.8,243.57692262439207,false
1,6,09:15,83,04:30,77,1,,,0.0,false,14.8,244.03571386550692,false
1,6,09:15,84,04:45,78,1,,,0.0,false,14.8,244.49450510662177,false
1,6,09:15,85,05:00,79,1,,,0.0,false,14.8,244.95329634773663,false
1,6,09:15,86,05:15,80,1,,,0.0,false,14.8,245.41208758885148,false
1,6,09:15,87,05:30,81,1,,,0.0,false,14.8,245.87087882996633,false
1,6,09:15,88,05:45,82,1,,,0.0,false,14.8,246.32967007108118,false
1,6,09:15,89,06:00,83,1,,,0.0,false,14.8,246.78846131219603,false
1,6,09:15,90,06:15,84,1,,,0.0,false,14.8,247.2472525533109,false
1,6,09:15,91,06:30,85,1,,,0.0,false,14.8,247.70604379442574,false
1,6,09:15,92,06:45,86,1,,,0.0,false,14.8,248.1648350355406,false
1,6,09:15,93,07:00,87,1,,,0.0,false,14.8,248.62362627665544,false
1,6,09:15,94,07:15,88,1,,,0.0,false,14.8,249.08241751777027,false
1,6,09:15,95,07:30,89,1,,,0.0,false,14.8,249.54120875888512,false
1,6,09:15,96,07:45,90,1,,,0.0,false,14.8,250.0,false
1,7,09:30,7,09:30,0,1,,Traveling,4.710100000000111,false,12.03928157894718,246.70617728531872,true
1,7,09:30,8,09:45,1,1,,Charging,-2.682298827494378e-13,true,13.939281578947028,244.60091412742423,true
1,7,09:30,9,10:00,2,1,,Digging,4.792500000001347,false,12.741156578946692,244.600914127424,false
1,7,09:30,10,10:15,3,1,,Loading/Swinging,3.158599999999808,false,11.95150657894674,244.600914127424,true
1,7,09:30,11,10:30,4,1,,Digging,4.792499999999883,false,10.753381578946769,244.600914127424,false
1,7,09:30,12,10:45,5,1,,Charging,2.646771690706373e-13,true,12.653381578946414,242.49565096952958,false
1,7,09:30,13,11:00,6,1,,Digging,4.792500000001425,false,11.455256578946058,242.49565096952958,false
1,7,09:30,14,11:15,7,1,,Traveling,4.710099999999997,false,10.277731578946058,242.49565096952958,false
1,7,09:30,15,11:30,8,1,,Digging,4.79249999999905,false,9.079606578946295,242.49565096952958,false
1,7,09:30,16,11:45,9,1,,Digging,4.7925,false,7.881481578946295,242.49565096952958,false
1,7,09:30,17,12:00,10,1,,Charging,0.0,true,9.781481578945915,240.39038781163526,false
1,7,09:30,18,12:15,11,1,,Charging,0.0,true,11.681481578945915,238.28512465374052,false
1,7,09:30,19,12:30,12,1,,,0.0,false,11.681481578945915,238.28512465374052,false
1,7,09:30,20,12:45,13,1,,,0.0,false,11.681481578945915,238.74367290510958,false
1,7,09:30,21,13:00,14,1,,,0.0,false,11.681481578945915,239.20222115647863,false
1,7,09:30,22,13:15,15,1,,,0.0,false,11.681481578945915,239.66076940784768,false
1,7,09:30,23,13:30,16,1,,,0.0,false,11.681481578945915,240.11931765921673,false
1,7,09:30,24,13:45,17,1,,,0.0,false,11.681481578945915,240.57786591058579,false
1,7,09:30,25,14:00,18,1,,Digging,4.792499999989225,false,10.483356578948609,241.03641416195487,false
1,7,09:30,26,14:15,19,1,,Digging,4.792500000000004,false,9.285231578948608,241.49496241332392,false
1,7,09:30,27,14:30,20,1,,Traveling,4.710100000022138,false,8.107706578943073,241.95351066469297,false
1,7,09:30,28,14:45,21,1,,Digging,4.792499999969454,false,6.90958157895071,242.41205891606202,true
1,7,09:30,29,15:00,22,1,,Idle,1.1723955140041653e-13,false,6.9095815789506805,242.8706071674311,false
1,7,09:30,30,15:15,23,1,,Loading/Swinging,3.1586000000283434,false,6.119931578943595,243.32915541880016,false
1,7,09:30,31,15:30,24,1,,Loading/Swinging,3.1586000000000034,false,5.330281578943594,243.7877036701692,false
1,7,09:30,32,15:45,25,1,,Loading/Swinging,3.1586000000203285,false,4.540631578938512,244.24625192153866,false
1,7,09:30,33,16:00,26,1,,Traveling,4.7100999999702475,false,3.36310657894595,244.24625192153866,false
1,7,09:30,34,16:15,27,1,,Charging,-1.8740564655672642e-13,true,4.979299999998824,242.45545588713108,false
1,7,09:30,35,16:30,28,1,,Loading/Swinging,3.1586,false,4.189649999998824,242.45545588713108,false
1,7,09:30,36,16:45,29,1,,Loading/Swinging,3.1585999999997494,false,3.399999999998887,242.45545588713108,false
1,7,09:30,37,17:00,30,1,,Charging,0.0,true,5.299999999998365,240.3501927292369,false
1,7,09:30,38,17:15,31,1,,Charging,0.0,true,7.199999999998829,238.24492957134171,false
1,7,09:30,39,17:30,32,1,,Charging,0.0,true,9.099999999998376,236.13966641344732,false
1,7,09:30,40,17:45,33,1,,Charging,0.0,true,10.999999999998574,234.03440325555235,false
1,7,09:30,41,18:00,34,1,,Charging,0.0,true,12.899999999998574,231.92914009765772,false
1,7,09:30,42,18:15,35,1,,Charging,0.0,true,14.79999999999875,229.82387693976278,false
1,7,09:30,43,18:30,36,1,,,0.0,false,14.79999999999875,229.82387693976278,true
1,7,09:30,44,18:45,37,1,,,0.0,false,14.79999999999875,229.82387693976278,false
1,7,09:30,45,19:00,38,1,,,0.0,false,14.79999999999875,229.82387693976278,false
1,7,09:30,46,19:15,39,1,,,0.0,false,14.79999999999875,229.82387693976278,false
1,7,09:30,47,19:30,40,1,,,0.0,false,14.79999999999875,229.82387693976278,false
1,7,09:30,48,19:45,41,1,,,0.0,false,14.79999999999875,229.82387693976278,false
1,7,09:30,49,20:00,42,1,,,0.0,false,14.79999999999875,229.82387693976278,false
1,7,09:30,50,20:15,43,1,,,0.0,false,14.79999999999875,229.82387693976278,false
1,7,09:30,51,20:30,44,1,,,0.0,false,14.79999999999875,229.82387693976278,false
1,7,09:30,52,20:45,45,1,,,0.0,false,14.79999999999875,229.82387693976278,false
1,7,09:30,53,21:00,46,1,,,0.0,false,14.79999999999875,230.28242519113184,false
1,7,09:30,54,21:15,47,1,,,0.0,false,14.79999999999875,230.7409734425009,false
1,7,09:30,55,21:30,48,1,,,0.0,false,14.79999999999873,231.19952169386997,false
1,7,09:30,56,21:45,49,1,,,0.0,false,14.799999999999999,231.65806994523902,false
1,7,09:30,57,22:00,50,1,,,0.0,false,14.799999999999999,232.11661819660807,false
1,7,09:30,58,22:15,51,1,,,0.0,false,14.799999999999999,232.57516644797713,false
1,7,09:30,59,22:30,52,1,,,0.0,false,14.799999999999999,233.03371469934618,false
1,7,09:30,60,22:45,53,1,,,0.0,false,14.799999999999999,233.49226295071523,false
1,7,09:30,61,23:00,54,1,,,0.0,false,14.799999999999999,233.95081120208428,false
1,7,09:30,62,23:15,55,1,,,0.0,false,14.799999999999999,234.40935945345333,false
1,7,09:30,63,23:30,56,1,,,0.0,false,14.80000000000003,234.8679077048224,false
1,7,09:30,64,23:45,57,1,,,0.0,false,14.80000000000003,235.32645595619144,false
1,7,09:30,65,00:00,58,1,,,0.0,false,14.800000000000031,235.7850042075605,false
1,7,09:30,66,00:15,59,1,,,0.0,false,14.800000000000031,236.24355245892954,false
1,7,09:30,67,00:30,60,1,,,0.0,false,14.800000000000031,236.7021007102986,false
1,7,09:30,68,00:45,61,1,,,0.0,false,14.800000000000038,237.16064896166765,false
1,7,09:30,69,01:00,62,1,,,0.0,false,14.800000000000038,237.6191972130367,false
1,7,09:30,70,01:15,63,1,,,0.0,false,14.800000000000038,238.07774546440575,false
1,7,09:30,71,01:30,64,1,,,0.0,false,14.800000000000038,238.5362937157748,false
1,7,09:30,72,01:45,65,1,,,0.0,false,14.800000000000036,238.99484196714386,false
1,7,09:30,73,02:00,66,1,,,0.0,false,14.80000000000006,239.4533902185129,false
1,7,09:30,74,02:15,67,1,,,0.0,false,14.8,239.91193846988205,false
1,7,09:30,75,02:30,68,1,,,0.0,false,14.8,240.3704867212511,false
1,7,09:30,76,02:45,69,1,,,0.0,false,14.8,240.82903497262015,false
1,7,09:30,77,03:00,70,1,,,0.0,false,14.8,241.2875832239892,false
1,7,09:30,78,03:15,71,1,,,0.0,false,14.8,241.74613147535825,false
1,7,09:30,79,03:30,72,1,,,0.0,false,14.8,242.2046797267273,false
1,7,09:30,80,03:45,73,1,,,0.0,false,14.8,242.66322797809636,false
1,7,09:30,81,04:00,74,1,,,0.0,false,14.8,243.1217762294654,false
1,7,09:30,82,04:15,75,1,,,0.0,false,14.8,243.58032448083446,false
1,7,09:30,83,04:30,76,1,,,0.0,false,14.8,244.03887273220352,false
1,7,09:30,84,04:45,77,1,,,0.0,false,14.8,244.49742098357257,false
1,7,09:30,85,05:00,78,1,,,0.0,false,14.8,244.95596923494162,false
1,7,09:30,86,05:15,79,1,,,0.0,false,14.8,245.41451748631067,false
1,7,09:30,87,05:30,80,1,,,0.0,false,14.8,245.87306573767972,false
1,7,09:30,88,05:45,81,1,,,0.0,false,14.8,246.33161398904878,false
1,7,09:30,89,06:00,82,1,,,0.0,false,14.8,246.79016224041783,false
1,7,09:30,90,06:15,83,1,,,0.0,false,14.8,247.24871049178563,false
1,7,09:30,91,06:30,84,1,,,0.0,false,14.8,247.7072587431547,false
1,7,09:30,92,06:45,85,1,,,0.0,false,14.8,248.16580699452376,false
1,7,09:30,93,07:00,86,1,,,0.0,false,14.8,248.62435524589281,false
1,7,09:30,94,07:15,87,1,,,0.0,false,14.8,249.08290349726187,false
1,7,09:30,95,07:30,88,1,,,0.0,false,14.8,249.54145174863092,false
1,7,09:30,96,07:45,89,1,,,0.0,false,14.8,250.0,false
1,8,09:45,8,09:45,0,1,,Charging,-1.9184653865522705e-13,true,14.004256578947281,244.60091412742395,false
1,8,09:45,9,10:00,1,1,,Digging,4.792500000001084,false,12.80613157894701,244.60091412742395,false
1,8,09:45,10,10:15,2,1,,Digging,4.792500000000004,false,11.608006578947009,244.60091412742395,true
1,8,09:45,11,10:30,3,1,,Digging,4.792499999999443,false,10.409881578947148,244.60091412742395,false
1,8,09:45,12,10:45,4,1,,Charging,1.5543122344752192e-13,true,12.309881578947047,242.4956509695293,false
1,8,09:45,13,11:00,5,1,,Digging,4.79249999999918,false,11.111756578947253,242.4956509695293,false
1,8,09:45,14,11:15,6,1,,Traveling,4.710099999998403,false,9.934231578947651,242.4956509695293,false
1,8,09:45,15,11:30,7,1,,Digging,4.792500000001439,false,8.736106578947291,242.4956509695293,false
1,8,09:45,16,11:45,8,1,,Digging,4.7924999999999685,false,7.537981578947299,242.4956509695293,false
1,8,09:45,17,12:00,9,1,,Charging,0.0,true,9.437981578947346,240.39038781163455,false
1,8,09:45,18,12:15,10,1,,Charging,0.0,true,11.33798157894768,238.2851246537398,false
1,8,09:45,19,12:30,11,1,,,0.0,false,11.33798157894765,238.2851246537398,false
1,8,09:45,20,12:45,12,1,,,0.0,false,11.33798157894765,238.74240984441005,false
1,8,09:45,21,13:00,13,1,,,0.0,false,11.33798157894765,239.19969503508028,false
1,8,09:45,22,13:15,14,1,,,0.0,false,11.33798157894765,239.65698022575052,false
1,8,09:45,23,13:30,15,1,,,0.0,false,11.33798157894765,240.11426541642035,false
1,8,09:45,24,13:45,16,1,,,0.0,false,11.33798157894765,240.57155060709056,false
1,8,09:45,25,14:00,17,1,,Digging,4.792500000000311,false,10.139856578947724,241.0288357977608,false
1,8,09:45,26,14:15,18,1,,Digging,4.792500000000025,false,8.941731578947717,241.48612098843103,false
1,8,09:45,27,14:30,19,1,,Traveling,4.710100000000388,false,7.76420657894762,241.94340617910132,false
1,8,09:45,28,14:45,20,1,,Loading/Swinging,3.158599999999673,false,6.974556578947702,242.40069136977155,true
1,8,09:45,29,15:00,21,1,,Idle,1.4210854715202004e-14,false,6.974556578947698,242.85797656044173,false
1,8,09:45,30,15:15,22,1,,Loading/Swinging,3.1586,false,6.1849065789476985,243.31526175111196,false
1,8,09:45,31,15:30,23,1,,Loading/Swinging,3.158599999999346,false,5.395256578947862,243.7725469417822,false
1,8,09:45,32,15:45,24,1,,Loading/Swinging,3.158599999999839,false,4.605606578947902,244.22983213245234,false
1,8,09:45,33,16:00,25,1,,Traveling,4.710100000002093,false,3.4280815789473786,244.22983213245234,false
1,8,09:45,34,16:15,26,1,,Charging,0.0,true,5.328081578947489,242.1245689745575,false
1,8,09:45,35,16:30,27,1,,Loading/Swinging,3.1585999999984224,false,4.5384315789478835,242.1245689745575,false
1,8,09:45,36,16:45,28,1,,Loading/Swinging,3.1586,false,3.7487815789478836,242.1245689745575,false
1,8,09:45,37,17:00,29,1,,Charging,0.0,true,5.30000000000006,240.40576739998443,false
1,8,09:45,38,17:15,30,1,,,0.0,false,5.300000000000295,240.40576739998417,true
1,8,09:45,39,17:30,31,1,,Charging,0.0,true,7.200000000000326,238.3005042420894,false
1,8,09:45,40,17:45,32,1,,Charging,0.0,true,9.100000000000326,236.19524108419466,false
1,8,09:45,41,18:00,33,1,,Charging,0.0,true,11.00000000000008,234.0899779263002,false
1,8,09:45,42,18:15,34,1,,Charging,0.0,true,12.90000000000008,231.98471476840487,false
1,8,09:45,43,18:30,35,1,,Charging,0.0,true,14.799999999999999,229.87945161051022,true
1,8,09:45,44,18:45,36,1,,,0.0,false,14.799999999999999,229.87945161051022,false
1,8,09:45,45,19:00,37,1,,,0.0,false,14.799999999999999,229.87945161051022,false
1,8,09:45,46,19:15,38,1,,,0.0,false,14.799999999999999,229.87945161051022,false
1,8,09:45,47,19:30,39,1,,,0.0,false,14.799999999999999,229.87945161051022,false
1,8,09:45,48,19:45,40,1,,,0.0,false,14.799999999999999,229.87945161051022,false
1,8,09:45,49,20:00,41,1,,,0.0,false,14.799999999999999,229.87945161051022,false
1,8,09:45,50,20:15,42,1,,,0.0,false,14.799999999999999,229.87945161051022,false
1,8,09:45,51,20:30,43,1,,,0.0,false,14.799999999999999,229.87945161051022,false
1,8,09:45,52,20:45,44,1,,,0.0,false,14.799999999999999,229.87945161051022,false
1,8,09:45,53,21:00,45,1,,,0.0,false,14.799999999999999,230.33673680118045,false
1,8,09:45,54,21:15,46,1,,,0.0,false,14.799999999999999,230.79402199185068,false
1,8,09:45,55,21:30,47,1,,,0.0,false,14.799999999999999,231.25130718252092,false
1,8,09:45,56,21:45,48,1,,,0.0,false,14.799999999999999,231.70859237319115,false
1,8,09:45,57,22:00,49,1,,,0.0,false,14.799999999999999,232.1658775638614,false
1,8,09:45,58,22:15,50,1,,,0.0,false,14.799999999999999,232.62316275453162,false
1,8,09:45,59,22:30,51,1,,,0.0,false,14.799999999999999,233.08044794520185,false
1,8,09:45,60,22:45,52,1,,,0.0,false,14.799999999999999,233.5377331358721,false
1,8,09:45,61,23:00,53,1,,,0.0,false,14.799999999999999,233.99501832654232,false
1,8,09:45,62,23:15,54,1,,,0.0,false,14.799999999999999,234.45230351721256,false
1,8,09:45,63,23:30,55,1,,,0.0,false,14.799999999999999,234.9095887078828,false
1,8,09:45,64,23:45,56,1,,,0.0,false,14.799999999999999,235.36687389855302,false
1,8,09:45,65,00:00,57,1,,,0.0,false,14.799999999999999,235.82415908922326,false
1,8,09:45,66,00:15,58,1,,,0.0,false,14.8,236.2814442798935,false
1,8,09:45,67,00:30,59,1,,,0.0,false,14.8,236.73872947056373,false
1,8,09:45,68,00:45,60,1,,,0.0,false,14.8,237.19601466123396,false
1,8,09:45,69,01:00,61,1,,,0.0,false,14.8,237.6532998519042,false
1,8,09:45,70,01:15,62,1,,,0.0,false,14.8,238.11058504257443,false
1,8,09:45,71,01:30,63,1,,,0.0,false,14.8,238.56787023324466,false
1,8,09:45,72,01:45,64,1,,,0.0,false,14.8,239.0251554239149,false
1,8,09:45,73,02:00,65,1,,,0.0,false,14.8,239.48244061458513,false
1,8,09:45,74,02:15,66,1,,,0.0,false,14.8,239.93972580525536,false
1,8,09:45,75,02:30,67,1,,,0.0,false,14.8,240.3970109959256,false
1,8,09:45,76,02:45,68,1,,,0.0,false,14.8,240.85429618659583,false
1,8,09:45,77,03:00,69,1,,,0.0,false,14.8,241.31158137726607,false
1,8,09:45,78,03:15,70,1,,,0.0,false,14.8,241.7688665679363,false
1,8,09:45,79,03:30,71,1,,,0.0,false,14.8,242.22615175860653,false
1,8,09:45,80,03:45,72,1,,,0.0,false,14.8,242.68343694927677,false
1,8,09:45,81,04:00,73,1,,,0.0,false,14.8,243.140722139947,false
1,8,09:45,82,04:15,74,1,,,0.0,false,14.8,243.59800733061724,false
1,8,09:45,83,04:30,75,1,,,0.0,false,14.8,244.05529252128747,false
1,8,09:45,84,04:45,76,1,,,0.0,false,14.8,244.5125777119577,false
1,8,09:45,85,05:00,77,1,,,0.0,false,14.8,244.96986290262794,false
1,8,09:45,86,05:15,78,1,,,0.0,false,14.8,245.42714809329817,false
1,8,09:45,87,05:30,79,1,,,0.0,false,14.8,245.8844332839684,false
1,8,09:45,88,05:45,80,1,,,0.0,false,14.8,246.34171847463864,false
1,8,09:45,89,06:00,81,1,,,0.0,false,14.8,246.79900366530887,false
1,8,09:45,90,06:15,82,1,,,0.0,false,14.8,247.2562888559791,false
1,8,09:45,91,06:30,83,1,,,0.0,false,14.8,247.71357404664934,false
1,8,09:45,92,06:45,84,1,,,0.0,false,14.8,248.17085923731958,false
1,8,09:45,93,07:00,85,1,,,0.0,false,14.8,248.6281444279898,false
1,8,09:45,94,07:15,86,1,,,0.0,false,14.8,249.08542961866004,false
1,8,09:45,95,07:30,87,1,,,0.0,false,14.8,249.54271480932974,false
1,8,09:45,96,07:45,88,1,,,0.0,false,14.8,250.0,false
1,9,10:00,9,10:00,0,1,,Digging,4.792499999999997,false,12.906131578947235,244.60091412742395,false
1,9,10:00,10,10:15,1,1,,Digging,4.792500000000004,false,11.708006578947234,244.86115833211866,false
1,9,10:00,11,10:30,2,1,,Digging,4.7925,false,10.509881578947233,245.32832575647154,false
1,9,10:00,12,10:45,3,1,,Digging,4.79249999999999,false,9.311756578947236,245.79549318082442,true
1,9,10:00,13,11:00,4,1,,Idle,0.0,false,9.311756578947236,246.2626606051773,true
1,9,10:00,14,11:15,5,1,,Traveling,4.710099999999997,false,8.134231578947237,246.72982802953018,false
1,9,10:00,15,11:30,6,1,,Digging,4.7925,false,6.9361065789472365,247.19699545388306,false
1,9,10:00,16,11:45,7,1,,Digging,4.79250000000006,false,5.737981578947185,247.66416287823594,false
1,9,10:00,17,12:00,8,1,,,0.0,false,5.737981578947303,248.13133030258868,true
1,9,10:00,18,12:15,9,1,,,0.0,false,5.737981578947374,248.59849772694147,true
1,9,10:00,19,12:30,10,1,,,0.0,false,5.737981578947374,249.06566515129435,false
1,9,10:00,20,12:45,11,1,,,0.0,false,5.737981578947374,249.53283257564723,false
1,9,10:00,21,13:00,12,1,,,0.0,false,5.737981578947374,250.0000000000001,false
1,9,10:00,22,13:15,13,1,,,0.0,false,5.737981578947374,250.0,false
1,9,10:00,23,13:30,14,1,,Charging,0.0,true,7.6379815789473735,247.89473684210526,true
1,9,10:00,24,13:45,15,1,,Charging,0.0,true,9.537981578947374,245.7894736842105,true
1,9,10:00,25,14:00,16,1,,Digging,4.792499999999997,false,8.339856578947375,245.78947368421052,false
1,9,10:00,26,14:15,17,1,,Digging,4.792499999980855,false,7.141731578952161,245.78947368421055,false
1,9,10:00,27,14:30,18,1,,Charging,-8.181011423857854e-12,true,9.04173157895409,243.68421052631587,true
1,9,10:00,28,14:45,19,1,,Traveling,4.710100000013721,false,7.86420657895066,243.68421052631587,true
1,9,10:00,29,15:00,20,1,,Loading/Swinging,3.1586000000153,false,7.074556578937121,243.68421052631587,true
1,9,10:00,30,15:15,21,1,,Loading/Swinging,3.1585999999933385,false,6.284906578938786,243.68421052631587,false
1,9,10:00,31,15:30,22,1,,Loading/Swinging,3.1586,false,5.495256578938786,243.68421052631587,false
1,9,10:00,32,15:45,23,1,,Charging,2.1582735598713043e-12,true,7.3952565789377385,241.5789473684217,true
1,9,10:00,33,16:00,24,1,,Loading/Swinging,3.1586000000001127,false,6.60560657893771,241.5789473684217,true
1,9,10:00,34,16:15,25,1,,Traveling,4.710100000008527,false,5.428081578935578,241.5789473684217,true
1,9,10:00,35,16:30,26,1,,Loading/Swinging,3.15859999999255,false,4.638431578937441,241.5789473684217,false
1,9,10:00,36,16:45,27,1,,Loading/Swinging,3.158599999999165,false,3.8487815789376496,241.5789473684217,false
1,9,10:00,37,17:00,28,1,,Charging,0.0,true,5.748781578937473,239.47368421052715,false
1,9,10:00,38,17:15,29,1,,Charging,0.0,true,7.648781578937473,237.3684210526324,true
1,9,10:00,39,17:30,30,1,,Charging,0.0,true,9.548781578937767,235.26315789473736,false
1,9,10:00,40,17:45,31,1,,Charging,0.0,true,11.000000000172214,233.6551596444171,false
1,9,10:00,41,18:00,32,1,,Charging,0.0,true,12.900000000174115,231.54989648652025,false
1,9,10:00,42,18:15,33,1,,Charging,0.0,true,14.8,229.44463332881844,false
1,9,10:00,43,18:30,34,1,,,0.0,false,14.8,229.44463332881844,true
1,9,10:00,44,18:45,35,1,,,0.0,false,14.8,229.44463332881844,false
1,9,10:00,45,19:00,36,1,,,0.0,false,14.8,229.44463332881844,false
1,9,10:00,46,19:15,37,1,,,0.0,false,14.8,229.44463332881844,false
1,9,10:00,47,19:30,38,1,,,0.0,false,14.8,229.4446333288184,false
1,9,10:00,48,19:45,39,1,,,0.0,false,14.8,229.4446333288184,false
1,9,10:00,49,20:00,40,1,,,0.0,false,14.8,229.44463332846624,false
1,9,10:00,50,20:15,41,1,,,0.0,false,14.8,229.44463332846624,false
1,9,10:00,51,20:30,42,1,,,0.0,false,14.8,229.44463332846624,false
1,9,10:00,52,20:45,43,1,,,0.0,false,14.8,229.44463332846624,false
1,9,10:00,53,21:00,44,1,,,0.0,false,14.8,229.91180075281912,false
1,9,10:00,54,21:15,45,1,,,0.0,false,14.8,230.3789681772644,false
1,9,10:00,55,21:30,46,1,,,0.0,false,14.8,230.84613560161728,false
1,9,10:00,56,21:45,47,1,,,0.0,false,14.8,231.31330302597087,false
1,9,10:00,57,22:00,48,1,,,0.0,false,14.8,231.78047045032363,false
1,9,10:00,58,22:15,49,1,,,0.0,false,14.8,232.2476378746765,false
1,9,10:00,59,22:30,50,1,,,0.0,false,14.8,232.7148052990294,false
1,9,10:00,60,22:45,51,1,,,0.0,false,14.8,233.18197272338227,false
1,9,10:00,61,23:00,52,1,,,0.0,false,14.8,233.64914014773515,false
1,9,10:00,62,23:15,53,1,,,0.0,false,14.8,234.11630757208803,false
1,9,10:00,63,23:30,54,1,,,0.0,false,14.8,234.5834749964409,false
1,9,10:00,64,23:45,55,1,,,0.0,false,14.8,235.0506424207938,false
1,9,10:00,65,00:00,56,1,,,0.0,false,14.8,235.51780984514667,false
1,9,10:00,66,00:15,57,1,,,0.0,false,14.8,235.98497726949955,false
1,9,10:00,67,00:30,58,1,,,0.0,false,14.8,236.45214469385243,false
1,9,10:00,68,00:45,59,1,,,0.0,false,14.8,236.9193121182053,false
1,9,10:00,69,01:00,60,1,,,0.0,false,14.8,237.3864795425582,false
1,9,10:00,70,01:15,61,1,,,0.0,false,14.8,237.85364696691107,false
1,9,10:00,71,01:30,62,1,,,0.0,false,14.8,238.32081439126395,false
1,9,10:00,72,01:45,63,1,,,0.0,false,14.8,238.78798181561683,false
1,9,10:00,73,02:00,64,1,,,0.0,false,14.8,239.2551492399697,false
1,9,10:00,74,02:15,65,1,,,0.0,false,14.8,239.7223166643226,false
1,9,10:00,75,02:30,66,1,,,0.0,false,14.8,240.18948408867547,false
1,9,10:00,76,02:45,67,1,,,0.0,false,14.8,240.65665151302835,false
1,9,10:00,77,03:00,68,1,,,0.0,false,14.8,241.12381893738123,false
1,9,10:00,78,03:15,69,1,,,0.0,false,14.8,241.5909863617341,false
1,9,10:00,79,03:30,70,1,,,0.0,false,14.8,242.058153786087,false
1,9,10:00,80,03:45,71,1,,,0.0,false,14.8,242.52532121043987,false
1,9,10:00,81,04:00,72,1,,,0.0,false,14.8,242.99248863479275,false
1,9,10:00,82,04:15,73,1,,,0.0,false,14.8,243.45965605914563,false
1,9,10:00,83,04:30,74,1,,,0.0,false,14.8,243.9268234834985,false
1,9,10:00,84,04:45,75,1,,,0.0,false,14.8,244.3939909078514,false
1,9,10:00,85,05:00,76,1,,,0.0,false,14.8,244.86115833220427,false
1,9,10:00,86,05:15,77,1,,,0.0,false,14.8,245.32832575655715,false
1,9,10:00,87,05:30,78,1,,,0.0,false,14.8,245.79549318091003,false
1,9,10:00,88,05:45,79,1,,,0.0,false,14.8,246.2626606052629,false
1,9,10:00,89,06:00,80,1,,,0.0,false,14.8,246.7298280296158,false
1,9,10:00,90,06:15,81,1,,,0.0,false,14.8,247.19699545396867,false
1,9,10:00,91,06:30,82,1,,,0.0,false,14.8,247.66416287832155,false
1,9,10:00,92,06:45,83,1,,,0.0,false,14.8,248.13133030267443,false
1,9,10:00,93,07:00,84,1,,,0.0,false,14.8,248.5984977270273,false
1,9,10:00,94,07:15,85,1,,,0.0,false,14.8,249.0656651513802,false
1,9,10:00,95,07:30,86,1,,,0.0,false,14.8,249.53283257564712,false
1,9,10:00,96,07:45,87,1,,,0.0,false,14.8,250.0,false
1,10,10:15,10,10:15,0,1,,Digging,4.7925,false,11.833456578947235,244.89590902464343,false
1,10,10:15,11,10:30,1,1,,Digging,4.7925,false,10.635331578947234,245.35991729513069,false
1,10,10:15,12,10:45,2,1,,Digging,4.7925,false,9.437206578947233,245.82392556561794,false
1,10,10:15,13,11:00,3,1,,Idle,0.0,false,9.437206578947233,246.2879338361052,false
1,10,10:15,14,11:15,4,1,,Traveling,4.7101,false,8.259681578947234,246.75194210659245,false
1,10,10:15,15,11:30,5,1,,Digging,4.7925,false,7.061556578947234,247.2159503770797,false
1,10,10:15,16,11:45,6,1,,Digging,4.7925,false,5.8634315789472335,247.67995864756696,false
1,10,10:15,17,12:00,7,1,,,0.0,false,5.8634315789472335,248.14396691805422,false
1,10,10:15,18,12:15,8,1,,,0.0,false,5.863431578947234,248.6079751885414,false
1,10,10:15,19,12:30,9,1,,,0.0,false,5.863431578947234,249.07198345902864,false
1,10,10:15,20,12:45,10,1,,,0.0,false,5.8634315789466855,249.53599172951652,false
1,10,10:15,21,13:00,11,1,,,0.0,false,5.863431578944374,250.0,false
1,10,10:15,22,13:15,12,1,,,0.0,false,5.863431578945379,249.9999999999995,false
1,10,10:15,23,13:30,13,1,,Charging,0.0,true,7.763431578945316,247.89473684210483,false
1,10,10:15,24,13:45,14,1,,Charging,0.0,true,9.66343157894531,245.78947368421618,false
1,10,10:15,25,14:00,15,1,,Digging,4.792500000000004,false,8.46530657894531,245.78947368421618,false
1,10,10:15,26,14:15,16,1,,Digging,4.792500000000409,false,7.267181578945207,245.78947368421618,false
1,10,10:15,27,14:30,17,1,,Charging,-1.7763568394002505e-15,true,9.167181578945208,243.68421052632144,false
1,10,10:15,28,14:45,18,1,,Traveling,4.710099999999598,false,7.989656578945308,243.68421052632124,false
1,10,10:15,29,15:00,19,1,,Loading/Swinging,3.1586,false,7.200006578945308,243.68421052632124,false
1,10,10:15,30,15:15,20,1,,Loading/Swinging,3.1586,false,6.410356578945308,243.68421052632124,false
1,10,10:15,31,15:30,21,1,,Loading/Swinging,3.1586,false,5.620706578945308,243.68421052632124,false
1,10,10:15,32,15:45,22,1,,Charging,0.0,true,7.520706578945662,241.5789473684261,false
1,10,10:15,33,16:00,23,1,,Loading/Swinging,3.1586,false,6.731056578945662,241.5789473684261,false
1,10,10:15,34,16:15,24,1,,Traveling,4.710100000000001,false,5.553531578945662,241.5789473684261,false
1,10,10:15,35,16:30,25,1,,Loading/Swinging,3.1586,false,4.763881578945662,241.5789473684261,false
1,10,10:15,36,16:45,26,1,,Loading/Swinging,3.1585999999883914,false,3.974231578948564,241.5789473684261,false
1,10,10:15,37,17:00,27,1,,Charging,0.0,true,5.874231578948564,239.47368421053136,false
1,10,10:15,38,17:15,28,1,,Charging,0.0,true,7.774231578948564,237.36842105263662,false
1,10,10:15,39,17:30,29,1,,Charging,0.0,true,9.099999999999373,235.8994255722479,false
1,10,10:15,40,17:45,30,1,,Charging,0.0,true,10.999999999999373,233.79416241435317,false
1,10,10:15,41,18:00,31,1,,Charging,0.0,true,12.899999999999373,231.68889925645843,false
1,10,10:15,42,18:15,32,1,,Charging,0.0,true,14.799999999999374,229.5836360985637,false
1,10,10:15,43,18:30,33,1,,,0.0,false,14.8,229.5836360985637,false
1,10,10:15,44,18:45,34,1,,,0.0,false,14.8,229.5836360985637,false
1,10,10:15,45,19:00,35,1,,,0.0,false,14.8,229.5836360985637,false
1,10,10:15,46,19:15,36,1,,,0.0,false,14.8,229.5836360985637,false
1,10,10:15,47,19:30,37,1,,,0.0,false,14.8,229.5836360985637,false
1,10,10:15,48,19:45,38,1,,,0.0,false,14.8,229.5836360985637,false
1,10,10:15,49,20:00,39,1,,,0.0,false,14.8,229.5836360985637,false
1,10,10:15,50,20:15,40,1,,,0.0,false,14.8,229.5836360985637,false
1,10,10:15,51,20:30,41,1,,,0.0,false,14.8,229.5836360985637,false
1,10,10:15,52,20:45,42,1,,,0.0,false,14.8,229.5836360985637,false
1,10,10:15,53,21:00,43,1,,,0.0,false,14.8,230.04764436905097,false
1,10,10:15,54,21:15,44,1,,,0.0,false,14.8,230.51165263953826,false
1,10,10:15,55,21:30,45,1,,,0.0,false,14.8,230.97566091002554,false
1,10,10:15,56,21:45,46,1,,,0.0,false,14.8,231.43966918051282,false
1,10,10:15,57,22:00,47,1,,,0.0,false,14.8,231.9036774510001,false
1,10,10:15,58,22:15,48,1,,,0.0,false,14.8,232.36768572148736,false
1,10,10:15,59,22:30,49,1,,,0.0,false,14.8,232.83169399197462,false
1,10,10:15,60,22:45,50,1,,,0.0,false,14.8,233.29570226246187,false
1,10,10:15,61,23:00,51,1,,,0.0,false,14.8,233.75971053294913,false
1,10,10:15,62,23:15,52,1,,,0.0,false,14.8,234.22371880343638,false
1,10,10:15,63,23:30,53,1,,,0.0,false,14.8,234.68772707392364,false
1,10,10:15,64,23:45,54,1,,,0.0,false,14.8,235.1517353444109,false
1,10,10:15,65,00:00,55,1,,,0.0,false,14.8,235.61574361489815,false
1,10,10:15,66,00:15,56,1,,,0.0,false,14.8,236.0797518853854,false
1,10,10:15,67,00:30,57,1,,,0.0,false,14.8,236.54376015587266,false
1,10,10:15,68,00:45,58,1,,,0.0,false,14.8,237.00776842635992,false
1,10,10:15,69,01:00,59,1,,,0.0,false,14.8,237.47177669684717,false
1,10,10:15,70,01:15,60,1,,,0.0,false,14.8,237.93578496733443,false
1,10,10:15,71,01:30,61,1,,,0.0,false,14.8,238.39979323782168,false
1,10,10:15,72,01:45,62,1,,,0.0,false,14.8,238.86380150830894,false
1,10,10:15,73,02:00,63,1,,,0.0,false,14.8,239.3278097787962,false
1,10,10:15,74,02:15,64,1,,,0.0,false,14.8,239.79181804928345,false
1,10,10:15,75,02:30,65,1,,,0.0,false,14.8,240.2558263197707,false
1,10,10:15,76,02:45,66,1,,,0.0,false,14.8,240.71983459025796,false
1,10,10:15,77,03:00,67,1,,,0.0,false,14.8,241.18384286074522,false
1,10,10:15,78,03:15,68,1,,,0.0,false,14.8,241.64785113123247,false
1,10,10:15,79,03:30,69,1,,,0.0,false,14.8,242.11185940171973,false
1,10,10:15,80,03:45,70,1,,,0.0,false,14.8,242.57586767220698,false
1,10,10:15,81,04:00,71,1,,,0.0,false,14.8,243.03987594269424,false
1,10,10:15,82,04:15,72,1,,,0.0,false,14.8,243.5038842131815,false
1,10,10:15,83,04:30,73,1,,,0.0,false,14.8,243.96789248366875,false
1,10,10:15,84,04:45,74,1,,,0.0,false,14.8,244.431900754156,false
1,10,10:15,85,05:00,75,1,,,0.0,false,14.8,244.89590902464326,false
1,10,10:15,86,05:15,76,1,,,0.0,false,14.8,245.35991729513051,false
1,10,10:15,87,05:30,77,1,,,0.0,false,14.8,245.82392556561777,false
1,10,10:15,88,05:45,78,1,,,0.0,false,14.8,246.28793383610503,false
1,10,10:15,89,06:00,79,1,,,0.0,false,14.8,246.75194210659228,false
1,10,10:15,90,06:15,80,1,,,0.0,false,14.8,247.21595037707954,false
1,10,10:15,91,06:30,81,1,,,0.0,false,14.8,247.6799586475668,false
1,10,10:15,92,06:45,82,1,,,0.0,false,14.8,248.14396691805405,false
1,10,10:15,93,07:00,83,1,,,0.0,false,14.8,248.6079751885413,false
1,10,10:15,94,07:15,84,1,,,0.0,false,14.8,249.07198345902856,false
1,10,10:15,95,07:30,85,1,,,0.0,false,14.8,249.5359917295127,false
1,10,10:15,96,07:45,86,1,,,0.0,false,14.8,250.0,false
1,11,10:30,11,10:30,0,1,,Digging,4.7925,false,10.692731578947235,245.35876091134827,false
1,11,10:30,12,10:45,1,1,,Idle,-3.552713678800501e-15,false,10.692731578947235,245.82161279805314,true
1,11,10:30,13,11:00,2,1,,Digging,4.7925,false,9.494606578947234,246.28446468475798,true
1,11,10:30,14,11:15,3,1,,Traveling,4.710099999999997,false,8.317081578947235,246.74731657146282,false
1,11,10:30,15,11:30,4,1,,Digging,4.7925,false,7.118956578947234,247.21016845816766,false
1,11,10:30,16,11:45,5,1,,Digging,4.7925,false,5.920831578947234,247.6730203448725,false
1,11,10:30,17,12:00,6,1,,,0.0,false,5.920831578947234,248.13587223157734,false
1,11,10:30,18,12:15,7,1,,,0.0,false,5.920831578947234,248.59872411828218,false
1,11,10:30,19,12:30,8,1,,,0.0,false,5.920831578947234,249.06157600498702,false
1,11,10:30,20,12:45,9,1,,,0.0,false,5.920831578947234,249.52442789169186,false
1,11,10:30,21,13:00,10,1,,,0.0,false,5.920831578947234,249.9872797783967,false
1,11,10:30,22,13:15,11,1,,,0.0,false,5.920831578947234,249.9872797783967,false
1,11,10:30,23,13:30,12,1,,Charging,0.0,true,7.820831578947233,247.88201662050196,false
1,11,10:30,24,13:45,13,1,,Charging,0.0,true,9.720831578947234,245.77675346260722,false
1,11,10:30,25,14:00,14,1,,Digging,4.792500000000004,false,8.522706578947233,245.77675346260722,false
1,11,10:30,26,14:15,15,1,,Digging,4.792499999999997,false,7.3245815789472335,245.77675346260722,false
1,11,10:30,27,14:30,16,1,,Charging,0.0,true,9.224581578947241,243.67149030471248,false
1,11,10:30,28,14:45,17,1,,Traveling,4.710099999999969,false,8.047056578947249,243.67149030471248,false
1,11,10:30,29,15:00,18,1,,Loading/Swinging,3.1586000000000123,false,7.257406578947245,243.67149030471248,false
1,11,10:30,30,15:15,19,1,,Loading/Swinging,3.158599999999982,false,6.46775657894725,243.67149030471248,false
1,11,10:30,31,15:30,20,1,,Loading/Swinging,3.158600000000014,false,5.678106578947252,243.67149030471248,false
1,11,10:30,32,15:45,21,1,,Charging,-1.3322676295501878e-14,true,7.57810657894726,241.56622714681774,false
1,11,10:30,33,16:00,22,1,,Loading/Swinging,3.1585999999999874,false,6.788456578947262,241.56622714681774,false
1,11,10:30,34,16:15,23,1,,Traveling,4.710100000000022,false,5.610931578947256,241.56622714681774,false
1,11,10:30,35,16:30,24,1,,Loading/Swinging,3.1586,false,4.821281578947256,241.56622714681774,false
1,11,10:30,36,16:45,25,1,,Loading/Swinging,3.1586,false,4.031631578947256,241.56622714681774,false
1,11,10:30,37,17:00,26,1,,Charging,0.0,true,5.931631578947236,239.46096398892303,false
1,11,10:30,38,17:15,27,1,,,0.0,false,5.931631578947236,239.46096398892303,true
1,11,10:30,39,17:30,28,1,,Charging,0.0,true,7.831631578947237,237.3557008310283,false
1,11,10:30,40,17:45,29,1,,,0.0,false,7.831631578947237,237.3557008310283,true
1,11,10:30,41,18:00,30,1,,Charging,0.0,true,9.731631578947237,235.25043767313355,false
1,11,10:30,42,18:15,31,1,,Charging,0.0,true,10.999999999999998,233.84504330077593,false
1,11,10:30,43,18:30,32,1,,Charging,0.0,true,12.899999999999999,231.7397801428812,true
1,11,10:30,44,18:45,33,1,,Charging,0.0,true,14.8,229.63451698498645,true
1,11,10:30,45,19:00,34,1,,,0.0,false,14.8,229.63451698498645,false
1,11,10:30,46,19:15,35,1,,,0.0,false,14.8,229.63451698498645,false
1,11,10:30,47,19:30,36,1,,,0.0,false,14.8,229.63451698498645,false
1,11,10:30,48,19:45,37,1,,,0.0,false,14.8,229.63451698498645,false
1,11,10:30,49,20:00,38,1,,,0.0,false,14.8,229.63451698498645,false
1,11,10:30,50,20:15,39,1,,,0.0,false,14.8,229.63451698498645,false
1,11,10:30,51,20:30,40,1,,,0.0,false,14.8,229.63451698498645,false
1,11,10:30,52,20:45,41,1,,,0.0,false,14.8,229.63451698498645,false
1,11,10:30,53,21:00,42,1,,,0.0,false,14.8,230.0973688716913,false
1,11,10:30,54,21:15,43,1,,,0.0,false,14.8,230.56022075839613,false
1,11,10:30,55,21:30,44,1,,,0.0,false,14.8,231.02307264510097,false
1,11,10:30,56,21:45,45,1,,,0.0,false,14.8,231.4859245318058,false
1,11,10:30,57,22:00,46,1,,,0.0,false,14.8,231.94877641851065,false
1,11,10:30,58,22:15,47,1,,,0.0,false,14.8,232.4116283052155,false
1,11,10:30,59,22:30,48,1,,,0.0,false,14.8,232.87448019192033,false
1,11,10:30,60,22:45,49,1,,,0.0,false,14.8,233.33733207862517,false
1,11,10:30,61,23:00,50,1,,,0.0,false,14.8,233.80018396533,false
1,11,10:30,62,23:15,51,1,,,0.0,false,14.8,234.26303585203485,false
1,11,10:30,63,23:30,52,1,,,0.0,false,14.8,234.7258877387397,false
1,11,10:30,64,23:45,53,1,,,0.0,false,14.8,235.18873962544453,false
1,11,10:30,65,00:00,54,1,,,0.0,false,14.8,235.65159151214937,false
1,11,10:30,66,00:15,55,1,,,0.0,false,14.8,236.1144433988542,false
1,11,10:30,67,00:30,56,1,,,0.0,false,14.8,236.57729528555905,false
1,11,10:30,68,00:45,57,1,,,0.0,false,14.8,237.0401471722639,false
1,11,10:30,69,01:00,58,1,,,0.0,false,14.8,237.50299905896873,false
1,11,10:30,70,01:15,59,1,,,0.0,false,14.8,237.96585094567357,false
1,11,10:30,71,01:30,60,1,,,0.0,false,14.8,238.4287028323784,false
1,11,10:30,72,01:45,61,1,,,0.0,false,14.8,238.89155471908325,false
1,11,10:30,73,02:00,62,1,,,0.0,false,14.8,239.35440660578809,false
1,11,10:30,74,02:15,63,1,,,0.0,false,14.8,239.81725849249293,false
1,11,10:30,75,02:30,64,1,,,0.0,false,14.8,240.28011037919777,false
1,11,10:30,76,02:45,65,1,,,0.0,false,14.8,240.7429622659026,false
1,11,10:30,77,03:00,66,1,,,0.0,false,14.8,241.20581415260745,false
1,11,10:30,78,03:15,67,1,,,0.0,false,14.8,241.66866603931228,false
1,11,10:30,79,03:30,68,1,,,0.0,false,14.8,242.13151792601712,false
1,11,10:30,80,03:45,69,1,,,0.0,false,14.8,242.59436981272196,false
1,11,10:30,81,04:00,70,1,,,0.0,false,14.8,243.0572216994268,false
1,11,10:30,82,04:15,71,1,,,0.0,false,14.8,243.52007358613164,false
1,11,10:30,83,04:30,72,1,,,0.0,false,14.8,243.98292547283648,false
1,11,10:30,84,04:45,73,1,,,0.0,false,14.8,244.44577735954132,false
1,11,10:30,85,05:00,74,1,,,0.0,false,14.8,244.90862924624616,false
1,11,10:30,86,05:15,75,1,,,0.0,false,14.8,245.371481132951,false
1,11,10:30,87,05:30,76,1,,,0.0,false,14.8,245.83433301965584,false
1,11,10:30,88,05:45,77,1,,,0.0,false,14.8,246.29718490636068,false
1,11,10:30,89,06:00,78,1,,,0.0,false,14.8,246.76003679306552,false
1,11,10:30,90,06:15,79,1,,,0.0,false,14.8,247.22288867977036,false
1,11,10:30,91,06:30,80,1,,,0.0,false,14.8,247.6857405664752,false
1,11,10:30,92,06:45,81,1,,,0.0,false,14.8,248.14859245318004,false
1,11,10:30,93,07:00,82,1,,,0.0,false,14.8,248.61144433988488,false
1,11,10:30,94,07:15,83,1,,,0.0,false,14.8,249.07429622659026,false
1,11,10:30,95,07:30,84,1,,,0.0,false,14.8,249.5371481132951,false
1,11,10:30,96,07:45,85,1,,,0.0,false,14.8,250.0,false
1,12,10:45,12,10:45,0,1,,Digging,4.7925,false,9.351256578947233,245.82493362404162,true
1,12,10:45,13,11:00,1,1,,Idle,3.552713678800501e-15,false,9.351256578947233,246.29110633673497,true
1,12,10:45,14,11:15,2,1,,Traveling,4.7101,false,8.173731578947233,246.73679101114655,false
1,12,10:45,15,11:30,3,1,,Digging,4.792500000000004,false,6.975606578947232,247.2029637238399,false
1,12,10:45,16,11:45,4,1,,Digging,4.7925,false,5.777481578947232,247.66913643653325,false
1,12,10:45,17,12:00,5,1,,,0.0,false,5.777481578947232,248.1353091492266,false
1,12,10:45,18,12:15,6,1,,,0.0,false,5.777481578947232,248.60148186191995,false
1,12,10:45,19,12:30,7,1,,,0.0,false,5.777481578947232,249.0676545746133,false
1,12,10:45,20,12:45,8,1,,,0.0,false,5.777481578947231,249.53382728730665,false
1,12,10:45,21,13:00,9,1,,,0.0,false,5.777481578947231,250.0,false
1,12,10:45,22,13:15,10,1,,,0.0,false,5.777481578947231,250.0,false
1,12,10:45,23,13:30,11,1,,Charging,0.0,true,7.1892,248.4357690625454,false
1,12,10:45,24,13:45,12,1,,Charging,0.0,true,9.0892,246.33050590465066,false
1,12,10:45,25,14:00,13,1,,Digging,4.7925,false,7.891075,246.33050590465066,false
1,12,10:45,26,14:15,14,1,,Digging,4.7925,false,6.69295,246.33050590465066,false
1,12,10:45,27,14:30,15,1,,Charging,-1.7763568394002505e-15,true,8.59295,244.22524274675592,false
1,12,10:45,28,14:45,16,1,,Traveling,4.7101,false,7.415425000000001,244.22524274675592,false
1,12,10:45,29,15:00,17,1,,Loading/Swinging,3.1586,false,6.625775000000001,244.22524274675592,false
1,12,10:45,30,15:15,18,1,,Loading/Swinging,3.1586,false,5.836125000000001,244.22524274675592,false
1,12,10:45,31,15:30,19,1,,Loading/Swinging,3.1586,false,5.046475000000001,244.22524274675592,false
1,12,10:45,32,15:45,20,1,,Charging,0.0,true,6.946475,242.11997958886118,false
1,12,10:45,33,16:00,21,1,,Loading/Swinging,3.1586,false,6.156825,242.1199795888612,false
1,12,10:45,34,16:15,22,1,,Traveling,4.710100000000001,false,4.9793,242.1199795888612,false
1,12,10:45,35,16:30,23,1,,Loading/Swinging,3.1586,false,4.18965,242.1199795888612,false
1,12,10:45,36,16:45,24,1,,Loading/Swinging,3.1586,false,3.4000000000000004,242.1199795888612,false
1,12,10:45,37,17:00,25,1,,Charging,0.0,true,5.300000000000001,240.01471643096647,false
1,12,10:45,38,17:15,26,1,,Charging,0.0,true,7.199999999999999,237.90945327307173,true
1,12,10:45,39,17:30,27,1,,Charging,0.0,true,9.1,235.804190115177,false
1,12,10:45,40,17:45,28,1,,Charging,0.0,true,11.0,233.69892695728225,true
1,12,10:45,41,18:00,29,1,,Charging,0.0,true,12.899999999999999,231.5936637993875,false
1,12,10:45,42,18:15,30,1,,Charging,0.0,true,14.799999999999999,229.48840064149277,false
1,12,10:45,43,18:30,31,1,,,0.0,false,14.8,229.48840064149277,true
1,12,10:45,44,18:45,32,1,,,0.0,false,14.8,229.48840064149277,true
1,12,10:45,45,19:00,33,1,,,0.0,false,14.8,229.48840064149277,false
1,12,10:45,46,19:15,34,1,,,0.0,false,14.8,229.48840064149277,false
1,12,10:45,47,19:30,35,1,,,0.0,false,14.8,229.48840064149277,false
1,12,10:45,48,19:45,36,1,,,0.0,false,14.8,229.48840064149277,false
1,12,10:45,49,20:00,37,1,,,0.0,false,14.8,229.48840064149277,false
1,12,10:45,50,20:15,38,1,,,0.0,false,14.8,229.48840064149277,false
1,12,10:45,51,20:30,39,1,,,0.0,false,14.8,229.48840064149277,false
1,12,10:45,52,20:45,40,1,,,0.0,false,14.8,229.48840064149277,false
1,12,10:45,53,21:00,41,1,,,0.0,false,14.8,229.95457335418612,false
1,12,10:45,54,21:15,42,1,,,0.0,false,14.8,230.42074606687947,false
1,12,10:45,55,21:30,43,1,,,0.0,false,14.8,230.88691877957282,false
1,12,10:45,56,21:45,44,1,,,0.0,false,14.8,231.35309149226615,false
1,12,10:45,57,22:00,45,1,,,0.0,false,14.8,231.8192642049595,false
1,12,10:45,58,22:15,46,1,,,0.0,false,14.8,232.28543691765285,false
1,12,10:45,59,22:30,47,1,,,0.0,false,14.8,232.7516096303462,false
1,12,10:45,60,22:45,48,1,,,0.0,false,14.8,233.21778234303952,false
1,12,10:45,61,23:00,49,1,,,0.0,false,14.8,233.68395505573287,false
1,12,10:45,62,23:15,50,1,,,0.0,false,14.8,234.15012776842622,false
1,12,10:45,63,23:30,51,1,,,0.0,false,14.8,234.61630048111957,false
1,12,10:45,64,23:45,52,1,,,0.0,false,14.8,235.08247319381292,false
1,12,10:45,65,00:00,53,1,,,0.0,false,14.8,235.54864590650627,false
1,12,10:45,66,00:15,54,1,,,0.0,false,14.8,236.01481861919962,false
1,12,10:45,67,00:30,55,1,,,0.0,false,14.8,236.48099133189294,false
1,12,10:45,68,00:45,56,1,,,0.0,false,14.8,236.9471640445863,false
1,12,10:45,69,01:00,57,1,,,0.0,false,14.8,237.41333675727964,false
1,12,10:45,70,01:15,58,1,,,0.0,false,14.8,237.879509469973,false
1,12,10:45,71,01:30,59,1,,,0.0,false,14.8,238.34568218266634,false
1,12,10:45,72,01:45,60,1,,,0.0,false,14.8,238.8118548953597,false
1,12,10:45,73,02:00,61,1,,,0.0,false,14.8,239.27802760805304,false
1,12,10:45,74,02:15,62,1,,,0.0,false,14.8,239.74420032074636,false
1,12,10:45,75,02:30,63,1,,,0.0,false,14.8,240.2103730334397,false
1,12,10:45,76,02:45,64,1,,,0.0,false,14.8,240.67654574613306,false
1,12,10:45,77,03:00,65,1,,,0.0,false,14.8,241.1427184588264,false
1,12,10:45,78,03:15,66,1,,,0.0,false,14.8,241.60889117151976,false
1,12,10:45,79,03:30,67,1,,,0.0,false,14.8,242.07506388421308,false
1,12,10:45,80,03:45,68,1,,,0.0,false,14.8,242.54123659690643,false
1,12,10:45,81,04:00,69,1,,,0.0,false,14.8,243.00740930959978,false
1,12,10:45,82,04:15,70,1,,,0.0,false,14.8,243.47358202229313,false
1,12,10:45,83,04:30,71,1,,,0.0,false,14.8,243.93975473498648,false
1,12,10:45,84,04:45,72,1,,,0.0,false,14.8,244.40592744767983,false
1,12,10:45,85,05:00,73,1,,,0.0,false,14.8,244.87210016037318,false
1,12,10:45,86,05:15,74,1,,,0.0,false,14.8,245.33827287306653,false
1,12,10:45,87,05:30,75,1,,,0.0,false,14.8,245.80444558575988,false
1,12,10:45,88,05:45,76,1,,,0.0,false,14.8,246.2706182984532,false
1,12,10:45,89,06:00,77,1,,,0.0,false,14.8,246.73679101114655,false
1,12,10:45,90,06:15,78,1,,,0.0,false,14.8,247.2029637238399,false
1,12,10:45,91,06:30,79,1,,,0.0,false,14.8,247.66913643653325,false
1,12,10:45,92,06:45,80,1,,,0.0,false,14.8,248.1353091492266,false
1,12,10:45,93,07:00,81,1,,,0.0,false,14.8,248.60148186191995,false
1,12,10:45,94,07:15,82,1,,,0.0,false,14.8,249.0676545746133,false
1,12,10:45,95,07:30,83,1,,,0.0,false,14.8,249.53382728730665,false
1,12,10:45,96,07:45,84,1,,,0.0,false,14.8,250.0,false
1,13,11:00,13,11:00,0,1,,Idle,0.0,false,9.308531578947234,246.29218226219456,false
1,13,11:00,14,11:15,1,1,,Traveling,4.710099999999997,false,8.131006578947234,246.72925953292943,false
1,13,11:00,15,11:30,2,1,,Digging,4.7925,false,6.932881578947234,247.19650817108237,false
1,13,11:00,16,11:45,3,1,,Digging,4.7925,false,5.734756578947234,247.6637568092353,false
1,13,11:00,17,12:00,4,1,,,0.0,false,5.734756578947234,248.13100544738825,false
1,13,11:00,18,12:15,5,1,,,0.0,false,5.734756578947234,248.59825408554119,false
1,13,11:00,19,12:30,6,1,,,0.0,false,5.734756578947234,249.06550272369412,false
1,13,11:00,20,12:45,7,1,,,0.0,false,5.734756578947234,249.53275136184706,false
1,13,11:00,21,13:00,8,1,,,0.0,false,5.734756578947234,250.0,false
1,13,11:00,22,13:15,9,1,,,0.0,false,5.734756578947234,250.0,false
1,13,11:00,23,13:30,10,1,,Charging,0.0,true,7.1892,248.3884283423238,false
1,13,11:00,24,13:45,11,1,,Charging,0.0,true,9.0892,246.28316518442907,false
1,13,11:00,25,14:00,12,1,,Digging,4.7925,false,7.891075,246.28316518442907,false
1,13,11:00,26,14:15,13,1,,Digging,4.7925,false,6.69295,246.28316518442907,false
1,13,11:00,27,14:30,14,1,,Charging,0.0,true,8.59295,244.17790202653433,false
1,13,11:00,28,14:45,15,1,,Traveling,4.710099999999997,false,7.415425000000001,244.17790202653433,false
1,13,11:00,29,15:00,16,1,,Loading/Swinging,3.1586,false,6.625775000000001,244.17790202653433,false
1,13,11:00,30,15:15,17,1,,Loading/Swinging,3.1586,false,5.836125000000001,244.17790202653433,false
1,13,11:00,31,15:30,18,1,,Loading/Swinging,3.1586,false,5.046475000000001,244.17790202653433,false
1,13,11:00,32,15:45,19,1,,Charging,1.7763568394002505e-15,true,6.946475,242.0726388686396,false
1,13,11:00,33,16:00,20,1,,Loading/Swinging,3.1586,false,6.156825,242.0726388686396,false
1,13,11:00,34,16:15,21,1,,Traveling,4.7101,false,4.9793,242.0726388686396,false
1,13,11:00,35,16:30,22,1,,Loading/Swinging,3.1586,false,4.18965,242.0726388686396,false
1,13,11:00,36,16:45,23,1,,Loading/Swinging,3.1586,false,3.4000000000000004,242.0726388686396,false
1,13,11:00,37,17:00,24,1,,Charging,0.0,true,5.300000000000001,239.96737571074485,false
1,13,11:00,38,17:15,25,1,,Charging,0.0,true,7.2,237.8621125528501,false
1,13,11:00,39,17:30,26,1,,Charging,0.0,true,9.1,235.75684939495537,false
1,13,11:00,40,17:45,27,1,,Charging,0.0,true,11.0,233.65158623706063,false
1,13,11:00,41,18:00,28,1,,Charging,0.0,true,12.9,231.5463230791659,false
1,13,11:00,42,18:15,29,1,,Charging,0.0,true,14.8,229.44105992127115,false
1,13,11:00,43,18:30,30,1,,,0.0,false,14.8,229.44105992127115,false
1,13,11:00,44,18:45,31,1,,,0.0,false,14.8,229.44105992127115,false
1,13,11:00,45,19:00,32,1,,,0.0,false,14.8,229.44105992127115,false
1,13,11:00,46,19:15,33,1,,,0.0,false,14.8,229.44105992127115,false
1,13,11:00,47,19:30,34,1,,,0.0,false,14.8,229.44105992127115,false
1,13,11:00,48,19:45,35,1,,,0.0,false,14.8,229.44105992127115,false
1,13,11:00,49,20:00,36,1,,,0.0,false,14.8,229.44105992127115,false
1,13,11:00,50,20:15,37,1,,,0.0,false,14.8,229.44105992127115,false
1,13,11:00,51,20:30,38,1,,,0.0,false,14.8,229.44105992127115,false
1,13,11:00,52,20:45,39,1,,,0.0,false,14.8,229.44105992127115,false
1,13,11:00,53,21:00,40,1,,,0.0,false,14.8,229.90830855942409,false
1,13,11:00,54,21:15,41,1,,,0.0,false,14.8,230.375557197577,false
1,13,11:00,55,21:30,42,1,,,0.0,false,14.8,230.84280583572993,false
1,13,11:00,56,21:45,43,1,,,0.0,false,14.8,231.31005447388287,false
1,13,11:00,57,22:00,44,1,,,0.0,false,14.8,231.77730311203578,false
1,13,11:00,58,22:15,45,1,,,0.0,false,14.8,232.24455175018872,false
1,13,11:00,59,22:30,46,1,,,0.0,false,14.8,232.71180038834166,false
1,13,11:00,60,22:45,47,1,,,0.0,false,14.8,233.17904902649457,false
1,13,11:00,61,23:00,48,1,,,0.0,false,14.8,233.6462976646475,false
1,13,11:00,62,23:15,49,1,,,0.0,false,14.8,234.11354630280044,false
1,13,11:00,63,23:30,50,1,,,0.0,false,14.8,234.58079494095338,false
1,13,11:00,64,23:45,51,1,,,0.0,false,14.8,235.04804357910632,false
1,13,11:00,65,00:00,52,1,,,0.0,false,14.8,235.51529221725926,false
1,13,11:00,66,00:15,53,1,,,0.0,false,14.8,235.98254085541217,false
1,13,11:00,67,00:30,54,1,,,0.0,false,14.8,236.4497894935651,false
1,13,11:00,68,00:45,55,1,,,0.0,false,14.8,236.91703813171802,false
1,13,11:00,69,01:00,56,1,,,0.0,false,14.8,237.38428676987095,false
1,13,11:00,70,01:15,57,1,,,0.0,false,14.8,237.8515354080239,false
1,13,11:00,71,01:30,58,1,,,0.0,false,14.8,238.3187840461768,false
1,13,11:00,72,01:45,59,1,,,0.0,false,14.8,238.78603268432974,false
1,13,11:00,73,02:00,60,1,,,0.0,false,14.8,239.25328132248268,false
1,13,11:00,74,02:15,61,1,,,0.0,false,14.8,239.72052996063562,false
1,13,11:00,75,02:30,62,1,,,0.0,false,14.8,240.18777859878853,false
1,13,11:00,76,02:45,63,1,,,0.0,false,14.8,240.65502723694146,false
1,13,11:00,77,03:00,64,1,,,0.0,false,14.8,241.12227587509437,false
1,13,11:00,78,03:15,65,1,,,0.0,false,14.8,241.5895245132473,false
1,13,11:00,79,03:30,66,1,,,0.0,false,14.8,242.05677315140025,false
1,13,11:00,80,03:45,67,1,,,0.0,false,14.8,242.52402178955316,false
1,13,11:00,81,04:00,68,1,,,0.0,false,14.8,242.9912704277061,false
1,13,11:00,82,04:15,69,1,,,0.0,false,14.8,243.45851906585904,false
1,13,11:00,83,04:30,70,1,,,0.0,false,14.8,243.92576770401197,false
1,13,11:00,84,04:45,71,1,,,0.0,false,14.8,244.39301634216488,false
1,13,11:00,85,05:00,72,1,,,0.0,false,14.8,244.86026498031782,false
1,13,11:00,86,05:15,73,1,,,0.0,false,14.8,245.32751361847073,false
1,13,11:00,87,05:30,74,1,,,0.0,false,14.8,245.79476225662367,false
1,13,11:00,88,05:45,75,1,,,0.0,false,14.8,246.2620108947766,false
1,13,11:00,89,06:00,76,1,,,0.0,false,14.8,246.72925953292952,false
1,13,11:00,90,06:15,77,1,,,0.0,false,14.8,247.19650817108246,false
1,13,11:00,91,06:30,78,1,,,0.0,false,14.8,247.66375680923537,false
1,13,11:00,92,06:45,79,1,,,0.0,false,14.8,248.1310054473883,false
1,13,11:00,93,07:00,80,1,,,0.0,false,14.8,248.59825408554124,false
1,13,11:00,94,07:15,81,1,,,0.0,false,14.8,249.06550272369415,false
1,13,11:00,95,07:30,82,1,,,0.0,false,14.8,249.5327513618471,false
1,13,11:00,96,07:45,83,1,,,0.0,false,14.8,250.0,false
1,14,11:15,14,11:15,0,1,,Traveling,4.7101,false,8.131006578947234,246.7292595329295,false
1,14,11:15,15,11:30,1,1,,Digging,4.7925,false,6.932881578947234,247.19650817108243,false
1,14,11:15,16,11:45,2,1,,Digging,4.7925,false,5.734756578947234,247.66375680923534,false
1,14,11:15,17,12:00,3,1,,,0.0,false,5.734756578947234,248.13100544738828,false
1,14,11:15,18,12:15,4,1,,,0.0,false,5.734756578947234,248.5982540855412,false
1,14,11:15,19,12:30,5,1,,,0.0,false,5.734756578947234,249.06550272369415,false
1,14,11:15,20,12:45,6,1,,,0.0,false,5.734756578947234,249.53275136184706,false
1,14,11:15,21,13:00,7,1,,,0.0,false,5.734756578947234,250.0,false
1,14,11:15,22,13:15,8,1,,,0.0,false,5.734756578947234,250.0,false
1,14,11:15,23,13:30,9,1,,Charging,0.0,true,7.6347565789472345,247.89473684210526,false
1,14,11:15,24,13:45,10,1,,Charging,0.0,true,9.534756578947235,245.78947368421052,false
1,14,11:15,25,14:00,11,1,,Digging,4.792500000000004,false,8.336631578947234,245.78947368421052,false
1,14,11:15,26,14:15,12,1,,Digging,4.7925,false,7.138506578947234,245.78947368421052,false
1,14,11:15,27,14:30,13,1,,Charging,1.7763568394002505e-15,true,9.038506578947233,243.68421052631578,false
1,14,11:15,28,14:45,14,1,,Traveling,4.7101,false,7.860981578947234,243.68421052631578,false
1,14,11:15,29,15:00,15,1,,Loading/Swinging,3.1586,false,7.071331578947234,243.68421052631578,false
1,14,11:15,30,15:15,16,1,,Loading/Swinging,3.1586,false,6.281681578947234,243.68421052631578,false
1,14,11:15,31,15:30,17,1,,Loading/Swinging,3.1586,false,5.492031578947234,243.6842105263158,false
1,14,11:15,32,15:45,18,1,,Charging,0.0,true,7.3920315789472335,241.57894736842107,false
1,14,11:15,33,16:00,19,1,,Loading/Swinging,3.1586,false,6.6023815789472335,241.57894736842107,false
1,14,11:15,34,16:15,20,1,,Traveling,4.710100000000001,false,5.424856578947233,241.57894736842107,false
1,14,11:15,35,16:30,21,1,,Loading/Swinging,3.1586,false,4.635206578947233,241.57894736842107,false
1,14,11:15,36,16:45,22,1,,Loading/Swinging,3.1586,false,3.8455565789472335,241.57894736842107,false
1,14,11:15,37,17:00,23,1,,Charging,0.0,true,5.299999999999999,239.96737571074488,false
1,14,11:15,38,17:15,24,1,,Charging,0.0,true,7.199999999999999,237.86211255285014,false
1,14,11:15,39,17:30,25,1,,Charging,0.0,true,9.1,235.7568493949554,false
1,14,11:15,40,17:45,26,1,,Charging,0.0,true,10.999999999999998,233.65158623706066,false
1,14,11:15,41,18:00,27,1,,Charging,0.0,true,12.899999999999999,231.54632307916592,false
1,14,11:15,42,18:15,28,1,,Charging,0.0,true,14.799999999999997,229.44105992127118,false
1,14,11:15,43,18:30,29,1,,,0.0,false,14.799999999999997,229.44105992127126,false
1,14,11:15,44,18:45,30,1,,,0.0,false,14.799999999999997,229.44105992127126,false
1,14,11:15,45,19:00,31,1,,,0.0,false,14.799999999999997,229.44105992127126,false
1,14,11:15,46,19:15,32,1,,,0.0,false,14.799999999999997,229.44105992127126,false
1,14,11:15,47,19:30,33,1,,,0.0,false,14.799999999999997,229.44105992127126,false
1,14,11:15,48,19:45,34,1,,,0.0,false,14.799999999999997,229.44105992127126,false
1,14,11:15,49,20:00,35,1,,,0.0,false,14.799999999999997,229.44105992127126,false
1,14,11:15,50,20:15,36,1,,,0.0,false,14.799999999999997,229.44105992127126,false
1,14,11:15,51,20:30,37,1,,,0.0,false,14.799999999999997,229.44105992127126,false
1,14,11:15,52,20:45,38,1,,,0.0,false,14.799999999999997,229.44105992127126,false
1,14,11:15,53,21:00,39,1,,,0.0,false,14.799999999999997,229.9083085594242,false
1,14,11:15,54,21:15,40,1,,,0.0,false,14.8,230.3755571975771,false
1,14,11:15,55,21:30,41,1,,,0.0,false,14.8,230.84280583573005,false
1,14,11:15,56,21:45,42,1,,,0.0,false,14.8,231.31005447388296,false
1,14,11:15,57,22:00,43,1,,,0.0,false,14.8,231.7773031120359,false
1,14,11:15,58,22:15,44,1,,,0.0,false,14.8,232.24455175018883,false
1,14,11:15,59,22:30,45,1,,,0.0,false,14.8,232.71180038834177,false
1,14,11:15,60,22:45,46,1,,,0.0,false,14.8,233.1790490264947,false
1,14,11:15,61,23:00,47,1,,,0.0,false,14.8,233.64629766464762,false
1,14,11:15,62,23:15,48,1,,,0.0,false,14.8,234.11354630280056,false
1,14,11:15,63,23:30,49,1,,,0.0,false,14.8,234.58079494095347,false
1,14,11:15,64,23:45,50,1,,,0.0,false,14.8,235.0480435791063,false
1,14,11:15,65,00:00,51,1,,,0.0,false,14.8,235.51529221725923,false
1,14,11:15,66,00:15,52,1,,,0.0,false,14.8,235.98254085541217,false
1,14,11:15,67,00:30,53,1,,,0.0,false,14.8,236.44978949356508,false
1,14,11:15,68,00:45,54,1,,,0.0,false,14.8,236.91703813171802,false
1,14,11:15,69,01:00,55,1,,,0.0,false,14.8,237.38428676987093,false
1,14,11:15,70,01:15,56,1,,,0.0,false,14.8,237.85153540802386,false
1,14,11:15,71,01:30,57,1,,,0.0,false,14.8,238.3187840461768,false
1,14,11:15,72,01:45,58,1,,,0.0,false,14.8,238.7860326843297,false
1,14,11:15,73,02:00,59,1,,,0.0,false,14.8,239.25328132248265,false
1,14,11:15,74,02:15,60,1,,,0.0,false,14.8,239.7205299606356,false
1,14,11:15,75,02:30,61,1,,,0.0,false,14.8,240.18777859878853,false
1,14,11:15,76,02:45,62,1,,,0.0,false,14.8,240.65502723694144,false
1,14,11:15,77,03:00,63,1,,,0.0,false,14.8,241.12227587509437,false
1,14,11:15,78,03:15,64,1,,,0.0,false,14.8,241.58952451324728,false
1,14,11:15,79,03:30,65,1,,,0.0,false,14.8,242.05677315140022,false
1,14,11:15,80,03:45,66,1,,,0.0,false,14.8,242.52402178955316,false
1,14,11:15,81,04:00,67,1,,,0.0,false,14.8,242.99127042770607,false
1,14,11:15,82,04:15,68,1,,,0.0,false,14.8,243.458519065859,false
1,14,11:15,83,04:30,69,1,,,0.0,false,14.8,243.92576770401195,false
1,14,11:15,84,04:45,70,1,,,0.0,false,14.8,244.39301634216488,false
1,14,11:15,85,05:00,71,1,,,0.0,false,14.8,244.8602649803178,false
1,14,11:15,86,05:15,72,1,,,0.0,false,14.8,245.32751361847073,false
1,14,11:15,87,05:30,73,1,,,0.0,false,14.8,245.79476225662364,false
1,14,11:15,88,05:45,74,1,,,0.0,false,14.8,246.26201089477658,false
1,14,11:15,89,06:00,75,1,,,0.0,false,14.8,246.72925953292952,false
1,14,11:15,90,06:15,76,1,,,0.0,false,14.8,247.19650817108243,false
1,14,11:15,91,06:30,77,1,,,0.0,false,14.8,247.66375680923537,false
1,14,11:15,92,06:45,78,1,,,0.0,false,14.8,248.1310054473883,false
1,14,11:15,93,07:00,79,1,,,0.0,false,14.8,248.59825408554124,false
1,14,11:15,94,07:15,80,1,,,0.0,false,14.8,249.06550272369415,false
1,14,11:15,95,07:30,81,1,,,0.0,false,14.8,249.5327513618471,false
1,14,11:15,96,07:45,82,1,,,0.0,false,14.8,250.0,false
1,15,11:30,15,11:30,0,1,,Digging,4.7925,false,6.9583315789472335,247.19650817108243,false
1,15,11:30,16,11:45,1,1,,Digging,4.7925,false,5.760206578947237,247.66375680923537,false
1,15,11:30,17,12:00,2,1,,,0.0,false,5.760206578947246,248.1310054473883,false
1,15,11:30,18,12:15,3,1,,,0.0,false,5.760206578947254,248.5982540855412,false
1,15,11:30,19,12:30,4,1,,,0.0,false,5.760206578947263,249.06550272369415,false
1,15,11:30,20,12:45,5,1,,,0.0,false,5.760206578947271,249.53275136184706,false
1,15,11:30,21,13:00,6,1,,,0.0,false,5.760206578947279,250.0,false
1,15,11:30,22,13:15,7,1,,,0.0,false,5.760206578947279,250.0,false
1,15,11:30,23,13:30,8,1,,Charging,0.0,true,7.660206578947278,247.89473684210526,false
1,15,11:30,24,13:45,9,1,,Charging,0.0,true,9.560206578947279,245.78947368421052,false
1,15,11:30,25,14:00,10,1,,Digging,4.7925,false,8.36208157894728,245.78947368421052,false
1,15,11:30,26,14:15,11,1,,Digging,4.7925,false,7.163956578947279,245.78947368421052,false
1,15,11:30,27,14:30,12,1,,Traveling,4.7101,false,5.986431578947279,245.78947368421052,true
1,15,11:30,28,14:45,13,1,,Charging,-1.7763568394002505e-15,true,7.886431578947279,243.68421052631578,true
1,15,11:30,29,15:00,14,1,,Loading/Swinging,3.1586,false,7.0967815789472795,243.68421052631578,false
1,15,11:30,30,15:15,15,1,,Loading/Swinging,3.1586,false,6.3071315789472795,243.68421052631578,false
1,15,11:30,31,15:30,16,1,,Loading/Swinging,3.1586,false,5.5174815789472795,243.68421052631578,false
1,15,11:30,32,15:45,17,1,,Charging,0.0,true,7.41748157894728,241.57894736842104,false
1,15,11:30,33,16:00,18,1,,Loading/Swinging,3.1586,false,6.62783157894728,241.57894736842104,false
1,15,11:30,34,16:15,19,1,,Traveling,4.7101,false,5.45030657894728,241.57894736842104,false
1,15,11:30,35,16:30,20,1,,Loading/Swinging,3.1586,false,4.66065657894728,241.57894736842104,false
1,15,11:30,36,16:45,21,1,,Loading/Swinging,3.1586,false,3.87100657894728,241.57894736842104,false
1,15,11:30,37,17:00,22,1,,Charging,0.0,true,5.771006578947279,239.4736842105263,false
1,15,11:30,38,17:15,23,1,,Charging,0.0,true,7.67100657894728,237.36842105263156,false
1,15,11:30,39,17:30,24,1,,Charging,0.0,true,9.57100657894728,235.26315789473682,false
1,15,11:30,40,17:45,25,1,,Charging,0.0,true,11.47100657894728,233.15789473684208,false
1,15,11:30,41,18:00,26,1,,Charging,0.0,true,13.37100657894728,231.05263157894734,false
1,15,11:30,42,18:15,27,1,,Charging,0.0,true,14.799999999999999,229.46925936725458,false
1,15,11:30,43,18:30,28,1,,,0.0,false,14.799999999999999,229.46925936725458,false
1,15,11:30,44,18:45,29,1,,,0.0,false,14.799999999999999,229.46925936725458,false
1,15,11:30,45,19:00,30,1,,,0.0,false,14.799999999999999,229.46925936725458,false
1,15,11:30,46,19:15,31,1,,,0.0,false,14.799999999999999,229.46925936725458,false
1,15,11:30,47,19:30,32,1,,,0.0,false,14.799999999999999,229.46925936725458,false
1,15,11:30,48,19:45,33,1,,,0.0,false,14.799999999999999,229.46925936725458,false
1,15,11:30,49,20:00,34,1,,,0.0,false,14.799999999999999,229.46925936725458,false
1,15,11:30,50,20:15,35,1,,,0.0,false,14.799999999999999,229.46925936725458,false
1,15,11:30,51,20:30,36,1,,,0.0,false,14.799999999999999,229.46925936725458,false
1,15,11:30,52,20:45,37,1,,,0.0,false,14.799999999999999,229.46925936725458,false
1,15,11:30,53,21:00,38,1,,,0.0,false,14.799999999999999,229.93650800540752,false
1,15,11:30,54,21:15,39,1,,,0.0,false,14.799999999999999,230.40375664356046,false
1,15,11:30,55,21:30,40,1,,,0.0,false,14.799999999999999,230.8710052817134,false
1,15,11:30,56,21:45,41,1,,,0.0,false,14.799999999999999,231.33825391986633,false
1,15,11:30,57,22:00,42,1,,,0.0,false,14.799999999999999,231.80550255801927,false
1,15,11:30,58,22:15,43,1,,,0.0,false,14.799999999999999,232.2727511961722,false
1,15,11:30,59,22:30,44,1,,,0.0,false,14.799999999999999,232.73999983432512,false
1,15,11:30,60,22:45,45,1,,,0.0,false,14.799999999999999,233.20724847247806,false
1,15,11:30,61,23:00,46,1,,,0.0,false,14.799999999999999,233.67449711063097,false
1,15,11:30,62,23:15,47,1,,,0.0,false,14.799999999999999,234.1417457487839,false
1,15,11:30,63,23:30,48,1,,,0.0,false,14.799999999999999,234.60899438693684,false
1,15,11:30,64,23:45,49,1,,,0.0,false,14.799999999999999,235.04804357910632,false
1,15,11:30,65,00:00,50,1,,,0.0,false,14.799999999999999,235.51529221725926,false
1,15,11:30,66,00:15,51,1,,,0.0,false,14.799999999999999,235.98254085541217,false
1,15,11:30,67,00:30,52,1,,,0.0,false,14.799999999999999,236.4497894935651,false
1,15,11:30,68,00:45,53,1,,,0.0,false,14.799999999999999,236.91703813171802,false
1,15,11:30,69,01:00,54,1,,,0.0,false,14.799999999999999,237.38428676987095,false
1,15,11:30,70,01:15,55,1,,,0.0,false,14.799999999999999,237.85153540802386,false
1,15,11:30,71,01:30,56,1,,,0.0,false,14.799999999999999,238.3187840461768,false
1,15,11:30,72,01:45,57,1,,,0.0,false,14.799999999999999,238.78603268432974,false
1,15,11:30,73,02:00,58,1,,,0.0,false,14.8,239.25328132248265,false
1,15,11:30,74,02:15,59,1,,,0.0,false,14.8,239.7205299606356,false
1,15,11:30,75,02:30,60,1,,,0.0,false,14.8,240.18777859878853,false
1,15,11:30,76,02:45,61,1,,,0.0,false,14.8,240.65502723694146,false
1,15,11:30,77,03:00,62,1,,,0.0,false,14.8,241.12227587509437,false
1,15,11:30,78,03:15,63,1,,,0.0,false,14.8,241.5895245132473,false
1,15,11:30,79,03:30,64,1,,,0.0,false,14.8,242.05677315140022,false
1,15,11:30,80,03:45,65,1,,,0.0,false,14.8,242.52402178955316,false
1,15,11:30,81,04:00,66,1,,,0.0,false,14.8,242.9912704277061,false
1,15,11:30,82,04:15,67,1,,,0.0,false,14.8,243.458519065859,false
1,15,11:30,83,04:30,68,1,,,0.0,false,14.8,243.92576770401195,false
1,15,11:30,84,04:45,69,1,,,0.0,false,14.8,244.39301634216488,false
1,15,11:30,85,05:00,70,1,,,0.0,false,14.8,244.86026498031782,false
1,15,11:30,86,05:15,71,1,,,0.0,false,14.8,245.32751361847073,false
1,15,11:30,87,05:30,72,1,,,0.0,false,14.8,245.79476225662367,false
1,15,11:30,88,05:45,73,1,,,0.0,false,14.8,246.26201089477658,false
1,15,11:30,89,06:00,74,1,,,0.0,false,14.8,246.72925953292952,false
1,15,11:30,90,06:15,75,1,,,0.0,false,14.8,247.19650817108246,false
1,15,11:30,91,06:30,76,1,,,0.0,false,14.8,247.66375680923537,false
1,15,11:30,92,06:45,77,1,,,0.0,false,14.8,248.1310054473883,false
1,15,11:30,93,07:00,78,1,,,0.0,false,14.8,248.5982540855412,false
1,15,11:30,94,07:15,79,1,,,0.0,false,14.8,249.06550272369415,false
1,15,11:30,95,07:30,80,1,,,0.0,false,14.8,249.5327513618471,false
1,15,11:30,96,07:45,81,1,,,0.0,false,14.8,250.0,false
1,16,11:45,16,11:45,0,1,,Digging,4.7925,false,5.623606578947234,247.66655585229756,false
1,16,11:45,17,12:00,1,1,,,0.0,false,5.623606578947234,248.1366035335127,false
1,16,11:45,18,12:15,2,1,,,0.0,false,5.623606578947234,248.5898569563546,false
1,16,11:45,19,12:30,3,1,,,0.0,false,5.623606578947234,249.05990463756973,false
1,16,11:45,20,12:45,4,1,,,0.0,false,5.623606578947234,249.52995231878486,false
1,16,11:45,21,13:00,5,1,,,0.0,false,5.623606578947234,250.0,false
1,16,11:45,22,13:15,6,1,,,0.0,false,5.623606578947233,250.0,false
1,16,11:45,23,13:30,7,1,,Charging,0.0,true,7.523606578947236,247.89473684210526,false
1,16,11:45,24,13:45,8,1,,Charging,0.0,true,9.423606578947236,245.78947368421052,false
1,16,11:45,25,14:00,9,1,,Digging,4.792499999999997,false,8.225481578947237,245.78947368421052,false
1,16,11:45,26,14:15,10,1,,Digging,4.7925,false,7.027356578947237,245.78947368421052,false
1,16,11:45,27,14:30,11,1,,Charging,0.0,true,8.59295,244.0547441317975,true
1,16,11:45,28,14:45,12,1,,Traveling,4.7101,false,7.415425000000001,244.0547441317975,true
1,16,11:45,29,15:00,13,1,,Loading/Swinging,3.1586,false,6.625775000000001,244.0547441317975,false
1,16,11:45,30,15:15,14,1,,Loading/Swinging,3.1586,false,5.836125000000001,244.0547441317975,false
1,16,11:45,31,15:30,15,1,,Loading/Swinging,3.1586,false,5.046475000000001,244.0547441317975,false
1,16,11:45,32,15:45,16,1,,Charging,0.0,true,6.946475,241.94948097390275,false
1,16,11:45,33,16:00,17,1,,Loading/Swinging,3.1586,false,6.156825,241.94948097390275,false
1,16,11:45,34,16:15,18,1,,Traveling,4.710100000000001,false,4.9793,241.94948097390275,false
1,16,11:45,35,16:30,19,1,,Loading/Swinging,3.1586,false,4.18965,241.94948097390275,false
1,16,11:45,36,16:45,20,1,,Loading/Swinging,3.1586,false,3.4000000000000004,241.94948097390275,false
1,16,11:45,37,17:00,21,1,,Charging,0.0,true,5.300000000000001,239.844217816008,false
1,16,11:45,38,17:15,22,1,,Charging,0.0,true,7.2,237.73895465811327,false
1,16,11:45,39,17:30,23,1,,Charging,0.0,true,9.1,235.63369150021856,false
1,16,11:45,40,17:45,24,1,,Charging,0.0,true,11.0,233.52842834232382,false
1,16,11:45,41,18:00,25,1,,Charging,0.0,true,12.9,231.42316518442908,false
1,16,11:45,42,18:15,26,1,,Charging,0.0,true,14.8,229.31790202653434,false
1,16,11:45,43,18:30,27,1,,,0.0,false,14.8,229.31790202653434,false
1,16,11:45,44,18:45,28,1,,,0.0,false,14.8,229.31790202653434,false
1,16,11:45,45,19:00,29,1,,,0.0,false,14.8,229.31790202653434,false
1,16,11:45,46,19:15,30,1,,,0.0,false,14.8,229.31790202653434,false
1,16,11:45,47,19:30,31,1,,,0.0,false,14.8,229.31790202653434,false
1,16,11:45,48,19:45,32,1,,,0.0,false,14.8,229.31790202653434,false
1,16,11:45,49,20:00,33,1,,,0.0,false,14.8,229.31790202653434,false
1,16,11:45,50,20:15,34,1,,,0.0,false,14.8,229.31790202653434,false
1,16,11:45,51,20:30,35,1,,,0.0,false,14.8,229.31790202653434,false
1,16,11:45,52,20:45,36,1,,,0.0,false,14.8,229.31790202653434,false
1,16,11:45,53,21:00,37,1,,,0.0,false,14.8,229.78794970774948,false
1,16,11:45,54,21:15,38,1,,,0.0,false,14.8,230.2579973889646,false
1,16,11:45,55,21:30,39,1,,,0.0,false,14.8,230.72804507017966,false
1,16,11:45,56,21:45,40,1,,,0.0,false,14.8,231.1980927513948,false
1,16,11:45,57,22:00,41,1,,,0.0,false,14.8,231.66814043260993,false
1,16,11:45,58,22:15,42,1,,,0.0,false,14.8,232.13818811382507,false
1,16,11:45,59,22:30,43,1,,,0.0,false,14.8,232.6082357950402,false
1,16,11:45,60,22:45,44,1,,,0.0,false,14.8,233.07828347625534,false
1,16,11:45,61,23:00,45,1,,,0.0,false,14.8,233.54833115747047,false
1,16,11:45,62,23:15,46,1,,,0.0,false,14.8,234.0183788386856,false
1,16,11:45,63,23:30,47,1,,,0.0,false,14.8,234.48842651990074,false
1,16,11:45,64,23:45,48,1,,,0.0,false,14.8,234.95847420111582,false
1,16,11:45,65,00:00,49,1,,,0.0,false,14.8,235.42852188233095,false
1,16,11:45,66,00:15,50,1,,,0.0,false,14.8,235.8985695635461,false
1,16,11:45,67,00:30,51,1,,,0.0,false,14.8,236.36861724476123,false
1,16,11:45,68,00:45,52,1,,,0.0,false,14.8,236.83866492597636,false
1,16,11:45,69,01:00,53,1,,,0.0,false,14.8,237.3087126071915,false
1,16,11:45,70,01:15,54,1,,,0.0,false,14.8,237.77876028840663,false
1,16,11:45,71,01:30,55,1,,,0.0,false,14.8,238.24880796962177,false
1,16,11:45,72,01:45,56,1,,,0.0,false,14.8,238.7188556508369,false
1,16,11:45,73,02:00,57,1,,,0.0,false,14.8,239.18890333205198,false
1,16,11:45,74,02:15,58,1,,,0.0,false,14.8,239.6589510132671,false
1,16,11:45,75,02:30,59,1,,,0.0,false,14.8,240.12899869448225,false
1,16,11:45,76,02:45,60,1,,,0.0,false,14.8,240.59904637569738,false
1,16,11:45,77,03:00,61,1,,,0.0,false,14.8,241.06909405691252,false
1,16,11:45,78,03:15,62,1,,,0.0,false,14.8,241.53914173812765,false
1,16,11:45,79,03:30,63,1,,,0.0,false,14.8,242.0091894193428,false
1,16,11:45,80,03:45,64,1,,,0.0,false,14.8,242.47923710055792,false
1,16,11:45,81,04:00,65,1,,,0.0,false,14.8,242.94928478177306,false
1,16,11:45,82,04:15,66,1,,,0.0,false,14.8,243.41933246298814,false
1,16,11:45,83,04:30,67,1,,,0.0,false,14.8,243.88938014420327,false
1,16,11:45,84,04:45,68,1,,,0.0,false,14.8,244.3594278254184,false
1,16,11:45,85,05:00,69,1,,,0.0,false,14.8,244.82947550663354,false
1,16,11:45,86,05:15,70,1,,,0.0,false,14.8,245.29952318784868,false
1,16,11:45,87,05:30,71,1,,,0.0,false,14.8,245.7695708690638,false
1,16,11:45,88,05:45,72,1,,,0.0,false,14.8,246.23961855027895,false
1,16,11:45,89,06:00,73,1,,,0.0,false,14.8,246.70966623149408,false
1,16,11:45,90,06:15,74,1,,,0.0,false,14.8,247.17971391270922,false
1,16,11:45,91,06:30,75,1,,,0.0,false,14.8,247.64976159392432,false
1,16,11:45,92,06:45,76,1,,,0.0,false,14.8,248.11980927513946,false
1,16,11:45,93,07:00,77,1,,,0.0,false,14.8,248.5898569563546,false
1,16,11:45,94,07:15,78,1,,,0.0,false,14.8,249.05990463756973,false
1,16,11:45,95,07:30,79,1,,,0.0,false,14.8,249.52995231878486,false
1,16,11:45,96,07:45,80,1,,,0.0,false,14.8,250.0,false
1,17,12:00,17,12:00,0,1,,,0.0,false,5.6081315789472335,248.13699323384006,false
1,17,12:00,18,12:15,1,1,,,0.0,false,5.6081315789472335,248.5886878553725,false
1,17,12:00,19,12:30,2,1,,,0.0,false,5.6081315789472335,249.059125236915,false
1,17,12:00,20,12:45,3,1,,,0.0,false,5.6081315789472335,249.5295626184575,false
1,17,12:00,21,13:00,4,1,,,0.0,false,5.6081315789472335,250.0,false
1,17,12:00,22,13:15,5,1,,,0.0,false,5.6081315789472335,250.0,false
1,17,12:00,23,13:30,6,1,,Charging,0.0,true,7.1892,248.24812363318253,false
1,17,12:00,24,13:45,7,1,,Charging,0.0,true,9.0892,246.1428604752878,false
1,17,12:00,25,14:00,8,1,,Digging,4.7925,false,7.891075,246.1428604752878,false
1,17,12:00,26,14:15,9,1,,Digging,4.7925,false,6.69295,246.1428604752878,false
1,17,12:00,27,14:30,10,1,,Charging,0.0,true,8.59295,244.03759731739305,false
1,17,12:00,28,14:45,11,1,,Traveling,4.7101,false,7.415425000000001,244.03759731739305,false
1,17,12:00,29,15:00,12,1,,Loading/Swinging,3.1586,false,6.625775000000001,244.03759731739305,false
1,17,12:00,30,15:15,13,1,,Loading/Swinging,3.1586,false,5.836125000000001,244.03759731739305,false
1,17,12:00,31,15:30,14,1,,Loading/Swinging,3.1586,false,5.046475000000001,244.03759731739305,false
1,17,12:00,32,15:45,15,1,,Charging,0.0,true,6.946475,241.9323341594983,false
1,17,12:00,33,16:00,16,1,,Loading/Swinging,3.1586,false,6.156825,241.9323341594983,false
1,17,12:00,34,16:15,17,1,,Traveling,4.7101,false,4.9793,241.9323341594983,false
1,17,12:00,35,16:30,18,1,,Loading/Swinging,3.1586,false,4.18965,241.9323341594983,false
1,17,12:00,36,16:45,19,1,,Loading/Swinging,3.1586,false,3.4000000000000004,241.9323341594983,false
1,17,12:00,37,17:00,20,1,,Charging,0.0,true,5.300000000000001,239.82707100160357,false
1,17,12:00,38,17:15,21,1,,Charging,0.0,true,7.2,237.72180784370883,false
1,17,12:00,39,17:30,22,1,,Charging,0.0,true,9.1,235.6165446858141,false
1,17,12:00,40,17:45,23,1,,Charging,0.0,true,11.0,233.51128152791935,false
1,17,12:00,41,18:00,24,1,,Charging,0.0,true,12.9,231.4060183700246,false
1,17,12:00,42,18:15,25,1,,Charging,0.0,true,14.8,229.30075521212987,false
1,17,12:00,43,18:30,26,1,,,0.0,false,14.8,229.30075521212987,false
1,17,12:00,44,18:45,27,1,,,0.0,false,14.8,229.30075521212987,false
1,17,12:00,45,19:00,28,1,,,0.0,false,14.8,229.30075521212987,false
1,17,12:00,46,19:15,29,1,,,0.0,false,14.8,229.30075521212987,false
1,17,12:00,47,19:30,30,1,,,0.0,false,14.8,229.30075521212987,false
1,17,12:00,48,19:45,31,1,,,0.0,false,14.8,229.30075521212987,false
1,17,12:00,49,20:00,32,1,,,0.0,false,14.8,229.30075521212987,false
1,17,12:00,50,20:15,33,1,,,0.0,false,14.8,229.30075521212987,false
1,17,12:00,51,20:30,34,1,,,0.0,false,14.8,229.30075521212987,false
1,17,12:00,52,20:45,35,1,,,0.0,false,14.8,229.30075521212987,false
1,17,12:00,53,21:00,36,1,,,0.0,false,14.8,229.77119259367237,false
1,17,12:00,54,21:15,37,1,,,0.0,false,14.8,230.2416299752149,false
1,17,12:00,55,21:30,38,1,,,0.0,false,14.8,230.7120673567574,false
1,17,12:00,56,21:45,39,1,,,0.0,false,14.8,231.18250473829988,false
1,17,12:00,57,22:00,40,1,,,0.0,false,14.8,231.65294211984238,false
1,17,12:00,58,22:15,41,1,,,0.0,false,14.8,232.1233795013849,false
1,17,12:00,59,22:30,42,1,,,0.0,false,14.8,232.5938168829274,false
1,17,12:00,60,22:45,43,1,,,0.0,false,14.8,233.0642542644699,false
1,17,12:00,61,23:00,44,1,,,0.0,false,14.8,233.53469164601242,false
1,17,12:00,62,23:15,45,1,,,0.0,false,14.8,234.00512902755491,false
1,17,12:00,63,23:30,46,1,,,0.0,false,14.8,234.4755664090974,false
1,17,12:00,64,23:45,47,1,,,0.0,false,14.8,234.9460037906399,false
1,17,12:00,65,00:00,48,1,,,0.0,false,14.8,235.41644117218243,false
1,17,12:00,66,00:15,49,1,,,0.0,false,14.8,235.88687855372493,false
1,17,12:00,67,00:30,50,1,,,0.0,false,14.8,236.35731593526742,false
1,17,12:00,68,00:45,51,1,,,0.0,false,14.8,236.82775331680992,false
1,17,12:00,69,01:00,52,1,,,0.0,false,14.8,237.2981906983524,false
1,17,12:00,70,01:15,53,1,,,0.0,false,14.8,237.76862807989494,false
1,17,12:00,71,01:30,54,1,,,0.0,false,14.8,238.23906546143743,false
1,17,12:00,72,01:45,55,1,,,0.0,false,14.8,238.70950284297993,false
1,17,12:00,73,02:00,56,1,,,0.0,false,14.8,239.17994022452243,false
1,17,12:00,74,02:15,57,1,,,0.0,false,14.8,239.65037760606495,false
1,17,12:00,75,02:30,58,1,,,0.0,false,14.8,240.12081498760745,false
1,17,12:00,76,02:45,59,1,,,0.0,false,14.8,240.59125236914994,false
1,17,12:00,77,03:00,60,1,,,0.0,false,14.8,241.06168975069244,false
1,17,12:00,78,03:15,61,1,,,0.0,false,14.8,241.53212713223493,false
1,17,12:00,79,03:30,62,1,,,0.0,false,14.8,242.00256451377746,false
1,17,12:00,80,03:45,63,1,,,0.0,false,14.8,242.47300189531995,false
1,17,12:00,81,04:00,64,1,,,0.0,false,14.8,242.94343927686245,false
1,17,12:00,82,04:15,65,1,,,0.0,false,14.8,243.41387665840494,false
1,17,12:00,83,04:30,66,1,,,0.0,false,14.8,243.88431403994753,false
1,17,12:00,84,04:45,67,1,,,0.0,false,14.8,244.35475142149002,false
1,17,12:00,85,05:00,68,1,,,0.0,false,14.8,244.82518880303252,false
1,17,12:00,86,05:15,69,1,,,0.0,false,14.8,245.295626184575,false
1,17,12:00,87,05:30,70,1,,,0.0,false,14.8,245.7660635661175,false
1,17,12:00,88,05:45,71,1,,,0.0,false,14.8,246.23650094766,false
1,17,12:00,89,06:00,72,1,,,0.0,false,14.8,246.7069383292025,false
1,17,12:00,90,06:15,73,1,,,0.0,false,14.8,247.177375710745,false
1,17,12:00,91,06:30,74,1,,,0.0,false,14.8,247.6478130922875,false
1,17,12:00,92,06:45,75,1,,,0.0,false,14.8,248.11825047383,false
1,17,12:00,93,07:00,76,1,,,0.0,false,14.8,248.58868785537248,false
1,17,12:00,94,07:15,77,1,,,0.0,false,14.8,249.05912523691498,false
1,17,12:00,95,07:30,78,1,,,0.0,false,14.8,249.52956261845748,false
1,17,12:00,96,07:45,79,1,,,0.0,false,14.8,250.0,false
1,18,12:15,18,12:15,0,1,,,0.0,false,5.6081315789472335,248.5886878553725,false
1,18,12:15,19,12:30,1,1,,,0.0,false,5.6081315789472335,249.059125236915,false
1,18,12:15,20,12:45,2,1,,,0.0,false,5.6081315789472335,249.5295626184575,false
1,18,12:15,21,13:00,3,1,,,0.0,false,5.6081315789472335,250.0,false
1,18,12:15,22,13:15,4,1,,,0.0,false,5.608131578947234,250.0,false
1,18,12:15,23,13:30,5,1,,Charging,0.0,true,7.189200000000001,248.24812363318253,false
1,18,12:15,24,13:45,6,1,,Charging,0.0,true,9.089200000000002,246.1428604752878,false
1,18,12:15,25,14:00,7,1,,Digging,4.792500000000004,false,7.891075000000001,246.1428604752878,false
1,18,12:15,26,14:15,8,1,,Digging,4.7925,false,6.692950000000001,246.1428604752878,false
1,18,12:15,27,14:30,9,1,,Charging,1.7763568394002505e-15,true,8.59295,244.03759731739305,false
1,18,12:15,28,14:45,10,1,,Traveling,4.7101,false,7.415425000000001,244.03759731739305,false
1,18,12:15,29,15:00,11,1,,Loading/Swinging,3.1586,false,6.625775000000001,244.03759731739305,false
1,18,12:15,30,15:15,12,1,,Loading/Swinging,3.1586,false,5.836125000000001,244.03759731739305,false
1,18,12:15,31,15:30,13,1,,Loading/Swinging,3.1586,false,5.046475000000001,244.03759731739305,false
1,18,12:15,32,15:45,14,1,,Charging,0.0,true,6.946475,241.9323341594983,false
1,18,12:15,33,16:00,15,1,,Loading/Swinging,3.1586,false,6.156825,241.9323341594983,false
1,18,12:15,34,16:15,16,1,,Traveling,4.710100000000001,false,4.9793,241.9323341594983,false
1,18,12:15,35,16:30,17,1,,Loading/Swinging,3.1586,false,4.18965,241.9323341594983,false
1,18,12:15,36,16:45,18,1,,Loading/Swinging,3.1586,false,3.4000000000000004,241.9323341594983,false
1,18,12:15,37,17:00,19,1,,Charging,0.0,true,5.300000000000001,239.82707100160357,false
1,18,12:15,38,17:15,20,1,,Charging,0.0,true,7.199999999999999,237.72180784370883,false
1,18,12:15,39,17:30,21,1,,Charging,0.0,true,9.1,235.6165446858141,false
1,18,12:15,40,17:45,22,1,,Charging,0.0,true,10.999999999999998,233.51128152791935,false
1,18,12:15,41,18:00,23,1,,Charging,0.0,true,12.899999999999999,231.40601837002464,false
1,18,12:15,42,18:15,24,1,,Charging,0.0,true,14.8,229.3007552121299,false
1,18,12:15,43,18:30,25,1,,,0.0,false,14.8,229.3007552121299,false
1,18,12:15,44,18:45,26,1,,,0.0,false,14.8,229.3007552121299,false
1,18,12:15,45,19:00,27,1,,,0.0,false,14.8,229.3007552121299,false
1,18,12:15,46,19:15,28,1,,,0.0,false,14.8,229.3007552121299,false
1,18,12:15,47,19:30,29,1,,,0.0,false,14.8,229.3007552121299,false
1,18,12:15,48,19:45,30,1,,,0.0,false,14.8,229.3007552121299,false
1,18,12:15,49,20:00,31,1,,,0.0,false,14.8,229.3007552121299,false
1,18,12:15,50,20:15,32,1,,,0.0,false,14.8,229.3007552121299,false
1,18,12:15,51,20:30,33,1,,,0.0,false,14.8,229.30075521212993,false
1,18,12:15,52,20:45,34,1,,,0.0,false,14.8,229.30075521212993,false
1,18,12:15,53,21:00,35,1,,,0.0,false,14.8,229.77119259367242,false
1,18,12:15,54,21:15,36,1,,,0.0,false,14.8,230.24162997521492,false
1,18,12:15,55,21:30,37,1,,,0.0,false,14.8,230.71206735675742,false
1,18,12:15,56,21:45,38,1,,,0.0,false,14.8,231.1825047382999,false
1,18,12:15,57,22:00,39,1,,,0.0,false,14.8,231.65294211984244,false
1,18,12:15,58,22:15,40,1,,,0.0,false,14.8,232.12337950138493,false
1,18,12:15,59,22:30,41,1,,,0.0,false,14.8,232.59381688292743,false
1,18,12:15,60,22:45,42,1,,,0.0,false,14.8,233.06425426446992,false
1,18,12:15,61,23:00,43,1,,,0.0,false,14.8,233.53469164601242,false
1,18,12:15,62,23:15,44,1,,,0.0,false,14.8,234.00512902755494,false
1,18,12:15,63,23:30,45,1,,,0.0,false,14.8,234.47556640909744,false
1,18,12:15,64,23:45,46,1,,,0.0,false,14.8,234.9460037906399,false
1,18,12:15,65,00:00,47,1,,,0.0,false,14.8,235.4164411721824,false
1,18,12:15,66,00:15,48,1,,,0.0,false,14.8,235.8868785537249,false
1,18,12:15,67,00:30,49,1,,,0.0,false,14.8,236.3573159352674,false
1,18,12:15,68,00:45,50,1,,,0.0,false,14.8,236.82775331680992,false
1,18,12:15,69,01:00,51,1,,,0.0,false,14.8,237.2981906983524,false
1,18,12:15,70,01:15,52,1,,,0.0,false,14.8,237.7686280798949,false
1,18,12:15,71,01:30,53,1,,,0.0,false,14.8,238.2390654614374,false
1,18,12:15,72,01:45,54,1,,,0.0,false,14.8,238.7095028429799,false
1,18,12:15,73,02:00,55,1,,,0.0,false,14.8,239.1799402245224,false
1,18,12:15,74,02:15,56,1,,,0.0,false,14.8,239.6503776060649,false
1,18,12:15,75,02:30,57,1,,,0.0,false,14.8,240.12081498760742,false
1,18,12:15,76,02:45,58,1,,,0.0,false,14.8,240.5912523691499,false
1,18,12:15,77,03:00,59,1,,,0.0,false,14.8,241.06168975069244,false
1,18,12:15,78,03:15,60,1,,,0.0,false,14.8,241.53212713223493,false
1,18,12:15,79,03:30,61,1,,,0.0,false,14.8,242.00256451377743,false
1,18,12:15,80,03:45,62,1,,,0.0,false,14.8,242.47300189531992,false
1,18,12:15,81,04:00,63,1,,,0.0,false,14.8,242.94343927686242,false
1,18,12:15,82,04:15,64,1,,,0.0,false,14.8,243.41387665840497,false
1,18,12:15,83,04:30,65,1,,,0.0,false,14.8,243.88431403994747,false
1,18,12:15,84,04:45,66,1,,,0.0,false,14.8,244.35475142148996,false
1,18,12:15,85,05:00,67,1,,,0.0,false,14.8,244.82518880303246,false
1,18,12:15,86,05:15,68,1,,,0.0,false,14.8,245.29562618457496,false
1,18,12:15,87,05:30,69,1,,,0.0,false,14.8,245.76606356611745,false
1,18,12:15,88,05:45,70,1,,,0.0,false,14.8,246.23650094765995,false
1,18,12:15,89,06:00,71,1,,,0.0,false,14.8,246.70693832920247,false
1,18,12:15,90,06:15,72,1,,,0.0,false,14.8,247.17737571074497,false
1,18,12:15,91,06:30,73,1,,,0.0,false,14.8,247.6478130922875,false
1,18,12:15,92,06:45,74,1,,,0.0,false,14.8,248.11825047383,false
1,18,12:15,93,07:00,75,1,,,0.0,false,14.8,248.58868785537248,false
1,18,12:15,94,07:15,76,1,,,0.0,false,14.8,249.05912523691498,false
1,18,12:15,95,07:30,77,1,,,0.0,false,14.8,249.52956261845748,false
1,18,12:15,96,07:45,78,1,,,0.0,false,14.8,250.0,false
1,19,12:30,19,12:30,0,1,,,0.0,false,5.6081315789472335,249.059125236915,false
1,19,12:30,20,12:45,1,1,,,0.0,false,5.6081315789472335,249.5295626184575,false
1,19,12:30,21,13:00,2,1,,,0.0,false,5.6081315789472335,250.0,false
1,19,12:30,22,13:15,3,1,,,0.0,false,5.6081315789472335,250.0,false
1,19,12:30,23,13:30,4,1,,Charging,0.0,true,7.508131578947235,247.89473684210526,false
1,19,12:30,24,13:45,5,1,,Charging,0.0,true,9.089199999999995,246.1428604752878,false
1,19,12:30,25,14:00,6,1,,Digging,4.792500000000013,false,7.891074999999985,246.14286047528782,false
1,19,12:30,26,14:15,7,1,,Digging,4.7925,false,6.692949999999985,246.14286047528782,false
1,19,12:30,27,14:30,8,1,,Charging,0.0,true,8.592949999999984,244.03759731739308,false
1,19,12:30,28,14:45,9,1,,Traveling,4.710099999999997,false,7.415424999999985,244.03759731739308,false
1,19,12:30,29,15:00,10,1,,Loading/Swinging,3.158599999999994,false,6.62577499999999,244.03759731739308,false
1,19,12:30,30,15:15,11,1,,Loading/Swinging,3.1586,false,5.83612499999999,244.03759731739308,false
1,19,12:30,31,15:30,12,1,,Loading/Swinging,3.1586,false,5.04647499999999,244.03759731739308,false
1,19,12:30,32,15:45,13,1,,Charging,0.0,true,6.946474999999987,241.93233415949834,false
1,19,12:30,33,16:00,14,1,,Loading/Swinging,3.1586,false,6.156824999999987,241.93233415949834,false
1,19,12:30,34,16:15,15,1,,Traveling,4.7101,false,4.979299999999987,241.93233415949834,false
1,19,12:30,35,16:30,16,1,,Loading/Swinging,3.1586,false,4.189649999999987,241.93233415949834,false
1,19,12:30,36,16:45,17,1,,Loading/Swinging,3.1586,false,3.399999999999987,241.93233415949834,false
1,19,12:30,37,17:00,18,1,,Charging,0.0,true,5.2999999999999865,239.8270710016036,false
1,19,12:30,38,17:15,19,1,,Charging,0.0,true,7.199999999999987,237.72180784370886,false
1,19,12:30,39,17:30,20,1,,Charging,0.0,true,9.099999999999989,235.61654468581412,false
1,19,12:30,40,17:45,21,1,,Charging,0.0,true,10.999999999999991,233.51128152791938,false
1,19,12:30,41,18:00,22,1,,Charging,0.0,true,12.89999999999999,231.40601837002464,false
1,19,12:30,42,18:15,23,1,,Charging,0.0,true,14.79999999999998,229.30075521212993,false
1,19,12:30,43,18:30,24,1,,,0.0,false,14.8,229.3007552121299,false
1,19,12:30,44,18:45,25,1,,,0.0,false,14.8,229.3007552121299,false
1,19,12:30,45,19:00,26,1,,,0.0,false,14.8,229.3007552121299,false
1,19,12:30,46,19:15,27,1,,,0.0,false,14.8,229.3007552121299,false
1,19,12:30,47,19:30,28,1,,,0.0,false,14.8,229.3007552121299,false
1,19,12:30,48,19:45,29,1,,,0.0,false,14.8,229.3007552121299,false
1,19,12:30,49,20:00,30,1,,,0.0,false,14.8,229.3007552121299,false
1,19,12:30,50,20:15,31,1,,,0.0,false,14.8,229.3007552121299,false
1,19,12:30,51,20:30,32,1,,,0.0,false,14.8,229.3007552121299,false
1,19,12:30,52,20:45,33,1,,,0.0,false,14.8,229.3007552121299,false
1,19,12:30,53,21:00,34,1,,,0.0,false,14.8,229.7711925936724,false
1,19,12:30,54,21:15,35,1,,,0.0,false,14.8,230.2416299752149,false
1,19,12:30,55,21:30,36,1,,,0.0,false,14.8,230.7120673567574,false
1,19,12:30,56,21:45,37,1,,,0.0,false,14.8,231.18250473829988,false
1,19,12:30,57,22:00,38,1,,,0.0,false,14.8,231.65294211984238,false
1,19,12:30,58,22:15,39,1,,,0.0,false,14.8,232.12337950138487,false
1,19,12:30,59,22:30,40,1,,,0.0,false,14.8,232.59381688292737,false
1,19,12:30,60,22:45,41,1,,,0.0,false,14.8,233.06425426446987,false
1,19,12:30,61,23:00,42,1,,,0.0,false,14.8,233.53469164601236,false
1,19,12:30,62,23:15,43,1,,,0.0,false,14.8,234.00512902755486,false
1,19,12:30,63,23:30,44,1,,,0.0,false,14.8,234.47556640909735,false
1,19,12:30,64,23:45,45,1,,,0.0,false,14.8,234.94600379063988,false
1,19,12:30,65,00:00,46,1,,,0.0,false,14.8,235.4164411721824,false
1,19,12:30,66,00:15,47,1,,,0.0,false,14.8,235.8868785537249,false
1,19,12:30,67,00:30,48,1,,,0.0,false,14.8,236.3573159352674,false
1,19,12:30,68,00:45,49,1,,,0.0,false,14.8,236.8277533168099,false
1,19,12:30,69,01:00,50,1,,,0.0,false,14.8,237.2981906983524,false
1,19,12:30,70,01:15,51,1,,,0.0,false,14.8,237.7686280798949,false
1,19,12:30,71,01:30,52,1,,,0.0,false,14.8,238.2390654614374,false
1,19,12:30,72,01:45,53,1,,,0.0,false,14.8,238.7095028429799,false
1,19,12:30,73,02:00,54,1,,,0.0,false,14.8,239.1799402245224,false
1,19,12:30,74,02:15,55,1,,,0.0,false,14.8,239.65037760606492,false
1,19,12:30,75,02:30,56,1,,,0.0,false,14.8,240.12081498760742,false
1,19,12:30,76,02:45,57,1,,,0.0,false,14.8,240.5912523691499,false
1,19,12:30,77,03:00,58,1,,,0.0,false,14.8,241.0616897506924,false
1,19,12:30,78,03:15,59,1,,,0.0,false,14.8,241.53212713223493,false
1,19,12:30,79,03:30,60,1,,,0.0,false,14.8,242.00256451377743,false
1,19,12:30,80,03:45,61,1,,,0.0,false,14.8,242.47300189531992,false
1,19,12:30,81,04:00,62,1,,,0.0,false,14.8,242.94343927686242,false
1,19,12:30,82,04:15,63,1,,,0.0,false,14.8,243.41387665840492,false
1,19,12:30,83,04:30,64,1,,,0.0,false,14.8,243.88431403994744,false
1,19,12:30,84,04:45,65,1,,,0.0,false,14.8,244.35475142148994,false
1,19,12:30,85,05:00,66,1,,,0.0,false,14.8,244.82518880303243,false
1,19,12:30,86,05:15,67,1,,,0.0,false,14.8,245.29562618457493,false
1,19,12:30,87,05:30,68,1,,,0.0,false,14.8,245.76606356611748,false
1,19,12:30,88,05:45,69,1,,,0.0,false,14.8,246.23650094765998,false
1,19,12:30,89,06:00,70,1,,,0.0,false,14.8,246.70693832920247,false
1,19,12:30,90,06:15,71,1,,,0.0,false,14.8,247.17737571074497,false
1,19,12:30,91,06:30,72,1,,,0.0,false,14.8,247.64781309228746,false
1,19,12:30,92,06:45,73,1,,,0.0,false,14.8,248.11825047383,false
1,19,12:30,93,07:00,74,1,,,0.0,false,14.8,248.58868785537248,false
1,19,12:30,94,07:15,75,1,,,0.0,false,14.8,249.05912523691498,false
1,19,12:30,95,07:30,76,1,,,0.0,false,14.8,249.52956261845748,false
1,19,12:30,96,07:45,77,1,,,0.0,false,14.8,250.0,false
1,20,12:45,20,12:45,0,1,,,0.0,false,5.6081315789472335,249.5295626184575,false
1,20,12:45,21,13:00,1,1,,,0.0,false,5.6081315789472335,250.0,false
1,20,12:45,22,13:15,2,1,,,0.0,false,5.6081315789472335,250.0,false
1,20,12:45,23,13:30,3,1,,Charging,0.0,true,7.189200000000001,248.24812363318253,false
1,20,12:45,24,13:45,4,1,,Charging,0.0,true,9.089200000000002,246.1428604752878,false
1,20,12:45,25,14:00,5,1,,Loading/Swinging,3.158600000000007,false,8.29955,246.1428604752878,true
1,20,12:45,26,14:15,6,1,,Digging,4.792499999999997,false,7.101425000000001,246.1428604752878,false
1,20,12:45,27,14:30,7,1,,Charging,-1.7763568394002505e-15,true,9.001425000000001,244.03759731739305,false
1,20,12:45,28,14:45,8,1,,Traveling,4.710100000000001,false,7.823900000000001,244.03759731739305,false
1,20,12:45,29,15:00,9,1,,Digging,4.7925,false,6.625775000000001,244.03759731739305,true
1,20,12:45,30,15:15,10,1,,Loading/Swinging,3.1586,false,5.836125000000001,244.03759731739305,false
1,20,12:45,31,15:30,11,1,,Loading/Swinging,3.1586,false,5.046475000000001,244.03759731739305,false
1,20,12:45,32,15:45,12,1,,Charging,0.0,true,6.946475,241.9323341594983,false
1,20,12:45,33,16:00,13,1,,Loading/Swinging,3.1586,false,6.156825,241.9323341594983,false
1,20,12:45,34,16:15,14,1,,Traveling,4.710100000000001,false,4.9793,241.9323341594983,false
1,20,12:45,35,16:30,15,1,,Loading/Swinging,3.1586,false,4.18965,241.9323341594983,false
1,20,12:45,36,16:45,16,1,,Loading/Swinging,3.1586,false,3.4000000000000004,241.9323341594983,false
1,20,12:45,37,17:00,17,1,,Charging,0.0,true,5.299999999999999,239.82707100160357,false
1,20,12:45,38,17:15,18,1,,Charging,0.0,true,7.199999999999999,237.72180784370883,false
1,20,12:45,39,17:30,19,1,,Charging,0.0,true,9.1,235.6165446858141,false
1,20,12:45,40,17:45,20,1,,Charging,0.0,true,10.999999999999998,233.51128152791935,false
1,20,12:45,41,18:00,21,1,,Charging,0.0,true,12.899999999999999,231.4060183700246,false
1,20,12:45,42,18:15,22,1,,Charging,0.0,true,14.8,229.30075521212987,false
1,20,12:45,43,18:30,23,1,,,0.0,false,14.8,229.30075521212987,false
1,20,12:45,44,18:45,24,1,,,0.0,false,14.8,229.30075521212987,false
1,20,12:45,45,19:00,25,1,,,0.0,false,14.8,229.30075521212987,false
1,20,12:45,46,19:15,26,1,,,0.0,false,14.8,229.30075521212987,false
1,20,12:45,47,19:30,27,1,,,0.0,false,14.8,229.30075521212987,false
1,20,12:45,48,19:45,28,1,,,0.0,false,14.8,229.30075521212987,false
1,20,12:45,49,20:00,29,1,,,0.0,false,14.8,229.30075521212987,false
1,20,12:45,50,20:15,30,1,,,0.0,false,14.8,229.30075521212987,false
1,20,12:45,51,20:30,31,1,,,0.0,false,14.8,229.30075521212987,false
1,20,12:45,52,20:45,32,1,,,0.0,false,14.8,229.30075521212987,false
1,20,12:45,53,21:00,33,1,,,0.0,false,14.8,229.77119259367237,false
1,20,12:45,54,21:15,34,1,,,0.0,false,14.8,230.24162997521486,false
1,20,12:45,55,21:30,35,1,,,0.0,false,14.8,230.71206735675736,false
1,20,12:45,56,21:45,36,1,,,0.0,false,14.8,231.18250473829985,false
1,20,12:45,57,22:00,37,1,,,0.0,false,14.8,231.65294211984235,false
1,20,12:45,58,22:15,38,1,,,0.0,false,14.8,232.12337950138485,false
1,20,12:45,59,22:30,39,1,,,0.0,false,14.8,232.59381688292734,false
1,20,12:45,60,22:45,40,1,,,0.0,false,14.8,233.06425426446984,false
1,20,12:45,61,23:00,41,1,,,0.0,false,14.8,233.53469164601233,false
1,20,12:45,62,23:15,42,1,,,0.0,false,14.8,234.00512902755483,false
1,20,12:45,63,23:30,43,1,,,0.0,false,14.8,234.47556640909733,false
1,20,12:45,64,23:45,44,1,,,0.0,false,14.8,234.9460037906399,false
1,20,12:45,65,00:00,45,1,,,0.0,false,14.8,235.4164411721824,false
1,20,12:45,66,00:15,46,1,,,0.0,false,14.8,235.8868785537249,false
1,20,12:45,67,00:30,47,1,,,0.0,false,14.8,236.3573159352674,false
1,20,12:45,68,00:45,48,1,,,0.0,false,14.8,236.8277533168099,false
1,20,12:45,69,01:00,49,1,,,0.0,false,14.8,237.29819069835239,false
1,20,12:45,70,01:15,50,1,,,0.0,false,14.8,237.76862807989494,false
1,20,12:45,71,01:30,51,1,,,0.0,false,14.8,238.23906546143743,false
1,20,12:45,72,01:45,52,1,,,0.0,false,14.8,238.70950284297993,false
1,20,12:45,73,02:00,53,1,,,0.0,false,14.8,239.17994022452243,false
1,20,12:45,74,02:15,54,1,,,0.0,false,14.8,239.65037760606492,false
1,20,12:45,75,02:30,55,1,,,0.0,false,14.8,240.12081498760745,false
1,20,12:45,76,02:45,56,1,,,0.0,false,14.8,240.59125236914994,false
1,20,12:45,77,03:00,57,1,,,0.0,false,14.8,241.06168975069244,false
1,20,12:45,78,03:15,58,1,,,0.0,false,14.8,241.53212713223493,false
1,20,12:45,79,03:30,59,1,,,0.0,false,14.8,242.00256451377746,false
1,20,12:45,80,03:45,60,1,,,0.0,false,14.8,242.47300189531995,false
1,20,12:45,81,04:00,61,1,,,0.0,false,14.8,242.94343927686245,false
1,20,12:45,82,04:15,62,1,,,0.0,false,14.8,243.41387665840494,false
1,20,12:45,83,04:30,63,1,,,0.0,false,14.8,243.88431403994744,false
1,20,12:45,84,04:45,64,1,,,0.0,false,14.8,244.35475142148996,false
1,20,12:45,85,05:00,65,1,,,0.0,false,14.8,244.82518880303246,false
1,20,12:45,86,05:15,66,1,,,0.0,false,14.8,245.29562618457496,false
1,20,12:45,87,05:30,67,1,,,0.0,false,14.8,245.76606356611745,false
1,20,12:45,88,05:45,68,1,,,0.0,false,14.8,246.23650094765998,false
1,20,12:45,89,06:00,69,1,,,0.0,false,14.8,246.70693832920247,false
1,20,12:45,90,06:15,70,1,,,0.0,false,14.8,247.17737571074497,false
1,20,12:45,91,06:30,71,1,,,0.0,false,14.8,247.6478130922875,false
1,20,12:45,92,06:45,72,1,,,0.0,false,14.8,248.11825047383,false
1,20,12:45,93,07:00,73,1,,,0.0,false,14.8,248.58868785537248,false
1,20,12:45,94,07:15,74,1,,,0.0,false,14.8,249.05912523691498,false
1,20,12:45,95,07:30,75,1,,,0.0,false,14.8,249.52956261845748,false
1,20,12:45,96,07:45,76,1,,,0.0,false,14.8,250.0,false
1,21,13:00,21,13:00,0,1,,,0.0,false,5.6081315789472335,250.0,false
1,21,13:00,22,13:15,1,1,,,0.0,false,5.6081315789472335,250.0,false
1,21,13:00,23,13:30,2,1,,Charging,0.0,true,7.1892,248.24812363318253,false
1,21,13:00,24,13:45,3,1,,Charging,0.0,true,9.0892,246.1428604752878,false
1,21,13:00,25,14:00,4,1,,Digging,4.7925,false,7.891075,246.1428604752878,true
1,21,13:00,26,14:15,5,1,,Digging,4.7925,false,6.69295,246.1428604752878,false
1,21,13:00,27,14:30,6,1,,Charging,0.0,true,8.59295,244.03759731739305,false
1,21,13:00,28,14:45,7,1,,Traveling,4.710099999999997,false,7.415425000000001,244.03759731739305,false
1,21,13:00,29,15:00,8,1,,Loading/Swinging,3.1586,false,6.625775000000001,244.03759731739305,true
1,21,13:00,30,15:15,9,1,,Loading/Swinging,3.1586,false,5.836125000000001,244.03759731739305,false
1,21,13:00,31,15:30,10,1,,Loading/Swinging,3.1586,false,5.046475000000001,244.03759731739305,false
1,21,13:00,32,15:45,11,1,,Charging,0.0,true,6.946475,241.9323341594983,false
1,21,13:00,33,16:00,12,1,,Loading/Swinging,3.1586,false,6.156825,241.9323341594983,false
1,21,13:00,34,16:15,13,1,,Traveling,4.7101,false,4.9793,241.9323341594983,false
1,21,13:00,35,16:30,14,1,,Loading/Swinging,3.1586,false,4.18965,241.9323341594983,false
1,21,13:00,36,16:45,15,1,,Loading/Swinging,3.1586,false,3.4000000000000004,241.9323341594983,false
1,21,13:00,37,17:00,16,1,,Charging,0.0,true,5.300000000000001,239.82707100160357,false
1,21,13:00,38,17:15,17,1,,Charging,0.0,true,7.2,237.72180784370883,false
1,21,13:00,39,17:30,18,1,,Charging,0.0,true,9.1,235.6165446858141,false
1,21,13:00,40,17:45,19,1,,Charging,0.0,true,11.0,233.51128152791935,false
1,21,13:00,41,18:00,20,1,,Charging,0.0,true,12.9,231.4060183700246,false
1,21,13:00,42,18:15,21,1,,Charging,0.0,true,14.8,229.30075521212987,false
1,21,13:00,43,18:30,22,1,,,0.0,false,14.8,229.30075521212987,false
1,21,13:00,44,18:45,23,1,,,0.0,false,14.8,229.30075521212987,false
1,21,13:00,45,19:00,24,1,,,0.0,false,14.8,229.30075521212987,false
1,21,13:00,46,19:15,25,1,,,0.0,false,14.8,229.30075521212987,false
1,21,13:00,47,19:30,26,1,,,0.0,false,14.8,229.30075521212987,false
1,21,13:00,48,19:45,27,1,,,0.0,false,14.8,229.30075521212987,false
1,21,13:00,49,20:00,28,1,,,0.0,false,14.8,229.30075521212987,false
1,21,13:00,50,20:15,29,1,,,0.0,false,14.8,229.30075521212987,false
1,21,13:00,51,20:30,30,1,,,0.0,false,14.8,229.30075521212987,false
1,21,13:00,52,20:45,31,1,,,0.0,false,14.8,229.30075521212987,false
1,21,13:00,53,21:00,32,1,,,0.0,false,14.8,229.77119259367237,false
1,21,13:00,54,21:15,33,1,,,0.0,false,14.8,230.24162997521486,false
1,21,13:00,55,21:30,34,1,,,0.0,false,14.8,230.71206735675736,false
1,21,13:00,56,21:45,35,1,,,0.0,false,14.8,231.18250473829985,false
1,21,13:00,57,22:00,36,1,,,0.0,false,14.8,231.65294211984235,false
1,21,13:00,58,22:15,37,1,,,0.0,false,14.8,232.12337950138485,false
1,21,13:00,59,22:30,38,1,,,0.0,false,14.8,232.59381688292734,false
1,21,13:00,60,22:45,39,1,,,0.0,false,14.8,233.06425426446984,false
1,21,13:00,61,23:00,40,1,,,0.0,false,14.8,233.53469164601233,false
1,21,13:00,62,23:15,41,1,,,0.0,false,14.8,234.00512902755483,false
1,21,13:00,63,23:30,42,1,,,0.0,false,14.8,234.47556640909733,false
1,21,13:00,64,23:45,43,1,,,0.0,false,14.8,234.9460037906399,false
1,21,13:00,65,00:00,44,1,,,0.0,false,14.8,235.4164411721824,false
1,21,13:00,66,00:15,45,1,,,0.0,false,14.8,235.8868785537249,false
1,21,13:00,67,00:30,46,1,,,0.0,false,14.8,236.35731593526742,false
1,21,13:00,68,00:45,47,1,,,0.0,false,14.8,236.82775331680992,false
1,21,13:00,69,01:00,48,1,,,0.0,false,14.8,237.2981906983524,false
1,21,13:00,70,01:15,49,1,,,0.0,false,14.8,237.7686280798949,false
1,21,13:00,71,01:30,50,1,,,0.0,false,14.8,238.23906546143743,false
1,21,13:00,72,01:45,51,1,,,0.0,false,14.8,238.70950284297993,false
1,21,13:00,73,02:00,52,1,,,0.0,false,14.8,239.17994022452243,false
1,21,13:00,74,02:15,53,1,,,0.0,false,14.8,239.65037760606492,false
1,21,13:00,75,02:30,54,1,,,0.0,false,14.8,240.12081498760742,false
1,21,13:00,76,02:45,55,1,,,0.0,false,14.8,240.59125236914994,false
1,21,13:00,77,03:00,56,1,,,0.0,false,14.8,241.06168975069244,false
1,21,13:00,78,03:15,57,1,,,0.0,false,14.8,241.53212713223493,false
1,21,13:00,79,03:30,58,1,,,0.0,false,14.8,242.00256451377743,false
1,21,13:00,80,03:45,59,1,,,0.0,false,14.8,242.47300189531998,false
1,21,13:00,81,04:00,60,1,,,0.0,false,14.8,242.94343927686248,false
1,21,13:00,82,04:15,61,1,,,0.0,false,14.8,243.41387665840497,false
1,21,13:00,83,04:30,62,1,,,0.0,false,14.8,243.88431403994747,false
1,21,13:00,84,04:45,63,1,,,0.0,false,14.8,244.35475142148996,false
1,21,13:00,85,05:00,64,1,,,0.0,false,14.8,244.82518880303246,false
1,21,13:00,86,05:15,65,1,,,0.0,false,14.8,245.29562618457496,false
1,21,13:00,87,05:30,66,1,,,0.0,false,14.8,245.76606356611745,false
1,21,13:00,88,05:45,67,1,,,0.0,false,14.8,246.23650094765995,false
1,21,13:00,89,06:00,68,1,,,0.0,false,14.8,246.7069383292025,false
1,21,13:00,90,06:15,69,1,,,0.0,false,14.8,247.177375710745,false
1,21,13:00,91,06:30,70,1,,,0.0,false,14.8,247.6478130922875,false
1,21,13:00,92,06:45,71,1,,,0.0,false,14.8,248.11825047383,false
1,21,13:00,93,07:00,72,1,,,0.0,false,14.8,248.58868785537248,false
1,21,13:00,94,07:15,73,1,,,0.0,false,14.8,249.05912523691498,false
1,21,13:00,95,07:30,74,1,,,0.0,false,14.8,249.52956261845748,false
1,21,13:00,96,07:45,75,1,,,0.0,false,14.8,250.0,false
1,22,13:15,22,13:15,0,1,,,0.0,false,5.6081315789472335,250.0,false
1,22,13:15,23,13:30,1,1,,Charging,0.0,true,7.1892,248.24812363318253,false
1,22,13:15,24,13:45,2,1,,Charging,0.0,true,9.0892,246.1428604752878,false
1,22,13:15,25,14:00,3,1,,Digging,4.7925,false,7.891075,246.1428604752878,false
1,22,13:15,26,14:15,4,1,,Digging,4.7925,false,6.69295,246.1428604752878,false
1,22,13:15,27,14:30,5,1,,Charging,-1.7763568394002505e-15,true,8.59295,244.03759731739305,false
1,22,13:15,28,14:45,6,1,,Traveling,4.7101,false,7.415425000000001,244.03759731739305,false
1,22,13:15,29,15:00,7,1,,Loading/Swinging,3.1586,false,6.625775000000001,244.03759731739305,false
1,22,13:15,30,15:15,8,1,,Loading/Swinging,3.1586,false,5.836125000000001,244.03759731739305,false
1,22,13:15,31,15:30,9,1,,Loading/Swinging,3.1586,false,5.046475000000001,244.03759731739305,false
1,22,13:15,32,15:45,10,1,,Charging,0.0,true,6.946475,241.9323341594983,false
1,22,13:15,33,16:00,11,1,,Loading/Swinging,3.1586,false,6.156825,241.9323341594983,false
1,22,13:15,34,16:15,12,1,,Traveling,4.710100000000001,false,4.9793,241.9323341594983,false
1,22,13:15,35,16:30,13,1,,Loading/Swinging,3.1586,false,4.18965,241.9323341594983,false
1,22,13:15,36,16:45,14,1,,Loading/Swinging,3.1586,false,3.4000000000000004,241.9323341594983,false
1,22,13:15,37,17:00,15,1,,Charging,0.0,true,5.300000000000001,239.82707100160357,false
1,22,13:15,38,17:15,16,1,,Charging,0.0,true,7.2,237.72180784370883,false
1,22,13:15,39,17:30,17,1,,Charging,0.0,true,9.1,235.6165446858141,false
1,22,13:15,40,17:45,18,1,,Charging,0.0,true,11.0,233.51128152791935,false
1,22,13:15,41,18:00,19,1,,Charging,0.0,true,12.9,231.4060183700246,false
1,22,13:15,42,18:15,20,1,,Charging,0.0,true,14.8,229.30075521212987,false
1,22,13:15,43,18:30,21,1,,,0.0,false,14.8,229.30075521212987,false
1,22,13:15,44,18:45,22,1,,,0.0,false,14.8,229.30075521212987,false
1,22,13:15,45,19:00,23,1,,,0.0,false,14.8,229.30075521212987,false
1,22,13:15,46,19:15,24,1,,,0.0,false,14.8,229.30075521212987,false
1,22,13:15,47,19:30,25,1,,,0.0,false,14.8,229.30075521212987,false
1,22,13:15,48,19:45,26,1,,,0.0,false,14.8,229.30075521212987,false
1,22,13:15,49,20:00,27,1,,,0.0,false,14.8,229.30075521212987,false
1,22,13:15,50,20:15,28,1,,,0.0,false,14.8,229.30075521212987,false
1,22,13:15,51,20:30,29,1,,,0.0,false,14.8,229.30075521212987,false
1,22,13:15,52,20:45,30,1,,,0.0,false,14.8,229.30075521212987,false
1,22,13:15,53,21:00,31,1,,,0.0,false,14.8,229.77119259367237,false
1,22,13:15,54,21:15,32,1,,,0.0,false,14.8,230.24162997521486,false
1,22,13:15,55,21:30,33,1,,,0.0,false,14.8,230.71206735675736,false
1,22,13:15,56,21:45,34,1,,,0.0,false,14.8,231.18250473829985,false
1,22,13:15,57,22:00,35,1,,,0.0,false,14.8,231.65294211984235,false
1,22,13:15,58,22:15,36,1,,,0.0,false,14.8,232.12337950138485,false
1,22,13:15,59,22:30,37,1,,,0.0,false,14.8,232.59381688292734,false
1,22,13:15,60,22:45,38,1,,,0.0,false,14.8,233.06425426446984,false
1,22,13:15,61,23:00,39,1,,,0.0,false,14.8,233.53469164601233,false
1,22,13:15,62,23:15,40,1,,,0.0,false,14.8,234.00512902755483,false
1,22,13:15,63,23:30,41,1,,,0.0,false,14.8,234.47556640909733,false
1,22,13:15,64,23:45,42,1,,,0.0,false,14.8,234.94600379063994,false
1,22,13:15,65,00:00,43,1,,,0.0,false,14.8,235.41644117218243,false
1,22,13:15,66,00:15,44,1,,,0.0,false,14.8,235.88687855372493,false
1,22,13:15,67,00:30,45,1,,,0.0,false,14.8,236.35731593526742,false
1,22,13:15,68,00:45,46,1,,,0.0,false,14.8,236.82775331680992,false
1,22,13:15,69,01:00,47,1,,,0.0,false,14.8,237.2981906983524,false
1,22,13:15,70,01:15,48,1,,,0.0,false,14.8,237.7686280798949,false
1,22,13:15,71,01:30,49,1,,,0.0,false,14.8,238.2390654614374,false
1,22,13:15,72,01:45,50,1,,,0.0,false,14.8,238.70950284297993,false
1,22,13:15,73,02:00,51,1,,,0.0,false,14.8,239.17994022452243,false
1,22,13:15,74,02:15,52,1,,,0.0,false,14.8,239.65037760606492,false
1,22,13:15,75,02:30,53,1,,,0.0,false,14.8,240.12081498760742,false
1,22,13:15,76,02:45,54,1,,,0.0,false,14.8,240.59125236914994,false
1,22,13:15,77,03:00,55,1,,,0.0,false,14.8,241.06168975069244,false
1,22,13:15,78,03:15,56,1,,,0.0,false,14.8,241.53212713223493,false
1,22,13:15,79,03:30,57,1,,,0.0,false,14.8,242.00256451377743,false
1,22,13:15,80,03:45,58,1,,,0.0,false,14.8,242.47300189531992,false
1,22,13:15,81,04:00,59,1,,,0.0,false,14.8,242.94343927686245,false
1,22,13:15,82,04:15,60,1,,,0.0,false,14.8,243.41387665840494,false
1,22,13:15,83,04:30,61,1,,,0.0,false,14.8,243.88431403994744,false
1,22,13:15,84,04:45,62,1,,,0.0,false,14.8,244.35475142148994,false
1,22,13:15,85,05:00,63,1,,,0.0,false,14.8,244.82518880303252,false
1,22,13:15,86,05:15,64,1,,,0.0,false,14.8,245.295626184575,false
1,22,13:15,87,05:30,65,1,,,0.0,false,14.8,245.7660635661175,false
1,22,13:15,88,05:45,66,1,,,0.0,false,14.8,246.23650094766,false
1,22,13:15,89,06:00,67,1,,,0.0,false,14.8,246.7069383292025,false
1,22,13:15,90,06:15,68,1,,,0.0,false,14.8,247.177375710745,false
1,22,13:15,91,06:30,69,1,,,0.0,false,14.8,247.6478130922875,false
1,22,13:15,92,06:45,70,1,,,0.0,false,14.8,248.11825047383,false
1,22,13:15,93,07:00,71,1,,,0.0,false,14.8,248.58868785537248,false
1,22,13:15,94,07:15,72,1,,,0.0,false,14.8,249.05912523691498,false
1,22,13:15,95,07:30,73,1,,,0.0,false,14.8,249.52956261845748,false
1,22,13:15,96,07:45,74,1,,,0.0,false,14.8,250.0,false
1,23,13:30,23,13:30,0,1,,Charging,0.0,true,7.1892,248.24812363318253,false
1,23,13:30,24,13:45,1,1,,Charging,0.0,true,9.0892,246.1428604752878,false
1,23,13:30,25,14:00,2,1,,Digging,4.7925,false,7.891074999999999,246.1428604752878,false
1,23,13:30,26,14:15,3,1,,Loading/Swinging,3.1586,false,7.101424999999999,246.1428604752878,true
1,23,13:30,27,14:30,4,1,,Charging,0.0,true,9.001425,244.03759731739305,false
1,23,13:30,28,14:45,5,1,,Traveling,4.710099999999997,false,7.8239,244.03759731739305,false
1,23,13:30,29,15:00,6,1,,Loading/Swinging,3.1586,false,7.03425,244.03759731739305,false
1,23,13:30,30,15:15,7,1,,Loading/Swinging,3.1586,false,6.2446,244.03759731739305,false
1,23,13:30,31,15:30,8,1,,Loading/Swinging,3.1586,false,5.45495,244.03759731739305,false
1,23,13:30,32,15:45,9,1,,Charging,0.0,true,7.3549500000000005,241.9323341594983,false
1,23,13:30,33,16:00,10,1,,Loading/Swinging,3.1586,false,6.565300000000001,241.9323341594983,false
1,23,13:30,34,16:15,11,1,,Traveling,4.7101,false,5.387775,241.9323341594983,false
1,23,13:30,35,16:30,12,1,,Loading/Swinging,3.1586,false,4.5981250000000005,241.9323341594983,false
1,23,13:30,36,16:45,13,1,,Digging,4.7925,false,3.4000000000000004,241.9323341594983,true
1,23,13:30,37,17:00,14,1,,Charging,0.0,true,5.300000000000001,239.82707100160357,false
1,23,13:30,38,17:15,15,1,,Charging,0.0,true,7.2,237.72180784370883,false
1,23,13:30,39,17:30,16,1,,Charging,0.0,true,9.1,235.6165446858141,false
1,23,13:30,40,17:45,17,1,,Charging,0.0,true,11.0,233.51128152791935,false
1,23,13:30,41,18:00,18,1,,Charging,0.0,true,12.9,231.4060183700246,false
1,23,13:30,42,18:15,19,1,,Charging,0.0,true,14.8,229.30075521212987,false
1,23,13:30,43,18:30,20,1,,,0.0,false,14.8,229.30075521212987,false
1,23,13:30,44,18:45,21,1,,,0.0,false,14.8,229.30075521212987,false
1,23,13:30,45,19:00,22,1,,,0.0,false,14.8,229.30075521212987,false
1,23,13:30,46,19:15,23,1,,,0.0,false,14.8,229.30075521212987,false
1,23,13:30,47,19:30,24,1,,,0.0,false,14.8,229.30075521212987,false
1,23,13:30,48,19:45,25,1,,,0.0,false,14.8,229.30075521212987,false
1,23,13:30,49,20:00,26,1,,,0.0,false,14.8,229.30075521212987,false
1,23,13:30,50,20:15,27,1,,,0.0,false,14.8,229.30075521212987,false
1,23,13:30,51,20:30,28,1,,,0.0,false,14.8,229.30075521212987,false
1,23,13:30,52,20:45,29,1,,,0.0,false,14.8,229.30075521212987,false
1,23,13:30,53,21:00,30,1,,,0.0,false,14.8,229.77119259367237,false
1,23,13:30,54,21:15,31,1,,,0.0,false,14.8,230.24162997521486,false
1,23,13:30,55,21:30,32,1,,,0.0,false,14.8,230.71206735675736,false
1,23,13:30,56,21:45,33,1,,,0.0,false,14.8,231.18250473829985,false
1,23,13:30,57,22:00,34,1,,,0.0,false,14.8,231.65294211984235,false
1,23,13:30,58,22:15,35,1,,,0.0,false,14.8,232.12337950138485,false
1,23,13:30,59,22:30,36,1,,,0.0,false,14.8,232.59381688292734,false
1,23,13:30,60,22:45,37,1,,,0.0,false,14.8,233.06425426446984,false
1,23,13:30,61,23:00,38,1,,,0.0,false,14.8,233.53469164601233,false
1,23,13:30,62,23:15,39,1,,,0.0,false,14.8,234.00512902755483,false
1,23,13:30,63,23:30,40,1,,,0.0,false,14.8,234.47556640909733,false
1,23,13:30,64,23:45,41,1,,,0.0,false,14.8,234.94600379063994,false
1,23,13:30,65,00:00,42,1,,,0.0,false,14.8,235.41644117218243,false
1,23,13:30,66,00:15,43,1,,,0.0,false,14.8,235.88687855372493,false
1,23,13:30,67,00:30,44,1,,,0.0,false,14.8,236.35731593526742,false
1,23,13:30,68,00:45,45,1,,,0.0,false,14.8,236.82775331680992,false
1,23,13:30,69,01:00,46,1,,,0.0,false,14.8,237.2981906983524,false
1,23,13:30,70,01:15,47,1,,,0.0,false,14.8,237.7686280798949,false
1,23,13:30,71,01:30,48,1,,,0.0,false,14.8,238.2390654614374,false
1,23,13:30,72,01:45,49,1,,,0.0,false,14.8,238.7095028429799,false
1,23,13:30,73,02:00,50,1,,,0.0,false,14.8,239.1799402245224,false
1,23,13:30,74,02:15,51,1,,,0.0,false,14.8,239.6503776060649,false
1,23,13:30,75,02:30,52,1,,,0.0,false,14.8,240.12081498760742,false
1,23,13:30,76,02:45,53,1,,,0.0,false,14.8,240.5912523691499,false
1,23,13:30,77,03:00,54,1,,,0.0,false,14.8,241.0616897506924,false
1,23,13:30,78,03:15,55,1,,,0.0,false,14.8,241.5321271322349,false
1,23,13:30,79,03:30,56,1,,,0.0,false,14.8,242.0025645137774,false
1,23,13:30,80,03:45,57,1,,,0.0,false,14.8,242.47300189531995,false
1,23,13:30,81,04:00,58,1,,,0.0,false,14.8,242.94343927686245,false
1,23,13:30,82,04:15,59,1,,,0.0,false,14.8,243.41387665840494,false
1,23,13:30,83,04:30,60,1,,,0.0,false,14.8,243.88431403994744,false
1,23,13:30,84,04:45,61,1,,,0.0,false,14.8,244.35475142149,false
1,23,13:30,85,05:00,62,1,,,0.0,false,14.8,244.8251888030325,false
1,23,13:30,86,05:15,63,1,,,0.0,false,14.8,245.29562618457499,false
1,23,13:30,87,05:30,64,1,,,0.0,false,14.8,245.76606356611748,false
1,23,13:30,88,05:45,65,1,,,0.0,false,14.8,246.23650094765998,false
1,23,13:30,89,06:00,66,1,,,0.0,false,14.8,246.70693832920247,false
1,23,13:30,90,06:15,67,1,,,0.0,false,14.8,247.17737571074497,false
1,23,13:30,91,06:30,68,1,,,0.0,false,14.8,247.6478130922875,false
1,23,13:30,92,06:45,69,1,,,0.0,false,14.8,248.11825047383,false
1,23,13:30,93,07:00,70,1,,,0.0,false,14.8,248.58868785537248,false
1,23,13:30,94,07:15,71,1,,,0.0,false,14.8,249.05912523691498,false
1,23,13:30,95,07:30,72,1,,,0.0,false,14.8,249.52956261845748,false
1,23,13:30,96,07:45,73,1,,,0.0,false,14.8,250.0,false
1,24,13:45,24,13:45,0,1,,Charging,0.0,true,9.0892,246.23506449459398,false
1,24,13:45,25,14:00,1,1,,Digging,4.7925,false,7.891075,246.23506449459398,false
1,24,13:45,26,14:15,2,1,,Digging,4.7925,false,6.69295,246.23506449459398,true
1,24,13:45,27,14:30,3,1,,Charging,0.0,true,8.59295,244.12980133669924,false
1,24,13:45,28,14:45,4,1,,Traveling,4.7101,false,7.415425000000001,244.12980133669924,false
1,24,13:45,29,15:00,5,1,,Loading/Swinging,3.1586,false,6.625775000000001,244.12980133669924,false
1,24,13:45,30,15:15,6,1,,Loading/Swinging,3.1586,false,5.836125000000001,244.12980133669924,false
1,24,13:45,31,15:30,7,1,,Loading/Swinging,3.1586,false,5.046475000000001,244.12980133669924,false
1,24,13:45,32,15:45,8,1,,Charging,1.7763568394002505e-15,true,6.946475,242.0245381788045,false
1,24,13:45,33,16:00,9,1,,Loading/Swinging,3.1586,false,6.156825,242.0245381788045,false
1,24,13:45,34,16:15,10,1,,Traveling,4.7101,false,4.9793,242.0245381788045,false
1,24,13:45,35,16:30,11,1,,Loading/Swinging,3.1586,false,4.18965,242.0245381788045,false
1,24,13:45,36,16:45,12,1,,Loading/Swinging,3.1586,false,3.4000000000000004,242.0245381788045,true
1,24,13:45,37,17:00,13,1,,Charging,0.0,true,5.300000000000001,239.91927502090977,false
1,24,13:45,38,17:15,14,1,,Charging,0.0,true,7.2,237.81401186301503,false
1,24,13:45,39,17:30,15,1,,Charging,0.0,true,9.1,235.70874870512029,false
1,24,13:45,40,17:45,16,1,,Charging,0.0,true,11.0,233.60348554722555,false
1,24,13:45,41,18:00,17,1,,Charging,0.0,true,12.9,231.4982223893308,false
1,24,13:45,42,18:15,18,1,,Charging,0.0,true,14.8,229.39295923143607,false
1,24,13:45,43,18:30,19,1,,,0.0,false,14.8,229.39295923143607,false
1,24,13:45,44,18:45,20,1,,,0.0,false,14.8,229.39295923143607,false
1,24,13:45,45,19:00,21,1,,,0.0,false,14.8,229.39295923143607,false
1,24,13:45,46,19:15,22,1,,,0.0,false,14.8,229.39295923143607,false
1,24,13:45,47,19:30,23,1,,,0.0,false,14.8,229.39295923143607,false
1,24,13:45,48,19:45,24,1,,,0.0,false,14.8,229.39295923143607,false
1,24,13:45,49,20:00,25,1,,,0.0,false,14.8,229.39295923143607,false
1,24,13:45,50,20:15,26,1,,,0.0,false,14.8,229.39295923143607,false
1,24,13:45,51,20:30,27,1,,,0.0,false,14.8,229.39295923143607,false
1,24,13:45,52,20:45,28,1,,,0.0,false,14.8,229.39295923143607,false
1,24,13:45,53,21:00,29,1,,,0.0,false,14.8,229.86339661297856,false
1,24,13:45,54,21:15,30,1,,,0.0,false,14.8,230.33383399452106,false
1,24,13:45,55,21:30,31,1,,,0.0,false,14.8,230.80427137606355,false
1,24,13:45,56,21:45,32,1,,,0.0,false,14.8,231.27470875760605,false
1,24,13:45,57,22:00,33,1,,,0.0,false,14.8,231.74514613914855,false
1,24,13:45,58,22:15,34,1,,,0.0,false,14.8,232.21558352069104,false
1,24,13:45,59,22:30,35,1,,,0.0,false,14.8,232.68602090223354,false
1,24,13:45,60,22:45,36,1,,,0.0,false,14.8,233.15645828377603,false
1,24,13:45,61,23:00,37,1,,,0.0,false,14.8,233.62689566531853,false
1,24,13:45,62,23:15,38,1,,,0.0,false,14.8,234.09733304686102,false
1,24,13:45,63,23:30,39,1,,,0.0,false,14.8,234.56777042840352,false
1,24,13:45,64,23:45,40,1,,,0.0,false,14.8,234.94600379063994,false
1,24,13:45,65,00:00,41,1,,,0.0,false,14.8,235.41644117218243,false
1,24,13:45,66,00:15,42,1,,,0.0,false,14.8,235.88687855372493,false
1,24,13:45,67,00:30,43,1,,,0.0,false,14.8,236.35731593526742,false
1,24,13:45,68,00:45,44,1,,,0.0,false,14.8,236.82775331680992,false
1,24,13:45,69,01:00,45,1,,,0.0,false,14.8,237.2981906983524,false
1,24,13:45,70,01:15,46,1,,,0.0,false,14.8,237.7686280798949,false
1,24,13:45,71,01:30,47,1,,,0.0,false,14.8,238.2390654614374,false
1,24,13:45,72,01:45,48,1,,,0.0,false,14.8,238.70950284297993,false
1,24,13:45,73,02:00,49,1,,,0.0,false,14.8,239.17994022452243,false
1,24,13:45,74,02:15,50,1,,,0.0,false,14.8,239.65037760606492,false
1,24,13:45,75,02:30,51,1,,,0.0,false,14.8,240.12081498760742,false
1,24,13:45,76,02:45,52,1,,,0.0,false,14.8,240.59125236914994,false
1,24,13:45,77,03:00,53,1,,,0.0,false,14.8,241.06168975069244,false
1,24,13:45,78,03:15,54,1,,,0.0,false,14.8,241.53212713223493,false
1,24,13:45,79,03:30,55,1,,,0.0,false,14.8,242.00256451377743,false
1,24,13:45,80,03:45,56,1,,,0.0,false,14.8,242.47300189531992,false
1,24,13:45,81,04:00,57,1,,,0.0,false,14.8,242.94343927686245,false
1,24,13:45,82,04:15,58,1,,,0.0,false,14.8,243.41387665840494,false
1,24,13:45,83,04:30,59,1,,,0.0,false,14.8,243.88431403994744,false
1,24,13:45,84,04:45,60,1,,,0.0,false,14.8,244.35475142148994,false
1,24,13:45,85,05:00,61,1,,,0.0,false,14.8,244.82518880303252,false
1,24,13:45,86,05:15,62,1,,,0.0,false,14.8,245.295626184575,false
1,24,13:45,87,05:30,63,1,,,0.0,false,14.8,245.7660635661175,false
1,24,13:45,88,05:45,64,1,,,0.0,false,14.8,246.23650094766,false
1,24,13:45,89,06:00,65,1,,,0.0,false,14.8,246.7069383292025,false
1,24,13:45,90,06:15,66,1,,,0.0,false,14.8,247.177375710745,false
1,24,13:45,91,06:30,67,1,,,0.0,false,14.8,247.6478130922875,false
1,24,13:45,92,06:45,68,1,,,0.0,false,14.8,248.11825047383,false
1,24,13:45,93,07:00,69,1,,,0.0,false,14.8,248.58868785537248,false
1,24,13:45,94,07:15,70,1,,,0.0,false,14.8,249.05912523691498,false
1,24,13:45,95,07:30,71,1,,,0.0,false,14.8,249.52956261845748,false
1,24,13:45,96,07:45,72,1,,,0.0,false,14.8,250.0,false
1,25,14:00,25,14:00,0,1,,Digging,4.7925,false,7.986695309082957,246.23506449459398,false
1,25,14:00,26,14:15,1,1,,Digging,4.7925,false,6.7885703090829566,246.23506449459398,false
1,25,14:00,27,14:30,2,1,,Charging,0.0,true,8.59295,244.2357518176776,false
1,25,14:00,28,14:45,3,1,,Traveling,4.710099999999997,false,7.415425000000001,244.2357518176776,false
1,25,14:00,29,15:00,4,1,,Loading/Swinging,3.1586,false,6.625775000000001,244.2357518176776,false
1,25,14:00,30,15:15,5,1,,Loading/Swinging,3.1586,false,5.836125000000001,244.2357518176776,false
1,25,14:00,31,15:30,6,1,,Loading/Swinging,3.1586,false,5.046475000000001,244.2357518176776,false
1,25,14:00,32,15:45,7,1,,Charging,1.7763568394002505e-15,true,6.946475,242.13048865978286,false
1,25,14:00,33,16:00,8,1,,Loading/Swinging,3.1586,false,6.156825,242.13048865978286,false
1,25,14:00,34,16:15,9,1,,Traveling,4.7101,false,4.9793,242.13048865978286,false
1,25,14:00,35,16:30,10,1,,Loading/Swinging,3.1586,false,4.18965,242.13048865978286,false
1,25,14:00,36,16:45,11,1,,Loading/Swinging,3.1586,false,3.4000000000000004,242.13048865978286,false
1,25,14:00,37,17:00,12,1,,Charging,0.0,true,5.300000000000001,240.02522550188812,false
1,25,14:00,38,17:15,13,1,,Charging,0.0,true,7.2,237.91996234399338,false
1,25,14:00,39,17:30,14,1,,Charging,0.0,true,9.1,235.81469918609864,false
1,25,14:00,40,17:45,15,1,,Charging,0.0,true,11.0,233.7094360282039,false
1,25,14:00,41,18:00,16,1,,Charging,0.0,true,12.9,231.60417287030916,false
1,25,14:00,42,18:15,17,1,,Charging,0.0,true,14.8,229.49890971241442,false
1,25,14:00,43,18:30,18,1,,,0.0,false,14.8,229.49890971241442,false
1,25,14:00,44,18:45,19,1,,,0.0,false,14.8,229.49890971241442,false
1,25,14:00,45,19:00,20,1,,,0.0,false,14.8,229.49890971241442,false
1,25,14:00,46,19:15,21,1,,,0.0,false,14.8,229.49890971241442,false
1,25,14:00,47,19:30,22,1,,,0.0,false,14.8,229.49890971241442,false
1,25,14:00,48,19:45,23,1,,,0.0,false,14.8,229.49890971241442,false
1,25,14:00,49,20:00,24,1,,,0.0,false,14.8,229.49890971241442,false
1,25,14:00,50,20:15,25,1,,,0.0,false,14.8,229.49890971241442,false
1,25,14:00,51,20:30,26,1,,,0.0,false,14.8,229.49890971241442,false
1,25,14:00,52,20:45,27,1,,,0.0,false,14.8,229.49890971241442,false
1,25,14:00,53,21:00,28,1,,,0.0,false,14.8,229.9693470939569,false
1,25,14:00,54,21:15,29,1,,,0.0,false,14.8,230.4397844754994,false
1,25,14:00,55,21:30,30,1,,,0.0,false,14.8,230.9102218570419,false
1,25,14:00,56,21:45,31,1,,,0.0,false,14.8,231.3806592385844,false
1,25,14:00,57,22:00,32,1,,,0.0,false,14.8,231.8510966201269,false
1,25,14:00,58,22:15,33,1,,,0.0,false,14.8,232.3215340016694,false
1,25,14:00,59,22:30,34,1,,,0.0,false,14.8,232.7919713832119,false
1,25,14:00,60,22:45,35,1,,,0.0,false,14.8,233.26240876475438,false
1,25,14:00,61,23:00,36,1,,,0.0,false,14.8,233.73284614629688,false
1,25,14:00,62,23:15,37,1,,,0.0,false,14.8,234.20328352783937,false
1,25,14:00,63,23:30,38,1,,,0.0,false,14.8,234.67372090938187,false
1,25,14:00,64,23:45,39,1,,,0.0,false,14.8,234.9460037906401,false
1,25,14:00,65,00:00,40,1,,,0.0,false,14.8,235.4164411721826,false
1,25,14:00,66,00:15,41,1,,,0.0,false,14.8,235.8868785537251,false
1,25,14:00,67,00:30,42,1,,,0.0,false,14.8,236.3573159352676,false
1,25,14:00,68,00:45,43,1,,,0.0,false,14.8,236.8277533168101,false
1,25,14:00,69,01:00,44,1,,,0.0,false,14.8,237.29819069835258,false
1,25,14:00,70,01:15,45,1,,,0.0,false,14.8,237.76862807989508,false
1,25,14:00,71,01:30,46,1,,,0.0,false,14.8,238.23906546143758,false
1,25,14:00,72,01:45,47,1,,,0.0,false,14.8,238.70950284298007,false
1,25,14:00,73,02:00,48,1,,,0.0,false,14.8,239.17994022452257,false
1,25,14:00,74,02:15,49,1,,,0.0,false,14.8,239.65037760606506,false
1,25,14:00,75,02:30,50,1,,,0.0,false,14.8,240.12081498760756,false
1,25,14:00,76,02:45,51,1,,,0.0,false,14.8,240.59125236915006,false
1,25,14:00,77,03:00,52,1,,,0.0,false,14.8,241.06168975069255,false
1,25,14:00,78,03:15,53,1,,,0.0,false,14.8,241.53212713223505,false
1,25,14:00,79,03:30,54,1,,,0.0,false,14.8,242.00256451377754,false
1,25,14:00,80,03:45,55,1,,,0.0,false,14.8,242.47300189532004,false
1,25,14:00,81,04:00,56,1,,,0.0,false,14.8,242.94343927686253,false
1,25,14:00,82,04:15,57,1,,,0.0,false,14.8,243.41387665840503,false
1,25,14:00,83,04:30,58,1,,,0.0,false,14.8,243.88431403994753,false
1,25,14:00,84,04:45,59,1,,,0.0,false,14.8,244.35475142149002,false
1,25,14:00,85,05:00,60,1,,,0.0,false,14.8,244.82518880303252,false
1,25,14:00,86,05:15,61,1,,,0.0,false,14.8,245.295626184575,false
1,25,14:00,87,05:30,62,1,,,0.0,false,14.8,245.7660635661175,false
1,25,14:00,88,05:45,63,1,,,0.0,false,14.8,246.23650094766,false
1,25,14:00,89,06:00,64,1,,,0.0,false,14.8,246.7069383292025,false
1,25,14:00,90,06:15,65,1,,,0.0,false,14.8,247.177375710745,false
1,25,14:00,91,06:30,66,1,,,0.0,false,14.8,247.6478130922875,false
1,25,14:00,92,06:45,67,1,,,0.0,false,14.8,248.11825047383,false
1,25,14:00,93,07:00,68,1,,,0.0,false,14.8,248.58868785537248,false
1,25,14:00,94,07:15,69,1,,,0.0,false,14.8,249.05912523691498,false
1,25,14:00,95,07:30,70,1,,,0.0,false,14.8,249.52956261845748,false
1,25,14:00,96,07:45,71,1,,,0.0,false,14.8,250.0,false
1,26,14:15,26,14:15,0,1,,Digging,4.7925,false,6.752920309082957,246.23506449459398,false
1,26,14:15,27,14:30,1,1,,Charging,0.0,true,8.59295,244.19625043263605,false
1,26,14:15,28,14:45,2,1,,Traveling,4.7101,false,7.415425000000001,244.19625043263605,false
1,26,14:15,29,15:00,3,1,,Loading/Swinging,3.1586,false,6.625775000000001,244.19625043263605,false
1,26,14:15,30,15:15,4,1,,Loading/Swinging,3.1586,false,5.836125000000001,244.19625043263605,false
1,26,14:15,31,15:30,5,1,,Loading/Swinging,3.1586,false,5.046475000000001,244.19625043263605,false
1,26,14:15,32,15:45,6,1,,Charging,1.7763568394002505e-15,true,6.946475,242.0909872747413,false
1,26,14:15,33,16:00,7,1,,Loading/Swinging,3.1586,false,6.156825,242.0909872747413,false
1,26,14:15,34,16:15,8,1,,Traveling,4.710100000000001,false,4.9793,242.0909872747413,false
1,26,14:15,35,16:30,9,1,,Loading/Swinging,3.1586,false,4.18965,242.0909872747413,false
1,26,14:15,36,16:45,10,1,,Loading/Swinging,3.1586,false,3.4000000000000004,242.0909872747413,false
1,26,14:15,37,17:00,11,1,,Charging,0.0,true,5.300000000000001,239.98572411684657,false
1,26,14:15,38,17:15,12,1,,Charging,0.0,true,7.2,237.88046095895183,false
1,26,14:15,39,17:30,13,1,,Charging,0.0,true,9.1,235.7751978010571,false
1,26,14:15,40,17:45,14,1,,Charging,0.0,true,11.0,233.66993464316235,false
1,26,14:15,41,18:00,15,1,,Charging,0.0,true,12.9,231.5646714852676,false
1,26,14:15,42,18:15,16,1,,Charging,0.0,true,14.8,229.45940832737287,false
1,26,14:15,43,18:30,17,1,,,0.0,false,14.8,229.45940832737287,false
1,26,14:15,44,18:45,18,1,,,0.0,false,14.8,229.45940832737287,false
1,26,14:15,45,19:00,19,1,,,0.0,false,14.8,229.45940832737287,false
1,26,14:15,46,19:15,20,1,,,0.0,false,14.8,229.45940832737287,false
1,26,14:15,47,19:30,21,1,,,0.0,false,14.8,229.45940832737287,false
1,26,14:15,48,19:45,22,1,,,0.0,false,14.8,229.45940832737287,false
1,26,14:15,49,20:00,23,1,,,0.0,false,14.8,229.45940832737287,false
1,26,14:15,50,20:15,24,1,,,0.0,false,14.8,229.45940832737287,false
1,26,14:15,51,20:30,25,1,,,0.0,false,14.8,229.45940832737287,false
1,26,14:15,52,20:45,26,1,,,0.0,false,14.8,229.45940832737287,false
1,26,14:15,53,21:00,27,1,,,0.0,false,14.8,229.92984570891537,false
1,26,14:15,54,21:15,28,1,,,0.0,false,14.8,230.40028309045786,false
1,26,14:15,55,21:30,29,1,,,0.0,false,14.8,230.87072047200036,false
1,26,14:15,56,21:45,30,1,,,0.0,false,14.8,231.34115785354285,false
1,26,14:15,57,22:00,31,1,,,0.0,false,14.8,231.81159523508535,false
1,26,14:15,58,22:15,32,1,,,0.0,false,14.8,232.28203261662784,false
1,26,14:15,59,22:30,33,1,,,0.0,false,14.8,232.75246999817034,false
1,26,14:15,60,22:45,34,1,,,0.0,false,14.8,233.22290737971284,false
1,26,14:15,61,23:00,35,1,,,0.0,false,14.8,233.69334476125533,false
1,26,14:15,62,23:15,36,1,,,0.0,false,14.8,234.16378214279783,false
1,26,14:15,63,23:30,37,1,,,0.0,false,14.8,234.63421952434032,false
1,26,14:15,64,23:45,38,1,,,0.0,false,14.8,234.9460037906399,false
1,26,14:15,65,00:00,39,1,,,0.0,false,14.8,235.4164411721824,false
1,26,14:15,66,00:15,40,1,,,0.0,false,14.8,235.8868785537249,false
1,26,14:15,67,00:30,41,1,,,0.0,false,14.8,236.3573159352674,false
1,26,14:15,68,00:45,42,1,,,0.0,false,14.8,236.82775331680992,false
1,26,14:15,69,01:00,43,1,,,0.0,false,14.8,237.2981906983524,false
1,26,14:15,70,01:15,44,1,,,0.0,false,14.8,237.7686280798949,false
1,26,14:15,71,01:30,45,1,,,0.0,false,14.8,238.2390654614374,false
1,26,14:15,72,01:45,46,1,,,0.0,false,14.8,238.70950284297993,false
1,26,14:15,73,02:00,47,1,,,0.0,false,14.8,239.17994022452243,false
1,26,14:15,74,02:15,48,1,,,0.0,false,14.8,239.65037760606492,false
1,26,14:15,75,02:30,49,1,,,0.0,false,14.8,240.12081498760742,false
1,26,14:15,76,02:45,50,1,,,0.0,false,14.8,240.5912523691499,false
1,26,14:15,77,03:00,51,1,,,0.0,false,14.8,241.06168975069244,false
1,26,14:15,78,03:15,52,1,,,0.0,false,14.8,241.53212713223493,false
1,26,14:15,79,03:30,53,1,,,0.0,false,14.8,242.00256451377743,false
1,26,14:15,80,03:45,54,1,,,0.0,false,14.8,242.47300189531992,false
1,26,14:15,81,04:00,55,1,,,0.0,false,14.8,242.9434392768625,false
1,26,14:15,82,04:15,56,1,,,0.0,false,14.8,243.413876658405,false
1,26,14:15,83,04:30,57,1,,,0.0,false,14.8,243.8843140399475,false
1,26,14:15,84,04:45,58,1,,,0.0,false,14.8,244.35475142149,false
1,26,14:15,85,05:00,59,1,,,0.0,false,14.8,244.8251888030325,false
1,26,14:15,86,05:15,60,1,,,0.0,false,14.8,245.29562618457499,false
1,26,14:15,87,05:30,61,1,,,0.0,false,14.8,245.76606356611748,false
1,26,14:15,88,05:45,62,1,,,0.0,false,14.8,246.23650094765998,false
1,26,14:15,89,06:00,63,1,,,0.0,false,14.8,246.70693832920247,false
1,26,14:15,90,06:15,64,1,,,0.0,false,14.8,247.17737571074497,false
1,26,14:15,91,06:30,65,1,,,0.0,false,14.8,247.64781309228746,false
1,26,14:15,92,06:45,66,1,,,0.0,false,14.8,248.11825047382996,false
1,26,14:15,93,07:00,67,1,,,0.0,false,14.8,248.58868785537248,false
1,26,14:15,94,07:15,68,1,,,0.0,false,14.8,249.05912523691498,false
1,26,14:15,95,07:30,69,1,,,0.0,false,14.8,249.52956261845748,false
1,26,14:15,96,07:45,70,1,,,0.0,false,14.8,250.0,false
1,27,14:30,27,14:30,0,1,,Charging,0.0,true,8.59295,244.3596576348521,false
1,27,14:30,28,14:45,1,1,,Traveling,4.7101,false,7.415425000000001,244.3596576348521,false
1,27,14:30,29,15:00,2,1,,Loading/Swinging,3.1586,false,6.625775000000001,244.3596576348521,false
1,27,14:30,30,15:15,3,1,,Loading/Swinging,3.1586,false,5.836125000000001,244.3596576348521,false
1,27,14:30,31,15:30,4,1,,Loading/Swinging,3.1586,false,5.046475000000001,244.3596576348521,false
1,27,14:30,32,15:45,5,1,,Charging,0.0,true,6.946475,242.25439447695737,false
1,27,14:30,33,16:00,6,1,,Loading/Swinging,3.1586,false,6.156825,242.25439447695737,false
1,27,14:30,34,16:15,7,1,,Traveling,4.7101,false,4.9793,242.25439447695737,false
1,27,14:30,35,16:30,8,1,,Loading/Swinging,3.1586,false,4.18965,242.25439447695737,false
1,27,14:30,36,16:45,9,1,,Loading/Swinging,3.1586,false,3.4000000000000004,242.25439447695737,false
1,27,14:30,37,17:00,10,1,,Charging,0.0,true,5.300000000000001,240.14913131906263,false
1,27,14:30,38,17:15,11,1,,Charging,0.0,true,7.199999999999999,238.0438681611679,false
1,27,14:30,39,17:30,12,1,,Charging,0.0,true,9.1,235.93860500327315,false
1,27,14:30,40,17:45,13,1,,Charging,0.0,true,10.999999999999998,233.8333418453784,false
1,27,14:30,41,18:00,14,1,,Charging,0.0,true,12.899999999999999,231.72807868748367,false
1,27,14:30,42,18:15,15,1,,Charging,0.0,true,14.8,229.62281552958893,false
1,27,14:30,43,18:30,16,1,,,0.0,false,14.8,229.62281552958893,false
1,27,14:30,44,18:45,17,1,,,0.0,false,14.8,229.62281552958893,false
1,27,14:30,45,19:00,18,1,,,0.0,false,14.8,229.62281552958893,false
1,27,14:30,46,19:15,19,1,,,0.0,false,14.8,229.62281552958893,false
1,27,14:30,47,19:30,20,1,,,0.0,false,14.8,229.62281552958893,false
1,27,14:30,48,19:45,21,1,,,0.0,false,14.8,229.62281552958893,false
1,27,14:30,49,20:00,22,1,,,0.0,false,14.8,229.62281552958893,false
1,27,14:30,50,20:15,23,1,,,0.0,false,14.8,229.62281552958893,false
1,27,14:30,51,20:30,24,1,,,0.0,false,14.8,229.62281552958893,false
1,27,14:30,52,20:45,25,1,,,0.0,false,14.8,229.62281552958893,false
1,27,14:30,53,21:00,26,1,,,0.0,false,14.8,230.09325291113143,false
1,27,14:30,54,21:15,27,1,,,0.0,false,14.8,230.56369029267393,false
1,27,14:30,55,21:30,28,1,,,0.0,false,14.8,231.03412767421642,false
1,27,14:30,56,21:45,29,1,,,0.0,false,14.8,231.50456505575892,false
1,27,14:30,57,22:00,30,1,,,0.0,false,14.8,231.9750024373014,false
1,27,14:30,58,22:15,31,1,,,0.0,false,14.8,232.4454398188439,false
1,27,14:30,59,22:30,32,1,,,0.0,false,14.8,232.9158772003864,false
1,27,14:30,60,22:45,33,1,,,0.0,false,14.8,233.3863145819289,false
1,27,14:30,61,23:00,34,1,,,0.0,false,14.8,233.8567519634714,false
1,27,14:30,62,23:15,35,1,,,0.0,false,14.8,234.3271893450139,false
1,27,14:30,63,23:30,36,1,,,0.0,false,14.8,234.7976267265564,false
1,27,14:30,64,23:45,37,1,,,0.0,false,14.8,234.9460037906401,false
1,27,14:30,65,00:00,38,1,,,0.0,false,14.8,235.4164411721826,false
1,27,14:30,66,00:15,39,1,,,0.0,false,14.8,235.8868785537251,false
1,27,14:30,67,00:30,40,1,,,0.0,false,14.8,236.3573159352676,false
1,27,14:30,68,00:45,41,1,,,0.0,false,14.8,236.8277533168101,false
1,27,14:30,69,01:00,42,1,,,0.0,false,14.8,237.29819069835258,false
1,27,14:30,70,01:15,43,1,,,0.0,false,14.8,237.76862807989508,false
1,27,14:30,71,01:30,44,1,,,0.0,false,14.8,238.23906546143758,false
1,27,14:30,72,01:45,45,1,,,0.0,false,14.8,238.70950284298007,false
1,27,14:30,73,02:00,46,1,,,0.0,false,14.8,239.17994022452257,false
1,27,14:30,74,02:15,47,1,,,0.0,false,14.8,239.65037760606506,false
1,27,14:30,75,02:30,48,1,,,0.0,false,14.8,240.12081498760756,false
1,27,14:30,76,02:45,49,1,,,0.0,false,14.8,240.59125236915006,false
1,27,14:30,77,03:00,50,1,,,0.0,false,14.8,241.06168975069255,false
1,27,14:30,78,03:15,51,1,,,0.0,false,14.8,241.53212713223505,false
1,27,14:30,79,03:30,52,1,,,0.0,false,14.8,242.00256451377754,false
1,27,14:30,80,03:45,53,1,,,0.0,false,14.8,242.47300189532004,false
1,27,14:30,81,04:00,54,1,,,0.0,false,14.8,242.94343927686253,false
1,27,14:30,82,04:15,55,1,,,0.0,false,14.8,243.41387665840503,false
1,27,14:30,83,04:30,56,1,,,0.0,false,14.8,243.88431403994753,false
1,27,14:30,84,04:45,57,1,,,0.0,false,14.8,244.35475142149002,false
1,27,14:30,85,05:00,58,1,,,0.0,false,14.8,244.82518880303252,false
1,27,14:30,86,05:15,59,1,,,0.0,false,14.8,245.295626184575,false
1,27,14:30,87,05:30,60,1,,,0.0,false,14.8,245.7660635661175,false
1,27,14:30,88,05:45,61,1,,,0.0,false,14.8,246.23650094766,false
1,27,14:30,89,06:00,62,1,,,0.0,false,14.8,246.7069383292025,false
1,27,14:30,90,06:15,63,1,,,0.0,false,14.8,247.177375710745,false
1,27,14:30,91,06:30,64,1,,,0.0,false,14.8,247.6478130922875,false
1,27,14:30,92,06:45,65,1,,,0.0,false,14.8,248.11825047383,false
1,27,14:30,93,07:00,66,1,,,0.0,false,14.8,248.58868785537248,false
1,27,14:30,94,07:15,67,1,,,0.0,false,14.8,249.05912523691498,false
1,27,14:30,95,07:30,68,1,,,0.0,false,14.8,249.52956261845748,false
1,27,14:30,96,07:45,69,1,,,0.0,false,14.8,250.0,false
1,28,14:45,28,14:45,0,1,,Traveling,4.7101,false,7.37803182583774,244.3596576348521,false
1,28,14:45,29,15:00,1,1,,Loading/Swinging,3.1586,false,6.588381825837741,244.3596576348521,false
1,28,14:45,30,15:15,2,1,,Loading/Swinging,3.1586,false,5.798731825837741,244.3596576348521,false
1,28,14:45,31,15:30,3,1,,Loading/Swinging,3.1586,false,5.009081825837741,244.3596576348521,false
1,28,14:45,32,15:45,4,1,,Charging,0.0,true,6.909081825837744,242.25439447695737,false
1,28,14:45,33,16:00,5,1,,Loading/Swinging,3.1586,false,6.1194318258377445,242.25439447695737,false
1,28,14:45,34,16:15,6,1,,Traveling,4.7101,false,4.9419068258377505,242.25439447695737,false
1,28,14:45,35,16:30,7,1,,Loading/Swinging,3.1586,false,4.152256825837758,242.25439447695737,false
1,28,14:45,36,16:45,8,1,,Loading/Swinging,3.1586,false,3.3626068258377577,242.25439447695737,false
1,28,14:45,37,17:00,9,1,,Charging,0.0,true,5.262606825837757,240.14913131906263,false
1,28,14:45,38,17:15,10,1,,Charging,0.0,true,7.1626068258377575,238.0438681611679,false
1,28,14:45,39,17:30,11,1,,Charging,0.0,true,9.062606825837758,235.93860500327318,false
1,28,14:45,40,17:45,12,1,,Charging,0.0,true,9.100000000000005,235.89717212331502,false
1,28,14:45,41,18:00,13,1,,Charging,0.0,true,11.000000000000005,233.79190896542028,false
1,28,14:45,42,18:15,14,1,,Charging,0.0,true,12.900000000000006,231.68664580752554,false
1,28,14:45,43,18:30,15,1,,Charging,0.0,true,14.8,229.5813826496308,true
1,28,14:45,44,18:45,16,1,,,0.0,false,14.8,229.5813826496308,false
1,28,14:45,45,19:00,17,1,,,0.0,false,14.8,229.5813826496308,false
1,28,14:45,46,19:15,18,1,,,0.0,false,14.8,229.5813826496308,false
1,28,14:45,47,19:30,19,1,,,0.0,false,14.8,229.5813826496308,false
1,28,14:45,48,19:45,20,1,,,0.0,false,14.8,229.5813826496308,false
1,28,14:45,49,20:00,21,1,,,0.0,false,14.8,229.5813826496308,false
1,28,14:45,50,20:15,22,1,,,0.0,false,14.8,229.58138264963083,false
1,28,14:45,51,20:30,23,1,,,0.0,false,14.8,229.58138264963083,false
1,28,14:45,52,20:45,24,1,,,0.0,false,14.8,229.58138264963083,false
1,28,14:45,53,21:00,25,1,,,0.0,false,14.8,230.05182003117332,false
1,28,14:45,54,21:15,26,1,,,0.0,false,14.8,230.52225741271582,false
1,28,14:45,55,21:30,27,1,,,0.0,false,14.8,230.9926947942583,false
1,28,14:45,56,21:45,28,1,,,0.0,false,14.8,231.4631321758008,false
1,28,14:45,57,22:00,29,1,,,0.0,false,14.8,231.93356955734333,false
1,28,14:45,58,22:15,30,1,,,0.0,false,14.8,232.40400693888583,false
1,28,14:45,59,22:30,31,1,,,0.0,false,14.8,232.87444432042832,false
1,28,14:45,60,22:45,32,1,,,0.0,false,14.8,233.34488170197082,false
1,28,14:45,61,23:00,33,1,,,0.0,false,14.8,233.81531908351334,false
1,28,14:45,62,23:15,34,1,,,0.0,false,14.8,234.28575646505584,false
1,28,14:45,63,23:30,35,1,,,0.0,false,14.8,234.75619384659834,false
1,28,14:45,64,23:45,36,1,,,0.0,false,14.8,234.94600379064,false
1,28,14:45,65,00:00,37,1,,,0.0,false,14.8,235.4164411721825,false
1,28,14:45,66,00:15,38,1,,,0.0,false,14.8,235.88687855372498,false
1,28,14:45,67,00:30,39,1,,,0.0,false,14.8,236.35731593526748,false
1,28,14:45,68,00:45,40,1,,,0.0,false,14.8,236.82775331680998,false
1,28,14:45,69,01:00,41,1,,,0.0,false,14.8,237.29819069835247,false
1,28,14:45,70,01:15,42,1,,,0.0,false,14.8,237.76862807989497,false
1,28,14:45,71,01:30,43,1,,,0.0,false,14.8,238.23906546143746,false
1,28,14:45,72,01:45,44,1,,,0.0,false,14.8,238.70950284297996,false
1,28,14:45,73,02:00,45,1,,,0.0,false,14.8,239.17994022452248,false
1,28,14:45,74,02:15,46,1,,,0.0,false,14.8,239.65037760606498,false
1,28,14:45,75,02:30,47,1,,,0.0,false,14.8,240.12081498760747,false
1,28,14:45,76,02:45,48,1,,,0.0,false,14.8,240.59125236914997,false
1,28,14:45,77,03:00,49,1,,,0.0,false,14.8,241.06168975069247,false
1,28,14:45,78,03:15,50,1,,,0.0,false,14.8,241.532127132235,false
1,28,14:45,79,03:30,51,1,,,0.0,false,14.8,242.0025645137775,false
1,28,14:45,80,03:45,52,1,,,0.0,false,14.8,242.47300189531998,false
1,28,14:45,81,04:00,53,1,,,0.0,false,14.8,242.94343927686248,false
1,28,14:45,82,04:15,54,1,,,0.0,false,14.8,243.413876658405,false
1,28,14:45,83,04:30,55,1,,,0.0,false,14.8,243.8843140399475,false
1,28,14:45,84,04:45,56,1,,,0.0,false,14.8,244.35475142149,false
1,28,14:45,85,05:00,57,1,,,0.0,false,14.8,244.8251888030325,false
1,28,14:45,86,05:15,58,1,,,0.0,false,14.8,245.29562618457499,false
1,28,14:45,87,05:30,59,1,,,0.0,false,14.8,245.76606356611748,false
1,28,14:45,88,05:45,60,1,,,0.0,false,14.8,246.23650094765998,false
1,28,14:45,89,06:00,61,1,,,0.0,false,14.8,246.7069383292025,false
1,28,14:45,90,06:15,62,1,,,0.0,false,14.8,247.177375710745,false
1,28,14:45,91,06:30,63,1,,,0.0,false,14.8,247.6478130922875,false
1,28,14:45,92,06:45,64,1,,,0.0,false,14.8,248.11825047383,false
1,28,14:45,93,07:00,65,1,,,0.0,false,14.8,248.58868785537248,false
1,28,14:45,94,07:15,66,1,,,0.0,false,14.8,249.05912523691498,false
1,28,14:45,95,07:30,67,1,,,0.0,false,14.8,249.52956261845748,false
1,28,14:45,96,07:45,68,1,,,0.0,false,14.8,250.0,false
1,29,15:00,29,15:00,0,1,,Loading/Swinging,3.1586,false,6.58653182583774,244.3596576348521,false
1,29,15:00,30,15:15,1,1,,Loading/Swinging,3.1586,false,5.79688182583774,244.3596576348521,false
1,29,15:00,31,15:30,2,1,,Loading/Swinging,3.1586,false,5.00723182583774,244.3596576348521,false
1,29,15:00,32,15:45,3,1,,Charging,0.0,true,6.907231825837741,242.25439447695737,false
1,29,15:00,33,16:00,4,1,,Loading/Swinging,3.1586,false,6.117581825837741,242.25439447695737,false
1,29,15:00,34,16:15,5,1,,Traveling,4.7101,false,4.940056825837741,242.25439447695737,false
1,29,15:00,35,16:30,6,1,,Loading/Swinging,3.1586,false,4.150406825837741,242.25439447695737,false
1,29,15:00,36,16:45,7,1,,Loading/Swinging,3.1586,false,3.3607568258377407,242.25439447695737,false
1,29,15:00,37,17:00,8,1,,Charging,0.0,true,5.260756825837741,240.14913131906263,false
1,29,15:00,38,17:15,9,1,,Charging,0.0,true,5.300000000000001,240.1056485776086,false
1,29,15:00,39,17:30,10,1,,,0.0,false,5.300000000000001,240.1056485776086,true
1,29,15:00,40,17:45,11,1,,Charging,0.0,true,7.200000000000001,238.00038541971387,false
1,29,15:00,41,18:00,12,1,,Charging,0.0,true,9.100000000000001,235.89512226181913,false
1,29,15:00,42,18:15,13,1,,Charging,0.0,true,11.0,233.78985910392439,false
1,29,15:00,43,18:30,14,1,,Charging,0.0,true,12.9,231.68459594602965,false
1,29,15:00,44,18:45,15,1,,Charging,0.0,true,14.8,229.5793327881349,true
1,29,15:00,45,19:00,16,1,,,0.0,false,14.8,229.5793327881349,false
1,29,15:00,46,19:15,17,1,,,0.0,false,14.8,229.5793327881349,false
1,29,15:00,47,19:30,18,1,,,0.0,false,14.8,229.5793327881349,false
1,29,15:00,48,19:45,19,1,,,0.0,false,14.8,229.5793327881349,false
1,29,15:00,49,20:00,20,1,,,0.0,false,14.8,229.5793327881349,false
1,29,15:00,50,20:15,21,1,,,0.0,false,14.8,229.5793327881349,false
1,29,15:00,51,20:30,22,1,,,0.0,false,14.8,229.5793327881349,false
1,29,15:00,52,20:45,23,1,,,0.0,false,14.8,229.5793327881349,false
1,29,15:00,53,21:00,24,1,,,0.0,false,14.8,230.0497701696774,false
1,29,15:00,54,21:15,25,1,,,0.0,false,14.8,230.5202075512199,false
1,29,15:00,55,21:30,26,1,,,0.0,false,14.8,230.9906449327624,false
1,29,15:00,56,21:45,27,1,,,0.0,false,14.8,231.4610823143049,false
1,29,15:00,57,22:00,28,1,,,0.0,false,14.8,231.93151969584738,false
1,29,15:00,58,22:15,29,1,,,0.0,false,14.8,232.40195707738988,false
1,29,15:00,59,22:30,30,1,,,0.0,false,14.8,232.87239445893238,false
1,29,15:00,60,22:45,31,1,,,0.0,false,14.8,233.34283184047487,false
1,29,15:00,61,23:00,32,1,,,0.0,false,14.8,233.81326922201737,false
1,29,15:00,62,23:15,33,1,,,0.0,false,14.8,234.28370660355986,false
1,29,15:00,63,23:30,34,1,,,0.0,false,14.8,234.75414398510236,false
1,29,15:00,64,23:45,35,1,,,0.0,false,14.8,234.9460037906401,false
1,29,15:00,65,00:00,36,1,,,0.0,false,14.8,235.4164411721826,false
1,29,15:00,66,00:15,37,1,,,0.0,false,14.8,235.8868785537251,false
1,29,15:00,67,00:30,38,1,,,0.0,false,14.8,236.3573159352676,false
1,29,15:00,68,00:45,39,1,,,0.0,false,14.8,236.8277533168101,false
1,29,15:00,69,01:00,40,1,,,0.0,false,14.8,237.29819069835258,false
1,29,15:00,70,01:15,41,1,,,0.0,false,14.8,237.76862807989508,false
1,29,15:00,71,01:30,42,1,,,0.0,false,14.8,238.23906546143758,false
1,29,15:00,72,01:45,43,1,,,0.0,false,14.8,238.70950284298007,false
1,29,15:00,73,02:00,44,1,,,0.0,false,14.8,239.17994022452257,false
1,29,15:00,74,02:15,45,1,,,0.0,false,14.8,239.65037760606506,false
1,29,15:00,75,02:30,46,1,,,0.0,false,14.8,240.12081498760756,false
1,29,15:00,76,02:45,47,1,,,0.0,false,14.8,240.59125236915006,false
1,29,15:00,77,03:00,48,1,,,0.0,false,14.8,241.06168975069255,false
1,29,15:00,78,03:15,49,1,,,0.0,false,14.8,241.53212713223505,false
1,29,15:00,79,03:30,50,1,,,0.0,false,14.8,242.00256451377754,false
1,29,15:00,80,03:45,51,1,,,0.0,false,14.8,242.47300189532004,false
1,29,15:00,81,04:00,52,1,,,0.0,false,14.8,242.94343927686253,false
1,29,15:00,82,04:15,53,1,,,0.0,false,14.8,243.41387665840503,false
1,29,15:00,83,04:30,54,1,,,0.0,false,14.8,243.88431403994753,false
1,29,15:00,84,04:45,55,1,,,0.0,false,14.8,244.35475142149002,false
1,29,15:00,85,05:00,56,1,,,0.0,false,14.8,244.82518880303252,false
1,29,15:00,86,05:15,57,1,,,0.0,false,14.8,245.295626184575,false
1,29,15:00,87,05:30,58,1,,,0.0,false,14.8,245.7660635661175,false
1,29,15:00,88,05:45,59,1,,,0.0,false,14.8,246.23650094766,false
1,29,15:00,89,06:00,60,1,,,0.0,false,14.8,246.7069383292025,false
1,29,15:00,90,06:15,61,1,,,0.0,false,14.8,247.177375710745,false
1,29,15:00,91,06:30,62,1,,,0.0,false,14.8,247.6478130922875,false
1,29,15:00,92,06:45,63,1,,,0.0,false,14.8,248.11825047383,false
1,29,15:00,93,07:00,64,1,,,0.0,false,14.8,248.58868785537248,false
1,29,15:00,94,07:15,65,1,,,0.0,false,14.8,249.05912523691498,false
1,29,15:00,95,07:30,66,1,,,0.0,false,14.8,249.52956261845748,false
1,29,15:00,96,07:45,67,1,,,0.0,false,14.8,250.0,false
1,30,15:15,30,15:15,0,1,,Loading/Swinging,3.1586,false,5.636731825837741,244.3596576348521,false
1,30,15:15,31,15:30,1,1,,Loading/Swinging,3.1586,false,4.847081825837741,244.3596576348521,false
1,30,15:15,32,15:45,2,1,,Charging,0.0,true,6.74708182583774,242.25439447695737,false
1,30,15:15,33,16:00,3,1,,Loading/Swinging,3.1586,false,5.95743182583774,242.25439447695737,false
1,30,15:15,34,16:15,4,1,,Traveling,4.7101,false,4.77990682583774,242.25439447695737,false
1,30,15:15,35,16:30,5,1,,Loading/Swinging,3.1586,false,3.9902568258377404,242.25439447695737,false
1,30,15:15,36,16:45,6,1,,Loading/Swinging,3.1586,false,3.2006068258377405,242.25439447695737,false
1,30,15:15,37,17:00,7,1,,Charging,0.0,true,5.10060682583774,240.14913131906263,false
1,30,15:15,38,17:15,8,1,,Charging,0.0,true,7.000606825837741,238.0438681611679,false
1,30,15:15,39,17:30,9,1,,Charging,0.0,true,8.900606825837741,235.93860500327315,true
1,30,15:15,40,17:45,10,1,,Charging,0.0,true,10.80060682583774,233.83334184537844,false
1,30,15:15,41,18:00,11,1,,Charging,0.0,true,12.70060682583774,231.7280786874837,false
1,30,15:15,42,18:15,12,1,,Charging,0.0,true,14.60060682583774,229.62281552958896,false
1,30,15:15,43,18:30,13,1,,Charging,0.0,true,14.8,229.40188126458924,false
1,30,15:15,44,18:45,14,1,,,0.0,false,14.8,229.40188126458924,true
1,30,15:15,45,19:00,15,1,,,0.0,false,14.8,229.40188126458924,false
1,30,15:15,46,19:15,16,1,,,0.0,false,14.8,229.40188126458924,false
1,30,15:15,47,19:30,17,1,,,0.0,false,14.8,229.40188126458924,false
1,30,15:15,48,19:45,18,1,,,0.0,false,14.8,229.40188126458924,false
1,30,15:15,49,20:00,19,1,,,0.0,false,14.8,229.40188126458924,false
1,30,15:15,50,20:15,20,1,,,0.0,false,14.8,229.40188126458924,false
1,30,15:15,51,20:30,21,1,,,0.0,false,14.8,229.40188126458924,false
1,30,15:15,52,20:45,22,1,,,0.0,false,14.8,229.40188126458924,false
1,30,15:15,53,21:00,23,1,,,0.0,false,14.8,229.87231864613173,false
1,30,15:15,54,21:15,24,1,,,0.0,false,14.8,230.34275602767423,false
1,30,15:15,55,21:30,25,1,,,0.0,false,14.8,230.81319340921672,false
1,30,15:15,56,21:45,26,1,,,0.0,false,14.8,231.28363079075922,false
1,30,15:15,57,22:00,27,1,,,0.0,false,14.8,231.75406817230174,false
1,30,15:15,58,22:15,28,1,,,0.0,false,14.8,232.22450555384424,false
1,30,15:15,59,22:30,29,1,,,0.0,false,14.8,232.69494293538673,false
1,30,15:15,60,22:45,30,1,,,0.0,false,14.8,233.16538031692923,false
1,30,15:15,61,23:00,31,1,,,0.0,false,14.8,233.63581769847173,false
1,30,15:15,62,23:15,32,1,,,0.0,false,14.8,234.10625508001425,false
1,30,15:15,63,23:30,33,1,,,0.0,false,14.8,234.57669246155675,false
1,30,15:15,64,23:45,34,1,,,0.0,false,14.8,234.94600379063988,false
1,30,15:15,65,00:00,35,1,,,0.0,false,14.8,235.41644117218237,false
1,30,15:15,66,00:15,36,1,,,0.0,false,14.8,235.8868785537249,false
1,30,15:15,67,00:30,37,1,,,0.0,false,14.8,236.3573159352674,false
1,30,15:15,68,00:45,38,1,,,0.0,false,14.8,236.8277533168099,false
1,30,15:15,69,01:00,39,1,,,0.0,false,14.8,237.29819069835239,false
1,30,15:15,70,01:15,40,1,,,0.0,false,14.8,237.76862807989488,false
1,30,15:15,71,01:30,41,1,,,0.0,false,14.8,238.2390654614374,false
1,30,15:15,72,01:45,42,1,,,0.0,false,14.8,238.7095028429799,false
1,30,15:15,73,02:00,43,1,,,0.0,false,14.8,239.1799402245224,false
1,30,15:15,74,02:15,44,1,,,0.0,false,14.8,239.6503776060649,false
1,30,15:15,75,02:30,45,1,,,0.0,false,14.8,240.12081498760742,false
1,30,15:15,76,02:45,46,1,,,0.0,false,14.8,240.5912523691499,false
1,30,15:15,77,03:00,47,1,,,0.0,false,14.8,241.0616897506924,false
1,30,15:15,78,03:15,48,1,,,0.0,false,14.8,241.5321271322349,false
1,30,15:15,79,03:30,49,1,,,0.0,false,14.8,242.0025645137774,false
1,30,15:15,80,03:45,50,1,,,0.0,false,14.8,242.47300189531992,false
1,30,15:15,81,04:00,51,1,,,0.0,false,14.8,242.94343927686242,false
1,30,15:15,82,04:15,52,1,,,0.0,false,14.8,243.41387665840492,false
1,30,15:15,83,04:30,53,1,,,0.0,false,14.8,243.8843140399474,false
1,30,15:15,84,04:45,54,1,,,0.0,false,14.8,244.35475142148994,false
1,30,15:15,85,05:00,55,1,,,0.0,false,14.8,244.82518880303243,false
1,30,15:15,86,05:15,56,1,,,0.0,false,14.8,245.29562618457493,false
1,30,15:15,87,05:30,57,1,,,0.0,false,14.8,245.76606356611748,false
1,30,15:15,88,05:45,58,1,,,0.0,false,14.8,246.23650094765998,false
1,30,15:15,89,06:00,59,1,,,0.0,false,14.8,246.70693832920247,false
1,30,15:15,90,06:15,60,1,,,0.0,false,14.8,247.17737571074497,false
1,30,15:15,91,06:30,61,1,,,0.0,false,14.8,247.6478130922875,false
1,30,15:15,92,06:45,62,1,,,0.0,false,14.8,248.11825047383,false
1,30,15:15,93,07:00,63,1,,,0.0,false,14.8,248.58868785537248,false
1,30,15:15,94,07:15,64,1,,,0.0,false,14.8,249.05912523691498,false
1,30,15:15,95,07:30,65,1,,,0.0,false,14.8,249.52956261845748,false
1,30,15:15,96,07:45,66,1,,,0.0,false,14.8,250.0,false
1,31,15:30,31,15:30,0,1,,Loading/Swinging,3.1586,false,4.93673182583774,244.3596576348521,false
1,31,15:30,32,15:45,1,1,,Charging,0.0,true,6.83673182583774,242.25439447695737,false
1,31,15:30,33,16:00,2,1,,Loading/Swinging,3.1586,false,6.047081825837741,242.25439447695737,false
1,31,15:30,34,16:15,3,1,,Traveling,4.7101,false,4.869556825837741,242.25439447695737,false
1,31,15:30,35,16:30,4,1,,Loading/Swinging,3.1586,false,4.079906825837741,242.2543944769574,false
1,31,15:30,36,16:45,5,1,,Loading/Swinging,3.1586,false,3.2902568258377403,242.2543944769574,false
1,31,15:30,37,17:00,6,1,,Charging,0.0,true,5.190256825837739,240.14913131906266,false
1,31,15:30,38,17:15,7,1,,Charging,0.0,true,7.09025682583774,238.04386816116792,false
1,31,15:30,39,17:30,8,1,,Charging,0.0,true,8.99025682583774,235.93860500327318,false
1,31,15:30,40,17:45,9,1,,Charging,0.0,true,10.89025682583774,233.83334184537844,false
1,31,15:30,41,18:00,10,1,,Charging,0.0,true,12.79025682583774,231.7280786874837,false
1,31,15:30,42,18:15,11,1,,Charging,0.0,true,14.690256825837741,229.62281552958896,false
1,31,15:30,43,18:30,12,1,,Charging,0.0,true,14.800000000000002,229.50121644464463,false
1,31,15:30,44,18:45,13,1,,,0.0,false,14.8,229.50121644464463,false
1,31,15:30,45,19:00,14,1,,,0.0,false,14.8,229.50121644464465,false
1,31,15:30,46,19:15,15,1,,,0.0,false,14.8,229.50121644464465,false
1,31,15:30,47,19:30,16,1,,,0.0,false,14.8,229.50121644464465,false
1,31,15:30,48,19:45,17,1,,,0.0,false,14.8,229.50121644464465,false
1,31,15:30,49,20:00,18,1,,,0.0,false,14.8,229.50121644464465,false
1,31,15:30,50,20:15,19,1,,,0.0,false,14.8,229.50121644464465,false
1,31,15:30,51,20:30,20,1,,,0.0,false,14.8,229.50121644464465,false
1,31,15:30,52,20:45,21,1,,,0.0,false,14.8,229.50121644464465,false
1,31,15:30,53,21:00,22,1,,,0.0,false,14.8,229.97165382618715,false
1,31,15:30,54,21:15,23,1,,,0.0,false,14.8,230.44209120772965,false
1,31,15:30,55,21:30,24,1,,,0.0,false,14.8,230.91252858927214,false
1,31,15:30,56,21:45,25,1,,,0.0,false,14.8,231.38296597081467,false
1,31,15:30,57,22:00,26,1,,,0.0,false,14.8,231.85340335235716,false
1,31,15:30,58,22:15,27,1,,,0.0,false,14.8,232.32384073389966,false
1,31,15:30,59,22:30,28,1,,,0.0,false,14.8,232.79427811544215,false
1,31,15:30,60,22:45,29,1,,,0.0,false,14.8,233.26471549698465,false
1,31,15:30,61,23:00,30,1,,,0.0,false,14.8,233.73515287852715,false
1,31,15:30,62,23:15,31,1,,,0.0,false,14.8,234.20559026006964,false
1,31,15:30,63,23:30,32,1,,,0.0,false,14.8,234.67602764161217,false
1,31,15:30,64,23:45,33,1,,,0.0,false,14.8,234.94600379063996,false
1,31,15:30,65,00:00,34,1,,,0.0,false,14.8,235.41644117218243,false
1,31,15:30,66,00:15,35,1,,,0.0,false,14.8,235.88687855372493,false
1,31,15:30,67,00:30,36,1,,,0.0,false,14.8,236.35731593526742,false
1,31,15:30,68,00:45,37,1,,,0.0,false,14.8,236.82775331680992,false
1,31,15:30,69,01:00,38,1,,,0.0,false,14.8,237.2981906983524,false
1,31,15:30,70,01:15,39,1,,,0.0,false,14.8,237.7686280798949,false
1,31,15:30,71,01:30,40,1,,,0.0,false,14.8,238.2390654614374,false
1,31,15:30,72,01:45,41,1,,,0.0,false,14.8,238.70950284297993,false
1,31,15:30,73,02:00,42,1,,,0.0,false,14.8,239.17994022452243,false
1,31,15:30,74,02:15,43,1,,,0.0,false,14.8,239.65037760606492,false
1,31,15:30,75,02:30,44,1,,,0.0,false,14.8,240.12081498760742,false
1,31,15:30,76,02:45,45,1,,,0.0,false,14.8,240.5912523691499,false
1,31,15:30,77,03:00,46,1,,,0.0,false,14.8,241.0616897506924,false
1,31,15:30,78,03:15,47,1,,,0.0,false,14.8,241.53212713223493,false
1,31,15:30,79,03:30,48,1,,,0.0,false,14.8,242.00256451377743,false
1,31,15:30,80,03:45,49,1,,,0.0,false,14.8,242.47300189531992,false
1,31,15:30,81,04:00,50,1,,,0.0,false,14.8,242.94343927686242,false
1,31,15:30,82,04:15,51,1,,,0.0,false,14.8,243.41387665840492,false
1,31,15:30,83,04:30,52,1,,,0.0,false,14.8,243.88431403994744,false
1,31,15:30,84,04:45,53,1,,,0.0,false,14.8,244.35475142148994,false
1,31,15:30,85,05:00,54,1,,,0.0,false,14.8,244.82518880303243,false
1,31,15:30,86,05:15,55,1,,,0.0,false,14.8,245.29562618457493,false
1,31,15:30,87,05:30,56,1,,,0.0,false,14.8,245.76606356611745,false
1,31,15:30,88,05:45,57,1,,,0.0,false,14.8,246.23650094765995,false
1,31,15:30,89,06:00,58,1,,,0.0,false,14.8,246.70693832920247,false
1,31,15:30,90,06:15,59,1,,,0.0,false,14.8,247.17737571074497,false
1,31,15:30,91,06:30,60,1,,,0.0,false,14.8,247.64781309228746,false
1,31,15:30,92,06:45,61,1,,,0.0,false,14.8,248.11825047383,false
1,31,15:30,93,07:00,62,1,,,0.0,false,14.8,248.58868785537248,false
1,31,15:30,94,07:15,63,1,,,0.0,false,14.8,249.05912523691498,false
1,31,15:30,95,07:30,64,1,,,0.0,false,14.8,249.52956261845748,false
1,31,15:30,96,07:45,65,1,,,0.0,false,14.8,250.0,false
1,32,15:45,32,15:45,0,1,,Charging,0.0,true,6.810006825837741,242.25439447695737,false
1,32,15:45,33,16:00,1,1,,Loading/Swinging,3.1586,false,6.020356825837741,242.25439447695737,false
1,32,15:45,34,16:15,2,1,,Traveling,4.7101,false,4.842831825837741,242.25439447695737,false
1,32,15:45,35,16:30,3,1,,Loading/Swinging,3.1586,false,4.053181825837741,242.25439447695737,false
1,32,15:45,36,16:45,4,1,,Loading/Swinging,3.1586,false,3.263531825837741,242.25439447695737,false
1,32,15:45,37,17:00,5,1,,Charging,0.0,true,5.16353182583774,240.14913131906263,false
1,32,15:45,38,17:15,6,1,,Charging,0.0,true,5.300000000000001,239.99792004575264,false
1,32,15:45,39,17:30,7,1,,Charging,0.0,true,7.200000000000001,237.8926568878579,false
1,32,15:45,40,17:45,8,1,,Charging,0.0,true,9.1,235.78739372996316,false
1,32,15:45,41,18:00,9,1,,Charging,0.0,true,11.0,233.68213057206842,false
1,32,15:45,42,18:15,10,1,,Charging,0.0,true,12.9,231.57686741417368,false
1,32,15:45,43,18:30,11,1,,Charging,0.0,true,14.8,229.47160425627894,false
1,32,15:45,44,18:45,12,1,,,0.0,false,14.8,229.47160425627894,false
1,32,15:45,45,19:00,13,1,,,0.0,false,14.8,229.47160425627894,false
1,32,15:45,46,19:15,14,1,,,0.0,false,14.8,229.47160425627894,false
1,32,15:45,47,19:30,15,1,,,0.0,false,14.8,229.47160425627894,false
1,32,15:45,48,19:45,16,1,,,0.0,false,14.8,229.47160425627894,false
1,32,15:45,49,20:00,17,1,,,0.0,false,14.8,229.47160425627894,false
1,32,15:45,50,20:15,18,1,,,0.0,false,14.8,229.47160425627894,false
1,32,15:45,51,20:30,19,1,,,0.0,false,14.8,229.47160425627894,false
1,32,15:45,52,20:45,20,1,,,0.0,false,14.8,229.47160425627894,false
1,32,15:45,53,21:00,21,1,,,0.0,false,14.8,229.94204163782143,false
1,32,15:45,54,21:15,22,1,,,0.0,false,14.8,230.41247901936393,false
1,32,15:45,55,21:30,23,1,,,0.0,false,14.8,230.88291640090642,false
1,32,15:45,56,21:45,24,1,,,0.0,false,14.8,231.35335378244892,false
1,32,15:45,57,22:00,25,1,,,0.0,false,14.8,231.82379116399142,false
1,32,15:45,58,22:15,26,1,,,0.0,false,14.8,232.2942285455339,false
1,32,15:45,59,22:30,27,1,,,0.0,false,14.8,232.7646659270764,false
1,32,15:45,60,22:45,28,1,,,0.0,false,14.8,233.2351033086189,false
1,32,15:45,61,23:00,29,1,,,0.0,false,14.8,233.7055406901614,false
1,32,15:45,62,23:15,30,1,,,0.0,false,14.8,234.1759780717039,false
1,32,15:45,63,23:30,31,1,,,0.0,false,14.8,234.6464154532464,false
1,32,15:45,64,23:45,32,1,,,0.0,false,14.8,234.9460037906401,false
1,32,15:45,65,00:00,33,1,,,0.0,false,14.8,235.4164411721826,false
1,32,15:45,66,00:15,34,1,,,0.0,false,14.8,235.8868785537251,false
1,32,15:45,67,00:30,35,1,,,0.0,false,14.8,236.3573159352676,false
1,32,15:45,68,00:45,36,1,,,0.0,false,14.8,236.8277533168101,false
1,32,15:45,69,01:00,37,1,,,0.0,false,14.8,237.29819069835258,false
1,32,15:45,70,01:15,38,1,,,0.0,false,14.8,237.76862807989508,false
1,32,15:45,71,01:30,39,1,,,0.0,false,14.8,238.23906546143758,false
1,32,15:45,72,01:45,40,1,,,0.0,false,14.8,238.70950284298007,false
1,32,15:45,73,02:00,41,1,,,0.0,false,14.8,239.17994022452257,false
1,32,15:45,74,02:15,42,1,,,0.0,false,14.8,239.65037760606506,false
1,32,15:45,75,02:30,43,1,,,0.0,false,14.8,240.12081498760756,false
1,32,15:45,76,02:45,44,1,,,0.0,false,14.8,240.59125236915006,false
1,32,15:45,77,03:00,45,1,,,0.0,false,14.8,241.06168975069255,false
1,32,15:45,78,03:15,46,1,,,0.0,false,14.8,241.53212713223505,false
1,32,15:45,79,03:30,47,1,,,0.0,false,14.8,242.00256451377754,false
1,32,15:45,80,03:45,48,1,,,0.0,false,14.8,242.47300189532004,false
1,32,15:45,81,04:00,49,1,,,0.0,false,14.8,242.94343927686253,false
1,32,15:45,82,04:15,50,1,,,0.0,false,14.8,243.41387665840503,false
1,32,15:45,83,04:30,51,1,,,0.0,false,14.8,243.88431403994753,false
1,32,15:45,84,04:45,52,1,,,0.0,false,14.8,244.35475142149002,false
1,32,15:45,85,05:00,53,1,,,0.0,false,14.8,244.82518880303252,false
1,32,15:45,86,05:15,54,1,,,0.0,false,14.8,245.295626184575,false
1,32,15:45,87,05:30,55,1,,,0.0,false,14.8,245.7660635661175,false
1,32,15:45,88,05:45,56,1,,,0.0,false,14.8,246.23650094766,false
1,32,15:45,89,06:00,57,1,,,0.0,false,14.8,246.7069383292025,false
1,32,15:45,90,06:15,58,1,,,0.0,false,14.8,247.177375710745,false
1,32,15:45,91,06:30,59,1,,,0.0,false,14.8,247.6478130922875,false
1,32,15:45,92,06:45,60,1,,,0.0,false,14.8,248.11825047383,false
1,32,15:45,93,07:00,61,1,,,0.0,false,14.8,248.58868785537248,false
1,32,15:45,94,07:15,62,1,,,0.0,false,14.8,249.05912523691498,false
1,32,15:45,95,07:30,63,1,,,0.0,false,14.8,249.52956261845748,false
1,32,15:45,96,07:45,64,1,,,0.0,false,14.8,250.0,false
1,33,16:00,33,16:00,0,1,,Loading/Swinging,3.1586,false,6.054631825837741,242.25439447695737,false
1,33,16:00,34,16:15,1,1,,Traveling,4.7101,false,4.877106825837741,242.25439447695737,false
1,33,16:00,35,16:30,2,1,,Loading/Swinging,3.1586,false,4.087456825837741,242.25439447695737,false
1,33,16:00,36,16:45,3,1,,Loading/Swinging,3.1586,false,3.297806825837741,242.25439447695737,false
1,33,16:00,37,17:00,4,1,,Charging,0.0,true,5.197806825837741,240.14913131906263,false
1,33,16:00,38,17:15,5,1,,Charging,0.0,true,7.097806825837741,238.04386816116792,false
1,33,16:00,39,17:30,6,1,,Charging,0.0,true,8.99780682583774,235.93860500327318,false
1,33,16:00,40,17:45,7,1,,Charging,0.0,true,10.89780682583774,233.83334184537844,false
1,33,16:00,41,18:00,8,1,,Charging,0.0,true,12.797806825837739,231.7280786874837,false
1,33,16:00,42,18:15,9,1,,Charging,0.0,true,12.899999999999991,231.61484525350892,false
1,33,16:00,43,18:30,10,1,,Charging,0.0,true,14.799999999999995,229.50958209561418,false
1,33,16:00,44,18:45,11,1,,,0.0,false,14.799999999999995,229.50958209561418,false
1,33,16:00,45,19:00,12,1,,,0.0,false,14.799999999999995,229.50958209561418,false
1,33,16:00,46,19:15,13,1,,,0.0,false,14.799999999999995,229.50958209561418,false
1,33,16:00,47,19:30,14,1,,,0.0,false,14.799999999999995,229.50958209561418,false
1,33,16:00,48,19:45,15,1,,,0.0,false,14.799999999999995,229.50958209561418,false
1,33,16:00,49,20:00,16,1,,,0.0,false,14.799999999999995,229.50958209561418,false
1,33,16:00,50,20:15,17,1,,,0.0,false,14.799999999999995,229.50958209561418,false
1,33,16:00,51,20:30,18,1,,,0.0,false,14.799999999999995,229.50958209561418,false
1,33,16:00,52,20:45,19,1,,,0.0,false,14.799999999999995,229.50958209561418,false
1,33,16:00,53,21:00,20,1,,,0.0,false,14.799999999999995,229.98001947715667,false
1,33,16:00,54,21:15,21,1,,,0.0,false,14.799999999999995,230.45045685869917,false
1,33,16:00,55,21:30,22,1,,,0.0,false,14.8,230.92089424024167,false
1,33,16:00,56,21:45,23,1,,,0.0,false,14.8,231.39133162178416,false
1,33,16:00,57,22:00,24,1,,,0.0,false,14.8,231.86176900332666,false
1,33,16:00,58,22:15,25,1,,,0.0,false,14.8,232.33220638486915,false
1,33,16:00,59,22:30,26,1,,,0.0,false,14.8,232.80264376641165,false
1,33,16:00,60,22:45,27,1,,,0.0,false,14.8,233.27308114795414,false
1,33,16:00,61,23:00,28,1,,,0.0,false,14.8,233.74351852949664,false
1,33,16:00,62,23:15,29,1,,,0.0,false,14.8,234.21395591103914,false
1,33,16:00,63,23:30,30,1,,,0.0,false,14.8,234.68439329258163,false
1,33,16:00,64,23:45,31,1,,,0.0,false,14.8,234.94600379063996,false
1,33,16:00,65,00:00,32,1,,,0.0,false,14.8,235.41644117218246,false
1,33,16:00,66,00:15,33,1,,,0.0,false,14.8,235.88687855372496,false
1,33,16:00,67,00:30,34,1,,,0.0,false,14.8,236.35731593526745,false
1,33,16:00,68,00:45,35,1,,,0.0,false,14.8,236.82775331680995,false
1,33,16:00,69,01:00,36,1,,,0.0,false,14.8,237.29819069835244,false
1,33,16:00,70,01:15,37,1,,,0.0,false,14.8,237.76862807989494,false
1,33,16:00,71,01:30,38,1,,,0.0,false,14.8,238.23906546143743,false
1,33,16:00,72,01:45,39,1,,,0.0,false,14.8,238.70950284297993,false
1,33,16:00,73,02:00,40,1,,,0.0,false,14.8,239.17994022452243,false
1,33,16:00,74,02:15,41,1,,,0.0,false,14.8,239.65037760606492,false
1,33,16:00,75,02:30,42,1,,,0.0,false,14.8,240.12081498760742,false
1,33,16:00,76,02:45,43,1,,,0.0,false,14.8,240.59125236914994,false
1,33,16:00,77,03:00,44,1,,,0.0,false,14.8,241.06168975069244,false
1,33,16:00,78,03:15,45,1,,,0.0,false,14.8,241.53212713223493,false
1,33,16:00,79,03:30,46,1,,,0.0,false,14.8,242.00256451377743,false
1,33,16:00,80,03:45,47,1,,,0.0,false,14.8,242.47300189531992,false
1,33,16:00,81,04:00,48,1,,,0.0,false,14.8,242.94343927686245,false
1,33,16:00,82,04:15,49,1,,,0.0,false,14.8,243.41387665840494,false
1,33,16:00,83,04:30,50,1,,,0.0,false,14.8,243.88431403994747,false
1,33,16:00,84,04:45,51,1,,,0.0,false,14.8,244.35475142148996,false
1,33,16:00,85,05:00,52,1,,,0.0,false,14.8,244.82518880303246,false
1,33,16:00,86,05:15,53,1,,,0.0,false,14.8,245.29562618457496,false
1,33,16:00,87,05:30,54,1,,,0.0,false,14.8,245.76606356611745,false
1,33,16:00,88,05:45,55,1,,,0.0,false,14.8,246.23650094765998,false
1,33,16:00,89,06:00,56,1,,,0.0,false,14.8,246.70693832920247,false
1,33,16:00,90,06:15,57,1,,,0.0,false,14.8,247.17737571074497,false
1,33,16:00,91,06:30,58,1,,,0.0,false,14.8,247.64781309228746,false
1,33,16:00,92,06:45,59,1,,,0.0,false,14.8,248.11825047382996,false
1,33,16:00,93,07:00,60,1,,,0.0,false,14.8,248.58868785537246,false
1,33,16:00,94,07:15,61,1,,,0.0,false,14.8,249.05912523691498,false
1,33,16:00,95,07:30,62,1,,,0.0,false,14.8,249.52956261845748,false
1,33,16:00,96,07:45,63,1,,,0.0,false,14.8,250.0,false
1,34,16:15,34,16:15,0,1,,Traveling,4.710100000000001,false,4.895056825837741,242.25439447695737,false
1,34,16:15,35,16:30,1,1,,Loading/Swinging,3.1586,false,4.105406825837741,242.25439447695737,false
1,34,16:15,36,16:45,2,1,,Loading/Swinging,3.1586,false,3.315756825837741,242.25439447695737,false
1,34,16:15,37,17:00,3,1,,Charging,0.0,true,3.4000000000000012,242.16105023965846,false
1,34,16:15,38,17:15,4,1,,Charging,0.0,true,5.300000000000001,240.05578708176373,false
1,34,16:15,39,17:30,5,1,,,0.0,false,5.300000000000001,240.05578708176373,true
1,34,16:15,40,17:45,6,1,,Charging,0.0,true,7.2,237.95052392386899,false
1,34,16:15,41,18:00,7,1,,Charging,0.0,true,9.1,235.84526076597425,false
1,34,16:15,42,18:15,8,1,,Charging,0.0,true,11.0,233.7399976080795,false
1,34,16:15,43,18:30,9,1,,Charging,0.0,true,12.9,231.63473445018477,false
1,34,16:15,44,18:45,10,1,,Charging,0.0,true,14.8,229.52947129229003,true
1,34,16:15,45,19:00,11,1,,,0.0,false,14.8,229.52947129229003,false
1,34,16:15,46,19:15,12,1,,,0.0,false,14.8,229.52947129229003,false
1,34,16:15,47,19:30,13,1,,,0.0,false,14.8,229.52947129229003,false
1,34,16:15,48,19:45,14,1,,,0.0,false,14.8,229.52947129229003,false
1,34,16:15,49,20:00,15,1,,,0.0,false,14.8,229.52947129229003,false
1,34,16:15,50,20:15,16,1,,,0.0,false,14.8,229.52947129229003,false
1,34,16:15,51,20:30,17,1,,,0.0,false,14.8,229.52947129229003,false
1,34,16:15,52,20:45,18,1,,,0.0,false,14.8,229.52947129229003,false
1,34,16:15,53,21:00,19,1,,,0.0,false,14.8,229.99990867383252,false
1,34,16:15,54,21:15,20,1,,,0.0,false,14.8,230.47034605537502,false
1,34,16:15,55,21:30,21,1,,,0.0,false,14.8,230.9407834369175,false
1,34,16:15,56,21:45,22,1,,,0.0,false,14.8,231.41122081846,false
1,34,16:15,57,22:00,23,1,,,0.0,false,14.8,231.8816582000025,false
1,34,16:15,58,22:15,24,1,,,0.0,false,14.8,232.352095581545,false
1,34,16:15,59,22:30,25,1,,,0.0,false,14.8,232.8225329630875,false
1,34,16:15,60,22:45,26,1,,,0.0,false,14.8,233.29297034463,false
1,34,16:15,61,23:00,27,1,,,0.0,false,14.8,233.7634077261725,false
1,34,16:15,62,23:15,28,1,,,0.0,false,14.8,234.23384510771498,false
1,34,16:15,63,23:30,29,1,,,0.0,false,14.8,234.70428248925748,false
1,34,16:15,64,23:45,30,1,,,0.0,false,14.8,234.9460037906401,false
1,34,16:15,65,00:00,31,1,,,0.0,false,14.8,235.4164411721826,false
1,34,16:15,66,00:15,32,1,,,0.0,false,14.8,235.8868785537251,false
1,34,16:15,67,00:30,33,1,,,0.0,false,14.8,236.3573159352676,false
1,34,16:15,68,00:45,34,1,,,0.0,false,14.8,236.8277533168101,false
1,34,16:15,69,01:00,35,1,,,0.0,false,14.8,237.29819069835258,false
1,34,16:15,70,01:15,36,1,,,0.0,false,14.8,237.76862807989508,false
1,34,16:15,71,01:30,37,1,,,0.0,false,14.8,238.23906546143758,false
1,34,16:15,72,01:45,38,1,,,0.0,false,14.8,238.70950284298007,false
1,34,16:15,73,02:00,39,1,,,0.0,false,14.8,239.17994022452257,false
1,34,16:15,74,02:15,40,1,,,0.0,false,14.8,239.65037760606506,false
1,34,16:15,75,02:30,41,1,,,0.0,false,14.8,240.12081498760756,false
1,34,16:15,76,02:45,42,1,,,0.0,false,14.8,240.59125236915006,false
1,34,16:15,77,03:00,43,1,,,0.0,false,14.8,241.06168975069255,false
1,34,16:15,78,03:15,44,1,,,0.0,false,14.8,241.53212713223505,false
1,34,16:15,79,03:30,45,1,,,0.0,false,14.8,242.00256451377754,false
1,34,16:15,80,03:45,46,1,,,0.0,false,14.8,242.47300189532004,false
1,34,16:15,81,04:00,47,1,,,0.0,false,14.8,242.94343927686253,false
1,34,16:15,82,04:15,48,1,,,0.0,false,14.8,243.41387665840503,false
1,34,16:15,83,04:30,49,1,,,0.0,false,14.8,243.88431403994753,false
1,34,16:15,84,04:45,50,1,,,0.0,false,14.8,244.35475142149002,false
1,34,16:15,85,05:00,51,1,,,0.0,false,14.8,244.82518880303252,false
1,34,16:15,86,05:15,52,1,,,0.0,false,14.8,245.295626184575,false
1,34,16:15,87,05:30,53,1,,,0.0,false,14.8,245.7660635661175,false
1,34,16:15,88,05:45,54,1,,,0.0,false,14.8,246.23650094766,false
1,34,16:15,89,06:00,55,1,,,0.0,false,14.8,246.7069383292025,false
1,34,16:15,90,06:15,56,1,,,0.0,false,14.8,247.177375710745,false
1,34,16:15,91,06:30,57,1,,,0.0,false,14.8,247.6478130922875,false
1,34,16:15,92,06:45,58,1,,,0.0,false,14.8,248.11825047383,false
1,34,16:15,93,07:00,59,1,,,0.0,false,14.8,248.58868785537248,false
1,34,16:15,94,07:15,60,1,,,0.0,false,14.8,249.05912523691498,false
1,34,16:15,95,07:30,61,1,,,0.0,false,14.8,249.52956261845748,false
1,34,16:15,96,07:45,62,1,,,0.0,false,14.8,250.0,false
1,35,16:30,35,16:30,0,1,,Loading/Swinging,3.1586,false,4.105556825837741,242.25439447695737,false
1,35,16:30,36,16:45,1,1,,Loading/Swinging,3.1586,false,3.3159068258377413,242.25439447695737,false
1,35,16:30,37,17:00,2,1,,Charging,0.0,true,3.400000000000001,242.16121644464462,false
1,35,16:30,38,17:15,3,1,,Charging,0.0,true,5.300000000000001,240.05595328674988,false
1,35,16:30,39,17:30,4,1,,Charging,0.0,true,7.200000000000001,237.95069012885514,true
1,35,16:30,40,17:45,5,1,,Charging,0.0,true,9.100000000000001,235.8454269709604,false
1,35,16:30,41,18:00,6,1,,Charging,0.0,true,11.0,233.74016381306566,false
1,35,16:30,42,18:15,7,1,,Charging,0.0,true,12.9,231.63490065517092,false
1,35,16:30,43,18:30,8,1,,Charging,0.0,true,14.8,229.52963749727618,false
1,35,16:30,44,18:45,9,1,,,0.0,false,14.8,229.52963749727618,true
1,35,16:30,45,19:00,10,1,,,0.0,false,14.8,229.52963749727618,false
1,35,16:30,46,19:15,11,1,,,0.0,false,14.8,229.52963749727618,false
1,35,16:30,47,19:30,12,1,,,0.0,false,14.8,229.52963749727618,false
1,35,16:30,48,19:45,13,1,,,0.0,false,14.8,229.52963749727618,false
1,35,16:30,49,20:00,14,1,,,0.0,false,14.8,229.52963749727618,false
1,35,16:30,50,20:15,15,1,,,0.0,false,14.8,229.52963749727618,false
1,35,16:30,51,20:30,16,1,,,0.0,false,14.8,229.52963749727618,false
1,35,16:30,52,20:45,17,1,,,0.0,false,14.8,229.52963749727618,false
1,35,16:30,53,21:00,18,1,,,0.0,false,14.8,230.00007487881868,false
1,35,16:30,54,21:15,19,1,,,0.0,false,14.8,230.47051226036118,false
1,35,16:30,55,21:30,20,1,,,0.0,false,14.8,230.94094964190367,false
1,35,16:30,56,21:45,21,1,,,0.0,false,14.8,231.41138702344617,false
1,35,16:30,57,22:00,22,1,,,0.0,false,14.8,231.88182440498866,false
1,35,16:30,58,22:15,23,1,,,0.0,false,14.8,232.35226178653116,false
1,35,16:30,59,22:30,24,1,,,0.0,false,14.8,232.82269916807365,false
1,35,16:30,60,22:45,25,1,,,0.0,false,14.8,233.29313654961615,false
1,35,16:30,61,23:00,26,1,,,0.0,false,14.8,233.76357393115865,false
1,35,16:30,62,23:15,27,1,,,0.0,false,14.8,234.23401131270114,false
1,35,16:30,63,23:30,28,1,,,0.0,false,14.8,234.70444869424364,false
1,35,16:30,64,23:45,29,1,,,0.0,false,14.8,234.9460037906401,false
1,35,16:30,65,00:00,30,1,,,0.0,false,14.8,235.4164411721826,false
1,35,16:30,66,00:15,31,1,,,0.0,false,14.8,235.8868785537251,false
1,35,16:30,67,00:30,32,1,,,0.0,false,14.8,236.3573159352676,false
1,35,16:30,68,00:45,33,1,,,0.0,false,14.8,236.8277533168101,false
1,35,16:30,69,01:00,34,1,,,0.0,false,14.8,237.29819069835258,false
1,35,16:30,70,01:15,35,1,,,0.0,false,14.8,237.76862807989508,false
1,35,16:30,71,01:30,36,1,,,0.0,false,14.8,238.23906546143758,false
1,35,16:30,72,01:45,37,1,,,0.0,false,14.8,238.70950284298007,false
1,35,16:30,73,02:00,38,1,,,0.0,false,14.8,239.17994022452257,false
1,35,16:30,74,02:15,39,1,,,0.0,false,14.8,239.65037760606506,false
1,35,16:30,75,02:30,40,1,,,0.0,false,14.8,240.12081498760756,false
1,35,16:30,76,02:45,41,1,,,0.0,false,14.8,240.59125236915006,false
1,35,16:30,77,03:00,42,1,,,0.0,false,14.8,241.06168975069255,false
1,35,16:30,78,03:15,43,1,,,0.0,false,14.8,241.53212713223505,false
1,35,16:30,79,03:30,44,1,,,0.0,false,14.8,242.00256451377754,false
1,35,16:30,80,03:45,45,1,,,0.0,false,14.8,242.47300189532004,false
1,35,16:30,81,04:00,46,1,,,0.0,false,14.8,242.94343927686253,false
1,35,16:30,82,04:15,47,1,,,0.0,false,14.8,243.41387665840503,false
1,35,16:30,83,04:30,48,1,,,0.0,false,14.8,243.88431403994753,false
1,35,16:30,84,04:45,49,1,,,0.0,false,14.8,244.35475142149002,false
1,35,16:30,85,05:00,50,1,,,0.0,false,14.8,244.82518880303252,false
1,35,16:30,86,05:15,51,1,,,0.0,false,14.8,245.295626184575,false
1,35,16:30,87,05:30,52,1,,,0.0,false,14.8,245.7660635661175,false
1,35,16:30,88,05:45,53,1,,,0.0,false,14.8,246.23650094766,false
1,35,16:30,89,06:00,54,1,,,0.0,false,14.8,246.7069383292025,false
1,35,16:30,90,06:15,55,1,,,0.0,false,14.8,247.177375710745,false
1,35,16:30,91,06:30,56,1,,,0.0,false,14.8,247.6478130922875,false
1,35,16:30,92,06:45,57,1,,,0.0,false,14.8,248.11825047383,false
1,35,16:30,93,07:00,58,1,,,0.0,false,14.8,248.58868785537248,false
1,35,16:30,94,07:15,59,1,,,0.0,false,14.8,249.05912523691498,false
1,35,16:30,95,07:30,60,1,,,0.0,false,14.8,249.52956261845748,false
1,35,16:30,96,07:45,61,1,,,0.0,false,14.8,250.0,false
1,36,16:45,36,16:45,0,1,,Loading/Swinging,3.1586,false,3.164106825837741,242.25439447695737,false
1,36,16:45,37,17:00,1,1,,Charging,0.0,true,5.064106825837741,240.14913131906263,false
1,36,16:45,38,17:15,2,1,,Charging,0.0,true,6.9641068258377405,238.0438681611679,false
1,36,16:45,39,17:30,3,1,,Charging,0.0,true,8.864106825837741,235.93860500327315,false
1,36,16:45,40,17:45,4,1,,Charging,0.0,true,10.764106825837741,233.83334184537844,false
1,36,16:45,41,18:00,5,1,,Charging,0.0,true,12.664106825837742,231.7280786874837,false
1,36,16:45,42,18:15,6,1,,Charging,0.0,true,14.564106825837744,229.62281552958896,false
1,36,16:45,43,18:30,7,1,,Charging,0.0,true,14.8,229.36143805129282,false
1,36,16:45,44,18:45,8,1,,,0.0,false,14.8,229.36143805129282,false
1,36,16:45,45,19:00,9,1,,,0.0,false,14.8,229.36143805129282,false
1,36,16:45,46,19:15,10,1,,,0.0,false,14.8,229.36143805129282,false
1,36,16:45,47,19:30,11,1,,,0.0,false,14.8,229.36143805129282,false
1,36,16:45,48,19:45,12,1,,,0.0,false,14.8,229.36143805129282,false
1,36,16:45,49,20:00,13,1,,,0.0,false,14.8,229.36143805129282,false
1,36,16:45,50,20:15,14,1,,,0.0,false,14.8,229.36143805129282,false
1,36,16:45,51,20:30,15,1,,,0.0,false,14.8,229.36143805129282,false
1,36,16:45,52,20:45,16,1,,,0.0,false,14.8,229.36143805129282,false
1,36,16:45,53,21:00,17,1,,,0.0,false,14.8,229.83187543283532,false
1,36,16:45,54,21:15,18,1,,,0.0,false,14.8,230.3023128143778,false
1,36,16:45,55,21:30,19,1,,,0.0,false,14.8,230.7727501959203,false
1,36,16:45,56,21:45,20,1,,,0.0,false,14.8,231.24318757746283,false
1,36,16:45,57,22:00,21,1,,,0.0,false,14.8,231.71362495900533,false
1,36,16:45,58,22:15,22,1,,,0.0,false,14.8,232.18406234054783,false
1,36,16:45,59,22:30,23,1,,,0.0,false,14.8,232.65449972209032,false
1,36,16:45,60,22:45,24,1,,,0.0,false,14.8,233.12493710363282,false
1,36,16:45,61,23:00,25,1,,,0.0,false,14.8,233.5953744851753,false
1,36,16:45,62,23:15,26,1,,,0.0,false,14.8,234.0658118667178,false
1,36,16:45,63,23:30,27,1,,,0.0,false,14.8,234.53624924826033,false
1,36,16:45,64,23:45,28,1,,,0.0,false,14.8,234.94600379063994,false
1,36,16:45,65,00:00,29,1,,,0.0,false,14.8,235.41644117218246,false
1,36,16:45,66,00:15,30,1,,,0.0,false,14.8,235.88687855372496,false
1,36,16:45,67,00:30,31,1,,,0.0,false,14.8,236.35731593526745,false
1,36,16:45,68,00:45,32,1,,,0.0,false,14.8,236.82775331680995,false
1,36,16:45,69,01:00,33,1,,,0.0,false,14.8,237.29819069835244,false
1,36,16:45,70,01:15,34,1,,,0.0,false,14.8,237.76862807989497,false
1,36,16:45,71,01:30,35,1,,,0.0,false,14.8,238.23906546143746,false
1,36,16:45,72,01:45,36,1,,,0.0,false,14.8,238.70950284297996,false
1,36,16:45,73,02:00,37,1,,,0.0,false,14.8,239.17994022452245,false
1,36,16:45,74,02:15,38,1,,,0.0,false,14.8,239.65037760606495,false
1,36,16:45,75,02:30,39,1,,,0.0,false,14.8,240.12081498760747,false
1,36,16:45,76,02:45,40,1,,,0.0,false,14.8,240.59125236914997,false
1,36,16:45,77,03:00,41,1,,,0.0,false,14.8,241.06168975069247,false
1,36,16:45,78,03:15,42,1,,,0.0,false,14.8,241.53212713223496,false
1,36,16:45,79,03:30,43,1,,,0.0,false,14.8,242.0025645137775,false
1,36,16:45,80,03:45,44,1,,,0.0,false,14.8,242.47300189531998,false
1,36,16:45,81,04:00,45,1,,,0.0,false,14.8,242.94343927686248,false
1,36,16:45,82,04:15,46,1,,,0.0,false,14.8,243.41387665840497,false
1,36,16:45,83,04:30,47,1,,,0.0,false,14.8,243.88431403994747,false
1,36,16:45,84,04:45,48,1,,,0.0,false,14.8,244.35475142149,false
1,36,16:45,85,05:00,49,1,,,0.0,false,14.8,244.8251888030325,false
1,36,16:45,86,05:15,50,1,,,0.0,false,14.8,245.29562618457499,false
1,36,16:45,87,05:30,51,1,,,0.0,false,14.8,245.76606356611748,false
1,36,16:45,88,05:45,52,1,,,0.0,false,14.8,246.23650094765998,false
1,36,16:45,89,06:00,53,1,,,0.0,false,14.8,246.70693832920247,false
1,36,16:45,90,06:15,54,1,,,0.0,false,14.8,247.17737571074497,false
1,36,16:45,91,06:30,55,1,,,0.0,false,14.8,247.6478130922875,false
1,36,16:45,92,06:45,56,1,,,0.0,false,14.8,248.11825047383,false
1,36,16:45,93,07:00,57,1,,,0.0,false,14.8,248.58868785537248,false
1,36,16:45,94,07:15,58,1,,,0.0,false,14.8,249.05912523691498,false
1,36,16:45,95,07:30,59,1,,,0.0,false,14.8,249.52956261845748,false
1,36,16:45,96,07:45,60,1,,,0.0,false,14.8,250.0,false
1,37,17:00,37,17:00,0,1,,Charging,0.0,true,3.4000000000000012,241.82481755267787,false
1,37,17:00,38,17:15,1,1,,Charging,0.0,true,5.300000000000001,239.71955439478313,false
1,37,17:00,39,17:30,2,1,,Charging,0.0,true,7.200000000000001,237.6142912368884,false
1,37,17:00,40,17:45,3,1,,Charging,0.0,true,9.100000000000001,235.50902807899365,false
1,37,17:00,41,18:00,4,1,,Charging,0.0,true,11.000000000000002,233.4037649210989,false
1,37,17:00,42,18:15,5,1,,,0.0,false,11.000000000000002,233.4037649210989,true
1,37,17:00,43,18:30,6,1,,Charging,0.0,true,12.9,231.29850176320417,false
1,37,17:00,44,18:45,7,1,,,0.0,false,12.9,231.29850176320417,false
1,37,17:00,45,19:00,8,1,,,0.0,false,12.9,231.29850176320417,false
1,37,17:00,46,19:15,9,1,,Charging,0.0,true,14.8,229.19323860530943,true
1,37,17:00,47,19:30,10,1,,,0.0,false,14.8,229.19323860530943,false
1,37,17:00,48,19:45,11,1,,,0.0,false,14.8,229.19323860530943,false
1,37,17:00,49,20:00,12,1,,,0.0,false,14.8,229.19323860530943,false
1,37,17:00,50,20:15,13,1,,,0.0,false,14.8,229.19323860530943,false
1,37,17:00,51,20:30,14,1,,,0.0,false,14.8,229.19323860530943,false
1,37,17:00,52,20:45,15,1,,,0.0,false,14.8,229.19323860530943,false
1,37,17:00,53,21:00,16,1,,,0.0,false,14.8,229.66611954609786,false
1,37,17:00,54,21:15,17,1,,,0.0,false,14.8,230.1390004868863,false
1,37,17:00,55,21:30,18,1,,,0.0,false,14.8,230.6118814276747,false
1,37,17:00,56,21:45,19,1,,,0.0,false,14.8,231.08476236846312,false
1,37,17:00,57,22:00,20,1,,,0.0,false,14.8,231.55764330925155,false
1,37,17:00,58,22:15,21,1,,,0.0,false,14.8,232.03052425003997,false
1,37,17:00,59,22:30,22,1,,,0.0,false,14.8,232.5034051908284,false
1,37,17:00,60,22:45,23,1,,,0.0,false,14.8,232.9762861316168,false
1,37,17:00,61,23:00,24,1,,,0.0,false,14.8,233.44916707240523,false
1,37,17:00,62,23:15,25,1,,,0.0,false,14.8,233.92204801319366,false
1,37,17:00,63,23:30,26,1,,,0.0,false,14.8,234.3949289539821,false
1,37,17:00,64,23:45,27,1,,,0.0,false,14.8,234.86780989477052,false
1,37,17:00,65,00:00,28,1,,,0.0,false,14.8,235.34069083555892,false
1,37,17:00,66,00:15,29,1,,,0.0,false,14.8,235.81357177634735,false
1,37,17:00,67,00:30,30,1,,,0.0,false,14.8,236.28645271713577,false
1,37,17:00,68,00:45,31,1,,,0.0,false,14.8,236.7593336579242,false
1,37,17:00,69,01:00,32,1,,,0.0,false,14.8,237.2322145987126,false
1,37,17:00,70,01:15,33,1,,,0.0,false,14.8,237.70509553950103,false
1,37,17:00,71,01:30,34,1,,,0.0,false,14.8,238.17797648028946,false
1,37,17:00,72,01:45,35,1,,,0.0,false,14.8,238.6508574210779,false
1,37,17:00,73,02:00,36,1,,,0.0,false,14.8,239.1237383618663,false
1,37,17:00,74,02:15,37,1,,,0.0,false,14.8,239.59661930265472,false
1,37,17:00,75,02:30,38,1,,,0.0,false,14.8,240.06950024344314,false
1,37,17:00,76,02:45,39,1,,,0.0,false,14.8,240.54238118423157,false
1,37,17:00,77,03:00,40,1,,,0.0,false,14.8,241.01526212502,false
1,37,17:00,78,03:15,41,1,,,0.0,false,14.8,241.4881430658084,false
1,37,17:00,79,03:30,42,1,,,0.0,false,14.8,241.96102400659683,false
1,37,17:00,80,03:45,43,1,,,0.0,false,14.8,242.43390494738526,false
1,37,17:00,81,04:00,44,1,,,0.0,false,14.8,242.9067858881737,false
1,37,17:00,82,04:15,45,1,,,0.0,false,14.8,243.3796668289621,false
1,37,17:00,83,04:30,46,1,,,0.0,false,14.8,243.85254776975052,false
1,37,17:00,84,04:45,47,1,,,0.0,false,14.8,244.32542871053894,false
1,37,17:00,85,05:00,48,1,,,0.0,false,14.8,244.79830965132737,false
1,37,17:00,86,05:15,49,1,,,0.0,false,14.8,245.27119059211577,false
1,37,17:00,87,05:30,50,1,,,0.0,false,14.8,245.7440715329042,false
1,37,17:00,88,05:45,51,1,,,0.0,false,14.8,246.21695247369263,false
1,37,17:00,89,06:00,52,1,,,0.0,false,14.8,246.68983341448106,false
1,37,17:00,90,06:15,53,1,,,0.0,false,14.8,247.16271435526946,false
1,37,17:00,91,06:30,54,1,,,0.0,false,14.8,247.6355952960579,false
1,37,17:00,92,06:45,55,1,,,0.0,false,14.8,248.10847623684631,false
1,37,17:00,93,07:00,56,1,,,0.0,false,14.8,248.58135717763474,false
1,37,17:00,94,07:15,57,1,,,0.0,false,14.8,249.05423811842314,false
1,37,17:00,95,07:30,58,1,,,0.0,false,14.8,249.52711905921157,false
1,37,17:00,96,07:45,59,1,,,0.0,false,14.8,250.0,false
1,38,17:15,38,17:15,0,1,,Charging,0.0,true,5.3204049039032775,239.71955439478313,false
1,38,17:15,39,17:30,1,1,,Charging,0.0,true,7.220404903903277,237.6142912368884,false
1,38,17:15,40,17:45,2,1,,Charging,0.0,true,9.120404903903276,235.50902807899365,false
1,38,17:15,41,18:00,3,1,,Charging,0.0,true,11.020404903903277,233.4037649210989,false
1,38,17:15,42,18:15,4,1,,Charging,0.0,true,12.920404903903277,231.29850176320417,true
1,38,17:15,43,18:30,5,1,,Charging,0.0,true,14.799999999999999,229.21584791711362,false
1,38,17:15,44,18:45,6,1,,,0.0,false,14.8,229.21584791711362,false
1,38,17:15,45,19:00,7,1,,,0.0,false,14.8,229.21584791711362,false
1,38,17:15,46,19:15,8,1,,,0.0,false,14.8,229.21584791711362,true
1,38,17:15,47,19:30,9,1,,,0.0,false,14.8,229.21584791711362,false
1,38,17:15,48,19:45,10,1,,,0.0,false,14.8,229.21584791711362,false
1,38,17:15,49,20:00,11,1,,,0.0,false,14.8,229.21584791711362,false
1,38,17:15,50,20:15,12,1,,,0.0,false,14.8,229.21584791711362,false
1,38,17:15,51,20:30,13,1,,,0.0,false,14.8,229.21584791711362,false
1,38,17:15,52,20:45,14,1,,,0.0,false,14.8,229.21584791711362,false
1,38,17:15,53,21:00,15,1,,,0.0,false,14.8,229.6882150099065,false
1,38,17:15,54,21:15,16,1,,,0.0,false,14.8,230.16058210269935,false
1,38,17:15,55,21:30,17,1,,,0.0,false,14.8,230.63294919549222,false
1,38,17:15,56,21:45,18,1,,,0.0,false,14.8,231.10531628828508,false
1,38,17:15,57,22:00,19,1,,,0.0,false,14.8,231.57768338107795,false
1,38,17:15,58,22:15,20,1,,,0.0,false,14.8,232.0500504738708,false
1,38,17:15,59,22:30,21,1,,,0.0,false,14.8,232.52241756666368,false
1,38,17:15,60,22:45,22,1,,,0.0,false,14.8,232.99478465945654,false
1,38,17:15,61,23:00,23,1,,,0.0,false,14.8,233.4671517522494,false
1,38,17:15,62,23:15,24,1,,,0.0,false,14.8,233.93951884504227,false
1,38,17:15,63,23:30,25,1,,,0.0,false,14.8,234.41188593783514,false
1,38,17:15,64,23:45,26,1,,,0.0,false,14.8,234.884253030628,false
1,38,17:15,65,00:00,27,1,,,0.0,false,14.8,235.35662012342087,false
1,38,17:15,66,00:15,28,1,,,0.0,false,14.8,235.82898721621373,false
1,38,17:15,67,00:30,29,1,,,0.0,false,14.8,236.3013543090066,false
1,38,17:15,68,00:45,30,1,,,0.0,false,14.8,236.77372140179946,false
1,38,17:15,69,01:00,31,1,,,0.0,false,14.8,237.24608849459233,false
1,38,17:15,70,01:15,32,1,,,0.0,false,14.8,237.7184555873852,false
1,38,17:15,71,01:30,33,1,,,0.0,false,14.8,238.19082268017806,false
1,38,17:15,72,01:45,34,1,,,0.0,false,14.8,238.66318977297092,false
1,38,17:15,73,02:00,35,1,,,0.0,false,14.8,239.1355568657638,false
1,38,17:15,74,02:15,36,1,,,0.0,false,14.8,239.60792395855665,false
1,38,17:15,75,02:30,37,1,,,0.0,false,14.8,240.08029105134952,false
1,38,17:15,76,02:45,38,1,,,0.0,false,14.8,240.55265814414238,false
1,38,17:15,77,03:00,39,1,,,0.0,false,14.8,241.02502523693525,false
1,38,17:15,78,03:15,40,1,,,0.0,false,14.8,241.49739232972811,false
1,38,17:15,79,03:30,41,1,,,0.0,false,14.8,241.96975942252098,false
1,38,17:15,80,03:45,42,1,,,0.0,false,14.8,242.44212651531384,false
1,38,17:15,81,04:00,43,1,,,0.0,false,14.8,242.9144936081067,false
1,38,17:15,82,04:15,44,1,,,0.0,false,14.8,243.38686070089958,false
1,38,17:15,83,04:30,45,1,,,0.0,false,14.8,243.85922779369244,false
1,38,17:15,84,04:45,46,1,,,0.0,false,14.8,244.3315948864853,false
1,38,17:15,85,05:00,47,1,,,0.0,false,14.8,244.80396197927817,false
1,38,17:15,86,05:15,48,1,,,0.0,false,14.8,245.27632907207104,false
1,38,17:15,87,05:30,49,1,,,0.0,false,14.8,245.7486961648639,false
1,38,17:15,88,05:45,50,1,,,0.0,false,14.8,246.22106325765677,false
1,38,17:15,89,06:00,51,1,,,0.0,false,14.8,246.69343035044963,false
1,38,17:15,90,06:15,52,1,,,0.0,false,14.8,247.1657974432425,false
1,38,17:15,91,06:30,53,1,,,0.0,false,14.8,247.63816453603536,false
1,38,17:15,92,06:45,54,1,,,0.0,false,14.8,248.11053162882823,false
1,38,17:15,93,07:00,55,1,,,0.0,false,14.8,248.5828987216211,false
1,38,17:15,94,07:15,56,1,,,0.0,false,14.8,249.05526581441396,false
1,38,17:15,95,07:30,57,1,,,0.0,false,14.8,249.5276329072071,false
1,38,17:15,96,07:45,58,1,,,0.0,false,14.8,250.0,false
1,39,17:30,39,17:30,0,1,,Charging,0.0,true,7.2,237.7477038727923,false
1,39,17:30,40,17:45,1,1,,Charging,0.0,true,9.100000000000001,235.64244071489756,false
1,39,17:30,41,18:00,2,1,,Charging,0.0,true,11.0,233.53717755700282,false
1,39,17:30,42,18:15,3,1,,Charging,0.0,true,12.9,231.43191439910808,false
1,39,17:30,43,18:30,4,1,,Charging,0.0,true,14.8,229.32665124121334,false
1,39,17:30,44,18:45,5,1,,,0.0,false,14.8,229.32665124121334,false
1,39,17:30,45,19:00,6,1,,,0.0,false,14.8,229.32665124121334,false
1,39,17:30,46,19:15,7,1,,,0.0,false,14.8,229.32665124121334,false
1,39,17:30,47,19:30,8,1,,,0.0,false,14.8,229.32665124121334,false
1,39,17:30,48,19:45,9,1,,,0.0,false,14.8,229.32665124121334,false
1,39,17:30,49,20:00,10,1,,,0.0,false,14.8,229.32665124121334,false
1,39,17:30,50,20:15,11,1,,,0.0,false,14.8,229.32665124121334,false
1,39,17:30,51,20:30,12,1,,,0.0,false,14.8,229.32665124121334,false
1,39,17:30,52,20:45,13,1,,,0.0,false,14.8,229.32665124121334,false
1,39,17:30,53,21:00,14,1,,,0.0,false,14.8,229.79708862275584,false
1,39,17:30,54,21:15,15,1,,,0.0,false,14.8,230.26752600429833,false
1,39,17:30,55,21:30,16,1,,,0.0,false,14.8,230.73796338584083,false
1,39,17:30,56,21:45,17,1,,,0.0,false,14.8,231.20840076738332,false
1,39,17:30,57,22:00,18,1,,,0.0,false,14.8,231.67883814892582,false
1,39,17:30,58,22:15,19,1,,,0.0,false,14.8,232.14927553046832,false
1,39,17:30,59,22:30,20,1,,,0.0,false,14.8,232.6197129120108,false
1,39,17:30,60,22:45,21,1,,,0.0,false,14.8,233.0901502935533,false
1,39,17:30,61,23:00,22,1,,,0.0,false,14.8,233.5605876750958,false
1,39,17:30,62,23:15,23,1,,,0.0,false,14.8,234.0310250566383,false
1,39,17:30,63,23:30,24,1,,,0.0,false,14.8,234.5014624381808,false
1,39,17:30,64,23:45,25,1,,,0.0,false,14.8,234.9460037906401,false
1,39,17:30,65,00:00,26,1,,,0.0,false,14.8,235.4164411721826,false
1,39,17:30,66,00:15,27,1,,,0.0,false,14.8,235.8868785537251,false
1,39,17:30,67,00:30,28,1,,,0.0,false,14.8,236.3573159352676,false
1,39,17:30,68,00:45,29,1,,,0.0,false,14.8,236.8277533168101,false
1,39,17:30,69,01:00,30,1,,,0.0,false,14.8,237.29819069835258,false
1,39,17:30,70,01:15,31,1,,,0.0,false,14.8,237.76862807989508,false
1,39,17:30,71,01:30,32,1,,,0.0,false,14.8,238.23906546143758,false
1,39,17:30,72,01:45,33,1,,,0.0,false,14.8,238.70950284298007,false
1,39,17:30,73,02:00,34,1,,,0.0,false,14.8,239.17994022452257,false
1,39,17:30,74,02:15,35,1,,,0.0,false,14.8,239.65037760606506,false
1,39,17:30,75,02:30,36,1,,,0.0,false,14.8,240.12081498760756,false
1,39,17:30,76,02:45,37,1,,,0.0,false,14.8,240.59125236915006,false
1,39,17:30,77,03:00,38,1,,,0.0,false,14.8,241.06168975069255,false
1,39,17:30,78,03:15,39,1,,,0.0,false,14.8,241.53212713223505,false
1,39,17:30,79,03:30,40,1,,,0.0,false,14.8,242.00256451377754,false
1,39,17:30,80,03:45,41,1,,,0.0,false,14.8,242.47300189532004,false
1,39,17:30,81,04:00,42,1,,,0.0,false,14.8,242.94343927686253,false
1,39,17:30,82,04:15,43,1,,,0.0,false,14.8,243.41387665840503,false
1,39,17:30,83,04:30,44,1,,,0.0,false,14.8,243.88431403994753,false
1,39,17:30,84,04:45,45,1,,,0.0,false,14.8,244.35475142149002,false
1,39,17:30,85,05:00,46,1,,,0.0,false,14.8,244.82518880303252,false
1,39,17:30,86,05:15,47,1,,,0.0,false,14.8,245.295626184575,false
1,39,17:30,87,05:30,48,1,,,0.0,false,14.8,245.7660635661175,false
1,39,17:30,88,05:45,49,1,,,0.0,false,14.8,246.23650094766,false
1,39,17:30,89,06:00,50,1,,,0.0,false,14.8,246.7069383292025,false
1,39,17:30,90,06:15,51,1,,,0.0,false,14.8,247.177375710745,false
1,39,17:30,91,06:30,52,1,,,0.0,false,14.8,247.6478130922875,false
1,39,17:30,92,06:45,53,1,,,0.0,false,14.8,248.11825047383,false
1,39,17:30,93,07:00,54,1,,,0.0,false,14.8,248.58868785537248,false
1,39,17:30,94,07:15,55,1,,,0.0,false,14.8,249.05912523691498,false
1,39,17:30,95,07:30,56,1,,,0.0,false,14.8,249.52956261845748,false
1,39,17:30,96,07:45,57,1,,,0.0,false,14.8,250.0,false
1,40,17:45,40,17:45,0,1,,Charging,0.0,true,9.100000000000001,235.74622232131813,false
1,40,17:45,41,18:00,1,1,,Charging,0.0,true,11.0,233.6409591634234,false
1,40,17:45,42,18:15,2,1,,Charging,0.0,true,12.9,231.53569600552865,false
1,40,17:45,43,18:30,3,1,,Charging,0.0,true,14.8,229.4304328476339,false
1,40,17:45,44,18:45,4,1,,,0.0,false,14.8,229.4304328476339,false
1,40,17:45,45,19:00,5,1,,,0.0,false,14.8,229.4304328476339,false
1,40,17:45,46,19:15,6,1,,,0.0,false,14.8,229.4304328476339,false
1,40,17:45,47,19:30,7,1,,,0.0,false,14.8,229.4304328476339,false
1,40,17:45,48,19:45,8,1,,,0.0,false,14.8,229.4304328476339,false
1,40,17:45,49,20:00,9,1,,,0.0,false,14.8,229.4304328476339,false
1,40,17:45,50,20:15,10,1,,,0.0,false,14.8,229.4304328476339,false
1,40,17:45,51,20:30,11,1,,,0.0,false,14.8,229.4304328476339,false
1,40,17:45,52,20:45,12,1,,,0.0,false,14.8,229.4304328476339,false
1,40,17:45,53,21:00,13,1,,,0.0,false,14.8,229.9008702291764,false
1,40,17:45,54,21:15,14,1,,,0.0,false,14.8,230.3713076107189,false
1,40,17:45,55,21:30,15,1,,,0.0,false,14.8,230.8417449922614,false
1,40,17:45,56,21:45,16,1,,,0.0,false,14.8,231.3121823738039,false
1,40,17:45,57,22:00,17,1,,,0.0,false,14.8,231.7826197553464,false
1,40,17:45,58,22:15,18,1,,,0.0,false,14.8,232.25305713688888,false
1,40,17:45,59,22:30,19,1,,,0.0,false,14.8,232.72349451843138,false
1,40,17:45,60,22:45,20,1,,,0.0,false,14.8,233.19393189997388,false
1,40,17:45,61,23:00,21,1,,,0.0,false,14.8,233.66436928151637,false
1,40,17:45,62,23:15,22,1,,,0.0,false,14.8,234.13480666305887,false
1,40,17:45,63,23:30,23,1,,,0.0,false,14.8,234.60524404460136,false
1,40,17:45,64,23:45,24,1,,,0.0,false,14.8,234.9460037906401,false
1,40,17:45,65,00:00,25,1,,,0.0,false,14.8,235.4164411721826,false
1,40,17:45,66,00:15,26,1,,,0.0,false,14.8,235.8868785537251,false
1,40,17:45,67,00:30,27,1,,,0.0,false,14.8,236.3573159352676,false
1,40,17:45,68,00:45,28,1,,,0.0,false,14.8,236.8277533168101,false
1,40,17:45,69,01:00,29,1,,,0.0,false,14.8,237.29819069835258,false
1,40,17:45,70,01:15,30,1,,,0.0,false,14.8,237.76862807989508,false
1,40,17:45,71,01:30,31,1,,,0.0,false,14.8,238.23906546143758,false
1,40,17:45,72,01:45,32,1,,,0.0,false,14.8,238.70950284298007,false
1,40,17:45,73,02:00,33,1,,,0.0,false,14.8,239.17994022452257,false
1,40,17:45,74,02:15,34,1,,,0.0,false,14.8,239.65037760606506,false
1,40,17:45,75,02:30,35,1,,,0.0,false,14.8,240.12081498760756,false
1,40,17:45,76,02:45,36,1,,,0.0,false,14.8,240.59125236915006,false
1,40,17:45,77,03:00,37,1,,,0.0,false,14.8,241.06168975069255,false
1,40,17:45,78,03:15,38,1,,,0.0,false,14.8,241.53212713223505,false
1,40,17:45,79,03:30,39,1,,,0.0,false,14.8,242.00256451377754,false
1,40,17:45,80,03:45,40,1,,,0.0,false,14.8,242.47300189532004,false
1,40,17:45,81,04:00,41,1,,,0.0,false,14.8,242.94343927686253,false
1,40,17:45,82,04:15,42,1,,,0.0,false,14.8,243.41387665840503,false
1,40,17:45,83,04:30,43,1,,,0.0,false,14.8,243.88431403994753,false
1,40,17:45,84,04:45,44,1,,,0.0,false,14.8,244.35475142149002,false
1,40,17:45,85,05:00,45,1,,,0.0,false,14.8,244.82518880303252,false
1,40,17:45,86,05:15,46,1,,,0.0,false,14.8,245.295626184575,false
1,40,17:45,87,05:30,47,1,,,0.0,false,14.8,245.7660635661175,false
1,40,17:45,88,05:45,48,1,,,0.0,false,14.8,246.23650094766,false
1,40,17:45,89,06:00,49,1,,,0.0,false,14.8,246.7069383292025,false
1,40,17:45,90,06:15,50,1,,,0.0,false,14.8,247.177375710745,false
1,40,17:45,91,06:30,51,1,,,0.0,false,14.8,247.6478130922875,false
1,40,17:45,92,06:45,52,1,,,0.0,false,14.8,248.11825047383,false
1,40,17:45,93,07:00,53,1,,,0.0,false,14.8,248.58868785537248,false
1,40,17:45,94,07:15,54,1,,,0.0,false,14.8,249.05912523691498,false
1,40,17:45,95,07:30,55,1,,,0.0,false,14.8,249.52956261845748,false
1,40,17:45,96,07:45,56,1,,,0.0,false,14.8,250.0,false
1,41,18:00,41,18:00,0,1,,Charging,0.0,true,11.000000000000002,233.7463002977115,false
1,41,18:00,42,18:15,1,1,,Charging,0.0,true,12.9,231.64103713981677,false
1,41,18:00,43,18:30,2,1,,Charging,0.0,true,14.8,229.53577398192203,false
1,41,18:00,44,18:45,3,1,,,0.0,false,14.8,229.53577398192203,false
1,41,18:00,45,19:00,4,1,,,0.0,false,14.8,229.53577398192203,false
1,41,18:00,46,19:15,5,1,,,0.0,false,14.8,229.53577398192203,false
1,41,18:00,47,19:30,6,1,,,0.0,false,14.8,229.53577398192203,false
1,41,18:00,48,19:45,7,1,,,0.0,false,14.8,229.53577398192203,false
1,41,18:00,49,20:00,8,1,,,0.0,false,14.8,229.53577398192203,false
1,41,18:00,50,20:15,9,1,,,0.0,false,14.8,229.53577398192203,false
1,41,18:00,51,20:30,10,1,,,0.0,false,14.8,229.53577398192203,false
1,41,18:00,52,20:45,11,1,,,0.0,false,14.8,229.53577398192203,false
1,41,18:00,53,21:00,12,1,,,0.0,false,14.8,230.00621136346453,false
1,41,18:00,54,21:15,13,1,,,0.0,false,14.8,230.47664874500703,false
1,41,18:00,55,21:30,14,1,,,0.0,false,14.8,230.94708612654952,false
1,41,18:00,56,21:45,15,1,,,0.0,false,14.8,231.41752350809202,false
1,41,18:00,57,22:00,16,1,,,0.0,false,14.8,231.8879608896345,false
1,41,18:00,58,22:15,17,1,,,0.0,false,14.8,232.358398271177,false
1,41,18:00,59,22:30,18,1,,,0.0,false,14.8,232.8288356527195,false
1,41,18:00,60,22:45,19,1,,,0.0,false,14.8,233.299273034262,false
1,41,18:00,61,23:00,20,1,,,0.0,false,14.8,233.7697104158045,false
1,41,18:00,62,23:15,21,1,,,0.0,false,14.8,234.240147797347,false
1,41,18:00,63,23:30,22,1,,,0.0,false,14.8,234.7105851788895,false
1,41,18:00,64,23:45,23,1,,,0.0,false,14.8,234.9460037906401,false
1,41,18:00,65,00:00,24,1,,,0.0,false,14.8,235.4164411721826,false
1,41,18:00,66,00:15,25,1,,,0.0,false,14.8,235.8868785537251,false
1,41,18:00,67,00:30,26,1,,,0.0,false,14.8,236.3573159352676,false
1,41,18:00,68,00:45,27,1,,,0.0,false,14.8,236.8277533168101,false
1,41,18:00,69,01:00,28,1,,,0.0,false,14.8,237.29819069835258,false
1,41,18:00,70,01:15,29,1,,,0.0,false,14.8,237.76862807989508,false
1,41,18:00,71,01:30,30,1,,,0.0,false,14.8,238.23906546143758,false
1,41,18:00,72,01:45,31,1,,,0.0,false,14.8,238.70950284298007,false
1,41,18:00,73,02:00,32,1,,,0.0,false,14.8,239.17994022452257,false
1,41,18:00,74,02:15,33,1,,,0.0,false,14.8,239.65037760606506,false
1,41,18:00,75,02:30,34,1,,,0.0,false,14.8,240.12081498760756,false
1,41,18:00,76,02:45,35,1,,,0.0,false,14.8,240.59125236915006,false
1,41,18:00,77,03:00,36,1,,,0.0,false,14.8,241.06168975069255,false
1,41,18:00,78,03:15,37,1,,,0.0,false,14.8,241.53212713223505,false
1,41,18:00,79,03:30,38,1,,,0.0,false,14.8,242.00256451377754,false
1,41,18:00,80,03:45,39,1,,,0.0,false,14.8,242.47300189532004,false
1,41,18:00,81,04:00,40,1,,,0.0,false,14.8,242.94343927686253,false
1,41,18:00,82,04:15,41,1,,,0.0,false,14.8,243.41387665840503,false
1,41,18:00,83,04:30,42,1,,,0.0,false,14.8,243.88431403994753,false
1,41,18:00,84,04:45,43,1,,,0.0,false,14.8,244.35475142149002,false
1,41,18:00,85,05:00,44,1,,,0.0,false,14.8,244.82518880303252,false
1,41,18:00,86,05:15,45,1,,,0.0,false,14.8,245.295626184575,false
1,41,18:00,87,05:30,46,1,,,0.0,false,14.8,245.7660635661175,false
1,41,18:00,88,05:45,47,1,,,0.0,false,14.8,246.23650094766,false
1,41,18:00,89,06:00,48,1,,,0.0,false,14.8,246.7069383292025,false
1,41,18:00,90,06:15,49,1,,,0.0,false,14.8,247.177375710745,false
1,41,18:00,91,06:30,50,1,,,0.0,false,14.8,247.6478130922875,false
1,41,18:00,92,06:45,51,1,,,0.0,false,14.8,248.11825047383,false
1,41,18:00,93,07:00,52,1,,,0.0,false,14.8,248.58868785537248,false
1,41,18:00,94,07:15,53,1,,,0.0,false,14.8,249.05912523691498,false
1,41,18:00,95,07:30,54,1,,,0.0,false,14.8,249.52956261845748,false
1,41,18:00,96,07:45,55,1,,,0.0,false,14.8,250.0,false
1,42,18:15,42,18:15,0,1,,Charging,0.0,true,12.994996296121316,231.64103713981677,false
1,42,18:15,43,18:30,1,1,,Charging,0.0,true,14.8,229.64103303579608,false
1,42,18:15,44,18:45,2,1,,,0.0,false,14.8,229.64103303579608,false
1,42,18:15,45,19:00,3,1,,,0.0,false,14.8,229.64103303579608,false
1,42,18:15,46,19:15,4,1,,,0.0,false,14.8,229.64103303579608,false
1,42,18:15,47,19:30,5,1,,,0.0,false,14.8,229.64103303579608,false
1,42,18:15,48,19:45,6,1,,,0.0,false,14.8,229.64103303579608,false
1,42,18:15,49,20:00,7,1,,,0.0,false,14.8,229.64103303579608,false
1,42,18:15,50,20:15,8,1,,,0.0,false,14.8,229.64103303579608,false
1,42,18:15,51,20:30,9,1,,,0.0,false,14.8,229.64103303579608,false
1,42,18:15,52,20:45,10,1,,,0.0,false,14.8,229.64103303579608,false
1,42,18:15,53,21:00,11,1,,,0.0,false,14.8,230.1114704173386,false
1,42,18:15,54,21:15,12,1,,,0.0,false,14.8,230.5819077988811,false
1,42,18:15,55,21:30,13,1,,,0.0,false,14.8,231.0523451804236,false
1,42,18:15,56,21:45,14,1,,,0.0,false,14.8,231.5227825619661,false
1,42,18:15,57,22:00,15,1,,,0.0,false,14.8,231.99321994350862,false
1,42,18:15,58,22:15,16,1,,,0.0,false,14.8,232.46365732505112,false
1,42,18:15,59,22:30,17,1,,,0.0,false,14.8,232.93409470659364,false
1,42,18:15,60,22:45,18,1,,,0.0,false,14.8,233.40453208813614,false
1,42,18:15,61,23:00,19,1,,,0.0,false,14.8,233.87496946967863,false
1,42,18:15,62,23:15,20,1,,,0.0,false,14.8,234.34540685122113,false
1,42,18:15,63,23:30,21,1,,,0.0,false,14.8,234.81584423276362,false
1,42,18:15,64,23:45,22,1,,,0.0,false,14.8,234.9460037906399,false
1,42,18:15,65,00:00,23,1,,,0.0,false,14.8,235.4164411721824,false
1,42,18:15,66,00:15,24,1,,,0.0,false,14.8,235.8868785537249,false
1,42,18:15,67,00:30,25,1,,,0.0,false,14.8,236.3573159352674,false
1,42,18:15,68,00:45,26,1,,,0.0,false,14.8,236.82775331680992,false
1,42,18:15,69,01:00,27,1,,,0.0,false,14.8,237.2981906983524,false
1,42,18:15,70,01:15,28,1,,,0.0,false,14.8,237.7686280798949,false
1,42,18:15,71,01:30,29,1,,,0.0,false,14.8,238.2390654614374,false
1,42,18:15,72,01:45,30,1,,,0.0,false,14.8,238.70950284297993,false
1,42,18:15,73,02:00,31,1,,,0.0,false,14.8,239.17994022452243,false
1,42,18:15,74,02:15,32,1,,,0.0,false,14.8,239.65037760606492,false
1,42,18:15,75,02:30,33,1,,,0.0,false,14.8,240.12081498760742,false
1,42,18:15,76,02:45,34,1,,,0.0,false,14.8,240.5912523691499,false
1,42,18:15,77,03:00,35,1,,,0.0,false,14.8,241.06168975069244,false
1,42,18:15,78,03:15,36,1,,,0.0,false,14.8,241.53212713223493,false
1,42,18:15,79,03:30,37,1,,,0.0,false,14.8,242.00256451377743,false
1,42,18:15,80,03:45,38,1,,,0.0,false,14.8,242.47300189531992,false
1,42,18:15,81,04:00,39,1,,,0.0,false,14.8,242.9434392768625,false
1,42,18:15,82,04:15,40,1,,,0.0,false,14.8,243.413876658405,false
1,42,18:15,83,04:30,41,1,,,0.0,false,14.8,243.8843140399475,false
1,42,18:15,84,04:45,42,1,,,0.0,false,14.8,244.35475142149,false
1,42,18:15,85,05:00,43,1,,,0.0,false,14.8,244.8251888030325,false
1,42,18:15,86,05:15,44,1,,,0.0,false,14.8,245.29562618457499,false
1,42,18:15,87,05:30,45,1,,,0.0,false,14.8,245.76606356611748,false
1,42,18:15,88,05:45,46,1,,,0.0,false,14.8,246.23650094765998,false
1,42,18:15,89,06:00,47,1,,,0.0,false,14.8,246.70693832920247,false
1,42,18:15,90,06:15,48,1,,,0.0,false,14.8,247.17737571074497,false
1,42,18:15,91,06:30,49,1,,,0.0,false,14.8,247.64781309228746,false
1,42,18:15,92,06:45,50,1,,,0.0,false,14.8,248.11825047382996,false
1,42,18:15,93,07:00,51,1,,,0.0,false,14.8,248.58868785537248,false
1,42,18:15,94,07:15,52,1,,,0.0,false,14.8,249.05912523691498,false
1,42,18:15,95,07:30,53,1,,,0.0,false,14.8,249.52956261845748,false
1,42,18:15,96,07:45,54,1,,,0.0,false,14.8,250.0,false
1,43,18:30,43,18:30,0,1,,Charging,0.0,true,14.8,229.7518363598958,false
1,43,18:30,44,18:45,1,1,,,0.0,false,14.8,229.7518363598958,false
1,43,18:30,45,19:00,2,1,,,0.0,false,14.8,229.7518363598958,false
1,43,18:30,46,19:15,3,1,,,0.0,false,14.8,229.7518363598958,false
1,43,18:30,47,19:30,4,1,,,0.0,false,14.8,229.7518363598958,false
1,43,18:30,48,19:45,5,1,,,0.0,false,14.8,229.7518363598958,false
1,43,18:30,49,20:00,6,1,,,0.0,false,14.8,229.7518363598958,false
1,43,18:30,50,20:15,7,1,,,0.0,false,14.8,229.7518363598958,false
1,43,18:30,51,20:30,8,1,,,0.0,false,14.8,229.7518363598958,false
1,43,18:30,52,20:45,9,1,,,0.0,false,14.8,229.7518363598958,false
1,43,18:30,53,21:00,10,1,,,0.0,false,14.8,230.2222737414383,false
1,43,18:30,54,21:15,11,1,,,0.0,false,14.8,230.6927111229808,false
1,43,18:30,55,21:30,12,1,,,0.0,false,14.8,231.1631485045233,false
1,43,18:30,56,21:45,13,1,,,0.0,false,14.8,231.6335858860658,false
1,43,18:30,57,22:00,14,1,,,0.0,false,14.8,232.10402326760828,false
1,43,18:30,58,22:15,15,1,,,0.0,false,14.8,232.57446064915078,false
1,43,18:30,59,22:30,16,1,,,0.0,false,14.8,233.04489803069328,false
1,43,18:30,60,22:45,17,1,,,0.0,false,14.8,233.51533541223577,false
1,43,18:30,61,23:00,18,1,,,0.0,false,14.8,233.98577279377827,false
1,43,18:30,62,23:15,19,1,,,0.0,false,14.8,234.45621017532076,false
1,43,18:30,63,23:30,20,1,,,0.0,false,14.8,234.92664755686326,false
1,43,18:30,64,23:45,21,1,,,0.0,false,14.8,234.94600379064,false
1,43,18:30,65,00:00,22,1,,,0.0,false,14.8,235.4164411721825,false
1,43,18:30,66,00:15,23,1,,,0.0,false,14.8,235.88687855372498,false
1,43,18:30,67,00:30,24,1,,,0.0,false,14.8,236.35731593526748,false
1,43,18:30,68,00:45,25,1,,,0.0,false,14.8,236.82775331680998,false
1,43,18:30,69,01:00,26,1,,,0.0,false,14.8,237.29819069835247,false
1,43,18:30,70,01:15,27,1,,,0.0,false,14.8,237.76862807989497,false
1,43,18:30,71,01:30,28,1,,,0.0,false,14.8,238.23906546143746,false
1,43,18:30,72,01:45,29,1,,,0.0,false,14.8,238.70950284297996,false
1,43,18:30,73,02:00,30,1,,,0.0,false,14.8,239.17994022452245,false
1,43,18:30,74,02:15,31,1,,,0.0,false,14.8,239.65037760606495,false
1,43,18:30,75,02:30,32,1,,,0.0,false,14.8,240.12081498760747,false
1,43,18:30,76,02:45,33,1,,,0.0,false,14.8,240.59125236914997,false
1,43,18:30,77,03:00,34,1,,,0.0,false,14.8,241.06168975069247,false
1,43,18:30,78,03:15,35,1,,,0.0,false,14.8,241.53212713223496,false
1,43,18:30,79,03:30,36,1,,,0.0,false,14.8,242.00256451377746,false
1,43,18:30,80,03:45,37,1,,,0.0,false,14.8,242.47300189531995,false
1,43,18:30,81,04:00,38,1,,,0.0,false,14.8,242.94343927686245,false
1,43,18:30,82,04:15,39,1,,,0.0,false,14.8,243.41387665840497,false
1,43,18:30,83,04:30,40,1,,,0.0,false,14.8,243.88431403994747,false
1,43,18:30,84,04:45,41,1,,,0.0,false,14.8,244.35475142148996,false
1,43,18:30,85,05:00,42,1,,,0.0,false,14.8,244.82518880303246,false
1,43,18:30,86,05:15,43,1,,,0.0,false,14.8,245.29562618457496,false
1,43,18:30,87,05:30,44,1,,,0.0,false,14.8,245.76606356611748,false
1,43,18:30,88,05:45,45,1,,,0.0,false,14.8,246.23650094765998,false
1,43,18:30,89,06:00,46,1,,,0.0,false,14.8,246.70693832920247,false
1,43,18:30,90,06:15,47,1,,,0.0,false,14.8,247.17737571074497,false
1,43,18:30,91,06:30,48,1,,,0.0,false,14.8,247.6478130922875,false
1,43,18:30,92,06:45,49,1,,,0.0,false,14.8,248.11825047383,false
1,43,18:30,93,07:00,50,1,,,0.0,false,14.8,248.58868785537248,false
1,43,18:30,94,07:15,51,1,,,0.0,false,14.8,249.05912523691498,false
1,43,18:30,95,07:30,52,1,,,0.0,false,14.8,249.52956261845748,false
1,43,18:30,96,07:45,53,1,,,0.0,false,14.8,250.0,false
1,44,18:45,44,18:45,0,1,,,0.0,false,14.8,229.7518363598958,false
1,44,18:45,45,19:00,1,1,,,0.0,false,14.8,229.7518363598958,false
1,44,18:45,46,19:15,2,1,,,0.0,false,14.8,229.7518363598958,false
1,44,18:45,47,19:30,3,1,,,0.0,false,14.8,229.7518363598958,false
1,44,18:45,48,19:45,4,1,,,0.0,false,14.8,229.7518363598958,false
1,44,18:45,49,20:00,5,1,,,0.0,false,14.8,229.75183635989578,false
1,44,18:45,50,20:15,6,1,,,0.0,false,14.8,229.75183635989578,false
1,44,18:45,51,20:30,7,1,,,0.0,false,14.8,229.75183635989578,false
1,44,18:45,52,20:45,8,1,,,0.0,false,14.8,229.75183635989578,false
1,44,18:45,53,21:00,9,1,,,0.0,false,14.8,230.2222737414383,false
1,44,18:45,54,21:15,10,1,,,0.0,false,14.8,230.6927111229808,false
1,44,18:45,55,21:30,11,1,,,0.0,false,14.8,231.1631485045233,false
1,44,18:45,56,21:45,12,1,,,0.0,false,14.8,231.6335858860658,false
1,44,18:45,57,22:00,13,1,,,0.0,false,14.8,232.10402326760828,false
1,44,18:45,58,22:15,14,1,,,0.0,false,14.8,232.5744606491508,false
1,44,18:45,59,22:30,15,1,,,0.0,false,14.8,233.0448980306933,false
1,44,18:45,60,22:45,16,1,,,0.0,false,14.8,233.51533541223583,false
1,44,18:45,61,23:00,17,1,,,0.0,false,14.8,233.98577279377832,false
1,44,18:45,62,23:15,18,1,,,0.0,false,14.8,234.45621017532082,false
1,44,18:45,63,23:30,19,1,,,0.0,false,14.8,234.92664755686334,false
1,44,18:45,64,23:45,20,1,,,0.0,false,14.8,234.9460037906399,false
1,44,18:45,65,00:00,21,1,,,0.0,false,14.8,235.41644117218243,false
1,44,18:45,66,00:15,22,1,,,0.0,false,14.8,235.88687855372493,false
1,44,18:45,67,00:30,23,1,,,0.0,false,14.8,236.35731593526742,false
1,44,18:45,68,00:45,24,1,,,0.0,false,14.8,236.82775331680992,false
1,44,18:45,69,01:00,25,1,,,0.0,false,14.8,237.29819069835244,false
1,44,18:45,70,01:15,26,1,,,0.0,false,14.8,237.76862807989494,false
1,44,18:45,71,01:30,27,1,,,0.0,false,14.8,238.23906546143743,false
1,44,18:45,72,01:45,28,1,,,0.0,false,14.8,238.70950284297993,false
1,44,18:45,73,02:00,29,1,,,0.0,false,14.8,239.17994022452243,false
1,44,18:45,74,02:15,30,1,,,0.0,false,14.8,239.65037760606495,false
1,44,18:45,75,02:30,31,1,,,0.0,false,14.8,240.12081498760745,false
1,44,18:45,76,02:45,32,1,,,0.0,false,14.8,240.59125236914994,false
1,44,18:45,77,03:00,33,1,,,0.0,false,14.8,241.06168975069244,false
1,44,18:45,78,03:15,34,1,,,0.0,false,14.8,241.53212713223496,false
1,44,18:45,79,03:30,35,1,,,0.0,false,14.8,242.00256451377746,false
1,44,18:45,80,03:45,36,1,,,0.0,false,14.8,242.47300189531995,false
1,44,18:45,81,04:00,37,1,,,0.0,false,14.8,242.94343927686245,false
1,44,18:45,82,04:15,38,1,,,0.0,false,14.8,243.41387665840494,false
1,44,18:45,83,04:30,39,1,,,0.0,false,14.8,243.88431403994747,false
1,44,18:45,84,04:45,40,1,,,0.0,false,14.8,244.35475142148996,false
1,44,18:45,85,05:00,41,1,,,0.0,false,14.8,244.82518880303246,false
1,44,18:45,86,05:15,42,1,,,0.0,false,14.8,245.29562618457496,false
1,44,18:45,87,05:30,43,1,,,0.0,false,14.8,245.76606356611748,false
1,44,18:45,88,05:45,44,1,,,0.0,false,14.8,246.23650094765998,false
1,44,18:45,89,06:00,45,1,,,0.0,false,14.8,246.70693832920247,false
1,44,18:45,90,06:15,46,1,,,0.0,false,14.8,247.17737571074497,false
1,44,18:45,91,06:30,47,1,,,0.0,false,14.8,247.64781309228746,false
1,44,18:45,92,06:45,48,1,,,0.0,false,14.8,248.11825047383,false
1,44,18:45,93,07:00,49,1,,,0.0,false,14.8,248.58868785537248,false
1,44,18:45,94,07:15,50,1,,,0.0,false,14.8,249.059125236915,false
1,44,18:45,95,07:30,51,1,,,0.0,false,14.8,249.5295626184575,false
1,44,18:45,96,07:45,52,1,,,0.0,false,14.8,250.0,false
1,45,19:00,45,19:00,0,1,,,0.0,false,14.8,229.7518363598958,false
1,45,19:00,46,19:15,1,1,,,0.0,false,14.8,229.7518363598958,false
1,45,19:00,47,19:30,2,1,,,0.0,false,14.8,229.7518363598958,false
1,45,19:00,48,19:45,3,1,,,0.0,false,14.8,229.7518363598958,false
1,45,19:00,49,20:00,4,1,,,0.0,false,14.8,229.75183635989578,false
1,45,19:00,50,20:15,5,1,,,0.0,false,14.8,229.75183635989578,false
1,45,19:00,51,20:30,6,1,,,0.0,false,14.8,229.75183635989578,false
1,45,19:00,52,20:45,7,1,,,0.0,false,14.8,229.75183635989578,false
1,45,19:00,53,21:00,8,1,,,0.0,false,14.8,230.2222737414383,false
1,45,19:00,54,21:15,9,1,,,0.0,false,14.8,230.6927111229808,false
1,45,19:00,55,21:30,10,1,,,0.0,false,14.8,231.1631485045233,false
1,45,19:00,56,21:45,11,1,,,0.0,false,14.8,231.6335858860658,false
1,45,19:00,57,22:00,12,1,,,0.0,false,14.8,232.10402326760828,false
1,45,19:00,58,22:15,13,1,,,0.0,false,14.8,232.5744606491508,false
1,45,19:00,59,22:30,14,1,,,0.0,false,14.8,233.0448980306933,false
1,45,19:00,60,22:45,15,1,,,0.0,false,14.8,233.51533541223583,false
1,45,19:00,61,23:00,16,1,,,0.0,false,14.8,233.98577279377832,false
1,45,19:00,62,23:15,17,1,,,0.0,false,14.8,234.45621017532082,false
1,45,19:00,63,23:30,18,1,,,0.0,false,14.8,234.92664755686334,false
1,45,19:00,64,23:45,19,1,,,0.0,false,14.8,234.9460037906399,false
1,45,19:00,65,00:00,20,1,,,0.0,false,14.8,235.41644117218243,false
1,45,19:00,66,00:15,21,1,,,0.0,false,14.8,235.88687855372493,false
1,45,19:00,67,00:30,22,1,,,0.0,false,14.8,236.35731593526742,false
1,45,19:00,68,00:45,23,1,,,0.0,false,14.8,236.82775331680992,false
1,45,19:00,69,01:00,24,1,,,0.0,false,14.8,237.29819069835244,false
1,45,19:00,70,01:15,25,1,,,0.0,false,14.8,237.76862807989494,false
1,45,19:00,71,01:30,26,1,,,0.0,false,14.8,238.23906546143743,false
1,45,19:00,72,01:45,27,1,,,0.0,false,14.8,238.70950284297993,false
1,45,19:00,73,02:00,28,1,,,0.0,false,14.8,239.17994022452243,false
1,45,19:00,74,02:15,29,1,,,0.0,false,14.8,239.65037760606495,false
1,45,19:00,75,02:30,30,1,,,0.0,false,14.8,240.12081498760745,false
1,45,19:00,76,02:45,31,1,,,0.0,false,14.8,240.59125236914994,false
1,45,19:00,77,03:00,32,1,,,0.0,false,14.8,241.06168975069244,false
1,45,19:00,78,03:15,33,1,,,0.0,false,14.8,241.53212713223496,false
1,45,19:00,79,03:30,34,1,,,0.0,false,14.8,242.00256451377746,false
1,45,19:00,80,03:45,35,1,,,0.0,false,14.8,242.47300189531995,false
1,45,19:00,81,04:00,36,1,,,0.0,false,14.8,242.94343927686245,false
1,45,19:00,82,04:15,37,1,,,0.0,false,14.8,243.41387665840494,false
1,45,19:00,83,04:30,38,1,,,0.0,false,14.8,243.88431403994747,false
1,45,19:00,84,04:45,39,1,,,0.0,false,14.8,244.35475142148996,false
1,45,19:00,85,05:00,40,1,,,0.0,false,14.8,244.82518880303246,false
1,45,19:00,86,05:15,41,1,,,0.0,false,14.8,245.29562618457496,false
1,45,19:00,87,05:30,42,1,,,0.0,false,14.8,245.76606356611748,false
1,45,19:00,88,05:45,43,1,,,0.0,false,14.8,246.23650094765998,false
1,45,19:00,89,06:00,44,1,,,0.0,false,14.8,246.70693832920247,false
1,45,19:00,90,06:15,45,1,,,0.0,false,14.8,247.17737571074497,false
1,45,19:00,91,06:30,46,1,,,0.0,false,14.8,247.64781309228746,false
1,45,19:00,92,06:45,47,1,,,0.0,false,14.8,248.11825047383,false
1,45,19:00,93,07:00,48,1,,,0.0,false,14.8,248.58868785537248,false
1,45,19:00,94,07:15,49,1,,,0.0,false,14.8,249.059125236915,false
1,45,19:00,95,07:30,50,1,,,0.0,false,14.8,249.5295626184575,false
1,45,19:00,96,07:45,51,1,,,0.0,false,14.8,250.0,false
1,46,19:15,46,19:15,0,1,,,0.0,false,14.8,229.7518363598958,false
1,46,19:15,47,19:30,1,1,,,0.0,false,14.8,229.7518363598958,false
1,46,19:15,48,19:45,2,1,,,0.0,false,14.8,229.7518363598958,false
1,46,19:15,49,20:00,3,1,,,0.0,false,14.8,229.7518363598958,false
1,46,19:15,50,20:15,4,1,,,0.0,false,14.8,229.7518363598958,false
1,46,19:15,51,20:30,5,1,,,0.0,false,14.8,229.7518363598958,false
1,46,19:15,52,20:45,6,1,,,0.0,false,14.8,229.7518363598958,false
1,46,19:15,53,21:00,7,1,,,0.0,false,14.8,230.2222737414383,false
1,46,19:15,54,21:15,8,1,,,0.0,false,14.8,230.6927111229808,false
1,46,19:15,55,21:30,9,1,,,0.0,false,14.8,231.1631485045233,false
1,46,19:15,56,21:45,10,1,,,0.0,false,14.8,231.63358588606582,false
1,46,19:15,57,22:00,11,1,,,0.0,false,14.8,232.1040232676083,false
1,46,19:15,58,22:15,12,1,,,0.0,false,14.8,232.5744606491508,false
1,46,19:15,59,22:30,13,1,,,0.0,false,14.8,233.0448980306933,false
1,46,19:15,60,22:45,14,1,,,0.0,false,14.8,233.51533541223583,false
1,46,19:15,61,23:00,15,1,,,0.0,false,14.8,233.98577279377832,false
1,46,19:15,62,23:15,16,1,,,0.0,false,14.8,234.45621017532082,false
1,46,19:15,63,23:30,17,1,,,0.0,false,14.8,234.92664755686334,false
1,46,19:15,64,23:45,18,1,,,0.0,false,14.8,234.9460037906399,false
1,46,19:15,65,00:00,19,1,,,0.0,false,14.8,235.41644117218243,false
1,46,19:15,66,00:15,20,1,,,0.0,false,14.8,235.88687855372493,false
1,46,19:15,67,00:30,21,1,,,0.0,false,14.8,236.35731593526742,false
1,46,19:15,68,00:45,22,1,,,0.0,false,14.8,236.82775331680992,false
1,46,19:15,69,01:00,23,1,,,0.0,false,14.8,237.29819069835244,false
1,46,19:15,70,01:15,24,1,,,0.0,false,14.8,237.76862807989494,false
1,46,19:15,71,01:30,25,1,,,0.0,false,14.8,238.23906546143743,false
1,46,19:15,72,01:45,26,1,,,0.0,false,14.8,238.70950284297993,false
1,46,19:15,73,02:00,27,1,,,0.0,false,14.8,239.17994022452243,false
1,46,19:15,74,02:15,28,1,,,0.0,false,14.8,239.65037760606495,false
1,46,19:15,75,02:30,29,1,,,0.0,false,14.8,240.12081498760745,false
1,46,19:15,76,02:45,30,1,,,0.0,false,14.8,240.59125236914994,false
1,46,19:15,77,03:00,31,1,,,0.0,false,14.8,241.06168975069244,false
1,46,19:15,78,03:15,32,1,,,0.0,false,14.8,241.53212713223496,false
1,46,19:15,79,03:30,33,1,,,0.0,false,14.8,242.00256451377746,false
1,46,19:15,80,03:45,34,1,,,0.0,false,14.8,242.47300189531995,false
1,46,19:15,81,04:00,35,1,,,0.0,false,14.8,242.94343927686245,false
1,46,19:15,82,04:15,36,1,,,0.0,false,14.8,243.41387665840494,false
1,46,19:15,83,04:30,37,1,,,0.0,false,14.8,243.88431403994747,false
1,46,19:15,84,04:45,38,1,,,0.0,false,14.8,244.35475142148996,false
1,46,19:15,85,05:00,39,1,,,0.0,false,14.8,244.82518880303246,false
1,46,19:15,86,05:15,40,1,,,0.0,false,14.8,245.29562618457496,false
1,46,19:15,87,05:30,41,1,,,0.0,false,14.8,245.76606356611748,false
1,46,19:15,88,05:45,42,1,,,0.0,false,14.8,246.23650094765998,false
1,46,19:15,89,06:00,43,1,,,0.0,false,14.8,246.70693832920247,false
1,46,19:15,90,06:15,44,1,,,0.0,false,14.8,247.17737571074497,false
1,46,19:15,91,06:30,45,1,,,0.0,false,14.8,247.64781309228746,false
1,46,19:15,92,06:45,46,1,,,0.0,false,14.8,248.11825047383,false
1,46,19:15,93,07:00,47,1,,,0.0,false,14.8,248.58868785537248,false
1,46,19:15,94,07:15,48,1,,,0.0,false,14.8,249.059125236915,false
1,46,19:15,95,07:30,49,1,,,0.0,false,14.8,249.5295626184575,false
1,46,19:15,96,07:45,50,1,,,0.0,false,14.8,250.0,false
1,47,19:30,47,19:30,0,1,,,0.0,false,14.8,229.7518363598958,false
1,47,19:30,48,19:45,1,1,,,0.0,false,14.8,229.7518363598958,false
1,47,19:30,49,20:00,2,1,,,0.0,false,14.8,229.7518363598958,false
1,47,19:30,50,20:15,3,1,,,0.0,false,14.8,229.7518363598958,false
1,47,19:30,51,20:30,4,1,,,0.0,false,14.8,229.7518363598958,false
1,47,19:30,52,20:45,5,1,,,0.0,false,14.8,229.7518363598958,false
1,47,19:30,53,21:00,6,1,,,0.0,false,14.8,230.22227374143833,false
1,47,19:30,54,21:15,7,1,,,0.0,false,14.8,230.69271112298082,false
1,47,19:30,55,21:30,8,1,,,0.0,false,14.8,231.16314850452332,false
1,47,19:30,56,21:45,9,1,,,0.0,false,14.8,231.63358588606582,false
1,47,19:30,57,22:00,10,1,,,0.0,false,14.8,232.1040232676083,false
1,47,19:30,58,22:15,11,1,,,0.0,false,14.8,232.57446064915084,false
1,47,19:30,59,22:30,12,1,,,0.0,false,14.8,233.04489803069333,false
1,47,19:30,60,22:45,13,1,,,0.0,false,14.8,233.51533541223586,false
1,47,19:30,61,23:00,14,1,,,0.0,false,14.8,233.98577279377835,false
1,47,19:30,62,23:15,15,1,,,0.0,false,14.8,234.45621017532085,false
1,47,19:30,63,23:30,16,1,,,0.0,false,14.8,234.92664755686337,false
1,47,19:30,64,23:45,17,1,,,0.0,false,14.8,234.94600379063994,false
1,47,19:30,65,00:00,18,1,,,0.0,false,14.8,235.41644117218243,false
1,47,19:30,66,00:15,19,1,,,0.0,false,14.8,235.88687855372493,false
1,47,19:30,67,00:30,20,1,,,0.0,false,14.8,236.35731593526742,false
1,47,19:30,68,00:45,21,1,,,0.0,false,14.8,236.82775331680992,false
1,47,19:30,69,01:00,22,1,,,0.0,false,14.8,237.29819069835244,false
1,47,19:30,70,01:15,23,1,,,0.0,false,14.8,237.76862807989494,false
1,47,19:30,71,01:30,24,1,,,0.0,false,14.8,238.23906546143743,false
1,47,19:30,72,01:45,25,1,,,0.0,false,14.8,238.70950284297993,false
1,47,19:30,73,02:00,26,1,,,0.0,false,14.8,239.17994022452243,false
1,47,19:30,74,02:15,27,1,,,0.0,false,14.8,239.65037760606495,false
1,47,19:30,75,02:30,28,1,,,0.0,false,14.8,240.12081498760745,false
1,47,19:30,76,02:45,29,1,,,0.0,false,14.8,240.59125236914994,false
1,47,19:30,77,03:00,30,1,,,0.0,false,14.8,241.06168975069244,false
1,47,19:30,78,03:15,31,1,,,0.0,false,14.8,241.53212713223496,false
1,47,19:30,79,03:30,32,1,,,0.0,false,14.8,242.00256451377746,false
1,47,19:30,80,03:45,33,1,,,0.0,false,14.8,242.47300189531995,false
1,47,19:30,81,04:00,34,1,,,0.0,false,14.8,242.94343927686245,false
1,47,19:30,82,04:15,35,1,,,0.0,false,14.8,243.41387665840494,false
1,47,19:30,83,04:30,36,1,,,0.0,false,14.8,243.88431403994747,false
1,47,19:30,84,04:45,37,1,,,0.0,false,14.8,244.35475142148996,false
1,47,19:30,85,05:00,38,1,,,0.0,false,14.8,244.82518880303246,false
1,47,19:30,86,05:15,39,1,,,0.0,false,14.8,245.29562618457496,false
1,47,19:30,87,05:30,40,1,,,0.0,false,14.8,245.76606356611748,false
1,47,19:30,88,05:45,41,1,,,0.0,false,14.8,246.23650094765998,false
1,47,19:30,89,06:00,42,1,,,0.0,false,14.8,246.70693832920247,false
1,47,19:30,90,06:15,43,1,,,0.0,false,14.8,247.17737571074497,false
1,47,19:30,91,06:30,44,1,,,0.0,false,14.8,247.64781309228746,false
1,47,19:30,92,06:45,45,1,,,0.0,false,14.8,248.11825047383,false
1,47,19:30,93,07:00,46,1,,,0.0,false,14.8,248.58868785537248,false
1,47,19:30,94,07:15,47,1,,,0.0,false,14.8,249.059125236915,false
1,47,19:30,95,07:30,48,1,,,0.0,false,14.8,249.5295626184575,false
1,47,19:30,96,07:45,49,1,,,0.0,false,14.8,250.0,false
1,48,19:45,48,19:45,0,1,,,0.0,false,14.8,229.7518363598958,false
1,48,19:45,49,20:00,1,1,,,0.0,false,14.8,229.7518363598958,false
1,48,19:45,50,20:15,2,1,,,0.0,false,14.8,229.7518363598958,false
1,48,19:45,51,20:30,3,1,,,0.0,false,14.8,229.7518363598958,false
1,48,19:45,52,20:45,4,1,,,0.0,false,14.8,229.7518363598958,false
1,48,19:45,53,21:00,5,1,,,0.0,false,14.8,230.2222737414383,false
1,48,19:45,54,21:15,6,1,,,0.0,false,14.8,230.6927111229808,false
1,48,19:45,55,21:30,7,1,,,0.0,false,14.8,231.1631485045233,false
1,48,19:45,56,21:45,8,1,,,0.0,false,14.8,231.63358588606582,false
1,48,19:45,57,22:00,9,1,,,0.0,false,14.8,232.1040232676083,false
1,48,19:45,58,22:15,10,1,,,0.0,false,14.8,232.5744606491508,false
1,48,19:45,59,22:30,11,1,,,0.0,false,14.8,233.0448980306933,false
1,48,19:45,60,22:45,12,1,,,0.0,false,14.8,233.51533541223583,false
1,48,19:45,61,23:00,13,1,,,0.0,false,14.8,233.98577279377832,false
1,48,19:45,62,23:15,14,1,,,0.0,false,14.8,234.45621017532082,false
1,48,19:45,63,23:30,15,1,,,0.0,false,14.8,234.92664755686334,false
1,48,19:45,64,23:45,16,1,,,0.0,false,14.8,234.9460037906399,false
1,48,19:45,65,00:00,17,1,,,0.0,false,14.8,235.41644117218243,false
1,48,19:45,66,00:15,18,1,,,0.0,false,14.8,235.88687855372493,false
1,48,19:45,67,00:30,19,1,,,0.0,false,14.8,236.35731593526742,false
1,48,19:45,68,00:45,20,1,,,0.0,false,14.8,236.82775331680992,false
1,48,19:45,69,01:00,21,1,,,0.0,false,14.8,237.29819069835244,false
1,48,19:45,70,01:15,22,1,,,0.0,false,14.8,237.76862807989494,false
1,48,19:45,71,01:30,23,1,,,0.0,false,14.8,238.23906546143743,false
1,48,19:45,72,01:45,24,1,,,0.0,false,14.8,238.70950284297993,false
1,48,19:45,73,02:00,25,1,,,0.0,false,14.8,239.17994022452243,false
1,48,19:45,74,02:15,26,1,,,0.0,false,14.8,239.65037760606495,false
1,48,19:45,75,02:30,27,1,,,0.0,false,14.8,240.12081498760745,false
1,48,19:45,76,02:45,28,1,,,0.0,false,14.8,240.59125236914994,false
1,48,19:45,77,03:00,29,1,,,0.0,false,14.8,241.06168975069244,false
1,48,19:45,78,03:15,30,1,,,0.0,false,14.8,241.53212713223496,false
1,48,19:45,79,03:30,31,1,,,0.0,false,14.8,242.00256451377746,false
1,48,19:45,80,03:45,32,1,,,0.0,false,14.8,242.47300189531995,false
1,48,19:45,81,04:00,33,1,,,0.0,false,14.8,242.94343927686245,false
1,48,19:45,82,04:15,34,1,,,0.0,false,14.8,243.41387665840494,false
1,48,19:45,83,04:30,35,1,,,0.0,false,14.8,243.88431403994747,false
1,48,19:45,84,04:45,36,1,,,0.0,false,14.8,244.35475142148996,false
1,48,19:45,85,05:00,37,1,,,0.0,false,14.8,244.82518880303246,false
1,48,19:45,86,05:15,38,1,,,0.0,false,14.8,245.29562618457496,false
1,48,19:45,87,05:30,39,1,,,0.0,false,14.8,245.76606356611748,false
1,48,19:45,88,05:45,40,1,,,0.0,false,14.8,246.23650094765998,false
1,48,19:45,89,06:00,41,1,,,0.0,false,14.8,246.70693832920247,false
1,48,19:45,90,06:15,42,1,,,0.0,false,14.8,247.17737571074497,false
1,48,19:45,91,06:30,43,1,,,0.0,false,14.8,247.64781309228746,false
1,48,19:45,92,06:45,44,1,,,0.0,false,14.8,248.11825047383,false
1,48,19:45,93,07:00,45,1,,,0.0,false,14.8,248.58868785537248,false
1,48,19:45,94,07:15,46,1,,,0.0,false,14.8,249.059125236915,false
1,48,19:45,95,07:30,47,1,,,0.0,false,14.8,249.5295626184575,false
1,48,19:45,96,07:45,48,1,,,0.0,false,14.8,250.0,false
1,49,20:00,49,20:00,0,1,,,0.0,false,14.8,229.7518363598958,false
1,49,20:00,50,20:15,1,1,,,0.0,false,14.8,229.7518363598958,false
1,49,20:00,51,20:30,2,1,,,0.0,false,14.8,229.7518363598958,false
1,49,20:00,52,20:45,3,1,,,0.0,false,14.8,229.7518363598958,false
1,49,20:00,53,21:00,4,1,,,0.0,false,14.8,230.22227374143833,false
1,49,20:00,54,21:15,5,1,,,0.0,false,14.8,230.69271112298082,false
1,49,20:00,55,21:30,6,1,,,0.0,false,14.8,231.16314850452332,false
1,49,20:00,56,21:45,7,1,,,0.0,false,14.8,231.63358588606582,false
1,49,20:00,57,22:00,8,1,,,0.0,false,14.8,232.1040232676083,false
1,49,20:00,58,22:15,9,1,,,0.0,false,14.8,232.57446064915084,false
1,49,20:00,59,22:30,10,1,,,0.0,false,14.8,233.04489803069333,false
1,49,20:00,60,22:45,11,1,,,0.0,false,14.8,233.51533541223586,false
1,49,20:00,61,23:00,12,1,,,0.0,false,14.8,233.98577279377835,false
1,49,20:00,62,23:15,13,1,,,0.0,false,14.8,234.45621017532085,false
1,49,20:00,63,23:30,14,1,,,0.0,false,14.8,234.92664755686337,false
1,49,20:00,64,23:45,15,1,,,0.0,false,14.8,234.94600379063994,false
1,49,20:00,65,00:00,16,1,,,0.0,false,14.8,235.41644117218243,false
1,49,20:00,66,00:15,17,1,,,0.0,false,14.8,235.88687855372493,false
1,49,20:00,67,00:30,18,1,,,0.0,false,14.8,236.35731593526742,false
1,49,20:00,68,00:45,19,1,,,0.0,false,14.8,236.82775331680992,false
1,49,20:00,69,01:00,20,1,,,0.0,false,14.8,237.29819069835244,false
1,49,20:00,70,01:15,21,1,,,0.0,false,14.8,237.76862807989494,false
1,49,20:00,71,01:30,22,1,,,0.0,false,14.8,238.23906546143743,false
1,49,20:00,72,01:45,23,1,,,0.0,false,14.8,238.70950284297993,false
1,49,20:00,73,02:00,24,1,,,0.0,false,14.8,239.17994022452243,false
1,49,20:00,74,02:15,25,1,,,0.0,false,14.8,239.65037760606495,false
1,49,20:00,75,02:30,26,1,,,0.0,false,14.8,240.12081498760745,false
1,49,20:00,76,02:45,27,1,,,0.0,false,14.8,240.59125236914994,false
1,49,20:00,77,03:00,28,1,,,0.0,false,14.8,241.06168975069244,false
1,49,20:00,78,03:15,29,1,,,0.0,false,14.8,241.53212713223496,false
1,49,20:00,79,03:30,30,1,,,0.0,false,14.8,242.00256451377746,false
1,49,20:00,80,03:45,31,1,,,0.0,false,14.8,242.47300189531995,false
1,49,20:00,81,04:00,32,1,,,0.0,false,14.8,242.94343927686245,false
1,49,20:00,82,04:15,33,1,,,0.0,false,14.8,243.41387665840494,false
1,49,20:00,83,04:30,34,1,,,0.0,false,14.8,243.88431403994747,false
1,49,20:00,84,04:45,35,1,,,0.0,false,14.8,244.35475142148996,false
1,49,20:00,85,05:00,36,1,,,0.0,false,14.8,244.82518880303246,false
1,49,20:00,86,05:15,37,1,,,0.0,false,14.8,245.29562618457496,false
1,49,20:00,87,05:30,38,1,,,0.0,false,14.8,245.76606356611748,false
1,49,20:00,88,05:45,39,1,,,0.0,false,14.8,246.23650094765998,false
1,49,20:00,89,06:00,40,1,,,0.0,false,14.8,246.70693832920247,false
1,49,20:00,90,06:15,41,1,,,0.0,false,14.8,247.17737571074497,false
1,49,20:00,91,06:30,42,1,,,0.0,false,14.8,247.64781309228746,false
1,49,20:00,92,06:45,43,1,,,0.0,false,14.8,248.11825047383,false
1,49,20:00,93,07:00,44,1,,,0.0,false,14.8,248.58868785537248,false
1,49,20:00,94,07:15,45,1,,,0.0,false,14.8,249.059125236915,false
1,49,20:00,95,07:30,46,1,,,0.0,false,14.8,249.5295626184575,false
1,49,20:00,96,07:45,47,1,,,0.0,false,14.8,250.0,false
1,50,20:15,50,20:15,0,1,,,0.0,false,14.8,229.7518363598958,false
1,50,20:15,51,20:30,1,1,,,0.0,false,14.8,229.7518363598958,false
1,50,20:15,52,20:45,2,1,,,0.0,false,14.8,229.7518363598958,false
1,50,20:15,53,21:00,3,1,,,0.0,false,14.8,230.2222737414383,false
1,50,20:15,54,21:15,4,1,,,0.0,false,14.8,230.6927111229808,false
1,50,20:15,55,21:30,5,1,,,0.0,false,14.8,231.1631485045233,false
1,50,20:15,56,21:45,6,1,,,0.0,false,14.8,231.63358588606582,false
1,50,20:15,57,22:00,7,1,,,0.0,false,14.8,232.1040232676083,false
1,50,20:15,58,22:15,8,1,,,0.0,false,14.8,232.5744606491508,false
1,50,20:15,59,22:30,9,1,,,0.0,false,14.8,233.0448980306933,false
1,50,20:15,60,22:45,10,1,,,0.0,false,14.8,233.51533541223583,false
1,50,20:15,61,23:00,11,1,,,0.0,false,14.8,233.98577279377832,false
1,50,20:15,62,23:15,12,1,,,0.0,false,14.8,234.45621017532082,false
1,50,20:15,63,23:30,13,1,,,0.0,false,14.8,234.92664755686334,false
1,50,20:15,64,23:45,14,1,,,0.0,false,14.8,234.9460037906399,false
1,50,20:15,65,00:00,15,1,,,0.0,false,14.8,235.41644117218243,false
1,50,20:15,66,00:15,16,1,,,0.0,false,14.8,235.88687855372493,false
1,50,20:15,67,00:30,17,1,,,0.0,false,14.8,236.35731593526742,false
1,50,20:15,68,00:45,18,1,,,0.0,false,14.8,236.82775331680992,false
1,50,20:15,69,01:00,19,1,,,0.0,false,14.8,237.29819069835244,false
1,50,20:15,70,01:15,20,1,,,0.0,false,14.8,237.76862807989494,false
1,50,20:15,71,01:30,21,1,,,0.0,false,14.8,238.23906546143743,false
1,50,20:15,72,01:45,22,1,,,0.0,false,14.8,238.70950284297993,false
1,50,20:15,73,02:00,23,1,,,0.0,false,14.8,239.17994022452243,false
1,50,20:15,74,02:15,24,1,,,0.0,false,14.8,239.65037760606495,false
1,50,20:15,75,02:30,25,1,,,0.0,false,14.8,240.12081498760745,false
1,50,20:15,76,02:45,26,1,,,0.0,false,14.8,240.59125236914994,false
1,50,20:15,77,03:00,27,1,,,0.0,false,14.8,241.06168975069244,false
1,50,20:15,78,03:15,28,1,,,0.0,false,14.8,241.53212713223496,false
1,50,20:15,79,03:30,29,1,,,0.0,false,14.8,242.00256451377746,false
1,50,20:15,80,03:45,30,1,,,0.0,false,14.8,242.47300189531995,false
1,50,20:15,81,04:00,31,1,,,0.0,false,14.8,242.94343927686245,false
1,50,20:15,82,04:15,32,1,,,0.0,false,14.8,243.41387665840494,false
1,50,20:15,83,04:30,33,1,,,0.0,false,14.8,243.88431403994747,false
1,50,20:15,84,04:45,34,1,,,0.0,false,14.8,244.35475142148996,false
1,50,20:15,85,05:00,35,1,,,0.0,false,14.8,244.82518880303246,false
1,50,20:15,86,05:15,36,1,,,0.0,false,14.8,245.29562618457496,false
1,50,20:15,87,05:30,37,1,,,0.0,false,14.8,245.76606356611748,false
1,50,20:15,88,05:45,38,1,,,0.0,false,14.8,246.23650094765998,false
1,50,20:15,89,06:00,39,1,,,0.0,false,14.8,246.70693832920247,false
1,50,20:15,90,06:15,40,1,,,0.0,false,14.8,247.17737571074497,false
1,50,20:15,91,06:30,41,1,,,0.0,false,14.8,247.64781309228746,false
1,50,20:15,92,06:45,42,1,,,0.0,false,14.8,248.11825047383,false
1,50,20:15,93,07:00,43,1,,,0.0,false,14.8,248.58868785537248,false
1,50,20:15,94,07:15,44,1,,,0.0,false,14.8,249.059125236915,false
1,50,20:15,95,07:30,45,1,,,0.0,false,14.8,249.5295626184575,false
1,50,20:15,96,07:45,46,1,,,0.0,false,14.8,250.0,false
1,51,20:30,51,20:30,0,1,,,0.0,false,14.8,229.7518363598958,false
1,51,20:30,52,20:45,1,1,,,0.0,false,14.8,229.7518363598958,false
1,51,20:30,53,21:00,2,1,,,0.0,false,14.8,230.2222737414383,false
1,51,20:30,54,21:15,3,1,,,0.0,false,14.8,230.6927111229808,false
1,51,20:30,55,21:30,4,1,,,0.0,false,14.8,231.1631485045233,false
1,51,20:30,56,21:45,5,1,,,0.0,false,14.8,231.6335858860658,false
1,51,20:30,57,22:00,6,1,,,0.0,false,14.8,232.10402326760828,false
1,51,20:30,58,22:15,7,1,,,0.0,false,14.8,232.57446064915084,false
1,51,20:30,59,22:30,8,1,,,0.0,false,14.8,233.04489803069333,false
1,51,20:30,60,22:45,9,1,,,0.0,false,14.8,233.51533541223583,false
1,51,20:30,61,23:00,10,1,,,0.0,false,14.8,233.98577279377832,false
1,51,20:30,62,23:15,11,1,,,0.0,false,14.8,234.45621017532082,false
1,51,20:30,63,23:30,12,1,,,0.0,false,14.8,234.92664755686334,false
1,51,20:30,64,23:45,13,1,,,0.0,false,14.8,234.9460037906399,false
1,51,20:30,65,00:00,14,1,,,0.0,false,14.8,235.4164411721824,false
1,51,20:30,66,00:15,15,1,,,0.0,false,14.8,235.8868785537249,false
1,51,20:30,67,00:30,16,1,,,0.0,false,14.8,236.35731593526742,false
1,51,20:30,68,00:45,17,1,,,0.0,false,14.8,236.82775331680992,false
1,51,20:30,69,01:00,18,1,,,0.0,false,14.8,237.29819069835244,false
1,51,20:30,70,01:15,19,1,,,0.0,false,14.8,237.76862807989494,false
1,51,20:30,71,01:30,20,1,,,0.0,false,14.8,238.23906546143743,false
1,51,20:30,72,01:45,21,1,,,0.0,false,14.8,238.70950284297993,false
1,51,20:30,73,02:00,22,1,,,0.0,false,14.8,239.17994022452243,false
1,51,20:30,74,02:15,23,1,,,0.0,false,14.8,239.65037760606495,false
1,51,20:30,75,02:30,24,1,,,0.0,false,14.8,240.12081498760745,false
1,51,20:30,76,02:45,25,1,,,0.0,false,14.8,240.59125236914994,false
1,51,20:30,77,03:00,26,1,,,0.0,false,14.8,241.06168975069244,false
1,51,20:30,78,03:15,27,1,,,0.0,false,14.8,241.53212713223496,false
1,51,20:30,79,03:30,28,1,,,0.0,false,14.8,242.00256451377746,false
1,51,20:30,80,03:45,29,1,,,0.0,false,14.8,242.47300189531995,false
1,51,20:30,81,04:00,30,1,,,0.0,false,14.8,242.94343927686245,false
1,51,20:30,82,04:15,31,1,,,0.0,false,14.8,243.41387665840494,false
1,51,20:30,83,04:30,32,1,,,0.0,false,14.8,243.88431403994747,false
1,51,20:30,84,04:45,33,1,,,0.0,false,14.8,244.35475142148996,false
1,51,20:30,85,05:00,34,1,,,0.0,false,14.8,244.82518880303246,false
1,51,20:30,86,05:15,35,1,,,0.0,false,14.8,245.29562618457496,false
1,51,20:30,87,05:30,36,1,,,0.0,false,14.8,245.76606356611748,false
1,51,20:30,88,05:45,37,1,,,0.0,false,14.8,246.23650094765998,false
1,51,20:30,89,06:00,38,1,,,0.0,false,14.8,246.70693832920247,false
1,51,20:30,90,06:15,39,1,,,0.0,false,14.8,247.17737571074497,false
1,51,20:30,91,06:30,40,1,,,0.0,false,14.8,247.64781309228746,false
1,51,20:30,92,06:45,41,1,,,0.0,false,14.8,248.11825047383,false
1,51,20:30,93,07:00,42,1,,,0.0,false,14.8,248.58868785537248,false
1,51,20:30,94,07:15,43,1,,,0.0,false,14.8,249.059125236915,false
1,51,20:30,95,07:30,44,1,,,0.0,false,14.8,249.5295626184575,false
1,51,20:30,96,07:45,45,1,,,0.0,false,14.8,250.0,false
1,52,20:45,52,20:45,0,1,,,0.0,false,14.8,229.7518363598958,false
1,52,20:45,53,21:00,1,1,,,0.0,false,14.8,230.22227374143833,false
1,52,20:45,54,21:15,2,1,,,0.0,false,14.8,230.69271112298082,false
1,52,20:45,55,21:30,3,1,,,0.0,false,14.8,231.16314850452332,false
1,52,20:45,56,21:45,4,1,,,0.0,false,14.8,231.63358588606582,false
1,52,20:45,57,22:00,5,1,,,0.0,false,14.8,232.1040232676083,false
1,52,20:45,58,22:15,6,1,,,0.0,false,14.8,232.5744606491508,false
1,52,20:45,59,22:30,7,1,,,0.0,false,14.8,233.0448980306933,false
1,52,20:45,60,22:45,8,1,,,0.0,false,14.8,233.51533541223583,false
1,52,20:45,61,23:00,9,1,,,0.0,false,14.8,233.98577279377832,false
1,52,20:45,62,23:15,10,1,,,0.0,false,14.8,234.45621017532085,false
1,52,20:45,63,23:30,11,1,,,0.0,false,14.8,234.92664755686334,false
1,52,20:45,64,23:45,12,1,,,0.0,false,14.8,234.9460037906399,false
1,52,20:45,65,00:00,13,1,,,0.0,false,14.8,235.41644117218243,false
1,52,20:45,66,00:15,14,1,,,0.0,false,14.8,235.88687855372493,false
1,52,20:45,67,00:30,15,1,,,0.0,false,14.8,236.35731593526742,false
1,52,20:45,68,00:45,16,1,,,0.0,false,14.8,236.82775331680992,false
1,52,20:45,69,01:00,17,1,,,0.0,false,14.8,237.2981906983524,false
1,52,20:45,70,01:15,18,1,,,0.0,false,14.8,237.7686280798949,false
1,52,20:45,71,01:30,19,1,,,0.0,false,14.8,238.23906546143743,false
1,52,20:45,72,01:45,20,1,,,0.0,false,14.8,238.70950284297993,false
1,52,20:45,73,02:00,21,1,,,0.0,false,14.8,239.17994022452243,false
1,52,20:45,74,02:15,22,1,,,0.0,false,14.8,239.65037760606492,false
1,52,20:45,75,02:30,23,1,,,0.0,false,14.8,240.12081498760742,false
1,52,20:45,76,02:45,24,1,,,0.0,false,14.8,240.59125236914994,false
1,52,20:45,77,03:00,25,1,,,0.0,false,14.8,241.06168975069244,false
1,52,20:45,78,03:15,26,1,,,0.0,false,14.8,241.53212713223496,false
1,52,20:45,79,03:30,27,1,,,0.0,false,14.8,242.00256451377746,false
1,52,20:45,80,03:45,28,1,,,0.0,false,14.8,242.47300189531995,false
1,52,20:45,81,04:00,29,1,,,0.0,false,14.8,242.94343927686245,false
1,52,20:45,82,04:15,30,1,,,0.0,false,14.8,243.41387665840494,false
1,52,20:45,83,04:30,31,1,,,0.0,false,14.8,243.88431403994747,false
1,52,20:45,84,04:45,32,1,,,0.0,false,14.8,244.35475142148996,false
1,52,20:45,85,05:00,33,1,,,0.0,false,14.8,244.82518880303246,false
1,52,20:45,86,05:15,34,1,,,0.0,false,14.8,245.29562618457496,false
1,52,20:45,87,05:30,35,1,,,0.0,false,14.8,245.76606356611748,false
1,52,20:45,88,05:45,36,1,,,0.0,false,14.8,246.23650094765998,false
1,52,20:45,89,06:00,37,1,,,0.0,false,14.8,246.70693832920247,false
1,52,20:45,90,06:15,38,1,,,0.0,false,14.8,247.17737571074497,false
1,52,20:45,91,06:30,39,1,,,0.0,false,14.8,247.64781309228746,false
1,52,20:45,92,06:45,40,1,,,0.0,false,14.8,248.11825047383,false
1,52,20:45,93,07:00,41,1,,,0.0,false,14.8,248.58868785537248,false
1,52,20:45,94,07:15,42,1,,,0.0,false,14.8,249.059125236915,false
1,52,20:45,95,07:30,43,1,,,0.0,false,14.8,249.5295626184575,false
1,52,20:45,96,07:45,44,1,,,0.0,false,14.8,250.0,false
1,53,21:00,53,21:00,0,1,,,0.0,false,14.8,230.2222737414383,false
1,53,21:00,54,21:15,1,1,,,0.0,false,14.8,230.6927111229808,false
1,53,21:00,55,21:30,2,1,,,0.0,false,14.8,231.1631485045233,false
1,53,21:00,56,21:45,3,1,,,0.0,false,14.8,231.63358588606582,false
1,53,21:00,57,22:00,4,1,,,0.0,false,14.8,232.1040232676083,false
1,53,21:00,58,22:15,5,1,,,0.0,false,14.8,232.5744606491508,false
1,53,21:00,59,22:30,6,1,,,0.0,false,14.8,233.0448980306933,false
1,53,21:00,60,22:45,7,1,,,0.0,false,14.8,233.51533541223583,false
1,53,21:00,61,23:00,8,1,,,0.0,false,14.8,233.98577279377832,false
1,53,21:00,62,23:15,9,1,,,0.0,false,14.8,234.45621017532085,false
1,53,21:00,63,23:30,10,1,,,0.0,false,14.8,234.92664755686334,false
1,53,21:00,64,23:45,11,1,,,0.0,false,14.8,234.9460037906399,false
1,53,21:00,65,00:00,12,1,,,0.0,false,14.8,235.41644117218243,false
1,53,21:00,66,00:15,13,1,,,0.0,false,14.8,235.88687855372493,false
1,53,21:00,67,00:30,14,1,,,0.0,false,14.8,236.35731593526742,false
1,53,21:00,68,00:45,15,1,,,0.0,false,14.8,236.82775331680992,false
1,53,21:00,69,01:00,16,1,,,0.0,false,14.8,237.2981906983524,false
1,53,21:00,70,01:15,17,1,,,0.0,false,14.8,237.7686280798949,false
1,53,21:00,71,01:30,18,1,,,0.0,false,14.8,238.23906546143743,false
1,53,21:00,72,01:45,19,1,,,0.0,false,14.8,238.70950284297993,false
1,53,21:00,73,02:00,20,1,,,0.0,false,14.8,239.17994022452243,false
1,53,21:00,74,02:15,21,1,,,0.0,false,14.8,239.65037760606492,false
1,53,21:00,75,02:30,22,1,,,0.0,false,14.8,240.12081498760742,false
1,53,21:00,76,02:45,23,1,,,0.0,false,14.8,240.59125236914994,false
1,53,21:00,77,03:00,24,1,,,0.0,false,14.8,241.06168975069244,false
1,53,21:00,78,03:15,25,1,,,0.0,false,14.8,241.53212713223493,false
1,53,21:00,79,03:30,26,1,,,0.0,false,14.8,242.00256451377743,false
1,53,21:00,80,03:45,27,1,,,0.0,false,14.8,242.47300189531995,false
1,53,21:00,81,04:00,28,1,,,0.0,false,14.8,242.94343927686245,false
1,53,21:00,82,04:15,29,1,,,0.0,false,14.8,243.41387665840494,false
1,53,21:00,83,04:30,30,1,,,0.0,false,14.8,243.88431403994744,false
1,53,21:00,84,04:45,31,1,,,0.0,false,14.8,244.35475142148994,false
1,53,21:00,85,05:00,32,1,,,0.0,false,14.8,244.82518880303246,false
1,53,21:00,86,05:15,33,1,,,0.0,false,14.8,245.29562618457496,false
1,53,21:00,87,05:30,34,1,,,0.0,false,14.8,245.76606356611748,false
1,53,21:00,88,05:45,35,1,,,0.0,false,14.8,246.23650094765998,false
1,53,21:00,89,06:00,36,1,,,0.0,false,14.8,246.70693832920247,false
1,53,21:00,90,06:15,37,1,,,0.0,false,14.8,247.17737571074497,false
1,53,21:00,91,06:30,38,1,,,0.0,false,14.8,247.64781309228746,false
1,53,21:00,92,06:45,39,1,,,0.0,false,14.8,248.11825047383,false
1,53,21:00,93,07:00,40,1,,,0.0,false,14.8,248.58868785537248,false
1,53,21:00,94,07:15,41,1,,,0.0,false,14.8,249.059125236915,false
1,53,21:00,95,07:30,42,1,,,0.0,false,14.8,249.5295626184575,false
1,53,21:00,96,07:45,43,1,,,0.0,false,14.8,250.0,false
1,54,21:15,54,21:15,0,1,,,0.0,false,14.8,230.6927111229808,false
1,54,21:15,55,21:30,1,1,,,0.0,false,14.8,231.1631485045233,false
1,54,21:15,56,21:45,2,1,,,0.0,false,14.8,231.63358588606582,false
1,54,21:15,57,22:00,3,1,,,0.0,false,14.8,232.1040232676083,false
1,54,21:15,58,22:15,4,1,,,0.0,false,14.8,232.57446064915084,false
1,54,21:15,59,22:30,5,1,,,0.0,false,14.8,233.04489803069333,false
1,54,21:15,60,22:45,6,1,,,0.0,false,14.8,233.51533541223583,false
1,54,21:15,61,23:00,7,1,,,0.0,false,14.8,233.98577279377832,false
1,54,21:15,62,23:15,8,1,,,0.0,false,14.8,234.45621017532085,false
1,54,21:15,63,23:30,9,1,,,0.0,false,14.8,234.92664755686334,false
1,54,21:15,64,23:45,10,1,,,0.0,false,14.8,234.94600379063994,false
1,54,21:15,65,00:00,11,1,,,0.0,false,14.8,235.41644117218243,false
1,54,21:15,66,00:15,12,1,,,0.0,false,14.8,235.88687855372493,false
1,54,21:15,67,00:30,13,1,,,0.0,false,14.8,236.35731593526742,false
1,54,21:15,68,00:45,14,1,,,0.0,false,14.8,236.82775331680992,false
1,54,21:15,69,01:00,15,1,,,0.0,false,14.8,237.2981906983524,false
1,54,21:15,70,01:15,16,1,,,0.0,false,14.8,237.7686280798949,false
1,54,21:15,71,01:30,17,1,,,0.0,false,14.8,238.23906546143743,false
1,54,21:15,72,01:45,18,1,,,0.0,false,14.8,238.70950284297993,false
1,54,21:15,73,02:00,19,1,,,0.0,false,14.8,239.17994022452243,false
1,54,21:15,74,02:15,20,1,,,0.0,false,14.8,239.65037760606492,false
1,54,21:15,75,02:30,21,1,,,0.0,false,14.8,240.12081498760742,false
1,54,21:15,76,02:45,22,1,,,0.0,false,14.8,240.59125236914994,false
1,54,21:15,77,03:00,23,1,,,0.0,false,14.8,241.06168975069244,false
1,54,21:15,78,03:15,24,1,,,0.0,false,14.8,241.53212713223493,false
1,54,21:15,79,03:30,25,1,,,0.0,false,14.8,242.00256451377743,false
1,54,21:15,80,03:45,26,1,,,0.0,false,14.8,242.47300189531995,false
1,54,21:15,81,04:00,27,1,,,0.0,false,14.8,242.94343927686245,false
1,54,21:15,82,04:15,28,1,,,0.0,false,14.8,243.41387665840494,false
1,54,21:15,83,04:30,29,1,,,0.0,false,14.8,243.88431403994744,false
1,54,21:15,84,04:45,30,1,,,0.0,false,14.8,244.35475142148994,false
1,54,21:15,85,05:00,31,1,,,0.0,false,14.8,244.82518880303246,false
1,54,21:15,86,05:15,32,1,,,0.0,false,14.8,245.29562618457496,false
1,54,21:15,87,05:30,33,1,,,0.0,false,14.8,245.76606356611745,false
1,54,21:15,88,05:45,34,1,,,0.0,false,14.8,246.23650094765995,false
1,54,21:15,89,06:00,35,1,,,0.0,false,14.8,246.7069383292025,false
1,54,21:15,90,06:15,36,1,,,0.0,false,14.8,247.177375710745,false
1,54,21:15,91,06:30,37,1,,,0.0,false,14.8,247.6478130922875,false
1,54,21:15,92,06:45,38,1,,,0.0,false,14.8,248.11825047383,false
1,54,21:15,93,07:00,39,1,,,0.0,false,14.8,248.58868785537248,false
1,54,21:15,94,07:15,40,1,,,0.0,false,14.8,249.059125236915,false
1,54,21:15,95,07:30,41,1,,,0.0,false,14.8,249.5295626184575,false
1,54,21:15,96,07:45,42,1,,,0.0,false,14.8,250.0,false
1,55,21:30,55,21:30,0,1,,,0.0,false,14.8,231.1631485045233,false
1,55,21:30,56,21:45,1,1,,,0.0,false,14.8,231.63358588606582,false
1,55,21:30,57,22:00,2,1,,,0.0,false,14.8,232.1040232676083,false
1,55,21:30,58,22:15,3,1,,,0.0,false,14.8,232.57446064915084,false
1,55,21:30,59,22:30,4,1,,,0.0,false,14.8,233.04489803069333,false
1,55,21:30,60,22:45,5,1,,,0.0,false,14.8,233.51533541223583,false
1,55,21:30,61,23:00,6,1,,,0.0,false,14.8,233.98577279377832,false
1,55,21:30,62,23:15,7,1,,,0.0,false,14.8,234.45621017532082,false
1,55,21:30,63,23:30,8,1,,,0.0,false,14.8,234.92664755686332,false
1,55,21:30,64,23:45,9,1,,,0.0,false,14.8,234.9460037906399,false
1,55,21:30,65,00:00,10,1,,,0.0,false,14.8,235.4164411721824,false
1,55,21:30,66,00:15,11,1,,,0.0,false,14.8,235.8868785537249,false
1,55,21:30,67,00:30,12,1,,,0.0,false,14.8,236.3573159352674,false
1,55,21:30,68,00:45,13,1,,,0.0,false,14.8,236.8277533168099,false
1,55,21:30,69,01:00,14,1,,,0.0,false,14.8,237.2981906983524,false
1,55,21:30,70,01:15,15,1,,,0.0,false,14.8,237.7686280798949,false
1,55,21:30,71,01:30,16,1,,,0.0,false,14.8,238.23906546143743,false
1,55,21:30,72,01:45,17,1,,,0.0,false,14.8,238.70950284297993,false
1,55,21:30,73,02:00,18,1,,,0.0,false,14.8,239.17994022452243,false
1,55,21:30,74,02:15,19,1,,,0.0,false,14.8,239.65037760606492,false
1,55,21:30,75,02:30,20,1,,,0.0,false,14.8,240.12081498760742,false
1,55,21:30,76,02:45,21,1,,,0.0,false,14.8,240.59125236914997,false
1,55,21:30,77,03:00,22,1,,,0.0,false,14.8,241.06168975069247,false
1,55,21:30,78,03:15,23,1,,,0.0,false,14.8,241.53212713223496,false
1,55,21:30,79,03:30,24,1,,,0.0,false,14.8,242.00256451377746,false
1,55,21:30,80,03:45,25,1,,,0.0,false,14.8,242.47300189531998,false
1,55,21:30,81,04:00,26,1,,,0.0,false,14.8,242.94343927686248,false
1,55,21:30,82,04:15,27,1,,,0.0,false,14.8,243.41387665840497,false
1,55,21:30,83,04:30,28,1,,,0.0,false,14.8,243.88431403994747,false
1,55,21:30,84,04:45,29,1,,,0.0,false,14.8,244.35475142148996,false
1,55,21:30,85,05:00,30,1,,,0.0,false,14.8,244.8251888030325,false
1,55,21:30,86,05:15,31,1,,,0.0,false,14.8,245.29562618457499,false
1,55,21:30,87,05:30,32,1,,,0.0,false,14.8,245.76606356611748,false
1,55,21:30,88,05:45,33,1,,,0.0,false,14.8,246.23650094765998,false
1,55,21:30,89,06:00,34,1,,,0.0,false,14.8,246.7069383292025,false
1,55,21:30,90,06:15,35,1,,,0.0,false,14.8,247.177375710745,false
1,55,21:30,91,06:30,36,1,,,0.0,false,14.8,247.6478130922875,false
1,55,21:30,92,06:45,37,1,,,0.0,false,14.8,248.11825047383,false
1,55,21:30,93,07:00,38,1,,,0.0,false,14.8,248.58868785537248,false
1,55,21:30,94,07:15,39,1,,,0.0,false,14.8,249.059125236915,false
1,55,21:30,95,07:30,40,1,,,0.0,false,14.8,249.5295626184575,false
1,55,21:30,96,07:45,41,1,,,0.0,false,14.8,250.0,false
1,56,21:45,56,21:45,0,1,,,0.0,false,14.8,231.6335858860658,false
1,56,21:45,57,22:00,1,1,,,0.0,false,14.8,232.10402326760828,false
1,56,21:45,58,22:15,2,1,,,0.0,false,14.8,232.5744606491508,false
1,56,21:45,59,22:30,3,1,,,0.0,false,14.8,233.0448980306933,false
1,56,21:45,60,22:45,4,1,,,0.0,false,14.8,233.5153354122358,false
1,56,21:45,61,23:00,5,1,,,0.0,false,14.8,233.9857727937783,false
1,56,21:45,62,23:15,6,1,,,0.0,false,14.8,234.45621017532082,false
1,56,21:45,63,23:30,7,1,,,0.0,false,14.8,234.92664755686332,false
1,56,21:45,64,23:45,8,1,,,0.0,false,14.8,234.9460037906399,false
1,56,21:45,65,00:00,9,1,,,0.0,false,14.8,235.4164411721824,false
1,56,21:45,66,00:15,10,1,,,0.0,false,14.8,235.8868785537249,false
1,56,21:45,67,00:30,11,1,,,0.0,false,14.8,236.35731593526742,false
1,56,21:45,68,00:45,12,1,,,0.0,false,14.8,236.82775331680992,false
1,56,21:45,69,01:00,13,1,,,0.0,false,14.8,237.2981906983524,false
1,56,21:45,70,01:15,14,1,,,0.0,false,14.8,237.7686280798949,false
1,56,21:45,71,01:30,15,1,,,0.0,false,14.8,238.23906546143743,false
1,56,21:45,72,01:45,16,1,,,0.0,false,14.8,238.70950284297993,false
1,56,21:45,73,02:00,17,1,,,0.0,false,14.8,239.17994022452243,false
1,56,21:45,74,02:15,18,1,,,0.0,false,14.8,239.65037760606492,false
1,56,21:45,75,02:30,19,1,,,0.0,false,14.8,240.12081498760742,false
1,56,21:45,76,02:45,20,1,,,0.0,false,14.8,240.59125236914997,false
1,56,21:45,77,03:00,21,1,,,0.0,false,14.8,241.06168975069247,false
1,56,21:45,78,03:15,22,1,,,0.0,false,14.8,241.53212713223496,false
1,56,21:45,79,03:30,23,1,,,0.0,false,14.8,242.00256451377746,false
1,56,21:45,80,03:45,24,1,,,0.0,false,14.8,242.47300189531998,false
1,56,21:45,81,04:00,25,1,,,0.0,false,14.8,242.94343927686248,false
1,56,21:45,82,04:15,26,1,,,0.0,false,14.8,243.41387665840497,false
1,56,21:45,83,04:30,27,1,,,0.0,false,14.8,243.88431403994747,false
1,56,21:45,84,04:45,28,1,,,0.0,false,14.8,244.35475142148996,false
1,56,21:45,85,05:00,29,1,,,0.0,false,14.8,244.8251888030325,false
1,56,21:45,86,05:15,30,1,,,0.0,false,14.8,245.29562618457499,false
1,56,21:45,87,05:30,31,1,,,0.0,false,14.8,245.76606356611748,false
1,56,21:45,88,05:45,32,1,,,0.0,false,14.8,246.23650094765998,false
1,56,21:45,89,06:00,33,1,,,0.0,false,14.8,246.7069383292025,false
1,56,21:45,90,06:15,34,1,,,0.0,false,14.8,247.177375710745,false
1,56,21:45,91,06:30,35,1,,,0.0,false,14.8,247.6478130922875,false
1,56,21:45,92,06:45,36,1,,,0.0,false,14.8,248.11825047383,false
1,56,21:45,93,07:00,37,1,,,0.0,false,14.8,248.58868785537248,false
1,56,21:45,94,07:15,38,1,,,0.0,false,14.8,249.059125236915,false
1,56,21:45,95,07:30,39,1,,,0.0,false,14.8,249.5295626184575,false
1,56,21:45,96,07:45,40,1,,,0.0,false,14.8,250.0,false
1,57,22:00,57,22:00,0,1,,,0.0,false,14.8,232.10402326760828,false
1,57,22:00,58,22:15,1,1,,,0.0,false,14.8,232.5744606491508,false
1,57,22:00,59,22:30,2,1,,,0.0,false,14.8,233.0448980306933,false
1,57,22:00,60,22:45,3,1,,,0.0,false,14.8,233.5153354122358,false
1,57,22:00,61,23:00,4,1,,,0.0,false,14.8,233.9857727937783,false
1,57,22:00,62,23:15,5,1,,,0.0,false,14.8,234.4562101753208,false
1,57,22:00,63,23:30,6,1,,,0.0,false,14.8,234.9266475568633,false
1,57,22:00,64,23:45,7,1,,,0.0,false,14.8,234.94600379063988,false
1,57,22:00,65,00:00,8,1,,,0.0,false,14.8,235.4164411721824,false
1,57,22:00,66,00:15,9,1,,,0.0,false,14.8,235.8868785537249,false
1,57,22:00,67,00:30,10,1,,,0.0,false,14.8,236.3573159352674,false
1,57,22:00,68,00:45,11,1,,,0.0,false,14.8,236.8277533168099,false
1,57,22:00,69,01:00,12,1,,,0.0,false,14.8,237.2981906983524,false
1,57,22:00,70,01:15,13,1,,,0.0,false,14.8,237.7686280798949,false
1,57,22:00,71,01:30,14,1,,,0.0,false,14.8,238.23906546143743,false
1,57,22:00,72,01:45,15,1,,,0.0,false,14.8,238.70950284297993,false
1,57,22:00,73,02:00,16,1,,,0.0,false,14.8,239.17994022452243,false
1,57,22:00,74,02:15,17,1,,,0.0,false,14.8,239.65037760606492,false
1,57,22:00,75,02:30,18,1,,,0.0,false,14.8,240.12081498760742,false
1,57,22:00,76,02:45,19,1,,,0.0,false,14.8,240.59125236914997,false
1,57,22:00,77,03:00,20,1,,,0.0,false,14.8,241.06168975069247,false
1,57,22:00,78,03:15,21,1,,,0.0,false,14.8,241.53212713223496,false
1,57,22:00,79,03:30,22,1,,,0.0,false,14.8,242.00256451377746,false
1,57,22:00,80,03:45,23,1,,,0.0,false,14.8,242.47300189531998,false
1,57,22:00,81,04:00,24,1,,,0.0,false,14.8,242.94343927686248,false
1,57,22:00,82,04:15,25,1,,,0.0,false,14.8,243.41387665840497,false
1,57,22:00,83,04:30,26,1,,,0.0,false,14.8,243.88431403994747,false
1,57,22:00,84,04:45,27,1,,,0.0,false,14.8,244.35475142148996,false
1,57,22:00,85,05:00,28,1,,,0.0,false,14.8,244.8251888030325,false
1,57,22:00,86,05:15,29,1,,,0.0,false,14.8,245.29562618457499,false
1,57,22:00,87,05:30,30,1,,,0.0,false,14.8,245.76606356611748,false
1,57,22:00,88,05:45,31,1,,,0.0,false,14.8,246.23650094765998,false
1,57,22:00,89,06:00,32,1,,,0.0,false,14.8,246.7069383292025,false
1,57,22:00,90,06:15,33,1,,,0.0,false,14.8,247.177375710745,false
1,57,22:00,91,06:30,34,1,,,0.0,false,14.8,247.6478130922875,false
1,57,22:00,92,06:45,35,1,,,0.0,false,14.8,248.11825047383,false
1,57,22:00,93,07:00,36,1,,,0.0,false,14.8,248.58868785537248,false
1,57,22:00,94,07:15,37,1,,,0.0,false,14.8,249.059125236915,false
1,57,22:00,95,07:30,38,1,,,0.0,false,14.8,249.5295626184575,false
1,57,22:00,96,07:45,39,1,,,0.0,false,14.8,250.0,false
1,58,22:15,58,22:15,0,1,,,0.0,false,14.8,232.57446064915078,false
1,58,22:15,59,22:30,1,1,,,0.0,false,14.8,233.04489803069328,false
1,58,22:15,60,22:45,2,1,,,0.0,false,14.8,233.5153354122358,false
1,58,22:15,61,23:00,3,1,,,0.0,false,14.8,233.9857727937783,false
1,58,22:15,62,23:15,4,1,,,0.0,false,14.8,234.4562101753208,false
1,58,22:15,63,23:30,5,1,,,0.0,false,14.8,234.9266475568633,false
1,58,22:15,64,23:45,6,1,,,0.0,false,14.8,234.9460037906399,false
1,58,22:15,65,00:00,7,1,,,0.0,false,14.8,235.4164411721824,false
1,58,22:15,66,00:15,8,1,,,0.0,false,14.8,235.8868785537249,false
1,58,22:15,67,00:30,9,1,,,0.0,false,14.8,236.35731593526742,false
1,58,22:15,68,00:45,10,1,,,0.0,false,14.8,236.82775331680992,false
1,58,22:15,69,01:00,11,1,,,0.0,false,14.8,237.2981906983524,false
1,58,22:15,70,01:15,12,1,,,0.0,false,14.8,237.7686280798949,false
1,58,22:15,71,01:30,13,1,,,0.0,false,14.8,238.23906546143743,false
1,58,22:15,72,01:45,14,1,,,0.0,false,14.8,238.70950284297993,false
1,58,22:15,73,02:00,15,1,,,0.0,false,14.8,239.17994022452243,false
1,58,22:15,74,02:15,16,1,,,0.0,false,14.8,239.65037760606492,false
1,58,22:15,75,02:30,17,1,,,0.0,false,14.8,240.12081498760742,false
1,58,22:15,76,02:45,18,1,,,0.0,false,14.8,240.59125236914997,false
1,58,22:15,77,03:00,19,1,,,0.0,false,14.8,241.06168975069247,false
1,58,22:15,78,03:15,20,1,,,0.0,false,14.8,241.53212713223496,false
1,58,22:15,79,03:30,21,1,,,0.0,false,14.8,242.00256451377746,false
1,58,22:15,80,03:45,22,1,,,0.0,false,14.8,242.47300189531998,false
1,58,22:15,81,04:00,23,1,,,0.0,false,14.8,242.94343927686248,false
1,58,22:15,82,04:15,24,1,,,0.0,false,14.8,243.41387665840497,false
1,58,22:15,83,04:30,25,1,,,0.0,false,14.8,243.88431403994747,false
1,58,22:15,84,04:45,26,1,,,0.0,false,14.8,244.35475142148996,false
1,58,22:15,85,05:00,27,1,,,0.0,false,14.8,244.8251888030325,false
1,58,22:15,86,05:15,28,1,,,0.0,false,14.8,245.29562618457499,false
1,58,22:15,87,05:30,29,1,,,0.0,false,14.8,245.76606356611748,false
1,58,22:15,88,05:45,30,1,,,0.0,false,14.8,246.23650094765998,false
1,58,22:15,89,06:00,31,1,,,0.0,false,14.8,246.7069383292025,false
1,58,22:15,90,06:15,32,1,,,0.0,false,14.8,247.177375710745,false
1,58,22:15,91,06:30,33,1,,,0.0,false,14.8,247.6478130922875,false
1,58,22:15,92,06:45,34,1,,,0.0,false,14.8,248.11825047383,false
1,58,22:15,93,07:00,35,1,,,0.0,false,14.8,248.58868785537248,false
1,58,22:15,94,07:15,36,1,,,0.0,false,14.8,249.059125236915,false
1,58,22:15,95,07:30,37,1,,,0.0,false,14.8,249.5295626184575,false
1,58,22:15,96,07:45,38,1,,,0.0,false,14.8,250.0,false
1,59,22:30,59,22:30,0,1,,,0.0,false,14.8,233.04489803069328,false
1,59,22:30,60,22:45,1,1,,,0.0,false,14.8,233.5153354122358,false
1,59,22:30,61,23:00,2,1,,,0.0,false,14.8,233.9857727937783,false
1,59,22:30,62,23:15,3,1,,,0.0,false,14.8,234.4562101753208,false
1,59,22:30,63,23:30,4,1,,,0.0,false,14.8,234.9266475568633,false
1,59,22:30,64,23:45,5,1,,,0.0,false,14.8,234.9460037906399,false
1,59,22:30,65,00:00,6,1,,,0.0,false,14.8,235.4164411721824,false
1,59,22:30,66,00:15,7,1,,,0.0,false,14.8,235.8868785537249,false
1,59,22:30,67,00:30,8,1,,,0.0,false,14.8,236.3573159352674,false
1,59,22:30,68,00:45,9,1,,,0.0,false,14.8,236.8277533168099,false
1,59,22:30,69,01:00,10,1,,,0.0,false,14.8,237.2981906983524,false
1,59,22:30,70,01:15,11,1,,,0.0,false,14.8,237.7686280798949,false
1,59,22:30,71,01:30,12,1,,,0.0,false,14.8,238.23906546143743,false
1,59,22:30,72,01:45,13,1,,,0.0,false,14.8,238.70950284297993,false
1,59,22:30,73,02:00,14,1,,,0.0,false,14.8,239.17994022452243,false
1,59,22:30,74,02:15,15,1,,,0.0,false,14.8,239.65037760606492,false
1,59,22:30,75,02:30,16,1,,,0.0,false,14.8,240.12081498760742,false
1,59,22:30,76,02:45,17,1,,,0.0,false,14.8,240.59125236914997,false
1,59,22:30,77,03:00,18,1,,,0.0,false,14.8,241.06168975069247,false
1,59,22:30,78,03:15,19,1,,,0.0,false,14.8,241.53212713223496,false
1,59,22:30,79,03:30,20,1,,,0.0,false,14.8,242.00256451377746,false
1,59,22:30,80,03:45,21,1,,,0.0,false,14.8,242.47300189531998,false
1,59,22:30,81,04:00,22,1,,,0.0,false,14.8,242.94343927686248,false
1,59,22:30,82,04:15,23,1,,,0.0,false,14.8,243.41387665840497,false
1,59,22:30,83,04:30,24,1,,,0.0,false,14.8,243.88431403994747,false
1,59,22:30,84,04:45,25,1,,,0.0,false,14.8,244.35475142148996,false
1,59,22:30,85,05:00,26,1,,,0.0,false,14.8,244.8251888030325,false
1,59,22:30,86,05:15,27,1,,,0.0,false,14.8,245.29562618457499,false
1,59,22:30,87,05:30,28,1,,,0.0,false,14.8,245.76606356611748,false
1,59,22:30,88,05:45,29,1,,,0.0,false,14.8,246.23650094765998,false
1,59,22:30,89,06:00,30,1,,,0.0,false,14.8,246.7069383292025,false
1,59,22:30,90,06:15,31,1,,,0.0,false,14.8,247.177375710745,false
1,59,22:30,91,06:30,32,1,,,0.0,false,14.8,247.6478130922875,false
1,59,22:30,92,06:45,33,1,,,0.0,false,14.8,248.11825047383,false
1,59,22:30,93,07:00,34,1,,,0.0,false,14.8,248.58868785537248,false
1,59,22:30,94,07:15,35,1,,,0.0,false,14.8,249.059125236915,false
1,59,22:30,95,07:30,36,1,,,0.0,false,14.8,249.5295626184575,false
1,59,22:30,96,07:45,37,1,,,0.0,false,14.8,250.0,false
1,60,22:45,60,22:45,0,1,,,0.0,false,14.8,233.51533541223577,false
1,60,22:45,61,23:00,1,1,,,0.0,false,14.8,233.98577279377827,false
1,60,22:45,62,23:15,2,1,,,0.0,false,14.8,234.4562101753208,false
1,60,22:45,63,23:30,3,1,,,0.0,false,14.8,234.9266475568633,false
1,60,22:45,64,23:45,4,1,,,0.0,false,14.8,234.9460037906399,false
1,60,22:45,65,00:00,5,1,,,0.0,false,14.8,235.4164411721824,false
1,60,22:45,66,00:15,6,1,,,0.0,false,14.8,235.8868785537249,false
1,60,22:45,67,00:30,7,1,,,0.0,false,14.8,236.35731593526742,false
1,60,22:45,68,00:45,8,1,,,0.0,false,14.8,236.82775331680992,false
1,60,22:45,69,01:00,9,1,,,0.0,false,14.8,237.2981906983524,false
1,60,22:45,70,01:15,10,1,,,0.0,false,14.8,237.7686280798949,false
1,60,22:45,71,01:30,11,1,,,0.0,false,14.8,238.23906546143743,false
1,60,22:45,72,01:45,12,1,,,0.0,false,14.8,238.70950284297993,false
1,60,22:45,73,02:00,13,1,,,0.0,false,14.8,239.17994022452243,false
1,60,22:45,74,02:15,14,1,,,0.0,false,14.8,239.65037760606492,false
1,60,22:45,75,02:30,15,1,,,0.0,false,14.8,240.12081498760742,false
1,60,22:45,76,02:45,16,1,,,0.0,false,14.8,240.59125236914997,false
1,60,22:45,77,03:00,17,1,,,0.0,false,14.8,241.06168975069247,false
1,60,22:45,78,03:15,18,1,,,0.0,false,14.8,241.53212713223496,false
1,60,22:45,79,03:30,19,1,,,0.0,false,14.8,242.00256451377746,false
1,60,22:45,80,03:45,20,1,,,0.0,false,14.8,242.47300189531998,false
1,60,22:45,81,04:00,21,1,,,0.0,false,14.8,242.94343927686248,false
1,60,22:45,82,04:15,22,1,,,0.0,false,14.8,243.41387665840497,false
1,60,22:45,83,04:30,23,1,,,0.0,false,14.8,243.88431403994747,false
1,60,22:45,84,04:45,24,1,,,0.0,false,14.8,244.35475142148996,false
1,60,22:45,85,05:00,25,1,,,0.0,false,14.8,244.8251888030325,false
1,60,22:45,86,05:15,26,1,,,0.0,false,14.8,245.29562618457499,false
1,60,22:45,87,05:30,27,1,,,0.0,false,14.8,245.76606356611748,false
1,60,22:45,88,05:45,28,1,,,0.0,false,14.8,246.23650094765998,false
1,60,22:45,89,06:00,29,1,,,0.0,false,14.8,246.7069383292025,false
1,60,22:45,90,06:15,30,1,,,0.0,false,14.8,247.177375710745,false
1,60,22:45,91,06:30,31,1,,,0.0,false,14.8,247.6478130922875,false
1,60,22:45,92,06:45,32,1,,,0.0,false,14.8,248.11825047383,false
1,60,22:45,93,07:00,33,1,,,0.0,false,14.8,248.58868785537248,false
1,60,22:45,94,07:15,34,1,,,0.0,false,14.8,249.059125236915,false
1,60,22:45,95,07:30,35,1,,,0.0,false,14.8,249.5295626184575,false
1,60,22:45,96,07:45,36,1,,,0.0,false,14.8,250.0,false
1,61,23:00,61,23:00,0,1,,,0.0,false,14.8,233.98577279377827,false
1,61,23:00,62,23:15,1,1,,,0.0,false,14.8,234.4562101753208,false
1,61,23:00,63,23:30,2,1,,,0.0,false,14.8,234.9266475568633,false
1,61,23:00,64,23:45,3,1,,,0.0,false,14.8,234.9460037906399,false
1,61,23:00,65,00:00,4,1,,,0.0,false,14.8,235.4164411721824,false
1,61,23:00,66,00:15,5,1,,,0.0,false,14.8,235.8868785537249,false
1,61,23:00,67,00:30,6,1,,,0.0,false,14.8,236.35731593526742,false
1,61,23:00,68,00:45,7,1,,,0.0,false,14.8,236.82775331680992,false
1,61,23:00,69,01:00,8,1,,,0.0,false,14.8,237.2981906983524,false
1,61,23:00,70,01:15,9,1,,,0.0,false,14.8,237.7686280798949,false
1,61,23:00,71,01:30,10,1,,,0.0,false,14.8,238.23906546143743,false
1,61,23:00,72,01:45,11,1,,,0.0,false,14.8,238.70950284297993,false
1,61,23:00,73,02:00,12,1,,,0.0,false,14.8,239.17994022452243,false
1,61,23:00,74,02:15,13,1,,,0.0,false,14.8,239.65037760606492,false
1,61,23:00,75,02:30,14,1,,,0.0,false,14.8,240.12081498760742,false
1,61,23:00,76,02:45,15,1,,,0.0,false,14.8,240.5912523691499,false
1,61,23:00,77,03:00,16,1,,,0.0,false,14.8,241.0616897506924,false
1,61,23:00,78,03:15,17,1,,,0.0,false,14.8,241.53212713223496,false
1,61,23:00,79,03:30,18,1,,,0.0,false,14.8,242.00256451377746,false
1,61,23:00,80,03:45,19,1,,,0.0,false,14.8,242.47300189531998,false
1,61,23:00,81,04:00,20,1,,,0.0,false,14.8,242.94343927686248,false
1,61,23:00,82,04:15,21,1,,,0.0,false,14.8,243.41387665840497,false
1,61,23:00,83,04:30,22,1,,,0.0,false,14.8,243.88431403994747,false
1,61,23:00,84,04:45,23,1,,,0.0,false,14.8,244.35475142148996,false
1,61,23:00,85,05:00,24,1,,,0.0,false,14.8,244.8251888030325,false
1,61,23:00,86,05:15,25,1,,,0.0,false,14.8,245.29562618457499,false
1,61,23:00,87,05:30,26,1,,,0.0,false,14.8,245.76606356611748,false
1,61,23:00,88,05:45,27,1,,,0.0,false,14.8,246.23650094765998,false
1,61,23:00,89,06:00,28,1,,,0.0,false,14.8,246.7069383292025,false
1,61,23:00,90,06:15,29,1,,,0.0,false,14.8,247.177375710745,false
1,61,23:00,91,06:30,30,1,,,0.0,false,14.8,247.6478130922875,false
1,61,23:00,92,06:45,31,1,,,0.0,false,14.8,248.11825047383,false
1,61,23:00,93,07:00,32,1,,,0.0,false,14.8,248.58868785537248,false
1,61,23:00,94,07:15,33,1,,,0.0,false,14.8,249.059125236915,false
1,61,23:00,95,07:30,34,1,,,0.0,false,14.8,249.5295626184575,false
1,61,23:00,96,07:45,35,1,,,0.0,false,14.8,250.0,false
1,62,23:15,62,23:15,0,1,,,0.0,false,14.8,234.45621017532076,false
1,62,23:15,63,23:30,1,1,,,0.0,false,14.8,234.92664755686326,false
1,62,23:15,64,23:45,2,1,,,0.0,false,14.8,234.9460037906399,false
1,62,23:15,65,00:00,3,1,,,0.0,false,14.8,235.4164411721824,false
1,62,23:15,66,00:15,4,1,,,0.0,false,14.8,235.8868785537249,false
1,62,23:15,67,00:30,5,1,,,0.0,false,14.8,236.3573159352674,false
1,62,23:15,68,00:45,6,1,,,0.0,false,14.8,236.8277533168099,false
1,62,23:15,69,01:00,7,1,,,0.0,false,14.8,237.2981906983524,false
1,62,23:15,70,01:15,8,1,,,0.0,false,14.8,237.7686280798949,false
1,62,23:15,71,01:30,9,1,,,0.0,false,14.8,238.23906546143743,false
1,62,23:15,72,01:45,10,1,,,0.0,false,14.8,238.70950284297993,false
1,62,23:15,73,02:00,11,1,,,0.0,false,14.8,239.17994022452243,false
1,62,23:15,74,02:15,12,1,,,0.0,false,14.8,239.65037760606492,false
1,62,23:15,75,02:30,13,1,,,0.0,false,14.8,240.12081498760742,false
1,62,23:15,76,02:45,14,1,,,0.0,false,14.8,240.59125236914994,false
1,62,23:15,77,03:00,15,1,,,0.0,false,14.8,241.06168975069244,false
1,62,23:15,78,03:15,16,1,,,0.0,false,14.8,241.53212713223493,false
1,62,23:15,79,03:30,17,1,,,0.0,false,14.8,242.00256451377743,false
1,62,23:15,80,03:45,18,1,,,0.0,false,14.8,242.47300189531998,false
1,62,23:15,81,04:00,19,1,,,0.0,false,14.8,242.94343927686248,false
1,62,23:15,82,04:15,20,1,,,0.0,false,14.8,243.41387665840497,false
1,62,23:15,83,04:30,21,1,,,0.0,false,14.8,243.88431403994747,false
1,62,23:15,84,04:45,22,1,,,0.0,false,14.8,244.35475142148996,false
1,62,23:15,85,05:00,23,1,,,0.0,false,14.8,244.82518880303246,false
1,62,23:15,86,05:15,24,1,,,0.0,false,14.8,245.29562618457496,false
1,62,23:15,87,05:30,25,1,,,0.0,false,14.8,245.76606356611748,false
1,62,23:15,88,05:45,26,1,,,0.0,false,14.8,246.23650094765998,false
1,62,23:15,89,06:00,27,1,,,0.0,false,14.8,246.7069383292025,false
1,62,23:15,90,06:15,28,1,,,0.0,false,14.8,247.177375710745,false
1,62,23:15,91,06:30,29,1,,,0.0,false,14.8,247.6478130922875,false
1,62,23:15,92,06:45,30,1,,,0.0,false,14.8,248.11825047383,false
1,62,23:15,93,07:00,31,1,,,0.0,false,14.8,248.58868785537248,false
1,62,23:15,94,07:15,32,1,,,0.0,false,14.8,249.059125236915,false
1,62,23:15,95,07:30,33,1,,,0.0,false,14.8,249.5295626184575,false
1,62,23:15,96,07:45,34,1,,,0.0,false,14.8,250.0,false
1,63,23:30,63,23:30,0,1,,,0.0,false,14.8,234.92664755686326,false
1,63,23:30,64,23:45,1,1,,,0.0,false,14.8,234.9460037906399,false
1,63,23:30,65,00:00,2,1,,,0.0,false,14.8,235.4164411721824,false
1,63,23:30,66,00:15,3,1,,,0.0,false,14.8,235.8868785537249,false
1,63,23:30,67,00:30,4,1,,,0.0,false,14.8,236.3573159352674,false
1,63,23:30,68,00:45,5,1,,,0.0,false,14.8,236.8277533168099,false
1,63,23:30,69,01:00,6,1,,,0.0,false,14.8,237.29819069835244,false
1,63,23:30,70,01:15,7,1,,,0.0,false,14.8,237.76862807989494,false
1,63,23:30,71,01:30,8,1,,,0.0,false,14.8,238.23906546143746,false
1,63,23:30,72,01:45,9,1,,,0.0,false,14.8,238.70950284297996,false
1,63,23:30,73,02:00,10,1,,,0.0,false,14.8,239.17994022452245,false
1,63,23:30,74,02:15,11,1,,,0.0,false,14.8,239.65037760606495,false
1,63,23:30,75,02:30,12,1,,,0.0,false,14.8,240.12081498760745,false
1,63,23:30,76,02:45,13,1,,,0.0,false,14.8,240.59125236914997,false
1,63,23:30,77,03:00,14,1,,,0.0,false,14.8,241.06168975069247,false
1,63,23:30,78,03:15,15,1,,,0.0,false,14.8,241.53212713223496,false
1,63,23:30,79,03:30,16,1,,,0.0,false,14.8,242.00256451377746,false
1,63,23:30,80,03:45,17,1,,,0.0,false,14.8,242.47300189531998,false
1,63,23:30,81,04:00,18,1,,,0.0,false,14.8,242.94343927686248,false
1,63,23:30,82,04:15,19,1,,,0.0,false,14.8,243.41387665840497,false
1,63,23:30,83,04:30,20,1,,,0.0,false,14.8,243.88431403994747,false
1,63,23:30,84,04:45,21,1,,,0.0,false,14.8,244.35475142148996,false
1,63,23:30,85,05:00,22,1,,,0.0,false,14.8,244.8251888030325,false
1,63,23:30,86,05:15,23,1,,,0.0,false,14.8,245.29562618457499,false
1,63,23:30,87,05:30,24,1,,,0.0,false,14.8,245.76606356611748,false
1,63,23:30,88,05:45,25,1,,,0.0,false,14.8,246.23650094765998,false
1,63,23:30,89,06:00,26,1,,,0.0,false,14.8,246.7069383292025,false
1,63,23:30,90,06:15,27,1,,,0.0,false,14.8,247.177375710745,false
1,63,23:30,91,06:30,28,1,,,0.0,false,14.8,247.6478130922875,false
1,63,23:30,92,06:45,29,1,,,0.0,false,14.8,248.11825047383,false
1,63,23:30,93,07:00,30,1,,,0.0,false,14.8,248.58868785537248,false
1,63,23:30,94,07:15,31,1,,,0.0,false,14.8,249.059125236915,false
1,63,23:30,95,07:30,32,1,,,0.0,false,14.8,249.5295626184575,false
1,63,23:30,96,07:45,33,1,,,0.0,false,14.8,250.0,false
1,64,23:45,64,23:45,0,1,,,0.0,false,14.8,234.9460037906399,false
1,64,23:45,65,00:00,1,1,,,0.0,false,14.8,235.41644117218243,false
1,64,23:45,66,00:15,2,1,,,0.0,false,14.8,235.88687855372493,false
1,64,23:45,67,00:30,3,1,,,0.0,false,14.8,236.35731593526745,false
1,64,23:45,68,00:45,4,1,,,0.0,false,14.8,236.82775331680995,false
1,64,23:45,69,01:00,5,1,,,0.0,false,14.8,237.29819069835244,false
1,64,23:45,70,01:15,6,1,,,0.0,false,14.8,237.76862807989494,false
1,64,23:45,71,01:30,7,1,,,0.0,false,14.8,238.23906546143746,false
1,64,23:45,72,01:45,8,1,,,0.0,false,14.8,238.70950284297996,false
1,64,23:45,73,02:00,9,1,,,0.0,false,14.8,239.17994022452245,false
1,64,23:45,74,02:15,10,1,,,0.0,false,14.8,239.65037760606495,false
1,64,23:45,75,02:30,11,1,,,0.0,false,14.8,240.12081498760745,false
1,64,23:45,76,02:45,12,1,,,0.0,false,14.8,240.59125236914997,false
1,64,23:45,77,03:00,13,1,,,0.0,false,14.8,241.06168975069247,false
1,64,23:45,78,03:15,14,1,,,0.0,false,14.8,241.53212713223496,false
1,64,23:45,79,03:30,15,1,,,0.0,false,14.8,242.00256451377746,false
1,64,23:45,80,03:45,16,1,,,0.0,false,14.8,242.47300189531998,false
1,64,23:45,81,04:00,17,1,,,0.0,false,14.8,242.94343927686248,false
1,64,23:45,82,04:15,18,1,,,0.0,false,14.8,243.41387665840497,false
1,64,23:45,83,04:30,19,1,,,0.0,false,14.8,243.88431403994747,false
1,64,23:45,84,04:45,20,1,,,0.0,false,14.8,244.35475142148996,false
1,64,23:45,85,05:00,21,1,,,0.0,false,14.8,244.8251888030325,false
1,64,23:45,86,05:15,22,1,,,0.0,false,14.8,245.29562618457499,false
1,64,23:45,87,05:30,23,1,,,0.0,false,14.8,245.76606356611748,false
1,64,23:45,88,05:45,24,1,,,0.0,false,14.8,246.23650094765998,false
1,64,23:45,89,06:00,25,1,,,0.0,false,14.8,246.7069383292025,false
1,64,23:45,90,06:15,26,1,,,0.0,false,14.8,247.177375710745,false
1,64,23:45,91,06:30,27,1,,,0.0,false,14.8,247.6478130922875,false
1,64,23:45,92,06:45,28,1,,,0.0,false,14.8,248.11825047383,false
1,64,23:45,93,07:00,29,1,,,0.0,false,14.8,248.58868785537248,false
1,64,23:45,94,07:15,30,1,,,0.0,false,14.8,249.059125236915,false
1,64,23:45,95,07:30,31,1,,,0.0,false,14.8,249.5295626184575,false
1,64,23:45,96,07:45,32,1,,,0.0,false,14.8,250.0,false
1,65,00:00,65,00:00,0,1,,,0.0,false,14.8,235.4164411721824,false
1,65,00:00,66,00:15,1,1,,,0.0,false,14.8,235.8868785537249,false
1,65,00:00,67,00:30,2,1,,,0.0,false,14.8,236.35731593526742,false
1,65,00:00,68,00:45,3,1,,,0.0,false,14.8,236.82775331680992,false
1,65,00:00,69,01:00,4,1,,,0.0,false,14.8,237.29819069835244,false
1,65,00:00,70,01:15,5,1,,,0.0,false,14.8,237.76862807989494,false
1,65,00:00,71,01:30,6,1,,,0.0,false,14.8,238.23906546143743,false
1,65,00:00,72,01:45,7,1,,,0.0,false,14.8,238.70950284297993,false
1,65,00:00,73,02:00,8,1,,,0.0,false,14.8,239.17994022452245,false
1,65,00:00,74,02:15,9,1,,,0.0,false,14.8,239.65037760606495,false
1,65,00:00,75,02:30,10,1,,,0.0,false,14.8,240.12081498760745,false
1,65,00:00,76,02:45,11,1,,,0.0,false,14.8,240.59125236914994,false
1,65,00:00,77,03:00,12,1,,,0.0,false,14.8,241.06168975069244,false
1,65,00:00,78,03:15,13,1,,,0.0,false,14.8,241.53212713223496,false
1,65,00:00,79,03:30,14,1,,,0.0,false,14.8,242.00256451377746,false
1,65,00:00,80,03:45,15,1,,,0.0,false,14.8,242.47300189531998,false
1,65,00:00,81,04:00,16,1,,,0.0,false,14.8,242.94343927686248,false
1,65,00:00,82,04:15,17,1,,,0.0,false,14.8,243.41387665840497,false
1,65,00:00,83,04:30,18,1,,,0.0,false,14.8,243.88431403994747,false
1,65,00:00,84,04:45,19,1,,,0.0,false,14.8,244.35475142148996,false
1,65,00:00,85,05:00,20,1,,,0.0,false,14.8,244.8251888030325,false
1,65,00:00,86,05:15,21,1,,,0.0,false,14.8,245.29562618457499,false
1,65,00:00,87,05:30,22,1,,,0.0,false,14.8,245.76606356611748,false
1,65,00:00,88,05:45,23,1,,,0.0,false,14.8,246.23650094765998,false
1,65,00:00,89,06:00,24,1,,,0.0,false,14.8,246.7069383292025,false
1,65,00:00,90,06:15,25,1,,,0.0,false,14.8,247.177375710745,false
1,65,00:00,91,06:30,26,1,,,0.0,false,14.8,247.6478130922875,false
1,65,00:00,92,06:45,27,1,,,0.0,false,14.8,248.11825047383,false
1,65,00:00,93,07:00,28,1,,,0.0,false,14.8,248.58868785537248,false
1,65,00:00,94,07:15,29,1,,,0.0,false,14.8,249.059125236915,false
1,65,00:00,95,07:30,30,1,,,0.0,false,14.8,249.5295626184575,false
1,65,00:00,96,07:45,31,1,,,0.0,false,14.8,250.0,false
1,66,00:15,66,00:15,0,1,,,0.0,false,14.8,235.8868785537249,false
1,66,00:15,67,00:30,1,1,,,0.0,false,14.8,236.35731593526742,false
1,66,00:15,68,00:45,2,1,,,0.0,false,14.8,236.82775331680992,false
1,66,00:15,69,01:00,3,1,,,0.0,false,14.8,237.2981906983524,false
1,66,00:15,70,01:15,4,1,,,0.0,false,14.8,237.7686280798949,false
1,66,00:15,71,01:30,5,1,,,0.0,false,14.8,238.23906546143743,false
1,66,00:15,72,01:45,6,1,,,0.0,false,14.8,238.70950284297993,false
1,66,00:15,73,02:00,7,1,,,0.0,false,14.8,239.17994022452243,false
1,66,00:15,74,02:15,8,1,,,0.0,false,14.8,239.65037760606492,false
1,66,00:15,75,02:30,9,1,,,0.0,false,14.8,240.12081498760742,false
1,66,00:15,76,02:45,10,1,,,0.0,false,14.8,240.59125236914994,false
1,66,00:15,77,03:00,11,1,,,0.0,false,14.8,241.06168975069244,false
1,66,00:15,78,03:15,12,1,,,0.0,false,14.8,241.53212713223493,false
1,66,00:15,79,03:30,13,1,,,0.0,false,14.8,242.00256451377743,false
1,66,00:15,80,03:45,14,1,,,0.0,false,14.8,242.47300189531995,false
1,66,00:15,81,04:00,15,1,,,0.0,false,14.8,242.94343927686245,false
1,66,00:15,82,04:15,16,1,,,0.0,false,14.8,243.41387665840494,false
1,66,00:15,83,04:30,17,1,,,0.0,false,14.8,243.88431403994744,false
1,66,00:15,84,04:45,18,1,,,0.0,false,14.8,244.35475142148994,false
1,66,00:15,85,05:00,19,1,,,0.0,false,14.8,244.82518880303246,false
1,66,00:15,86,05:15,20,1,,,0.0,false,14.8,245.29562618457496,false
1,66,00:15,87,05:30,21,1,,,0.0,false,14.8,245.76606356611745,false
1,66,00:15,88,05:45,22,1,,,0.0,false,14.8,246.23650094765995,false
1,66,00:15,89,06:00,23,1,,,0.0,false,14.8,246.70693832920247,false
1,66,00:15,90,06:15,24,1,,,0.0,false,14.8,247.17737571074497,false
1,66,00:15,91,06:30,25,1,,,0.0,false,14.8,247.64781309228746,false
1,66,00:15,92,06:45,26,1,,,0.0,false,14.8,248.11825047382996,false
1,66,00:15,93,07:00,27,1,,,0.0,false,14.8,248.58868785537246,false
1,66,00:15,94,07:15,28,1,,,0.0,false,14.8,249.059125236915,false
1,66,00:15,95,07:30,29,1,,,0.0,false,14.8,249.5295626184575,false
1,66,00:15,96,07:45,30,1,,,0.0,false,14.8,250.0,false
1,67,00:30,67,00:30,0,1,,,0.0,false,14.8,236.3573159352674,false
1,67,00:30,68,00:45,1,1,,,0.0,false,14.8,236.8277533168099,false
1,67,00:30,69,01:00,2,1,,,0.0,false,14.8,237.2981906983524,false
1,67,00:30,70,01:15,3,1,,,0.0,false,14.8,237.7686280798949,false
1,67,00:30,71,01:30,4,1,,,0.0,false,14.8,238.2390654614374,false
1,67,00:30,72,01:45,5,1,,,0.0,false,14.8,238.7095028429799,false
1,67,00:30,73,02:00,6,1,,,0.0,false,14.8,239.17994022452243,false
1,67,00:30,74,02:15,7,1,,,0.0,false,14.8,239.65037760606492,false
1,67,00:30,75,02:30,8,1,,,0.0,false,14.8,240.12081498760742,false
1,67,00:30,76,02:45,9,1,,,0.0,false,14.8,240.5912523691499,false
1,67,00:30,77,03:00,10,1,,,0.0,false,14.8,241.0616897506924,false
1,67,00:30,78,03:15,11,1,,,0.0,false,14.8,241.53212713223496,false
1,67,00:30,79,03:30,12,1,,,0.0,false,14.8,242.00256451377746,false
1,67,00:30,80,03:45,13,1,,,0.0,false,14.8,242.47300189531998,false
1,67,00:30,81,04:00,14,1,,,0.0,false,14.8,242.94343927686248,false
1,67,00:30,82,04:15,15,1,,,0.0,false,14.8,243.41387665840497,false
1,67,00:30,83,04:30,16,1,,,0.0,false,14.8,243.88431403994747,false
1,67,00:30,84,04:45,17,1,,,0.0,false,14.8,244.35475142148996,false
1,67,00:30,85,05:00,18,1,,,0.0,false,14.8,244.8251888030325,false
1,67,00:30,86,05:15,19,1,,,0.0,false,14.8,245.29562618457499,false
1,67,00:30,87,05:30,20,1,,,0.0,false,14.8,245.76606356611748,false
1,67,00:30,88,05:45,21,1,,,0.0,false,14.8,246.23650094765998,false
1,67,00:30,89,06:00,22,1,,,0.0,false,14.8,246.7069383292025,false
1,67,00:30,90,06:15,23,1,,,0.0,false,14.8,247.177375710745,false
1,67,00:30,91,06:30,24,1,,,0.0,false,14.8,247.6478130922875,false
1,67,00:30,92,06:45,25,1,,,0.0,false,14.8,248.11825047383,false
1,67,00:30,93,07:00,26,1,,,0.0,false,14.8,248.58868785537248,false
1,67,00:30,94,07:15,27,1,,,0.0,false,14.8,249.059125236915,false
1,67,00:30,95,07:30,28,1,,,0.0,false,14.8,249.5295626184575,false
1,67,00:30,96,07:45,29,1,,,0.0,false,14.8,250.0,false
1,68,00:45,68,00:45,0,1,,,0.0,false,14.8,236.8277533168099,false
1,68,00:45,69,01:00,1,1,,,0.0,false,14.8,237.2981906983524,false
1,68,00:45,70,01:15,2,1,,,0.0,false,14.8,237.7686280798949,false
1,68,00:45,71,01:30,3,1,,,0.0,false,14.8,238.2390654614374,false
1,68,00:45,72,01:45,4,1,,,0.0,false,14.8,238.7095028429799,false
1,68,00:45,73,02:00,5,1,,,0.0,false,14.8,239.1799402245224,false
1,68,00:45,74,02:15,6,1,,,0.0,false,14.8,239.6503776060649,false
1,68,00:45,75,02:30,7,1,,,0.0,false,14.8,240.1208149876074,false
1,68,00:45,76,02:45,8,1,,,0.0,false,14.8,240.59125236914994,false
1,68,00:45,77,03:00,9,1,,,0.0,false,14.8,241.06168975069244,false
1,68,00:45,78,03:15,10,1,,,0.0,false,14.8,241.53212713223493,false
1,68,00:45,79,03:30,11,1,,,0.0,false,14.8,242.00256451377743,false
1,68,00:45,80,03:45,12,1,,,0.0,false,14.8,242.47300189531995,false
1,68,00:45,81,04:00,13,1,,,0.0,false,14.8,242.94343927686245,false
1,68,00:45,82,04:15,14,1,,,0.0,false,14.8,243.41387665840494,false
1,68,00:45,83,04:30,15,1,,,0.0,false,14.8,243.88431403994744,false
1,68,00:45,84,04:45,16,1,,,0.0,false,14.8,244.35475142148994,false
1,68,00:45,85,05:00,17,1,,,0.0,false,14.8,244.82518880303246,false
1,68,00:45,86,05:15,18,1,,,0.0,false,14.8,245.29562618457496,false
1,68,00:45,87,05:30,19,1,,,0.0,false,14.8,245.76606356611745,false
1,68,00:45,88,05:45,20,1,,,0.0,false,14.8,246.23650094765995,false
1,68,00:45,89,06:00,21,1,,,0.0,false,14.8,246.7069383292025,false
1,68,00:45,90,06:15,22,1,,,0.0,false,14.8,247.177375710745,false
1,68,00:45,91,06:30,23,1,,,0.0,false,14.8,247.6478130922875,false
1,68,00:45,92,06:45,24,1,,,0.0,false,14.8,248.11825047383,false
1,68,00:45,93,07:00,25,1,,,0.0,false,14.8,248.58868785537248,false
1,68,00:45,94,07:15,26,1,,,0.0,false,14.8,249.059125236915,false
1,68,00:45,95,07:30,27,1,,,0.0,false,14.8,249.5295626184575,false
1,68,00:45,96,07:45,28,1,,,0.0,false,14.8,250.0,false
1,69,01:00,69,01:00,0,1,,,0.0,false,14.8,237.29819069835239,false
1,69,01:00,70,01:15,1,1,,,0.0,false,14.8,237.76862807989488,false
1,69,01:00,71,01:30,2,1,,,0.0,false,14.8,238.2390654614374,false
1,69,01:00,72,01:45,3,1,,,0.0,false,14.8,238.7095028429799,false
1,69,01:00,73,02:00,4,1,,,0.0,false,14.8,239.17994022452243,false
1,69,01:00,74,02:15,5,1,,,0.0,false,14.8,239.65037760606492,false
1,69,01:00,75,02:30,6,1,,,0.0,false,14.8,240.12081498760742,false
1,69,01:00,76,02:45,7,1,,,0.0,false,14.8,240.5912523691499,false
1,69,01:00,77,03:00,8,1,,,0.0,false,14.8,241.0616897506924,false
1,69,01:00,78,03:15,9,1,,,0.0,false,14.8,241.53212713223493,false
1,69,01:00,79,03:30,10,1,,,0.0,false,14.8,242.00256451377743,false
1,69,01:00,80,03:45,11,1,,,0.0,false,14.8,242.47300189531995,false
1,69,01:00,81,04:00,12,1,,,0.0,false,14.8,242.94343927686245,false
1,69,01:00,82,04:15,13,1,,,0.0,false,14.8,243.41387665840494,false
1,69,01:00,83,04:30,14,1,,,0.0,false,14.8,243.88431403994744,false
1,69,01:00,84,04:45,15,1,,,0.0,false,14.8,244.35475142148994,false
1,69,01:00,85,05:00,16,1,,,0.0,false,14.8,244.82518880303246,false
1,69,01:00,86,05:15,17,1,,,0.0,false,14.8,245.29562618457496,false
1,69,01:00,87,05:30,18,1,,,0.0,false,14.8,245.76606356611745,false
1,69,01:00,88,05:45,19,1,,,0.0,false,14.8,246.23650094765995,false
1,69,01:00,89,06:00,20,1,,,0.0,false,14.8,246.7069383292025,false
1,69,01:00,90,06:15,21,1,,,0.0,false,14.8,247.177375710745,false
1,69,01:00,91,06:30,22,1,,,0.0,false,14.8,247.6478130922875,false
1,69,01:00,92,06:45,23,1,,,0.0,false,14.8,248.11825047383,false
1,69,01:00,93,07:00,24,1,,,0.0,false,14.8,248.58868785537248,false
1,69,01:00,94,07:15,25,1,,,0.0,false,14.8,249.059125236915,false
1,69,01:00,95,07:30,26,1,,,0.0,false,14.8,249.5295626184575,false
1,69,01:00,96,07:45,27,1,,,0.0,false,14.8,250.0,false
1,70,01:15,70,01:15,0,1,,,0.0,false,14.8,237.76862807989488,false
1,70,01:15,71,01:30,1,1,,,0.0,false,14.8,238.2390654614374,false
1,70,01:15,72,01:45,2,1,,,0.0,false,14.8,238.7095028429799,false
1,70,01:15,73,02:00,3,1,,,0.0,false,14.8,239.1799402245224,false
1,70,01:15,74,02:15,4,1,,,0.0,false,14.8,239.6503776060649,false
1,70,01:15,75,02:30,5,1,,,0.0,false,14.8,240.1208149876074,false
1,70,01:15,76,02:45,6,1,,,0.0,false,14.8,240.5912523691499,false
1,70,01:15,77,03:00,7,1,,,0.0,false,14.8,241.0616897506924,false
1,70,01:15,78,03:15,8,1,,,0.0,false,14.8,241.5321271322349,false
1,70,01:15,79,03:30,9,1,,,0.0,false,14.8,242.0025645137774,false
1,70,01:15,80,03:45,10,1,,,0.0,false,14.8,242.47300189531992,false
1,70,01:15,81,04:00,11,1,,,0.0,false,14.8,242.94343927686242,false
1,70,01:15,82,04:15,12,1,,,0.0,false,14.8,243.41387665840492,false
1,70,01:15,83,04:30,13,1,,,0.0,false,14.8,243.8843140399474,false
1,70,01:15,84,04:45,14,1,,,0.0,false,14.8,244.3547514214899,false
1,70,01:15,85,05:00,15,1,,,0.0,false,14.8,244.82518880303243,false
1,70,01:15,86,05:15,16,1,,,0.0,false,14.8,245.29562618457493,false
1,70,01:15,87,05:30,17,1,,,0.0,false,14.8,245.76606356611742,false
1,70,01:15,88,05:45,18,1,,,0.0,false,14.8,246.23650094765992,false
1,70,01:15,89,06:00,19,1,,,0.0,false,14.8,246.70693832920247,false
1,70,01:15,90,06:15,20,1,,,0.0,false,14.8,247.17737571074497,false
1,70,01:15,91,06:30,21,1,,,0.0,false,14.8,247.64781309228746,false
1,70,01:15,92,06:45,22,1,,,0.0,false,14.8,248.11825047382996,false
1,70,01:15,93,07:00,23,1,,,0.0,false,14.8,248.58868785537246,false
1,70,01:15,94,07:15,24,1,,,0.0,false,14.8,249.059125236915,false
1,70,01:15,95,07:30,25,1,,,0.0,false,14.8,249.5295626184575,false
1,70,01:15,96,07:45,26,1,,,0.0,false,14.8,250.0,false
1,71,01:30,71,01:30,0,1,,,0.0,false,14.8,238.23906546143738,false
1,71,01:30,72,01:45,1,1,,,0.0,false,14.8,238.70950284297987,false
1,71,01:30,73,02:00,2,1,,,0.0,false,14.8,239.1799402245224,false
1,71,01:30,74,02:15,3,1,,,0.0,false,14.8,239.6503776060649,false
1,71,01:30,75,02:30,4,1,,,0.0,false,14.8,240.1208149876074,false
1,71,01:30,76,02:45,5,1,,,0.0,false,14.8,240.59125236914988,false
1,71,01:30,77,03:00,6,1,,,0.0,false,14.8,241.06168975069238,false
1,71,01:30,78,03:15,7,1,,,0.0,false,14.8,241.5321271322349,false
1,71,01:30,79,03:30,8,1,,,0.0,false,14.8,242.0025645137774,false
1,71,01:30,80,03:45,9,1,,,0.0,false,14.8,242.47300189531992,false
1,71,01:30,81,04:00,10,1,,,0.0,false,14.8,242.94343927686242,false
1,71,01:30,82,04:15,11,1,,,0.0,false,14.8,243.41387665840492,false
1,71,01:30,83,04:30,12,1,,,0.0,false,14.8,243.8843140399474,false
1,71,01:30,84,04:45,13,1,,,0.0,false,14.8,244.3547514214899,false
1,71,01:30,85,05:00,14,1,,,0.0,false,14.8,244.82518880303243,false
1,71,01:30,86,05:15,15,1,,,0.0,false,14.8,245.29562618457493,false
1,71,01:30,87,05:30,16,1,,,0.0,false,14.8,245.76606356611742,false
1,71,01:30,88,05:45,17,1,,,0.0,false,14.8,246.23650094765992,false
1,71,01:30,89,06:00,18,1,,,0.0,false,14.8,246.70693832920247,false
1,71,01:30,90,06:15,19,1,,,0.0,false,14.8,247.17737571074497,false
1,71,01:30,91,06:30,20,1,,,0.0,false,14.8,247.64781309228746,false
1,71,01:30,92,06:45,21,1,,,0.0,false,14.8,248.11825047382996,false
1,71,01:30,93,07:00,22,1,,,0.0,false,14.8,248.58868785537246,false
1,71,01:30,94,07:15,23,1,,,0.0,false,14.8,249.059125236915,false
1,71,01:30,95,07:30,24,1,,,0.0,false,14.8,249.5295626184575,false
1,71,01:30,96,07:45,25,1,,,0.0,false,14.8,250.0,false
1,72,01:45,72,01:45,0,1,,,0.0,false,14.8,238.70950284297987,false
1,72,01:45,73,02:00,1,1,,,0.0,false,14.8,239.17994022452237,false
1,72,01:45,74,02:15,2,1,,,0.0,false,14.8,239.6503776060649,false
1,72,01:45,75,02:30,3,1,,,0.0,false,14.8,240.1208149876074,false
1,72,01:45,76,02:45,4,1,,,0.0,false,14.8,240.59125236914988,false
1,72,01:45,77,03:00,5,1,,,0.0,false,14.8,241.06168975069238,false
1,72,01:45,78,03:15,6,1,,,0.0,false,14.8,241.5321271322349,false
1,72,01:45,79,03:30,7,1,,,0.0,false,14.8,242.0025645137774,false
1,72,01:45,80,03:45,8,1,,,0.0,false,14.8,242.47300189531992,false
1,72,01:45,81,04:00,9,1,,,0.0,false,14.8,242.94343927686242,false
1,72,01:45,82,04:15,10,1,,,0.0,false,14.8,243.41387665840492,false
1,72,01:45,83,04:30,11,1,,,0.0,false,14.8,243.8843140399474,false
1,72,01:45,84,04:45,12,1,,,0.0,false,14.8,244.3547514214899,false
1,72,01:45,85,05:00,13,1,,,0.0,false,14.8,244.82518880303243,false
1,72,01:45,86,05:15,14,1,,,0.0,false,14.8,245.29562618457493,false
1,72,01:45,87,05:30,15,1,,,0.0,false,14.8,245.76606356611742,false
1,72,01:45,88,05:45,16,1,,,0.0,false,14.8,246.23650094765992,false
1,72,01:45,89,06:00,17,1,,,0.0,false,14.8,246.7069383292025,false
1,72,01:45,90,06:15,18,1,,,0.0,false,14.8,247.177375710745,false
1,72,01:45,91,06:30,19,1,,,0.0,false,14.8,247.6478130922875,false
1,72,01:45,92,06:45,20,1,,,0.0,false,14.8,248.11825047383,false
1,72,01:45,93,07:00,21,1,,,0.0,false,14.8,248.58868785537248,false
1,72,01:45,94,07:15,22,1,,,0.0,false,14.8,249.059125236915,false
1,72,01:45,95,07:30,23,1,,,0.0,false,14.8,249.5295626184575,false
1,72,01:45,96,07:45,24,1,,,0.0,false,14.8,250.0,false
1,73,02:00,73,02:00,0,1,,,0.0,false,14.8,239.17994022452237,false
1,73,02:00,74,02:15,1,1,,,0.0,false,14.8,239.6503776060649,false
1,73,02:00,75,02:30,2,1,,,0.0,false,14.8,240.1208149876074,false
1,73,02:00,76,02:45,3,1,,,0.0,false,14.8,240.59125236914988,false
1,73,02:00,77,03:00,4,1,,,0.0,false,14.8,241.06168975069238,false
1,73,02:00,78,03:15,5,1,,,0.0,false,14.8,241.53212713223488,false
1,73,02:00,79,03:30,6,1,,,0.0,false,14.8,242.00256451377737,false
1,73,02:00,80,03:45,7,1,,,0.0,false,14.8,242.4730018953199,false
1,73,02:00,81,04:00,8,1,,,0.0,false,14.8,242.9434392768624,false
1,73,02:00,82,04:15,9,1,,,0.0,false,14.8,243.4138766584049,false
1,73,02:00,83,04:30,10,1,,,0.0,false,14.8,243.88431403994738,false
1,73,02:00,84,04:45,11,1,,,0.0,false,14.8,244.35475142148988,false
1,73,02:00,85,05:00,12,1,,,0.0,false,14.8,244.8251888030324,false
1,73,02:00,86,05:15,13,1,,,0.0,false,14.8,245.2956261845749,false
1,73,02:00,87,05:30,14,1,,,0.0,false,14.8,245.7660635661174,false
1,73,02:00,88,05:45,15,1,,,0.0,false,14.8,246.2365009476599,false
1,73,02:00,89,06:00,16,1,,,0.0,false,14.8,246.70693832920247,false
1,73,02:00,90,06:15,17,1,,,0.0,false,14.8,247.17737571074497,false
1,73,02:00,91,06:30,18,1,,,0.0,false,14.8,247.64781309228746,false
1,73,02:00,92,06:45,19,1,,,0.0,false,14.8,248.11825047382996,false
1,73,02:00,93,07:00,20,1,,,0.0,false,14.8,248.58868785537246,false
1,73,02:00,94,07:15,21,1,,,0.0,false,14.8,249.059125236915,false
1,73,02:00,95,07:30,22,1,,,0.0,false,14.8,249.5295626184575,false
1,73,02:00,96,07:45,23,1,,,0.0,false,14.8,250.0,false
1,74,02:15,74,02:15,0,1,,,0.0,false,14.8,239.65037760606486,false
1,74,02:15,75,02:30,1,1,,,0.0,false,14.8,240.12081498760736,false
1,74,02:15,76,02:45,2,1,,,0.0,false,14.8,240.59125236914988,false
1,74,02:15,77,03:00,3,1,,,0.0,false,14.8,241.06168975069238,false
1,74,02:15,78,03:15,4,1,,,0.0,false,14.8,241.5321271322349,false
1,74,02:15,79,03:30,5,1,,,0.0,false,14.8,242.0025645137774,false
1,74,02:15,80,03:45,6,1,,,0.0,false,14.8,242.4730018953199,false
1,74,02:15,81,04:00,7,1,,,0.0,false,14.8,242.9434392768624,false
1,74,02:15,82,04:15,8,1,,,0.0,false,14.8,243.41387665840492,false
1,74,02:15,83,04:30,9,1,,,0.0,false,14.8,243.8843140399474,false
1,74,02:15,84,04:45,10,1,,,0.0,false,14.8,244.3547514214899,false
1,74,02:15,85,05:00,11,1,,,0.0,false,14.8,244.8251888030324,false
1,74,02:15,86,05:15,12,1,,,0.0,false,14.8,245.2956261845749,false
1,74,02:15,87,05:30,13,1,,,0.0,false,14.8,245.76606356611742,false
1,74,02:15,88,05:45,14,1,,,0.0,false,14.8,246.23650094765992,false
1,74,02:15,89,06:00,15,1,,,0.0,false,14.8,246.7069383292025,false
1,74,02:15,90,06:15,16,1,,,0.0,false,14.8,247.177375710745,false
1,74,02:15,91,06:30,17,1,,,0.0,false,14.8,247.6478130922875,false
1,74,02:15,92,06:45,18,1,,,0.0,false,14.8,248.11825047383,false
1,74,02:15,93,07:00,19,1,,,0.0,false,14.8,248.58868785537248,false
1,74,02:15,94,07:15,20,1,,,0.0,false,14.8,249.059125236915,false
1,74,02:15,95,07:30,21,1,,,0.0,false,14.8,249.5295626184575,false
1,74,02:15,96,07:45,22,1,,,0.0,false,14.8,250.0,false
1,75,02:30,75,02:30,0,1,,,0.0,false,14.8,240.12081498760736,false
1,75,02:30,76,02:45,1,1,,,0.0,false,14.8,240.59125236914988,false
1,75,02:30,77,03:00,2,1,,,0.0,false,14.8,241.06168975069238,false
1,75,02:30,78,03:15,3,1,,,0.0,false,14.8,241.5321271322349,false
1,75,02:30,79,03:30,4,1,,,0.0,false,14.8,242.0025645137774,false
1,75,02:30,80,03:45,5,1,,,0.0,false,14.8,242.47300189531992,false
1,75,02:30,81,04:00,6,1,,,0.0,false,14.8,242.94343927686242,false
1,75,02:30,82,04:15,7,1,,,0.0,false,14.8,243.41387665840492,false
1,75,02:30,83,04:30,8,1,,,0.0,false,14.8,243.8843140399474,false
1,75,02:30,84,04:45,9,1,,,0.0,false,14.8,244.3547514214899,false
1,75,02:30,85,05:00,10,1,,,0.0,false,14.8,244.82518880303243,false
1,75,02:30,86,05:15,11,1,,,0.0,false,14.8,245.29562618457493,false
1,75,02:30,87,05:30,12,1,,,0.0,false,14.8,245.76606356611742,false
1,75,02:30,88,05:45,13,1,,,0.0,false,14.8,246.23650094765992,false
1,75,02:30,89,06:00,14,1,,,0.0,false,14.8,246.7069383292025,false
1,75,02:30,90,06:15,15,1,,,0.0,false,14.8,247.177375710745,false
1,75,02:30,91,06:30,16,1,,,0.0,false,14.8,247.6478130922875,false
1,75,02:30,92,06:45,17,1,,,0.0,false,14.8,248.11825047383,false
1,75,02:30,93,07:00,18,1,,,0.0,false,14.8,248.58868785537248,false
1,75,02:30,94,07:15,19,1,,,0.0,false,14.8,249.059125236915,false
1,75,02:30,95,07:30,20,1,,,0.0,false,14.8,249.5295626184575,false
1,75,02:30,96,07:45,21,1,,,0.0,false,14.8,250.0,false
1,76,02:45,76,02:45,0,1,,,0.0,false,14.8,240.59125236914986,false
1,76,02:45,77,03:00,1,1,,,0.0,false,14.8,241.06168975069235,false
1,76,02:45,78,03:15,2,1,,,0.0,false,14.8,241.53212713223488,false
1,76,02:45,79,03:30,3,1,,,0.0,false,14.8,242.00256451377737,false
1,76,02:45,80,03:45,4,1,,,0.0,false,14.8,242.47300189531987,false
1,76,02:45,81,04:00,5,1,,,0.0,false,14.8,242.94343927686236,false
1,76,02:45,82,04:15,6,1,,,0.0,false,14.8,243.4138766584049,false
1,76,02:45,83,04:30,7,1,,,0.0,false,14.8,243.88431403994738,false
1,76,02:45,84,04:45,8,1,,,0.0,false,14.8,244.35475142148988,false
1,76,02:45,85,05:00,9,1,,,0.0,false,14.8,244.82518880303238,false
1,76,02:45,86,05:15,10,1,,,0.0,false,14.8,245.29562618457487,false
1,76,02:45,87,05:30,11,1,,,0.0,false,14.8,245.76606356611742,false
1,76,02:45,88,05:45,12,1,,,0.0,false,14.8,246.23650094765992,false
1,76,02:45,89,06:00,13,1,,,0.0,false,14.8,246.7069383292025,false
1,76,02:45,90,06:15,14,1,,,0.0,false,14.8,247.177375710745,false
1,76,02:45,91,06:30,15,1,,,0.0,false,14.8,247.6478130922875,false
1,76,02:45,92,06:45,16,1,,,0.0,false,14.8,248.11825047383,false
1,76,02:45,93,07:00,17,1,,,0.0,false,14.8,248.58868785537248,false
1,76,02:45,94,07:15,18,1,,,0.0,false,14.8,249.059125236915,false
1,76,02:45,95,07:30,19,1,,,0.0,false,14.8,249.5295626184575,false
1,76,02:45,96,07:45,20,1,,,0.0,false,14.8,250.0,false
1,77,03:00,77,03:00,0,1,,,0.0,false,14.8,241.06168975069235,false
1,77,03:00,78,03:15,1,1,,,0.0,false,14.8,241.53212713223488,false
1,77,03:00,79,03:30,2,1,,,0.0,false,14.8,242.00256451377737,false
1,77,03:00,80,03:45,3,1,,,0.0,false,14.8,242.47300189531987,false
1,77,03:00,81,04:00,4,1,,,0.0,false,14.8,242.94343927686236,false
1,77,03:00,82,04:15,5,1,,,0.0,false,14.8,243.41387665840486,false
1,77,03:00,83,04:30,6,1,,,0.0,false,14.8,243.88431403994736,false
1,77,03:00,84,04:45,7,1,,,0.0,false,14.8,244.35475142148985,false
1,77,03:00,85,05:00,8,1,,,0.0,false,14.8,244.8251888030324,false
1,77,03:00,86,05:15,9,1,,,0.0,false,14.8,245.2956261845749,false
1,77,03:00,87,05:30,10,1,,,0.0,false,14.8,245.7660635661174,false
1,77,03:00,88,05:45,11,1,,,0.0,false,14.8,246.2365009476599,false
1,77,03:00,89,06:00,12,1,,,0.0,false,14.8,246.7069383292025,false
1,77,03:00,90,06:15,13,1,,,0.0,false,14.8,247.177375710745,false
1,77,03:00,91,06:30,14,1,,,0.0,false,14.8,247.6478130922875,false
1,77,03:00,92,06:45,15,1,,,0.0,false,14.8,248.11825047383,false
1,77,03:00,93,07:00,16,1,,,0.0,false,14.8,248.58868785537248,false
1,77,03:00,94,07:15,17,1,,,0.0,false,14.8,249.059125236915,false
1,77,03:00,95,07:30,18,1,,,0.0,false,14.8,249.5295626184575,false
1,77,03:00,96,07:45,19,1,,,0.0,false,14.8,250.0,false
1,78,03:15,78,03:15,0,1,,,0.0,false,14.8,241.53212713223485,false
1,78,03:15,79,03:30,1,1,,,0.0,false,14.8,242.00256451377734,false
1,78,03:15,80,03:45,2,1,,,0.0,false,14.8,242.47300189531987,false
1,78,03:15,81,04:00,3,1,,,0.0,false,14.8,242.94343927686236,false
1,78,03:15,82,04:15,4,1,,,0.0,false,14.8,243.4138766584049,false
1,78,03:15,83,04:30,5,1,,,0.0,false,14.8,243.88431403994738,false
1,78,03:15,84,04:45,6,1,,,0.0,false,14.8,244.35475142148988,false
1,78,03:15,85,05:00,7,1,,,0.0,false,14.8,244.82518880303238,false
1,78,03:15,86,05:15,8,1,,,0.0,false,14.8,245.29562618457487,false
1,78,03:15,87,05:30,9,1,,,0.0,false,14.8,245.7660635661174,false
1,78,03:15,88,05:45,10,1,,,0.0,false,14.8,246.2365009476599,false
1,78,03:15,89,06:00,11,1,,,0.0,false,14.8,246.7069383292025,false
1,78,03:15,90,06:15,12,1,,,0.0,false,14.8,247.177375710745,false
1,78,03:15,91,06:30,13,1,,,0.0,false,14.8,247.6478130922875,false
1,78,03:15,92,06:45,14,1,,,0.0,false,14.8,248.11825047383,false
1,78,03:15,93,07:00,15,1,,,0.0,false,14.8,248.58868785537248,false
1,78,03:15,94,07:15,16,1,,,0.0,false,14.8,249.059125236915,false
1,78,03:15,95,07:30,17,1,,,0.0,false,14.8,249.5295626184575,false
1,78,03:15,96,07:45,18,1,,,0.0,false,14.8,250.0,false
1,79,03:30,79,03:30,0,1,,,0.0,false,14.8,242.00256451377734,false
1,79,03:30,80,03:45,1,1,,,0.0,false,14.8,242.47300189531987,false
1,79,03:30,81,04:00,2,1,,,0.0,false,14.8,242.94343927686236,false
1,79,03:30,82,04:15,3,1,,,0.0,false,14.8,243.41387665840486,false
1,79,03:30,83,04:30,4,1,,,0.0,false,14.8,243.88431403994736,false
1,79,03:30,84,04:45,5,1,,,0.0,false,14.8,244.35475142148985,false
1,79,03:30,85,05:00,6,1,,,0.0,false,14.8,244.8251888030324,false
1,79,03:30,86,05:15,7,1,,,0.0,false,14.8,245.2956261845749,false
1,79,03:30,87,05:30,8,1,,,0.0,false,14.8,245.7660635661174,false
1,79,03:30,88,05:45,9,1,,,0.0,false,14.8,246.2365009476599,false
1,79,03:30,89,06:00,10,1,,,0.0,false,14.8,246.7069383292025,false
1,79,03:30,90,06:15,11,1,,,0.0,false,14.8,247.177375710745,false
1,79,03:30,91,06:30,12,1,,,0.0,false,14.8,247.6478130922875,false
1,79,03:30,92,06:45,13,1,,,0.0,false,14.8,248.11825047383,false
1,79,03:30,93,07:00,14,1,,,0.0,false,14.8,248.58868785537248,false
1,79,03:30,94,07:15,15,1,,,0.0,false,14.8,249.059125236915,false
1,79,03:30,95,07:30,16,1,,,0.0,false,14.8,249.5295626184575,false
1,79,03:30,96,07:45,17,1,,,0.0,false,14.8,250.0,false
1,80,03:45,80,03:45,0,1,,,0.0,false,14.8,242.47300189531984,false
1,80,03:45,81,04:00,1,1,,,0.0,false,14.8,242.94343927686234,false
1,80,03:45,82,04:15,2,1,,,0.0,false,14.8,243.41387665840486,false
1,80,03:45,83,04:30,3,1,,,0.0,false,14.8,243.88431403994736,false
1,80,03:45,84,04:45,4,1,,,0.0,false,14.8,244.35475142148985,false
1,80,03:45,85,05:00,5,1,,,0.0,false,14.8,244.82518880303235,false
1,80,03:45,86,05:15,6,1,,,0.0,false,14.8,245.29562618457484,false
1,80,03:45,87,05:30,7,1,,,0.0,false,14.8,245.76606356611737,false
1,80,03:45,88,05:45,8,1,,,0.0,false,14.8,246.23650094765986,false
1,80,03:45,89,06:00,9,1,,,0.0,false,14.8,246.7069383292025,false
1,80,03:45,90,06:15,10,1,,,0.0,false,14.8,247.177375710745,false
1,80,03:45,91,06:30,11,1,,,0.0,false,14.8,247.6478130922875,false
1,80,03:45,92,06:45,12,1,,,0.0,false,14.8,248.11825047383,false
1,80,03:45,93,07:00,13,1,,,0.0,false,14.8,248.58868785537248,false
1,80,03:45,94,07:15,14,1,,,0.0,false,14.8,249.059125236915,false
1,80,03:45,95,07:30,15,1,,,0.0,false,14.8,249.5295626184575,false
1,80,03:45,96,07:45,16,1,,,0.0,false,14.8,250.0,false
1,81,04:00,81,04:00,0,1,,,0.0,false,14.8,242.94343927686234,false
1,81,04:00,82,04:15,1,1,,,0.0,false,14.8,243.41387665840483,false
1,81,04:00,83,04:30,2,1,,,0.0,false,14.8,243.88431403994736,false
1,81,04:00,84,04:45,3,1,,,0.0,false,14.8,244.35475142148985,false
1,81,04:00,85,05:00,4,1,,,0.0,false,14.8,244.82518880303235,false
1,81,04:00,86,05:15,5,1,,,0.0,false,14.8,245.29562618457484,false
1,81,04:00,87,05:30,6,1,,,0.0,false,14.8,245.76606356611737,false
1,81,04:00,88,05:45,7,1,,,0.0,false,14.8,246.23650094765986,false
1,81,04:00,89,06:00,8,1,,,0.0,false,14.8,246.7069383292025,false
1,81,04:00,90,06:15,9,1,,,0.0,false,14.8,247.177375710745,false
1,81,04:00,91,06:30,10,1,,,0.0,false,14.8,247.6478130922875,false
1,81,04:00,92,06:45,11,1,,,0.0,false,14.8,248.11825047383,false
1,81,04:00,93,07:00,12,1,,,0.0,false,14.8,248.58868785537248,false
1,81,04:00,94,07:15,13,1,,,0.0,false,14.8,249.059125236915,false
1,81,04:00,95,07:30,14,1,,,0.0,false,14.8,249.5295626184575,false
1,81,04:00,96,07:45,15,1,,,0.0,false,14.8,250.0,false
1,82,04:15,82,04:15,0,1,,,0.0,false,14.8,243.41387665840483,false
1,82,04:15,83,04:30,1,1,,,0.0,false,14.8,243.88431403994736,false
1,82,04:15,84,04:45,2,1,,,0.0,false,14.8,244.35475142148985,false
1,82,04:15,85,05:00,3,1,,,0.0,false,14.8,244.82518880303238,false
1,82,04:15,86,05:15,4,1,,,0.0,false,14.8,245.29562618457487,false
1,82,04:15,87,05:30,5,1,,,0.0,false,14.8,245.76606356611737,false
1,82,04:15,88,05:45,6,1,,,0.0,false,14.8,246.23650094765986,false
1,82,04:15,89,06:00,7,1,,,0.0,false,14.8,246.7069383292025,false
1,82,04:15,90,06:15,8,1,,,0.0,false,14.8,247.177375710745,false
1,82,04:15,91,06:30,9,1,,,0.0,false,14.8,247.6478130922875,false
1,82,04:15,92,06:45,10,1,,,0.0,false,14.8,248.11825047383,false
1,82,04:15,93,07:00,11,1,,,0.0,false,14.8,248.58868785537248,false
1,82,04:15,94,07:15,12,1,,,0.0,false,14.8,249.059125236915,false
1,82,04:15,95,07:30,13,1,,,0.0,false,14.8,249.5295626184575,false
1,82,04:15,96,07:45,14,1,,,0.0,false,14.8,250.0,false
1,83,04:30,83,04:30,0,1,,,0.0,false,14.8,243.88431403994733,false
1,83,04:30,84,04:45,1,1,,,0.0,false,14.8,244.35475142148982,false
1,83,04:30,85,05:00,2,1,,,0.0,false,14.8,244.82518880303235,false
1,83,04:30,86,05:15,3,1,,,0.0,false,14.8,245.29562618457484,false
1,83,04:30,87,05:30,4,1,,,0.0,false,14.8,245.76606356611734,false
1,83,04:30,88,05:45,5,1,,,0.0,false,14.8,246.23650094765983,false
1,83,04:30,89,06:00,6,1,,,0.0,false,14.8,246.70693832920247,false
1,83,04:30,90,06:15,7,1,,,0.0,false,14.8,247.17737571074497,false
1,83,04:30,91,06:30,8,1,,,0.0,false,14.8,247.6478130922875,false
1,83,04:30,92,06:45,9,1,,,0.0,false,14.8,248.11825047383,false
1,83,04:30,93,07:00,10,1,,,0.0,false,14.8,248.58868785537248,false
1,83,04:30,94,07:15,11,1,,,0.0,false,14.8,249.059125236915,false
1,83,04:30,95,07:30,12,1,,,0.0,false,14.8,249.5295626184575,false
1,83,04:30,96,07:45,13,1,,,0.0,false,14.8,250.0,false
1,84,04:45,84,04:45,0,1,,,0.0,false,14.8,244.35475142148982,false
1,84,04:45,85,05:00,1,1,,,0.0,false,14.8,244.82518880303235,false
1,84,04:45,86,05:15,2,1,,,0.0,false,14.8,245.29562618457484,false
1,84,04:45,87,05:30,3,1,,,0.0,false,14.8,245.76606356611737,false
1,84,04:45,88,05:45,4,1,,,0.0,false,14.8,246.23650094765986,false
1,84,04:45,89,06:00,5,1,,,0.0,false,14.8,246.7069383292025,false
1,84,04:45,90,06:15,6,1,,,0.0,false,14.8,247.177375710745,false
1,84,04:45,91,06:30,7,1,,,0.0,false,14.8,247.6478130922875,false
1,84,04:45,92,06:45,8,1,,,0.0,false,14.8,248.11825047383,false
1,84,04:45,93,07:00,9,1,,,0.0,false,14.8,248.58868785537248,false
1,84,04:45,94,07:15,10,1,,,0.0,false,14.8,249.059125236915,false
1,84,04:45,95,07:30,11,1,,,0.0,false,14.8,249.5295626184575,false
1,84,04:45,96,07:45,12,1,,,0.0,false,14.8,250.0,false
1,85,05:00,85,05:00,0,1,,,0.0,false,14.8,244.82518880303232,false
1,85,05:00,86,05:15,1,1,,,0.0,false,14.8,245.29562618457481,false
1,85,05:00,87,05:30,2,1,,,0.0,false,14.8,245.76606356611734,false
1,85,05:00,88,05:45,3,1,,,0.0,false,14.8,246.23650094765983,false
1,85,05:00,89,06:00,4,1,,,0.0,false,14.8,246.70693832920247,false
1,85,05:00,90,06:15,5,1,,,0.0,false,14.8,247.17737571074497,false
1,85,05:00,91,06:30,6,1,,,0.0,false,14.8,247.6478130922875,false
1,85,05:00,92,06:45,7,1,,,0.0,false,14.8,248.11825047383,false
1,85,05:00,93,07:00,8,1,,,0.0,false,14.8,248.58868785537248,false
1,85,05:00,94,07:15,9,1,,,0.0,false,14.8,249.059125236915,false
1,85,05:00,95,07:30,10,1,,,0.0,false,14.8,249.5295626184575,false
1,85,05:00,96,07:45,11,1,,,0.0,false,14.8,250.0,false
1,86,05:15,86,05:15,0,1,,,0.0,false,14.8,245.29562618457481,false
1,86,05:15,87,05:30,1,1,,,0.0,false,14.8,245.76606356611734,false
1,86,05:15,88,05:45,2,1,,,0.0,false,14.8,246.23650094765983,false
1,86,05:15,89,06:00,3,1,,,0.0,false,14.8,246.7069383292025,false
1,86,05:15,90,06:15,4,1,,,0.0,false,14.8,247.177375710745,false
1,86,05:15,91,06:30,5,1,,,0.0,false,14.8,247.6478130922875,false
1,86,05:15,92,06:45,6,1,,,0.0,false,14.8,248.11825047383,false
1,86,05:15,93,07:00,7,1,,,0.0,false,14.8,248.58868785537248,false
1,86,05:15,94,07:15,8,1,,,0.0,false,14.8,249.059125236915,false
1,86,05:15,95,07:30,9,1,,,0.0,false,14.8,249.5295626184575,false
1,86,05:15,96,07:45,10,1,,,0.0,false,14.8,250.0,false
1,87,05:30,87,05:30,0,1,,,0.0,false,14.8,245.7660635661173,false
1,87,05:30,88,05:45,1,1,,,0.0,false,14.8,246.2365009476598,false
1,87,05:30,89,06:00,2,1,,,0.0,false,14.8,246.70693832920247,false
1,87,05:30,90,06:15,3,1,,,0.0,false,14.8,247.17737571074497,false
1,87,05:30,91,06:30,4,1,,,0.0,false,14.8,247.6478130922875,false
1,87,05:30,92,06:45,5,1,,,0.0,false,14.8,248.11825047383,false
1,87,05:30,93,07:00,6,1,,,0.0,false,14.8,248.58868785537248,false
1,87,05:30,94,07:15,7,1,,,0.0,false,14.8,249.059125236915,false
1,87,05:30,95,07:30,8,1,,,0.0,false,14.8,249.5295626184575,false
1,87,05:30,96,07:45,9,1,,,0.0,false,14.8,250.0,false
1,88,05:45,88,05:45,0,1,,,0.0,false,14.8,246.2365009476598,false
1,88,05:45,89,06:00,1,1,,,0.0,false,14.8,246.7069383292025,false
1,88,05:45,90,06:15,2,1,,,0.0,false,14.8,247.177375710745,false
1,88,05:45,91,06:30,3,1,,,0.0,false,14.8,247.6478130922875,false
1,88,05:45,92,06:45,4,1,,,0.0,false,14.8,248.11825047383,false
1,88,05:45,93,07:00,5,1,,,0.0,false,14.8,248.58868785537248,false
1,88,05:45,94,07:15,6,1,,,0.0,false,14.8,249.059125236915,false
1,88,05:45,95,07:30,7,1,,,0.0,false,14.8,249.5295626184575,false
1,88,05:45,96,07:45,8,1,,,0.0,false,14.8,250.0,false
1,89,06:00,89,06:00,0,1,,,0.0,false,14.8,246.70693832920247,false
1,89,06:00,90,06:15,1,1,,,0.0,false,14.8,247.177375710745,false
1,89,06:00,91,06:30,2,1,,,0.0,false,14.8,247.6478130922875,false
1,89,06:00,92,06:45,3,1,,,0.0,false,14.8,248.11825047383,false
1,89,06:00,93,07:00,4,1,,,0.0,false,14.8,248.58868785537248,false
1,89,06:00,94,07:15,5,1,,,0.0,false,14.8,249.059125236915,false
1,89,06:00,95,07:30,6,1,,,0.0,false,14.8,249.5295626184575,false
1,89,06:00,96,07:45,7,1,,,0.0,false,14.8,250.0,false
1,90,06:15,90,06:15,0,1,,,0.0,false,14.8,247.17737571074395,false
1,90,06:15,91,06:30,1,1,,,0.0,false,14.8,247.64781309228664,false
1,90,06:15,92,06:45,2,1,,,0.0,false,14.8,248.1182504738293,false
1,90,06:15,93,07:00,3,1,,,0.0,false,14.8,248.58868785537197,false
1,90,06:15,94,07:15,4,1,,,0.0,false,14.8,249.05912523691464,false
1,90,06:15,95,07:30,5,1,,,0.0,false,14.8,249.52956261845733,false
1,90,06:15,96,07:45,6,1,,,0.0,false,14.8,250.0,false
1,91,06:30,91,06:30,0,1,,,0.0,false,14.8,247.64781309228664,false
1,91,06:30,92,06:45,1,1,,,0.0,false,14.8,248.1182504738293,false
1,91,06:30,93,07:00,2,1,,,0.0,false,14.8,248.58868785537197,false
1,91,06:30,94,07:15,3,1,,,0.0,false,14.8,249.05912523691464,false
1,91,06:30,95,07:30,4,1,,,0.0,false,14.8,249.52956261845733,false
1,91,06:30,96,07:45,5,1,,,0.0,false,14.8,250.0,false
1,92,06:45,92,06:45,0,1,,,0.0,false,14.8,248.11825047382925,false
1,92,06:45,93,07:00,1,1,,,0.0,false,14.8,248.58868785537194,false
1,92,06:45,94,07:15,2,1,,,0.0,false,14.8,249.05912523691464,false
1,92,06:45,95,07:30,3,1,,,0.0,false,14.8,249.5295626184573,false
1,92,06:45,96,07:45,4,1,,,0.0,false,14.8,250.0,false
1,93,07:00,93,07:00,0,1,,,0.0,false,14.8,248.58868785537194,false
1,93,07:00,94,07:15,1,1,,,0.0,false,14.8,249.05912523691464,false
1,93,07:00,95,07:30,2,1,,,0.0,false,14.8,249.5295626184573,false
1,93,07:00,96,07:45,3,1,,,0.0,false,14.8,250.0,false
1,94,07:15,94,07:15,0,1,,,0.0,false,14.8,249.0591252369146,false
1,94,07:15,95,07:30,1,1,,,0.0,false,14.8,249.5295626184573,false
1,94,07:15,96,07:45,2,1,,,0.0,false,14.8,250.0,false
1,95,07:30,95,07:30,0,1,,,0.0,false,14.8,249.5295626184573,false
1,95,07:30,96,07:45,1,1,,,0.0,false,14.8,250.0,false
1,96,07:45,96,07:45,0,1,,,0.0,false,14.8,250.0,false
