day,resolve_step,resolve_clock,offset_step,offset_clock,steps_ahead,cev,scenario_id,activity_planned,planned_power_kW,planned_charging,soe_cev_planned_kWh,soe_mcs_planned_kWh,changed_from_prior_resolve
1,1,08:00,1,08:00,0,1,,Digging,4.7925,false,13.601875,250.0,
1,1,08:00,2,08:15,1,1,,Digging,4.7925,false,12.403749999999977,250.0,
1,1,08:00,3,08:30,2,1,,Charging,-2.6645352591003757e-15,true,14.303749999999978,247.89473684210526,
1,1,08:00,4,08:45,3,1,,Digging,4.7925,false,13.105624999999979,247.8947368421053,
1,1,08:00,5,09:00,4,1,,Digging,4.7925,false,11.907499999999978,247.8947368421053,
1,1,08:00,6,09:15,5,1,,Charging,0.0,true,13.807499999999978,245.78947368421055,
1,1,08:00,7,09:30,6,1,,Charging,0.0,true,14.8,244.68975069252076,
1,1,08:00,8,09:45,7,1,,Traveling,4.7101,false,13.622475000000001,244.68975069252076,
1,1,08:00,9,10:00,8,1,,Loading/Swinging,3.1586,false,12.832825000000001,244.68975069252076,
1,1,08:00,10,10:15,9,1,,Digging,4.792499999999997,false,11.634700000000002,244.68975069252076,
1,1,08:00,11,10:30,10,1,,Digging,4.7925000000000075,false,10.436575000000001,244.68975069252076,
1,1,08:00,12,10:45,11,1,,Charging,5.329070518200751e-15,true,12.336575,242.58448753462602,
1,1,08:00,13,11:00,12,1,,Digging,4.7925,false,11.138449999999999,242.58448753462602,
1,1,08:00,14,11:15,13,1,,Traveling,4.7101000000000015,false,9.960924999999998,242.58448753462602,
1,1,08:00,15,11:30,14,1,,Digging,4.7925,false,8.762799999999999,242.58448753462602,
1,1,08:00,16,11:45,15,1,,Digging,4.7925,false,7.5646749999999985,242.58448753462602,
1,1,08:00,17,12:00,16,1,,Charging,0.0,true,9.464674999999998,240.47922437673128,
1,1,08:00,18,12:15,17,1,,Charging,0.0,true,11.364674999999998,238.37396121883654,
1,1,08:00,19,12:30,18,1,,,0.0,false,11.364674999999998,238.37396121883654,
1,1,08:00,20,12:45,19,1,,,0.0,false,11.364674999999998,238.83710939398355,
1,1,08:00,21,13:00,20,1,,,0.0,false,11.364674999999998,239.30025756913057,
1,1,08:00,22,13:15,21,1,,,0.0,false,11.364674999999998,239.76340574427758,
1,1,08:00,23,13:30,22,1,,,0.0,false,11.364674999999998,240.2265539194246,
1,1,08:00,24,13:45,23,1,,,0.0,false,11.364674999999998,240.6897020945716,
1,1,08:00,25,14:00,24,1,,Digging,4.7925,false,10.166549999999997,241.1528502697186,
1,1,08:00,26,14:15,25,1,,Digging,4.7925,false,8.968424999999996,241.61599844486562,
1,1,08:00,27,14:30,26,1,,Traveling,4.710099999999922,false,7.790900000000016,242.07914662001264,
1,1,08:00,28,14:45,27,1,,Digging,4.792500000000054,false,6.592775000000002,242.54229479515965,
1,1,08:00,29,15:00,28,1,,Idle,0.0,false,6.592775000000002,243.00544297030666,
1,1,08:00,30,15:15,29,1,,Loading/Swinging,3.1586,false,5.803125000000002,243.46859114545367,
1,1,08:00,31,15:30,30,1,,Loading/Swinging,3.1586,false,5.013475000000002,243.93173932060068,
1,1,08:00,32,15:45,31,1,,Loading/Swinging,3.158599999999968,false,4.223825000000007,244.3948874957477,
1,1,08:00,33,16:00,32,1,,Traveling,4.71010000000001,false,3.0463000000000044,244.3948874957477,
1,1,08:00,34,16:15,33,1,,Charging,0.0,true,4.946299999999997,242.28962433785296,
1,1,08:00,35,16:30,34,1,,Loading/Swinging,3.1585999999999887,false,4.156649999999996,242.28962433785296,
1,1,08:00,36,16:45,35,1,,Loading/Swinging,3.1586,false,3.3669999999999964,242.28962433785296,
1,1,08:00,37,17:00,36,1,,,0.0,false,3.3669999999999964,242.28962433785296,
1,1,08:00,38,17:15,37,1,,,0.0,false,3.3669999999999964,242.28962433785296,
1,1,08:00,39,17:30,38,1,,,0.0,false,3.366999999999991,242.28962433785296,
1,1,08:00,40,17:45,39,1,,,0.0,false,3.366999999999991,242.28962433785296,
1,1,08:00,41,18:00,40,1,,,0.0,false,3.366999999999991,242.28962433785296,
1,1,08:00,42,18:15,41,1,,,0.0,false,3.366999999999991,242.28962433785296,
1,1,08:00,43,18:30,42,1,,,0.0,false,3.3669999999999907,242.28962433785296,
1,1,08:00,44,18:45,43,1,,Charging,0.0,true,5.266999999999991,240.18436117995822,
1,1,08:00,45,19:00,44,1,,Charging,0.0,true,7.166999999999991,238.07909802206348,
1,1,08:00,46,19:15,45,1,,,0.0,false,7.166999999999991,238.07909802206348,
1,1,08:00,47,19:30,46,1,,Charging,0.0,true,9.066999999999991,235.97383486416874,
1,1,08:00,48,19:45,47,1,,Charging,0.0,true,10.966999999999992,233.868571706274,
1,1,08:00,49,20:00,48,1,,Charging,0.0,true,11.00000000000001,233.83200660932107,
1,1,08:00,50,20:15,49,1,,Charging,0.0,true,12.900000000000011,231.72674345142633,
1,1,08:00,51,20:30,50,1,,Charging,0.0,true,14.8,229.6214802935316,
1,1,08:00,52,20:45,51,1,,,0.0,false,14.8,229.6214802935316,
1,1,08:00,53,21:00,52,1,,,0.0,false,14.8,230.0846284686786,
1,1,08:00,54,21:15,53,1,,,0.0,false,14.8,230.5477766438256,
1,1,08:00,55,21:30,54,1,,,0.0,false,14.8,231.01092481897263,
1,1,08:00,56,21:45,55,1,,,0.0,false,14.8,231.47407299411964,
1,1,08:00,57,22:00,56,1,,,0.0,false,14.8,231.93722116926665,
1,1,08:00,58,22:15,57,1,,,0.0,false,14.8,232.40036934441366,
1,1,08:00,59,22:30,58,1,,,0.0,false,14.8,232.86351751956067,
1,1,08:00,60,22:45,59,1,,,0.0,false,14.8,233.32666569470769,
1,1,08:00,61,23:00,60,1,,,0.0,false,14.8,233.7898138698547,
1,1,08:00,62,23:15,61,1,,,0.0,false,14.8,234.2529620450017,
1,1,08:00,63,23:30,62,1,,,0.0,false,14.8,234.71611022014872,
1,1,08:00,64,23:45,63,1,,,0.0,false,14.8,235.17925839529573,
1,1,08:00,65,00:00,64,1,,,0.0,false,14.8,235.64240657044274,
1,1,08:00,66,00:15,65,1,,,0.0,false,14.8,236.10555474558976,
1,1,08:00,67,00:30,66,1,,,0.0,false,14.8,236.56870292073677,
1,1,08:00,68,00:45,67,1,,,0.0,false,14.8,237.03185109588378,
1,1,08:00,69,01:00,68,1,,,0.0,false,14.8,237.4949992710308,
1,1,08:00,70,01:15,69,1,,,0.0,false,14.8,237.9581474461778,
1,1,08:00,71,01:30,70,1,,,0.0,false,14.8,238.42129562132482,
1,1,08:00,72,01:45,71,1,,,0.0,false,14.8,238.88444379647183,
1,1,08:00,73,02:00,72,1,,,0.0,false,14.8,239.34759197161884,
1,1,08:00,74,02:15,73,1,,,0.0,false,14.8,239.81074014676585,
1,1,08:00,75,02:30,74,1,,,0.0,false,14.8,240.27388832191286,
1,1,08:00,76,02:45,75,1,,,0.0,false,14.8,240.73703649705988,
1,1,08:00,77,03:00,76,1,,,0.0,false,14.8,241.2001846722069,
1,1,08:00,78,03:15,77,1,,,0.0,false,14.8,241.6633328473539,
1,1,08:00,79,03:30,78,1,,,0.0,false,14.8,242.1264810225009,
1,1,08:00,80,03:45,79,1,,,0.0,false,14.8,242.58962919764792,
1,1,08:00,81,04:00,80,1,,,0.0,false,14.8,243.05277737279494,
1,1,08:00,82,04:15,81,1,,,0.0,false,14.8,243.51592554794195,
1,1,08:00,83,04:30,82,1,,,0.0,false,14.8,243.97907372308896,
1,1,08:00,84,04:45,83,1,,,0.0,false,14.8,244.44222189823597,
1,1,08:00,85,05:00,84,1,,,0.0,false,14.8,244.90537007338298,
1,1,08:00,86,05:15,85,1,,,0.0,false,14.8,245.36851824853,
1,1,08:00,87,05:30,86,1,,,0.0,false,14.8,245.831666423677,
1,1,08:00,88,05:45,87,1,,,0.0,false,14.8,246.29481459882402,
1,1,08:00,89,06:00,88,1,,,0.0,false,14.8,246.75796277397103,
1,1,08:00,90,06:15,89,1,,,0.0,false,14.8,247.22111094911804,
1,1,08:00,91,06:30,90,1,,,0.0,false,14.8,247.68425912426505,
1,1,08:00,92,06:45,91,1,,,0.0,false,14.8,248.14740729941207,
1,1,08:00,93,07:00,92,1,,,0.0,false,14.8,248.61055547455908,
1,1,08:00,94,07:15,93,1,,,0.0,false,14.8,249.0737036497061,
1,1,08:00,95,07:30,94,1,,,0.0,false,14.8,249.536851824853,
1,1,08:00,96,07:45,95,1,,,0.0,false,14.8,250.0,
1,2,08:15,2,08:15,0,1,,Digging,4.792500000000075,false,12.406649999999981,250.0,false
1,2,08:15,3,08:30,1,1,,Charging,0.0,true,14.306649999999982,247.89473684210526,false
1,2,08:15,4,08:45,2,1,,Digging,4.7925,false,13.108524999999982,247.89473684210526,false
1,2,08:15,5,09:00,3,1,,Digging,4.7925,false,11.910399999999981,247.89473684210526,false
1,2,08:15,6,09:15,4,1,,Charging,0.0,true,13.810399999999982,245.78947368421052,false
1,2,08:15,7,09:30,5,1,,Traveling,4.710099999988212,false,12.63287500000293,245.78947368421052,true
1,2,08:15,8,09:45,6,1,,Charging,1.1632742269451769e-11,true,13.93771785714287,244.34366442421845,true
1,2,08:15,9,10:00,7,1,,Digging,4.792499999999798,false,12.73959285714292,244.34366442421845,true
1,2,08:15,10,10:15,8,1,,Digging,4.792500000000176,false,11.541467857143275,244.81502572220023,false
1,2,08:15,11,10:30,9,1,,Digging,4.792500000000118,false,10.343342857143245,245.28638702018202,false
1,2,08:15,12,10:45,10,1,,Idle,6.63507121580077e-13,false,10.34334285714308,245.7577483181638,true
1,2,08:15,13,11:00,11,1,,Digging,4.792500000000008,false,9.145217857143077,246.2291096161456,false
1,2,08:15,14,11:15,12,1,,Traveling,4.71010000000001,false,7.967692857143074,246.70047091412738,false
1,2,08:15,15,11:30,13,1,,Digging,4.792499999999932,false,6.769567857143091,247.17183221210917,false
1,2,08:15,16,11:45,14,1,,Digging,4.792499999999354,false,5.571442857143253,247.64319351009095,false
1,2,08:15,17,12:00,15,1,,,0.0,false,5.571442857143253,248.11455480807274,true
1,2,08:15,18,12:15,16,1,,,0.0,false,5.571442857143253,248.58591610605453,true
1,2,08:15,19,12:30,17,1,,,0.0,false,5.571442857143253,249.0572774040363,false
1,2,08:15,20,12:45,18,1,,,0.0,false,5.571442857143253,249.5286387020181,false
1,2,08:15,21,13:00,19,1,,,0.0,false,5.571442857143253,249.99999999999991,false
1,2,08:15,22,13:15,20,1,,,0.0,false,5.571442857143252,250.0,false
1,2,08:15,23,13:30,21,1,,Charging,0.0,true,7.4714428571432805,247.89473684210523,true
1,2,08:15,24,13:45,22,1,,Charging,0.0,true,9.37144285714328,245.7894736842105,true
1,2,08:15,25,14:00,23,1,,Digging,4.7925,false,8.173317857143282,245.7894736842105,false
1,2,08:15,26,14:15,24,1,,Digging,4.792500000000043,false,6.975192857143271,245.7894736842105,false
1,2,08:15,27,14:30,25,1,,Charging,1.3855583347321954e-13,true,8.592950000000013,243.99694499406448,true
1,2,08:15,28,14:45,26,1,,Traveling,4.7101,false,7.415425000000012,243.99694499406448,true
1,2,08:15,29,15:00,27,1,,Loading/Swinging,3.1586,false,6.625775000000012,243.99694499406448,true
1,2,08:15,30,15:15,28,1,,Loading/Swinging,3.158599999999882,false,5.836125000000042,243.99694499406448,false
1,2,08:15,31,15:30,29,1,,Loading/Swinging,3.158600000000028,false,5.046475000000035,243.99694499406448,false
1,2,08:15,32,15:45,30,1,,Charging,-4.967798394872602e-14,true,6.9464750000000475,241.89168183616974,true
1,2,08:15,33,16:00,31,1,,Loading/Swinging,3.1586000000001873,false,6.156825,241.89168183616974,true
1,2,08:15,34,16:15,32,1,,Traveling,4.7101,false,4.9793,241.89168183616974,true
1,2,08:15,35,16:30,33,1,,Loading/Swinging,3.158599999999882,false,4.1896500000000305,241.89168183616974,false
1,2,08:15,36,16:45,34,1,,Loading/Swinging,3.1586000000000283,false,3.4000000000000234,241.89168183616974,false
1,2,08:15,37,17:00,35,1,,,0.0,false,3.4000000000000234,241.89168183616974,false
1,2,08:15,38,17:15,36,1,,Charging,0.0,true,5.300000000000024,239.786418678275,true
1,2,08:15,39,17:30,37,1,,Charging,0.0,true,7.200000000000023,237.68115552038026,true
1,2,08:15,40,17:45,38,1,,Charging,0.0,true,9.100000000000023,235.57589236248552,true
1,2,08:15,41,18:00,39,1,,Charging,0.0,true,11.000000000000023,233.47062920459078,true
1,2,08:15,42,18:15,40,1,,Charging,0.0,true,12.9,231.36536604669604,true
1,2,08:15,43,18:30,41,1,,Charging,0.0,true,14.8,229.2601028888013,true
1,2,08:15,44,18:45,42,1,,,0.0,false,14.8,229.2601028888013,true
1,2,08:15,45,19:00,43,1,,,0.0,false,14.8,229.2601028888013,true
1,2,08:15,46,19:15,44,1,,,0.0,false,14.8,229.2601028888013,false
1,2,08:15,47,19:30,45,1,,,0.0,false,14.8,229.2601028888013,true
1,2,08:15,48,19:45,46,1,,,0.0,false,14.8,229.2601028888013,true
1,2,08:15,49,20:00,47,1,,,0.0,false,14.8,229.2601028888013,true
1,2,08:15,50,20:15,48,1,,,0.0,false,14.8,229.2601028888013,true
1,2,08:15,51,20:30,49,1,,,0.0,false,14.8,229.2601028888013,true
1,2,08:15,52,20:45,50,1,,,0.0,false,14.8,229.2601028888013,false
1,2,08:15,53,21:00,51,1,,,0.0,false,14.8,229.7314641867827,false
1,2,08:15,54,21:15,52,1,,,0.0,false,14.8,230.20282548476447,false
1,2,08:15,55,21:30,53,1,,,0.0,false,14.8,230.67418678274626,false
1,2,08:15,56,21:45,54,1,,,0.0,false,14.8,231.14554808072805,false
1,2,08:15,57,22:00,55,1,,,0.0,false,14.8,231.61690937870983,false
1,2,08:15,58,22:15,56,1,,,0.0,false,14.8,232.08827067669162,false
1,2,08:15,59,22:30,57,1,,,0.0,false,14.8,232.5596319746734,false
1,2,08:15,60,22:45,58,1,,,0.0,false,14.8,233.0309932726552,false
1,2,08:15,61,23:00,59,1,,,0.0,false,14.8,233.50235457063698,false
1,2,08:15,62,23:15,60,1,,,0.0,false,14.8,233.97371586861877,false
1,2,08:15,63,23:30,61,1,,,0.0,false,14.8,234.44507716660056,false
1,2,08:15,64,23:45,62,1,,,0.0,false,14.8,234.91643846458234,false
1,2,08:15,65,00:00,63,1,,,0.0,false,14.8,235.38779976256413,false
1,2,08:15,66,00:15,64,1,,,0.0,false,14.8,235.85916106054592,false
1,2,08:15,67,00:30,65,1,,,0.0,false,14.8,236.3305223585277,false
1,2,08:15,68,00:45,66,1,,,0.0,false,14.8,236.8018836565095,false
1,2,08:15,69,01:00,67,1,,,0.0,false,14.8,237.27324495449128,false
1,2,08:15,70,01:15,68,1,,,0.0,false,14.8,237.74460625247306,false
1,2,08:15,71,01:30,69,1,,,0.0,false,14.8,238.21596755045485,false
1,2,08:15,72,01:45,70,1,,,0.0,false,14.8,238.68732884843664,false
1,2,08:15,73,02:00,71,1,,,0.0,false,14.8,239.15869014641842,false
1,2,08:15,74,02:15,72,1,,,0.0,false,14.8,239.6300514444002,false
1,2,08:15,75,02:30,73,1,,,0.0,false,14.8,240.101412742382,false
1,2,08:15,76,02:45,74,1,,,0.0,false,14.8,240.57277404036378,false
1,2,08:15,77,03:00,75,1,,,0.0,false,14.8,241.04413533834557,false
1,2,08:15,78,03:15,76,1,,,0.0,false,14.8,241.51549663632736,false
1,2,08:15,79,03:30,77,1,,,0.0,false,14.8,241.98685793430914,false
1,2,08:15,80,03:45,78,1,,,0.0,false,14.8,242.45821923229093,false
1,2,08:15,81,04:00,79,1,,,0.0,false,14.8,242.92958053027272,false
1,2,08:15,82,04:15,80,1,,,0.0,false,14.8,243.4009418282545,false
1,2,08:15,83,04:30,81,1,,,0.0,false,14.8,243.8723031262363,false
1,2,08:15,84,04:45,82,1,,,0.0,false,14.8,244.34366442421808,false
1,2,08:15,85,05:00,83,1,,,0.0,false,14.8,244.81502572219986,false
1,2,08:15,86,05:15,84,1,,,0.0,false,14.8,245.28638702018165,false
1,2,08:15,87,05:30,85,1,,,0.0,false,14.8,245.75774831816344,false
1,2,08:15,88,05:45,86,1,,,0.0,false,14.8,246.22910961614522,false
1,2,08:15,89,06:00,87,1,,,0.0,false,14.8,246.700470914127,false
1,2,08:15,90,06:15,88,1,,,0.0,false,14.8,247.1718322121088,false
1,2,08:15,91,06:30,89,1,,,0.0,false,14.8,247.64319351009058,false
1,2,08:15,92,06:45,90,1,,,0.0,false,14.8,248.11455480807237,false
1,2,08:15,93,07:00,91,1,,,0.0,false,14.8,248.58591610605416,false
1,2,08:15,94,07:15,92,1,,,0.0,false,14.8,249.0572774040363,false
1,2,08:15,95,07:30,93,1,,,0.0,false,14.8,249.5286387020181,false
1,2,08:15,96,07:45,94,1,,,0.0,false,14.8,250.0,false
1,3,08:30,3,08:30,0,1,,Charging,1.7763568394002505e-15,true,13.429249999998108,248.8807756232708,false
1,3,08:30,4,08:45,1,1,,Digging,4.7925,false,12.231124999998109,248.8807756232708,false
1,3,08:30,5,09:00,2,1,,Charging,2.303284398302802e-12,true,14.131124999998333,246.77551246537695,true
1,3,08:30,6,09:15,3,1,,Digging,4.7925,false,12.932999999998334,246.77551246537695,true
1,3,08:30,7,09:30,4,1,,Traveling,4.7101,false,11.755474999998334,246.77551246537695,false
1,3,08:30,8,09:45,5,1,,Charging,6.217248937900877e-15,true,13.655475000001019,244.67024930747922,false
1,3,08:30,9,10:00,6,1,,Digging,4.7925,false,12.457350000001018,244.67024930747922,false
1,3,08:30,10,10:15,7,1,,Digging,4.7925,false,11.259225000001019,244.67024930747922,false
1,3,08:30,11,10:30,8,1,,Digging,4.7925,false,10.06110000000102,244.67024930747922,false
1,3,08:30,12,10:45,9,1,,Charging,6.350041230618332e-12,true,11.961099999999453,242.56498614958446,true
1,3,08:30,13,11:00,10,1,,Digging,4.7925,false,10.762974999999452,242.56498614958446,false
1,3,08:30,14,11:15,11,1,,Traveling,4.7101,false,9.585449999999453,242.56498614958446,false
1,3,08:30,15,11:30,12,1,,Digging,4.7925,false,8.387324999999452,242.56498614958446,false
1,3,08:30,16,11:45,13,1,,Digging,4.792499999993626,false,7.189200000001045,242.56498614958446,false
1,3,08:30,17,12:00,14,1,,Charging,0.0,true,9.089200000001044,240.45972299168972,true
1,3,08:30,18,12:15,15,1,,Charging,0.0,true,10.989200000001045,238.35445983379498,true
1,3,08:30,19,12:30,16,1,,,0.0,false,10.989200000001045,238.35445983379498,false
1,3,08:30,20,12:45,17,1,,,0.0,false,10.989200000001045,238.8173086455751,false
1,3,08:30,21,13:00,18,1,,,0.0,false,10.989200000001045,239.28015745735524,false
1,3,08:30,22,13:15,19,1,,,0.0,false,10.989200000001045,239.74300626913538,false
1,3,08:30,23,13:30,20,1,,,0.0,false,10.989200000001045,240.2058550809155,true
1,3,08:30,24,13:45,21,1,,,0.0,false,10.989200000001045,240.66870389269565,true
1,3,08:30,25,14:00,22,1,,Digging,4.792500000000022,false,9.791074999999799,241.13155270447578,false
1,3,08:30,26,14:15,23,1,,Digging,4.792499999999997,false,8.5929499999998,241.5944015162559,false
1,3,08:30,27,14:30,24,1,,Traveling,4.710099999999845,false,7.415424999999837,242.05725032803605,true
1,3,08:30,28,14:45,25,1,,Loading/Swinging,3.1586,false,6.625774999999837,242.52009913981618,true
1,3,08:30,29,15:00,26,1,,Idle,0.0,false,6.625774999999837,242.98294795159632,true
1,3,08:30,30,15:15,27,1,,Loading/Swinging,3.1585999999999794,false,5.836124999999843,243.44579676337645,false
1,3,08:30,31,15:30,28,1,,Loading/Swinging,3.1585999999999066,false,5.046474999999866,243.90864557515658,false
1,3,08:30,32,15:45,29,1,,Loading/Swinging,3.1586000000004417,false,4.256824999999756,244.37149438693672,true
1,3,08:30,33,16:00,30,1,,Traveling,4.710099999999694,false,3.079299999999832,244.37149438693672,true
1,3,08:30,34,16:15,31,1,,Charging,0.0,true,4.9792999999998315,242.26623122904198,true
1,3,08:30,35,16:30,32,1,,Loading/Swinging,3.1585999999999608,false,4.189649999999841,242.26623122904198,false
1,3,08:30,36,16:45,33,1,,Loading/Swinging,3.1585999999993706,false,3.399999999999999,242.26623122904198,false
1,3,08:30,37,17:00,34,1,,,0.0,false,3.399999999999999,242.26623122904198,false
1,3,08:30,38,17:15,35,1,,Charging,0.0,true,5.299999999999999,240.16096807114724,false
1,3,08:30,39,17:30,36,1,,,0.0,false,5.299999999999999,240.16096807114724,true
1,3,08:30,40,17:45,37,1,,,0.0,false,5.299999999999999,240.16096807114724,true
1,3,08:30,41,18:00,38,1,,Charging,0.0,true,7.199999999999999,238.0557049132525,false
1,3,08:30,42,18:15,39,1,,,0.0,false,7.199999999999999,238.0557049132525,true
1,3,08:30,43,18:30,40,1,,Charging,0.0,true,9.1,235.95044175535776,false
1,3,08:30,44,18:45,41,1,,Charging,0.0,true,11.0,233.84517859746302,true
1,3,08:30,45,19:00,42,1,,Charging,0.0,true,12.9,231.73991543956828,true
1,3,08:30,46,19:15,43,1,,Charging,0.0,true,14.8,229.63465228167354,true
1,3,08:30,47,19:30,44,1,,,0.0,false,14.8,229.63465228167354,false
1,3,08:30,48,19:45,45,1,,,0.0,false,14.8,229.63465228167354,false
1,3,08:30,49,20:00,46,1,,,0.0,false,14.8,229.63465228167354,false
1,3,08:30,50,20:15,47,1,,,0.0,false,14.8,229.63465228167354,false
1,3,08:30,51,20:30,48,1,,,0.0,false,14.8,229.63465228167354,false
1,3,08:30,52,20:45,49,1,,,0.0,false,14.8,229.63465228167354,false
1,3,08:30,53,21:00,50,1,,,0.0,false,14.8,230.09750109345367,false
1,3,08:30,54,21:15,51,1,,,0.0,false,14.8,230.5603499052338,false
1,3,08:30,55,21:30,52,1,,,0.0,false,14.8,231.02319871701394,false
1,3,08:30,56,21:45,53,1,,,0.0,false,14.8,231.48604752879407,false
1,3,08:30,57,22:00,54,1,,,0.0,false,14.8,231.9488963405742,false
1,3,08:30,58,22:15,55,1,,,0.0,false,14.8,232.41174515235434,false
1,3,08:30,59,22:30,56,1,,,0.0,false,14.8,232.87459396413448,false
1,3,08:30,60,22:45,57,1,,,0.0,false,14.8,233.3374427759146,false
1,3,08:30,61,23:00,58,1,,,0.0,false,14.8,233.80029158769474,false
1,3,08:30,62,23:15,59,1,,,0.0,false,14.8,234.26314039947488,false
1,3,08:30,63,23:30,60,1,,,0.0,false,14.8,234.725989211255,false
1,3,08:30,64,23:45,61,1,,,0.0,false,14.8,235.18883802303515,false
1,3,08:30,65,00:00,62,1,,,0.0,false,14.8,235.65168683481528,false
1,3,08:30,66,00:15,63,1,,,0.0,false,14.8,236.1145356465954,false
1,3,08:30,67,00:30,64,1,,,0.0,false,14.8,236.57738445837555,false
1,3,08:30,68,00:45,65,1,,,0.0,false,14.8,237.04023327015568,false
1,3,08:30,69,01:00,66,1,,,0.0,false,14.8,237.50308208193582,false
1,3,08:30,70,01:15,67,1,,,0.0,false,14.8,237.96593089371595,false
1,3,08:30,71,01:30,68,1,,,0.0,false,14.8,238.42877970549608,false
1,3,08:30,72,01:45,69,1,,,0.0,false,14.8,238.89162851727622,false
1,3,08:30,73,02:00,70,1,,,0.0,false,14.8,239.35447732905635,false
1,3,08:30,74,02:15,71,1,,,0.0,false,14.8,239.81732614083649,false
1,3,08:30,75,02:30,72,1,,,0.0,false,14.8,240.28017495261662,false
1,3,08:30,76,02:45,73,1,,,0.0,false,14.8,240.74302376439675,false
1,3,08:30,77,03:00,74,1,,,0.0,false,14.8,241.2058725761769,false
1,3,08:30,78,03:15,75,1,,,0.0,false,14.8,241.66872138795702,false
1,3,08:30,79,03:30,76,1,,,0.0,false,14.8,242.13157019973715,false
1,3,08:30,80,03:45,77,1,,,0.0,false,14.8,242.5944190115173,false
1,3,08:30,81,04:00,78,1,,,0.0,false,14.8,243.05726782329742,false
1,3,08:30,82,04:15,79,1,,,0.0,false,14.8,243.52011663507756,false
1,3,08:30,83,04:30,80,1,,,0.0,false,14.8,243.9829654468577,false
1,3,08:30,84,04:45,81,1,,,0.0,false,14.8,244.44581425863782,false
1,3,08:30,85,05:00,82,1,,,0.0,false,14.8,244.90866307041796,false
1,3,08:30,86,05:15,83,1,,,0.0,false,14.8,245.3715118821981,false
1,3,08:30,87,05:30,84,1,,,0.0,false,14.8,245.83436069397823,false
1,3,08:30,88,05:45,85,1,,,0.0,false,14.8,246.29720950575836,false
1,3,08:30,89,06:00,86,1,,,0.0,false,14.8,246.7600583175385,false
1,3,08:30,90,06:15,87,1,,,0.0,false,14.8,247.22290712931863,false
1,3,08:30,91,06:30,88,1,,,0.0,false,14.8,247.68575594109876,false
1,3,08:30,92,06:45,89,1,,,0.0,false,14.8,248.1486047528789,false
1,3,08:30,93,07:00,90,1,,,0.0,false,14.8,248.61145356465903,false
1,3,08:30,94,07:15,91,1,,,0.0,false,14.8,249.07430237643916,false
1,3,08:30,95,07:30,92,1,,,0.0,false,14.8,249.53715118821987,false
1,3,08:30,96,07:45,93,1,,,0.0,false,14.8,250.0,false
1,4,08:45,4,08:45,0,1,,Digging,4.792499999999585,false,12.28428815789285,248.8807756232708,false
1,4,08:45,5,09:00,1,1,,Charging,4.128897224120465e-13,true,14.131124999999937,246.8344190115177,false
1,4,08:45,6,09:15,2,1,,Digging,4.7925,false,12.932999999999941,246.8344190115177,false
1,4,08:45,7,09:30,3,1,,Traveling,4.710100000000293,false,11.755474999999867,246.83441901151772,false
1,4,08:45,8,09:45,4,1,,Digging,4.792500000000006,false,10.557349999999866,246.83441901151772,true
1,4,08:45,9,10:00,5,1,,Charging,-2.9351172484849874e-13,true,12.457350000000055,244.72915585362287,true
1,4,08:45,10,10:15,6,1,,Digging,4.792499999999992,false,11.259225000000058,244.72915585362287,false
1,4,08:45,11,10:30,7,1,,Digging,4.7925,false,10.061100000000057,244.72915585362287,false
1,4,08:45,12,10:45,8,1,,Charging,0.0,true,11.961100000000057,242.62389269572813,false
1,4,08:45,13,11:00,9,1,,Loading/Swinging,3.1585999999999417,false,11.171450000000071,242.62389269572813,true
1,4,08:45,14,11:15,10,1,,Traveling,4.710099999999997,false,9.993925000000072,242.62389269572813,false
1,4,08:45,15,11:30,11,1,,Digging,4.7925,false,8.795800000000071,242.62389269572813,false
1,4,08:45,16,11:45,12,1,,Loading/Swinging,3.158600000000145,false,8.006150000000035,242.62389269572813,true
1,4,08:45,17,12:00,13,1,,Charging,0.0,true,9.906150000000023,240.51862953783342,false
1,4,08:45,18,12:15,14,1,,Charging,0.0,true,11.806150000000024,238.41336637993868,false
1,4,08:45,19,12:30,15,1,,,0.0,false,11.806150000000024,238.41336637993868,false
1,4,08:45,20,12:45,16,1,,,0.0,false,11.806150000000024,238.87518174354085,false
1,4,08:45,21,13:00,17,1,,,0.0,false,11.806150000000024,239.33699710714302,false
1,4,08:45,22,13:15,18,1,,,0.0,false,11.806150000000024,239.7988124707452,false
1,4,08:45,23,13:30,19,1,,,0.0,false,11.806150000000024,240.26062783434736,false
1,4,08:45,24,13:45,20,1,,,0.0,false,11.806150000000024,240.72244319794953,false
1,4,08:45,25,14:00,21,1,,Digging,4.792499999999968,false,10.608025000000032,241.1842585615517,false
1,4,08:45,26,14:15,22,1,,Digging,4.7925000000000075,false,9.4099,241.64607392515387,false
1,4,08:45,27,14:30,23,1,,Traveling,4.710099999999993,false,8.232375000000003,242.10788928875604,false
1,4,08:45,28,14:45,24,1,,Digging,4.7925,false,7.034250000000003,242.5697046523582,true
1,4,08:45,29,15:00,25,1,,Idle,0.0,false,7.034250000000003,243.03152001596052,false
1,4,08:45,30,15:15,26,1,,Loading/Swinging,3.1586,false,6.244600000000003,243.4933353795627,false
1,4,08:45,31,15:30,27,1,,Loading/Swinging,3.158599999999978,false,5.454950000000008,243.95515074316486,false
1,4,08:45,32,15:45,28,1,,Loading/Swinging,3.1585999999999417,false,4.665300000000008,244.41696610676703,false
1,4,08:45,33,16:00,29,1,,Traveling,4.710100000000058,false,3.487774999999994,244.41696610676703,false
1,4,08:45,34,16:15,30,1,,Charging,0.0,true,5.387774999999994,242.3117029488723,false
1,4,08:45,35,16:30,31,1,,Loading/Swinging,3.1586,false,4.598124999999994,242.3117029488723,false
1,4,08:45,36,16:45,32,1,,Digging,4.792499999999946,false,3.3999999999999932,242.3117029488723,true
1,4,08:45,37,17:00,33,1,,Charging,0.0,true,5.299999999999992,240.20643979097756,true
1,4,08:45,38,17:15,34,1,,Charging,0.0,true,7.199999999999992,238.10117663308282,false
1,4,08:45,39,17:30,35,1,,Charging,0.0,true,9.099999999999993,235.99591347518808,true
1,4,08:45,40,17:45,36,1,,Charging,0.0,true,10.999999999999991,233.89065031729334,true
1,4,08:45,41,18:00,37,1,,Charging,0.0,true,12.899999999999991,231.7853871593986,false
1,4,08:45,42,18:15,38,1,,Charging,0.0,true,14.799999999999994,229.68012400150386,true
1,4,08:45,43,18:30,39,1,,,0.0,false,14.799999999999994,229.68012400150386,true
1,4,08:45,44,18:45,40,1,,,0.0,false,14.799999999999994,229.68012400150386,true
1,4,08:45,45,19:00,41,1,,,0.0,false,14.799999999999994,229.68012400150386,true
1,4,08:45,46,19:15,42,1,,,0.0,false,14.799999999999994,229.68012400150386,true
1,4,08:45,47,19:30,43,1,,,0.0,false,14.799999999999994,229.68012400150386,false
1,4,08:45,48,19:45,44,1,,,0.0,false,14.799999999999994,229.68012400150386,false
1,4,08:45,49,20:00,45,1,,,0.0,false,14.799999999999994,229.68012400150386,false
1,4,08:45,50,20:15,46,1,,,0.0,false,14.799999999999994,229.68012400150386,false
1,4,08:45,51,20:30,47,1,,,0.0,false,14.8,229.68012400150386,false
1,4,08:45,52,20:45,48,1,,,0.0,false,14.8,229.68012400150386,false
1,4,08:45,53,21:00,49,1,,,0.0,false,14.8,230.14193936510603,false
1,4,08:45,54,21:15,50,1,,,0.0,false,14.8,230.6037547287082,false
1,4,08:45,55,21:30,51,1,,,0.0,false,14.8,231.06557009231037,false
1,4,08:45,56,21:45,52,1,,,0.0,false,14.8,231.52738545591254,false
1,4,08:45,57,22:00,53,1,,,0.0,false,14.8,231.9892008195147,false
1,4,08:45,58,22:15,54,1,,,0.0,false,14.8,232.45101618311688,false
1,4,08:45,59,22:30,55,1,,,0.0,false,14.8,232.91283154671905,false
1,4,08:45,60,22:45,56,1,,,0.0,false,14.8,233.37464691032122,false
1,4,08:45,61,23:00,57,1,,,0.0,false,14.8,233.8364622739234,false
1,4,08:45,62,23:15,58,1,,,0.0,false,14.8,234.29827763752556,false
1,4,08:45,63,23:30,59,1,,,0.0,false,14.8,234.76009300112773,false
1,4,08:45,64,23:45,60,1,,,0.0,false,14.8,235.2219083647299,false
1,4,08:45,65,00:00,61,1,,,0.0,false,14.8,235.68372372833207,false
1,4,08:45,66,00:15,62,1,,,0.0,false,14.8,236.14553909193424,false
1,4,08:45,67,00:30,63,1,,,0.0,false,14.8,236.6073544555364,false
1,4,08:45,68,00:45,64,1,,,0.0,false,14.8,237.06916981913858,false
1,4,08:45,69,01:00,65,1,,,0.0,false,14.8,237.53098518274075,false
1,4,08:45,70,01:15,66,1,,,0.0,false,14.8,237.99280054634292,false
1,4,08:45,71,01:30,67,1,,,0.0,false,14.8,238.4546159099451,false
1,4,08:45,72,01:45,68,1,,,0.0,false,14.8,238.91643127354726,false
1,4,08:45,73,02:00,69,1,,,0.0,false,14.8,239.37824663714943,false
1,4,08:45,74,02:15,70,1,,,0.0,false,14.8,239.8400620007516,false
1,4,08:45,75,02:30,71,1,,,0.0,false,14.8,240.30187736435377,false
1,4,08:45,76,02:45,72,1,,,0.0,false,14.8,240.76369272795594,false
1,4,08:45,77,03:00,73,1,,,0.0,false,14.8,241.2255080915581,false
1,4,08:45,78,03:15,74,1,,,0.0,false,14.8,241.68732345516028,false
1,4,08:45,79,03:30,75,1,,,0.0,false,14.8,242.14913881876245,false
1,4,08:45,80,03:45,76,1,,,0.0,false,14.8,242.61095418236462,false
1,4,08:45,81,04:00,77,1,,,0.0,false,14.8,243.0727695459668,false
1,4,08:45,82,04:15,78,1,,,0.0,false,14.8,243.53458490956896,false
1,4,08:45,83,04:30,79,1,,,0.0,false,14.8,243.99640027317113,false
1,4,08:45,84,04:45,80,1,,,0.0,false,14.8,244.4582156367733,false
1,4,08:45,85,05:00,81,1,,,0.0,false,14.8,244.92003100037547,false
1,4,08:45,86,05:15,82,1,,,0.0,false,14.8,245.38184636397764,false
1,4,08:45,87,05:30,83,1,,,0.0,false,14.8,245.8436617275798,false
1,4,08:45,88,05:45,84,1,,,0.0,false,14.8,246.30547709118198,false
1,4,08:45,89,06:00,85,1,,,0.0,false,14.8,246.76729245478415,false
1,4,08:45,90,06:15,86,1,,,0.0,false,14.8,247.22910781838632,false
1,4,08:45,91,06:30,87,1,,,0.0,false,14.8,247.6909231819885,false
1,4,08:45,92,06:45,88,1,,,0.0,false,14.8,248.15273854559067,false
1,4,08:45,93,07:00,89,1,,,0.0,false,14.8,248.61455390919284,false
1,4,08:45,94,07:15,90,1,,,0.0,false,14.8,249.076369272795,false
1,4,08:45,95,07:30,91,1,,,0.0,false,14.8,249.53818463639783,false
1,4,08:45,96,07:45,92,1,,,0.0,false,14.8,250.0,false
1,5,09:00,5,09:00,0,1,,Charging,-8.881784197001252e-16,true,14.241688157892515,246.77551246537632,false
1,5,09:00,6,09:15,1,1,,Digging,4.792500000000047,false,13.043563157892503,246.77551246537632,false
1,5,09:00,7,09:30,2,1,,Traveling,4.710099999999592,false,11.866038157892605,246.77551246537632,false
1,5,09:00,8,09:45,3,1,,Charging,-6.838973831690964e-14,true,13.766038157892565,244.67024930748164,true
1,5,09:00,9,10:00,4,1,,Digging,4.792499999999997,false,12.567913157892566,244.67024930748164,true
1,5,09:00,10,10:15,5,1,,Digging,4.79249999999773,false,11.369788157893133,244.67024930748164,false
1,5,09:00,11,10:30,6,1,,Digging,4.792500000000004,false,10.171663157893132,244.67024930748164,false
1,5,09:00,12,10:45,7,1,,Charging,8.881784197001252e-16,true,12.071663157893244,242.5649861495868,false
1,5,09:00,13,11:00,8,1,,Digging,4.79249999999891,false,10.873538157893517,242.5649861495868,true
1,5,09:00,14,11:15,9,1,,Traveling,4.71009999999999,false,9.69601315789352,242.5649861495868,false
1,5,09:00,15,11:30,10,1,,Digging,4.792499999999848,false,8.497888157893557,242.5649861495868,false
1,5,09:00,16,11:45,11,1,,Digging,4.792499999999894,false,7.299763157893584,242.56498614958673,true
1,5,09:00,17,12:00,12,1,,Charging,0.0,true,9.199763157893733,240.45972299169182,false
1,5,09:00,18,12:15,13,1,,Charging,0.0,true,11.09976315789298,238.3544598337979,false
1,5,09:00,19,12:30,14,1,,,0.0,false,11.09976315789298,238.3544598337979,false
1,5,09:00,20,12:45,15,1,,,0.0,false,11.09976315789298,238.81515938848722,false
1,5,09:00,21,13:00,16,1,,,0.0,false,11.09976315789298,239.27585894317653,false
1,5,09:00,22,13:15,17,1,,,0.0,false,11.09976315789298,239.73655849786584,false
1,5,09:00,23,13:30,18,1,,,0.0,false,11.09976315789298,240.19725805255516,false
1,5,09:00,24,13:45,19,1,,,0.0,false,11.09976315789298,240.65795760724447,false
1,5,09:00,25,14:00,20,1,,Digging,4.792499999998967,false,9.901638157893238,241.11865716193378,false
1,5,09:00,26,14:15,21,1,,Digging,4.792499999999997,false,8.703513157893239,241.5793567166231,false
1,5,09:00,27,14:30,22,1,,Traveling,4.710100000000054,false,7.5259881578932255,242.0400562713124,false
1,5,09:00,28,14:45,23,1,,Loading/Swinging,3.15859999999995,false,6.736338157893238,242.50075582600172,true
1,5,09:00,29,15:00,24,1,,Idle,0.0,false,6.736338157893238,242.96145538069104,false
1,5,09:00,30,15:15,25,1,,Loading/Swinging,3.158600000000046,false,5.9466881578932265,243.42215493538035,false
1,5,09:00,31,15:30,26,1,,Loading/Swinging,3.158600000000753,false,5.157038157893038,243.88285449006966,false
1,5,09:00,32,15:45,27,1,,Loading/Swinging,3.158599999999943,false,4.3673881578930525,244.34355404475897,false
1,5,09:00,33,16:00,28,1,,Traveling,4.710100000000752,false,3.1898631578928645,244.34355404475897,false
1,5,09:00,34,16:15,29,1,,Charging,0.0,true,5.089863157892864,242.23829088686423,false
1,5,09:00,35,16:30,30,1,,Loading/Swinging,3.158599999999822,false,4.300213157892909,242.23829088686423,false
1,5,09:00,36,16:45,31,1,,Loading/Swinging,3.1585999999996357,false,3.510563157893,242.23829088686423,true
1,5,09:00,37,17:00,32,1,,Charging,0.0,true,5.410563157893,240.1330277289695,false
1,5,09:00,38,17:15,33,1,,Charging,0.0,true,7.310563157893,238.02776457107475,false
1,5,09:00,39,17:30,34,1,,Charging,0.0,true,9.210563157893,235.92250141318002,false
1,5,09:00,40,17:45,35,1,,Charging,0.0,true,11.0,233.93974590946036,false
1,5,09:00,41,18:00,36,1,,Charging,0.0,true,12.899999999999999,231.83448275156562,false
1,5,09:00,42,18:15,37,1,,Charging,0.0,true,14.799999999999999,229.72921959367088,false
1,5,09:00,43,18:30,38,1,,,0.0,false,14.799999999999999,229.72921959367088,false
1,5,09:00,44,18:45,39,1,,,0.0,false,14.799999999999999,229.72921959367088,false
1,5,09:00,45,19:00,40,1,,,0.0,false,14.8,229.72921959367088,false
1,5,09:00,46,19:15,41,1,,,0.0,false,14.8,229.72921959367088,false
1,5,09:00,47,19:30,42,1,,,0.0,false,14.8,229.72921959367088,false
1,5,09:00,48,19:45,43,1,,,0.0,false,14.8,229.72921959367088,false
1,5,09:00,49,20:00,44,1,,,0.0,false,14.8,229.72921959367088,false
1,5,09:00,50,20:15,45,1,,,0.0,false,14.8,229.72921959367088,false
1,5,09:00,51,20:30,46,1,,,0.0,false,14.8,229.72921959367088,false
1,5,09:00,52,20:45,47,1,,,0.0,false,14.8,229.72921959367088,false
1,5,09:00,53,21:00,48,1,,,0.0,false,14.8,230.1899191483602,false
1,5,09:00,54,21:15,49,1,,,0.0,false,14.8,230.6506187030495,false
1,5,09:00,55,21:30,50,1,,,0.0,false,14.8,231.11131825773882,false
1,5,09:00,56,21:45,51,1,,,0.0,false,14.8,231.57201781242813,false
1,5,09:00,57,22:00,52,1,,,0.0,false,14.8,232.03271736711744,false
1,5,09:00,58,22:15,53,1,,,0.0,false,14.8,232.49341692180676,false
1,5,09:00,59,22:30,54,1,,,0.0,false,14.8,232.95411647649607,false
1,5,09:00,60,22:45,55,1,,,0.0,false,14.8,233.41481603118538,false
1,5,09:00,61,23:00,56,1,,,0.0,false,14.8,233.8755155858747,false
1,5,09:00,62,23:15,57,1,,,0.0,false,14.8,234.336215140564,false
1,5,09:00,63,23:30,58,1,,,0.0,false,14.8,234.79691469525332,false
1,5,09:00,64,23:45,59,1,,,0.0,false,14.8,235.25761424994263,false
1,5,09:00,65,00:00,60,1,,,0.0,false,14.8,235.71831380463195,false
1,5,09:00,66,00:15,61,1,,,0.0,false,14.8,236.17901335932126,false
1,5,09:00,67,00:30,62,1,,,0.0,false,14.8,236.63971291401057,false
1,5,09:00,68,00:45,63,1,,,0.0,false,14.8,237.1004124686999,false
1,5,09:00,69,01:00,64,1,,,0.0,false,14.8,237.5611120233892,false
1,5,09:00,70,01:15,65,1,,,0.0,false,14.8,238.0218115780785,false
1,5,09:00,71,01:30,66,1,,,0.0,false,14.8,238.48251113276783,false
1,5,09:00,72,01:45,67,1,,,0.0,false,14.8,238.94321068745714,false
1,5,09:00,73,02:00,68,1,,,0.0,false,14.8,239.40391024214645,false
1,5,09:00,74,02:15,69,1,,,0.0,false,14.8,239.86460979683577,false
1,5,09:00,75,02:30,70,1,,,0.0,false,14.8,240.32530935152508,false
1,5,09:00,76,02:45,71,1,,,0.0,false,14.8,240.7860089062144,false
1,5,09:00,77,03:00,72,1,,,0.0,false,14.8,241.2467084609037,false
1,5,09:00,78,03:15,73,1,,,0.0,false,14.8,241.70740801559302,false
1,5,09:00,79,03:30,74,1,,,0.0,false,14.8,242.16810757028233,false
1,5,09:00,80,03:45,75,1,,,0.0,false,14.8,242.62880712497164,false
1,5,09:00,81,04:00,76,1,,,0.0,false,14.8,243.08950667966096,false
1,5,09:00,82,04:15,77,1,,,0.0,false,14.8,243.55020623435027,false
1,5,09:00,83,04:30,78,1,,,0.0,false,14.8,244.01090578903958,false
1,5,09:00,84,04:45,79,1,,,0.0,false,14.8,244.4716053437289,false
1,5,09:00,85,05:00,80,1,,,0.0,false,14.8,244.9323048984182,false
1,5,09:00,86,05:15,81,1,,,0.0,false,14.8,245.39300445310752,false
1,5,09:00,87,05:30,82,1,,,0.0,false,14.8,245.85370400779684,false
1,5,09:00,88,05:45,83,1,,,0.0,false,14.8,246.31440356248615,false
1,5,09:00,89,06:00,84,1,,,0.0,false,14.8,246.77510311717546,false
1,5,09:00,90,06:15,85,1,,,0.0,false,14.8,247.23580267186477,false
1,5,09:00,91,06:30,86,1,,,0.0,false,14.8,247.6965022265541,false
1,5,09:00,92,06:45,87,1,,,0.0,false,14.8,248.1572017812434,false
1,5,09:00,93,07:00,88,1,,,0.0,false,14.8,248.61790133593271,false
1,5,09:00,94,07:15,89,1,,,0.0,false,14.8,249.07860089062203,false
1,5,09:00,95,07:30,90,1,,,0.0,false,14.8,249.53930044531072,false
1,5,09:00,96,07:45,91,1,,,0.0,false,14.8,250.0,false
1,6,09:15,6,09:15,0,1,,Digging,4.792500000000004,false,13.143563157892501,246.77551246537632,false
1,6,09:15,7,09:30,1,1,,Traveling,4.710099999997891,false,11.966038157893903,246.77551246537632,false
1,6,09:15,8,09:45,2,1,,Charging,-1.4073187060148484e-11,true,13.866038157894033,244.6702493074823,false
1,6,09:15,9,10:00,3,1,,Digging,4.792500000000004,false,12.667913157894032,244.6702493074823,false
1,6,09:15,10,10:15,4,1,,Digging,4.792500000000032,false,11.469788157894024,244.6702493074823,false
1,6,09:15,11,10:30,5,1,,Digging,4.792499999997979,false,10.27166315789453,244.6702493074823,false
1,6,09:15,12,10:45,6,1,,Charging,-8.966161146872764e-12,true,12.171663157896782,242.56498614958755,false
1,6,09:15,13,11:00,7,1,,Digging,4.7925000000118345,false,10.973538157893824,242.56498614958755,false
1,6,09:15,14,11:15,8,1,,Traveling,4.710100000033805,false,9.796013157885373,242.56498614958755,false
1,6,09:15,15,11:30,9,1,,Digging,4.792500000000004,false,8.597888157885372,242.56498614958755,false
1,6,09:15,16,11:45,10,1,,Digging,4.79249999999966,false,7.399763157885457,242.56498614958755,false
1,6,09:15,17,12:00,11,1,,Charging,0.0,true,9.089199999990822,240.69303396996943,false
1,6,09:15,18,12:15,12,1,,Charging,0.0,true,10.989199999991177,238.5877708120743,false
1,6,09:15,19,12:30,13,1,,,0.0,false,10.989199999991177,238.58777081207734,false
1,6,09:15,20,12:45,14,1,,,0.0,false,10.989199999991177,239.04652644879994,false
1,6,09:15,21,13:00,15,1,,,0.0,false,10.989199999991177,239.50528208552254,false
1,6,09:15,22,13:15,16,1,,,0.0,false,10.989199999991177,239.96403772224514,false
1,6,09:15,23,13:30,17,1,,,0.0,false,10.989199999992723,240.42279335896774,false
1,6,09:15,24,13:45,18,1,,,0.0,false,10.989199999992689,240.8815489956904,false
1,6,09:15,25,14:00,19,1,,Digging,4.79249999999926,false,9.791074999992873,241.340304632413,false
1,6,09:15,26,14:15,20,1,,Digging,4.792500000073304,false,8.592949999974547,241.7990602691356,false
1,6,09:15,27,14:30,21,1,,Traveling,4.710100000012105,false,7.4154249999715205,242.2578159058582,false
1,6,09:15,28,14:45,22,1,,Loading/Swinging,3.1585999999923082,false,6.625774999973443,242.71657154258153,false
1,6,09:15,29,15:00,23,1,,Idle,1.1002754263245151e-11,false,6.625774999970693,243.17532717930416,false
1,6,09:15,30,15:15,24,1,,Loading/Swinging,3.1585999998699563,false,5.836125000003204,243.63408281602676,false
1,6,09:15,31,15:30,25,1,,Loading/Swinging,3.1586000001375183,false,5.046474999968824,244.09283845274936,false
1,6,09:15,32,15:45,26,1,,Loading/Swinging,3.1585999999957224,false,4.2568249999698935,244.55159408947196,false
1,6,09:15,33,16:00,27,1,,Traveling,4.710100000007987,false,3.0792999999678967,244.55159408947196,false
1,6,09:15,34,16:15,28,1,,Charging,0.0,true,4.979299999970323,242.44633093157455,false
1,6,09:15,35,16:30,29,1,,Loading/Swinging,3.1585999998888425,false,4.189649999998112,242.44633093157455,false
1,6,09:15,36,16:45,30,1,,Loading/Swinging,3.158600000000483,false,3.3999999999979913,242.44633093157455,false
1,6,09:15,37,17:00,31,1,,Charging,0.0,true,5.299999999997819,240.34106777368,false
1,6,09:15,38,17:15,32,1,,Charging,0.0,true,7.199999999997819,238.23580461578527,false
1,6,09:15,39,17:30,33,1,,Charging,0.0,true,9.099999999997802,236.13054145789056,false
1,6,09:15,40,17:45,34,1,,Charging,0.0,true,10.9999999999944,234.0252782999996,false
1,6,09:15,41,18:00,35,1,,Charging,0.0,true,12.899999999994412,231.92001514210486,false
1,6,09:15,42,18:15,36,1,,Charging,0.0,true,14.799999999994412,229.81475198421012,false
1,6,09:15,43,18:30,37,1,,,0.0,false,14.799999999994412,229.81475198421012,false
1,6,09:15,44,18:45,38,1,,,0.0,false,14.799999999994412,229.81475198421012,false
1,6,09:15,45,19:00,39,1,,,0.0,false,14.799999999994412,229.81475198421012,false
1,6,09:15,46,19:15,40,1,,,0.0,false,14.799999999994412,229.81475198421012,false
1,6,09:15,47,19:30,41,1,,,0.0,false,14.799999999994412,229.81475198421012,false
1,6,09:15,48,19:45,42,1,,,0.0,false,14.799999999994412,229.81475198421012,false
1,6,09:15,49,20:00,43,1,,,0.0,false,14.799999999994412,229.81475198421012,false
1,6,09:15,50,20:15,44,1,,,0.0,false,14.799999999994412,229.81475198421012,false
1,6,09:15,51,20:30,45,1,,,0.0,false,14.799999999994412,229.81475198421012,false
1,6,09:15,52,20:45,46,1,,,0.0,false,14.799999999994412,229.81475198421012,false
1,6,09:15,53,21:00,47,1,,,0.0,false,14.799999999994412,230.27350762092797,false
1,6,09:15,54,21:15,48,1,,,0.0,false,14.799999999994412,230.73226325765057,false
1,6,09:15,55,21:30,49,1,,,0.0,false,14.8,231.19101889437317,false
1,6,09:15,56,21:45,50,1,,,0.0,false,14.8,231.64977453109577,false
1,6,09:15,57,22:00,51,1,,,0.0,false,14.8,232.10853016781837,false
1,6,09:15,58,22:15,52,1,,,0.0,false,14.8,232.56728580454097,false
1,6,09:15,59,22:30,53,1,,,0.0,false,14.8,233.02604144126357,false
1,6,09:15,60,22:45,54,1,,,0.0,false,14.8,233.48479707798617,false
1,6,09:15,61,23:00,55,1,,,0.0,false,14.8,233.94355271470877,false
1,6,09:15,62,23:15,56,1,,,0.0,false,14.8,234.40230835143137,false
1,6,09:15,63,23:30,57,1,,,0.0,false,14.8,234.86106398815397,false
1,6,09:15,64,23:45,58,1,,,0.0,false,14.8,235.31981962487657,false
1,6,09:15,65,00:00,59,1,,,0.0,false,14.8,235.77857526159917,false
1,6,09:15,66,00:15,60,1,,,0.0,false,14.8,236.23733089832177,false
1,6,09:15,67,00:30,61,1,,,0.0,false,14.8,236.69608653504437,false
1,6,09:15,68,00:45,62,1,,,0.0,false,14.8,237.15484217176697,false
1,6,09:15,69,01:00,63,1,,,0.0,false,14.8,237.61359780848957,false
1,6,09:15,70,01:15,64,1,,,0.0,false,14.8,238.07235344521217,false
1,6,09:15,71,01:30,65,1,,,0.0,false,14.8,238.53110908193477,false
1,6,09:15,72,01:45,66,1,,,0.0,false,14.8,238.98986471865737,false
1,6,09:15,73,02:00,67,1,,,0.0,false,14.8,239.44862035537997,false
1,6,09:15,74,02:15,68,1,,,0.0,false,14.8,239.90737599210257,false
1,6,09:15,75,02:30,69,1,,,0.0,false,14.8,240.36613162882517,false
1,6,09:15,76,02:45,70,1,,,0.0,false,14.8,240.82488726554777,false
1,6,09:15,77,03:00,71,1,,,0.0,false,14.8,241.28364290227037,false
1,6,09:15,78,03:15,72,1,,,0.0,false,14.8,241.74239853899297,false
1,6,09:15,79,03:30,73,1,,,0.0,false,14.8,242.20115417571557,false
1,6,09:15,80,03:45,74,1,,,0.0,false,14.8,242.65990981243817,false
1,6,09:15,81,04:00,75,1,,,0.0,false,14.8,243.11866544916077,false
1,6,09:15,82,04:15,76,1,,,0.0,false,14.8,243.57742108588337,false
1,6,09:15,83,04:30,77,1,,,0.0,false,14.8,244.03617672260597,false
1,6,09:15,84,04:45,78,1,,,0.0,false,14.8,244.49493235932857,false
1,6,09:15,85,05:00,79,1,,,0.0,false,14.8,244.95368799605117,false
1,6,09:15,86,05:15,80,1,,,0.0,false,14.8,245.41244363277377,false
1,6,09:15,87,05:30,81,1,,,0.0,false,14.8,245.87119926949637,false
1,6,09:15,88,05:45,82,1,,,0.0,false,14.8,246.32995490621897,false
1,6,09:15,89,06:00,83,1,,,0.0,false,14.8,246.78871054294157,false
1,6,09:15,90,06:15,84,1,,,0.0,false,14.8,247.2474661796644,false
1,6,09:15,91,06:30,85,1,,,0.0,false,14.8,247.706221816387,false
1,6,09:15,92,06:45,86,1,,,0.0,false,14.8,248.1649774531096,false
1,6,09:15,93,07:00,87,1,,,0.0,false,14.8,248.6237330898322,false
1,6,09:15,94,07:15,88,1,,,0.0,false,14.8,249.0824887265548,false
1,6,09:15,95,07:30,89,1,,,0.0,false,14.8,249.5412443632774,false
1,6,09:15,96,07:45,90,1,,,0.0,false,14.8,250.0,false
1,7,09:30,7,09:30,0,1,,Charging,-8.881784197001252e-16,true,14.800000000000022,244.76045779268102,true
1,7,09:30,8,09:45,1,1,,Traveling,4.710099999999926,false,13.62247500000004,244.76045779268102,true
1,7,09:30,9,10:00,2,1,,Loading/Swinging,3.1585999999999785,false,12.832825000000046,244.76045779268102,true
1,7,09:30,10,10:15,3,1,,Digging,4.792499999999983,false,11.63470000000005,244.76045779268102,false
1,7,09:30,11,10:30,4,1,,Digging,4.7925000000000395,false,10.43657500000004,244.76045779268102,false
1,7,09:30,12,10:45,5,1,,Charging,5.417888360170764e-14,true,12.250275000000025,242.75081790348435,false
1,7,09:30,13,11:00,6,1,,Digging,4.792499999999755,false,11.052150000000086,242.75081790348435,false
1,7,09:30,14,11:15,7,1,,Traveling,4.710099999999997,false,9.874625000000087,242.75081790348435,false
1,7,09:30,15,11:30,8,1,,Digging,4.7925,false,8.676500000000086,242.75081790348435,false
1,7,09:30,16,11:45,9,1,,Digging,4.792499999999997,false,7.478375000000087,242.75081790348435,false
1,7,09:30,17,12:00,10,1,,Charging,0.0,true,9.378375000000087,240.6455547455896,false
1,7,09:30,18,12:15,11,1,,Charging,0.0,true,11.278375000000086,238.54029158769487,false
1,7,09:30,19,12:30,12,1,,,0.0,false,11.278375000000086,238.54029158769487,false
1,7,09:30,20,12:45,13,1,,,0.0,false,11.278375000000086,239.00219928740046,false
1,7,09:30,21,13:00,14,1,,,0.0,false,11.278375000000086,239.46410698710605,false
1,7,09:30,22,13:15,15,1,,,0.0,false,11.278375000000086,239.92601468681164,false
1,7,09:30,23,13:30,16,1,,,0.0,false,11.278375000000086,240.38792238651723,false
1,7,09:30,24,13:45,17,1,,,0.0,false,11.278375000000086,240.84983008622282,false
1,7,09:30,25,14:00,18,1,,Digging,4.792500000000004,false,10.080250000000085,241.31173778592844,false
1,7,09:30,26,14:15,19,1,,Digging,4.79249999999999,false,8.882125000000087,241.77364548563403,false
1,7,09:30,27,14:30,20,1,,Traveling,4.710100000000001,false,7.704600000000087,242.23555318533963,false
1,7,09:30,28,14:45,21,1,,Loading/Swinging,3.1586000000000176,false,6.914950000000083,242.69746088504522,false
1,7,09:30,29,15:00,22,1,,Idle,0.0,false,6.914950000000083,243.15936858475084,false
1,7,09:30,30,15:15,23,1,,Loading/Swinging,3.1586,false,6.125300000000083,243.62127628445643,false
1,7,09:30,31,15:30,24,1,,Loading/Swinging,3.1586,false,5.335650000000083,244.08318398416202,false
1,7,09:30,32,15:45,25,1,,Digging,4.7925,false,4.137525000000083,244.54509168386764,true
1,7,09:30,33,16:00,26,1,,Traveling,4.710099999999979,false,2.96,244.54509168386764,false
1,7,09:30,34,16:15,27,1,,Charging,1.7763568394002505e-15,true,4.859999999999999,242.4398285259729,false
1,7,09:30,35,16:30,28,1,,Loading/Swinging,3.158599999999982,false,4.070350000000004,242.4398285259729,false
1,7,09:30,36,16:45,29,1,,Loading/Swinging,3.158600000000142,false,3.2806999999999684,242.4398285259729,false
1,7,09:30,37,17:00,30,1,,Charging,0.0,true,5.180699999999968,240.33456536807816,false
1,7,09:30,38,17:15,31,1,,Charging,0.0,true,7.080699999999968,238.22930221018342,false
1,7,09:30,39,17:30,32,1,,,0.0,false,7.080699999999968,238.22930221018342,true
1,7,09:30,40,17:45,33,1,,Charging,0.0,true,8.980699999999969,236.12403905228868,false
1,7,09:30,41,18:00,34,1,,Charging,0.0,true,10.880699999999969,234.01877589439394,false
1,7,09:30,42,18:15,35,1,,Charging,0.0,true,12.780699999999968,231.9135127364992,false
1,7,09:30,43,18:30,36,1,,Charging,0.0,true,14.680699999999968,229.80824957860446,true
1,7,09:30,44,18:45,37,1,,Charging,0.0,true,14.799999999999999,229.67606121295356,true
1,7,09:30,45,19:00,38,1,,,0.0,false,14.799999999999999,229.67606121295356,false
1,7,09:30,46,19:15,39,1,,,0.0,false,14.799999999999999,229.67606121295356,false
1,7,09:30,47,19:30,40,1,,,0.0,false,14.799999999999999,229.67606121295356,false
1,7,09:30,48,19:45,41,1,,,0.0,false,14.799999999999999,229.67606121295356,false
1,7,09:30,49,20:00,42,1,,,0.0,false,14.799999999999999,229.67606121295356,false
1,7,09:30,50,20:15,43,1,,,0.0,false,14.799999999999999,229.67606121295356,false
1,7,09:30,51,20:30,44,1,,,0.0,false,14.799999999999999,229.67606121295356,false
1,7,09:30,52,20:45,45,1,,,0.0,false,14.799999999999999,229.67606121295356,false
1,7,09:30,53,21:00,46,1,,,0.0,false,14.799999999999999,230.13796891265918,false
1,7,09:30,54,21:15,47,1,,,0.0,false,14.799999999999999,230.59987661236477,false
1,7,09:30,55,21:30,48,1,,,0.0,false,14.799999999999999,231.06178431207036,false
1,7,09:30,56,21:45,49,1,,,0.0,false,14.8,231.52369201177598,false
1,7,09:30,57,22:00,50,1,,,0.0,false,14.8,231.98559971148157,false
1,7,09:30,58,22:15,51,1,,,0.0,false,14.8,232.4475074111872,false
1,7,09:30,59,22:30,52,1,,,0.0,false,14.8,232.90941511089278,false
1,7,09:30,60,22:45,53,1,,,0.0,false,14.8,233.37132281059837,false
1,7,09:30,61,23:00,54,1,,,0.0,false,14.8,233.833230510304,false
1,7,09:30,62,23:15,55,1,,,0.0,false,14.8,234.29513821000958,false
1,7,09:30,63,23:30,56,1,,,0.0,false,14.8,234.75704590971517,false
1,7,09:30,64,23:45,57,1,,,0.0,false,14.8,235.2189536094208,false
1,7,09:30,65,00:00,58,1,,,0.0,false,14.8,235.68086130912639,false
1,7,09:30,66,00:15,59,1,,,0.0,false,14.8,236.14276900883198,false
1,7,09:30,67,00:30,60,1,,,0.0,false,14.8,236.6046767085376,false
1,7,09:30,68,00:45,61,1,,,0.0,false,14.8,237.0665844082432,false
1,7,09:30,69,01:00,62,1,,,0.0,false,14.8,237.52849210794878,false
1,7,09:30,70,01:15,63,1,,,0.0,false,14.8,237.9903998076544,false
1,7,09:30,71,01:30,64,1,,,0.0,false,14.8,238.45230750736,false
1,7,09:30,72,01:45,65,1,,,0.0,false,14.8,238.91421520706558,false
1,7,09:30,73,02:00,66,1,,,0.0,false,14.8,239.3761229067712,false
1,7,09:30,74,02:15,67,1,,,0.0,false,14.8,239.8380306064768,false
1,7,09:30,75,02:30,68,1,,,0.0,false,14.8,240.29993830618238,false
1,7,09:30,76,02:45,69,1,,,0.0,false,14.8,240.761846005888,false
1,7,09:30,77,03:00,70,1,,,0.0,false,14.8,241.2237537055936,false
1,7,09:30,78,03:15,71,1,,,0.0,false,14.8,241.6856614052992,false
1,7,09:30,79,03:30,72,1,,,0.0,false,14.8,242.14756910500478,false
1,7,09:30,80,03:45,73,1,,,0.0,false,14.8,242.6094768047104,false
1,7,09:30,81,04:00,74,1,,,0.0,false,14.8,243.071384504416,false
1,7,09:30,82,04:15,75,1,,,0.0,false,14.8,243.53329220412158,false
1,7,09:30,83,04:30,76,1,,,0.0,false,14.8,243.9951999038272,false
1,7,09:30,84,04:45,77,1,,,0.0,false,14.8,244.4571076035328,false
1,7,09:30,85,05:00,78,1,,,0.0,false,14.8,244.91901530323838,false
1,7,09:30,86,05:15,79,1,,,0.0,false,14.8,245.380923002944,false
1,7,09:30,87,05:30,80,1,,,0.0,false,14.8,245.8428307026496,false
1,7,09:30,88,05:45,81,1,,,0.0,false,14.8,246.30473840235518,false
1,7,09:30,89,06:00,82,1,,,0.0,false,14.8,246.7666461020608,false
1,7,09:30,90,06:15,83,1,,,0.0,false,14.8,247.2285538017664,false
1,7,09:30,91,06:30,84,1,,,0.0,false,14.8,247.690461501472,false
1,7,09:30,92,06:45,85,1,,,0.0,false,14.8,248.1523692011776,false
1,7,09:30,93,07:00,86,1,,,0.0,false,14.8,248.6142769008832,false
1,7,09:30,94,07:15,87,1,,,0.0,false,14.8,249.07618460058882,false
1,7,09:30,95,07:30,88,1,,,0.0,false,14.8,249.5380923002944,false
1,7,09:30,96,07:45,89,1,,,0.0,false,14.8,250.0,false
1,8,09:45,8,09:45,0,1,,Traveling,4.710099999999997,false,13.622475000000001,244.76045779268102,false
1,8,09:45,9,10:00,1,1,,Digging,4.792500000000004,false,12.42435,244.76045779268102,true
1,8,09:45,10,10:15,2,1,,Digging,4.792500000000004,false,11.226225,244.76045779268102,false
1,8,09:45,11,10:30,3,1,,Digging,4.792500000000011,false,10.028099999999997,244.76045779268102,false
1,8,09:45,12,10:45,4,1,,Charging,-4.1451286847404845e-12,true,11.928100000039354,242.65519463474268,false
1,8,09:45,13,11:00,5,1,,Digging,4.792500000000388,false,10.729975000039257,242.65519463474268,false
1,8,09:45,14,11:15,6,1,,Traveling,4.710100000000785,false,9.55245000003906,242.65519463474268,false
1,8,09:45,15,11:30,7,1,,Digging,4.792499999999997,false,8.354325000039061,242.65519463474268,false
1,8,09:45,16,11:45,8,1,,Digging,4.7925,false,7.156200000039061,242.65519463474268,false
1,8,09:45,17,12:00,9,1,,Charging,0.0,true,9.056200000037121,240.5499314768501,false
1,8,09:45,18,12:15,10,1,,Charging,0.0,true,10.869900000007108,238.54029158768617,false
1,8,09:45,19,12:30,11,1,,,0.0,false,10.869900000007108,238.54029158768617,false
1,8,09:45,20,12:45,12,1,,,0.0,false,10.869900000007108,239.00219928739406,false
1,8,09:45,21,13:00,13,1,,,0.0,false,10.869900000007108,239.46410698709047,false
1,8,09:45,22,13:15,14,1,,,0.0,false,10.869900000007108,239.9260146867962,false
1,8,09:45,23,13:30,15,1,,,0.0,false,10.869900000007108,240.38792238650194,false
1,8,09:45,24,13:45,16,1,,,0.0,false,10.869900000007108,240.84983008620716,false
1,8,09:45,25,14:00,17,1,,Digging,4.792500000005392,false,9.671775000005761,241.3117377859129,false
1,8,09:45,26,14:15,18,1,,Digging,4.792499999999023,false,8.473650000006005,241.77364548561863,false
1,8,09:45,27,14:30,19,1,,Traveling,4.710099999997464,false,7.296125000006639,242.23555318532433,false
1,8,09:45,28,14:45,20,1,,Loading/Swinging,3.1586,false,6.506475000006639,242.69746088503007,false
1,8,09:45,29,15:00,21,1,,Idle,2.376765451117535e-12,false,6.506475000006045,243.1593685847358,false
1,8,09:45,30,15:15,22,1,,Loading/Swinging,3.1586000000002734,false,5.716825000005977,243.62127628444154,false
1,8,09:45,31,15:30,23,1,,Loading/Swinging,3.158599999999076,false,4.927175000006208,244.08318398414727,false
1,8,09:45,32,15:45,24,1,,Loading/Swinging,3.1585999999992733,false,4.13752500000639,244.545091683853,true
1,8,09:45,33,16:00,25,1,,Traveling,4.710100000025559,false,2.96,244.545091683853,false
1,8,09:45,34,16:15,26,1,,Charging,0.0,true,4.860000000000512,242.4398285259577,false
1,8,09:45,35,16:30,27,1,,Loading/Swinging,3.1585999999998258,false,4.0703500000005555,242.4398285259577,false
1,8,09:45,36,16:45,28,1,,Loading/Swinging,3.158599999917854,false,3.280700000021092,242.4398285259577,false
1,8,09:45,37,17:00,29,1,,Charging,0.0,true,5.180700000031702,240.3345653680512,false
1,8,09:45,38,17:15,30,1,,,0.0,false,5.180700000031683,240.33456536805122,true
1,8,09:45,39,17:30,31,1,,,0.0,false,5.1807000000273,240.33456536805608,false
1,8,09:45,40,17:45,32,1,,,0.0,false,5.180700000027399,240.33456536805596,true
1,8,09:45,41,18:00,33,1,,,0.0,false,5.180700000026995,240.33456536805642,true
1,8,09:45,42,18:15,34,1,,Charging,0.0,true,7.080700000026995,238.22930221016168,false
1,8,09:45,43,18:30,35,1,,Charging,0.0,true,8.980700000026994,236.12403905226694,false
1,8,09:45,44,18:45,36,1,,Charging,0.0,true,10.880700000026994,234.0187758943722,false
1,8,09:45,45,19:00,37,1,,Charging,0.0,true,12.780700000022089,231.9135127364829,true
1,8,09:45,46,19:15,38,1,,Charging,0.0,true,14.680700000022089,229.80824957858815,true
1,8,09:45,47,19:30,39,1,,Charging,0.0,true,14.800000000022562,229.67606121293665,true
1,8,09:45,48,19:45,40,1,,,0.0,false,14.800000000022562,229.67606121293665,false
1,8,09:45,49,20:00,41,1,,,0.0,false,14.800000000022562,229.67606121293665,false
1,8,09:45,50,20:15,42,1,,,0.0,false,14.800000000022562,229.67606121293665,false
1,8,09:45,51,20:30,43,1,,,0.0,false,14.800000000022562,229.67606121293665,false
1,8,09:45,52,20:45,44,1,,,0.0,false,14.800000000022106,229.67606121293716,false
1,8,09:45,53,21:00,45,1,,,0.0,false,14.800000000021743,230.1379689126433,false
1,8,09:45,54,21:15,46,1,,,0.0,false,14.800000000021743,230.59987661234902,false
1,8,09:45,55,21:30,47,1,,,0.0,false,14.800000000021743,231.06178431205475,false
1,8,09:45,56,21:45,48,1,,,0.0,false,14.800000000021743,231.5236920117605,false
1,8,09:45,57,22:00,49,1,,,0.0,false,14.800000000021743,231.98559971146622,false
1,8,09:45,58,22:15,50,1,,,0.0,false,14.800000000021743,232.44750741117196,false
1,8,09:45,59,22:30,51,1,,,0.0,false,14.800000000021743,232.9094151108777,false
1,8,09:45,60,22:45,52,1,,,0.0,false,14.800000000022884,233.37132281058217,false
1,8,09:45,61,23:00,53,1,,,0.0,false,14.800000000022884,233.8332305102879,false
1,8,09:45,62,23:15,54,1,,,0.0,false,14.800000000022884,234.29513820999364,false
1,8,09:45,63,23:30,55,1,,,0.0,false,14.800000000022884,234.75704590969937,false
1,8,09:45,64,23:45,56,1,,,0.0,false,14.800000000022884,235.2189536094051,false
1,8,09:45,65,00:00,57,1,,,0.0,false,14.800000000022884,235.68086130911084,false
1,8,09:45,66,00:15,58,1,,,0.0,false,14.800000000001788,236.14276900881657,false
1,8,09:45,67,00:30,59,1,,,0.0,false,14.800000000001788,236.6046767085223,false
1,8,09:45,68,00:45,60,1,,,0.0,false,14.800000000001788,237.06658440822804,false
1,8,09:45,69,01:00,61,1,,,0.0,false,14.800000000001788,237.52849210793377,false
1,8,09:45,70,01:15,62,1,,,0.0,false,14.800000000001788,237.9903998076395,false
1,8,09:45,71,01:30,63,1,,,0.0,false,14.800000000001788,238.45230750734524,false
1,8,09:45,72,01:45,64,1,,,0.0,false,14.800000000001788,238.91421520705097,false
1,8,09:45,73,02:00,65,1,,,0.0,false,14.800000000001788,239.3761229067567,false
1,8,09:45,74,02:15,66,1,,,0.0,false,14.800000000001788,239.83803060646244,false
1,8,09:45,75,02:30,67,1,,,0.0,false,14.800000000001788,240.29993830616817,false
1,8,09:45,76,02:45,68,1,,,0.0,false,14.800000000001788,240.7618460058739,false
1,8,09:45,77,03:00,69,1,,,0.0,false,14.800000000001788,241.22375370557964,false
1,8,09:45,78,03:15,70,1,,,0.0,false,14.800000000001788,241.68566140528537,false
1,8,09:45,79,03:30,71,1,,,0.0,false,14.800000000001788,242.1475691049911,false
1,8,09:45,80,03:45,72,1,,,0.0,false,14.800000000001788,242.60947680469684,false
1,8,09:45,81,04:00,73,1,,,0.0,false,14.800000000001788,243.07138450440257,false
1,8,09:45,82,04:15,74,1,,,0.0,false,14.800000000001788,243.5332922041083,false
1,8,09:45,83,04:30,75,1,,,0.0,false,14.800000000001788,243.99519990381404,false
1,8,09:45,84,04:45,76,1,,,0.0,false,14.800000000001788,244.45710760351977,false
1,8,09:45,85,05:00,77,1,,,0.0,false,14.800000000001788,244.9190153032255,false
1,8,09:45,86,05:15,78,1,,,0.0,false,14.800000000001788,245.38092300293124,false
1,8,09:45,87,05:30,79,1,,,0.0,false,14.800000000001788,245.84283070263697,false
1,8,09:45,88,05:45,80,1,,,0.0,false,14.800000000001788,246.3047384023427,false
1,8,09:45,89,06:00,81,1,,,0.0,false,14.800000000001788,246.76664610204844,false
1,8,09:45,90,06:15,82,1,,,0.0,false,14.800000000001788,247.22855380175417,false
1,8,09:45,91,06:30,83,1,,,0.0,false,14.799999999999983,247.6904615014599,false
1,8,09:45,92,06:45,84,1,,,0.0,false,14.799999999999983,248.15236920116564,false
1,8,09:45,93,07:00,85,1,,,0.0,false,14.799999999999983,248.6142769008719,false
1,8,09:45,94,07:15,86,1,,,0.0,false,14.799999999999983,249.07618460057762,false
1,8,09:45,95,07:30,87,1,,,0.0,false,14.799999999999983,249.53809230029427,false
1,8,09:45,96,07:45,88,1,,,0.0,false,14.8,250.0,false
1,9,10:00,9,10:00,0,1,,Digging,4.792500000000004,false,12.450225,244.76045779268102,false
1,9,10:00,10,10:15,1,1,,Digging,4.792500000000011,false,11.252099999999997,244.76045779268102,false
1,9,10:00,11,10:30,2,1,,Digging,4.7925,false,10.053974999999998,244.76045779268102,false
1,9,10:00,12,10:45,3,1,,Charging,5.329070518200751e-15,true,11.953974999999996,242.65519463478628,false
1,9,10:00,13,11:00,4,1,,Digging,4.7925,false,10.755849999999997,242.65519463478628,false
1,9,10:00,14,11:15,5,1,,Traveling,4.710100000000004,false,9.578324999999996,242.65519463478628,false
1,9,10:00,15,11:30,6,1,,Digging,4.7925,false,8.380199999999997,242.65519463478628,false
1,9,10:00,16,11:45,7,1,,Digging,4.7925,false,7.182074999999997,242.65519463478628,false
1,9,10:00,17,12:00,8,1,,Charging,0.0,true,8.649199999999993,241.02957136608822,false
1,9,10:00,18,12:15,9,1,,Charging,0.0,true,10.549199999999995,238.92430820819348,false
1,9,10:00,19,12:30,10,1,,,0.0,false,10.549199999999995,238.92430820819348,false
1,9,10:00,20,12:45,11,1,,,0.0,false,10.549199999999995,239.3857129191252,false
1,9,10:00,21,13:00,12,1,,,0.0,false,10.549199999999995,239.84711763005694,false
1,9,10:00,22,13:15,13,1,,,0.0,false,10.549199999999995,240.30852234098867,false
1,9,10:00,23,13:30,14,1,,,0.0,false,10.549199999999995,240.7699270519204,false
1,9,10:00,24,13:45,15,1,,,0.0,false,10.549199999999995,241.23133176285214,false
1,9,10:00,25,14:00,16,1,,Loading/Swinging,3.1586,false,9.759549999999996,241.69273647378387,true
1,9,10:00,26,14:15,17,1,,Digging,4.792499999999997,false,8.561424999999996,242.1541411847156,false
1,9,10:00,27,14:30,18,1,,Traveling,4.710100000000001,false,7.383899999999996,242.61554589564733,false
1,9,10:00,28,14:45,19,1,,Loading/Swinging,3.158599999999989,false,6.594249999999999,243.07695060657906,false
1,9,10:00,29,15:00,20,1,,Idle,0.0,false,6.594249999999999,243.5383553175108,false
1,9,10:00,30,15:15,21,1,,Loading/Swinging,3.1586000000000176,false,5.804599999999994,243.99976002844252,false
1,9,10:00,31,15:30,22,1,,Loading/Swinging,3.1586000000000265,false,5.014949999999988,244.46116473937425,false
1,9,10:00,32,15:45,23,1,,Loading/Swinging,3.1585999999999714,false,4.225299999999995,244.92256945030593,false
1,9,10:00,33,16:00,24,1,,Traveling,4.710099999999971,false,3.047774999999997,244.92256945030593,false
1,9,10:00,34,16:15,25,1,,Charging,2.3092638912203256e-14,true,4.947775000000007,242.81730629241116,false
1,9,10:00,35,16:30,26,1,,Digging,4.792499999999997,false,3.749650000000008,242.81730629241116,true
1,9,10:00,36,16:45,27,1,,Loading/Swinging,3.1586,false,2.960000000000008,242.81730629241116,false
1,9,10:00,37,17:00,28,1,,Charging,0.0,true,4.860000000000008,240.71204313451642,false
1,9,10:00,38,17:15,29,1,,,0.0,false,4.860000000000008,240.71204313451642,false
1,9,10:00,39,17:30,30,1,,,0.0,false,4.860000000000008,240.71204313451642,false
1,9,10:00,40,17:45,31,1,,Charging,0.0,true,6.76000000000001,238.60677997662168,true
1,9,10:00,41,18:00,32,1,,Charging,0.0,true,8.660000000000009,236.50151681872694,true
1,9,10:00,42,18:15,33,1,,Charging,0.0,true,10.56000000000001,234.3962536608322,false
1,9,10:00,43,18:30,34,1,,Charging,0.0,true,12.46000000000001,232.29099050293746,false
1,9,10:00,44,18:45,35,1,,Charging,0.0,true,14.360000000000008,230.18572734504272,false
1,9,10:00,45,19:00,36,1,,Charging,0.0,true,14.8,229.69819271900394,false
1,9,10:00,46,19:15,37,1,,,0.0,false,14.8,229.69819271900394,true
1,9,10:00,47,19:30,38,1,,,0.0,false,14.8,229.69819271900394,true
1,9,10:00,48,19:45,39,1,,,0.0,false,14.8,229.69819271900394,false
1,9,10:00,49,20:00,40,1,,,0.0,false,14.8,229.69819271900394,false
1,9,10:00,50,20:15,41,1,,,0.0,false,14.8,229.69819271900394,false
1,9,10:00,51,20:30,42,1,,,0.0,false,14.8,229.69819271900394,false
1,9,10:00,52,20:45,43,1,,,0.0,false,14.8,229.69819271900394,false
1,9,10:00,53,21:00,44,1,,,0.0,false,14.8,230.1595974299357,false
1,9,10:00,54,21:15,45,1,,,0.0,false,14.8,230.62100214086743,false
1,9,10:00,55,21:30,46,1,,,0.0,false,14.8,231.08240685179916,false
1,9,10:00,56,21:45,47,1,,,0.0,false,14.8,231.5438115627309,false
1,9,10:00,57,22:00,48,1,,,0.0,false,14.8,232.00521627366263,false
1,9,10:00,58,22:15,49,1,,,0.0,false,14.8,232.46662098459436,false
1,9,10:00,59,22:30,50,1,,,0.0,false,14.8,232.9280256955261,false
1,9,10:00,60,22:45,51,1,,,0.0,false,14.8,233.38943040645782,false
1,9,10:00,61,23:00,52,1,,,0.0,false,14.8,233.85083511738955,false
1,9,10:00,62,23:15,53,1,,,0.0,false,14.8,234.31223982832128,false
1,9,10:00,63,23:30,54,1,,,0.0,false,14.8,234.773644539253,false
1,9,10:00,64,23:45,55,1,,,0.0,false,14.8,235.23504925018474,false
1,9,10:00,65,00:00,56,1,,,0.0,false,14.8,235.69645396111648,false
1,9,10:00,66,00:15,57,1,,,0.0,false,14.8,236.1578586720482,false
1,9,10:00,67,00:30,58,1,,,0.0,false,14.8,236.61926338297994,false
1,9,10:00,68,00:45,59,1,,,0.0,false,14.8,237.08066809391167,false
1,9,10:00,69,01:00,60,1,,,0.0,false,14.8,237.5420728048434,false
1,9,10:00,70,01:15,61,1,,,0.0,false,14.8,238.00347751577513,false
1,9,10:00,71,01:30,62,1,,,0.0,false,14.8,238.46488222670686,false
1,9,10:00,72,01:45,63,1,,,0.0,false,14.8,238.9262869376386,false
1,9,10:00,73,02:00,64,1,,,0.0,false,14.8,239.38769164857032,false
1,9,10:00,74,02:15,65,1,,,0.0,false,14.8,239.84909635950206,false
1,9,10:00,75,02:30,66,1,,,0.0,false,14.8,240.3105010704338,false
1,9,10:00,76,02:45,67,1,,,0.0,false,14.8,240.77190578136552,false
1,9,10:00,77,03:00,68,1,,,0.0,false,14.8,241.23331049229725,false
1,9,10:00,78,03:15,69,1,,,0.0,false,14.8,241.69471520322898,false
1,9,10:00,79,03:30,70,1,,,0.0,false,14.8,242.1561199141607,false
1,9,10:00,80,03:45,71,1,,,0.0,false,14.8,242.61752462509244,false
1,9,10:00,81,04:00,72,1,,,0.0,false,14.8,243.07892933602417,false
1,9,10:00,82,04:15,73,1,,,0.0,false,14.8,243.5403340469559,false
1,9,10:00,83,04:30,74,1,,,0.0,false,14.8,244.00173875788764,false
1,9,10:00,84,04:45,75,1,,,0.0,false,14.8,244.46314346881937,false
1,9,10:00,85,05:00,76,1,,,0.0,false,14.8,244.9245481797511,false
1,9,10:00,86,05:15,77,1,,,0.0,false,14.8,245.38595289068283,false
1,9,10:00,87,05:30,78,1,,,0.0,false,14.8,245.84735760161456,false
1,9,10:00,88,05:45,79,1,,,0.0,false,14.8,246.3087623125463,false
1,9,10:00,89,06:00,80,1,,,0.0,false,14.8,246.77016702347802,false
1,9,10:00,90,06:15,81,1,,,0.0,false,14.8,247.23157173440975,false
1,9,10:00,91,06:30,82,1,,,0.0,false,14.8,247.6929764453415,false
1,9,10:00,92,06:45,83,1,,,0.0,false,14.8,248.15438115627322,false
1,9,10:00,93,07:00,84,1,,,0.0,false,14.8,248.61578586720495,false
1,9,10:00,94,07:15,85,1,,,0.0,false,14.8,249.07719057813668,false
1,9,10:00,95,07:30,86,1,,,0.0,false,14.8,249.53859528906824,false
1,9,10:00,96,07:45,87,1,,,0.0,false,14.8,250.0,false
1,10,10:15,10,10:15,0,1,,Digging,4.7925,false,11.25415,244.76045779268102,false
1,10,10:15,11,10:30,1,1,,Digging,4.792499999999997,false,10.056025,244.76045779268102,false
1,10,10:15,12,10:45,2,1,,Charging,0.0,true,11.841800000000005,242.78175973173919,false
1,10,10:15,13,11:00,3,1,,Digging,4.792499999999997,false,10.643675000000005,242.78175973173919,false
1,10,10:15,14,11:15,4,1,,Traveling,4.7101,false,9.466150000000006,242.78175973173919,false
1,10,10:15,15,11:30,5,1,,Digging,4.792500000000004,false,8.268025000000005,242.78175973173919,false
1,10,10:15,16,11:45,6,1,,Digging,4.792499999999983,false,7.069900000000009,242.78175973173919,false
1,10,10:15,17,12:00,7,1,,Charging,0.0,true,8.96990000000001,240.67649657384445,false
1,10,10:15,18,12:15,8,1,,Charging,0.0,true,10.869900000000008,238.5712334159497,false
1,10,10:15,19,12:30,9,1,,,0.0,false,10.869900000000008,238.5712334159497,false
1,10,10:15,20,12:45,10,1,,,0.0,false,10.869900000000008,239.0325982765631,false
1,10,10:15,21,13:00,11,1,,,0.0,false,10.869900000000008,239.4939631371765,false
1,10,10:15,22,13:15,12,1,,,0.0,false,10.869900000000008,239.9553279977899,false
1,10,10:15,23,13:30,13,1,,,0.0,false,10.869900000000008,240.4166928584033,false
1,10,10:15,24,13:45,14,1,,,0.0,false,10.869900000000008,240.87805771901668,false
1,10,10:15,25,14:00,15,1,,Digging,4.792499999999997,false,9.67177500000001,241.33942257963008,true
1,10,10:15,26,14:15,16,1,,Digging,4.792499999999997,false,8.47365000000001,241.80078744024348,false
1,10,10:15,27,14:30,17,1,,Traveling,4.710099999999979,false,7.296125000000015,242.26215230085688,false
1,10,10:15,28,14:45,18,1,,Loading/Swinging,3.1586,false,6.506475000000015,242.72351716147028,false
1,10,10:15,29,15:00,19,1,,Idle,0.0,false,6.506475000000015,243.18488202208368,false
1,10,10:15,30,15:15,20,1,,Loading/Swinging,3.1586,false,5.716825000000015,243.64624688269708,false
1,10,10:15,31,15:30,21,1,,Loading/Swinging,3.1586,false,4.927175000000015,244.10761174331049,false
1,10,10:15,32,15:45,22,1,,Loading/Swinging,3.158600000000006,false,4.137525000000014,244.5689766039239,false
1,10,10:15,33,16:00,23,1,,Traveling,4.7101000000000575,false,2.96,244.5689766039239,false
1,10,10:15,34,16:15,24,1,,Charging,5.5067062021407764e-14,true,4.859999999999986,242.46371344602915,false
1,10,10:15,35,16:30,25,1,,Loading/Swinging,3.1586,false,4.070349999999986,242.46371344602915,true
1,10,10:15,36,16:45,26,1,,Loading/Swinging,3.1585999999997973,false,3.280700000000037,242.46371344602915,false
1,10,10:15,37,17:00,27,1,,Charging,0.0,true,5.180700000000055,240.35845028813438,false
1,10,10:15,38,17:15,28,1,,Charging,0.0,true,7.080700000000057,238.25318713023964,true
1,10,10:15,39,17:30,29,1,,Charging,0.0,true,7.200000000000039,238.12099876458868,true
1,10,10:15,40,17:45,30,1,,Charging,0.0,true,9.100000000000058,236.0157356066939,false
1,10,10:15,41,18:00,31,1,,Charging,0.0,true,11.000000000000046,233.9104724487992,false
1,10,10:15,42,18:15,32,1,,Charging,0.0,true,12.900000000000048,231.80520929090446,false
1,10,10:15,43,18:30,33,1,,Charging,0.0,true,14.799999999999994,229.69994613300972,false
1,10,10:15,44,18:45,34,1,,,0.0,false,14.799999999999994,229.69994613300972,true
1,10,10:15,45,19:00,35,1,,,0.0,false,14.799999999999994,229.69994613300972,true
1,10,10:15,46,19:15,36,1,,,0.0,false,14.799999999999994,229.69994613300972,false
1,10,10:15,47,19:30,37,1,,,0.0,false,14.799999999999994,229.69994613300972,false
1,10,10:15,48,19:45,38,1,,,0.0,false,14.799999999999994,229.69994613300972,false
1,10,10:15,49,20:00,39,1,,,0.0,false,14.799999999999994,229.69994613300972,false
1,10,10:15,50,20:15,40,1,,,0.0,false,14.799999999999994,229.69994613300972,false
1,10,10:15,51,20:30,41,1,,,0.0,false,14.799999999999994,229.69994613300972,false
1,10,10:15,52,20:45,42,1,,,0.0,false,14.799999999999994,229.69994613300972,false
1,10,10:15,53,21:00,43,1,,,0.0,false,14.799999999999994,230.16131099362312,false
1,10,10:15,54,21:15,44,1,,,0.0,false,14.799999999999994,230.62267585423652,false
1,10,10:15,55,21:30,45,1,,,0.0,false,14.799999999999994,231.08404071484992,false
1,10,10:15,56,21:45,46,1,,,0.0,false,14.799999999999994,231.54540557546332,false
1,10,10:15,57,22:00,47,1,,,0.0,false,14.799999999999994,232.00677043607672,false
1,10,10:15,58,22:15,48,1,,,0.0,false,14.799999999999994,232.46813529669012,false
1,10,10:15,59,22:30,49,1,,,0.0,false,14.799999999999994,232.92950015730352,false
1,10,10:15,60,22:45,50,1,,,0.0,false,14.799999999999994,233.39086501791692,false
1,10,10:15,61,23:00,51,1,,,0.0,false,14.799999999999994,233.85222987853032,false
1,10,10:15,62,23:15,52,1,,,0.0,false,14.799999999999994,234.31359473914372,false
1,10,10:15,63,23:30,53,1,,,0.0,false,14.799999999999994,234.77495959975712,false
1,10,10:15,64,23:45,54,1,,,0.0,false,14.799999999999994,235.23632446037053,false
1,10,10:15,65,00:00,55,1,,,0.0,false,14.799999999999994,235.69768932098393,false
1,10,10:15,66,00:15,56,1,,,0.0,false,14.799999999999994,236.15905418159733,false
1,10,10:15,67,00:30,57,1,,,0.0,false,14.799999999999994,236.62041904221073,false
1,10,10:15,68,00:45,58,1,,,0.0,false,14.799999999999994,237.08178390282413,false
1,10,10:15,69,01:00,59,1,,,0.0,false,14.799999999999994,237.54314876343753,false
1,10,10:15,70,01:15,60,1,,,0.0,false,14.799999999999994,238.00451362405093,false
1,10,10:15,71,01:30,61,1,,,0.0,false,14.799999999999994,238.46587848466433,false
1,10,10:15,72,01:45,62,1,,,0.0,false,14.799999999999994,238.92724334527773,false
1,10,10:15,73,02:00,63,1,,,0.0,false,14.799999999999994,239.38860820589113,false
1,10,10:15,74,02:15,64,1,,,0.0,false,14.799999999999994,239.84997306650453,false
1,10,10:15,75,02:30,65,1,,,0.0,false,14.799999999999994,240.31133792711793,false
1,10,10:15,76,02:45,66,1,,,0.0,false,14.799999999999994,240.77270278773133,false
1,10,10:15,77,03:00,67,1,,,0.0,false,14.799999999999994,241.23406764834473,false
1,10,10:15,78,03:15,68,1,,,0.0,false,14.799999999999994,241.69543250895813,false
1,10,10:15,79,03:30,69,1,,,0.0,false,14.799999999999994,242.15679736957154,false
1,10,10:15,80,03:45,70,1,,,0.0,false,14.799999999999994,242.61816223018494,false
1,10,10:15,81,04:00,71,1,,,0.0,false,14.799999999999994,243.07952709079834,false
1,10,10:15,82,04:15,72,1,,,0.0,false,14.799999999999994,243.54089195141174,false
1,10,10:15,83,04:30,73,1,,,0.0,false,14.799999999999994,244.00225681202514,false
1,10,10:15,84,04:45,74,1,,,0.0,false,14.799999999999994,244.46362167263854,false
1,10,10:15,85,05:00,75,1,,,0.0,false,14.799999999999994,244.92498653325194,false
1,10,10:15,86,05:15,76,1,,,0.0,false,14.799999999999994,245.38635139386534,false
1,10,10:15,87,05:30,77,1,,,0.0,false,14.799999999999994,245.84771625447874,false
1,10,10:15,88,05:45,78,1,,,0.0,false,14.799999999999994,246.30908111509214,false
1,10,10:15,89,06:00,79,1,,,0.0,false,14.799999999999994,246.77044597570554,false
1,10,10:15,90,06:15,80,1,,,0.0,false,14.799999999999994,247.23181083631894,false
1,10,10:15,91,06:30,81,1,,,0.0,false,14.799999999999994,247.69317569693234,false
1,10,10:15,92,06:45,82,1,,,0.0,false,14.799999999999994,248.15454055754574,false
1,10,10:15,93,07:00,83,1,,,0.0,false,14.799999999999997,248.61590541815914,false
1,10,10:15,94,07:15,84,1,,,0.0,false,14.799999999999997,249.07727027877254,false
1,10,10:15,95,07:30,85,1,,,0.0,false,14.8,249.53863513938657,false
1,10,10:15,96,07:45,86,1,,,0.0,false,14.8,250.0,false
1,11,10:30,11,10:30,0,1,,Digging,4.792500000000004,false,10.181474999999999,244.76045779268102,false
1,11,10:30,12,10:45,1,1,,Charging,-8.881784197001252e-15,true,12.081475000000001,242.65519463478628,false
1,11,10:30,13,11:00,2,1,,Digging,4.7925,false,10.883350000000002,242.65519463478628,false
1,11,10:30,14,11:15,3,1,,Traveling,4.710099999999933,false,9.705825000000019,242.65519463478628,false
1,11,10:30,15,11:30,4,1,,Digging,4.79250000000006,false,8.507700000000003,242.65519463478628,false
1,11,10:30,16,11:45,5,1,,Digging,4.7925,false,7.309575000000003,242.65519463478628,false
1,11,10:30,17,12:00,6,1,,Charging,0.0,true,9.209575000000003,240.54993147689154,false
1,11,10:30,18,12:15,7,1,,Charging,0.0,true,11.109575000000003,238.4446683189968,false
1,11,10:30,19,12:30,8,1,,,0.0,false,11.109575000000003,238.4446683189968,false
1,11,10:30,20,12:45,9,1,,,0.0,false,11.109575000000003,238.90359453452103,false
1,11,10:30,21,13:00,10,1,,,0.0,false,11.109575000000003,239.36252075004526,false
1,11,10:30,22,13:15,11,1,,,0.0,false,11.109575000000003,239.8214469655695,false
1,11,10:30,23,13:30,12,1,,,0.0,false,11.109575000000003,240.28037318109372,false
1,11,10:30,24,13:45,13,1,,,0.0,false,11.109575000000003,240.73929939661798,false
1,11,10:30,25,14:00,14,1,,Digging,4.792500000000004,false,9.911450000000002,241.1982256121422,false
1,11,10:30,26,14:15,15,1,,Digging,4.792500000000004,false,8.713325000000001,241.65715182766644,false
1,11,10:30,27,14:30,16,1,,Traveling,4.710099999999995,false,7.535800000000004,242.11607804319067,false
1,11,10:30,28,14:45,17,1,,Loading/Swinging,3.1586,false,6.746150000000004,242.5750042587149,false
1,11,10:30,29,15:00,18,1,,Idle,0.0,false,6.746150000000004,243.03393047423916,false
1,11,10:30,30,15:15,19,1,,Loading/Swinging,3.1586,false,5.956500000000004,243.49285668976339,false
1,11,10:30,31,15:30,20,1,,Loading/Swinging,3.1586,false,5.166850000000004,243.95178290528762,false
1,11,10:30,32,15:45,21,1,,Loading/Swinging,3.158600000000014,false,4.3772,244.41070912081184,false
1,11,10:30,33,16:00,22,1,,Traveling,4.710099999999994,false,3.1996749999999325,244.41070912081184,false
1,11,10:30,34,16:15,23,1,,Charging,-8.615330671091215e-14,true,4.979299999999954,242.43882546430214,false
1,11,10:30,35,16:30,24,1,,Loading/Swinging,3.1586,false,4.189649999999954,242.43882546430214,false
1,11,10:30,36,16:45,25,1,,Loading/Swinging,3.1586000000000194,false,3.399999999999949,242.43882546430214,false
1,11,10:30,37,17:00,26,1,,Charging,0.0,true,5.299999999999957,240.3335623064074,false
1,11,10:30,38,17:15,27,1,,Charging,0.0,true,7.199999999999943,238.2282991485127,false
1,11,10:30,39,17:30,28,1,,Charging,0.0,true,9.099999999999943,236.12303599061795,false
1,11,10:30,40,17:45,29,1,,Charging,0.0,true,10.999999999999956,234.0177728327232,false
1,11,10:30,41,18:00,30,1,,Charging,0.0,true,12.899999999999956,231.91250967482847,false
1,11,10:30,42,18:15,31,1,,Charging,0.0,true,14.799999999999994,229.8072465169337,false
1,11,10:30,43,18:30,32,1,,,0.0,false,14.799999999999994,229.8072465169337,true
1,11,10:30,44,18:45,33,1,,,0.0,false,14.8,229.8072465169337,false
1,11,10:30,45,19:00,34,1,,,0.0,false,14.8,229.8072465169337,false
1,11,10:30,46,19:15,35,1,,,0.0,false,14.8,229.8072465169337,false
1,11,10:30,47,19:30,36,1,,,0.0,false,14.8,229.8072465169337,false
1,11,10:30,48,19:45,37,1,,,0.0,false,14.8,229.8072465169337,false
1,11,10:30,49,20:00,38,1,,,0.0,false,14.8,229.8072465169337,false
1,11,10:30,50,20:15,39,1,,,0.0,false,14.8,229.8072465169337,false
1,11,10:30,51,20:30,40,1,,,0.0,false,14.8,229.8072465169337,false
1,11,10:30,52,20:45,41,1,,,0.0,false,14.8,229.8072465169337,false
1,11,10:30,53,21:00,42,1,,,0.0,false,14.8,230.26617273245793,false
1,11,10:30,54,21:15,43,1,,,0.0,false,14.8,230.72509894798216,false
1,11,10:30,55,21:30,44,1,,,0.0,false,14.8,231.1840251635064,false
1,11,10:30,56,21:45,45,1,,,0.0,false,14.8,231.64295137903062,false
1,11,10:30,57,22:00,46,1,,,0.0,false,14.8,232.10187759455485,false
1,11,10:30,58,22:15,47,1,,,0.0,false,14.8,232.56080381007908,false
1,11,10:30,59,22:30,48,1,,,0.0,false,14.8,233.0197300256033,false
1,11,10:30,60,22:45,49,1,,,0.0,false,14.8,233.47865624112754,false
1,11,10:30,61,23:00,50,1,,,0.0,false,14.8,233.93758245665177,false
1,11,10:30,62,23:15,51,1,,,0.0,false,14.8,234.396508672176,false
1,11,10:30,63,23:30,52,1,,,0.0,false,14.8,234.85543488770023,false
1,11,10:30,64,23:45,53,1,,,0.0,false,14.8,235.31436110322446,false
1,11,10:30,65,00:00,54,1,,,0.0,false,14.8,235.7732873187487,false
1,11,10:30,66,00:15,55,1,,,0.0,false,14.8,236.23221353427292,false
1,11,10:30,67,00:30,56,1,,,0.0,false,14.8,236.69113974979714,false
1,11,10:30,68,00:45,57,1,,,0.0,false,14.8,237.15006596532137,false
1,11,10:30,69,01:00,58,1,,,0.0,false,14.8,237.6089921808456,false
1,11,10:30,70,01:15,59,1,,,0.0,false,14.8,238.06791839636983,false
1,11,10:30,71,01:30,60,1,,,0.0,false,14.8,238.52684461189406,false
1,11,10:30,72,01:45,61,1,,,0.0,false,14.8,238.9857708274183,false
1,11,10:30,73,02:00,62,1,,,0.0,false,14.8,239.44469704294252,false
1,11,10:30,74,02:15,63,1,,,0.0,false,14.8,239.90362325846675,false
1,11,10:30,75,02:30,64,1,,,0.0,false,14.8,240.36254947399098,false
1,11,10:30,76,02:45,65,1,,,0.0,false,14.8,240.8214756895152,false
1,11,10:30,77,03:00,66,1,,,0.0,false,14.8,241.28040190503944,false
1,11,10:30,78,03:15,67,1,,,0.0,false,14.8,241.73932812056367,false
1,11,10:30,79,03:30,68,1,,,0.0,false,14.8,242.1982543360879,false
1,11,10:30,80,03:45,69,1,,,0.0,false,14.8,242.65718055161213,false
1,11,10:30,81,04:00,70,1,,,0.0,false,14.8,243.11610676713636,false
1,11,10:30,82,04:15,71,1,,,0.0,false,14.8,243.5750329826606,false
1,11,10:30,83,04:30,72,1,,,0.0,false,14.8,244.03395919818482,false
1,11,10:30,84,04:45,73,1,,,0.0,false,14.8,244.49288541370905,false
1,11,10:30,85,05:00,74,1,,,0.0,false,14.8,244.95181162923328,false
1,11,10:30,86,05:15,75,1,,,0.0,false,14.8,245.4107378447575,false
1,11,10:30,87,05:30,76,1,,,0.0,false,14.8,245.86966406028174,false
1,11,10:30,88,05:45,77,1,,,0.0,false,14.8,246.32859027580596,false
1,11,10:30,89,06:00,78,1,,,0.0,false,14.8,246.7875164913302,false
1,11,10:30,90,06:15,79,1,,,0.0,false,14.8,247.24644270685442,false
1,11,10:30,91,06:30,80,1,,,0.0,false,14.8,247.70536892237865,false
1,11,10:30,92,06:45,81,1,,,0.0,false,14.8,248.16429513790288,false
1,11,10:30,93,07:00,82,1,,,0.0,false,14.8,248.6232213534271,false
1,11,10:30,94,07:15,83,1,,,0.0,false,14.8,249.0821475689515,false
1,11,10:30,95,07:30,84,1,,,0.0,false,14.8,249.54107378447574,false
1,11,10:30,96,07:45,85,1,,,0.0,false,14.8,250.0,false
1,12,10:45,12,10:45,0,1,,Charging,0.0,true,12.072675,242.65519463478628,false
1,12,10:45,13,11:00,1,1,,Digging,4.792500000000002,false,10.87455,242.65519463478628,false
1,12,10:45,14,11:15,2,1,,Traveling,4.7101,false,9.697025,242.65519463478628,false
1,12,10:45,15,11:30,3,1,,Digging,4.792500000000004,false,8.498899999999999,242.65519463478628,false
1,12,10:45,16,11:45,4,1,,Digging,4.792499999999997,false,7.300775,242.65519463478628,false
1,12,10:45,17,12:00,5,1,,Charging,0.0,true,9.200775,240.54993147689154,false
1,12,10:45,18,12:15,6,1,,Charging,0.0,true,11.100774999999999,238.4446683189968,false
1,12,10:45,19,12:30,7,1,,,0.0,false,11.100774999999999,238.4446683189968,false
1,12,10:45,20,12:45,8,1,,,0.0,false,11.100775000000002,238.90376559930212,false
1,12,10:45,21,13:00,9,1,,,0.0,false,11.100775000000002,239.3628628796074,false
1,12,10:45,22,13:15,10,1,,,0.0,false,11.100775000000002,239.8219601599127,false
1,12,10:45,23,13:30,11,1,,,0.0,false,11.100775000000002,240.28105744021798,false
1,12,10:45,24,13:45,12,1,,,0.0,false,11.100775000000002,240.74015472052332,false
1,12,10:45,25,14:00,13,1,,Digging,4.792500000000004,false,9.902650000000001,241.1992520008286,false
1,12,10:45,26,14:15,14,1,,Digging,4.7925,false,8.704525,241.6583492811339,false
1,12,10:45,27,14:30,15,1,,Traveling,4.710100000000001,false,7.527,242.11744656143918,false
1,12,10:45,28,14:45,16,1,,Loading/Swinging,3.1586,false,6.737350000000001,242.57654384174447,false
1,12,10:45,29,15:00,17,1,,Idle,0.0,false,6.737350000000001,243.0356411220498,false
1,12,10:45,30,15:15,18,1,,Loading/Swinging,3.1586,false,5.947700000000001,243.4947384023551,false
1,12,10:45,31,15:30,19,1,,Loading/Swinging,3.1586,false,5.158050000000001,243.9538356826604,false
1,12,10:45,32,15:45,20,1,,Loading/Swinging,3.1586,false,4.368400000000001,244.41293296296573,false
1,12,10:45,33,16:00,21,1,,Traveling,4.710100000000001,false,3.190875000000001,244.41293296296573,false
1,12,10:45,34,16:15,22,1,,Charging,1.7763568394002505e-15,true,5.0908750000000005,242.307669805071,false
1,12,10:45,35,16:30,23,1,,Loading/Swinging,3.1586,false,4.301225000000001,242.307669805071,false
1,12,10:45,36,16:45,24,1,,Loading/Swinging,3.1586,false,3.5115750000000014,242.307669805071,false
1,12,10:45,37,17:00,25,1,,,0.0,false,3.5115750000000014,242.307669805071,true
1,12,10:45,38,17:15,26,1,,Charging,0.0,true,5.411575000000001,240.20240664717625,false
1,12,10:45,39,17:30,27,1,,Charging,0.0,true,7.311575000000001,238.0971434892815,false
1,12,10:45,40,17:45,28,1,,Charging,0.0,true,9.211575000000002,235.99188033138677,false
1,12,10:45,41,18:00,29,1,,Charging,0.0,true,11.111575000000002,233.88661717349203,false
1,12,10:45,42,18:15,30,1,,Charging,0.0,true,13.011575000000002,231.7813540155973,false
1,12,10:45,43,18:30,31,1,,Charging,0.0,true,14.799999999999999,229.79971966656683,true
1,12,10:45,44,18:45,32,1,,,0.0,false,14.799999999999999,229.79971966656683,false
1,12,10:45,45,19:00,33,1,,,0.0,false,14.799999999999999,229.79971966656683,false
1,12,10:45,46,19:15,34,1,,,0.0,false,14.799999999999999,229.79971966656683,false
1,12,10:45,47,19:30,35,1,,,0.0,false,14.799999999999999,229.79971966656683,false
1,12,10:45,48,19:45,36,1,,,0.0,false,14.799999999999999,229.79971966656683,false
1,12,10:45,49,20:00,37,1,,,0.0,false,14.799999999999999,229.79971966656683,false
1,12,10:45,50,20:15,38,1,,,0.0,false,14.799999999999999,229.79971966656683,false
1,12,10:45,51,20:30,39,1,,,0.0,false,14.799999999999999,229.79971966656683,false
1,12,10:45,52,20:45,40,1,,,0.0,false,14.8,229.79971966656683,false
1,12,10:45,53,21:00,41,1,,,0.0,false,14.8,230.25881694687212,false
1,12,10:45,54,21:15,42,1,,,0.0,false,14.8,230.7179142271774,false
1,12,10:45,55,21:30,43,1,,,0.0,false,14.8,231.1770115074827,false
1,12,10:45,56,21:45,44,1,,,0.0,false,14.8,231.63610878778798,false
1,12,10:45,57,22:00,45,1,,,0.0,false,14.8,232.09520606809326,false
1,12,10:45,58,22:15,46,1,,,0.0,false,14.8,232.55430334839855,false
1,12,10:45,59,22:30,47,1,,,0.0,false,14.8,233.01340062870383,false
1,12,10:45,60,22:45,48,1,,,0.0,false,14.8,233.47249790900912,false
1,12,10:45,61,23:00,49,1,,,0.0,false,14.8,233.9315951893144,false
1,12,10:45,62,23:15,50,1,,,0.0,false,14.8,234.3906924696197,false
1,12,10:45,63,23:30,51,1,,,0.0,false,14.8,234.84978974992498,false
1,12,10:45,64,23:45,52,1,,,0.0,false,14.8,235.30888703023027,false
1,12,10:45,65,00:00,53,1,,,0.0,false,14.8,235.76798431053555,false
1,12,10:45,66,00:15,54,1,,,0.0,false,14.8,236.22708159084084,false
1,12,10:45,67,00:30,55,1,,,0.0,false,14.8,236.68617887114613,false
1,12,10:45,68,00:45,56,1,,,0.0,false,14.8,237.1452761514514,false
1,12,10:45,69,01:00,57,1,,,0.0,false,14.8,237.6043734317567,false
1,12,10:45,70,01:15,58,1,,,0.0,false,14.8,238.06347071206199,false
1,12,10:45,71,01:30,59,1,,,0.0,false,14.8,238.52256799236727,false
1,12,10:45,72,01:45,60,1,,,0.0,false,14.8,238.98166527267256,false
1,12,10:45,73,02:00,61,1,,,0.0,false,14.8,239.44076255297784,false
1,12,10:45,74,02:15,62,1,,,0.0,false,14.8,239.89985983328313,false
1,12,10:45,75,02:30,63,1,,,0.0,false,14.8,240.35895711358842,false
1,12,10:45,76,02:45,64,1,,,0.0,false,14.8,240.8180543938937,false
1,12,10:45,77,03:00,65,1,,,0.0,false,14.8,241.277151674199,false
1,12,10:45,78,03:15,66,1,,,0.0,false,14.8,241.73624895450428,false
1,12,10:45,79,03:30,67,1,,,0.0,false,14.8,242.19534623480956,false
1,12,10:45,80,03:45,68,1,,,0.0,false,14.8,242.65444351511485,false
1,12,10:45,81,04:00,69,1,,,0.0,false,14.8,243.11354079542014,false
1,12,10:45,82,04:15,70,1,,,0.0,false,14.8,243.57263807572542,false
1,12,10:45,83,04:30,71,1,,,0.0,false,14.8,244.0317353560307,false
1,12,10:45,84,04:45,72,1,,,0.0,false,14.8,244.490832636336,false
1,12,10:45,85,05:00,73,1,,,0.0,false,14.8,244.94992991664128,false
1,12,10:45,86,05:15,74,1,,,0.0,false,14.8,245.40902719694657,false
1,12,10:45,87,05:30,75,1,,,0.0,false,14.8,245.86812447725185,false
1,12,10:45,88,05:45,76,1,,,0.0,false,14.8,246.32722175755714,false
1,12,10:45,89,06:00,77,1,,,0.0,false,14.8,246.78631903786243,false
1,12,10:45,90,06:15,78,1,,,0.0,false,14.8,247.2454163181677,false
1,12,10:45,91,06:30,79,1,,,0.0,false,14.8,247.704513598473,false
1,12,10:45,92,06:45,80,1,,,0.0,false,14.8,248.1636108787783,false
1,12,10:45,93,07:00,81,1,,,0.0,false,14.8,248.62270815908357,false
1,12,10:45,94,07:15,82,1,,,0.0,false,14.8,249.08180543938886,false
1,12,10:45,95,07:30,83,1,,,0.0,false,14.8,249.5409027196947,false
1,12,10:45,96,07:45,84,1,,,0.0,false,14.8,250.0,false
1,13,11:00,13,11:00,0,1,,Digging,4.792500000000004,false,10.857325,242.65519463478628,false
1,13,11:00,14,11:15,1,1,,Traveling,4.710099999999997,false,9.6798,242.65519463478628,false
1,13,11:00,15,11:30,2,1,,Digging,4.7925,false,8.481675000000001,242.65519463478628,false
1,13,11:00,16,11:45,3,1,,Digging,4.7925,false,7.283550000000001,242.65519463478628,false
1,13,11:00,17,12:00,4,1,,Charging,0.0,true,9.18355,240.54993147689154,false
1,13,11:00,18,12:15,5,1,,Charging,0.0,true,11.08355,238.4446683189968,false
1,13,11:00,19,12:30,6,1,,,0.0,false,11.08355,238.4446683189968,false
1,13,11:00,20,12:45,7,1,,,0.0,false,11.08355,238.90410043917186,false
1,13,11:00,21,13:00,8,1,,,0.0,false,11.08355,239.3635325593469,false
1,13,11:00,22,13:15,9,1,,,0.0,false,11.08355,239.82296467952196,false
1,13,11:00,23,13:30,10,1,,,0.0,false,11.08355,240.282396799697,false
1,13,11:00,24,13:45,11,1,,,0.0,false,11.08355,240.74182891987206,false
1,13,11:00,25,14:00,12,1,,Digging,4.7925,false,9.885425000000001,241.20126104004714,false
1,13,11:00,26,14:15,13,1,,Digging,4.792500000000004,false,8.6873,241.6606931602222,false
1,13,11:00,27,14:30,14,1,,Traveling,4.7101,false,7.509775,242.12012528039725,false
1,13,11:00,28,14:45,15,1,,Loading/Swinging,3.1586,false,6.720125,242.5795574005723,false
1,13,11:00,29,15:00,16,1,,Idle,0.0,false,6.720125,243.03898952074735,false
1,13,11:00,30,15:15,17,1,,Loading/Swinging,3.1586,false,5.930475,243.49842164092243,false
1,13,11:00,31,15:30,18,1,,Loading/Swinging,3.1586,false,5.1408249999999995,243.95785376109748,false
1,13,11:00,32,15:45,19,1,,Loading/Swinging,3.1586,false,4.351175,244.41728588127253,false
1,13,11:00,33,16:00,20,1,,Traveling,4.7101,false,3.1736499999999994,244.41728588127253,false
1,13,11:00,34,16:15,21,1,,Charging,0.0,true,5.073649999999999,242.3120227233778,false
1,13,11:00,35,16:30,22,1,,Loading/Swinging,3.1586,false,4.283999999999999,242.3120227233778,false
1,13,11:00,36,16:45,23,1,,Loading/Swinging,3.1586,false,3.4943499999999985,242.3120227233778,false
1,13,11:00,37,17:00,24,1,,Charging,0.0,true,5.3943499999999975,240.20675956548305,true
1,13,11:00,38,17:15,25,1,,Charging,0.0,true,7.294349999999998,238.10149640758831,false
1,13,11:00,39,17:30,26,1,,Charging,0.0,true,9.1,236.10077618598166,false
1,13,11:00,40,17:45,27,1,,Charging,0.0,true,11.0,233.99551302808692,false
1,13,11:00,41,18:00,28,1,,Charging,0.0,true,12.9,231.89024987019218,false
1,13,11:00,42,18:15,29,1,,Charging,0.0,true,14.799999999999999,229.78498671229747,false
1,13,11:00,43,18:30,30,1,,,0.0,false,14.799999999999999,229.78498671229747,true
1,13,11:00,44,18:45,31,1,,,0.0,false,14.799999999999999,229.78498671229747,false
1,13,11:00,45,19:00,32,1,,,0.0,false,14.799999999999999,229.78498671229747,false
1,13,11:00,46,19:15,33,1,,,0.0,false,14.8,229.78498671229747,false
1,13,11:00,47,19:30,34,1,,,0.0,false,14.8,229.78498671229747,false
1,13,11:00,48,19:45,35,1,,,0.0,false,14.8,229.78498671229747,false
1,13,11:00,49,20:00,36,1,,,0.0,false,14.8,229.78498671229747,false
1,13,11:00,50,20:15,37,1,,,0.0,false,14.8,229.78498671229747,false
1,13,11:00,51,20:30,38,1,,,0.0,false,14.8,229.78498671229747,false
1,13,11:00,52,20:45,39,1,,,0.0,false,14.8,229.78498671229747,false
1,13,11:00,53,21:00,40,1,,,0.0,false,14.8,230.24441883247252,false
1,13,11:00,54,21:15,41,1,,,0.0,false,14.8,230.70385095264757,false
1,13,11:00,55,21:30,42,1,,,0.0,false,14.8,231.16328307282262,false
1,13,11:00,56,21:45,43,1,,,0.0,false,14.8,231.62271519299767,false
1,13,11:00,57,22:00,44,1,,,0.0,false,14.8,232.08214731317273,false
1,13,11:00,58,22:15,45,1,,,0.0,false,14.8,232.54157943334778,false
1,13,11:00,59,22:30,46,1,,,0.0,false,14.8,233.00101155352283,false
1,13,11:00,60,22:45,47,1,,,0.0,false,14.8,233.46044367369788,false
1,13,11:00,61,23:00,48,1,,,0.0,false,14.8,233.91987579387293,false
1,13,11:00,62,23:15,49,1,,,0.0,false,14.8,234.37930791404798,false
1,13,11:00,63,23:30,50,1,,,0.0,false,14.8,234.83874003422304,false
1,13,11:00,64,23:45,51,1,,,0.0,false,14.8,235.2981721543981,false
1,13,11:00,65,00:00,52,1,,,0.0,false,14.8,235.75760427457314,false
1,13,11:00,66,00:15,53,1,,,0.0,false,14.8,236.2170363947482,false
1,13,11:00,67,00:30,54,1,,,0.0,false,14.8,236.67646851492324,false
1,13,11:00,68,00:45,55,1,,,0.0,false,14.8,237.1359006350983,false
1,13,11:00,69,01:00,56,1,,,0.0,false,14.8,237.59533275527335,false
1,13,11:00,70,01:15,57,1,,,0.0,false,14.8,238.0547648754484,false
1,13,11:00,71,01:30,58,1,,,0.0,false,14.8,238.51419699562345,false
1,13,11:00,72,01:45,59,1,,,0.0,false,14.8,238.9736291157985,false
1,13,11:00,73,02:00,60,1,,,0.0,false,14.8,239.43306123597355,false
1,13,11:00,74,02:15,61,1,,,0.0,false,14.8,239.8924933561486,false
1,13,11:00,75,02:30,62,1,,,0.0,false,14.8,240.35192547632366,false
1,13,11:00,76,02:45,63,1,,,0.0,false,14.8,240.8113575964987,false
1,13,11:00,77,03:00,64,1,,,0.0,false,14.8,241.27078971667376,false
1,13,11:00,78,03:15,65,1,,,0.0,false,14.8,241.7302218368488,false
1,13,11:00,79,03:30,66,1,,,0.0,false,14.8,242.18965395702386,false
1,13,11:00,80,03:45,67,1,,,0.0,false,14.8,242.64908607719892,false
1,13,11:00,81,04:00,68,1,,,0.0,false,14.8,243.10851819737397,false
1,13,11:00,82,04:15,69,1,,,0.0,false,14.8,243.56795031754902,false
1,13,11:00,83,04:30,70,1,,,0.0,false,14.8,244.02738243772407,false
1,13,11:00,84,04:45,71,1,,,0.0,false,14.8,244.48681455789912,false
1,13,11:00,85,05:00,72,1,,,0.0,false,14.8,244.94624667807417,false
1,13,11:00,86,05:15,73,1,,,0.0,false,14.8,245.40567879824923,false
1,13,11:00,87,05:30,74,1,,,0.0,false,14.8,245.86511091842428,false
1,13,11:00,88,05:45,75,1,,,0.0,false,14.8,246.32454303859933,false
1,13,11:00,89,06:00,76,1,,,0.0,false,14.8,246.78397515877438,false
1,13,11:00,90,06:15,77,1,,,0.0,false,14.8,247.24340727894943,false
1,13,11:00,91,06:30,78,1,,,0.0,false,14.8,247.70283939912449,false
1,13,11:00,92,06:45,79,1,,,0.0,false,14.8,248.16227151929954,false
1,13,11:00,93,07:00,80,1,,,0.0,false,14.8,248.6217036394746,false
1,13,11:00,94,07:15,81,1,,,0.0,false,14.8,249.0811357596499,false
1,13,11:00,95,07:30,82,1,,,0.0,false,14.8,249.54056787982495,false
1,13,11:00,96,07:45,83,1,,,0.0,false,14.8,250.0,false
1,14,11:15,14,11:15,0,1,,Traveling,4.710099999999997,false,9.671000000000001,242.65519463478628,false
1,14,11:15,15,11:30,1,1,,Digging,4.7925,false,8.47287499999736,242.65519463478628,false
1,14,11:15,16,11:45,2,1,,Digging,4.792499999996,false,7.2747499999983605,242.65519463478628,false
1,14,11:15,17,12:00,3,1,,Charging,0.0,true,9.174749999998388,240.54993147689152,false
1,14,11:15,18,12:15,4,1,,Charging,0.0,true,11.074749999998389,238.44466831899678,false
1,14,11:15,19,12:30,5,1,,,0.0,false,11.07474999999773,238.44466831899751,false
1,14,11:15,20,12:45,6,1,,,0.0,false,11.07474999999772,238.90427150395385,false
1,14,11:15,21,13:00,7,1,,,0.0,false,11.07474999999772,239.36387468891016,false
1,14,11:15,22,13:15,8,1,,,0.0,false,11.07474999999772,239.82347787386647,false
1,14,11:15,23,13:30,9,1,,,0.0,false,11.07474999999772,240.28308105882277,false
1,14,11:15,24,13:45,10,1,,,0.0,false,11.07474999999772,240.74268424378198,false
1,14,11:15,25,14:00,11,1,,Digging,4.792500000000004,false,9.87662499999772,241.2022874287383,false
1,14,11:15,26,14:15,12,1,,Digging,4.7925,false,8.67849999999772,241.6618906136944,false
1,14,11:15,27,14:30,13,1,,Traveling,4.7100999999996835,false,7.500974999997853,242.1214937986507,false
1,14,11:15,28,14:45,14,1,,Loading/Swinging,3.1585999999992223,false,6.711324999998047,242.58109698360695,false
1,14,11:15,29,15:00,15,1,,Idle,1.8758328224066645e-12,false,6.711324999997578,243.0407001685648,false
1,14,11:15,30,15:15,16,1,,Loading/Swinging,3.1586,false,5.921674999997578,243.50030335352125,false
1,14,11:15,31,15:30,17,1,,Loading/Swinging,3.1586,false,5.132024999997578,243.95990653847568,false
1,14,11:15,32,15:45,18,1,,Loading/Swinging,3.1585999999931214,false,4.342374999999298,244.4195097234318,false
1,14,11:15,33,16:00,19,1,,Traveling,4.710099999989091,false,3.1648500000040207,244.4195097234318,false
1,14,11:15,34,16:15,20,1,,Charging,1.006927874414032e-11,true,5.064849999997441,242.31424656554154,false
1,14,11:15,35,16:30,21,1,,Loading/Swinging,3.158600000007717,false,4.275199999997094,242.31424656554154,false
1,14,11:15,36,16:45,22,1,,Loading/Swinging,3.1585999999999945,false,3.485549999997095,242.31424656554154,false
1,14,11:15,37,17:00,23,1,,Charging,0.0,true,5.385549999997095,240.2089834076468,false
1,14,11:15,38,17:15,24,1,,Charging,0.0,true,7.2855499999970945,238.10372024975206,false
1,14,11:15,39,17:30,25,1,,Charging,0.0,true,9.10000000000287,236.09324933561822,false
1,14,11:15,40,17:45,26,1,,Charging,0.0,true,11.000000000002872,233.98798617772349,false
1,14,11:15,41,18:00,27,1,,Charging,0.0,true,12.9,231.88272301983193,false
1,14,11:15,42,18:15,28,1,,Charging,0.0,true,14.8,229.7774598619372,false
1,14,11:15,43,18:30,29,1,,,0.0,false,14.8,229.7774598619372,false
1,14,11:15,44,18:45,30,1,,,0.0,false,14.8,229.7774598619372,false
1,14,11:15,45,19:00,31,1,,,0.0,false,14.799999999999999,229.7774598619372,false
1,14,11:15,46,19:15,32,1,,,0.0,false,14.799999999999999,229.7774598619372,false
1,14,11:15,47,19:30,33,1,,,0.0,false,14.799999999999999,229.7774598619372,false
1,14,11:15,48,19:45,34,1,,,0.0,false,14.799999999999999,229.7774598619372,false
1,14,11:15,49,20:00,35,1,,,0.0,false,14.799999999999999,229.7774598619372,false
1,14,11:15,50,20:15,36,1,,,0.0,false,14.799999999999999,229.7774598619372,false
1,14,11:15,51,20:30,37,1,,,0.0,false,14.799999999999999,229.7774598619372,false
1,14,11:15,52,20:45,38,1,,,0.0,false,14.799999999999999,229.7774598619372,false
1,14,11:15,53,21:00,39,1,,,0.0,false,14.799999999999999,230.2370630468933,false
1,14,11:15,54,21:15,40,1,,,0.0,false,14.8,230.6966662318494,false
1,14,11:15,55,21:30,41,1,,,0.0,false,14.8,231.15626941680551,false
1,14,11:15,56,21:45,42,1,,,0.0,false,14.8,231.61587260176162,false
1,14,11:15,57,22:00,43,1,,,0.0,false,14.8,232.07547578671773,false
1,14,11:15,58,22:15,44,1,,,0.0,false,14.8,232.53507897167384,false
1,14,11:15,59,22:30,45,1,,,0.0,false,14.8,232.99468215662995,false
1,14,11:15,60,22:45,46,1,,,0.0,false,14.8,233.45428534158606,false
1,14,11:15,61,23:00,47,1,,,0.0,false,14.8,233.91388852654217,false
1,14,11:15,62,23:15,48,1,,,0.0,false,14.8,234.37349171149827,false
1,14,11:15,63,23:30,49,1,,,0.0,false,14.8,234.83309489645438,false
1,14,11:15,64,23:45,50,1,,,0.0,false,14.8,235.2926980814105,false
1,14,11:15,65,00:00,51,1,,,0.0,false,14.8,235.7523012663666,false
1,14,11:15,66,00:15,52,1,,,0.0,false,14.8,236.2119044513227,false
1,14,11:15,67,00:30,53,1,,,0.0,false,14.8,236.67150763627882,false
1,14,11:15,68,00:45,54,1,,,0.0,false,14.8,237.13111082123493,false
1,14,11:15,69,01:00,55,1,,,0.0,false,14.8,237.59071400619104,false
1,14,11:15,70,01:15,56,1,,,0.0,false,14.8,238.05031719114714,false
1,14,11:15,71,01:30,57,1,,,0.0,false,14.8,238.50992037610325,false
1,14,11:15,72,01:45,58,1,,,0.0,false,14.8,238.96952356105936,false
1,14,11:15,73,02:00,59,1,,,0.0,false,14.8,239.42912674601547,false
1,14,11:15,74,02:15,60,1,,,0.0,false,14.8,239.88872993097158,false
1,14,11:15,75,02:30,61,1,,,0.0,false,14.8,240.3483331159277,false
1,14,11:15,76,02:45,62,1,,,0.0,false,14.8,240.8079363008838,false
1,14,11:15,77,03:00,63,1,,,0.0,false,14.8,241.2675394858399,false
1,14,11:15,78,03:15,64,1,,,0.0,false,14.8,241.727142670796,false
1,14,11:15,79,03:30,65,1,,,0.0,false,14.8,242.18674585575212,false
1,14,11:15,80,03:45,66,1,,,0.0,false,14.8,242.64634904070823,false
1,14,11:15,81,04:00,67,1,,,0.0,false,14.8,243.10595222566434,false
1,14,11:15,82,04:15,68,1,,,0.0,false,14.8,243.56555541062045,false
1,14,11:15,83,04:30,69,1,,,0.0,false,14.8,244.02515859557656,false
1,14,11:15,84,04:45,70,1,,,0.0,false,14.8,244.48476178053266,false
1,14,11:15,85,05:00,71,1,,,0.0,false,14.8,244.94436496548877,false
1,14,11:15,86,05:15,72,1,,,0.0,false,14.8,245.40396815044488,false
1,14,11:15,87,05:30,73,1,,,0.0,false,14.8,245.863571335401,false
1,14,11:15,88,05:45,74,1,,,0.0,false,14.8,246.3231745203571,false
1,14,11:15,89,06:00,75,1,,,0.0,false,14.8,246.7827777053132,false
1,14,11:15,90,06:15,76,1,,,0.0,false,14.8,247.24238089026932,false
1,14,11:15,91,06:30,77,1,,,0.0,false,14.8,247.70198407522543,false
1,14,11:15,92,06:45,78,1,,,0.0,false,14.8,248.16158726018153,false
1,14,11:15,93,07:00,79,1,,,0.0,false,14.8,248.62119044513764,false
1,14,11:15,94,07:15,80,1,,,0.0,false,14.8,249.08079363009375,false
1,14,11:15,95,07:30,81,1,,,0.0,false,14.8,249.54039681504386,false
1,14,11:15,96,07:45,82,1,,,0.0,false,14.8,250.0,false
1,15,11:30,15,11:30,0,1,,Digging,4.7925,false,8.486425,242.65519463478628,false
1,15,11:30,16,11:45,1,1,,Digging,4.7925,false,7.2883,242.65519463478628,false
1,15,11:30,17,12:00,2,1,,Charging,0.0,true,9.188299999999996,240.54993147689154,false
1,15,11:30,18,12:15,3,1,,Charging,0.0,true,11.088299999999997,238.44466831899678,false
1,15,11:30,19,12:30,4,1,,,0.0,false,11.088299999999997,238.44466831899678,false
1,15,11:30,20,12:45,5,1,,,0.0,false,11.088299999999997,238.90400810306846,false
1,15,11:30,21,13:00,6,1,,,0.0,false,11.088299999999997,239.3633478871401,false
1,15,11:30,22,13:15,7,1,,,0.0,false,11.088299999999997,239.82268767121172,false
1,15,11:30,23,13:30,8,1,,,0.0,false,11.088299999999997,240.28202745528336,false
1,15,11:30,24,13:45,9,1,,,0.0,false,11.088299999999997,240.74136723935501,false
1,15,11:30,25,14:00,10,1,,Digging,4.7925,false,9.890174999999996,241.20070702342665,false
1,15,11:30,26,14:15,11,1,,Digging,4.792499999999997,false,8.692049999999997,241.66004680749828,false
1,15,11:30,27,14:30,12,1,,Traveling,4.710099999999842,false,7.514525000000036,242.1193865915699,false
1,15,11:30,28,14:45,13,1,,Loading/Swinging,3.1585999999997973,false,6.724875000000087,242.57872637564154,false
1,15,11:30,29,15:00,14,1,,Idle,1.0379981318919818e-13,false,6.724875000000123,243.0380661597127,false
1,15,11:30,30,15:15,15,1,,Loading/Swinging,3.158599999999739,false,5.935225000000188,243.49740594378437,false
1,15,11:30,31,15:30,16,1,,Loading/Swinging,3.158600000000232,false,5.145575000000131,243.956745727856,false
1,15,11:30,32,15:45,17,1,,Loading/Swinging,3.1586,false,4.355925000000131,244.41608551192763,false
1,15,11:30,33,16:00,18,1,,Traveling,4.710099999999956,false,3.1784000000002206,244.41608551192763,false
1,15,11:30,34,16:15,19,1,,Charging,-5.1246762389212105e-14,true,5.078400000000253,242.31082235403287,false
1,15,11:30,35,16:30,20,1,,Loading/Swinging,3.1585999999996837,false,4.2887500000003325,242.31082235403287,false
1,15,11:30,36,16:45,21,1,,Loading/Swinging,3.1585999999990837,false,3.4991000000002077,242.31082235403287,false
1,15,11:30,37,17:00,22,1,,Charging,0.0,true,5.399100000000207,240.20555919613813,false
1,15,11:30,38,17:15,23,1,,Charging,0.0,true,7.299100000000207,238.10029603824339,false
1,15,11:30,39,17:30,24,1,,Charging,0.0,true,9.199100000000158,235.9950328803487,false
1,15,11:30,40,17:45,25,1,,Charging,0.0,true,11.000000000000483,233.99957581663642,false
1,15,11:30,41,18:00,26,1,,Charging,0.0,true,12.90000000000058,231.8943126587416,false
1,15,11:30,42,18:15,27,1,,Charging,0.0,true,14.80000000000058,229.78904950084686,false
1,15,11:30,43,18:30,28,1,,,0.0,false,14.80000000000058,229.78904950084686,false
1,15,11:30,44,18:45,29,1,,,0.0,false,14.80000000000058,229.78904950084686,false
1,15,11:30,45,19:00,30,1,,,0.0,false,14.80000000000058,229.78904950084686,false
1,15,11:30,46,19:15,31,1,,,0.0,false,14.80000000000058,229.78904950084686,false
1,15,11:30,47,19:30,32,1,,,0.0,false,14.80000000000058,229.78904950084686,false
1,15,11:30,48,19:45,33,1,,,0.0,false,14.80000000000058,229.78904950084686,false
1,15,11:30,49,20:00,34,1,,,0.0,false,14.80000000000058,229.78904950084686,false
1,15,11:30,50,20:15,35,1,,,0.0,false,14.80000000000058,229.78904950084686,false
1,15,11:30,51,20:30,36,1,,,0.0,false,14.80000000000058,229.78904950084686,false
1,15,11:30,52,20:45,37,1,,,0.0,false,14.80000000000058,229.78904950084686,false
1,15,11:30,53,21:00,38,1,,,0.0,false,14.80000000000058,230.2483892849185,false
1,15,11:30,54,21:15,39,1,,,0.0,false,14.80000000000058,230.70772906899012,false
1,15,11:30,55,21:30,40,1,,,0.0,false,14.80000000000058,231.16706885306175,false
1,15,11:30,56,21:45,41,1,,,0.0,false,14.80000000000058,231.62640863713338,false
1,15,11:30,57,22:00,42,1,,,0.0,false,14.80000000000058,232.085748421205,false
1,15,11:30,58,22:15,43,1,,,0.0,false,14.80000000000058,232.54508820527664,false
1,15,11:30,59,22:30,44,1,,,0.0,false,14.80000000000058,233.00442798934827,false
1,15,11:30,60,22:45,45,1,,,0.0,false,14.80000000000058,233.4637677734199,false
1,15,11:30,61,23:00,46,1,,,0.0,false,14.80000000000058,233.92310755749153,false
1,15,11:30,62,23:15,47,1,,,0.0,false,14.80000000000058,234.38244734156316,false
1,15,11:30,63,23:30,48,1,,,0.0,false,14.80000000000058,234.8417871256348,false
1,15,11:30,64,23:45,49,1,,,0.0,false,14.80000000000058,235.30112690970643,false
1,15,11:30,65,00:00,50,1,,,0.0,false,14.80000000000058,235.76046669377806,false
1,15,11:30,66,00:15,51,1,,,0.0,false,14.80000000000058,236.2198064778497,false
1,15,11:30,67,00:30,52,1,,,0.0,false,14.80000000000058,236.67914626192132,false
1,15,11:30,68,00:45,53,1,,,0.0,false,14.80000000000058,237.13848604599295,false
1,15,11:30,69,01:00,54,1,,,0.0,false,14.80000000000058,237.59782583006458,false
1,15,11:30,70,01:15,55,1,,,0.0,false,14.80000000000058,238.0571656141362,false
1,15,11:30,71,01:30,56,1,,,0.0,false,14.80000000000058,238.51650539820784,false
1,15,11:30,72,01:45,57,1,,,0.0,false,14.80000000000058,238.97584518227947,false
1,15,11:30,73,02:00,58,1,,,0.0,false,14.8,239.4351849663511,false
1,15,11:30,74,02:15,59,1,,,0.0,false,14.8,239.89452475042273,false
1,15,11:30,75,02:30,60,1,,,0.0,false,14.8,240.35386453449436,false
1,15,11:30,76,02:45,61,1,,,0.0,false,14.8,240.813204318566,false
1,15,11:30,77,03:00,62,1,,,0.0,false,14.8,241.27254410263762,false
1,15,11:30,78,03:15,63,1,,,0.0,false,14.8,241.73188388670926,false
1,15,11:30,79,03:30,64,1,,,0.0,false,14.8,242.1912236707809,false
1,15,11:30,80,03:45,65,1,,,0.0,false,14.8,242.65056345485252,false
1,15,11:30,81,04:00,66,1,,,0.0,false,14.8,243.10990323892415,false
1,15,11:30,82,04:15,67,1,,,0.0,false,14.8,243.56924302299578,false
1,15,11:30,83,04:30,68,1,,,0.0,false,14.8,244.0285828070674,false
1,15,11:30,84,04:45,69,1,,,0.0,false,14.8,244.48792259113904,false
1,15,11:30,85,05:00,70,1,,,0.0,false,14.8,244.94726237521067,false
1,15,11:30,86,05:15,71,1,,,0.0,false,14.8,245.4066021592823,false
1,15,11:30,87,05:30,72,1,,,0.0,false,14.8,245.86594194335393,false
1,15,11:30,88,05:45,73,1,,,0.0,false,14.8,246.32528172742556,false
1,15,11:30,89,06:00,74,1,,,0.0,false,14.8,246.7846215114972,false
1,15,11:30,90,06:15,75,1,,,0.0,false,14.8,247.24396129556882,false
1,15,11:30,91,06:30,76,1,,,0.0,false,14.8,247.70330107964045,false
1,15,11:30,92,06:45,77,1,,,0.0,false,14.8,248.16264086371208,false
1,15,11:30,93,07:00,78,1,,,0.0,false,14.8,248.62198064778372,false
1,15,11:30,94,07:15,79,1,,,0.0,false,14.8,249.08132043185535,false
1,15,11:30,95,07:30,80,1,,,0.0,false,14.8,249.54066021592823,false
1,15,11:30,96,07:45,81,1,,,0.0,false,14.8,250.0,false
1,16,11:45,16,11:45,0,1,,Digging,4.792500000000004,false,7.435775,242.65519463478628,false
1,16,11:45,17,12:00,1,1,,Charging,0.0,true,9.335775,240.54993147689154,false
1,16,11:45,18,12:15,2,1,,Charging,0.0,true,10.989200000000018,238.71788161539567,false
1,16,11:45,19,12:30,3,1,,,0.0,false,10.989200000000018,238.71788161539575,false
1,16,11:45,20,12:45,4,1,,,0.0,false,10.989200000000002,239.17435460644606,false
1,16,11:45,21,13:00,5,1,,,0.0,false,10.989200000000002,239.63082759749636,false
1,16,11:45,22,13:15,6,1,,,0.0,false,10.989200000000002,240.08730058854667,false
1,16,11:45,23,13:30,7,1,,,0.0,false,10.989200000000002,240.54377357959697,false
1,16,11:45,24,13:45,8,1,,,0.0,false,10.989200000000002,241.00024657064728,false
1,16,11:45,25,14:00,9,1,,Digging,4.792499999999997,false,9.791075000000003,241.45671956169758,false
1,16,11:45,26,14:15,10,1,,Loading/Swinging,3.1586,false,9.001425000000001,241.9131925527479,true
1,16,11:45,27,14:30,11,1,,Traveling,4.710099999999997,false,7.823900000000002,242.3696655437982,false
1,16,11:45,28,14:45,12,1,,Digging,4.7925,false,6.625775000000002,242.8261385348485,true
1,16,11:45,29,15:00,13,1,,Idle,0.0,false,6.625775000000002,243.2826115258988,false
1,16,11:45,30,15:15,14,1,,Loading/Swinging,3.1586,false,5.836125000000002,243.7390845169491,false
1,16,11:45,31,15:30,15,1,,Loading/Swinging,3.1586,false,5.046475000000002,244.1955575079994,false
1,16,11:45,32,15:45,16,1,,Loading/Swinging,3.1586,false,4.256825000000002,244.65203049904972,false
1,16,11:45,33,16:00,17,1,,Traveling,4.710099999999994,false,3.0792999999999995,244.65203049904972,false
1,16,11:45,34,16:15,18,1,,Charging,0.0,true,4.9793,242.54676734115498,false
1,16,11:45,35,16:30,19,1,,Loading/Swinging,3.1586000000000016,false,4.18965,242.54676734115498,false
1,16,11:45,36,16:45,20,1,,Loading/Swinging,3.158599999999998,false,3.400000000000001,242.54676734115498,false
1,16,11:45,37,17:00,21,1,,Charging,0.0,true,5.300000000000001,240.44150418326024,false
1,16,11:45,38,17:15,22,1,,Charging,0.0,true,7.200000000000001,238.3362410253655,false
1,16,11:45,39,17:30,23,1,,Charging,0.0,true,9.100000000000001,236.23097786747076,false
1,16,11:45,40,17:45,24,1,,Charging,0.0,true,11.000000000000002,234.12571470957602,false
1,16,11:45,41,18:00,25,1,,Charging,0.0,true,12.9,232.02045155168128,false
1,16,11:45,42,18:15,26,1,,Charging,0.0,true,14.8,229.91518839378654,false
1,16,11:45,43,18:30,27,1,,,0.0,false,14.8,229.91518839378654,false
1,16,11:45,44,18:45,28,1,,,0.0,false,14.8,229.91518839378654,false
1,16,11:45,45,19:00,29,1,,,0.0,false,14.8,229.91518839378654,false
1,16,11:45,46,19:15,30,1,,,0.0,false,14.8,229.91518839378654,false
1,16,11:45,47,19:30,31,1,,,0.0,false,14.8,229.91518839378654,false
1,16,11:45,48,19:45,32,1,,,0.0,false,14.8,229.91518839378654,false
1,16,11:45,49,20:00,33,1,,,0.0,false,14.8,229.91518839378654,false
1,16,11:45,50,20:15,34,1,,,0.0,false,14.8,229.91518839378654,false
1,16,11:45,51,20:30,35,1,,,0.0,false,14.8,229.91518839378654,false
1,16,11:45,52,20:45,36,1,,,0.0,false,14.8,229.91518839378654,false
1,16,11:45,53,21:00,37,1,,,0.0,false,14.8,230.37166138483684,false
1,16,11:45,54,21:15,38,1,,,0.0,false,14.8,230.82813437588715,false
1,16,11:45,55,21:30,39,1,,,0.0,false,14.8,231.28460736693745,false
1,16,11:45,56,21:45,40,1,,,0.0,false,14.8,231.74108035798776,false
1,16,11:45,57,22:00,41,1,,,0.0,false,14.8,232.19755334903806,false
1,16,11:45,58,22:15,42,1,,,0.0,false,14.8,232.65402634008836,false
1,16,11:45,59,22:30,43,1,,,0.0,false,14.8,233.11049933113867,false
1,16,11:45,60,22:45,44,1,,,0.0,false,14.8,233.56697232218897,false
1,16,11:45,61,23:00,45,1,,,0.0,false,14.8,234.02344531323928,false
1,16,11:45,62,23:15,46,1,,,0.0,false,14.8,234.47991830428958,false
1,16,11:45,63,23:30,47,1,,,0.0,false,14.8,234.9363912953399,false
1,16,11:45,64,23:45,48,1,,,0.0,false,14.8,235.3928642863902,false
1,16,11:45,65,00:00,49,1,,,0.0,false,14.8,235.8493372774405,false
1,16,11:45,66,00:15,50,1,,,0.0,false,14.8,236.3058102684908,false
1,16,11:45,67,00:30,51,1,,,0.0,false,14.8,236.7622832595411,false
1,16,11:45,68,00:45,52,1,,,0.0,false,14.8,237.2187562505914,false
1,16,11:45,69,01:00,53,1,,,0.0,false,14.8,237.67522924164172,false
1,16,11:45,70,01:15,54,1,,,0.0,false,14.8,238.13170223269202,false
1,16,11:45,71,01:30,55,1,,,0.0,false,14.8,238.58817522374233,false
1,16,11:45,72,01:45,56,1,,,0.0,false,14.8,239.04464821479263,false
1,16,11:45,73,02:00,57,1,,,0.0,false,14.8,239.50112120584294,false
1,16,11:45,74,02:15,58,1,,,0.0,false,14.8,239.95759419689324,false
1,16,11:45,75,02:30,59,1,,,0.0,false,14.8,240.41406718794354,false
1,16,11:45,76,02:45,60,1,,,0.0,false,14.8,240.87054017899385,false
1,16,11:45,77,03:00,61,1,,,0.0,false,14.8,241.32701317004415,false
1,16,11:45,78,03:15,62,1,,,0.0,false,14.8,241.78348616109446,false
1,16,11:45,79,03:30,63,1,,,0.0,false,14.8,242.23995915214476,false
1,16,11:45,80,03:45,64,1,,,0.0,false,14.8,242.69643214319507,false
1,16,11:45,81,04:00,65,1,,,0.0,false,14.8,243.15290513424537,false
1,16,11:45,82,04:15,66,1,,,0.0,false,14.8,243.60937812529568,false
1,16,11:45,83,04:30,67,1,,,0.0,false,14.8,244.06585111634598,false
1,16,11:45,84,04:45,68,1,,,0.0,false,14.8,244.5223241073963,false
1,16,11:45,85,05:00,69,1,,,0.0,false,14.8,244.9787970984466,false
1,16,11:45,86,05:15,70,1,,,0.0,false,14.8,245.4352700894969,false
1,16,11:45,87,05:30,71,1,,,0.0,false,14.8,245.8917430805472,false
1,16,11:45,88,05:45,72,1,,,0.0,false,14.8,246.3482160715975,false
1,16,11:45,89,06:00,73,1,,,0.0,false,14.8,246.8046890626478,false
1,16,11:45,90,06:15,74,1,,,0.0,false,14.8,247.26116205369811,false
1,16,11:45,91,06:30,75,1,,,0.0,false,14.8,247.71763504474842,false
1,16,11:45,92,06:45,76,1,,,0.0,false,14.8,248.17410803579872,false
1,16,11:45,93,07:00,77,1,,,0.0,false,14.8,248.63058102684903,false
1,16,11:45,94,07:15,78,1,,,0.0,false,14.8,249.08705401789942,false
1,16,11:45,95,07:30,79,1,,,0.0,false,14.8,249.54352700894972,false
1,16,11:45,96,07:45,80,1,,,0.0,false,14.8,250.0,false
1,17,12:00,17,12:00,0,1,,Charging,0.0,true,9.338675,240.54993147689154,false
1,17,12:00,18,12:15,1,1,,Charging,0.0,true,10.989199999999999,238.7210949117946,false
1,17,12:00,19,12:30,2,1,,,0.0,false,10.989199999999999,238.7210949117946,false
1,17,12:00,20,12:45,3,1,,,0.0,false,10.989199999999999,239.17751152922384,false
1,17,12:00,21,13:00,4,1,,,0.0,false,10.989199999999999,239.63392814665312,false
1,17,12:00,22,13:15,5,1,,,0.0,false,10.989199999999999,240.0903447640824,false
1,17,12:00,23,13:30,6,1,,,0.0,false,10.989199999999997,240.5467613815117,false
1,17,12:00,24,13:45,7,1,,,0.0,false,10.989199999999997,241.00317799894094,false
1,17,12:00,25,14:00,8,1,,Digging,4.7925,false,9.791074999999996,241.45959461637023,false
1,17,12:00,26,14:15,9,1,,Digging,4.79249999999999,false,8.592949999999998,241.9160112337995,true
1,17,12:00,27,14:30,10,1,,Traveling,4.7101,false,7.415424999999998,242.3724278512288,false
1,17,12:00,28,14:45,11,1,,Loading/Swinging,3.1586,false,6.625774999999998,242.82884446865805,true
1,17,12:00,29,15:00,12,1,,Idle,0.0,false,6.625774999999998,243.2852610860873,false
1,17,12:00,30,15:15,13,1,,Loading/Swinging,3.1586,false,5.836124999999998,243.7416777035166,false
1,17,12:00,31,15:30,14,1,,Loading/Swinging,3.1586,false,5.046474999999998,244.19809432094587,false
1,17,12:00,32,15:45,15,1,,Loading/Swinging,3.1586,false,4.256825000000001,244.65451093837515,false
1,17,12:00,33,16:00,16,1,,Traveling,4.710100000000004,false,3.0793,244.65451093837515,false
1,17,12:00,34,16:15,17,1,,Charging,0.0,true,4.9792999999999985,242.5492477804804,false
1,17,12:00,35,16:30,18,1,,Loading/Swinging,3.1586,false,4.1896499999999985,242.5492477804804,false
1,17,12:00,36,16:45,19,1,,Loading/Swinging,3.1586,false,3.3999999999999986,242.5492477804804,false
1,17,12:00,37,17:00,20,1,,Charging,0.0,true,5.299999999999999,240.44398462258567,false
1,17,12:00,38,17:15,21,1,,Charging,0.0,true,7.199999999999998,238.33872146469093,false
1,17,12:00,39,17:30,22,1,,Charging,0.0,true,9.099999999999996,236.2334583067962,false
1,17,12:00,40,17:45,23,1,,Charging,0.0,true,10.999999999999996,234.12819514890145,false
1,17,12:00,41,18:00,24,1,,Charging,0.0,true,12.899999999999997,232.02293199100671,false
1,17,12:00,42,18:15,25,1,,Charging,0.0,true,14.799999999999997,229.91766883311197,false
1,17,12:00,43,18:30,26,1,,,0.0,false,14.799999999999997,229.917668833112,false
1,17,12:00,44,18:45,27,1,,,0.0,false,14.799999999999997,229.917668833112,false
1,17,12:00,45,19:00,28,1,,,0.0,false,14.799999999999997,229.917668833112,false
1,17,12:00,46,19:15,29,1,,,0.0,false,14.799999999999997,229.917668833112,false
1,17,12:00,47,19:30,30,1,,,0.0,false,14.799999999999997,229.917668833112,false
1,17,12:00,48,19:45,31,1,,,0.0,false,14.799999999999997,229.917668833112,false
1,17,12:00,49,20:00,32,1,,,0.0,false,14.799999999999997,229.917668833112,false
1,17,12:00,50,20:15,33,1,,,0.0,false,14.799999999999997,229.917668833112,false
1,17,12:00,51,20:30,34,1,,,0.0,false,14.799999999999997,229.917668833112,false
1,17,12:00,52,20:45,35,1,,,0.0,false,14.799999999999997,229.917668833112,false
1,17,12:00,53,21:00,36,1,,,0.0,false,14.799999999999997,230.3740854505413,false
1,17,12:00,54,21:15,37,1,,,0.0,false,14.799999999999997,230.83050206797057,false
1,17,12:00,55,21:30,38,1,,,0.0,false,14.799999999999997,231.28691868539985,false
1,17,12:00,56,21:45,39,1,,,0.0,false,14.799999999999997,231.74333530282914,false
1,17,12:00,57,22:00,40,1,,,0.0,false,14.799999999999997,232.19975192025842,false
1,17,12:00,58,22:15,41,1,,,0.0,false,14.799999999999997,232.6561685376877,false
1,17,12:00,59,22:30,42,1,,,0.0,false,14.799999999999997,233.112585155117,false
1,17,12:00,60,22:45,43,1,,,0.0,false,14.799999999999997,233.56900177254627,false
1,17,12:00,61,23:00,44,1,,,0.0,false,14.799999999999997,234.02541838997556,false
1,17,12:00,62,23:15,45,1,,,0.0,false,14.799999999999997,234.48183500740484,false
1,17,12:00,63,23:30,46,1,,,0.0,false,14.799999999999997,234.93825162483412,false
1,17,12:00,64,23:45,47,1,,,0.0,false,14.799999999999997,235.3946682422634,false
1,17,12:00,65,00:00,48,1,,,0.0,false,14.799999999999997,235.8510848596927,false
1,17,12:00,66,00:15,49,1,,,0.0,false,14.8,236.30750147712197,false
1,17,12:00,67,00:30,50,1,,,0.0,false,14.8,236.76391809455126,false
1,17,12:00,68,00:45,51,1,,,0.0,false,14.8,237.22033471198054,false
1,17,12:00,69,01:00,52,1,,,0.0,false,14.8,237.67675132940983,false
1,17,12:00,70,01:15,53,1,,,0.0,false,14.8,238.1331679468391,false
1,17,12:00,71,01:30,54,1,,,0.0,false,14.8,238.5895845642684,false
1,17,12:00,72,01:45,55,1,,,0.0,false,14.8,239.04600118169768,false
1,17,12:00,73,02:00,56,1,,,0.0,false,14.8,239.50241779912696,false
1,17,12:00,74,02:15,57,1,,,0.0,false,14.8,239.95883441655624,false
1,17,12:00,75,02:30,58,1,,,0.0,false,14.8,240.41525103398553,false
1,17,12:00,76,02:45,59,1,,,0.0,false,14.8,240.8716676514148,false
1,17,12:00,77,03:00,60,1,,,0.0,false,14.8,241.3280842688441,false
1,17,12:00,78,03:15,61,1,,,0.0,false,14.8,241.78450088627338,false
1,17,12:00,79,03:30,62,1,,,0.0,false,14.8,242.24091750370266,false
1,17,12:00,80,03:45,63,1,,,0.0,false,14.8,242.69733412113195,false
1,17,12:00,81,04:00,64,1,,,0.0,false,14.8,243.15375073856123,false
1,17,12:00,82,04:15,65,1,,,0.0,false,14.8,243.6101673559905,false
1,17,12:00,83,04:30,66,1,,,0.0,false,14.8,244.0665839734198,false
1,17,12:00,84,04:45,67,1,,,0.0,false,14.8,244.52300059084908,false
1,17,12:00,85,05:00,68,1,,,0.0,false,14.8,244.97941720827836,false
1,17,12:00,86,05:15,69,1,,,0.0,false,14.8,245.43583382570765,false
1,17,12:00,87,05:30,70,1,,,0.0,false,14.8,245.89225044313693,false
1,17,12:00,88,05:45,71,1,,,0.0,false,14.8,246.3486670605662,false
1,17,12:00,89,06:00,72,1,,,0.0,false,14.8,246.8050836779955,false
1,17,12:00,90,06:15,73,1,,,0.0,false,14.8,247.26150029542478,false
1,17,12:00,91,06:30,74,1,,,0.0,false,14.8,247.71791691285407,false
1,17,12:00,92,06:45,75,1,,,0.0,false,14.8,248.17433353028335,false
1,17,12:00,93,07:00,76,1,,,0.0,false,14.8,248.63075014771263,false
1,17,12:00,94,07:15,77,1,,,0.0,false,14.8,249.08716676514192,false
1,17,12:00,95,07:30,78,1,,,0.0,false,14.8,249.54358338257074,false
1,17,12:00,96,07:45,79,1,,,0.0,false,14.8,250.0,false
1,18,12:15,18,12:15,0,1,,Charging,0.0,true,11.338674999999956,238.44466831899686,false
1,18,12:15,19,12:30,1,1,,,0.0,false,11.338674999999956,238.44466831899695,false
1,18,12:15,20,12:45,2,1,,,0.0,false,11.338674999999956,238.89914101845994,false
1,18,12:15,21,13:00,3,1,,,0.0,false,11.338674999999956,239.3536137179226,false
1,18,12:15,22,13:15,4,1,,,0.0,false,11.33867499999935,239.80808641738525,false
1,18,12:15,23,13:30,5,1,,,0.0,false,11.33867499999935,240.2625591168482,false
1,18,12:15,24,13:45,6,1,,,0.0,false,11.33867499999935,240.71703181631156,false
1,18,12:15,25,14:00,7,1,,Digging,4.792500000001155,false,10.140549999999061,241.17150451577422,false
1,18,12:15,26,14:15,8,1,,Digging,4.792499999996956,false,8.942424999999822,241.62597721523687,false
1,18,12:15,27,14:30,9,1,,Traveling,4.710099999996373,false,7.764900000000729,242.08044991469953,false
1,18,12:15,28,14:45,10,1,,Loading/Swinging,3.1586000000036254,false,6.975249999999999,242.53492261416218,false
1,18,12:15,29,15:00,11,1,,Idle,3.950617610826157e-12,false,6.975249999999011,242.98939531362484,false
1,18,12:15,30,15:15,12,1,,Loading/Swinging,3.1586,false,6.1855999999990114,243.4438680130875,false
1,18,12:15,31,15:30,13,1,,Loading/Swinging,3.1585999999984082,false,5.395949999999409,243.89834071255015,false
1,18,12:15,32,15:45,14,1,,Loading/Swinging,3.1585999999953165,false,4.60630000000058,244.3528134120129,false
1,18,12:15,33,16:00,15,1,,Traveling,4.710099999999789,false,3.4287750000006327,244.3528134120129,false
1,18,12:15,34,16:15,16,1,,Charging,8.662404127335321e-12,true,5.328774999999786,242.2475502541167,false
1,18,12:15,35,16:30,17,1,,Loading/Swinging,3.158599999998689,false,4.539125000000114,242.2475502541167,false
1,18,12:15,36,16:45,18,1,,Loading/Swinging,3.158600000005036,false,3.749474999998855,242.2475502541167,false
1,18,12:15,37,17:00,19,1,,Charging,0.0,true,5.649474999998307,240.14228709622256,false
1,18,12:15,38,17:15,20,1,,Charging,0.0,true,7.549474999998468,238.03702393832765,false
1,18,12:15,39,17:30,21,1,,Charging,0.0,true,9.449474999999499,235.93176078043177,false
1,18,12:15,40,17:45,22,1,,Charging,0.0,true,10.99999999999876,234.21372753943535,false
1,18,12:15,41,18:00,23,1,,Charging,0.0,true,12.89999999999876,232.1084643815406,false
1,18,12:15,42,18:15,24,1,,Charging,0.0,true,14.8,230.00320122364647,false
1,18,12:15,43,18:30,25,1,,,0.0,false,14.8,230.00320122364647,false
1,18,12:15,44,18:45,26,1,,,0.0,false,14.8,230.00320122364647,false
1,18,12:15,45,19:00,27,1,,,0.0,false,14.8,230.00320122364647,false
1,18,12:15,46,19:15,28,1,,,0.0,false,14.8,230.00320122364647,false
1,18,12:15,47,19:30,29,1,,,0.0,false,14.8,230.00320122364647,false
1,18,12:15,48,19:45,30,1,,,0.0,false,14.8,230.00320122364647,false
1,18,12:15,49,20:00,31,1,,,0.0,false,14.8,230.00320122364647,false
1,18,12:15,50,20:15,32,1,,,0.0,false,14.8,230.00320122364647,false
1,18,12:15,51,20:30,33,1,,,0.0,false,14.8,230.00320122364647,false
1,18,12:15,52,20:45,34,1,,,0.0,false,14.8,230.00320122364647,false
1,18,12:15,53,21:00,35,1,,,0.0,false,14.8,230.45767392310913,false
1,18,12:15,54,21:15,36,1,,,0.0,false,14.8,230.91214662257178,false
1,18,12:15,55,21:30,37,1,,,0.0,false,14.8,231.36661932203444,false
1,18,12:15,56,21:45,38,1,,,0.0,false,14.8,231.8210920214971,false
1,18,12:15,57,22:00,39,1,,,0.0,false,14.8,232.27556472095975,false
1,18,12:15,58,22:15,40,1,,,0.0,false,14.8,232.7300374204224,false
1,18,12:15,59,22:30,41,1,,,0.0,false,14.8,233.18451011988506,false
1,18,12:15,60,22:45,42,1,,,0.0,false,14.8,233.63898281934772,false
1,18,12:15,61,23:00,43,1,,,0.0,false,14.8,234.09345551881037,false
1,18,12:15,62,23:15,44,1,,,0.0,false,14.8,234.54792821827303,false
1,18,12:15,63,23:30,45,1,,,0.0,false,14.8,235.00240091773568,false
1,18,12:15,64,23:45,46,1,,,0.0,false,14.8,235.45687361719834,false
1,18,12:15,65,00:00,47,1,,,0.0,false,14.8,235.911346316661,false
1,18,12:15,66,00:15,48,1,,,0.0,false,14.8,236.36581901612365,false
1,18,12:15,67,00:30,49,1,,,0.0,false,14.8,236.8202917155863,false
1,18,12:15,68,00:45,50,1,,,0.0,false,14.8,237.27476441504896,false
1,18,12:15,69,01:00,51,1,,,0.0,false,14.8,237.72923711451162,false
1,18,12:15,70,01:15,52,1,,,0.0,false,14.8,238.18370981397427,false
1,18,12:15,71,01:30,53,1,,,0.0,false,14.8,238.63818251343693,false
1,18,12:15,72,01:45,54,1,,,0.0,false,14.8,239.0926552128996,false
1,18,12:15,73,02:00,55,1,,,0.0,false,14.8,239.54712791236224,false
1,18,12:15,74,02:15,56,1,,,0.0,false,14.8,240.0016006118249,false
1,18,12:15,75,02:30,57,1,,,0.0,false,14.8,240.45607331128755,false
1,18,12:15,76,02:45,58,1,,,0.0,false,14.8,240.9105460107502,false
1,18,12:15,77,03:00,59,1,,,0.0,false,14.8,241.36501871021287,false
1,18,12:15,78,03:15,60,1,,,0.0,false,14.8,241.81949140967552,false
1,18,12:15,79,03:30,61,1,,,0.0,false,14.8,242.27396410913818,false
1,18,12:15,80,03:45,62,1,,,0.0,false,14.8,242.72843680860083,false
1,18,12:15,81,04:00,63,1,,,0.0,false,14.8,243.1829095080635,false
1,18,12:15,82,04:15,64,1,,,0.0,false,14.8,243.63738220752614,false
1,18,12:15,83,04:30,65,1,,,0.0,false,14.8,244.0918549069888,false
1,18,12:15,84,04:45,66,1,,,0.0,false,14.8,244.54632760645146,false
1,18,12:15,85,05:00,67,1,,,0.0,false,14.8,245.0008003059141,false
1,18,12:15,86,05:15,68,1,,,0.0,false,14.8,245.45527300537677,false
1,18,12:15,87,05:30,69,1,,,0.0,false,14.8,245.90974570483942,false
1,18,12:15,88,05:45,70,1,,,0.0,false,14.8,246.36421840430208,false
1,18,12:15,89,06:00,71,1,,,0.0,false,14.8,246.81869110376473,false
1,18,12:15,90,06:15,72,1,,,0.0,false,14.8,247.2731638032274,false
1,18,12:15,91,06:30,73,1,,,0.0,false,14.8,247.72763650269005,false
1,18,12:15,92,06:45,74,1,,,0.0,false,14.8,248.1821092021527,false
1,18,12:15,93,07:00,75,1,,,0.0,false,14.8,248.63658190161536,false
1,18,12:15,94,07:15,76,1,,,0.0,false,14.8,249.09105460107466,false
1,18,12:15,95,07:30,77,1,,,0.0,false,14.8,249.54552730053732,false
1,18,12:15,96,07:45,78,1,,,0.0,false,14.8,250.0,false
1,19,12:30,19,12:30,0,1,,,0.0,false,11.438674999999954,238.44466831899686,false
1,19,12:30,20,12:45,1,1,,,0.0,false,11.438674999999954,238.8971971004928,false
1,19,12:30,21,13:00,2,1,,,0.0,false,11.438674999999954,239.34972588198875,false
1,19,12:30,22,13:15,3,1,,,0.0,false,11.438674999999954,239.80225466348472,false
1,19,12:30,23,13:30,4,1,,,0.0,false,11.438674999999954,240.25478344498066,false
1,19,12:30,24,13:45,5,1,,,0.0,false,11.438674999999954,240.70731222647666,false
1,19,12:30,25,14:00,6,1,,Loading/Swinging,3.1586,false,10.649024999999954,241.1598410079726,true
1,19,12:30,26,14:15,7,1,,Digging,4.792499999999997,false,9.450899999999955,241.61236978946857,false
1,19,12:30,27,14:30,8,1,,Traveling,4.710100000000004,false,8.273374999999954,242.06489857096452,false
1,19,12:30,28,14:45,9,1,,Loading/Swinging,3.1586,false,7.4837249999999536,242.51742735246046,false
1,19,12:30,29,15:00,10,1,,Idle,0.0,false,7.4837249999999536,242.9699561339564,false
1,19,12:30,30,15:15,11,1,,Loading/Swinging,3.1586,false,6.694074999999954,243.42248491545234,false
1,19,12:30,31,15:30,12,1,,Digging,4.7925,false,5.4959499999999535,243.8750136969483,true
1,19,12:30,32,15:45,13,1,,Loading/Swinging,3.1586,false,4.7062999999999535,244.32754247844423,false
1,19,12:30,33,16:00,14,1,,Traveling,4.710099999999999,false,3.528774999999954,244.32754247844423,false
1,19,12:30,34,16:15,15,1,,Charging,0.0,true,4.9793,242.72031256154668,false
1,19,12:30,35,16:30,16,1,,Loading/Swinging,3.1586,false,4.18965,242.72031256154668,false
1,19,12:30,36,16:45,17,1,,Loading/Swinging,3.1586,false,3.4000000000000004,242.72031256154668,false
1,19,12:30,37,17:00,18,1,,,0.0,false,3.4000000000000004,242.72031256154668,true
1,19,12:30,38,17:15,19,1,,Charging,0.0,true,5.3,240.61504940365194,false
1,19,12:30,39,17:30,20,1,,Charging,0.0,true,7.199999999999999,238.5097862457572,false
1,19,12:30,40,17:45,21,1,,Charging,0.0,true,9.1,236.40452308786246,false
1,19,12:30,41,18:00,22,1,,Charging,0.0,true,10.999999999999998,234.29925992996772,false
1,19,12:30,42,18:15,23,1,,Charging,0.0,true,12.899999999999999,232.19399677207298,false
1,19,12:30,43,18:30,24,1,,Charging,0.0,true,14.8,230.08873361417824,true
1,19,12:30,44,18:45,25,1,,,0.0,false,14.8,230.08873361417824,false
1,19,12:30,45,19:00,26,1,,,0.0,false,14.8,230.08873361417824,false
1,19,12:30,46,19:15,27,1,,,0.0,false,14.8,230.08873361417824,false
1,19,12:30,47,19:30,28,1,,,0.0,false,14.8,230.08873361417824,false
1,19,12:30,48,19:45,29,1,,,0.0,false,14.8,230.08873361417824,false
1,19,12:30,49,20:00,30,1,,,0.0,false,14.8,230.08873361417824,false
1,19,12:30,50,20:15,31,1,,,0.0,false,14.8,230.08873361417824,false
1,19,12:30,51,20:30,32,1,,,0.0,false,14.8,230.08873361417824,false
1,19,12:30,52,20:45,33,1,,,0.0,false,14.8,230.08873361417824,false
1,19,12:30,53,21:00,34,1,,,0.0,false,14.8,230.54126239567418,false
1,19,12:30,54,21:15,35,1,,,0.0,false,14.8,230.99379117717012,false
1,19,12:30,55,21:30,36,1,,,0.0,false,14.8,231.44631995866607,false
1,19,12:30,56,21:45,37,1,,,0.0,false,14.8,231.89884874016204,false
1,19,12:30,57,22:00,38,1,,,0.0,false,14.8,232.35137752165798,false
1,19,12:30,58,22:15,39,1,,,0.0,false,14.8,232.80390630315392,false
1,19,12:30,59,22:30,40,1,,,0.0,false,14.8,233.25643508464987,false
1,19,12:30,60,22:45,41,1,,,0.0,false,14.8,233.70896386614587,false
1,19,12:30,61,23:00,42,1,,,0.0,false,14.8,234.1614926476418,false
1,19,12:30,62,23:15,43,1,,,0.0,false,14.8,234.61402142913775,false
1,19,12:30,63,23:30,44,1,,,0.0,false,14.8,235.0665502106337,false
1,19,12:30,64,23:45,45,1,,,0.0,false,14.8,235.51907899212964,false
1,19,12:30,65,00:00,46,1,,,0.0,false,14.8,235.97160777362558,false
1,19,12:30,66,00:15,47,1,,,0.0,false,14.8,236.42413655512152,false
1,19,12:30,67,00:30,48,1,,,0.0,false,14.8,236.87666533661746,false
1,19,12:30,68,00:45,49,1,,,0.0,false,14.8,237.3291941181134,false
1,19,12:30,69,01:00,50,1,,,0.0,false,14.8,237.7817228996094,false
1,19,12:30,70,01:15,51,1,,,0.0,false,14.8,238.23425168110535,false
1,19,12:30,71,01:30,52,1,,,0.0,false,14.8,238.6867804626013,false
1,19,12:30,72,01:45,53,1,,,0.0,false,14.8,239.13930924409723,false
1,19,12:30,73,02:00,54,1,,,0.0,false,14.8,239.59183802559318,false
1,19,12:30,74,02:15,55,1,,,0.0,false,14.8,240.04436680708912,false
1,19,12:30,75,02:30,56,1,,,0.0,false,14.8,240.49689558858506,false
1,19,12:30,76,02:45,57,1,,,0.0,false,14.8,240.949424370081,false
1,19,12:30,77,03:00,58,1,,,0.0,false,14.8,241.40195315157695,false
1,19,12:30,78,03:15,59,1,,,0.0,false,14.8,241.85448193307295,false
1,19,12:30,79,03:30,60,1,,,0.0,false,14.8,242.3070107145689,false
1,19,12:30,80,03:45,61,1,,,0.0,false,14.8,242.75953949606483,false
1,19,12:30,81,04:00,62,1,,,0.0,false,14.8,243.21206827756077,false
1,19,12:30,82,04:15,63,1,,,0.0,false,14.8,243.66459705905672,false
1,19,12:30,83,04:30,64,1,,,0.0,false,14.8,244.11712584055266,false
1,19,12:30,84,04:45,65,1,,,0.0,false,14.8,244.5696546220486,false
1,19,12:30,85,05:00,66,1,,,0.0,false,14.8,245.02218340354455,false
1,19,12:30,86,05:15,67,1,,,0.0,false,14.8,245.4747121850405,false
1,19,12:30,87,05:30,68,1,,,0.0,false,14.8,245.92724096653646,false
1,19,12:30,88,05:45,69,1,,,0.0,false,14.8,246.3797697480324,false
1,19,12:30,89,06:00,70,1,,,0.0,false,14.8,246.83229852952834,false
1,19,12:30,90,06:15,71,1,,,0.0,false,14.8,247.28482731102432,false
1,19,12:30,91,06:30,72,1,,,0.0,false,14.8,247.73735609252026,false
1,19,12:30,92,06:45,73,1,,,0.0,false,14.8,248.1898848740162,false
1,19,12:30,93,07:00,74,1,,,0.0,false,14.8,248.64241365551214,false
1,19,12:30,94,07:15,75,1,,,0.0,false,14.8,249.0949424370081,false
1,19,12:30,95,07:30,76,1,,,0.0,false,14.8,249.54747121850403,false
1,19,12:30,96,07:45,77,1,,,0.0,false,14.8,250.0,false
1,20,12:45,20,12:45,0,1,,,0.0,false,11.438674999999954,238.8971971004928,false
1,20,12:45,21,13:00,1,1,,,0.0,false,11.438674999999954,239.34972588198877,false
1,20,12:45,22,13:15,2,1,,,0.0,false,11.438674999999954,239.80225466348472,false
1,20,12:45,23,13:30,3,1,,,0.0,false,11.438674999999954,240.25478344498066,false
1,20,12:45,24,13:45,4,1,,,0.0,false,11.438674999999954,240.7073122264766,false
1,20,12:45,25,14:00,5,1,,Digging,4.792500000000004,false,10.240549999999953,241.1598410079726,true
1,20,12:45,26,14:15,6,1,,Digging,4.792499999999997,false,9.042424999999954,241.61236978946854,false
1,20,12:45,27,14:30,7,1,,Traveling,4.710100000000001,false,7.864899999999953,242.0648985709645,false
1,20,12:45,28,14:45,8,1,,Loading/Swinging,3.1586,false,7.075249999999953,242.51742735246043,false
1,20,12:45,29,15:00,9,1,,Idle,0.0,false,7.075249999999953,242.96995613395637,false
1,20,12:45,30,15:15,10,1,,Loading/Swinging,3.1586,false,6.2855999999999534,243.42248491545234,false
1,20,12:45,31,15:30,11,1,,Loading/Swinging,3.1586,false,5.4959499999999535,243.8750136969483,true
1,20,12:45,32,15:45,12,1,,Loading/Swinging,3.1586,false,4.7062999999999535,244.32754247844423,false
1,20,12:45,33,16:00,13,1,,Traveling,4.710100000000001,false,3.5287749999999534,244.32754247844423,false
1,20,12:45,34,16:15,14,1,,Charging,0.0,true,4.9793,242.72031256154668,false
1,20,12:45,35,16:30,15,1,,Loading/Swinging,3.1586,false,4.18965,242.72031256154668,false
1,20,12:45,36,16:45,16,1,,Loading/Swinging,3.1586,false,3.4000000000000004,242.72031256154668,false
1,20,12:45,37,17:00,17,1,,Charging,0.0,true,5.299999999999999,240.61504940365194,true
1,20,12:45,38,17:15,18,1,,Charging,0.0,true,7.199999999999999,238.5097862457572,false
1,20,12:45,39,17:30,19,1,,Charging,0.0,true,9.1,236.40452308786246,false
1,20,12:45,40,17:45,20,1,,Charging,0.0,true,10.999999999999998,234.29925992996772,false
1,20,12:45,41,18:00,21,1,,Charging,0.0,true,12.899999999999999,232.19399677207298,false
1,20,12:45,42,18:15,22,1,,Charging,0.0,true,14.8,230.08873361417824,false
1,20,12:45,43,18:30,23,1,,,0.0,false,14.8,230.08873361417824,true
1,20,12:45,44,18:45,24,1,,,0.0,false,14.8,230.08873361417824,false
1,20,12:45,45,19:00,25,1,,,0.0,false,14.8,230.08873361417824,false
1,20,12:45,46,19:15,26,1,,,0.0,false,14.8,230.08873361417824,false
1,20,12:45,47,19:30,27,1,,,0.0,false,14.8,230.08873361417824,false
1,20,12:45,48,19:45,28,1,,,0.0,false,14.8,230.08873361417824,false
1,20,12:45,49,20:00,29,1,,,0.0,false,14.8,230.08873361417824,false
1,20,12:45,50,20:15,30,1,,,0.0,false,14.8,230.08873361417824,false
1,20,12:45,51,20:30,31,1,,,0.0,false,14.8,230.08873361417824,false
1,20,12:45,52,20:45,32,1,,,0.0,false,14.8,230.08873361417824,false
1,20,12:45,53,21:00,33,1,,,0.0,false,14.8,230.54126239567418,false
1,20,12:45,54,21:15,34,1,,,0.0,false,14.8,230.99379117717012,false
1,20,12:45,55,21:30,35,1,,,0.0,false,14.8,231.44631995866607,false
1,20,12:45,56,21:45,36,1,,,0.0,false,14.8,231.89884874016204,false
1,20,12:45,57,22:00,37,1,,,0.0,false,14.8,232.35137752165798,false
1,20,12:45,58,22:15,38,1,,,0.0,false,14.8,232.80390630315392,false
1,20,12:45,59,22:30,39,1,,,0.0,false,14.8,233.25643508464987,false
1,20,12:45,60,22:45,40,1,,,0.0,false,14.8,233.70896386614584,false
1,20,12:45,61,23:00,41,1,,,0.0,false,14.8,234.16149264764178,false
1,20,12:45,62,23:15,42,1,,,0.0,false,14.8,234.61402142913772,false
1,20,12:45,63,23:30,43,1,,,0.0,false,14.8,235.0665502106337,false
1,20,12:45,64,23:45,44,1,,,0.0,false,14.8,235.51907899212964,false
1,20,12:45,65,00:00,45,1,,,0.0,false,14.8,235.97160777362558,false
1,20,12:45,66,00:15,46,1,,,0.0,false,14.8,236.42413655512152,false
1,20,12:45,67,00:30,47,1,,,0.0,false,14.8,236.87666533661746,false
1,20,12:45,68,00:45,48,1,,,0.0,false,14.8,237.32919411811343,false
1,20,12:45,69,01:00,49,1,,,0.0,false,14.8,237.78172289960938,false
1,20,12:45,70,01:15,50,1,,,0.0,false,14.8,238.23425168110532,false
1,20,12:45,71,01:30,51,1,,,0.0,false,14.8,238.68678046260126,false
1,20,12:45,72,01:45,52,1,,,0.0,false,14.8,239.13930924409723,false
1,20,12:45,73,02:00,53,1,,,0.0,false,14.8,239.5918380255932,false
1,20,12:45,74,02:15,54,1,,,0.0,false,14.8,240.04436680708915,false
1,20,12:45,75,02:30,55,1,,,0.0,false,14.8,240.4968955885851,false
1,20,12:45,76,02:45,56,1,,,0.0,false,14.8,240.94942437008103,false
1,20,12:45,77,03:00,57,1,,,0.0,false,14.8,241.40195315157698,false
1,20,12:45,78,03:15,58,1,,,0.0,false,14.8,241.85448193307292,false
1,20,12:45,79,03:30,59,1,,,0.0,false,14.8,242.3070107145689,false
1,20,12:45,80,03:45,60,1,,,0.0,false,14.8,242.75953949606483,false
1,20,12:45,81,04:00,61,1,,,0.0,false,14.8,243.21206827756077,false
1,20,12:45,82,04:15,62,1,,,0.0,false,14.8,243.66459705905672,false
1,20,12:45,83,04:30,63,1,,,0.0,false,14.8,244.11712584055266,false
1,20,12:45,84,04:45,64,1,,,0.0,false,14.8,244.56965462204863,false
1,20,12:45,85,05:00,65,1,,,0.0,false,14.8,245.02218340354457,false
1,20,12:45,86,05:15,66,1,,,0.0,false,14.8,245.47471218504052,false
1,20,12:45,87,05:30,67,1,,,0.0,false,14.8,245.92724096653646,false
1,20,12:45,88,05:45,68,1,,,0.0,false,14.8,246.37976974803243,false
1,20,12:45,89,06:00,69,1,,,0.0,false,14.8,246.83229852952837,false
1,20,12:45,90,06:15,70,1,,,0.0,false,14.8,247.28482731102432,false
1,20,12:45,91,06:30,71,1,,,0.0,false,14.8,247.73735609252026,false
1,20,12:45,92,06:45,72,1,,,0.0,false,14.8,248.1898848740162,false
1,20,12:45,93,07:00,73,1,,,0.0,false,14.8,248.64241365551214,false
1,20,12:45,94,07:15,74,1,,,0.0,false,14.8,249.0949424370081,false
1,20,12:45,95,07:30,75,1,,,0.0,false,14.8,249.54747121850403,false
1,20,12:45,96,07:45,76,1,,,0.0,false,14.8,250.0,false
1,21,13:00,21,13:00,0,1,,,0.0,false,11.438674999999954,239.34972588198875,false
1,21,13:00,22,13:15,1,1,,,0.0,false,11.438674999999954,239.8022546634847,false
1,21,13:00,23,13:30,2,1,,,0.0,false,11.438674999999954,240.25478344498063,false
1,21,13:00,24,13:45,3,1,,,0.0,false,11.438674999999954,240.70731222647657,false
1,21,13:00,25,14:00,4,1,,Digging,4.7925,false,10.240549999999953,241.15984100797252,false
1,21,13:00,26,14:15,5,1,,Digging,4.792500000000004,false,9.042424999999952,241.61236978946846,false
1,21,13:00,27,14:30,6,1,,Traveling,4.7101,false,7.864899999999952,242.0648985709644,false
1,21,13:00,28,14:45,7,1,,Loading/Swinging,3.1586,false,7.075249999999952,242.51742735246034,false
1,21,13:00,29,15:00,8,1,,Idle,0.0,false,7.075249999999952,242.9699561339563,false
1,21,13:00,30,15:15,9,1,,Loading/Swinging,3.1586,false,6.285599999999952,243.42248491545223,false
1,21,13:00,31,15:30,10,1,,Loading/Swinging,3.1586,false,5.495949999999952,243.87501369694817,false
1,21,13:00,32,15:45,11,1,,Loading/Swinging,3.1586,false,4.706299999999952,244.32754247844412,false
1,21,13:00,33,16:00,12,1,,Traveling,4.710100000000001,false,3.5287749999999516,244.32754247844412,false
1,21,13:00,34,16:15,13,1,,Charging,0.0,true,4.9793,242.72031256154656,false
1,21,13:00,35,16:30,14,1,,Loading/Swinging,3.1586,false,4.18965,242.72031256154656,false
1,21,13:00,36,16:45,15,1,,Loading/Swinging,3.1586,false,3.4000000000000004,242.72031256154656,false
1,21,13:00,37,17:00,16,1,,Charging,0.0,true,5.300000000000001,240.61504940365182,false
1,21,13:00,38,17:15,17,1,,Charging,0.0,true,7.2,238.50978624575708,false
1,21,13:00,39,17:30,18,1,,Charging,0.0,true,9.1,236.40452308786234,false
1,21,13:00,40,17:45,19,1,,Charging,0.0,true,11.0,234.2992599299676,false
1,21,13:00,41,18:00,20,1,,Charging,0.0,true,12.9,232.19399677207286,false
1,21,13:00,42,18:15,21,1,,Charging,0.0,true,14.8,230.08873361417812,false
1,21,13:00,43,18:30,22,1,,,0.0,false,14.8,230.08873361417812,false
1,21,13:00,44,18:45,23,1,,,0.0,false,14.8,230.08873361417812,false
1,21,13:00,45,19:00,24,1,,,0.0,false,14.8,230.08873361417812,false
1,21,13:00,46,19:15,25,1,,,0.0,false,14.8,230.08873361417812,false
1,21,13:00,47,19:30,26,1,,,0.0,false,14.8,230.08873361417812,false
1,21,13:00,48,19:45,27,1,,,0.0,false,14.8,230.08873361417812,false
1,21,13:00,49,20:00,28,1,,,0.0,false,14.8,230.08873361417812,false
1,21,13:00,50,20:15,29,1,,,0.0,false,14.8,230.08873361417812,false
1,21,13:00,51,20:30,30,1,,,0.0,false,14.8,230.08873361417812,false
1,21,13:00,52,20:45,31,1,,,0.0,false,14.8,230.08873361417812,false
1,21,13:00,53,21:00,32,1,,,0.0,false,14.8,230.54126239567407,false
1,21,13:00,54,21:15,33,1,,,0.0,false,14.8,230.99379117717,false
1,21,13:00,55,21:30,34,1,,,0.0,false,14.8,231.44631995866595,false
1,21,13:00,56,21:45,35,1,,,0.0,false,14.8,231.8988487401619,false
1,21,13:00,57,22:00,36,1,,,0.0,false,14.8,232.35137752165784,false
1,21,13:00,58,22:15,37,1,,,0.0,false,14.8,232.80390630315378,false
1,21,13:00,59,22:30,38,1,,,0.0,false,14.8,233.25643508464972,false
1,21,13:00,60,22:45,39,1,,,0.0,false,14.8,233.70896386614567,false
1,21,13:00,61,23:00,40,1,,,0.0,false,14.8,234.1614926476416,false
1,21,13:00,62,23:15,41,1,,,0.0,false,14.8,234.61402142913755,false
1,21,13:00,63,23:30,42,1,,,0.0,false,14.8,235.0665502106335,false
1,21,13:00,64,23:45,43,1,,,0.0,false,14.8,235.5190789921298,false
1,21,13:00,65,00:00,44,1,,,0.0,false,14.8,235.97160777362575,false
1,21,13:00,66,00:15,45,1,,,0.0,false,14.8,236.4241365551217,false
1,21,13:00,67,00:30,46,1,,,0.0,false,14.8,236.87666533661763,false
1,21,13:00,68,00:45,47,1,,,0.0,false,14.8,237.32919411811358,false
1,21,13:00,69,01:00,48,1,,,0.0,false,14.8,237.78172289960952,false
1,21,13:00,70,01:15,49,1,,,0.0,false,14.8,238.23425168110546,false
1,21,13:00,71,01:30,50,1,,,0.0,false,14.8,238.6867804626014,false
1,21,13:00,72,01:45,51,1,,,0.0,false,14.8,239.13930924409735,false
1,21,13:00,73,02:00,52,1,,,0.0,false,14.8,239.5918380255933,false
1,21,13:00,74,02:15,53,1,,,0.0,false,14.8,240.04436680708923,false
1,21,13:00,75,02:30,54,1,,,0.0,false,14.8,240.49689558858518,false
1,21,13:00,76,02:45,55,1,,,0.0,false,14.8,240.94942437008112,false
1,21,13:00,77,03:00,56,1,,,0.0,false,14.8,241.40195315157706,false
1,21,13:00,78,03:15,57,1,,,0.0,false,14.8,241.854481933073,false
1,21,13:00,79,03:30,58,1,,,0.0,false,14.8,242.30701071456895,false
1,21,13:00,80,03:45,59,1,,,0.0,false,14.8,242.7595394960649,false
1,21,13:00,81,04:00,60,1,,,0.0,false,14.8,243.21206827756083,false
1,21,13:00,82,04:15,61,1,,,0.0,false,14.8,243.66459705905677,false
1,21,13:00,83,04:30,62,1,,,0.0,false,14.8,244.11712584055272,false
1,21,13:00,84,04:45,63,1,,,0.0,false,14.8,244.56965462204866,false
1,21,13:00,85,05:00,64,1,,,0.0,false,14.8,245.0221834035446,false
1,21,13:00,86,05:15,65,1,,,0.0,false,14.8,245.47471218504054,false
1,21,13:00,87,05:30,66,1,,,0.0,false,14.8,245.9272409665365,false
1,21,13:00,88,05:45,67,1,,,0.0,false,14.8,246.37976974803243,false
1,21,13:00,89,06:00,68,1,,,0.0,false,14.8,246.83229852952837,false
1,21,13:00,90,06:15,69,1,,,0.0,false,14.8,247.28482731102432,false
1,21,13:00,91,06:30,70,1,,,0.0,false,14.8,247.73735609252026,false
1,21,13:00,92,06:45,71,1,,,0.0,false,14.8,248.1898848740162,false
1,21,13:00,93,07:00,72,1,,,0.0,false,14.8,248.64241365551214,false
1,21,13:00,94,07:15,73,1,,,0.0,false,14.8,249.0949424370081,false
1,21,13:00,95,07:30,74,1,,,0.0,false,14.8,249.54747121850403,false
1,21,13:00,96,07:45,75,1,,,0.0,false,14.8,250.0,false
1,22,13:15,22,13:15,0,1,,,0.0,false,11.438674999999954,239.8022546634847,false
1,22,13:15,23,13:30,1,1,,,0.0,false,11.438674999999954,240.25478344498066,false
1,22,13:15,24,13:45,2,1,,,0.0,false,11.438674999999954,240.7073122264766,false
1,22,13:15,25,14:00,3,1,,Digging,4.792500000000004,false,10.240549999999953,241.1598410079725,false
1,22,13:15,26,14:15,4,1,,Digging,4.792499999999997,false,9.042424999999954,241.61236978946843,false
1,22,13:15,27,14:30,5,1,,Traveling,4.710100000000001,false,7.864899999999953,242.06489857096437,false
1,22,13:15,28,14:45,6,1,,Loading/Swinging,3.1586,false,7.075249999999953,242.51742735246032,false
1,22,13:15,29,15:00,7,1,,Idle,0.0,false,7.075249999999953,242.9699561339563,false
1,22,13:15,30,15:15,8,1,,Loading/Swinging,3.1586,false,6.2855999999999534,243.42248491545223,false
1,22,13:15,31,15:30,9,1,,Loading/Swinging,3.1586,false,5.4959499999999535,243.87501369694817,false
1,22,13:15,32,15:45,10,1,,Loading/Swinging,3.1586,false,4.7062999999999535,244.32754247844412,false
1,22,13:15,33,16:00,11,1,,Traveling,4.710099999999999,false,3.528774999999954,244.32754247844412,false
1,22,13:15,34,16:15,12,1,,Charging,0.0,true,4.9793,242.72031256154656,false
1,22,13:15,35,16:30,13,1,,Loading/Swinging,3.1586,false,4.18965,242.72031256154656,false
1,22,13:15,36,16:45,14,1,,Loading/Swinging,3.1586,false,3.4000000000000004,242.72031256154656,false
1,22,13:15,37,17:00,15,1,,Charging,0.0,true,5.300000000000001,240.61504940365182,false
1,22,13:15,38,17:15,16,1,,Charging,0.0,true,7.2,238.50978624575708,false
1,22,13:15,39,17:30,17,1,,Charging,0.0,true,9.1,236.40452308786234,false
1,22,13:15,40,17:45,18,1,,Charging,0.0,true,11.0,234.2992599299676,false
1,22,13:15,41,18:00,19,1,,Charging,0.0,true,12.9,232.19399677207286,false
1,22,13:15,42,18:15,20,1,,Charging,0.0,true,14.8,230.08873361417812,false
1,22,13:15,43,18:30,21,1,,,0.0,false,14.8,230.08873361417812,false
1,22,13:15,44,18:45,22,1,,,0.0,false,14.8,230.08873361417812,false
1,22,13:15,45,19:00,23,1,,,0.0,false,14.8,230.08873361417812,false
1,22,13:15,46,19:15,24,1,,,0.0,false,14.8,230.08873361417812,false
1,22,13:15,47,19:30,25,1,,,0.0,false,14.8,230.08873361417812,false
1,22,13:15,48,19:45,26,1,,,0.0,false,14.8,230.08873361417812,false
1,22,13:15,49,20:00,27,1,,,0.0,false,14.8,230.08873361417812,false
1,22,13:15,50,20:15,28,1,,,0.0,false,14.8,230.08873361417812,false
1,22,13:15,51,20:30,29,1,,,0.0,false,14.8,230.08873361417812,false
1,22,13:15,52,20:45,30,1,,,0.0,false,14.8,230.08873361417815,false
1,22,13:15,53,21:00,31,1,,,0.0,false,14.8,230.5412623956741,false
1,22,13:15,54,21:15,32,1,,,0.0,false,14.8,230.99379117717004,false
1,22,13:15,55,21:30,33,1,,,0.0,false,14.8,231.44631995866598,false
1,22,13:15,56,21:45,34,1,,,0.0,false,14.8,231.89884874016195,false
1,22,13:15,57,22:00,35,1,,,0.0,false,14.8,232.3513775216579,false
1,22,13:15,58,22:15,36,1,,,0.0,false,14.8,232.80390630315384,false
1,22,13:15,59,22:30,37,1,,,0.0,false,14.8,233.25643508464978,false
1,22,13:15,60,22:45,38,1,,,0.0,false,14.8,233.70896386614572,false
1,22,13:15,61,23:00,39,1,,,0.0,false,14.8,234.16149264764167,false
1,22,13:15,62,23:15,40,1,,,0.0,false,14.8,234.6140214291376,false
1,22,13:15,63,23:30,41,1,,,0.0,false,14.8,235.06655021063355,false
1,22,13:15,64,23:45,42,1,,,0.0,false,14.8,235.5190789921297,false
1,22,13:15,65,00:00,43,1,,,0.0,false,14.8,235.97160777362564,false
1,22,13:15,66,00:15,44,1,,,0.0,false,14.8,236.42413655512158,false
1,22,13:15,67,00:30,45,1,,,0.0,false,14.8,236.87666533661752,false
1,22,13:15,68,00:45,46,1,,,0.0,false,14.8,237.32919411811346,false
1,22,13:15,69,01:00,47,1,,,0.0,false,14.8,237.7817228996094,false
1,22,13:15,70,01:15,48,1,,,0.0,false,14.8,238.23425168110538,false
1,22,13:15,71,01:30,49,1,,,0.0,false,14.8,238.68678046260132,false
1,22,13:15,72,01:45,50,1,,,0.0,false,14.8,239.13930924409726,false
1,22,13:15,73,02:00,51,1,,,0.0,false,14.8,239.5918380255932,false
1,22,13:15,74,02:15,52,1,,,0.0,false,14.8,240.04436680708915,false
1,22,13:15,75,02:30,53,1,,,0.0,false,14.8,240.4968955885851,false
1,22,13:15,76,02:45,54,1,,,0.0,false,14.8,240.94942437008103,false
1,22,13:15,77,03:00,55,1,,,0.0,false,14.8,241.401953151577,false
1,22,13:15,78,03:15,56,1,,,0.0,false,14.8,241.85448193307295,false
1,22,13:15,79,03:30,57,1,,,0.0,false,14.8,242.3070107145689,false
1,22,13:15,80,03:45,58,1,,,0.0,false,14.8,242.75953949606483,false
1,22,13:15,81,04:00,59,1,,,0.0,false,14.8,243.21206827756083,false
1,22,13:15,82,04:15,60,1,,,0.0,false,14.8,243.66459705905677,false
1,22,13:15,83,04:30,61,1,,,0.0,false,14.8,244.11712584055272,false
1,22,13:15,84,04:45,62,1,,,0.0,false,14.8,244.56965462204866,false
1,22,13:15,85,05:00,63,1,,,0.0,false,14.8,245.0221834035446,false
1,22,13:15,86,05:15,64,1,,,0.0,false,14.8,245.47471218504054,false
1,22,13:15,87,05:30,65,1,,,0.0,false,14.8,245.9272409665365,false
1,22,13:15,88,05:45,66,1,,,0.0,false,14.8,246.37976974803243,false
1,22,13:15,89,06:00,67,1,,,0.0,false,14.8,246.83229852952837,false
1,22,13:15,90,06:15,68,1,,,0.0,false,14.8,247.28482731102432,false
1,22,13:15,91,06:30,69,1,,,0.0,false,14.8,247.73735609252026,false
1,22,13:15,92,06:45,70,1,,,0.0,false,14.8,248.1898848740162,false
1,22,13:15,93,07:00,71,1,,,0.0,false,14.8,248.64241365551214,false
1,22,13:15,94,07:15,72,1,,,0.0,false,14.8,249.0949424370081,false
1,22,13:15,95,07:30,73,1,,,0.0,false,14.8,249.54747121850403,false
1,22,13:15,96,07:45,74,1,,,0.0,false,14.8,250.0,false
1,23,13:30,23,13:30,0,1,,,0.0,false,11.438674999999954,240.25478344498063,false
1,23,13:30,24,13:45,1,1,,,0.0,false,11.438674999999954,240.7073122264766,false
1,23,13:30,25,14:00,2,1,,Loading/Swinging,3.1586,false,10.649024999999954,241.15984100797255,true
1,23,13:30,26,14:15,3,1,,Loading/Swinging,3.1586,false,9.859374999999954,241.6123697894685,true
1,23,13:30,27,14:30,4,1,,Traveling,4.7101,false,8.681849999999955,242.06489857096443,false
1,23,13:30,28,14:45,5,1,,Loading/Swinging,3.1586000000000034,false,7.892199999999954,242.51742735246037,false
1,23,13:30,29,15:00,6,1,,Idle,0.0,false,7.892199999999954,242.96995613395632,false
1,23,13:30,30,15:15,7,1,,Digging,4.7925,false,6.694074999999954,243.42248491545223,true
1,23,13:30,31,15:30,8,1,,Loading/Swinging,3.1586,false,5.904424999999954,243.87501369694817,false
1,23,13:30,32,15:45,9,1,,Digging,4.7925,false,4.7062999999999535,244.32754247844412,true
1,23,13:30,33,16:00,10,1,,Traveling,4.710099999999999,false,3.528774999999954,244.32754247844412,false
1,23,13:30,34,16:15,11,1,,Charging,0.0,true,4.9793,242.72031256154656,false
1,23,13:30,35,16:30,12,1,,Loading/Swinging,3.1586,false,4.18965,242.72031256154656,false
1,23,13:30,36,16:45,13,1,,Loading/Swinging,3.1586,false,3.4000000000000004,242.72031256154656,false
1,23,13:30,37,17:00,14,1,,Charging,0.0,true,5.300000000000001,240.61504940365182,false
1,23,13:30,38,17:15,15,1,,Charging,0.0,true,7.2,238.50978624575708,false
1,23,13:30,39,17:30,16,1,,Charging,0.0,true,9.1,236.40452308786234,false
1,23,13:30,40,17:45,17,1,,Charging,0.0,true,11.0,234.2992599299676,false
1,23,13:30,41,18:00,18,1,,Charging,0.0,true,12.9,232.19399677207286,false
1,23,13:30,42,18:15,19,1,,Charging,0.0,true,14.8,230.08873361417812,false
1,23,13:30,43,18:30,20,1,,,0.0,false,14.8,230.08873361417812,false
1,23,13:30,44,18:45,21,1,,,0.0,false,14.8,230.08873361417812,false
1,23,13:30,45,19:00,22,1,,,0.0,false,14.8,230.08873361417812,false
1,23,13:30,46,19:15,23,1,,,0.0,false,14.8,230.08873361417812,false
1,23,13:30,47,19:30,24,1,,,0.0,false,14.8,230.08873361417812,false
1,23,13:30,48,19:45,25,1,,,0.0,false,14.8,230.08873361417812,false
1,23,13:30,49,20:00,26,1,,,0.0,false,14.8,230.08873361417812,false
1,23,13:30,50,20:15,27,1,,,0.0,false,14.8,230.08873361417812,false
1,23,13:30,51,20:30,28,1,,,0.0,false,14.8,230.08873361417812,false
1,23,13:30,52,20:45,29,1,,,0.0,false,14.8,230.08873361417812,false
1,23,13:30,53,21:00,30,1,,,0.0,false,14.8,230.54126239567407,false
1,23,13:30,54,21:15,31,1,,,0.0,false,14.8,230.99379117717,false
1,23,13:30,55,21:30,32,1,,,0.0,false,14.8,231.44631995866595,false
1,23,13:30,56,21:45,33,1,,,0.0,false,14.8,231.8988487401619,false
1,23,13:30,57,22:00,34,1,,,0.0,false,14.8,232.35137752165787,false
1,23,13:30,58,22:15,35,1,,,0.0,false,14.8,232.8039063031538,false
1,23,13:30,59,22:30,36,1,,,0.0,false,14.8,233.25643508464975,false
1,23,13:30,60,22:45,37,1,,,0.0,false,14.8,233.7089638661457,false
1,23,13:30,61,23:00,38,1,,,0.0,false,14.8,234.16149264764164,false
1,23,13:30,62,23:15,39,1,,,0.0,false,14.8,234.61402142913758,false
1,23,13:30,63,23:30,40,1,,,0.0,false,14.8,235.06655021063352,false
1,23,13:30,64,23:45,41,1,,,0.0,false,14.8,235.51907899212964,false
1,23,13:30,65,00:00,42,1,,,0.0,false,14.8,235.97160777362558,false
1,23,13:30,66,00:15,43,1,,,0.0,false,14.8,236.42413655512152,false
1,23,13:30,67,00:30,44,1,,,0.0,false,14.8,236.87666533661746,false
1,23,13:30,68,00:45,45,1,,,0.0,false,14.8,237.3291941181134,false
1,23,13:30,69,01:00,46,1,,,0.0,false,14.8,237.78172289960938,false
1,23,13:30,70,01:15,47,1,,,0.0,false,14.8,238.23425168110532,false
1,23,13:30,71,01:30,48,1,,,0.0,false,14.8,238.68678046260126,false
1,23,13:30,72,01:45,49,1,,,0.0,false,14.8,239.1393092440972,false
1,23,13:30,73,02:00,50,1,,,0.0,false,14.8,239.59183802559318,false
1,23,13:30,74,02:15,51,1,,,0.0,false,14.8,240.04436680708912,false
1,23,13:30,75,02:30,52,1,,,0.0,false,14.8,240.4968955885851,false
1,23,13:30,76,02:45,53,1,,,0.0,false,14.8,240.94942437008103,false
1,23,13:30,77,03:00,54,1,,,0.0,false,14.8,241.40195315157698,false
1,23,13:30,78,03:15,55,1,,,0.0,false,14.8,241.85448193307292,false
1,23,13:30,79,03:30,56,1,,,0.0,false,14.8,242.30701071456886,false
1,23,13:30,80,03:45,57,1,,,0.0,false,14.8,242.7595394960648,false
1,23,13:30,81,04:00,58,1,,,0.0,false,14.8,243.21206827756075,false
1,23,13:30,82,04:15,59,1,,,0.0,false,14.8,243.6645970590567,false
1,23,13:30,83,04:30,60,1,,,0.0,false,14.8,244.11712584055263,false
1,23,13:30,84,04:45,61,1,,,0.0,false,14.8,244.56965462204863,false
1,23,13:30,85,05:00,62,1,,,0.0,false,14.8,245.02218340354457,false
1,23,13:30,86,05:15,63,1,,,0.0,false,14.8,245.47471218504052,false
1,23,13:30,87,05:30,64,1,,,0.0,false,14.8,245.92724096653646,false
1,23,13:30,88,05:45,65,1,,,0.0,false,14.8,246.3797697480324,false
1,23,13:30,89,06:00,66,1,,,0.0,false,14.8,246.83229852952834,false
1,23,13:30,90,06:15,67,1,,,0.0,false,14.8,247.2848273110243,false
1,23,13:30,91,06:30,68,1,,,0.0,false,14.8,247.73735609252026,false
1,23,13:30,92,06:45,69,1,,,0.0,false,14.8,248.1898848740162,false
1,23,13:30,93,07:00,70,1,,,0.0,false,14.8,248.64241365551214,false
1,23,13:30,94,07:15,71,1,,,0.0,false,14.8,249.0949424370081,false
1,23,13:30,95,07:30,72,1,,,0.0,false,14.8,249.54747121850403,false
1,23,13:30,96,07:45,73,1,,,0.0,false,14.8,250.0,false
1,24,13:45,24,13:45,0,1,,,0.0,false,11.438674999999954,240.70731222647657,false
1,24,13:45,25,14:00,1,1,,Digging,4.792500000000004,false,10.240549999999953,241.15984100797252,true
1,24,13:45,26,14:15,2,1,,Digging,4.7925,false,9.042424999999954,241.61236978946846,true
1,24,13:45,27,14:30,3,1,,Traveling,4.7101,false,7.864899999999953,242.0648985709644,false
1,24,13:45,28,14:45,4,1,,Loading/Swinging,3.1586,false,7.075249999999953,242.51742735246034,false
1,24,13:45,29,15:00,5,1,,Idle,0.0,false,7.075249999999953,242.9699561339563,false
1,24,13:45,30,15:15,6,1,,Loading/Swinging,3.1586,false,6.2855999999999534,243.42248491545223,true
1,24,13:45,31,15:30,7,1,,Loading/Swinging,3.1586,false,5.4959499999999535,243.87501369694817,false
1,24,13:45,32,15:45,8,1,,Loading/Swinging,3.1586,false,4.7062999999999535,244.32754247844412,true
1,24,13:45,33,16:00,9,1,,Traveling,4.7101,false,3.5287749999999534,244.32754247844412,false
1,24,13:45,34,16:15,10,1,,Charging,0.0,true,4.9793,242.72031256154656,false
1,24,13:45,35,16:30,11,1,,Loading/Swinging,3.1586,false,4.18965,242.72031256154656,false
1,24,13:45,36,16:45,12,1,,Loading/Swinging,3.1586,false,3.4000000000000004,242.72031256154656,false
1,24,13:45,37,17:00,13,1,,Charging,0.0,true,5.300000000000001,240.61504940365182,false
1,24,13:45,38,17:15,14,1,,Charging,0.0,true,7.2,238.50978624575708,false
1,24,13:45,39,17:30,15,1,,Charging,0.0,true,9.1,236.40452308786234,false
1,24,13:45,40,17:45,16,1,,Charging,0.0,true,11.0,234.2992599299676,false
1,24,13:45,41,18:00,17,1,,Charging,0.0,true,12.9,232.19399677207286,false
1,24,13:45,42,18:15,18,1,,Charging,0.0,true,14.8,230.08873361417812,false
1,24,13:45,43,18:30,19,1,,,0.0,false,14.8,230.08873361417812,false
1,24,13:45,44,18:45,20,1,,,0.0,false,14.8,230.08873361417812,false
1,24,13:45,45,19:00,21,1,,,0.0,false,14.8,230.08873361417812,false
1,24,13:45,46,19:15,22,1,,,0.0,false,14.8,230.08873361417812,false
1,24,13:45,47,19:30,23,1,,,0.0,false,14.8,230.08873361417812,false
1,24,13:45,48,19:45,24,1,,,0.0,false,14.8,230.08873361417812,false
1,24,13:45,49,20:00,25,1,,,0.0,false,14.8,230.08873361417812,false
1,24,13:45,50,20:15,26,1,,,0.0,false,14.8,230.08873361417812,false
1,24,13:45,51,20:30,27,1,,,0.0,false,14.8,230.08873361417812,false
1,24,13:45,52,20:45,28,1,,,0.0,false,14.8,230.08873361417812,false
1,24,13:45,53,21:00,29,1,,,0.0,false,14.8,230.54126239567407,false
1,24,13:45,54,21:15,30,1,,,0.0,false,14.8,230.99379117717,false
1,24,13:45,55,21:30,31,1,,,0.0,false,14.8,231.44631995866595,false
1,24,13:45,56,21:45,32,1,,,0.0,false,14.8,231.8988487401619,false
1,24,13:45,57,22:00,33,1,,,0.0,false,14.8,232.35137752165784,false
1,24,13:45,58,22:15,34,1,,,0.0,false,14.8,232.80390630315378,false
1,24,13:45,59,22:30,35,1,,,0.0,false,14.8,233.25643508464975,false
1,24,13:45,60,22:45,36,1,,,0.0,false,14.8,233.7089638661457,false
1,24,13:45,61,23:00,37,1,,,0.0,false,14.8,234.16149264764164,false
1,24,13:45,62,23:15,38,1,,,0.0,false,14.8,234.61402142913758,false
1,24,13:45,63,23:30,39,1,,,0.0,false,14.8,235.06655021063352,false
1,24,13:45,64,23:45,40,1,,,0.0,false,14.8,235.51907899212964,false
1,24,13:45,65,00:00,41,1,,,0.0,false,14.8,235.97160777362558,false
1,24,13:45,66,00:15,42,1,,,0.0,false,14.8,236.42413655512152,false
1,24,13:45,67,00:30,43,1,,,0.0,false,14.8,236.8766653366175,false
1,24,13:45,68,00:45,44,1,,,0.0,false,14.8,237.32919411811343,false
1,24,13:45,69,01:00,45,1,,,0.0,false,14.8,237.78172289960938,false
1,24,13:45,70,01:15,46,1,,,0.0,false,14.8,238.23425168110532,false
1,24,13:45,71,01:30,47,1,,,0.0,false,14.8,238.68678046260126,false
1,24,13:45,72,01:45,48,1,,,0.0,false,14.8,239.13930924409723,false
1,24,13:45,73,02:00,49,1,,,0.0,false,14.8,239.59183802559318,false
1,24,13:45,74,02:15,50,1,,,0.0,false,14.8,240.04436680708912,false
1,24,13:45,75,02:30,51,1,,,0.0,false,14.8,240.49689558858506,false
1,24,13:45,76,02:45,52,1,,,0.0,false,14.8,240.94942437008103,false
1,24,13:45,77,03:00,53,1,,,0.0,false,14.8,241.40195315157698,false
1,24,13:45,78,03:15,54,1,,,0.0,false,14.8,241.85448193307292,false
1,24,13:45,79,03:30,55,1,,,0.0,false,14.8,242.30701071456886,false
1,24,13:45,80,03:45,56,1,,,0.0,false,14.8,242.7595394960648,false
1,24,13:45,81,04:00,57,1,,,0.0,false,14.8,243.2120682775608,false
1,24,13:45,82,04:15,58,1,,,0.0,false,14.8,243.66459705905675,false
1,24,13:45,83,04:30,59,1,,,0.0,false,14.8,244.1171258405527,false
1,24,13:45,84,04:45,60,1,,,0.0,false,14.8,244.56965462204863,false
1,24,13:45,85,05:00,61,1,,,0.0,false,14.8,245.0221834035446,false
1,24,13:45,86,05:15,62,1,,,0.0,false,14.8,245.47471218504054,false
1,24,13:45,87,05:30,63,1,,,0.0,false,14.8,245.9272409665365,false
1,24,13:45,88,05:45,64,1,,,0.0,false,14.8,246.37976974803243,false
1,24,13:45,89,06:00,65,1,,,0.0,false,14.8,246.83229852952837,false
1,24,13:45,90,06:15,66,1,,,0.0,false,14.8,247.28482731102432,false
1,24,13:45,91,06:30,67,1,,,0.0,false,14.8,247.73735609252026,false
1,24,13:45,92,06:45,68,1,,,0.0,false,14.8,248.1898848740162,false
1,24,13:45,93,07:00,69,1,,,0.0,false,14.8,248.64241365551214,false
1,24,13:45,94,07:15,70,1,,,0.0,false,14.8,249.0949424370081,false
1,24,13:45,95,07:30,71,1,,,0.0,false,14.8,249.54747121850403,false
1,24,13:45,96,07:45,72,1,,,0.0,false,14.8,250.0,false
1,25,14:00,25,14:00,0,1,,Loading/Swinging,3.1586,false,10.649024999999954,241.15984100797252,true
1,25,14:00,26,14:15,1,1,,Digging,4.792500000000004,false,9.450899999999953,241.6123697894685,false
1,25,14:00,27,14:30,2,1,,Traveling,4.7101,false,8.273374999999954,242.06489857096443,false
1,25,14:00,28,14:45,3,1,,Digging,4.7925,false,7.075249999999953,242.51742735246034,true
1,25,14:00,29,15:00,4,1,,Idle,0.0,false,7.075249999999953,242.9699561339563,false
1,25,14:00,30,15:15,5,1,,Loading/Swinging,3.1586,false,6.2855999999999534,243.42248491545223,false
1,25,14:00,31,15:30,6,1,,Loading/Swinging,3.1586,false,5.4959499999999535,243.87501369694817,false
1,25,14:00,32,15:45,7,1,,Loading/Swinging,3.1586,false,4.7062999999999535,244.32754247844412,false
1,25,14:00,33,16:00,8,1,,Traveling,4.710100000000001,false,3.5287749999999534,244.32754247844412,false
1,25,14:00,34,16:15,9,1,,Charging,0.0,true,4.9793,242.72031256154656,false
1,25,14:00,35,16:30,10,1,,Loading/Swinging,3.1586,false,4.18965,242.72031256154656,false
1,25,14:00,36,16:45,11,1,,Loading/Swinging,3.1586,false,3.4000000000000004,242.72031256154656,false
1,25,14:00,37,17:00,12,1,,Charging,0.0,true,5.300000000000001,240.61504940365182,false
1,25,14:00,38,17:15,13,1,,Charging,0.0,true,7.2,238.50978624575708,false
1,25,14:00,39,17:30,14,1,,Charging,0.0,true,9.1,236.40452308786234,false
1,25,14:00,40,17:45,15,1,,Charging,0.0,true,11.0,234.2992599299676,false
1,25,14:00,41,18:00,16,1,,Charging,0.0,true,12.9,232.19399677207286,false
1,25,14:00,42,18:15,17,1,,,0.0,false,12.9,232.19399677207286,true
1,25,14:00,43,18:30,18,1,,,0.0,false,12.9,232.19399677207286,false
1,25,14:00,44,18:45,19,1,,,0.0,false,12.9,232.19399677207286,false
1,25,14:00,45,19:00,20,1,,,0.0,false,12.9,232.19399677207286,false
1,25,14:00,46,19:15,21,1,,,0.0,false,12.9,232.19399677207286,false
1,25,14:00,47,19:30,22,1,,Charging,0.0,true,14.8,230.08873361417812,true
1,25,14:00,48,19:45,23,1,,,0.0,false,14.8,230.08873361417812,false
1,25,14:00,49,20:00,24,1,,,0.0,false,14.8,230.08873361417812,false
1,25,14:00,50,20:15,25,1,,,0.0,false,14.8,230.08873361417812,false
1,25,14:00,51,20:30,26,1,,,0.0,false,14.8,230.08873361417812,false
1,25,14:00,52,20:45,27,1,,,0.0,false,14.8,230.08873361417812,false
1,25,14:00,53,21:00,28,1,,,0.0,false,14.8,230.54126239567407,false
1,25,14:00,54,21:15,29,1,,,0.0,false,14.8,230.99379117717,false
1,25,14:00,55,21:30,30,1,,,0.0,false,14.8,231.44631995866595,false
1,25,14:00,56,21:45,31,1,,,0.0,false,14.8,231.8988487401619,false
1,25,14:00,57,22:00,32,1,,,0.0,false,14.8,232.3513775216579,false
1,25,14:00,58,22:15,33,1,,,0.0,false,14.8,232.80390630315384,false
1,25,14:00,59,22:30,34,1,,,0.0,false,14.8,233.2564350846498,false
1,25,14:00,60,22:45,35,1,,,0.0,false,14.8,233.70896386614575,false
1,25,14:00,61,23:00,36,1,,,0.0,false,14.8,234.1614926476417,false
1,25,14:00,62,23:15,37,1,,,0.0,false,14.8,234.61402142913764,false
1,25,14:00,63,23:30,38,1,,,0.0,false,14.8,235.06655021063358,false
1,25,14:00,64,23:45,39,1,,,0.0,false,14.8,235.5190789921296,false
1,25,14:00,65,00:00,40,1,,,0.0,false,14.8,235.97160777362555,false
1,25,14:00,66,00:15,41,1,,,0.0,false,14.8,236.4241365551215,false
1,25,14:00,67,00:30,42,1,,,0.0,false,14.8,236.87666533661744,false
1,25,14:00,68,00:45,43,1,,,0.0,false,14.8,237.32919411811338,false
1,25,14:00,69,01:00,44,1,,,0.0,false,14.8,237.78172289960938,false
1,25,14:00,70,01:15,45,1,,,0.0,false,14.8,238.23425168110532,false
1,25,14:00,71,01:30,46,1,,,0.0,false,14.8,238.68678046260126,false
1,25,14:00,72,01:45,47,1,,,0.0,false,14.8,239.1393092440972,false
1,25,14:00,73,02:00,48,1,,,0.0,false,14.8,239.59183802559315,false
1,25,14:00,74,02:15,49,1,,,0.0,false,14.8,240.0443668070891,false
1,25,14:00,75,02:30,50,1,,,0.0,false,14.8,240.49689558858506,false
1,25,14:00,76,02:45,51,1,,,0.0,false,14.8,240.949424370081,false
1,25,14:00,77,03:00,52,1,,,0.0,false,14.8,241.401953151577,false
1,25,14:00,78,03:15,53,1,,,0.0,false,14.8,241.85448193307295,false
1,25,14:00,79,03:30,54,1,,,0.0,false,14.8,242.3070107145689,false
1,25,14:00,80,03:45,55,1,,,0.0,false,14.8,242.75953949606483,false
1,25,14:00,81,04:00,56,1,,,0.0,false,14.8,243.21206827756077,false
1,25,14:00,82,04:15,57,1,,,0.0,false,14.8,243.66459705905672,false
1,25,14:00,83,04:30,58,1,,,0.0,false,14.8,244.11712584055266,false
1,25,14:00,84,04:45,59,1,,,0.0,false,14.8,244.5696546220486,false
1,25,14:00,85,05:00,60,1,,,0.0,false,14.8,245.02218340354455,false
1,25,14:00,86,05:15,61,1,,,0.0,false,14.8,245.47471218504052,false
1,25,14:00,87,05:30,62,1,,,0.0,false,14.8,245.92724096653646,false
1,25,14:00,88,05:45,63,1,,,0.0,false,14.8,246.3797697480324,false
1,25,14:00,89,06:00,64,1,,,0.0,false,14.8,246.83229852952834,false
1,25,14:00,90,06:15,65,1,,,0.0,false,14.8,247.2848273110243,false
1,25,14:00,91,06:30,66,1,,,0.0,false,14.8,247.73735609252023,false
1,25,14:00,92,06:45,67,1,,,0.0,false,14.8,248.18988487401617,false
1,25,14:00,93,07:00,68,1,,,0.0,false,14.8,248.64241365551214,false
1,25,14:00,94,07:15,69,1,,,0.0,false,14.8,249.0949424370081,false
1,25,14:00,95,07:30,70,1,,,0.0,false,14.8,249.54747121850403,false
1,25,14:00,96,07:45,71,1,,,0.0,false,14.8,250.0,false
1,26,14:15,26,14:15,0,1,,Loading/Swinging,3.1586,false,9.909124999999953,241.61236978946846,true
1,26,14:15,27,14:30,1,1,,Traveling,4.710099999999997,false,8.731599999999954,242.0648985709644,false
1,26,14:15,28,14:45,2,1,,Digging,4.7925,false,7.533474999999953,242.51742735246034,false
1,26,14:15,29,15:00,3,1,,Idle,0.0,false,7.533474999999953,242.9699561339563,false
1,26,14:15,30,15:15,4,1,,Loading/Swinging,3.1586,false,6.743824999999953,243.42248491545223,false
1,26,14:15,31,15:30,5,1,,Digging,4.7925,false,5.545699999999953,243.87501369694817,true
1,26,14:15,32,15:45,6,1,,Loading/Swinging,3.1586,false,4.756049999999953,244.32754247844412,false
1,26,14:15,33,16:00,7,1,,Traveling,4.7101,false,3.5785249999999533,244.32754247844412,false
1,26,14:15,34,16:15,8,1,,Charging,0.0,true,4.979300000000001,242.77543721528616,false
1,26,14:15,35,16:30,9,1,,Loading/Swinging,3.1586,false,4.189650000000001,242.77543721528616,false
1,26,14:15,36,16:45,10,1,,Loading/Swinging,3.1586,false,3.4000000000000012,242.77543721528616,false
1,26,14:15,37,17:00,11,1,,Charging,0.0,true,5.300000000000001,240.67017405739142,false
1,26,14:15,38,17:15,12,1,,Charging,0.0,true,7.200000000000001,238.56491089949668,false
1,26,14:15,39,17:30,13,1,,Charging,0.0,true,9.1,236.45964774160194,false
1,26,14:15,40,17:45,14,1,,Charging,0.0,true,11.0,234.3543845837072,false
1,26,14:15,41,18:00,15,1,,Charging,0.0,true,12.9,232.24912142581246,false
1,26,14:15,42,18:15,16,1,,Charging,0.0,true,14.8,230.14385826791772,true
1,26,14:15,43,18:30,17,1,,,0.0,false,14.8,230.14385826791772,false
1,26,14:15,44,18:45,18,1,,,0.0,false,14.8,230.14385826791772,false
1,26,14:15,45,19:00,19,1,,,0.0,false,14.8,230.14385826791772,false
1,26,14:15,46,19:15,20,1,,,0.0,false,14.8,230.14385826791772,false
1,26,14:15,47,19:30,21,1,,,0.0,false,14.8,230.14385826791772,true
1,26,14:15,48,19:45,22,1,,,0.0,false,14.8,230.14385826791772,false
1,26,14:15,49,20:00,23,1,,,0.0,false,14.8,230.14385826791772,false
1,26,14:15,50,20:15,24,1,,,0.0,false,14.8,230.14385826791772,false
1,26,14:15,51,20:30,25,1,,,0.0,false,14.8,230.14385826791772,false
1,26,14:15,52,20:45,26,1,,,0.0,false,14.8,230.14385826791772,false
1,26,14:15,53,21:00,27,1,,,0.0,false,14.8,230.59638704941366,false
1,26,14:15,54,21:15,28,1,,,0.0,false,14.8,231.0489158309096,false
1,26,14:15,55,21:30,29,1,,,0.0,false,14.8,231.50144461240555,false
1,26,14:15,56,21:45,30,1,,,0.0,false,14.8,231.9539733939015,false
1,26,14:15,57,22:00,31,1,,,0.0,false,14.8,232.40650217539743,false
1,26,14:15,58,22:15,32,1,,,0.0,false,14.8,232.85903095689338,false
1,26,14:15,59,22:30,33,1,,,0.0,false,14.8,233.31155973838932,false
1,26,14:15,60,22:45,34,1,,,0.0,false,14.8,233.76408851988526,false
1,26,14:15,61,23:00,35,1,,,0.0,false,14.8,234.2166173013812,false
1,26,14:15,62,23:15,36,1,,,0.0,false,14.8,234.66914608287715,false
1,26,14:15,63,23:30,37,1,,,0.0,false,14.8,235.1216748643731,false
1,26,14:15,64,23:45,38,1,,,0.0,false,14.8,235.51907899212964,false
1,26,14:15,65,00:00,39,1,,,0.0,false,14.8,235.97160777362558,false
1,26,14:15,66,00:15,40,1,,,0.0,false,14.8,236.42413655512152,false
1,26,14:15,67,00:30,41,1,,,0.0,false,14.8,236.87666533661746,false
1,26,14:15,68,00:45,42,1,,,0.0,false,14.8,237.3291941181134,false
1,26,14:15,69,01:00,43,1,,,0.0,false,14.8,237.78172289960935,false
1,26,14:15,70,01:15,44,1,,,0.0,false,14.8,238.2342516811053,false
1,26,14:15,71,01:30,45,1,,,0.0,false,14.8,238.68678046260126,false
1,26,14:15,72,01:45,46,1,,,0.0,false,14.8,239.1393092440972,false
1,26,14:15,73,02:00,47,1,,,0.0,false,14.8,239.59183802559315,false
1,26,14:15,74,02:15,48,1,,,0.0,false,14.8,240.0443668070891,false
1,26,14:15,75,02:30,49,1,,,0.0,false,14.8,240.49689558858503,false
1,26,14:15,76,02:45,50,1,,,0.0,false,14.8,240.949424370081,false
1,26,14:15,77,03:00,51,1,,,0.0,false,14.8,241.40195315157695,false
1,26,14:15,78,03:15,52,1,,,0.0,false,14.8,241.8544819330729,false
1,26,14:15,79,03:30,53,1,,,0.0,false,14.8,242.30701071456883,false
1,26,14:15,80,03:45,54,1,,,0.0,false,14.8,242.75953949606478,false
1,26,14:15,81,04:00,55,1,,,0.0,false,14.8,243.2120682775608,false
1,26,14:15,82,04:15,56,1,,,0.0,false,14.8,243.66459705905675,false
1,26,14:15,83,04:30,57,1,,,0.0,false,14.8,244.1171258405527,false
1,26,14:15,84,04:45,58,1,,,0.0,false,14.8,244.56965462204863,false
1,26,14:15,85,05:00,59,1,,,0.0,false,14.8,245.02218340354457,false
1,26,14:15,86,05:15,60,1,,,0.0,false,14.8,245.47471218504052,false
1,26,14:15,87,05:30,61,1,,,0.0,false,14.8,245.92724096653646,false
1,26,14:15,88,05:45,62,1,,,0.0,false,14.8,246.3797697480324,false
1,26,14:15,89,06:00,63,1,,,0.0,false,14.8,246.83229852952834,false
1,26,14:15,90,06:15,64,1,,,0.0,false,14.8,247.2848273110243,false
1,26,14:15,91,06:30,65,1,,,0.0,false,14.8,247.73735609252023,false
1,26,14:15,92,06:45,66,1,,,0.0,false,14.8,248.1898848740162,false
1,26,14:15,93,07:00,67,1,,,0.0,false,14.8,248.64241365551214,false
1,26,14:15,94,07:15,68,1,,,0.0,false,14.8,249.0949424370081,false
1,26,14:15,95,07:30,69,1,,,0.0,false,14.8,249.54747121850403,false
1,26,14:15,96,07:45,70,1,,,0.0,false,14.8,250.0,false
1,27,14:30,27,14:30,0,1,,Traveling,4.7101,false,8.571449999999954,242.06734510836054,false
1,27,14:30,28,14:45,1,1,,Digging,4.792500000000001,false,7.373324999999953,242.5223204272526,false
1,27,14:30,29,15:00,2,1,,Idle,0.0,false,7.373324999999953,242.97729574614468,false
1,27,14:30,30,15:15,3,1,,Loading/Swinging,3.1586,false,6.583674999999953,243.43227106503673,false
1,27,14:30,31,15:30,4,1,,Digging,4.7925,false,5.385549999999953,243.8872463839288,false
1,27,14:30,32,15:45,5,1,,Loading/Swinging,3.1586,false,4.595899999999953,244.3422217028209,false
1,27,14:30,33,16:00,6,1,,Traveling,4.710099999999999,false,3.4183749999999535,244.3422217028209,false
1,27,14:30,34,16:15,7,1,,Charging,0.0,true,4.9793,242.61266491611724,false
1,27,14:30,35,16:30,8,1,,Loading/Swinging,3.1586,false,4.18965,242.61266491611724,false
1,27,14:30,36,16:45,9,1,,Loading/Swinging,3.1586,false,3.4000000000000004,242.61266491611724,false
1,27,14:30,37,17:00,10,1,,Charging,0.0,true,5.300000000000001,240.5074017582225,false
1,27,14:30,38,17:15,11,1,,Charging,0.0,true,7.199999999999999,238.40213860032776,false
1,27,14:30,39,17:30,12,1,,Charging,0.0,true,9.1,236.29687544243302,false
1,27,14:30,40,17:45,13,1,,Charging,0.0,true,10.999999999999998,234.19161228453828,false
1,27,14:30,41,18:00,14,1,,Charging,0.0,true,12.899999999999999,232.08634912664354,false
1,27,14:30,42,18:15,15,1,,Charging,0.0,true,14.8,229.9810859687488,false
1,27,14:30,43,18:30,16,1,,,0.0,false,14.8,229.9810859687488,false
1,27,14:30,44,18:45,17,1,,,0.0,false,14.8,229.9810859687488,false
1,27,14:30,45,19:00,18,1,,,0.0,false,14.8,229.9810859687488,false
1,27,14:30,46,19:15,19,1,,,0.0,false,14.8,229.9810859687488,false
1,27,14:30,47,19:30,20,1,,,0.0,false,14.8,229.9810859687488,false
1,27,14:30,48,19:45,21,1,,,0.0,false,14.8,229.9810859687488,false
1,27,14:30,49,20:00,22,1,,,0.0,false,14.8,229.9810859687488,false
1,27,14:30,50,20:15,23,1,,,0.0,false,14.8,229.9810859687488,false
1,27,14:30,51,20:30,24,1,,,0.0,false,14.8,229.9810859687488,false
1,27,14:30,52,20:45,25,1,,,0.0,false,14.8,229.9810859687488,false
1,27,14:30,53,21:00,26,1,,,0.0,false,14.8,230.43606128764088,false
1,27,14:30,54,21:15,27,1,,,0.0,false,14.8,230.89103660653296,false
1,27,14:30,55,21:30,28,1,,,0.0,false,14.8,231.34601192542502,false
1,27,14:30,56,21:45,29,1,,,0.0,false,14.8,231.8009872443171,false
1,27,14:30,57,22:00,30,1,,,0.0,false,14.8,232.25596256320915,false
1,27,14:30,58,22:15,31,1,,,0.0,false,14.8,232.71093788210123,false
1,27,14:30,59,22:30,32,1,,,0.0,false,14.8,233.1659132009933,false
1,27,14:30,60,22:45,33,1,,,0.0,false,14.8,233.62088851988537,false
1,27,14:30,61,23:00,34,1,,,0.0,false,14.8,234.07586383877745,false
1,27,14:30,62,23:15,35,1,,,0.0,false,14.8,234.53083915766953,false
1,27,14:30,63,23:30,36,1,,,0.0,false,14.8,234.9858144765616,false
1,27,14:30,64,23:45,37,1,,,0.0,false,14.8,235.44078979545367,false
1,27,14:30,65,00:00,38,1,,,0.0,false,14.8,235.89576511434575,false
1,27,14:30,66,00:15,39,1,,,0.0,false,14.8,236.35074043323783,false
1,27,14:30,67,00:30,40,1,,,0.0,false,14.8,236.8057157521299,false
1,27,14:30,68,00:45,41,1,,,0.0,false,14.8,237.26069107102197,false
1,27,14:30,69,01:00,42,1,,,0.0,false,14.8,237.71566638991405,false
1,27,14:30,70,01:15,43,1,,,0.0,false,14.8,238.17064170880613,false
1,27,14:30,71,01:30,44,1,,,0.0,false,14.8,238.62561702769818,false
1,27,14:30,72,01:45,45,1,,,0.0,false,14.8,239.08059234659027,false
1,27,14:30,73,02:00,46,1,,,0.0,false,14.8,239.53556766548232,false
1,27,14:30,74,02:15,47,1,,,0.0,false,14.8,239.9905429843744,false
1,27,14:30,75,02:30,48,1,,,0.0,false,14.8,240.44551830326645,false
1,27,14:30,76,02:45,49,1,,,0.0,false,14.8,240.90049362215854,false
1,27,14:30,77,03:00,50,1,,,0.0,false,14.8,241.35546894105062,false
1,27,14:30,78,03:15,51,1,,,0.0,false,14.8,241.8104442599427,false
1,27,14:30,79,03:30,52,1,,,0.0,false,14.8,242.26541957883475,false
1,27,14:30,80,03:45,53,1,,,0.0,false,14.8,242.72039489772683,false
1,27,14:30,81,04:00,54,1,,,0.0,false,14.8,243.1753702166189,false
1,27,14:30,82,04:15,55,1,,,0.0,false,14.8,243.63034553551097,false
1,27,14:30,83,04:30,56,1,,,0.0,false,14.8,244.08532085440305,false
1,27,14:30,84,04:45,57,1,,,0.0,false,14.8,244.5402961732951,false
1,27,14:30,85,05:00,58,1,,,0.0,false,14.8,244.9952714921872,false
1,27,14:30,86,05:15,59,1,,,0.0,false,14.8,245.45024681107927,false
1,27,14:30,87,05:30,60,1,,,0.0,false,14.8,245.90522212997135,false
1,27,14:30,88,05:45,61,1,,,0.0,false,14.8,246.3601974488634,false
1,27,14:30,89,06:00,62,1,,,0.0,false,14.8,246.81517276775548,false
1,27,14:30,90,06:15,63,1,,,0.0,false,14.8,247.27014808664754,false
1,27,14:30,91,06:30,64,1,,,0.0,false,14.8,247.72512340553962,false
1,27,14:30,92,06:45,65,1,,,0.0,false,14.8,248.18009872443167,false
1,27,14:30,93,07:00,66,1,,,0.0,false,14.8,248.63507404332375,false
1,27,14:30,94,07:15,67,1,,,0.0,false,14.8,249.0900493622158,false
1,27,14:30,95,07:30,68,1,,,0.0,false,14.8,249.5450246811079,false
1,27,14:30,96,07:45,69,1,,,0.0,false,14.8,250.0,false
1,28,14:45,28,14:45,0,1,,Loading/Swinging,3.1586,false,7.610424999999953,242.52619571698068,true
1,28,14:45,29,15:00,1,1,,Idle,0.0,false,7.610424999999953,242.98504632560085,false
1,28,14:45,30,15:15,2,1,,Digging,4.7925,false,6.412299999999953,243.443896934221,true
1,28,14:45,31,15:30,3,1,,Digging,4.7925,false,5.214174999999953,243.90274754284115,false
1,28,14:45,32,15:45,4,1,,Loading/Swinging,3.1586,false,4.424524999999953,244.3615981514613,false
1,28,14:45,33,16:00,5,1,,Traveling,4.7101,false,3.246999999999953,244.3615981514613,false
1,28,14:45,34,16:15,6,1,,Charging,0.0,true,4.979300000000001,242.44215216808175,false
1,28,14:45,35,16:30,7,1,,Loading/Swinging,3.1586,false,4.189650000000001,242.44215216808175,false
1,28,14:45,36,16:45,8,1,,Loading/Swinging,3.1586,false,3.4000000000000012,242.44215216808175,false
1,28,14:45,37,17:00,9,1,,Charging,0.0,true,5.300000000000001,240.336889010187,false
1,28,14:45,38,17:15,10,1,,Charging,0.0,true,7.2,238.23162585229227,false
1,28,14:45,39,17:30,11,1,,Charging,0.0,true,9.1,236.12636269439753,false
1,28,14:45,40,17:45,12,1,,Charging,0.0,true,11.0,234.0210995365028,false
1,28,14:45,41,18:00,13,1,,Charging,0.0,true,12.9,231.91583637860805,false
1,28,14:45,42,18:15,14,1,,Charging,0.0,true,14.8,229.8105732207133,false
1,28,14:45,43,18:30,15,1,,,0.0,false,14.8,229.8105732207133,false
1,28,14:45,44,18:45,16,1,,,0.0,false,14.8,229.8105732207133,false
1,28,14:45,45,19:00,17,1,,,0.0,false,14.8,229.8105732207133,false
1,28,14:45,46,19:15,18,1,,,0.0,false,14.8,229.8105732207133,false
1,28,14:45,47,19:30,19,1,,,0.0,false,14.8,229.8105732207133,false
1,28,14:45,48,19:45,20,1,,,0.0,false,14.8,229.8105732207133,false
1,28,14:45,49,20:00,21,1,,,0.0,false,14.8,229.8105732207133,false
1,28,14:45,50,20:15,22,1,,,0.0,false,14.8,229.8105732207133,false
1,28,14:45,51,20:30,23,1,,,0.0,false,14.8,229.8105732207133,false
1,28,14:45,52,20:45,24,1,,,0.0,false,14.8,229.8105732207133,false
1,28,14:45,53,21:00,25,1,,,0.0,false,14.8,230.26942382933348,false
1,28,14:45,54,21:15,26,1,,,0.0,false,14.8,230.72827443795364,false
1,28,14:45,55,21:30,27,1,,,0.0,false,14.8,231.18712504657378,false
1,28,14:45,56,21:45,28,1,,,0.0,false,14.8,231.64597565519392,false
1,28,14:45,57,22:00,29,1,,,0.0,false,14.8,232.1048262638141,false
1,28,14:45,58,22:15,30,1,,,0.0,false,14.8,232.56367687243423,false
1,28,14:45,59,22:30,31,1,,,0.0,false,14.8,233.02252748105437,false
1,28,14:45,60,22:45,32,1,,,0.0,false,14.8,233.48137808967454,false
1,28,14:45,61,23:00,33,1,,,0.0,false,14.8,233.94022869829467,false
1,28,14:45,62,23:15,34,1,,,0.0,false,14.8,234.39907930691484,false
1,28,14:45,63,23:30,35,1,,,0.0,false,14.8,234.85792991553498,false
1,28,14:45,64,23:45,36,1,,,0.0,false,14.8,235.31678052415515,false
1,28,14:45,65,00:00,37,1,,,0.0,false,14.8,235.7756311327753,false
1,28,14:45,66,00:15,38,1,,,0.0,false,14.8,236.23448174139543,false
1,28,14:45,67,00:30,39,1,,,0.0,false,14.8,236.6933323500156,false
1,28,14:45,68,00:45,40,1,,,0.0,false,14.8,237.15218295863573,false
1,28,14:45,69,01:00,41,1,,,0.0,false,14.8,237.61103356725593,false
1,28,14:45,70,01:15,42,1,,,0.0,false,14.8,238.06988417587607,false
1,28,14:45,71,01:30,43,1,,,0.0,false,14.8,238.52873478449624,false
1,28,14:45,72,01:45,44,1,,,0.0,false,14.8,238.98758539311638,false
1,28,14:45,73,02:00,45,1,,,0.0,false,14.8,239.44643600173654,false
1,28,14:45,74,02:15,46,1,,,0.0,false,14.8,239.90528661035668,false
1,28,14:45,75,02:30,47,1,,,0.0,false,14.8,240.36413721897682,false
1,28,14:45,76,02:45,48,1,,,0.0,false,14.8,240.822987827597,false
1,28,14:45,77,03:00,49,1,,,0.0,false,14.8,241.28183843621713,false
1,28,14:45,78,03:15,50,1,,,0.0,false,14.8,241.7406890448373,false
1,28,14:45,79,03:30,51,1,,,0.0,false,14.8,242.19953965345744,false
1,28,14:45,80,03:45,52,1,,,0.0,false,14.8,242.6583902620776,false
1,28,14:45,81,04:00,53,1,,,0.0,false,14.8,243.11724087069774,false
1,28,14:45,82,04:15,54,1,,,0.0,false,14.8,243.57609147931788,false
1,28,14:45,83,04:30,55,1,,,0.0,false,14.8,244.03494208793802,false
1,28,14:45,84,04:45,56,1,,,0.0,false,14.8,244.4937926965582,false
1,28,14:45,85,05:00,57,1,,,0.0,false,14.8,244.95264330517836,false
1,28,14:45,86,05:15,58,1,,,0.0,false,14.8,245.4114939137985,false
1,28,14:45,87,05:30,59,1,,,0.0,false,14.8,245.87034452241866,false
1,28,14:45,88,05:45,60,1,,,0.0,false,14.8,246.3291951310388,false
1,28,14:45,89,06:00,61,1,,,0.0,false,14.8,246.78804573965894,false
1,28,14:45,90,06:15,62,1,,,0.0,false,14.8,247.24689634827908,false
1,28,14:45,91,06:30,63,1,,,0.0,false,14.8,247.70574695689922,false
1,28,14:45,92,06:45,64,1,,,0.0,false,14.8,248.1645975655194,false
1,28,14:45,93,07:00,65,1,,,0.0,false,14.8,248.62344817413953,false
1,28,14:45,94,07:15,66,1,,,0.0,false,14.8,249.0822987827597,false
1,28,14:45,95,07:30,67,1,,,0.0,false,14.8,249.54114939137983,false
1,28,14:45,96,07:45,68,1,,,0.0,false,14.8,250.0,false
1,29,15:00,29,15:00,0,1,,Idle,0.0,false,7.549224999999953,242.9864590679831,false
1,29,15:00,30,15:15,1,1,,Loading/Swinging,3.1586,false,6.759574999999953,243.44672241898553,true
1,29,15:00,31,15:30,2,1,,Digging,4.7925,false,5.561449999999953,243.90698576998795,false
1,29,15:00,32,15:45,3,1,,Digging,4.7925,false,4.363324999999953,244.36724912099038,true
1,29,15:00,33,16:00,4,1,,Traveling,4.710100000000001,false,3.1857999999999524,244.36724912099038,false
1,29,15:00,34,16:15,5,1,,Charging,0.0,true,4.979300000000001,242.3799915032618,false
1,29,15:00,35,16:30,6,1,,Loading/Swinging,3.1586,false,4.189650000000001,242.3799915032618,false
1,29,15:00,36,16:45,7,1,,Loading/Swinging,3.1586,false,3.4000000000000012,242.3799915032618,false
1,29,15:00,37,17:00,8,1,,Charging,0.0,true,5.300000000000001,240.27472834536707,false
1,29,15:00,38,17:15,9,1,,Charging,0.0,true,7.200000000000001,238.16946518747233,false
1,29,15:00,39,17:30,10,1,,Charging,0.0,true,9.100000000000001,236.0642020295776,false
1,29,15:00,40,17:45,11,1,,Charging,0.0,true,11.000000000000002,233.95893887168285,false
1,29,15:00,41,18:00,12,1,,Charging,0.0,true,12.900000000000002,231.8536757137881,false
1,29,15:00,42,18:15,13,1,,Charging,0.0,true,14.8,229.74841255589337,false
1,29,15:00,43,18:30,14,1,,,0.0,false,14.8,229.74841255589337,false
1,29,15:00,44,18:45,15,1,,,0.0,false,14.8,229.74841255589337,false
1,29,15:00,45,19:00,16,1,,,0.0,false,14.8,229.74841255589337,false
1,29,15:00,46,19:15,17,1,,,0.0,false,14.8,229.74841255589337,false
1,29,15:00,47,19:30,18,1,,,0.0,false,14.8,229.74841255589337,false
1,29,15:00,48,19:45,19,1,,,0.0,false,14.8,229.74841255589337,false
1,29,15:00,49,20:00,20,1,,,0.0,false,14.8,229.74841255589337,false
1,29,15:00,50,20:15,21,1,,,0.0,false,14.8,229.74841255589337,false
1,29,15:00,51,20:30,22,1,,,0.0,false,14.8,229.74841255589337,false
1,29,15:00,52,20:45,23,1,,,0.0,false,14.8,229.74841255589337,false
1,29,15:00,53,21:00,24,1,,,0.0,false,14.8,230.2086759068958,false
1,29,15:00,54,21:15,25,1,,,0.0,false,14.8,230.66893925789822,false
1,29,15:00,55,21:30,26,1,,,0.0,false,14.8,231.12920260890064,false
1,29,15:00,56,21:45,27,1,,,0.0,false,14.8,231.58946595990307,false
1,29,15:00,57,22:00,28,1,,,0.0,false,14.8,232.0497293109055,false
1,29,15:00,58,22:15,29,1,,,0.0,false,14.8,232.50999266190792,false
1,29,15:00,59,22:30,30,1,,,0.0,false,14.8,232.97025601291034,false
1,29,15:00,60,22:45,31,1,,,0.0,false,14.8,233.43051936391277,false
1,29,15:00,61,23:00,32,1,,,0.0,false,14.8,233.8907827149152,false
1,29,15:00,62,23:15,33,1,,,0.0,false,14.8,234.35104606591761,false
1,29,15:00,63,23:30,34,1,,,0.0,false,14.8,234.81130941692004,false
1,29,15:00,64,23:45,35,1,,,0.0,false,14.8,235.27157276792246,false
1,29,15:00,65,00:00,36,1,,,0.0,false,14.8,235.73183611892486,false
1,29,15:00,66,00:15,37,1,,,0.0,false,14.8,236.19209946992729,false
1,29,15:00,67,00:30,38,1,,,0.0,false,14.8,236.6523628209297,false
1,29,15:00,68,00:45,39,1,,,0.0,false,14.8,237.11262617193213,false
1,29,15:00,69,01:00,40,1,,,0.0,false,14.8,237.57288952293456,false
1,29,15:00,70,01:15,41,1,,,0.0,false,14.8,238.03315287393698,false
1,29,15:00,71,01:30,42,1,,,0.0,false,14.8,238.4934162249394,false
1,29,15:00,72,01:45,43,1,,,0.0,false,14.8,238.95367957594183,false
1,29,15:00,73,02:00,44,1,,,0.0,false,14.8,239.41394292694426,false
1,29,15:00,74,02:15,45,1,,,0.0,false,14.8,239.87420627794668,false
1,29,15:00,75,02:30,46,1,,,0.0,false,14.8,240.3344696289491,false
1,29,15:00,76,02:45,47,1,,,0.0,false,14.8,240.79473297995153,false
1,29,15:00,77,03:00,48,1,,,0.0,false,14.8,241.25499633095396,false
1,29,15:00,78,03:15,49,1,,,0.0,false,14.8,241.71525968195638,false
1,29,15:00,79,03:30,50,1,,,0.0,false,14.8,242.17552303295878,false
1,29,15:00,80,03:45,51,1,,,0.0,false,14.8,242.6357863839612,false
1,29,15:00,81,04:00,52,1,,,0.0,false,14.8,243.09604973496363,false
1,29,15:00,82,04:15,53,1,,,0.0,false,14.8,243.55631308596605,false
1,29,15:00,83,04:30,54,1,,,0.0,false,14.8,244.01657643696848,false
1,29,15:00,84,04:45,55,1,,,0.0,false,14.8,244.4768397879709,false
1,29,15:00,85,05:00,56,1,,,0.0,false,14.8,244.93710313897333,false
1,29,15:00,86,05:15,57,1,,,0.0,false,14.8,245.39736648997575,false
1,29,15:00,87,05:30,58,1,,,0.0,false,14.8,245.85762984097818,false
1,29,15:00,88,05:45,59,1,,,0.0,false,14.8,246.3178931919806,false
1,29,15:00,89,06:00,60,1,,,0.0,false,14.8,246.77815654298303,false
1,29,15:00,90,06:15,61,1,,,0.0,false,14.8,247.23841989398545,false
1,29,15:00,91,06:30,62,1,,,0.0,false,14.8,247.69868324498788,false
1,29,15:00,92,06:45,63,1,,,0.0,false,14.8,248.1589465959903,false
1,29,15:00,93,07:00,64,1,,,0.0,false,14.8,248.61920994699273,false
1,29,15:00,94,07:15,65,1,,,0.0,false,14.8,249.07947329799515,false
1,29,15:00,95,07:30,66,1,,,0.0,false,14.8,249.53973664899758,false
1,29,15:00,96,07:45,67,1,,,0.0,false,14.8,250.0,false
1,30,15:15,30,15:15,0,1,,Digging,4.7925,false,6.2890749999999525,243.448184669236,true
1,30,15:15,31,15:30,1,1,,Loading/Swinging,3.1586,false,5.4994249999999525,243.90991027048892,true
1,30,15:15,32,15:45,2,1,,Digging,4.7925,false,4.301299999999952,244.37163587174183,false
1,30,15:15,33,16:00,3,1,,Traveling,4.7101,false,3.1237749999999522,244.37163587174183,false
1,30,15:15,34,16:15,4,1,,Charging,0.0,true,4.9793,242.31565249224042,false
1,30,15:15,35,16:30,5,1,,Loading/Swinging,3.1586,false,4.18965,242.31565249224042,false
1,30,15:15,36,16:45,6,1,,Loading/Swinging,3.1586,false,3.4000000000000004,242.31565249224042,false
1,30,15:15,37,17:00,7,1,,Charging,0.0,true,5.300000000000001,240.21038933434568,false
1,30,15:15,38,17:15,8,1,,Charging,0.0,true,7.2,238.10512617645094,false
1,30,15:15,39,17:30,9,1,,Charging,0.0,true,9.1,235.9998630185562,false
1,30,15:15,40,17:45,10,1,,Charging,0.0,true,11.0,233.89459986066146,false
1,30,15:15,41,18:00,11,1,,Charging,0.0,true,12.9,231.78933670276672,false
1,30,15:15,42,18:15,12,1,,Charging,0.0,true,14.8,229.68407354487198,false
1,30,15:15,43,18:30,13,1,,,0.0,false,14.8,229.68407354487198,false
1,30,15:15,44,18:45,14,1,,,0.0,false,14.8,229.68407354487198,false
1,30,15:15,45,19:00,15,1,,,0.0,false,14.8,229.68407354487198,false
1,30,15:15,46,19:15,16,1,,,0.0,false,14.8,229.68407354487198,false
1,30,15:15,47,19:30,17,1,,,0.0,false,14.8,229.68407354487198,false
1,30,15:15,48,19:45,18,1,,,0.0,false,14.8,229.68407354487198,false
1,30,15:15,49,20:00,19,1,,,0.0,false,14.8,229.68407354487198,false
1,30,15:15,50,20:15,20,1,,,0.0,false,14.8,229.68407354487198,false
1,30,15:15,51,20:30,21,1,,,0.0,false,14.8,229.68407354487198,false
1,30,15:15,52,20:45,22,1,,,0.0,false,14.8,229.68407354487198,false
1,30,15:15,53,21:00,23,1,,,0.0,false,14.8,230.1457991461249,false
1,30,15:15,54,21:15,24,1,,,0.0,false,14.8,230.6075247473778,false
1,30,15:15,55,21:30,25,1,,,0.0,false,14.8,231.0692503486307,false
1,30,15:15,56,21:45,26,1,,,0.0,false,14.8,231.5309759498836,false
1,30,15:15,57,22:00,27,1,,,0.0,false,14.8,231.99270155113655,false
1,30,15:15,58,22:15,28,1,,,0.0,false,14.8,232.45442715238946,false
1,30,15:15,59,22:30,29,1,,,0.0,false,14.8,232.91615275364236,false
1,30,15:15,60,22:45,30,1,,,0.0,false,14.8,233.37787835489527,false
1,30,15:15,61,23:00,31,1,,,0.0,false,14.8,233.83960395614818,false
1,30,15:15,62,23:15,32,1,,,0.0,false,14.8,234.3013295574011,false
1,30,15:15,63,23:30,33,1,,,0.0,false,14.8,234.763055158654,false
1,30,15:15,64,23:45,34,1,,,0.0,false,14.8,235.2247807599069,false
1,30,15:15,65,00:00,35,1,,,0.0,false,14.8,235.68650636115981,false
1,30,15:15,66,00:15,36,1,,,0.0,false,14.8,236.14823196241272,false
1,30,15:15,67,00:30,37,1,,,0.0,false,14.8,236.60995756366563,false
1,30,15:15,68,00:45,38,1,,,0.0,false,14.8,237.07168316491854,false
1,30,15:15,69,01:00,39,1,,,0.0,false,14.8,237.53340876617145,false
1,30,15:15,70,01:15,40,1,,,0.0,false,14.8,237.99513436742436,false
1,30,15:15,71,01:30,41,1,,,0.0,false,14.8,238.45685996867726,false
1,30,15:15,72,01:45,42,1,,,0.0,false,14.8,238.91858556993017,false
1,30,15:15,73,02:00,43,1,,,0.0,false,14.8,239.3803111711831,false
1,30,15:15,74,02:15,44,1,,,0.0,false,14.8,239.84203677243602,false
1,30,15:15,75,02:30,45,1,,,0.0,false,14.8,240.30376237368893,false
1,30,15:15,76,02:45,46,1,,,0.0,false,14.8,240.76548797494183,false
1,30,15:15,77,03:00,47,1,,,0.0,false,14.8,241.22721357619474,false
1,30,15:15,78,03:15,48,1,,,0.0,false,14.8,241.68893917744765,false
1,30,15:15,79,03:30,49,1,,,0.0,false,14.8,242.15066477870056,false
1,30,15:15,80,03:45,50,1,,,0.0,false,14.8,242.61239037995347,false
1,30,15:15,81,04:00,51,1,,,0.0,false,14.8,243.07411598120638,false
1,30,15:15,82,04:15,52,1,,,0.0,false,14.8,243.53584158245928,false
1,30,15:15,83,04:30,53,1,,,0.0,false,14.8,243.9975671837122,false
1,30,15:15,84,04:45,54,1,,,0.0,false,14.8,244.4592927849651,false
1,30,15:15,85,05:00,55,1,,,0.0,false,14.8,244.921018386218,false
1,30,15:15,86,05:15,56,1,,,0.0,false,14.8,245.38274398747092,false
1,30,15:15,87,05:30,57,1,,,0.0,false,14.8,245.84446958872383,false
1,30,15:15,88,05:45,58,1,,,0.0,false,14.8,246.30619518997673,false
1,30,15:15,89,06:00,59,1,,,0.0,false,14.8,246.76792079122964,false
1,30,15:15,90,06:15,60,1,,,0.0,false,14.8,247.22964639248255,false
1,30,15:15,91,06:30,61,1,,,0.0,false,14.8,247.69137199373546,false
1,30,15:15,92,06:45,62,1,,,0.0,false,14.8,248.15309759498837,false
1,30,15:15,93,07:00,63,1,,,0.0,false,14.8,248.61482319624128,false
1,30,15:15,94,07:15,64,1,,,0.0,false,14.8,249.07654879749418,false
1,30,15:15,95,07:30,65,1,,,0.0,false,14.8,249.5382743987471,false
1,30,15:15,96,07:45,66,1,,,0.0,false,14.8,250.0,false
1,31,15:30,31,15:30,0,1,,Digging,4.7925,false,5.166099999999952,243.90991027048892,true
1,31,15:30,32,15:45,1,1,,Loading/Swinging,3.1586,false,4.376449999999952,244.37163587174183,true
1,31,15:30,33,16:00,2,1,,Traveling,4.710100000000001,false,3.198924999999952,244.37163587174186,false
1,31,15:30,34,16:15,3,1,,Charging,0.0,true,4.979300000000001,242.39892119030137,false
1,31,15:30,35,16:30,4,1,,Loading/Swinging,3.1586,false,4.189650000000001,242.39892119030137,false
1,31,15:30,36,16:45,5,1,,Loading/Swinging,3.1586,false,3.4000000000000012,242.39892119030137,false
1,31,15:30,37,17:00,6,1,,Charging,0.0,true,5.300000000000001,240.29365803240663,false
1,31,15:30,38,17:15,7,1,,Charging,0.0,true,7.200000000000001,238.18839487451189,false
1,31,15:30,39,17:30,8,1,,Charging,0.0,true,9.1,236.08313171661715,false
1,31,15:30,40,17:45,9,1,,Charging,0.0,true,11.0,233.9778685587224,false
1,31,15:30,41,18:00,10,1,,Charging,0.0,true,12.9,231.87260540082767,false
1,31,15:30,42,18:15,11,1,,Charging,0.0,true,14.8,229.76734224293293,false
1,31,15:30,43,18:30,12,1,,,0.0,false,14.8,229.76734224293293,false
1,31,15:30,44,18:45,13,1,,,0.0,false,14.8,229.76734224293293,false
1,31,15:30,45,19:00,14,1,,,0.0,false,14.8,229.76734224293293,false
1,31,15:30,46,19:15,15,1,,,0.0,false,14.8,229.76734224293293,false
1,31,15:30,47,19:30,16,1,,,0.0,false,14.8,229.76734224293293,false
1,31,15:30,48,19:45,17,1,,,0.0,false,14.8,229.76734224293293,false
1,31,15:30,49,20:00,18,1,,,0.0,false,14.8,229.76734224293293,false
1,31,15:30,50,20:15,19,1,,,0.0,false,14.8,229.76734224293293,false
1,31,15:30,51,20:30,20,1,,,0.0,false,14.8,229.76734224293293,false
1,31,15:30,52,20:45,21,1,,,0.0,false,14.8,229.76734224293293,false
1,31,15:30,53,21:00,22,1,,,0.0,false,14.8,230.22906784418583,false
1,31,15:30,54,21:15,23,1,,,0.0,false,14.8,230.69079344543874,false
1,31,15:30,55,21:30,24,1,,,0.0,false,14.8,231.15251904669165,false
1,31,15:30,56,21:45,25,1,,,0.0,false,14.8,231.61424464794456,false
1,31,15:30,57,22:00,26,1,,,0.0,false,14.8,232.07597024919747,false
1,31,15:30,58,22:15,27,1,,,0.0,false,14.8,232.53769585045038,false
1,31,15:30,59,22:30,28,1,,,0.0,false,14.8,232.99942145170328,false
1,31,15:30,60,22:45,29,1,,,0.0,false,14.8,233.4611470529562,false
1,31,15:30,61,23:00,30,1,,,0.0,false,14.8,233.9228726542091,false
1,31,15:30,62,23:15,31,1,,,0.0,false,14.8,234.384598255462,false
1,31,15:30,63,23:30,32,1,,,0.0,false,14.8,234.84632385671492,false
1,31,15:30,64,23:45,33,1,,,0.0,false,14.8,235.22478075990693,false
1,31,15:30,65,00:00,34,1,,,0.0,false,14.8,235.68650636115984,false
1,31,15:30,66,00:15,35,1,,,0.0,false,14.8,236.14823196241275,false
1,31,15:30,67,00:30,36,1,,,0.0,false,14.8,236.60995756366566,false
1,31,15:30,68,00:45,37,1,,,0.0,false,14.8,237.07168316491857,false
1,31,15:30,69,01:00,38,1,,,0.0,false,14.8,237.53340876617148,false
1,31,15:30,70,01:15,39,1,,,0.0,false,14.8,237.99513436742438,false
1,31,15:30,71,01:30,40,1,,,0.0,false,14.8,238.4568599686773,false
1,31,15:30,72,01:45,41,1,,,0.0,false,14.8,238.9185855699302,false
1,31,15:30,73,02:00,42,1,,,0.0,false,14.8,239.3803111711831,false
1,31,15:30,74,02:15,43,1,,,0.0,false,14.8,239.84203677243602,false
1,31,15:30,75,02:30,44,1,,,0.0,false,14.8,240.30376237368893,false
1,31,15:30,76,02:45,45,1,,,0.0,false,14.8,240.76548797494183,false
1,31,15:30,77,03:00,46,1,,,0.0,false,14.8,241.22721357619474,false
1,31,15:30,78,03:15,47,1,,,0.0,false,14.8,241.68893917744765,false
1,31,15:30,79,03:30,48,1,,,0.0,false,14.8,242.15066477870056,false
1,31,15:30,80,03:45,49,1,,,0.0,false,14.8,242.61239037995347,false
1,31,15:30,81,04:00,50,1,,,0.0,false,14.8,243.07411598120638,false
1,31,15:30,82,04:15,51,1,,,0.0,false,14.8,243.53584158245928,false
1,31,15:30,83,04:30,52,1,,,0.0,false,14.8,243.9975671837122,false
1,31,15:30,84,04:45,53,1,,,0.0,false,14.8,244.4592927849651,false
1,31,15:30,85,05:00,54,1,,,0.0,false,14.8,244.921018386218,false
1,31,15:30,86,05:15,55,1,,,0.0,false,14.8,245.38274398747092,false
1,31,15:30,87,05:30,56,1,,,0.0,false,14.8,245.84446958872383,false
1,31,15:30,88,05:45,57,1,,,0.0,false,14.8,246.30619518997673,false
1,31,15:30,89,06:00,58,1,,,0.0,false,14.8,246.76792079122964,false
1,31,15:30,90,06:15,59,1,,,0.0,false,14.8,247.22964639248255,false
1,31,15:30,91,06:30,60,1,,,0.0,false,14.8,247.69137199373546,false
1,31,15:30,92,06:45,61,1,,,0.0,false,14.8,248.15309759498837,false
1,31,15:30,93,07:00,62,1,,,0.0,false,14.8,248.61482319624128,false
1,31,15:30,94,07:15,63,1,,,0.0,false,14.8,249.07654879749418,false
1,31,15:30,95,07:30,64,1,,,0.0,false,14.8,249.5382743987471,false
1,31,15:30,96,07:45,65,1,,,0.0,false,14.8,250.0,false
1,32,15:45,32,15:45,0,1,,Loading/Swinging,3.1586,false,4.379574999999952,244.37163587174183,false
1,32,15:45,33,16:00,1,1,,Traveling,4.7101,false,3.202049999999952,244.37163587174183,false
1,32,15:45,34,16:15,2,1,,Charging,0.0,true,4.979300000000001,242.40238379417946,false
1,32,15:45,35,16:30,3,1,,Loading/Swinging,3.1586,false,4.189650000000001,242.40238379417946,false
1,32,15:45,36,16:45,4,1,,Loading/Swinging,3.1586,false,3.4000000000000012,242.40238379417946,false
1,32,15:45,37,17:00,5,1,,Charging,0.0,true,5.300000000000001,240.29712063628472,false
1,32,15:45,38,17:15,6,1,,Charging,0.0,true,7.200000000000001,238.19185747838998,false
1,32,15:45,39,17:30,7,1,,Charging,0.0,true,9.100000000000001,236.08659432049524,false
1,32,15:45,40,17:45,8,1,,Charging,0.0,true,11.0,233.9813311626005,false
1,32,15:45,41,18:00,9,1,,Charging,0.0,true,12.9,231.87606800470576,false
1,32,15:45,42,18:15,10,1,,Charging,0.0,true,14.8,229.77080484681102,false
1,32,15:45,43,18:30,11,1,,,0.0,false,14.8,229.77080484681102,false
1,32,15:45,44,18:45,12,1,,,0.0,false,14.8,229.77080484681102,false
1,32,15:45,45,19:00,13,1,,,0.0,false,14.8,229.77080484681102,false
1,32,15:45,46,19:15,14,1,,,0.0,false,14.8,229.77080484681102,false
1,32,15:45,47,19:30,15,1,,,0.0,false,14.8,229.77080484681102,false
1,32,15:45,48,19:45,16,1,,,0.0,false,14.8,229.77080484681102,false
1,32,15:45,49,20:00,17,1,,,0.0,false,14.8,229.77080484681102,false
1,32,15:45,50,20:15,18,1,,,0.0,false,14.8,229.77080484681102,false
1,32,15:45,51,20:30,19,1,,,0.0,false,14.8,229.77080484681102,false
1,32,15:45,52,20:45,20,1,,,0.0,false,14.8,229.77080484681102,false
1,32,15:45,53,21:00,21,1,,,0.0,false,14.8,230.23253044806393,false
1,32,15:45,54,21:15,22,1,,,0.0,false,14.8,230.69425604931683,false
1,32,15:45,55,21:30,23,1,,,0.0,false,14.8,231.15598165056974,false
1,32,15:45,56,21:45,24,1,,,0.0,false,14.8,231.61770725182265,false
1,32,15:45,57,22:00,25,1,,,0.0,false,14.8,232.07943285307556,false
1,32,15:45,58,22:15,26,1,,,0.0,false,14.8,232.54115845432847,false
1,32,15:45,59,22:30,27,1,,,0.0,false,14.8,233.00288405558138,false
1,32,15:45,60,22:45,28,1,,,0.0,false,14.8,233.46460965683428,false
1,32,15:45,61,23:00,29,1,,,0.0,false,14.8,233.9263352580872,false
1,32,15:45,62,23:15,30,1,,,0.0,false,14.8,234.3880608593401,false
1,32,15:45,63,23:30,31,1,,,0.0,false,14.8,234.849786460593,false
1,32,15:45,64,23:45,32,1,,,0.0,false,14.8,235.22478075990693,false
1,32,15:45,65,00:00,33,1,,,0.0,false,14.8,235.68650636115984,false
1,32,15:45,66,00:15,34,1,,,0.0,false,14.8,236.14823196241275,false
1,32,15:45,67,00:30,35,1,,,0.0,false,14.8,236.60995756366566,false
1,32,15:45,68,00:45,36,1,,,0.0,false,14.8,237.07168316491857,false
1,32,15:45,69,01:00,37,1,,,0.0,false,14.8,237.53340876617148,false
1,32,15:45,70,01:15,38,1,,,0.0,false,14.8,237.99513436742438,false
1,32,15:45,71,01:30,39,1,,,0.0,false,14.8,238.4568599686773,false
1,32,15:45,72,01:45,40,1,,,0.0,false,14.8,238.9185855699302,false
1,32,15:45,73,02:00,41,1,,,0.0,false,14.8,239.3803111711831,false
1,32,15:45,74,02:15,42,1,,,0.0,false,14.8,239.84203677243602,false
1,32,15:45,75,02:30,43,1,,,0.0,false,14.8,240.30376237368893,false
1,32,15:45,76,02:45,44,1,,,0.0,false,14.8,240.76548797494183,false
1,32,15:45,77,03:00,45,1,,,0.0,false,14.8,241.22721357619474,false
1,32,15:45,78,03:15,46,1,,,0.0,false,14.8,241.68893917744765,false
1,32,15:45,79,03:30,47,1,,,0.0,false,14.8,242.15066477870056,false
1,32,15:45,80,03:45,48,1,,,0.0,false,14.8,242.61239037995347,false
1,32,15:45,81,04:00,49,1,,,0.0,false,14.8,243.07411598120638,false
1,32,15:45,82,04:15,50,1,,,0.0,false,14.8,243.53584158245928,false
1,32,15:45,83,04:30,51,1,,,0.0,false,14.8,243.9975671837122,false
1,32,15:45,84,04:45,52,1,,,0.0,false,14.8,244.4592927849651,false
1,32,15:45,85,05:00,53,1,,,0.0,false,14.8,244.921018386218,false
1,32,15:45,86,05:15,54,1,,,0.0,false,14.8,245.38274398747092,false
1,32,15:45,87,05:30,55,1,,,0.0,false,14.8,245.84446958872383,false
1,32,15:45,88,05:45,56,1,,,0.0,false,14.8,246.30619518997673,false
1,32,15:45,89,06:00,57,1,,,0.0,false,14.8,246.76792079122964,false
1,32,15:45,90,06:15,58,1,,,0.0,false,14.8,247.22964639248255,false
1,32,15:45,91,06:30,59,1,,,0.0,false,14.8,247.69137199373546,false
1,32,15:45,92,06:45,60,1,,,0.0,false,14.8,248.15309759498837,false
1,32,15:45,93,07:00,61,1,,,0.0,false,14.8,248.61482319624128,false
1,32,15:45,94,07:15,62,1,,,0.0,false,14.8,249.07654879749418,false
1,32,15:45,95,07:30,63,1,,,0.0,false,14.8,249.5382743987471,false
1,32,15:45,96,07:45,64,1,,,0.0,false,14.8,250.0,false
1,33,16:00,33,16:00,0,1,,Traveling,4.7101,false,3.3912999999999522,244.37163587174183,false
1,33,16:00,34,16:15,1,1,,Charging,0.0,true,4.9793,242.61207908503818,false
1,33,16:00,35,16:30,2,1,,Loading/Swinging,3.1586,false,4.18965,242.61207908503818,false
1,33,16:00,36,16:45,3,1,,Loading/Swinging,3.1586,false,3.4000000000000004,242.61207908503818,false
1,33,16:00,37,17:00,4,1,,Charging,0.0,true,5.300000000000001,240.50681592714344,false
1,33,16:00,38,17:15,5,1,,Charging,0.0,true,7.2,238.4015527692487,false
1,33,16:00,39,17:30,6,1,,Charging,0.0,true,9.1,236.29628961135396,false
1,33,16:00,40,17:45,7,1,,Charging,0.0,true,11.0,234.19102645345922,false
1,33,16:00,41,18:00,8,1,,Charging,0.0,true,12.9,232.08576329556448,false
1,33,16:00,42,18:15,9,1,,Charging,0.0,true,14.8,229.98050013766974,false
1,33,16:00,43,18:30,10,1,,,0.0,false,14.8,229.98050013766974,false
1,33,16:00,44,18:45,11,1,,,0.0,false,14.8,229.98050013766974,false
1,33,16:00,45,19:00,12,1,,,0.0,false,14.8,229.98050013766974,false
1,33,16:00,46,19:15,13,1,,,0.0,false,14.8,229.98050013766974,false
1,33,16:00,47,19:30,14,1,,,0.0,false,14.8,229.98050013766974,false
1,33,16:00,48,19:45,15,1,,,0.0,false,14.8,229.98050013766974,false
1,33,16:00,49,20:00,16,1,,,0.0,false,14.8,229.98050013766974,false
1,33,16:00,50,20:15,17,1,,,0.0,false,14.8,229.98050013766974,false
1,33,16:00,51,20:30,18,1,,,0.0,false,14.8,229.98050013766974,false
1,33,16:00,52,20:45,19,1,,,0.0,false,14.8,229.98050013766974,false
1,33,16:00,53,21:00,20,1,,,0.0,false,14.8,230.44222573892264,false
1,33,16:00,54,21:15,21,1,,,0.0,false,14.8,230.90395134017555,false
1,33,16:00,55,21:30,22,1,,,0.0,false,14.8,231.36567694142846,false
1,33,16:00,56,21:45,23,1,,,0.0,false,14.8,231.82740254268137,false
1,33,16:00,57,22:00,24,1,,,0.0,false,14.8,232.28912814393428,false
1,33,16:00,58,22:15,25,1,,,0.0,false,14.8,232.7508537451872,false
1,33,16:00,59,22:30,26,1,,,0.0,false,14.8,233.2125793464401,false
1,33,16:00,60,22:45,27,1,,,0.0,false,14.8,233.674304947693,false
1,33,16:00,61,23:00,28,1,,,0.0,false,14.8,234.1360305489459,false
1,33,16:00,62,23:15,29,1,,,0.0,false,14.8,234.59775615019882,false
1,33,16:00,63,23:30,30,1,,,0.0,false,14.8,235.05948175145173,false
1,33,16:00,64,23:45,31,1,,,0.0,false,14.8,235.22478075990693,false
1,33,16:00,65,00:00,32,1,,,0.0,false,14.8,235.68650636115984,false
1,33,16:00,66,00:15,33,1,,,0.0,false,14.8,236.14823196241275,false
1,33,16:00,67,00:30,34,1,,,0.0,false,14.8,236.60995756366566,false
1,33,16:00,68,00:45,35,1,,,0.0,false,14.8,237.07168316491857,false
1,33,16:00,69,01:00,36,1,,,0.0,false,14.8,237.53340876617148,false
1,33,16:00,70,01:15,37,1,,,0.0,false,14.8,237.99513436742438,false
1,33,16:00,71,01:30,38,1,,,0.0,false,14.8,238.4568599686773,false
1,33,16:00,72,01:45,39,1,,,0.0,false,14.8,238.9185855699302,false
1,33,16:00,73,02:00,40,1,,,0.0,false,14.8,239.3803111711831,false
1,33,16:00,74,02:15,41,1,,,0.0,false,14.8,239.84203677243602,false
1,33,16:00,75,02:30,42,1,,,0.0,false,14.8,240.30376237368893,false
1,33,16:00,76,02:45,43,1,,,0.0,false,14.8,240.76548797494183,false
1,33,16:00,77,03:00,44,1,,,0.0,false,14.8,241.22721357619474,false
1,33,16:00,78,03:15,45,1,,,0.0,false,14.8,241.68893917744765,false
1,33,16:00,79,03:30,46,1,,,0.0,false,14.8,242.15066477870056,false
1,33,16:00,80,03:45,47,1,,,0.0,false,14.8,242.61239037995347,false
1,33,16:00,81,04:00,48,1,,,0.0,false,14.8,243.07411598120638,false
1,33,16:00,82,04:15,49,1,,,0.0,false,14.8,243.53584158245928,false
1,33,16:00,83,04:30,50,1,,,0.0,false,14.8,243.9975671837122,false
1,33,16:00,84,04:45,51,1,,,0.0,false,14.8,244.4592927849651,false
1,33,16:00,85,05:00,52,1,,,0.0,false,14.8,244.921018386218,false
1,33,16:00,86,05:15,53,1,,,0.0,false,14.8,245.38274398747092,false
1,33,16:00,87,05:30,54,1,,,0.0,false,14.8,245.84446958872383,false
1,33,16:00,88,05:45,55,1,,,0.0,false,14.8,246.30619518997673,false
1,33,16:00,89,06:00,56,1,,,0.0,false,14.8,246.76792079122964,false
1,33,16:00,90,06:15,57,1,,,0.0,false,14.8,247.22964639248255,false
1,33,16:00,91,06:30,58,1,,,0.0,false,14.8,247.69137199373546,false
1,33,16:00,92,06:45,59,1,,,0.0,false,14.8,248.15309759498837,false
1,33,16:00,93,07:00,60,1,,,0.0,false,14.8,248.61482319624128,false
1,33,16:00,94,07:15,61,1,,,0.0,false,14.8,249.07654879749418,false
1,33,16:00,95,07:30,62,1,,,0.0,false,14.8,249.5382743987471,false
1,33,16:00,96,07:45,63,1,,,0.0,false,14.8,250.0,false
1,34,16:15,34,16:15,0,1,,Charging,0.0,true,4.9793,242.67415664736504,false
1,34,16:15,35,16:30,1,1,,Loading/Swinging,3.1586,false,4.18965,242.67415664736504,false
1,34,16:15,36,16:45,2,1,,Loading/Swinging,3.1586,false,3.4000000000000004,242.67415664736504,false
1,34,16:15,37,17:00,3,1,,Charging,0.0,true,5.299999999999999,240.5688934894703,false
1,34,16:15,38,17:15,4,1,,Charging,0.0,true,7.199999999999999,238.4636303315756,false
1,34,16:15,39,17:30,5,1,,Charging,0.0,true,9.1,236.35836717368085,false
1,34,16:15,40,17:45,6,1,,Charging,0.0,true,11.0,234.2531040157861,false
1,34,16:15,41,18:00,7,1,,Charging,0.0,true,12.9,232.14784085789137,false
1,34,16:15,42,18:15,8,1,,Charging,0.0,true,14.799999999999999,230.04257769999663,false
1,34,16:15,43,18:30,9,1,,,0.0,false,14.799999999999999,230.04257769999663,false
1,34,16:15,44,18:45,10,1,,,0.0,false,14.799999999999999,230.04257769999663,false
1,34,16:15,45,19:00,11,1,,,0.0,false,14.799999999999999,230.04257769999663,false
1,34,16:15,46,19:15,12,1,,,0.0,false,14.799999999999999,230.04257769999663,false
1,34,16:15,47,19:30,13,1,,,0.0,false,14.799999999999999,230.04257769999663,false
1,34,16:15,48,19:45,14,1,,,0.0,false,14.799999999999999,230.04257769999663,false
1,34,16:15,49,20:00,15,1,,,0.0,false,14.799999999999999,230.04257769999663,false
1,34,16:15,50,20:15,16,1,,,0.0,false,14.799999999999999,230.04257769999663,false
1,34,16:15,51,20:30,17,1,,,0.0,false,14.799999999999999,230.04257769999663,false
1,34,16:15,52,20:45,18,1,,,0.0,false,14.799999999999999,230.04257769999663,false
1,34,16:15,53,21:00,19,1,,,0.0,false,14.799999999999999,230.50430330124954,false
1,34,16:15,54,21:15,20,1,,,0.0,false,14.799999999999999,230.96602890250244,false
1,34,16:15,55,21:30,21,1,,,0.0,false,14.799999999999999,231.42775450375535,false
1,34,16:15,56,21:45,22,1,,,0.0,false,14.8,231.88948010500826,false
1,34,16:15,57,22:00,23,1,,,0.0,false,14.8,232.35120570626117,false
1,34,16:15,58,22:15,24,1,,,0.0,false,14.8,232.81293130751408,false
1,34,16:15,59,22:30,25,1,,,0.0,false,14.8,233.27465690876699,false
1,34,16:15,60,22:45,26,1,,,0.0,false,14.8,233.7363825100199,false
1,34,16:15,61,23:00,27,1,,,0.0,false,14.8,234.1981081112728,false
1,34,16:15,62,23:15,28,1,,,0.0,false,14.8,234.6598337125257,false
1,34,16:15,63,23:30,29,1,,,0.0,false,14.8,235.12155931377862,false
1,34,16:15,64,23:45,30,1,,,0.0,false,14.8,235.2247807599069,false
1,34,16:15,65,00:00,31,1,,,0.0,false,14.8,235.68650636115981,false
1,34,16:15,66,00:15,32,1,,,0.0,false,14.8,236.14823196241272,false
1,34,16:15,67,00:30,33,1,,,0.0,false,14.8,236.60995756366563,false
1,34,16:15,68,00:45,34,1,,,0.0,false,14.8,237.07168316491854,false
1,34,16:15,69,01:00,35,1,,,0.0,false,14.8,237.53340876617145,false
1,34,16:15,70,01:15,36,1,,,0.0,false,14.8,237.99513436742436,false
1,34,16:15,71,01:30,37,1,,,0.0,false,14.8,238.45685996867726,false
1,34,16:15,72,01:45,38,1,,,0.0,false,14.8,238.91858556993017,false
1,34,16:15,73,02:00,39,1,,,0.0,false,14.8,239.38031117118308,false
1,34,16:15,74,02:15,40,1,,,0.0,false,14.8,239.842036772436,false
1,34,16:15,75,02:30,41,1,,,0.0,false,14.8,240.3037623736889,false
1,34,16:15,76,02:45,42,1,,,0.0,false,14.8,240.7654879749418,false
1,34,16:15,77,03:00,43,1,,,0.0,false,14.8,241.2272135761947,false
1,34,16:15,78,03:15,44,1,,,0.0,false,14.8,241.68893917744762,false
1,34,16:15,79,03:30,45,1,,,0.0,false,14.8,242.15066477870056,false
1,34,16:15,80,03:45,46,1,,,0.0,false,14.8,242.61239037995347,false
1,34,16:15,81,04:00,47,1,,,0.0,false,14.8,243.07411598120638,false
1,34,16:15,82,04:15,48,1,,,0.0,false,14.8,243.53584158245928,false
1,34,16:15,83,04:30,49,1,,,0.0,false,14.8,243.9975671837122,false
1,34,16:15,84,04:45,50,1,,,0.0,false,14.8,244.4592927849651,false
1,34,16:15,85,05:00,51,1,,,0.0,false,14.8,244.921018386218,false
1,34,16:15,86,05:15,52,1,,,0.0,false,14.8,245.38274398747092,false
1,34,16:15,87,05:30,53,1,,,0.0,false,14.8,245.84446958872383,false
1,34,16:15,88,05:45,54,1,,,0.0,false,14.8,246.30619518997673,false
1,34,16:15,89,06:00,55,1,,,0.0,false,14.8,246.76792079122964,false
1,34,16:15,90,06:15,56,1,,,0.0,false,14.8,247.22964639248255,false
1,34,16:15,91,06:30,57,1,,,0.0,false,14.8,247.69137199373546,false
1,34,16:15,92,06:45,58,1,,,0.0,false,14.8,248.15309759498837,false
1,34,16:15,93,07:00,59,1,,,0.0,false,14.8,248.61482319624128,false
1,34,16:15,94,07:15,60,1,,,0.0,false,14.8,249.07654879749418,false
1,34,16:15,95,07:30,61,1,,,0.0,false,14.8,249.5382743987471,false
1,34,16:15,96,07:45,62,1,,,0.0,false,14.8,250.0,false
1,35,16:30,35,16:30,0,1,,Loading/Swinging,3.1586,false,4.237155263157898,242.67415664736504,false
1,35,16:30,36,16:45,1,1,,Loading/Swinging,3.1586,false,3.4475052631578977,242.67415664736504,false
1,35,16:30,37,17:00,2,1,,Charging,0.0,true,5.3000000000000025,240.62153090017156,false
1,35,16:30,38,17:15,3,1,,Charging,0.0,true,7.200000000000001,238.51626774227682,false
1,35,16:30,39,17:30,4,1,,Charging,0.0,true,9.1,236.41100458438208,false
1,35,16:30,40,17:45,5,1,,Charging,0.0,true,11.0,234.30574142648734,false
1,35,16:30,41,18:00,6,1,,Charging,0.0,true,12.9,232.2004782685926,false
1,35,16:30,42,18:15,7,1,,Charging,0.0,true,14.8,230.09521511069786,false
1,35,16:30,43,18:30,8,1,,,0.0,false,14.8,230.09521511069786,false
1,35,16:30,44,18:45,9,1,,,0.0,false,14.8,230.09521511069786,false
1,35,16:30,45,19:00,10,1,,,0.0,false,14.8,230.09521511069786,false
1,35,16:30,46,19:15,11,1,,,0.0,false,14.8,230.09521511069786,false
1,35,16:30,47,19:30,12,1,,,0.0,false,14.8,230.09521511069786,false
1,35,16:30,48,19:45,13,1,,,0.0,false,14.8,230.09521511069786,false
1,35,16:30,49,20:00,14,1,,,0.0,false,14.8,230.09521511069786,false
1,35,16:30,50,20:15,15,1,,,0.0,false,14.8,230.09521511069786,false
1,35,16:30,51,20:30,16,1,,,0.0,false,14.8,230.09521511069786,false
1,35,16:30,52,20:45,17,1,,,0.0,false,14.8,230.09521511069786,false
1,35,16:30,53,21:00,18,1,,,0.0,false,14.8,230.55694071195077,false
1,35,16:30,54,21:15,19,1,,,0.0,false,14.8,231.01866631320368,false
1,35,16:30,55,21:30,20,1,,,0.0,false,14.8,231.4803919144566,false
1,35,16:30,56,21:45,21,1,,,0.0,false,14.8,231.9421175157095,false
1,35,16:30,57,22:00,22,1,,,0.0,false,14.8,232.4038431169624,false
1,35,16:30,58,22:15,23,1,,,0.0,false,14.8,232.86556871821531,false
1,35,16:30,59,22:30,24,1,,,0.0,false,14.8,233.32729431946822,false
1,35,16:30,60,22:45,25,1,,,0.0,false,14.8,233.78901992072113,false
1,35,16:30,61,23:00,26,1,,,0.0,false,14.8,234.25074552197404,false
1,35,16:30,62,23:15,27,1,,,0.0,false,14.8,234.71247112322695,false
1,35,16:30,63,23:30,28,1,,,0.0,false,14.8,235.17419672447986,false
1,35,16:30,64,23:45,29,1,,,0.0,false,14.8,235.22478075990693,false
1,35,16:30,65,00:00,30,1,,,0.0,false,14.8,235.68650636115984,false
1,35,16:30,66,00:15,31,1,,,0.0,false,14.8,236.14823196241275,false
1,35,16:30,67,00:30,32,1,,,0.0,false,14.8,236.60995756366566,false
1,35,16:30,68,00:45,33,1,,,0.0,false,14.8,237.07168316491857,false
1,35,16:30,69,01:00,34,1,,,0.0,false,14.8,237.53340876617148,false
1,35,16:30,70,01:15,35,1,,,0.0,false,14.8,237.99513436742438,false
1,35,16:30,71,01:30,36,1,,,0.0,false,14.8,238.4568599686773,false
1,35,16:30,72,01:45,37,1,,,0.0,false,14.8,238.9185855699302,false
1,35,16:30,73,02:00,38,1,,,0.0,false,14.8,239.3803111711831,false
1,35,16:30,74,02:15,39,1,,,0.0,false,14.8,239.84203677243602,false
1,35,16:30,75,02:30,40,1,,,0.0,false,14.8,240.30376237368893,false
1,35,16:30,76,02:45,41,1,,,0.0,false,14.8,240.76548797494183,false
1,35,16:30,77,03:00,42,1,,,0.0,false,14.8,241.22721357619474,false
1,35,16:30,78,03:15,43,1,,,0.0,false,14.8,241.68893917744765,false
1,35,16:30,79,03:30,44,1,,,0.0,false,14.8,242.15066477870056,false
1,35,16:30,80,03:45,45,1,,,0.0,false,14.8,242.61239037995347,false
1,35,16:30,81,04:00,46,1,,,0.0,false,14.8,243.07411598120638,false
1,35,16:30,82,04:15,47,1,,,0.0,false,14.8,243.53584158245928,false
1,35,16:30,83,04:30,48,1,,,0.0,false,14.8,243.9975671837122,false
1,35,16:30,84,04:45,49,1,,,0.0,false,14.8,244.4592927849651,false
1,35,16:30,85,05:00,50,1,,,0.0,false,14.8,244.921018386218,false
1,35,16:30,86,05:15,51,1,,,0.0,false,14.8,245.38274398747092,false
1,35,16:30,87,05:30,52,1,,,0.0,false,14.8,245.84446958872383,false
1,35,16:30,88,05:45,53,1,,,0.0,false,14.8,246.30619518997673,false
1,35,16:30,89,06:00,54,1,,,0.0,false,14.8,246.76792079122964,false
1,35,16:30,90,06:15,55,1,,,0.0,false,14.8,247.22964639248255,false
1,35,16:30,91,06:30,56,1,,,0.0,false,14.8,247.69137199373546,false
1,35,16:30,92,06:45,57,1,,,0.0,false,14.8,248.15309759498837,false
1,35,16:30,93,07:00,58,1,,,0.0,false,14.8,248.61482319624128,false
1,35,16:30,94,07:15,59,1,,,0.0,false,14.8,249.07654879749418,false
1,35,16:30,95,07:30,60,1,,,0.0,false,14.8,249.5382743987471,false
1,35,16:30,96,07:45,61,1,,,0.0,false,14.8,250.0,false
1,36,16:45,36,16:45,0,1,,Loading/Swinging,3.1586,false,3.420780263157898,242.67415664736504,false
1,36,16:45,37,17:00,1,1,,Charging,0.0,true,5.320780263157897,240.5688934894703,false
1,36,16:45,38,17:15,2,1,,Charging,0.0,true,7.220780263157897,238.46363033157556,false
1,36,16:45,39,17:30,3,1,,Charging,0.0,true,9.120780263157897,236.35836717368085,false
1,36,16:45,40,17:45,4,1,,Charging,0.0,true,11.020780263157897,234.2531040157861,false
1,36,16:45,41,18:00,5,1,,Charging,0.0,true,12.920780263157898,232.14784085789137,false
1,36,16:45,42,18:15,6,1,,Charging,0.0,true,14.8,230.06560292233226,false
1,36,16:45,43,18:30,7,1,,,0.0,false,14.8,230.06560292233226,false
1,36,16:45,44,18:45,8,1,,,0.0,false,14.8,230.06560292233226,false
1,36,16:45,45,19:00,9,1,,,0.0,false,14.8,230.06560292233226,false
1,36,16:45,46,19:15,10,1,,,0.0,false,14.8,230.06560292233226,false
1,36,16:45,47,19:30,11,1,,,0.0,false,14.8,230.06560292233226,false
1,36,16:45,48,19:45,12,1,,,0.0,false,14.8,230.06560292233226,false
1,36,16:45,49,20:00,13,1,,,0.0,false,14.8,230.06560292233226,false
1,36,16:45,50,20:15,14,1,,,0.0,false,14.8,230.06560292233226,false
1,36,16:45,51,20:30,15,1,,,0.0,false,14.8,230.06560292233226,false
1,36,16:45,52,20:45,16,1,,,0.0,false,14.8,230.06560292233226,false
1,36,16:45,53,21:00,17,1,,,0.0,false,14.8,230.52732852358517,false
1,36,16:45,54,21:15,18,1,,,0.0,false,14.8,230.98905412483808,false
1,36,16:45,55,21:30,19,1,,,0.0,false,14.8,231.45077972609099,false
1,36,16:45,56,21:45,20,1,,,0.0,false,14.8,231.9125053273439,false
1,36,16:45,57,22:00,21,1,,,0.0,false,14.8,232.3742309285968,false
1,36,16:45,58,22:15,22,1,,,0.0,false,14.8,232.8359565298497,false
1,36,16:45,59,22:30,23,1,,,0.0,false,14.8,233.29768213110262,false
1,36,16:45,60,22:45,24,1,,,0.0,false,14.8,233.75940773235553,false
1,36,16:45,61,23:00,25,1,,,0.0,false,14.8,234.22113333360844,false
1,36,16:45,62,23:15,26,1,,,0.0,false,14.8,234.68285893486134,false
1,36,16:45,63,23:30,27,1,,,0.0,false,14.8,235.14458453611425,false
1,36,16:45,64,23:45,28,1,,,0.0,false,14.8,235.2247807599069,false
1,36,16:45,65,00:00,29,1,,,0.0,false,14.8,235.68650636115981,false
1,36,16:45,66,00:15,30,1,,,0.0,false,14.8,236.14823196241272,false
1,36,16:45,67,00:30,31,1,,,0.0,false,14.8,236.60995756366563,false
1,36,16:45,68,00:45,32,1,,,0.0,false,14.8,237.07168316491854,false
1,36,16:45,69,01:00,33,1,,,0.0,false,14.8,237.53340876617145,false
1,36,16:45,70,01:15,34,1,,,0.0,false,14.8,237.99513436742436,false
1,36,16:45,71,01:30,35,1,,,0.0,false,14.8,238.45685996867726,false
1,36,16:45,72,01:45,36,1,,,0.0,false,14.8,238.91858556993017,false
1,36,16:45,73,02:00,37,1,,,0.0,false,14.8,239.38031117118308,false
1,36,16:45,74,02:15,38,1,,,0.0,false,14.8,239.842036772436,false
1,36,16:45,75,02:30,39,1,,,0.0,false,14.8,240.3037623736889,false
1,36,16:45,76,02:45,40,1,,,0.0,false,14.8,240.76548797494183,false
1,36,16:45,77,03:00,41,1,,,0.0,false,14.8,241.22721357619474,false
1,36,16:45,78,03:15,42,1,,,0.0,false,14.8,241.68893917744765,false
1,36,16:45,79,03:30,43,1,,,0.0,false,14.8,242.15066477870056,false
1,36,16:45,80,03:45,44,1,,,0.0,false,14.8,242.61239037995347,false
1,36,16:45,81,04:00,45,1,,,0.0,false,14.8,243.07411598120638,false
1,36,16:45,82,04:15,46,1,,,0.0,false,14.8,243.53584158245928,false
1,36,16:45,83,04:30,47,1,,,0.0,false,14.8,243.9975671837122,false
1,36,16:45,84,04:45,48,1,,,0.0,false,14.8,244.4592927849651,false
1,36,16:45,85,05:00,49,1,,,0.0,false,14.8,244.921018386218,false
1,36,16:45,86,05:15,50,1,,,0.0,false,14.8,245.38274398747092,false
1,36,16:45,87,05:30,51,1,,,0.0,false,14.8,245.84446958872383,false
1,36,16:45,88,05:45,52,1,,,0.0,false,14.8,246.30619518997673,false
1,36,16:45,89,06:00,53,1,,,0.0,false,14.8,246.76792079122964,false
1,36,16:45,90,06:15,54,1,,,0.0,false,14.8,247.22964639248255,false
1,36,16:45,91,06:30,55,1,,,0.0,false,14.8,247.69137199373546,false
1,36,16:45,92,06:45,56,1,,,0.0,false,14.8,248.15309759498837,false
1,36,16:45,93,07:00,57,1,,,0.0,false,14.8,248.61482319624128,false
1,36,16:45,94,07:15,58,1,,,0.0,false,14.8,249.07654879749418,false
1,36,16:45,95,07:30,59,1,,,0.0,false,14.8,249.5382743987471,false
1,36,16:45,96,07:45,60,1,,,0.0,false,14.8,250.0,false
1,37,17:00,37,17:00,0,1,,Charging,0.0,true,3.3999999999999995,242.37216801928514,false
1,37,17:00,38,17:15,1,1,,Charging,0.0,true,5.299999999999999,240.2669048613904,false
1,37,17:00,39,17:30,2,1,,Charging,0.0,true,7.199999999999999,238.16164170349566,false
1,37,17:00,40,17:45,3,1,,Charging,0.0,true,9.1,236.05637854560092,false
1,37,17:00,41,18:00,4,1,,Charging,0.0,true,10.999999999999998,233.95111538770618,false
1,37,17:00,42,18:15,5,1,,Charging,0.0,true,12.899999999999999,231.84585222981144,false
1,37,17:00,43,18:30,6,1,,Charging,0.0,true,14.8,229.7405890719167,true
1,37,17:00,44,18:45,7,1,,,0.0,false,14.8,229.7405890719167,false
1,37,17:00,45,19:00,8,1,,,0.0,false,14.8,229.7405890719167,false
1,37,17:00,46,19:15,9,1,,,0.0,false,14.8,229.7405890719167,false
1,37,17:00,47,19:30,10,1,,,0.0,false,14.8,229.7405890719167,false
1,37,17:00,48,19:45,11,1,,,0.0,false,14.8,229.7405890719167,false
1,37,17:00,49,20:00,12,1,,,0.0,false,14.8,229.7405890719167,false
1,37,17:00,50,20:15,13,1,,,0.0,false,14.8,229.7405890719167,false
1,37,17:00,51,20:30,14,1,,,0.0,false,14.8,229.7405890719167,false
1,37,17:00,52,20:45,15,1,,,0.0,false,14.8,229.7405890719167,false
1,37,17:00,53,21:00,16,1,,,0.0,false,14.8,230.2023146731696,false
1,37,17:00,54,21:15,17,1,,,0.0,false,14.8,230.66404027442252,false
1,37,17:00,55,21:30,18,1,,,0.0,false,14.8,231.12576587567543,false
1,37,17:00,56,21:45,19,1,,,0.0,false,14.8,231.58749147692834,false
1,37,17:00,57,22:00,20,1,,,0.0,false,14.8,232.04921707818124,false
1,37,17:00,58,22:15,21,1,,,0.0,false,14.8,232.51094267943415,false
1,37,17:00,59,22:30,22,1,,,0.0,false,14.8,232.97266828068706,false
1,37,17:00,60,22:45,23,1,,,0.0,false,14.8,233.43439388193997,false
1,37,17:00,61,23:00,24,1,,,0.0,false,14.8,233.89611948319288,false
1,37,17:00,62,23:15,25,1,,,0.0,false,14.8,234.35784508444578,false
1,37,17:00,63,23:30,26,1,,,0.0,false,14.8,234.8195706856987,false
1,37,17:00,64,23:45,27,1,,,0.0,false,14.8,235.22478075990693,false
1,37,17:00,65,00:00,28,1,,,0.0,false,14.8,235.68650636115984,false
1,37,17:00,66,00:15,29,1,,,0.0,false,14.8,236.14823196241275,false
1,37,17:00,67,00:30,30,1,,,0.0,false,14.8,236.60995756366566,false
1,37,17:00,68,00:45,31,1,,,0.0,false,14.8,237.07168316491857,false
1,37,17:00,69,01:00,32,1,,,0.0,false,14.8,237.53340876617148,false
1,37,17:00,70,01:15,33,1,,,0.0,false,14.8,237.99513436742438,false
1,37,17:00,71,01:30,34,1,,,0.0,false,14.8,238.4568599686773,false
1,37,17:00,72,01:45,35,1,,,0.0,false,14.8,238.9185855699302,false
1,37,17:00,73,02:00,36,1,,,0.0,false,14.8,239.3803111711831,false
1,37,17:00,74,02:15,37,1,,,0.0,false,14.8,239.84203677243602,false
1,37,17:00,75,02:30,38,1,,,0.0,false,14.8,240.30376237368893,false
1,37,17:00,76,02:45,39,1,,,0.0,false,14.8,240.76548797494183,false
1,37,17:00,77,03:00,40,1,,,0.0,false,14.8,241.22721357619474,false
1,37,17:00,78,03:15,41,1,,,0.0,false,14.8,241.68893917744765,false
1,37,17:00,79,03:30,42,1,,,0.0,false,14.8,242.15066477870056,false
1,37,17:00,80,03:45,43,1,,,0.0,false,14.8,242.61239037995347,false
1,37,17:00,81,04:00,44,1,,,0.0,false,14.8,243.07411598120638,false
1,37,17:00,82,04:15,45,1,,,0.0,false,14.8,243.53584158245928,false
1,37,17:00,83,04:30,46,1,,,0.0,false,14.8,243.9975671837122,false
1,37,17:00,84,04:45,47,1,,,0.0,false,14.8,244.4592927849651,false
1,37,17:00,85,05:00,48,1,,,0.0,false,14.8,244.921018386218,false
1,37,17:00,86,05:15,49,1,,,0.0,false,14.8,245.38274398747092,false
1,37,17:00,87,05:30,50,1,,,0.0,false,14.8,245.84446958872383,false
1,37,17:00,88,05:45,51,1,,,0.0,false,14.8,246.30619518997673,false
1,37,17:00,89,06:00,52,1,,,0.0,false,14.8,246.76792079122964,false
1,37,17:00,90,06:15,53,1,,,0.0,false,14.8,247.22964639248255,false
1,37,17:00,91,06:30,54,1,,,0.0,false,14.8,247.69137199373546,false
1,37,17:00,92,06:45,55,1,,,0.0,false,14.8,248.15309759498837,false
1,37,17:00,93,07:00,56,1,,,0.0,false,14.8,248.61482319624128,false
1,37,17:00,94,07:15,57,1,,,0.0,false,14.8,249.07654879749418,false
1,37,17:00,95,07:30,58,1,,,0.0,false,14.8,249.5382743987471,false
1,37,17:00,96,07:45,59,1,,,0.0,false,14.8,250.0,false
1,38,17:15,38,17:15,0,1,,Charging,0.0,true,5.314344459833794,240.2669048613904,false
1,38,17:15,39,17:30,1,1,,Charging,0.0,true,7.214344459833795,238.16164170349566,false
1,38,17:15,40,17:45,2,1,,Charging,0.0,true,9.114344459833793,236.05637854560095,false
1,38,17:15,41,18:00,3,1,,Charging,0.0,true,11.014344459833794,233.9511153877062,false
1,38,17:15,42,18:15,4,1,,Charging,0.0,true,12.914344459833794,231.84585222981147,false
1,38,17:15,43,18:30,5,1,,Charging,0.0,true,14.8,229.75648321023672,false
1,38,17:15,44,18:45,6,1,,,0.0,false,14.8,229.75648321023672,false
1,38,17:15,45,19:00,7,1,,,0.0,false,14.8,229.75648321023672,false
1,38,17:15,46,19:15,8,1,,,0.0,false,14.8,229.75648321023672,false
1,38,17:15,47,19:30,9,1,,,0.0,false,14.8,229.75648321023672,false
1,38,17:15,48,19:45,10,1,,,0.0,false,14.8,229.75648321023672,false
1,38,17:15,49,20:00,11,1,,,0.0,false,14.8,229.75648321023672,false
1,38,17:15,50,20:15,12,1,,,0.0,false,14.8,229.75648321023672,false
1,38,17:15,51,20:30,13,1,,,0.0,false,14.8,229.75648321023672,false
1,38,17:15,52,20:45,14,1,,,0.0,false,14.8,229.75648321023672,false
1,38,17:15,53,21:00,15,1,,,0.0,false,14.8,230.21820881148963,false
1,38,17:15,54,21:15,16,1,,,0.0,false,14.8,230.67993441274254,false
1,38,17:15,55,21:30,17,1,,,0.0,false,14.8,231.14166001399545,false
1,38,17:15,56,21:45,18,1,,,0.0,false,14.8,231.60338561524836,false
1,38,17:15,57,22:00,19,1,,,0.0,false,14.8,232.06511121650126,false
1,38,17:15,58,22:15,20,1,,,0.0,false,14.8,232.52683681775417,false
1,38,17:15,59,22:30,21,1,,,0.0,false,14.8,232.98856241900708,false
1,38,17:15,60,22:45,22,1,,,0.0,false,14.8,233.45028802026,false
1,38,17:15,61,23:00,23,1,,,0.0,false,14.8,233.9120136215129,false
1,38,17:15,62,23:15,24,1,,,0.0,false,14.8,234.3737392227658,false
1,38,17:15,63,23:30,25,1,,,0.0,false,14.8,234.83546482401871,false
1,38,17:15,64,23:45,26,1,,,0.0,false,14.8,235.22478075990688,false
1,38,17:15,65,00:00,27,1,,,0.0,false,14.8,235.6865063611598,false
1,38,17:15,66,00:15,28,1,,,0.0,false,14.8,236.1482319624127,false
1,38,17:15,67,00:30,29,1,,,0.0,false,14.8,236.6099575636656,false
1,38,17:15,68,00:45,30,1,,,0.0,false,14.8,237.0716831649185,false
1,38,17:15,69,01:00,31,1,,,0.0,false,14.8,237.53340876617142,false
1,38,17:15,70,01:15,32,1,,,0.0,false,14.8,237.99513436742433,false
1,38,17:15,71,01:30,33,1,,,0.0,false,14.8,238.45685996867724,false
1,38,17:15,72,01:45,34,1,,,0.0,false,14.8,238.91858556993014,false
1,38,17:15,73,02:00,35,1,,,0.0,false,14.8,239.38031117118305,false
1,38,17:15,74,02:15,36,1,,,0.0,false,14.8,239.84203677243596,false
1,38,17:15,75,02:30,37,1,,,0.0,false,14.8,240.30376237368887,false
1,38,17:15,76,02:45,38,1,,,0.0,false,14.8,240.76548797494178,false
1,38,17:15,77,03:00,39,1,,,0.0,false,14.8,241.22721357619469,false
1,38,17:15,78,03:15,40,1,,,0.0,false,14.8,241.6889391774476,false
1,38,17:15,79,03:30,41,1,,,0.0,false,14.8,242.1506647787005,false
1,38,17:15,80,03:45,42,1,,,0.0,false,14.8,242.6123903799534,false
1,38,17:15,81,04:00,43,1,,,0.0,false,14.8,243.07411598120632,false
1,38,17:15,82,04:15,44,1,,,0.0,false,14.8,243.53584158245923,false
1,38,17:15,83,04:30,45,1,,,0.0,false,14.8,243.9975671837122,false
1,38,17:15,84,04:45,46,1,,,0.0,false,14.8,244.4592927849651,false
1,38,17:15,85,05:00,47,1,,,0.0,false,14.8,244.921018386218,false
1,38,17:15,86,05:15,48,1,,,0.0,false,14.8,245.38274398747092,false
1,38,17:15,87,05:30,49,1,,,0.0,false,14.8,245.84446958872383,false
1,38,17:15,88,05:45,50,1,,,0.0,false,14.8,246.30619518997673,false
1,38,17:15,89,06:00,51,1,,,0.0,false,14.8,246.76792079122964,false
1,38,17:15,90,06:15,52,1,,,0.0,false,14.8,247.22964639248255,false
1,38,17:15,91,06:30,53,1,,,0.0,false,14.8,247.69137199373546,false
1,38,17:15,92,06:45,54,1,,,0.0,false,14.8,248.15309759498837,false
1,38,17:15,93,07:00,55,1,,,0.0,false,14.8,248.61482319624128,false
1,38,17:15,94,07:15,56,1,,,0.0,false,14.8,249.07654879749418,false
1,38,17:15,95,07:30,57,1,,,0.0,false,14.8,249.5382743987471,false
1,38,17:15,96,07:45,58,1,,,0.0,false,14.8,250.0,false
1,39,17:30,39,17:30,0,1,,Charging,0.0,true,7.200000000000001,238.28833916591537,false
1,39,17:30,40,17:45,1,1,,Charging,0.0,true,9.100000000000001,236.18307600802063,false
1,39,17:30,41,18:00,2,1,,Charging,0.0,true,11.000000000000002,234.0778128501259,false
1,39,17:30,42,18:15,3,1,,Charging,0.0,true,12.900000000000002,231.97254969223115,false
1,39,17:30,43,18:30,4,1,,Charging,0.0,true,14.800000000000002,229.86728653433642,false
1,39,17:30,44,18:45,5,1,,,0.0,false,14.800000000000002,229.86728653433642,false
1,39,17:30,45,19:00,6,1,,,0.0,false,14.8,229.86728653433642,false
1,39,17:30,46,19:15,7,1,,,0.0,false,14.8,229.86728653433642,false
1,39,17:30,47,19:30,8,1,,,0.0,false,14.8,229.86728653433642,false
1,39,17:30,48,19:45,9,1,,,0.0,false,14.8,229.86728653433642,false
1,39,17:30,49,20:00,10,1,,,0.0,false,14.8,229.86728653433642,false
1,39,17:30,50,20:15,11,1,,,0.0,false,14.8,229.86728653433642,false
1,39,17:30,51,20:30,12,1,,,0.0,false,14.8,229.86728653433642,false
1,39,17:30,52,20:45,13,1,,,0.0,false,14.8,229.86728653433642,false
1,39,17:30,53,21:00,14,1,,,0.0,false,14.8,230.32901213558932,false
1,39,17:30,54,21:15,15,1,,,0.0,false,14.8,230.79073773684223,false
1,39,17:30,55,21:30,16,1,,,0.0,false,14.8,231.25246333809514,false
1,39,17:30,56,21:45,17,1,,,0.0,false,14.8,231.71418893934805,false
1,39,17:30,57,22:00,18,1,,,0.0,false,14.8,232.17591454060096,false
1,39,17:30,58,22:15,19,1,,,0.0,false,14.8,232.63764014185386,false
1,39,17:30,59,22:30,20,1,,,0.0,false,14.8,233.09936574310677,false
1,39,17:30,60,22:45,21,1,,,0.0,false,14.8,233.56109134435968,false
1,39,17:30,61,23:00,22,1,,,0.0,false,14.8,234.0228169456126,false
1,39,17:30,62,23:15,23,1,,,0.0,false,14.8,234.4845425468655,false
1,39,17:30,63,23:30,24,1,,,0.0,false,14.8,234.9462681481184,false
1,39,17:30,64,23:45,25,1,,,0.0,false,14.8,235.22478075990693,false
1,39,17:30,65,00:00,26,1,,,0.0,false,14.8,235.68650636115984,false
1,39,17:30,66,00:15,27,1,,,0.0,false,14.8,236.14823196241275,false
1,39,17:30,67,00:30,28,1,,,0.0,false,14.8,236.60995756366566,false
1,39,17:30,68,00:45,29,1,,,0.0,false,14.8,237.07168316491857,false
1,39,17:30,69,01:00,30,1,,,0.0,false,14.8,237.53340876617148,false
1,39,17:30,70,01:15,31,1,,,0.0,false,14.8,237.99513436742438,false
1,39,17:30,71,01:30,32,1,,,0.0,false,14.8,238.4568599686773,false
1,39,17:30,72,01:45,33,1,,,0.0,false,14.8,238.9185855699302,false
1,39,17:30,73,02:00,34,1,,,0.0,false,14.8,239.3803111711831,false
1,39,17:30,74,02:15,35,1,,,0.0,false,14.8,239.84203677243602,false
1,39,17:30,75,02:30,36,1,,,0.0,false,14.8,240.30376237368893,false
1,39,17:30,76,02:45,37,1,,,0.0,false,14.8,240.76548797494183,false
1,39,17:30,77,03:00,38,1,,,0.0,false,14.8,241.22721357619474,false
1,39,17:30,78,03:15,39,1,,,0.0,false,14.8,241.68893917744765,false
1,39,17:30,79,03:30,40,1,,,0.0,false,14.8,242.15066477870056,false
1,39,17:30,80,03:45,41,1,,,0.0,false,14.8,242.61239037995347,false
1,39,17:30,81,04:00,42,1,,,0.0,false,14.8,243.07411598120638,false
1,39,17:30,82,04:15,43,1,,,0.0,false,14.8,243.53584158245928,false
1,39,17:30,83,04:30,44,1,,,0.0,false,14.8,243.9975671837122,false
1,39,17:30,84,04:45,45,1,,,0.0,false,14.8,244.4592927849651,false
1,39,17:30,85,05:00,46,1,,,0.0,false,14.8,244.921018386218,false
1,39,17:30,86,05:15,47,1,,,0.0,false,14.8,245.38274398747092,false
1,39,17:30,87,05:30,48,1,,,0.0,false,14.8,245.84446958872383,false
1,39,17:30,88,05:45,49,1,,,0.0,false,14.8,246.30619518997673,false
1,39,17:30,89,06:00,50,1,,,0.0,false,14.8,246.76792079122964,false
1,39,17:30,90,06:15,51,1,,,0.0,false,14.8,247.22964639248255,false
1,39,17:30,91,06:30,52,1,,,0.0,false,14.8,247.69137199373546,false
1,39,17:30,92,06:45,53,1,,,0.0,false,14.8,248.15309759498837,false
1,39,17:30,93,07:00,54,1,,,0.0,false,14.8,248.61482319624128,false
1,39,17:30,94,07:15,55,1,,,0.0,false,14.8,249.07654879749418,false
1,39,17:30,95,07:30,56,1,,,0.0,false,14.8,249.5382743987471,false
1,39,17:30,96,07:45,57,1,,,0.0,false,14.8,250.0,false
1,40,17:45,40,17:45,0,1,,Charging,0.0,true,9.193981870535044,236.18307600802066,false
1,40,17:45,41,18:00,1,1,,Charging,0.0,true,11.093981870535044,234.07781285012592,false
1,40,17:45,42,18:15,2,1,,Charging,0.0,true,12.9,232.07668472883512,false
1,40,17:45,43,18:30,3,1,,Charging,0.0,true,14.79999999999998,229.9714215709404,false
1,40,17:45,44,18:45,4,1,,,0.0,false,14.79999999999998,229.9714215709404,false
1,40,17:45,45,19:00,5,1,,,0.0,false,14.79999999999998,229.9714215709404,false
1,40,17:45,46,19:15,6,1,,,0.0,false,14.800000000000049,229.9714215709404,false
1,40,17:45,47,19:30,7,1,,,0.0,false,14.800000000000049,229.9714215709404,false
1,40,17:45,48,19:45,8,1,,,0.0,false,14.800000000000049,229.9714215709404,false
1,40,17:45,49,20:00,9,1,,,0.0,false,14.800000000000049,229.9714215709404,false
1,40,17:45,50,20:15,10,1,,,0.0,false,14.800000000000049,229.9714215709404,false
1,40,17:45,51,20:30,11,1,,,0.0,false,14.800000000000049,229.9714215709404,false
1,40,17:45,52,20:45,12,1,,,0.0,false,14.800000000000049,229.9714215709404,false
1,40,17:45,53,21:00,13,1,,,0.0,false,14.800000000000049,230.43314717219332,false
1,40,17:45,54,21:15,14,1,,,0.0,false,14.800000000000049,230.89487277344622,false
1,40,17:45,55,21:30,15,1,,,0.0,false,14.800000000000049,231.35659837469913,false
1,40,17:45,56,21:45,16,1,,,0.0,false,14.800000000000049,231.81832397595204,false
1,40,17:45,57,22:00,17,1,,,0.0,false,14.800000000000049,232.28004957720495,false
1,40,17:45,58,22:15,18,1,,,0.0,false,14.800000000000049,232.74177517845786,false
1,40,17:45,59,22:30,19,1,,,0.0,false,14.800000000000049,233.20350077971077,false
1,40,17:45,60,22:45,20,1,,,0.0,false,14.800000000000049,233.66522638096367,false
1,40,17:45,61,23:00,21,1,,,0.0,false,14.800000000000049,234.12695198221658,false
1,40,17:45,62,23:15,22,1,,,0.0,false,14.800000000000049,234.5886775834695,false
1,40,17:45,63,23:30,23,1,,,0.0,false,14.800000000000049,235.0504031847224,false
1,40,17:45,64,23:45,24,1,,,0.0,false,14.800000000000049,235.22478075990688,false
1,40,17:45,65,00:00,25,1,,,0.0,false,14.800000000000049,235.6865063611598,false
1,40,17:45,66,00:15,26,1,,,0.0,false,14.800000000000049,236.1482319624127,false
1,40,17:45,67,00:30,27,1,,,0.0,false,14.800000000000049,236.6099575636656,false
1,40,17:45,68,00:45,28,1,,,0.0,false,14.800000000000049,237.0716831649185,false
1,40,17:45,69,01:00,29,1,,,0.0,false,14.800000000000049,237.53340876617142,false
1,40,17:45,70,01:15,30,1,,,0.0,false,14.800000000000049,237.99513436742433,false
1,40,17:45,71,01:30,31,1,,,0.0,false,14.800000000000049,238.45685996867724,false
1,40,17:45,72,01:45,32,1,,,0.0,false,14.800000000000049,238.91858556993014,false
1,40,17:45,73,02:00,33,1,,,0.0,false,14.800000000000049,239.38031117118305,false
1,40,17:45,74,02:15,34,1,,,0.0,false,14.800000000000049,239.84203677243596,false
1,40,17:45,75,02:30,35,1,,,0.0,false,14.800000000000049,240.30376237368887,false
1,40,17:45,76,02:45,36,1,,,0.0,false,14.800000000000049,240.76548797494178,false
1,40,17:45,77,03:00,37,1,,,0.0,false,14.800000000000049,241.22721357619469,false
1,40,17:45,78,03:15,38,1,,,0.0,false,14.800000000000049,241.6889391774476,false
1,40,17:45,79,03:30,39,1,,,0.0,false,14.800000000000049,242.1506647787005,false
1,40,17:45,80,03:45,40,1,,,0.0,false,14.800000000000049,242.6123903799534,false
1,40,17:45,81,04:00,41,1,,,0.0,false,14.800000000000049,243.07411598120632,false
1,40,17:45,82,04:15,42,1,,,0.0,false,14.800000000000049,243.53584158245923,false
1,40,17:45,83,04:30,43,1,,,0.0,false,14.800000000000049,243.99756718371214,false
1,40,17:45,84,04:45,44,1,,,0.0,false,14.800000000000049,244.45929278496504,false
1,40,17:45,85,05:00,45,1,,,0.0,false,14.800000000000049,244.92101838621795,false
1,40,17:45,86,05:15,46,1,,,0.0,false,14.800000000000049,245.38274398747086,false
1,40,17:45,87,05:30,47,1,,,0.0,false,14.800000000000049,245.84446958872377,false
1,40,17:45,88,05:45,48,1,,,0.0,false,14.800000000000049,246.30619518997668,false
1,40,17:45,89,06:00,49,1,,,0.0,false,14.800000000000049,246.76792079122959,false
1,40,17:45,90,06:15,50,1,,,0.0,false,14.800000000000049,247.2296463924825,false
1,40,17:45,91,06:30,51,1,,,0.0,false,14.800000000000049,247.6913719937354,false
1,40,17:45,92,06:45,52,1,,,0.0,false,14.800000000000049,248.1530975949883,false
1,40,17:45,93,07:00,53,1,,,0.0,false,14.800000000000049,248.61482319624122,false
1,40,17:45,94,07:15,54,1,,,0.0,false,14.800000000000049,249.07654879749413,false
1,40,17:45,95,07:30,55,1,,,0.0,false,14.800000000000049,249.53827439874706,false
1,40,17:45,96,07:45,56,1,,,0.0,false,14.8,250.0,false
1,41,18:00,41,18:00,0,1,,Charging,0.0,true,11.000000000000002,234.29275121082958,false
1,41,18:00,42,18:15,1,1,,Charging,0.0,true,12.899999999999999,232.18748805293484,false
1,41,18:00,43,18:30,2,1,,Charging,0.0,true,14.799999999999999,230.0822248950401,false
1,41,18:00,44,18:45,3,1,,,0.0,false,14.799999999999999,230.0822248950401,false
1,41,18:00,45,19:00,4,1,,,0.0,false,14.799999999999999,230.0822248950401,false
1,41,18:00,46,19:15,5,1,,,0.0,false,14.799999999999999,230.0822248950401,false
1,41,18:00,47,19:30,6,1,,,0.0,false,14.8,230.0822248950401,false
1,41,18:00,48,19:45,7,1,,,0.0,false,14.8,230.0822248950401,false
1,41,18:00,49,20:00,8,1,,,0.0,false,14.8,230.0822248950401,false
1,41,18:00,50,20:15,9,1,,,0.0,false,14.8,230.0822248950401,false
1,41,18:00,51,20:30,10,1,,,0.0,false,14.8,230.0822248950401,false
1,41,18:00,52,20:45,11,1,,,0.0,false,14.8,230.0822248950401,false
1,41,18:00,53,21:00,12,1,,,0.0,false,14.8,230.543950496293,false
1,41,18:00,54,21:15,13,1,,,0.0,false,14.8,231.00567609754592,false
1,41,18:00,55,21:30,14,1,,,0.0,false,14.8,231.46740169879882,false
1,41,18:00,56,21:45,15,1,,,0.0,false,14.8,231.92912730005173,false
1,41,18:00,57,22:00,16,1,,,0.0,false,14.8,232.39085290130464,false
1,41,18:00,58,22:15,17,1,,,0.0,false,14.8,232.85257850255755,false
1,41,18:00,59,22:30,18,1,,,0.0,false,14.8,233.31430410381046,false
1,41,18:00,60,22:45,19,1,,,0.0,false,14.8,233.77602970506337,false
1,41,18:00,61,23:00,20,1,,,0.0,false,14.8,234.23775530631627,false
1,41,18:00,62,23:15,21,1,,,0.0,false,14.8,234.69948090756918,false
1,41,18:00,63,23:30,22,1,,,0.0,false,14.8,235.1612065088221,false
1,41,18:00,64,23:45,23,1,,,0.0,false,14.8,235.22478075990693,false
1,41,18:00,65,00:00,24,1,,,0.0,false,14.8,235.68650636115984,false
1,41,18:00,66,00:15,25,1,,,0.0,false,14.8,236.14823196241275,false
1,41,18:00,67,00:30,26,1,,,0.0,false,14.8,236.60995756366566,false
1,41,18:00,68,00:45,27,1,,,0.0,false,14.8,237.07168316491857,false
1,41,18:00,69,01:00,28,1,,,0.0,false,14.8,237.53340876617148,false
1,41,18:00,70,01:15,29,1,,,0.0,false,14.8,237.99513436742438,false
1,41,18:00,71,01:30,30,1,,,0.0,false,14.8,238.4568599686773,false
1,41,18:00,72,01:45,31,1,,,0.0,false,14.8,238.9185855699302,false
1,41,18:00,73,02:00,32,1,,,0.0,false,14.8,239.3803111711831,false
1,41,18:00,74,02:15,33,1,,,0.0,false,14.8,239.84203677243602,false
1,41,18:00,75,02:30,34,1,,,0.0,false,14.8,240.30376237368893,false
1,41,18:00,76,02:45,35,1,,,0.0,false,14.8,240.76548797494183,false
1,41,18:00,77,03:00,36,1,,,0.0,false,14.8,241.22721357619474,false
1,41,18:00,78,03:15,37,1,,,0.0,false,14.8,241.68893917744765,false
1,41,18:00,79,03:30,38,1,,,0.0,false,14.8,242.15066477870056,false
1,41,18:00,80,03:45,39,1,,,0.0,false,14.8,242.61239037995347,false
1,41,18:00,81,04:00,40,1,,,0.0,false,14.8,243.07411598120638,false
1,41,18:00,82,04:15,41,1,,,0.0,false,14.8,243.53584158245928,false
1,41,18:00,83,04:30,42,1,,,0.0,false,14.8,243.9975671837122,false
1,41,18:00,84,04:45,43,1,,,0.0,false,14.8,244.4592927849651,false
1,41,18:00,85,05:00,44,1,,,0.0,false,14.8,244.921018386218,false
1,41,18:00,86,05:15,45,1,,,0.0,false,14.8,245.38274398747092,false
1,41,18:00,87,05:30,46,1,,,0.0,false,14.8,245.84446958872383,false
1,41,18:00,88,05:45,47,1,,,0.0,false,14.8,246.30619518997673,false
1,41,18:00,89,06:00,48,1,,,0.0,false,14.8,246.76792079122964,false
1,41,18:00,90,06:15,49,1,,,0.0,false,14.8,247.22964639248255,false
1,41,18:00,91,06:30,50,1,,,0.0,false,14.8,247.69137199373546,false
1,41,18:00,92,06:45,51,1,,,0.0,false,14.8,248.15309759498837,false
1,41,18:00,93,07:00,52,1,,,0.0,false,14.8,248.61482319624128,false
1,41,18:00,94,07:15,53,1,,,0.0,false,14.8,249.07654879749418,false
1,41,18:00,95,07:30,54,1,,,0.0,false,14.8,249.5382743987471,false
1,41,18:00,96,07:45,55,1,,,0.0,false,14.8,250.0,false
1,42,18:15,42,18:15,0,1,,Charging,0.0,true,12.989790427866579,232.18748805293484,false
1,42,18:15,43,18:30,1,1,,Charging,0.0,true,14.8,230.18171567383965,false
1,42,18:15,44,18:45,2,1,,,0.0,false,14.8,230.18171567383965,false
1,42,18:15,45,19:00,3,1,,,0.0,false,14.8,230.18171567383965,false
1,42,18:15,46,19:15,4,1,,,0.0,false,14.8,230.18171567383965,false
1,42,18:15,47,19:30,5,1,,,0.0,false,14.8,230.18171567383965,false
1,42,18:15,48,19:45,6,1,,,0.0,false,14.8,230.18171567383965,false
1,42,18:15,49,20:00,7,1,,,0.0,false,14.8,230.18171567383965,false
1,42,18:15,50,20:15,8,1,,,0.0,false,14.8,230.18171567383965,false
1,42,18:15,51,20:30,9,1,,,0.0,false,14.8,230.18171567383965,false
1,42,18:15,52,20:45,10,1,,,0.0,false,14.8,230.18171567383965,false
1,42,18:15,53,21:00,11,1,,,0.0,false,14.8,230.64344127509256,false
1,42,18:15,54,21:15,12,1,,,0.0,false,14.8,231.10516687634546,false
1,42,18:15,55,21:30,13,1,,,0.0,false,14.8,231.56689247759837,false
1,42,18:15,56,21:45,14,1,,,0.0,false,14.8,232.02861807885128,false
1,42,18:15,57,22:00,15,1,,,0.0,false,14.8,232.4903436801042,false
1,42,18:15,58,22:15,16,1,,,0.0,false,14.8,232.9520692813571,false
1,42,18:15,59,22:30,17,1,,,0.0,false,14.8,233.41379488261,false
1,42,18:15,60,22:45,18,1,,,0.0,false,14.8,233.8755204838629,false
1,42,18:15,61,23:00,19,1,,,0.0,false,14.8,234.3013295574011,false
1,42,18:15,62,23:15,20,1,,,0.0,false,14.8,234.763055158654,false
1,42,18:15,63,23:30,21,1,,,0.0,false,14.8,235.2247807599069,false
1,42,18:15,64,23:45,22,1,,,0.0,false,14.8,235.2247807599069,false
1,42,18:15,65,00:00,23,1,,,0.0,false,14.8,235.68650636115981,false
1,42,18:15,66,00:15,24,1,,,0.0,false,14.8,236.14823196241272,false
1,42,18:15,67,00:30,25,1,,,0.0,false,14.8,236.60995756366563,false
1,42,18:15,68,00:45,26,1,,,0.0,false,14.8,237.07168316491854,false
1,42,18:15,69,01:00,27,1,,,0.0,false,14.8,237.53340876617145,false
1,42,18:15,70,01:15,28,1,,,0.0,false,14.8,237.99513436742436,false
1,42,18:15,71,01:30,29,1,,,0.0,false,14.8,238.45685996867726,false
1,42,18:15,72,01:45,30,1,,,0.0,false,14.8,238.91858556993017,false
1,42,18:15,73,02:00,31,1,,,0.0,false,14.8,239.38031117118308,false
1,42,18:15,74,02:15,32,1,,,0.0,false,14.8,239.842036772436,false
1,42,18:15,75,02:30,33,1,,,0.0,false,14.8,240.3037623736889,false
1,42,18:15,76,02:45,34,1,,,0.0,false,14.8,240.7654879749418,false
1,42,18:15,77,03:00,35,1,,,0.0,false,14.8,241.2272135761947,false
1,42,18:15,78,03:15,36,1,,,0.0,false,14.8,241.68893917744762,false
1,42,18:15,79,03:30,37,1,,,0.0,false,14.8,242.15066477870053,false
1,42,18:15,80,03:45,38,1,,,0.0,false,14.8,242.61239037995344,false
1,42,18:15,81,04:00,39,1,,,0.0,false,14.8,243.07411598120638,false
1,42,18:15,82,04:15,40,1,,,0.0,false,14.8,243.53584158245928,false
1,42,18:15,83,04:30,41,1,,,0.0,false,14.8,243.9975671837122,false
1,42,18:15,84,04:45,42,1,,,0.0,false,14.8,244.4592927849651,false
1,42,18:15,85,05:00,43,1,,,0.0,false,14.8,244.921018386218,false
1,42,18:15,86,05:15,44,1,,,0.0,false,14.8,245.38274398747092,false
1,42,18:15,87,05:30,45,1,,,0.0,false,14.8,245.84446958872383,false
1,42,18:15,88,05:45,46,1,,,0.0,false,14.8,246.30619518997673,false
1,42,18:15,89,06:00,47,1,,,0.0,false,14.8,246.76792079122964,false
1,42,18:15,90,06:15,48,1,,,0.0,false,14.8,247.22964639248255,false
1,42,18:15,91,06:30,49,1,,,0.0,false,14.8,247.69137199373546,false
1,42,18:15,92,06:45,50,1,,,0.0,false,14.8,248.15309759498837,false
1,42,18:15,93,07:00,51,1,,,0.0,false,14.8,248.61482319624128,false
1,42,18:15,94,07:15,52,1,,,0.0,false,14.8,249.07654879749418,false
1,42,18:15,95,07:30,53,1,,,0.0,false,14.8,249.5382743987471,false
1,42,18:15,96,07:45,54,1,,,0.0,false,14.8,250.0,false
1,43,18:30,43,18:30,0,1,,Charging,0.0,true,14.8,230.29251899793937,false
1,43,18:30,44,18:45,1,1,,,0.0,false,14.8,230.29251899793937,false
1,43,18:30,45,19:00,2,1,,,0.0,false,14.8,230.29251899793937,false
1,43,18:30,46,19:15,3,1,,,0.0,false,14.8,230.29251899793937,false
1,43,18:30,47,19:30,4,1,,,0.0,false,14.8,230.29251899793937,false
1,43,18:30,48,19:45,5,1,,,0.0,false,14.8,230.29251899793937,false
1,43,18:30,49,20:00,6,1,,,0.0,false,14.8,230.29251899793937,false
1,43,18:30,50,20:15,7,1,,,0.0,false,14.8,230.29251899793937,false
1,43,18:30,51,20:30,8,1,,,0.0,false,14.8,230.29251899793937,false
1,43,18:30,52,20:45,9,1,,,0.0,false,14.8,230.29251899793937,false
1,43,18:30,53,21:00,10,1,,,0.0,false,14.8,230.75424459919228,false
1,43,18:30,54,21:15,11,1,,,0.0,false,14.8,231.21597020044518,false
1,43,18:30,55,21:30,12,1,,,0.0,false,14.8,231.6776958016981,false
1,43,18:30,56,21:45,13,1,,,0.0,false,14.8,232.139421402951,false
1,43,18:30,57,22:00,14,1,,,0.0,false,14.8,232.6011470042039,false
1,43,18:30,58,22:15,15,1,,,0.0,false,14.8,233.06287260545682,false
1,43,18:30,59,22:30,16,1,,,0.0,false,14.8,233.52459820670973,false
1,43,18:30,60,22:45,17,1,,,0.0,false,14.8,233.98632380796263,false
1,43,18:30,61,23:00,18,1,,,0.0,false,14.8,234.3013295574011,false
1,43,18:30,62,23:15,19,1,,,0.0,false,14.8,234.763055158654,false
1,43,18:30,63,23:30,20,1,,,0.0,false,14.8,235.2247807599069,false
1,43,18:30,64,23:45,21,1,,,0.0,false,14.8,235.2247807599069,false
1,43,18:30,65,00:00,22,1,,,0.0,false,14.8,235.68650636115981,false
1,43,18:30,66,00:15,23,1,,,0.0,false,14.8,236.14823196241272,false
1,43,18:30,67,00:30,24,1,,,0.0,false,14.8,236.60995756366563,false
1,43,18:30,68,00:45,25,1,,,0.0,false,14.8,237.07168316491854,false
1,43,18:30,69,01:00,26,1,,,0.0,false,14.8,237.53340876617145,false
1,43,18:30,70,01:15,27,1,,,0.0,false,14.8,237.99513436742436,false
1,43,18:30,71,01:30,28,1,,,0.0,false,14.8,238.45685996867726,false
1,43,18:30,72,01:45,29,1,,,0.0,false,14.8,238.91858556993017,false
1,43,18:30,73,02:00,30,1,,,0.0,false,14.8,239.3803111711831,false
1,43,18:30,74,02:15,31,1,,,0.0,false,14.8,239.84203677243602,false
1,43,18:30,75,02:30,32,1,,,0.0,false,14.8,240.30376237368893,false
1,43,18:30,76,02:45,33,1,,,0.0,false,14.8,240.76548797494183,false
1,43,18:30,77,03:00,34,1,,,0.0,false,14.8,241.22721357619474,false
1,43,18:30,78,03:15,35,1,,,0.0,false,14.8,241.68893917744765,false
1,43,18:30,79,03:30,36,1,,,0.0,false,14.8,242.15066477870056,false
1,43,18:30,80,03:45,37,1,,,0.0,false,14.8,242.61239037995347,false
1,43,18:30,81,04:00,38,1,,,0.0,false,14.8,243.07411598120638,false
1,43,18:30,82,04:15,39,1,,,0.0,false,14.8,243.53584158245928,false
1,43,18:30,83,04:30,40,1,,,0.0,false,14.8,243.9975671837122,false
1,43,18:30,84,04:45,41,1,,,0.0,false,14.8,244.4592927849651,false
1,43,18:30,85,05:00,42,1,,,0.0,false,14.8,244.921018386218,false
1,43,18:30,86,05:15,43,1,,,0.0,false,14.8,245.38274398747092,false
1,43,18:30,87,05:30,44,1,,,0.0,false,14.8,245.84446958872383,false
1,43,18:30,88,05:45,45,1,,,0.0,false,14.8,246.30619518997673,false
1,43,18:30,89,06:00,46,1,,,0.0,false,14.8,246.76792079122964,false
1,43,18:30,90,06:15,47,1,,,0.0,false,14.8,247.22964639248255,false
1,43,18:30,91,06:30,48,1,,,0.0,false,14.8,247.69137199373546,false
1,43,18:30,92,06:45,49,1,,,0.0,false,14.8,248.15309759498837,false
1,43,18:30,93,07:00,50,1,,,0.0,false,14.8,248.61482319624128,false
1,43,18:30,94,07:15,51,1,,,0.0,false,14.8,249.07654879749418,false
1,43,18:30,95,07:30,52,1,,,0.0,false,14.8,249.5382743987471,false
1,43,18:30,96,07:45,53,1,,,0.0,false,14.8,250.0,false
1,44,18:45,44,18:45,0,1,,,0.0,false,14.8,230.29251899793937,false
1,44,18:45,45,19:00,1,1,,,0.0,false,14.8,230.29251899793937,false
1,44,18:45,46,19:15,2,1,,,0.0,false,14.8,230.29251899793937,false
1,44,18:45,47,19:30,3,1,,,0.0,false,14.8,230.29251899793937,false
1,44,18:45,48,19:45,4,1,,,0.0,false,14.8,230.29251899793937,false
1,44,18:45,49,20:00,5,1,,,0.0,false,14.8,230.29251899793937,false
1,44,18:45,50,20:15,6,1,,,0.0,false,14.8,230.29251899793937,false
1,44,18:45,51,20:30,7,1,,,0.0,false,14.8,230.29251899793937,false
1,44,18:45,52,20:45,8,1,,,0.0,false,14.8,230.29251899793937,false
1,44,18:45,53,21:00,9,1,,,0.0,false,14.8,230.75424459919228,false
1,44,18:45,54,21:15,10,1,,,0.0,false,14.8,231.21597020044518,false
1,44,18:45,55,21:30,11,1,,,0.0,false,14.8,231.6776958016981,false
1,44,18:45,56,21:45,12,1,,,0.0,false,14.8,232.139421402951,false
1,44,18:45,57,22:00,13,1,,,0.0,false,14.8,232.6011470042039,false
1,44,18:45,58,22:15,14,1,,,0.0,false,14.8,233.06287260545685,false
1,44,18:45,59,22:30,15,1,,,0.0,false,14.8,233.52459820670975,false
1,44,18:45,60,22:45,16,1,,,0.0,false,14.8,233.98632380796266,false
1,44,18:45,61,23:00,17,1,,,0.0,false,14.8,234.3013295574011,false
1,44,18:45,62,23:15,18,1,,,0.0,false,14.8,234.763055158654,false
1,44,18:45,63,23:30,19,1,,,0.0,false,14.8,235.2247807599069,false
1,44,18:45,64,23:45,20,1,,,0.0,false,14.8,235.2247807599069,false
1,44,18:45,65,00:00,21,1,,,0.0,false,14.8,235.68650636115981,false
1,44,18:45,66,00:15,22,1,,,0.0,false,14.8,236.14823196241272,false
1,44,18:45,67,00:30,23,1,,,0.0,false,14.8,236.60995756366563,false
1,44,18:45,68,00:45,24,1,,,0.0,false,14.8,237.07168316491854,false
1,44,18:45,69,01:00,25,1,,,0.0,false,14.8,237.53340876617145,false
1,44,18:45,70,01:15,26,1,,,0.0,false,14.8,237.99513436742436,false
1,44,18:45,71,01:30,27,1,,,0.0,false,14.8,238.45685996867726,false
1,44,18:45,72,01:45,28,1,,,0.0,false,14.8,238.91858556993017,false
1,44,18:45,73,02:00,29,1,,,0.0,false,14.8,239.38031117118308,false
1,44,18:45,74,02:15,30,1,,,0.0,false,14.8,239.842036772436,false
1,44,18:45,75,02:30,31,1,,,0.0,false,14.8,240.3037623736889,false
1,44,18:45,76,02:45,32,1,,,0.0,false,14.8,240.7654879749418,false
1,44,18:45,77,03:00,33,1,,,0.0,false,14.8,241.2272135761947,false
1,44,18:45,78,03:15,34,1,,,0.0,false,14.8,241.68893917744762,false
1,44,18:45,79,03:30,35,1,,,0.0,false,14.8,242.15066477870053,false
1,44,18:45,80,03:45,36,1,,,0.0,false,14.8,242.61239037995344,false
1,44,18:45,81,04:00,37,1,,,0.0,false,14.8,243.07411598120635,false
1,44,18:45,82,04:15,38,1,,,0.0,false,14.8,243.53584158245926,false
1,44,18:45,83,04:30,39,1,,,0.0,false,14.8,243.9975671837122,false
1,44,18:45,84,04:45,40,1,,,0.0,false,14.8,244.4592927849651,false
1,44,18:45,85,05:00,41,1,,,0.0,false,14.8,244.921018386218,false
1,44,18:45,86,05:15,42,1,,,0.0,false,14.8,245.38274398747092,false
1,44,18:45,87,05:30,43,1,,,0.0,false,14.8,245.84446958872383,false
1,44,18:45,88,05:45,44,1,,,0.0,false,14.8,246.30619518997673,false
1,44,18:45,89,06:00,45,1,,,0.0,false,14.8,246.76792079122964,false
1,44,18:45,90,06:15,46,1,,,0.0,false,14.8,247.22964639248255,false
1,44,18:45,91,06:30,47,1,,,0.0,false,14.8,247.69137199373546,false
1,44,18:45,92,06:45,48,1,,,0.0,false,14.8,248.15309759498837,false
1,44,18:45,93,07:00,49,1,,,0.0,false,14.8,248.61482319624128,false
1,44,18:45,94,07:15,50,1,,,0.0,false,14.8,249.07654879749418,false
1,44,18:45,95,07:30,51,1,,,0.0,false,14.8,249.5382743987471,false
1,44,18:45,96,07:45,52,1,,,0.0,false,14.8,250.0,false
1,45,19:00,45,19:00,0,1,,,0.0,false,14.8,230.29251899793937,false
1,45,19:00,46,19:15,1,1,,,0.0,false,14.8,230.29251899793937,false
1,45,19:00,47,19:30,2,1,,,0.0,false,14.8,230.29251899793937,false
1,45,19:00,48,19:45,3,1,,,0.0,false,14.8,230.29251899793937,false
1,45,19:00,49,20:00,4,1,,,0.0,false,14.8,230.29251899793937,false
1,45,19:00,50,20:15,5,1,,,0.0,false,14.8,230.29251899793937,false
1,45,19:00,51,20:30,6,1,,,0.0,false,14.8,230.29251899793937,false
1,45,19:00,52,20:45,7,1,,,0.0,false,14.8,230.29251899793937,false
1,45,19:00,53,21:00,8,1,,,0.0,false,14.8,230.75424459919228,false
1,45,19:00,54,21:15,9,1,,,0.0,false,14.8,231.21597020044518,false
1,45,19:00,55,21:30,10,1,,,0.0,false,14.8,231.6776958016981,false
1,45,19:00,56,21:45,11,1,,,0.0,false,14.8,232.139421402951,false
1,45,19:00,57,22:00,12,1,,,0.0,false,14.8,232.6011470042039,false
1,45,19:00,58,22:15,13,1,,,0.0,false,14.8,233.06287260545685,false
1,45,19:00,59,22:30,14,1,,,0.0,false,14.8,233.52459820670975,false
1,45,19:00,60,22:45,15,1,,,0.0,false,14.8,233.98632380796266,false
1,45,19:00,61,23:00,16,1,,,0.0,false,14.8,234.3013295574011,false
1,45,19:00,62,23:15,17,1,,,0.0,false,14.8,234.763055158654,false
1,45,19:00,63,23:30,18,1,,,0.0,false,14.8,235.2247807599069,false
1,45,19:00,64,23:45,19,1,,,0.0,false,14.8,235.2247807599069,false
1,45,19:00,65,00:00,20,1,,,0.0,false,14.8,235.68650636115981,false
1,45,19:00,66,00:15,21,1,,,0.0,false,14.8,236.14823196241272,false
1,45,19:00,67,00:30,22,1,,,0.0,false,14.8,236.60995756366563,false
1,45,19:00,68,00:45,23,1,,,0.0,false,14.8,237.07168316491854,false
1,45,19:00,69,01:00,24,1,,,0.0,false,14.8,237.53340876617145,false
1,45,19:00,70,01:15,25,1,,,0.0,false,14.8,237.99513436742436,false
1,45,19:00,71,01:30,26,1,,,0.0,false,14.8,238.45685996867726,false
1,45,19:00,72,01:45,27,1,,,0.0,false,14.8,238.91858556993017,false
1,45,19:00,73,02:00,28,1,,,0.0,false,14.8,239.38031117118308,false
1,45,19:00,74,02:15,29,1,,,0.0,false,14.8,239.842036772436,false
1,45,19:00,75,02:30,30,1,,,0.0,false,14.8,240.3037623736889,false
1,45,19:00,76,02:45,31,1,,,0.0,false,14.8,240.7654879749418,false
1,45,19:00,77,03:00,32,1,,,0.0,false,14.8,241.2272135761947,false
1,45,19:00,78,03:15,33,1,,,0.0,false,14.8,241.68893917744762,false
1,45,19:00,79,03:30,34,1,,,0.0,false,14.8,242.15066477870053,false
1,45,19:00,80,03:45,35,1,,,0.0,false,14.8,242.61239037995344,false
1,45,19:00,81,04:00,36,1,,,0.0,false,14.8,243.07411598120635,false
1,45,19:00,82,04:15,37,1,,,0.0,false,14.8,243.53584158245926,false
1,45,19:00,83,04:30,38,1,,,0.0,false,14.8,243.9975671837122,false
1,45,19:00,84,04:45,39,1,,,0.0,false,14.8,244.4592927849651,false
1,45,19:00,85,05:00,40,1,,,0.0,false,14.8,244.921018386218,false
1,45,19:00,86,05:15,41,1,,,0.0,false,14.8,245.38274398747092,false
1,45,19:00,87,05:30,42,1,,,0.0,false,14.8,245.84446958872383,false
1,45,19:00,88,05:45,43,1,,,0.0,false,14.8,246.30619518997673,false
1,45,19:00,89,06:00,44,1,,,0.0,false,14.8,246.76792079122964,false
1,45,19:00,90,06:15,45,1,,,0.0,false,14.8,247.22964639248255,false
1,45,19:00,91,06:30,46,1,,,0.0,false,14.8,247.69137199373546,false
1,45,19:00,92,06:45,47,1,,,0.0,false,14.8,248.15309759498837,false
1,45,19:00,93,07:00,48,1,,,0.0,false,14.8,248.61482319624128,false
1,45,19:00,94,07:15,49,1,,,0.0,false,14.8,249.07654879749418,false
1,45,19:00,95,07:30,50,1,,,0.0,false,14.8,249.5382743987471,false
1,45,19:00,96,07:45,51,1,,,0.0,false,14.8,250.0,false
1,46,19:15,46,19:15,0,1,,,0.0,false,14.8,230.29251899793937,false
1,46,19:15,47,19:30,1,1,,,0.0,false,14.8,230.29251899793937,false
1,46,19:15,48,19:45,2,1,,,0.0,false,14.8,230.29251899793937,false
1,46,19:15,49,20:00,3,1,,,0.0,false,14.8,230.29251899793937,false
1,46,19:15,50,20:15,4,1,,,0.0,false,14.8,230.29251899793937,false
1,46,19:15,51,20:30,5,1,,,0.0,false,14.8,230.29251899793937,false
1,46,19:15,52,20:45,6,1,,,0.0,false,14.8,230.29251899793937,false
1,46,19:15,53,21:00,7,1,,,0.0,false,14.8,230.75424459919228,false
1,46,19:15,54,21:15,8,1,,,0.0,false,14.8,231.21597020044518,false
1,46,19:15,55,21:30,9,1,,,0.0,false,14.8,231.6776958016981,false
1,46,19:15,56,21:45,10,1,,,0.0,false,14.8,232.13942140295103,false
1,46,19:15,57,22:00,11,1,,,0.0,false,14.8,232.60114700420394,false
1,46,19:15,58,22:15,12,1,,,0.0,false,14.8,233.06287260545685,false
1,46,19:15,59,22:30,13,1,,,0.0,false,14.8,233.52459820670975,false
1,46,19:15,60,22:45,14,1,,,0.0,false,14.8,233.98632380796266,false
1,46,19:15,61,23:00,15,1,,,0.0,false,14.8,234.3013295574011,false
1,46,19:15,62,23:15,16,1,,,0.0,false,14.8,234.763055158654,false
1,46,19:15,63,23:30,17,1,,,0.0,false,14.8,235.2247807599069,false
1,46,19:15,64,23:45,18,1,,,0.0,false,14.8,235.2247807599069,false
1,46,19:15,65,00:00,19,1,,,0.0,false,14.8,235.68650636115981,false
1,46,19:15,66,00:15,20,1,,,0.0,false,14.8,236.14823196241272,false
1,46,19:15,67,00:30,21,1,,,0.0,false,14.8,236.60995756366563,false
1,46,19:15,68,00:45,22,1,,,0.0,false,14.8,237.07168316491854,false
1,46,19:15,69,01:00,23,1,,,0.0,false,14.8,237.53340876617145,false
1,46,19:15,70,01:15,24,1,,,0.0,false,14.8,237.99513436742436,false
1,46,19:15,71,01:30,25,1,,,0.0,false,14.8,238.45685996867726,false
1,46,19:15,72,01:45,26,1,,,0.0,false,14.8,238.91858556993017,false
1,46,19:15,73,02:00,27,1,,,0.0,false,14.8,239.38031117118308,false
1,46,19:15,74,02:15,28,1,,,0.0,false,14.8,239.842036772436,false
1,46,19:15,75,02:30,29,1,,,0.0,false,14.8,240.3037623736889,false
1,46,19:15,76,02:45,30,1,,,0.0,false,14.8,240.7654879749418,false
1,46,19:15,77,03:00,31,1,,,0.0,false,14.8,241.2272135761947,false
1,46,19:15,78,03:15,32,1,,,0.0,false,14.8,241.68893917744762,false
1,46,19:15,79,03:30,33,1,,,0.0,false,14.8,242.15066477870053,false
1,46,19:15,80,03:45,34,1,,,0.0,false,14.8,242.61239037995344,false
1,46,19:15,81,04:00,35,1,,,0.0,false,14.8,243.07411598120635,false
1,46,19:15,82,04:15,36,1,,,0.0,false,14.8,243.53584158245926,false
1,46,19:15,83,04:30,37,1,,,0.0,false,14.8,243.9975671837122,false
1,46,19:15,84,04:45,38,1,,,0.0,false,14.8,244.4592927849651,false
1,46,19:15,85,05:00,39,1,,,0.0,false,14.8,244.921018386218,false
1,46,19:15,86,05:15,40,1,,,0.0,false,14.8,245.38274398747092,false
1,46,19:15,87,05:30,41,1,,,0.0,false,14.8,245.84446958872383,false
1,46,19:15,88,05:45,42,1,,,0.0,false,14.8,246.30619518997673,false
1,46,19:15,89,06:00,43,1,,,0.0,false,14.8,246.76792079122964,false
1,46,19:15,90,06:15,44,1,,,0.0,false,14.8,247.22964639248255,false
1,46,19:15,91,06:30,45,1,,,0.0,false,14.8,247.69137199373546,false
1,46,19:15,92,06:45,46,1,,,0.0,false,14.8,248.15309759498837,false
1,46,19:15,93,07:00,47,1,,,0.0,false,14.8,248.61482319624128,false
1,46,19:15,94,07:15,48,1,,,0.0,false,14.8,249.07654879749418,false
1,46,19:15,95,07:30,49,1,,,0.0,false,14.8,249.5382743987471,false
1,46,19:15,96,07:45,50,1,,,0.0,false,14.8,250.0,false
1,47,19:30,47,19:30,0,1,,,0.0,false,14.8,230.29251899793937,false
1,47,19:30,48,19:45,1,1,,,0.0,false,14.8,230.29251899793937,false
1,47,19:30,49,20:00,2,1,,,0.0,false,14.8,230.29251899793937,false
1,47,19:30,50,20:15,3,1,,,0.0,false,14.8,230.29251899793937,false
1,47,19:30,51,20:30,4,1,,,0.0,false,14.8,230.29251899793937,false
1,47,19:30,52,20:45,5,1,,,0.0,false,14.8,230.29251899793937,false
1,47,19:30,53,21:00,6,1,,,0.0,false,14.8,230.75424459919228,false
1,47,19:30,54,21:15,7,1,,,0.0,false,14.8,231.21597020044518,false
1,47,19:30,55,21:30,8,1,,,0.0,false,14.8,231.6776958016981,false
1,47,19:30,56,21:45,9,1,,,0.0,false,14.8,232.139421402951,false
1,47,19:30,57,22:00,10,1,,,0.0,false,14.8,232.6011470042039,false
1,47,19:30,58,22:15,11,1,,,0.0,false,14.8,233.06287260545685,false
1,47,19:30,59,22:30,12,1,,,0.0,false,14.8,233.52459820670975,false
1,47,19:30,60,22:45,13,1,,,0.0,false,14.8,233.98632380796266,false
1,47,19:30,61,23:00,14,1,,,0.0,false,14.8,234.3013295574011,false
1,47,19:30,62,23:15,15,1,,,0.0,false,14.8,234.763055158654,false
1,47,19:30,63,23:30,16,1,,,0.0,false,14.8,235.2247807599069,false
1,47,19:30,64,23:45,17,1,,,0.0,false,14.8,235.2247807599069,false
1,47,19:30,65,00:00,18,1,,,0.0,false,14.8,235.68650636115981,false
1,47,19:30,66,00:15,19,1,,,0.0,false,14.8,236.14823196241272,false
1,47,19:30,67,00:30,20,1,,,0.0,false,14.8,236.60995756366563,false
1,47,19:30,68,00:45,21,1,,,0.0,false,14.8,237.07168316491854,false
1,47,19:30,69,01:00,22,1,,,0.0,false,14.8,237.53340876617145,false
1,47,19:30,70,01:15,23,1,,,0.0,false,14.8,237.99513436742436,false
1,47,19:30,71,01:30,24,1,,,0.0,false,14.8,238.45685996867726,false
1,47,19:30,72,01:45,25,1,,,0.0,false,14.8,238.91858556993017,false
1,47,19:30,73,02:00,26,1,,,0.0,false,14.8,239.38031117118308,false
1,47,19:30,74,02:15,27,1,,,0.0,false,14.8,239.842036772436,false
1,47,19:30,75,02:30,28,1,,,0.0,false,14.8,240.3037623736889,false
1,47,19:30,76,02:45,29,1,,,0.0,false,14.8,240.7654879749418,false
1,47,19:30,77,03:00,30,1,,,0.0,false,14.8,241.2272135761947,false
1,47,19:30,78,03:15,31,1,,,0.0,false,14.8,241.68893917744762,false
1,47,19:30,79,03:30,32,1,,,0.0,false,14.8,242.15066477870053,false
1,47,19:30,80,03:45,33,1,,,0.0,false,14.8,242.61239037995344,false
1,47,19:30,81,04:00,34,1,,,0.0,false,14.8,243.07411598120635,false
1,47,19:30,82,04:15,35,1,,,0.0,false,14.8,243.53584158245926,false
1,47,19:30,83,04:30,36,1,,,0.0,false,14.8,243.9975671837122,false
1,47,19:30,84,04:45,37,1,,,0.0,false,14.8,244.4592927849651,false
1,47,19:30,85,05:00,38,1,,,0.0,false,14.8,244.921018386218,false
1,47,19:30,86,05:15,39,1,,,0.0,false,14.8,245.38274398747092,false
1,47,19:30,87,05:30,40,1,,,0.0,false,14.8,245.84446958872383,false
1,47,19:30,88,05:45,41,1,,,0.0,false,14.8,246.30619518997673,false
1,47,19:30,89,06:00,42,1,,,0.0,false,14.8,246.76792079122964,false
1,47,19:30,90,06:15,43,1,,,0.0,false,14.8,247.22964639248255,false
1,47,19:30,91,06:30,44,1,,,0.0,false,14.8,247.69137199373546,false
1,47,19:30,92,06:45,45,1,,,0.0,false,14.8,248.15309759498837,false
1,47,19:30,93,07:00,46,1,,,0.0,false,14.8,248.61482319624128,false
1,47,19:30,94,07:15,47,1,,,0.0,false,14.8,249.07654879749418,false
1,47,19:30,95,07:30,48,1,,,0.0,false,14.8,249.5382743987471,false
1,47,19:30,96,07:45,49,1,,,0.0,false,14.8,250.0,false
1,48,19:45,48,19:45,0,1,,,0.0,false,14.8,230.29251899793937,false
1,48,19:45,49,20:00,1,1,,,0.0,false,14.8,230.29251899793937,false
1,48,19:45,50,20:15,2,1,,,0.0,false,14.8,230.29251899793937,false
1,48,19:45,51,20:30,3,1,,,0.0,false,14.8,230.29251899793937,false
1,48,19:45,52,20:45,4,1,,,0.0,false,14.8,230.29251899793937,false
1,48,19:45,53,21:00,5,1,,,0.0,false,14.8,230.75424459919228,false
1,48,19:45,54,21:15,6,1,,,0.0,false,14.8,231.21597020044518,false
1,48,19:45,55,21:30,7,1,,,0.0,false,14.8,231.6776958016981,false
1,48,19:45,56,21:45,8,1,,,0.0,false,14.8,232.13942140295103,false
1,48,19:45,57,22:00,9,1,,,0.0,false,14.8,232.60114700420394,false
1,48,19:45,58,22:15,10,1,,,0.0,false,14.8,233.06287260545685,false
1,48,19:45,59,22:30,11,1,,,0.0,false,14.8,233.52459820670975,false
1,48,19:45,60,22:45,12,1,,,0.0,false,14.8,233.98632380796266,false
1,48,19:45,61,23:00,13,1,,,0.0,false,14.8,234.3013295574011,false
1,48,19:45,62,23:15,14,1,,,0.0,false,14.8,234.763055158654,false
1,48,19:45,63,23:30,15,1,,,0.0,false,14.8,235.2247807599069,false
1,48,19:45,64,23:45,16,1,,,0.0,false,14.8,235.2247807599069,false
1,48,19:45,65,00:00,17,1,,,0.0,false,14.8,235.68650636115981,false
1,48,19:45,66,00:15,18,1,,,0.0,false,14.8,236.14823196241272,false
1,48,19:45,67,00:30,19,1,,,0.0,false,14.8,236.60995756366563,false
1,48,19:45,68,00:45,20,1,,,0.0,false,14.8,237.07168316491854,false
1,48,19:45,69,01:00,21,1,,,0.0,false,14.8,237.53340876617145,false
1,48,19:45,70,01:15,22,1,,,0.0,false,14.8,237.99513436742436,false
1,48,19:45,71,01:30,23,1,,,0.0,false,14.8,238.45685996867726,false
1,48,19:45,72,01:45,24,1,,,0.0,false,14.8,238.91858556993017,false
1,48,19:45,73,02:00,25,1,,,0.0,false,14.8,239.38031117118308,false
1,48,19:45,74,02:15,26,1,,,0.0,false,14.8,239.842036772436,false
1,48,19:45,75,02:30,27,1,,,0.0,false,14.8,240.3037623736889,false
1,48,19:45,76,02:45,28,1,,,0.0,false,14.8,240.7654879749418,false
1,48,19:45,77,03:00,29,1,,,0.0,false,14.8,241.2272135761947,false
1,48,19:45,78,03:15,30,1,,,0.0,false,14.8,241.68893917744762,false
1,48,19:45,79,03:30,31,1,,,0.0,false,14.8,242.15066477870053,false
1,48,19:45,80,03:45,32,1,,,0.0,false,14.8,242.61239037995344,false
1,48,19:45,81,04:00,33,1,,,0.0,false,14.8,243.07411598120635,false
1,48,19:45,82,04:15,34,1,,,0.0,false,14.8,243.53584158245926,false
1,48,19:45,83,04:30,35,1,,,0.0,false,14.8,243.9975671837122,false
1,48,19:45,84,04:45,36,1,,,0.0,false,14.8,244.4592927849651,false
1,48,19:45,85,05:00,37,1,,,0.0,false,14.8,244.921018386218,false
1,48,19:45,86,05:15,38,1,,,0.0,false,14.8,245.38274398747092,false
1,48,19:45,87,05:30,39,1,,,0.0,false,14.8,245.84446958872383,false
1,48,19:45,88,05:45,40,1,,,0.0,false,14.8,246.30619518997673,false
1,48,19:45,89,06:00,41,1,,,0.0,false,14.8,246.76792079122964,false
1,48,19:45,90,06:15,42,1,,,0.0,false,14.8,247.22964639248255,false
1,48,19:45,91,06:30,43,1,,,0.0,false,14.8,247.69137199373546,false
1,48,19:45,92,06:45,44,1,,,0.0,false,14.8,248.15309759498837,false
1,48,19:45,93,07:00,45,1,,,0.0,false,14.8,248.61482319624128,false
1,48,19:45,94,07:15,46,1,,,0.0,false,14.8,249.07654879749418,false
1,48,19:45,95,07:30,47,1,,,0.0,false,14.8,249.5382743987471,false
1,48,19:45,96,07:45,48,1,,,0.0,false,14.8,250.0,false
1,49,20:00,49,20:00,0,1,,,0.0,false,14.8,230.29251899793937,false
1,49,20:00,50,20:15,1,1,,,0.0,false,14.8,230.29251899793937,false
1,49,20:00,51,20:30,2,1,,,0.0,false,14.8,230.29251899793937,false
1,49,20:00,52,20:45,3,1,,,0.0,false,14.8,230.29251899793937,false
1,49,20:00,53,21:00,4,1,,,0.0,false,14.8,230.75424459919228,false
1,49,20:00,54,21:15,5,1,,,0.0,false,14.8,231.21597020044518,false
1,49,20:00,55,21:30,6,1,,,0.0,false,14.8,231.6776958016981,false
1,49,20:00,56,21:45,7,1,,,0.0,false,14.8,232.139421402951,false
1,49,20:00,57,22:00,8,1,,,0.0,false,14.8,232.6011470042039,false
1,49,20:00,58,22:15,9,1,,,0.0,false,14.8,233.06287260545685,false
1,49,20:00,59,22:30,10,1,,,0.0,false,14.8,233.52459820670975,false
1,49,20:00,60,22:45,11,1,,,0.0,false,14.8,233.98632380796266,false
1,49,20:00,61,23:00,12,1,,,0.0,false,14.8,234.3013295574011,false
1,49,20:00,62,23:15,13,1,,,0.0,false,14.8,234.763055158654,false
1,49,20:00,63,23:30,14,1,,,0.0,false,14.8,235.2247807599069,false
1,49,20:00,64,23:45,15,1,,,0.0,false,14.8,235.2247807599069,false
1,49,20:00,65,00:00,16,1,,,0.0,false,14.8,235.68650636115981,false
1,49,20:00,66,00:15,17,1,,,0.0,false,14.8,236.14823196241272,false
1,49,20:00,67,00:30,18,1,,,0.0,false,14.8,236.60995756366563,false
1,49,20:00,68,00:45,19,1,,,0.0,false,14.8,237.07168316491854,false
1,49,20:00,69,01:00,20,1,,,0.0,false,14.8,237.53340876617145,false
1,49,20:00,70,01:15,21,1,,,0.0,false,14.8,237.99513436742436,false
1,49,20:00,71,01:30,22,1,,,0.0,false,14.8,238.45685996867726,false
1,49,20:00,72,01:45,23,1,,,0.0,false,14.8,238.91858556993017,false
1,49,20:00,73,02:00,24,1,,,0.0,false,14.8,239.38031117118308,false
1,49,20:00,74,02:15,25,1,,,0.0,false,14.8,239.842036772436,false
1,49,20:00,75,02:30,26,1,,,0.0,false,14.8,240.3037623736889,false
1,49,20:00,76,02:45,27,1,,,0.0,false,14.8,240.7654879749418,false
1,49,20:00,77,03:00,28,1,,,0.0,false,14.8,241.2272135761947,false
1,49,20:00,78,03:15,29,1,,,0.0,false,14.8,241.68893917744762,false
1,49,20:00,79,03:30,30,1,,,0.0,false,14.8,242.15066477870053,false
1,49,20:00,80,03:45,31,1,,,0.0,false,14.8,242.61239037995344,false
1,49,20:00,81,04:00,32,1,,,0.0,false,14.8,243.07411598120635,false
1,49,20:00,82,04:15,33,1,,,0.0,false,14.8,243.53584158245926,false
1,49,20:00,83,04:30,34,1,,,0.0,false,14.8,243.9975671837122,false
1,49,20:00,84,04:45,35,1,,,0.0,false,14.8,244.4592927849651,false
1,49,20:00,85,05:00,36,1,,,0.0,false,14.8,244.921018386218,false
1,49,20:00,86,05:15,37,1,,,0.0,false,14.8,245.38274398747092,false
1,49,20:00,87,05:30,38,1,,,0.0,false,14.8,245.84446958872383,false
1,49,20:00,88,05:45,39,1,,,0.0,false,14.8,246.30619518997673,false
1,49,20:00,89,06:00,40,1,,,0.0,false,14.8,246.76792079122964,false
1,49,20:00,90,06:15,41,1,,,0.0,false,14.8,247.22964639248255,false
1,49,20:00,91,06:30,42,1,,,0.0,false,14.8,247.69137199373546,false
1,49,20:00,92,06:45,43,1,,,0.0,false,14.8,248.15309759498837,false
1,49,20:00,93,07:00,44,1,,,0.0,false,14.8,248.61482319624128,false
1,49,20:00,94,07:15,45,1,,,0.0,false,14.8,249.07654879749418,false
1,49,20:00,95,07:30,46,1,,,0.0,false,14.8,249.5382743987471,false
1,49,20:00,96,07:45,47,1,,,0.0,false,14.8,250.0,false
1,50,20:15,50,20:15,0,1,,,0.0,false,14.8,230.29251899793937,false
1,50,20:15,51,20:30,1,1,,,0.0,false,14.8,230.29251899793937,false
1,50,20:15,52,20:45,2,1,,,0.0,false,14.8,230.29251899793937,false
1,50,20:15,53,21:00,3,1,,,0.0,false,14.8,230.75424459919228,false
1,50,20:15,54,21:15,4,1,,,0.0,false,14.8,231.21597020044518,false
1,50,20:15,55,21:30,5,1,,,0.0,false,14.8,231.6776958016981,false
1,50,20:15,56,21:45,6,1,,,0.0,false,14.8,232.13942140295103,false
1,50,20:15,57,22:00,7,1,,,0.0,false,14.8,232.60114700420394,false
1,50,20:15,58,22:15,8,1,,,0.0,false,14.8,233.06287260545685,false
1,50,20:15,59,22:30,9,1,,,0.0,false,14.8,233.52459820670975,false
1,50,20:15,60,22:45,10,1,,,0.0,false,14.8,233.98632380796266,false
1,50,20:15,61,23:00,11,1,,,0.0,false,14.8,234.3013295574011,false
1,50,20:15,62,23:15,12,1,,,0.0,false,14.8,234.763055158654,false
1,50,20:15,63,23:30,13,1,,,0.0,false,14.8,235.2247807599069,false
1,50,20:15,64,23:45,14,1,,,0.0,false,14.8,235.2247807599069,false
1,50,20:15,65,00:00,15,1,,,0.0,false,14.8,235.68650636115981,false
1,50,20:15,66,00:15,16,1,,,0.0,false,14.8,236.14823196241272,false
1,50,20:15,67,00:30,17,1,,,0.0,false,14.8,236.60995756366563,false
1,50,20:15,68,00:45,18,1,,,0.0,false,14.8,237.07168316491854,false
1,50,20:15,69,01:00,19,1,,,0.0,false,14.8,237.53340876617145,false
1,50,20:15,70,01:15,20,1,,,0.0,false,14.8,237.99513436742436,false
1,50,20:15,71,01:30,21,1,,,0.0,false,14.8,238.45685996867726,false
1,50,20:15,72,01:45,22,1,,,0.0,false,14.8,238.91858556993017,false
1,50,20:15,73,02:00,23,1,,,0.0,false,14.8,239.38031117118308,false
1,50,20:15,74,02:15,24,1,,,0.0,false,14.8,239.842036772436,false
1,50,20:15,75,02:30,25,1,,,0.0,false,14.8,240.3037623736889,false
1,50,20:15,76,02:45,26,1,,,0.0,false,14.8,240.7654879749418,false
1,50,20:15,77,03:00,27,1,,,0.0,false,14.8,241.2272135761947,false
1,50,20:15,78,03:15,28,1,,,0.0,false,14.8,241.68893917744762,false
1,50,20:15,79,03:30,29,1,,,0.0,false,14.8,242.15066477870053,false
1,50,20:15,80,03:45,30,1,,,0.0,false,14.8,242.61239037995344,false
1,50,20:15,81,04:00,31,1,,,0.0,false,14.8,243.07411598120635,false
1,50,20:15,82,04:15,32,1,,,0.0,false,14.8,243.53584158245926,false
1,50,20:15,83,04:30,33,1,,,0.0,false,14.8,243.9975671837122,false
1,50,20:15,84,04:45,34,1,,,0.0,false,14.8,244.4592927849651,false
1,50,20:15,85,05:00,35,1,,,0.0,false,14.8,244.921018386218,false
1,50,20:15,86,05:15,36,1,,,0.0,false,14.8,245.38274398747092,false
1,50,20:15,87,05:30,37,1,,,0.0,false,14.8,245.84446958872383,false
1,50,20:15,88,05:45,38,1,,,0.0,false,14.8,246.30619518997673,false
1,50,20:15,89,06:00,39,1,,,0.0,false,14.8,246.76792079122964,false
1,50,20:15,90,06:15,40,1,,,0.0,false,14.8,247.22964639248255,false
1,50,20:15,91,06:30,41,1,,,0.0,false,14.8,247.69137199373546,false
1,50,20:15,92,06:45,42,1,,,0.0,false,14.8,248.15309759498837,false
1,50,20:15,93,07:00,43,1,,,0.0,false,14.8,248.61482319624128,false
1,50,20:15,94,07:15,44,1,,,0.0,false,14.8,249.07654879749418,false
1,50,20:15,95,07:30,45,1,,,0.0,false,14.8,249.5382743987471,false
1,50,20:15,96,07:45,46,1,,,0.0,false,14.8,250.0,false
1,51,20:30,51,20:30,0,1,,,0.0,false,14.8,230.29251899793937,false
1,51,20:30,52,20:45,1,1,,,0.0,false,14.8,230.29251899793937,false
1,51,20:30,53,21:00,2,1,,,0.0,false,14.8,230.75424459919228,false
1,51,20:30,54,21:15,3,1,,,0.0,false,14.8,231.21597020044518,false
1,51,20:30,55,21:30,4,1,,,0.0,false,14.8,231.6776958016981,false
1,51,20:30,56,21:45,5,1,,,0.0,false,14.8,232.139421402951,false
1,51,20:30,57,22:00,6,1,,,0.0,false,14.8,232.6011470042039,false
1,51,20:30,58,22:15,7,1,,,0.0,false,14.8,233.06287260545682,false
1,51,20:30,59,22:30,8,1,,,0.0,false,14.8,233.52459820670973,false
1,51,20:30,60,22:45,9,1,,,0.0,false,14.8,233.98632380796263,false
1,51,20:30,61,23:00,10,1,,,0.0,false,14.8,234.30132955740106,false
1,51,20:30,62,23:15,11,1,,,0.0,false,14.8,234.76305515865397,false
1,51,20:30,63,23:30,12,1,,,0.0,false,14.8,235.22478075990688,false
1,51,20:30,64,23:45,13,1,,,0.0,false,14.8,235.22478075990688,false
1,51,20:30,65,00:00,14,1,,,0.0,false,14.8,235.6865063611598,false
1,51,20:30,66,00:15,15,1,,,0.0,false,14.8,236.1482319624127,false
1,51,20:30,67,00:30,16,1,,,0.0,false,14.8,236.60995756366563,false
1,51,20:30,68,00:45,17,1,,,0.0,false,14.8,237.07168316491854,false
1,51,20:30,69,01:00,18,1,,,0.0,false,14.8,237.53340876617145,false
1,51,20:30,70,01:15,19,1,,,0.0,false,14.8,237.99513436742436,false
1,51,20:30,71,01:30,20,1,,,0.0,false,14.8,238.45685996867726,false
1,51,20:30,72,01:45,21,1,,,0.0,false,14.8,238.91858556993017,false
1,51,20:30,73,02:00,22,1,,,0.0,false,14.8,239.38031117118308,false
1,51,20:30,74,02:15,23,1,,,0.0,false,14.8,239.842036772436,false
1,51,20:30,75,02:30,24,1,,,0.0,false,14.8,240.3037623736889,false
1,51,20:30,76,02:45,25,1,,,0.0,false,14.8,240.7654879749418,false
1,51,20:30,77,03:00,26,1,,,0.0,false,14.8,241.2272135761947,false
1,51,20:30,78,03:15,27,1,,,0.0,false,14.8,241.68893917744762,false
1,51,20:30,79,03:30,28,1,,,0.0,false,14.8,242.15066477870053,false
1,51,20:30,80,03:45,29,1,,,0.0,false,14.8,242.61239037995344,false
1,51,20:30,81,04:00,30,1,,,0.0,false,14.8,243.07411598120635,false
1,51,20:30,82,04:15,31,1,,,0.0,false,14.8,243.53584158245926,false
1,51,20:30,83,04:30,32,1,,,0.0,false,14.8,243.9975671837122,false
1,51,20:30,84,04:45,33,1,,,0.0,false,14.8,244.4592927849651,false
1,51,20:30,85,05:00,34,1,,,0.0,false,14.8,244.921018386218,false
1,51,20:30,86,05:15,35,1,,,0.0,false,14.8,245.38274398747092,false
1,51,20:30,87,05:30,36,1,,,0.0,false,14.8,245.84446958872383,false
1,51,20:30,88,05:45,37,1,,,0.0,false,14.8,246.30619518997673,false
1,51,20:30,89,06:00,38,1,,,0.0,false,14.8,246.76792079122964,false
1,51,20:30,90,06:15,39,1,,,0.0,false,14.8,247.22964639248255,false
1,51,20:30,91,06:30,40,1,,,0.0,false,14.8,247.69137199373546,false
1,51,20:30,92,06:45,41,1,,,0.0,false,14.8,248.15309759498837,false
1,51,20:30,93,07:00,42,1,,,0.0,false,14.8,248.61482319624128,false
1,51,20:30,94,07:15,43,1,,,0.0,false,14.8,249.07654879749418,false
1,51,20:30,95,07:30,44,1,,,0.0,false,14.8,249.5382743987471,false
1,51,20:30,96,07:45,45,1,,,0.0,false,14.8,250.0,false
1,52,20:45,52,20:45,0,1,,,0.0,false,14.8,230.29251899793937,false
1,52,20:45,53,21:00,1,1,,,0.0,false,14.8,230.75424459919228,false
1,52,20:45,54,21:15,2,1,,,0.0,false,14.8,231.21597020044518,false
1,52,20:45,55,21:30,3,1,,,0.0,false,14.8,231.6776958016981,false
1,52,20:45,56,21:45,4,1,,,0.0,false,14.8,232.139421402951,false
1,52,20:45,57,22:00,5,1,,,0.0,false,14.8,232.6011470042039,false
1,52,20:45,58,22:15,6,1,,,0.0,false,14.8,233.06287260545682,false
1,52,20:45,59,22:30,7,1,,,0.0,false,14.8,233.52459820670973,false
1,52,20:45,60,22:45,8,1,,,0.0,false,14.8,233.98632380796266,false
1,52,20:45,61,23:00,9,1,,,0.0,false,14.8,234.3013295574011,false
1,52,20:45,62,23:15,10,1,,,0.0,false,14.8,234.763055158654,false
1,52,20:45,63,23:30,11,1,,,0.0,false,14.8,235.2247807599069,false
1,52,20:45,64,23:45,12,1,,,0.0,false,14.8,235.2247807599069,false
1,52,20:45,65,00:00,13,1,,,0.0,false,14.8,235.68650636115981,false
1,52,20:45,66,00:15,14,1,,,0.0,false,14.8,236.14823196241272,false
1,52,20:45,67,00:30,15,1,,,0.0,false,14.8,236.60995756366563,false
1,52,20:45,68,00:45,16,1,,,0.0,false,14.8,237.07168316491854,false
1,52,20:45,69,01:00,17,1,,,0.0,false,14.8,237.53340876617145,false
1,52,20:45,70,01:15,18,1,,,0.0,false,14.8,237.99513436742436,false
1,52,20:45,71,01:30,19,1,,,0.0,false,14.8,238.45685996867726,false
1,52,20:45,72,01:45,20,1,,,0.0,false,14.8,238.91858556993017,false
1,52,20:45,73,02:00,21,1,,,0.0,false,14.8,239.38031117118308,false
1,52,20:45,74,02:15,22,1,,,0.0,false,14.8,239.842036772436,false
1,52,20:45,75,02:30,23,1,,,0.0,false,14.8,240.3037623736889,false
1,52,20:45,76,02:45,24,1,,,0.0,false,14.8,240.7654879749418,false
1,52,20:45,77,03:00,25,1,,,0.0,false,14.8,241.2272135761947,false
1,52,20:45,78,03:15,26,1,,,0.0,false,14.8,241.68893917744762,false
1,52,20:45,79,03:30,27,1,,,0.0,false,14.8,242.15066477870053,false
1,52,20:45,80,03:45,28,1,,,0.0,false,14.8,242.61239037995344,false
1,52,20:45,81,04:00,29,1,,,0.0,false,14.8,243.07411598120635,false
1,52,20:45,82,04:15,30,1,,,0.0,false,14.8,243.53584158245926,false
1,52,20:45,83,04:30,31,1,,,0.0,false,14.8,243.9975671837122,false
1,52,20:45,84,04:45,32,1,,,0.0,false,14.8,244.4592927849651,false
1,52,20:45,85,05:00,33,1,,,0.0,false,14.8,244.921018386218,false
1,52,20:45,86,05:15,34,1,,,0.0,false,14.8,245.38274398747092,false
1,52,20:45,87,05:30,35,1,,,0.0,false,14.8,245.84446958872383,false
1,52,20:45,88,05:45,36,1,,,0.0,false,14.8,246.30619518997673,false
1,52,20:45,89,06:00,37,1,,,0.0,false,14.8,246.76792079122964,false
1,52,20:45,90,06:15,38,1,,,0.0,false,14.8,247.22964639248255,false
1,52,20:45,91,06:30,39,1,,,0.0,false,14.8,247.69137199373546,false
1,52,20:45,92,06:45,40,1,,,0.0,false,14.8,248.15309759498837,false
1,52,20:45,93,07:00,41,1,,,0.0,false,14.8,248.61482319624128,false
1,52,20:45,94,07:15,42,1,,,0.0,false,14.8,249.07654879749418,false
1,52,20:45,95,07:30,43,1,,,0.0,false,14.8,249.5382743987471,false
1,52,20:45,96,07:45,44,1,,,0.0,false,14.8,250.0,false
1,53,21:00,53,21:00,0,1,,,0.0,false,14.8,230.75424459919228,false
1,53,21:00,54,21:15,1,1,,,0.0,false,14.8,231.21597020044518,false
1,53,21:00,55,21:30,2,1,,,0.0,false,14.8,231.6776958016981,false
1,53,21:00,56,21:45,3,1,,,0.0,false,14.8,232.139421402951,false
1,53,21:00,57,22:00,4,1,,,0.0,false,14.8,232.6011470042039,false
1,53,21:00,58,22:15,5,1,,,0.0,false,14.8,233.06287260545682,false
1,53,21:00,59,22:30,6,1,,,0.0,false,14.8,233.52459820670973,false
1,53,21:00,60,22:45,7,1,,,0.0,false,14.8,233.98632380796266,false
1,53,21:00,61,23:00,8,1,,,0.0,false,14.8,234.3013295574011,false
1,53,21:00,62,23:15,9,1,,,0.0,false,14.8,234.763055158654,false
1,53,21:00,63,23:30,10,1,,,0.0,false,14.8,235.2247807599069,false
1,53,21:00,64,23:45,11,1,,,0.0,false,14.8,235.2247807599069,false
1,53,21:00,65,00:00,12,1,,,0.0,false,14.8,235.68650636115981,false
1,53,21:00,66,00:15,13,1,,,0.0,false,14.8,236.14823196241272,false
1,53,21:00,67,00:30,14,1,,,0.0,false,14.8,236.60995756366563,false
1,53,21:00,68,00:45,15,1,,,0.0,false,14.8,237.07168316491854,false
1,53,21:00,69,01:00,16,1,,,0.0,false,14.8,237.53340876617145,false
1,53,21:00,70,01:15,17,1,,,0.0,false,14.8,237.99513436742436,false
1,53,21:00,71,01:30,18,1,,,0.0,false,14.8,238.45685996867726,false
1,53,21:00,72,01:45,19,1,,,0.0,false,14.8,238.91858556993017,false
1,53,21:00,73,02:00,20,1,,,0.0,false,14.8,239.38031117118308,false
1,53,21:00,74,02:15,21,1,,,0.0,false,14.8,239.842036772436,false
1,53,21:00,75,02:30,22,1,,,0.0,false,14.8,240.3037623736889,false
1,53,21:00,76,02:45,23,1,,,0.0,false,14.8,240.7654879749418,false
1,53,21:00,77,03:00,24,1,,,0.0,false,14.8,241.2272135761947,false
1,53,21:00,78,03:15,25,1,,,0.0,false,14.8,241.68893917744762,false
1,53,21:00,79,03:30,26,1,,,0.0,false,14.8,242.15066477870053,false
1,53,21:00,80,03:45,27,1,,,0.0,false,14.8,242.61239037995344,false
1,53,21:00,81,04:00,28,1,,,0.0,false,14.8,243.07411598120635,false
1,53,21:00,82,04:15,29,1,,,0.0,false,14.8,243.53584158245926,false
1,53,21:00,83,04:30,30,1,,,0.0,false,14.8,243.99756718371216,false
1,53,21:00,84,04:45,31,1,,,0.0,false,14.8,244.45929278496507,false
1,53,21:00,85,05:00,32,1,,,0.0,false,14.8,244.921018386218,false
1,53,21:00,86,05:15,33,1,,,0.0,false,14.8,245.38274398747092,false
1,53,21:00,87,05:30,34,1,,,0.0,false,14.8,245.84446958872383,false
1,53,21:00,88,05:45,35,1,,,0.0,false,14.8,246.30619518997673,false
1,53,21:00,89,06:00,36,1,,,0.0,false,14.8,246.76792079122964,false
1,53,21:00,90,06:15,37,1,,,0.0,false,14.8,247.22964639248255,false
1,53,21:00,91,06:30,38,1,,,0.0,false,14.8,247.69137199373546,false
1,53,21:00,92,06:45,39,1,,,0.0,false,14.8,248.15309759498837,false
1,53,21:00,93,07:00,40,1,,,0.0,false,14.8,248.61482319624128,false
1,53,21:00,94,07:15,41,1,,,0.0,false,14.8,249.07654879749418,false
1,53,21:00,95,07:30,42,1,,,0.0,false,14.8,249.5382743987471,false
1,53,21:00,96,07:45,43,1,,,0.0,false,14.8,250.0,false
1,54,21:15,54,21:15,0,1,,,0.0,false,14.8,231.21597020044518,false
1,54,21:15,55,21:30,1,1,,,0.0,false,14.8,231.6776958016981,false
1,54,21:15,56,21:45,2,1,,,0.0,false,14.8,232.139421402951,false
1,54,21:15,57,22:00,3,1,,,0.0,false,14.8,232.6011470042039,false
1,54,21:15,58,22:15,4,1,,,0.0,false,14.8,233.06287260545685,false
1,54,21:15,59,22:30,5,1,,,0.0,false,14.8,233.52459820670975,false
1,54,21:15,60,22:45,6,1,,,0.0,false,14.8,233.98632380796266,false
1,54,21:15,61,23:00,7,1,,,0.0,false,14.8,234.3013295574011,false
1,54,21:15,62,23:15,8,1,,,0.0,false,14.8,234.763055158654,false
1,54,21:15,63,23:30,9,1,,,0.0,false,14.8,235.2247807599069,false
1,54,21:15,64,23:45,10,1,,,0.0,false,14.8,235.2247807599069,false
1,54,21:15,65,00:00,11,1,,,0.0,false,14.8,235.68650636115981,false
1,54,21:15,66,00:15,12,1,,,0.0,false,14.8,236.14823196241272,false
1,54,21:15,67,00:30,13,1,,,0.0,false,14.8,236.60995756366563,false
1,54,21:15,68,00:45,14,1,,,0.0,false,14.8,237.07168316491854,false
1,54,21:15,69,01:00,15,1,,,0.0,false,14.8,237.53340876617145,false
1,54,21:15,70,01:15,16,1,,,0.0,false,14.8,237.99513436742436,false
1,54,21:15,71,01:30,17,1,,,0.0,false,14.8,238.45685996867726,false
1,54,21:15,72,01:45,18,1,,,0.0,false,14.8,238.91858556993017,false
1,54,21:15,73,02:00,19,1,,,0.0,false,14.8,239.38031117118308,false
1,54,21:15,74,02:15,20,1,,,0.0,false,14.8,239.842036772436,false
1,54,21:15,75,02:30,21,1,,,0.0,false,14.8,240.3037623736889,false
1,54,21:15,76,02:45,22,1,,,0.0,false,14.8,240.7654879749418,false
1,54,21:15,77,03:00,23,1,,,0.0,false,14.8,241.2272135761947,false
1,54,21:15,78,03:15,24,1,,,0.0,false,14.8,241.68893917744762,false
1,54,21:15,79,03:30,25,1,,,0.0,false,14.8,242.15066477870053,false
1,54,21:15,80,03:45,26,1,,,0.0,false,14.8,242.61239037995344,false
1,54,21:15,81,04:00,27,1,,,0.0,false,14.8,243.07411598120635,false
1,54,21:15,82,04:15,28,1,,,0.0,false,14.8,243.53584158245926,false
1,54,21:15,83,04:30,29,1,,,0.0,false,14.8,243.99756718371216,false
1,54,21:15,84,04:45,30,1,,,0.0,false,14.8,244.45929278496507,false
1,54,21:15,85,05:00,31,1,,,0.0,false,14.8,244.92101838621798,false
1,54,21:15,86,05:15,32,1,,,0.0,false,14.8,245.3827439874709,false
1,54,21:15,87,05:30,33,1,,,0.0,false,14.8,245.8444695887238,false
1,54,21:15,88,05:45,34,1,,,0.0,false,14.8,246.3061951899767,false
1,54,21:15,89,06:00,35,1,,,0.0,false,14.8,246.76792079122964,false
1,54,21:15,90,06:15,36,1,,,0.0,false,14.8,247.22964639248255,false
1,54,21:15,91,06:30,37,1,,,0.0,false,14.8,247.69137199373546,false
1,54,21:15,92,06:45,38,1,,,0.0,false,14.8,248.15309759498837,false
1,54,21:15,93,07:00,39,1,,,0.0,false,14.8,248.61482319624128,false
1,54,21:15,94,07:15,40,1,,,0.0,false,14.8,249.07654879749418,false
1,54,21:15,95,07:30,41,1,,,0.0,false,14.8,249.5382743987471,false
1,54,21:15,96,07:45,42,1,,,0.0,false,14.8,250.0,false
1,55,21:30,55,21:30,0,1,,,0.0,false,14.8,231.6776958016981,false
1,55,21:30,56,21:45,1,1,,,0.0,false,14.8,232.139421402951,false
1,55,21:30,57,22:00,2,1,,,0.0,false,14.8,232.6011470042039,false
1,55,21:30,58,22:15,3,1,,,0.0,false,14.8,233.06287260545685,false
1,55,21:30,59,22:30,4,1,,,0.0,false,14.8,233.52459820670975,false
1,55,21:30,60,22:45,5,1,,,0.0,false,14.8,233.98632380796266,false
1,55,21:30,61,23:00,6,1,,,0.0,false,14.8,234.3013295574011,false
1,55,21:30,62,23:15,7,1,,,0.0,false,14.8,234.763055158654,false
1,55,21:30,63,23:30,8,1,,,0.0,false,14.8,235.2247807599069,false
1,55,21:30,64,23:45,9,1,,,0.0,false,14.8,235.2247807599069,false
1,55,21:30,65,00:00,10,1,,,0.0,false,14.8,235.68650636115981,false
1,55,21:30,66,00:15,11,1,,,0.0,false,14.8,236.14823196241272,false
1,55,21:30,67,00:30,12,1,,,0.0,false,14.8,236.60995756366563,false
1,55,21:30,68,00:45,13,1,,,0.0,false,14.8,237.07168316491854,false
1,55,21:30,69,01:00,14,1,,,0.0,false,14.8,237.53340876617145,false
1,55,21:30,70,01:15,15,1,,,0.0,false,14.8,237.99513436742436,false
1,55,21:30,71,01:30,16,1,,,0.0,false,14.8,238.45685996867726,false
1,55,21:30,72,01:45,17,1,,,0.0,false,14.8,238.91858556993017,false
1,55,21:30,73,02:00,18,1,,,0.0,false,14.8,239.38031117118308,false
1,55,21:30,74,02:15,19,1,,,0.0,false,14.8,239.842036772436,false
1,55,21:30,75,02:30,20,1,,,0.0,false,14.8,240.3037623736889,false
1,55,21:30,76,02:45,21,1,,,0.0,false,14.8,240.76548797494183,false
1,55,21:30,77,03:00,22,1,,,0.0,false,14.8,241.22721357619474,false
1,55,21:30,78,03:15,23,1,,,0.0,false,14.8,241.68893917744765,false
1,55,21:30,79,03:30,24,1,,,0.0,false,14.8,242.15066477870056,false
1,55,21:30,80,03:45,25,1,,,0.0,false,14.8,242.61239037995347,false
1,55,21:30,81,04:00,26,1,,,0.0,false,14.8,243.07411598120638,false
1,55,21:30,82,04:15,27,1,,,0.0,false,14.8,243.53584158245928,false
1,55,21:30,83,04:30,28,1,,,0.0,false,14.8,243.9975671837122,false
1,55,21:30,84,04:45,29,1,,,0.0,false,14.8,244.4592927849651,false
1,55,21:30,85,05:00,30,1,,,0.0,false,14.8,244.921018386218,false
1,55,21:30,86,05:15,31,1,,,0.0,false,14.8,245.38274398747092,false
1,55,21:30,87,05:30,32,1,,,0.0,false,14.8,245.84446958872383,false
1,55,21:30,88,05:45,33,1,,,0.0,false,14.8,246.30619518997673,false
1,55,21:30,89,06:00,34,1,,,0.0,false,14.8,246.76792079122964,false
1,55,21:30,90,06:15,35,1,,,0.0,false,14.8,247.22964639248255,false
1,55,21:30,91,06:30,36,1,,,0.0,false,14.8,247.69137199373546,false
1,55,21:30,92,06:45,37,1,,,0.0,false,14.8,248.15309759498837,false
1,55,21:30,93,07:00,38,1,,,0.0,false,14.8,248.61482319624128,false
1,55,21:30,94,07:15,39,1,,,0.0,false,14.8,249.07654879749418,false
1,55,21:30,95,07:30,40,1,,,0.0,false,14.8,249.5382743987471,false
1,55,21:30,96,07:45,41,1,,,0.0,false,14.8,250.0,false
1,56,21:45,56,21:45,0,1,,,0.0,false,14.8,232.139421402951,false
1,56,21:45,57,22:00,1,1,,,0.0,false,14.8,232.6011470042039,false
1,56,21:45,58,22:15,2,1,,,0.0,false,14.8,233.06287260545682,false
1,56,21:45,59,22:30,3,1,,,0.0,false,14.8,233.52459820670973,false
1,56,21:45,60,22:45,4,1,,,0.0,false,14.8,233.98632380796266,false
1,56,21:45,61,23:00,5,1,,,0.0,false,14.8,234.3013295574011,false
1,56,21:45,62,23:15,6,1,,,0.0,false,14.8,234.763055158654,false
1,56,21:45,63,23:30,7,1,,,0.0,false,14.8,235.2247807599069,false
1,56,21:45,64,23:45,8,1,,,0.0,false,14.8,235.2247807599069,false
1,56,21:45,65,00:00,9,1,,,0.0,false,14.8,235.68650636115981,false
1,56,21:45,66,00:15,10,1,,,0.0,false,14.8,236.14823196241272,false
1,56,21:45,67,00:30,11,1,,,0.0,false,14.8,236.60995756366563,false
1,56,21:45,68,00:45,12,1,,,0.0,false,14.8,237.07168316491854,false
1,56,21:45,69,01:00,13,1,,,0.0,false,14.8,237.53340876617145,false
1,56,21:45,70,01:15,14,1,,,0.0,false,14.8,237.99513436742436,false
1,56,21:45,71,01:30,15,1,,,0.0,false,14.8,238.45685996867726,false
1,56,21:45,72,01:45,16,1,,,0.0,false,14.8,238.91858556993017,false
1,56,21:45,73,02:00,17,1,,,0.0,false,14.8,239.38031117118308,false
1,56,21:45,74,02:15,18,1,,,0.0,false,14.8,239.842036772436,false
1,56,21:45,75,02:30,19,1,,,0.0,false,14.8,240.3037623736889,false
1,56,21:45,76,02:45,20,1,,,0.0,false,14.8,240.76548797494183,false
1,56,21:45,77,03:00,21,1,,,0.0,false,14.8,241.22721357619474,false
1,56,21:45,78,03:15,22,1,,,0.0,false,14.8,241.68893917744765,false
1,56,21:45,79,03:30,23,1,,,0.0,false,14.8,242.15066477870056,false
1,56,21:45,80,03:45,24,1,,,0.0,false,14.8,242.61239037995347,false
1,56,21:45,81,04:00,25,1,,,0.0,false,14.8,243.07411598120638,false
1,56,21:45,82,04:15,26,1,,,0.0,false,14.8,243.53584158245928,false
1,56,21:45,83,04:30,27,1,,,0.0,false,14.8,243.9975671837122,false
1,56,21:45,84,04:45,28,1,,,0.0,false,14.8,244.4592927849651,false
1,56,21:45,85,05:00,29,1,,,0.0,false,14.8,244.921018386218,false
1,56,21:45,86,05:15,30,1,,,0.0,false,14.8,245.38274398747092,false
1,56,21:45,87,05:30,31,1,,,0.0,false,14.8,245.84446958872383,false
1,56,21:45,88,05:45,32,1,,,0.0,false,14.8,246.30619518997673,false
1,56,21:45,89,06:00,33,1,,,0.0,false,14.8,246.76792079122964,false
1,56,21:45,90,06:15,34,1,,,0.0,false,14.8,247.22964639248255,false
1,56,21:45,91,06:30,35,1,,,0.0,false,14.8,247.69137199373546,false
1,56,21:45,92,06:45,36,1,,,0.0,false,14.8,248.15309759498837,false
1,56,21:45,93,07:00,37,1,,,0.0,false,14.8,248.61482319624128,false
1,56,21:45,94,07:15,38,1,,,0.0,false,14.8,249.07654879749418,false
1,56,21:45,95,07:30,39,1,,,0.0,false,14.8,249.5382743987471,false
1,56,21:45,96,07:45,40,1,,,0.0,false,14.8,250.0,false
1,57,22:00,57,22:00,0,1,,,0.0,false,14.8,232.6011470042039,false
1,57,22:00,58,22:15,1,1,,,0.0,false,14.8,233.06287260545682,false
1,57,22:00,59,22:30,2,1,,,0.0,false,14.8,233.52459820670973,false
1,57,22:00,60,22:45,3,1,,,0.0,false,14.8,233.98632380796266,false
1,57,22:00,61,23:00,4,1,,,0.0,false,14.8,234.3013295574011,false
1,57,22:00,62,23:15,5,1,,,0.0,false,14.8,234.763055158654,false
1,57,22:00,63,23:30,6,1,,,0.0,false,14.8,235.2247807599069,false
1,57,22:00,64,23:45,7,1,,,0.0,false,14.8,235.2247807599069,false
1,57,22:00,65,00:00,8,1,,,0.0,false,14.8,235.68650636115981,false
1,57,22:00,66,00:15,9,1,,,0.0,false,14.8,236.14823196241272,false
1,57,22:00,67,00:30,10,1,,,0.0,false,14.8,236.60995756366563,false
1,57,22:00,68,00:45,11,1,,,0.0,false,14.8,237.07168316491854,false
1,57,22:00,69,01:00,12,1,,,0.0,false,14.8,237.53340876617145,false
1,57,22:00,70,01:15,13,1,,,0.0,false,14.8,237.99513436742436,false
1,57,22:00,71,01:30,14,1,,,0.0,false,14.8,238.45685996867726,false
1,57,22:00,72,01:45,15,1,,,0.0,false,14.8,238.91858556993017,false
1,57,22:00,73,02:00,16,1,,,0.0,false,14.8,239.38031117118308,false
1,57,22:00,74,02:15,17,1,,,0.0,false,14.8,239.842036772436,false
1,57,22:00,75,02:30,18,1,,,0.0,false,14.8,240.3037623736889,false
1,57,22:00,76,02:45,19,1,,,0.0,false,14.8,240.76548797494183,false
1,57,22:00,77,03:00,20,1,,,0.0,false,14.8,241.22721357619474,false
1,57,22:00,78,03:15,21,1,,,0.0,false,14.8,241.68893917744765,false
1,57,22:00,79,03:30,22,1,,,0.0,false,14.8,242.15066477870056,false
1,57,22:00,80,03:45,23,1,,,0.0,false,14.8,242.61239037995347,false
1,57,22:00,81,04:00,24,1,,,0.0,false,14.8,243.07411598120638,false
1,57,22:00,82,04:15,25,1,,,0.0,false,14.8,243.53584158245928,false
1,57,22:00,83,04:30,26,1,,,0.0,false,14.8,243.9975671837122,false
1,57,22:00,84,04:45,27,1,,,0.0,false,14.8,244.4592927849651,false
1,57,22:00,85,05:00,28,1,,,0.0,false,14.8,244.921018386218,false
1,57,22:00,86,05:15,29,1,,,0.0,false,14.8,245.38274398747092,false
1,57,22:00,87,05:30,30,1,,,0.0,false,14.8,245.84446958872383,false
1,57,22:00,88,05:45,31,1,,,0.0,false,14.8,246.30619518997673,false
1,57,22:00,89,06:00,32,1,,,0.0,false,14.8,246.76792079122964,false
1,57,22:00,90,06:15,33,1,,,0.0,false,14.8,247.22964639248255,false
1,57,22:00,91,06:30,34,1,,,0.0,false,14.8,247.69137199373546,false
1,57,22:00,92,06:45,35,1,,,0.0,false,14.8,248.15309759498837,false
1,57,22:00,93,07:00,36,1,,,0.0,false,14.8,248.61482319624128,false
1,57,22:00,94,07:15,37,1,,,0.0,false,14.8,249.07654879749418,false
1,57,22:00,95,07:30,38,1,,,0.0,false,14.8,249.5382743987471,false
1,57,22:00,96,07:45,39,1,,,0.0,false,14.8,250.0,false
1,58,22:15,58,22:15,0,1,,,0.0,false,14.8,233.06287260545682,false
1,58,22:15,59,22:30,1,1,,,0.0,false,14.8,233.52459820670973,false
1,58,22:15,60,22:45,2,1,,,0.0,false,14.8,233.98632380796263,false
1,58,22:15,61,23:00,3,1,,,0.0,false,14.8,234.30132955740106,false
1,58,22:15,62,23:15,4,1,,,0.0,false,14.8,234.763055158654,false
1,58,22:15,63,23:30,5,1,,,0.0,false,14.8,235.2247807599069,false
1,58,22:15,64,23:45,6,1,,,0.0,false,14.8,235.2247807599069,false
1,58,22:15,65,00:00,7,1,,,0.0,false,14.8,235.68650636115981,false
1,58,22:15,66,00:15,8,1,,,0.0,false,14.8,236.14823196241272,false
1,58,22:15,67,00:30,9,1,,,0.0,false,14.8,236.60995756366563,false
1,58,22:15,68,00:45,10,1,,,0.0,false,14.8,237.07168316491854,false
1,58,22:15,69,01:00,11,1,,,0.0,false,14.8,237.53340876617145,false
1,58,22:15,70,01:15,12,1,,,0.0,false,14.8,237.99513436742436,false
1,58,22:15,71,01:30,13,1,,,0.0,false,14.8,238.45685996867726,false
1,58,22:15,72,01:45,14,1,,,0.0,false,14.8,238.91858556993017,false
1,58,22:15,73,02:00,15,1,,,0.0,false,14.8,239.38031117118308,false
1,58,22:15,74,02:15,16,1,,,0.0,false,14.8,239.842036772436,false
1,58,22:15,75,02:30,17,1,,,0.0,false,14.8,240.3037623736889,false
1,58,22:15,76,02:45,18,1,,,0.0,false,14.8,240.76548797494183,false
1,58,22:15,77,03:00,19,1,,,0.0,false,14.8,241.22721357619474,false
1,58,22:15,78,03:15,20,1,,,0.0,false,14.8,241.68893917744765,false
1,58,22:15,79,03:30,21,1,,,0.0,false,14.8,242.15066477870056,false
1,58,22:15,80,03:45,22,1,,,0.0,false,14.8,242.61239037995347,false
1,58,22:15,81,04:00,23,1,,,0.0,false,14.8,243.07411598120638,false
1,58,22:15,82,04:15,24,1,,,0.0,false,14.8,243.53584158245928,false
1,58,22:15,83,04:30,25,1,,,0.0,false,14.8,243.9975671837122,false
1,58,22:15,84,04:45,26,1,,,0.0,false,14.8,244.4592927849651,false
1,58,22:15,85,05:00,27,1,,,0.0,false,14.8,244.921018386218,false
1,58,22:15,86,05:15,28,1,,,0.0,false,14.8,245.38274398747092,false
1,58,22:15,87,05:30,29,1,,,0.0,false,14.8,245.84446958872383,false
1,58,22:15,88,05:45,30,1,,,0.0,false,14.8,246.30619518997673,false
1,58,22:15,89,06:00,31,1,,,0.0,false,14.8,246.76792079122964,false
1,58,22:15,90,06:15,32,1,,,0.0,false,14.8,247.22964639248255,false
1,58,22:15,91,06:30,33,1,,,0.0,false,14.8,247.69137199373546,false
1,58,22:15,92,06:45,34,1,,,0.0,false,14.8,248.15309759498837,false
1,58,22:15,93,07:00,35,1,,,0.0,false,14.8,248.61482319624128,false
1,58,22:15,94,07:15,36,1,,,0.0,false,14.8,249.07654879749418,false
1,58,22:15,95,07:30,37,1,,,0.0,false,14.8,249.5382743987471,false
1,58,22:15,96,07:45,38,1,,,0.0,false,14.8,250.0,false
1,59,22:30,59,22:30,0,1,,,0.0,false,14.8,233.52459820670973,false
1,59,22:30,60,22:45,1,1,,,0.0,false,14.8,233.98632380796263,false
1,59,22:30,61,23:00,2,1,,,0.0,false,14.8,234.30132955740106,false
1,59,22:30,62,23:15,3,1,,,0.0,false,14.8,234.763055158654,false
1,59,22:30,63,23:30,4,1,,,0.0,false,14.8,235.2247807599069,false
1,59,22:30,64,23:45,5,1,,,0.0,false,14.8,235.2247807599069,false
1,59,22:30,65,00:00,6,1,,,0.0,false,14.8,235.68650636115981,false
1,59,22:30,66,00:15,7,1,,,0.0,false,14.8,236.14823196241272,false
1,59,22:30,67,00:30,8,1,,,0.0,false,14.8,236.60995756366563,false
1,59,22:30,68,00:45,9,1,,,0.0,false,14.8,237.07168316491854,false
1,59,22:30,69,01:00,10,1,,,0.0,false,14.8,237.53340876617145,false
1,59,22:30,70,01:15,11,1,,,0.0,false,14.8,237.99513436742436,false
1,59,22:30,71,01:30,12,1,,,0.0,false,14.8,238.45685996867726,false
1,59,22:30,72,01:45,13,1,,,0.0,false,14.8,238.91858556993017,false
1,59,22:30,73,02:00,14,1,,,0.0,false,14.8,239.38031117118308,false
1,59,22:30,74,02:15,15,1,,,0.0,false,14.8,239.842036772436,false
1,59,22:30,75,02:30,16,1,,,0.0,false,14.8,240.3037623736889,false
1,59,22:30,76,02:45,17,1,,,0.0,false,14.8,240.76548797494183,false
1,59,22:30,77,03:00,18,1,,,0.0,false,14.8,241.22721357619474,false
1,59,22:30,78,03:15,19,1,,,0.0,false,14.8,241.68893917744765,false
1,59,22:30,79,03:30,20,1,,,0.0,false,14.8,242.15066477870056,false
1,59,22:30,80,03:45,21,1,,,0.0,false,14.8,242.61239037995347,false
1,59,22:30,81,04:00,22,1,,,0.0,false,14.8,243.07411598120638,false
1,59,22:30,82,04:15,23,1,,,0.0,false,14.8,243.53584158245928,false
1,59,22:30,83,04:30,24,1,,,0.0,false,14.8,243.9975671837122,false
1,59,22:30,84,04:45,25,1,,,0.0,false,14.8,244.4592927849651,false
1,59,22:30,85,05:00,26,1,,,0.0,false,14.8,244.921018386218,false
1,59,22:30,86,05:15,27,1,,,0.0,false,14.8,245.38274398747092,false
1,59,22:30,87,05:30,28,1,,,0.0,false,14.8,245.84446958872383,false
1,59,22:30,88,05:45,29,1,,,0.0,false,14.8,246.30619518997673,false
1,59,22:30,89,06:00,30,1,,,0.0,false,14.8,246.76792079122964,false
1,59,22:30,90,06:15,31,1,,,0.0,false,14.8,247.22964639248255,false
1,59,22:30,91,06:30,32,1,,,0.0,false,14.8,247.69137199373546,false
1,59,22:30,92,06:45,33,1,,,0.0,false,14.8,248.15309759498837,false
1,59,22:30,93,07:00,34,1,,,0.0,false,14.8,248.61482319624128,false
1,59,22:30,94,07:15,35,1,,,0.0,false,14.8,249.07654879749418,false
1,59,22:30,95,07:30,36,1,,,0.0,false,14.8,249.5382743987471,false
1,59,22:30,96,07:45,37,1,,,0.0,false,14.8,250.0,false
1,60,22:45,60,22:45,0,1,,,0.0,false,14.8,233.98632380796263,false
1,60,22:45,61,23:00,1,1,,,0.0,false,14.8,234.30132955740106,false
1,60,22:45,62,23:15,2,1,,,0.0,false,14.8,234.763055158654,false
1,60,22:45,63,23:30,3,1,,,0.0,false,14.8,235.2247807599069,false
1,60,22:45,64,23:45,4,1,,,0.0,false,14.8,235.2247807599069,false
1,60,22:45,65,00:00,5,1,,,0.0,false,14.8,235.68650636115981,false
1,60,22:45,66,00:15,6,1,,,0.0,false,14.8,236.14823196241272,false
1,60,22:45,67,00:30,7,1,,,0.0,false,14.8,236.60995756366563,false
1,60,22:45,68,00:45,8,1,,,0.0,false,14.8,237.07168316491854,false
1,60,22:45,69,01:00,9,1,,,0.0,false,14.8,237.53340876617145,false
1,60,22:45,70,01:15,10,1,,,0.0,false,14.8,237.99513436742436,false
1,60,22:45,71,01:30,11,1,,,0.0,false,14.8,238.45685996867726,false
1,60,22:45,72,01:45,12,1,,,0.0,false,14.8,238.91858556993017,false
1,60,22:45,73,02:00,13,1,,,0.0,false,14.8,239.38031117118308,false
1,60,22:45,74,02:15,14,1,,,0.0,false,14.8,239.842036772436,false
1,60,22:45,75,02:30,15,1,,,0.0,false,14.8,240.3037623736889,false
1,60,22:45,76,02:45,16,1,,,0.0,false,14.8,240.76548797494183,false
1,60,22:45,77,03:00,17,1,,,0.0,false,14.8,241.22721357619474,false
1,60,22:45,78,03:15,18,1,,,0.0,false,14.8,241.68893917744765,false
1,60,22:45,79,03:30,19,1,,,0.0,false,14.8,242.15066477870056,false
1,60,22:45,80,03:45,20,1,,,0.0,false,14.8,242.61239037995347,false
1,60,22:45,81,04:00,21,1,,,0.0,false,14.8,243.07411598120638,false
1,60,22:45,82,04:15,22,1,,,0.0,false,14.8,243.53584158245928,false
1,60,22:45,83,04:30,23,1,,,0.0,false,14.8,243.9975671837122,false
1,60,22:45,84,04:45,24,1,,,0.0,false,14.8,244.4592927849651,false
1,60,22:45,85,05:00,25,1,,,0.0,false,14.8,244.921018386218,false
1,60,22:45,86,05:15,26,1,,,0.0,false,14.8,245.38274398747092,false
1,60,22:45,87,05:30,27,1,,,0.0,false,14.8,245.84446958872383,false
1,60,22:45,88,05:45,28,1,,,0.0,false,14.8,246.30619518997673,false
1,60,22:45,89,06:00,29,1,,,0.0,false,14.8,246.76792079122964,false
1,60,22:45,90,06:15,30,1,,,0.0,false,14.8,247.22964639248255,false
1,60,22:45,91,06:30,31,1,,,0.0,false,14.8,247.69137199373546,false
1,60,22:45,92,06:45,32,1,,,0.0,false,14.8,248.15309759498837,false
1,60,22:45,93,07:00,33,1,,,0.0,false,14.8,248.61482319624128,false
1,60,22:45,94,07:15,34,1,,,0.0,false,14.8,249.07654879749418,false
1,60,22:45,95,07:30,35,1,,,0.0,false,14.8,249.5382743987471,false
1,60,22:45,96,07:45,36,1,,,0.0,false,14.8,250.0,false
1,61,23:00,61,23:00,0,1,,,0.0,false,14.8,234.30132955740106,false
1,61,23:00,62,23:15,1,1,,,0.0,false,14.8,234.76305515865397,false
1,61,23:00,63,23:30,2,1,,,0.0,false,14.8,235.22478075990688,false
1,61,23:00,64,23:45,3,1,,,0.0,false,14.8,235.22478075990688,false
1,61,23:00,65,00:00,4,1,,,0.0,false,14.8,235.6865063611598,false
1,61,23:00,66,00:15,5,1,,,0.0,false,14.8,236.1482319624127,false
1,61,23:00,67,00:30,6,1,,,0.0,false,14.8,236.60995756366563,false
1,61,23:00,68,00:45,7,1,,,0.0,false,14.8,237.07168316491854,false
1,61,23:00,69,01:00,8,1,,,0.0,false,14.8,237.53340876617145,false
1,61,23:00,70,01:15,9,1,,,0.0,false,14.8,237.99513436742436,false
1,61,23:00,71,01:30,10,1,,,0.0,false,14.8,238.45685996867726,false
1,61,23:00,72,01:45,11,1,,,0.0,false,14.8,238.91858556993017,false
1,61,23:00,73,02:00,12,1,,,0.0,false,14.8,239.38031117118308,false
1,61,23:00,74,02:15,13,1,,,0.0,false,14.8,239.842036772436,false
1,61,23:00,75,02:30,14,1,,,0.0,false,14.8,240.3037623736889,false
1,61,23:00,76,02:45,15,1,,,0.0,false,14.8,240.7654879749418,false
1,61,23:00,77,03:00,16,1,,,0.0,false,14.8,241.2272135761947,false
1,61,23:00,78,03:15,17,1,,,0.0,false,14.8,241.68893917744765,false
1,61,23:00,79,03:30,18,1,,,0.0,false,14.8,242.15066477870056,false
1,61,23:00,80,03:45,19,1,,,0.0,false,14.8,242.61239037995347,false
1,61,23:00,81,04:00,20,1,,,0.0,false,14.8,243.07411598120638,false
1,61,23:00,82,04:15,21,1,,,0.0,false,14.8,243.53584158245928,false
1,61,23:00,83,04:30,22,1,,,0.0,false,14.8,243.9975671837122,false
1,61,23:00,84,04:45,23,1,,,0.0,false,14.8,244.4592927849651,false
1,61,23:00,85,05:00,24,1,,,0.0,false,14.8,244.921018386218,false
1,61,23:00,86,05:15,25,1,,,0.0,false,14.8,245.38274398747092,false
1,61,23:00,87,05:30,26,1,,,0.0,false,14.8,245.84446958872383,false
1,61,23:00,88,05:45,27,1,,,0.0,false,14.8,246.30619518997673,false
1,61,23:00,89,06:00,28,1,,,0.0,false,14.8,246.76792079122964,false
1,61,23:00,90,06:15,29,1,,,0.0,false,14.8,247.22964639248255,false
1,61,23:00,91,06:30,30,1,,,0.0,false,14.8,247.69137199373546,false
1,61,23:00,92,06:45,31,1,,,0.0,false,14.8,248.15309759498837,false
1,61,23:00,93,07:00,32,1,,,0.0,false,14.8,248.61482319624128,false
1,61,23:00,94,07:15,33,1,,,0.0,false,14.8,249.07654879749418,false
1,61,23:00,95,07:30,34,1,,,0.0,false,14.8,249.5382743987471,false
1,61,23:00,96,07:45,35,1,,,0.0,false,14.8,250.0,false
1,62,23:15,62,23:15,0,1,,,0.0,false,14.8,234.76305515865397,false
1,62,23:15,63,23:30,1,1,,,0.0,false,14.8,235.22478075990688,false
1,62,23:15,64,23:45,2,1,,,0.0,false,14.8,235.2247807599069,false
1,62,23:15,65,00:00,3,1,,,0.0,false,14.8,235.68650636115981,false
1,62,23:15,66,00:15,4,1,,,0.0,false,14.8,236.14823196241272,false
1,62,23:15,67,00:30,5,1,,,0.0,false,14.8,236.60995756366563,false
1,62,23:15,68,00:45,6,1,,,0.0,false,14.8,237.07168316491854,false
1,62,23:15,69,01:00,7,1,,,0.0,false,14.8,237.53340876617145,false
1,62,23:15,70,01:15,8,1,,,0.0,false,14.8,237.99513436742436,false
1,62,23:15,71,01:30,9,1,,,0.0,false,14.8,238.45685996867726,false
1,62,23:15,72,01:45,10,1,,,0.0,false,14.8,238.91858556993017,false
1,62,23:15,73,02:00,11,1,,,0.0,false,14.8,239.38031117118308,false
1,62,23:15,74,02:15,12,1,,,0.0,false,14.8,239.842036772436,false
1,62,23:15,75,02:30,13,1,,,0.0,false,14.8,240.3037623736889,false
1,62,23:15,76,02:45,14,1,,,0.0,false,14.8,240.7654879749418,false
1,62,23:15,77,03:00,15,1,,,0.0,false,14.8,241.2272135761947,false
1,62,23:15,78,03:15,16,1,,,0.0,false,14.8,241.68893917744762,false
1,62,23:15,79,03:30,17,1,,,0.0,false,14.8,242.15066477870053,false
1,62,23:15,80,03:45,18,1,,,0.0,false,14.8,242.61239037995347,false
1,62,23:15,81,04:00,19,1,,,0.0,false,14.8,243.07411598120638,false
1,62,23:15,82,04:15,20,1,,,0.0,false,14.8,243.53584158245928,false
1,62,23:15,83,04:30,21,1,,,0.0,false,14.8,243.9975671837122,false
1,62,23:15,84,04:45,22,1,,,0.0,false,14.8,244.4592927849651,false
1,62,23:15,85,05:00,23,1,,,0.0,false,14.8,244.921018386218,false
1,62,23:15,86,05:15,24,1,,,0.0,false,14.8,245.38274398747092,false
1,62,23:15,87,05:30,25,1,,,0.0,false,14.8,245.84446958872383,false
1,62,23:15,88,05:45,26,1,,,0.0,false,14.8,246.30619518997673,false
1,62,23:15,89,06:00,27,1,,,0.0,false,14.8,246.76792079122964,false
1,62,23:15,90,06:15,28,1,,,0.0,false,14.8,247.22964639248255,false
1,62,23:15,91,06:30,29,1,,,0.0,false,14.8,247.69137199373546,false
1,62,23:15,92,06:45,30,1,,,0.0,false,14.8,248.15309759498837,false
1,62,23:15,93,07:00,31,1,,,0.0,false,14.8,248.61482319624128,false
1,62,23:15,94,07:15,32,1,,,0.0,false,14.8,249.07654879749418,false
1,62,23:15,95,07:30,33,1,,,0.0,false,14.8,249.5382743987471,false
1,62,23:15,96,07:45,34,1,,,0.0,false,14.8,250.0,false
1,63,23:30,63,23:30,0,1,,,0.0,false,14.8,235.2247807599069,false
1,63,23:30,64,23:45,1,1,,,0.0,false,14.8,235.2247807599069,false
1,63,23:30,65,00:00,2,1,,,0.0,false,14.8,235.68650636115981,false
1,63,23:30,66,00:15,3,1,,,0.0,false,14.8,236.14823196241272,false
1,63,23:30,67,00:30,4,1,,,0.0,false,14.8,236.60995756366563,false
1,63,23:30,68,00:45,5,1,,,0.0,false,14.8,237.07168316491854,false
1,63,23:30,69,01:00,6,1,,,0.0,false,14.8,237.53340876617148,false
1,63,23:30,70,01:15,7,1,,,0.0,false,14.8,237.99513436742438,false
1,63,23:30,71,01:30,8,1,,,0.0,false,14.8,238.4568599686773,false
1,63,23:30,72,01:45,9,1,,,0.0,false,14.8,238.9185855699302,false
1,63,23:30,73,02:00,10,1,,,0.0,false,14.8,239.3803111711831,false
1,63,23:30,74,02:15,11,1,,,0.0,false,14.8,239.84203677243602,false
1,63,23:30,75,02:30,12,1,,,0.0,false,14.8,240.30376237368893,false
1,63,23:30,76,02:45,13,1,,,0.0,false,14.8,240.76548797494183,false
1,63,23:30,77,03:00,14,1,,,0.0,false,14.8,241.22721357619474,false
1,63,23:30,78,03:15,15,1,,,0.0,false,14.8,241.68893917744765,false
1,63,23:30,79,03:30,16,1,,,0.0,false,14.8,242.15066477870056,false
1,63,23:30,80,03:45,17,1,,,0.0,false,14.8,242.61239037995347,false
1,63,23:30,81,04:00,18,1,,,0.0,false,14.8,243.07411598120638,false
1,63,23:30,82,04:15,19,1,,,0.0,false,14.8,243.53584158245928,false
1,63,23:30,83,04:30,20,1,,,0.0,false,14.8,243.9975671837122,false
1,63,23:30,84,04:45,21,1,,,0.0,false,14.8,244.4592927849651,false
1,63,23:30,85,05:00,22,1,,,0.0,false,14.8,244.921018386218,false
1,63,23:30,86,05:15,23,1,,,0.0,false,14.8,245.38274398747092,false
1,63,23:30,87,05:30,24,1,,,0.0,false,14.8,245.84446958872383,false
1,63,23:30,88,05:45,25,1,,,0.0,false,14.8,246.30619518997673,false
1,63,23:30,89,06:00,26,1,,,0.0,false,14.8,246.76792079122964,false
1,63,23:30,90,06:15,27,1,,,0.0,false,14.8,247.22964639248255,false
1,63,23:30,91,06:30,28,1,,,0.0,false,14.8,247.69137199373546,false
1,63,23:30,92,06:45,29,1,,,0.0,false,14.8,248.15309759498837,false
1,63,23:30,93,07:00,30,1,,,0.0,false,14.8,248.61482319624128,false
1,63,23:30,94,07:15,31,1,,,0.0,false,14.8,249.07654879749418,false
1,63,23:30,95,07:30,32,1,,,0.0,false,14.8,249.5382743987471,false
1,63,23:30,96,07:45,33,1,,,0.0,false,14.8,250.0,false
1,64,23:45,64,23:45,0,1,,,0.0,false,14.8,235.2247807599069,false
1,64,23:45,65,00:00,1,1,,,0.0,false,14.8,235.68650636115981,false
1,64,23:45,66,00:15,2,1,,,0.0,false,14.8,236.14823196241275,false
1,64,23:45,67,00:30,3,1,,,0.0,false,14.8,236.60995756366563,false
1,64,23:45,68,00:45,4,1,,,0.0,false,14.8,237.07168316491857,false
1,64,23:45,69,01:00,5,1,,,0.0,false,14.8,237.53340876617148,false
1,64,23:45,70,01:15,6,1,,,0.0,false,14.8,237.9951343674244,false
1,64,23:45,71,01:30,7,1,,,0.0,false,14.8,238.45685996867732,false
1,64,23:45,72,01:45,8,1,,,0.0,false,14.8,238.91858556993026,false
1,64,23:45,73,02:00,9,1,,,0.0,false,14.8,239.3803111711832,false
1,64,23:45,74,02:15,10,1,,,0.0,false,14.8,239.8420367724361,false
1,64,23:45,75,02:30,11,1,,,0.0,false,14.8,240.30376237368904,false
1,64,23:45,76,02:45,12,1,,,0.0,false,14.8,240.76548797494195,false
1,64,23:45,77,03:00,13,1,,,0.0,false,14.8,241.22721357619488,false
1,64,23:45,78,03:15,14,1,,,0.0,false,14.8,241.6889391774478,false
1,64,23:45,79,03:30,15,1,,,0.0,false,14.8,242.15066477870073,false
1,64,23:45,80,03:45,16,1,,,0.0,false,14.8,242.61239037995364,false
1,64,23:45,81,04:00,17,1,,,0.0,false,14.8,243.07411598120657,false
1,64,23:45,82,04:15,18,1,,,0.0,false,14.8,243.5358415824595,false
1,64,23:45,83,04:30,19,1,,,0.0,false,14.8,243.99756718371242,false
1,64,23:45,84,04:45,20,1,,,0.0,false,14.8,244.45929278496536,false
1,64,23:45,85,05:00,21,1,,,0.0,false,14.8,244.92101838621826,false
1,64,23:45,86,05:15,22,1,,,0.0,false,14.8,245.3827439874712,false
1,64,23:45,87,05:30,23,1,,,0.0,false,14.8,245.8444695887241,false
1,64,23:45,88,05:45,24,1,,,0.0,false,14.8,246.30619518997705,false
1,64,23:45,89,06:00,25,1,,,0.0,false,14.8,246.7679207912295,false
1,64,23:45,90,06:15,26,1,,,0.0,false,14.8,247.22964639248244,false
1,64,23:45,91,06:30,27,1,,,0.0,false,14.8,247.69137199373537,false
1,64,23:45,92,06:45,28,1,,,0.0,false,14.8,248.15309759498828,false
1,64,23:45,93,07:00,29,1,,,0.0,false,14.8,248.61482319624122,false
1,64,23:45,94,07:15,30,1,,,0.0,false,14.8,249.07654879749415,false
1,64,23:45,95,07:30,31,1,,,0.0,false,14.8,249.53827439874706,false
1,64,23:45,96,07:45,32,1,,,0.0,false,14.8,250.0,false
1,65,00:00,65,00:00,0,1,,,0.0,false,14.8,235.68650636115984,false
1,65,00:00,66,00:15,1,1,,,0.0,false,14.8,236.14823196241275,false
1,65,00:00,67,00:30,2,1,,,0.0,false,14.8,236.6099575636657,false
1,65,00:00,68,00:45,3,1,,,0.0,false,14.8,237.07168316491862,false
1,65,00:00,69,01:00,4,1,,,0.0,false,14.8,237.53340876617153,false
1,65,00:00,70,01:15,5,1,,,0.0,false,14.8,237.99513436742447,false
1,65,00:00,71,01:30,6,1,,,0.0,false,14.8,238.45685996867738,false
1,65,00:00,72,01:45,7,1,,,0.0,false,14.8,238.91858556993031,false
1,65,00:00,73,02:00,8,1,,,0.0,false,14.8,239.38031117118322,false
1,65,00:00,74,02:15,9,1,,,0.0,false,14.8,239.84203677243613,false
1,65,00:00,75,02:30,10,1,,,0.0,false,14.8,240.30376237368907,false
1,65,00:00,76,02:45,11,1,,,0.0,false,14.8,240.76548797494198,false
1,65,00:00,77,03:00,12,1,,,0.0,false,14.8,241.2272135761949,false
1,65,00:00,78,03:15,13,1,,,0.0,false,14.8,241.6889391774478,false
1,65,00:00,79,03:30,14,1,,,0.0,false,14.8,242.15066477870073,false
1,65,00:00,80,03:45,15,1,,,0.0,false,14.8,242.61239037995364,false
1,65,00:00,81,04:00,16,1,,,0.0,false,14.8,243.07411598120657,false
1,65,00:00,82,04:15,17,1,,,0.0,false,14.8,243.5358415824595,false
1,65,00:00,83,04:30,18,1,,,0.0,false,14.8,243.99756718371242,false
1,65,00:00,84,04:45,19,1,,,0.0,false,14.8,244.45929278496536,false
1,65,00:00,85,05:00,20,1,,,0.0,false,14.8,244.92101838621826,false
1,65,00:00,86,05:15,21,1,,,0.0,false,14.8,245.3827439874712,false
1,65,00:00,87,05:30,22,1,,,0.0,false,14.8,245.8444695887241,false
1,65,00:00,88,05:45,23,1,,,0.0,false,14.8,246.30619518997705,false
1,65,00:00,89,06:00,24,1,,,0.0,false,14.8,246.7679207912295,false
1,65,00:00,90,06:15,25,1,,,0.0,false,14.8,247.22964639248244,false
1,65,00:00,91,06:30,26,1,,,0.0,false,14.8,247.69137199373537,false
1,65,00:00,92,06:45,27,1,,,0.0,false,14.8,248.15309759498828,false
1,65,00:00,93,07:00,28,1,,,0.0,false,14.8,248.61482319624122,false
1,65,00:00,94,07:15,29,1,,,0.0,false,14.8,249.07654879749415,false
1,65,00:00,95,07:30,30,1,,,0.0,false,14.8,249.53827439874706,false
1,65,00:00,96,07:45,31,1,,,0.0,false,14.8,250.0,false
1,66,00:15,66,00:15,0,1,,,0.0,false,14.8,236.14823196241278,false
1,66,00:15,67,00:30,1,1,,,0.0,false,14.8,236.6099575636657,false
1,66,00:15,68,00:45,2,1,,,0.0,false,14.8,237.07168316491862,false
1,66,00:15,69,01:00,3,1,,,0.0,false,14.8,237.5334087661715,false
1,66,00:15,70,01:15,4,1,,,0.0,false,14.8,237.99513436742444,false
1,66,00:15,71,01:30,5,1,,,0.0,false,14.8,238.45685996867735,false
1,66,00:15,72,01:45,6,1,,,0.0,false,14.8,238.9185855699303,false
1,66,00:15,73,02:00,7,1,,,0.0,false,14.8,239.38031117118322,false
1,66,00:15,74,02:15,8,1,,,0.0,false,14.8,239.84203677243613,false
1,66,00:15,75,02:30,9,1,,,0.0,false,14.8,240.30376237368907,false
1,66,00:15,76,02:45,10,1,,,0.0,false,14.8,240.76548797494198,false
1,66,00:15,77,03:00,11,1,,,0.0,false,14.8,241.2272135761949,false
1,66,00:15,78,03:15,12,1,,,0.0,false,14.8,241.68893917744782,false
1,66,00:15,79,03:30,13,1,,,0.0,false,14.8,242.15066477870076,false
1,66,00:15,80,03:45,14,1,,,0.0,false,14.8,242.61239037995367,false
1,66,00:15,81,04:00,15,1,,,0.0,false,14.8,243.0741159812066,false
1,66,00:15,82,04:15,16,1,,,0.0,false,14.8,243.53584158245954,false
1,66,00:15,83,04:30,17,1,,,0.0,false,14.8,243.99756718371245,false
1,66,00:15,84,04:45,18,1,,,0.0,false,14.8,244.45929278496538,false
1,66,00:15,85,05:00,19,1,,,0.0,false,14.8,244.9210183862183,false
1,66,00:15,86,05:15,20,1,,,0.0,false,14.8,245.38274398747123,false
1,66,00:15,87,05:30,21,1,,,0.0,false,14.8,245.84446958872414,false
1,66,00:15,88,05:45,22,1,,,0.0,false,14.8,246.30619518997707,false
1,66,00:15,89,06:00,23,1,,,0.0,false,14.8,246.76792079122953,false
1,66,00:15,90,06:15,24,1,,,0.0,false,14.8,247.22964639248246,false
1,66,00:15,91,06:30,25,1,,,0.0,false,14.8,247.6913719937354,false
1,66,00:15,92,06:45,26,1,,,0.0,false,14.8,248.1530975949883,false
1,66,00:15,93,07:00,27,1,,,0.0,false,14.8,248.61482319624125,false
1,66,00:15,94,07:15,28,1,,,0.0,false,14.8,249.07654879749415,false
1,66,00:15,95,07:30,29,1,,,0.0,false,14.8,249.53827439874706,false
1,66,00:15,96,07:45,30,1,,,0.0,false,14.8,250.0,false
1,67,00:30,67,00:30,0,1,,,0.0,false,14.8,236.60995756366572,false
1,67,00:30,68,00:45,1,1,,,0.0,false,14.8,237.07168316491862,false
1,67,00:30,69,01:00,2,1,,,0.0,false,14.8,237.53340876617156,false
1,67,00:30,70,01:15,3,1,,,0.0,false,14.8,237.9951343674245,false
1,67,00:30,71,01:30,4,1,,,0.0,false,14.8,238.4568599686774,false
1,67,00:30,72,01:45,5,1,,,0.0,false,14.8,238.91858556993034,false
1,67,00:30,73,02:00,6,1,,,0.0,false,14.8,239.38031117118325,false
1,67,00:30,74,02:15,7,1,,,0.0,false,14.8,239.84203677243616,false
1,67,00:30,75,02:30,8,1,,,0.0,false,14.8,240.3037623736891,false
1,67,00:30,76,02:45,9,1,,,0.0,false,14.8,240.765487974942,false
1,67,00:30,77,03:00,10,1,,,0.0,false,14.8,241.22721357619494,false
1,67,00:30,78,03:15,11,1,,,0.0,false,14.8,241.68893917744782,false
1,67,00:30,79,03:30,12,1,,,0.0,false,14.8,242.15066477870076,false
1,67,00:30,80,03:45,13,1,,,0.0,false,14.8,242.61239037995367,false
1,67,00:30,81,04:00,14,1,,,0.0,false,14.8,243.0741159812066,false
1,67,00:30,82,04:15,15,1,,,0.0,false,14.8,243.53584158245954,false
1,67,00:30,83,04:30,16,1,,,0.0,false,14.8,243.99756718371245,false
1,67,00:30,84,04:45,17,1,,,0.0,false,14.8,244.45929278496538,false
1,67,00:30,85,05:00,18,1,,,0.0,false,14.8,244.9210183862183,false
1,67,00:30,86,05:15,19,1,,,0.0,false,14.8,245.38274398747123,false
1,67,00:30,87,05:30,20,1,,,0.0,false,14.8,245.84446958872414,false
1,67,00:30,88,05:45,21,1,,,0.0,false,14.8,246.30619518997707,false
1,67,00:30,89,06:00,22,1,,,0.0,false,14.8,246.7679207912295,false
1,67,00:30,90,06:15,23,1,,,0.0,false,14.8,247.22964639248244,false
1,67,00:30,91,06:30,24,1,,,0.0,false,14.8,247.69137199373537,false
1,67,00:30,92,06:45,25,1,,,0.0,false,14.8,248.15309759498828,false
1,67,00:30,93,07:00,26,1,,,0.0,false,14.8,248.61482319624122,false
1,67,00:30,94,07:15,27,1,,,0.0,false,14.8,249.07654879749415,false
1,67,00:30,95,07:30,28,1,,,0.0,false,14.8,249.53827439874706,false
1,67,00:30,96,07:45,29,1,,,0.0,false,14.8,250.0,false
1,68,00:45,68,00:45,0,1,,,0.0,false,14.8,237.07168316491865,false
1,68,00:45,69,01:00,1,1,,,0.0,false,14.8,237.53340876617156,false
1,68,00:45,70,01:15,2,1,,,0.0,false,14.8,237.9951343674245,false
1,68,00:45,71,01:30,3,1,,,0.0,false,14.8,238.45685996867738,false
1,68,00:45,72,01:45,4,1,,,0.0,false,14.8,238.91858556993031,false
1,68,00:45,73,02:00,5,1,,,0.0,false,14.8,239.38031117118325,false
1,68,00:45,74,02:15,6,1,,,0.0,false,14.8,239.84203677243616,false
1,68,00:45,75,02:30,7,1,,,0.0,false,14.8,240.3037623736891,false
1,68,00:45,76,02:45,8,1,,,0.0,false,14.8,240.765487974942,false
1,68,00:45,77,03:00,9,1,,,0.0,false,14.8,241.22721357619494,false
1,68,00:45,78,03:15,10,1,,,0.0,false,14.8,241.68893917744785,false
1,68,00:45,79,03:30,11,1,,,0.0,false,14.8,242.1506647787008,false
1,68,00:45,80,03:45,12,1,,,0.0,false,14.8,242.6123903799537,false
1,68,00:45,81,04:00,13,1,,,0.0,false,14.8,243.07411598120663,false
1,68,00:45,82,04:15,14,1,,,0.0,false,14.8,243.53584158245957,false
1,68,00:45,83,04:30,15,1,,,0.0,false,14.8,243.99756718371248,false
1,68,00:45,84,04:45,16,1,,,0.0,false,14.8,244.4592927849654,false
1,68,00:45,85,05:00,17,1,,,0.0,false,14.8,244.92101838621832,false
1,68,00:45,86,05:15,18,1,,,0.0,false,14.8,245.38274398747126,false
1,68,00:45,87,05:30,19,1,,,0.0,false,14.8,245.84446958872417,false
1,68,00:45,88,05:45,20,1,,,0.0,false,14.8,246.3061951899771,false
1,68,00:45,89,06:00,21,1,,,0.0,false,14.8,246.76792079122953,false
1,68,00:45,90,06:15,22,1,,,0.0,false,14.8,247.22964639248246,false
1,68,00:45,91,06:30,23,1,,,0.0,false,14.8,247.6913719937354,false
1,68,00:45,92,06:45,24,1,,,0.0,false,14.8,248.1530975949883,false
1,68,00:45,93,07:00,25,1,,,0.0,false,14.8,248.61482319624125,false
1,68,00:45,94,07:15,26,1,,,0.0,false,14.8,249.07654879749415,false
1,68,00:45,95,07:30,27,1,,,0.0,false,14.8,249.53827439874706,false
1,68,00:45,96,07:45,28,1,,,0.0,false,14.8,250.0,false
1,69,01:00,69,01:00,0,1,,,0.0,false,14.8,237.5334087661716,false
1,69,01:00,70,01:15,1,1,,,0.0,false,14.8,237.9951343674245,false
1,69,01:00,71,01:30,2,1,,,0.0,false,14.8,238.45685996867743,false
1,69,01:00,72,01:45,3,1,,,0.0,false,14.8,238.91858556993037,false
1,69,01:00,73,02:00,4,1,,,0.0,false,14.8,239.38031117118328,false
1,69,01:00,74,02:15,5,1,,,0.0,false,14.8,239.8420367724362,false
1,69,01:00,75,02:30,6,1,,,0.0,false,14.8,240.30376237368912,false
1,69,01:00,76,02:45,7,1,,,0.0,false,14.8,240.76548797494203,false
1,69,01:00,77,03:00,8,1,,,0.0,false,14.8,241.22721357619497,false
1,69,01:00,78,03:15,9,1,,,0.0,false,14.8,241.68893917744785,false
1,69,01:00,79,03:30,10,1,,,0.0,false,14.8,242.1506647787008,false
1,69,01:00,80,03:45,11,1,,,0.0,false,14.8,242.6123903799537,false
1,69,01:00,81,04:00,12,1,,,0.0,false,14.8,243.07411598120663,false
1,69,01:00,82,04:15,13,1,,,0.0,false,14.8,243.53584158245957,false
1,69,01:00,83,04:30,14,1,,,0.0,false,14.8,243.99756718371248,false
1,69,01:00,84,04:45,15,1,,,0.0,false,14.8,244.4592927849654,false
1,69,01:00,85,05:00,16,1,,,0.0,false,14.8,244.92101838621832,false
1,69,01:00,86,05:15,17,1,,,0.0,false,14.8,245.38274398747126,false
1,69,01:00,87,05:30,18,1,,,0.0,false,14.8,245.84446958872417,false
1,69,01:00,88,05:45,19,1,,,0.0,false,14.8,246.3061951899771,false
1,69,01:00,89,06:00,20,1,,,0.0,false,14.8,246.7679207912295,false
1,69,01:00,90,06:15,21,1,,,0.0,false,14.8,247.22964639248244,false
1,69,01:00,91,06:30,22,1,,,0.0,false,14.8,247.69137199373537,false
1,69,01:00,92,06:45,23,1,,,0.0,false,14.8,248.15309759498828,false
1,69,01:00,93,07:00,24,1,,,0.0,false,14.8,248.61482319624122,false
1,69,01:00,94,07:15,25,1,,,0.0,false,14.8,249.07654879749415,false
1,69,01:00,95,07:30,26,1,,,0.0,false,14.8,249.53827439874706,false
1,69,01:00,96,07:45,27,1,,,0.0,false,14.8,250.0,false
1,70,01:15,70,01:15,0,1,,,0.0,false,14.8,237.99513436742453,false
1,70,01:15,71,01:30,1,1,,,0.0,false,14.8,238.4568599686774,false
1,70,01:15,72,01:45,2,1,,,0.0,false,14.8,238.91858556993034,false
1,70,01:15,73,02:00,3,1,,,0.0,false,14.8,239.38031117118328,false
1,70,01:15,74,02:15,4,1,,,0.0,false,14.8,239.8420367724362,false
1,70,01:15,75,02:30,5,1,,,0.0,false,14.8,240.30376237368912,false
1,70,01:15,76,02:45,6,1,,,0.0,false,14.8,240.76548797494203,false
1,70,01:15,77,03:00,7,1,,,0.0,false,14.8,241.22721357619497,false
1,70,01:15,78,03:15,8,1,,,0.0,false,14.8,241.68893917744788,false
1,70,01:15,79,03:30,9,1,,,0.0,false,14.8,242.15066477870081,false
1,70,01:15,80,03:45,10,1,,,0.0,false,14.8,242.61239037995372,false
1,70,01:15,81,04:00,11,1,,,0.0,false,14.8,243.07411598120666,false
1,70,01:15,82,04:15,12,1,,,0.0,false,14.8,243.5358415824596,false
1,70,01:15,83,04:30,13,1,,,0.0,false,14.8,243.9975671837125,false
1,70,01:15,84,04:45,14,1,,,0.0,false,14.8,244.45929278496544,false
1,70,01:15,85,05:00,15,1,,,0.0,false,14.8,244.92101838621835,false
1,70,01:15,86,05:15,16,1,,,0.0,false,14.8,245.3827439874713,false
1,70,01:15,87,05:30,17,1,,,0.0,false,14.8,245.8444695887242,false
1,70,01:15,88,05:45,18,1,,,0.0,false,14.8,246.30619518997713,false
1,70,01:15,89,06:00,19,1,,,0.0,false,14.8,246.76792079122953,false
1,70,01:15,90,06:15,20,1,,,0.0,false,14.8,247.22964639248246,false
1,70,01:15,91,06:30,21,1,,,0.0,false,14.8,247.6913719937354,false
1,70,01:15,92,06:45,22,1,,,0.0,false,14.8,248.1530975949883,false
1,70,01:15,93,07:00,23,1,,,0.0,false,14.8,248.61482319624125,false
1,70,01:15,94,07:15,24,1,,,0.0,false,14.8,249.07654879749415,false
1,70,01:15,95,07:30,25,1,,,0.0,false,14.8,249.53827439874706,false
1,70,01:15,96,07:45,26,1,,,0.0,false,14.8,250.0,false
1,71,01:30,71,01:30,0,1,,,0.0,false,14.8,238.45685996867746,false
1,71,01:30,72,01:45,1,1,,,0.0,false,14.8,238.91858556993037,false
1,71,01:30,73,02:00,2,1,,,0.0,false,14.8,239.3803111711833,false
1,71,01:30,74,02:15,3,1,,,0.0,false,14.8,239.84203677243622,false
1,71,01:30,75,02:30,4,1,,,0.0,false,14.8,240.30376237368915,false
1,71,01:30,76,02:45,5,1,,,0.0,false,14.8,240.76548797494206,false
1,71,01:30,77,03:00,6,1,,,0.0,false,14.8,241.227213576195,false
1,71,01:30,78,03:15,7,1,,,0.0,false,14.8,241.68893917744788,false
1,71,01:30,79,03:30,8,1,,,0.0,false,14.8,242.15066477870081,false
1,71,01:30,80,03:45,9,1,,,0.0,false,14.8,242.61239037995372,false
1,71,01:30,81,04:00,10,1,,,0.0,false,14.8,243.07411598120666,false
1,71,01:30,82,04:15,11,1,,,0.0,false,14.8,243.5358415824596,false
1,71,01:30,83,04:30,12,1,,,0.0,false,14.8,243.9975671837125,false
1,71,01:30,84,04:45,13,1,,,0.0,false,14.8,244.45929278496544,false
1,71,01:30,85,05:00,14,1,,,0.0,false,14.8,244.92101838621835,false
1,71,01:30,86,05:15,15,1,,,0.0,false,14.8,245.3827439874713,false
1,71,01:30,87,05:30,16,1,,,0.0,false,14.8,245.8444695887242,false
1,71,01:30,88,05:45,17,1,,,0.0,false,14.8,246.30619518997713,false
1,71,01:30,89,06:00,18,1,,,0.0,false,14.8,246.7679207912295,false
1,71,01:30,90,06:15,19,1,,,0.0,false,14.8,247.22964639248244,false
1,71,01:30,91,06:30,20,1,,,0.0,false,14.8,247.69137199373537,false
1,71,01:30,92,06:45,21,1,,,0.0,false,14.8,248.15309759498828,false
1,71,01:30,93,07:00,22,1,,,0.0,false,14.8,248.61482319624122,false
1,71,01:30,94,07:15,23,1,,,0.0,false,14.8,249.07654879749415,false
1,71,01:30,95,07:30,24,1,,,0.0,false,14.8,249.53827439874706,false
1,71,01:30,96,07:45,25,1,,,0.0,false,14.8,250.0,false
1,72,01:45,72,01:45,0,1,,,0.0,false,14.8,238.9185855699304,false
1,72,01:45,73,02:00,1,1,,,0.0,false,14.8,239.3803111711833,false
1,72,01:45,74,02:15,2,1,,,0.0,false,14.8,239.84203677243622,false
1,72,01:45,75,02:30,3,1,,,0.0,false,14.8,240.30376237368915,false
1,72,01:45,76,02:45,4,1,,,0.0,false,14.8,240.76548797494206,false
1,72,01:45,77,03:00,5,1,,,0.0,false,14.8,241.227213576195,false
1,72,01:45,78,03:15,6,1,,,0.0,false,14.8,241.6889391774479,false
1,72,01:45,79,03:30,7,1,,,0.0,false,14.8,242.15066477870084,false
1,72,01:45,80,03:45,8,1,,,0.0,false,14.8,242.61239037995375,false
1,72,01:45,81,04:00,9,1,,,0.0,false,14.8,243.0741159812067,false
1,72,01:45,82,04:15,10,1,,,0.0,false,14.8,243.53584158245962,false
1,72,01:45,83,04:30,11,1,,,0.0,false,14.8,243.99756718371253,false
1,72,01:45,84,04:45,12,1,,,0.0,false,14.8,244.45929278496547,false
1,72,01:45,85,05:00,13,1,,,0.0,false,14.8,244.92101838621838,false
1,72,01:45,86,05:15,14,1,,,0.0,false,14.8,245.38274398747131,false
1,72,01:45,87,05:30,15,1,,,0.0,false,14.8,245.84446958872422,false
1,72,01:45,88,05:45,16,1,,,0.0,false,14.8,246.30619518997716,false
1,72,01:45,89,06:00,17,1,,,0.0,false,14.8,246.76792079122953,false
1,72,01:45,90,06:15,18,1,,,0.0,false,14.8,247.22964639248246,false
1,72,01:45,91,06:30,19,1,,,0.0,false,14.8,247.6913719937354,false
1,72,01:45,92,06:45,20,1,,,0.0,false,14.8,248.1530975949883,false
1,72,01:45,93,07:00,21,1,,,0.0,false,14.8,248.61482319624125,false
1,72,01:45,94,07:15,22,1,,,0.0,false,14.8,249.07654879749415,false
1,72,01:45,95,07:30,23,1,,,0.0,false,14.8,249.53827439874706,false
1,72,01:45,96,07:45,24,1,,,0.0,false,14.8,250.0,false
1,73,02:00,73,02:00,0,1,,,0.0,false,14.8,239.38031117118334,false
1,73,02:00,74,02:15,1,1,,,0.0,false,14.8,239.84203677243624,false
1,73,02:00,75,02:30,2,1,,,0.0,false,14.8,240.30376237368918,false
1,73,02:00,76,02:45,3,1,,,0.0,false,14.8,240.76548797494206,false
1,73,02:00,77,03:00,4,1,,,0.0,false,14.8,241.227213576195,false
1,73,02:00,78,03:15,5,1,,,0.0,false,14.8,241.6889391774479,false
1,73,02:00,79,03:30,6,1,,,0.0,false,14.8,242.15066477870084,false
1,73,02:00,80,03:45,7,1,,,0.0,false,14.8,242.61239037995375,false
1,73,02:00,81,04:00,8,1,,,0.0,false,14.8,243.0741159812067,false
1,73,02:00,82,04:15,9,1,,,0.0,false,14.8,243.53584158245962,false
1,73,02:00,83,04:30,10,1,,,0.0,false,14.8,243.99756718371253,false
1,73,02:00,84,04:45,11,1,,,0.0,false,14.8,244.45929278496547,false
1,73,02:00,85,05:00,12,1,,,0.0,false,14.8,244.92101838621838,false
1,73,02:00,86,05:15,13,1,,,0.0,false,14.8,245.38274398747131,false
1,73,02:00,87,05:30,14,1,,,0.0,false,14.8,245.84446958872422,false
1,73,02:00,88,05:45,15,1,,,0.0,false,14.8,246.30619518997716,false
1,73,02:00,89,06:00,16,1,,,0.0,false,14.8,246.7679207912295,false
1,73,02:00,90,06:15,17,1,,,0.0,false,14.8,247.22964639248244,false
1,73,02:00,91,06:30,18,1,,,0.0,false,14.8,247.69137199373537,false
1,73,02:00,92,06:45,19,1,,,0.0,false,14.8,248.15309759498828,false
1,73,02:00,93,07:00,20,1,,,0.0,false,14.8,248.61482319624122,false
1,73,02:00,94,07:15,21,1,,,0.0,false,14.8,249.07654879749415,false
1,73,02:00,95,07:30,22,1,,,0.0,false,14.8,249.53827439874706,false
1,73,02:00,96,07:45,23,1,,,0.0,false,14.8,250.0,false
1,74,02:15,74,02:15,0,1,,,0.0,false,14.8,239.84203677243627,false
1,74,02:15,75,02:30,1,1,,,0.0,false,14.8,240.30376237368918,false
1,74,02:15,76,02:45,2,1,,,0.0,false,14.8,240.76548797494212,false
1,74,02:15,77,03:00,3,1,,,0.0,false,14.8,241.22721357619506,false
1,74,02:15,78,03:15,4,1,,,0.0,false,14.8,241.68893917744796,false
1,74,02:15,79,03:30,5,1,,,0.0,false,14.8,242.1506647787009,false
1,74,02:15,80,03:45,6,1,,,0.0,false,14.8,242.6123903799538,false
1,74,02:15,81,04:00,7,1,,,0.0,false,14.8,243.07411598120675,false
1,74,02:15,82,04:15,8,1,,,0.0,false,14.8,243.53584158245965,false
1,74,02:15,83,04:30,9,1,,,0.0,false,14.8,243.99756718371256,false
1,74,02:15,84,04:45,10,1,,,0.0,false,14.8,244.4592927849655,false
1,74,02:15,85,05:00,11,1,,,0.0,false,14.8,244.9210183862184,false
1,74,02:15,86,05:15,12,1,,,0.0,false,14.8,245.38274398747134,false
1,74,02:15,87,05:30,13,1,,,0.0,false,14.8,245.84446958872422,false
1,74,02:15,88,05:45,14,1,,,0.0,false,14.8,246.30619518997716,false
1,74,02:15,89,06:00,15,1,,,0.0,false,14.8,246.7679207912295,false
1,74,02:15,90,06:15,16,1,,,0.0,false,14.8,247.22964639248244,false
1,74,02:15,91,06:30,17,1,,,0.0,false,14.8,247.69137199373537,false
1,74,02:15,92,06:45,18,1,,,0.0,false,14.8,248.15309759498828,false
1,74,02:15,93,07:00,19,1,,,0.0,false,14.8,248.61482319624122,false
1,74,02:15,94,07:15,20,1,,,0.0,false,14.8,249.07654879749415,false
1,74,02:15,95,07:30,21,1,,,0.0,false,14.8,249.53827439874706,false
1,74,02:15,96,07:45,22,1,,,0.0,false,14.8,250.0,false
1,75,02:30,75,02:30,0,1,,,0.0,false,14.8,240.3037623736892,false
1,75,02:30,76,02:45,1,1,,,0.0,false,14.8,240.76548797494212,false
1,75,02:30,77,03:00,2,1,,,0.0,false,14.8,241.22721357619506,false
1,75,02:30,78,03:15,3,1,,,0.0,false,14.8,241.68893917744793,false
1,75,02:30,79,03:30,4,1,,,0.0,false,14.8,242.15066477870087,false
1,75,02:30,80,03:45,5,1,,,0.0,false,14.8,242.61239037995378,false
1,75,02:30,81,04:00,6,1,,,0.0,false,14.8,243.07411598120672,false
1,75,02:30,82,04:15,7,1,,,0.0,false,14.8,243.53584158245965,false
1,75,02:30,83,04:30,8,1,,,0.0,false,14.8,243.99756718371256,false
1,75,02:30,84,04:45,9,1,,,0.0,false,14.8,244.4592927849655,false
1,75,02:30,85,05:00,10,1,,,0.0,false,14.8,244.9210183862184,false
1,75,02:30,86,05:15,11,1,,,0.0,false,14.8,245.38274398747134,false
1,75,02:30,87,05:30,12,1,,,0.0,false,14.8,245.84446958872425,false
1,75,02:30,88,05:45,13,1,,,0.0,false,14.8,246.3061951899772,false
1,75,02:30,89,06:00,14,1,,,0.0,false,14.8,246.7679207912295,false
1,75,02:30,90,06:15,15,1,,,0.0,false,14.8,247.22964639248244,false
1,75,02:30,91,06:30,16,1,,,0.0,false,14.8,247.69137199373537,false
1,75,02:30,92,06:45,17,1,,,0.0,false,14.8,248.15309759498828,false
1,75,02:30,93,07:00,18,1,,,0.0,false,14.8,248.61482319624122,false
1,75,02:30,94,07:15,19,1,,,0.0,false,14.8,249.07654879749415,false
1,75,02:30,95,07:30,20,1,,,0.0,false,14.8,249.53827439874706,false
1,75,02:30,96,07:45,21,1,,,0.0,false,14.8,250.0,false
1,76,02:45,76,02:45,0,1,,,0.0,false,14.8,240.76548797494215,false
1,76,02:45,77,03:00,1,1,,,0.0,false,14.8,241.22721357619506,false
1,76,02:45,78,03:15,2,1,,,0.0,false,14.8,241.688939177448,false
1,76,02:45,79,03:30,3,1,,,0.0,false,14.8,242.15066477870093,false
1,76,02:45,80,03:45,4,1,,,0.0,false,14.8,242.61239037995384,false
1,76,02:45,81,04:00,5,1,,,0.0,false,14.8,243.07411598120677,false
1,76,02:45,82,04:15,6,1,,,0.0,false,14.8,243.53584158245968,false
1,76,02:45,83,04:30,7,1,,,0.0,false,14.8,243.9975671837126,false
1,76,02:45,84,04:45,8,1,,,0.0,false,14.8,244.45929278496553,false
1,76,02:45,85,05:00,9,1,,,0.0,false,14.8,244.92101838621844,false
1,76,02:45,86,05:15,10,1,,,0.0,false,14.8,245.38274398747137,false
1,76,02:45,87,05:30,11,1,,,0.0,false,14.8,245.84446958872425,false
1,76,02:45,88,05:45,12,1,,,0.0,false,14.8,246.3061951899772,false
1,76,02:45,89,06:00,13,1,,,0.0,false,14.8,246.7679207912295,false
1,76,02:45,90,06:15,14,1,,,0.0,false,14.8,247.22964639248244,false
1,76,02:45,91,06:30,15,1,,,0.0,false,14.8,247.69137199373537,false
1,76,02:45,92,06:45,16,1,,,0.0,false,14.8,248.15309759498828,false
1,76,02:45,93,07:00,17,1,,,0.0,false,14.8,248.61482319624122,false
1,76,02:45,94,07:15,18,1,,,0.0,false,14.8,249.07654879749415,false
1,76,02:45,95,07:30,19,1,,,0.0,false,14.8,249.53827439874706,false
1,76,02:45,96,07:45,20,1,,,0.0,false,14.8,250.0,false
1,77,03:00,77,03:00,0,1,,,0.0,false,14.8,241.22721357619508,false
1,77,03:00,78,03:15,1,1,,,0.0,false,14.8,241.688939177448,false
1,77,03:00,79,03:30,2,1,,,0.0,false,14.8,242.15066477870093,false
1,77,03:00,80,03:45,3,1,,,0.0,false,14.8,242.6123903799538,false
1,77,03:00,81,04:00,4,1,,,0.0,false,14.8,243.07411598120675,false
1,77,03:00,82,04:15,5,1,,,0.0,false,14.8,243.53584158245968,false
1,77,03:00,83,04:30,6,1,,,0.0,false,14.8,243.9975671837126,false
1,77,03:00,84,04:45,7,1,,,0.0,false,14.8,244.45929278496553,false
1,77,03:00,85,05:00,8,1,,,0.0,false,14.8,244.92101838621844,false
1,77,03:00,86,05:15,9,1,,,0.0,false,14.8,245.38274398747137,false
1,77,03:00,87,05:30,10,1,,,0.0,false,14.8,245.84446958872428,false
1,77,03:00,88,05:45,11,1,,,0.0,false,14.8,246.30619518997722,false
1,77,03:00,89,06:00,12,1,,,0.0,false,14.8,246.7679207912295,false
1,77,03:00,90,06:15,13,1,,,0.0,false,14.8,247.22964639248244,false
1,77,03:00,91,06:30,14,1,,,0.0,false,14.8,247.69137199373537,false
1,77,03:00,92,06:45,15,1,,,0.0,false,14.8,248.15309759498828,false
1,77,03:00,93,07:00,16,1,,,0.0,false,14.8,248.61482319624122,false
1,77,03:00,94,07:15,17,1,,,0.0,false,14.8,249.07654879749415,false
1,77,03:00,95,07:30,18,1,,,0.0,false,14.8,249.53827439874706,false
1,77,03:00,96,07:45,19,1,,,0.0,false,14.8,250.0,false
1,78,03:15,78,03:15,0,1,,,0.0,false,14.8,241.68893917744802,false
1,78,03:15,79,03:30,1,1,,,0.0,false,14.8,242.15066477870093,false
1,78,03:15,80,03:45,2,1,,,0.0,false,14.8,242.61239037995387,false
1,78,03:15,81,04:00,3,1,,,0.0,false,14.8,243.0741159812068,false
1,78,03:15,82,04:15,4,1,,,0.0,false,14.8,243.5358415824597,false
1,78,03:15,83,04:30,5,1,,,0.0,false,14.8,243.99756718371262,false
1,78,03:15,84,04:45,6,1,,,0.0,false,14.8,244.45929278496556,false
1,78,03:15,85,05:00,7,1,,,0.0,false,14.8,244.92101838621846,false
1,78,03:15,86,05:15,8,1,,,0.0,false,14.8,245.3827439874714,false
1,78,03:15,87,05:30,9,1,,,0.0,false,14.8,245.84446958872428,false
1,78,03:15,88,05:45,10,1,,,0.0,false,14.8,246.30619518997722,false
1,78,03:15,89,06:00,11,1,,,0.0,false,14.8,246.7679207912295,false
1,78,03:15,90,06:15,12,1,,,0.0,false,14.8,247.22964639248244,false
1,78,03:15,91,06:30,13,1,,,0.0,false,14.8,247.69137199373537,false
1,78,03:15,92,06:45,14,1,,,0.0,false,14.8,248.15309759498828,false
1,78,03:15,93,07:00,15,1,,,0.0,false,14.8,248.61482319624122,false
1,78,03:15,94,07:15,16,1,,,0.0,false,14.8,249.07654879749415,false
1,78,03:15,95,07:30,17,1,,,0.0,false,14.8,249.53827439874706,false
1,78,03:15,96,07:45,18,1,,,0.0,false,14.8,250.0,false
1,79,03:30,79,03:30,0,1,,,0.0,false,14.8,242.15066477870096,false
1,79,03:30,80,03:45,1,1,,,0.0,false,14.8,242.61239037995384,false
1,79,03:30,81,04:00,2,1,,,0.0,false,14.8,243.07411598120677,false
1,79,03:30,82,04:15,3,1,,,0.0,false,14.8,243.5358415824597,false
1,79,03:30,83,04:30,4,1,,,0.0,false,14.8,243.99756718371262,false
1,79,03:30,84,04:45,5,1,,,0.0,false,14.8,244.45929278496556,false
1,79,03:30,85,05:00,6,1,,,0.0,false,14.8,244.92101838621846,false
1,79,03:30,86,05:15,7,1,,,0.0,false,14.8,245.3827439874714,false
1,79,03:30,87,05:30,8,1,,,0.0,false,14.8,245.8444695887243,false
1,79,03:30,88,05:45,9,1,,,0.0,false,14.8,246.30619518997725,false
1,79,03:30,89,06:00,10,1,,,0.0,false,14.8,246.7679207912295,false
1,79,03:30,90,06:15,11,1,,,0.0,false,14.8,247.22964639248244,false
1,79,03:30,91,06:30,12,1,,,0.0,false,14.8,247.69137199373537,false
1,79,03:30,92,06:45,13,1,,,0.0,false,14.8,248.15309759498828,false
1,79,03:30,93,07:00,14,1,,,0.0,false,14.8,248.61482319624122,false
1,79,03:30,94,07:15,15,1,,,0.0,false,14.8,249.07654879749415,false
1,79,03:30,95,07:30,16,1,,,0.0,false,14.8,249.53827439874706,false
1,79,03:30,96,07:45,17,1,,,0.0,false,14.8,250.0,false
1,80,03:45,80,03:45,0,1,,,0.0,false,14.8,242.6123903799539,false
1,80,03:45,81,04:00,1,1,,,0.0,false,14.8,243.0741159812068,false
1,80,03:45,82,04:15,2,1,,,0.0,false,14.8,243.53584158245974,false
1,80,03:45,83,04:30,3,1,,,0.0,false,14.8,243.99756718371265,false
1,80,03:45,84,04:45,4,1,,,0.0,false,14.8,244.45929278496558,false
1,80,03:45,85,05:00,5,1,,,0.0,false,14.8,244.9210183862185,false
1,80,03:45,86,05:15,6,1,,,0.0,false,14.8,245.38274398747143,false
1,80,03:45,87,05:30,7,1,,,0.0,false,14.8,245.8444695887243,false
1,80,03:45,88,05:45,8,1,,,0.0,false,14.8,246.30619518997725,false
1,80,03:45,89,06:00,9,1,,,0.0,false,14.8,246.7679207912295,false
1,80,03:45,90,06:15,10,1,,,0.0,false,14.8,247.22964639248244,false
1,80,03:45,91,06:30,11,1,,,0.0,false,14.8,247.69137199373537,false
1,80,03:45,92,06:45,12,1,,,0.0,false,14.8,248.15309759498828,false
1,80,03:45,93,07:00,13,1,,,0.0,false,14.8,248.61482319624122,false
1,80,03:45,94,07:15,14,1,,,0.0,false,14.8,249.07654879749415,false
1,80,03:45,95,07:30,15,1,,,0.0,false,14.8,249.53827439874706,false
1,80,03:45,96,07:45,16,1,,,0.0,false,14.8,250.0,false
1,81,04:00,81,04:00,0,1,,,0.0,false,14.8,243.07411598120683,false
1,81,04:00,82,04:15,1,1,,,0.0,false,14.8,243.53584158245974,false
1,81,04:00,83,04:30,2,1,,,0.0,false,14.8,243.99756718371265,false
1,81,04:00,84,04:45,3,1,,,0.0,false,14.8,244.45929278496558,false
1,81,04:00,85,05:00,4,1,,,0.0,false,14.8,244.9210183862185,false
1,81,04:00,86,05:15,5,1,,,0.0,false,14.8,245.38274398747143,false
1,81,04:00,87,05:30,6,1,,,0.0,false,14.8,245.84446958872434,false
1,81,04:00,88,05:45,7,1,,,0.0,false,14.8,246.30619518997727,false
1,81,04:00,89,06:00,8,1,,,0.0,false,14.8,246.7679207912295,false
1,81,04:00,90,06:15,9,1,,,0.0,false,14.8,247.22964639248244,false
1,81,04:00,91,06:30,10,1,,,0.0,false,14.8,247.69137199373537,false
1,81,04:00,92,06:45,11,1,,,0.0,false,14.8,248.15309759498828,false
1,81,04:00,93,07:00,12,1,,,0.0,false,14.8,248.61482319624122,false
1,81,04:00,94,07:15,13,1,,,0.0,false,14.8,249.07654879749415,false
1,81,04:00,95,07:30,14,1,,,0.0,false,14.8,249.53827439874706,false
1,81,04:00,96,07:45,15,1,,,0.0,false,14.8,250.0,false
1,82,04:15,82,04:15,0,1,,,0.0,false,14.8,243.53584158245977,false
1,82,04:15,83,04:30,1,1,,,0.0,false,14.8,243.99756718371268,false
1,82,04:15,84,04:45,2,1,,,0.0,false,14.8,244.4592927849656,false
1,82,04:15,85,05:00,3,1,,,0.0,false,14.8,244.92101838621852,false
1,82,04:15,86,05:15,4,1,,,0.0,false,14.8,245.38274398747146,false
1,82,04:15,87,05:30,5,1,,,0.0,false,14.8,245.84446958872437,false
1,82,04:15,88,05:45,6,1,,,0.0,false,14.8,246.3061951899773,false
1,82,04:15,89,06:00,7,1,,,0.0,false,14.8,246.76792079122953,false
1,82,04:15,90,06:15,8,1,,,0.0,false,14.8,247.22964639248246,false
1,82,04:15,91,06:30,9,1,,,0.0,false,14.8,247.6913719937354,false
1,82,04:15,92,06:45,10,1,,,0.0,false,14.8,248.1530975949883,false
1,82,04:15,93,07:00,11,1,,,0.0,false,14.8,248.61482319624125,false
1,82,04:15,94,07:15,12,1,,,0.0,false,14.8,249.07654879749415,false
1,82,04:15,95,07:30,13,1,,,0.0,false,14.8,249.53827439874706,false
1,82,04:15,96,07:45,14,1,,,0.0,false,14.8,250.0,false
1,83,04:30,83,04:30,0,1,,,0.0,false,14.8,243.9975671837127,false
1,83,04:30,84,04:45,1,1,,,0.0,false,14.8,244.4592927849656,false
1,83,04:30,85,05:00,2,1,,,0.0,false,14.8,244.92101838621855,false
1,83,04:30,86,05:15,3,1,,,0.0,false,14.8,245.38274398747149,false
1,83,04:30,87,05:30,4,1,,,0.0,false,14.8,245.84446958872437,false
1,83,04:30,88,05:45,5,1,,,0.0,false,14.8,246.3061951899773,false
1,83,04:30,89,06:00,6,1,,,0.0,false,14.8,246.76792079122953,false
1,83,04:30,90,06:15,7,1,,,0.0,false,14.8,247.22964639248246,false
1,83,04:30,91,06:30,8,1,,,0.0,false,14.8,247.69137199373537,false
1,83,04:30,92,06:45,9,1,,,0.0,false,14.8,248.15309759498828,false
1,83,04:30,93,07:00,10,1,,,0.0,false,14.8,248.61482319624122,false
1,83,04:30,94,07:15,11,1,,,0.0,false,14.8,249.07654879749415,false
1,83,04:30,95,07:30,12,1,,,0.0,false,14.8,249.53827439874706,false
1,83,04:30,96,07:45,13,1,,,0.0,false,14.8,250.0,false
1,84,04:45,84,04:45,0,1,,,0.0,false,14.8,244.45929278496564,false
1,84,04:45,85,05:00,1,1,,,0.0,false,14.8,244.92101838621855,false
1,84,04:45,86,05:15,2,1,,,0.0,false,14.8,245.38274398747149,false
1,84,04:45,87,05:30,3,1,,,0.0,false,14.8,245.84446958872437,false
1,84,04:45,88,05:45,4,1,,,0.0,false,14.8,246.3061951899773,false
1,84,04:45,89,06:00,5,1,,,0.0,false,14.8,246.7679207912295,false
1,84,04:45,90,06:15,6,1,,,0.0,false,14.8,247.22964639248244,false
1,84,04:45,91,06:30,7,1,,,0.0,false,14.8,247.69137199373537,false
1,84,04:45,92,06:45,8,1,,,0.0,false,14.8,248.15309759498828,false
1,84,04:45,93,07:00,9,1,,,0.0,false,14.8,248.61482319624122,false
1,84,04:45,94,07:15,10,1,,,0.0,false,14.8,249.07654879749415,false
1,84,04:45,95,07:30,11,1,,,0.0,false,14.8,249.53827439874706,false
1,84,04:45,96,07:45,12,1,,,0.0,false,14.8,250.0,false
1,85,05:00,85,05:00,0,1,,,0.0,false,14.8,244.92101838621858,false
1,85,05:00,86,05:15,1,1,,,0.0,false,14.8,245.38274398747149,false
1,85,05:00,87,05:30,2,1,,,0.0,false,14.8,245.84446958872442,false
1,85,05:00,88,05:45,3,1,,,0.0,false,14.8,246.30619518997736,false
1,85,05:00,89,06:00,4,1,,,0.0,false,14.8,246.76792079122953,false
1,85,05:00,90,06:15,5,1,,,0.0,false,14.8,247.22964639248246,false
1,85,05:00,91,06:30,6,1,,,0.0,false,14.8,247.69137199373537,false
1,85,05:00,92,06:45,7,1,,,0.0,false,14.8,248.15309759498828,false
1,85,05:00,93,07:00,8,1,,,0.0,false,14.8,248.61482319624122,false
1,85,05:00,94,07:15,9,1,,,0.0,false,14.8,249.07654879749415,false
1,85,05:00,95,07:30,10,1,,,0.0,false,14.8,249.53827439874706,false
1,85,05:00,96,07:45,11,1,,,0.0,false,14.8,250.0,false
1,86,05:15,86,05:15,0,1,,,0.0,false,14.8,245.3827439874715,false
1,86,05:15,87,05:30,1,1,,,0.0,false,14.8,245.84446958872442,false
1,86,05:15,88,05:45,2,1,,,0.0,false,14.8,246.30619518997736,false
1,86,05:15,89,06:00,3,1,,,0.0,false,14.8,246.7679207912295,false
1,86,05:15,90,06:15,4,1,,,0.0,false,14.8,247.22964639248244,false
1,86,05:15,91,06:30,5,1,,,0.0,false,14.8,247.69137199373537,false
1,86,05:15,92,06:45,6,1,,,0.0,false,14.8,248.15309759498828,false
1,86,05:15,93,07:00,7,1,,,0.0,false,14.8,248.61482319624122,false
1,86,05:15,94,07:15,8,1,,,0.0,false,14.8,249.07654879749415,false
1,86,05:15,95,07:30,9,1,,,0.0,false,14.8,249.53827439874706,false
1,86,05:15,96,07:45,10,1,,,0.0,false,14.8,250.0,false
1,87,05:30,87,05:30,0,1,,,0.0,false,14.8,245.84446958872445,false
1,87,05:30,88,05:45,1,1,,,0.0,false,14.8,246.30619518997736,false
1,87,05:30,89,06:00,2,1,,,0.0,false,14.8,246.76792079122953,false
1,87,05:30,90,06:15,3,1,,,0.0,false,14.8,247.22964639248246,false
1,87,05:30,91,06:30,4,1,,,0.0,false,14.8,247.69137199373537,false
1,87,05:30,92,06:45,5,1,,,0.0,false,14.8,248.15309759498828,false
1,87,05:30,93,07:00,6,1,,,0.0,false,14.8,248.61482319624122,false
1,87,05:30,94,07:15,7,1,,,0.0,false,14.8,249.07654879749415,false
1,87,05:30,95,07:30,8,1,,,0.0,false,14.8,249.53827439874706,false
1,87,05:30,96,07:45,9,1,,,0.0,false,14.8,250.0,false
1,88,05:45,88,05:45,0,1,,,0.0,false,14.8,246.3061951899774,false
1,88,05:45,89,06:00,1,1,,,0.0,false,14.8,246.7679207912295,false
1,88,05:45,90,06:15,2,1,,,0.0,false,14.8,247.22964639248244,false
1,88,05:45,91,06:30,3,1,,,0.0,false,14.8,247.69137199373537,false
1,88,05:45,92,06:45,4,1,,,0.0,false,14.8,248.15309759498828,false
1,88,05:45,93,07:00,5,1,,,0.0,false,14.8,248.61482319624122,false
1,88,05:45,94,07:15,6,1,,,0.0,false,14.8,249.07654879749415,false
1,88,05:45,95,07:30,7,1,,,0.0,false,14.8,249.53827439874706,false
1,88,05:45,96,07:45,8,1,,,0.0,false,14.8,250.0,false
1,89,06:00,89,06:00,0,1,,,0.0,false,14.8,246.76792079122953,false
1,89,06:00,90,06:15,1,1,,,0.0,false,14.8,247.22964639248246,false
1,89,06:00,91,06:30,2,1,,,0.0,false,14.8,247.69137199373537,false
1,89,06:00,92,06:45,3,1,,,0.0,false,14.8,248.15309759498828,false
1,89,06:00,93,07:00,4,1,,,0.0,false,14.8,248.61482319624122,false
1,89,06:00,94,07:15,5,1,,,0.0,false,14.8,249.07654879749415,false
1,89,06:00,95,07:30,6,1,,,0.0,false,14.8,249.53827439874706,false
1,89,06:00,96,07:45,7,1,,,0.0,false,14.8,250.0,false
1,90,06:15,90,06:15,0,1,,,0.0,false,14.8,247.22964639248246,false
1,90,06:15,91,06:30,1,1,,,0.0,false,14.8,247.69137199373537,false
1,90,06:15,92,06:45,2,1,,,0.0,false,14.8,248.15309759498828,false
1,90,06:15,93,07:00,3,1,,,0.0,false,14.8,248.61482319624122,false
1,90,06:15,94,07:15,4,1,,,0.0,false,14.8,249.07654879749415,false
1,90,06:15,95,07:30,5,1,,,0.0,false,14.8,249.53827439874706,false
1,90,06:15,96,07:45,6,1,,,0.0,false,14.8,250.0,false
1,91,06:30,91,06:30,0,1,,,0.0,false,14.8,247.69137199373534,false
1,91,06:30,92,06:45,1,1,,,0.0,false,14.8,248.15309759498828,false
1,91,06:30,93,07:00,2,1,,,0.0,false,14.8,248.61482319624122,false
1,91,06:30,94,07:15,3,1,,,0.0,false,14.8,249.07654879749413,false
1,91,06:30,95,07:30,4,1,,,0.0,false,14.8,249.53827439874706,false
1,91,06:30,96,07:45,5,1,,,0.0,false,14.8,250.0,false
1,92,06:45,92,06:45,0,1,,,0.0,false,14.8,248.15309759498828,false
1,92,06:45,93,07:00,1,1,,,0.0,false,14.8,248.61482319624122,false
1,92,06:45,94,07:15,2,1,,,0.0,false,14.8,249.07654879749413,false
1,92,06:45,95,07:30,3,1,,,0.0,false,14.8,249.53827439874706,false
1,92,06:45,96,07:45,4,1,,,0.0,false,14.8,250.0,false
1,93,07:00,93,07:00,0,1,,,0.0,false,14.8,248.61482319624122,false
1,93,07:00,94,07:15,1,1,,,0.0,false,14.8,249.07654879749413,false
1,93,07:00,95,07:30,2,1,,,0.0,false,14.8,249.53827439874706,false
1,93,07:00,96,07:45,3,1,,,0.0,false,14.8,250.0,false
1,94,07:15,94,07:15,0,1,,,0.0,false,14.8,249.07654879749413,false
1,94,07:15,95,07:30,1,1,,,0.0,false,14.8,249.53827439874706,false
1,94,07:15,96,07:45,2,1,,,0.0,false,14.8,250.0,false
1,95,07:30,95,07:30,0,1,,,0.0,false,14.8,249.53827439874706,false
1,95,07:30,96,07:45,1,1,,,0.0,false,14.8,250.0,false
1,96,07:45,96,07:45,0,1,,,0.0,false,14.8,250.0,false
